jid,site_idx,element,reduced_formula,frobenius_norm,vzz,eta,trace_residual,symmetry_residual
JVASP-32666,3,Xe,F3Xe,3001.8020533592817,-2450.919,0.010088868705983384,0.0,0.0
JVASP-32666,2,Xe,F3Xe,3001.8020533592817,-2450.919,0.010088868705983384,0.0,0.0
JVASP-12503,0,Xe,F4Xe,2995.452199717432,-2445.763,0.005824358288190594,2.2737367544323206e-13,0.0
JVASP-12503,1,Xe,F4Xe,2995.452199717432,-2445.763,0.005824358288190594,2.2737367544323206e-13,0.0
JVASP-32666,1,Xe,F3Xe,2952.36543555841,2410.537,0.012129662394727828,0.0,0.0
JVASP-32666,0,Xe,F3Xe,2952.36543555841,2410.537,0.012129662394727828,0.0,0.0
JVASP-1936,2,Xe,F2Xe,2936.824866370312,2397.908,8.340603559238747e-07,0.0009999999999763531,0.0
JVASP-85434,1,Mo,CuF6Mo,2738.98985140033,-2236.28,0.016060600640349122,0.0,0.0
JVASP-5821,15,I,I2O6S,2287.800911902082,-1860.49,0.15559126896677758,0.0,0.0
JVASP-5821,17,I,I2O6S,2287.800911902082,-1860.49,0.15559126896677758,0.0,0.0
JVASP-5821,16,I,I2O6S,2287.799470446219,-1860.489,0.15559081510291112,5.684341886080802e-14,0.0
JVASP-5821,14,I,I2O6S,2287.799470446219,-1860.489,0.15559081510291112,5.684341886080802e-14,0.0
JVASP-8665,0,I,Cl3I,2095.4404637641223,-1710.212,0.049821893426078116,0.0,0.0
JVASP-8665,1,I,Cl3I,2095.4404637641223,-1710.212,0.049821893426078116,0.0,0.0
JVASP-31822,24,Kr,F11Kr3Sb,2034.1145409268377,1660.796,0.013657306496402939,0.0,0.0
JVASP-31822,25,Kr,F11Kr3Sb,2034.1113949068767,1660.793,0.01365733116649698,0.0,0.0
JVASP-56758,3,I,C2IKN2,2020.3312540390498,1649.592,0.0026430778034811113,0.0009999999997489795,0.0
JVASP-31822,23,Kr,F11Kr3Sb,2013.234749450744,1643.727,0.016278250585407397,0.0,0.0
JVASP-31822,22,Kr,F11Kr3Sb,2013.2346591820835,1643.727,0.0162776422118758,0.0,0.0
JVASP-2029,2,I,BrI,1996.317629959972,1626.886,0.10698414025321998,0.0009999999999763531,0.0
JVASP-2029,3,I,BrI,1996.317629959972,1626.886,0.10698414025321998,0.0009999999999763531,0.0
JVASP-32247,15,I,AsF6I3,1940.1577563806504,1581.108,0.1071716796069592,0.0,0.0
JVASP-32247,14,I,AsF6I3,1940.1577563806504,1581.108,0.1071716796069592,0.0,0.0
JVASP-31822,27,Kr,F11Kr3Sb,1908.888099254118,1558.583,0.008399296027224733,0.0,0.0
JVASP-31822,26,Kr,F11Kr3Sb,1908.888099254118,1558.583,0.008399296027224733,0.0,0.0
JVASP-8698,0,Kr,F2Kr,1895.1057107615395,1547.347,0.0,0.0009999999999763531,0.0
JVASP-8698,1,Kr,F2Kr,1895.1057107615395,1547.347,0.0,0.0009999999999763531,0.0
JVASP-24447,0,Kr,F2Kr,1893.7130640635608,1546.131,0.017,0.0009999999999763531,0.0
JVASP-24447,1,Kr,F2Kr,1893.7130640635608,1546.131,0.017,0.0009999999999763531,0.0
JVASP-3651,7,Br,BrF3,1869.609294376769,-1525.293,0.06976167857585398,0.0,0.0
JVASP-3651,6,Br,BrF3,1869.609294376769,-1525.293,0.06976167857585398,0.0,0.0
JVASP-80766,5,Tl,InLi2Tl,1865.3200416126986,-1522.726,0.034468446719895754,0.0,0.0
JVASP-80766,4,Tl,InLi2Tl,1865.3200416126986,-1522.726,0.034468446719895754,0.0,0.0
JVASP-32238,4,Br,Br2F10Ge,1864.5546769649852,-1519.446,0.10809729335560457,1.1368683772161603e-13,0.0
JVASP-32238,5,Br,Br2F10Ge,1864.5546769649852,-1519.446,0.10809729335560457,1.1368683772161603e-13,0.0
JVASP-32238,2,Br,Br2F10Ge,1864.5546769649852,-1519.446,0.10809729335560457,1.1368683772161603e-13,0.0
JVASP-32238,3,Br,Br2F10Ge,1864.5546769649852,-1519.446,0.10809729335560457,1.1368683772161603e-13,0.0
JVASP-32247,17,I,AsF6I3,1861.0520331949344,1515.922,0.11977661119767376,0.0009999999999763531,0.0
JVASP-32247,16,I,AsF6I3,1861.0520331949344,1515.922,0.11977661119767376,0.0009999999999763531,0.0
JVASP-5758,2,I,CIN,1848.9192522930796,1509.636,1.32482267245396e-06,5.684341886080802e-14,0.0
JVASP-31901,2,I,Br2Cl6I3Sb,1843.9830444903769,1503.316,0.0956285970481256,0.0,0.0
JVASP-53161,2,Bi,BiF3Rb,1772.3992553417527,-1444.998,0.09473784738802403,0.0,0.0
JVASP-53161,3,Bi,BiF3Rb,1772.145229585036,-1444.789,0.09478131408807797,0.0010000000000331966,0.0
JVASP-33839,1,Te,Br2Te,1728.196658678925,-1410.835,0.0314345759780555,0.00100000000009004,0.0
JVASP-33839,0,Te,Br2Te,1728.196658678925,-1410.835,0.0314345759780555,0.00100000000009004,0.0
JVASP-31901,1,I,Br2Cl6I3Sb,1616.7275164640453,1169.343,0.9072692956643174,1.1368683772161603e-13,0.0
JVASP-31901,3,I,Br2Cl6I3Sb,1616.7275164640453,1169.343,0.9072692956643174,1.1368683772161603e-13,0.0
JVASP-80254,7,Bi,BiK2Rb,1607.9140999599451,1302.64,0.2173509181354787,1.1368683772161603e-13,0.0
JVASP-80254,6,Bi,BiK2Rb,1607.9140999599451,1302.64,0.2173509181354787,1.1368683772161603e-13,0.0
JVASP-32247,19,I,AsF6I3,1559.1050064168223,-1256.218,0.2840924107121534,1.1368683772161603e-13,0.0
JVASP-32247,18,I,AsF6I3,1559.1050064168223,-1256.218,0.2840924107121534,1.1368683772161603e-13,0.0
JVASP-81148,4,Tl,LiNaTl2,1549.5577053475613,-1251.964,0.25260630497362546,1.1368683772161603e-13,0.0
JVASP-81148,5,Tl,LiNaTl2,1549.5577053475613,-1251.964,0.25260630497362546,1.1368683772161603e-13,0.0
JVASP-81148,6,Tl,LiNaTl2,1549.5577053475613,-1251.964,0.25260630497362546,1.1368683772161603e-13,0.0
JVASP-81148,7,Tl,LiNaTl2,1549.5577053475613,-1251.964,0.25260630497362546,1.1368683772161603e-13,0.0
JVASP-8668,8,I,CI4,1522.5934587653396,1242.924,0.03601990145817442,0.0010000000000047748,0.0
JVASP-8668,2,I,CI4,1522.5934587653396,1242.924,0.03601990145817442,0.0010000000000047748,0.0
JVASP-8668,5,I,CI4,1522.5934587653396,1242.924,0.03601990145817442,0.0010000000000047748,0.0
JVASP-8668,6,I,CI4,1522.5934587653396,1242.924,0.03601990145817442,0.0010000000000047748,0.0
JVASP-8668,9,I,CI4,1522.5934587653396,1242.924,0.03601990145817442,0.0010000000000047748,0.0
JVASP-8668,7,I,CI4,1522.5934587653396,1242.924,0.03601990145817442,0.0010000000000047748,0.0
JVASP-8668,3,I,CI4,1522.5934587653396,1242.924,0.03601990145817442,0.0010000000000047748,0.0
JVASP-8668,4,I,CI4,1522.5934587653396,1242.924,0.03601990145817442,0.0010000000000047748,0.0
JVASP-32512,4,I,CF3I,1512.9165541450063,1234.531,0.06079636720341567,0.0,0.0
JVASP-32512,5,I,CF3I,1512.9165541450063,1234.531,0.06079636720341567,0.0,0.0
JVASP-32512,7,I,CF3I,1512.9165541450063,1234.531,0.06079636720341567,0.0,0.0
JVASP-32512,6,I,CF3I,1512.9165541450063,1234.531,0.06079555717920407,0.0,0.0
JVASP-4669,0,U,B2Fe3U,1499.5992576995363,1224.418,5.717001873500846e-06,0.0009999999999763531,0.0
JVASP-5374,10,Bi,BiI,1471.5361178696905,-1201.495,0.007045389285848074,0.0009999999999763531,0.0
JVASP-5374,11,Bi,BiI,1471.5361178696905,-1201.495,0.007045389285848074,0.0009999999999763531,0.0
JVASP-85041,2,Br,BrCl,1459.9322058369696,1190.433,0.08973121544849644,0.0,0.0
JVASP-85041,3,Br,BrCl,1459.9322058369696,1190.433,0.08973121544849644,0.0,0.0
JVASP-81992,0,Br,BrCl,1459.9322058369696,1190.433,0.08973121544849644,0.0,0.0
JVASP-81992,1,Br,BrCl,1459.9322058369696,1190.433,0.08973121544849644,0.0,0.0
JVASP-85041,1,Br,BrCl,1459.9322058369696,1190.433,0.08973121544849644,0.0,0.0
JVASP-85041,0,Br,BrCl,1459.9322058369696,1190.433,0.08973121544849644,0.0,0.0
JVASP-81992,2,Br,BrCl,1459.9322058369696,1190.433,0.08973121544849644,0.0,0.0
JVASP-81992,3,Br,BrCl,1459.9322058369696,1190.433,0.08973121544849644,0.0,0.0
JVASP-36187,1,Br,BrCl,1459.9080366071007,1190.412,0.08978572124608963,0.0,0.0
JVASP-36187,0,Br,BrCl,1459.9080366071007,1190.412,0.08978572124608963,0.0,0.0
JVASP-7652,1,Au,AuC2Rb,1437.51979789845,-1173.73,-0.0,0.0,0.0
JVASP-33802,0,Te,I2Te,1437.5189260242803,-1173.045,0.059,0.0,0.0
JVASP-33802,1,Te,I2Te,1437.5189260242803,-1173.045,0.059,0.0,0.0
JVASP-5653,6,I,AlI7Te,1428.3379978618507,1166.224,0.007034669154467808,0.0,0.0
JVASP-5653,7,I,AlI7Te,1428.3379978618507,1166.224,0.007034669154467808,0.0,0.0
JVASP-7654,1,Au,AuC2K,1426.6342654815214,-1164.842,-0.0,0.0,0.0
JVASP-32749,1,Bi,BiI,1426.4418585452406,-1164.641,0.014956540255752616,0.0,0.0
JVASP-32749,2,Bi,BiI,1426.4418585452406,-1164.641,0.014956540255752616,0.0,0.0
JVASP-78831,0,U,UV2,1424.7615359125891,-1163.206,0.023485092064518223,0.0,0.0
JVASP-78831,1,U,UV2,1424.7615359125891,-1163.206,0.023485092064518223,0.0,0.0
JVASP-12189,1,W,O2W,1423.566279578861,-1162.337,8.603356857575326e-07,0.0,0.0
JVASP-12189,0,W,O2W,1423.566279578861,-1162.337,8.603356857575326e-07,0.0,0.0
JVASP-30546,0,W,O2W,1414.1308450896615,-1154.633,8.66076060511308e-07,0.0,0.0
JVASP-30546,1,W,O2W,1414.1308450896615,-1154.633,8.66076060511308e-07,0.0,0.0
JVASP-5374,8,Bi,BiI,1403.9276242919361,-1146.267,0.013549199270327026,1.1368683772161603e-13,0.0
JVASP-5374,9,Bi,BiI,1403.9276242919361,-1146.267,0.013549199270327026,1.1368683772161603e-13,0.0
JVASP-33818,1,Br,BrCl,1396.2079286417193,1139.999,8.771937519036009e-07,0.0,0.0
JVASP-33818,0,Br,BrCl,1396.2079286417193,1139.999,8.771937519036009e-07,0.0,0.0
JVASP-84960,0,I,I,1393.583069017416,1110.846,0.38426748622221263,0.0,0.0
JVASP-84960,2,I,I,1393.583069017416,1110.846,0.38426748622221263,0.0,0.0
JVASP-84960,1,I,I,1393.583069017416,1110.846,0.38426748622221263,0.0,0.0
JVASP-84960,3,I,I,1393.583069017416,1110.846,0.38426748622221263,0.0,0.0
JVASP-894,3,I,I,1384.673028283934,1106.12,0.36626315408816407,0.0009999999999763531,0.0
JVASP-894,7,I,I,1384.673028283934,1106.12,0.36626315408816407,0.0009999999999763531,0.0
JVASP-894,0,I,I,1384.673028283934,1106.12,0.36626315408816407,0.0009999999999763531,0.0
JVASP-894,2,I,I,1384.673028283934,1106.12,0.36626315408816407,0.0009999999999763531,0.0
JVASP-894,5,I,I,1384.673028283934,1106.12,0.36626315408816407,0.0009999999999763531,0.0
JVASP-894,1,I,I,1384.673028283934,1106.12,0.36626315408816407,0.0009999999999763531,0.0
JVASP-894,6,I,I,1384.673028283934,1106.12,0.36626315408816407,0.0009999999999763531,0.0
JVASP-894,4,I,I,1384.673028283934,1106.12,0.36626315408816407,0.0009999999999763531,0.0
JVASP-16923,0,W,O2W,1384.566728638963,-1130.494,-0.0,0.0,0.0
JVASP-16923,1,W,O2W,1384.566728638963,-1130.494,-0.0,0.0,0.0
JVASP-7653,1,Au,AuC2Na,1376.522604323663,-1123.926,-0.0,0.0,0.0
JVASP-895,5,I,I,1368.0754115566876,1087.072,0.4094190633187131,0.0,0.0
JVASP-895,4,I,I,1368.0754115566876,1087.072,0.4094190633187131,0.0,0.0
JVASP-895,6,I,I,1368.0754115566876,1087.072,0.4094190633187131,0.0,0.0
JVASP-895,1,I,I,1368.0754115566876,1087.072,0.4094190633187131,0.0,0.0
JVASP-895,2,I,I,1368.0754115566876,1087.072,0.4094190633187131,0.0,0.0
JVASP-895,3,I,I,1368.0754115566876,1087.072,0.4094190633187131,0.0,0.0
JVASP-895,7,I,I,1368.0754115566876,1087.072,0.4094190633187131,0.0,0.0
JVASP-895,0,I,I,1368.0754115566876,1087.072,0.4094190633187131,0.0,0.0
JVASP-5683,13,I,GaI7Te,1356.7228398129073,1107.742,0.0097297024036283,0.0,0.0
JVASP-5683,12,I,GaI7Te,1356.7228398129073,1107.742,0.0097297024036283,0.0,0.0
JVASP-56953,3,I,Br4I2PdRb2,1355.3284126646206,1106.621,3.343511464170739e-05,1.4210854715202004e-14,0.0
JVASP-56953,4,I,Br4I2PdRb2,1355.3284126646206,1106.621,3.343511464170739e-05,1.4210854715202004e-14,0.0
JVASP-8693,1,Au,AuC2Li,1342.30568210747,-1095.988,1.8248374981776317e-06,0.0,0.0
JVASP-84861,6,I,I,1340.942313589962,1061.237,0.4395408377205091,0.0,0.0
JVASP-84861,1,I,I,1340.942313589962,1061.237,0.4395408377205091,0.0,0.0
JVASP-84861,7,I,I,1340.942313589962,1061.237,0.4395408377205091,0.0,0.0
JVASP-84861,5,I,I,1340.942313589962,1061.237,0.4395408377205091,0.0,0.0
JVASP-84861,4,I,I,1340.942313589962,1061.237,0.4395408377205091,0.0,0.0
JVASP-84861,3,I,I,1340.942313589962,1061.237,0.4395408377205091,0.0,0.0
JVASP-84861,0,I,I,1340.942313589962,1061.237,0.4395408377205091,0.0,0.0
JVASP-84861,2,I,I,1340.942313589962,1061.237,0.4395408377205091,0.0,0.0
JVASP-38655,2,Pt,C2K2Pt,1314.4162001440031,-1073.216,9.317788777748748e-07,0.0010000000002037268,0.0
JVASP-8058,2,Pt,C2Na2Pt,1292.0237814119369,-1054.933,9.479274986907729e-07,0.0,0.0
JVASP-896,0,I,I,1277.039074494982,1002.472,0.496,0.0009999999999763531,0.0
JVASP-896,2,I,I,1277.039074494982,1002.472,0.496,0.0009999999999763531,0.0
JVASP-896,1,I,I,1277.039074494982,1002.472,0.496,0.0009999999999763531,0.0
JVASP-896,6,I,I,1277.039074494982,1002.472,0.496,0.0009999999999763531,0.0
JVASP-896,7,I,I,1277.039074494982,1002.472,0.496,0.0009999999999763531,0.0
JVASP-896,5,I,I,1277.039074494982,1002.472,0.496,0.0009999999999763531,0.0
JVASP-896,4,I,I,1277.039074494982,1002.472,0.496,0.0009999999999763531,0.0
JVASP-896,3,I,I,1277.039074494982,1002.472,0.496,0.0009999999999763531,0.0
JVASP-5653,4,I,AlI7Te,1269.813196518291,1036.351,0.05086983078127004,0.0,0.0
JVASP-5653,16,I,AlI7Te,1269.813196518291,1036.351,0.05086983078127004,0.0,0.0
JVASP-341,0,W,O2W,1269.228829909721,-1036.321,0.0,0.0,0.0
JVASP-341,1,W,O2W,1269.228829909721,-1036.321,0.0,0.0,0.0
JVASP-5653,9,I,AlI7Te,1240.1013164826493,1012.425,0.025962416969158235,5.684341886080802e-14,0.0
JVASP-5653,5,I,AlI7Te,1240.1013164826493,1012.425,0.025962416969158235,5.684341886080802e-14,0.0
JVASP-56243,5,Bi,Ba2Bi3,1229.6818357502073,-983.098,0.3593293852698307,0.0,0.0
JVASP-56243,8,Bi,Ba2Bi3,1229.6818357502073,-983.098,0.3593293852698307,0.0,0.0
JVASP-32296,34,I,CF7I,1226.327733994873,-1001.27,0.011542341226642125,0.0009999999999763531,0.0
JVASP-32296,35,I,CF7I,1226.327733994873,-1001.27,0.011542341226642125,0.0009999999999763531,0.0
JVASP-32296,33,I,CF7I,1226.327733994873,-1001.27,0.011542341226642125,0.0009999999999763531,0.0
JVASP-32296,32,I,CF7I,1226.327733994873,-1001.27,0.011542341226642125,0.0009999999999763531,0.0
JVASP-2175,6,Te,Ga2Te5,1214.0347045492563,-991.256,-0.0,4.263256414560601e-14,0.0
JVASP-5683,17,I,GaI7Te,1208.787105312594,986.652,0.0440753173357982,1.4210854715202004e-14,0.0
JVASP-5683,16,I,GaI7Te,1208.787105312594,986.652,0.0440753173357982,1.4210854715202004e-14,0.0
JVASP-5683,15,I,GaI7Te,1197.7557771716235,977.863,0.024799997545668494,0.0,0.0
JVASP-5683,14,I,GaI7Te,1197.7557771716235,977.863,0.024799997545668494,0.0,0.0
JVASP-25295,0,I,I,1192.685143833862,898.609,0.723,1.1368683772161603e-13,0.0
JVASP-25295,1,I,I,1192.685143833862,898.609,0.723,1.1368683772161603e-13,0.0
JVASP-30508,1,Br,BrCuO2,1192.5509488093162,971.975,0.10364978523110163,0.0,0.0
JVASP-13814,4,Bi,BaBi2Zn,1192.0097752875183,-960.541,0.28292701717053204,0.0009999999999763531,0.0
JVASP-13814,6,Bi,BaBi2Zn,1192.009652108992,-960.541,0.28292597609055736,0.0009999999999763531,0.0
JVASP-18627,6,Bi,BaBi2Zn,1192.0012513894437,-960.535,0.28292045578766,0.0,0.0
JVASP-18627,4,Bi,BaBi2Zn,1192.0010532361118,-960.535,0.28292045578766,0.0,0.0
JVASP-81633,6,Bi,BiIn2Na,1189.7868991458092,-854.449,0.9369593738186832,0.0010000000000971454,0.0
JVASP-81633,7,Bi,BiIn2Na,1189.7868991458092,-854.449,0.9369593738186832,0.0010000000000971454,0.0
JVASP-2931,4,Te,Al2Te5,1175.6628944412594,-959.356,0.059642093237546816,0.0,0.0
JVASP-42416,4,W,Na4O4W,1171.8081320647166,956.777,0.0,0.0009999999999763531,0.0
JVASP-33799,0,Se,Br2Se,1156.4429489365223,-944.146,0.023,0.0009999999999763531,0.0
JVASP-33799,1,Se,Br2Se,1156.4429489365223,-944.146,0.023,0.0009999999999763531,0.0
JVASP-32399,3,Ta,NOTa,1155.074034957933,-943.114,4.0292053770817646e-05,0.0,0.0
JVASP-8770,3,I,CuI4,1153.4629368462604,930.855,0.26636909078213045,5.684341886080802e-14,0.0
JVASP-8770,4,I,CuI4,1153.4629253010257,930.855,0.26636909078213045,5.684341886080802e-14,0.0
JVASP-78873,1,Br,BrCuO2,1148.195197627999,937.497,1.0666700800463325e-06,1.1368683772161603e-13,0.0
JVASP-22691,6,Pt,H4Na2Pt,1138.1154006518848,929.267,1.0761169825606597e-06,0.0009999999999763531,0.0
JVASP-8770,1,I,CuI4,1130.7414819657056,881.735,0.5377046391489506,0.0,0.0
JVASP-8770,2,I,CuI4,1129.9151167640869,881.72,0.5333212357664565,2.842170943040401e-14,0.0
JVASP-81634,6,Ir,IrSi2Tc,1128.793396582386,-921.632,0.012486545606055326,5.684341886080802e-14,0.0
JVASP-81634,7,Ir,IrSi2Tc,1128.793396582386,-921.632,0.012486545606055326,5.684341886080802e-14,0.0
JVASP-4074,3,I,I2P,1126.3165223905755,919.591,0.016848794735920613,0.0,0.0
JVASP-4074,2,I,I2P,1126.3165223905755,919.591,0.016848794735920613,0.0,0.0
JVASP-5416,26,I,Ge2I2S3,1123.155550296129,917.053,1.0904495159781965e-06,0.0009999999999763531,0.0
JVASP-5416,25,I,Ge2I2S3,1123.155550296129,917.053,1.0904495159781965e-06,0.0009999999999763531,0.0
JVASP-30554,0,W,O3W,1121.606656282852,-915.788,0.0,0.0,0.0
JVASP-30554,1,W,O3W,1121.606656282852,-915.788,0.0,0.0,0.0
JVASP-5437,2,Br,BrCN,1120.9884456059303,915.269,0.009659455307674583,0.0,0.0
JVASP-5437,3,Br,BrCN,1120.9884456059303,915.269,0.009659455307674583,0.0,0.0
JVASP-4210,1,Te,ITe2,1119.8864586131042,-914.309,0.02213693619990617,0.0009999999999763531,0.0
JVASP-4210,0,Te,ITe2,1119.8864586131042,-914.309,0.02213693619990617,0.0009999999999763531,0.0
JVASP-4210,2,Te,ITe2,1119.8864586131042,-914.309,0.02213693619990617,0.0009999999999763531,0.0
JVASP-4210,3,Te,ITe2,1119.8864586131042,-914.309,0.02213693619990617,0.0009999999999763531,0.0
JVASP-4210,12,Te,ITe2,1119.1991553204462,-913.819,0.0047088099503293296,1.1368683772161603e-13,0.0
JVASP-4210,13,Te,ITe2,1119.1991553204462,-913.819,0.0047088099503293296,1.1368683772161603e-13,0.0
JVASP-4210,14,Te,ITe2,1119.1991553204462,-913.819,0.0047088099503293296,1.1368683772161603e-13,0.0
JVASP-4210,15,Te,ITe2,1119.1991553204462,-913.819,0.0047088099503293296,1.1368683772161603e-13,0.0
JVASP-84951,4,Br,Br,1118.1714445718958,903.02,0.2579953932360302,0.0,0.0
JVASP-84951,1,Br,Br,1118.1714445718958,903.02,0.2579953932360302,0.0,0.0
JVASP-84951,3,Br,Br,1118.1714445718958,903.02,0.2579953932360302,0.0,0.0
JVASP-84951,2,Br,Br,1118.1714445718958,903.02,0.2579953932360302,0.0,0.0
JVASP-84951,6,Br,Br,1118.1714445718958,903.02,0.2579953932360302,0.0,0.0
JVASP-84951,5,Br,Br,1118.1714445718958,903.02,0.2579953932360302,0.0,0.0
JVASP-84951,7,Br,Br,1118.1714445718958,903.02,0.2579953932360302,0.0,0.0
JVASP-84951,0,Br,Br,1118.1714445718958,903.02,0.2579953932360302,0.0,0.0
JVASP-839,2,Br,Br,1116.1661331361026,902.738,0.23975727176655903,0.0,0.0
JVASP-839,1,Br,Br,1116.1661331361026,902.738,0.23975727176655903,0.0,0.0
JVASP-839,0,Br,Br,1116.1661331361026,902.738,0.23975727176655903,0.0,0.0
JVASP-839,3,Br,Br,1116.1661331361026,902.738,0.23975727176655903,0.0,0.0
JVASP-839,6,Br,Br,1116.1661331361026,902.738,0.23975727176655903,0.0,0.0
JVASP-839,5,Br,Br,1116.1661331361026,902.738,0.23975727176655903,0.0,0.0
JVASP-839,4,Br,Br,1116.1661331361026,902.738,0.23975727176655903,0.0,0.0
JVASP-839,7,Br,Br,1116.1661331361026,902.738,0.23975727176655903,0.0,0.0
JVASP-4074,5,I,I2P,1104.7998464753696,901.973,0.024715817435776912,0.0,0.0
JVASP-4074,4,I,I2P,1104.7998464753696,901.973,0.024715817435776912,0.0,0.0
JVASP-840,4,Br,Br,1101.750847613924,888.56,0.2735774736652562,0.0,0.0
JVASP-840,5,Br,Br,1101.750847613924,888.56,0.2735774736652562,0.0,0.0
JVASP-840,3,Br,Br,1101.750847613924,888.56,0.2735774736652562,0.0,0.0
JVASP-840,2,Br,Br,1101.750847613924,888.56,0.2735774736652562,0.0,0.0
JVASP-840,1,Br,Br,1101.750847613924,888.56,0.2735774736652562,0.0,0.0
JVASP-840,0,Br,Br,1101.750847613924,888.56,0.2735774736652562,0.0,0.0
JVASP-840,7,Br,Br,1101.750847613924,888.56,0.2735774736652562,0.0,0.0
JVASP-840,6,Br,Br,1101.750847613924,888.56,0.2735774736652562,0.0,0.0
JVASP-36905,2,Se,Br3RbSe,1099.3142411394479,-896.929,0.066286183187298,0.0,0.0
JVASP-36905,3,Se,Br3RbSe,1099.3142411394479,-896.929,0.066286183187298,0.0,0.0
JVASP-8682,0,Au,AuCN,1092.9096592006129,-892.357,1.1206277308032023e-06,0.0,0.0
JVASP-84852,5,Br,Br,1081.2564729933413,869.833,0.30067495714694653,0.0,0.0
JVASP-84852,2,Br,Br,1081.2564729933413,869.833,0.30067495714694653,0.0,0.0
JVASP-84852,0,Br,Br,1081.2564729933413,869.833,0.30067495714694653,0.0,0.0
JVASP-84852,4,Br,Br,1081.2564729933413,869.833,0.30067495714694653,0.0,0.0
JVASP-84852,6,Br,Br,1081.2564729933413,869.833,0.30067495714694653,0.0,0.0
JVASP-84852,3,Br,Br,1081.2564729933413,869.833,0.30067495714694653,0.0,0.0
JVASP-84852,7,Br,Br,1081.2564729933413,869.833,0.30067495714694653,0.0,0.0
JVASP-84852,1,Br,Br,1081.2564729933413,869.833,0.30067495714694653,0.0,0.0
JVASP-31900,15,I,I6NbTe4,1075.7587043654353,878.184,0.033939356672405795,4.263256414560601e-14,0.0
JVASP-31900,14,I,I6NbTe4,1075.7587043654353,878.184,0.033939356672405795,4.263256414560601e-14,0.0
JVASP-4149,2,Te,Rb2Te5,1075.0137568533717,-877.567,0.034878248612356666,0.0,0.0
JVASP-32828,2,I,I4Sn,1074.4319333256992,877.271,0.0,0.0,0.0
JVASP-32828,1,I,I4Sn,1074.4319333256992,877.271,0.0,0.0,0.0
JVASP-32828,3,I,I4Sn,1074.4319333256992,877.271,0.0,0.0,0.0
JVASP-32828,4,I,I4Sn,1074.4319333256992,877.271,0.0,0.0,0.0
JVASP-3816,5,I,I3P,1069.8132019268596,871.941,0.10359072460177923,0.0010000000000331966,0.0
JVASP-3816,7,I,I3P,1069.8132019268596,871.941,0.10359187146836765,0.0010000000000331966,0.0
JVASP-3816,2,I,I3P,1069.8129536774175,871.941,0.10359072460177923,0.0,0.0
JVASP-3816,3,I,I3P,1069.8129536774175,871.941,0.10359072460177923,0.0,0.0
JVASP-3816,6,I,I3P,1069.8124125770835,871.941,0.10359072460177923,0.0,0.0
JVASP-3816,4,I,I3P,1069.8124125770835,871.941,0.10359072460177923,0.0,0.0
JVASP-5416,27,I,Ge2I2S3,1067.617053836721,871.603,0.026547636940212407,0.0009999999999763531,0.0
JVASP-5416,23,I,Ge2I2S3,1067.617053836721,871.603,0.026547636940212407,0.0009999999999763531,0.0
JVASP-5416,21,I,Ge2I2S3,1067.6159205374377,871.602,0.026548814711301702,0.0009999999999763531,0.0
JVASP-5416,24,I,Ge2I2S3,1067.6159205374377,871.602,0.026548814711301702,0.0009999999999763531,0.0
JVASP-5416,20,I,Ge2I2S3,1067.6153962448277,871.602,0.026548814711301702,0.0010000000000331966,0.0
JVASP-5416,22,I,Ge2I2S3,1067.6153962448277,871.602,0.026548814711301702,0.0010000000000331966,0.0
JVASP-31900,20,I,I6NbTe4,1063.7435576190344,868.28,0.04264292624499011,0.0,0.0
JVASP-31900,13,I,I6NbTe4,1063.7435576190344,868.28,0.04264292624499011,0.0,0.0
JVASP-4186,7,Te,BrTe2,1062.8340123415321,-867.758,0.01711998045538041,1.1368683772161603e-13,0.0
JVASP-4186,5,Te,BrTe2,1062.8340123415321,-867.758,0.01711998045538041,1.1368683772161603e-13,0.0
JVASP-4186,6,Te,BrTe2,1062.8340123415321,-867.758,0.01711998045538041,1.1368683772161603e-13,0.0
JVASP-4186,4,Te,BrTe2,1062.8340123415321,-867.758,0.01711998045538041,1.1368683772161603e-13,0.0
JVASP-5656,6,Br,AlBr7Se,1060.0662983436462,865.526,0.010234239063875614,2.1316282072803006e-14,0.0
JVASP-5656,7,Br,AlBr7Se,1060.0662983436462,865.526,0.010234239063875614,2.1316282072803006e-14,0.0
JVASP-18519,4,Bi,Bi2MnSr,1059.2493417453702,-846.76,0.3601634465491993,0.0,0.0
JVASP-18519,5,Bi,Bi2MnSr,1059.2484935519144,-846.76,0.3601634465491993,0.0,0.0
JVASP-79710,7,Bi,BiHgNa2,1055.9957002308297,840.837,0.3930666704723984,5.684341886080802e-14,0.0
JVASP-79710,6,Bi,BiHgNa2,1055.9957002308297,840.837,0.3930666704723984,5.684341886080802e-14,0.0
JVASP-81217,6,Bi,BiHg2Sr,1052.5904548151668,-849.342,0.26783321677251337,1.1368683772161603e-13,0.0
JVASP-81217,7,Bi,BiHg2Sr,1052.5904548151668,-849.342,0.26783321677251337,1.1368683772161603e-13,0.0
JVASP-4186,15,Te,BrTe2,1049.5282283793038,-856.902,0.015587546767308311,0.0009999999999763531,0.0
JVASP-4186,12,Te,BrTe2,1049.5282283793038,-856.902,0.015587546767308311,0.0009999999999763531,0.0
JVASP-4186,14,Te,BrTe2,1049.5282283793038,-856.902,0.015587546767308311,0.0009999999999763531,0.0
JVASP-4186,13,Te,BrTe2,1049.5282283793038,-856.902,0.015587546767308311,0.0009999999999763531,0.0
JVASP-31900,16,I,I6NbTe4,1046.8789895140699,854.362,0.05370089025495047,0.0,0.0
JVASP-31900,19,I,I6NbTe4,1046.8789895140699,854.362,0.05370089025495047,0.0,0.0
JVASP-31900,7,Te,I6NbTe4,1044.1122708071198,-851.53,0.08330299578405928,0.0,0.0
JVASP-31900,5,Te,I6NbTe4,1044.1122708071198,-851.53,0.08330299578405928,0.0,0.0
JVASP-65626,1,Sb,BaBr2Sb,1040.6587574714395,747.969,0.9335427002990765,0.0,0.0
JVASP-39584,0,U,GaU,1039.1372356565805,-848.452,1.4143404694668002e-05,0.0,0.0
JVASP-15891,0,U,B2Os3U,1035.5903744898367,845.556,0.0,0.0,0.0
JVASP-85552,0,U,F2O2U,1032.707156728857,791.584,0.6356166875530582,0.0009999999999941167,0.0
JVASP-85552,1,U,F2O2U,1032.707156728857,791.584,0.6356166875530582,0.0009999999999941167,0.0
JVASP-841,3,Br,Br,1028.7345938394412,822.965,0.354,0.0,0.0
JVASP-841,5,Br,Br,1028.7345938394412,822.965,0.354,0.0,0.0
JVASP-841,2,Br,Br,1028.7345938394412,822.965,0.354,0.0,0.0
JVASP-841,1,Br,Br,1028.7345938394412,822.965,0.354,0.0,0.0
JVASP-841,4,Br,Br,1028.7345938394412,822.965,0.354,0.0,0.0
JVASP-841,6,Br,Br,1028.7345938394412,822.965,0.354,0.0,0.0
JVASP-841,0,Br,Br,1028.7345938394412,822.965,0.354,0.0,0.0
JVASP-841,7,Br,Br,1028.7345938394412,822.965,0.354,0.0,0.0
JVASP-31900,2,Te,I6NbTe4,1023.1369136982596,-834.657,0.07250523268839774,2.842170943040401e-14,0.0
JVASP-31900,8,Te,I6NbTe4,1023.1369136982596,-834.657,0.07250523268839774,2.842170943040401e-14,0.0
JVASP-81731,7,Pb,Hg2PbSr,1017.4767242556461,-829.449,0.09765398475373407,5.684341886080802e-14,0.0
JVASP-81731,6,Pb,Hg2PbSr,1017.4767242556461,-829.449,0.09765398475373407,5.684341886080802e-14,0.0
JVASP-14242,12,I,AuI3K,1014.4640531206613,827.202,0.08955370030536677,0.0,0.0
JVASP-14242,13,I,AuI3K,1014.4640531206613,827.202,0.08955370030536677,0.0,0.0
JVASP-14242,15,I,AuI3K,1014.4640531206613,827.202,0.08955370030536677,0.0,0.0
JVASP-14242,14,I,AuI3K,1014.4640531206613,827.202,0.08955370030536677,0.0,0.0
JVASP-31901,4,Br,Br2Cl6I3Sb,1011.0074321620984,824.978,0.0606998004795279,0.0010000000000331966,0.0
JVASP-31901,5,Br,Br2Cl6I3Sb,1011.0074321620984,824.978,0.0606998004795279,0.0010000000000331966,0.0
JVASP-13890,0,Np,NpSi,1009.1031956871408,719.117,0.9686281926306847,1.1368683772161603e-13,0.0
JVASP-13890,2,Np,NpSi,1009.1031956871408,719.117,0.9686281926306847,1.1368683772161603e-13,0.0
JVASP-13890,1,Np,NpSi,1009.1031956871408,719.117,0.9686281926306847,1.1368683772161603e-13,0.0
JVASP-13890,3,Np,NpSi,1009.1031956871408,719.117,0.9686281926306847,1.1368683772161603e-13,0.0
JVASP-17826,0,Np,NpSi,1008.9756089653505,719.466,0.9661373852273769,0.0009999999999763531,0.0
JVASP-17826,3,Np,NpSi,1008.9756089653505,719.466,0.9661373852273769,0.0009999999999763531,0.0
JVASP-17826,2,Np,NpSi,1008.9756089653505,719.466,0.9661373852273769,0.0009999999999763531,0.0
JVASP-17826,1,Np,NpSi,1008.9756089653505,719.466,0.9661373852273769,0.0009999999999763531,0.0
JVASP-2166,4,Te,KTe,1008.8080618754988,823.688,1.214051922612927e-06,0.00100000000009004,0.0
JVASP-2166,5,Te,KTe,1008.8080618754988,823.688,1.214051922612927e-06,0.00100000000009004,0.0
JVASP-2166,6,Te,KTe,1008.8080618754988,823.688,1.214051922612927e-06,0.00100000000009004,0.0
JVASP-2166,7,Te,KTe,1008.8080618754988,823.688,1.214051922612927e-06,0.00100000000009004,0.0
JVASP-5257,16,Br,Br7GaSe,1002.3517304220111,818.41,0.00726530711990319,0.0,0.0
JVASP-5257,17,Br,Br7GaSe,1002.3517304220111,818.41,0.00726530711990319,0.0,0.0
JVASP-85112,2,Sb,CuPd2Sb,1001.55235486918,-817.764,0.0007337080135589519,0.0,0.0
JVASP-85112,3,Sb,CuPd2Sb,1001.55235486918,-817.764,0.0007337080135589519,0.0,0.0
JVASP-63844,2,U,B2U,997.9637733735628,-814.834,0.00025526671690188045,1.1368683772161603e-13,0.0
JVASP-82110,2,Sb,CuPd2Sb,991.2452569611619,-809.348,0.0016408269372384086,5.684341886080802e-14,0.0
JVASP-82110,3,Sb,CuPd2Sb,991.2452569611619,-809.348,0.0016408269372384086,5.684341886080802e-14,0.0
JVASP-76831,2,Tl,InNaTl2,988.5882615528064,-807.179,0.0006950131259608819,1.4210854715202004e-14,0.0
JVASP-76831,1,Tl,InNaTl2,988.5882615528064,-807.179,0.0006950131259608819,1.4210854715202004e-14,0.0
JVASP-19735,0,U,B2U,984.6826291541859,-803.99,4.9751862585593096e-06,0.0,0.0
JVASP-15169,0,Th,B2Ru3Th,983.8073448246868,803.275,7.469422053504279e-06,0.00100000000009004,0.0
JVASP-8170,4,Te,RbTe,980.1126389614614,799.066,0.09468554537422444,0.0,0.0
JVASP-8170,5,Te,RbTe,980.1126389614614,799.066,0.09468554537422444,0.0,0.0
JVASP-8170,7,Te,RbTe,980.1126389614614,799.066,0.09468554537422444,0.0,0.0
JVASP-8170,6,Te,RbTe,980.1126389614614,799.066,0.09468554537422444,0.0,0.0
JVASP-5518,28,I,IP3Se4,977.5859390268458,797.891,0.04788498679644212,0.0009999999999763531,0.0
JVASP-5518,31,I,IP3Se4,977.5859390268458,797.891,0.04788498679644212,0.0009999999999763531,0.0
JVASP-5518,30,I,IP3Se4,977.5859390268458,797.891,0.04788498679644212,0.0009999999999763531,0.0
JVASP-5518,29,I,IP3Se4,977.5859390268458,797.891,0.04788498679644212,0.0009999999999763531,0.0
JVASP-14719,5,Pb,PbRh,976.1269697272994,797.004,1.2546988471530294e-06,0.0009999999999763531,0.0
JVASP-31900,17,I,I6NbTe4,973.0643276546521,792.887,0.11066015712201115,0.0,0.0
JVASP-31900,11,I,I6NbTe4,973.0643276546521,792.887,0.11066015712201115,0.0,0.0
JVASP-79543,1,Bi,BiS,971.7819708267899,-793.454,0.00457241377571981,0.0,0.0
JVASP-79543,2,Bi,BiS,971.7819708267899,-793.454,0.00457241377571981,0.0,0.0
JVASP-79543,0,Bi,BiS,971.7819708267899,-793.454,0.00457241377571981,0.0,0.0
JVASP-79543,3,Bi,BiS,971.7819708267899,-793.454,0.00457241377571981,0.0,0.0
JVASP-8669,0,Np,F2NpO2,965.1706625281355,788.059,2.7916691516813086e-05,0.00100000000009004,0.0
JVASP-33798,0,Se,I2Se,962.6856677316849,-785.814,0.041,0.0,0.0
JVASP-33798,1,Se,I2Se,962.6856677316849,-785.814,0.041,0.0,0.0
JVASP-5656,4,Br,AlBr7Se,961.6143082930911,784.946,0.03985114899623662,0.0,0.0
JVASP-5656,16,Br,AlBr7Se,961.6143082930911,784.946,0.03985114899623662,0.0,0.0
JVASP-32241,16,Cl,ClF8Sb,959.861323536895,-778.276,0.20528578550539914,0.0,0.0
JVASP-32241,17,Cl,ClF8Sb,959.861323536895,-778.276,0.20528578550539914,0.0,0.0
JVASP-25261,0,I,I,957.59734543074,-781.875,0.000581934452438102,0.0,0.0
JVASP-37313,1,Hg,HgO2Sr,955.7733429642198,-780.386,6.407085724238329e-06,0.0009999999999763531,0.0
JVASP-1456,3,Hg,BaHgO2,953.5988840817715,-778.611,2.568676784696787e-06,0.0,0.0
JVASP-1525,3,Hg,CaHgO2,950.8532692702908,-776.369,7.728283844445938e-06,0.0,0.0
JVASP-3999,6,Hg,HgNa4P2,950.773333011607,-776.303,3.864470445229178e-06,0.0,0.0
JVASP-39325,7,Bi,Bi3Pm,950.0296977589701,775.696,0.0,0.0,0.0
JVASP-39325,4,Bi,Bi3Pm,950.0296977589701,775.696,0.0,0.0,0.0
JVASP-32273,17,Cl,BiClF8,949.7897109650115,-771.321,0.18054610207682664,0.0010000000000331966,0.0
JVASP-32273,16,Cl,BiClF8,949.7897109650115,-771.321,0.18054610207682664,0.0010000000000331966,0.0
JVASP-14242,19,I,AuI3K,941.8065580563772,768.581,0.055909526777268764,0.0,0.0
JVASP-14242,17,I,AuI3K,941.8065580563772,768.581,0.055909526777268764,0.0,0.0
JVASP-14242,18,I,AuI3K,941.8065580563772,768.581,0.055909526777268764,0.0,0.0
JVASP-14242,16,I,AuI3K,941.8065580563772,768.581,0.055909526777268764,0.0,0.0
JVASP-2409,4,Hg,HgO2Rb2,940.1080470281062,-767.595,1.3027703410996074e-06,0.0009999999999763531,0.0
JVASP-4080,5,Br,Br6PdSe2,939.1796899241381,766.284,0.0658111091971123,0.0,0.0
JVASP-4080,8,Br,Br6PdSe2,939.1796899241381,766.284,0.0658111091971123,0.0,0.0
JVASP-1639,3,Hg,CdHgO2,935.4236732240638,-763.77,0.0006101313222567111,0.0,0.0
JVASP-5257,4,Br,Br7GaSe,935.2768623215267,763.495,0.034979927831878393,0.0,0.0
JVASP-5257,5,Br,Br7GaSe,935.2768623215267,763.495,0.034979927831878393,0.0,0.0
JVASP-2475,4,Hg,HgK2O2,935.181412459636,-763.572,1.309634192946249e-06,1.1368683772161603e-13,0.0
JVASP-69312,3,Bi,BaBi2Hf,933.8984046704438,-748.933,0.331478249723273,0.0,0.0
JVASP-69312,2,Bi,BaBi2Hf,933.8984046704438,-748.933,0.331478249723273,0.0,0.0
JVASP-5656,5,Br,AlBr7Se,932.1523229526385,761.04,0.02164932198044781,0.0,0.0
JVASP-5656,9,Br,AlBr7Se,932.1523229526385,761.04,0.02164932198044781,0.0,0.0
JVASP-39075,3,Bi,Bi3Sm,931.9108221316029,760.902,0.0,0.0,0.0
JVASP-76783,7,Bi,BiHg2K,929.5774148084708,-758.637,0.053349625710319974,5.684341886080802e-14,0.0
JVASP-76783,6,Bi,BiHg2K,929.5774148084708,-758.637,0.053349625710319974,5.684341886080802e-14,0.0
JVASP-15683,3,Hg,Ba2CuHgO4,923.6544087054422,-754.161,-0.0,0.0009999999999763531,0.0
JVASP-2859,6,Hg,HgK4P2,917.2532167166272,-748.934,5.340924567477374e-06,0.0009999999998626663,0.0
JVASP-7987,0,Te,BaTe2,916.0604054558848,747.449,0.06404584125472111,0.0,0.0
JVASP-7987,2,Te,BaTe2,916.0604054558848,747.449,0.06404584125472111,0.0,0.0
JVASP-7987,3,Te,BaTe2,916.0598890105384,747.449,0.06404584125472111,0.0,0.0
JVASP-7987,1,Te,BaTe2,916.0598890105384,747.449,0.06404584125472111,0.0,0.0
JVASP-5257,15,Br,Br7GaSe,911.2419927593328,743.988,0.017310763076823846,0.0,0.0
JVASP-5257,14,Br,Br7GaSe,911.2419927593328,743.988,0.017310763076823846,0.0,0.0
JVASP-39246,2,Bi,BiNd2O2,909.565760201537,-742.657,-0.0,0.0009999999999763531,0.0
JVASP-2394,4,Hg,HgNa2O2,909.3044394150949,-742.444,2.6938058628119423e-06,0.0,0.0
JVASP-56243,7,Bi,Ba2Bi3,907.3480790804597,-664.235,0.8555315513334889,0.0009999999999763531,0.0
JVASP-56243,9,Bi,Ba2Bi3,907.3480790804597,-664.235,0.8555315513334889,0.0009999999999763531,0.0
JVASP-56243,6,Bi,Ba2Bi3,907.3480790804597,-664.235,0.8555315513334889,0.0009999999999763531,0.0
JVASP-56243,4,Bi,Ba2Bi3,907.3480790804597,-664.235,0.8555315513334889,0.0009999999999763531,0.0
JVASP-4080,7,Br,Br6PdSe2,904.0876756769775,737.494,0.07494027070050735,0.0009999999999763531,0.0
JVASP-4080,6,Br,Br6PdSe2,904.0876756769775,737.494,0.07494027070050735,0.0009999999999763531,0.0
JVASP-4249,11,I,GaI3,902.097379762296,736.479,0.025653141501658528,0.0,0.0
JVASP-4249,8,I,GaI3,902.097379762296,736.479,0.025653141501658528,0.0,0.0
JVASP-4249,10,I,GaI3,902.097379762296,736.479,0.025653141501658528,0.0,0.0
JVASP-4249,9,I,GaI3,902.097379762296,736.479,0.025653141501658528,0.0,0.0
JVASP-34413,5,Ta,O5Ta2,900.5714614765449,-651.071,0.909158908936199,0.0,0.0
JVASP-57517,3,Bi,Bi2Ni3S2,900.0888995093762,734.92,0.0,0.0,0.0
JVASP-22656,3,I,BrHgI,900.0076179666481,734.477,0.055375457638564544,0.0,0.0
JVASP-22656,2,I,BrHgI,900.0076179666481,734.477,0.055375457638564544,0.0,0.0
JVASP-13048,5,Te,Te3Tl2,899.3073645667537,734.149,0.032899316078888644,2.842170943040401e-14,0.0
JVASP-13048,4,Te,Te3Tl2,899.3073645667537,734.149,0.032899316078888644,2.842170943040401e-14,0.0
JVASP-4249,6,I,GaI3,896.391904806709,731.892,0.008155574866237086,0.0009999999999763531,0.0
JVASP-4249,4,I,GaI3,896.391904806709,731.892,0.008155574866237086,0.0009999999999763531,0.0
JVASP-4249,5,I,GaI3,896.391904806709,731.892,0.008155574866237086,0.0009999999999763531,0.0
JVASP-4249,7,I,GaI3,896.391904806709,731.892,0.008155574866237086,0.0009999999999763531,0.0
JVASP-32341,7,Se,ClSe,892.7127602907892,-689.376,0.5948364898110756,0.0,0.0
JVASP-32341,5,Se,ClSe,892.7127602907892,-689.376,0.5948364898110756,0.0,0.0
JVASP-32341,6,Se,ClSe,892.7127602907892,-689.376,0.5948364898110756,0.0,0.0
JVASP-32341,4,Se,ClSe,892.7127602907892,-689.376,0.5948364898110756,0.0,0.0
JVASP-16904,5,Tl,CSc2Tl,891.5420064595947,-727.941,1.5111114774444772e-05,0.0,0.0
JVASP-16904,4,Tl,CSc2Tl,891.5420064595947,-727.941,1.5111114774444772e-05,0.0,0.0
JVASP-8579,0,I,HgI2,891.4222092701078,727.412,0.05967182284592501,2.842170943040401e-14,0.0
JVASP-8579,1,I,HgI2,891.4222092701078,727.412,0.05967182284592501,2.842170943040401e-14,0.0
JVASP-32735,4,I,I3In,891.071504441703,727.546,0.009387722563246837,1.4210854715202004e-14,0.0
JVASP-32735,8,I,I3In,891.071504441703,727.546,0.009387722563246837,1.4210854715202004e-14,0.0
JVASP-32735,7,I,I3In,891.071504441703,727.546,0.009387722563246837,1.4210854715202004e-14,0.0
JVASP-32735,13,I,I3In,891.071504441703,727.546,0.009387722563246837,1.4210854715202004e-14,0.0
JVASP-35272,2,Bi,Bi2Yb,889.9338089588462,-689.2,0.578520023215322,8.526512829121202e-14,0.0
JVASP-35272,3,Bi,Bi2Yb,889.9338089588462,-689.2,0.578520023215322,8.526512829121202e-14,0.0
JVASP-32735,12,I,I3In,889.3344807680628,726.08,0.02209673865138833,0.0010000000000047748,0.0
JVASP-32735,6,I,I3In,889.3344807680628,726.08,0.02209673865138833,0.0010000000000047748,0.0
JVASP-32735,10,I,I3In,889.3344807680628,726.08,0.02209673865138833,0.0010000000000047748,0.0
JVASP-32735,14,I,I3In,889.3344807680628,726.08,0.02209673865138833,0.0010000000000047748,0.0
JVASP-82056,6,Au,Al2AuLi,887.4567145337287,-724.605,0.0005741058921757327,0.0010000000000331966,0.0
JVASP-82056,7,Au,Al2AuLi,887.4567145337287,-724.605,0.0005741058921757327,0.0010000000000331966,0.0
JVASP-78827,0,Hg,BrHgN,887.2718104380417,-723.167,0.1033965875102155,0.0,0.0
JVASP-69218,2,Bi,BaBi2Zr,887.2230433515576,-700.453,0.4569057452819819,5.684341886080802e-14,0.0
JVASP-69218,3,Bi,BaBi2Zr,887.2230433515576,-700.453,0.4569057452819819,5.684341886080802e-14,0.0
JVASP-65589,3,Bi,BaBi2Ge,886.7378029147061,-724.018,0.0017844860210657375,0.0,0.0
JVASP-7139,4,I,HI3Pb,886.5413968535253,720.793,0.16,0.000999999999990564,0.0
JVASP-41919,2,I,I2Rh,884.389539585357,-712.392,0.2869319138901054,0.0,0.0
JVASP-41919,3,I,I2Rh,884.389539585357,-712.392,0.2869319138901054,0.0,0.0
JVASP-41919,4,I,I2Rh,884.389539585357,-712.392,0.2869319138901054,0.0,0.0
JVASP-41919,5,I,I2Rh,884.389539585357,-712.392,0.2869319138901054,0.0,0.0
JVASP-80190,2,Tl,Au2HfTl,884.2658554405456,-658.068,0.7818067433760645,0.0,0.0
JVASP-80190,3,Tl,Au2HfTl,884.2658554405456,-658.068,0.7818067433760645,0.0,0.0
JVASP-28449,7,Te,Te3Th,880.6888194385119,719.077,0.004825630634827741,5.684341886080802e-14,0.0
JVASP-28449,6,Te,Te3Th,880.6888194385119,719.077,0.004825630634827741,5.684341886080802e-14,0.0
JVASP-31186,3,Au,AgAuS2,879.8116491272436,-700.311,0.396,5.684341886080802e-14,0.0
JVASP-31186,2,Au,AgAuS2,879.8116491272436,-700.311,0.396,5.684341886080802e-14,0.0
JVASP-79685,2,Tl,NaScTl2,879.1657045892999,-717.836,0.0004903627012297732,2.842170943040401e-14,0.0
JVASP-79685,3,Tl,NaScTl2,879.1657045892999,-717.836,0.0004903627012297732,2.842170943040401e-14,0.0
JVASP-3630,7,I,BI3,877.2326797936794,689.808,0.4842260455083154,0.0,0.0
JVASP-3630,2,I,BI3,877.2326797936794,689.807,0.484226747481542,0.0,0.0
JVASP-3630,3,I,BI3,877.2324186445688,689.807,0.484226747481542,0.0010000000000047748,0.0
JVASP-3630,6,I,BI3,877.2324186445688,689.807,0.484226747481542,0.0010000000000047748,0.0
JVASP-3630,4,I,BI3,877.2319357906438,689.807,0.484226747481542,0.0010000000000331966,0.0
JVASP-3630,5,I,BI3,877.2319357906438,689.807,0.484226747481542,0.0010000000000331966,0.0
JVASP-8689,6,U,CO5U,875.5332613710343,705.815,0.27832364004732113,0.0010000000000331966,0.0
JVASP-8576,8,Os,Cl4K2O2Os,875.4434735264178,-714.796,1.8187007202022406e-05,1.4210854715202004e-14,0.0
JVASP-40637,3,U,O5Rb2U2,872.5253928075675,712.414,0.0,0.0,0.0
JVASP-40637,2,U,O5Rb2U2,872.5253928075675,712.414,0.0,0.0,0.0
JVASP-26127,4,Te,I2Te2Th,872.115138888209,710.93,0.09852868777516778,0.0,0.0
JVASP-26127,5,Te,I2Te2Th,872.115138888209,710.93,0.09852868777516778,0.0,0.0
JVASP-29345,5,Te,I2Te2Th,872.011206091986,710.842,0.09866608894803623,0.0,0.0
JVASP-29345,4,Te,I2Te2Th,872.011206091986,710.842,0.09866608894803623,0.0,0.0
JVASP-8168,5,Te,BaTe3,871.933976100255,-705.345,0.2372470209613735,0.0,0.0
JVASP-8168,4,Te,BaTe3,871.933976100255,-705.345,0.2372470209613735,0.0,0.0
JVASP-32341,3,Se,ClSe,871.3821129011084,-665.284,0.6565827526289524,0.0,0.0
JVASP-32341,0,Se,ClSe,871.3821129011084,-665.284,0.6565827526289524,0.0,0.0
JVASP-32341,1,Se,ClSe,871.3821129011084,-665.284,0.6565827526289524,0.0,0.0
JVASP-32341,2,Se,ClSe,871.3821129011084,-665.284,0.6565827526289524,0.0,0.0
JVASP-5815,10,I,Ga2I8Pd,870.0367646611262,710.184,0.040818999019972255,5.684341886080802e-14,0.0
JVASP-5815,9,I,Ga2I8Pd,870.0367646611262,710.184,0.040818999019972255,5.684341886080802e-14,0.0
JVASP-8804,3,Au,Ag3AuS2,868.1604020859278,-708.85,-0.0,0.0,0.0
JVASP-5461,5,I,AlI6Sb,866.5726438025839,705.354,0.13688445801682553,0.0009999999999763531,0.0
JVASP-5461,7,I,AlI6Sb,866.5726438025839,705.354,0.13688445801682553,0.0009999999999763531,0.0
JVASP-5461,6,I,AlI6Sb,866.5720106073124,705.354,0.13688445801682553,0.0,0.0
JVASP-5461,4,I,AlI6Sb,866.5720106073124,705.354,0.13688445801682553,0.0,0.0
JVASP-69078,2,Pb,BaPb2Sc,864.273061864131,-705.676,-0.0,0.0,0.0
JVASP-8579,3,I,HgI2,859.8531500064415,699.656,0.14392501457859297,2.842170943040401e-14,0.0
JVASP-8579,2,I,HgI2,859.8531500064415,699.656,0.14392501457859297,2.842170943040401e-14,0.0
JVASP-29381,3,Se,Bi2O2Se,858.8729998701788,-701.264,0.0048854639622168605,0.0,0.0
JVASP-28449,2,Te,Te3Th,857.4892112353367,700.135,0.0039306705135438305,0.0010000000000047748,0.0
JVASP-28449,3,Te,Te3Th,857.4892112353367,700.135,0.0039306705135438305,0.0010000000000047748,0.0
JVASP-65782,2,Pb,BaPb2Sc,857.4781773176505,-700.128,-0.0,0.0,0.0
JVASP-29248,23,Hg,BrHg2P3,856.3465851353644,-697.848,0.1080349875617613,0.0010000000000012221,0.0
JVASP-29248,16,Hg,BrHg2P3,856.3465851353644,-697.848,0.1080349875617613,0.0010000000000012221,0.0
JVASP-29248,20,Hg,BrHg2P3,856.3465851353644,-697.848,0.1080349875617613,0.0010000000000012221,0.0
JVASP-29248,21,Hg,BrHg2P3,856.3465851353644,-697.848,0.1080349875617613,0.0010000000000012221,0.0
JVASP-29248,22,Hg,BrHg2P3,856.3465851353644,-697.848,0.1080349875617613,0.0010000000000012221,0.0
JVASP-29248,18,Hg,BrHg2P3,856.3465851353644,-697.848,0.1080349875617613,0.0010000000000012221,0.0
JVASP-29248,19,Hg,BrHg2P3,856.3465851353644,-697.848,0.1080349875617613,0.0010000000000012221,0.0
JVASP-29248,17,Hg,BrHg2P3,856.3465851353644,-697.848,0.1080349875617613,0.0010000000000012221,0.0
JVASP-3954,7,Br,BrS,854.0232017176114,696.081,0.1028228036679639,0.0,0.0
JVASP-3954,5,Br,BrS,854.0232017176114,696.081,0.1028228036679639,0.0,0.0
JVASP-3954,6,Br,BrS,854.02250262859,696.081,0.1028228036679639,2.842170943040401e-14,0.0
JVASP-3954,4,Br,BrS,854.02250262859,696.081,0.1028228036679639,2.842170943040401e-14,0.0
JVASP-85429,6,Bi,Bi2CaMn,850.8588395362652,-694.723,-0.0,0.00100000000009004,0.0
JVASP-85429,5,Bi,Bi2CaMn,850.8588395362652,-694.723,-0.0,0.00100000000009004,0.0
JVASP-2130,2,Au,Au2S,849.2282958639568,-693.392,-0.0,0.0,0.0
JVASP-2130,0,Au,Au2S,849.2282958639568,-693.392,-0.0,0.0,0.0
JVASP-2130,3,Au,Au2S,849.2282958639568,-693.392,-0.0,0.0,0.0
JVASP-2130,1,Au,Au2S,849.2282958639568,-693.392,-0.0,0.0,0.0
JVASP-29404,10,Hg,AsHg3S3Sb,848.7458722957066,-692.936,0.02324890033134375,0.0009999999999195097,0.0
JVASP-29404,3,Hg,AsHg3S3Sb,848.7458722957066,-692.936,0.02324890033134375,0.0009999999999195097,0.0
JVASP-29404,11,Hg,AsHg3S3Sb,848.7458722957066,-692.936,0.02324890033134375,0.0009999999999195097,0.0
JVASP-29404,5,Hg,AsHg3S3Sb,848.7458722957066,-692.936,0.02324890033134375,0.0009999999999195097,0.0
JVASP-33798,5,I,I2Se,848.5608780723984,-691.325,0.115,0.0009999999999763531,0.0
JVASP-33798,3,I,I2Se,848.5608780723984,-691.325,0.115,0.0009999999999763531,0.0
JVASP-33798,4,I,I2Se,848.5608780723984,-691.325,0.115,0.0009999999999763531,0.0
JVASP-33798,2,I,I2Se,848.5608780723984,-691.325,0.115,0.0009999999999763531,0.0
JVASP-29381,0,Bi,Bi2O2Se,847.8420145905721,692.26,0.0006977147314592842,0.0010000000000331966,0.0
JVASP-29381,2,Bi,Bi2O2Se,847.8420145905721,692.26,0.0006977147314592842,0.0010000000000331966,0.0
JVASP-69119,2,Bi,BaBi2Br,847.3666836594415,-691.872,-0.0,0.0,0.0
JVASP-65590,2,Bi,BaBi2Br,847.3152443748431,-691.83,-0.0,0.0,0.0
JVASP-17307,5,Pb,Pb2Rh3S2,847.2949424061258,691.814,5.781900915591618e-06,0.0010000000000331966,0.0
JVASP-78456,2,U,CdU,846.6428595068878,-691.281,2.1698846055429272e-05,0.0,0.0
JVASP-78456,0,U,CdU,846.6428595068878,-691.281,2.1698846055429272e-05,0.0,0.0
JVASP-78456,1,U,CdU,846.6424512679481,-691.281,2.3145435792419515e-05,0.0009999999999763531,0.0
JVASP-78827,1,Br,BrHgN,845.6852873859164,687.558,0.16038646921423352,0.0009999999999763531,0.0
JVASP-26127,2,Te,I2Te2Th,842.622695165517,687.45,0.06921521565204741,0.0,0.0
JVASP-26127,3,Te,I2Te2Th,842.622695165517,687.45,0.06921521565204741,0.0,0.0
JVASP-29345,2,Te,I2Te2Th,842.5988862893186,687.428,0.06938326632025467,0.0,0.0
JVASP-29345,3,Te,I2Te2Th,842.5988862893186,687.428,0.06938326632025467,0.0,0.0
JVASP-65598,2,Bi,BaBi2Cl,841.8847256150926,-687.396,-0.0,0.0,0.0
JVASP-51393,2,Br,BrH,841.5818053837667,687.149,0.0,0.0009999999999763531,0.0
JVASP-51393,3,Br,BrH,841.5818053837667,687.149,0.0,0.0009999999999763531,0.0
JVASP-65764,2,Bi,BaBi2Cl,840.9310576087673,-686.617,-0.0,0.00100000000009004,0.0
JVASP-65540,2,Bi,BaBi2Cl,840.8069501282681,-686.516,-0.0,0.0,0.0
JVASP-65573,2,Bi,BaBi2Br,839.5585268562281,-685.497,-0.0,0.0009999999999763531,0.0
JVASP-85099,5,Tl,Ca2SnTl,839.1969620142819,-652.422,0.5559040007847681,2.842170943040401e-14,0.0
JVASP-85099,4,Tl,Ca2SnTl,839.1969620142819,-652.422,0.5559040007847681,2.842170943040401e-14,0.0
JVASP-4180,0,Hg,Cl2Hg,837.8451995905925,-684.096,0.0035155884554214215,0.0009999999999763531,0.0
JVASP-4180,1,Hg,Cl2Hg,837.8451995905925,-684.096,0.0035155884554214215,0.0009999999999763531,0.0
JVASP-4180,2,Hg,Cl2Hg,837.8451995905925,-684.096,0.0035155884554214215,0.0009999999999763531,0.0
JVASP-4180,3,Hg,Cl2Hg,837.8451995905925,-684.096,0.0035155884554214215,0.0009999999999763531,0.0
JVASP-65757,3,Bi,BaBi2Si,836.4648213110937,-682.971,-0.0,0.0009999999999763531,0.0
JVASP-41168,0,Np,N2Np,835.8431699200514,598.185,0.9512558823775255,0.0,0.0
JVASP-41168,1,Np,N2Np,835.8431699200514,598.185,0.9512558823775255,0.0,0.0
JVASP-28443,4,I,I3Ir,834.80818574209,-672.22,0.2906369938413019,0.0,0.0
JVASP-28443,5,I,I3Ir,834.80818574209,-672.22,0.2906369938413019,0.0,0.0
JVASP-28443,3,I,I3Ir,834.8070914097459,-672.22,0.29063401862485494,0.0,0.0
JVASP-28443,2,I,I3Ir,834.8070914097459,-672.22,0.29063401862485494,0.0,0.0
JVASP-8198,2,Hg,HgS,832.2261508286074,-679.203,0.051994764451864905,0.0010000000000047748,0.0
JVASP-8198,1,Hg,HgS,832.2242115079325,-679.202,0.05199189637250772,2.842170943040401e-14,0.0
JVASP-8198,0,Hg,HgS,832.2242115079325,-679.202,0.05199189637250772,2.842170943040401e-14,0.0
JVASP-8109,1,Hg,HgS,832.0519765723773,-679.063,0.05194952456546748,0.0,0.0
JVASP-8109,0,Hg,HgS,832.0518184638502,-679.063,0.05194952456546748,0.0010000000000047748,0.0
JVASP-8109,2,Hg,HgS,832.0504677674305,-679.061,0.05194378708245646,2.842170943040401e-14,0.0
JVASP-77062,5,In,InLi2Sb,831.0669705517118,-678.563,0.0013690696368649244,5.684341886080802e-14,0.0
JVASP-77062,4,In,InLi2Sb,831.066572130055,-678.563,0.0013720170418959478,0.0,0.0
JVASP-12134,22,Te,GeHfTe4,830.3076704065788,677.906,0.01830784799072438,0.0,0.0
JVASP-12134,14,Te,GeHfTe4,830.3076704065788,677.906,0.01830784799072438,0.0,0.0
JVASP-12134,19,Te,GeHfTe4,830.3076704065788,677.906,0.01830784799072438,0.0,0.0
JVASP-12134,11,Te,GeHfTe4,830.3076704065788,677.906,0.01830784799072438,0.0,0.0
JVASP-67728,1,Bi,BeBiSe2,829.6936151652609,677.442,0.0,0.0,0.0
JVASP-80766,7,In,InLi2Tl,827.0756233718897,-675.05,0.04760536256573591,0.0,0.0
JVASP-80766,6,In,InLi2Tl,827.0756233718897,-675.05,0.04760536256573591,0.0,0.0
JVASP-34413,6,Ta,O5Ta2,826.7810845477779,623.774,0.7166826446757959,5.684341886080802e-14,0.0
JVASP-5815,6,I,Ga2I8Pd,824.1623121849238,672.309,0.07418463831363258,0.0,0.0
JVASP-5815,5,I,Ga2I8Pd,824.1623121849238,672.309,0.07418463831363258,0.0,0.0
JVASP-69211,2,Bi,BaBi2K,822.3631088618944,671.457,0.0,0.0009999999999763531,0.0
JVASP-69211,3,Bi,BaBi2K,822.3631088618944,671.457,0.0,0.0009999999999763531,0.0
JVASP-4077,6,Hg,As2HgK4,821.7845675528349,-670.984,2.9806970062021593e-06,0.0,0.0
JVASP-4149,3,Te,Rb2Te5,821.180701714306,580.7,0.999743413122094,0.0,0.0
JVASP-4149,5,Te,Rb2Te5,821.180701714306,580.7,0.999743413122094,0.0,0.0
JVASP-4149,4,Te,Rb2Te5,821.1804359262342,580.699,0.9997434126802354,2.4868995751603507e-14,0.0
JVASP-4149,6,Te,Rb2Te5,821.1804359262342,580.699,0.9997434126802354,2.4868995751603507e-14,0.0
JVASP-79493,0,Bi,BiSe,820.7331998049061,-670.122,0.006212301640596804,0.0,0.0
JVASP-79493,1,Bi,BiSe,820.7331998049061,-670.122,0.006212301640596804,0.0,0.0
JVASP-80149,4,Ir,CuIr2Si,820.2055179343772,-669.695,9.7059108997376e-05,5.684341886080802e-14,0.0
JVASP-80149,5,Ir,CuIr2Si,820.2055179343772,-669.695,9.7059108997376e-05,5.684341886080802e-14,0.0
JVASP-80149,6,Ir,CuIr2Si,820.2055179343772,-669.695,9.7059108997376e-05,5.684341886080802e-14,0.0
JVASP-80149,7,Ir,CuIr2Si,820.2055179343772,-669.695,9.7059108997376e-05,5.684341886080802e-14,0.0
JVASP-79494,3,Bi,BiSe,816.797901144463,-666.911,0.004448869489332223,0.0,0.0
JVASP-79494,2,Bi,BiSe,816.797901144463,-666.911,0.004448869489332223,0.0,0.0
JVASP-79494,0,Bi,BiSe,816.797901144463,-666.911,0.004448869489332223,0.0,0.0
JVASP-79494,1,Bi,BiSe,816.797901144463,-666.911,0.004448869489332223,0.0,0.0
JVASP-28443,6,I,I3Ir,814.2648260080991,-655.489,0.2936754087406501,0.0,0.0
JVASP-28443,7,I,I3Ir,814.2648260080991,-655.489,0.2936754087406501,0.0,0.0
JVASP-63069,0,Pu,B2PuRh3,811.7339563761024,662.778,6.0352033411173865e-06,0.0,0.0
JVASP-28447,5,Te,DyTe3,808.2963383642165,-651.798,0.27515733402066284,0.0009999999999763531,0.0
JVASP-28447,4,Te,DyTe3,808.2963383642165,-651.798,0.27515733402066284,0.0009999999999763531,0.0
JVASP-4083,1,Cl,ClF,808.2205189884751,653.799,0.23735429390378388,0.0,0.0
JVASP-4083,2,Cl,ClF,808.2205189884751,653.799,0.23735429390378388,0.0,0.0
JVASP-4083,3,Cl,ClF,808.2205189884751,653.799,0.23735429390378388,0.0,0.0
JVASP-4083,0,Cl,ClF,808.2205189884751,653.799,0.23735429390378388,0.0,0.0
JVASP-46087,2,Te,O2TeYb2,807.8506986324886,-659.607,-0.0,0.0009999999999763531,0.0
JVASP-8744,8,U,O6Sb2U,807.7145970842671,-659.02,0.06588419167855297,0.0009999999999763531,0.0
JVASP-18322,1,Bi,BiNa,806.7467952548681,-658.706,-0.0,0.0,0.0
JVASP-2901,5,Au,AuRbS,805.5337302645992,-656.977,0.08213529545174339,0.0,0.0
JVASP-2901,4,Au,AuRbS,805.5337302645992,-656.977,0.08213529545174339,0.0,0.0
JVASP-2523,4,Au,AuKS,805.0109361505594,-656.478,0.08608209262153496,0.0,0.0
JVASP-2523,5,Au,AuKS,805.0109361505594,-656.478,0.08608209262153496,0.0,0.0
JVASP-79718,6,Bi,BiLi2Sn,804.7551599548772,-656.933,0.03662321728395433,0.0,0.0
JVASP-79718,7,Bi,BiLi2Sn,804.7551599548772,-656.933,0.03662321728395433,0.0,0.0
JVASP-17494,6,Pb,Ni3Pb2Se2,802.7347469070965,655.43,3.0514318844263305e-06,5.684341886080802e-14,0.0
JVASP-42012,0,Pu,CdPuRh2,802.3817475229605,641.737,0.3558716421213051,0.0,0.0
JVASP-4912,17,Se,K2Se5,801.5064578903903,652.695,0.12625345682133313,5.684341886080802e-14,0.0
JVASP-4912,19,Se,K2Se5,801.5064578903903,652.695,0.12625345682133313,5.684341886080802e-14,0.0
JVASP-4912,18,Se,K2Se5,801.5064578903903,652.695,0.12625345682133313,5.684341886080802e-14,0.0
JVASP-4912,16,Se,K2Se5,801.5064578903903,652.695,0.12625345682133313,5.684341886080802e-14,0.0
JVASP-28439,4,Te,HoTe3,801.2903189687244,-646.065,0.2765975559734702,0.0010000000000331966,0.0
JVASP-28439,5,Te,HoTe3,801.2903189687244,-646.065,0.2765975559734702,0.0010000000000331966,0.0
JVASP-28450,5,Te,Te3Tm,796.3045825172676,-641.18,0.29122243363797995,0.0,0.0
JVASP-28450,4,Te,Te3Tm,796.3045825172676,-641.18,0.29122243363797995,0.0,0.0
JVASP-67582,2,Pb,BeKPb2,795.9004546738241,-649.85,-0.0,0.0,0.0
JVASP-80606,3,Os,Be2CuOs,795.6506752224873,-649.646,0.00016008718594432198,5.684341886080802e-14,0.0
JVASP-3924,0,U,F2O2U,794.8581636405328,648.999,1.0785840964323523e-05,5.684341886080802e-14,0.0
JVASP-29371,6,Hg,Cl2HgO2Pb2,793.9052520005142,-646.901,0.11071091248892795,1.4210854715202004e-14,0.0
JVASP-26342,6,Hg,Cl2HgO2Pb2,793.7942646756777,-646.809,0.11074057411074983,0.0,0.0
JVASP-78993,4,Bi,Bi3Tm,793.3162429951878,647.74,0.0,0.0,0.0
JVASP-78993,7,Bi,Bi3Tm,793.3162429951878,647.74,0.0,0.0,0.0
JVASP-29744,1,Pb,O3Pb2,793.2852418487312,-647.715,0.0010760905645229811,0.0009999999999763531,0.0
JVASP-29744,0,Pb,O3Pb2,793.2852418487312,-647.715,0.0010760905645229811,0.0009999999999763531,0.0
JVASP-35613,5,Tl,CTlZr2,793.0827249732527,-647.549,-0.0,0.0009999999999763531,0.0
JVASP-35613,4,Tl,CTlZr2,793.0823167250672,-647.549,1.5442846795784614e-06,0.0,0.0
JVASP-29466,4,Pb,O6Pb3S,792.9007579615497,579.454,0.863022776613847,5.684341886080802e-14,0.0
JVASP-29466,0,Pb,O6Pb3S,792.9007579615497,579.454,0.863022776613847,5.684341886080802e-14,0.0
JVASP-17788,5,Pb,CPbTi2,792.673251945592,-647.215,7.725408094675575e-06,0.0,0.0
JVASP-17788,4,Pb,CPbTi2,792.673251945592,-647.215,7.725408094675575e-06,0.0,0.0
JVASP-29595,2,Te,ErTe3,792.1789449461529,-638.534,0.27980185863242996,0.0,0.0
JVASP-29595,7,Te,ErTe3,792.1789449461529,-638.534,0.27980185863242996,0.0,0.0
JVASP-69295,3,Bi,BaBi2Zn,791.608948644468,-646.346,-0.0,0.0,0.0
JVASP-69177,3,Bi,BaBi2Zn,791.1631415112814,-645.982,-0.0,0.0,0.0
JVASP-22664,4,Br,BrSe,790.8824073160307,643.12,0.15688518472446816,0.0,0.0
JVASP-22664,5,Br,BrSe,790.8824073160307,643.12,0.15688518472446816,0.0,0.0
JVASP-22664,7,Br,BrSe,790.8821442041791,643.12,0.15688207488493594,0.0010000000000047748,0.0
JVASP-22664,6,Br,BrSe,790.8821442041791,643.12,0.15688207488493594,0.0010000000000047748,0.0
JVASP-30468,1,Se,Br3Se,788.8393922421725,-644.085,0.0,0.00100000000009004,0.0
JVASP-30468,0,Se,Br3Se,788.8393922421725,-644.085,0.0,0.00100000000009004,0.0
JVASP-2133,1,Hg,HgO,788.6605803297132,-638.618,0.22404629997901715,0.0,0.0
JVASP-2133,3,Hg,HgO,788.6605803297132,-638.618,0.22404629997901715,0.0,0.0
JVASP-2133,2,Hg,HgO,788.6605803297132,-638.618,0.22404629997901715,0.0,0.0
JVASP-2133,0,Hg,HgO,788.6605803297132,-638.618,0.22404629997901715,0.0,0.0
JVASP-2817,8,Ir,IrK4O4,784.9514492922476,640.882,0.016226075939096436,0.0,0.0
JVASP-80026,7,Bi,Bi3Pa,784.5560511786267,640.587,0.0,0.0009999999999763531,0.0
JVASP-80026,4,Bi,Bi3Pa,784.5560511786267,640.587,0.0,0.0009999999999763531,0.0
JVASP-24214,6,Au,Au2P3,784.2519128876894,-640.205,0.03538397856936444,0.0,0.0
JVASP-24214,7,Au,Au2P3,784.2519128876894,-640.205,0.03538397856936444,0.0,0.0
JVASP-78538,3,Bi,BiRb,783.6260615842227,639.828,9.377520208511984e-06,0.0,0.0
JVASP-78538,2,Bi,BiRb,783.6260615842227,639.828,9.377520208511984e-06,0.0,0.0
JVASP-36787,2,Hg,AgHgO2,782.8334069941063,-638.494,0.08036410678878737,1.7763568394002505e-15,0.0
JVASP-36787,3,Hg,AgHgO2,782.8334069941063,-638.494,0.08036410678878737,1.7763568394002505e-15,0.0
JVASP-28445,4,Te,LuTe3,779.6241581140235,-627.301,0.2986891460399393,0.0009999999999195097,0.0
JVASP-28445,5,Te,LuTe3,779.6241581140235,-627.301,0.2986891460399393,0.0009999999999195097,0.0
JVASP-8145,2,Hg,HgO,779.3082398467245,-635.588,0.08211451443387852,0.0009999999999763531,0.0
JVASP-8145,1,Hg,HgO,779.3062203774585,-635.587,0.08211149693118325,0.0010000000000047748,0.0
JVASP-8145,0,Hg,HgO,779.3062203774585,-635.587,0.08211149693118325,0.0010000000000047748,0.0
JVASP-8361,0,W,F5W,778.3060356749137,-610.14,0.5043891565870129,2.842170943040401e-14,0.0
JVASP-3849,4,I,AuI,774.9041903441998,-589.492,0.6752559831176674,0.0009999999999763531,0.0
JVASP-3849,6,I,AuI,774.9041903441998,-589.492,0.6752559831176674,0.0009999999999763531,0.0
JVASP-3849,7,I,AuI,774.9041903441998,-589.492,0.6752559831176674,0.0009999999999763531,0.0
JVASP-3849,5,I,AuI,774.9041903441998,-589.492,0.6752559831176674,0.0009999999999763531,0.0
JVASP-32744,4,Se,Br2PdSe6,773.3297073835972,-625.759,0.2335435846707758,0.0,0.0
JVASP-32744,5,Se,Br2PdSe6,773.3297073835972,-625.759,0.2335435846707758,0.0,0.0
JVASP-18251,5,Pb,Ni3Pb2S2,773.2726812955441,631.375,4.751534349701439e-06,5.684341886080802e-14,0.0
JVASP-69236,3,Bi,BaBi2Ga,772.1469361416906,-630.455,-0.0,0.0009999999999763531,0.0
JVASP-5197,10,I,ISSb,771.3191204942349,606.045,0.48946695377405974,2.842170943040401e-14,0.0
JVASP-5197,9,I,ISSb,771.3191204942349,606.045,0.48946695377405974,2.842170943040401e-14,0.0
JVASP-5197,8,I,ISSb,771.3191204942349,606.045,0.48946695377405974,2.842170943040401e-14,0.0
JVASP-5197,11,I,ISSb,771.3191204942349,606.045,0.48946695377405974,2.842170943040401e-14,0.0
JVASP-36786,3,Hg,AgHgO2,769.6994482835491,-622.363,0.24298520316921152,0.0,0.0
JVASP-32744,1,Se,Br2PdSe6,769.5421775380476,-622.196,0.2437704517547525,1.4210854715202004e-14,0.0
JVASP-32744,2,Se,Br2PdSe6,769.5421775380476,-622.196,0.2437704517547525,1.4210854715202004e-14,0.0
JVASP-54925,1,I,I2Zn,765.8317433366157,-625.299,1.5992349259735793e-06,0.0,0.0
JVASP-54925,2,I,I2Zn,765.8317433366157,-625.299,1.5992349259735793e-06,0.0,0.0
JVASP-29394,2,Xe,F5O4TcXe,765.6658047973673,-615.557,0.30718682429084554,2.842170943040401e-14,0.0
JVASP-29394,3,Xe,F5O4TcXe,765.6658047973673,-615.557,0.30718682429084554,2.842170943040401e-14,0.0
JVASP-84959,2,F,F,763.8277839120543,623.642,0.014024071502560824,0.0,0.0
JVASP-84959,0,F,F,763.8277839120543,623.642,0.014024071502560824,0.0,0.0
JVASP-81840,3,Pb,BaNa2Pb,763.6475507287379,-603.527,0.44945296565025256,2.842170943040401e-14,0.0
JVASP-84860,4,F,F,763.2833342881266,623.194,0.015311443948433352,0.0,0.0
JVASP-84860,6,F,F,763.2833342881266,623.194,0.015311443948433352,0.0,0.0
JVASP-84860,0,F,F,763.2833342881266,623.194,0.015311443948433352,0.0,0.0
JVASP-84860,2,F,F,763.2833342881266,623.194,0.015311443948433352,0.0,0.0
JVASP-48947,1,W,FO2W,763.2773156232275,623.213,0.0004605167093754105,0.0009999999999763531,0.0
JVASP-48947,0,W,FO2W,763.2761854938225,623.213,0.0004573075337003962,0.0,0.0
JVASP-36786,2,Hg,AgHgO2,763.2126121992482,-617.029,0.244790763481133,0.0,0.0
JVASP-84959,1,F,F,762.6783586296388,622.724,0.0012766490451628905,0.0,0.0
JVASP-84959,3,F,F,762.6783586296388,622.724,0.0012766490451628905,0.0,0.0
JVASP-25205,6,F,F,762.6095920194027,622.637,0.017,0.0,0.0
JVASP-25205,4,F,F,762.6095920194027,622.637,0.017,0.0,0.0
JVASP-25205,2,F,F,762.6095920194027,622.637,0.017,0.0,0.0
JVASP-25205,0,F,F,762.6095920194027,622.637,0.017,0.0,0.0
JVASP-21201,2,F,F,762.6089121692717,622.637,0.01736164089188404,0.0,0.0
JVASP-21201,0,F,F,762.6089121692717,622.637,0.01736164089188404,0.0,0.0
JVASP-21201,6,F,F,762.6089121692717,622.637,0.01736164089188404,0.0,0.0
JVASP-21201,4,F,F,762.6089121692717,622.637,0.01736164089188404,0.0,0.0
JVASP-33802,5,I,I2Te,762.3154991806214,-614.929,0.271,0.0009999999999763531,0.0
JVASP-33802,2,I,I2Te,762.3154991806214,-614.929,0.271,0.0009999999999763531,0.0
JVASP-33802,3,I,I2Te,762.3154991806214,-614.929,0.271,0.0009999999999763531,0.0
JVASP-33802,4,I,I2Te,762.3154991806214,-614.929,0.271,0.0009999999999763531,0.0
JVASP-15702,2,Ir,C2IrU2,761.8686194298857,-622.063,1.6075542187469005e-06,5.684341886080802e-14,0.0
JVASP-84860,3,F,F,761.6011947797876,621.845,0.00024925825567460175,0.0,0.0
JVASP-84860,5,F,F,761.6011947797876,621.845,0.00024925825567460175,0.0,0.0
JVASP-84860,7,F,F,761.6011947797876,621.845,0.00024925825567460175,0.0,0.0
JVASP-84860,1,F,F,761.6011947797876,621.845,0.00024925825567460175,0.0,0.0
JVASP-25205,7,F,F,760.7631875965083,621.16,0.0,0.0,0.0
JVASP-25205,3,F,F,760.7631875965083,621.16,0.0,0.0,0.0
JVASP-25205,1,F,F,760.7631875965083,621.16,0.0,0.0,0.0
JVASP-25205,5,F,F,760.7631875965083,621.16,0.0,0.0,0.0
JVASP-21201,3,F,F,760.7322796621687,621.135,0.0003139414137023243,5.684341886080802e-14,0.0
JVASP-21201,5,F,F,760.7322796621687,621.135,0.0003139414137023243,5.684341886080802e-14,0.0
JVASP-21201,7,F,F,760.7322796621687,621.135,0.0003139414137023243,5.684341886080802e-14,0.0
JVASP-21201,1,F,F,760.7322796621687,621.135,0.0003139414137023243,5.684341886080802e-14,0.0
JVASP-84905,1,F,F,760.1384055025769,620.613,0.018887777084914396,0.0,0.0
JVASP-84905,4,F,F,760.1384055025769,620.613,0.018887777084914396,0.0,0.0
JVASP-84905,5,F,F,760.1384055025769,620.613,0.018887777084914396,0.0,0.0
JVASP-84905,3,F,F,760.1384055025769,620.613,0.018887777084914396,0.0,0.0
JVASP-84905,2,F,F,760.1384055025769,620.613,0.018887777084914396,0.0,0.0
JVASP-84905,6,F,F,760.1384055025769,620.613,0.018887777084914396,0.0,0.0
JVASP-84905,0,F,F,760.1384055025769,620.613,0.018887777084914396,0.0,0.0
JVASP-84905,7,F,F,760.1384055025769,620.613,0.018887777084914396,0.0,0.0
JVASP-20071,0,Np,B2Np,759.3797874094358,-620.031,2.0966693600766427e-05,0.0,0.0
JVASP-25102,4,F,F,758.3998099775606,619.186,0.021,0.0,0.0
JVASP-25102,5,F,F,758.3998099775606,619.186,0.021,0.0,0.0
JVASP-25102,6,F,F,758.3998099775606,619.186,0.021,0.0,0.0
JVASP-25102,7,F,F,758.3998099775606,619.186,0.021,0.0,0.0
JVASP-25102,1,F,F,758.3998099775606,619.186,0.021,0.0,0.0
JVASP-25102,2,F,F,758.3998099775606,619.186,0.021,0.0,0.0
JVASP-25102,0,F,F,758.3998099775606,619.186,0.021,0.0,0.0
JVASP-25102,3,F,F,758.3998099775606,619.186,0.021,0.0,0.0
JVASP-33718,3,F,F,758.3783295598575,619.169,0.021,5.684341886080802e-14,0.0
JVASP-33718,0,F,F,758.3783295598575,619.169,0.021,5.684341886080802e-14,0.0
JVASP-33718,1,F,F,758.3783295598575,619.169,0.021,5.684341886080802e-14,0.0
JVASP-33718,2,F,F,758.3783295598575,619.169,0.021,5.684341886080802e-14,0.0
JVASP-33718,6,F,F,758.3783295598575,619.169,0.021,5.684341886080802e-14,0.0
JVASP-33718,7,F,F,758.3783295598575,619.169,0.021,5.684341886080802e-14,0.0
JVASP-33718,5,F,F,758.3783295598575,619.169,0.021,5.684341886080802e-14,0.0
JVASP-33718,4,F,F,758.3783295598575,619.169,0.021,5.684341886080802e-14,0.0
JVASP-25204,3,F,F,758.3486206349953,619.145,0.021,0.0010000000000331966,0.0
JVASP-25204,2,F,F,758.3486206349953,619.145,0.021,0.0010000000000331966,0.0
JVASP-25204,1,F,F,758.3486206349953,619.145,0.021,0.0010000000000331966,0.0
JVASP-25204,0,F,F,758.3486206349953,619.145,0.021,0.0010000000000331966,0.0
JVASP-25204,4,F,F,758.3486206349953,619.145,0.021,0.0010000000000331966,0.0
JVASP-25204,5,F,F,758.3486206349953,619.145,0.021,0.0010000000000331966,0.0
JVASP-25204,7,F,F,758.3486206349953,619.145,0.021,0.0010000000000331966,0.0
JVASP-25204,6,F,F,758.3486206349953,619.145,0.021,0.0010000000000331966,0.0
JVASP-18503,6,U,C2Si2U3,757.6375008333471,618.609,1.7781829879655973e-05,0.00100000000009004,0.0
JVASP-4912,24,Se,K2Se5,757.2685900999725,615.416,0.16810092685273054,0.0,0.0
JVASP-4912,26,Se,K2Se5,757.2685900999725,615.416,0.16810092685273054,0.0,0.0
JVASP-4912,25,Se,K2Se5,757.2685900999725,615.416,0.16810092685273054,0.0,0.0
JVASP-4912,27,Se,K2Se5,757.2685900999725,615.416,0.16810092685273054,0.0,0.0
JVASP-5587,6,U,C2Si2U3,756.8334366186526,617.953,1.4564214430570856e-05,0.0,0.0
JVASP-29404,4,Hg,AsHg3S3Sb,755.877398651395,-614.765,0.15340170634307415,0.0,0.0
JVASP-29404,8,Hg,AsHg3S3Sb,755.877398651395,-614.765,0.15340170634307415,0.0,0.0
JVASP-29404,7,Hg,AsHg3S3Sb,755.877398651395,-614.765,0.15340170634307415,0.0,0.0
JVASP-29404,0,Hg,AsHg3S3Sb,755.877398651395,-614.765,0.15340170634307415,0.0,0.0
JVASP-8168,7,Te,BaTe3,755.7155690747678,610.883,0.2465152901619459,0.0,0.0
JVASP-8168,3,Te,BaTe3,755.7155690747678,610.883,0.2465152901619459,0.0,0.0
JVASP-8168,6,Te,BaTe3,755.7155690747678,610.883,0.2465152901619459,0.0,0.0
JVASP-8168,2,Te,BaTe3,755.7155690747678,610.883,0.2465152901619459,0.0,0.0
JVASP-14152,3,Hg,Hg2Mo2O7,755.6466273867701,-616.021,0.096860334306785,0.0010000000000047748,0.0
JVASP-14152,0,Hg,Hg2Mo2O7,755.6466273867701,-616.021,0.096860334306785,0.0010000000000047748,0.0
JVASP-14152,1,Hg,Hg2Mo2O7,755.6466273867701,-616.021,0.096860334306785,0.0010000000000047748,0.0
JVASP-14152,2,Hg,Hg2Mo2O7,755.6466273867701,-616.021,0.096860334306785,0.0010000000000047748,0.0
JVASP-29404,6,Hg,AsHg3S3Sb,754.2692463397934,-615.802,0.023465334636782582,0.0,0.0
JVASP-29404,1,Hg,AsHg3S3Sb,754.2692463397934,-615.802,0.023465334636782582,0.0,0.0
JVASP-29404,9,Hg,AsHg3S3Sb,754.2692463397934,-615.802,0.023465334636782582,0.0,0.0
JVASP-29404,2,Hg,AsHg3S3Sb,754.2692463397934,-615.802,0.023465334636782582,0.0,0.0
JVASP-4035,6,Ta,I2OTa,754.2110060308056,-614.108,0.12906850260866168,5.684341886080802e-14,0.0
JVASP-4035,7,Ta,I2OTa,754.2110060308056,-614.108,0.12906850260866168,5.684341886080802e-14,0.0
JVASP-69342,3,Bi,BaBi2Ga,753.0605120659295,-614.871,-0.0,0.0009999999999763531,0.0
JVASP-1534,3,Au,AuCrS2,752.9237776109876,-614.76,6.506604203297384e-06,0.0,0.0
JVASP-5329,8,Xe,F2O2Xe,752.5138071464205,-612.75,0.12815830273357812,0.0,0.0
JVASP-5329,9,Xe,F2O2Xe,752.5138071464205,-612.75,0.12815830273357812,0.0,0.0
JVASP-3030,6,Au,AuK2P,751.8047633488363,-612.937,0.09435716884443268,1.4210854715202004e-14,0.0
JVASP-3030,7,Au,AuK2P,751.8047633488363,-612.937,0.09435716884443268,1.4210854715202004e-14,0.0
JVASP-8816,3,Au,Ag3AuS2,746.2023293102213,-609.271,0.00045792430626108313,0.0,0.0
JVASP-18363,2,I,CuI,746.1141807980867,609.199,1.6414997398767836e-06,0.0,0.0
JVASP-10532,5,Hg,Ag2HgS2,745.4561908234448,-608.523,0.036986276607457735,0.0010000000000047748,0.0
JVASP-10532,4,Hg,Ag2HgS2,745.4561908234448,-608.523,0.036986276607457735,0.0010000000000047748,0.0
JVASP-69078,3,Pb,BaPb2Sc,743.2535716321854,606.864,0.0,0.0,0.0
JVASP-65782,3,Pb,BaPb2Sc,740.5011616581029,604.617,0.0,0.0009999999999763531,0.0
JVASP-37110,0,Re,NRe,739.6421780820777,601.377,0.1593060592606634,5.684341886080802e-14,0.0
JVASP-37110,1,Re,NRe,739.6421780820777,601.377,0.1593060592606634,5.684341886080802e-14,0.0
JVASP-10126,5,Se,Rb2Se3,739.2553509958518,-595.701,0.28298760619841157,0.0,0.0
JVASP-10126,4,Se,Rb2Se3,739.2553509958518,-595.701,0.28298760619841157,0.0,0.0
JVASP-14056,14,Se,AuKSe5,735.084973025568,-591.324,0.3011276389931747,2.842170943040401e-14,0.0
JVASP-14056,15,Se,AuKSe5,735.0848240352946,-591.324,0.3011276389931747,0.0009999999999763531,0.0
JVASP-14056,19,Se,AuKSe5,735.0848240352946,-591.324,0.3011276389931747,0.0009999999999763531,0.0
JVASP-14056,18,Se,AuKSe5,735.0845237093487,-591.324,0.3011276389931747,0.0009999999999479314,0.0
JVASP-14056,12,Se,AuKSe5,735.0844769943111,-591.324,0.3011276389931747,0.0,0.0
JVASP-14056,16,Se,AuKSe5,735.0844769943111,-591.324,0.3011276389931747,0.0,0.0
JVASP-14056,17,Se,AuKSe5,735.0844502735723,-591.324,0.3011276389931747,0.0,0.0
JVASP-14056,13,Se,AuKSe5,735.0844502735723,-591.324,0.3011276389931747,0.0,0.0
JVASP-10154,5,Se,K2Se3,734.2464145373814,-592.415,0.26886388764632896,0.0010000000000047748,0.0
JVASP-10154,4,Se,K2Se3,734.2464145373814,-592.415,0.26886388764632896,0.0010000000000047748,0.0
JVASP-17885,2,Tl,Ba2CuO5Tl,730.648497415823,-596.572,-0.0,0.0,0.0
JVASP-5683,5,I,GaI7Te,730.5035079956838,589.653,0.2638212643707401,2.842170943040401e-14,0.0
JVASP-5683,4,I,GaI7Te,730.5035079956838,589.653,0.2638212643707401,2.842170943040401e-14,0.0
JVASP-32197,25,Hg,ClHHgO4,729.2857541499079,-593.344,0.14640410958904107,1.4210854715202004e-14,0.0
JVASP-32197,24,Hg,ClHHgO4,729.2857541499079,-593.344,0.14640410958904107,1.4210854715202004e-14,0.0
JVASP-32197,26,Hg,ClHHgO4,729.2857541499079,-593.344,0.14640410958904107,1.4210854715202004e-14,0.0
JVASP-32197,27,Hg,ClHHgO4,729.2857541499079,-593.344,0.14640410958904107,1.4210854715202004e-14,0.0
JVASP-22664,2,Se,BrSe,728.7679592476607,-571.255,0.5049583811082617,0.0,0.0
JVASP-22664,0,Se,BrSe,728.7679592476607,-571.255,0.5049583811082617,0.0,0.0
JVASP-22664,1,Se,BrSe,728.7678052576143,-571.254,0.5049592650554745,0.0,0.0
JVASP-22664,3,Se,BrSe,728.7678052576143,-571.254,0.5049592650554745,0.0,0.0
JVASP-8617,0,U,Cr2O6U,728.5676559208486,-594.873,1.8491341849477284e-05,0.0,0.0
JVASP-5518,25,Se,IP3Se4,727.4080684746356,-552.217,0.6857757004945519,2.1316282072803006e-14,0.0
JVASP-5518,24,Se,IP3Se4,727.4080684746356,-552.217,0.6857757004945519,2.1316282072803006e-14,0.0
JVASP-5518,27,Se,IP3Se4,727.4080684746356,-552.217,0.6857757004945519,2.1316282072803006e-14,0.0
JVASP-5518,26,Se,IP3Se4,727.4080684746356,-552.217,0.6857757004945519,2.1316282072803006e-14,0.0
JVASP-24214,9,Au,Au2P3,726.9385714735462,-584.223,0.31060913384101624,0.0,0.0
JVASP-24214,8,Au,Au2P3,726.9361037642855,-584.221,0.3106067738064876,2.842170943040401e-14,0.0
JVASP-5815,3,I,Ga2I8Pd,725.376879164204,-584.618,0.28111347922917185,1.4210854715202004e-14,0.0
JVASP-5815,8,I,Ga2I8Pd,725.376879164204,-584.618,0.28111347922917185,1.4210854715202004e-14,0.0
JVASP-5815,7,I,Ga2I8Pd,725.3767408416124,-584.618,0.28111347922917185,0.0,0.0
JVASP-5815,4,I,Ga2I8Pd,725.3767408416124,-584.618,0.28111347922917185,0.0,0.0
JVASP-5575,13,Te,INb2Te6,724.5859358019586,557.967,0.6105898735946749,0.0,0.0
JVASP-5575,12,Te,INb2Te6,724.5859358019586,557.967,0.6105898735946749,0.0,0.0
JVASP-5575,15,Te,INb2Te6,724.5859358019586,557.967,0.6105898735946749,0.0,0.0
JVASP-5575,14,Te,INb2Te6,724.5859358019586,557.967,0.6105898735946749,0.0,0.0
JVASP-39444,3,Br,Br3S,724.3941336061467,-591.465,-0.0,0.0009999999999763531,0.0
JVASP-39444,5,Br,Br3S,724.3941336061467,-591.465,-0.0,0.0009999999999763531,0.0
JVASP-39444,2,Br,Br3S,724.3941336061467,-591.465,-0.0,0.0009999999999763531,0.0
JVASP-39444,6,Br,Br3S,724.3941336061467,-591.465,-0.0,0.0009999999999763531,0.0
JVASP-17307,6,Pb,Pb2Rh3S2,723.1329318908108,-590.436,6.774654662010953e-06,0.0009999999999763531,0.0
JVASP-80424,0,Ta,CuOsTa2,721.6257825244328,-589.073,0.03662534185067044,2.842170943040401e-14,0.0
JVASP-80424,1,Ta,CuOsTa2,721.6257825244328,-589.073,0.03662534185067044,2.842170943040401e-14,0.0
JVASP-81525,7,Au,AuCa2Pb,718.0740193301801,-547.679,0.6618749303880558,0.0010000000000331966,0.0
JVASP-81525,6,Au,AuCa2Pb,718.0740193301801,-547.679,0.6618749303880558,0.0010000000000331966,0.0
JVASP-7810,5,Se,NaSe,718.0593448831371,586.293,1.7056318256850298e-06,0.0,0.0
JVASP-7810,7,Se,NaSe,718.0593448831371,586.293,1.7056318256850298e-06,0.0,0.0
JVASP-7810,6,Se,NaSe,718.0593448831371,586.293,1.7056318256850298e-06,0.0,0.0
JVASP-7810,4,Se,NaSe,718.0593448831371,586.293,1.7056318256850298e-06,0.0,0.0
JVASP-3033,5,Au,AuRbSe,717.7678276782821,-585.073,0.1004165292194307,0.0,0.0
JVASP-3033,4,Au,AuRbSe,717.7678276782821,-585.073,0.1004165292194307,0.0,0.0
JVASP-65400,6,Te,BaTe2Zn,716.8033605013302,584.927,0.05916122866614128,0.0,0.0
JVASP-65400,4,Te,BaTe2Zn,716.8033605013302,584.927,0.05916122866614128,0.0,0.0
JVASP-65400,7,Te,BaTe2Zn,716.8033605013302,584.927,0.05916122866614128,0.0,0.0
JVASP-65400,5,Te,BaTe2Zn,716.8033605013302,584.927,0.05916122866614128,0.0,0.0
JVASP-29223,21,I,I2O5,716.7779055697797,-565.212,0.4652413607637489,0.0010000000000047748,0.0
JVASP-29223,22,I,I2O5,716.7779055697797,-565.212,0.4652413607637489,0.0010000000000047748,0.0
JVASP-29223,20,I,I2O5,716.7779055697797,-565.212,0.4652413607637489,0.0010000000000047748,0.0
JVASP-29223,23,I,I2O5,716.7779055697797,-565.212,0.4652413607637489,0.0010000000000047748,0.0
JVASP-5590,13,Se,P2Se5,716.6731282376925,-550.306,0.626147997659484,0.0,0.0
JVASP-5590,15,Se,P2Se5,716.6731282376925,-550.306,0.626147997659484,0.0,0.0
JVASP-5590,12,Se,P2Se5,716.6731282376925,-550.306,0.626147997659484,0.0,0.0
JVASP-5590,14,Se,P2Se5,716.6731282376925,-550.306,0.626147997659484,0.0,0.0
JVASP-29341,10,Br,AuBiBr6,716.4864785423377,574.798,0.32790823906833355,0.0,0.0
JVASP-29341,11,Br,AuBiBr6,716.4864785423377,574.798,0.32790823906833355,0.0,0.0
JVASP-25988,2,Hg,HgO3V,714.5503728912329,-581.867,0.12696200334440685,0.000999999999990564,0.0
JVASP-25988,3,Hg,HgO3V,714.5503728912329,-581.867,0.12696200334440685,0.000999999999990564,0.0
JVASP-81671,6,Pb,Li2PbPt,713.0111411289448,-569.133,0.3728636364435026,0.0,0.0
JVASP-81671,7,Pb,Li2PbPt,713.0111411289448,-569.133,0.3728636364435026,0.0,0.0
JVASP-14242,9,I,AuI3K,711.8556503252609,581.084,0.038548643569604454,0.0,0.0
JVASP-14242,11,I,AuI3K,711.8556503252609,581.084,0.038548643569604454,0.0,0.0
JVASP-14242,8,I,AuI3K,711.8556503252609,581.084,0.038548643569604454,0.0,0.0
JVASP-14242,10,I,AuI3K,711.8556503252609,581.084,0.038548643569604454,0.0,0.0
JVASP-77062,6,Sb,InLi2Sb,711.8123502496989,-581.063,0.03657951031127433,0.0,0.0
JVASP-77062,7,Sb,InLi2Sb,711.8104182687971,-581.061,0.03656586829954172,0.0,0.0
JVASP-19915,3,U,SiU3,711.5859855449656,581.007,1.204804761389278e-05,2.842170943040401e-14,0.0
JVASP-19915,2,U,SiU3,711.5859855449656,581.007,1.204804761389278e-05,2.842170943040401e-14,0.0
JVASP-3063,5,Au,AuKSe,710.7165970244398,-579.482,0.09188896290134982,0.0,0.0
JVASP-3063,4,Au,AuKSe,710.7165970244398,-579.482,0.09188896290134982,0.0,0.0
JVASP-51343,6,Br,BrH,710.7037610720798,575.669,0.2198450845885396,0.0,0.0
JVASP-51343,7,Br,BrH,710.7037610720798,575.669,0.2198450845885396,0.0,0.0
JVASP-51343,5,Br,BrH,710.7037610720798,575.669,0.2198450845885396,0.0,0.0
JVASP-51343,4,Br,BrH,710.7037610720798,575.669,0.2198450845885396,0.0,0.0
JVASP-5680,3,Hg,Hg2O3Te,710.23860703006,-573.865,0.25201223284221896,1.4210854715202004e-14,0.0
JVASP-5680,0,Hg,Hg2O3Te,710.23860703006,-573.865,0.25201223284221896,1.4210854715202004e-14,0.0
JVASP-5680,2,Hg,Hg2O3Te,710.23860703006,-573.865,0.25201223284221896,1.4210854715202004e-14,0.0
JVASP-5680,1,Hg,Hg2O3Te,710.23860703006,-573.865,0.25201223284221896,1.4210854715202004e-14,0.0
JVASP-8757,7,Br,BrH,710.1342529486942,575.207,0.2198530268233871,0.0009999999999763531,0.0
JVASP-8757,5,Br,BrH,710.1342529486942,575.207,0.2198530268233871,0.0009999999999763531,0.0
JVASP-8757,6,Br,BrH,710.1342529486942,575.207,0.2198530268233871,0.0009999999999763531,0.0
JVASP-8757,4,Br,BrH,710.1342529486942,575.207,0.2198530268233871,0.0009999999999763531,0.0
JVASP-34273,5,Cl,AgClO2,709.5851383505716,-559.972,0.4598747794532584,2.842170943040401e-14,0.0
JVASP-34273,4,Cl,AgClO2,709.5845561524011,-559.966,0.45994399659979357,0.0,0.0
JVASP-5590,18,Se,P2Se5,708.6579520685561,-543.84,0.6292402177110915,0.0,0.0
JVASP-5590,17,Se,P2Se5,708.6579520685561,-543.84,0.6292402177110915,0.0,0.0
JVASP-5590,19,Se,P2Se5,708.6579520685561,-543.84,0.6292402177110915,0.0,0.0
JVASP-5590,16,Se,P2Se5,708.6579520685561,-543.84,0.6292402177110915,0.0,0.0
JVASP-4071,5,I,CuGaI4,708.5035456735555,543.437,0.6320640663039138,0.0,0.0
JVASP-4071,3,I,CuGaI4,708.5034284398347,543.437,0.6320640663039138,0.0010000000000331966,0.0
JVASP-4071,4,I,CuGaI4,708.5029586720157,543.437,0.6320640663039138,0.0010000000000331966,0.0
JVASP-4071,2,I,CuGaI4,708.5022675616501,543.437,0.6320640663039138,2.842170943040401e-14,0.0
JVASP-1423,3,Au,AuSe,708.3847920713713,-578.393,0.0018551400172546677,0.0,0.0
JVASP-25111,1,Br,Br,708.3777366744384,-578.388,0.0,0.0,0.0
JVASP-25111,0,Br,Br,708.3777366744384,-578.388,0.0,0.0,0.0
JVASP-69254,3,Se,BaHgSe2,706.925189256968,577.202,0.0,0.0,0.0
JVASP-69254,2,Se,BaHgSe2,706.925189256968,577.202,0.0,0.0,0.0
JVASP-54938,2,Bi,Bi2Th,705.9796862162536,-576.43,-0.0,0.0,0.0
JVASP-54938,5,Bi,Bi2Th,705.9796862162536,-576.43,-0.0,0.0,0.0
JVASP-12741,8,Te,Ga2S2Te,705.4461235466532,-565.84,0.32959317121447756,0.0009999999999692477,0.0
JVASP-12741,9,Te,Ga2S2Te,705.4459443274161,-565.841,0.3295925887307565,7.105427357601002e-15,0.0
JVASP-36809,1,Au,AuO2Pb,705.3229647792563,-575.894,-0.0,0.0009999999999763531,0.0
JVASP-4261,0,Te,PrTe3,704.5195001886037,-574.495,0.08812087137398933,0.0,0.0
JVASP-4261,1,Te,PrTe3,704.5190743493039,-574.495,0.08812261203317692,0.0,0.0
JVASP-67854,2,Te,BeSeTe,703.378328109418,-574.306,-0.0,0.0,0.0
JVASP-5575,22,Te,INb2Te6,702.7712363479314,572.577,0.11374714667197602,0.0,0.0
JVASP-5575,20,Te,INb2Te6,702.7712363479314,572.577,0.11374714667197602,0.0,0.0
JVASP-5575,23,Te,INb2Te6,702.7712363479314,572.577,0.11374714667197602,0.0,0.0
JVASP-5575,21,Te,INb2Te6,702.7712363479314,572.577,0.11374714667197602,0.0,0.0
JVASP-36800,2,Au,AuO2Pb,702.4867138444683,-573.578,3.4868840855289947e-06,0.0,0.0
JVASP-36800,3,Au,AuO2Pb,702.4867138444683,-573.578,3.4868840855289947e-06,0.0,0.0
JVASP-36764,1,Hg,CuHgO2,701.9531583966269,-573.068,0.02786754800477435,0.0009999999999763531,0.0
JVASP-84938,0,Te,Te,701.7279383080028,-565.185,0.2882613657474986,0.0,0.0
JVASP-84938,1,Te,Te,701.7279383080028,-565.185,0.2882613657474986,0.0,0.0
JVASP-84938,2,Te,Te,701.7268372792935,-565.184,0.28826364511380365,2.842170943040401e-14,0.0
JVASP-85004,0,Te,Te,701.6804520492216,-565.17,0.28779482279668067,0.0,0.0
JVASP-85004,1,Te,Te,701.6799394695562,-565.17,0.28779482279668067,0.0,0.0
JVASP-85004,2,Te,Te,701.6798382624371,-565.17,0.28779482279668067,0.0,0.0
JVASP-12912,9,Te,Ga2Se2Te,701.5069696403593,-561.415,0.35023111245691685,2.1316282072803006e-14,0.0
JVASP-12912,8,Te,Ga2Se2Te,701.5062285168964,-561.415,0.35023111245691685,2.1316282072803006e-14,0.0
JVASP-30471,3,Bi,Bi3Sc,701.4195528120099,572.707,0.0,0.0009999999999763531,0.0
JVASP-56562,2,U,SiU3,701.0415148948028,572.398,0.0,0.0,0.0
JVASP-56562,0,U,SiU3,701.0415148948028,572.398,0.0,0.0,0.0
JVASP-56562,1,U,SiU3,701.0415148948028,572.398,0.0,0.0,0.0
JVASP-4261,4,Te,PrTe3,700.660973939608,-571.395,0.08525625880520486,1.1368683772161603e-13,0.0
JVASP-4261,5,Te,PrTe3,700.6605621840008,-571.395,0.08525625880520486,1.1368683772161603e-13,0.0
JVASP-13889,5,U,PdSnU,700.1768600289502,571.692,0.00027987097947840473,0.0,0.0
JVASP-13889,4,U,PdSnU,700.1768600289502,571.692,0.00027987097947840473,0.0,0.0
JVASP-4240,0,Te,NdTe3,700.1184792818998,-570.939,0.08612303591101675,0.0,0.0
JVASP-4240,1,Te,NdTe3,700.1184419703569,-570.939,0.08612478741161494,0.0009999999999763531,0.0
JVASP-79310,2,Hg,CuHgO2,699.9939469645434,-571.466,0.02828514732285033,0.0010000000000047748,0.0
JVASP-79310,3,Hg,CuHgO2,699.9939469645434,-571.466,0.02828514732285033,0.0010000000000047748,0.0
JVASP-18019,6,Pb,LiPbYb,699.6114211510559,571.23,1.2254258354787042e-05,0.0009999999999763531,0.0
JVASP-18019,7,Pb,LiPbYb,699.6114211510559,571.23,1.2254258354787042e-05,0.0009999999999763531,0.0
JVASP-4240,5,Te,NdTe3,696.4277176369418,-567.971,0.08353419452753759,0.00100000000009004,0.0
JVASP-4240,4,Te,NdTe3,696.4276761387359,-567.971,0.08353419452753759,0.0,0.0
JVASP-10126,3,Se,Rb2Se3,696.3747041435379,568.496,0.031057386507556795,0.0009999999999976694,0.0
JVASP-10126,2,Se,Rb2Se3,696.3747041435379,568.496,0.031057386507556795,0.0009999999999976694,0.0
JVASP-10126,0,Se,Rb2Se3,696.3745852226373,568.496,0.031057386507556795,7.105427357601002e-15,0.0
JVASP-10126,1,Se,Rb2Se3,696.3745852226373,568.496,0.031057386507556795,7.105427357601002e-15,0.0
JVASP-15885,0,Th,B2Ir3Th,696.1915252055285,568.438,3.5184136176848657e-06,1.1368683772161603e-13,0.0
JVASP-35442,1,U,C3U2W2,695.1056867800752,-551.836,0.41630665632543,0.0,0.0
JVASP-35442,0,U,C3U2W2,695.1056867800752,-551.836,0.41630665632543,0.0,0.0
JVASP-81135,6,Pb,InLi2Pb,694.0706439124191,-556.857,0.3272096786068955,0.0010000000000616183,0.0
JVASP-81135,7,Pb,InLi2Pb,694.0706439124191,-556.857,0.3272096786068955,0.0010000000000616183,0.0
JVASP-36799,0,Au,AuO2Pb,693.9991316421081,-566.636,0.010962946230031254,1.1368683772161603e-13,0.0
JVASP-12182,6,Te,Te3Y,693.6662071183805,-565.353,0.10424814231108703,0.0,0.0
JVASP-12182,12,Te,Te3Y,693.6662071183805,-565.353,0.10424814231108703,0.0,0.0
JVASP-12182,13,Te,Te3Y,693.6662071183805,-565.353,0.10424814231108703,0.0,0.0
JVASP-12182,7,Te,Te3Y,693.6662071183805,-565.353,0.10424814231108703,0.0,0.0
JVASP-32145,0,Ir,C2Ir,693.4872885309435,-566.23,-0.0,0.0,0.0
JVASP-32309,6,Br,Br9TaTe,693.4693663378362,566.214,0.002582062612369256,0.0009999999999763531,0.0
JVASP-32309,7,Br,Br9TaTe,693.4693663378362,566.214,0.002582062612369256,0.0009999999999763531,0.0
JVASP-4267,9,Te,SmTe3,693.3636833278766,-564.775,0.12001062369970342,0.0,0.0
JVASP-4267,14,Te,SmTe3,693.3636833278766,-564.775,0.12001062369970342,0.0,0.0
JVASP-4267,8,Te,SmTe3,693.3636833278766,-564.775,0.12001062369970342,0.0,0.0
JVASP-4267,15,Te,SmTe3,693.3636833278766,-564.775,0.12001062369970342,0.0,0.0
JVASP-65764,1,Bi,BaBi2Cl,693.1378279916629,-565.945,-0.0,0.00100000000009004,0.0
JVASP-65702,3,Pb,BaK2Pb,693.0240411645184,565.556,0.05602274575815662,5.684341886080802e-14,0.0
JVASP-65540,1,Bi,BaBi2Cl,692.9386028256761,-565.782,-0.0,0.0,0.0
JVASP-29341,23,Br,AuBiBr6,692.9303804640117,552.684,0.3792112671978925,2.842170943040401e-14,0.0
JVASP-29341,22,Br,AuBiBr6,692.9303804640117,552.684,0.3792112671978925,2.842170943040401e-14,0.0
JVASP-65590,1,Bi,BaBi2Br,692.6258846354214,-565.527,-0.0,0.00100000000009004,0.0
JVASP-77354,3,Hg,CuHg2Sc,692.5714713897765,-564.72,0.09000920810313072,0.0010000000000047748,0.0
JVASP-77354,2,Hg,CuHg2Sc,692.5714713897765,-564.72,0.09000920810313072,0.0010000000000047748,0.0
JVASP-69119,1,Bi,BaBi2Br,692.4927956924895,-565.418,-0.0,0.0,0.0
JVASP-4279,4,Br,Br3P,692.3188084762684,565.103,0.04280989483333129,0.0,0.0
JVASP-4279,11,Br,Br3P,692.3188084762684,565.103,0.04280989483333129,0.0,0.0
JVASP-4279,6,Br,Br3P,692.3188084762684,565.103,0.04280989483333129,0.0,0.0
JVASP-4279,7,Br,Br3P,692.3188084762684,565.103,0.04280989483333129,0.0,0.0
JVASP-4279,9,Br,Br3P,692.3188084762684,565.103,0.04280989483333129,0.0,0.0
JVASP-4279,10,Br,Br3P,692.3188084762684,565.103,0.04280989483333129,0.0,0.0
JVASP-4279,8,Br,Br3P,692.3188084762684,565.103,0.04280989483333129,0.0,0.0
JVASP-4279,5,Br,Br3P,692.3188084762684,565.103,0.04280989483333129,0.0,0.0
JVASP-81001,6,Pb,HgLi2Pb,692.1002809203302,-548.065,0.43515823853010127,1.1368683772161603e-13,0.0
JVASP-81001,7,Pb,HgLi2Pb,692.1002809203302,-548.065,0.43515823853010127,1.1368683772161603e-13,0.0
JVASP-12182,4,Te,Te3Y,690.7504104508372,-563.455,0.0758729623483686,5.684341886080802e-14,0.0
JVASP-12182,5,Te,Te3Y,690.7504104508372,-563.455,0.0758729623483686,5.684341886080802e-14,0.0
JVASP-12182,11,Te,Te3Y,690.7504104508372,-563.455,0.0758729623483686,5.684341886080802e-14,0.0
JVASP-12182,10,Te,Te3Y,690.7504104508372,-563.455,0.0758729623483686,5.684341886080802e-14,0.0
JVASP-1939,3,Hg,ClHg,690.2149604746336,-563.558,1.7744402527802874e-06,0.0009999999999763531,0.0
JVASP-1939,2,Hg,ClHg,690.2149604746336,-563.558,1.7744402527802874e-06,0.0009999999999763531,0.0
JVASP-39639,0,U,CU3,690.0833142824133,563.451,0.0,0.0009999999999763531,0.0
JVASP-39639,2,U,CU3,690.0833142824133,563.451,0.0,0.0009999999999763531,0.0
JVASP-39639,1,U,CU3,690.0833142824133,563.451,0.0,0.0009999999999763531,0.0
JVASP-4267,7,Te,SmTe3,689.863913294499,-562.496,0.09098375810672431,0.0,0.0
JVASP-4267,13,Te,SmTe3,689.863913294499,-562.496,0.09098375810672431,0.0,0.0
JVASP-4267,12,Te,SmTe3,689.863913294499,-562.496,0.09098375810672431,0.0,0.0
JVASP-4267,6,Te,SmTe3,689.863913294499,-562.496,0.09098375810672431,0.0,0.0
JVASP-2589,2,Se,BaSe2,689.5871924252945,561.952,0.10808218495529871,0.0010000000000047748,0.0
JVASP-2589,1,Se,BaSe2,689.5871924252945,561.952,0.10808218495529871,0.0010000000000047748,0.0
JVASP-2589,0,Se,BaSe2,689.5866465310941,561.952,0.10808396446671607,5.684341886080802e-14,0.0
JVASP-2589,3,Se,BaSe2,689.5866465310941,561.952,0.10808396446671607,5.684341886080802e-14,0.0
JVASP-25049,3,Se,Se,687.5053739622695,-552.003,0.32001094196951824,0.0010000000000331966,0.0
JVASP-25049,0,Se,Se,687.5053739622695,-552.003,0.32001094196951824,0.0010000000000331966,0.0
JVASP-25049,4,Se,Se,687.5047201117967,-552.003,0.3200127535538756,0.0,0.0
JVASP-25049,1,Se,Se,687.5047201117967,-552.003,0.3200127535538756,0.0,0.0
JVASP-25049,2,Se,Se,687.504462939696,-552.003,0.32001094196951824,2.842170943040401e-14,0.0
JVASP-25049,5,Se,Se,687.504462939696,-552.003,0.32001094196951824,2.842170943040401e-14,0.0
JVASP-7802,5,Se,Se,687.5031364532093,-552.002,0.32001333328502435,0.0010000000000047748,0.0
JVASP-7802,2,Se,Se,687.5031364532093,-552.002,0.32001333328502435,0.0010000000000047748,0.0
JVASP-7802,4,Se,Se,687.5025770904426,-552.0,0.3200163043478261,0.0,0.0
JVASP-7802,1,Se,Se,687.5025770904426,-552.0,0.3200163043478261,0.0,0.0
JVASP-7802,0,Se,Se,687.5018055947198,-552.001,0.3200157246091946,5.684341886080802e-14,0.0
JVASP-7802,3,Se,Se,687.5018055947198,-552.001,0.3200157246091946,5.684341886080802e-14,0.0
JVASP-65598,1,Bi,BaBi2Cl,687.173320467988,-561.075,-0.0,0.00100000000009004,0.0
JVASP-1022,2,Te,Te,687.1627801132712,-553.173,0.2936549686987615,0.0009999999999763531,0.0
JVASP-1022,1,Te,Te,687.1625797626061,-553.171,0.29365783817300617,0.0,0.0
JVASP-1022,0,Te,Te,687.1625797626061,-553.171,0.29365783817300617,0.0,0.0
JVASP-35895,2,Hg,HgSe,686.8234001481021,-560.338,0.06949020055752063,0.0009999999999621423,0.0
JVASP-35895,1,Hg,HgSe,686.821856456243,-560.337,0.06948497065159003,0.0,0.0
JVASP-35895,0,Hg,HgSe,686.821856456243,-560.337,0.06948497065159003,0.0,0.0
JVASP-65573,1,Bi,BaBi2Br,686.5846264328966,-560.594,-0.0,0.0,0.0
JVASP-30468,2,Br,Br3Se,686.2661927663346,-560.334,0.0,0.0,0.0
JVASP-30468,3,Br,Br3Se,686.2661927663346,-560.334,0.0,0.0,0.0
JVASP-30468,6,Br,Br3Se,686.2661927663346,-560.334,0.0,0.0,0.0
JVASP-30468,5,Br,Br3Se,686.2661927663346,-560.334,0.0,0.0,0.0
JVASP-5683,8,I,GaI7Te,686.2429893397818,505.87,0.8249253760847649,2.842170943040401e-14,0.0
JVASP-5683,9,I,GaI7Te,686.2429893397818,505.87,0.8249253760847649,2.842170943040401e-14,0.0
JVASP-5590,23,Se,P2Se5,686.1904379995397,-520.643,0.6885370589828347,0.0,0.0
JVASP-5590,22,Se,P2Se5,686.1904379995397,-520.643,0.6885370589828347,0.0,0.0
JVASP-5590,21,Se,P2Se5,686.1904379995397,-520.643,0.6885370589828347,0.0,0.0
JVASP-5590,20,Se,P2Se5,686.1904379995397,-520.643,0.6885370589828347,0.0,0.0
JVASP-12089,2,Hg,BrHgO3,685.4271762076552,-558.993,0.08396348433701316,0.0,0.0
JVASP-12089,1,Hg,BrHgO3,685.4271762076552,-558.993,0.08396348433701316,0.0,0.0
JVASP-12089,7,Hg,BrHgO3,685.4271762076552,-558.993,0.08396348433701316,0.0,0.0
JVASP-12089,5,Hg,BrHgO3,685.4271762076552,-558.993,0.08396348433701316,0.0,0.0
JVASP-12089,0,Hg,BrHgO3,685.4271762076552,-558.993,0.08396348433701316,0.0,0.0
JVASP-12089,4,Hg,BrHgO3,685.4271762076552,-558.993,0.08396348433701316,0.0,0.0
JVASP-12089,3,Hg,BrHgO3,685.4271762076552,-558.993,0.08396348433701316,0.0,0.0
JVASP-12089,6,Hg,BrHgO3,685.4271762076552,-558.993,0.08396348433701316,0.0,0.0
JVASP-29462,2,Hg,Hg3O5Se4,683.3169305732151,-556.74,0.1131120451198046,0.0,0.0
JVASP-29462,5,Hg,Hg3O5Se4,683.3169305732151,-556.74,0.1131120451198046,0.0,0.0
JVASP-4279,15,Br,Br3P,682.8574531379152,557.299,0.05203849280188907,0.0,0.0
JVASP-4279,13,Br,Br3P,682.8574531379152,557.299,0.05203849280188907,0.0,0.0
JVASP-4279,14,Br,Br3P,682.8574531379152,557.299,0.05203849280188907,0.0,0.0
JVASP-4279,12,Br,Br3P,682.8574531379152,557.299,0.05203849280188907,0.0,0.0
JVASP-29750,0,Hg,C2HgN2S2,682.3471721960897,-553.516,0.19836463625261055,0.0,0.0
JVASP-52006,0,Hg,C2HgN2S2,682.190907916545,-553.398,0.19811238927498837,0.0,0.0
JVASP-29408,0,Pb,O5Pb2S,682.096875483241,-493.708,0.9041680507506462,0.0,0.0
JVASP-29408,1,Pb,O5Pb2S,682.096875483241,-493.708,0.9041680507506462,0.0,0.0
JVASP-32309,15,Br,Br9TaTe,682.0196790042058,556.84,0.01681452481861935,0.0009999999999763531,0.0
JVASP-32309,16,Br,Br9TaTe,682.0196790042058,556.84,0.01681452481861935,0.0009999999999763531,0.0
JVASP-32309,17,Br,Br9TaTe,682.0196790042058,556.84,0.01681452481861935,0.0009999999999763531,0.0
JVASP-32309,14,Br,Br9TaTe,682.0196790042058,556.84,0.01681452481861935,0.0009999999999763531,0.0
JVASP-5590,10,Se,P2Se5,681.9792526389641,-517.584,0.6871966675940525,0.0,0.0
JVASP-5590,9,Se,P2Se5,681.9792526389641,-517.584,0.6871966675940525,0.0,0.0
JVASP-5590,11,Se,P2Se5,681.9792526389641,-517.584,0.6871966675940525,0.0,0.0
JVASP-5590,8,Se,P2Se5,681.9792526389641,-517.584,0.6871966675940525,0.0,0.0
JVASP-29462,1,Hg,Hg3O5Se4,681.1346798937784,-547.727,0.30481608538560273,1.1368683772161603e-13,0.0
JVASP-29462,3,Hg,Hg3O5Se4,681.1346798937784,-547.727,0.30481608538560273,1.1368683772161603e-13,0.0
JVASP-29341,18,Br,AuBiBr6,680.1815774761913,536.353,0.46525515844975235,0.0,0.0
JVASP-29341,19,Br,AuBiBr6,680.1815774761913,536.353,0.46525515844975235,0.0,0.0
JVASP-4089,7,Bi,BiO2Rb,679.0026841095696,-501.195,0.8190165504444379,2.842170943040401e-14,0.0
JVASP-4089,6,Bi,BiO2Rb,679.0026841095696,-501.195,0.8190165504444379,2.842170943040401e-14,0.0
JVASP-8326,2,W,N2W2Zn,678.903668395598,550.278,0.2103936555704571,0.0010000000000047748,0.0
JVASP-8326,1,W,N2W2Zn,678.903668395598,550.278,0.2103936555704571,0.0010000000000047748,0.0
JVASP-10154,6,Se,K2Se3,678.615490967455,553.913,0.04344725615755538,0.0010000000000029985,0.0
JVASP-10154,7,Se,K2Se3,678.615490967455,553.913,0.04344725615755538,0.0010000000000029985,0.0
JVASP-10154,9,Se,K2Se3,678.614844864891,553.913,0.043445450819894094,0.001000000000010104,0.0
JVASP-10154,8,Se,K2Se3,678.614844864891,553.913,0.043445450819894094,0.001000000000010104,0.0
JVASP-29462,0,Hg,Hg3O5Se4,678.5229847927039,-550.564,0.19413546835608575,0.0,0.0
JVASP-29462,4,Hg,Hg3O5Se4,678.5229847927039,-550.564,0.19413546835608575,0.0,0.0
JVASP-29341,9,Br,AuBiBr6,678.0860207407317,542.704,0.3497044429375866,2.842170943040401e-14,0.0
JVASP-29341,8,Br,AuBiBr6,678.0860207407317,542.704,0.3497044429375866,2.842170943040401e-14,0.0
JVASP-82066,3,Pt,HgPtSc2,677.4849538875384,553.164,0.0013359510018729215,0.0,0.0
JVASP-39444,4,Br,Br3S,676.8666841269409,-552.659,-0.0,0.0009999999999763531,0.0
JVASP-39444,7,Br,Br3S,676.8666841269409,-552.659,-0.0,0.0009999999999763531,0.0
JVASP-77426,6,Pt,HgPtSc2,676.711252066197,552.532,0.000989987910202532,0.0009999999999763531,0.0
JVASP-77426,7,Pt,HgPtSc2,676.711252066197,552.532,0.000989987910202532,0.0009999999999763531,0.0
JVASP-17917,6,Pb,CaLiPb,676.7046095557499,552.527,1.809866305236118e-06,0.0,0.0
JVASP-17917,7,Pb,CaLiPb,676.7046095557499,552.527,1.809866305236118e-06,0.0,0.0
JVASP-79520,2,Bi,BiZn,676.6835143130058,544.537,0.29747289899492596,0.0009999999998626663,0.0
JVASP-79520,3,Bi,BiZn,676.6835143130058,544.537,0.29747289899492596,0.0009999999998626663,0.0
JVASP-5230,4,Br,Br4Sn,674.0510031637072,550.252,0.034482382617418914,2.842170943040401e-14,0.0
JVASP-5230,5,Br,Br4Sn,674.0510031637072,550.252,0.034482382617418914,2.842170943040401e-14,0.0
JVASP-5230,6,Br,Br4Sn,674.0510031637072,550.252,0.034482382617418914,2.842170943040401e-14,0.0
JVASP-5230,7,Br,Br4Sn,674.0510031637072,550.252,0.034482382617418914,2.842170943040401e-14,0.0
JVASP-5518,20,Se,IP3Se4,673.7864944253483,-518.177,0.6177059190199488,0.0,0.0
JVASP-5518,23,Se,IP3Se4,673.7864944253483,-518.177,0.6177059190199488,0.0,0.0
JVASP-5518,22,Se,IP3Se4,673.7864944253483,-518.177,0.6177059190199488,0.0,0.0
JVASP-5518,21,Se,IP3Se4,673.7864944253483,-518.177,0.6177059190199488,0.0,0.0
JVASP-5683,10,I,GaI7Te,672.6060659762147,509.749,0.69432406929685,0.0,0.0
JVASP-5683,11,I,GaI7Te,672.6060659762147,509.749,0.69432406929685,0.0,0.0
JVASP-22656,1,Hg,BrHgI,671.8591326170986,-548.432,0.038980219972576335,0.0010000000000047748,0.0
JVASP-22656,0,Hg,BrHgI,671.8591326170986,-548.432,0.038980219972576335,0.0010000000000047748,0.0
JVASP-5230,9,Br,Br4Sn,671.5249606857515,548.215,0.02995357660771776,0.0,0.0
JVASP-5230,10,Br,Br4Sn,671.5249606857515,548.215,0.02995357660771776,0.0,0.0
JVASP-5230,8,Br,Br4Sn,671.5249606857515,548.215,0.02995357660771776,0.0,0.0
JVASP-5230,11,Br,Br4Sn,671.5249606857515,548.215,0.02995357660771776,0.0,0.0
JVASP-5230,13,Br,Br4Sn,671.2851520144028,548.09,0.011189768103778646,0.0010000000000047748,0.0
JVASP-5230,14,Br,Br4Sn,671.2851520144028,548.09,0.011189768103778646,0.0010000000000047748,0.0
JVASP-5230,12,Br,Br4Sn,671.2851520144028,548.09,0.011189768103778646,0.0010000000000047748,0.0
JVASP-5230,15,Br,Br4Sn,671.2851520144028,548.09,0.011189768103778646,0.0010000000000047748,0.0
JVASP-59722,0,U,Si2U3,670.8270454476325,541.398,0.2656345239546507,0.0,0.0
JVASP-59722,2,U,Si2U3,670.8270454476325,541.398,0.2656345239546507,0.0,0.0
JVASP-59722,1,U,Si2U3,670.8270454476325,541.398,0.2656345239546507,0.0,0.0
JVASP-59722,3,U,Si2U3,670.8270454476325,541.398,0.2656345239546507,0.0,0.0
JVASP-56338,4,Bi,Bi2U,670.4049301854812,-547.383,-0.0,0.0009999999999763531,0.0
JVASP-56338,2,Bi,Bi2U,670.4049301854812,-547.383,-0.0,0.0009999999999763531,0.0
JVASP-1023,2,Te,Te,670.2773109004959,-539.099,0.30287015928428723,2.842170943040401e-14,0.0
JVASP-1023,0,Te,Te,670.2770182827395,-539.098,0.3028725760436878,0.0,0.0
JVASP-1023,1,Te,Te,670.2770182827395,-539.098,0.3028725760436878,0.0,0.0
JVASP-53125,2,Cl,ClNaO2,670.1131695706331,-527.964,0.47111734891015294,0.0,0.0
JVASP-53125,3,Cl,ClNaO2,670.1131695706331,-527.964,0.47111734891015294,0.0,0.0
JVASP-25210,0,Te,Te,669.8035960399137,-538.696,0.303,0.0,0.0
JVASP-25210,1,Te,Te,669.8035960399137,-538.696,0.303,0.0,0.0
JVASP-25210,2,Te,Te,669.803368146951,-538.696,0.303,0.0010000000000047748,0.0
JVASP-8579,5,Hg,HgI2,667.8925833740034,-545.039,0.056779423123849856,0.0,0.0
JVASP-8579,4,Hg,HgI2,667.8925833740034,-545.039,0.056779423123849856,0.0,0.0
JVASP-12746,2,Br,AuBr3Rb,667.8241594791251,544.835,0.06973854469701837,5.684341886080802e-14,0.0
JVASP-12746,0,Br,AuBr3Rb,667.8241594791251,544.835,0.06973854469701837,5.684341886080802e-14,0.0
JVASP-12746,1,Br,AuBr3Rb,667.8225555295357,544.834,0.06973683727520673,0.0,0.0
JVASP-12746,3,Br,AuBr3Rb,667.8225555295357,544.834,0.06973683727520673,0.0,0.0
JVASP-8733,7,Cl,ClNaO2,667.5784094846088,-526.025,0.4703483674730289,0.0,0.0
JVASP-8733,6,Cl,ClNaO2,667.5784094846088,-526.025,0.4703483674730289,0.0,0.0
JVASP-36823,3,Au,AuO2Pb,667.2393185761763,-544.494,0.05796941747751127,5.684341886080802e-14,0.0
JVASP-36823,2,Au,AuO2Pb,667.2393185761763,-544.494,0.05796941747751127,5.684341886080802e-14,0.0
JVASP-36751,1,Au,AuLaO2,666.9393478405664,-544.554,-0.0,0.0,0.0
JVASP-18345,3,Bi,BaBi3,666.582093193329,544.262,0.0,0.0,0.0
JVASP-18345,2,Bi,BaBi3,666.582093193329,544.262,0.0,0.0,0.0
JVASP-18345,1,Bi,BaBi3,666.582093193329,544.262,0.0,0.0,0.0
JVASP-67725,1,Br,BeBrP,666.1117911627147,543.878,0.0,0.0,0.0
JVASP-29223,24,I,I2O5,665.1572981378164,-529.803,0.3904564526814684,0.0,0.0
JVASP-29223,25,I,I2O5,665.1572981378164,-529.803,0.3904564526814684,0.0,0.0
JVASP-29223,26,I,I2O5,665.1572981378164,-529.803,0.3904564526814684,0.0,0.0
JVASP-29223,27,I,I2O5,665.1572981378164,-529.803,0.3904564526814684,0.0,0.0
JVASP-29566,23,I,HgI2,664.5206509537533,-532.014,0.34688936757303374,2.842170943040401e-14,0.0
JVASP-29566,19,I,HgI2,664.5206509537533,-532.014,0.34688936757303374,2.842170943040401e-14,0.0
JVASP-29566,9,I,HgI2,664.5206509537533,-532.014,0.34688936757303374,2.842170943040401e-14,0.0
JVASP-29566,15,I,HgI2,664.5206509537533,-532.014,0.34688936757303374,2.842170943040401e-14,0.0
JVASP-29423,0,U,O8Te2Tl2U,664.3027440926313,514.409,0.5791131181608408,0.0010000000000012221,0.0
JVASP-29423,1,U,O8Te2Tl2U,664.301889578827,514.409,0.5791131181608408,0.0,0.0
JVASP-4080,2,Se,Br6PdSe2,664.2123056365338,-537.484,0.2330153083626675,0.0010000000000047748,0.0
JVASP-4080,1,Se,Br6PdSe2,664.2123056365338,-537.484,0.2330153083626675,0.0010000000000047748,0.0
JVASP-65792,3,Bi,BaBiCd2,663.590449721061,-541.819,-0.0,0.00100000000009004,0.0
JVASP-29620,2,Au,AuSe,663.4158561452989,-541.253,0.06852802663449446,0.0009999999999763531,0.0
JVASP-29620,3,Au,AuSe,663.4158561452989,-541.253,0.06852802663449446,0.0009999999999763531,0.0
JVASP-3636,5,I,AsI3,663.1966491064321,-498.767,0.7321635152285537,0.0,0.0
JVASP-3636,2,I,AsI3,663.1966491064321,-498.767,0.7321635152285537,0.0,0.0
JVASP-3636,3,I,AsI3,663.1957734485346,-498.766,0.73216097328206,0.0,0.0
JVASP-3636,6,I,AsI3,663.1957734485346,-498.766,0.73216097328206,0.0,0.0
JVASP-3636,4,I,AsI3,663.1952498352201,-498.766,0.7321629782302723,0.0,0.0
JVASP-3636,7,I,AsI3,663.1952498352201,-498.766,0.7321629782302723,0.0,0.0
JVASP-29341,17,Br,AuBiBr6,662.6972783541516,528.85,0.3747943651318899,5.684341886080802e-14,0.0
JVASP-29341,16,Br,AuBiBr6,662.6972783541516,528.85,0.3747943651318899,5.684341886080802e-14,0.0
JVASP-12099,17,I,I3O9Sc,661.6978920595108,-538.889,0.12425007747421081,2.842170943040401e-14,0.0
JVASP-12099,20,I,I3O9Sc,661.6978920595108,-538.889,0.12425007747421081,2.842170943040401e-14,0.0
JVASP-12099,8,I,I3O9Sc,661.6972628868884,-538.889,0.12425007747421081,0.0,0.0
JVASP-12099,11,I,I3O9Sc,661.6972628868884,-538.889,0.12425007747421081,0.0,0.0
JVASP-12099,23,I,I3O9Sc,661.6971810065387,-538.889,0.12425007747421081,2.842170943040401e-14,0.0
JVASP-12099,14,I,I3O9Sc,661.6971810065387,-538.889,0.12425007747421081,2.842170943040401e-14,0.0
JVASP-12099,12,I,I3O9Sc,661.6966662217666,-538.889,0.12424822180449038,0.0010000000000047748,0.0
JVASP-12099,21,I,I3O9Sc,661.6966662217666,-538.889,0.12424822180449038,0.0010000000000047748,0.0
JVASP-12099,19,I,I3O9Sc,661.6965391922494,-538.889,0.12425007747421081,0.0010000000000047748,0.0
JVASP-12099,16,I,I3O9Sc,661.6965391922494,-538.889,0.12425007747421081,0.0010000000000047748,0.0
JVASP-12099,18,I,I3O9Sc,661.6965221723626,-538.889,0.12425007747421081,0.0010000000000047748,0.0
JVASP-12099,9,I,I3O9Sc,661.6965221723626,-538.889,0.12425007747421081,0.0010000000000047748,0.0
JVASP-12099,6,I,I3O9Sc,661.6965221723626,-538.889,0.12425007747421081,0.0010000000000047748,0.0
JVASP-12099,15,I,I3O9Sc,661.6965221723626,-538.889,0.12425007747421081,0.0010000000000047748,0.0
JVASP-12099,7,I,I3O9Sc,661.6962084763672,-538.889,0.12425007747421081,0.0,0.0
JVASP-12099,10,I,I3O9Sc,661.6962084763672,-538.889,0.12425007747421081,0.0,0.0
JVASP-12099,13,I,I3O9Sc,661.696065156806,-538.888,0.12425030804174521,0.0,0.0
JVASP-12099,22,I,I3O9Sc,661.696065156806,-538.888,0.12425030804174521,0.0,0.0
JVASP-65727,3,Bi,BaBiCd2,660.9343863433041,-539.651,-0.0,0.0009999999999763531,0.0
JVASP-54558,2,Tl,CuO5Sr2Tl,660.6506541932733,-539.419,6.117693295937937e-05,0.0,0.0
JVASP-12076,23,I,I3InO9,659.963678789977,-536.569,0.16015647568159921,0.0,0.0
JVASP-12076,11,I,I3InO9,659.963678789977,-536.569,0.16015461198839287,0.0,0.0
JVASP-12076,7,I,I3InO9,659.963678789977,-536.569,0.16015461198839287,0.0,0.0
JVASP-12076,13,I,I3InO9,659.963678789977,-536.569,0.16015647568159921,0.0,0.0
JVASP-12076,19,I,I3InO9,659.9635479320051,-536.568,0.16015677416469115,0.0010000000000047748,0.0
JVASP-12076,17,I,I3InO9,659.9635479320051,-536.568,0.16015677416469115,0.0010000000000047748,0.0
JVASP-12076,18,I,I3InO9,659.963546652389,-536.569,0.16015647568159921,2.842170943040401e-14,0.0
JVASP-12076,15,I,I3InO9,659.963546652389,-536.569,0.16015647568159921,2.842170943040401e-14,0.0
JVASP-12076,21,I,I3InO9,659.9628085922722,-536.568,0.16015677416469115,0.0010000000000047748,0.0
JVASP-12076,12,I,I3InO9,659.9628085922722,-536.568,0.16015677416469115,0.0010000000000047748,0.0
JVASP-12076,9,I,I3InO9,659.962668359355,-536.568,0.16015677416469115,0.0,0.0
JVASP-12076,6,I,I3InO9,659.962668359355,-536.568,0.16015677416469115,0.0,0.0
JVASP-12076,14,I,I3InO9,659.9625075305414,-536.569,0.16015647568159921,0.0,0.0
JVASP-12076,8,I,I3InO9,659.9625075305414,-536.568,0.16015491046801145,0.0,0.0
JVASP-12076,16,I,I3InO9,659.9625075305414,-536.568,0.16015677416469115,0.0,0.0
JVASP-12076,20,I,I3InO9,659.9625075305414,-536.568,0.16015677416469115,0.0,0.0
JVASP-12076,10,I,I3InO9,659.9625075305414,-536.568,0.16015491046801145,0.0,0.0
JVASP-12076,22,I,I3InO9,659.9625075305414,-536.569,0.16015647568159921,0.0,0.0
JVASP-67845,1,Re,BeReSr,659.9096831339876,538.814,0.0,0.0,0.0
JVASP-854,4,Cl,Cl,659.4493451956716,538.144,0.05722446036748531,0.0010000000000331966,0.0
JVASP-854,7,Cl,Cl,659.4493451956716,538.144,0.05722446036748531,0.0010000000000331966,0.0
JVASP-854,3,Cl,Cl,659.4493451956716,538.144,0.05722446036748531,0.0010000000000331966,0.0
JVASP-854,0,Cl,Cl,659.4493451956716,538.144,0.05722446036748531,0.0010000000000331966,0.0
JVASP-854,1,Cl,Cl,659.4493451956716,538.144,0.05722446036748531,0.0010000000000331966,0.0
JVASP-854,6,Cl,Cl,659.4493451956716,538.144,0.05722446036748531,0.0010000000000331966,0.0
JVASP-854,2,Cl,Cl,659.4493451956716,538.144,0.05722446036748531,0.0010000000000331966,0.0
JVASP-854,5,Cl,Cl,659.4493451956716,538.144,0.05722446036748531,0.0010000000000331966,0.0
JVASP-8128,6,Se,BaSe3,658.5415026093648,535.992,0.1382669890595382,0.0010000000000047748,0.0
JVASP-8128,3,Se,BaSe3,658.5415026093648,535.992,0.1382669890595382,0.0010000000000047748,0.0
JVASP-8128,2,Se,BaSe3,658.5415026093648,535.992,0.1382669890595382,0.0010000000000047748,0.0
JVASP-8128,7,Se,BaSe3,658.5415026093648,535.992,0.1382669890595382,0.0010000000000047748,0.0
JVASP-5230,19,Br,Br4Sn,657.7161373434591,537.02,0.005705560314327147,2.842170943040401e-14,0.0
JVASP-5230,18,Br,Br4Sn,657.7161373434591,537.02,0.005705560314327147,2.842170943040401e-14,0.0
JVASP-5230,16,Br,Br4Sn,657.7161373434591,537.02,0.005705560314327147,2.842170943040401e-14,0.0
JVASP-5230,17,Br,Br4Sn,657.7161373434591,537.02,0.005705560314327147,2.842170943040401e-14,0.0
JVASP-29341,14,Br,AuBiBr6,657.4932453310832,516.816,0.48681929352032444,0.0,0.0
JVASP-29341,15,Br,AuBiBr6,657.4932453310832,516.816,0.48681929352032444,0.0,0.0
JVASP-64881,7,Bi,Be2BiSi,657.2454547906741,536.639,0.0,0.0009999999999763531,0.0
JVASP-64881,6,Bi,Be2BiSi,657.2454547906741,536.639,0.0,0.0009999999999763531,0.0
JVASP-4219,8,I,AlI3,657.0621018587208,536.461,0.017665776263325713,0.000999999999990564,0.0
JVASP-4219,11,I,AlI3,657.0621018587208,536.461,0.017665776263325713,0.000999999999990564,0.0
JVASP-4219,9,I,AlI3,657.0621018587208,536.461,0.017665776263325713,0.000999999999990564,0.0
JVASP-4219,10,I,AlI3,657.0621018587208,536.461,0.017665776263325713,0.000999999999990564,0.0
JVASP-84889,1,Cl,Cl,656.9629464193547,535.854,0.0787789211240375,0.0,0.0
JVASP-84889,2,Cl,Cl,656.9629464193547,535.854,0.0787789211240375,0.0,0.0
JVASP-84889,4,Cl,Cl,656.9629464193547,535.854,0.0787789211240375,0.0,0.0
JVASP-84889,3,Cl,Cl,656.9629464193547,535.854,0.0787789211240375,0.0,0.0
JVASP-84889,0,Cl,Cl,656.9629464193547,535.854,0.0787789211240375,0.0,0.0
JVASP-84889,7,Cl,Cl,656.9629464193547,535.854,0.0787789211240375,0.0,0.0
JVASP-84889,6,Cl,Cl,656.9629464193547,535.854,0.0787789211240375,0.0,0.0
JVASP-84889,5,Cl,Cl,656.9629464193547,535.854,0.0787789211240375,0.0,0.0
JVASP-84956,0,Cl,Cl,656.8965271258481,535.801,0.07871765823505361,0.0,0.0
JVASP-84956,2,Cl,Cl,656.8965271258481,535.801,0.07871765823505361,0.0,0.0
JVASP-84956,1,Cl,Cl,656.8965271258481,535.801,0.07871765823505361,0.0,0.0
JVASP-84956,3,Cl,Cl,656.8965271258481,535.801,0.07871765823505361,0.0,0.0
JVASP-14056,27,Au,AuKSe5,656.60932627248,-535.997,0.03699834140862722,2.842170943040401e-14,0.0
JVASP-14056,25,Au,AuKSe5,656.60932627248,-535.997,0.03699834140862722,2.842170943040401e-14,0.0
JVASP-14056,26,Au,AuKSe5,656.6081457239166,-535.996,0.03700027612146358,0.0010000000000331966,0.0
JVASP-14056,24,Au,AuKSe5,656.6081457239166,-535.996,0.03700027612146358,0.0010000000000331966,0.0
JVASP-8128,5,Se,BaSe3,656.5495489824054,-523.376,0.38379482437100676,0.0010000000000047748,0.0
JVASP-8128,4,Se,BaSe3,656.5495489824054,-523.376,0.38379482437100676,0.0010000000000047748,0.0
JVASP-14056,21,Se,AuKSe5,655.9085056362663,-523.875,0.36764686232402766,0.0,0.0
JVASP-14056,22,Se,AuKSe5,655.9085056362663,-523.875,0.36764686232402766,0.0,0.0
JVASP-14056,23,Se,AuKSe5,655.907780962385,-523.875,0.36764686232402766,0.0010000000000047748,0.0
JVASP-14056,20,Se,AuKSe5,655.907780962385,-523.875,0.36764686232402766,0.0010000000000047748,0.0
JVASP-4249,15,I,GaI3,655.6257586733456,-532.112,0.19035842078359444,1.4210854715202004e-14,0.0
JVASP-4249,14,I,GaI3,655.6257586733456,-532.112,0.19035842078359444,1.4210854715202004e-14,0.0
JVASP-4249,13,I,GaI3,655.6257586733456,-532.112,0.19035842078359444,1.4210854715202004e-14,0.0
JVASP-4249,12,I,GaI3,655.6257586733456,-532.112,0.19035842078359444,1.4210854715202004e-14,0.0
JVASP-17607,1,Pu,AlPu3,655.5519565541697,506.919,0.5871766495238885,4.263256414560601e-14,0.0
JVASP-17607,2,Pu,AlPu3,655.5519565541697,506.919,0.5871766495238885,4.263256414560601e-14,0.0
JVASP-4912,9,Se,K2Se5,655.3652664186591,-527.376,0.297603607293468,0.0,0.0
JVASP-4912,11,Se,K2Se5,655.3652664186591,-527.376,0.297603607293468,0.0,0.0
JVASP-4912,8,Se,K2Se5,655.3652664186591,-527.376,0.297603607293468,0.0,0.0
JVASP-4912,10,Se,K2Se5,655.3652664186591,-527.376,0.297603607293468,0.0,0.0
JVASP-87051,3,Te,Te3U,654.4776160931708,534.345,0.01958846812452626,0.00100000000009004,0.0
JVASP-87051,2,Te,Te3U,654.4776160931708,534.345,0.01958846812452626,0.00100000000009004,0.0
JVASP-4219,6,I,AlI3,654.2925061507276,534.225,0.00557068650849361,0.0010000000000047748,0.0
JVASP-4219,7,I,AlI3,654.2925061507276,534.225,0.00557068650849361,0.0010000000000047748,0.0
JVASP-4219,4,I,AlI3,654.2925061507276,534.225,0.00557068650849361,0.0010000000000047748,0.0
JVASP-4219,5,I,AlI3,654.2925061507276,534.225,0.00557068650849361,0.0010000000000047748,0.0
JVASP-79403,2,U,PaU3,654.1917575780055,-534.145,-0.0,0.0009999999999763531,0.0
JVASP-5665,5,Te,Cl6TaTe2,654.142932053844,-515.512,0.46937025714241376,0.0,0.0
JVASP-5665,4,Te,Cl6TaTe2,654.142932053844,-515.512,0.46937025714241376,0.0,0.0
JVASP-26181,0,Os,B5Ca2Os3,653.5153997994232,516.511,0.44912305836661764,0.0010000000000331966,0.0
JVASP-3648,5,Hg,Br2Hg,653.142088565727,-533.244,0.02233874173924128,0.0,0.0
JVASP-3648,4,Hg,Br2Hg,653.142088565727,-533.244,0.02233874173924128,0.0,0.0
JVASP-29566,17,I,HgI2,652.7489282120654,-519.013,0.4043328394471814,0.0,0.0
JVASP-29566,22,I,HgI2,652.7489282120654,-519.013,0.4043328394471814,0.0,0.0
JVASP-29566,20,I,HgI2,652.7489282120654,-519.013,0.4043328394471814,0.0,0.0
JVASP-29566,14,I,HgI2,652.7489282120654,-519.013,0.4043328394471814,0.0,0.0
JVASP-29566,10,I,HgI2,652.7489282120654,-519.013,0.4043328394471814,0.0,0.0
JVASP-29566,13,I,HgI2,652.7489282120654,-519.013,0.4043328394471814,0.0,0.0
JVASP-29566,11,I,HgI2,652.7489282120654,-519.013,0.4043328394471814,0.0,0.0
JVASP-29566,21,I,HgI2,652.7489282120654,-519.013,0.4043328394471814,0.0,0.0
JVASP-35272,5,Bi,Bi2Yb,652.4227628968812,-529.508,0.19049759399291422,5.684341886080802e-14,0.0
JVASP-35272,4,Bi,Bi2Yb,652.4227628968812,-529.508,0.19049759399291422,5.684341886080802e-14,0.0
JVASP-29566,12,I,HgI2,652.3573682744758,-519.81,0.38731074815798083,8.526512829121202e-14,0.0
JVASP-29566,8,I,HgI2,652.3573682744758,-519.81,0.38731074815798083,8.526512829121202e-14,0.0
JVASP-29566,18,I,HgI2,652.3573682744758,-519.81,0.38731074815798083,8.526512829121202e-14,0.0
JVASP-29566,16,I,HgI2,652.3573682744758,-519.81,0.38731074815798083,8.526512829121202e-14,0.0
JVASP-29341,20,Br,AuBiBr6,651.5503271114212,507.135,0.5488656866514834,0.0010000000000331966,0.0
JVASP-29341,21,Br,AuBiBr6,651.5503271114212,507.135,0.5488656866514834,0.0010000000000331966,0.0
JVASP-31900,9,Te,I6NbTe4,650.4727191881301,529.304,0.1431275788582743,5.684341886080802e-14,0.0
JVASP-31900,6,Te,I6NbTe4,650.4727191881301,529.304,0.1431275788582743,5.684341886080802e-14,0.0
JVASP-87051,7,Te,Te3U,650.2324143696621,530.877,0.020032888974282164,0.0010000000000331966,0.0
JVASP-87051,6,Te,Te3U,650.2324143696621,530.877,0.020032888974282164,0.0010000000000331966,0.0
JVASP-5224,5,I,HgI2,649.8483593747084,-517.019,0.3995810598836793,0.0,0.0
JVASP-5224,3,I,HgI2,649.8483593747084,-517.019,0.3995810598836793,0.0,0.0
JVASP-5224,2,I,HgI2,649.8483593747084,-517.019,0.3995810598836793,0.0,0.0
JVASP-5224,4,I,HgI2,649.8483593747084,-517.019,0.3995810598836793,0.0,0.0
JVASP-86890,0,Th,C2Th,649.5324360137837,530.341,0.0003865437520388598,0.0,0.0
JVASP-86890,1,Th,C2Th,649.5324360137837,530.341,0.0003865437520388598,0.0,0.0
JVASP-29569,2,Te,Te3U,649.2890318964274,530.097,0.022733575175864017,0.0010000000000189857,0.0
JVASP-29569,5,Te,Te3U,649.2890318964274,530.097,0.022733575175864017,0.0010000000000189857,0.0
JVASP-52682,5,I,Ag4IS,649.2196407072109,512.622,0.4559499982443204,0.0,0.0
JVASP-8748,4,Cl,ClKO2,648.5672908187707,-510.301,0.4802400935918214,0.0,0.0
JVASP-8748,5,Cl,ClKO2,648.5672908187707,-510.301,0.4802400935918214,0.0,0.0
JVASP-29569,7,Te,Te3U,648.5051325656567,529.48,0.016121477676210624,2.842170943040401e-14,0.0
JVASP-29569,4,Te,Te3U,648.5051325656567,529.48,0.016121477676210624,2.842170943040401e-14,0.0
JVASP-25104,6,Cl,Cl,648.2819598955381,528.547,0.094,5.684341886080802e-14,0.0
JVASP-25104,3,Cl,Cl,648.2819598955381,528.547,0.094,5.684341886080802e-14,0.0
JVASP-25104,7,Cl,Cl,648.2819598955381,528.547,0.094,5.684341886080802e-14,0.0
JVASP-25104,4,Cl,Cl,648.2819598955381,528.547,0.094,5.684341886080802e-14,0.0
JVASP-25104,5,Cl,Cl,648.2819598955381,528.547,0.094,5.684341886080802e-14,0.0
JVASP-25104,1,Cl,Cl,648.2819598955381,528.547,0.094,5.684341886080802e-14,0.0
JVASP-25104,2,Cl,Cl,648.2819598955381,528.547,0.094,5.684341886080802e-14,0.0
JVASP-25104,0,Cl,Cl,648.2819598955381,528.547,0.094,5.684341886080802e-14,0.0
JVASP-855,1,Cl,Cl,648.2768831942105,528.542,0.09372575878548915,0.0,0.0
JVASP-855,7,Cl,Cl,648.2768831942105,528.542,0.09372575878548915,0.0,0.0
JVASP-855,0,Cl,Cl,648.2768831942105,528.542,0.09372575878548915,0.0,0.0
JVASP-855,5,Cl,Cl,648.2768831942105,528.542,0.09372575878548915,0.0,0.0
JVASP-855,4,Cl,Cl,648.2768831942105,528.542,0.09372575878548915,0.0,0.0
JVASP-855,3,Cl,Cl,648.2768831942105,528.542,0.09372575878548915,0.0,0.0
JVASP-855,6,Cl,Cl,648.2768831942105,528.542,0.09372575878548915,0.0,0.0
JVASP-855,2,Cl,Cl,648.2768831942105,528.542,0.09372575878548915,0.0,0.0
JVASP-8294,0,Ta,F5Ta,648.0550350348341,-510.945,0.4662713207879517,0.0,0.0
JVASP-30603,0,Ta,F5Ta,648.0281328160066,-510.922,0.46629426800959833,0.0010000000000047748,0.0
JVASP-13048,0,Te,Te3Tl2,647.5077048869765,489.055,0.7112921859504555,2.1316282072803006e-14,0.0
JVASP-13048,2,Te,Te3Tl2,647.5077048869765,489.055,0.7112921859504555,2.1316282072803006e-14,0.0
JVASP-13048,1,Te,Te3Tl2,647.5068531575554,489.055,0.7112921859504555,2.1316282072803006e-14,0.0
JVASP-13048,3,Te,Te3Tl2,647.5068531575554,489.055,0.7112921859504555,2.1316282072803006e-14,0.0
JVASP-8754,5,I,I5Ta2,647.3160565148991,-509.422,0.4788387623620495,0.0,0.0
JVASP-85699,8,Pt,H2Li2Pt,646.3092015575827,-523.792,0.2122254635427803,1.1368683772161603e-13,0.0
JVASP-85699,9,Pt,H2Li2Pt,646.3092015575827,-523.792,0.2122254635427803,1.1368683772161603e-13,0.0
JVASP-356,2,Te,Te3Zr,646.279490978168,527.315,0.06487583323061163,0.0009999999999763531,0.0
JVASP-356,4,Te,Te3Zr,646.279490978168,527.315,0.06487583323061163,0.0009999999999763531,0.0
JVASP-35964,1,Bi,BiPr,645.9043172815924,527.379,0.0,0.0009999999999763531,0.0
JVASP-28444,7,Te,HfTe3,645.8603571531543,526.744,0.08261698282277534,0.0,0.0
JVASP-28444,6,Te,HfTe3,645.8603571531543,526.744,0.08261698282277534,0.0,0.0
JVASP-356,5,Te,Te3Zr,645.2441216159974,526.478,0.0641698228605943,0.0,0.0
JVASP-356,6,Te,Te3Zr,645.2441216159974,526.478,0.0641698228605943,0.0,0.0
JVASP-4255,5,Br,AsBr3,645.1183992826433,526.639,0.03344985844193084,0.000999999999990564,0.0
JVASP-4255,6,Br,AsBr3,645.1183992826433,526.639,0.03344985844193084,0.000999999999990564,0.0
JVASP-4255,7,Br,AsBr3,645.1183992826433,526.639,0.03344985844193084,0.000999999999990564,0.0
JVASP-4255,4,Br,AsBr3,645.1183992826433,526.639,0.03344985844193084,0.000999999999990564,0.0
JVASP-28444,3,Te,HfTe3,644.9315936717629,526.04,0.07881910120903352,0.0,0.0
JVASP-28444,2,Te,HfTe3,644.9315936717629,526.04,0.07881910120903352,0.0,0.0
JVASP-84803,3,Cl,Cl,644.0810629136678,525.003,0.10076323373390249,0.0,0.0
JVASP-84803,5,Cl,Cl,644.0810629136678,525.003,0.10076323373390249,0.0,0.0
JVASP-84803,4,Cl,Cl,644.0810629136678,525.003,0.10076323373390249,0.0,0.0
JVASP-84803,7,Cl,Cl,644.0810629136678,525.003,0.10076323373390249,0.0,0.0
JVASP-84803,6,Cl,Cl,644.0810629136678,525.003,0.10076323373390249,0.0,0.0
JVASP-84803,0,Cl,Cl,644.0810629136678,525.003,0.10076323373390249,0.0,0.0
JVASP-84803,1,Cl,Cl,644.0810629136678,525.003,0.10076323373390249,0.0,0.0
JVASP-84803,2,Cl,Cl,644.0810629136678,525.003,0.10076323373390249,0.0,0.0
JVASP-4255,9,Br,AsBr3,644.0079394549417,525.672,0.0424827649180478,0.0010000000000331966,0.0
JVASP-4255,11,Br,AsBr3,644.0079394549417,525.672,0.0424827649180478,0.0010000000000331966,0.0
JVASP-4255,8,Br,AsBr3,644.0079394549417,525.672,0.0424827649180478,0.0010000000000331966,0.0
JVASP-4255,10,Br,AsBr3,644.0079394549417,525.672,0.0424827649180478,0.0010000000000331966,0.0
JVASP-84857,2,Cl,Cl,644.0040028183055,524.936,0.10094563908743162,5.684341886080802e-14,0.0
JVASP-84857,0,Cl,Cl,644.0040028183055,524.936,0.10094563908743162,5.684341886080802e-14,0.0
JVASP-84857,1,Cl,Cl,644.0040028183055,524.936,0.10094563908743162,5.684341886080802e-14,0.0
JVASP-84857,3,Cl,Cl,644.0040028183055,524.936,0.10094563908743162,5.684341886080802e-14,0.0
JVASP-1984,3,Hg,BrHg,643.3636774733246,-525.304,3.8073191904298268e-06,0.0,0.0
JVASP-1984,2,Hg,BrHg,643.3636774733246,-525.304,3.8073191904298268e-06,0.0,0.0
JVASP-84976,1,Se,Se,642.967342207985,-516.71,0.31112809893363785,0.0,0.0
JVASP-84976,2,Se,Se,642.96676249321,-516.71,0.3111300342551915,0.0009999999999763531,0.0
JVASP-84976,0,Se,Se,642.96676249321,-516.71,0.3111300342551915,0.0009999999999763531,0.0
JVASP-8699,5,Sb,BaCdSb2,642.782996072547,-519.517,0.24835183449242268,0.0,0.0
JVASP-8699,4,Sb,BaCdSb2,642.7827434460263,-519.517,0.24835183449242268,0.0,0.0
JVASP-8410,1,Ta,BaCuO5Ta,642.1255711050604,524.293,0.0,0.0009999999999763531,0.0
JVASP-8343,1,W,MgN2W2,641.9366857813939,516.674,0.29549387040958125,0.0,0.0
JVASP-8343,2,W,MgN2W2,641.9366857813939,516.674,0.29549387040958125,0.0,0.0
JVASP-5683,7,I,GaI7Te,641.4689744594044,500.577,0.533176714071961,0.0,0.0
JVASP-5683,6,I,GaI7Te,641.4689744594044,500.577,0.533176714071961,0.0,0.0
JVASP-5461,15,I,AlI6Sb,639.2566860197866,521.918,0.01946282749397418,0.000999999999990564,0.0
JVASP-5461,14,I,AlI6Sb,639.2566860197866,521.918,0.01946282749397418,0.000999999999990564,0.0
JVASP-8295,1,W,CaN2W2,639.0423169415309,507.491,0.4138418218254116,0.0,0.0
JVASP-8295,2,W,CaN2W2,639.0423169415309,507.491,0.4138418218254116,0.0,0.0
JVASP-34226,4,Cl,ClO2Rb,638.8177982868041,-501.977,0.48891682288232335,0.0,0.0
JVASP-34226,1,Cl,ClO2Rb,638.8166332156669,-501.976,0.4889138126125552,0.0009999999999763531,0.0
JVASP-79403,1,U,PaU3,638.5158397205194,-521.346,-0.0,0.0,0.0
JVASP-79403,0,U,PaU3,638.5158397205194,-521.346,-0.0,0.0,0.0
JVASP-29341,12,Br,AuBiBr6,636.9831182284189,489.199,0.6252159141780748,0.0,0.0
JVASP-29341,13,Br,AuBiBr6,636.9831182284189,489.199,0.6252159141780748,0.0,0.0
JVASP-4255,13,Br,AsBr3,636.4749870701912,519.158,0.07769888935545632,0.0,0.0
JVASP-4255,15,Br,AsBr3,636.4749870701912,519.158,0.07769888935545632,0.0,0.0
JVASP-4255,14,Br,AsBr3,636.4749870701912,519.158,0.07769888935545632,0.0,0.0
JVASP-4255,12,Br,AsBr3,636.4749870701912,519.158,0.07769888935545632,0.0,0.0
JVASP-4143,7,Bi,BiKO2,635.3287611528381,-473.362,0.7763994574976445,5.684341886080802e-14,0.0
JVASP-4143,6,Bi,BiKO2,635.3287611528381,-473.362,0.7763994574976445,5.684341886080802e-14,0.0
JVASP-36847,3,Au,AuO2Pb,635.1457142860999,-511.046,0.29878132301201854,0.0,0.0
JVASP-29971,3,Cl,AgClO2,634.9321290941261,517.209,0.119,7.993605777301127e-15,0.0
JVASP-14056,11,Se,AuKSe5,634.4644882970205,469.505,0.8076357014302297,7.105427357601002e-15,0.0
JVASP-14056,7,Se,AuKSe5,634.4644882970205,469.505,0.8076357014302297,7.105427357601002e-15,0.0
JVASP-14056,10,Se,AuKSe5,634.4643661246863,469.505,0.8076357014302297,0.0,0.0
JVASP-14056,6,Se,AuKSe5,634.4643661246863,469.505,0.8076357014302297,0.0,0.0
JVASP-14056,4,Se,AuKSe5,634.4641432744643,469.505,0.8076357014302297,0.0010000000000047748,0.0
JVASP-14056,8,Se,AuKSe5,634.4641432744643,469.505,0.8076357014302297,0.0010000000000047748,0.0
JVASP-14056,5,Se,AuKSe5,634.4640143585766,469.505,0.8076357014302297,0.0,0.0
JVASP-14056,9,Se,AuKSe5,634.4640143585766,469.505,0.8076357014302297,0.0,0.0
JVASP-13067,4,Se,BSe3Tl,634.3615232010844,470.622,0.7960996298515581,2.842170943040401e-14,0.0
JVASP-13067,5,Se,BSe3Tl,634.3378005510943,470.619,0.795958089239916,0.0,0.0
JVASP-16812,2,Np,NpZr2,633.8287411454296,517.519,0.0,0.0,0.0
JVASP-4807,2,Np,NpZr2,633.6242087183854,517.352,1.1597519677070556e-05,0.0,0.0
JVASP-12134,13,Te,GeHfTe4,632.798639933747,516.67,0.009661873149205526,2.842170943040401e-14,0.0
JVASP-12134,20,Te,GeHfTe4,632.798639933747,516.67,0.009661873149205526,2.842170943040401e-14,0.0
JVASP-12134,21,Te,GeHfTe4,632.798639933747,516.67,0.009661873149205526,2.842170943040401e-14,0.0
JVASP-12134,12,Te,GeHfTe4,632.798639933747,516.67,0.009661873149205526,2.842170943040401e-14,0.0
JVASP-22549,8,Te,Ga2Te3,632.587459573773,-503.938,0.38922843683151503,0.0,0.0
JVASP-22549,4,Te,Ga2Te3,632.5857645442237,-503.936,0.3892339503429007,0.0,0.0
JVASP-16301,4,Au,AuCaP,632.5807260737557,516.5,0.0,0.0,0.0
JVASP-16301,5,Au,AuCaP,632.5807260737557,516.5,0.0,0.0,0.0
JVASP-82008,0,Hf,Au2HfSc,632.4004388818844,-516.353,0.00026532236667551164,4.263256414560601e-14,0.0
JVASP-63045,0,U,Au2U,631.8540441185766,515.907,3.8766676940021155e-06,0.00100000000009004,0.0
JVASP-30468,4,Br,Br3Se,631.5396929330728,-515.65,0.0,0.0,0.0
JVASP-30468,7,Br,Br3Se,631.5396929330728,-515.65,0.0,0.0,0.0
JVASP-31900,3,Te,I6NbTe4,630.8823531562758,513.425,0.14055606953303798,5.684341886080802e-14,0.0
JVASP-31900,4,Te,I6NbTe4,630.8823531562758,513.425,0.14055606953303798,5.684341886080802e-14,0.0
JVASP-41466,0,U,O2U,630.6817523561309,484.266,0.6262591220527561,0.0009999999999763531,0.0
JVASP-41466,1,U,O2U,630.6817523561309,484.266,0.6262591220527561,0.0009999999999763531,0.0
JVASP-65793,2,Se,BaClSe2,630.4778779473552,-514.065,0.09155651522667362,0.0009999999999763531,0.0
JVASP-65793,1,Se,BaClSe2,630.4778779473552,-514.065,0.09155651522667362,0.0009999999999763531,0.0
JVASP-4912,22,Se,K2Se5,629.8688318753357,-499.152,0.4297408404654294,2.842170943040401e-14,0.0
JVASP-4912,21,Se,K2Se5,629.8688318753357,-499.152,0.4297408404654294,2.842170943040401e-14,0.0
JVASP-4912,23,Se,K2Se5,629.8688318753357,-499.152,0.4297408404654294,2.842170943040401e-14,0.0
JVASP-4912,20,Se,K2Se5,629.8688318753357,-499.152,0.4297408404654294,2.842170943040401e-14,0.0
JVASP-63770,0,U,Au2U,629.4943690121462,513.98,1.1673605976831405e-05,0.0,0.0
JVASP-42084,1,Pa,O2Pa,629.0771902787448,482.838,0.6284571636863711,0.0010000000000331966,0.0
JVASP-42084,0,Pa,O2Pa,629.0771902787448,482.838,0.6284571636863711,0.0010000000000331966,0.0
JVASP-8827,7,Ta,Li3O4Ta,628.9904958638087,-513.568,4.283755997256714e-05,0.0009999999999854483,0.0
JVASP-40429,7,Au,AuK2Sb,627.3939489268286,-512.026,0.05295824821395792,3.552713678800501e-14,0.0
JVASP-40429,6,Au,AuK2Sb,627.3939171039196,-512.026,0.05295824821395792,0.0010000000000367493,0.0
JVASP-81154,7,Ir,IrLiSi2,626.005569804295,495.751,0.4347807669576057,2.842170943040401e-14,0.0
JVASP-81154,6,Ir,IrLiSi2,626.005569804295,495.751,0.4347807669576057,2.842170943040401e-14,0.0
JVASP-36837,2,Au,AuO2Sr,625.0392918545201,-501.447,0.32767770073407554,5.10702591327572e-15,0.0
JVASP-17586,3,Pb,CaPb,624.6272328789387,-510.006,-0.0,0.0,0.0
JVASP-17586,2,Pb,CaPb,624.6272328789387,-510.006,-0.0,0.0,0.0
JVASP-16384,4,Ir,B2CCeIr2,623.65150830091,509.209,5.891490527437462e-06,5.684341886080802e-14,0.0
JVASP-16384,5,Ir,B2CCeIr2,623.65150830091,509.209,5.891490527437462e-06,5.684341886080802e-14,0.0
JVASP-18251,6,Pb,Ni3Pb2S2,623.4318577310595,-509.03,3.929041510286483e-06,0.0,0.0
JVASP-2898,4,Au,AuRbTe,623.3194470205466,-498.777,0.35140152813782516,5.684341886080802e-14,0.0
JVASP-2898,5,Au,AuRbTe,623.3194470205466,-498.777,0.35140152813782516,5.684341886080802e-14,0.0
JVASP-32367,1,Hg,HgNO2,622.8259592197487,-507.032,0.13345903217153954,1.4210854715202004e-14,0.0
JVASP-32367,2,Hg,HgNO2,622.8259592197487,-507.032,0.13345903217153954,1.4210854715202004e-14,0.0
JVASP-32367,0,Hg,HgNO2,622.8259592197487,-507.032,0.13345903217153954,1.4210854715202004e-14,0.0
JVASP-32367,3,Hg,HgNO2,622.8259592197487,-507.032,0.13345903217153954,1.4210854715202004e-14,0.0
JVASP-15009,1,Pb,PbYb,622.8023630205654,-508.516,-0.0,0.0,0.0
JVASP-7804,1,Se,Se,621.9350503340361,-499.499,0.31723186633006273,2.842170943040401e-14,0.0
JVASP-21211,1,Se,Se,621.9347761566321,-499.499,0.3172338683360727,0.0010000000000047748,0.0
JVASP-21211,0,Se,Se,621.9347383978483,-499.499,0.31723186633006273,0.0,0.0
JVASP-21211,2,Se,Se,621.9347383978483,-499.499,0.31723186633006273,0.0,0.0
JVASP-25043,0,Se,Se,621.9346077209403,-499.498,0.317,0.0010000000000047748,0.0
JVASP-25043,1,Se,Se,621.9346077209403,-499.498,0.317,0.0010000000000047748,0.0
JVASP-7804,0,Se,Se,621.9343207204439,-499.498,0.3172345034414552,0.0,0.0
JVASP-7804,2,Se,Se,621.9343207204439,-499.498,0.3172345034414552,0.0,0.0
JVASP-25043,2,Se,Se,621.9343101670786,-499.499,0.317,0.0009999999999763531,0.0
JVASP-67378,3,Pb,Be2CrPb,620.7864329622548,-506.87,-0.0,0.0,0.0
JVASP-76788,5,Hg,HgRuY2,619.7899610351882,-477.51,0.607792506963205,4.263256414560601e-14,0.0
JVASP-76788,4,Hg,HgRuY2,619.7899610351882,-477.51,0.607792506963205,4.263256414560601e-14,0.0
JVASP-2637,6,Au,AsAuNa2,619.7393889934704,-489.245,0.45737820519371686,0.0,0.0
JVASP-2637,7,Au,AsAuNa2,619.7393889934704,-489.245,0.45737820519371686,0.0,0.0
JVASP-36795,2,Au,AuBaO2,618.9883946755383,-493.845,0.37689760957385415,0.0009999999999799059,0.0
JVASP-54443,3,I,ILiO3,617.6437376222639,-504.304,-0.0,0.0,0.0
JVASP-54443,2,I,ILiO3,617.6437376222639,-504.304,-0.0,0.0,0.0
JVASP-12467,2,I,ILiO3,617.6265911940644,-504.29,-0.0,0.0,0.0
JVASP-12467,3,I,ILiO3,617.6265911940644,-504.29,-0.0,0.0,0.0
JVASP-79403,3,Pa,PaU3,617.3122400106773,-504.033,1.983997079565772e-06,0.0009999999999763531,0.0
JVASP-36816,3,Au,AuCdO2,617.0972391884443,-497.446,0.27898304539588215,0.0,0.0
JVASP-856,7,Cl,Cl,617.0313311745199,502.06,0.144,0.0010000000000331966,0.0
JVASP-856,6,Cl,Cl,617.0313311745199,502.06,0.144,0.0010000000000331966,0.0
JVASP-856,4,Cl,Cl,617.0313311745199,502.06,0.144,0.0010000000000331966,0.0
JVASP-856,5,Cl,Cl,617.0313311745199,502.06,0.144,0.0010000000000331966,0.0
JVASP-856,2,Cl,Cl,617.0313311745199,502.06,0.144,0.0010000000000331966,0.0
JVASP-856,1,Cl,Cl,617.0313311745199,502.06,0.144,0.0010000000000331966,0.0
JVASP-856,0,Cl,Cl,617.0313311745199,502.06,0.144,0.0010000000000331966,0.0
JVASP-856,3,Cl,Cl,617.0313311745199,502.06,0.144,0.0010000000000331966,0.0
JVASP-81962,2,Tl,InSr2Tl,616.8007885922326,-503.615,0.0030400206506954832,7.105427357601002e-15,0.0
JVASP-78311,1,Bi,BiMg,615.0803466068478,-502.211,1.9911949360025465e-06,0.0,0.0
JVASP-4621,0,Hg,HgO3Se,614.9956195746439,-501.314,0.09957431869048136,0.0,0.0
JVASP-4621,3,Hg,HgO3Se,614.9956195746439,-501.314,0.09957431869048136,0.0,0.0
JVASP-4621,2,Hg,HgO3Se,614.9956195746439,-501.314,0.09957431869048136,0.0,0.0
JVASP-4621,1,Hg,HgO3Se,614.9956195746439,-501.314,0.09957431869048136,0.0,0.0
JVASP-39358,2,Bi,Bi3Pa,614.8509990160218,459.746,0.7596825203481924,0.0010000000000118803,0.0
JVASP-39358,4,Bi,Bi3Pa,614.8509990160218,459.746,0.7596825203481924,0.0010000000000118803,0.0
JVASP-39358,7,Bi,Bi3Pa,614.8506925327482,459.746,0.7596825203481924,7.105427357601002e-15,0.0
JVASP-39358,5,Bi,Bi3Pa,614.8506925327482,459.746,0.7596825203481924,7.105427357601002e-15,0.0
JVASP-39358,6,Bi,Bi3Pa,614.8502667918426,459.746,0.7596803452341075,7.105427357601002e-15,0.0
JVASP-39358,3,Bi,Bi3Pa,614.8501769447578,459.746,0.7596825203481922,0.0009999999999976694,0.0
JVASP-13067,3,Se,BSe3Tl,614.6641362850122,451.501,0.8406581602255587,0.000999999999990564,0.0
JVASP-13067,2,Se,BSe3Tl,614.4789959998633,451.366,0.8406525967839846,0.0010000000000047748,0.0
JVASP-78934,0,U,Au2U,614.3491740370455,501.614,3.588416591243602e-05,5.684341886080802e-14,0.0
JVASP-7734,0,U,Au2U,614.2748727703258,501.553,1.9938072347327854e-05,0.0009999999999763531,0.0
JVASP-8411,2,Re,BaCuO5Re,614.1417837869362,501.445,0.0,0.0009999999999763531,0.0
JVASP-31871,2,Te,Br10OTa2Te4,613.8084942585921,-477.207,0.5557839679635881,2.6645352591003757e-15,0.0
JVASP-31871,4,Te,Br10OTa2Te4,613.8084942585921,-477.207,0.5557839679635881,2.6645352591003757e-15,0.0
JVASP-5575,24,Te,INb2Te6,613.8047741098142,475.08,0.5818430580112822,0.0,0.0
JVASP-5575,26,Te,INb2Te6,613.8047741098142,475.08,0.5818430580112822,0.0,0.0
JVASP-5575,25,Te,INb2Te6,613.8047741098142,475.08,0.5818430580112822,0.0,0.0
JVASP-5575,27,Te,INb2Te6,613.8047741098142,475.08,0.5818430580112822,0.0,0.0
JVASP-5590,25,Se,P2Se5,612.1746018874027,-478.47,0.5233974961857587,0.0,0.0
JVASP-5590,27,Se,P2Se5,612.1746018874027,-478.47,0.5233974961857587,0.0,0.0
JVASP-5590,24,Se,P2Se5,612.1746018874027,-478.47,0.5233974961857587,0.0,0.0
JVASP-5590,26,Se,P2Se5,612.1746018874027,-478.47,0.5233974961857587,0.0,0.0
JVASP-67745,2,Pt,BeHfPt,612.0760474385515,499.758,4.001936937496848e-06,0.0,0.0
JVASP-29456,9,Te,O7Te3Tl2,611.8255016236246,-492.225,0.29998679465691497,0.0010000000000118803,0.0
JVASP-29456,6,Te,O7Te3Tl2,611.8255016236246,-492.225,0.29998679465691497,0.0010000000000118803,0.0
JVASP-81370,1,Hf,Hf2MoPt,611.5073578240903,-499.294,5.007069982816874e-05,0.0010000000000047748,0.0
JVASP-81370,2,Hf,Hf2MoPt,611.5073578240903,-499.294,5.007069982816874e-05,0.0010000000000047748,0.0
JVASP-81370,3,Hf,Hf2MoPt,611.5073578240903,-499.294,5.007069982816874e-05,0.0010000000000047748,0.0
JVASP-81370,0,Hf,Hf2MoPt,611.5073578240903,-499.294,5.007069982816874e-05,0.0010000000000047748,0.0
JVASP-37971,4,Au,AuBaP,611.3783511124678,499.188,6.00975985002509e-06,0.0009999999999763531,0.0
JVASP-37971,5,Au,AuBaP,611.3783511124678,499.188,6.00975985002509e-06,0.0009999999999763531,0.0
JVASP-84839,2,Te,Te,611.3345694216875,-490.218,0.33220118396305315,0.0,0.0
JVASP-84839,1,Te,Te,611.3345032754163,-490.218,0.3322032238718285,0.0010000000000047748,0.0
JVASP-84839,0,Te,Te,611.3345032754163,-490.218,0.3322032238718285,0.0010000000000047748,0.0
JVASP-65428,3,Bi,BaBi2Nb,610.3050663528855,-498.312,-0.0,0.0,0.0
JVASP-78432,1,Bi,BiSm,609.9270284361893,498.003,0.0,0.0010000000000331966,0.0
JVASP-31902,3,Se,Cl3NSe2,609.7116883593425,-471.273,0.5895839566450868,7.105427357601002e-15,0.0
JVASP-31902,2,Se,Cl3NSe2,609.7116883593425,-471.273,0.5895839566450868,7.105427357601002e-15,0.0
JVASP-31902,6,Se,Cl3NSe2,609.7116883593425,-471.273,0.5895839566450868,7.105427357601002e-15,0.0
JVASP-31902,4,Se,Cl3NSe2,609.7116883593425,-471.273,0.5895839566450868,7.105427357601002e-15,0.0
JVASP-84887,1,Te,Te,609.1621238241918,-488.483,0.3320524972209883,0.0,0.0
JVASP-84887,2,Te,Te,609.1621238241918,-488.483,0.3320524972209883,0.0,0.0
JVASP-84887,0,Te,Te,609.16172489742,-488.483,0.332054544375137,2.842170943040401e-14,0.0
JVASP-4397,24,Se,P4Se5,608.9851277461544,-482.606,0.42967555314272926,0.0,0.0
JVASP-4397,26,Se,P4Se5,608.9851277461544,-482.606,0.42967555314272926,0.0,0.0
JVASP-4397,27,Se,P4Se5,608.9851277461544,-482.606,0.42967555314272926,0.0,0.0
JVASP-4397,25,Se,P4Se5,608.9851277461544,-482.606,0.42967555314272926,0.0,0.0
JVASP-5596,21,Se,PSe,608.9272862353928,-467.234,0.6300633087489352,0.0,0.0
JVASP-5596,22,Se,PSe,608.9272862353928,-467.234,0.6300633087489352,0.0,0.0
JVASP-5596,23,Se,PSe,608.9272862353928,-467.234,0.6300633087489352,0.0,0.0
JVASP-5596,20,Se,PSe,608.9272862353928,-467.234,0.6300633087489352,0.0,0.0
JVASP-42088,0,Pa,Pa3Si,608.4867284674334,496.827,0.0,0.0009999999999763531,0.0
JVASP-42088,2,Pa,Pa3Si,608.4867284674334,496.827,0.0,0.0009999999999763531,0.0
JVASP-42088,1,Pa,Pa3Si,608.4867284674334,496.827,0.0,0.0009999999999763531,0.0
JVASP-16414,2,Au,AuS2V,608.4185510033368,-496.772,0.0,0.0010000000000331966,0.0
JVASP-16414,3,Au,AuS2V,608.4185510033368,-496.772,0.0,0.0010000000000331966,0.0
JVASP-35028,2,Pa,P2Pa,608.2189175888892,496.609,0.0,0.0009999999999763531,0.0
JVASP-18503,5,U,C2Si2U3,607.6185592606598,496.118,2.4187794032872128e-05,0.0,0.0
JVASP-18503,4,U,C2Si2U3,607.6185592606598,496.118,2.4187794032872128e-05,0.0,0.0
JVASP-5587,5,U,C2Si2U3,607.360649099034,495.907,1.8148564146072007e-05,0.0,0.0
JVASP-5587,4,U,C2Si2U3,607.360649099034,495.907,1.8148564146072007e-05,0.0,0.0
JVASP-5491,21,Se,Se9V2,607.2302817877251,495.675,0.03907399001361778,0.0,0.0
JVASP-5491,20,Se,Se9V2,607.2302817877251,495.675,0.03907399001361778,0.0,0.0
JVASP-2961,2,Au,Au3RbSe2,607.1031774171504,-495.372,0.06273870949508653,0.0,0.0
JVASP-2961,1,Au,Au3RbSe2,607.1031774171504,-495.372,0.06273870949508653,0.0,0.0
JVASP-2961,3,Au,Au3RbSe2,607.102468930081,-495.372,0.0627366908101387,0.0009999999999763531,0.0
JVASP-5518,14,Se,IP3Se4,606.8400529999647,-468.291,0.5987537663546812,0.0010000000000047748,0.0
JVASP-5518,12,Se,IP3Se4,606.8400529999647,-468.291,0.5987537663546812,0.0010000000000047748,0.0
JVASP-5518,15,Se,IP3Se4,606.8400529999647,-468.291,0.5987537663546812,0.0010000000000047748,0.0
JVASP-5518,13,Se,IP3Se4,606.8400529999647,-468.291,0.5987537663546812,0.0010000000000047748,0.0
JVASP-18340,1,Bi,Bi3Sr,606.7484072463643,495.408,0.0,0.0,0.0
JVASP-18340,2,Bi,Bi3Sr,606.7484072463643,495.408,0.0,0.0,0.0
JVASP-18340,3,Bi,Bi3Sr,606.7484072463643,495.408,0.0,0.0,0.0
JVASP-5155,1,U,Ni2SnU2,606.2445186754269,469.946,0.5730232835261923,0.0,0.0
JVASP-5155,0,U,Ni2SnU2,606.2445186754269,469.946,0.5730232835261923,0.0,0.0
JVASP-5155,3,U,Ni2SnU2,606.2445186754269,469.946,0.5730232835261923,0.0,0.0
JVASP-5155,2,U,Ni2SnU2,606.2445186754269,469.946,0.5730232835261923,0.0,0.0
JVASP-39386,0,Os,N2Os,606.2180930176862,-494.975,5.454820950556136e-05,0.0,0.0
JVASP-37578,3,Bi,BiSbU,605.3766929904058,-494.288,-0.0,0.0,0.0
JVASP-37578,2,Bi,BiSbU,605.3766929904058,-494.288,-0.0,0.0,0.0
JVASP-35767,0,Pa,C2Pa,604.6883863726837,-493.726,-0.0,0.0,0.0
JVASP-18453,8,U,Cl5O2U2,604.6667016431448,-493.653,0.025925093132220408,2.842170943040401e-14,0.0
JVASP-18453,7,U,Cl5O2U2,604.6667016431448,-493.653,0.025925093132220408,2.842170943040401e-14,0.0
JVASP-39414,3,F,F3O,604.5703169011856,493.494,0.040640818328085006,0.0,0.0
JVASP-37728,4,Pa,Pa3W,604.1837914856703,-493.314,-0.0,0.0,0.0
JVASP-37728,0,Pa,Pa3W,604.1837914856703,-493.314,-0.0,0.0,0.0
JVASP-37728,1,Pa,Pa3W,604.1837914856703,-493.314,-0.0,0.0,0.0
JVASP-37728,3,Pa,Pa3W,604.1837914856703,-493.314,-0.0,0.0,0.0
JVASP-32735,15,I,I3In,603.8471802550708,-490.899,0.16191314302942147,1.4210854715202004e-14,0.0
JVASP-32735,9,I,I3In,603.8471802550708,-490.899,0.16191314302942147,1.4210854715202004e-14,0.0
JVASP-32735,5,I,I3In,603.8471802550708,-490.899,0.16191314302942147,1.4210854715202004e-14,0.0
JVASP-32735,11,I,I3In,603.8471802550708,-490.899,0.16191314302942147,1.4210854715202004e-14,0.0
JVASP-34327,0,Tl,Ni3S2Tl2,603.2330647030217,492.537,1.2181825933889692e-05,0.0010000000000331966,0.0
JVASP-51471,2,Pb,Pb2Y,603.0178007289668,466.399,0.5859210675837642,0.0,0.0
JVASP-51471,3,Pb,Pb2Y,603.0178007289668,466.399,0.5859210675837642,0.0,0.0
JVASP-3852,5,Bi,BiF5,602.7554345370932,492.148,0.0,1.4210854715202004e-14,0.0
JVASP-32854,13,Br,Br4Si,601.9748022135145,491.429,0.03151014693882532,0.0,0.0
JVASP-32854,6,Br,Br4Si,601.9748022135145,491.429,0.03151014693882532,0.0,0.0
JVASP-32854,9,Br,Br4Si,601.9748022135145,491.429,0.03151014693882532,0.0,0.0
JVASP-32854,19,Br,Br4Si,601.9748022135145,491.429,0.03151014693882532,0.0,0.0
JVASP-213,4,Se,HfSe3,601.3378919908507,490.709,0.05864371755969421,2.842170943040401e-14,0.0
JVASP-213,5,Se,HfSe3,601.3378919908507,490.709,0.05864371755969421,2.842170943040401e-14,0.0
JVASP-4038,2,Sb,KSb2,601.31738081815,-489.349,0.1412202742827716,2.842170943040401e-14,0.0
JVASP-4038,3,Sb,KSb2,601.31738081815,-489.349,0.1412202742827716,2.842170943040401e-14,0.0
JVASP-7808,3,Se,HfSe3,601.1841922880209,490.6,0.05690379127598859,0.0009999999999763531,0.0
JVASP-7808,2,Se,HfSe3,601.1841922880209,490.6,0.05690379127598859,0.0009999999999763531,0.0
JVASP-32854,16,Br,Br4Si,600.9609581828091,490.614,0.028994280636100874,2.842170943040401e-14,0.0
JVASP-32854,5,Br,Br4Si,600.9609581828091,490.614,0.028994280636100874,2.842170943040401e-14,0.0
JVASP-32854,14,Br,Br4Si,600.9609581828091,490.614,0.028994280636100874,2.842170943040401e-14,0.0
JVASP-32854,8,Br,Br4Si,600.9609581828091,490.614,0.028994280636100874,2.842170943040401e-14,0.0
JVASP-12141,28,Se,B2BaSe6,599.8051867531657,448.048,0.7643756918901545,2.842170943040401e-14,0.0
JVASP-12141,17,Se,B2BaSe6,599.8051867531657,448.048,0.7643756918901545,2.842170943040401e-14,0.0
JVASP-12141,18,Se,B2BaSe6,599.8051867531657,448.048,0.7643756918901545,2.842170943040401e-14,0.0
JVASP-12141,19,Se,B2BaSe6,599.8051867531657,448.048,0.7643756918901545,2.842170943040401e-14,0.0
JVASP-12141,16,Se,B2BaSe6,599.8051867531657,448.048,0.7643756918901545,2.842170943040401e-14,0.0
JVASP-12141,24,Se,B2BaSe6,599.8051867531657,448.048,0.7643756918901545,2.842170943040401e-14,0.0
JVASP-12141,26,Se,B2BaSe6,599.8051867531657,448.048,0.7643756918901545,2.842170943040401e-14,0.0
JVASP-12141,27,Se,B2BaSe6,599.8051867531657,448.048,0.7643756918901545,2.842170943040401e-14,0.0
JVASP-12141,31,Se,B2BaSe6,599.8051867531657,448.048,0.7643756918901545,2.842170943040401e-14,0.0
JVASP-12141,14,Se,B2BaSe6,599.8051867531657,448.048,0.7643756918901545,2.842170943040401e-14,0.0
JVASP-12141,12,Se,B2BaSe6,599.8051867531657,448.048,0.7643756918901545,2.842170943040401e-14,0.0
JVASP-12141,15,Se,B2BaSe6,599.8051867531657,448.048,0.7643756918901545,2.842170943040401e-14,0.0
JVASP-12141,23,Se,B2BaSe6,599.8051867531657,448.048,0.7643756918901545,2.842170943040401e-14,0.0
JVASP-12141,29,Se,B2BaSe6,599.8051867531657,448.048,0.7643756918901545,2.842170943040401e-14,0.0
JVASP-12141,35,Se,B2BaSe6,599.8051867531657,448.048,0.7643756918901545,2.842170943040401e-14,0.0
JVASP-12141,30,Se,B2BaSe6,599.8051867531657,448.048,0.7643756918901545,2.842170943040401e-14,0.0
JVASP-35080,1,Ta,N3OTa2,599.7441231658714,-489.689,0.0005656651466543362,5.684341886080802e-14,0.0
JVASP-35080,0,Ta,N3OTa2,599.7441211500118,-489.689,0.0005452440222263434,0.0,0.0
JVASP-39414,4,F,F3O,599.4050809010548,489.212,0.04961243796145642,1.5987211554602254e-14,0.0
JVASP-8706,2,Au,AuO2Y,599.3840163384406,-489.395,6.130017674913566e-06,0.0,0.0
JVASP-8706,3,Au,AuO2Y,599.3840163384406,-489.395,6.130017674913566e-06,0.0,0.0
JVASP-29456,4,Te,O7Te3Tl2,599.3784487984198,-467.188,0.5402921307910307,0.0,0.0
JVASP-29456,8,Te,O7Te3Tl2,599.3784487984198,-467.188,0.5402921307910307,0.0,0.0
JVASP-14719,3,Pb,PbRh,598.7949140582275,-488.914,8.181397955449584e-06,0.0,0.0
JVASP-14719,4,Pb,PbRh,598.7949140582275,-488.914,8.181397955449584e-06,0.0,0.0
JVASP-65428,2,Bi,BaBi2Nb,598.4968927997872,-488.671,-0.0,0.0009999999999763531,0.0
JVASP-32854,7,Br,Br4Si,598.1705459306735,488.392,0.012406018116594862,0.0010000000000047748,0.0
JVASP-32854,15,Br,Br4Si,598.1705459306735,488.392,0.012406018116594862,0.0010000000000047748,0.0
JVASP-32854,10,Br,Br4Si,598.1705459306735,488.392,0.012406018116594862,0.0010000000000047748,0.0
JVASP-32854,17,Br,Br4Si,598.1705459306735,488.392,0.012406018116594862,0.0010000000000047748,0.0
JVASP-1918,2,Hg,HgI,597.5943190777504,-487.934,4.098915017156271e-06,5.684341886080802e-14,0.0
JVASP-1918,3,Hg,HgI,597.5943190777504,-487.934,4.098915017156271e-06,5.684341886080802e-14,0.0
JVASP-2029,1,Br,BrI,596.6001252271072,-469.157,0.48388279403270124,0.0010000000000331966,0.0
JVASP-2029,0,Br,BrI,596.6001252271072,-469.157,0.48388279403270124,0.0010000000000331966,0.0
JVASP-38932,2,U,MgU,596.4286777880486,-480.448,0.2866241507925935,0.0,0.0
JVASP-38932,3,U,MgU,596.4286777880486,-480.448,0.2866241507925935,0.0,0.0
JVASP-3561,3,I,IO3Tl,596.0462694917233,-486.67,2.0547804467190804e-06,0.001000000000000334,0.0
JVASP-29971,2,Cl,AgClO2,595.8893703582906,-486.313,0.053,0.0,0.0
JVASP-7808,7,Se,HfSe3,595.3199371581637,485.764,0.06214952116665699,0.0,0.0
JVASP-7808,6,Se,HfSe3,595.3199371581637,485.764,0.06214952116665699,0.0,0.0
JVASP-213,2,Se,HfSe3,595.2706550435691,485.707,0.06372772062169163,2.842170943040401e-14,0.0
JVASP-213,3,Se,HfSe3,595.2706550435691,485.707,0.06372772062169163,2.842170943040401e-14,0.0
JVASP-30537,2,Bi,Bi2O6Ti,595.2473874197182,-482.41,0.21219709375842122,0.0,0.0
JVASP-1261,2,Hg,FHg,594.9230411170843,-485.752,4.117327360483435e-06,0.0,0.0
JVASP-1261,3,Hg,FHg,594.9230411170843,-485.752,4.117327360483435e-06,0.0,0.0
JVASP-32854,18,Br,Br4Si,594.5952185630152,485.455,0.019361217826575072,0.0,0.0
JVASP-32854,11,Br,Br4Si,594.5952185630152,485.455,0.019361217826575072,0.0,0.0
JVASP-32854,4,Br,Br4Si,594.5952185630152,485.455,0.019361217826575072,0.0,0.0
JVASP-32854,12,Br,Br4Si,594.5952185630152,485.455,0.019361217826575072,0.0,0.0
JVASP-16242,4,Au,AuSiYb,594.4606834972351,484.575,0.09957798070474125,2.842170943040401e-14,0.0
JVASP-16242,5,Au,AuSiYb,594.4604243042593,484.575,0.09957798070474125,0.0,0.0
JVASP-78850,0,Ce,CeSe2,594.2451350326733,476.651,0.3294947456314997,0.0,0.0
JVASP-16823,4,Te,AuCrTe4,593.6737179798344,484.653,0.031,7.105427357601002e-15,0.0
JVASP-16823,2,Te,AuCrTe4,593.6737179798344,484.653,0.031,7.105427357601002e-15,0.0
JVASP-3768,4,I,IO3Rb,593.2390777848337,-484.377,2.064507604623619e-06,0.0009999999999998899,0.0
JVASP-84877,0,Se,Se,593.0721501149756,-476.262,0.31838147910183895,0.0,0.0
JVASP-84877,2,Se,Se,593.0721501149756,-476.261,0.31838214760393985,0.0,0.0
JVASP-84877,1,Se,Se,593.071167920006,-476.262,0.31838147910183895,2.842170943040401e-14,0.0
JVASP-4237,10,Br,Br3Ga,591.6227860723418,483.004,0.02595216602761053,0.0,0.0
JVASP-4237,9,Br,Br3Ga,591.6227860723418,483.004,0.02595216602761053,0.0,0.0
JVASP-4237,11,Br,Br3Ga,591.6227860723418,483.004,0.02595216602761053,0.0,0.0
JVASP-4237,8,Br,Br3Ga,591.6227860723418,483.004,0.02595216602761053,0.0,0.0
JVASP-16554,0,Hg,Hg2Pt,591.5734941543612,462.468,0.522,0.0,0.0
JVASP-16554,1,Hg,Hg2Pt,591.5734941543612,462.468,0.522,0.0,0.0
JVASP-2940,5,Au,Au3Rb3Sb2,591.2489526113345,-481.814,0.10818905220686828,0.0,0.0
JVASP-2940,6,Au,Au3Rb3Sb2,591.2480529760754,-481.813,0.10818512576456012,0.0,0.0
JVASP-2940,7,Au,Au3Rb3Sb2,591.2471065028565,-481.813,0.10818512576456012,0.0,0.0
JVASP-4912,13,Se,K2Se5,590.8583310303748,-456.962,0.5863178995189973,0.0,0.0
JVASP-4912,14,Se,K2Se5,590.8583310303748,-456.962,0.5863178995189973,0.0,0.0
JVASP-4912,15,Se,K2Se5,590.8583310303748,-456.962,0.5863178995189973,0.0,0.0
JVASP-4912,12,Se,K2Se5,590.8583310303748,-456.962,0.5863178995189973,0.0,0.0
JVASP-33818,3,Cl,BrCl,590.8144764712524,482.398,4.145954170583476e-06,0.0,0.0
JVASP-33818,2,Cl,BrCl,590.8132517251115,482.397,2.0729813825641014e-06,5.684341886080802e-14,0.0
JVASP-80762,6,Pb,HgMg2Pb,590.3317413988511,-481.801,0.05023028179684142,0.0010000000000047748,0.0
JVASP-80762,7,Pb,HgMg2Pb,590.3317413988511,-481.801,0.05023028179684142,0.0010000000000047748,0.0
JVASP-4237,6,Br,Br3Ga,589.8331500772063,481.57,0.018458375729385097,0.0,0.0
JVASP-4237,4,Br,Br3Ga,589.8331500772063,481.57,0.018458375729385097,0.0,0.0
JVASP-4237,5,Br,Br3Ga,589.8331500772063,481.57,0.018458375729385097,0.0,0.0
JVASP-4237,7,Br,Br3Ga,589.8331500772063,481.57,0.018458375729385097,0.0,0.0
JVASP-4397,17,Se,P4Se5,589.4990661731365,-456.126,0.5836238232418236,0.0009999999999763531,0.0
JVASP-4397,19,Se,P4Se5,589.4990661731365,-456.126,0.5836238232418236,0.0009999999999763531,0.0
JVASP-4397,18,Se,P4Se5,589.4990661731365,-456.126,0.5836238232418236,0.0009999999999763531,0.0
JVASP-4397,16,Se,P4Se5,589.4990661731365,-456.126,0.5836238232418236,0.0009999999999763531,0.0
JVASP-67126,4,Br,BeBrNi,589.1365759957533,481.028,0.0,0.0,0.0
JVASP-67126,5,Br,BeBrNi,589.1365759957533,481.028,0.0,0.0,0.0
JVASP-362,2,Se,Se3Zr,588.8254429616642,480.602,0.046291942189171126,0.0010000000000047748,0.0
JVASP-362,3,Se,Se3Zr,588.8254429616642,480.602,0.046291942189171126,0.0010000000000047748,0.0
JVASP-43960,1,Hg,BiHgO3,588.5829913155833,480.576,4.161672659436027e-06,0.0,0.0
JVASP-43960,0,Hg,BiHgO3,588.5829913155833,480.576,4.161672659436027e-06,0.0,0.0
JVASP-78430,0,Mo,MoN,588.53400153602,-480.536,1.2486057236086844e-05,0.0,0.0
JVASP-26417,3,Bi,BiCaClO2,588.447029181047,-471.267,0.3438687622939862,1.4210854715202004e-14,0.0
JVASP-26417,2,Bi,BiCaClO2,588.447029181047,-471.267,0.3438687622939862,1.4210854715202004e-14,0.0
JVASP-5566,25,I,Al3ITe3,588.2775991417658,478.02,0.17034852098238576,0.0,0.0
JVASP-5566,24,I,Al3ITe3,588.2775991417658,478.02,0.17034852098238576,0.0,0.0
JVASP-5566,27,I,Al3ITe3,588.2775991417658,478.02,0.17034852098238576,0.0,0.0
JVASP-5566,26,I,Al3ITe3,588.2775991417658,478.02,0.17034852098238576,0.0,0.0
JVASP-77471,3,Sn,GaRu2Sn,587.741607761438,-479.889,0.00040634396704236435,0.0,0.0
JVASP-77471,2,Sn,GaRu2Sn,587.741607761438,-479.889,0.00040634396704236435,0.0,0.0
JVASP-16269,0,Lu,CLu3Sn,587.4235661692506,-479.629,0.0,0.0009999999999763531,0.0
JVASP-16269,1,Lu,CLu3Sn,587.4235661692506,-479.629,0.0,0.0009999999999763531,0.0
JVASP-16269,2,Lu,CLu3Sn,587.4235661692506,-479.629,0.0,0.0009999999999763531,0.0
JVASP-5518,16,Se,IP3Se4,586.358153430137,-446.113,0.6746452132083127,0.0,0.0
JVASP-5518,17,Se,IP3Se4,586.358153430137,-446.113,0.6746452132083127,0.0,0.0
JVASP-5518,18,Se,IP3Se4,586.358153430137,-446.113,0.6746452132083127,0.0,0.0
JVASP-5518,19,Se,IP3Se4,586.358153430137,-446.113,0.6746452132083127,0.0,0.0
JVASP-5662,2,Te,Br6TaTe2,585.8556903436204,-458.165,0.5197625309659184,2.842170943040401e-14,0.0
JVASP-5662,3,Te,Br6TaTe2,585.8556903436204,-458.165,0.5197625309659184,2.842170943040401e-14,0.0
JVASP-5596,30,Se,PSe,584.837165980412,-446.979,0.6510977025766311,0.0,0.0
JVASP-5596,28,Se,PSe,584.837165980412,-446.979,0.6510977025766311,0.0,0.0
JVASP-5596,29,Se,PSe,584.837165980412,-446.979,0.6510977025766311,0.0,0.0
JVASP-5596,31,Se,PSe,584.837165980412,-446.979,0.6510977025766311,0.0,0.0
JVASP-29418,9,Te,Dy2O13Te5,584.5368288568309,-465.61,0.39008612357982003,2.842170943040401e-14,0.0
JVASP-29418,8,Te,Dy2O13Te5,584.5368288568309,-465.61,0.39008612357982003,2.842170943040401e-14,0.0
JVASP-29400,10,Te,O13Te5Y2,583.9847391516322,-464.98,0.39337605918534135,2.842170943040401e-14,0.0
JVASP-29400,7,Te,O13Te5Y2,583.9847391516322,-464.98,0.39337605918534135,2.842170943040401e-14,0.0
JVASP-32484,0,Os,C4Cl2O4Os,583.8131821242134,476.411,0.05837186798793484,0.0,0.0
JVASP-32484,1,Os,C4Cl2O4Os,583.8131821242134,476.411,0.05837186798793484,0.0,0.0
JVASP-5596,24,Se,PSe,583.8124692347706,-444.919,0.6660425830319677,0.0,0.0
JVASP-5596,26,Se,PSe,583.8124692347706,-444.919,0.6660425830319677,0.0,0.0
JVASP-5596,27,Se,PSe,583.8124692347706,-444.919,0.6660425830319677,0.0,0.0
JVASP-5596,25,Se,PSe,583.8124692347706,-444.919,0.6660425830319677,0.0,0.0
JVASP-76876,3,Tl,CaHg2Tl,583.2115406539895,-462.316,0.4275084574187353,5.684341886080802e-14,0.0
JVASP-76876,2,Tl,CaHg2Tl,583.2115406539895,-462.316,0.4275084574187353,5.684341886080802e-14,0.0
JVASP-81120,2,Tl,CaHg2Tl,582.8945525701882,-462.276,0.4240929661068279,5.684341886080802e-14,0.0
JVASP-81120,3,Tl,CaHg2Tl,582.8945525701882,-462.276,0.4240929661068279,5.684341886080802e-14,0.0
JVASP-36831,3,Au,AuBiO2,582.6346514635051,-475.718,0.0019612459482298184,0.0,0.0
JVASP-36831,2,Au,AuBiO2,582.6346514635051,-475.718,0.0019612459482298184,0.0,0.0
JVASP-16265,2,Sm,CGaSm3,582.4453865153367,-475.565,-0.0,0.0009999999999763531,0.0
JVASP-16265,1,Sm,CGaSm3,582.4453865153367,-475.565,-0.0,0.0009999999999763531,0.0
JVASP-16265,0,Sm,CGaSm3,582.4453865153367,-475.565,-0.0,0.0009999999999763531,0.0
JVASP-362,4,Se,Se3Zr,582.3026451116292,475.242,0.05108976058513347,0.0,0.0
JVASP-362,5,Se,Se3Zr,582.3026451116292,475.242,0.05108976058513347,0.0,0.0
JVASP-7994,0,Hg,HgO2,581.6880740878224,-463.607,0.3854299007564596,0.0,0.0
JVASP-7994,1,Hg,HgO2,581.6880740878224,-463.607,0.3854299007564596,0.0,0.0
JVASP-22568,2,I,IKO3,581.5837734840958,-474.861,1.4741155832980604e-05,0.0,0.0
JVASP-37130,1,Os,NOs,581.532702220606,452.35,0.5526649718138609,5.684341886080802e-14,0.0
JVASP-37130,0,Os,NOs,581.532702220606,452.35,0.5526649718138609,5.684341886080802e-14,0.0
JVASP-50106,1,Hg,HgO2,581.2189997393409,-461.03,0.4227447237706874,0.0,0.0
JVASP-50106,0,Hg,HgO2,581.2189997393409,-461.03,0.4227447237706874,0.0,0.0
JVASP-36820,3,Br,AuBrO2,580.4498387578378,-431.883,0.782732823473024,5.684341886080802e-14,0.0
JVASP-36820,2,Br,AuBrO2,580.4498387578378,-431.883,0.782732823473024,5.684341886080802e-14,0.0
JVASP-8041,1,Hg,HgTe,579.7416671656437,-472.904,0.07589278162163988,0.0,0.0
JVASP-8041,2,Hg,HgTe,579.7416671656437,-472.904,0.07589278162163988,0.0,0.0
JVASP-8041,0,Hg,HgTe,579.7413711112913,-472.904,0.07589066702755735,0.0,0.0
JVASP-37705,5,Se,PbSe2,579.6197567768028,472.571,0.09339760586239945,0.0,0.0
JVASP-37705,3,Se,PbSe2,579.6197567768028,472.571,0.09339760586239945,0.0,0.0
JVASP-37705,2,Se,PbSe2,579.6197567768028,472.571,0.09339760586239945,0.0,0.0
JVASP-37705,4,Se,PbSe2,579.6197567768028,472.571,0.09339760586239945,0.0,0.0
JVASP-16049,4,Th,Si2Tc2Th,578.9649580786388,-472.723,1.0577018676889959e-05,0.0009999999999763531,0.0
JVASP-29411,12,Te,O13Te5Tm2,578.3905724836808,-462.079,0.36548512267382843,2.842170943040401e-14,0.0
JVASP-29411,5,Te,O13Te5Tm2,578.3905724836808,-462.079,0.36548512267382843,2.842170943040401e-14,0.0
JVASP-35084,1,Ta,N2Ta,577.8358550782393,-471.801,1.0597688432189531e-05,0.0,0.0
JVASP-35084,0,Ta,N2Ta,577.8358550782393,-471.801,1.0597688432189531e-05,0.0,0.0
JVASP-14158,12,F,BF8N,577.7255335953224,471.71,0.003317716393546878,2.220446049250313e-15,0.0
JVASP-14158,13,F,BF8N,577.7255335953224,471.71,0.003317716393546878,2.220446049250313e-15,0.0
JVASP-14158,8,F,BF8N,577.7255335953224,471.71,0.003317716393546878,2.220446049250313e-15,0.0
JVASP-14158,11,F,BF8N,577.7255335953224,471.71,0.003317716393546878,2.220446049250313e-15,0.0
JVASP-14158,10,F,BF8N,577.7255335953223,471.71,0.003317716393546878,2.220446049250313e-15,0.0
JVASP-14158,9,F,BF8N,577.7255335953223,471.71,0.003317716393546878,2.220446049250313e-15,0.0
JVASP-14158,15,F,BF8N,577.7255335953223,471.71,0.003317716393546878,2.220446049250313e-15,0.0
JVASP-14158,14,F,BF8N,577.7255335953223,471.71,0.003317716393546878,2.220446049250313e-15,0.0
JVASP-14158,17,F,BF8N,577.3737475864313,471.419,0.007736217674722469,0.0,0.0
JVASP-14158,18,F,BF8N,577.3737475864313,471.419,0.007736217674722469,0.0,0.0
JVASP-14158,19,F,BF8N,577.3737475864313,471.419,0.007736217674722469,0.0,0.0
JVASP-14158,16,F,BF8N,577.3737475864313,471.419,0.007736217674722469,0.0,0.0
JVASP-52751,4,W,Li4O5W,577.172055607338,471.259,0.00034800396385000024,2.842170943040401e-14,0.0
JVASP-14158,20,F,BF8N,576.7343332332488,470.9,0.004404332129963865,0.0,0.0
JVASP-14158,21,F,BF8N,576.7343332332488,470.9,0.004404332129963865,0.0,0.0
JVASP-14158,22,F,BF8N,576.7343332332488,470.9,0.004404332129963865,0.0,0.0
JVASP-14158,23,F,BF8N,576.7343332332488,470.9,0.004404332129963865,0.0,0.0
JVASP-79651,6,F,F,576.7211958685064,462.447,0.3325072927275991,2.842170943040401e-14,0.0
JVASP-79651,7,F,F,576.7211958685064,462.447,0.3325072927275991,2.842170943040401e-14,0.0
JVASP-79651,1,F,F,576.7211958685064,462.447,0.3325072927275991,2.842170943040401e-14,0.0
JVASP-79651,0,F,F,576.7211958685064,462.447,0.3325072927275991,2.842170943040401e-14,0.0
JVASP-79651,4,F,F,576.7211958685064,462.447,0.3325072927275991,2.842170943040401e-14,0.0
JVASP-79651,5,F,F,576.7211958685064,462.447,0.3325072927275991,2.842170943040401e-14,0.0
JVASP-79651,2,F,F,576.7211958685064,462.447,0.3325072927275991,2.842170943040401e-14,0.0
JVASP-79651,3,F,F,576.7211958685064,462.447,0.3325072927275991,2.842170943040401e-14,0.0
JVASP-1918,0,I,HgI,576.0834582905501,470.37,4.251971851966642e-06,0.0,0.0
JVASP-1918,1,I,HgI,576.0834582905501,470.37,4.251971851966642e-06,0.0,0.0
JVASP-3792,4,Br,Br3Ir,574.645570220462,-461.77,0.3118933668276415,0.0,0.0
JVASP-3792,1,Br,Br3Ir,574.645570220462,-461.77,0.3118933668276415,0.0,0.0
JVASP-3792,5,Br,Br3Ir,574.645570220462,-461.77,0.3118933668276415,0.0,0.0
JVASP-3792,0,Br,Br3Ir,574.645570220462,-461.77,0.3118933668276415,0.0,0.0
JVASP-5575,11,Te,INb2Te6,574.0751215633717,463.113,0.2705754319140253,1.4210854715202004e-14,0.0
JVASP-5575,8,Te,INb2Te6,574.0751215633717,463.113,0.2705754319140253,1.4210854715202004e-14,0.0
JVASP-5575,9,Te,INb2Te6,574.0751215633717,463.113,0.2705754319140253,1.4210854715202004e-14,0.0
JVASP-5575,10,Te,INb2Te6,574.0751215633717,463.113,0.2705754319140253,1.4210854715202004e-14,0.0
JVASP-36770,1,Au,AuO2Tl,573.5946106650584,-468.338,4.270420081183094e-06,0.0,0.0
JVASP-65637,1,Tl,BaBr2Tl,573.4598416419409,-468.228,-0.0,0.0,0.0
JVASP-946,2,Np,Np,573.4492767316042,-467.837,0.07,0.0,0.0
JVASP-946,0,Np,Np,573.4492767316042,-467.837,0.07,0.0,0.0
JVASP-946,3,Np,Np,573.4492767316042,-467.837,0.07,0.0,0.0
JVASP-946,1,Np,Np,573.4492767316042,-467.837,0.07,0.0,0.0
JVASP-8501,6,Pb,Pb2Pd3S2,572.7511455021282,-467.65,4.276702662207053e-06,2.842170943040401e-14,0.0
JVASP-36794,2,Au,AuO2Tl,572.7090730362145,-467.615,2.138511382237043e-06,0.0,0.0
JVASP-36794,3,Au,AuO2Tl,572.7090730362145,-467.615,2.138511382237043e-06,0.0,0.0
JVASP-5812,5,Br,Br8Ga2Pd,572.1664266513721,467.172,0.0008690589333264354,0.0010000000000331966,0.0
JVASP-5812,9,Br,Br8Ga2Pd,572.1664266513721,467.172,0.0008690589333264354,0.0010000000000331966,0.0
JVASP-22636,2,Sb,RbSb2,572.0113744655782,-462.943,0.23110404520642924,5.684341886080802e-14,0.0
JVASP-22636,5,Sb,RbSb2,572.0113744655782,-462.943,0.23110404520642924,5.684341886080802e-14,0.0
JVASP-17609,3,Pb,BaPb,571.5705375428303,-449.184,0.4881896950915437,0.000999999999965695,0.0
JVASP-17609,2,Pb,BaPb,571.5705375428303,-449.184,0.4881896950915437,0.000999999999965695,0.0
JVASP-4173,3,Au,AuCl,571.3686036404171,-465.774,0.09811625380549363,0.0,0.0
JVASP-4173,2,Au,AuCl,571.3685607495394,-465.773,0.09811431748942077,0.0010000000000189857,0.0
JVASP-4173,0,Au,AuCl,571.3681765193088,-465.774,0.09811840076947187,0.0010000000000047748,0.0
JVASP-4173,1,Au,AuCl,571.3675938001734,-465.773,0.09811431748942077,0.000999999999990564,0.0
JVASP-5809,8,Se,MgPSe3,571.2651033530755,465.883,0.08443106960331244,0.0010000000000047748,0.0
JVASP-5809,5,Se,MgPSe3,571.2651033530755,465.883,0.08443106960331244,0.0010000000000047748,0.0
JVASP-5809,9,Se,MgPSe3,571.2648980866932,465.883,0.08443321606497772,0.0,0.0
JVASP-5809,6,Se,MgPSe3,571.2648980866932,465.883,0.08443321606497772,0.0,0.0
JVASP-5809,4,Se,MgPSe3,571.2640707396187,465.882,0.08443125083175569,1.7763568394002505e-14,0.0
JVASP-5809,7,Se,MgPSe3,571.2640707396187,465.882,0.08443125083175569,1.7763568394002505e-14,0.0
JVASP-16910,1,Mo,MoO2,571.1132304701057,-466.312,4.288973905903236e-06,0.0,0.0
JVASP-16910,0,Mo,MoO2,571.1132304701057,-466.312,4.288973905903236e-06,0.0,0.0
JVASP-35092,0,Ta,FN3Ta2,570.3963467230484,-465.727,5.1532335466917124e-05,0.0009999999999763531,0.0
JVASP-35092,1,Ta,FN3Ta2,570.3963467230484,-465.727,5.1532335466917124e-05,0.0009999999999763531,0.0
JVASP-4397,21,Se,P4Se5,570.2247903011584,-446.307,0.5145807706354595,2.842170943040401e-14,0.0
JVASP-4397,22,Se,P4Se5,570.2247903011584,-446.307,0.5145807706354595,2.842170943040401e-14,0.0
JVASP-4397,23,Se,P4Se5,570.2247903011584,-446.307,0.5145807706354595,2.842170943040401e-14,0.0
JVASP-4397,20,Se,P4Se5,570.2247903011584,-446.307,0.5145807706354595,2.842170943040401e-14,0.0
JVASP-35344,4,Pt,PtSiTh,569.4624820064971,464.218,0.09826633176654069,0.0010000000000047748,0.0
JVASP-35344,5,Pt,PtSiTh,569.4616668205157,464.217,0.09826654344843035,2.842170943040401e-14,0.0
JVASP-85038,4,Hg,AgHg2Sc,569.0776199307086,-459.879,0.25013753617799467,0.0,0.0
JVASP-85038,7,Hg,AgHg2Sc,569.0776199307086,-459.879,0.25013753617799467,0.0,0.0
JVASP-85038,6,Hg,AgHg2Sc,569.0776199307086,-459.879,0.25013753617799467,0.0,0.0
JVASP-85038,5,Hg,AgHg2Sc,569.0776199307086,-459.879,0.25013753617799467,0.0,0.0
JVASP-5680,4,Te,Hg2O3Te,568.2690885073725,-463.136,0.10522179230290886,0.0009999999999763531,0.0
JVASP-5680,5,Te,Hg2O3Te,568.2690885073725,-463.136,0.10522179230290886,0.0009999999999763531,0.0
JVASP-30538,1,Mo,MoO2,568.1432242454362,-463.887,2.8024066205728567e-05,0.0,0.0
JVASP-30538,0,Mo,MoO2,568.1432242454362,-463.887,2.8024066205728567e-05,0.0,0.0
JVASP-17494,5,Pb,Ni3Pb2Se2,568.0791137332898,-463.835,2.1559390731720868e-06,2.842170943040401e-14,0.0
JVASP-2640,6,Au,AuNa2Sb,567.2684456745325,-446.539,0.47713861499219556,1.4210854715202004e-14,0.0
JVASP-2640,7,Au,AuNa2Sb,567.2684456745325,-446.539,0.47713861499219556,1.4210854715202004e-14,0.0
JVASP-14529,5,Th,Th2Zn,566.8870698154968,-455.313,0.31669423012301434,2.842170943040401e-14,0.0
JVASP-14529,3,Th,Th2Zn,566.8870698154968,-455.313,0.31669423012301434,2.842170943040401e-14,0.0
JVASP-14529,2,Th,Th2Zn,566.879239050082,-455.306,0.31671447334320224,5.684341886080802e-14,0.0
JVASP-14529,4,Th,Th2Zn,566.879239050082,-455.306,0.31671447334320224,5.684341886080802e-14,0.0
JVASP-16825,1,Pu,NiPu,566.6625146963579,-457.395,0.264,2.842170943040401e-14,0.0
JVASP-16825,2,Pu,NiPu,566.6625146963579,-457.395,0.264,2.842170943040401e-14,0.0
JVASP-16825,3,Pu,NiPu,566.6625146963579,-457.395,0.264,2.842170943040401e-14,0.0
JVASP-16825,0,Pu,NiPu,566.6625146963579,-457.395,0.264,2.842170943040401e-14,0.0
JVASP-82043,5,Pt,Pt2ScZr,566.4107432897084,462.447,0.01816640609626619,0.0,0.0
JVASP-82043,7,Pt,Pt2ScZr,566.4107432897084,462.447,0.01816640609626619,0.0,0.0
JVASP-82043,4,Pt,Pt2ScZr,566.4107432897084,462.447,0.01816640609626619,0.0,0.0
JVASP-82043,6,Pt,Pt2ScZr,566.4107432897084,462.447,0.01816640609626619,0.0,0.0
JVASP-5662,4,Te,Br6TaTe2,566.1797143434229,-435.941,0.611160684588052,0.0,0.0
JVASP-5662,5,Te,Br6TaTe2,566.1797143434229,-435.941,0.611160684588052,0.0,0.0
JVASP-56514,2,Ta,NTa,566.1632201220775,428.21,0.7044324046612644,0.0010000000000189857,0.0
JVASP-56514,1,Ta,NTa,566.1632201220775,428.21,0.7044324046612644,0.0010000000000189857,0.0
JVASP-56514,0,Ta,NTa,566.1543428659714,428.204,0.7044259278287918,1.4210854715202004e-14,0.0
JVASP-77377,2,Hg,HgPbY2,565.7712533197493,-461.95,0.0010996861132157372,0.0010000000000189857,0.0
JVASP-173,3,Br,BBr3,565.70997088791,442.006,0.5254792921363058,2.842170943040401e-14,0.0
JVASP-173,7,Br,BBr3,565.7098295539861,442.006,0.5254815545490333,0.0,0.0
JVASP-173,2,Br,BBr3,565.7098295539861,442.006,0.5254815545490333,0.0,0.0
JVASP-173,5,Br,BBr3,565.7089151692768,442.005,0.525480480990034,1.4210854715202004e-14,0.0
JVASP-173,6,Br,BBr3,565.7088487906124,442.005,0.525480480990034,2.842170943040401e-14,0.0
JVASP-173,4,Br,BBr3,565.7076624900886,442.005,0.525480480990034,1.4210854715202004e-14,0.0
JVASP-12161,34,Se,HgPSe3,565.6868962137977,-410.951,0.8886387914860896,5.684341886080802e-14,0.0
JVASP-12161,33,Se,HgPSe3,565.6868962137977,-410.951,0.8886387914860896,5.684341886080802e-14,0.0
JVASP-12161,35,Se,HgPSe3,565.6868962137977,-410.951,0.8886387914860896,5.684341886080802e-14,0.0
JVASP-12161,20,Se,HgPSe3,565.6868962137977,-410.951,0.8886387914860896,5.684341886080802e-14,0.0
JVASP-12161,32,Se,HgPSe3,565.6868962137977,-410.951,0.8886387914860896,5.684341886080802e-14,0.0
JVASP-12161,21,Se,HgPSe3,565.6868962137977,-410.951,0.8886387914860896,5.684341886080802e-14,0.0
JVASP-12161,22,Se,HgPSe3,565.6868962137977,-410.951,0.8886387914860896,5.684341886080802e-14,0.0
JVASP-12161,23,Se,HgPSe3,565.6868962137977,-410.951,0.8886387914860896,5.684341886080802e-14,0.0
JVASP-3792,3,Br,Br3Ir,565.6150476640452,-454.702,0.30773121736873826,2.842170943040401e-14,0.0
JVASP-3792,2,Br,Br3Ir,565.6150476640452,-454.702,0.30773121736873826,2.842170943040401e-14,0.0
JVASP-53233,6,Pb,Pb3Sr2,563.7098978659147,-453.866,0.29192096345617424,0.0,0.0
JVASP-53233,4,Pb,Pb3Sr2,563.7098978659147,-453.866,0.29192096345617424,0.0,0.0
JVASP-53233,8,Pb,Pb3Sr2,563.7098978659147,-453.866,0.29192096345617424,0.0,0.0
JVASP-53233,5,Pb,Pb3Sr2,563.7098978659147,-453.866,0.29192096345617424,0.0,0.0
JVASP-5686,5,Se,BrCuSe2,563.4432144910435,-441.7,0.5044147611501019,1.4210854715202004e-14,0.0
JVASP-5686,4,Se,BrCuSe2,563.4432144910435,-441.7,0.5044147611501019,1.4210854715202004e-14,0.0
JVASP-5686,7,Se,BrCuSe2,563.4432144910435,-441.7,0.5044147611501019,1.4210854715202004e-14,0.0
JVASP-5686,6,Se,BrCuSe2,563.4432144910435,-441.7,0.5044147611501019,1.4210854715202004e-14,0.0
JVASP-37422,2,W,CW3,563.2503683940207,-459.892,-0.0,0.0,0.0
JVASP-37422,5,W,CW3,563.2503683940207,-459.892,-0.0,0.0,0.0
JVASP-33799,5,Br,Br2Se,563.2498843062465,-458.923,0.113,0.0010000000000047748,0.0
JVASP-33799,3,Br,Br2Se,563.2498843062465,-458.923,0.113,0.0010000000000047748,0.0
JVASP-33799,2,Br,Br2Se,563.2498843062465,-458.923,0.113,0.0010000000000047748,0.0
JVASP-33799,4,Br,Br2Se,563.2498843062465,-458.923,0.113,0.0010000000000047748,0.0
JVASP-17526,0,Np,Ga2Np,563.1609620401613,459.819,1.522338137398629e-05,0.0,0.0
JVASP-13755,0,Np,Ga2Np,563.1609620401613,459.819,1.522338137398629e-05,0.0,0.0
JVASP-18066,3,Pb,Pb3Th,563.1474898248238,459.808,0.0,0.0,0.0
JVASP-18066,1,Pb,Pb3Th,563.1474898248238,459.808,0.0,0.0,0.0
JVASP-18066,2,Pb,Pb3Th,563.1474898248238,459.808,0.0,0.0,0.0
JVASP-8501,5,Pb,Pb2Pd3S2,562.7033981272905,459.446,4.353068695736012e-06,0.0,0.0
JVASP-54983,2,I,GeI3Rb,562.1040071943982,458.956,0.0,0.0,0.0
JVASP-54983,3,I,GeI3Rb,562.1040071943982,458.956,0.0,0.0,0.0
JVASP-54983,4,I,GeI3Rb,562.1040071943982,458.956,0.0,0.0,0.0
JVASP-18241,1,Tm,CPbTm3,561.7047403663246,-458.63,-0.0,0.0,0.0
JVASP-18241,0,Tm,CPbTm3,561.7047403663246,-458.63,-0.0,0.0,0.0
JVASP-18241,2,Tm,CPbTm3,561.7047403663245,-458.63,-0.0,0.0,0.0
JVASP-12161,39,Se,HgPSe3,561.5031606651917,415.068,0.8124789191168678,0.000999999999990564,0.0
JVASP-12161,25,Se,HgPSe3,561.5031606651917,415.068,0.8124789191168678,0.000999999999990564,0.0
JVASP-12161,26,Se,HgPSe3,561.5031606651917,415.068,0.8124789191168678,0.000999999999990564,0.0
JVASP-12161,27,Se,HgPSe3,561.5031606651917,415.068,0.8124789191168678,0.000999999999990564,0.0
JVASP-12161,24,Se,HgPSe3,561.5031606651917,415.068,0.8124789191168678,0.000999999999990564,0.0
JVASP-12161,38,Se,HgPSe3,561.5031606651917,415.068,0.8124789191168678,0.000999999999990564,0.0
JVASP-12161,36,Se,HgPSe3,561.5031606651917,415.068,0.8124789191168678,0.000999999999990564,0.0
JVASP-12161,37,Se,HgPSe3,561.5031606651917,415.068,0.8124789191168678,0.000999999999990564,0.0
JVASP-35830,4,Pb,BaMgPb,560.3893643744499,-457.556,-0.0,0.0,0.0
JVASP-35830,5,Pb,BaMgPb,560.3893643744499,-457.556,-0.0,0.0,0.0
JVASP-82066,2,Hg,HgPtSc2,559.7516492570612,457.035,0.0030085223232356384,2.1316282072803006e-14,0.0
JVASP-76800,6,W,LiOs2W,559.7358256677877,-436.664,0.5350292215524981,0.0,0.0
JVASP-76800,7,W,LiOs2W,559.7358256677877,-436.664,0.5350292215524981,0.0,0.0
JVASP-67900,2,Hg,BeCaHg,559.6953422881058,456.989,8.752945913400759e-06,0.0010000000000331966,0.0
JVASP-5686,8,Se,BrCuSe2,559.4337411874618,-434.481,0.5619417189704499,0.0010000000000047748,0.0
JVASP-5686,11,Se,BrCuSe2,559.4337411874618,-434.481,0.5619417189704499,0.0010000000000047748,0.0
JVASP-5686,10,Se,BrCuSe2,559.4337411874618,-434.481,0.5619417189704499,0.0010000000000047748,0.0
JVASP-5686,9,Se,BrCuSe2,559.4337411874618,-434.481,0.5619417189704499,0.0010000000000047748,0.0
JVASP-8789,0,Ta,FO2Ta,559.2139106442186,436.887,0.5261017150887988,0.0,0.0
JVASP-8789,1,Ta,FO2Ta,559.2139106442186,436.887,0.5261017150887988,0.0,0.0
JVASP-17967,3,Pb,PbSr,559.1029379094693,-449.766,0.3009587207570159,0.0010000000000047748,0.0
JVASP-17967,2,Pb,PbSr,559.1029379094693,-449.766,0.3009587207570159,0.0010000000000047748,0.0
JVASP-35104,2,Bi,BiTeTh,558.5032572725069,-456.016,-0.0,0.0,0.0
JVASP-35104,3,Bi,BiTeTh,558.5032572725069,-456.016,-0.0,0.0,0.0
JVASP-77426,5,Hg,HgPtSc2,558.4405554944949,455.964,0.0024892316060040253,0.0010000000000331966,0.0
JVASP-77426,4,Hg,HgPtSc2,558.4405554944949,455.964,0.0024892316060040253,0.0010000000000331966,0.0
JVASP-77074,4,Hg,HfHg2Zr,557.2777643653118,-455.003,0.012643872677762534,0.0,0.0
JVASP-77074,7,Hg,HfHg2Zr,557.2777643653118,-455.003,0.012643872677762534,0.0,0.0
JVASP-77074,5,Hg,HfHg2Zr,557.2777643653118,-455.003,0.012643872677762534,0.0,0.0
JVASP-77074,6,Hg,HfHg2Zr,557.2777643653118,-455.003,0.012643872677762534,0.0,0.0
JVASP-5827,6,Se,ClCuSe2,557.0432918310748,-435.941,0.5152967947497483,0.0,0.0
JVASP-5827,5,Se,ClCuSe2,557.0432918310748,-435.941,0.5152967947497483,0.0,0.0
JVASP-5827,7,Se,ClCuSe2,557.0432918310748,-435.941,0.5152967947497483,0.0,0.0
JVASP-5827,4,Se,ClCuSe2,557.0432918310748,-435.941,0.5152967947497483,0.0,0.0
JVASP-79737,3,Hg,AgHgY2,556.9576829463798,415.847,0.7665631830937821,0.0010000000000047748,0.0
JVASP-16875,4,Ir,IrPPr,555.3805681044305,452.563,0.10948972850188811,2.842170943040401e-14,0.0
JVASP-16875,5,Ir,IrPPr,555.3795766608636,452.562,0.10949218007698391,2.842170943040401e-14,0.0
JVASP-5827,11,Se,ClCuSe2,555.3522771034616,-431.883,0.5540736727308091,1.4210854715202004e-14,0.0
JVASP-5827,10,Se,ClCuSe2,555.3522771034616,-431.883,0.5540736727308091,1.4210854715202004e-14,0.0
JVASP-5827,9,Se,ClCuSe2,555.3522771034616,-431.883,0.5540736727308091,1.4210854715202004e-14,0.0
JVASP-5827,8,Se,ClCuSe2,555.3522771034616,-431.883,0.5540736727308091,1.4210854715202004e-14,0.0
JVASP-2094,4,Th,N4Th3,552.6971235785473,451.275,3.545509944045456e-05,0.0,0.0
JVASP-28447,2,Te,DyTe3,551.7132331420011,-438.296,0.4110920473835034,0.0,0.0
JVASP-28447,3,Te,DyTe3,551.7132331420011,-438.296,0.4110920473835034,0.0,0.0
JVASP-67946,2,Tl,BeSrTl,550.9686268400407,449.864,1.333736418117526e-05,5.684341886080802e-14,0.0
JVASP-51435,1,Bi,BiCe,550.4574999643479,449.447,0.0,0.0009999999999763531,0.0
JVASP-5653,10,I,AlI7Te,550.1790672235722,397.64,0.9103611306709586,0.0010000000000047748,0.0
JVASP-5653,11,I,AlI7Te,550.1790672235722,397.64,0.9103611306709586,0.0010000000000047748,0.0
JVASP-16266,1,Sm,CSm3Tl,549.7912387543112,-448.903,-0.0,0.0010000000000331966,0.0
JVASP-16266,0,Sm,CSm3Tl,549.7912387543112,-448.903,-0.0,0.0010000000000331966,0.0
JVASP-16266,2,Sm,CSm3Tl,549.7912387543112,-448.903,-0.0,0.0010000000000331966,0.0
JVASP-14572,2,U,C2U,549.68702126119,-448.818,3.5649194105386e-05,0.0009999999999763531,0.0
JVASP-69327,2,Te,BaCuTe2,549.6728467497735,448.806,0.0,0.0,0.0
JVASP-69327,3,Te,BaCuTe2,549.6728467497735,448.806,0.0,0.0,0.0
JVASP-17545,2,Dy,CDy3Sn,549.6508013420885,-448.788,-0.0,0.0,0.0
JVASP-17545,1,Dy,CDy3Sn,549.6508013420885,-448.788,-0.0,0.0,0.0
JVASP-17545,0,Dy,CDy3Sn,549.6508013420885,-448.788,-0.0,0.0,0.0
JVASP-36447,0,Ba,Ba3N2,549.6491683492299,-448.787,-0.0,0.0009999999999763531,0.0
JVASP-36447,1,Ba,Ba3N2,549.6491683492299,-448.787,-0.0,0.0009999999999763531,0.0
JVASP-36447,2,Ba,Ba3N2,549.6491683492299,-448.787,-0.0,0.0009999999999763531,0.0
JVASP-29595,6,Te,ErTe3,549.4473135333359,-436.974,0.4025777277366617,0.0009999999999763531,0.0
JVASP-29595,4,Te,ErTe3,549.4473135333359,-436.974,0.4025777277366617,0.0009999999999763531,0.0
JVASP-17513,2,Dy,CDy3Pb,549.4189163134083,-448.599,-0.0,0.0009999999999763531,0.0
JVASP-17513,1,Dy,CDy3Pb,549.4189163134083,-448.599,-0.0,0.0009999999999763531,0.0
JVASP-17513,0,Dy,CDy3Pb,549.4189163134083,-448.599,-0.0,0.0009999999999763531,0.0
JVASP-57827,8,F,F7KYb2,549.0563100320404,447.806,0.08155317257919727,0.0,0.0
JVASP-31902,5,Se,Cl3NSe2,549.0267114485415,-419.065,0.6579027119897868,7.105427357601002e-15,0.0
JVASP-31902,7,Se,Cl3NSe2,549.0267114485415,-419.065,0.6579027119897868,7.105427357601002e-15,0.0
JVASP-31902,1,Se,Cl3NSe2,549.0267114485415,-419.065,0.6579027119897868,7.105427357601002e-15,0.0
JVASP-31902,0,Se,Cl3NSe2,549.0267114485415,-419.065,0.6579027119897868,7.105427357601002e-15,0.0
JVASP-74866,7,Pb,Be2PbSn,548.6881518731747,448.002,0.0,0.0,0.0
JVASP-74866,6,Pb,Be2PbSn,548.6881518731747,448.002,0.0,0.0,0.0
JVASP-65763,2,Bi,BaBi2Li,547.5524051294086,447.075,0.0,0.0009999999999763531,0.0
JVASP-65763,3,Bi,BaBi2Li,547.5524051294086,447.075,0.0,0.0009999999999763531,0.0
JVASP-28439,2,Te,HoTe3,547.4774857087732,-434.417,0.42011937838528424,0.0,0.0
JVASP-28439,3,Te,HoTe3,547.4774857087732,-434.417,0.42011937838528424,0.0,0.0
JVASP-22656,5,Br,BrHgI,547.4476516398623,446.271,0.09830125641146299,0.0,0.0
JVASP-22656,4,Br,BrHgI,547.4476516398623,446.271,0.09830125641146299,0.0,0.0
JVASP-29423,6,Te,O8Te2Tl2U,547.4271208480632,-436.666,0.3785318756211841,0.0,0.0
JVASP-29423,7,Te,O8Te2Tl2U,547.4271208480632,-436.666,0.3785318756211841,0.0,0.0
JVASP-1024,0,Te,Te,546.8439877277614,-436.701,0.369,0.0,0.0
JVASP-1024,1,Te,Te,546.8435048439361,-436.701,0.369,0.0,0.0
JVASP-1024,2,Te,Te,546.8435048439361,-436.701,0.369,0.0,0.0
JVASP-16267,2,Lu,CLu3Tl,546.8175582065741,-446.475,0.0,0.0010000000000331966,0.0
JVASP-16267,1,Lu,CLu3Tl,546.8175582065741,-446.475,0.0,0.0010000000000331966,0.0
JVASP-16267,0,Lu,CLu3Tl,546.8175582065741,-446.475,0.0,0.0010000000000331966,0.0
JVASP-37761,7,Tl,HfTl3,546.7971457917461,446.458,0.0,0.0,0.0
JVASP-37761,4,Tl,HfTl3,546.7971457917461,446.458,0.0,0.0,0.0
JVASP-15757,0,Sm,AlCSm3,546.7081476647298,-446.385,-0.0,0.0010000000000331966,0.0
JVASP-15757,1,Sm,AlCSm3,546.7081476647298,-446.385,-0.0,0.0010000000000331966,0.0
JVASP-15757,2,Sm,AlCSm3,546.7081476647298,-446.385,-0.0,0.0010000000000331966,0.0
JVASP-29418,11,Te,Dy2O13Te5,546.3393588842011,-434.068,0.41036427472193293,5.684341886080802e-14,0.0
JVASP-29418,12,Te,Dy2O13Te5,546.3393588842011,-434.068,0.41036427472193293,5.684341886080802e-14,0.0
JVASP-29400,8,Te,O13Te5Y2,545.908618977572,-433.691,0.41099077453763166,0.0,0.0
JVASP-29400,6,Te,O13Te5Y2,545.908618977572,-433.691,0.41099077453763166,0.0,0.0
JVASP-65562,3,Te,BaSiTe2,545.595050943463,399.142,0.8584513782062523,2.4868995751603507e-14,0.0
JVASP-65562,2,Te,BaSiTe2,545.595050943463,399.142,0.8584513782062523,2.4868995751603507e-14,0.0
JVASP-16716,8,Ir,B2BaIr2,545.4580913993301,445.365,0.0,0.0010000000000331966,0.0
JVASP-16716,6,Ir,B2BaIr2,545.4580913993301,445.365,0.0,0.0010000000000331966,0.0
JVASP-16716,7,Ir,B2BaIr2,545.4580913993301,445.365,0.0,0.0010000000000331966,0.0
JVASP-16716,9,Ir,B2BaIr2,545.4580913993301,445.365,0.0,0.0010000000000331966,0.0
JVASP-8754,6,I,I5Ta2,545.2192994795765,421.386,0.5900789300071668,0.0010000000000047748,0.0
JVASP-54662,0,Ta,O5Ta2,545.1570962832641,393.368,0.9172072969839947,2.842170943040401e-14,0.0
JVASP-54662,1,Ta,O5Ta2,545.1504036557251,393.363,0.917216413338316,0.0,0.0
JVASP-13980,2,Pt,PPtYb,544.8302055356329,444.852,8.991754561046545e-06,0.0,0.0
JVASP-16186,2,Pt,PPtYb,544.8302055356329,444.852,8.991754561046545e-06,0.0,0.0
JVASP-3897,4,Br,Br3Rh,544.0071721466547,-440.317,0.22993661384865904,0.0010000000000189857,0.0
JVASP-3897,6,Br,Br3Rh,544.0071721466547,-440.317,0.22993661384865904,0.0010000000000189857,0.0
JVASP-3897,7,Br,Br3Rh,544.0066997905449,-440.317,0.22993661384865904,0.0010000000000189857,0.0
JVASP-3897,5,Br,Br3Rh,544.0066997905449,-440.317,0.22993661384865904,0.0010000000000189857,0.0
JVASP-8754,3,I,I5Ta2,543.9004915956594,421.896,0.5691852968504086,2.842170943040401e-14,0.0
JVASP-36896,2,Br,AgBr3Rb,543.820302246983,444.027,2.477326829223376e-05,2.842170943040401e-14,0.0
JVASP-36896,4,Br,AgBr3Rb,543.7785815642246,443.993,1.5766014329066004e-05,0.0,0.0
JVASP-36896,3,Br,AgBr3Rb,543.7546021230532,443.974,4.5047682972641414e-06,0.0,0.0
JVASP-29411,7,Te,O13Te5Tm2,543.6997570056474,-443.302,0.09213809096281993,0.0,0.0
JVASP-29411,4,Te,O13Te5Tm2,543.6997570056474,-443.302,0.09213809096281993,0.0,0.0
JVASP-39031,0,U,SnU,543.5536131799696,-443.81,2.4785381131555577e-05,0.0010000000000331966,0.0
JVASP-29400,4,Te,O13Te5Y2,543.5439604944571,-442.992,0.10479421750279914,0.0,0.0
JVASP-29400,13,Te,O13Te5Y2,543.5439604944571,-442.992,0.10479421750279914,0.0,0.0
JVASP-4397,31,Se,P4Se5,543.3041808287509,-433.852,0.3693494555747122,0.0,0.0
JVASP-4397,29,Se,P4Se5,543.3041808287509,-433.852,0.3693494555747122,0.0,0.0
JVASP-4397,30,Se,P4Se5,543.3041808287509,-433.852,0.3693494555747122,0.0,0.0
JVASP-4397,28,Se,P4Se5,543.3041808287509,-433.852,0.3693494555747122,0.0,0.0
JVASP-29418,6,Te,Dy2O13Te5,543.0951510591859,-442.629,0.10459097799737474,0.0,0.0
JVASP-29418,4,Te,Dy2O13Te5,543.0951510591859,-442.629,0.10459097799737474,0.0,0.0
JVASP-67647,1,Br,BeBrSi,542.2827361957967,442.772,0.0,0.0,0.0
JVASP-17913,2,Pb,PbS2Ta,542.2668145239943,442.759,1.1292825216416725e-05,0.0,0.0
JVASP-17913,3,Pb,PbS2Ta,542.2668145239943,442.759,1.1292825216416725e-05,0.0,0.0
JVASP-4219,13,I,AlI3,542.1211796314547,-441.113,0.14424648559439424,0.0010000000000189857,0.0
JVASP-4219,14,I,AlI3,542.1211796314547,-441.113,0.14424648559439424,0.0010000000000189857,0.0
JVASP-4219,15,I,AlI3,542.1211796314547,-441.113,0.14424648559439424,0.0010000000000189857,0.0
JVASP-4219,12,I,AlI3,542.1211796314547,-441.113,0.14424648559439424,0.0010000000000189857,0.0
JVASP-34327,1,Tl,Ni3S2Tl2,541.7696055446448,-442.353,1.1303189986267648e-05,0.0,0.0
JVASP-32786,15,Br,Br3Sb,541.3116634647733,441.417,0.08744792339216659,0.0009999999999763531,0.0
JVASP-32786,5,Br,Br3Sb,541.3116634647733,441.417,0.08744792339216659,0.0009999999999763531,0.0
JVASP-32786,9,Br,Br3Sb,541.3116634647733,441.417,0.08744792339216659,0.0009999999999763531,0.0
JVASP-32786,8,Br,Br3Sb,541.3116634647733,441.417,0.08744792339216659,0.0009999999999763531,0.0
JVASP-29400,11,Te,O13Te5Y2,541.149365555389,-429.46,0.4189819773669259,0.000999999999990564,0.0
JVASP-29400,9,Te,O13Te5Y2,541.149365555389,-429.46,0.4189819773669259,0.000999999999990564,0.0
JVASP-29456,5,Te,O7Te3Tl2,541.0375669119474,-438.854,0.19948547808610612,2.842170943040401e-14,0.0
JVASP-29456,7,Te,O7Te3Tl2,541.0375669119474,-438.854,0.19948547808610612,2.842170943040401e-14,0.0
JVASP-29418,13,Te,Dy2O13Te5,540.942528979743,-429.439,0.4164386560140089,0.0009999999999834586,0.0
JVASP-29418,10,Te,Dy2O13Te5,540.942528979743,-429.439,0.4164386560140089,0.0009999999999834586,0.0
JVASP-30512,2,Br,AuBrO2,540.6056093068217,-428.147,0.4343204553576226,0.0,0.0
JVASP-30512,3,Br,AuBrO2,540.6056093068217,-428.147,0.4343204553576226,0.0,0.0
JVASP-5794,14,Se,Ag3PSe4,540.592203735866,439.002,0.18096500699313448,5.684341886080802e-14,0.0
JVASP-5794,15,Se,Ag3PSe4,540.592203735866,439.002,0.18096500699313448,5.684341886080802e-14,0.0
JVASP-3648,0,Br,Br2Hg,540.4776832784125,441.294,0.007781660299029667,7.105427357601002e-15,0.0
JVASP-3648,1,Br,Br2Hg,540.4776832784125,441.294,0.007781660299029667,7.105427357601002e-15,0.0
JVASP-29466,2,Pb,O6Pb3S,540.1507005447647,382.875,0.9902422461638917,0.0009999999999763531,0.0
JVASP-29466,3,Pb,O6Pb3S,540.1507005447647,382.875,0.9902422461638917,0.0009999999999763531,0.0
JVASP-4858,19,Se,AgP2Se6Tm,540.1455914399376,439.402,0.1490980924074083,2.842170943040401e-14,0.0
JVASP-4858,13,Se,AgP2Se6Tm,540.1455914399376,439.402,0.1490980924074083,2.842170943040401e-14,0.0
JVASP-4858,14,Se,AgP2Se6Tm,540.1455914399376,439.402,0.1490980924074083,2.842170943040401e-14,0.0
JVASP-4858,8,Se,AgP2Se6Tm,540.1455914399376,439.402,0.1490980924074083,2.842170943040401e-14,0.0
JVASP-4858,12,Se,AgP2Se6Tm,540.1454814251434,439.402,0.1491003682277277,0.0,0.0
JVASP-4858,18,Se,AgP2Se6Tm,540.1454814251434,439.402,0.1491003682277277,0.0,0.0
JVASP-4858,10,Se,AgP2Se6Tm,540.1454814251434,439.402,0.1491003682277277,0.0,0.0
JVASP-4858,16,Se,AgP2Se6Tm,540.1454814251434,439.402,0.1491003682277277,0.0,0.0
JVASP-4858,15,Se,AgP2Se6Tm,540.1451352812501,439.402,0.1490980924074083,2.842170943040401e-14,0.0
JVASP-4858,9,Se,AgP2Se6Tm,540.1451352812501,439.402,0.1490980924074083,2.842170943040401e-14,0.0
JVASP-4858,17,Se,AgP2Se6Tm,540.1451352812501,439.402,0.1490980924074083,2.842170943040401e-14,0.0
JVASP-4858,11,Se,AgP2Se6Tm,540.1451352812501,439.402,0.1490980924074083,2.842170943040401e-14,0.0
JVASP-4855,18,Se,AgErP2Se6,539.7916753952398,439.028,0.15300163087547947,0.0,0.0
JVASP-4855,14,Se,AgErP2Se6,539.7916753952398,439.028,0.15300163087547947,0.0,0.0
JVASP-4855,12,Se,AgErP2Se6,539.7916753952398,439.028,0.15300163087547947,0.0,0.0
JVASP-4855,8,Se,AgErP2Se6,539.7916753952398,439.028,0.15300163087547947,0.0,0.0
JVASP-4855,11,Se,AgErP2Se6,539.7909507003615,439.028,0.15300163087547947,0.0,0.0
JVASP-4855,17,Se,AgErP2Se6,539.7909507003615,439.028,0.15300163087547947,0.0,0.0
JVASP-4855,10,Se,AgErP2Se6,539.7909507003615,439.028,0.15300163087547947,0.0,0.0
JVASP-4855,16,Se,AgErP2Se6,539.7909507003615,439.028,0.15300163087547947,0.0,0.0
JVASP-4855,19,Se,AgErP2Se6,539.7905435157234,439.027,0.15299970161288484,0.0009999999999763531,0.0
JVASP-4855,15,Se,AgErP2Se6,539.7905435157234,439.027,0.15299970161288484,0.0009999999999763531,0.0
JVASP-4855,13,Se,AgErP2Se6,539.7905435157234,439.027,0.15299970161288484,0.0009999999999763531,0.0
JVASP-4855,9,Se,AgErP2Se6,539.7905435157234,439.027,0.15299970161288484,0.0009999999999763531,0.0
JVASP-28450,2,Te,Te3Tm,539.311641986338,-426.581,0.44354764980156164,0.0,0.0
JVASP-28450,3,Te,Te3Tm,539.311641986338,-426.581,0.44354764980156164,0.0,0.0
JVASP-5404,4,Cl,Cl4NV,539.2878739680691,440.321,0.008641422961884575,0.000999999999990564,0.0
JVASP-5404,5,Cl,Cl4NV,539.2878739680691,440.321,0.008641422961884575,0.000999999999990564,0.0
JVASP-5653,15,I,AlI7Te,539.1294799656201,390.996,0.8958352515115245,0.0,0.0
JVASP-5653,14,I,AlI7Te,539.1294799656201,390.996,0.8958352515115245,0.0,0.0
JVASP-5794,11,Se,Ag3PSe4,539.0974293687551,427.051,0.4326298264141754,5.684341886080802e-14,0.0
JVASP-5794,10,Se,Ag3PSe4,539.0974293687551,427.051,0.4326298264141754,5.684341886080802e-14,0.0
JVASP-29411,10,Te,O13Te5Tm2,539.039402257386,-430.951,0.35926590262001934,5.684341886080802e-14,0.0
JVASP-29411,8,Te,O13Te5Tm2,539.039402257386,-430.951,0.35926590262001934,5.684341886080802e-14,0.0
JVASP-2937,6,Au,Au3K3Sb2,538.9846332225067,-438.348,0.15406480695702954,0.0,0.0
JVASP-2937,7,Au,Au3K3Sb2,538.9838492682318,-438.348,0.15406252566454046,1.4210854715202004e-14,0.0
JVASP-2937,5,Au,Au3K3Sb2,538.9830438631627,-438.348,0.15406024437205146,0.0,0.0
JVASP-65259,5,Pb,BeLiPb,538.7611864425647,-439.897,-0.0,0.0009999999999763531,0.0
JVASP-65259,4,Pb,BeLiPb,538.7611864425647,-439.897,-0.0,0.0009999999999763531,0.0
JVASP-81100,6,Pb,Ca2MgPb,538.0159395482628,-428.872,0.38404932007685283,0.0,0.0
JVASP-81100,7,Pb,Ca2MgPb,538.0159395482628,-428.872,0.38404932007685283,0.0,0.0
JVASP-4975,0,Ba,BaO3Ti,537.5503220127396,-438.908,-0.0,0.0,0.0
JVASP-5812,8,Br,Br8Ga2Pd,537.4296000007814,438.808,0.0037146086671163594,0.0010000000000331966,0.0
JVASP-5812,7,Br,Br8Ga2Pd,537.4296000007814,438.808,0.0037146086671163594,0.0010000000000331966,0.0
JVASP-17952,0,U,S3U4,537.082469471868,438.526,0.0,0.0,0.0
JVASP-17952,2,U,S3U4,537.082469471868,438.526,0.0,0.0,0.0
JVASP-17952,1,U,S3U4,537.082469471868,438.526,0.0,0.0,0.0
JVASP-12746,9,Au,AuBr3Rb,536.5740918028002,-438.06,0.026242980413641922,1.7763568394002505e-14,0.0
JVASP-29411,11,Te,O13Te5Tm2,536.1886306179944,-424.72,0.4330853268035411,1.4210854715202004e-14,0.0
JVASP-29411,13,Te,O13Te5Tm2,536.1886306179944,-424.72,0.4330853268035411,1.4210854715202004e-14,0.0
JVASP-35884,2,Ta,Hf2N3Ta,535.7442317626948,-437.433,4.5721287602924865e-05,0.0009999999999763531,0.0
JVASP-36957,2,Br,AgBr3K,535.2762939959139,437.051,0.0001761808118503291,0.0,0.0
JVASP-36957,3,Br,AgBr3K,535.2310356752494,437.015,6.178277633487823e-05,0.0,0.0
JVASP-36957,4,Br,AgBr3K,535.1290272709938,436.931,6.179465407585004e-05,0.0,0.0
JVASP-5596,18,Se,PSe,534.781686158006,-429.943,0.30706628553087273,0.0,0.0
JVASP-5596,17,Se,PSe,534.781686158006,-429.943,0.30706628553087273,0.0,0.0
JVASP-5596,16,Se,PSe,534.781686158006,-429.943,0.30706628553087273,0.0,0.0
JVASP-5596,19,Se,PSe,534.781686158006,-429.943,0.30706628553087273,0.0,0.0
JVASP-63347,0,U,AuSnU,534.7174871256784,436.595,2.290452249807659e-06,0.0,0.0
JVASP-63347,1,U,AuSnU,534.7174871256784,436.595,2.290452249807659e-06,0.0,0.0
JVASP-3648,2,Br,Br2Hg,534.4880729127639,436.184,0.05562331493131339,7.105427357601002e-15,0.0
JVASP-3648,3,Br,Br2Hg,534.4880729127639,436.184,0.05562331493131339,7.105427357601002e-15,0.0
JVASP-36892,4,Br,Br3CuRb,534.0886069352163,436.082,7.567384115828454e-05,2.842170943040401e-14,0.0
JVASP-36892,3,Br,Br3CuRb,533.7536646150545,435.808,5.507012262280846e-05,2.842170943040401e-14,0.0
JVASP-36892,2,Br,Br3CuRb,533.7519795579217,435.807,5.7364842694141405e-05,0.0,0.0
JVASP-176,4,I,I3Sb,533.6079381512236,-434.048,0.15074369654969036,1.4210854715202004e-14,0.0
JVASP-176,7,I,I3Sb,533.6079381512236,-434.048,0.15074369654969036,1.4210854715202004e-14,0.0
JVASP-176,5,I,I3Sb,533.6076183395436,-434.048,0.15073908876437628,0.0,0.0
JVASP-176,2,I,I3Sb,533.6076183395436,-434.048,0.15073908876437628,0.0,0.0
JVASP-176,3,I,I3Sb,533.6067627860426,-434.047,0.1507417399498211,0.0009999999999763531,0.0
JVASP-176,6,I,I3Sb,533.6067627860426,-434.047,0.1507417399498211,0.0009999999999763531,0.0
JVASP-28445,3,Te,LuTe3,533.4349869365526,-422.12,0.4403392400265327,0.0,0.0
JVASP-28445,2,Te,LuTe3,533.4349869365526,-422.12,0.4403392400265327,0.0,0.0
JVASP-5461,10,I,AlI6Sb,533.3437431591374,-419.257,0.48637709090128484,0.0010000000000331966,0.0
JVASP-5461,8,I,AlI6Sb,533.3437431591374,-419.257,0.48637709090128484,0.0010000000000331966,0.0
JVASP-5461,11,I,AlI6Sb,533.3431748696144,-419.256,0.4863782509970042,5.684341886080802e-14,0.0
JVASP-5461,9,I,AlI6Sb,533.3431748696144,-419.256,0.4863782509970042,5.684341886080802e-14,0.0
JVASP-29640,9,Se,PSe3Sn,533.3297128821907,424.65,0.3933403979748028,0.0010000000000331966,0.0
JVASP-29640,10,Se,PSe3Sn,533.3297128821907,424.65,0.3933403979748028,0.0010000000000331966,0.0
JVASP-29640,8,Se,PSe3Sn,533.3297128821907,424.65,0.3933403979748028,0.0010000000000331966,0.0
JVASP-29640,11,Se,PSe3Sn,533.3297128821907,424.65,0.3933403979748028,0.0010000000000331966,0.0
JVASP-16328,2,Pt,PPtSm,533.0399949000075,435.225,0.0,0.0009999999999763531,0.0
JVASP-16678,0,Hg,Hg2Rh,532.3879412806041,393.977,0.808,0.0010000000000474074,0.0
JVASP-16678,1,Hg,Hg2Rh,532.3879412806041,393.977,0.808,0.0010000000000474074,0.0
JVASP-80430,2,Tl,AgBa2Tl,532.2077656554816,-434.546,0.00033598284186257615,7.105427357601002e-15,0.0
JVASP-16283,4,Sb,Sb2Sr,531.8996220115221,-433.243,0.121,2.842170943040401e-14,0.0
JVASP-16283,5,Sb,Sb2Sr,531.8996220115221,-433.243,0.121,2.842170943040401e-14,0.0
JVASP-3897,2,Br,Br3Rh,531.8794449111565,-430.566,0.2279325353139821,0.0010000000000047748,0.0
JVASP-3897,3,Br,Br3Rh,531.8794449111565,-430.566,0.2279325353139821,0.0010000000000047748,0.0
JVASP-63355,4,Au,AsAuBa,531.8479098915403,434.252,0.0,0.0,0.0
JVASP-63355,5,Au,AsAuBa,531.8479098915403,434.252,0.0,0.0,0.0
JVASP-25405,1,Te,Te,531.5470084376357,-433.873,0.043,0.0009999999999763531,0.0
JVASP-25405,0,Te,Te,531.5470084376357,-433.873,0.043,0.0009999999999763531,0.0
JVASP-16857,3,Te,Cu2GeTe3,530.8355249302745,433.339,0.034451087947311394,2.1316282072803006e-14,0.0
JVASP-16857,4,Te,Cu2GeTe3,530.8350607844211,433.339,0.034451087947311394,0.0,0.0
JVASP-76906,3,Bi,BiHg2Na,530.6045291787472,-432.756,0.08163953821553026,0.0010000000000331966,0.0
JVASP-29622,15,Se,PSe3Sn,530.4637219131955,422.535,0.39014992840829743,0.0,0.0
JVASP-29622,9,Se,PSe3Sn,530.4637219131955,422.535,0.39014992840829743,0.0,0.0
JVASP-81190,3,Bi,BiHg2Na,530.2982483470976,-432.498,0.08234488945613623,0.0,0.0
JVASP-56976,2,Er,AlCEr3,530.0573328895658,-432.79,-0.0,0.0,0.0
JVASP-56976,1,Er,AlCEr3,530.0573328895658,-432.79,-0.0,0.0,0.0
JVASP-56976,0,Er,AlCEr3,530.0573328895658,-432.79,-0.0,0.0,0.0
JVASP-29471,4,Te,AgNO5Te,530.0112370431405,-421.114,0.41001486533337766,0.0,0.0
JVASP-29471,6,Te,AgNO5Te,530.0112370431405,-421.114,0.41001486533337766,0.0,0.0
JVASP-29471,7,Te,AgNO5Te,530.0112370431405,-421.114,0.41001486533337766,0.0,0.0
JVASP-29471,5,Te,AgNO5Te,530.0112370431405,-421.114,0.41001486533337766,0.0,0.0
JVASP-4852,16,Se,AgP2ScSe6,529.817565031587,431.992,0.09146002703753771,0.0,0.0
JVASP-4852,12,Se,AgP2ScSe6,529.817565031587,431.992,0.09146002703753771,0.0,0.0
JVASP-4852,15,Se,AgP2ScSe6,529.817565031587,431.992,0.09146002703753771,0.0,0.0
JVASP-4852,9,Se,AgP2ScSe6,529.817565031587,431.992,0.09146002703753771,0.0,0.0
JVASP-4852,19,Se,AgP2ScSe6,529.8173301148237,431.992,0.09146002703753771,0.0,0.0
JVASP-4852,8,Se,AgP2ScSe6,529.8173301148237,431.992,0.09146002703753771,0.0,0.0
JVASP-4852,14,Se,AgP2ScSe6,529.8173301148237,431.992,0.09146002703753771,0.0,0.0
JVASP-4852,11,Se,AgP2ScSe6,529.8173301148237,431.992,0.09146002703753771,0.0,0.0
JVASP-4852,17,Se,AgP2ScSe6,529.8171694990641,431.992,0.09146002703753771,2.842170943040401e-14,0.0
JVASP-4852,18,Se,AgP2ScSe6,529.8171694990641,431.992,0.09146002703753771,2.842170943040401e-14,0.0
JVASP-4852,10,Se,AgP2ScSe6,529.8171694990641,431.992,0.09146002703753771,2.842170943040401e-14,0.0
JVASP-4852,13,Se,AgP2ScSe6,529.8171694990641,431.992,0.09146002703753771,2.842170943040401e-14,0.0
JVASP-78945,6,Pb,PbTh,529.5347750780868,432.363,0.0,0.0009999999999763531,0.0
JVASP-78945,5,Pb,PbTh,529.5347750780868,432.363,0.0,0.0009999999999763531,0.0
JVASP-78945,4,Pb,PbTh,529.5347750780868,432.363,0.0,0.0009999999999763531,0.0
JVASP-78945,7,Pb,PbTh,529.5347750780868,432.363,0.0,0.0009999999999763531,0.0
JVASP-29622,17,Se,PSe3Sn,529.330953389276,420.858,0.4047683541717158,7.105427357601002e-15,0.0
JVASP-29622,10,Se,PSe3Sn,529.330953389276,420.858,0.4047683541717158,7.105427357601002e-15,0.0
JVASP-69179,2,Te,BaLiTe2,528.9256686284,431.866,0.0,0.0,0.0
JVASP-69179,3,Te,BaLiTe2,528.9256686284,431.866,0.0,0.0,0.0
JVASP-17498,1,Pb,Pb3U,528.9068892073539,431.851,0.0,0.0009999999999763531,0.0
JVASP-17498,3,Pb,Pb3U,528.9068892073539,431.851,0.0,0.0009999999999763531,0.0
JVASP-17498,2,Pb,Pb3U,528.9068892073539,431.851,0.0,0.0009999999999763531,0.0
JVASP-31871,3,Te,Br10OTa2Te4,528.7908024427052,-407.061,0.6124020724166649,2.842170943040401e-14,0.0
JVASP-31871,5,Te,Br10OTa2Te4,528.7908024427052,-407.061,0.6124020724166649,2.842170943040401e-14,0.0
JVASP-22039,7,Ir,B2CaIr2,528.7415979587761,426.926,0.2601996598942205,2.842170943040401e-14,0.0
JVASP-22039,9,Ir,B2CaIr2,528.7415979587761,426.926,0.2601996598942205,2.842170943040401e-14,0.0
JVASP-22039,8,Ir,B2CaIr2,528.7412038218698,426.925,0.26019792703636474,0.0010000000000047748,0.0
JVASP-22039,6,Ir,B2CaIr2,528.7412038218698,426.925,0.26019792703636474,0.0010000000000047748,0.0
JVASP-16857,5,Te,Cu2GeTe3,528.5346157679741,-397.808,0.7283161726259905,0.0009999999999763531,0.0
JVASP-12079,2,Te,O9Te4,526.7821432964486,-428.005,0.17221060501629654,5.684341886080802e-14,0.0
JVASP-12079,5,Te,O9Te4,526.7821432964486,-428.005,0.17221060501629654,5.684341886080802e-14,0.0
JVASP-12079,7,Te,O9Te4,526.782139125844,-428.005,0.17221060501629654,5.684341886080802e-14,0.0
JVASP-12079,4,Te,O9Te4,526.782139125844,-428.005,0.17221060501629654,5.684341886080802e-14,0.0
JVASP-12079,23,Te,O9Te4,526.782139125844,-428.005,0.17221294143760002,5.684341886080802e-14,0.0
JVASP-12079,12,Te,O9Te4,526.782139125844,-428.005,0.17221294143760002,5.684341886080802e-14,0.0
JVASP-12079,21,Te,O9Te4,526.7819957809872,-428.005,0.17220826859499302,0.0009999999999763531,0.0
JVASP-12079,10,Te,O9Te4,526.7819957809872,-428.005,0.17220826859499302,0.0009999999999763531,0.0
JVASP-12079,13,Te,O9Te4,526.7819639167612,-428.005,0.17221060501629654,5.684341886080802e-14,0.0
JVASP-12079,18,Te,O9Te4,526.7819639167612,-428.005,0.17221060501629654,5.684341886080802e-14,0.0
JVASP-12079,6,Te,O9Te4,526.7816598421019,-428.005,0.17221060501629654,5.684341886080802e-14,0.0
JVASP-12079,3,Te,O9Te4,526.7816598421019,-428.005,0.17221060501629654,5.684341886080802e-14,0.0
JVASP-12079,22,Te,O9Te4,526.7816598421019,-428.005,0.17221060501629654,5.684341886080802e-14,0.0
JVASP-12079,11,Te,O9Te4,526.7816598421019,-428.005,0.17221060501629654,5.684341886080802e-14,0.0
JVASP-12079,14,Te,O9Te4,526.7815641990521,-428.005,0.17221060501629654,5.684341886080802e-14,0.0
JVASP-12079,19,Te,O9Te4,526.7815641990521,-428.005,0.17221060501629654,5.684341886080802e-14,0.0
JVASP-12079,15,Te,O9Te4,526.7813139263768,-428.005,0.17221060501629654,0.0,0.0
JVASP-12079,20,Te,O9Te4,526.7813139263768,-428.005,0.17221060501629654,0.0,0.0
JVASP-17740,5,Sn,CoSn,526.6990824522101,430.048,0.0,0.0,0.0
JVASP-7634,4,Se,GeSe2,526.6132467807851,-417.971,0.41813187996296397,0.0010000000000331966,0.0
JVASP-7634,5,Se,GeSe2,526.613032096624,-417.971,0.41813187996296397,0.0,0.0
JVASP-7634,2,Se,GeSe2,526.6128169955608,-417.971,0.41812948745247874,0.0,0.0
JVASP-7634,3,Se,GeSe2,526.612292698338,-417.971,0.41813187996296397,0.0009999999999763531,0.0
JVASP-77386,3,Bi,BiHgLi2,526.3622025050811,-391.276,0.7869969024422658,2.842170943040401e-14,0.0
JVASP-5491,9,Se,Se9V2,526.2251971789264,429.603,0.028577547177277594,0.0,0.0
JVASP-5491,7,Se,Se9V2,526.2251971789264,429.603,0.028577547177277594,0.0,0.0
JVASP-5491,8,Se,Se9V2,526.2250781975333,429.603,0.02857987490776366,3.552713678800501e-15,0.0
JVASP-5491,6,Se,Se9V2,526.2250781975333,429.603,0.02857987490776366,3.552713678800501e-15,0.0
JVASP-4609,7,Se,MnPSe3,526.1918373502197,429.462,0.048998514420367824,1.2434497875801753e-14,0.0
JVASP-4609,4,Se,MnPSe3,526.1918373502197,429.462,0.048998514420367824,1.2434497875801753e-14,0.0
JVASP-4609,8,Se,MnPSe3,526.191270820792,429.462,0.04899618592564651,0.0,0.0
JVASP-4609,5,Se,MnPSe3,526.191270820792,429.462,0.04899618592564651,0.0,0.0
JVASP-4609,6,Se,MnPSe3,526.1912061579897,429.462,0.048998514420367824,2.842170943040401e-14,0.0
JVASP-4609,9,Se,MnPSe3,526.1912061579897,429.462,0.048998514420367824,2.842170943040401e-14,0.0
JVASP-4397,35,Se,P4Se5,526.1426402203114,428.663,0.11422259443898819,0.0,0.0
JVASP-4397,33,Se,P4Se5,526.1426402203114,428.663,0.11422259443898819,0.0,0.0
JVASP-4397,34,Se,P4Se5,526.1426402203114,428.663,0.11422259443898819,0.0,0.0
JVASP-4397,32,Se,P4Se5,526.1426402203114,428.663,0.11422259443898819,0.0,0.0
JVASP-29468,1,Hg,AsClHg3S4,525.9957145452803,419.762,0.37471233699096157,0.0,0.0
JVASP-29468,0,Hg,AsClHg3S4,525.9957145452803,419.762,0.37471233699096157,0.0,0.0
JVASP-29468,4,Hg,AsClHg3S4,525.9948408131015,419.762,0.37470757238625696,0.0,0.0
JVASP-29468,3,Hg,AsClHg3S4,525.9948408131015,419.762,0.37470757238625696,0.0,0.0
JVASP-29468,2,Hg,AsClHg3S4,525.9947325344618,419.762,0.37471710159566607,2.842170943040401e-14,0.0
JVASP-29468,5,Hg,AsClHg3S4,525.9947325344618,419.762,0.37471710159566607,2.842170943040401e-14,0.0
JVASP-81845,2,Sb,CaRh2Sb,525.0136024923545,-420.96,0.3330530216647663,2.842170943040401e-14,0.0
JVASP-81845,3,Sb,CaRh2Sb,525.0136024923545,-420.96,0.3330530216647663,2.842170943040401e-14,0.0
JVASP-38584,5,Hf,BiHf3,524.5369995062313,-428.283,-0.0,0.0010000000000331966,0.0
JVASP-38584,2,Hf,BiHf3,524.5369995062313,-428.283,-0.0,0.0010000000000331966,0.0
JVASP-12103,5,Br,AuBr,524.4842107547186,-403.359,0.61767061104376,0.0010000000000331966,0.0
JVASP-12103,6,Br,AuBr,524.4842107547186,-403.359,0.61767061104376,0.0010000000000331966,0.0
JVASP-12103,4,Br,AuBr,524.4842107547186,-403.359,0.61767061104376,0.0010000000000331966,0.0
JVASP-12103,7,Br,AuBr,524.4842107547186,-403.359,0.61767061104376,0.0010000000000331966,0.0
JVASP-5053,8,Se,AgInP2Se6,523.8896444443237,415.248,0.42826937155627487,2.842170943040401e-14,0.0
JVASP-5053,14,Se,AgInP2Se6,523.8896444443237,415.248,0.42826937155627487,2.842170943040401e-14,0.0
JVASP-5053,11,Se,AgInP2Se6,523.8896444443237,415.248,0.42826937155627487,2.842170943040401e-14,0.0
JVASP-5053,17,Se,AgInP2Se6,523.8896444443237,415.248,0.42826937155627487,2.842170943040401e-14,0.0
JVASP-5053,19,Se,AgInP2Se6,523.8894580472105,415.249,0.4282707483943369,0.0009999999999763531,0.0
JVASP-5053,10,Se,AgInP2Se6,523.8894580472105,415.249,0.4282707483943369,0.0009999999999763531,0.0
JVASP-5053,16,Se,AgInP2Se6,523.8894580472105,415.249,0.4282707483943369,0.0009999999999763531,0.0
JVASP-5053,13,Se,AgInP2Se6,523.8894580472105,415.249,0.4282707483943369,0.0009999999999763531,0.0
JVASP-5053,12,Se,AgInP2Se6,523.8888643195233,415.248,0.42826937155627487,0.0,0.0
JVASP-5053,9,Se,AgInP2Se6,523.8888643195233,415.248,0.42826937155627487,0.0,0.0
JVASP-5053,18,Se,AgInP2Se6,523.8888643195233,415.248,0.42826937155627487,0.0,0.0
JVASP-5053,15,Se,AgInP2Se6,523.8888643195233,415.248,0.42826937155627487,0.0,0.0
JVASP-36880,3,Br,AgBr3Tl,523.4347123433829,427.382,0.0004352078468442251,2.842170943040401e-14,0.0
JVASP-4501,4,Se,AgP2Se6V,523.3872231952171,426.98,0.07147875778725,0.0,0.0
JVASP-4501,3,Se,AgP2Se6V,523.3862920654303,426.98,0.07147875778725,0.0,0.0
JVASP-5374,4,I,BiI,523.3763740579049,-427.005,0.06806243486610224,0.0,0.0
JVASP-5374,5,I,BiI,523.3763740579049,-427.005,0.06806243486610224,0.0,0.0
JVASP-4513,14,Se,AgGaP2Se6,523.3081636789168,415.079,0.42301585963154,0.0009999999999763531,0.0
JVASP-4513,19,Se,AgGaP2Se6,523.3081636789168,415.079,0.42301585963154,0.0009999999999763531,0.0
JVASP-4513,18,Se,AgGaP2Se6,523.3081636789168,415.079,0.42301585963154,0.0009999999999763531,0.0
JVASP-4513,16,Se,AgGaP2Se6,523.3081636789168,415.079,0.42301585963154,0.0009999999999763531,0.0
JVASP-4513,13,Se,AgGaP2Se6,523.3079180377457,415.079,0.4230182688114793,0.0009999999999763531,0.0
JVASP-4513,15,Se,AgGaP2Se6,523.3079180377457,415.079,0.4230182688114793,0.0009999999999763531,0.0
JVASP-4513,8,Se,AgGaP2Se6,523.3079180377457,415.079,0.4230182688114793,0.0009999999999763531,0.0
JVASP-4513,9,Se,AgGaP2Se6,523.3079180377457,415.079,0.4230182688114793,0.0009999999999763531,0.0
JVASP-4513,12,Se,AgGaP2Se6,523.3073600896513,415.079,0.42301585963154,0.0,0.0
JVASP-4513,10,Se,AgGaP2Se6,523.3073600896513,415.079,0.42301585963154,0.0,0.0
JVASP-4513,17,Se,AgGaP2Se6,523.3073600896513,415.079,0.42301585963154,0.0,0.0
JVASP-4513,11,Se,AgGaP2Se6,523.3073600896513,415.079,0.42301585963154,0.0,0.0
JVASP-4501,8,Se,AgP2Se6V,523.2995359160947,427.126,0.04532152104999463,1.4210854715202004e-14,0.0
JVASP-4501,7,Se,AgP2Se6V,523.2981798019175,427.125,0.04532162715832603,1.4210854715202004e-14,0.0
JVASP-39921,2,Bi,Bi3Ca,523.1473223251745,427.148,0.0,0.0,0.0
JVASP-39921,1,Bi,Bi3Ca,523.1473223251745,427.148,0.0,0.0,0.0
JVASP-39921,3,Bi,Bi3Ca,523.1473223251745,427.148,0.0,0.0,0.0
JVASP-29622,19,Se,PSe3Sn,522.6163488908475,417.761,0.36051474407615836,5.684341886080802e-14,0.0
JVASP-29622,11,Se,PSe3Sn,522.6163488908475,417.761,0.36051474407615836,5.684341886080802e-14,0.0
JVASP-15801,2,Hg,AsHgK,521.9091052645086,426.137,7.0399894869159515e-06,0.0,0.0
JVASP-15801,3,Hg,AsHgK,521.9091052645086,426.137,7.0399894869159515e-06,0.0,0.0
JVASP-29573,22,Se,CuPSe3Tl,521.7931307558581,417.761,0.3465689712538987,0.0,0.0
JVASP-29573,19,Se,CuPSe3Tl,521.7931307558581,417.761,0.3465689712538987,0.0,0.0
JVASP-29573,18,Se,CuPSe3Tl,521.7931307558581,417.761,0.3465689712538987,0.0,0.0
JVASP-29573,12,Se,CuPSe3Tl,521.7931307558581,417.761,0.3465689712538987,0.0,0.0
JVASP-17162,3,Te,Cu2SnTe3,521.6582462014762,425.882,0.026577784456727423,2.1316282072803006e-14,0.0
JVASP-17162,4,Te,Cu2SnTe3,521.6568412567788,425.881,0.026577846863325646,5.684341886080802e-14,0.0
JVASP-14795,0,Pu,B2Pu,521.6212902326745,-425.902,1.4087747885664373e-05,5.684341886080802e-14,0.0
JVASP-12026,9,Se,Br2NbSe2,521.6107409937031,422.684,0.21386425793264002,2.842170943040401e-14,0.0
JVASP-12026,6,Se,Br2NbSe2,521.6107409937031,422.684,0.21386425793264002,2.842170943040401e-14,0.0
JVASP-12026,5,Se,Br2NbSe2,521.6107409937031,422.684,0.21386425793264002,2.842170943040401e-14,0.0
JVASP-12026,10,Se,Br2NbSe2,521.6107409937031,422.684,0.21386425793264002,2.842170943040401e-14,0.0
JVASP-14725,1,U,U,521.1981196454952,-399.911,0.6301627112032426,2.842170943040401e-14,0.0
JVASP-14725,0,U,U,521.1981196454952,-399.911,0.6301627112032426,2.842170943040401e-14,0.0
JVASP-14725,3,U,U,521.1981196454952,-399.911,0.6301627112032426,2.842170943040401e-14,0.0
JVASP-14725,2,U,U,521.1981196454952,-399.911,0.6301627112032426,2.842170943040401e-14,0.0
JVASP-29573,20,Se,CuPSe3Tl,521.0078869518196,419.355,0.29517711723957035,1.4210854715202004e-14,0.0
JVASP-29573,15,Se,CuPSe3Tl,521.0078869518196,419.355,0.29517711723957035,1.4210854715202004e-14,0.0
JVASP-29573,21,Se,CuPSe3Tl,521.0078869518196,419.355,0.29517711723957035,1.4210854715202004e-14,0.0
JVASP-29573,16,Se,CuPSe3Tl,521.0078869518196,419.355,0.29517711723957035,1.4210854715202004e-14,0.0
JVASP-1038,0,U,U,520.9785743406344,-399.736,0.6302509656373205,1.4210854715202004e-14,0.0
JVASP-1038,1,U,U,520.9785743406344,-399.736,0.6302509656373205,1.4210854715202004e-14,0.0
JVASP-56339,6,Te,MnSnTe4Tl2,520.917333982082,425.137,0.05176449003497697,0.0010000000000331966,0.0
JVASP-56339,7,Te,MnSnTe4Tl2,520.9171486100261,425.137,0.05176449003497697,1.4210854715202004e-14,0.0
JVASP-56339,5,Te,MnSnTe4Tl2,520.9168211336624,425.137,0.05176449003497697,1.4210854715202004e-14,0.0
JVASP-56339,4,Te,MnSnTe4Tl2,520.9167116363229,425.137,0.05176449003497697,0.0,0.0
JVASP-15386,0,Ce,B2CeCo3,520.0772951831295,424.641,4.709860800086543e-06,0.0009999999999763531,0.0
JVASP-8428,2,W,BaCuO5W,520.0593322564263,424.627,0.0,0.0010000000000331966,0.0
JVASP-80299,3,Pb,Hg2NaPb,519.2277416644839,-421.411,0.1903059008901049,1.4210854715202004e-14,0.0
JVASP-5344,11,Br,Br3Sb,519.092609088205,422.418,0.14214356395797523,5.684341886080802e-14,0.0
JVASP-5344,9,Br,Br3Sb,519.092609088205,422.418,0.14214356395797523,5.684341886080802e-14,0.0
JVASP-5344,8,Br,Br3Sb,519.092609088205,422.418,0.14214356395797523,5.684341886080802e-14,0.0
JVASP-5344,10,Br,Br3Sb,519.092609088205,422.418,0.14214356395797523,5.684341886080802e-14,0.0
JVASP-54631,7,Pb,CaCdPb,519.0823941013604,-423.829,7.0783264004726026e-06,0.0,0.0
JVASP-54631,8,Pb,CaCdPb,519.0823941013604,-423.829,7.0783264004726026e-06,0.0,0.0
JVASP-29423,9,Te,O8Te2Tl2U,518.7148293426745,-416.915,0.3097226053272249,0.0,0.0
JVASP-29423,8,Te,O8Te2Tl2U,518.7148293426745,-416.915,0.3097226053272249,0.0,0.0
JVASP-4204,0,Br,Br2Pd,518.6935347755937,-422.866,0.09576083203662626,4.263256414560601e-14,0.0
JVASP-4204,1,Br,Br2Pd,518.6935347755937,-422.866,0.09576083203662626,4.263256414560601e-14,0.0
JVASP-4204,2,Br,Br2Pd,518.6935347755937,-422.866,0.09576083203662626,4.263256414560601e-14,0.0
JVASP-4204,3,Br,Br2Pd,518.6935347755937,-422.866,0.09576083203662626,4.263256414560601e-14,0.0
JVASP-5665,3,Te,Cl6TaTe2,517.7577044100841,-404.694,0.523101405012182,0.0,0.0
JVASP-5665,2,Te,Cl6TaTe2,517.7577044100841,-404.694,0.523101405012182,0.0,0.0
JVASP-29574,2,I,BiI3,517.6975414631597,-422.201,0.08409027927456357,0.0009999999999894538,0.0
JVASP-29574,6,I,BiI3,517.6975414631597,-422.201,0.08409027927456357,0.0009999999999894538,0.0
JVASP-29574,5,I,BiI3,517.6974595176221,-422.201,0.08408791073446062,0.0009999999999894538,0.0
JVASP-29574,7,I,BiI3,517.6974595176221,-422.201,0.08408791073446062,0.0009999999999894538,0.0
JVASP-29574,3,I,BiI3,517.6974595176221,-422.201,0.08409027927456357,0.0009999999999894538,0.0
JVASP-29574,4,I,BiI3,517.6974595176221,-422.201,0.08409027927456357,0.0009999999999894538,0.0
JVASP-36952,4,Br,AgBr3K,517.5783749588076,422.576,0.018486615425390894,0.000999999999990564,0.0
JVASP-36952,9,Br,AgBr3K,517.5776791400494,422.576,0.018486615425390894,1.4210854715202004e-14,0.0
JVASP-36952,5,Br,AgBr3K,517.5775310598403,422.576,0.018488981863617405,0.0,0.0
JVASP-36952,7,Br,AgBr3K,517.5774092539201,422.576,0.018488981863617405,0.0,0.0
JVASP-36952,8,Br,AgBr3K,517.5771807701726,422.576,0.018486615425390894,0.0,0.0
JVASP-36952,6,Br,AgBr3K,517.5766147605589,422.576,0.018486615425390894,0.0010000000000047748,0.0
JVASP-29400,5,Te,O13Te5Y2,517.3211638953118,-420.055,0.18288795514873046,0.0,0.0
JVASP-29400,12,Te,O13Te5Y2,517.3211638953118,-420.055,0.18288795514873046,0.0,0.0
JVASP-29411,9,Te,O13Te5Tm2,517.2013604400128,-420.189,0.17355285359683376,0.0010000000000189857,0.0
JVASP-29411,6,Te,O13Te5Tm2,517.2013604400128,-420.189,0.17355285359683376,0.0010000000000189857,0.0
JVASP-25119,2,O,O,517.0171744632861,-420.595,0.1487202653383897,0.0,0.0
JVASP-25119,1,O,O,517.0170708409927,-420.595,0.1487202653383897,0.0010000000000047748,0.0
JVASP-25119,0,O,O,517.0167878231808,-420.595,0.1487202653383897,0.0010000000000047748,0.0
JVASP-25119,3,O,O,517.0164028703538,-420.595,0.1487202653383897,0.0010000000000047748,0.0
JVASP-25119,5,O,O,517.0162391588876,-420.595,0.1487202653383897,0.0,0.0
JVASP-25119,4,O,O,517.0161291942447,-420.595,0.1487202653383897,0.0010000000000047748,0.0
JVASP-67510,5,Br,BeBrCo,516.921535895923,422.065,0.0,0.0009999999999763531,0.0
JVASP-67510,4,Br,BeBrCo,516.921535895923,422.065,0.0,0.0009999999999763531,0.0
JVASP-29418,7,Te,Dy2O13Te5,516.9138936699226,-419.696,0.18402843963249593,0.000999999999990564,0.0
JVASP-29418,5,Te,Dy2O13Te5,516.9138936699226,-419.696,0.18402843963249593,0.000999999999990564,0.0
JVASP-85489,2,Sb,BaSb2,516.8069512187312,-421.582,0.0744647541877974,0.0,0.0
JVASP-85489,3,Sb,BaSb2,516.8069512187312,-421.582,0.0744647541877974,0.0,0.0
JVASP-18543,1,Ho,AlCHo3,516.7615025657387,-421.934,-0.0,0.0,0.0
JVASP-18543,0,Ho,AlCHo3,516.7615025657387,-421.934,-0.0,0.0,0.0
JVASP-18543,2,Ho,AlCHo3,516.7615025657387,-421.934,-0.0,0.0,0.0
JVASP-79207,0,O,O,516.276818191559,-416.416,0.27249433259048644,0.0,0.0
JVASP-79207,2,O,O,516.276818191559,-416.416,0.27249433259048644,0.0,0.0
JVASP-79207,1,O,O,516.276818191559,-416.416,0.27249433259048644,0.0,0.0
JVASP-79207,3,O,O,516.276818191559,-416.416,0.27249433259048644,0.0,0.0
JVASP-16134,3,Te,AuNaTe,515.9543956959762,-421.275,2.373746365212213e-06,0.0,0.0
JVASP-16134,2,Te,AuNaTe,515.9543956959762,-421.275,2.373746365212213e-06,0.0,0.0
JVASP-12138,14,Se,BiCuP2Se6,515.9013928610776,410.289,0.40268932386683537,0.0,0.0
JVASP-12138,18,Se,BiCuP2Se6,515.9013928610776,410.289,0.40268932386683537,0.0,0.0
JVASP-12138,17,Se,BiCuP2Se6,515.9013928610776,410.289,0.40268932386683537,0.0,0.0
JVASP-12138,19,Se,BiCuP2Se6,515.9013928610776,410.289,0.40268932386683537,0.0,0.0
JVASP-12138,15,Se,BiCuP2Se6,515.9009227787831,410.289,0.40268932386683537,0.0,0.0
JVASP-12138,12,Se,BiCuP2Se6,515.9009227787831,410.289,0.40268932386683537,0.0,0.0
JVASP-12138,11,Se,BiCuP2Se6,515.9009227787831,410.289,0.40268932386683537,0.0,0.0
JVASP-12138,9,Se,BiCuP2Se6,515.9009227787831,410.289,0.40268932386683537,0.0,0.0
JVASP-12138,10,Se,BiCuP2Se6,515.9008502532245,410.288,0.40268786803416134,2.842170943040401e-14,0.0
JVASP-12138,8,Se,BiCuP2Se6,515.9008502532245,410.288,0.40268786803416134,2.842170943040401e-14,0.0
JVASP-12138,13,Se,BiCuP2Se6,515.9008502532245,410.288,0.40268786803416134,2.842170943040401e-14,0.0
JVASP-12138,16,Se,BiCuP2Se6,515.9008502532245,410.288,0.40268786803416134,2.842170943040401e-14,0.0
JVASP-5374,1,I,BiI,515.8931136359547,-421.112,0.040219704021732965,0.0010000000000331966,0.0
JVASP-5374,0,I,BiI,515.8931136359547,-421.112,0.040219704021732965,0.0010000000000331966,0.0
JVASP-5491,15,Se,Se9V2,515.4663896210886,419.267,0.15190558760885073,0.0010000000000047748,0.0
JVASP-5491,17,Se,Se9V2,515.4663896210886,419.267,0.15190558760885073,0.0010000000000047748,0.0
JVASP-5491,16,Se,Se9V2,515.4661040340093,419.267,0.15190558760885073,1.4210854715202004e-14,0.0
JVASP-5491,14,Se,Se9V2,515.4661040340093,419.267,0.15190558760885073,1.4210854715202004e-14,0.0
JVASP-76926,3,Au,AuGa2Li,515.0783618052694,-420.558,0.004731808692261256,5.684341886080802e-14,0.0
JVASP-77566,7,Ru,Be2PdRu,515.0691738834698,-420.552,0.0028082139664060844,0.0010000000000047748,0.0
JVASP-77566,6,Ru,Be2PdRu,515.0691738834698,-420.552,0.0028082139664060844,0.0010000000000047748,0.0
JVASP-1039,1,U,U,515.0339844447161,-376.069,0.867,0.0010000000000012221,0.0
JVASP-1039,2,U,U,515.0339844447161,-376.069,0.867,0.0010000000000012221,0.0
JVASP-1039,3,U,U,515.0339844447161,-376.069,0.867,0.0010000000000012221,0.0
JVASP-1039,0,U,U,515.0339844447161,-376.069,0.867,0.0010000000000012221,0.0
JVASP-18855,1,Np,AlNp3,514.9431646803364,420.449,0.0,0.0009999999999763531,0.0
JVASP-18855,0,Np,AlNp3,514.9431646803364,420.449,0.0,0.0009999999999763531,0.0
JVASP-18855,2,Np,AlNp3,514.9431646803364,420.449,0.0,0.0009999999999763531,0.0
JVASP-29573,13,Se,CuPSe3Tl,514.5903650341697,413.121,0.3211238353896316,0.0,0.0
JVASP-29573,14,Se,CuPSe3Tl,514.5903650341697,413.121,0.3211238353896316,0.0,0.0
JVASP-29573,23,Se,CuPSe3Tl,514.5903650341697,413.121,0.3211238353896316,0.0,0.0
JVASP-29573,17,Se,CuPSe3Tl,514.5903650341697,413.121,0.3211238353896316,0.0,0.0
JVASP-77191,2,Hg,Hg2PbSr,514.5186381211083,-420.102,0.0008831188616097541,0.0,0.0
JVASP-77191,1,Hg,Hg2PbSr,514.5186381211083,-420.102,0.0008831188616097541,0.0,0.0
JVASP-36880,4,Br,AgBr3Tl,514.4348163509153,420.02,0.014427884386457793,5.684341886080802e-14,0.0
JVASP-36880,2,Br,AgBr3Tl,514.3750857224716,419.972,0.01411046450715766,2.842170943040401e-14,0.0
JVASP-5470,8,Cl,AuCl5S,514.2020008333301,419.61,0.05787040346988867,0.000999999999990564,0.0
JVASP-5470,11,Cl,AuCl5S,514.2020008333301,419.61,0.05787040346988867,0.000999999999990564,0.0
JVASP-5470,9,Cl,AuCl5S,514.2020008333301,419.61,0.05787040346988867,0.000999999999990564,0.0
JVASP-5470,10,Cl,AuCl5S,514.2020008333301,419.61,0.05787040346988867,0.000999999999990564,0.0
JVASP-15725,2,Te,AuRbTe,514.0270555184815,-419.701,4.765297199695854e-06,0.0009999999999763531,0.0
JVASP-15725,3,Te,AuRbTe,514.0270555184815,-419.701,4.765297199695854e-06,0.0009999999999763531,0.0
JVASP-39414,7,F,F3O,514.0269115153408,419.685,0.015259063345127884,0.0,0.0
JVASP-2091,4,Pb,F4Pb,513.7886469142735,-419.507,2.3837504499442796e-06,0.0,0.0
JVASP-5335,5,Se,Cl2NbSe2,513.6954677209056,416.004,0.22276949260103268,0.0010000000000047748,0.0
JVASP-5335,4,Se,Cl2NbSe2,513.6954677209056,416.004,0.22276949260103268,0.0010000000000047748,0.0
JVASP-36905,8,Br,Br3RbSe,513.5505502927633,-394.299,0.6266538844886749,0.0,0.0
JVASP-36905,9,Br,Br3RbSe,513.5505502927633,-394.299,0.6266538844886749,0.0,0.0
JVASP-31822,20,F,F11Kr3Sb,513.2505816889056,419.05,0.01587400071590499,2.220446049250313e-15,0.0
JVASP-31822,21,F,F11Kr3Sb,513.2497732683377,419.049,0.01587165224114598,6.661338147750939e-15,0.0
JVASP-15230,3,Te,AuKTe,512.9978615764396,-418.861,2.3874268552211234e-06,0.0,0.0
JVASP-15230,2,Te,AuKTe,512.9978615764396,-418.861,2.3874268552211234e-06,0.0,0.0
JVASP-16859,6,Te,Cu2GeTe4Zn,512.6667950394291,406.26,0.4299611086496333,0.0,0.0
JVASP-16859,4,Te,Cu2GeTe4Zn,512.6660589818679,406.259,0.4299597055080625,0.0,0.0
JVASP-16859,5,Te,Cu2GeTe4Zn,512.6658243905089,406.26,0.4299611086496333,1.4210854715202004e-14,0.0
JVASP-16859,7,Te,Cu2GeTe4Zn,512.6657139540346,406.26,0.42995618569389055,0.0,0.0
JVASP-4501,6,Se,AgP2Se6V,512.3807239465591,417.766,0.09212334177506072,0.0,0.0
JVASP-4501,5,Se,AgP2Se6V,512.3795774364938,417.766,0.09212334177506072,0.0,0.0
JVASP-8691,3,Br,BrO3Tl,512.1099997012361,-418.136,-0.0,0.0,0.0
JVASP-54864,0,Np,Np3Sn,512.0805276672801,418.112,0.0,0.0,0.0
JVASP-54864,1,Np,Np3Sn,512.0805276672801,418.112,0.0,0.0,0.0
JVASP-54864,2,Np,Np3Sn,512.0805276672801,418.112,0.0,0.0,0.0
JVASP-14242,6,Au,AuI3K,511.90852227815077,-417.673,0.06544593497784147,0.0010000000000047748,0.0
JVASP-14242,7,Au,AuI3K,511.90852227815077,-417.673,0.06544593497784147,0.0010000000000047748,0.0
JVASP-12071,1,Te,O2Te,511.4902918902763,-411.629,0.2968425451073661,7.105427357601002e-15,0.0
JVASP-12071,6,Te,O2Te,511.4902918902763,-411.629,0.2968425451073661,7.105427357601002e-15,0.0
JVASP-12071,5,Te,O2Te,511.4902918902763,-411.629,0.2968425451073661,7.105427357601002e-15,0.0
JVASP-12071,0,Te,O2Te,511.4902918902763,-411.629,0.2968425451073661,7.105427357601002e-15,0.0
JVASP-12071,2,Te,O2Te,511.4902918902763,-411.629,0.2968425451073661,7.105427357601002e-15,0.0
JVASP-12071,4,Te,O2Te,511.4902918902763,-411.629,0.2968425451073661,7.105427357601002e-15,0.0
JVASP-12071,7,Te,O2Te,511.4902918902763,-411.629,0.2968425451073661,7.105427357601002e-15,0.0
JVASP-12071,3,Te,O2Te,511.4902918902763,-411.629,0.2968425451073661,7.105427357601002e-15,0.0
JVASP-4409,4,Se,FePSe3,511.4227351643648,415.738,0.16300169818491458,0.0009999999999834586,0.0
JVASP-4409,5,Se,FePSe3,511.42240637070256,415.737,0.1630044956306511,0.0,0.0
JVASP-4409,6,Se,FePSe3,511.42239314093393,415.738,0.16300169818491458,0.0,0.0
JVASP-4409,9,Se,FePSe3,511.4063318399568,415.724,0.16304326909199374,0.0,0.0
JVASP-4409,7,Se,FePSe3,511.4060461081781,415.723,0.16304366128407619,0.0,0.0
JVASP-4409,8,Se,FePSe3,511.4047973983037,415.723,0.1630460667319345,2.842170943040401e-14,0.0
JVASP-32749,5,I,BiI,511.06796694177575,-416.94,0.07047057130522379,5.684341886080802e-14,0.0
JVASP-32749,4,I,BiI,511.06796694177575,-416.94,0.07047057130522379,5.684341886080802e-14,0.0
JVASP-77374,3,Bi,BiNaPd2,510.9413091363822,-371.701,0.8826476119246384,0.0,0.0
JVASP-77374,2,Bi,BiNaPd2,510.9413091363822,-371.701,0.8826476119246384,0.0,0.0
JVASP-3549,4,Br,BrKO3,510.50512191945734,-416.826,-0.0,0.0,0.0
JVASP-40523,6,Se,AcSe3,510.3072787595725,415.485,0.130560670060291,0.0010000000000047748,0.0
JVASP-40523,5,Se,AcSe3,510.3072787595725,415.485,0.130560670060291,0.0010000000000047748,0.0
JVASP-40523,3,Se,AcSe3,510.30721684883116,415.485,0.130560670060291,0.0,0.0
JVASP-40523,2,Se,AcSe3,510.30721684883116,415.485,0.130560670060291,0.0,0.0
JVASP-40523,4,Se,AcSe3,510.3071698310734,415.485,0.130560670060291,0.0010000000000047748,0.0
JVASP-40523,7,Se,AcSe3,510.3071698310734,415.485,0.130560670060291,0.0010000000000047748,0.0
JVASP-29453,4,Te,ClInO3Te,509.85789630641204,-416.296,0.004597690105117482,1.4210854715202004e-14,0.0
JVASP-29453,5,Te,ClInO3Te,509.85789630641204,-416.296,0.004597690105117482,1.4210854715202004e-14,0.0
JVASP-29453,7,Te,ClInO3Te,509.85789630641204,-416.296,0.004597690105117482,1.4210854715202004e-14,0.0
JVASP-29453,6,Te,ClInO3Te,509.85789630641204,-416.296,0.004597690105117482,1.4210854715202004e-14,0.0
JVASP-53094,6,I,AsCd3I3,509.72602381671663,-405.441,0.40146161833657673,2.842170943040401e-14,0.0
JVASP-15287,5,Au,AsAuCa,509.6253224507197,416.107,4.806456031764785e-06,0.0009999999999763531,0.0
JVASP-15287,4,Au,AsAuCa,509.6253224507197,416.107,4.806456031764785e-06,0.0009999999999763531,0.0
JVASP-15703,5,Sb,BaSb3,509.5180233622752,-408.258,0.3393393393393394,0.0010000000000047748,0.0
JVASP-15703,0,Sb,BaSb3,509.5180233622752,-408.258,0.3393393393393394,0.0010000000000047748,0.0
JVASP-15703,1,Sb,BaSb3,509.5178009589066,-408.258,0.33934423820231324,0.0,0.0
JVASP-15703,4,Sb,BaSb3,509.5178009589066,-408.258,0.33934423820231324,0.0,0.0
JVASP-18548,3,Ta,OTa4,509.4203818066175,415.94,0.0,0.0,0.0
JVASP-79079,4,Sb,NpSb3,509.33220017587735,415.868,0.0,0.0,0.0
JVASP-79079,7,Sb,NpSb3,509.33220017587735,415.868,0.0,0.0,0.0
JVASP-30364,1,W,Br2O2W,508.98332481133406,407.492,0.3468681593749079,0.0,0.0
JVASP-30364,0,W,Br2O2W,508.98332481133406,407.492,0.3468681593749079,0.0,0.0
JVASP-586,15,Se,NbSe3,508.7921520798056,415.287,0.04497371697163647,0.0,0.0
JVASP-586,14,Se,NbSe3,508.7921520798056,415.287,0.04497371697163647,0.0,0.0
JVASP-33220,6,Se,Ga2Se3,508.0280052674262,381.445,0.7400306728361887,0.0,0.0
JVASP-33220,4,Se,Ga2Se3,508.027646017419,381.445,0.7400306728361887,0.0,0.0
JVASP-5794,13,Se,Ag3PSe4,507.9875695300033,397.606,0.5143986760763168,0.0009999999999763531,0.0
JVASP-5794,9,Se,Ag3PSe4,507.9875695300033,397.606,0.5143986760763168,0.0009999999999763531,0.0
JVASP-5794,12,Se,Ag3PSe4,507.9875695300033,397.606,0.5143986760763168,0.0009999999999763531,0.0
JVASP-5794,8,Se,Ag3PSe4,507.9875695300033,397.606,0.5143986760763168,0.0009999999999763531,0.0
JVASP-33220,8,Se,Ga2Se3,507.86988227104,381.398,0.7391386425728503,1.4210854715202004e-14,0.0
JVASP-33220,9,Se,Ga2Se3,507.86965296028467,381.398,0.7391386425728503,0.0,0.0
JVASP-67735,2,Bi,Be2BiCl,507.31137113808126,-414.218,-0.0,0.0,0.0
JVASP-18542,2,Dy,AlCDy3,507.179098691971,-414.11,-0.0,0.0,0.0
JVASP-18542,0,Dy,AlCDy3,507.179098691971,-414.11,-0.0,0.0,0.0
JVASP-18542,1,Dy,AlCDy3,507.179098691971,-414.11,-0.0,0.0,0.0
JVASP-16916,0,Mo,MoO3,506.9468054549708,-413.92,2.1743332044874738e-05,0.0009999999999763531,0.0
JVASP-16916,1,Mo,MoO3,506.94639719796805,-413.92,1.932740626210325e-05,5.684341886080802e-14,0.0
JVASP-32786,12,Br,Br3Sb,506.8991426743588,410.218,0.23199372041207358,1.4210854715202004e-14,0.0
JVASP-32786,10,Br,Br3Sb,506.8991426743588,410.218,0.23199372041207358,1.4210854715202004e-14,0.0
JVASP-32786,6,Br,Br3Sb,506.8991426743588,410.218,0.23199372041207358,1.4210854715202004e-14,0.0
JVASP-32786,4,Br,Br3Sb,506.8991426743588,410.218,0.23199372041207358,1.4210854715202004e-14,0.0
JVASP-32786,7,Br,Br3Sb,506.8991426743588,410.218,0.23199372041207358,1.4210854715202004e-14,0.0
JVASP-32786,13,Br,Br3Sb,506.8991426743588,410.218,0.23199372041207358,1.4210854715202004e-14,0.0
JVASP-32786,11,Br,Br3Sb,506.8991426743588,410.218,0.23199372041207358,1.4210854715202004e-14,0.0
JVASP-32786,14,Br,Br3Sb,506.8991426743588,410.218,0.23199372041207358,1.4210854715202004e-14,0.0
JVASP-81491,3,Au,AuCa2Hg,506.70000006118016,-390.726,0.6028726012602181,7.105427357601002e-15,0.0
JVASP-29640,13,Se,PSe3Sn,506.511408673092,408.3,0.27904971834435466,0.0,0.0
JVASP-29640,12,Se,PSe3Sn,506.511408673092,408.3,0.27904971834435466,0.0,0.0
JVASP-29640,14,Se,PSe3Sn,506.511408673092,408.3,0.27904971834435466,0.0,0.0
JVASP-29640,15,Se,PSe3Sn,506.511408673092,408.3,0.27904971834435466,0.0,0.0
JVASP-17482,2,Au,AuInO2,506.3462721873244,-413.43,9.675156616643929e-06,0.0,0.0
JVASP-17482,3,Au,AuInO2,506.3462721873244,-413.43,9.675156616643929e-06,0.0,0.0
JVASP-36905,6,Br,Br3RbSe,505.6925620473372,412.532,0.07274102372664426,0.0,0.0
JVASP-36905,7,Br,Br3RbSe,505.6925620473372,412.532,0.07274102372664426,0.0,0.0
JVASP-36905,5,Br,Br3RbSe,505.6925620473372,412.532,0.07274102372664426,0.0,0.0
JVASP-36905,4,Br,Br3RbSe,505.6925620473372,412.532,0.07274102372664426,0.0,0.0
JVASP-38158,1,Hg,F2Hg,504.9199230293849,-398.244,0.4636454033205773,0.0,0.0
JVASP-38158,0,Hg,F2Hg,504.9199230293849,-398.244,0.4636454033205773,0.0,0.0
JVASP-30543,1,Mo,MoO3,504.8765784228855,-412.23,3.1535793125209784e-05,0.0,0.0
JVASP-30543,0,Mo,MoO3,504.87576192663477,-412.229,3.1535869625875985e-05,0.0010000000000331966,0.0
JVASP-29339,2,Se,Br2NbSe2,504.8054516781687,409.046,0.21453821819550858,0.0,0.0
JVASP-29339,3,Se,Br2NbSe2,504.8054516781687,409.046,0.21453821819550858,0.0,0.0
JVASP-29622,12,Se,PSe3Sn,504.575581955766,400.499,0.41776633649522216,0.0,0.0
JVASP-29622,8,Se,PSe3Sn,504.575581955766,400.499,0.41776633649522216,0.0,0.0
JVASP-36157,3,I,CuI,504.565039503333,-395.338,0.5077655069838973,0.0010000000000047748,0.0
JVASP-36157,2,I,CuI,504.565039503333,-395.338,0.5077655069838973,0.0010000000000047748,0.0
JVASP-18874,7,Au,AgAuTe2,504.5147078391273,-409.499,0.18917018112376344,0.0,0.0
JVASP-5848,7,Au,AgAuTe2,504.51018161777466,-409.495,0.1891720289625026,2.842170943040401e-14,0.0
JVASP-5848,6,Au,AgAuTe2,504.33595335946455,-409.353,0.1892107789609457,0.0009999999999763531,0.0
JVASP-18874,6,Au,AgAuTe2,504.33534127403766,-409.353,0.18920833608157264,0.0,0.0
JVASP-35353,0,U,B2CNi2U,503.9898630825822,411.506,0.0,0.0,0.0
JVASP-65005,3,Pb,Be2CdPb,503.8281967238436,411.374,0.0,0.0,0.0
JVASP-35036,3,Sb,PrSbTe,503.5326249618787,-411.133,-0.0,0.0009999999999763531,0.0
JVASP-35036,2,Sb,PrSbTe,503.5326249618787,-411.133,-0.0,0.0009999999999763531,0.0
JVASP-30506,2,Bi,AgBiO2,503.5144501034702,-394.516,0.508,0.0010000000000331966,0.0
JVASP-30506,3,Bi,AgBiO2,503.5144501034702,-394.516,0.508,0.0010000000000331966,0.0
JVASP-81247,4,Pt,AuLi2Pt,503.3355659378741,394.433,0.5068110426865907,0.0,0.0
JVASP-81247,5,Pt,AuLi2Pt,503.3355659378741,394.433,0.5068110426865907,0.0,0.0
JVASP-5653,12,I,AlI7Te,503.11435604244093,408.331,0.1904019043374125,0.0,0.0
JVASP-5653,13,I,AlI7Te,503.11435604244093,408.331,0.1904019043374125,0.0,0.0
JVASP-54934,2,Nd,AlCNd3,502.3438059397169,-410.162,-0.0,0.0,0.0
JVASP-54934,0,Nd,AlCNd3,502.3438059397169,-410.162,-0.0,0.0,0.0
JVASP-54934,1,Nd,AlCNd3,502.3438059397169,-410.162,-0.0,0.0,0.0
JVASP-59635,2,Te,NbTe4,502.2164004749347,404.613,0.28510947497979544,0.0,0.0
JVASP-59635,6,Te,NbTe4,502.2164004749347,404.613,0.28510947497979544,0.0,0.0
JVASP-59635,5,Te,NbTe4,502.2164004749347,404.613,0.28510947497979544,0.0,0.0
JVASP-59635,8,Te,NbTe4,502.2164004749347,404.613,0.28510947497979544,0.0,0.0
JVASP-59635,7,Te,NbTe4,502.2164004749347,404.613,0.28510947497979544,0.0,0.0
JVASP-59635,9,Te,NbTe4,502.2164004749347,404.613,0.28510947497979544,0.0,0.0
JVASP-59635,3,Te,NbTe4,502.2164004749347,404.613,0.28510947497979544,0.0,0.0
JVASP-59635,4,Te,NbTe4,502.2164004749347,404.613,0.28510947497979544,0.0,0.0
JVASP-18024,3,Sn,FeSn,502.10783843015236,409.969,4.878417636409406e-06,0.0010000000000331966,0.0
JVASP-5080,3,Sn,FeSn,502.10783843015236,409.969,0.0,0.0010000000000331966,0.0
JVASP-79745,3,Pt,Hg2LiPt,501.99118827326043,383.561,0.6524907381094533,2.842170943040401e-14,0.0
JVASP-15766,2,Pt,PPtTb,501.87227916472926,409.777,2.440351703499159e-06,5.684341886080802e-14,0.0
JVASP-12517,9,Bi,B3BiO6,501.76894565726167,-377.533,0.7299785714096516,5.684341886080802e-14,0.0
JVASP-5344,13,Br,Br3Sb,501.4406024775018,409.182,0.05965071777350906,0.0010000000000047748,0.0
JVASP-5344,12,Br,Br3Sb,501.4406024775018,409.182,0.05965071777350906,0.0010000000000047748,0.0
JVASP-5344,15,Br,Br3Sb,501.4406024775018,409.182,0.05965071777350906,0.0010000000000047748,0.0
JVASP-5344,14,Br,Br3Sb,501.4406024775018,409.182,0.05965071777350906,0.0010000000000047748,0.0
JVASP-5344,4,Br,Br3Sb,501.3353721651805,409.099,0.059274161022148664,1.4210854715202004e-14,0.0
JVASP-5344,6,Br,Br3Sb,501.3353721651805,409.099,0.059274161022148664,1.4210854715202004e-14,0.0
JVASP-5344,7,Br,Br3Sb,501.3353721651805,409.099,0.059274161022148664,1.4210854715202004e-14,0.0
JVASP-5344,5,Br,Br3Sb,501.3353721651805,409.099,0.059274161022148664,1.4210854715202004e-14,0.0
JVASP-26375,3,Bi,BiCdClO2,501.32602614865306,-402.542,0.3194399590601726,5.329070518200751e-15,0.0
JVASP-26375,2,Bi,BiCdClO2,501.32602614865306,-402.542,0.3194399590601726,5.329070518200751e-15,0.0
JVASP-29375,8,Bi,BiCdClO2,501.24395464384406,-402.487,0.31918297982295074,0.0009999999999763531,0.0
JVASP-42080,5,Pa,AlPa3,501.23990256263517,409.261,0.0,0.0010000000000331966,0.0
JVASP-42080,2,Pa,AlPa3,501.23990256263517,409.261,0.0,0.0010000000000331966,0.0
JVASP-29375,6,Bi,BiCdClO2,501.2346881372038,-402.48,0.3191761081295965,0.0,0.0
JVASP-35619,6,Te,Cu2MnSiTe4,500.9849254059447,409.001,0.02733734147349276,0.0,0.0
JVASP-35619,5,Te,Cu2MnSiTe4,500.9849254059447,409.001,0.02733734147349276,0.0,0.0
JVASP-35619,7,Te,Cu2MnSiTe4,500.9849254059447,409.001,0.02733734147349276,0.0,0.0
JVASP-35619,4,Te,Cu2MnSiTe4,500.9841424017331,409.001,0.02733734147349276,0.0,0.0
JVASP-17395,2,Pt,DyPPt,500.73734891757374,408.85,2.4458847987681376e-06,0.0009999999999763531,0.0
JVASP-16118,5,Au,AuSiY,500.25929016860846,408.46,0.0,0.0,0.0
JVASP-16118,4,Au,AuSiY,500.25929016860846,408.46,0.0,0.0,0.0
JVASP-5470,27,Cl,AuCl5S,500.0203202220885,407.88,0.07529665587918012,0.0010000000000047748,0.0
JVASP-5470,24,Cl,AuCl5S,500.0203202220885,407.88,0.07529665587918012,0.0010000000000047748,0.0
JVASP-5470,25,Cl,AuCl5S,500.0203202220885,407.88,0.07529665587918012,0.0010000000000047748,0.0
JVASP-5470,26,Cl,AuCl5S,500.0203202220885,407.88,0.07529665587918012,0.0010000000000047748,0.0
