jid,site_idx,element,frob_true,frob_pred,frob_err
JVASP-30562,0,Co,34.545147,1.0717598,33.972485
JVASP-30562,1,Co,34.491962,1.0717598,33.921215
JVASP-30562,2,O,20.294973,1.173997,20.41446
JVASP-30562,3,O,21.392527,1.173997,21.508282
JVASP-30562,4,O,20.314339,1.173997,20.436277
JVASP-30562,5,O,21.414558,1.173997,21.533457
JVASP-30423,0,Co,33.86277,1.0717598,33.1063
JVASP-30423,1,Co,34.221386,1.0717598,33.481117
JVASP-30423,2,O,21.222345,1.173997,21.42545
JVASP-30423,3,O,22.19399,1.173997,22.404062
JVASP-30423,4,O,21.23082,1.173997,21.434145
JVASP-30423,5,O,22.20147,1.173997,22.41188
JVASP-10063,0,Co,77.82296,1.0717598,77.89431
JVASP-10063,1,Co,77.82296,1.0717598,77.89431
JVASP-10063,2,Co,77.89043,1.0717598,77.781624
JVASP-10063,3,Co,77.89009,1.0717598,77.781235
JVASP-10063,4,O,125.6171,1.173997,124.59814
JVASP-10063,5,O,125.58792,1.173997,126.3784
JVASP-10063,6,O,125.6173,1.173997,124.59836
JVASP-10063,7,O,125.58656,1.173997,126.37705
JVASP-10063,8,O,125.58656,1.173997,126.37705
JVASP-10063,9,O,125.58792,1.173997,126.3784
JVASP-10063,10,O,125.6173,1.173997,124.59836
JVASP-10063,11,O,125.6171,1.173997,124.59814
JVASP-16911,0,Co,19.676342,1.0717598,20.520294
JVASP-16911,1,Co,19.676752,1.0717598,20.520704
JVASP-16911,2,O,127.027275,1.173997,127.17233
JVASP-16911,3,O,127.02687,1.173997,127.17193
JVASP-16911,4,O,127.02687,1.173997,127.17193
JVASP-16911,5,O,127.02687,1.173997,127.17193
JVASP-17464,0,Co,12.140666,1.0717598,11.361509
JVASP-17464,1,Co,12.141074,1.0717598,11.361886
JVASP-17464,2,O,28.084541,1.173997,27.679186
JVASP-17464,3,O,28.084541,1.173997,27.679186
JVASP-18883,0,Co,37.45474,1.0717598,36.628086
JVASP-18883,1,O,18.545088,1.173997,18.7211
JVASP-18883,2,O,18.545088,1.173997,18.7211
JVASP-12019,0,Co,24.206778,1.0717598,23.283926
JVASP-12019,1,O,28.482164,1.173997,28.6647
JVASP-12019,2,O,28.483343,1.173997,28.665867
JVASP-12047,0,Co,37.322468,1.0717598,36.49584
JVASP-12047,1,Co,37.320427,1.0717598,36.493797
JVASP-12047,2,O,18.584278,1.173997,18.760172
JVASP-12047,3,O,18.589178,1.173997,18.765062
JVASP-12047,4,O,18.589178,1.173997,18.765062
JVASP-12047,5,O,18.584278,1.173997,18.760172
JVASP-22695,0,Co,0.88010794,1.0717598,0.7168503
JVASP-22695,1,Co,1.0118102,1.0717598,0.7423882
JVASP-22695,2,O,0.70492125,1.173997,1.1278291
JVASP-22695,3,O,0.8273612,1.173997,1.1646976
JVASP-30539,0,Co,19.649807,1.0717598,20.493776
JVASP-30539,1,Co,19.649807,1.0717598,20.493776
JVASP-30539,2,O,127.03298,1.173997,127.17805
JVASP-30539,3,O,127.03298,1.173997,127.17805
JVASP-30539,4,O,127.03298,1.173997,127.17805
JVASP-30539,5,O,127.03298,1.173997,127.17805
JVASP-78503,0,Co,24.422356,1.0717598,23.622564
JVASP-78503,1,O,29.417143,1.173997,29.394228
JVASP-78503,2,O,29.605547,1.173997,29.314602
JVASP-78516,0,Co,40.25124,1.0717598,39.42415
JVASP-78516,1,Co,40.25001,1.0717598,39.42292
JVASP-78516,2,Co,40.25001,1.0717598,39.42292
JVASP-78516,3,O,16.886782,1.173997,17.06632
JVASP-78516,4,O,16.886782,1.173997,17.06632
JVASP-78516,5,O,16.888006,1.173997,17.067524
JVASP-78516,6,O,16.886782,1.173997,17.06632
JVASP-78516,7,O,16.886782,1.173997,17.06632
JVASP-78516,8,O,16.888006,1.173997,17.067524
JVASP-78655,0,Co,0.00244949,1.0717598,1.0697554
JVASP-78655,1,O,0.002581989,1.173997,1.1740091
JVASP-78656,0,Co,0.12900646,1.0717598,1.1748197
JVASP-78656,1,Co,0.12900646,1.0717598,1.1748197
JVASP-78656,2,O,0.13962092,1.173997,1.1656532
JVASP-78656,3,O,0.13962092,1.173997,1.1656532
JVASP-78716,0,Co,11.091698,1.0717598,10.280982
JVASP-78716,1,Co,11.092514,1.0717598,10.281804
JVASP-78716,2,Co,11.092514,1.0717598,10.281804
JVASP-78716,3,O,27.949902,1.173997,27.83459
JVASP-78716,4,O,27.951126,1.173997,27.835825
JVASP-78716,5,O,27.949902,1.173997,27.83459
JVASP-78717,0,Co,11.243601,1.0717598,10.369434
JVASP-78717,1,Co,11.243601,1.0717598,10.369434
JVASP-78717,2,O,28.366686,1.173997,28.252514
JVASP-78717,3,O,28.366686,1.173997,28.252514
JVASP-7878,0,Co,19.300755,1.0717598,18.480207
JVASP-7878,1,Co,19.301163,1.0717598,18.480614
JVASP-7878,2,O,2.7556763,1.173997,3.1214263
JVASP-7878,3,O,2.7556763,1.173997,3.1214263
JVASP-7887,0,Co,0.5633826,1.0717598,0.72637916
JVASP-7887,1,Co,0.5633826,1.0717598,0.72637916
JVASP-7887,2,O,0.77893776,1.173997,1.3294159
JVASP-7887,3,O,0.77893776,1.173997,1.3294159
JVASP-78929,0,Co,37.398403,1.0717598,36.571762
JVASP-78929,1,O,18.536514,1.173997,18.712526
JVASP-78929,2,O,18.536514,1.173997,18.712526
JVASP-79254,0,Co,19.446499,1.0717598,18.625854
JVASP-79254,1,Co,19.446499,1.0717598,18.625854
JVASP-79254,2,O,2.3278322,1.173997,2.7292483
JVASP-79254,3,O,2.3278322,1.173997,2.7292483
JVASP-79820,0,Co,19.288507,1.0717598,18.467964
JVASP-79820,1,Co,19.281158,1.0717598,18.46062
JVASP-79820,2,O,2.7642496,1.173997,3.1295369
JVASP-79820,3,O,2.7597592,1.173997,3.1252718
JVASP-8253,0,Co,34.694378,1.0717598,33.755836
JVASP-8253,1,Co,34.4097,1.0717598,33.469986
JVASP-8253,2,O,20.537062,1.173997,20.739805
JVASP-8253,3,O,21.68238,1.173997,21.8815
JVASP-8253,4,O,20.518852,1.173997,20.722473
JVASP-8253,5,O,21.669495,1.173997,21.86981
JVASP-8265,0,Co,30.628418,1.0717598,29.80319
JVASP-8265,1,Co,30.628418,1.0717598,29.80319
JVASP-8265,2,Co,30.628418,1.0717598,29.80319
JVASP-8265,3,O,23.682482,1.173997,23.850677
JVASP-8265,4,O,23.682482,1.173997,23.850677
JVASP-8265,5,O,23.68044,1.173997,23.848625
JVASP-8265,6,O,23.684116,1.173997,23.852308
JVASP-8265,7,O,23.684116,1.173997,23.852308
JVASP-8265,8,O,23.68044,1.173997,23.848625
JVASP-8268,0,Co,41.00691,1.0717598,40.179707
JVASP-8268,1,Co,41.00568,1.0717598,40.178482
JVASP-8268,2,Co,41.00568,1.0717598,40.178482
JVASP-8268,3,O,13.668153,1.173997,13.856943
JVASP-8268,4,O,13.668153,1.173997,13.856943
JVASP-8268,5,O,13.669377,1.173997,13.858186
JVASP-8268,6,O,13.6697855,1.173997,13.85857
JVASP-8268,7,O,13.6697855,1.173997,13.85857
JVASP-8268,8,O,13.669377,1.173997,13.858186
JVASP-8614,0,Co,0.0,1.0717598,1.0717598
JVASP-8614,1,Co,0.0,1.0717598,1.0717598
JVASP-8614,2,Co,0.0,1.0717598,1.0717598
JVASP-8614,3,Co,0.0,1.0717598,1.0717598
JVASP-8614,4,O,0.0,1.173997,1.173997
JVASP-8614,5,O,0.0,1.173997,1.173997
JVASP-8614,6,O,0.0,1.173997,1.173997
JVASP-8614,7,O,0.0,1.173997,1.173997
JVASP-8638,0,Co,30.618622,1.0717598,29.793394
JVASP-8638,1,Co,30.618622,1.0717598,29.793394
JVASP-8638,2,Co,30.61699,1.0717598,29.791761
JVASP-8638,3,O,23.673094,1.173997,23.841288
JVASP-8638,4,O,23.673094,1.173997,23.841288
JVASP-8638,5,O,23.673502,1.173997,23.84171
JVASP-8638,6,O,23.67187,1.173997,23.840076
JVASP-8638,7,O,23.67187,1.173997,23.840076
JVASP-8638,8,O,23.673502,1.173997,23.84171
JVASP-12063,0,Co,19.687775,1.0717598,20.531725
JVASP-12063,1,Co,19.687775,1.0717598,20.531725
JVASP-12063,2,O,127.062386,1.173997,127.20744
JVASP-12063,3,O,127.062386,1.173997,127.20744
JVASP-12063,4,O,127.062386,1.173997,127.20744
JVASP-12063,5,O,127.062386,1.173997,127.20744
JVASP-30584,0,Co,30.412865,1.0717598,29.58769
JVASP-30584,1,Co,30.412865,1.0717598,29.58769
JVASP-30584,2,Co,30.41409,1.0717598,29.588917
JVASP-30584,3,O,24.086649,1.173997,24.25437
JVASP-30584,4,O,24.085016,1.173997,24.252739
JVASP-30584,5,O,24.085016,1.173997,24.252739
JVASP-30584,6,O,24.086649,1.173997,24.25437
JVASP-30584,7,O,24.083384,1.173997,24.251108
JVASP-30584,8,O,24.083384,1.173997,24.251108
JVASP-30590,0,Co,41.00201,1.0717598,40.17481
JVASP-30590,1,Co,41.003235,1.0717598,40.176033
JVASP-30590,2,Co,41.003235,1.0717598,40.176033
JVASP-30590,3,O,13.665703,1.173997,13.854503
JVASP-30590,4,O,13.665703,1.173997,13.854503
JVASP-30590,5,O,13.664478,1.173997,13.853304
JVASP-30590,6,O,13.664478,1.173997,13.853304
JVASP-30590,7,O,13.665703,1.173997,13.854503
JVASP-30590,8,O,13.665703,1.173997,13.854503
JVASP-30123,0,Co,32.33939,1.0717598,31.513746
JVASP-30123,1,Co,32.33939,1.0717598,31.513746
JVASP-30123,2,Co,32.33939,1.0717598,31.513746
JVASP-30123,3,O,26.23036,1.173997,26.395842
JVASP-30123,4,O,26.23036,1.173997,26.395842
JVASP-30123,5,O,26.229136,1.173997,26.39463
JVASP-30123,6,O,26.229136,1.173997,26.39463
JVASP-30123,7,O,26.23036,1.173997,26.395842
JVASP-30123,8,O,26.23036,1.173997,26.395842
JVASP-4924,0,Co,11.0912895,1.0717598,10.280578
JVASP-4924,1,Co,11.092515,1.0717598,10.281813
JVASP-4924,2,Co,11.092515,1.0717598,10.281813
JVASP-4924,3,O,27.949902,1.173997,27.83459
JVASP-4924,4,O,27.949902,1.173997,27.83459
JVASP-4924,5,O,27.951126,1.173997,27.835825
JVASP-30349,0,Mn,20.890974,1.6964667,21.614775
JVASP-30349,1,Mn,20.690062,1.6964667,21.413982
JVASP-30349,2,O,33.263065,1.173997,33.83197
JVASP-30349,3,O,33.107193,1.173997,33.676136
JVASP-30349,4,O,33.106907,1.173997,33.675785
JVASP-30349,5,O,33.264446,1.173997,33.833344
JVASP-29364,0,Mn,30.332956,1.6964667,31.55135
JVASP-29364,1,Mn,30.332956,1.6964667,31.55135
JVASP-29364,2,O,63.911953,1.173997,63.755825
JVASP-29364,3,O,85.30368,1.173997,85.52761
JVASP-29364,4,O,85.30368,1.173997,85.52761
JVASP-29364,5,O,63.911953,1.173997,63.755825
JVASP-18888,0,Mn,13.596143,1.6964667,13.023054
JVASP-18888,1,Mn,13.596143,1.6964667,12.054992
JVASP-18888,2,O,120.48963,1.173997,120.05187
JVASP-18888,3,O,120.48963,1.173997,120.73308
JVASP-18888,4,O,120.48963,1.173997,120.73308
JVASP-18888,5,O,120.48963,1.173997,120.05187
JVASP-30114,0,Mn,10.662576,1.6964667,11.902021
JVASP-30114,1,Mn,10.660293,1.6964667,11.899001
JVASP-30114,2,O,41.33548,1.173997,41.161507
JVASP-30114,3,O,31.15091,1.173997,31.221622
JVASP-30114,4,O,41.333,1.173997,41.159157
JVASP-30114,5,O,31.150127,1.173997,31.221132
JVASP-10064,0,Mn,12.782789,1.6964667,13.730697
JVASP-10064,1,Mn,12.782789,1.6964667,13.730697
JVASP-10064,2,Mn,12.782872,1.6964667,13.523373
JVASP-10064,3,Mn,12.784119,1.6964667,13.525166
JVASP-10064,4,O,129.47507,1.173997,128.45505
JVASP-10064,5,O,129.47615,1.173997,130.25032
JVASP-10064,6,O,129.47507,1.173997,128.45505
JVASP-10064,7,O,129.47615,1.173997,130.25032
JVASP-10064,8,O,129.47615,1.173997,130.25032
JVASP-10064,9,O,129.47615,1.173997,130.25032
JVASP-10064,10,O,129.47507,1.173997,128.45505
JVASP-10064,11,O,129.47507,1.173997,128.45505
JVASP-22693,0,Mn,14.900443,1.6964667,15.2123
JVASP-22693,1,Mn,14.90002,1.6964667,15.211891
JVASP-22693,2,O,46.294228,1.173997,46.733337
JVASP-22693,3,O,46.294228,1.173997,46.733337
JVASP-37182,0,Mn,7.1662264,1.6964667,5.9365115
JVASP-37182,1,Mn,7.1662264,1.6964667,5.9999194
JVASP-37182,2,Mn,7.1662264,1.6964667,5.9365115
JVASP-37182,3,Mn,7.1662264,1.6964667,5.9999194
JVASP-37182,4,O,21.170671,1.173997,21.061523
JVASP-37182,5,O,21.170671,1.173997,21.064032
JVASP-37182,6,O,21.170671,1.173997,21.061523
JVASP-37182,7,O,21.170671,1.173997,21.064032
JVASP-44801,0,Mn,24.437946,1.6964667,25.767351
JVASP-44801,1,Mn,24.43739,1.6964667,25.756744
JVASP-44801,2,Mn,24.43739,1.6964667,25.756744
JVASP-44801,3,Mn,24.437946,1.6964667,25.767351
JVASP-44801,4,O,74.89774,1.173997,75.30875
JVASP-44801,5,O,74.89751,1.173997,74.416115
JVASP-44801,6,O,75.48809,1.173997,75.59346
JVASP-44801,7,O,75.48809,1.173997,75.59346
JVASP-44801,8,O,74.89751,1.173997,74.416115
JVASP-44801,9,O,74.89774,1.173997,75.30875
JVASP-78681,0,Mn,0.019390719,1.6964667,1.6936797
JVASP-78681,1,O,0.0028284274,1.173997,1.1734797
JVASP-7870,0,Mn,0.0,1.6964667,1.6964667
JVASP-7870,1,Mn,0.0,1.6964667,1.6964667
JVASP-7870,2,Mn,0.0,1.6964667,1.6964667
JVASP-7870,3,Mn,0.0,1.6964667,1.6964667
JVASP-7870,4,O,0.0,1.173997,1.173997
JVASP-7870,5,O,0.0,1.173997,1.173997
JVASP-7870,6,O,0.0,1.173997,1.173997
JVASP-7870,7,O,0.0,1.173997,1.173997
JVASP-8245,0,Mn,20.899433,1.6964667,19.27926
JVASP-8245,1,O,33.333622,1.173997,33.560814
JVASP-8245,2,O,33.333622,1.173997,33.560814
JVASP-8264,0,Mn,20.051523,1.6964667,18.783495
JVASP-8264,1,Mn,20.04989,1.6964667,18.781866
JVASP-8264,2,Mn,20.04989,1.6964667,18.781866
JVASP-8264,3,O,32.470436,1.173997,32.63098
JVASP-8264,4,O,32.470436,1.173997,32.63098
JVASP-8264,5,O,32.470436,1.173997,32.63098
JVASP-8264,6,O,32.472477,1.173997,32.633015
JVASP-8264,7,O,32.472477,1.173997,32.633015
JVASP-8264,8,O,32.470436,1.173997,32.63098
JVASP-8642,0,Mn,20.90803,1.6964667,19.63851
JVASP-8642,1,Mn,20.90762,1.6964667,19.63811
JVASP-8642,2,Mn,20.90762,1.6964667,19.63811
JVASP-8642,3,O,33.33878,1.173997,33.4988
JVASP-8642,4,O,33.33878,1.173997,33.4988
JVASP-8642,5,O,33.33878,1.173997,33.4988
JVASP-8642,6,O,33.339596,1.173997,33.49961
JVASP-8642,7,O,33.339596,1.173997,33.49961
JVASP-8642,8,O,33.33878,1.173997,33.4988
JVASP-8794,0,Mn,15.646396,1.6964667,16.287113
JVASP-8794,1,O,25.672264,1.173997,26.343596
JVASP-8794,2,O,25.672264,1.173997,26.343596
JVASP-30557,0,Mn,15.66204,1.6964667,14.403515
JVASP-30557,1,Mn,15.660814,1.6964667,14.402301
JVASP-30557,2,Mn,15.660814,1.6964667,14.402301
JVASP-30557,3,O,25.6878,1.173997,25.853786
JVASP-30557,4,O,25.689432,1.173997,25.855417
JVASP-30557,5,O,25.689432,1.173997,25.855417
JVASP-30557,6,O,25.6878,1.173997,25.853786
JVASP-30557,7,O,25.688616,1.173997,25.854603
JVASP-30557,8,O,25.688616,1.173997,25.854603
JVASP-30113,0,Mn,15.027622,1.6964667,13.771014
JVASP-30113,1,O,24.970098,1.173997,25.136835
JVASP-30113,2,O,24.970098,1.173997,25.136835
JVASP-5308,0,Mn,20.469162,1.6964667,19.200342
JVASP-5308,1,O,32.912567,1.173997,33.072845
JVASP-5308,2,O,32.912567,1.173997,33.072845
JVASP-30583,0,Mn,15.191735,1.6964667,13.934676
JVASP-30583,1,Mn,15.19296,1.6964667,13.935907
JVASP-30583,2,Mn,15.19296,1.6964667,13.935907
JVASP-30583,3,O,25.217497,1.173997,25.38397
JVASP-30583,4,O,25.217497,1.173997,25.38397
JVASP-30583,5,O,25.215864,1.173997,25.38234
JVASP-30583,6,O,25.215864,1.173997,25.38234
JVASP-30583,7,O,25.217497,1.173997,25.38397
JVASP-30583,8,O,25.217497,1.173997,25.38397
JVASP-30623,0,Fe,38.34096,2.1271884,39.07838
JVASP-30623,1,O,30.312542,1.173997,30.95418
JVASP-30623,2,O,30.312542,1.173997,30.95418
JVASP-18430,0,O,31.508446,1.173997,31.736776
JVASP-18430,1,O,31.507393,1.173997,31.735718
JVASP-18430,2,Fe,36.61843,2.1271884,38.17726
JVASP-17458,0,O,0.0,1.173997,1.173997
JVASP-17458,1,Fe,0.004690416,2.1271884,2.1296406
JVASP-16912,0,Fe,183.50842,2.1271884,184.73512
JVASP-16912,1,Fe,183.50842,2.1271884,184.73512
JVASP-16912,2,O,130.03116,1.173997,130.1761
JVASP-16912,3,O,130.03116,1.173997,130.1761
JVASP-16912,4,O,130.03116,1.173997,130.1761
JVASP-16912,5,O,130.03116,1.173997,130.1761
JVASP-18429,0,O,99.06354,1.173997,99.72218
JVASP-18429,1,O,99.065765,1.173997,99.72441
JVASP-18429,2,O,99.06609,1.173997,98.30804
JVASP-18429,3,O,99.06556,1.173997,98.30748
JVASP-18429,4,Fe,2.7368383,2.1271884,3.3507795
JVASP-18429,5,Fe,2.7355678,2.1271884,3.3495595
JVASP-10934,0,Fe,34.27966,2.1271884,35.856388
JVASP-10934,1,Fe,34.296597,2.1271884,35.46236
JVASP-10934,2,Fe,34.29884,2.1271884,35.464943
JVASP-10934,3,Fe,34.27966,2.1271884,35.856388
JVASP-10934,4,O,96.44156,1.173997,95.42365
JVASP-10934,5,O,96.44193,1.173997,95.42407
JVASP-10934,6,O,96.43901,1.173997,97.23749
JVASP-10934,7,O,96.438515,1.173997,97.237
JVASP-10934,8,O,96.438515,1.173997,97.237
JVASP-10934,9,O,96.43901,1.173997,97.23749
JVASP-10934,10,O,96.44193,1.173997,95.42407
JVASP-10934,11,O,96.44156,1.173997,95.42365
JVASP-17253,0,Fe,36.654316,2.1271884,38.2124
JVASP-17253,1,O,31.506334,1.173997,31.733067
JVASP-17253,2,O,31.50529,1.173997,31.732037
JVASP-30542,0,Fe,183.56232,2.1271884,184.78897
JVASP-30542,1,Fe,183.56313,2.1271884,184.78978
JVASP-30542,2,O,130.03362,1.173997,130.17854
JVASP-30542,3,O,130.03362,1.173997,130.17854
JVASP-30542,4,O,130.03362,1.173997,130.17854
JVASP-30542,5,O,130.03362,1.173997,130.17854
JVASP-42657,0,Fe,103.39986,2.1271884,104.519
JVASP-42657,1,Fe,103.39986,2.1271884,104.40394
JVASP-42657,2,O,52.595413,1.173997,53.59678
JVASP-42657,3,O,52.595413,1.173997,51.59454
JVASP-42657,4,O,52.595413,1.173997,51.59454
JVASP-42657,5,O,52.595413,1.173997,53.59678
JVASP-43552,0,Fe,30.597261,2.1271884,29.7824
JVASP-43552,1,Fe,30.597261,2.1271884,29.131773
JVASP-43552,2,O,25.114618,1.173997,25.002087
JVASP-43552,3,O,25.114618,1.173997,25.002087
JVASP-53025,0,Fe,1.4770423,2.1271884,1.7626486
JVASP-53025,1,Fe,1.4770423,2.1271884,1.7626486
JVASP-53025,2,O,0.04980629,1.173997,1.1809604
JVASP-53025,3,O,0.04980629,1.173997,1.1809604
JVASP-78505,0,Fe,41.84086,2.1271884,43.10213
JVASP-78505,1,Fe,41.84086,2.1271884,43.10213
JVASP-78505,2,O,31.584301,1.173997,31.742205
JVASP-78505,3,O,31.584301,1.173997,31.742205
JVASP-78505,4,O,31.584301,1.173997,31.742205
JVASP-78505,5,O,31.584301,1.173997,31.742205
JVASP-79307,0,Fe,21.664206,2.1271884,22.335775
JVASP-79307,1,Fe,21.496862,2.1271884,22.21907
JVASP-79307,2,O,30.65793,1.173997,30.640907
JVASP-79307,3,O,30.647686,1.173997,30.630594
JVASP-8320,0,Fe,32.9685,2.1271884,34.231716
JVASP-8320,1,Fe,32.96768,2.1271884,34.2309
JVASP-8320,2,Fe,32.96768,2.1271884,34.2309
JVASP-8320,3,O,30.811316,1.173997,30.972958
JVASP-8320,4,O,30.811316,1.173997,30.972958
JVASP-8320,5,O,30.809683,1.173997,30.971325
JVASP-8320,6,O,30.811316,1.173997,30.972958
JVASP-8320,7,O,30.811316,1.173997,30.972958
JVASP-8320,8,O,30.809683,1.173997,30.971325
JVASP-101,0,Fe,35.929115,2.1271884,34.75416
JVASP-101,1,Fe,35.93034,2.1271884,34.755417
JVASP-101,2,Fe,35.929523,2.1271884,34.7546
JVASP-101,3,Fe,35.93034,2.1271884,34.755417
JVASP-101,4,Fe,35.93034,2.1271884,34.755417
JVASP-101,5,Fe,35.93034,2.1271884,34.755417
JVASP-101,6,Fe,35.93034,2.1271884,34.755417
JVASP-101,7,Fe,35.929115,2.1271884,34.75416
JVASP-101,8,Fe,35.93034,2.1271884,34.755417
JVASP-101,9,Fe,35.929115,2.1271884,34.75416
JVASP-101,10,Fe,35.93034,2.1271884,34.755417
JVASP-101,11,Fe,35.93034,2.1271884,34.755417
JVASP-101,12,O,66.688805,1.173997,66.84659
JVASP-101,13,O,66.688034,1.173997,66.117004
JVASP-101,14,O,66.6882,1.173997,67.149574
JVASP-101,15,O,66.688034,1.173997,66.117004
JVASP-101,16,O,66.688805,1.173997,66.84659
JVASP-101,17,O,66.6882,1.173997,67.149574
JVASP-101,18,O,66.688805,1.173997,66.84659
JVASP-101,19,O,66.6882,1.173997,66.11718
JVASP-101,20,O,66.68799,1.173997,67.14935
JVASP-101,21,O,66.688034,1.173997,66.117004
JVASP-101,22,O,66.68752,1.173997,66.84531
JVASP-101,23,O,66.688034,1.173997,67.1494
JVASP-101,24,O,66.68752,1.173997,66.84531
JVASP-101,25,O,66.68799,1.173997,66.11696
JVASP-101,26,O,66.688034,1.173997,67.1494
JVASP-101,27,O,66.6882,1.173997,66.11718
JVASP-101,28,O,66.688805,1.173997,66.84659
JVASP-101,29,O,66.688034,1.173997,67.1494
JVASP-30592,0,Fe,36.57333,2.1271884,37.832066
JVASP-30592,1,Fe,36.57333,2.1271884,37.832066
JVASP-30592,2,Fe,36.57333,2.1271884,37.832066
JVASP-30592,3,O,31.480843,1.173997,31.642021
JVASP-30592,4,O,31.479618,1.173997,31.640787
JVASP-30592,5,O,31.479618,1.173997,31.640787
JVASP-30592,6,O,31.480843,1.173997,31.642021
JVASP-30592,7,O,31.478392,1.173997,31.639572
JVASP-30592,8,O,31.478392,1.173997,31.639572
JVASP-30118,0,Fe,30.508396,2.1271884,31.774939
JVASP-30118,1,Fe,30.508396,2.1271884,31.774939
JVASP-30118,2,Fe,30.508396,2.1271884,31.774939
JVASP-30118,3,O,32.981155,1.173997,33.14139
JVASP-30118,4,O,32.97993,1.173997,33.140175
JVASP-30118,5,O,32.981155,1.173997,33.14139
JVASP-30118,6,O,32.981155,1.173997,33.14139
JVASP-30118,7,O,32.97993,1.173997,33.140175
JVASP-30118,8,O,32.981155,1.173997,33.14139
JVASP-19751,0,S,8.941516,15.204629,13.216566
JVASP-19751,1,S,8.94134,15.204629,21.662298
JVASP-19751,2,S,8.941564,15.204629,13.0314245
JVASP-19751,3,Ni,52.50686,5.243039,52.12217
JVASP-19751,4,Ni,52.504414,5.243039,56.75444
JVASP-19751,5,Ni,52.50435,5.243039,52.665382
JVASP-14802,0,Ni,0.80466515,5.243039,4.47941
JVASP-14802,1,Ni,0.80466515,5.243039,4.47941
JVASP-14802,2,S,11.840834,15.204629,4.044542
JVASP-14802,3,S,11.840834,15.204629,4.044542
JVASP-243,0,Ni,142.27739,5.243039,137.27277
JVASP-243,1,Ni,142.27983,5.243039,137.2752
JVASP-243,2,S,139.97487,15.204629,154.98712
JVASP-243,3,S,139.97487,15.204629,154.98735
JVASP-243,4,S,139.97365,15.204629,154.98605
JVASP-243,5,S,139.97365,15.204629,154.98608
JVASP-15832,0,Ni,7.2600813,5.243039,11.533353
JVASP-15832,1,Ni,7.2600813,5.243039,11.533353
JVASP-15832,2,S,21.510977,15.204629,32.613014
JVASP-15832,3,S,21.511875,15.204629,20.751259
JVASP-15832,4,S,21.512493,15.204629,22.203295
JVASP-15832,5,S,21.51177,15.204629,33.465942
JVASP-38638,0,Ni,10.739379,5.243039,5.9284787
JVASP-38638,1,Ni,10.739379,5.243039,5.9284787
JVASP-38638,2,Ni,47.076744,5.243039,52.112545
JVASP-38638,3,Ni,10.739379,5.243039,5.9284787
JVASP-38638,4,Ni,10.739379,5.243039,5.9284787
JVASP-38638,5,Ni,47.076744,5.243039,52.112545
JVASP-38638,6,S,28.841108,15.204629,43.90607
JVASP-38638,7,S,28.841108,15.204629,43.90607
JVASP-38656,0,Ni,41.454308,5.243039,41.90962
JVASP-38656,1,Ni,43.17911,5.243039,45.781136
JVASP-38656,2,Ni,41.49225,5.243039,42.557404
JVASP-38656,3,Ni,41.454308,5.243039,41.90962
JVASP-38656,4,Ni,43.17911,5.243039,45.781136
JVASP-38656,5,Ni,41.49225,5.243039,42.557404
JVASP-38656,6,S,23.349752,15.204629,34.778885
JVASP-38656,7,S,23.349752,15.204629,34.778885
JVASP-42475,0,Ni,23.82703,5.243039,20.614296
JVASP-42475,1,Ni,23.82703,5.243039,22.485958
JVASP-42475,2,S,199.89095,15.204629,200.71921
JVASP-42475,3,S,199.89095,15.204629,203.37685
JVASP-42475,4,S,199.89095,15.204629,203.37685
JVASP-42475,5,S,199.89095,15.204629,200.71921
JVASP-42640,0,Ni,27.694622,5.243039,24.539564
JVASP-42640,1,Ni,27.694847,5.243039,26.491507
JVASP-42640,2,S,200.26324,15.204629,203.9669
JVASP-42640,3,S,200.26007,15.204629,201.27655
JVASP-42640,4,S,200.26213,15.204629,203.96674
JVASP-42640,5,S,200.26236,15.204629,201.27757
JVASP-78858,0,Ni,69.90598,5.243039,64.91097
JVASP-78858,1,Ni,69.90598,5.243039,64.91097
JVASP-78858,2,S,169.25157,15.204629,184.26068
JVASP-78858,3,S,169.25157,15.204629,184.26068
JVASP-78858,4,S,169.25157,15.204629,184.26068
JVASP-78858,5,S,169.25157,15.204629,184.26068
JVASP-79312,0,Ni,0.3407169,5.243039,4.917033
JVASP-79312,1,Ni,0.3407169,5.243039,4.917033
JVASP-79312,2,S,12.496073,15.204629,3.5576823
JVASP-79312,3,S,12.496073,15.204629,3.5576823
JVASP-8042,0,S,12.971841,15.204629,21.489468
JVASP-8042,1,S,12.971841,15.204629,21.489468
JVASP-8042,2,Ni,30.055733,5.243039,31.20803
JVASP-8042,3,Ni,30.058987,5.243039,28.645607
JVASP-8042,4,Ni,30.05752,5.243039,28.066174
JVASP-8255,0,Ni,12.944737,5.243039,8.079107
JVASP-8255,1,Ni,12.936987,5.243039,8.070249
JVASP-8255,2,Ni,12.936987,5.243039,8.070249
JVASP-8255,3,S,22.18013,15.204629,37.258198
JVASP-8255,4,S,22.18013,15.204629,37.258198
JVASP-8255,5,S,22.181355,15.204629,37.2594
JVASP-8255,6,S,22.18013,15.204629,37.258198
JVASP-8255,7,S,22.18013,15.204629,37.258198
JVASP-8255,8,S,22.181355,15.204629,37.2594
JVASP-85820,0,Ni,44.895473,5.243039,49.932384
JVASP-85820,1,Ni,44.895473,5.243039,49.932384
JVASP-85820,2,Ni,44.895473,5.243039,49.932384
JVASP-85820,3,S,157.53404,15.204629,142.56493
JVASP-85820,4,S,157.53404,15.204629,142.56493
JVASP-85820,5,S,157.53404,15.204629,142.56493
JVASP-85820,6,S,157.53404,15.204629,142.56493
JVASP-85820,7,S,157.53404,15.204629,142.56493
JVASP-85820,8,S,157.53404,15.204629,142.56493
JVASP-85822,0,Ni,43.11003,5.243039,42.818985
JVASP-85822,1,Ni,43.11003,5.243039,42.818985
JVASP-85822,2,S,211.1765,15.204629,202.77655
JVASP-85822,3,S,211.1765,15.204629,202.77655
JVASP-85822,4,S,211.1765,15.204629,202.77655
JVASP-85822,5,S,211.1765,15.204629,202.77655
JVASP-42478,0,Ni,9.303979,5.243039,4.5572424
JVASP-42478,1,Ni,9.303979,5.243039,4.5572424
JVASP-42478,2,Ni,9.303979,5.243039,4.5572424
JVASP-42478,3,Ni,9.303979,5.243039,4.5572424
JVASP-42478,4,S,12.489948,15.204629,3.5621846
JVASP-42478,5,S,12.489948,15.204629,3.5621846
JVASP-30564,0,Ni,12.9431095,5.243039,8.0781145
JVASP-30564,1,Ni,12.934531,5.243039,8.068436
JVASP-30564,2,Ni,12.934531,5.243039,8.068436
JVASP-30564,3,S,21.982944,15.204629,37.061493
JVASP-30564,4,S,21.98172,15.204629,37.06025
JVASP-30564,5,S,21.98417,15.204629,37.062695
JVASP-30564,6,S,21.98417,15.204629,37.062695
JVASP-30564,7,S,21.98172,15.204629,37.06025
JVASP-30564,8,S,21.982944,15.204629,37.061493
JVASP-30258,0,V,73.4823,3.798005,72.112434
JVASP-30258,1,V,73.51133,3.798005,72.1824
JVASP-30258,2,O,17.373623,1.173997,17.499508
JVASP-30258,3,O,17.358843,1.173997,16.541245
JVASP-30258,4,F,96.912186,15.800529,108.45104
JVASP-30258,5,F,137.54408,15.800529,139.5922
JVASP-30258,6,F,95.096016,15.800529,89.9121
JVASP-30258,7,F,96.95669,15.800529,105.56044
JVASP-30258,8,F,137.51685,15.800529,144.09274
JVASP-30258,9,F,95.13627,15.800529,94.0402
JVASP-30457,0,V,53.60096,3.798005,56.924454
JVASP-30457,1,V,53.60096,3.798005,56.924454
JVASP-30457,2,O,15.112126,1.173997,15.296306
JVASP-30457,3,O,15.112126,1.173997,15.296306
JVASP-30457,4,F,19.289732,15.800529,34.48708
JVASP-30457,5,F,19.289732,15.800529,34.48708
JVASP-42337,0,V,95.276146,3.798005,96.50857
JVASP-42337,1,V,95.276146,3.798005,96.71147
JVASP-42337,2,O,47.719692,1.173997,47.16118
JVASP-42337,3,O,47.719692,1.173997,47.16177
JVASP-42337,4,F,106.13364,15.800529,111.78553
JVASP-42337,5,F,122.95488,15.800529,118.19963
JVASP-42337,6,F,106.13364,15.800529,113.76012
JVASP-42337,7,F,106.15568,15.800529,105.435455
JVASP-42337,8,F,106.15568,15.800529,105.36243
JVASP-42337,9,F,122.95488,15.800529,122.2124
JVASP-43002,0,V,53.018017,3.798005,54.139183
JVASP-43002,1,V,48.10613,3.798005,46.046448
JVASP-43002,2,O,30.44408,1.173997,31.44942
JVASP-43002,3,O,24.64685,1.173997,23.571247
JVASP-43002,4,O,24.64685,1.173997,23.786316
JVASP-43002,5,F,113.9248,15.800529,114.64479
JVASP-44226,0,V,96.31449,3.798005,97.61007
JVASP-44226,1,V,96.31449,3.798005,98.1193
JVASP-44226,2,O,47.424484,1.173997,47.418877
JVASP-44226,3,O,47.424484,1.173997,47.41931
JVASP-44226,4,F,124.58021,15.800529,127.80109
JVASP-44226,5,F,105.58705,15.800529,109.84529
JVASP-44226,6,F,124.58021,15.800529,122.84971
JVASP-44226,7,F,105.582756,15.800529,116.216286
JVASP-44226,8,F,105.58705,15.800529,110.6364
JVASP-44226,9,F,105.582756,15.800529,114.32668
JVASP-45936,0,V,132.2333,3.798005,133.71526
JVASP-45936,1,V,81.41096,3.798005,80.28373
JVASP-45936,2,O,8.478328,1.173997,7.7857223
JVASP-45936,3,O,8.478328,1.173997,7.7857223
JVASP-45936,4,F,121.046455,15.800529,119.53377
JVASP-45936,5,F,121.046455,15.800529,119.53377
JVASP-46152,0,V,16.040579,3.798005,19.425049
JVASP-46152,1,V,16.040579,3.798005,19.425049
JVASP-46152,2,O,12.060067,1.173997,12.255918
JVASP-46152,3,O,12.060068,1.173997,12.255877
JVASP-46152,4,F,8.554868,15.800529,8.423028
JVASP-46152,5,F,8.554868,15.800529,8.423028
JVASP-46890,0,V,220.583,3.798005,219.84535
JVASP-46890,1,V,417.56168,3.798005,414.52185
JVASP-46890,2,V,176.1589,3.798005,174.28069
JVASP-46890,3,O,110.60238,1.173997,110.394394
JVASP-46890,4,O,91.20977,1.173997,91.4771
JVASP-46890,5,O,106.05819,1.173997,105.393555
JVASP-46890,6,O,43.271145,1.173997,42.413776
JVASP-46890,7,F,88.436295,15.800529,87.85875
JVASP-46890,8,F,136.41052,15.800529,140.26361
JVASP-47022,0,V,50.313183,3.798005,53.483265
JVASP-47022,1,V,53.40591,3.798005,53.759846
JVASP-47022,2,V,32.18553,3.798005,31.02195
JVASP-47022,3,O,24.091972,1.173997,23.817902
JVASP-47022,4,O,34.132812,1.173997,33.57006
JVASP-47022,5,O,27.812525,1.173997,28.208109
JVASP-47022,6,O,44.679935,1.173997,44.227802
JVASP-47022,7,O,31.307243,1.173997,31.832846
JVASP-47022,8,F,93.60938,15.800529,86.21819
JVASP-48573,0,V,55.475998,3.798005,57.776276
JVASP-48573,1,V,55.482853,3.798005,52.992836
JVASP-48573,2,O,22.054977,1.173997,21.360306
JVASP-48573,3,O,53.406555,1.173997,53.362823
JVASP-48573,4,O,22.055126,1.173997,22.776161
JVASP-48573,5,O,53.40651,1.173997,53.23892
JVASP-48573,6,F,137.0937,15.800529,139.3048
JVASP-48573,7,F,137.0928,15.800529,139.33086
JVASP-48577,0,V,121.69273,3.798005,119.6422
JVASP-48577,1,V,105.492546,3.798005,107.279854
JVASP-48577,2,O,36.343414,1.173997,35.98445
JVASP-48577,3,O,36.342304,1.173997,37.12038
JVASP-48577,4,F,74.34657,15.800529,85.21506
JVASP-48577,5,F,78.66533,15.800529,68.49229
JVASP-48577,6,F,101.30263,15.800529,103.82909
JVASP-48577,7,F,78.66551,15.800529,71.60448
JVASP-48577,8,F,101.30261,15.800529,103.45612
JVASP-48577,9,F,74.34714,15.800529,82.85244
JVASP-48583,0,V,71.00814,3.798005,74.25797
JVASP-48583,1,O,15.968028,1.173997,15.513184
JVASP-48583,2,O,58.539265,1.173997,58.17562
JVASP-48583,3,F,116.12743,15.800529,106.3222
JVASP-12127,0,V,61.42347,3.798005,61.27691
JVASP-12127,1,V,61.42347,3.798005,61.874126
JVASP-12127,2,V,61.42347,3.798005,61.874126
JVASP-12127,3,V,61.42347,3.798005,61.27691
JVASP-12127,4,O,34.49373,1.173997,34.96628
JVASP-12127,5,O,34.49373,1.173997,34.371563
JVASP-12127,6,O,34.49373,1.173997,34.371563
JVASP-12127,7,O,34.49373,1.173997,34.96628
JVASP-12127,8,F,105.140045,15.800529,103.65117
JVASP-12127,9,F,105.140045,15.800529,103.65117
JVASP-12127,10,F,114.89703,15.800529,109.574745
JVASP-12127,11,F,114.89703,15.800529,106.565544
JVASP-12127,12,F,117.5088,15.800529,113.63986
JVASP-12127,13,F,114.89703,15.800529,109.574745
JVASP-12127,14,F,117.5088,15.800529,118.14507
JVASP-12127,15,F,117.5088,15.800529,118.14507
JVASP-12127,16,F,105.140045,15.800529,102.56846
JVASP-12127,17,F,114.89703,15.800529,106.565544
JVASP-12127,18,F,117.5088,15.800529,113.63986
JVASP-12127,19,F,105.140045,15.800529,102.56846
JVASP-30262,0,V,27.751192,3.798005,30.717897
JVASP-30262,1,V,27.751192,3.798005,30.717897
JVASP-30262,2,O,8.35058,1.173997,8.68924
JVASP-30262,3,O,8.35058,1.173997,8.68924
JVASP-30262,4,F,103.4938,15.800529,94.69754
JVASP-30262,5,F,103.4938,15.800529,94.69754
JVASP-30263,0,V,26.501308,3.798005,30.208073
JVASP-30263,1,V,26.501308,3.798005,30.208073
JVASP-30263,2,O,18.57893,1.173997,18.16088
JVASP-30263,3,O,18.57893,1.173997,18.16088
JVASP-30263,4,F,97.29283,15.800529,89.28089
JVASP-30263,5,F,97.29283,15.800529,87.98163
JVASP-30263,6,F,97.29283,15.800529,89.28089
JVASP-30263,7,F,97.29283,15.800529,87.98163
JVASP-22712,0,Li,0.6466684,0.084703535,0.7261872
JVASP-22712,1,Li,0.6466684,0.084703535,0.7261872
JVASP-22712,2,V,52.697186,3.798005,56.02207
JVASP-22712,3,F,94.94975,15.800529,99.64543
JVASP-22712,4,F,94.92669,15.800529,97.13992
JVASP-22712,5,F,94.94957,15.800529,90.93959
JVASP-22712,6,F,94.94994,15.800529,90.93988
JVASP-22712,7,F,94.927345,15.800529,97.14044
JVASP-22712,8,F,94.94993,15.800529,99.64569
JVASP-42597,0,Li,0.62367135,0.084703535,0.6496577
JVASP-42597,1,V,19.142305,3.798005,17.307804
JVASP-42597,2,F,100.47409,15.800529,109.2706
JVASP-42597,3,F,100.533195,15.800529,93.24648
JVASP-42597,4,F,100.125465,15.800529,108.93569
JVASP-42597,5,F,100.18593,15.800529,92.89645
JVASP-45790,0,Li,0.03660601,0.084703535,0.09531645
JVASP-45790,1,Li,0.9283631,0.084703535,0.9063004
JVASP-45790,2,Li,0.9283631,0.084703535,0.9063014
JVASP-45790,3,Li,0.03660601,0.084703535,0.09676577
JVASP-45790,4,V,66.20061,3.798005,63.01477
JVASP-45790,5,V,66.20061,3.798005,63.019062
JVASP-45790,6,F,83.01884,15.800529,84.341324
JVASP-45790,7,F,82.95457,15.800529,78.938866
JVASP-45790,8,F,83.02848,15.800529,89.031944
JVASP-45790,9,F,82.979164,15.800529,88.932106
JVASP-45790,10,F,83.02413,15.800529,79.00188
JVASP-45790,11,F,83.13609,15.800529,84.506935
JVASP-45790,12,F,83.02848,15.800529,84.77666
JVASP-45790,13,F,82.95457,15.800529,79.38826
JVASP-45790,14,F,83.01884,15.800529,88.20074
JVASP-45790,15,F,83.13609,15.800529,88.36217
JVASP-45790,16,F,83.02413,15.800529,79.47513
JVASP-45790,17,F,82.979164,15.800529,84.67983
JVASP-46869,0,Li,0.30107254,0.084703535,0.3694415
JVASP-46869,1,Li,0.30107254,0.084703535,0.3694415
JVASP-46869,2,V,8.840984,3.798005,8.904285
JVASP-46869,3,F,17.217718,15.800529,27.68412
JVASP-46869,4,F,17.217669,15.800529,27.680355
JVASP-46869,5,F,103.38753,15.800529,107.55478
JVASP-46869,6,F,103.38294,15.800529,100.56068
JVASP-46885,0,Li,1.2735306,0.084703535,1.3519671
JVASP-46885,1,Li,1.2735306,0.084703535,1.3519671
JVASP-46885,2,Li,2.662229,0.084703535,2.583656
JVASP-46885,3,V,108.077065,3.798005,106.07883
JVASP-46885,4,F,90.234314,15.800529,86.17996
JVASP-46885,5,F,90.234314,15.800529,90.077614
JVASP-46885,6,F,88.15434,15.800529,89.938354
JVASP-46885,7,F,88.15483,15.800529,89.938286
JVASP-46885,8,F,90.234665,15.800529,90.07848
JVASP-46885,9,F,90.234665,15.800529,86.180885
JVASP-46915,0,Li,0.9627118,0.084703535,0.9875837
JVASP-46915,1,Li,0.9627118,0.084703535,0.9875837
JVASP-46915,2,V,5.034136,3.798005,3.6670542
JVASP-46915,3,V,5.034136,3.798005,3.6670542
JVASP-46915,4,F,56.934864,15.800529,51.972927
JVASP-46915,5,F,56.935932,15.800529,51.1866
JVASP-46915,6,F,56.93416,15.800529,68.33603
JVASP-46915,7,F,56.93416,15.800529,68.33603
JVASP-46915,8,F,56.935932,15.800529,51.1866
JVASP-46915,9,F,56.934864,15.800529,51.972927
JVASP-47083,0,Li,0.8118486,0.084703535,0.8092397
JVASP-47083,1,Li,0.8118486,0.084703535,0.8092397
JVASP-47083,2,V,21.155033,3.798005,24.032688
JVASP-47083,3,V,21.155033,3.798005,24.032688
JVASP-47083,4,F,48.50129,15.800529,63.82098
JVASP-47083,5,F,48.50129,15.800529,63.465797
JVASP-47083,6,F,79.92455,15.800529,69.82133
JVASP-47083,7,F,79.92455,15.800529,69.82133
JVASP-47083,8,F,48.50129,15.800529,63.465797
JVASP-47083,9,F,48.50129,15.800529,63.82098
JVASP-47086,0,Li,2.4303021,0.084703535,2.3516726
JVASP-47086,1,Li,2.4307103,0.084703535,2.352076
JVASP-47086,2,V,8.54382,3.798005,5.58266
JVASP-47086,3,V,8.54382,3.798005,5.58266
JVASP-47086,4,F,71.44568,15.800529,61.55624
JVASP-47086,5,F,71.44568,15.800529,62.547894
JVASP-47086,6,F,71.445015,15.800529,67.63142
JVASP-47086,7,F,71.445015,15.800529,67.63142
JVASP-47086,8,F,71.44568,15.800529,62.547894
JVASP-47086,9,F,71.44568,15.800529,61.55624
JVASP-47308,0,Li,0.050146453,0.084703535,0.13308577
JVASP-47308,1,V,3.4950876,3.798005,1.8927573
JVASP-47308,2,F,85.80551,15.800529,82.792534
JVASP-47308,3,F,86.01375,15.800529,88.649445
JVASP-47308,4,F,85.95715,15.800529,90.30012
JVASP-47308,5,F,85.95715,15.800529,90.30012
JVASP-47308,6,F,86.01375,15.800529,88.649445
JVASP-47308,7,F,85.80551,15.800529,82.792534
JVASP-47315,0,Li,0.10900459,0.084703535,0.19031964
JVASP-47315,1,V,9.447273,3.798005,6.440877
JVASP-47315,2,F,87.57218,15.800529,87.08296
JVASP-47315,3,F,87.5725,15.800529,89.11027
JVASP-47315,4,F,87.57218,15.800529,90.972885
JVASP-47315,5,F,87.57342,15.800529,89.728645
JVASP-47315,6,F,87.5725,15.800529,89.83552
JVASP-47315,7,F,87.57342,15.800529,86.53544
JVASP-47333,0,Li,0.40161008,0.084703535,0.38004994
JVASP-47333,1,V,83.974,3.798005,83.980774
JVASP-47333,2,F,67.23776,15.800529,67.9171
JVASP-47333,3,F,84.76861,15.800529,87.89524
JVASP-47333,4,F,84.76861,15.800529,87.89524
JVASP-47333,5,F,67.23776,15.800529,67.9171
JVASP-47334,0,Li,1.992676,0.084703535,1.9141158
JVASP-47334,1,V,32.973682,3.798005,29.742643
JVASP-47334,2,F,75.42144,15.800529,64.36762
JVASP-47334,3,F,75.41481,15.800529,60.366753
JVASP-47334,4,F,122.63097,15.800529,132.41466
JVASP-47334,5,F,122.63703,15.800529,124.89389
JVASP-48544,0,Li,1.1382358,0.084703535,1.1543038
JVASP-48544,1,Li,1.1378298,0.084703535,1.1950489
JVASP-48544,2,V,9.309256,3.798005,7.055958
JVASP-48544,3,F,21.09434,15.800529,22.96852
JVASP-48544,4,F,25.193089,15.800529,13.012974
JVASP-48544,5,F,25.193089,15.800529,13.012974
JVASP-48544,6,F,21.09434,15.800529,22.96852
JVASP-48666,0,Li,0.8039731,0.084703535,0.73558044
JVASP-48666,1,Li,0.8039731,0.084703535,0.73558044
JVASP-48666,2,V,84.196045,3.798005,81.83131
JVASP-48666,3,F,91.50909,15.800529,94.14179
JVASP-48666,4,F,91.50909,15.800529,89.42353
JVASP-48666,5,F,76.54579,15.800529,80.288155
JVASP-48666,6,F,76.54579,15.800529,80.289215
JVASP-48666,7,F,91.51052,15.800529,89.42439
JVASP-48666,8,F,91.51052,15.800529,94.142914
JVASP-48750,0,Li,0.6140071,0.084703535,0.5360638
JVASP-48750,1,Li,0.61360085,0.084703535,0.535651
JVASP-48750,2,V,0.12749118,3.798005,3.684293
JVASP-48750,3,V,0.14240085,3.798005,3.7213907
JVASP-48750,4,F,70.11961,15.800529,75.966
JVASP-48750,5,F,70.1199,15.800529,71.56297
JVASP-48750,6,F,70.10619,15.800529,72.222374
JVASP-48750,7,F,70.107574,15.800529,70.76528
JVASP-48750,8,F,70.12032,15.800529,72.953186
JVASP-48750,9,F,70.12166,15.800529,75.91729
JVASP-22698,0,Li,0.2841408,0.084703535,0.20762557
JVASP-22698,1,Li,0.2841408,0.084703535,0.20762557
JVASP-22698,2,Ag,40.63134,6.9597216,34.28542
JVASP-22698,3,Ag,40.630936,6.9597216,34.284374
JVASP-22698,4,F,46.122677,15.800529,31.931923
JVASP-22698,5,F,46.12267,15.800529,31.934132
JVASP-22698,6,F,46.123085,15.800529,31.932308
JVASP-22698,7,F,46.12267,15.800529,31.934542
JVASP-40481,0,Li,0.6455385,0.084703535,0.6231671
JVASP-40481,1,Ag,250.78989,6.9597216,249.9614
JVASP-40481,2,F,256.71402,15.800529,259.81668
JVASP-40481,3,F,265.36096,15.800529,265.5541
JVASP-40481,4,F,265.36096,15.800529,265.5541
JVASP-40481,5,F,256.71402,15.800529,259.81668
JVASP-49814,0,Li,0.21188203,0.084703535,0.1365205
JVASP-49814,1,Li,0.21188203,0.084703535,0.1365205
JVASP-49814,2,Ag,33.2261,6.9597216,26.908136
JVASP-49814,3,F,51.71485,15.800529,37.447784
JVASP-49814,4,F,51.71485,15.800529,37.447784
JVASP-49814,5,F,8.072293,15.800529,23.50176
JVASP-50665,0,Li,0.75631255,0.084703535,0.7335171
JVASP-50665,1,Li,0.75631255,0.084703535,0.7335171
JVASP-50665,2,Ag,112.59711,6.9597216,116.278465
JVASP-50665,3,Ag,112.59711,6.9597216,116.278465
JVASP-50665,4,F,144.79669,15.800529,139.75392
JVASP-50665,5,F,210.15318,15.800529,220.18256
JVASP-50665,6,F,159.34308,15.800529,161.65883
JVASP-50665,7,F,159.34308,15.800529,161.65883
JVASP-50665,8,F,210.15318,15.800529,220.18256
JVASP-50665,9,F,144.79669,15.800529,139.75392
JVASP-50692,0,Li,0.2596703,0.084703535,0.30731022
JVASP-50692,1,Li,0.2596703,0.084703535,0.30731022
JVASP-50692,2,Ag,31.094336,6.9597216,26.28466
JVASP-50692,3,Ag,31.094336,6.9597216,26.28466
JVASP-50692,4,F,28.482672,15.800529,21.854717
JVASP-50692,5,F,28.482672,15.800529,21.854717
JVASP-50692,6,F,49.004177,15.800529,48.520603
JVASP-50692,7,F,49.004177,15.800529,42.026623
JVASP-50739,0,Li,0.6822507,0.084703535,0.70878166
JVASP-50739,1,Li,0.6822507,0.084703535,0.70878166
JVASP-50739,2,Ag,17.171286,6.9597216,19.704351
JVASP-50739,3,Ag,17.171286,6.9597216,19.704351
JVASP-50739,4,F,153.44672,15.800529,154.27705
JVASP-50739,5,F,153.44482,15.800529,159.68813
JVASP-50739,6,F,153.44493,15.800529,149.43332
JVASP-50739,7,F,153.44463,15.800529,159.41228
JVASP-50739,8,F,153.44467,15.800529,149.00012
JVASP-50739,9,F,153.44633,15.800529,153.57137
JVASP-50804,0,Li,1.8449217,0.084703535,1.8505929
JVASP-50804,1,Li,1.8449217,0.084703535,1.8505929
JVASP-50804,2,Ag,79.07239,6.9597216,76.94711
JVASP-50804,3,Ag,79.07239,6.9597216,76.94711
JVASP-50804,4,F,65.927246,15.800529,57.176468
JVASP-50804,5,F,65.92814,15.800529,73.328606
JVASP-50804,6,F,65.92814,15.800529,73.328606
JVASP-50804,7,F,65.927246,15.800529,57.176468
JVASP-52214,0,Li,0.8107947,0.084703535,0.8107519
JVASP-52214,1,Ag,46.16393,6.9597216,48.957428
JVASP-52214,2,Ag,103.070694,6.9597216,105.62728
JVASP-52214,3,F,123.41623,15.800529,113.02168
JVASP-52214,4,F,123.41696,15.800529,129.39551
JVASP-52214,5,F,123.41476,15.800529,132.46599
JVASP-52214,6,F,123.416336,15.800529,125.66058
JVASP-52261,0,Li,0.6429997,0.084703535,0.617453
JVASP-52261,1,Ag,252.22469,6.9597216,250.89882
JVASP-52261,2,F,265.3584,15.800529,265.56253
JVASP-52261,3,F,256.5431,15.800529,260.0468
JVASP-52261,4,F,256.52536,15.800529,260.02832
JVASP-52261,5,F,265.3772,15.800529,265.58395
JVASP-52271,0,Li,0.19608162,0.084703535,0.12709117
JVASP-52271,1,Li,0.19608162,0.084703535,0.13453329
JVASP-52271,2,Ag,107.69525,6.9597216,107.02998
JVASP-52271,3,Ag,107.69525,6.9597216,108.343414
JVASP-52271,4,F,54.315784,15.800529,59.48922
JVASP-52271,5,F,56.702057,15.800529,54.17351
JVASP-52271,6,F,54.315784,15.800529,61.03148
JVASP-52271,7,F,56.702057,15.800529,53.309185
JVASP-52282,0,Li,1.2554163,0.084703535,1.1929402
JVASP-52282,1,Li,2.1854477,0.084703535,2.1517243
JVASP-52282,2,Ag,239.32393,6.9597216,242.75008
JVASP-52282,3,F,232.03792,15.800529,225.5909
JVASP-52282,4,F,266.89352,15.800529,268.69653
JVASP-52282,5,F,26.797815,15.800529,28.687334
JVASP-52282,6,F,270.97336,15.800529,270.33057
JVASP-52282,7,F,242.83162,15.800529,235.55402
JVASP-52285,0,Li,1.3259912,0.084703535,1.2475197
JVASP-52285,1,Ag,21.24565,6.9597216,15.03025
JVASP-52285,2,Ag,21.24565,6.9597216,15.03025
JVASP-52285,3,F,203.93634,15.800529,208.0384
JVASP-52285,4,F,266.3115,15.800529,262.89798
JVASP-52285,5,F,266.3115,15.800529,268.37802
JVASP-52285,6,F,203.93634,15.800529,203.17072
JVASP-52285,7,F,203.93845,15.800529,204.92947
JVASP-52285,8,F,266.31223,15.800529,271.3827
JVASP-52514,0,Li,0.1431293,0.084703535,0.09379163
JVASP-52514,1,Ag,133.43652,6.9597216,128.63405
JVASP-52514,2,F,125.3578,15.800529,112.85551
JVASP-52514,3,F,125.3578,15.800529,112.85551
JVASP-52572,0,Li,0.9835283,0.084703535,1.0061157
JVASP-52572,1,Ag,86.93518,6.9597216,84.14002
JVASP-52572,2,F,110.60331,15.800529,101.987976
JVASP-52572,3,F,110.57469,15.800529,101.960464
JVASP-18648,0,Mg,2.889113,0.4287979,2.7951753
JVASP-18648,1,Mg,2.8881261,0.4287979,2.808656
JVASP-18648,2,Mg,2.889113,0.4287979,2.7951753
JVASP-18648,3,Mg,2.8881261,0.4287979,2.808656
JVASP-18648,4,Mg,2.889113,0.4287979,2.746338
JVASP-18648,5,Mg,2.889113,0.4287979,2.746338
JVASP-18648,6,Cd,11.855531,15.619623,27.405266
JVASP-18648,7,Cd,11.855531,15.619623,27.405266
JVASP-18649,0,Mg,3.641172,0.4287979,3.322484
JVASP-18649,1,Mg,3.641172,0.4287979,3.322484
JVASP-18649,2,Cd,14.065513,15.619623,17.873478
JVASP-18649,3,Cd,14.065513,15.619623,17.873478
JVASP-18649,4,Cd,14.063547,15.619623,16.476639
JVASP-18649,5,Cd,14.065513,15.619623,18.984556
JVASP-18649,6,Cd,14.063547,15.619623,16.476639
JVASP-18649,7,Cd,14.065513,15.619623,18.984556
JVASP-39130,0,Mg,3.74527,0.4287979,4.0844836
JVASP-39130,1,Mg,3.74527,0.4287979,4.0844836
JVASP-39130,2,Cd,53.938694,15.619623,69.377464
JVASP-39130,3,Cd,10.399309,15.619623,25.954142
JVASP-39130,4,Cd,53.938694,15.619623,69.27048
JVASP-39130,5,Cd,53.93843,15.619623,69.50238
JVASP-38940,0,Mg,3.1892357,0.4287979,3.5299058
JVASP-38940,1,Mg,3.1892357,0.4287979,3.0747104
JVASP-38940,2,Mg,3.1892357,0.4287979,3.0250945
JVASP-38940,3,Cd,0.0,15.619623,15.619623
JVASP-78305,0,Mg,0.0,0.4287979,0.4287979
JVASP-78305,1,Cd,0.0,15.619623,15.619623
JVASP-78306,0,Mg,4.025739,0.4287979,4.3644032
JVASP-78306,1,Cd,81.0034,15.619623,96.4875
JVASP-78313,0,Mg,4.219654,0.4287979,3.8992374
JVASP-78313,1,Cd,2.1114602,15.619623,13.533392
JVASP-78802,0,Mg,3.0496178,0.4287979,3.3907595
JVASP-78802,1,Mg,3.0496178,0.4287979,3.3907595
JVASP-78802,2,Cd,54.256195,15.619623,69.75027
JVASP-78802,3,Cd,54.256195,15.619623,69.75027
JVASP-78803,0,Mg,2.251083,0.4287979,2.5956278
JVASP-78803,1,Mg,1.4505147,0.4287979,1.8013982
JVASP-78803,2,Mg,1.4505147,0.4287979,1.8013982
JVASP-78803,3,Cd,66.41669,15.619623,81.90542
JVASP-78806,0,Mg,4.7409635,0.4287979,4.4323936
JVASP-78806,1,Mg,4.7409635,0.4287979,4.4323936
JVASP-78806,2,Cd,74.96544,15.619623,73.20257
JVASP-78806,3,Cd,74.96544,15.619623,73.20257
JVASP-79178,0,Mg,2.931447,0.4287979,2.6376317
JVASP-79178,1,Mg,4.1012845,0.4287979,4.434919
JVASP-79178,2,Mg,1.8522853,0.4287979,1.9337896
JVASP-79178,3,Cd,46.484085,15.619623,56.160606
JVASP-79197,0,Mg,8.106996,0.4287979,8.441464
JVASP-79197,1,Mg,8.106996,0.4287979,8.441464
JVASP-79197,2,Cd,41.151424,15.619623,56.65378
JVASP-79197,3,Cd,41.151424,15.619623,56.65378
JVASP-79478,0,Mg,4.512777,0.4287979,4.8505383
JVASP-79478,1,Cd,47.741375,15.619623,63.239094
JVASP-79478,2,Cd,61.952087,15.619623,77.442566
JVASP-79478,3,Cd,61.952087,15.619623,77.442566
JVASP-16479,0,Mg,1.3454843,0.4287979,1.187135
JVASP-16479,1,Mg,1.3454843,0.4287979,1.187135
JVASP-16479,2,Cd,17.16065,15.619623,28.640127
JVASP-16479,3,Cd,17.16065,15.619623,28.640127
JVASP-35042,0,Re,84.681305,20.045204,73.56168
JVASP-35042,1,Re,84.681305,20.045204,73.56168
JVASP-35042,2,Re,84.681305,20.045204,73.56168
JVASP-35042,3,Re,84.681305,20.045204,73.56168
JVASP-35042,4,N,22.466719,2.1896696,21.859253
JVASP-35042,5,N,22.466719,2.1896696,21.859253
JVASP-36239,0,Re,142.77423,20.045204,130.92775
JVASP-36239,1,N,81.40389,2.1896696,80.72455
JVASP-36239,2,N,81.40389,2.1896696,80.72455
JVASP-35050,0,Re,18.699404,20.045204,16.560198
JVASP-35050,1,Re,18.699404,20.045204,16.560198
JVASP-35050,2,N,79.31679,2.1896696,79.748146
JVASP-35050,3,N,79.31679,2.1896696,79.748146
JVASP-35050,4,N,79.31679,2.1896696,79.67592
JVASP-35050,5,N,79.31679,2.1896696,79.67592
JVASP-35055,0,Re,159.25357,20.045204,147.30486
JVASP-35055,1,Re,159.25357,20.045204,147.30486
JVASP-35055,2,N,76.3114,2.1896696,75.63385
JVASP-35055,3,N,76.3114,2.1896696,75.63385
JVASP-35055,4,N,76.3114,2.1896696,75.63385
JVASP-35055,5,N,76.3114,2.1896696,75.63385
JVASP-35053,0,Re,269.71927,20.045204,252.55446
JVASP-35053,1,Re,269.71927,20.045204,254.0511
JVASP-35053,2,N,33.967987,2.1896696,34.756973
JVASP-35053,3,N,33.967987,2.1896696,34.637726
JVASP-35053,4,N,38.443672,2.1896696,37.083115
JVASP-35053,5,N,38.443672,2.1896696,37.12205
JVASP-36367,0,Re,164.81514,20.045204,178.24817
JVASP-36367,1,N,18.983545,2.1896696,18.394737
JVASP-35048,0,Re,216.361,20.045204,229.64267
JVASP-35048,1,Re,216.36098,20.045204,199.24364
JVASP-35048,2,Re,216.36098,20.045204,221.82848
JVASP-35048,3,N,2.380904,2.1896696,3.7181995
JVASP-35048,4,N,2.380904,2.1896696,1.358205
JVASP-35048,5,N,2.380904,2.1896696,3.9648888
JVASP-35051,0,Re,136.48517,20.045204,146.6402
JVASP-35051,1,Re,136.48517,20.045204,146.6402
JVASP-35051,2,N,72.39313,2.1896696,73.09187
JVASP-35051,3,N,72.39313,2.1896696,73.09187
JVASP-35051,4,N,92.79189,2.1896696,93.53467
JVASP-35051,5,N,92.79189,2.1896696,93.53467
JVASP-37110,0,Re,739.6422,20.045204,721.9759
JVASP-37110,1,Re,739.6422,20.045204,742.9021
JVASP-37110,2,N,5.25089,2.1896696,4.995263
JVASP-37110,3,N,5.25089,2.1896696,4.995263
JVASP-37112,0,Re,34.289185,20.045204,49.519566
JVASP-37112,1,Re,34.289185,20.045204,49.519566
JVASP-37112,2,N,18.417713,2.1896696,17.832624
JVASP-37112,3,N,18.417713,2.1896696,17.832624
JVASP-39476,0,Re,85.51087,20.045204,74.37102
JVASP-39476,1,Re,85.51087,20.045204,74.37102
JVASP-39476,2,Re,162.15132,20.045204,150.18657
JVASP-39476,3,N,15.474651,2.1896696,14.913355
JVASP-85202,0,Re,209.98123,20.045204,217.4498
JVASP-85202,1,Re,209.98123,20.045204,217.4498
JVASP-85202,2,N,81.091965,2.1896696,83.255905
JVASP-85202,3,N,81.091965,2.1896696,83.270386
JVASP-85202,4,N,81.091965,2.1896696,83.255905
JVASP-85202,5,N,81.091965,2.1896696,83.270386
JVASP-16004,0,O,0.00244949,1.173997,1.1737945
JVASP-16004,1,Al,0.0,1.0875204,1.0875204
JVASP-31,0,O,47.242416,1.173997,47.853134
JVASP-31,1,O,47.242455,1.173997,47.341774
JVASP-31,2,Al,7.224336,1.0875204,7.8211513
JVASP-31,3,Al,7.2252507,1.0875204,7.821987
JVASP-31,4,O,47.242455,1.173997,47.341774
JVASP-31,5,O,47.242382,1.173997,46.657055
JVASP-31,6,Al,7.2252507,1.0875204,7.821987
JVASP-31,7,Al,7.224336,1.0875204,7.8211513
JVASP-31,8,O,47.242382,1.173997,46.657055
JVASP-31,9,O,47.242416,1.173997,47.853134
JVASP-32,0,O,46.815273,1.173997,47.42768
JVASP-32,1,O,46.815998,1.173997,46.916927
JVASP-32,2,Al,7.3879623,1.0875204,7.983618
JVASP-32,3,Al,7.3879623,1.0875204,7.983618
JVASP-32,4,O,46.815998,1.173997,46.916927
JVASP-32,5,O,46.815773,1.173997,46.23237
JVASP-32,6,Al,7.3879623,1.0875204,7.983618
JVASP-32,7,Al,7.3879623,1.0875204,7.983618
JVASP-32,8,O,46.815773,1.173997,46.23237
JVASP-32,9,O,46.815273,1.173997,47.42768
JVASP-10076,0,O,59.587082,1.173997,59.84923
JVASP-10076,1,O,59.587082,1.173997,59.84923
JVASP-10076,2,O,81.53848,1.173997,81.19694
JVASP-10076,3,O,81.53848,1.173997,81.19694
JVASP-10076,4,O,21.388144,1.173997,21.56689
JVASP-10076,5,O,21.388144,1.173997,21.56689
JVASP-10076,6,Al,20.437187,1.0875204,21.257458
JVASP-10076,7,Al,20.437187,1.0875204,21.257458
JVASP-10076,8,Al,10.664163,1.0875204,10.552356
JVASP-10076,9,Al,10.664163,1.0875204,10.552356
JVASP-18899,0,Al,0.22193693,1.0875204,1.0010126
JVASP-18899,1,Al,0.22193693,1.0875204,1.0010126
JVASP-18899,2,O,85.07514,1.173997,84.598366
JVASP-18899,3,O,85.07461,1.173997,84.94654
JVASP-18899,4,O,85.07558,1.173997,85.67044
JVASP-18899,5,O,85.07514,1.173997,84.598366
JVASP-18899,6,O,85.07558,1.173997,85.67044
JVASP-18899,7,O,85.07461,1.173997,84.94654
JVASP-49795,0,Al,39.96927,1.0875204,40.101925
JVASP-49795,1,Al,39.96927,1.0875204,40.120243
JVASP-49795,2,Al,39.96927,1.0875204,40.13764
JVASP-49795,3,Al,39.96927,1.0875204,40.1291
JVASP-49795,4,O,46.87735,1.173997,47.35143
JVASP-49795,5,O,62.900307,1.173997,63.256287
JVASP-49795,6,O,62.900307,1.173997,62.216713
JVASP-49795,7,O,62.900307,1.173997,61.79363
JVASP-49795,8,O,62.900307,1.173997,63.50129
JVASP-49795,9,O,46.87735,1.173997,47.33949
JVASP-49866,0,Al,9.753869,1.0875204,10.806257
JVASP-49866,1,Al,14.322167,1.0875204,13.276769
JVASP-49866,2,Al,26.241385,1.0875204,27.291445
JVASP-49866,3,Al,26.241385,1.0875204,27.291445
JVASP-49866,4,O,36.915684,1.173997,37.04725
JVASP-49866,5,O,36.91388,1.173997,36.97623
JVASP-49866,6,O,36.916,1.173997,36.897186
JVASP-49866,7,O,36.916,1.173997,36.897186
JVASP-49866,8,O,36.91388,1.173997,36.97623
JVASP-49866,9,O,36.915684,1.173997,37.04725
JVASP-49931,0,Al,8.041385,1.0875204,8.161246
JVASP-49931,1,Al,24.592827,1.0875204,25.190712
JVASP-49931,2,Al,8.041385,1.0875204,8.161255
JVASP-49931,3,Al,24.592827,1.0875204,25.190716
JVASP-49931,4,O,40.757877,1.173997,41.18501
JVASP-49931,5,O,79.143776,1.173997,79.015884
JVASP-49931,6,O,79.143776,1.173997,79.015854
JVASP-49931,7,O,61.55135,1.173997,61.228405
JVASP-49931,8,O,61.550686,1.173997,61.227722
JVASP-49931,9,O,40.756878,1.173997,41.18393
JVASP-50170,0,Al,16.118868,1.0875204,17.169815
JVASP-50170,1,Al,23.375483,1.0875204,24.42572
JVASP-50170,2,O,103.41378,1.173997,103.56006
JVASP-50170,3,O,10.334397,1.173997,10.53878
JVASP-50170,4,O,11.196209,1.173997,11.395677
JVASP-51662,0,Al,46.76563,1.0875204,47.240993
JVASP-51662,1,Al,46.740875,1.0875204,47.34819
JVASP-51662,2,Al,46.763332,1.0875204,47.33656
JVASP-51662,3,Al,46.742058,1.0875204,47.190662
JVASP-51662,4,O,106.44902,1.173997,106.67924
JVASP-51662,5,O,43.178417,1.173997,42.934017
JVASP-51662,6,O,43.237507,1.173997,44.057426
JVASP-51662,7,O,106.46593,1.173997,106.057755
JVASP-51662,8,O,43.17605,1.173997,43.35302
JVASP-51662,9,O,43.22327,1.173997,42.848286
JVASP-85600,0,Al,36.35564,1.0875204,35.406837
JVASP-85600,1,Al,23.664415,1.0875204,24.666063
JVASP-85600,2,Al,36.35564,1.0875204,35.406837
JVASP-85600,3,Al,23.664415,1.0875204,24.666063
JVASP-85600,4,O,355.7783,1.173997,356.32498
JVASP-85600,5,O,51.35401,1.173997,51.561993
JVASP-85600,6,O,56.77565,1.173997,56.528286
JVASP-85600,7,O,51.35401,1.173997,51.561993
JVASP-85600,8,O,56.77565,1.173997,56.528286
JVASP-85600,9,O,355.7783,1.173997,356.32498
JVASP-94,0,O,43.859158,1.173997,44.476925
JVASP-94,1,O,43.858723,1.173997,43.957397
JVASP-94,2,Al,7.4180536,1.0875204,8.013495
JVASP-94,3,Al,7.417726,1.0875204,8.013188
JVASP-94,4,O,43.858723,1.173997,43.957397
JVASP-94,5,O,43.858448,1.173997,43.27125
JVASP-94,6,Al,7.417726,1.0875204,8.013188
JVASP-94,7,Al,7.4180536,1.0875204,8.013495
JVASP-94,8,O,43.858448,1.173997,43.27125
JVASP-94,9,O,43.859158,1.173997,44.476925
JVASP-19812,0,O,8.305873,1.173997,8.204565
JVASP-19812,1,O,8.306027,1.173997,8.2039385
JVASP-19812,2,Cu,23.593126,2.626418,26.175571
JVASP-19812,3,Cu,23.596148,2.626418,21.858139
JVASP-35249,0,Cu,55.302128,2.626418,56.444107
JVASP-35249,1,Cu,55.302128,2.626418,56.444107
JVASP-35249,2,Cu,27.395094,2.626418,26.411892
JVASP-35249,3,O,178.98105,1.173997,178.5292
JVASP-35249,4,O,178.98105,1.173997,179.3234
JVASP-17291,0,O,0.002160247,1.173997,1.1741055
JVASP-17291,1,Cu,0.023079572,2.626418,2.625998
JVASP-18421,0,O,34.457027,1.173997,34.24328
JVASP-18421,1,O,34.456997,1.173997,35.05798
JVASP-18421,2,O,34.456997,1.173997,35.05798
JVASP-18421,3,O,34.457027,1.173997,34.24328
JVASP-18421,4,Cu,58.55341,2.626418,59.774117
JVASP-18421,5,Cu,58.568886,2.626418,58.916286
JVASP-18421,6,Cu,58.568886,2.626418,58.916286
JVASP-18421,7,Cu,58.55341,2.626418,59.774117
JVASP-18424,0,O,54.215942,1.173997,54.435505
JVASP-18424,1,O,54.215286,1.173997,54.434845
JVASP-18424,2,Cu,16.725739,2.626418,17.598103
JVASP-1219,0,Cu,23.695606,2.626418,24.67409
JVASP-1219,1,Cu,23.695606,2.626418,23.676458
JVASP-1219,2,Cu,23.695606,2.626418,24.67409
JVASP-1219,3,Cu,23.695606,2.626418,23.676458
JVASP-1219,4,O,8.060058,1.173997,8.024594
JVASP-1219,5,O,8.060058,1.173997,8.024594
JVASP-1219,6,O,8.060058,1.173997,8.024594
JVASP-1219,7,O,8.060058,1.173997,8.024594
JVASP-52966,0,Cu,50.576355,2.626418,48.806885
JVASP-52966,1,Cu,50.57615,2.626418,48.807297
JVASP-52966,2,Cu,15.32502,2.626418,14.58988
JVASP-52966,3,Cu,15.324906,2.626418,14.589708
JVASP-52966,4,Cu,30.404705,2.626418,32.20027
JVASP-52966,5,Cu,30.404705,2.626418,32.163155
JVASP-52966,6,Cu,30.388891,2.626418,32.18442
JVASP-52966,7,Cu,30.388891,2.626418,32.14732
JVASP-52966,8,O,21.465061,1.173997,20.813147
JVASP-54461,0,Cu,43.42114,2.626418,41.642143
JVASP-54461,1,O,98.71774,1.173997,98.38763
JVASP-54461,2,O,98.71774,1.173997,98.38763
JVASP-78687,0,Cu,48.421833,2.626418,46.563625
JVASP-78687,1,O,107.93388,1.173997,107.58988
JVASP-78687,2,O,107.93388,1.173997,107.58988
JVASP-79522,0,Cu,23.287512,2.626418,23.285986
JVASP-79522,1,Cu,23.287512,2.626418,24.28065
JVASP-79522,2,Cu,23.287512,2.626418,23.285986
JVASP-79522,3,Cu,23.287512,2.626418,24.28065
JVASP-79522,4,O,9.335603,1.173997,9.274197
JVASP-79522,5,O,9.335603,1.173997,9.274197
JVASP-79522,6,O,9.335603,1.173997,9.274197
JVASP-79522,7,O,9.335603,1.173997,9.274197
JVASP-1216,0,Cu,73.12952,2.626418,73.30719
JVASP-1216,1,Cu,73.12952,2.626418,73.4091
JVASP-1216,2,Cu,73.12952,2.626418,73.56505
JVASP-1216,3,Cu,73.12952,2.626418,72.419876
JVASP-1216,4,O,0.0,1.173997,1.173997
JVASP-1216,5,O,0.0,1.173997,1.173997
JVASP-30094,0,Cu,18.55976,2.626418,19.998209
JVASP-30094,1,Cu,18.55976,2.626418,19.998209
JVASP-30094,2,O,39.55836,1.173997,39.717583
JVASP-30094,3,O,39.55836,1.173997,39.717583
JVASP-30094,4,O,39.55836,1.173997,39.717583
JVASP-30094,5,O,39.55836,1.173997,39.717583
JVASP-18556,0,Na,27.208355,0.84107655,27.57165
JVASP-18556,1,Na,27.92336,0.84107655,28.412775
JVASP-18556,2,Na,39.60425,0.84107655,40.146667
JVASP-18556,3,Li,6.2475824,0.084703535,6.2243786
JVASP-18556,4,Li,2.978989,0.084703535,3.018087
JVASP-18556,5,Li,6.1266837,0.084703535,6.0983987
JVASP-18556,6,N,19.777695,2.1896696,18.478487
JVASP-18556,7,N,26.517649,2.1896696,24.739569
JVASP-5740,0,Na,27.208355,0.84107655,27.57165
JVASP-5740,1,Na,27.92336,0.84107655,28.412775
JVASP-5740,2,Na,39.60425,0.84107655,40.146667
JVASP-5740,3,Li,6.2475824,0.084703535,6.2243786
JVASP-5740,4,Li,2.978989,0.084703535,3.018087
JVASP-5740,5,Li,6.1266837,0.084703535,6.0983987
JVASP-5740,6,N,19.777695,2.1896696,18.478487
JVASP-5740,7,N,26.517649,2.1896696,24.739569
JVASP-15758,0,Na,25.226885,0.84107655,25.571293
JVASP-15758,1,Na,25.226885,0.84107655,25.571293
JVASP-15758,2,Li,5.796717,0.084703535,5.8756394
JVASP-15758,3,N,29.442867,2.1896696,30.219995
JVASP-13836,0,Na,25.230154,0.84107655,25.574558
JVASP-13836,1,Na,25.230154,0.84107655,25.574558
JVASP-13836,2,Li,5.797942,0.084703535,5.8768663
JVASP-13836,3,N,29.412249,2.1896696,30.18941
JVASP-4522,0,Na,25.226885,0.84107655,25.571293
JVASP-4522,1,Na,25.226885,0.84107655,25.571293
JVASP-4522,2,Li,5.796717,0.084703535,5.8756394
JVASP-4522,3,N,29.442867,2.1896696,30.219995
JVASP-51054,0,Na,22.127295,0.84107655,22.550186
JVASP-51054,1,Na,28.163857,0.84107655,27.455877
JVASP-51054,2,Na,5.1763024,0.84107655,5.4650183
JVASP-51054,3,Li,1.581505,0.084703535,1.503828
JVASP-51054,4,Li,1.3759319,0.084703535,1.3187568
JVASP-51054,5,Li,3.1542206,0.084703535,3.2329001
JVASP-51054,6,N,50.85738,2.1896696,49.42949
JVASP-51054,7,N,43.885853,2.1896696,45.275955
JVASP-54829,0,Na,72.48164,0.84107655,72.15357
JVASP-54829,1,Na,72.48164,0.84107655,72.15357
JVASP-54829,2,Li,0.9724567,0.084703535,1.0518137
JVASP-54829,3,Li,0.9724567,0.084703535,1.0518137
JVASP-54829,4,Li,0.9724567,0.084703535,1.0518137
JVASP-54829,5,Li,0.9724567,0.084703535,1.0518137
JVASP-54829,6,N,12.88696,2.1896696,12.365727
JVASP-54829,7,N,12.88696,2.1896696,12.365727
JVASP-54845,0,Na,61.069454,0.84107655,60.741657
JVASP-54845,1,Li,2.9406126,0.084703535,2.861938
JVASP-54845,2,Li,2.9406126,0.084703535,2.861938
JVASP-54845,3,N,52.2072,2.1896696,51.542953
JVASP-55019,0,Na,2.0943139,0.84107655,2.5469944
JVASP-55019,1,Na,12.49893,0.84107655,12.190714
JVASP-55019,2,Na,2.0943139,0.84107655,2.5469944
JVASP-55019,3,Na,12.49893,0.84107655,12.190714
JVASP-55019,4,Li,0.16411582,0.084703535,0.09072757
JVASP-55019,5,Li,0.16411582,0.084703535,0.09072757
JVASP-55019,6,N,1.6876985,2.1896696,2.2934868
JVASP-55019,7,N,1.6876985,2.1896696,2.2934868
JVASP-86845,0,Na,20.08808,0.84107655,20.646912
JVASP-86845,1,Li,5.6899686,0.084703535,5.6632833
JVASP-86845,2,Li,5.8369727,0.084703535,5.808287
JVASP-86845,3,Li,4.0729766,0.084703535,4.0392666
JVASP-86845,4,Li,3.0051866,0.084703535,3.036171
JVASP-86845,5,Li,5.709265,0.084703535,5.653819
JVASP-86845,6,N,29.291662,2.1896696,29.217552
JVASP-86845,7,N,33.520382,2.1896696,34.138386
JVASP-8695,0,Na,2.946736,0.84107655,3.3692005
JVASP-8695,1,Li,0.4032989,0.084703535,0.385462
JVASP-8695,2,Li,0.4032989,0.084703535,0.4167592
JVASP-8695,3,Li,0.4032989,0.084703535,0.385462
JVASP-8695,4,Li,0.4032989,0.084703535,0.4167592
JVASP-8695,5,Li,0.4106978,0.084703535,0.49051479
JVASP-8695,6,N,27.180355,2.1896696,27.963242
JVASP-8695,7,N,27.882542,2.1896696,27.25551
JVASP-8696,0,Na,26.933393,0.84107655,27.185574
JVASP-8696,1,Na,26.774836,0.84107655,27.168943
JVASP-8696,2,Na,33.652122,0.84107655,34.37512
JVASP-8696,3,Na,31.343615,0.84107655,31.879314
JVASP-8696,4,Na,76.779945,0.84107655,76.30871
JVASP-8696,5,Li,5.7968597,0.084703535,5.772029
JVASP-8696,6,N,3.6967974,2.1896696,5.0030274
JVASP-8696,7,N,6.717716,2.1896696,8.517288
JVASP-22717,0,Li,0.8940346,0.084703535,0.89677715
JVASP-22717,1,Fe,77.459,2.1271884,75.52486
JVASP-22717,2,F,155.8874,15.800529,153.54347
JVASP-22717,3,F,160.93726,15.800529,167.20741
JVASP-22717,4,F,155.8863,15.800529,153.5425
JVASP-22717,5,F,160.95085,15.800529,167.22346
JVASP-42426,0,Li,0.71892846,0.084703535,0.77489364
JVASP-42426,1,Li,0.71892846,0.084703535,0.77489364
JVASP-42426,2,Fe,51.782555,2.1271884,52.467674
JVASP-42426,3,F,19.197954,15.800529,27.549314
JVASP-42426,4,F,19.197952,15.800529,27.54895
JVASP-42426,5,F,100.13467,15.800529,103.03026
JVASP-42426,6,F,100.13467,15.800529,98.92462
JVASP-42488,0,Li,0.6161315,0.084703535,0.6746968
JVASP-42488,1,Li,0.6161315,0.084703535,0.6746968
JVASP-42488,2,Fe,141.42496,2.1271884,142.61084
JVASP-42488,3,Fe,141.42496,2.1271884,141.59239
JVASP-42488,4,F,68.54481,15.800529,75.04104
JVASP-42488,5,F,68.31963,15.800529,71.50224
JVASP-42488,6,F,39.99989,15.800529,39.049908
JVASP-42488,7,F,68.31963,15.800529,74.79759
JVASP-42488,8,F,68.54481,15.800529,71.72268
JVASP-42488,9,F,39.99989,15.800529,39.102943
JVASP-43450,0,Li,0.43233553,0.084703535,0.35482028
JVASP-43450,1,Li,0.43233553,0.084703535,0.35482028
JVASP-43450,2,Fe,26.502254,2.1271884,25.343615
JVASP-43450,3,Fe,26.502254,2.1271884,25.343615
JVASP-43450,4,F,64.337906,15.800529,60.88162
JVASP-43450,5,F,64.33885,15.800529,64.37409
JVASP-43450,6,F,64.338486,15.800529,69.673256
JVASP-43450,7,F,64.338486,15.800529,69.673256
JVASP-43450,8,F,64.33885,15.800529,64.37409
JVASP-43450,9,F,64.337906,15.800529,60.88162
JVASP-43580,0,Li,1.4843909,0.084703535,1.5635357
JVASP-43580,1,Li,2.6209545,0.084703535,2.5422962
JVASP-43580,2,Li,1.4843909,0.084703535,1.5635357
JVASP-43580,3,Fe,67.44547,2.1271884,68.6861
JVASP-43580,4,F,160.96207,15.800529,157.7713
JVASP-43580,5,F,160.96207,15.800529,157.7713
JVASP-43580,6,F,160.96207,15.800529,161.47733
JVASP-43580,7,F,160.96194,15.800529,161.08498
JVASP-43580,8,F,160.96207,15.800529,161.47733
JVASP-43580,9,F,160.96194,15.800529,161.08498
JVASP-43647,0,Li,1.0373884,0.084703535,1.0670298
JVASP-43647,1,Li,1.0373884,0.084703535,1.0190802
JVASP-43647,2,Fe,84.38824,2.1271884,85.35145
JVASP-43647,3,F,23.34966,15.800529,12.238878
JVASP-43647,4,F,19.95078,15.800529,34.39143
JVASP-43647,5,F,19.95078,15.800529,34.39143
JVASP-43647,6,F,23.34966,15.800529,12.238878
JVASP-43739,0,Li,0.6004798,0.084703535,0.6435717
JVASP-43739,1,Li,0.6004798,0.084703535,0.62537867
JVASP-43739,2,Fe,78.91566,2.1271884,78.27318
JVASP-43739,3,Fe,78.91566,2.1271884,78.27318
JVASP-43739,4,F,43.252346,15.800529,58.3575
JVASP-43739,5,F,58.23632,15.800529,61.29457
JVASP-43739,6,F,58.23632,15.800529,57.669643
JVASP-43739,7,F,58.23632,15.800529,61.29457
JVASP-43739,8,F,43.252346,15.800529,58.3575
JVASP-43739,9,F,58.23632,15.800529,57.669643
JVASP-43740,0,Li,0.9919395,0.084703535,1.00092
JVASP-43740,1,Li,0.9919395,0.084703535,1.00092
JVASP-43740,2,Fe,88.4169,2.1271884,89.19248
JVASP-43740,3,Fe,88.4169,2.1271884,89.19248
JVASP-43740,4,F,114.93912,15.800529,122.86188
JVASP-43740,5,F,66.21154,15.800529,53.29069
JVASP-43740,6,F,66.21154,15.800529,52.817135
JVASP-43740,7,F,66.21154,15.800529,52.817135
JVASP-43740,8,F,66.21154,15.800529,53.29069
JVASP-43740,9,F,114.93912,15.800529,122.86188
JVASP-43766,0,Li,0.8520145,0.084703535,0.93135583
JVASP-43766,1,Li,0.8520145,0.084703535,0.93135583
JVASP-43766,2,Fe,38.97994,2.1271884,37.7981
JVASP-43766,3,F,195.95319,15.800529,198.18282
JVASP-43766,4,F,195.9529,15.800529,198.18256
JVASP-43766,5,F,195.95335,15.800529,200.62819
JVASP-43766,6,F,195.96536,15.800529,191.92374
JVASP-43766,7,F,195.95335,15.800529,200.62819
JVASP-43766,8,F,195.96536,15.800529,191.92374
JVASP-43790,0,Li,0.42108038,0.084703535,0.42627302
JVASP-43790,1,Li,0.42024994,0.084703535,0.40850884
JVASP-43790,2,Fe,67.28105,2.1271884,68.143715
JVASP-43790,3,Fe,67.269424,2.1271884,68.157906
JVASP-43790,4,F,93.866066,15.800529,93.573166
JVASP-43790,5,F,93.863464,15.800529,97.596695
JVASP-43790,6,F,44.282124,15.800529,40.32077
JVASP-43790,7,F,44.290775,15.800529,44.12788
JVASP-43790,8,F,60.210564,15.800529,61.6703
JVASP-43790,9,F,60.208164,15.800529,65.49738
JVASP-43832,0,Li,0.77287,0.084703535,0.75606596
JVASP-43832,1,Li,1.5450526,0.084703535,1.5841835
JVASP-43832,2,Fe,72.362305,2.1271884,73.405136
JVASP-43832,3,Fe,81.58197,2.1271884,81.85952
JVASP-43832,4,F,72.86332,15.800529,64.32235
JVASP-43832,5,F,67.53427,15.800529,81.215385
JVASP-43832,6,F,55.861885,15.800529,56.84641
JVASP-43832,7,F,86.51802,15.800529,83.28409
JVASP-43832,8,F,81.35271,15.800529,74.46716
JVASP-43832,9,F,44.425926,15.800529,54.060703
JVASP-17334,0,Mn,89.51997,1.6964667,90.55918
JVASP-17334,1,Mn,69.40706,1.6964667,70.333435
JVASP-17334,2,N,59.948017,2.1896696,59.118942
JVASP-17334,3,N,6.141853,2.1896696,6.9473987
JVASP-36312,0,Mn,0.0,1.6964667,1.6964667
JVASP-36312,1,N,0.0,2.1896696,2.1896696
JVASP-36314,0,Mn,0.0,1.6964667,1.6964667
JVASP-36314,1,N,0.0,2.1896696,2.1896696
JVASP-35957,0,Mn,3.7286243,1.6964667,2.662531
JVASP-35957,1,Mn,3.7286243,1.6964667,2.662531
JVASP-35957,2,Mn,5.451671,1.6964667,4.279254
JVASP-35957,3,N,29.67312,2.1896696,29.041191
JVASP-35957,4,N,29.67312,2.1896696,29.041191
JVASP-14279,0,Mn,0.5168423,1.6964667,1.342239
JVASP-14279,1,Mn,0.5168423,1.6964667,1.342239
JVASP-14279,2,Mn,84.36369,1.6964667,85.67037
JVASP-14279,3,Mn,0.5168423,1.6964667,1.342239
JVASP-14279,4,Mn,0.5168423,1.6964667,1.342239
JVASP-14279,5,Mn,84.36369,1.6964667,85.67037
JVASP-14279,6,N,12.786336,2.1896696,13.65058
JVASP-14279,7,N,12.786336,2.1896696,13.65058
JVASP-14279,8,N,12.786336,2.1896696,13.65058
JVASP-14279,9,N,12.786336,2.1896696,13.65058
JVASP-37181,0,Mn,2.4797,1.6964667,1.6065453
JVASP-37181,1,Mn,2.4801085,1.6964667,1.6069276
JVASP-37181,2,N,2.8254864,2.1896696,4.0950913
JVASP-37181,3,N,2.825078,2.1896696,4.0944486
JVASP-51507,0,Mn,0.007874008,1.6964667,1.6965683
JVASP-51507,1,Mn,71.68064,1.6964667,70.88487
JVASP-51507,2,Mn,71.66921,1.6964667,71.19942
JVASP-51507,3,Mn,71.67697,1.6964667,72.984856
JVASP-51507,4,N,0.0028284274,2.1896696,2.1874974
JVASP-78283,0,Mn,0.0,1.6964667,1.6964667
JVASP-78283,1,N,0.0,2.1896696,2.1896696
JVASP-78284,0,Mn,0.0,1.6964667,1.6964667
JVASP-78284,1,Mn,0.0,1.6964667,1.6964667
JVASP-78284,2,Mn,0.0,1.6964667,1.6964667
JVASP-78284,3,Mn,0.0,1.6964667,1.6964667
JVASP-78284,4,N,0.0,2.1896696,2.1896696
JVASP-78284,5,N,0.0,2.1896696,2.1896696
JVASP-78284,6,N,0.0,2.1896696,2.1896696
JVASP-78284,7,N,0.0,2.1896696,2.1896696
JVASP-78381,0,Mn,0.0,1.6964667,1.6964667
JVASP-78381,1,Mn,0.0,1.6964667,1.6964667
JVASP-78381,2,Mn,0.0,1.6964667,1.6964667
JVASP-78381,3,Mn,0.0,1.6964667,1.6964667
JVASP-78381,4,N,0.0,2.1896696,2.1896696
JVASP-78381,5,N,0.0,2.1896696,2.1896696
JVASP-78381,6,N,0.0,2.1896696,2.1896696
JVASP-78381,7,N,0.0,2.1896696,2.1896696
JVASP-8114,0,Mn,0.0,1.6964667,1.6964667
JVASP-8114,1,Mn,0.0,1.6964667,1.6964667
JVASP-8114,2,Mn,0.0,1.6964667,1.6964667
JVASP-8114,3,Mn,0.0,1.6964667,1.6964667
JVASP-8114,4,N,0.0,2.1896696,2.1896696
JVASP-8114,5,N,0.0,2.1896696,2.1896696
JVASP-8114,6,N,0.0,2.1896696,2.1896696
JVASP-8114,7,N,0.0,2.1896696,2.1896696
JVASP-35985,0,W,0.0,103.865906,103.865906
JVASP-35985,1,N,0.0,2.1896696,2.1896696
JVASP-13790,0,W,11.005149,103.865906,92.88829
JVASP-13790,1,W,11.005149,103.865906,92.88829
JVASP-13790,2,W,280.14853,103.865906,176.65126
JVASP-13790,3,W,280.14853,103.865906,176.65126
JVASP-13790,4,W,109.91636,103.865906,213.66284
JVASP-13790,5,W,109.91636,103.865906,213.66284
JVASP-13790,6,N,3.2823164,2.1896696,4.4947333
JVASP-13790,7,N,13.327674,2.1896696,14.185879
JVASP-13790,8,N,13.327674,2.1896696,14.185879
JVASP-16015,0,W,40.19123,103.865906,89.99544
JVASP-16015,1,W,40.19123,103.865906,91.52821
JVASP-16015,2,W,40.19123,103.865906,143.99234
JVASP-16015,3,N,0.0,2.1896696,2.1896696
JVASP-16015,4,N,0.18044575,2.1896696,2.3410275
JVASP-16015,5,N,0.18044575,2.1896696,2.1383262
JVASP-16015,6,N,0.18044575,2.1896696,2.1044698
JVASP-19932,0,W,158.06557,103.865906,261.79132
JVASP-19932,1,N,7.680375,2.1896696,7.275737
JVASP-37188,0,W,93.5007,103.865906,12.282573
JVASP-37188,1,N,97.65013,2.1896696,96.96632
JVASP-37188,2,N,97.65013,2.1896696,96.96632
JVASP-37744,0,W,238.45961,103.865906,225.69025
JVASP-37744,1,W,238.45961,103.865906,224.86934
JVASP-37744,2,N,38.242058,2.1896696,38.780376
JVASP-37744,3,N,38.242058,2.1896696,38.780376
JVASP-37744,4,N,38.242058,2.1896696,38.838364
JVASP-37744,5,N,38.242058,2.1896696,38.838364
JVASP-78672,0,W,0.0,103.865906,103.865906
JVASP-78672,1,W,0.0,103.865906,103.865906
JVASP-78672,2,W,0.0,103.865906,103.865906
JVASP-78672,3,W,0.0,103.865906,103.865906
JVASP-78672,4,N,0.0,2.1896696,2.1896696
JVASP-78672,5,N,0.0,2.1896696,2.1896696
JVASP-78672,6,N,0.0,2.1896696,2.1896696
JVASP-78672,7,N,0.0,2.1896696,2.1896696
JVASP-78721,0,W,9.350927,103.865906,94.53793
JVASP-78721,1,W,9.350927,103.865906,94.53793
JVASP-78721,2,W,9.350927,103.865906,94.53793
JVASP-78721,3,N,1.1271738,2.1896696,2.1145482
JVASP-78721,4,N,1.1271738,2.1896696,2.1145482
JVASP-78721,5,N,1.1271738,2.1896696,2.1145482
JVASP-78721,6,N,1.1271738,2.1896696,2.1145482
JVASP-78721,7,N,1.1271738,2.1896696,2.1145482
JVASP-78721,8,N,1.1271738,2.1896696,2.1145482
JVASP-79378,0,W,164.06845,103.865906,60.832104
JVASP-79378,1,W,164.06927,103.865906,60.832924
JVASP-79378,2,N,12.55486,2.1896696,13.421745
JVASP-79378,3,N,12.554451,2.1896696,13.421431
JVASP-79439,0,W,263.80377,103.865906,173.75641
JVASP-79439,1,W,263.80377,103.865906,173.76999
JVASP-79439,2,N,15.48289,2.1896696,17.225279
JVASP-79439,3,N,15.48289,2.1896696,17.223795
JVASP-18433,0,Li,0.4501933,0.084703535,0.39036518
JVASP-18433,1,Ni,2.3902369,5.243039,3.097561
JVASP-18433,2,O,44.939274,1.173997,45.161972
JVASP-18433,3,O,44.945847,1.173997,45.168526
JVASP-30393,0,Li,3.2859914,0.084703535,3.207312
JVASP-30393,1,Li,3.2859914,0.084703535,3.207312
JVASP-30393,2,Ni,2.9516513,5.243039,2.5699012
JVASP-30393,3,O,16.071102,1.173997,15.973968
JVASP-30393,4,O,16.071102,1.173997,15.973968
JVASP-12216,0,Li,0.57848996,0.084703535,0.50051975
JVASP-12216,1,Li,0.5784883,0.084703535,0.50058687
JVASP-12216,2,Li,0.5784883,0.084703535,0.50058687
JVASP-12216,3,Li,0.57848996,0.084703535,0.50051975
JVASP-12216,4,O,6.972472,1.173997,7.2071247
JVASP-12216,5,O,6.972472,1.173997,7.2071247
JVASP-12216,6,O,6.972472,1.173997,7.2071247
JVASP-12216,7,O,6.972472,1.173997,7.2071247
JVASP-12216,8,Ni,5.1941433,5.243039,10.322258
JVASP-12216,9,Ni,5.1941433,5.243039,10.322258
JVASP-45183,0,Li,1.1496617,0.084703535,1.1145324
JVASP-45183,1,Ni,40.64707,5.243039,40.64899
JVASP-45183,2,Ni,12.176553,5.243039,15.403563
JVASP-45183,3,O,72.90444,1.173997,72.994286
JVASP-45183,4,O,53.36739,1.173997,53.519814
JVASP-45183,5,O,53.36739,1.173997,53.519814
JVASP-45183,6,O,72.90444,1.173997,72.994286
JVASP-7881,0,Li,1.8541375,0.084703535,1.8421978
JVASP-7881,1,Li,1.8541375,0.084703535,1.8421978
JVASP-7881,2,Li,1.8541375,0.084703535,1.8421978
JVASP-7881,3,Li,1.8541375,0.084703535,1.8421978
JVASP-7881,4,Ni,190.45982,5.243039,187.4794
JVASP-7881,5,Ni,190.45982,5.243039,187.4794
JVASP-7881,6,O,88.01374,1.173997,87.562035
JVASP-7881,7,O,88.01374,1.173997,87.562035
JVASP-7881,8,O,88.01374,1.173997,87.562035
JVASP-7881,9,O,88.01374,1.173997,87.562035
JVASP-79748,0,Li,1.1711661,0.084703535,1.2502304
JVASP-79748,1,Ni,76.75745,5.243039,75.61144
JVASP-79748,2,O,57.946083,1.173997,57.963524
JVASP-79748,3,O,84.31982,1.173997,84.546295
JVASP-8375,0,Li,1.1503003,0.084703535,1.1065775
JVASP-8375,1,Ni,13.1014185,5.243039,16.324638
JVASP-8375,2,Ni,41.061623,5.243039,42.82732
JVASP-8375,3,O,55.029663,1.173997,55.472137
JVASP-8375,4,O,73.05215,1.173997,72.67189
JVASP-8375,5,O,55.029663,1.173997,55.472137
JVASP-8375,6,O,73.05215,1.173997,72.67189
JVASP-85546,0,Li,3.5758474,0.084703535,3.6548262
JVASP-85546,1,Ni,9.253765,5.243039,4.5093694
JVASP-85546,2,O,51.13065,1.173997,51.28362
JVASP-85546,3,O,51.13065,1.173997,51.28362
JVASP-8644,0,Li,1.1729752,0.084703535,1.2478615
JVASP-8644,1,Ni,76.788795,5.243039,77.46137
JVASP-8644,2,O,57.774998,1.173997,57.232433
JVASP-8644,3,O,84.39657,1.173997,84.27797
JVASP-8646,0,Li,1.376032,0.084703535,1.3943682
JVASP-8646,1,Li,1.376032,0.084703535,1.3943682
JVASP-8646,2,Ni,43.035736,5.243039,38.09699
JVASP-8646,3,Ni,43.035736,5.243039,38.09699
JVASP-8646,4,O,64.09613,1.173997,63.650543
JVASP-8646,5,O,19.303566,1.173997,19.09484
JVASP-8646,6,O,64.09613,1.173997,63.650543
JVASP-8646,7,O,19.303566,1.173997,19.09484
JVASP-15693,0,Mn,41.063248,1.6964667,42.377014
JVASP-15693,1,Mn,41.063248,1.6964667,42.377014
JVASP-15693,2,Mn,56.98493,1.6964667,55.695858
JVASP-15693,3,Mn,56.98493,1.6964667,55.695858
JVASP-15693,4,Sb,59.401352,27.438374,84.501434
JVASP-15693,5,Sb,59.401352,27.438374,84.501434
JVASP-36321,0,Mn,0.0,1.6964667,1.6964667
JVASP-36321,1,Sb,0.0,27.438374,27.438374
JVASP-17790,0,Mn,11.421971,1.6964667,10.180779
JVASP-17790,1,Mn,11.421971,1.6964667,10.180779
JVASP-17790,2,Mn,2.7744555,1.6964667,4.217551
JVASP-17790,3,Mn,2.7744555,1.6964667,4.217551
JVASP-17790,4,Sb,42.45701,27.438374,22.625366
JVASP-17790,5,Sb,42.45701,27.438374,22.625366
JVASP-36323,0,Mn,0.0073484695,1.6964667,1.6928579
JVASP-36323,1,Sb,0.0,27.438374,27.438374
JVASP-19786,0,Mn,53.41684,1.6964667,52.626534
JVASP-19786,1,Mn,53.41684,1.6964667,54.72744
JVASP-19786,2,Mn,53.41684,1.6964667,52.953426
JVASP-19786,3,Sb,0.0,27.438374,27.438374
JVASP-19831,0,Mn,61.58997,1.6964667,62.899147
JVASP-19831,1,Mn,61.58997,1.6964667,62.899147
JVASP-19831,2,Sb,59.031887,27.438374,84.13661
JVASP-19831,3,Sb,59.031887,27.438374,84.13661
JVASP-36322,0,Mn,0.0073484695,1.6964667,1.6928579
JVASP-36322,1,Sb,0.0,27.438374,27.438374
JVASP-14403,0,Mn,41.063248,1.6964667,42.377014
JVASP-14403,1,Mn,41.063248,1.6964667,42.377014
JVASP-14403,2,Mn,56.98493,1.6964667,55.695858
JVASP-14403,3,Mn,56.98493,1.6964667,55.695858
JVASP-14403,4,Sb,59.40217,27.438374,84.50224
JVASP-14403,5,Sb,59.401352,27.438374,84.501434
JVASP-78285,0,Mn,0.0,1.6964667,1.6964667
JVASP-78285,1,Mn,0.0,1.6964667,1.6964667
JVASP-78285,2,Mn,0.0,1.6964667,1.6964667
JVASP-78285,3,Mn,0.0,1.6964667,1.6964667
JVASP-78285,4,Sb,0.0,27.438374,27.438374
JVASP-78285,5,Sb,0.0,27.438374,27.438374
JVASP-78285,6,Sb,0.0,27.438374,27.438374
JVASP-78285,7,Sb,0.0,27.438374,27.438374
JVASP-78448,0,Mn,0.0,1.6964667,1.6964667
JVASP-78448,1,Sb,0.0,27.438374,27.438374
JVASP-14530,0,Cd,0.0028284274,15.619623,15.620846
JVASP-14530,1,Te,0.0014142137,68.54225,68.542015
JVASP-16779,0,Cd,17.231873,15.619623,32.779724
JVASP-16779,1,Te,428.02115,68.54225,361.616
JVASP-36179,0,Cd,0.32168618,15.619623,15.299392
JVASP-36179,1,Cd,0.32168618,15.619623,15.299392
JVASP-36179,2,Te,2.9725246,68.54225,71.41992
JVASP-36179,3,Te,2.9725246,68.54225,71.41992
JVASP-23,0,Cd,0.002581989,15.619623,15.617447
JVASP-23,1,Te,0.002,68.54225,68.541954
JVASP-4795,0,Cd,17.231873,15.619623,32.779724
JVASP-4795,1,Te,428.02115,68.54225,361.616
JVASP-22685,0,Cd,0.7837554,15.619623,14.843388
JVASP-22685,1,Cd,0.7837554,15.619623,14.848278
JVASP-22685,2,Te,12.860356,68.54225,81.08186
JVASP-22685,3,Te,12.860356,68.54225,81.106476
JVASP-7757,0,Cd,0.6989211,15.619623,14.9282675
JVASP-7757,1,Cd,0.6989211,15.619623,14.9282675
JVASP-7757,2,Te,12.948002,68.54225,81.18615
JVASP-7757,3,Te,12.948002,68.54225,81.18615
JVASP-7803,0,Cd,121.728874,15.619623,124.634445
JVASP-7803,1,Cd,121.731255,15.619623,127.7289
JVASP-7803,2,Cd,121.728874,15.619623,125.244835
JVASP-7803,3,Te,149.93814,68.54225,173.45093
JVASP-7803,4,Te,149.93687,68.54225,188.12878
JVASP-7803,5,Te,149.93782,68.54225,166.62166
JVASP-79598,0,Cd,0.19228277,15.619623,15.807252
JVASP-79598,1,Cd,0.19228277,15.619623,15.807252
JVASP-79598,2,Cd,0.19228277,15.619623,15.807252
JVASP-79598,3,Cd,0.19228277,15.619623,15.807252
JVASP-79598,4,Te,0.94770986,68.54225,69.45578
JVASP-79598,5,Te,0.94770986,68.54225,69.45578
JVASP-79598,6,Te,0.94770986,68.54225,69.45578
JVASP-79598,7,Te,0.94770986,68.54225,69.45578
JVASP-18509,0,S,35.18631,15.204629,38.64759
JVASP-18509,1,Ag,18.161234,6.9597216,21.3363
JVASP-18509,2,Ag,124.22243,6.9597216,125.82468
JVASP-18509,3,Ag,124.221016,6.9597216,125.82514
JVASP-18509,4,Ag,139.56723,6.9597216,134.58014
JVASP-18509,5,Ag,139.56879,6.9597216,142.25575
JVASP-18509,6,Ag,139.70415,6.9597216,134.71634
JVASP-18509,7,Ag,139.70398,6.9597216,142.39285
JVASP-18509,8,Ag,18.16144,6.9597216,21.341454
JVASP-14225,0,S,35.09929,15.204629,38.552216
JVASP-14225,1,Ag,18.22765,6.9597216,21.403591
JVASP-14225,2,Ag,124.33145,6.9597216,125.932884
JVASP-14225,3,Ag,124.33153,6.9597216,125.93533
JVASP-14225,4,Ag,139.63081,6.9597216,134.64427
JVASP-14225,5,Ag,139.63219,6.9597216,142.3196
JVASP-14225,6,Ag,139.76996,6.9597216,134.78188
JVASP-14225,7,Ag,139.77005,6.9597216,142.46005
JVASP-14225,8,Ag,18.227604,6.9597216,21.40437
JVASP-18885,0,Ag,61.251255,6.9597216,64.61365
JVASP-18885,1,Ag,61.25287,6.9597216,64.31019
JVASP-18885,2,Ag,61.25287,6.9597216,64.31019
JVASP-18885,3,Ag,61.251255,6.9597216,64.61365
JVASP-18885,4,S,90.848595,15.204629,80.715
JVASP-18885,5,S,90.84909,15.204629,81.59699
JVASP-34566,0,Ag,165.3749,6.9597216,162.5384
JVASP-34566,1,Ag,165.3749,6.9597216,162.5384
JVASP-34566,2,Ag,223.3023,6.9597216,226.1543
JVASP-34566,3,Ag,223.3023,6.9597216,223.26068
JVASP-34566,4,S,21.311241,15.204629,32.51539
JVASP-34566,5,S,21.311241,15.204629,32.51539
JVASP-13818,0,Ag,198.65437,6.9597216,199.26463
JVASP-13818,1,Ag,198.65437,6.9597216,196.29196
JVASP-13818,2,Ag,200.68794,6.9597216,199.47914
JVASP-13818,3,Ag,200.68794,6.9597216,200.83797
JVASP-13818,4,S,13.662444,15.204629,24.544384
JVASP-13818,5,S,13.662444,15.204629,24.551628
JVASP-57560,0,Ag,223.29596,6.9597216,223.01855
JVASP-57560,1,Ag,164.7933,6.9597216,162.25623
JVASP-57560,2,Ag,164.7933,6.9597216,162.25594
JVASP-57560,3,Ag,223.29596,6.9597216,225.97334
JVASP-57560,4,S,21.974545,15.204629,33.036533
JVASP-57560,5,S,21.974545,15.204629,33.035294
JVASP-8756,0,Ag,223.34996,6.9597216,221.56967
JVASP-8756,1,Ag,223.32288,6.9597216,221.20834
JVASP-8756,2,Ag,165.55612,6.9597216,170.6051
JVASP-8756,3,Ag,165.54489,6.9597216,170.59315
JVASP-8756,4,S,21.248686,15.204629,8.333325
JVASP-8756,5,S,21.201288,15.204629,8.296309
JVASP-8761,0,Ag,212.84686,6.9597216,208.6713
JVASP-8761,1,Ag,191.39015,6.9597216,190.2358
JVASP-8761,2,Ag,152.73518,6.9597216,153.50317
JVASP-8761,3,Ag,142.01724,6.9597216,141.52992
JVASP-8761,4,Ag,153.15938,6.9597216,155.08563
JVASP-8761,5,Ag,136.96567,6.9597216,139.00888
JVASP-8761,6,S,39.50889,15.204629,52.11031
JVASP-8761,7,S,66.78639,15.204629,69.35166
JVASP-8761,8,S,64.209305,15.204629,70.599014
JVASP-8763,0,Ag,223.3287,6.9597216,218.75002
JVASP-8763,1,Ag,165.56985,6.9597216,171.56682
JVASP-8763,2,Ag,165.54636,6.9597216,171.54346
JVASP-8763,3,Ag,223.49223,6.9597216,222.84761
JVASP-8763,4,S,21.16497,15.204629,6.874033
JVASP-8763,5,S,21.118818,15.204629,6.862012
JVASP-18470,0,Cr,11.534573,3.2921274,12.080746
JVASP-18470,1,Cr,3.9803765,3.2921274,4.6250563
JVASP-18470,2,Cr,3.9803765,3.2921274,4.6250563
JVASP-18470,3,Se,68.429955,29.56337,81.349594
JVASP-18470,4,Se,68.429955,29.56337,81.349594
JVASP-18470,5,Se,46.330173,29.56337,43.077133
JVASP-18470,6,Se,46.330173,29.56337,43.077133
JVASP-20809,0,Cr,6.4577,3.2921274,7.3372474
JVASP-20809,1,Cr,17.858152,3.2921274,18.059942
JVASP-20809,2,Cr,4.3840885,3.2921274,5.562589
JVASP-20809,3,Cr,4.3840885,3.2921274,5.562589
JVASP-20809,4,Se,76.47951,29.56337,69.34676
JVASP-20809,5,Se,76.478516,29.56337,92.12883
JVASP-20809,6,Se,76.47863,29.56337,80.78275
JVASP-20809,7,Se,76.47951,29.56337,69.34676
JVASP-20809,8,Se,76.478516,29.56337,92.12883
JVASP-20809,9,Se,76.47863,29.56337,80.78275
JVASP-28352,0,Cr,62.620796,3.2921274,60.04033
JVASP-28352,1,Se,171.04787,29.56337,142.26837
JVASP-28352,2,Se,171.04787,29.56337,142.26837
JVASP-37900,0,Cr,28.05074,3.2921274,30.729753
JVASP-37900,1,Cr,28.05074,3.2921274,30.729753
JVASP-37900,2,Cr,69.15808,3.2921274,66.57442
JVASP-37900,3,Cr,28.05074,3.2921274,30.729753
JVASP-37900,4,Cr,28.05074,3.2921274,30.729753
JVASP-37900,5,Cr,69.15808,3.2921274,66.57442
JVASP-37900,6,Se,175.53697,29.56337,204.5434
JVASP-37900,7,Se,175.53697,29.56337,204.5434
JVASP-78477,0,Cr,62.288742,3.2921274,59.712402
JVASP-78477,1,Cr,62.288742,3.2921274,59.712402
JVASP-78477,2,Se,176.37213,29.56337,147.59361
JVASP-78477,3,Se,176.37213,29.56337,147.59361
JVASP-78477,4,Se,176.37213,29.56337,147.59361
JVASP-78477,5,Se,176.37213,29.56337,147.59361
JVASP-78938,0,Cr,8.932064,3.2921274,6.627892
JVASP-78938,1,Cr,8.932064,3.2921274,6.627892
JVASP-78938,2,Se,13.017813,29.56337,17.04907
JVASP-78938,3,Se,13.017813,29.56337,17.04907
JVASP-195,0,Cr,13.066395,3.2921274,15.807388
JVASP-195,1,Cr,13.066395,3.2921274,15.807388
JVASP-195,2,Se,74.65555,29.56337,46.155544
JVASP-195,3,Se,74.65555,29.56337,46.155544
JVASP-198,0,Cr,8.39236,3.2921274,6.11557
JVASP-198,1,Cr,8.39236,3.2921274,6.11557
JVASP-198,2,Se,13.739188,29.56337,16.378689
JVASP-198,3,Se,13.739188,29.56337,16.378689
JVASP-539,0,Cr,16.668777,3.2921274,14.19716
JVASP-539,1,Se,46.414158,29.56337,18.554497
JVASP-539,2,Se,46.414158,29.56337,18.554497
JVASP-36397,0,Ag,0.0,6.9597216,6.9597216
JVASP-36397,1,N,0.0,2.1896696,2.1896696
JVASP-36398,0,Ag,7.091273,6.9597216,2.70204
JVASP-36398,1,N,8.73488,2.1896696,8.292154
JVASP-16921,0,Ag,0.0,6.9597216,6.9597216
JVASP-16921,1,N,0.0,2.1896696,2.1896696
JVASP-29665,0,Ag,67.0052,6.9597216,68.865326
JVASP-29665,1,Ag,67.0052,6.9597216,68.865326
JVASP-29665,2,N,39.1955,2.1896696,39.6362
JVASP-29665,3,N,39.1955,2.1896696,39.6362
JVASP-29665,4,N,39.19444,2.1896696,40.535152
JVASP-29665,5,N,26.289413,2.1896696,25.130362
JVASP-29665,6,N,39.19444,2.1896696,40.535152
JVASP-29665,7,N,26.291397,2.1896696,25.982399
JVASP-37095,0,Ag,27.210155,6.9597216,20.92909
JVASP-37095,1,Ag,27.210155,6.9597216,20.92909
JVASP-37095,2,N,7.876743,2.1896696,7.4643407
JVASP-37095,3,N,7.876743,2.1896696,7.4643407
JVASP-37963,0,Ag,5.0337014,6.9597216,11.775916
JVASP-37963,1,Ag,5.0337014,6.9597216,11.775916
JVASP-37963,2,Ag,11.50362,6.9597216,5.697552
JVASP-37963,3,Ag,5.0337014,6.9597216,11.775916
JVASP-37963,4,Ag,5.0337014,6.9597216,11.775916
JVASP-37963,5,Ag,11.50362,6.9597216,5.697552
JVASP-37963,6,N,4.301304,2.1896696,5.419315
JVASP-37963,7,N,4.301304,2.1896696,5.419315
JVASP-78349,0,Ag,0.0,6.9597216,6.9597216
JVASP-78349,1,Ag,0.0,6.9597216,6.9597216
JVASP-78349,2,Ag,0.0,6.9597216,6.9597216
JVASP-78349,3,Ag,0.0,6.9597216,6.9597216
JVASP-78349,4,N,0.0,2.1896696,2.1896696
JVASP-78349,5,N,0.0,2.1896696,2.1896696
JVASP-78349,6,N,0.0,2.1896696,2.1896696
JVASP-78349,7,N,0.0,2.1896696,2.1896696
JVASP-79149,0,Ag,61.58651,6.9597216,61.792885
JVASP-79149,1,Ag,61.58651,6.9597216,58.94801
JVASP-79149,2,Ag,61.58651,6.9597216,61.792885
JVASP-79149,3,Ag,61.58651,6.9597216,58.94801
JVASP-79149,4,N,19.911133,2.1896696,21.039305
JVASP-79149,5,N,19.911133,2.1896696,20.944923
JVASP-79149,6,N,19.911133,2.1896696,21.039305
JVASP-79149,7,N,19.911133,2.1896696,20.944923
JVASP-7993,0,N,39.168167,2.1896696,39.591198
JVASP-7993,1,N,39.16829,2.1896696,40.49468
JVASP-7993,2,N,26.297369,2.1896696,26.007809
JVASP-7993,3,N,26.30048,2.1896696,25.157278
JVASP-7993,4,N,39.168167,2.1896696,39.591198
JVASP-7993,5,N,39.16829,2.1896696,40.49468
JVASP-7993,6,Ag,66.34264,6.9597216,68.24528
JVASP-7993,7,Ag,66.34264,6.9597216,68.24528
JVASP-29376,0,O,41.494328,1.173997,42.407467
JVASP-29376,1,O,41.481678,1.173997,40.571896
JVASP-29376,2,Pb,424.4828,21.544178,422.82526
JVASP-29376,3,O,41.480206,1.173997,40.567673
JVASP-29376,4,Pb,424.55823,21.544178,424.4659
JVASP-29376,5,Pb,424.49118,21.544178,422.86288
JVASP-29376,6,Pb,424.55164,21.544178,424.48895
JVASP-29376,7,O,41.495667,1.173997,42.408215
JVASP-252,0,Pb,264.38242,21.544178,277.25754
JVASP-252,1,Pb,264.38242,21.544178,277.25754
JVASP-252,2,O,4.280892,1.173997,4.5717125
JVASP-252,3,O,4.280892,1.173997,4.5717125
JVASP-29379,0,Pb,56.061474,21.544178,55.02872
JVASP-29379,1,O,0.00244949,1.173997,1.1754086
JVASP-29379,2,Pb,56.369293,21.544178,53.52248
JVASP-29379,3,Pb,56.369293,21.544178,65.08479
JVASP-29379,4,Pb,56.369293,21.544178,66.37808
JVASP-29379,5,O,0.00244949,1.173997,1.1754086
JVASP-29744,0,Pb,793.2853,21.544178,805.7498
JVASP-29744,1,Pb,793.2853,21.544178,805.7498
JVASP-29744,2,Pb,2.5915003,21.544178,23.298601
JVASP-29744,3,Pb,2.5915003,21.544178,23.298601
JVASP-29744,4,O,199.60588,1.173997,199.51381
JVASP-29744,5,O,85.337265,1.173997,85.511055
JVASP-29744,6,O,85.337265,1.173997,85.511055
JVASP-29744,7,O,199.5851,1.173997,199.35658
JVASP-29744,8,O,199.60588,1.173997,199.51381
JVASP-29744,9,O,199.5851,1.173997,199.35658
JVASP-50903,0,Pb,74.23773,21.544178,76.87775
JVASP-50903,1,Pb,148.90616,21.544178,146.55214
JVASP-50903,2,Pb,148.90616,21.544178,146.53033
JVASP-50903,3,Pb,74.23773,21.544178,76.6921
JVASP-50903,4,O,60.129986,1.173997,60.182175
JVASP-50903,5,O,68.152916,1.173997,68.52311
JVASP-50903,6,O,74.12318,1.173997,73.97879
JVASP-50903,7,O,74.12318,1.173997,73.94489
JVASP-50903,8,O,68.152916,1.173997,68.34788
JVASP-50903,9,O,60.129986,1.173997,60.430054
JVASP-78947,0,Pb,10.787696,21.544178,27.508553
JVASP-78947,1,Pb,10.776904,21.544178,26.294111
JVASP-78947,2,O,33.081173,1.173997,33.333813
JVASP-78947,3,O,33.08159,1.173997,33.333813
JVASP-8441,0,Pb,165.71472,21.544178,176.76152
JVASP-8441,1,Pb,165.71472,21.544178,174.98145
JVASP-8441,2,O,164.31505,1.173997,163.3437
JVASP-8441,3,O,164.31505,1.173997,165.17694
JVASP-8441,4,O,164.31505,1.173997,165.17694
JVASP-8441,5,O,164.31505,1.173997,163.3437
JVASP-8454,0,Pb,424.5749,21.544178,435.34665
JVASP-8454,1,Pb,424.5749,21.544178,435.34665
JVASP-8454,2,Pb,424.5749,21.544178,423.69626
JVASP-8454,3,Pb,424.5749,21.544178,423.69626
JVASP-8454,4,O,41.369095,1.173997,41.130554
JVASP-8454,5,O,41.369095,1.173997,41.130554
JVASP-8454,6,O,41.369095,1.173997,41.78337
JVASP-8454,7,O,41.369095,1.173997,41.78337
JVASP-15019,0,O,0.00244949,1.173997,1.1743203
JVASP-15019,1,Nb,0.008717798,15.259404,15.261024
JVASP-14492,0,Nb,77.65945,15.259404,85.426186
JVASP-14492,1,Nb,77.65944,15.259404,62.512257
JVASP-14492,2,Nb,77.65945,15.259404,87.09822
JVASP-14492,3,O,19.989468,1.173997,19.57162
JVASP-14492,4,O,19.98947,1.173997,20.16291
JVASP-14492,5,O,19.989468,1.173997,20.32929
JVASP-14944,0,Nb,30.034155,15.259404,43.60992
JVASP-14944,1,Nb,30.034155,15.259404,43.83685
JVASP-14944,2,O,16.270014,1.173997,15.28497
JVASP-14944,3,O,16.270014,1.173997,17.2853
JVASP-14944,4,O,16.270014,1.173997,15.28497
JVASP-14944,5,O,16.270014,1.173997,17.2853
JVASP-18420,0,Nb,20.346693,15.259404,35.55493
JVASP-18420,1,Nb,20.346693,15.259404,35.55493
JVASP-18420,2,O,51.17474,1.173997,51.327713
JVASP-18420,3,O,51.18127,1.173997,51.33424
JVASP-18420,4,O,51.18127,1.173997,51.33424
JVASP-18420,5,O,51.17474,1.173997,51.327713
JVASP-51419,0,Nb,462.57474,15.259404,447.40866
JVASP-51419,1,O,50.555836,1.173997,50.708958
JVASP-7655,0,O,42.615017,1.173997,42.68949
JVASP-7655,1,O,58.11263,1.173997,58.8778
JVASP-7655,2,O,35.70495,1.173997,35.653973
JVASP-7655,3,O,35.70466,1.173997,35.246086
JVASP-7655,4,O,58.112907,1.173997,57.870438
JVASP-7655,5,Nb,222.01053,15.259404,214.49644
JVASP-7655,6,Nb,222.00507,15.259404,215.3445
JVASP-7819,0,O,14.38408,1.173997,13.994669
JVASP-7819,1,O,14.38408,1.173997,13.994669
JVASP-7819,2,O,62.134262,1.173997,61.712456
JVASP-7819,3,O,66.700806,1.173997,66.29434
JVASP-7819,4,O,66.700806,1.173997,66.29434
JVASP-7819,5,Nb,109.13582,15.259404,117.60803
JVASP-7819,6,Nb,109.13582,15.259404,117.60803
JVASP-12003,0,Nb,20.314844,15.259404,35.522736
JVASP-12003,1,Nb,20.314844,15.259404,35.522736
JVASP-12003,2,O,51.140446,1.173997,51.293404
JVASP-12003,3,O,51.140446,1.173997,51.293404
JVASP-12003,4,O,51.140446,1.173997,51.293404
JVASP-12003,5,O,51.140446,1.173997,51.293404
JVASP-19976,0,Ti,35.981373,1.1299996,35.983093
JVASP-19976,1,Ti,35.981373,1.1299996,35.983093
JVASP-19976,2,Ti,35.981373,1.1299996,35.04042
JVASP-19976,3,Ti,35.981373,1.1299996,35.04042
JVASP-19976,4,Ti,35.981373,1.1299996,36.948524
JVASP-19976,5,Ti,35.981373,1.1299996,36.948524
JVASP-19976,6,Au,0.0,9.827829,9.827829
JVASP-19976,7,Au,0.0,9.827829,9.827829
JVASP-35760,0,Ti,0.7030035,1.1299996,1.767559
JVASP-35760,1,Au,122.7668,9.827829,127.17278
JVASP-35760,2,Au,122.7668,9.827829,127.17278
JVASP-16797,0,Ti,18.92829,1.1299996,19.6096
JVASP-16797,1,Au,44.324932,9.827829,46.859154
JVASP-16797,2,Au,44.324932,9.827829,46.859154
JVASP-16797,3,Au,44.544647,9.827829,41.2063
JVASP-16797,4,Au,44.544647,9.827829,41.2063
JVASP-37033,0,Ti,23.528982,1.1299996,24.49855
JVASP-37033,1,Ti,23.528982,1.1299996,24.49855
JVASP-37033,2,Au,207.75104,9.827829,212.03098
JVASP-37033,3,Au,207.75104,9.827829,212.03098
JVASP-37040,0,Ti,10.973335,1.1299996,11.402205
JVASP-37040,1,Ti,10.973335,1.1299996,11.402205
JVASP-37040,2,Au,153.50774,9.827829,149.02797
JVASP-37040,3,Au,153.50774,9.827829,149.02797
JVASP-7702,0,Ti,0.0,1.1299996,1.1299996
JVASP-7702,1,Au,0.0,9.827829,9.827829
JVASP-78509,0,Ti,1.0247031,1.1299996,2.0734706
JVASP-78509,1,Ti,1.0247031,1.1299996,2.0734706
JVASP-78509,2,Au,122.45081,9.827829,126.85749
JVASP-78509,3,Au,122.45081,9.827829,126.85749
JVASP-78509,4,Au,122.45081,9.827829,126.85749
JVASP-78509,5,Au,122.45081,9.827829,126.85749
JVASP-16451,0,Ti,6.68874,1.1299996,6.7677045
JVASP-16451,1,Ti,6.68874,1.1299996,5.775453
JVASP-16451,2,Ti,6.68874,1.1299996,7.67403
JVASP-16451,3,Au,0.0,9.827829,9.827829
JVASP-18619,0,Mn,30.312038,1.6964667,28.66913
JVASP-18619,1,Mn,30.312038,1.6964667,28.66913
JVASP-18619,2,Au,116.52082,9.827829,118.527145
JVASP-18620,0,Mn,9.002823,1.6964667,7.5542393
JVASP-18620,1,Mn,9.002823,1.6964667,7.5542393
JVASP-18620,2,Au,92.98047,9.827829,90.07276
JVASP-18620,3,Au,19.627563,9.827829,18.66662
JVASP-18620,4,Au,19.627563,9.827829,18.66662
JVASP-18620,5,Au,92.98047,9.827829,90.07276
JVASP-18620,6,Au,99.431274,9.827829,92.2507
JVASP-5785,0,Mn,30.312038,1.6964667,28.66913
JVASP-5785,1,Mn,30.312038,1.6964667,28.66913
JVASP-5785,2,Au,116.52082,9.827829,118.527145
JVASP-16774,0,Mn,10.302313,1.6964667,10.396826
JVASP-16774,1,Au,43.022587,9.827829,40.818924
JVASP-16774,2,Au,43.020756,9.827829,46.190586
JVASP-16774,3,Au,43.020756,9.827829,46.190586
JVASP-16774,4,Au,43.022587,9.827829,40.818924
JVASP-79142,0,Mn,30.913378,1.6964667,29.633703
JVASP-79142,1,Mn,30.913378,1.6964667,29.633703
JVASP-79142,2,Au,109.43585,9.827829,105.72256
JVASP-16449,0,Mn,0.23270153,1.6964667,1.5255318
JVASP-16449,1,Mn,0.23270153,1.6964667,1.5255318
JVASP-16449,2,Au,155.9337,9.827829,160.27457
JVASP-16449,3,Au,155.9337,9.827829,160.27457
JVASP-16449,4,Au,155.9337,9.827829,160.27457
JVASP-16449,5,Au,155.9337,9.827829,160.27457
JVASP-16803,0,Mn,0.0,1.6964667,1.6964667
JVASP-16803,1,Au,0.0,9.827829,9.827829
JVASP-16804,0,Mn,0.46540305,1.6964667,1.3728783
JVASP-16804,1,Au,6.1947594,9.827829,9.17979
JVASP-17169,0,N,0.0,2.1896696,2.1896696
JVASP-17169,1,Ni,0.016673332,5.243039,5.2318187
JVASP-17848,0,Ni,46.9608,5.243039,49.21049
JVASP-17848,1,Ni,46.9608,5.243039,41.975716
JVASP-17848,2,Ni,46.9608,5.243039,50.147648
JVASP-17848,3,Ni,0.0,5.243039,5.243039
JVASP-17848,4,N,0.0,2.1896696,2.1896696
JVASP-20364,0,Ni,77.9953,5.243039,79.76273
JVASP-20364,1,Ni,77.9953,5.243039,77.8939
JVASP-20364,2,Ni,77.99911,5.243039,79.39007
JVASP-20364,3,Ni,77.99911,5.243039,78.803185
JVASP-20364,4,Ni,77.99924,5.243039,77.160484
JVASP-20364,5,Ni,77.99911,5.243039,78.45712
JVASP-20364,6,N,6.1078024,2.1896696,5.786065
JVASP-20364,7,N,6.1078024,2.1896696,5.786065
JVASP-20556,0,Ni,77.993835,5.243039,79.76135
JVASP-20556,1,Ni,77.993835,5.243039,77.8926
JVASP-20556,2,Ni,77.993484,5.243039,79.38461
JVASP-20556,3,Ni,77.993484,5.243039,78.797745
JVASP-20556,4,Ni,77.99412,5.243039,77.15553
JVASP-20556,5,Ni,77.99412,5.243039,78.452286
JVASP-20556,6,N,6.1090274,2.1896696,5.787003
JVASP-20556,7,N,6.1090274,2.1896696,5.787003
JVASP-36336,0,Ni,0.0,5.243039,5.243039
JVASP-36336,1,N,0.0,2.1896696,2.1896696
JVASP-36338,0,Ni,0.00489898,5.243039,5.242261
JVASP-36338,1,N,0.0,2.1896696,2.1896696
JVASP-39385,0,Ni,10.486267,5.243039,15.575519
JVASP-39385,1,Ni,10.486267,5.243039,15.575519
JVASP-39385,2,N,6.588311,2.1896696,6.236851
JVASP-39385,3,N,6.587903,2.1896696,6.2366576
JVASP-8239,0,Ni,52.194683,5.243039,48.008106
JVASP-8239,1,Ni,52.194683,5.243039,47.470802
JVASP-8239,2,N,116.60238,2.1896696,117.02411
JVASP-8239,3,N,116.60238,2.1896696,115.06121
JVASP-329,0,Ti,70.67023,1.1299996,71.63508
JVASP-329,1,Ti,70.67023,1.1299996,71.63508
JVASP-329,2,Se,26.35651,29.56337,55.612747
JVASP-329,3,Se,26.35651,29.56337,55.612747
JVASP-326,0,Ti,29.475119,1.1299996,28.518766
JVASP-326,1,Se,38.080994,29.56337,11.04751
JVASP-326,2,Se,38.080994,29.56337,11.04751
JVASP-332,0,Ti,8.594035,1.1299996,9.574812
JVASP-332,1,Ti,8.594035,1.1299996,9.574812
JVASP-332,2,Se,14.948011,29.56337,44.292652
JVASP-332,3,Se,14.948011,29.56337,44.292652
JVASP-16651,0,Ti,52.916317,1.1299996,53.7632
JVASP-16651,1,Ti,32.342037,1.1299996,31.659008
JVASP-16651,2,Ti,32.34256,1.1299996,32.361115
JVASP-16651,3,Ti,32.34256,1.1299996,32.361115
JVASP-16651,4,Ti,32.342037,1.1299996,31.659008
JVASP-16651,5,Se,37.177643,29.56337,60.686413
JVASP-16651,6,Se,37.177834,29.56337,38.215874
JVASP-16651,7,Se,37.177834,29.56337,38.215874
JVASP-16651,8,Se,37.177643,29.56337,60.686413
JVASP-17184,0,Ti,70.67023,1.1299996,71.63508
JVASP-17184,1,Ti,70.67023,1.1299996,71.63508
JVASP-17184,2,Se,26.35651,29.56337,55.612747
JVASP-17184,3,Se,26.35651,29.56337,55.612747
JVASP-20616,0,Ti,29.475119,1.1299996,28.518766
JVASP-20616,1,Se,38.080994,29.56337,11.04751
JVASP-20616,2,Se,38.080994,29.56337,11.04751
JVASP-79265,0,Ti,12.934531,1.1299996,11.986651
JVASP-79265,1,Ti,12.934531,1.1299996,11.986651
JVASP-79265,2,Se,51.804256,29.56337,80.95284
JVASP-79265,3,Se,51.804256,29.56337,80.95284
JVASP-15849,0,Ti,8.594035,1.1299996,9.574812
JVASP-15849,1,Ti,8.594035,1.1299996,9.574812
JVASP-15849,2,Se,14.948011,29.56337,44.292652
JVASP-15849,3,Se,14.948011,29.56337,44.292652
JVASP-587,0,Nb,91.457825,15.259404,76.306564
JVASP-587,1,Te,125.21547,68.54225,60.745636
JVASP-587,2,Te,125.21547,68.54225,60.745636
JVASP-28371,0,Nb,90.29064,15.259404,75.139854
JVASP-28371,1,Te,124.9154,68.54225,60.459633
JVASP-28371,2,Te,124.9154,68.54225,60.459633
JVASP-18752,0,Nb,103.9288,15.259404,112.0868
JVASP-18752,1,Nb,49.523964,15.259404,38.956627
JVASP-18752,2,Nb,49.52186,15.259404,50.933037
JVASP-18752,3,Nb,49.52186,15.259404,50.933037
JVASP-18752,4,Nb,49.523964,15.259404,38.956627
JVASP-18752,5,Te,108.86023,68.54225,149.26054
JVASP-18752,6,Te,108.86051,68.54225,123.76175
JVASP-18752,7,Te,108.86051,68.54225,123.76175
JVASP-18752,8,Te,108.86023,68.54225,149.26054
JVASP-37750,0,Nb,10.483816,15.259404,25.70638
JVASP-37750,1,Te,7.1365886,68.54225,75.49837
JVASP-56595,0,Nb,29.824987,15.259404,38.979565
JVASP-56595,1,Nb,29.824987,15.259404,14.749226
JVASP-56595,2,Nb,29.824987,15.259404,38.979565
JVASP-56595,3,Nb,29.824987,15.259404,14.749226
JVASP-56595,4,Nb,29.824987,15.259404,40.37563
JVASP-56595,5,Nb,29.824987,15.259404,40.37563
JVASP-56595,6,Te,0.0,68.54225,68.54225
JVASP-56595,7,Te,0.0,68.54225,68.54225
JVASP-59635,0,Nb,4.666278,15.259404,10.632807
JVASP-59635,1,Nb,4.666278,15.259404,10.632807
JVASP-59635,2,Te,502.21643,68.54225,457.39087
JVASP-59635,3,Te,502.2164,68.54225,464.93472
JVASP-59635,4,Te,502.2164,68.54225,464.93472
JVASP-59635,5,Te,502.21643,68.54225,461.31082
JVASP-59635,6,Te,502.2164,68.54225,468.7916
JVASP-59635,7,Te,502.21643,68.54225,457.39087
JVASP-59635,8,Te,502.2164,68.54225,468.7916
JVASP-59635,9,Te,502.21643,68.54225,461.31082
JVASP-7720,0,Nb,57.640896,15.259404,46.75587
JVASP-7720,1,Nb,71.35089,15.259404,62.694366
JVASP-7720,2,Nb,71.35089,15.259404,62.694366
JVASP-7720,3,Te,209.78577,68.54225,146.44542
JVASP-7720,4,Te,209.78577,68.54225,146.44542
JVASP-7720,5,Te,142.38936,68.54225,123.772156
JVASP-7720,6,Te,142.38936,68.54225,123.772156
JVASP-7720,7,Te,169.8282,68.54225,216.27354
JVASP-7720,8,Te,169.8282,68.54225,216.27354
JVASP-15990,0,Sb,428.1177,27.438374,403.6423
JVASP-15990,1,Sb,428.11813,27.438374,409.33246
JVASP-15990,2,Ho,134.82515,5.3662715,137.72147
JVASP-36293,0,Ho,0.0,5.3662715,5.3662715
JVASP-36293,1,Sb,0.0,27.438374,27.438374
JVASP-20368,0,Sb,0.00081649655,27.438374,27.438353
JVASP-20368,1,Ho,0.010583006,5.3662715,5.371577
JVASP-14256,0,Sb,428.1177,27.438374,403.6423
JVASP-14256,1,Sb,428.11813,27.438374,409.33246
JVASP-14256,2,Ho,134.82515,5.3662715,137.72147
JVASP-38612,0,Ho,17.19746,5.3662715,22.441267
JVASP-38612,1,Ho,17.19746,5.3662715,22.441267
JVASP-38612,2,Sb,224.60532,27.438374,214.87994
JVASP-38612,3,Sb,224.6048,27.438374,234.14479
JVASP-38612,4,Sb,224.60532,27.438374,215.06425
JVASP-38612,5,Sb,224.60532,27.438374,214.87994
JVASP-38612,6,Sb,224.6048,27.438374,234.14479
JVASP-38612,7,Sb,224.60532,27.438374,215.06425
JVASP-78816,0,Ho,134.15349,5.3662715,135.86703
JVASP-78816,1,Ho,134.15349,5.3662715,135.86703
JVASP-78816,2,Sb,425.7551,27.438374,400.78867
JVASP-78816,3,Sb,425.7551,27.438374,400.73593
JVASP-78816,4,Sb,425.7551,27.438374,400.78867
JVASP-78816,5,Sb,425.7551,27.438374,400.73593
JVASP-79116,0,Ho,39.842587,5.3662715,45.067528
JVASP-79116,1,Ho,39.842587,5.3662715,45.067528
JVASP-79116,2,Ho,61.37115,5.3662715,66.59002
JVASP-79116,3,Ho,39.842587,5.3662715,45.067528
JVASP-79116,4,Ho,39.842587,5.3662715,45.067528
JVASP-79116,5,Ho,61.37115,5.3662715,66.59002
JVASP-79116,6,Sb,89.873405,27.438374,114.69922
JVASP-79116,7,Sb,89.873405,27.438374,114.69922
JVASP-28348,0,V,50.44807,3.798005,47.193787
JVASP-28348,1,Te,205.33502,68.54225,139.63599
JVASP-28348,2,Te,205.33502,68.54225,139.63599
JVASP-14172,0,V,101.30201,3.798005,101.43218
JVASP-14172,1,V,15.237001,3.798005,16.861847
JVASP-14172,2,V,15.235558,3.798005,14.336104
JVASP-14172,3,V,15.235558,3.798005,14.336104
JVASP-14172,4,V,15.237001,3.798005,16.861847
JVASP-14172,5,Te,140.5707,68.54225,172.94087
JVASP-14172,6,Te,140.57047,68.54225,122.98463
JVASP-14172,7,Te,140.57047,68.54225,122.98463
JVASP-14172,8,Te,140.5707,68.54225,172.94087
JVASP-19598,0,V,10.101014,3.798005,13.605893
JVASP-19598,1,V,10.101014,3.798005,13.605893
JVASP-19598,2,V,17.694637,3.798005,20.908587
JVASP-19598,3,Te,60.03056,68.54225,107.29715
JVASP-19598,4,Te,60.03056,68.54225,107.29715
JVASP-19598,5,Te,50.801586,68.54225,84.91506
JVASP-19598,6,Te,50.801586,68.54225,84.91506
JVASP-16211,0,V,101.30201,3.798005,101.43218
JVASP-16211,1,V,15.235551,3.798005,16.860737
JVASP-16211,2,V,15.235903,3.798005,14.336068
JVASP-16211,3,V,15.235903,3.798005,14.336068
JVASP-16211,4,V,15.235551,3.798005,16.860737
JVASP-16211,5,Te,140.56229,68.54225,172.93457
JVASP-16211,6,Te,140.56311,68.54225,122.97532
JVASP-16211,7,Te,140.56311,68.54225,122.97532
JVASP-16211,8,Te,140.56229,68.54225,172.93457
JVASP-7721,0,V,56.213085,3.798005,54.292274
JVASP-7721,1,V,50.337967,3.798005,49.10334
JVASP-7721,2,V,50.337967,3.798005,49.10334
JVASP-7721,3,Te,216.6496,68.54225,164.37993
JVASP-7721,4,Te,216.6496,68.54225,164.37993
JVASP-7721,5,Te,143.21266,68.54225,144.07658
JVASP-7721,6,Te,143.21266,68.54225,144.07658
JVASP-7721,7,Te,184.97551,68.54225,217.29016
JVASP-7721,8,Te,184.97551,68.54225,217.29016
JVASP-15943,0,V,1.795496,3.798005,2.4076796
JVASP-15943,1,V,1.795496,3.798005,2.4076796
JVASP-15943,2,Te,40.622746,68.54225,30.573298
JVASP-15943,3,Te,40.622746,68.54225,30.573298
JVASP-573,0,V,41.327385,3.798005,38.082676
JVASP-573,1,Te,145.12614,68.54225,80.12224
JVASP-573,2,Te,145.12614,68.54225,80.12224
JVASP-17421,0,Nd,18.221346,2.8276725,16.023525
JVASP-17421,1,Nd,18.221346,2.8276725,16.023525
JVASP-17421,2,Al,2.6788144,1.0875204,3.6785643
JVASP-17421,3,Al,2.6788144,1.0875204,3.6929169
JVASP-17421,4,Al,2.6793215,1.0875204,3.5262592
JVASP-17421,5,Al,2.6793215,1.0875204,3.5262592
JVASP-17421,6,Al,2.6788144,1.0875204,3.6929169
JVASP-17421,7,Al,2.6788144,1.0875204,3.6785643
JVASP-13751,0,Al,2.334716,1.0875204,1.9498364
JVASP-13751,1,Al,14.529949,1.0875204,13.952803
JVASP-13751,2,Al,14.529949,1.0875204,13.952803
JVASP-13751,3,Al,2.334716,1.0875204,1.9498364
JVASP-13751,4,Nd,67.44585,2.8276725,67.164566
JVASP-20470,0,Al,2.334716,1.0875204,1.9498364
JVASP-20470,1,Al,14.529949,1.0875204,13.952803
JVASP-20470,2,Al,14.529949,1.0875204,13.952803
JVASP-20470,3,Al,2.334716,1.0875204,1.9498364
JVASP-20470,4,Nd,67.44585,2.8276725,67.164566
JVASP-38564,0,Nd,170.153,2.8276725,171.94464
JVASP-38564,1,Nd,170.153,2.8276725,170.68268
JVASP-38564,2,Nd,170.153,2.8276725,167.87668
JVASP-38564,3,Al,0.0,1.0875204,1.0875204
JVASP-61788,0,Al,2.8993444,1.0875204,3.9102852
JVASP-61788,1,Al,2.8993444,1.0875204,3.9238062
JVASP-61788,2,Al,2.8966367,1.0875204,3.7637703
JVASP-61788,3,Al,2.8993444,1.0875204,3.9102852
JVASP-61788,4,Al,2.8993444,1.0875204,3.9238062
JVASP-61788,5,Al,2.8966367,1.0875204,3.7637703
JVASP-61788,6,Nd,18.913746,2.8276725,16.713326
JVASP-61788,7,Nd,18.913746,2.8276725,16.713326
JVASP-63362,0,Nd,18.71002,2.8276725,16.5096
JVASP-63362,1,Nd,18.71002,2.8276725,16.5096
JVASP-63362,2,Al,2.8770113,1.0875204,3.885244
JVASP-63362,3,Al,2.8767114,1.0875204,3.7387505
JVASP-63362,4,Al,2.8769207,1.0875204,3.8987346
JVASP-63362,5,Al,2.8770113,1.0875204,3.885244
JVASP-63362,6,Al,2.8767114,1.0875204,3.7387505
JVASP-63362,7,Al,2.8769207,1.0875204,3.8987346
JVASP-16851,0,Nd,0.0,2.8276725,2.8276725
JVASP-16851,1,Al,0.0,1.0875204,1.0875204
JVASP-231,0,Se,116.579994,29.56337,88.97693
JVASP-231,1,Se,112.2907,29.56337,84.71196
JVASP-231,2,Mo,85.74919,41.233887,54.330025
JVASP-28377,0,Mo,86.87727,41.233887,45.72792
JVASP-28377,1,Mo,86.87727,41.233887,45.72792
JVASP-28377,2,Se,117.26198,29.56337,88.562935
JVASP-28377,3,Se,117.26198,29.56337,88.562935
JVASP-28377,4,Se,117.26198,29.56337,88.563675
JVASP-28377,5,Se,117.26198,29.56337,88.563675
JVASP-28414,0,Mo,86.48699,41.233887,45.337902
JVASP-28414,1,Mo,86.48699,41.233887,45.337902
JVASP-28414,2,Se,122.87008,29.56337,94.15859
JVASP-28414,3,Se,113.729805,29.56337,85.040016
JVASP-28414,4,Se,113.729805,29.56337,85.040016
JVASP-28414,5,Se,122.87008,29.56337,94.15859
JVASP-28514,0,Mo,86.74746,41.233887,45.59806
JVASP-28514,1,Mo,86.60171,41.233887,45.452423
JVASP-28514,2,Mo,86.60171,41.233887,45.452423
JVASP-28514,3,Se,114.58223,29.56337,85.89026
JVASP-28514,4,Se,113.85106,29.56337,85.16097
JVASP-28514,5,Se,122.95581,29.56337,94.24413
JVASP-28514,6,Se,114.58182,29.56337,85.88983
JVASP-28514,7,Se,122.95704,29.56337,94.24538
JVASP-28514,8,Se,113.851875,29.56337,85.16177
JVASP-57,0,Mo,87.03405,41.233887,45.884632
JVASP-57,1,Mo,87.03405,41.233887,45.884632
JVASP-57,2,Se,114.835754,29.56337,86.14307
JVASP-57,3,Se,114.835754,29.56337,86.14307
JVASP-57,4,Se,114.835754,29.56337,86.14307
JVASP-57,5,Se,114.835754,29.56337,86.14307
JVASP-56,0,Mo,86.871155,41.233887,45.72174
JVASP-56,1,Mo,86.871155,41.233887,45.72174
JVASP-56,2,Se,121.43672,29.56337,92.72833
JVASP-56,3,Se,121.43672,29.56337,92.72833
JVASP-56,4,Se,121.43672,29.56337,92.72833
JVASP-56,5,Se,121.43672,29.56337,92.72833
JVASP-58,0,Mo,88.0763,41.233887,46.92586
JVASP-58,1,Mo,88.0763,41.233887,46.92586
JVASP-58,2,Se,117.72248,29.56337,89.022644
JVASP-58,3,Se,117.72248,29.56337,89.022644
JVASP-58,4,Se,117.72248,29.56337,89.022644
JVASP-58,5,Se,117.72248,29.56337,89.022644
JVASP-36373,0,Ca,52.923676,1.1291435,53.207577
JVASP-36373,1,C,91.95221,4.4679255,90.153465
JVASP-36373,2,C,91.95221,4.4679255,90.153465
JVASP-36375,0,Ca,65.35973,1.1291435,65.641464
JVASP-36375,1,C,45.540913,4.4679255,43.838562
JVASP-36375,2,C,45.540913,4.4679255,43.838562
JVASP-51697,0,Ca,18.089819,1.1291435,17.344622
JVASP-51697,1,Ca,18.089819,1.1291435,17.344622
JVASP-51697,2,C,93.99761,4.4679255,92.16356
JVASP-51697,3,C,93.99761,4.4679255,92.16356
JVASP-51697,4,C,93.996,4.4679255,92.16239
JVASP-51697,5,C,93.996,4.4679255,92.16239
JVASP-52602,0,Ca,18.341911,1.1291435,17.598597
JVASP-52602,1,Ca,18.341911,1.1291435,17.598597
JVASP-52602,2,C,94.071045,4.4679255,91.76445
JVASP-52602,3,C,94.071045,4.4679255,91.76445
JVASP-52602,4,C,94.071045,4.4679255,91.76445
JVASP-52602,5,C,94.071045,4.4679255,91.76445
JVASP-7816,0,C,96.24477,4.4679255,97.889946
JVASP-7816,1,C,96.244255,4.4679255,94.42828
JVASP-7816,2,C,96.244255,4.4679255,94.42828
JVASP-7816,3,C,96.24477,4.4679255,97.889946
JVASP-7816,4,Ca,21.257172,1.1291435,21.41024
JVASP-7816,5,Ca,21.257172,1.1291435,21.41024
JVASP-8004,0,Ca,52.203526,1.1291435,52.487564
JVASP-8004,1,Ca,52.203526,1.1291435,52.487564
JVASP-8004,2,C,99.41826,4.4679255,97.61256
JVASP-8004,3,C,99.41826,4.4679255,97.61256
JVASP-8004,4,C,99.41826,4.4679255,97.61256
JVASP-8004,5,C,99.41826,4.4679255,97.61256
JVASP-8195,0,C,93.642555,4.4679255,91.29207
JVASP-8195,1,C,93.642555,4.4679255,91.29207
JVASP-8195,2,C,97.14662,4.4679255,95.32301
JVASP-8195,3,C,97.14662,4.4679255,95.32301
JVASP-8195,4,Ca,21.037483,1.1291435,21.096098
JVASP-8195,5,Ca,21.037483,1.1291435,21.096098
JVASP-25353,0,Os,0.04294182,41.308342,41.302578
JVASP-14744,0,Os,73.174835,41.308342,111.6957
JVASP-14744,1,Os,73.174835,41.308342,111.6957
JVASP-84876,0,Os,74.218315,41.308342,112.725105
JVASP-84876,1,Os,74.218315,41.308342,112.725105
JVASP-84975,0,Os,72.70454,41.308342,111.233574
JVASP-84975,1,Os,72.70494,41.308342,111.23403
JVASP-951,0,Os,73.55655,41.308342,112.07092
JVASP-951,1,Os,73.55655,41.308342,112.07092
JVASP-952,0,Os,73.173195,41.308342,111.694084
JVASP-952,1,Os,73.173195,41.308342,111.694084
JVASP-953,0,Os,76.87642,41.308342,115.34855
JVASP-953,1,Os,76.876015,41.308342,115.34809
JVASP-11993,0,Nb,34.003815,15.259404,18.907442
JVASP-11993,1,Nb,11.546895,15.259404,3.9834137
JVASP-11993,2,Nb,11.546895,15.259404,3.9834137
JVASP-11993,3,Ni,12.507097,5.243039,17.586815
JVASP-11991,0,Nb,0.0,15.259404,15.259404
JVASP-11991,1,Ni,13.869011,5.243039,12.808626
JVASP-11991,2,Ni,13.869012,5.243039,18.944515
JVASP-11991,3,Ni,13.869011,5.243039,11.685945
JVASP-19717,0,Nb,40.023327,15.259404,55.24375
JVASP-19717,1,Nb,40.023327,15.259404,55.24375
JVASP-19717,2,Ni,62.7468,5.243039,57.719227
JVASP-19717,3,Ni,62.7468,5.243039,57.719227
JVASP-19717,4,Ni,7.752282,5.243039,6.62978
JVASP-19717,5,Ni,7.752282,5.243039,6.62978
JVASP-19717,6,Ni,7.752282,5.243039,5.619837
JVASP-19717,7,Ni,7.752282,5.243039,5.619837
JVASP-11953,0,Ni,6.235103,5.243039,10.650514
JVASP-11953,1,Ni,60.22494,5.243039,64.09986
JVASP-11953,2,Ni,6.235103,5.243039,10.650514
JVASP-11953,3,Nb,8.40995,15.259404,12.880651
JVASP-11995,0,Nb,20.652466,15.259404,17.54242
JVASP-11995,1,Nb,20.652466,15.259404,35.85993
JVASP-11995,2,Nb,20.652466,15.259404,19.6074
JVASP-11995,3,Ni,0.0,5.243039,5.243039
JVASP-11955,0,Nb,40.0316,15.259404,55.251984
JVASP-11955,1,Nb,40.0316,15.259404,55.251984
JVASP-11955,2,Ni,62.754135,5.243039,57.726555
JVASP-11955,3,Ni,62.754135,5.243039,57.726555
JVASP-11955,4,Ni,7.7502384,5.243039,6.628952
JVASP-11955,5,Ni,7.7502384,5.243039,6.628952
JVASP-11955,6,Ni,7.7502384,5.243039,5.620994
JVASP-11955,7,Ni,7.7502384,5.243039,5.620994
JVASP-16584,0,Nb,8.578114,15.259404,6.796177
JVASP-16584,1,Nb,8.578114,15.259404,6.796177
JVASP-16584,2,Ni,6.0975966,5.243039,11.216365
JVASP-16584,3,Ni,60.205193,5.243039,65.23644
JVASP-16584,4,Ni,6.0975966,5.243039,11.216365
JVASP-16584,5,Ni,6.0975966,5.243039,11.216365
JVASP-16584,6,Ni,60.205193,5.243039,65.23644
JVASP-16584,7,Ni,6.0975966,5.243039,11.216365
JVASP-5599,0,Te,103.43318,68.54225,168.94577
JVASP-5599,1,Te,103.43318,68.54225,168.94577
JVASP-5599,2,Hf,86.99911,15.926846,83.13409
JVASP-5599,3,Hf,86.99911,15.926846,83.13409
JVASP-5599,4,Hf,238.83983,15.926846,234.08676
JVASP-219,0,Hf,115.88251,15.926846,125.19491
JVASP-219,1,Te,25.635544,68.54225,44.03333
JVASP-219,2,Te,25.635544,68.54225,44.03333
JVASP-18506,0,Te,103.43771,68.54225,168.95027
JVASP-18506,1,Te,103.43771,68.54225,168.95027
JVASP-18506,2,Hf,87.00496,15.926846,83.13869
JVASP-18506,3,Hf,87.00496,15.926846,83.13869
JVASP-18506,4,Hf,238.84628,15.926846,234.09271
JVASP-18887,0,Hf,115.86453,15.926846,125.17594
JVASP-18887,1,Te,25.457546,68.54225,44.199467
JVASP-18887,2,Te,25.457546,68.54225,44.199467
JVASP-16868,0,Te,100.84666,68.54225,147.19853
JVASP-16868,1,Te,100.84689,68.54225,127.11408
JVASP-16868,2,Te,100.84689,68.54225,127.11408
JVASP-16868,3,Te,100.84666,68.54225,147.19853
JVASP-16868,4,Hf,106.20419,15.926846,114.60931
JVASP-16868,5,Hf,106.202774,15.926846,112.92455
JVASP-16868,6,Hf,106.202774,15.926846,112.92455
JVASP-16868,7,Hf,106.20419,15.926846,114.60931
JVASP-16868,8,Hf,281.26907,15.926846,266.05844
JVASP-28444,0,Hf,74.83391,15.926846,87.81006
JVASP-28444,1,Hf,74.8336,15.926846,87.80974
JVASP-28444,2,Te,644.9316,68.54225,609.9284
JVASP-28444,3,Te,644.9316,68.54225,609.9284
JVASP-28444,4,Te,90.50822,68.54225,41.584156
JVASP-28444,5,Te,90.50822,68.54225,41.584156
JVASP-28444,6,Te,645.86035,68.54225,602.3451
JVASP-28444,7,Te,645.86035,68.54225,602.3451
JVASP-18007,0,Pb,0.0,21.544178,21.544178
JVASP-18007,1,Se,0.0,29.56337,29.56337
JVASP-21,0,Se,0.0,29.56337,29.56337
JVASP-21,1,Pb,0.0028284274,21.544178,21.5436
JVASP-1116,0,Se,0.0,29.56337,29.56337
JVASP-1116,1,Pb,0.0038297083,21.544178,21.547098
JVASP-37705,0,Pb,28.7219,21.544178,24.122923
JVASP-37705,1,Pb,28.7219,21.544178,24.122316
JVASP-37705,2,Se,579.61975,29.56337,564.81616
JVASP-37705,3,Se,579.61975,29.56337,564.81616
JVASP-37705,4,Se,579.61975,29.56337,563.96265
JVASP-37705,5,Se,579.61975,29.56337,563.96265
JVASP-79490,0,Pb,204.2554,21.544178,186.66551
JVASP-79490,1,Pb,204.2554,21.544178,186.66551
JVASP-79490,2,Pb,204.2554,21.544178,186.66551
JVASP-79490,3,Pb,204.2554,21.544178,186.66551
JVASP-79490,4,Se,13.250777,29.56337,34.829384
JVASP-79490,5,Se,13.250777,29.56337,34.829384
JVASP-79490,6,Se,13.250777,29.56337,34.829384
JVASP-79490,7,Se,13.250777,29.56337,34.829384
JVASP-8506,0,Pb,275.79434,21.544178,288.66034
JVASP-8506,1,Pb,275.79434,21.544178,288.63968
JVASP-8506,2,Pb,275.79434,21.544178,288.66034
JVASP-8506,3,Pb,275.79434,21.544178,288.63968
JVASP-8506,4,Pb,275.79434,21.544178,288.66034
JVASP-8506,5,Pb,275.79434,21.544178,288.63968
JVASP-8506,6,Pb,275.79434,21.544178,288.66034
JVASP-8506,7,Pb,275.79434,21.544178,288.63968
JVASP-8506,8,Se,20.593351,29.56337,49.90608
JVASP-8506,9,Se,20.593351,29.56337,49.870167
JVASP-8506,10,Se,20.593351,29.56337,49.90608
JVASP-8506,11,Se,20.593351,29.56337,49.870167
JVASP-8506,12,Se,20.593351,29.56337,49.90608
JVASP-8506,13,Se,20.593351,29.56337,49.870167
JVASP-8506,14,Se,20.593351,29.56337,49.90608
JVASP-8506,15,Se,20.593351,29.56337,49.870167
JVASP-36417,0,Ta,0.0,34.19568,34.19568
JVASP-36417,1,C,0.0,4.4679255,4.4679255
JVASP-36405,0,Ta,436.0067,34.19568,403.5744
JVASP-36405,1,C,3.1410625,4.4679255,6.4575505
JVASP-36420,0,Ta,0.0,34.19568,34.19568
JVASP-36420,1,C,0.0,4.4679255,4.4679255
JVASP-15733,0,Ta,96.92835,34.19568,65.20129
JVASP-15733,1,Ta,96.92835,34.19568,65.20129
JVASP-15733,2,C,0.1971852,4.4679255,4.5554347
JVASP-20073,0,C,0.0,4.4679255,4.4679255
JVASP-20073,1,Ta,0.02293469,34.19568,34.188698
JVASP-35395,0,Ta,295.1186,34.19568,287.40198
JVASP-35395,1,Ta,295.1186,34.19568,273.32538
JVASP-35395,2,Ta,295.11862,34.19568,327.8511
JVASP-35395,3,Ta,0.0,34.19568,34.19568
JVASP-35395,4,C,6.564633,4.4679255,2.5230393
JVASP-35395,5,C,6.564633,4.4679255,9.743584
JVASP-35395,6,C,6.564633,4.4679255,9.373747
JVASP-14107,0,Cu,66.52268,2.626418,65.22704
JVASP-14107,1,Br,364.1957,43.576878,348.76877
JVASP-14107,2,Br,364.1957,43.576878,348.76877
JVASP-1948,0,Cu,0.017944358,2.626418,2.6222007
JVASP-1948,1,Br,0.0014142137,43.576878,43.576855
JVASP-5176,0,Cu,7.2096653,2.626418,8.637989
JVASP-5176,1,Cu,7.2096653,2.626418,8.637989
JVASP-5176,2,Br,127.52534,43.576878,94.27363
JVASP-5176,3,Br,127.52534,43.576878,94.27363
JVASP-56484,0,Cu,0.0,2.626418,2.626418
JVASP-56484,1,Cu,0.0,2.626418,2.626418
JVASP-56484,2,Cu,0.0,2.626418,2.626418
JVASP-56484,3,Cu,0.0,2.626418,2.626418
JVASP-56484,4,Br,0.0,43.576878,43.576878
JVASP-56484,5,Br,0.0,43.576878,43.576878
JVASP-56484,6,Br,0.0,43.576878,43.576878
JVASP-56484,7,Br,0.0,43.576878,43.576878
JVASP-8582,0,Cu,86.97771,2.626418,85.91968
JVASP-8582,1,Cu,86.97771,2.626418,85.91968
JVASP-8582,2,Br,330.25613,43.576878,367.40387
JVASP-8582,3,Br,330.25613,43.576878,367.40387
JVASP-8762,0,Cu,1.1594251,2.626418,2.389875
JVASP-8762,1,Cu,1.1594251,2.626418,2.389875
JVASP-8762,2,Br,5.2647696,43.576878,48.05764
JVASP-8762,3,Br,5.2647696,43.576878,48.05764
JVASP-13771,0,Ce,176.43184,7.3629155,183.66307
JVASP-13771,1,Pd,129.86404,20.903904,133.82407
JVASP-13771,2,Pd,95.4162,20.903904,116.129456
JVASP-13771,3,Pd,95.4162,20.903904,116.129456
JVASP-13771,4,Pd,129.86404,20.903904,133.80365
JVASP-13771,5,Pd,129.86467,20.903904,129.49896
JVASP-20391,0,Ce,0.0,7.3629155,7.3629155
JVASP-20391,1,Pd,79.36755,20.903904,68.51429
JVASP-20391,2,Pd,79.36755,20.903904,74.14062
JVASP-20391,3,Pd,79.36755,20.903904,100.087494
JVASP-35736,0,Ce,39.858143,7.3629155,32.700397
JVASP-35736,1,Ce,39.858143,7.3629155,32.700397
JVASP-35736,2,Pd,68.12007,20.903904,76.85335
JVASP-35736,3,Pd,68.12007,20.903904,76.85335
JVASP-18177,0,Ce,176.43184,7.3629155,183.66306
JVASP-18177,1,Pd,129.86455,20.903904,129.4983
JVASP-18177,2,Pd,95.4113,20.903904,116.124596
JVASP-18177,3,Pd,95.4113,20.903904,116.124596
JVASP-18177,4,Pd,129.86548,20.903904,133.80447
JVASP-18177,5,Pd,129.86548,20.903904,133.8249
JVASP-78829,0,Ce,299.71057,7.3629155,292.48822
JVASP-78829,1,Ce,299.71057,7.3629155,292.48822
JVASP-78829,2,Pd,184.35432,20.903904,163.71211
JVASP-78829,3,Pd,184.35432,20.903904,163.71211
JVASP-78829,4,Pd,184.35432,20.903904,163.71211
JVASP-78829,5,Pd,184.35432,20.903904,163.71211
JVASP-78965,0,Ce,0.0,7.3629155,7.3629155
JVASP-78965,1,Pd,79.246704,20.903904,74.02398
JVASP-78965,2,Pd,79.24671,20.903904,99.966705
JVASP-78965,3,Pd,79.246704,20.903904,68.396996
JVASP-15069,0,Yb,0.0,4.325258,4.325258
JVASP-15069,1,Au,0.0,9.827829,9.827829
JVASP-19803,0,Yb,29.464998,4.325258,28.625883
JVASP-19803,1,Au,147.02385,9.827829,145.47908
JVASP-19803,2,Au,147.02385,9.827829,145.47908
JVASP-14272,0,Yb,34.79471,4.325258,36.534027
JVASP-14272,1,Au,81.229,9.827829,87.15561
JVASP-14272,2,Au,81.229,9.827829,87.15561
JVASP-14272,3,Au,81.2269,9.827829,75.7731
JVASP-14272,4,Au,81.2269,9.827829,75.7731
JVASP-16453,0,Yb,34.791046,4.325258,36.530373
JVASP-16453,1,Au,81.231575,9.827829,87.15829
JVASP-16453,2,Au,81.231575,9.827829,87.15829
JVASP-16453,3,Au,81.23233,9.827829,75.77838
JVASP-16453,4,Au,81.23233,9.827829,75.77838
JVASP-37500,0,Yb,46.05857,4.325258,42.168957
JVASP-37500,1,Yb,46.05857,4.325258,42.168957
JVASP-37500,2,Au,146.22057,9.827829,151.26164
JVASP-37500,3,Au,146.22014,9.827829,139.36838
JVASP-37500,4,Au,146.22057,9.827829,149.05617
JVASP-37500,5,Au,146.22057,9.827829,151.26164
JVASP-37500,6,Au,146.22017,9.827829,139.36841
JVASP-37500,7,Au,146.22057,9.827829,149.05617
JVASP-62426,0,Yb,45.69286,4.325258,49.631535
JVASP-62426,1,Yb,45.69286,4.325258,49.631535
JVASP-62426,2,Au,144.88423,9.827829,148.51463
JVASP-62426,3,Au,144.88423,9.827829,147.7793
JVASP-62426,4,Au,144.88423,9.827829,148.51463
JVASP-62426,5,Au,144.88423,9.827829,147.7793
JVASP-62426,6,Au,242.13129,9.827829,236.56848
JVASP-62426,7,Au,242.13129,9.827829,236.56848
JVASP-28372,0,Ga,210.36871,4.5793962,214.52025
JVASP-28372,1,Ga,210.36871,4.5793962,214.52025
JVASP-28372,2,P,26.793335,4.940868,23.275072
JVASP-28372,3,P,26.793335,4.940868,23.275072
JVASP-1393,0,P,0.0,4.940868,4.940868
JVASP-1393,1,Ga,0.0040824832,4.5793962,4.582189
JVASP-39523,0,Ga,43.335793,4.5793962,46.84322
JVASP-39523,1,Ga,43.335793,4.5793962,46.84322
JVASP-39523,2,P,54.136593,4.940868,56.496704
JVASP-39523,3,P,54.136593,4.940868,56.496704
JVASP-78755,0,Ga,19.67022,4.5793962,23.892742
JVASP-78755,1,P,67.2336,4.940868,63.572636
JVASP-79624,0,Ga,3.664437,4.5793962,8.04711
JVASP-79624,1,Ga,3.664437,4.5793962,8.04711
JVASP-79624,2,P,5.7832456,4.940868,10.057313
JVASP-79624,3,P,5.7832456,4.940868,10.057313
JVASP-8184,0,Ga,3.6742356,4.5793962,8.056356
JVASP-8184,1,Ga,3.6742356,4.5793962,8.056356
JVASP-8184,2,P,5.7652826,4.940868,10.040301
JVASP-8184,3,P,5.7652826,4.940868,10.040301
JVASP-47210,0,Ba,31.361021,16.451351,39.9774
JVASP-47210,1,Ca,9.160667,1.1291435,8.820887
JVASP-47210,2,I,181.54169,47.949,188.95921
JVASP-47210,3,I,181.09671,47.949,188.47296
JVASP-47210,4,I,192.42145,47.949,199.21593
JVASP-47210,5,I,192.09787,47.949,198.85757
JVASP-50613,0,Ba,14.656978,16.451351,26.416899
JVASP-50613,1,Ca,8.770177,1.1291435,8.07569
JVASP-50613,2,I,55.64344,47.949,73.35779
JVASP-50613,3,I,43.015995,47.949,64.5026
JVASP-50613,4,I,43.015995,47.949,64.5026
JVASP-50613,5,I,55.64344,47.949,73.35779
JVASP-50615,0,Ba,8.077192,16.451351,24.5043
JVASP-50615,1,Ca,0.59645116,1.1291435,1.3981758
JVASP-50615,2,Ca,0.59645116,1.1291435,1.3981758
JVASP-50615,3,I,160.38449,47.949,187.64722
JVASP-50615,4,I,160.38449,47.949,187.64722
JVASP-50615,5,I,160.38481,47.949,166.65082
JVASP-50615,6,I,160.38481,47.949,166.65082
JVASP-50615,7,I,160.38481,47.949,160.45103
JVASP-50615,8,I,160.38481,47.949,160.45103
JVASP-50812,0,Ba,68.50965,16.451351,56.18624
JVASP-50812,1,Ca,12.421053,1.1291435,12.351323
JVASP-50812,2,I,74.65993,47.949,75.51749
JVASP-50812,3,I,95.13866,47.949,93.495094
JVASP-50812,4,I,74.674324,47.949,75.681656
JVASP-50812,5,I,94.969925,47.949,93.340164
JVASP-52288,0,Ba,12.119113,16.451351,28.535583
JVASP-52288,1,Ba,12.119121,16.451351,28.53839
JVASP-52288,2,Ca,6.85124,1.1291435,6.6668787
JVASP-52288,3,I,197.19402,47.949,215.79897
JVASP-52288,4,I,197.25381,47.949,215.85631
JVASP-52288,5,I,197.19519,47.949,221.62086
JVASP-52288,6,I,197.25475,47.949,221.67781
JVASP-52288,7,I,197.09358,47.949,194.61139
JVASP-52288,8,I,197.24008,47.949,194.76668
JVASP-12162,0,Ba,63.461388,16.451351,50.90336
JVASP-12162,1,Ca,7.80662,1.1291435,7.354219
JVASP-12162,2,I,71.629654,47.949,66.27776
JVASP-12162,3,I,100.741066,47.949,102.827286
JVASP-12162,4,I,100.741066,47.949,102.827286
JVASP-12162,5,I,71.629654,47.949,66.27776
JVASP-18031,0,Ba,0.0,16.451351,16.451351
JVASP-18031,1,Pb,0.0,21.544178,21.544178
JVASP-18031,2,O,164.05702,1.173997,164.50854
JVASP-18031,3,O,164.05702,1.173997,163.92145
JVASP-18031,4,O,164.05702,1.173997,163.7527
JVASP-18522,0,Ba,171.68718,16.451351,180.12987
JVASP-18522,1,Ba,171.68718,16.451351,180.75171
JVASP-18522,2,Ba,171.6872,16.451351,155.31732
JVASP-18522,3,Pb,0.0,21.544178,21.544178
JVASP-18522,4,O,0.0,1.173997,1.173997
JVASP-12308,0,O,158.55934,1.173997,158.0838
JVASP-12308,1,O,158.55934,1.173997,158.0838
JVASP-12308,2,O,162.26382,1.173997,163.05464
JVASP-12308,3,O,162.26382,1.173997,163.05464
JVASP-12308,4,O,162.27457,1.173997,162.05322
JVASP-12308,5,O,162.27457,1.173997,162.05322
JVASP-12308,6,Ba,77.751686,16.451351,83.19289
JVASP-12308,7,Ba,77.751686,16.451351,83.19289
JVASP-12308,8,Pb,25.02961,21.544178,17.377987
JVASP-12308,9,Pb,25.025486,21.544178,36.6992
JVASP-12352,0,O,158.86882,1.173997,159.61081
JVASP-12352,1,O,158.86865,1.173997,158.39224
JVASP-12352,2,O,158.86865,1.173997,158.39224
JVASP-12352,3,O,158.86882,1.173997,159.61081
JVASP-12352,4,O,167.71658,1.173997,167.49876
JVASP-12352,5,O,167.71658,1.173997,167.49876
JVASP-12352,6,Ba,113.7565,16.451351,110.896034
JVASP-12352,7,Ba,113.7565,16.451351,110.896034
JVASP-12352,8,Pb,34.58859,21.544178,32.27833
JVASP-12352,9,Pb,34.58859,21.544178,32.27833
JVASP-12417,0,O,162.26619,1.173997,162.42444
JVASP-12417,1,O,162.2666,1.173997,161.4275
JVASP-12417,2,O,162.26619,1.173997,162.42444
JVASP-12417,3,O,162.2666,1.173997,161.4275
JVASP-12417,4,O,158.55736,1.173997,159.34618
JVASP-12417,5,O,158.55736,1.173997,159.34618
JVASP-12417,6,Ba,77.696045,16.451351,81.42237
JVASP-12417,7,Ba,77.696045,16.451351,81.42237
JVASP-12417,8,Pb,24.96256,21.544178,31.084677
JVASP-12417,9,Pb,24.963516,21.544178,15.516453
JVASP-57196,0,Ba,0.0,16.451351,16.451351
JVASP-57196,1,Pb,0.0,21.544178,21.544178
JVASP-57196,2,O,149.12984,1.173997,148.82591
JVASP-57196,3,O,149.12984,1.173997,148.99467
JVASP-57196,4,O,149.12984,1.173997,149.58173
JVASP-17314,0,Cr,43.241497,3.2921274,40.100197
JVASP-17314,1,Cr,43.241497,3.2921274,40.100197
JVASP-17314,2,As,31.861742,16.668182,38.467384
JVASP-17314,3,As,31.861742,16.668182,38.467384
JVASP-17314,4,As,175.94359,16.668182,162.34859
JVASP-17314,5,As,175.94359,16.668182,162.34859
JVASP-17750,0,Cr,29.060747,3.2921274,26.522627
JVASP-17750,1,Cr,29.060747,3.2921274,26.522627
JVASP-17750,2,Cr,25.0395,3.2921274,27.725601
JVASP-17750,3,Cr,25.0395,3.2921274,27.725601
JVASP-17750,4,As,14.221739,16.668182,4.171087
JVASP-17750,5,As,14.221739,16.668182,4.171087
JVASP-63414,0,Cr,28.175255,3.2921274,25.63996
JVASP-63414,1,Cr,28.175255,3.2921274,25.63996
JVASP-63414,2,As,27.793135,16.668182,44.20976
JVASP-63414,3,As,27.793135,16.668182,44.20976
JVASP-79261,0,Cr,28.791302,3.2921274,26.254076
JVASP-79261,1,Cr,28.791302,3.2921274,26.254076
JVASP-79261,2,As,27.859272,16.668182,44.27567
JVASP-79261,3,As,27.859272,16.668182,44.27567
JVASP-8440,0,Cr,27.379211,3.2921274,27.11058
JVASP-8440,1,Cr,27.379211,3.2921274,27.11058
JVASP-8440,2,Cr,27.379211,3.2921274,27.09554
JVASP-8440,3,Cr,27.379211,3.2921274,27.09554
JVASP-8440,4,As,66.55992,16.668182,64.08124
JVASP-8440,5,As,66.55992,16.668182,64.08124
JVASP-8440,6,As,66.55992,16.668182,60.636887
JVASP-8440,7,As,66.55992,16.668182,60.636887
JVASP-8510,0,Cr,45.997704,3.2921274,45.52589
JVASP-8510,1,Cr,45.99734,3.2921274,47.244568
JVASP-8510,2,Cr,45.997704,3.2921274,45.686417
JVASP-8510,3,Cr,11.0695915,3.2921274,13.767502
JVASP-8510,4,Cr,11.06804,3.2921274,13.169482
JVASP-8510,5,Cr,11.0695915,3.2921274,13.826358
JVASP-8510,6,As,58.202324,16.668182,74.55794
JVASP-8510,7,As,58.202324,16.668182,74.55794
JVASP-8510,8,As,73.89008,16.668182,57.737724
JVASP-19672,0,C,9.780977,4.4679255,12.291262
JVASP-19672,1,Y,16.85695,11.128398,22.8456
JVASP-19672,2,Y,16.85695,11.128398,22.8456
JVASP-14651,0,C,83.26549,4.4679255,81.53765
JVASP-14651,1,C,83.26549,4.4679255,81.53765
JVASP-14651,2,Y,142.46033,11.128398,144.7149
JVASP-37003,0,Y,0.0,11.128398,11.128398
JVASP-37003,1,C,0.0,4.4679255,4.4679255
JVASP-37004,0,Y,0.0,11.128398,11.128398
JVASP-37004,1,C,0.0,4.4679255,4.4679255
JVASP-37005,0,Y,0.0,11.128398,11.128398
JVASP-37005,1,C,0.0,4.4679255,4.4679255
JVASP-78352,0,Y,0.0,11.128398,11.128398
JVASP-78352,1,Y,0.0,11.128398,11.128398
JVASP-78352,2,Y,0.0,11.128398,11.128398
JVASP-78352,3,Y,0.0,11.128398,11.128398
JVASP-78352,4,C,0.0,4.4679255,4.4679255
JVASP-78352,5,C,0.0,4.4679255,4.4679255
JVASP-78352,6,C,0.0,4.4679255,4.4679255
JVASP-78352,7,C,0.0,4.4679255,4.4679255
JVASP-19909,0,Zn,0.008485282,10.546378,10.543415
JVASP-19909,1,Te,0.00081649655,68.54225,68.541466
JVASP-1198,0,Zn,0.010392305,10.546378,10.55159
JVASP-1198,1,Te,0.002,68.54225,68.542305
JVASP-54897,0,Zn,0.078,10.546378,10.570621
JVASP-54897,1,Zn,0.07792304,10.546378,10.583352
JVASP-54897,2,Zn,0.07701948,10.546378,10.5733
JVASP-54897,3,Te,0.20703301,68.54225,68.37143
JVASP-54897,4,Te,0.2067559,68.54225,68.37805
JVASP-54897,5,Te,0.20748976,68.54225,68.39258
JVASP-79793,0,Zn,9.66739,10.546378,2.6691492
JVASP-79793,1,Zn,9.66739,10.546378,2.6691492
JVASP-79793,2,Zn,9.66739,10.546378,2.6691492
JVASP-79793,3,Zn,9.66739,10.546378,2.6691492
JVASP-79793,4,Te,55.253017,68.54225,87.29464
JVASP-79793,5,Te,55.253017,68.54225,87.29464
JVASP-79793,6,Te,55.253017,68.54225,87.29464
JVASP-79793,7,Te,55.253017,68.54225,87.29464
JVASP-8186,0,Zn,0.5070759,10.546378,10.043467
JVASP-8186,1,Zn,0.5070759,10.546378,10.043467
JVASP-8186,2,Te,17.62653,68.54225,85.77711
JVASP-8186,3,Te,17.625713,68.54225,85.776306
JVASP-8200,0,Zn,47.0509,10.546378,49.98659
JVASP-8200,1,Zn,47.051567,10.546378,51.236744
JVASP-8200,2,Zn,47.051342,10.546378,50.613163
JVASP-8200,3,Te,139.94122,68.54225,162.80064
JVASP-8200,4,Te,139.942,68.54225,175.16078
JVASP-8200,5,Te,139.94122,68.54225,159.0867
JVASP-34251,0,Sr,103.04435,5.8790126,99.98601
JVASP-34251,1,Sr,103.04435,5.8790126,99.15836
JVASP-34251,2,Hf,12.369107,15.926846,13.932272
JVASP-34251,3,Hf,12.369107,15.926846,13.932272
JVASP-34251,4,O,11.444749,1.173997,10.904594
JVASP-34251,5,O,11.444749,1.173997,11.838159
JVASP-34251,6,O,18.256048,1.173997,18.432661
JVASP-34251,7,O,18.256048,1.173997,18.432661
JVASP-34251,8,O,11.444749,1.173997,11.838159
JVASP-34251,9,O,11.444749,1.173997,10.904594
JVASP-11082,0,O,13.486586,1.173997,13.169128
JVASP-11082,1,O,13.487058,1.173997,14.176782
JVASP-11082,2,O,13.486586,1.173997,13.169128
JVASP-11082,3,O,13.487058,1.173997,14.176782
JVASP-11082,4,O,15.520575,1.173997,15.118402
JVASP-11082,5,O,15.520575,1.173997,15.118402
JVASP-11082,6,Sr,55.035862,5.8790126,57.32938
JVASP-11082,7,Sr,55.035862,5.8790126,57.32938
JVASP-11082,8,Hf,41.766754,15.926846,53.254093
JVASP-11082,9,Hf,41.763702,15.926846,54.198383
JVASP-46005,0,Sr,85.87992,5.8790126,80.74389
JVASP-46005,1,Sr,85.87992,5.8790126,80.74389
JVASP-46005,2,Hf,63.44423,15.926846,56.467693
JVASP-46005,3,O,24.795315,1.173997,24.36207
JVASP-46005,4,O,24.795315,1.173997,25.210724
JVASP-46005,5,O,36.427177,1.173997,36.585472
JVASP-46005,6,O,36.427177,1.173997,36.585472
JVASP-7773,0,Sr,0.00489898,5.8790126,5.883333
JVASP-7773,1,Hf,0.11430952,15.926846,15.988801
JVASP-7773,2,O,24.27526,1.173997,23.851982
JVASP-7773,3,O,24.27526,1.173997,24.609661
JVASP-7773,4,O,24.289143,1.173997,24.456656
JVASP-8061,0,Sr,0.0,5.8790126,5.8790126
JVASP-8061,1,Hf,0.0,15.926846,15.926846
JVASP-8061,2,O,24.281792,1.173997,23.85853
JVASP-8061,3,O,24.281792,1.173997,24.449314
JVASP-8061,4,O,24.281792,1.173997,24.616106
JVASP-9433,0,O,12.172784,1.173997,11.765993
JVASP-9433,1,O,12.1713505,1.173997,12.265261
JVASP-9433,2,O,12.1713505,1.173997,12.265261
JVASP-9433,3,O,12.172784,1.173997,11.765993
JVASP-9433,4,O,19.23291,1.173997,19.488787
JVASP-9433,5,O,19.23291,1.173997,19.488787
JVASP-9433,6,Sr,80.25465,5.8790126,77.12407
JVASP-9433,7,Sr,80.25465,5.8790126,77.12407
JVASP-9433,8,Hf,1.5075822,15.926846,15.976208
JVASP-9433,9,Hf,1.5075822,15.926846,15.976208
JVASP-18357,0,Cl,87.13267,20.642973,88.775
JVASP-18357,1,Cl,87.131546,20.642973,99.668564
JVASP-18357,2,Cl,87.13248,20.642973,81.85694
JVASP-18357,3,Cl,87.131546,20.642973,99.668564
JVASP-18357,4,Cl,87.13267,20.642973,88.775
JVASP-18357,5,Cl,87.13248,20.642973,81.85694
JVASP-18357,6,Ti,16.43066,1.1299996,16.07268
JVASP-18357,7,Ti,16.43066,1.1299996,16.07268
JVASP-5764,0,Ti,3.748421,1.1299996,4.4536657
JVASP-5764,1,Ti,3.748421,1.1299996,4.495404
JVASP-5764,2,Ti,3.748421,1.1299996,4.4536657
JVASP-5764,3,Ti,3.748421,1.1299996,4.495404
JVASP-5764,4,Cl,69.16037,20.642973,66.216705
JVASP-5764,5,Cl,69.16037,20.642973,66.21328
JVASP-5764,6,Cl,69.16037,20.642973,66.216705
JVASP-5764,7,Cl,69.16037,20.642973,66.21328
JVASP-5764,8,Cl,67.73011,20.642973,72.613075
JVASP-5764,9,Cl,67.73011,20.642973,73.56418
JVASP-5764,10,Cl,67.73011,20.642973,72.613075
JVASP-5764,11,Cl,67.73011,20.642973,73.56418
JVASP-5764,12,Cl,68.66113,20.642973,82.227684
JVASP-5764,13,Cl,68.66113,20.642973,80.49943
JVASP-5764,14,Cl,68.66113,20.642973,82.227684
JVASP-5764,15,Cl,68.66113,20.642973,80.49943
JVASP-5764,16,Cl,68.3734,20.642973,63.672405
JVASP-5764,17,Cl,68.3734,20.642973,64.77454
JVASP-5764,18,Cl,68.3734,20.642973,63.672405
JVASP-5764,19,Cl,68.3734,20.642973,64.77454
JVASP-5458,0,Ti,21.603275,1.1299996,20.649342
JVASP-5458,1,Cl,22.269943,20.642973,8.036138
JVASP-5458,2,Cl,22.269943,20.642973,8.036138
JVASP-18485,0,Ti,21.605316,1.1299996,20.651438
JVASP-18485,1,Cl,22.276884,20.642973,8.039382
JVASP-18485,2,Cl,22.276884,20.642973,8.039382
JVASP-12130,0,Ti,14.318084,1.1299996,13.368684
JVASP-12130,1,Ti,14.318084,1.1299996,13.368684
JVASP-12130,2,Cl,88.82227,20.642973,90.255455
JVASP-12130,3,Cl,88.82227,20.642973,90.255455
JVASP-12130,4,Cl,88.82207,20.642973,90.02768
JVASP-12130,5,Cl,88.82131,20.642973,96.89379
JVASP-12130,6,Cl,88.82131,20.642973,96.89379
JVASP-12130,7,Cl,88.82207,20.642973,90.02768
JVASP-54879,0,Ti,77.50063,1.1299996,76.540504
JVASP-54879,1,Ti,77.50063,1.1299996,76.540504
JVASP-54879,2,Cl,77.4619,20.642973,68.041565
JVASP-54879,3,Cl,77.461975,20.642973,77.89293
JVASP-54879,4,Cl,77.4619,20.642973,68.041565
JVASP-54879,5,Cl,77.461975,20.642973,77.89293
JVASP-54879,6,Cl,77.461975,20.642973,80.30952
JVASP-54879,7,Cl,77.461975,20.642973,80.30952
JVASP-14102,0,Si,71.65779,1.7483627,70.6533
JVASP-14102,1,Ti,24.982416,1.1299996,25.5769
JVASP-14968,0,Si,44.8393,1.7483627,45.41339
JVASP-14968,1,Si,44.84017,1.7483627,45.2397
JVASP-14968,2,Si,44.84017,1.7483627,45.2397
JVASP-14968,3,Si,44.8393,1.7483627,45.41339
JVASP-14968,4,Ti,19.760994,1.1299996,19.046896
JVASP-14968,5,Ti,19.760994,1.1299996,19.046896
JVASP-15734,0,Ti,9.156309,1.1299996,8.572193
JVASP-15734,1,Ti,9.156309,1.1299996,8.572193
JVASP-15734,2,Ti,9.156309,1.1299996,8.703652
JVASP-15734,3,Ti,9.156309,1.1299996,8.703652
JVASP-15734,4,Si,17.16807,1.7483627,18.368805
JVASP-15734,5,Si,17.16807,1.7483627,18.368805
JVASP-15734,6,Si,17.16807,1.7483627,16.194332
JVASP-15734,7,Si,17.16807,1.7483627,16.194332
JVASP-18243,0,Ti,24.855152,1.1299996,25.431063
JVASP-18243,1,Ti,24.854368,1.1299996,25.430145
JVASP-18243,2,Si,71.68729,1.7483627,70.68324
JVASP-18243,3,Si,71.68729,1.7483627,70.68315
JVASP-54844,0,Ti,38.807182,1.1299996,38.428886
JVASP-54844,1,Si,31.106524,1.7483627,32.397335
JVASP-54844,2,Si,31.106524,1.7483627,32.397335
JVASP-79554,0,Ti,24.861082,1.1299996,25.962053
JVASP-79554,1,Ti,24.861082,1.1299996,25.962053
JVASP-79554,2,Si,71.614494,1.7483627,72.646866
JVASP-79554,3,Si,71.614494,1.7483627,72.646866
JVASP-36799,0,Au,693.99915,9.827829,698.00256
JVASP-36799,1,O,35.68316,1.173997,35.677372
JVASP-36799,2,O,35.68316,1.173997,35.677372
JVASP-36799,3,Pb,214.15508,21.544178,201.93535
JVASP-36823,0,Pb,254.97108,21.544178,246.27562
JVASP-36823,1,Pb,232.60617,21.544178,228.41544
JVASP-36823,2,Au,667.2393,9.827829,673.2575
JVASP-36823,3,Au,667.2393,9.827829,673.2575
JVASP-36823,4,O,103.324646,1.173997,103.52996
JVASP-36823,5,O,62.006012,1.173997,61.648357
JVASP-36823,6,O,103.324646,1.173997,103.52996
JVASP-36823,7,O,62.006012,1.173997,61.648357
JVASP-36809,0,Pb,205.39845,21.544178,192.18425
JVASP-36809,1,Au,705.32294,9.827829,706.40326
JVASP-36809,2,O,34.544212,1.173997,34.358295
JVASP-36809,3,O,34.544212,1.173997,34.358295
JVASP-36847,0,Pb,409.3477,21.544178,414.82623
JVASP-36847,1,Pb,409.3477,21.544178,414.82623
JVASP-36847,2,Au,321.75543,9.827829,315.85455
JVASP-36847,3,Au,635.1457,9.827829,633.6687
JVASP-36847,4,O,135.9287,1.173997,135.50581
JVASP-36847,5,O,152.13507,1.173997,152.50146
JVASP-36847,6,O,152.13507,1.173997,152.50146
JVASP-36847,7,O,135.9287,1.173997,135.50581
JVASP-36800,0,Pb,205.44319,21.544178,193.93982
JVASP-36800,1,Pb,205.44319,21.544178,193.93982
JVASP-36800,2,Au,702.4867,9.827829,706.63477
JVASP-36800,3,Au,702.4867,9.827829,706.63477
JVASP-36800,4,O,35.910744,1.173997,35.790005
JVASP-36800,5,O,35.910744,1.173997,35.790005
JVASP-36800,6,O,35.910744,1.173997,35.790005
JVASP-36800,7,O,35.910744,1.173997,35.790005
JVASP-34756,0,Ta,19.146029,34.19568,16.996264
JVASP-34756,1,Ta,19.146029,34.19568,16.996264
JVASP-34756,2,Te,495.7127,68.54225,453.89212
JVASP-34756,3,Te,495.7127,68.54225,453.89212
JVASP-34756,4,Te,495.7127,68.54225,461.46136
JVASP-34756,5,Te,495.7127,68.54225,450.02713
JVASP-34756,6,Te,495.7127,68.54225,450.02713
JVASP-34756,7,Te,495.7127,68.54225,461.46136
JVASP-34756,8,Te,495.7127,68.54225,457.66028
JVASP-34756,9,Te,495.7127,68.54225,457.66028
JVASP-29730,0,Ta,157.60017,34.19568,150.31192
JVASP-29730,1,Ta,157.6163,34.19568,150.3227
JVASP-29730,2,Ta,108.69481,34.19568,100.04013
JVASP-29730,3,Te,205.06516,68.54225,138.71512
JVASP-29730,4,Te,205.09026,68.54225,138.74019
JVASP-29730,5,Te,112.33416,68.54225,84.54128
JVASP-29730,6,Te,162.6001,68.54225,217.41826
JVASP-29730,7,Te,162.62398,68.54225,217.4466
JVASP-29730,8,Te,112.34965,68.54225,84.5559
JVASP-597,0,Te,118.28717,68.54225,106.30336
JVASP-597,1,Te,118.28816,68.54225,106.005066
JVASP-597,2,Te,118.28717,68.54225,106.30336
JVASP-597,3,Te,118.28816,68.54225,106.005066
JVASP-597,4,Te,96.13426,68.54225,112.39892
JVASP-597,5,Te,96.13426,68.54225,112.39892
JVASP-597,6,Te,230.16985,68.54225,196.32799
JVASP-597,7,Te,230.16884,68.54225,179.41945
JVASP-597,8,Te,230.16985,68.54225,196.32799
JVASP-597,9,Te,162.30426,68.54225,211.8023
JVASP-597,10,Te,162.30426,68.54225,211.8023
JVASP-597,11,Te,152.76797,68.54225,198.76987
JVASP-597,12,Te,152.76775,68.54225,197.59407
JVASP-597,13,Te,152.76797,68.54225,198.76987
JVASP-597,14,Te,152.76775,68.54225,197.59407
JVASP-597,15,Te,226.71684,68.54225,160.83951
JVASP-597,16,Te,226.71684,68.54225,160.83951
JVASP-597,17,Te,230.16884,68.54225,179.41945
JVASP-597,18,Ta,149.04095,34.19568,129.34084
JVASP-597,19,Ta,149.0385,34.19568,133.63382
JVASP-597,20,Ta,149.04095,34.19568,129.34084
JVASP-597,21,Ta,149.0385,34.19568,133.63382
JVASP-597,22,Ta,174.36272,34.19568,152.85054
JVASP-597,23,Ta,174.36272,34.19568,152.85054
JVASP-597,24,Ta,80.66225,34.19568,68.19216
JVASP-597,25,Ta,80.66225,34.19568,68.19216
JVASP-597,26,Ta,29.844347,34.19568,50.641792
JVASP-537,0,Ta,108.89449,34.19568,105.16938
JVASP-537,1,Ta,157.8397,34.19568,158.17677
JVASP-537,2,Ta,157.8397,34.19568,158.17677
JVASP-537,3,Te,204.96817,68.54225,146.45146
JVASP-537,4,Te,204.96817,68.54225,146.45146
JVASP-537,5,Te,111.30553,68.54225,82.328896
JVASP-537,6,Te,111.30553,68.54225,82.328896
JVASP-537,7,Te,162.61249,68.54225,222.80937
JVASP-537,8,Te,162.61249,68.54225,222.80937
JVASP-29355,0,Ta,176.24802,34.19568,145.99927
JVASP-29355,1,Ta,176.24802,34.19568,145.99927
JVASP-29355,2,Ta,168.28433,34.19568,148.13052
JVASP-29355,3,Ta,168.28433,34.19568,148.13052
JVASP-29355,4,Te,50.166187,68.54225,97.537506
JVASP-29355,5,Te,50.166187,68.54225,97.537506
JVASP-29355,6,Te,106.58106,68.54225,91.022575
JVASP-29355,7,Te,106.58106,68.54225,91.022575
JVASP-29355,8,Te,146.74042,68.54225,149.59799
JVASP-29355,9,Te,146.74042,68.54225,149.59799
JVASP-2106,0,Tl,123.13324,13.684985,112.16723
JVASP-2106,1,Tl,123.13324,13.684985,112.16723
JVASP-2106,2,Tl,123.13324,13.684985,116.476135
JVASP-2106,3,Tl,123.13324,13.684985,116.476135
JVASP-2106,4,F,12.669805,15.800529,15.382095
JVASP-2106,5,F,12.669805,15.800529,15.382095
JVASP-2106,6,F,12.669805,15.800529,12.323493
JVASP-2106,7,F,12.669805,15.800529,12.323493
JVASP-22603,0,Tl,124.0765,13.684985,114.653
JVASP-22603,1,Tl,123.69568,13.684985,114.28941
JVASP-22603,2,Tl,124.0765,13.684985,114.64831
JVASP-22603,3,Tl,123.69568,13.684985,114.27771
JVASP-22603,4,F,7.4355245,15.800529,9.294866
JVASP-22603,5,F,7.386046,15.800529,9.313196
JVASP-22603,6,F,7.386046,15.800529,9.318883
JVASP-22603,7,F,7.4355245,15.800529,9.278385
JVASP-37399,0,Tl,310.28503,13.684985,320.24387
JVASP-37399,1,Tl,310.28503,13.684985,320.24387
JVASP-37399,2,Tl,439.09964,13.684985,429.38864
JVASP-37399,3,F,23.517553,15.800529,38.662914
JVASP-79251,0,Tl,123.829056,13.684985,114.41015
JVASP-79251,1,Tl,123.829056,13.684985,114.41015
JVASP-79251,2,F,7.323158,15.800529,9.370012
JVASP-79251,3,F,7.323158,15.800529,9.370012
JVASP-7988,0,Tl,0.0,13.684985,13.684985
JVASP-7988,1,Tl,0.0,13.684985,13.684985
JVASP-7988,2,Tl,0.0,13.684985,13.684985
JVASP-7988,3,Tl,0.0,13.684985,13.684985
JVASP-7988,4,F,0.0,15.800529,15.800529
JVASP-7988,5,F,0.0,15.800529,15.800529
JVASP-7988,6,F,0.0,15.800529,15.800529
JVASP-7988,7,F,0.0,15.800529,15.800529
JVASP-30163,0,Bi,403.2056,75.36236,328.96848
JVASP-30163,1,Bi,403.2056,75.36236,328.96848
JVASP-30163,2,O,24.98602,1.173997,24.873615
JVASP-30163,3,O,24.98602,1.173997,24.873615
JVASP-30163,4,F,17.295847,15.800529,32.522984
JVASP-30163,5,F,17.295847,15.800529,32.522984
JVASP-22699,0,Bi,30.78649,75.36236,45.21653
JVASP-22699,1,Bi,30.78649,75.36236,45.21653
JVASP-22699,2,O,9.161093,1.173997,9.373375
JVASP-22699,3,O,9.161093,1.173997,9.373375
JVASP-22699,4,F,14.366259,15.800529,5.774628
JVASP-22699,5,F,14.366259,15.800529,5.774628
JVASP-8243,0,Bi,30.812132,75.36236,45.179653
JVASP-8243,1,Bi,30.812132,75.36236,45.179653
JVASP-8243,2,O,9.145578,1.173997,9.358179
JVASP-8243,3,O,9.145578,1.173997,9.358179
JVASP-8243,4,F,14.371973,15.800529,5.771184
JVASP-8243,5,F,14.371973,15.800529,5.771184
JVASP-8574,0,Bi,252.58649,75.36236,178.52556
JVASP-8574,1,Bi,252.58649,75.36236,178.52556
JVASP-8574,2,O,23.346087,1.173997,23.235624
JVASP-8574,3,O,23.346087,1.173997,23.235624
JVASP-8574,4,F,34.017696,15.800529,49.069862
JVASP-8574,5,F,34.017696,15.800529,49.069862
JVASP-12051,0,Bi,230.07323,75.36236,156.06786
JVASP-12051,1,Bi,230.07323,75.36236,156.06786
JVASP-12051,2,Bi,230.07323,75.36236,156.06786
JVASP-12051,3,Bi,230.07323,75.36236,156.06786
JVASP-12051,4,Bi,230.07323,75.36236,156.06786
JVASP-12051,5,Bi,230.07323,75.36236,156.06786
JVASP-12051,6,O,6.674859,1.173997,6.6382823
JVASP-12051,7,O,6.674859,1.173997,6.6382823
JVASP-12051,8,O,6.6736345,1.173997,6.63703
JVASP-12051,9,O,6.6736345,1.173997,6.63703
JVASP-12051,10,O,6.6736345,1.173997,6.63703
JVASP-12051,11,O,6.6736345,1.173997,6.63703
JVASP-12051,12,F,1.8897815,15.800529,17.573898
JVASP-12051,13,F,1.8897815,15.800529,17.573898
JVASP-12051,14,F,1.8893731,15.800529,17.573343
JVASP-12051,15,F,1.8897815,15.800529,17.573898
JVASP-12051,16,F,1.8897815,15.800529,17.573898
JVASP-12051,17,F,1.8893731,15.800529,17.573343
JVASP-22700,0,Rb,0.9259092,7.136503,7.9235015
JVASP-22700,1,Rb,0.9259092,7.136503,7.9235015
JVASP-22700,2,O,0.9210114,1.173997,1.40403
JVASP-50160,0,Rb,0.63870806,7.136503,7.2413845
JVASP-50160,1,Rb,1.1973599,7.136503,7.2158837
JVASP-50160,2,Rb,1.1973599,7.136503,7.1367364
JVASP-50160,3,Rb,0.63870806,7.136503,7.101093
JVASP-50160,4,O,0.940889,1.173997,1.2028338
JVASP-50160,5,O,0.940889,1.173997,1.2281895
JVASP-8148,0,Rb,16.419458,7.136503,20.718456
JVASP-8148,1,Rb,16.419458,7.136503,20.718456
JVASP-8148,2,Rb,16.419458,7.136503,20.718456
JVASP-8148,3,Rb,16.419458,7.136503,20.718456
JVASP-8148,4,O,368.27127,1.173997,368.71732
JVASP-8148,5,O,368.27127,1.173997,368.71732
JVASP-8148,6,O,368.27127,1.173997,368.71732
JVASP-8148,7,O,368.27127,1.173997,368.71732
JVASP-8771,0,Rb,35.805702,7.136503,33.90701
JVASP-8771,1,Rb,35.805702,7.136503,33.90701
JVASP-8771,2,Rb,35.805702,7.136503,33.90701
JVASP-8771,3,Rb,35.805702,7.136503,33.90701
JVASP-8771,4,O,286.1143,1.173997,285.83667
JVASP-8771,5,O,286.1143,1.173997,285.83832
JVASP-8771,6,O,286.1143,1.173997,285.83667
JVASP-8771,7,O,286.1143,1.173997,285.83832
JVASP-8771,8,O,286.1143,1.173997,285.83667
JVASP-8771,9,O,286.1143,1.173997,285.83832
JVASP-8771,10,O,286.1143,1.173997,285.83667
JVASP-8771,11,O,286.1143,1.173997,285.83832
JVASP-16737,0,Rb,12.869619,7.136503,7.979411
JVASP-16737,1,Rb,12.869619,7.136503,7.979411
JVASP-16737,2,O,280.80542,1.173997,280.66812
JVASP-16737,3,O,280.80542,1.173997,280.66812
JVASP-16737,4,O,280.80542,1.173997,280.66812
JVASP-16737,5,O,280.80542,1.173997,280.66812
JVASP-17867,0,Np,0.0,68.16108,68.16108
JVASP-17867,1,As,0.0,16.668182,16.668182
JVASP-17534,0,Np,134.32103,68.16108,193.00739
JVASP-17534,1,Np,134.32103,68.16108,193.00739
JVASP-17534,2,As,104.33765,16.668182,120.659355
JVASP-17534,3,As,104.33765,16.668182,120.659355
JVASP-17534,4,As,276.71396,16.668182,260.4724
JVASP-17534,5,As,276.71396,16.668182,260.4724
JVASP-20612,0,As,0.0,16.668182,16.668182
JVASP-20612,1,Np,0.012247449,68.16108,68.16941
JVASP-79050,0,Np,220.38304,68.16108,277.6863
JVASP-79050,1,Np,220.38304,68.16108,277.6863
JVASP-79050,2,As,141.99692,16.668182,125.78253
JVASP-79050,3,As,141.99692,16.668182,125.78253
JVASP-79050,4,As,361.04907,16.668182,377.3335
JVASP-79050,5,As,141.99692,16.668182,125.78253
JVASP-79050,6,As,141.99692,16.668182,125.78253
JVASP-79050,7,As,361.04907,16.668182,377.3335
JVASP-20424,0,Np,0.0,68.16108,68.16108
JVASP-20424,1,Np,0.0,68.16108,68.16108
JVASP-20424,2,Np,0.0,68.16108,68.16108
JVASP-20424,3,Np,0.0,68.16108,68.16108
JVASP-20424,4,As,0.0,16.668182,16.668182
JVASP-20424,5,As,0.0,16.668182,16.668182
JVASP-20424,6,As,0.0,16.668182,16.668182
JVASP-20424,7,As,0.0,16.668182,16.668182
JVASP-16011,0,Ba,11.222363,16.451351,26.283598
JVASP-16011,1,Ba,11.222363,16.451351,26.283598
JVASP-16011,2,Hg,17.347563,18.195402,23.011787
JVASP-20618,0,Ba,0.0,16.451351,16.451351
JVASP-20618,1,Hg,0.0,18.195402,18.195402
JVASP-40505,0,Ba,2.693214,16.451351,13.772534
JVASP-40505,1,Ba,2.693214,16.451351,13.772534
JVASP-40505,2,Hg,65.79783,18.195402,67.127464
JVASP-40505,3,Hg,65.79704,18.195402,80.585304
JVASP-40505,4,Hg,65.79783,18.195402,67.32854
JVASP-40505,5,Hg,65.79783,18.195402,67.127464
JVASP-40505,6,Hg,65.79704,18.195402,80.585304
JVASP-40505,7,Hg,65.79783,18.195402,67.32854
JVASP-7703,0,Ba,46.436066,16.451351,51.324123
JVASP-7703,1,Ba,46.436066,16.451351,51.324123
JVASP-7703,2,Hg,346.00998,18.195402,353.6268
JVASP-7703,3,Hg,346.00998,18.195402,353.6268
JVASP-7703,4,Hg,346.01016,18.195402,353.41623
JVASP-7703,5,Hg,346.01016,18.195402,353.41623
JVASP-20429,0,Ba,0.0,16.451351,16.451351
JVASP-20429,1,Hg,0.0,18.195402,18.195402
JVASP-16338,0,Fe,5.1129017,2.1271884,4.26638
JVASP-16338,1,Fe,5.1129017,2.1271884,4.26638
JVASP-16338,2,Te,38.445965,68.54225,106.29958
JVASP-16338,3,Te,38.445965,68.54225,106.29958
JVASP-18028,0,Fe,1.7309728,2.1271884,1.8173323
JVASP-18028,1,Fe,1.7309728,2.1271884,1.8173323
JVASP-18028,2,Te,198.74753,68.54225,133.08939
JVASP-18028,3,Te,198.74753,68.54225,133.08939
JVASP-13849,0,Fe,5.1129017,2.1271884,4.26638
JVASP-13849,1,Fe,5.1129017,2.1271884,4.26638
JVASP-13849,2,Te,38.445965,68.54225,106.29958
JVASP-13849,3,Te,38.445965,68.54225,106.29958
JVASP-7925,0,Fe,37.131023,2.1271884,37.957706
JVASP-7925,1,Fe,37.131023,2.1271884,38.261715
JVASP-7925,2,Te,342.67242,68.54225,360.47748
JVASP-7925,3,Te,342.67242,68.54225,360.47748
JVASP-7925,4,Te,342.67242,68.54225,372.34085
JVASP-7925,5,Te,342.67242,68.54225,372.34085
JVASP-5083,0,Fe,1.7293396,2.1271884,1.8168726
JVASP-5083,1,Fe,1.7293396,2.1271884,1.8168726
JVASP-5083,2,Te,198.7516,68.54225,133.09344
JVASP-5083,3,Te,198.7516,68.54225,133.09344
JVASP-20653,0,Te,29.335089,68.54225,40.611393
JVASP-20653,1,Te,29.335089,68.54225,40.611393
JVASP-20653,2,Ir,94.5895,25.960743,71.11588
JVASP-602,0,Te,29.335089,68.54225,40.611393
JVASP-602,1,Te,29.335089,68.54225,40.611393
JVASP-602,2,Ir,94.5895,25.960743,71.11588
JVASP-19753,0,Te,206.32555,68.54225,242.59178
JVASP-19753,1,Te,206.32555,68.54225,242.59178
JVASP-19753,2,Te,265.2898,68.54225,280.7773
JVASP-19753,3,Te,273.32382,68.54225,290.16425
JVASP-19753,4,Te,273.32382,68.54225,290.16425
JVASP-19753,5,Te,265.2898,68.54225,280.7773
JVASP-19753,6,Ir,120.306984,25.960743,121.22471
JVASP-19753,7,Ir,158.92517,25.960743,148.36555
JVASP-19753,8,Ir,158.92517,25.960743,148.36555
JVASP-15917,0,Te,74.14115,68.54225,17.7377
JVASP-15917,1,Te,74.14115,68.54225,17.7377
JVASP-15917,2,Ir,83.91095,25.960743,108.45944
JVASP-15917,3,Ir,83.91095,25.960743,108.45944
JVASP-16346,0,Te,318.18723,68.54225,337.5296
JVASP-16346,1,Te,318.18723,68.54225,342.1173
JVASP-16346,2,Te,318.18723,68.54225,337.5296
JVASP-16346,3,Te,318.18723,68.54225,342.1173
JVASP-16346,4,Ir,127.534966,25.960743,151.95354
JVASP-16346,5,Ir,127.534966,25.960743,151.96936
JVASP-78545,0,Mg,2.492764,0.4287979,2.8360462
JVASP-78545,1,Sb,237.31555,27.438374,213.65623
JVASP-78565,0,Mg,0.0,0.4287979,0.4287979
JVASP-78565,1,Sb,0.0,27.438374,27.438374
JVASP-78581,0,Mg,12.300114,0.4287979,12.633129
JVASP-78581,1,Sb,280.96872,27.438374,257.2404
JVASP-79177,0,Mg,9.009898,0.4287979,8.868032
JVASP-79177,1,Mg,8.868567,0.4287979,9.202157
JVASP-79177,2,Mg,9.713466,0.4287979,9.532037
JVASP-79177,3,Sb,9.968269,27.438374,36.277447
JVASP-85880,0,Mg,1.7628183,0.4287979,1.4587518
JVASP-85880,1,Mg,1.5456306,0.4287979,1.2460991
JVASP-85880,2,Mg,1.5456306,0.4287979,1.2460991
JVASP-85880,3,Sb,46.410484,27.438374,71.69827
JVASP-85880,4,Sb,46.410484,27.438374,71.69827
JVASP-24390,0,Ni,43.304436,5.243039,39.72081
JVASP-24390,1,Ni,43.304436,5.243039,40.43312
JVASP-24390,2,F,135.5679,15.800529,130.96266
JVASP-24390,3,F,135.5679,15.800529,132.17215
JVASP-24390,4,F,135.5679,15.800529,130.96266
JVASP-24390,5,F,135.5679,15.800529,132.17215
JVASP-22615,0,Ni,43.304436,5.243039,44.210945
JVASP-22615,1,Ni,43.304436,5.243039,45.702976
JVASP-22615,2,F,135.5679,15.800529,135.74715
JVASP-22615,3,F,135.5679,15.800529,139.61542
JVASP-22615,4,F,135.5679,15.800529,135.74715
JVASP-22615,5,F,135.5679,15.800529,139.61542
JVASP-22629,0,Ni,43.243427,5.243039,45.641502
JVASP-22629,1,Ni,43.243427,5.243039,44.15065
JVASP-22629,2,F,135.63632,15.800529,135.78879
JVASP-22629,3,F,135.63632,15.800529,139.65805
JVASP-22629,4,F,135.63632,15.800529,135.78879
JVASP-22629,5,F,135.63632,15.800529,139.65805
JVASP-54466,0,F,267.91113,15.800529,265.72345
JVASP-54466,1,F,267.91068,15.800529,276.9191
JVASP-54466,2,F,267.9112,15.800529,264.5988
JVASP-54466,3,F,267.91113,15.800529,265.72345
JVASP-54466,4,F,267.91068,15.800529,276.9191
JVASP-54466,5,F,267.9112,15.800529,264.5988
JVASP-54466,6,Ni,6.793405,5.243039,11.316089
JVASP-54466,7,Ni,23.34098,5.243039,27.55423
JVASP-57160,0,Ni,6.8280787,5.243039,11.335936
JVASP-57160,1,Ni,23.387966,5.243039,27.58259
JVASP-57160,2,F,267.98822,15.800529,265.76688
JVASP-57160,3,F,267.9881,15.800529,277.0479
JVASP-57160,4,F,267.98764,15.800529,264.65195
JVASP-57160,5,F,267.98822,15.800529,265.76688
JVASP-57160,6,F,267.9881,15.800529,277.0479
JVASP-57160,7,F,267.98764,15.800529,264.65195
JVASP-47966,0,Fe,125.8771,2.1271884,125.511696
JVASP-47966,1,Fe,60.633976,2.1271884,61.031567
JVASP-47966,2,O,68.34338,1.173997,67.34289
JVASP-47966,3,O,68.34338,1.173997,67.34289
JVASP-47966,4,F,176.6225,15.800529,173.62273
JVASP-47966,5,F,176.6225,15.800529,173.62273
JVASP-48017,0,Fe,48.072216,2.1271884,48.862717
JVASP-48017,1,Fe,48.072216,2.1271884,48.13158
JVASP-48017,2,O,89.86262,1.173997,89.47583
JVASP-48017,3,O,89.86262,1.173997,90.12543
JVASP-48017,4,F,145.56244,15.800529,141.87538
JVASP-48017,5,F,145.56244,15.800529,145.95912
JVASP-48131,0,Fe,37.045616,2.1271884,37.828293
JVASP-48131,1,Fe,142.2058,2.1271884,143.02214
JVASP-48131,2,O,88.10119,1.173997,88.97812
JVASP-48131,3,O,60.94371,1.173997,59.890083
JVASP-48131,4,O,60.94371,1.173997,59.998623
JVASP-48131,5,F,166.51653,15.800529,166.12779
JVASP-48761,0,Fe,19.775824,2.1271884,21.014746
JVASP-48761,1,Fe,4.0639367,2.1271884,3.6223505
JVASP-48761,2,O,29.915245,1.173997,30.872202
JVASP-48761,3,F,95.22491,15.800529,92.94075
JVASP-48761,4,F,95.22491,15.800529,92.43538
JVASP-48761,5,F,89.20326,15.800529,88.442245
JVASP-48973,0,Fe,106.05663,2.1271884,105.84026
JVASP-48973,1,Fe,106.05588,2.1271884,104.85235
JVASP-48973,2,O,109.34339,1.173997,108.76795
JVASP-48973,3,O,109.343414,1.173997,109.214714
JVASP-48973,4,O,109.343414,1.173997,109.214714
JVASP-48973,5,O,109.34339,1.173997,108.76795
JVASP-48973,6,F,252.4277,15.800529,251.55373
JVASP-48973,7,F,252.4277,15.800529,251.55373
JVASP-66694,0,Be,5.219863,0.38258058,4.916436
JVASP-66694,1,Be,0.058787756,0.38258058,0.33695224
JVASP-66694,2,Fe,38.364723,2.1271884,39.621643
JVASP-66694,3,Pt,48.050827,18.358461,31.218365
JVASP-66819,0,Be,6.825097,0.38258058,6.520475
JVASP-66819,1,Fe,17.54692,2.1271884,16.421534
JVASP-66819,2,Pt,233.75603,18.358461,216.44472
JVASP-77245,0,Be,5.6488743,0.38258058,5.358964
JVASP-77245,1,Be,5.6488743,0.38258058,5.358964
JVASP-77245,2,Be,5.6488743,0.38258058,5.358964
JVASP-77245,3,Be,5.6488743,0.38258058,5.358964
JVASP-77245,4,Fe,69.92898,2.1271884,68.81767
JVASP-77245,5,Fe,69.92898,2.1271884,68.81767
JVASP-77245,6,Pt,229.29694,18.358461,216.79529
JVASP-77245,7,Pt,229.29694,18.358461,216.79529
JVASP-80128,0,Be,4.5291834,0.38258058,4.3946276
JVASP-80128,1,Be,4.5291834,0.38258058,4.3946276
JVASP-80128,2,Fe,24.384638,2.1271884,22.672993
JVASP-80128,3,Fe,24.384638,2.1271884,22.672993
JVASP-80128,4,Pt,127.669,18.358461,111.30053
JVASP-80128,5,Pt,127.669,18.358461,111.30053
JVASP-80128,6,Pt,127.669,18.358461,111.30053
JVASP-80128,7,Pt,127.669,18.358461,111.30053
JVASP-81816,0,Be,6.536851,0.38258058,6.2352376
JVASP-81816,1,Be,6.536851,0.38258058,6.2352376
JVASP-81816,2,Be,6.536851,0.38258058,6.2352376
JVASP-81816,3,Be,6.536851,0.38258058,6.2352376
JVASP-81816,4,Fe,54.168365,2.1271884,52.88763
JVASP-81816,5,Fe,54.168365,2.1271884,52.88763
JVASP-81816,6,Pt,249.23225,18.358461,237.63348
JVASP-81816,7,Pt,249.23225,18.358461,237.63348
JVASP-19693,0,Ag,37.293484,6.9597216,30.958693
JVASP-19693,1,Ag,37.293484,6.9597216,30.958693
JVASP-19693,2,F,75.17036,15.800529,60.731087
JVASP-4549,0,Ag,104.26443,6.9597216,106.67972
JVASP-4549,1,Ag,104.26443,6.9597216,107.026924
JVASP-4549,2,F,213.80873,15.800529,216.52728
JVASP-4549,3,F,213.80873,15.800529,210.70963
JVASP-4549,4,F,213.80873,15.800529,210.70963
JVASP-4549,5,F,213.80873,15.800529,216.52728
JVASP-14897,0,Ag,0.0,6.9597216,6.9597216
JVASP-14897,1,Ag,0.0,6.9597216,6.9597216
JVASP-14897,2,Ag,0.0,6.9597216,6.9597216
JVASP-14897,3,Ag,0.0,6.9597216,6.9597216
JVASP-14897,4,F,0.0,15.800529,15.800529
JVASP-14897,5,F,0.0,15.800529,15.800529
JVASP-14897,6,F,0.0,15.800529,15.800529
JVASP-14897,7,F,0.0,15.800529,15.800529
JVASP-14911,0,Ag,101.901436,6.9597216,104.61165
JVASP-14911,1,Ag,101.901436,6.9597216,104.1303
JVASP-14911,2,F,213.29254,15.800529,210.74658
JVASP-14911,3,F,213.29254,15.800529,216.39357
JVASP-14911,4,F,213.29254,15.800529,216.39357
JVASP-14911,5,F,213.29254,15.800529,210.74658
JVASP-12073,0,Ag,108.23795,6.9597216,107.134575
JVASP-12073,1,Ag,108.23795,6.9597216,105.195244
JVASP-12073,2,Ag,108.23795,6.9597216,105.96757
JVASP-12073,3,Ag,108.23795,6.9597216,103.24545
JVASP-12073,4,F,207.50227,15.800529,213.88504
JVASP-12073,5,F,207.50227,15.800529,213.72978
JVASP-12073,6,F,207.50227,15.800529,215.66287
JVASP-12073,7,F,207.50227,15.800529,213.40154
JVASP-12073,8,F,207.50227,15.800529,213.40154
JVASP-12073,9,F,207.50227,15.800529,215.66287
JVASP-12073,10,F,207.50227,15.800529,213.72978
JVASP-12073,11,F,207.50227,15.800529,213.88504
JVASP-34250,0,C,4.6359234,4.4679255,7.8444843
JVASP-34250,1,K,54.303467,3.9006114,54.720455
JVASP-34250,2,O,166.77814,1.173997,166.60896
JVASP-34250,3,K,89.05622,3.9006114,85.49678
JVASP-34250,4,O,181.93611,1.173997,181.22234
JVASP-34250,5,K,84.08918,3.9006114,84.18392
JVASP-34250,6,O,188.95651,1.173997,189.50945
JVASP-34250,7,O,188.95808,1.173997,189.2636
JVASP-34250,8,K,84.09031,3.9006114,85.96586
JVASP-34262,0,K,0.08328266,3.9006114,3.8931766
JVASP-34262,1,K,0.08328266,3.9006114,3.901833
JVASP-34262,2,K,0.08328266,3.9006114,3.9017158
JVASP-34262,3,K,0.08328266,3.9006114,3.9092593
JVASP-34262,4,C,0.0,4.4679255,4.4679255
JVASP-34262,5,O,199.22923,1.173997,199.49338
JVASP-34262,6,O,199.22923,1.173997,200.12617
JVASP-34262,7,O,199.22923,1.173997,198.75154
JVASP-34262,8,O,199.22923,1.173997,198.55582
JVASP-34258,0,O,190.59602,1.173997,190.37627
JVASP-34258,1,K,61.59338,3.9006114,59.9563
JVASP-34258,2,O,190.59798,1.173997,190.44417
JVASP-34258,3,K,61.622105,3.9006114,58.06134
JVASP-34258,4,C,0.5489778,4.4679255,4.4528494
JVASP-34258,5,K,61.5922,3.9006114,63.319668
JVASP-34258,6,K,61.62047,3.9006114,61.551437
JVASP-34258,7,O,190.61128,1.173997,189.93536
JVASP-34258,8,O,190.61406,1.173997,191.6152
JVASP-34229,0,K,59.651936,3.9006114,58.78163
JVASP-34229,1,K,59.677856,3.9006114,61.187122
JVASP-34229,2,O,192.49423,1.173997,193.50632
JVASP-34229,3,O,192.49432,1.173997,192.40123
JVASP-34229,4,O,192.50269,1.173997,191.83186
JVASP-34229,5,K,59.651505,3.9006114,58.624493
JVASP-34229,6,C,0.4140483,4.4679255,4.3118606
JVASP-34229,7,O,192.48415,1.173997,192.23341
JVASP-34229,8,K,59.62853,3.9006114,56.045994
JVASP-34227,0,K,69.39472,3.9006114,68.709206
JVASP-34227,1,O,184.97668,1.173997,184.79573
JVASP-34227,2,K,69.395836,3.9006114,71.24706
JVASP-34227,3,K,69.401505,3.9006114,71.34106
JVASP-34227,4,K,69.40321,3.9006114,66.23204
JVASP-34227,5,C,0.83189183,4.4679255,3.9770505
JVASP-34227,6,O,184.9863,1.173997,185.80109
JVASP-34227,7,O,184.97583,1.173997,184.54018
JVASP-34227,8,O,184.98518,1.173997,184.89264
JVASP-36821,0,Na,4.4306574,0.84107655,4.6520114
JVASP-36821,1,Na,4.4306574,0.84107655,4.6520114
JVASP-36821,2,Cu,124.758286,2.626418,122.37866
JVASP-36821,3,Cu,124.758286,2.626418,122.37866
JVASP-36821,4,O,150.72165,1.173997,150.87074
JVASP-36821,5,O,150.72165,1.173997,150.87074
JVASP-36821,6,O,150.72165,1.173997,150.89055
JVASP-36821,7,O,150.72165,1.173997,150.89055
JVASP-49871,0,Na,12.417566,0.84107655,12.951845
JVASP-49871,1,Cu,85.69817,2.626418,86.343376
JVASP-49871,2,Cu,85.69817,2.626418,86.343376
JVASP-49871,3,O,175.80821,1.173997,175.8279
JVASP-49871,4,O,176.61815,1.173997,177.06981
JVASP-49871,5,O,175.80821,1.173997,175.8279
JVASP-50332,0,Na,27.551054,0.84107655,26.891218
JVASP-50332,1,Na,27.551054,0.84107655,26.891218
JVASP-50332,2,Na,27.551054,0.84107655,26.891218
JVASP-50332,3,Na,27.551054,0.84107655,26.891218
JVASP-50332,4,Cu,29.341928,2.626418,31.84161
JVASP-50332,5,Cu,29.341928,2.626418,31.84161
JVASP-50332,6,O,64.766335,1.173997,64.3298
JVASP-50332,7,O,64.766335,1.173997,64.3298
JVASP-50332,8,O,64.766335,1.173997,64.3298
JVASP-50332,9,O,64.766335,1.173997,64.3298
JVASP-55130,0,Na,15.292447,0.84107655,14.9469185
JVASP-55130,1,Cu,3.1618938,2.626418,3.5522466
JVASP-55130,2,O,17.475891,1.173997,17.721136
JVASP-55130,3,O,17.475891,1.173997,17.721136
JVASP-8060,0,Na,19.771036,0.84107655,18.968132
JVASP-8060,1,Na,19.771036,0.84107655,18.968132
JVASP-8060,2,Cu,147.75172,2.626418,145.73366
JVASP-8060,3,Cu,147.75172,2.626418,145.73366
JVASP-8060,4,O,149.51208,1.173997,149.22227
JVASP-8060,5,O,149.51208,1.173997,149.22227
JVASP-8060,6,O,149.51208,1.173997,149.22227
JVASP-8060,7,O,149.51208,1.173997,149.22227
JVASP-17511,0,Sm,15.779613,14.72507,2.0385938
JVASP-17511,1,Sm,15.779613,14.72507,2.0385938
JVASP-17511,2,Sm,25.815989,14.72507,40.479595
JVASP-17511,3,Sm,25.815989,14.72507,40.479595
JVASP-17511,4,In,13.46607,6.7296906,19.675993
JVASP-17511,5,In,13.46607,6.7296906,19.675993
JVASP-17571,0,Sm,0.0,14.72507,14.72507
JVASP-17571,1,In,146.50888,6.7296906,142.89987
JVASP-17571,2,In,146.50888,6.7296906,144.40724
JVASP-17571,3,In,146.50888,6.7296906,152.50114
JVASP-17663,0,Sm,0.0,14.72507,14.72507
JVASP-17663,1,In,0.0,6.7296906,6.7296906
JVASP-18001,0,Sm,164.2089,14.72507,172.41283
JVASP-18001,1,Sm,164.2089,14.72507,149.58974
JVASP-18001,2,Sm,164.2089,14.72507,171.5835
JVASP-18001,3,In,0.0,6.7296906,6.7296906
JVASP-36056,0,Sm,70.26914,14.72507,64.848526
JVASP-36056,1,Sm,70.26531,14.72507,65.445564
JVASP-36056,2,Sm,70.26531,14.72507,65.706
JVASP-36056,3,Sm,70.26914,14.72507,64.848526
JVASP-36056,4,Sm,70.26531,14.72507,65.445564
JVASP-36056,5,Sm,70.26531,14.72507,65.706
JVASP-36056,6,In,1.0079653,6.7296906,7.636685
JVASP-36056,7,In,1.0079653,6.7296906,7.636685
JVASP-49783,0,Y,34.375324,11.128398,29.008293
JVASP-49783,1,Y,34.375324,11.128398,29.008293
JVASP-49783,2,Cu,8.1625185,2.626418,9.556847
JVASP-49783,3,O,153.31068,1.173997,153.76733
JVASP-49783,4,O,7.155776,1.173997,7.1122284
JVASP-49783,5,O,153.31068,1.173997,152.98747
JVASP-49783,6,O,7.155776,1.173997,7.1122284
JVASP-8028,0,Y,131.80092,11.128398,125.364006
JVASP-8028,1,Y,131.80092,11.128398,125.364006
JVASP-8028,2,Cu,91.56479,2.626418,92.68729
JVASP-8028,3,Cu,91.56479,2.626418,92.68729
JVASP-8028,4,O,59.776123,1.173997,59.64779
JVASP-8028,5,O,59.776123,1.173997,59.64779
JVASP-8028,6,O,59.776123,1.173997,59.64779
JVASP-8028,7,O,59.776123,1.173997,59.64779
JVASP-8116,0,O,59.869587,1.173997,59.671978
JVASP-8116,1,O,59.869587,1.173997,59.671978
JVASP-8116,2,Cu,91.3581,2.626418,92.076065
JVASP-8116,3,Y,131.38934,11.128398,128.53134
JVASP-8258,0,Y,0.0,11.128398,11.128398
JVASP-8258,1,Cu,0.0,2.626418,2.626418
JVASP-8258,2,O,136.21368,1.173997,136.07895
JVASP-8258,3,O,136.21368,1.173997,136.66594
JVASP-8258,4,O,136.21368,1.173997,135.91016
JVASP-8362,0,Y,131.39032,11.128398,127.80809
JVASP-8362,1,Cu,91.33859,2.626418,92.141365
JVASP-8362,2,O,59.87298,1.173997,59.697205
JVASP-8362,3,O,59.87298,1.173997,59.697205
JVASP-29425,0,Tl,117.776726,13.684985,112.38904
JVASP-29425,1,Tl,117.89325,13.684985,119.73951
JVASP-29425,2,Tl,110.20955,13.684985,116.17942
JVASP-29425,3,Tl,118.0605,13.684985,119.934746
JVASP-29425,4,Tl,117.891075,13.684985,112.50598
JVASP-29425,5,Tl,117.779205,13.684985,119.62863
JVASP-29425,6,Tl,110.23382,13.684985,108.32289
JVASP-29425,7,Tl,110.49382,13.684985,108.61586
JVASP-29425,8,Tl,110.49574,13.684985,116.481705
JVASP-29425,9,Tl,110.23267,13.684985,100.26578
JVASP-29425,10,Tl,118.05954,13.684985,112.66087
JVASP-29425,11,Tl,117.77693,13.684985,112.3364
JVASP-29425,12,Tl,118.059364,13.684985,112.64612
JVASP-29425,13,Tl,110.20564,13.684985,100.22665
JVASP-29425,14,Tl,117.891045,13.684985,112.470955
JVASP-29425,15,Tl,110.492966,13.684985,100.517265
JVASP-29425,16,Tl,110.20773,13.684985,108.308815
JVASP-29425,17,Tl,110.23537,13.684985,116.18958
JVASP-29425,18,S,21.620256,15.204629,22.926414
JVASP-29425,19,S,21.632715,15.204629,22.93633
JVASP-29425,20,S,32.408825,15.204629,31.97463
JVASP-29425,21,S,19.882582,15.204629,21.637955
JVASP-29425,22,S,32.408077,15.204629,31.980013
JVASP-29425,23,S,19.88226,15.204629,21.596903
JVASP-29425,24,S,32.408432,15.204629,31.961039
JVASP-29425,25,S,19.883099,15.204629,21.625208
JVASP-29425,26,S,21.625072,15.204629,22.930506
JVASP-50057,0,Tl,63.367073,13.684985,60.085587
JVASP-50057,1,Tl,63.153862,13.684985,60.133648
JVASP-50057,2,Tl,64.252625,13.684985,70.831154
JVASP-50057,3,Tl,62.949112,13.684985,69.28171
JVASP-50057,4,Tl,63.48442,13.684985,69.87715
JVASP-50057,5,Tl,62.193687,13.684985,68.68892
JVASP-50057,6,S,14.215695,15.204629,25.922634
JVASP-8034,0,S,150.52005,15.204629,157.786
JVASP-8034,1,S,150.5194,15.204629,142.10875
JVASP-8034,2,S,150.51921,15.204629,142.1086
JVASP-8034,3,S,150.52005,15.204629,157.786
JVASP-8034,4,Tl,10.212567,13.684985,15.387599
JVASP-8034,5,Tl,10.211836,13.684985,15.387082
JVASP-8034,6,Tl,145.2218,13.684985,148.51251
JVASP-8034,7,Tl,145.2218,13.684985,148.51251
JVASP-12062,0,Tl,47.709938,13.684985,58.311516
JVASP-12062,1,Tl,77.58269,13.684985,68.433105
JVASP-12062,2,Tl,47.709938,13.684985,58.311516
JVASP-12062,3,Tl,77.58269,13.684985,68.433105
JVASP-12062,4,Tl,47.709938,13.684985,58.311516
JVASP-12062,5,Tl,77.58269,13.684985,68.433105
JVASP-12062,6,S,7.7428374,15.204629,7.6795917
JVASP-12062,7,S,7.7428374,15.204629,7.6795917
JVASP-12062,8,S,7.7428374,15.204629,7.6795917
JVASP-12062,9,S,7.7428374,15.204629,7.6795917
JVASP-12062,10,S,7.7428374,15.204629,7.6795917
JVASP-12062,11,S,7.7428374,15.204629,7.6795917
JVASP-16279,0,Tl,0.0,13.684985,13.684985
JVASP-16279,1,S,0.0,15.204629,15.204629
JVASP-12922,0,H,37.289337,4.494067,33.818844
JVASP-12922,1,H,37.291847,4.494067,37.18639
JVASP-12922,2,H,48.823208,4.494067,52.156597
JVASP-12922,3,H,50.284233,4.494067,49.998714
JVASP-12922,4,O,99.477066,1.173997,99.80789
JVASP-12922,5,O,99.466774,1.173997,99.22223
JVASP-12922,6,O,139.31122,1.173997,139.1905
JVASP-12922,7,O,133.03552,1.173997,133.33824
JVASP-12922,8,Cd,37.539734,15.619623,33.76299
JVASP-12922,9,Cd,37.55659,15.619623,36.374596
JVASP-54670,0,Cd,37.509632,15.619623,35.426357
JVASP-54670,1,Cd,37.724598,15.619623,37.076424
JVASP-54670,2,H,50.309925,4.494067,50.9018
JVASP-54670,3,H,48.836693,4.494067,52.592995
JVASP-54670,4,H,37.318264,4.494067,34.79105
JVASP-54670,5,H,37.337986,4.494067,34.999714
JVASP-54670,6,O,133.02142,1.173997,133.39798
JVASP-54670,7,O,139.29027,1.173997,138.82512
JVASP-54670,8,O,99.347984,1.173997,99.16699
JVASP-54670,9,O,99.42317,1.173997,99.82234
JVASP-29803,0,Cd,51.992867,15.619623,36.603382
JVASP-29803,1,H,49.046135,4.494067,45.03006
JVASP-29803,2,H,49.046135,4.494067,45.03006
JVASP-29803,3,O,132.42064,1.173997,132.28606
JVASP-29803,4,O,132.42064,1.173997,132.28606
JVASP-29804,0,Cd,126.802734,15.619623,111.36723
JVASP-29804,1,H,43.902206,4.494067,39.89148
JVASP-29804,2,H,50.036953,4.494067,46.01996
JVASP-29804,3,O,118.6692,1.173997,118.53522
JVASP-29804,4,O,119.557144,1.173997,119.42311
JVASP-29805,0,Cd,51.883865,15.619623,36.494617
JVASP-29805,1,H,49.05593,4.494067,45.03985
JVASP-29805,2,H,49.05593,4.494067,45.03985
JVASP-29805,3,O,132.46635,1.173997,132.33177
JVASP-29805,4,O,132.46635,1.173997,132.33177
JVASP-36623,0,Mg,0.0,0.4287979,0.4287979
JVASP-36623,1,V,0.0,3.798005,3.798005
JVASP-36623,2,O,8.784686,1.173997,8.723199
JVASP-36623,3,O,8.784686,1.173997,9.296197
JVASP-36623,4,O,8.784686,1.173997,8.551812
JVASP-22559,0,Mg,2.7896187,0.4287979,2.9599836
JVASP-22559,1,Mg,2.7896187,0.4287979,2.9592898
JVASP-22559,2,V,80.867966,3.798005,83.266945
JVASP-22559,3,V,80.867966,3.798005,83.26691
JVASP-22559,4,O,25.061075,1.173997,25.034975
JVASP-22559,5,O,25.061075,1.173997,25.285936
JVASP-22559,6,O,25.060318,1.173997,25.034163
JVASP-22559,7,O,25.060318,1.173997,25.285282
JVASP-22559,8,O,4.849952,1.173997,4.536737
JVASP-22559,9,O,4.849952,1.173997,4.536913
JVASP-27139,0,Mg,2.0512562,0.4287979,2.2298176
JVASP-27139,1,Mg,2.0512562,0.4287979,2.23116
JVASP-27139,2,V,64.18809,3.798005,66.68162
JVASP-27139,3,V,64.18809,3.798005,66.68159
JVASP-27139,4,O,29.02303,1.173997,29.02786
JVASP-27139,5,O,29.02303,1.173997,29.297026
JVASP-27139,6,O,29.023102,1.173997,29.027912
JVASP-27139,7,O,29.023102,1.173997,29.297077
JVASP-27139,8,O,5.819403,1.173997,5.468783
JVASP-27139,9,O,5.819403,1.173997,5.4686365
JVASP-8263,0,Mg,12.05796,0.4287979,12.088005
JVASP-8263,1,V,19.55573,3.798005,17.86338
JVASP-8263,2,V,17.720844,3.798005,14.977503
JVASP-8263,3,O,61.535683,1.173997,61.808155
JVASP-8263,4,O,61.522472,1.173997,61.922523
JVASP-8263,5,O,61.53481,1.173997,61.672752
JVASP-8263,6,O,61.52265,1.173997,61.825333
JVASP-8263,7,O,12.721189,1.173997,13.148623
JVASP-8263,8,O,18.143284,1.173997,18.02073
JVASP-8324,0,Mg,20.163664,0.4287979,20.139877
JVASP-8324,1,V,37.243694,3.798005,34.208668
JVASP-8324,2,V,65.56143,3.798005,62.755253
JVASP-8324,3,O,36.116013,1.173997,35.640457
JVASP-8324,4,O,36.116074,1.173997,35.685
JVASP-8324,5,O,41.859463,1.173997,42.310562
JVASP-8324,6,O,36.12836,1.173997,35.633858
JVASP-8324,7,O,36.111004,1.173997,35.770535
JVASP-8324,8,O,135.3561,1.173997,134.90468
JVASP-18692,0,Ga,52.99854,4.5793962,51.637836
JVASP-18692,1,Ga,52.99854,4.5793962,51.637836
JVASP-18692,2,Dy,39.110394,4.4875207,38.877575
JVASP-18692,3,Dy,39.110394,4.4875207,38.877575
JVASP-37901,0,Dy,130.33653,4.4875207,134.47392
JVASP-37901,1,Dy,130.33653,4.4875207,128.45679
JVASP-37901,2,Dy,130.33653,4.4875207,128.21414
JVASP-37901,3,Ga,0.0,4.5793962,4.5793962
JVASP-41304,0,Dy,4.2498684,4.4875207,1.7699077
JVASP-41304,1,Dy,4.2498684,4.4875207,1.7699077
JVASP-41304,2,Ga,2.0794952,4.5793962,6.0296717
JVASP-41304,3,Ga,2.0794952,4.5793962,6.044537
JVASP-41304,4,Ga,2.0781333,4.5793962,6.511123
JVASP-41304,5,Ga,2.0794952,4.5793962,6.0296717
JVASP-41304,6,Ga,2.0794952,4.5793962,6.044537
JVASP-41304,7,Ga,2.0781333,4.5793962,6.511123
JVASP-56469,0,Dy,0.0,4.4875207,4.4875207
JVASP-56469,1,Ga,88.96302,4.5793962,93.12615
JVASP-56469,2,Ga,88.96302,4.5793962,88.28532
JVASP-56469,3,Ga,88.96302,4.5793962,85.67025
JVASP-7942,0,Dy,15.837178,4.4875207,20.0408
JVASP-7942,1,Ga,1.390087,4.5793962,5.8663707
JVASP-7942,2,Ga,1.390087,4.5793962,5.8663707
JVASP-36120,0,Hf,0.0,15.926846,15.926846
JVASP-36120,1,Pd,60.641197,20.903904,81.372246
JVASP-36120,2,Pd,60.6412,20.903904,50.538567
JVASP-36120,3,Pd,60.6412,20.903904,56.279625
JVASP-36007,0,Hf,0.0,15.926846,15.926846
JVASP-36007,1,Pd,0.0,20.903904,20.903904
JVASP-36131,0,Hf,43.36848,15.926846,58.492294
JVASP-36131,1,Hf,43.36848,15.926846,58.492294
JVASP-36131,2,Pd,120.71192,20.903904,128.71835
JVASP-36131,3,Pd,120.71192,20.903904,128.71835
JVASP-41361,0,Hf,31.20853,15.926846,23.53126
JVASP-41361,1,Pd,43.340183,20.903904,63.23421
JVASP-41361,2,Pd,43.340183,20.903904,63.23421
JVASP-41361,3,Pd,74.28911,20.903904,70.59131
JVASP-41361,4,Pd,45.421463,20.903904,36.841503
JVASP-41361,5,Pd,45.421463,20.903904,36.841503
JVASP-16542,0,Hf,83.16426,15.926846,75.76848
JVASP-16542,1,Hf,83.16426,15.926846,75.76848
JVASP-16542,2,Hf,83.16426,15.926846,75.76848
JVASP-16542,3,Hf,83.16426,15.926846,75.76848
JVASP-16542,4,Pd,69.93293,20.903904,90.65789
JVASP-16542,5,Pd,69.93293,20.903904,90.65789
JVASP-20082,0,Ta,89.03406,34.19568,122.04802
JVASP-20082,1,B,2.9124432,5.024234,2.1298282
JVASP-20082,2,B,2.9124432,5.024234,2.1298282
JVASP-15898,0,B,3.6460025,5.024234,7.878394
JVASP-15898,1,B,3.6460025,5.024234,7.878394
JVASP-15898,2,B,3.1724231,5.024234,3.27348
JVASP-15898,3,B,3.1724231,5.024234,3.27348
JVASP-15898,4,Ta,52.490192,34.19568,51.674778
JVASP-15898,5,Ta,52.490192,34.19568,51.674778
JVASP-15898,6,Ta,124.09085,34.19568,95.897995
JVASP-20079,0,B,4.3352427,5.024234,6.126138
JVASP-20079,1,B,4.3352427,5.024234,6.126138
JVASP-20079,2,Ta,68.495926,34.19568,55.168705
JVASP-20079,3,Ta,68.495926,34.19568,55.168705
JVASP-19601,0,B,19.976908,5.024234,21.381767
JVASP-19601,1,B,19.976908,5.024234,21.381767
JVASP-19601,2,Ta,73.509476,34.19568,65.206345
JVASP-19601,3,Ta,73.51663,34.19568,99.54434
JVASP-19601,4,Ta,73.509476,34.19568,65.206345
JVASP-19601,5,Ta,73.51663,34.19568,99.54434
JVASP-21887,0,Ta,56.43951,34.19568,89.615
JVASP-21887,1,Ta,56.43951,34.19568,89.615
JVASP-21887,2,Ta,37.183605,34.19568,68.29072
JVASP-21887,3,Ta,37.183605,34.19568,65.36868
JVASP-21887,4,Ta,37.183605,34.19568,65.36868
JVASP-21887,5,Ta,37.183605,34.19568,68.29072
JVASP-21887,6,B,2.0597017,5.024234,4.3473988
JVASP-21887,7,B,2.0597017,5.024234,4.3182626
JVASP-21887,8,B,2.0597017,5.024234,4.3182626
JVASP-21887,9,B,2.0597017,5.024234,4.3473988
JVASP-36009,0,V,0.0,3.798005,3.798005
JVASP-36009,1,Co,0.0,1.0717598,1.0717598
JVASP-19769,0,V,37.661724,3.798005,34.506504
JVASP-19769,1,V,37.661724,3.798005,34.506504
JVASP-19769,2,V,37.661724,3.798005,37.77573
JVASP-19769,3,V,37.661724,3.798005,37.77573
JVASP-19769,4,V,37.661724,3.798005,40.99739
JVASP-19769,5,V,37.661724,3.798005,40.99739
JVASP-19769,6,Co,0.0,1.0717598,1.0717598
JVASP-19769,7,Co,0.0,1.0717598,1.0717598
JVASP-36654,0,V,0.0,3.798005,3.798005
JVASP-36654,1,Co,3.8220205,1.0717598,3.0643208
JVASP-36654,2,Co,3.8220205,1.0717598,4.3930907
JVASP-36654,3,Co,3.8220205,1.0717598,4.310478
JVASP-78408,0,V,0.0,3.798005,3.798005
JVASP-78408,1,Co,0.0,1.0717598,1.0717598
JVASP-30026,0,V,99.39417,3.798005,102.70348
JVASP-30026,1,Co,38.394016,1.0717598,37.55523
JVASP-30026,2,Co,38.394016,1.0717598,37.683174
JVASP-30026,3,Co,38.395084,1.0717598,37.65158
JVASP-25387,0,Re,87.10557,20.045204,75.96905
JVASP-25387,1,Re,35.869213,20.045204,28.038883
JVASP-25387,2,Re,35.869213,20.045204,28.038883
JVASP-25352,0,Re,0.03931921,20.045204,20.021076
JVASP-980,0,Re,70.779236,20.045204,60.040363
JVASP-980,1,Re,70.779236,20.045204,60.040363
JVASP-981,0,Re,75.16831,20.045204,64.29811
JVASP-981,1,Re,75.16831,20.045204,64.29811
JVASP-982,0,Re,73.98194,20.045204,63.1379
JVASP-982,1,Re,73.98194,20.045204,63.1379
JVASP-19701,0,Mn,0.0031622779,1.6964667,1.6943884
JVASP-19701,1,Te,0.0,68.54225,68.54225
JVASP-36328,0,Mn,0.0,1.6964667,1.6964667
JVASP-36328,1,Te,0.0,68.54225,68.54225
JVASP-14699,0,Mn,44.877098,1.6964667,46.18969
JVASP-14699,1,Mn,44.877098,1.6964667,46.18969
JVASP-14699,2,Te,74.29793,68.54225,17.804636
JVASP-14699,3,Te,74.29793,68.54225,17.804636
JVASP-53303,0,Mn,62.17592,1.6964667,63.297646
JVASP-53303,1,Mn,74.84638,1.6964667,75.34995
JVASP-53303,2,Mn,74.849335,1.6964667,75.35295
JVASP-53303,3,Mn,62.17899,1.6964667,63.30075
JVASP-53303,4,Te,47.718357,68.54225,99.527985
JVASP-53303,5,Te,65.53955,68.54225,39.95313
JVASP-53303,6,Te,47.7259,68.54225,99.54266
JVASP-53303,7,Te,65.53492,68.54225,39.948742
JVASP-80098,0,Mn,44.86608,1.6964667,46.17869
JVASP-80098,1,Mn,44.86608,1.6964667,46.17869
JVASP-80098,2,Te,74.264854,68.54225,17.789963
JVASP-80098,3,Te,74.264854,68.54225,17.789963
JVASP-19699,0,Cd,9.029584,15.619623,19.275934
JVASP-19699,1,Cd,9.029584,15.619623,19.275934
JVASP-19699,2,Au,19.430523,9.827829,13.378663
JVASP-19699,3,Au,19.430523,9.827829,13.378663
JVASP-15047,0,Cd,0.0,15.619623,15.619623
JVASP-15047,1,Au,0.0,9.827829,9.827829
JVASP-4340,0,Cd,9.029584,15.619623,19.275934
JVASP-4340,1,Cd,9.029584,15.619623,19.275934
JVASP-4340,2,Au,19.429987,9.827829,13.377881
JVASP-4340,3,Au,19.429987,9.827829,13.377881
JVASP-41341,0,Cd,0.086959764,15.619623,15.705762
JVASP-41341,1,Cd,0.08656019,15.619623,15.705434
JVASP-41341,2,Au,51.62857,9.827829,55.334328
JVASP-41341,3,Au,51.630054,9.827829,43.857346
JVASP-41341,4,Au,51.62857,9.827829,53.326427
JVASP-41341,5,Au,51.62857,9.827829,55.334328
JVASP-41341,6,Au,51.630054,9.827829,43.857346
JVASP-41341,7,Au,51.62857,9.827829,53.326427
JVASP-19648,0,Cd,0.0,15.619623,15.619623
JVASP-19648,1,Au,66.660416,9.827829,71.346344
JVASP-19648,2,Au,66.660416,9.827829,58.690723
JVASP-19648,3,Au,66.660416,9.827829,71.314026
JVASP-19765,0,V,16.257263,3.798005,13.198624
JVASP-19765,1,V,16.257263,3.798005,13.198624
JVASP-19765,2,V,16.257263,3.798005,16.619545
JVASP-19765,3,V,16.257263,3.798005,16.619545
JVASP-19765,4,V,16.257263,3.798005,19.640709
JVASP-19765,5,V,16.257263,3.798005,19.640709
JVASP-19765,6,Rh,0.0,12.903096,12.903096
JVASP-19765,7,Rh,0.0,12.903096,12.903096
JVASP-39547,0,V,25.957403,3.798005,25.831097
JVASP-39547,1,V,25.957403,3.798005,25.831097
JVASP-39547,2,V,25.957403,3.798005,25.831097
JVASP-39547,3,V,25.957403,3.798005,25.831097
JVASP-39547,4,Rh,30.28888,12.903096,36.703407
JVASP-39547,5,Rh,30.28888,12.903096,36.703407
JVASP-39547,6,Rh,30.28888,12.903096,36.703407
JVASP-39547,7,Rh,30.28888,12.903096,36.703407
JVASP-40039,0,V,16.796152,3.798005,13.635733
JVASP-40039,1,V,16.796152,3.798005,13.635733
JVASP-40039,2,Rh,33.78512,12.903096,44.123493
JVASP-40039,3,Rh,33.790154,12.903096,45.597965
JVASP-40039,4,Rh,33.790154,12.903096,45.449844
JVASP-40039,5,Rh,33.78512,12.903096,44.123493
JVASP-40039,6,Rh,33.789997,12.903096,45.59778
JVASP-40039,7,Rh,33.789997,12.903096,45.449654
JVASP-19616,0,V,0.0,3.798005,3.798005
JVASP-19616,1,Rh,31.275902,12.903096,43.98876
JVASP-19616,2,Rh,31.275902,12.903096,24.97979
JVASP-19616,3,Rh,31.275902,12.903096,29.580648
JVASP-19640,0,V,4.6540303,3.798005,8.168591
JVASP-19640,1,Rh,63.201736,12.903096,50.634445
JVASP-18373,0,H,0.0,4.494067,4.494067
JVASP-18373,1,Br,0.0,43.576878,43.576878
JVASP-51343,0,H,18.385231,4.494067,18.877462
JVASP-51343,1,H,18.385231,4.494067,18.569475
JVASP-51343,2,H,18.385231,4.494067,18.877462
JVASP-51343,3,H,18.385231,4.494067,18.569475
JVASP-51343,4,Br,710.70374,43.576878,686.99945
JVASP-51343,5,Br,710.70374,43.576878,688.33765
JVASP-51343,6,Br,710.70374,43.576878,686.99945
JVASP-51343,7,Br,710.70374,43.576878,688.33765
JVASP-51393,0,H,11.741221,4.494067,7.9228706
JVASP-51393,1,H,11.741221,4.494067,7.9228706
JVASP-51393,2,Br,841.58185,43.576878,805.57794
JVASP-51393,3,Br,841.58185,43.576878,805.57794
JVASP-8757,0,H,18.33362,4.494067,20.816833
JVASP-8757,1,H,18.33362,4.494067,20.807983
JVASP-8757,2,H,18.33362,4.494067,20.817064
JVASP-8757,3,H,18.33362,4.494067,20.807617
JVASP-8757,4,Br,710.1343,43.576878,733.02563
JVASP-8757,5,Br,710.1343,43.576878,734.02313
JVASP-8757,6,Br,710.1343,43.576878,734.0184
JVASP-8757,7,Br,710.1343,43.576878,733.0273
JVASP-4705,0,Au,64.38606,9.827829,69.05855
JVASP-4705,1,Au,64.38606,9.827829,69.05855
JVASP-4705,2,Se,117.35995,29.56337,88.66094
JVASP-4705,3,Se,117.35995,29.56337,88.66094
JVASP-1423,0,Se,156.88115,29.56337,163.46074
JVASP-1423,1,Se,156.88115,29.56337,163.46074
JVASP-1423,2,Au,439.07275,9.827829,437.74402
JVASP-1423,3,Au,708.3848,9.827829,712.36694
JVASP-29620,0,Au,433.71222,9.827829,432.61057
JVASP-29620,1,Au,433.71222,9.827829,432.61057
JVASP-29620,2,Au,663.41583,9.827829,665.59326
JVASP-29620,3,Au,663.41583,9.827829,665.59326
JVASP-29620,4,Se,179.5812,29.56337,150.8703
JVASP-29620,5,Se,182.6018,29.56337,156.80591
JVASP-29620,6,Se,182.6018,29.56337,156.80591
JVASP-29620,7,Se,179.5812,29.56337,150.8703
JVASP-16302,0,Au,64.386475,9.827829,69.05874
JVASP-16302,1,Au,64.386475,9.827829,69.05874
JVASP-16302,2,Se,117.35995,29.56337,88.66099
JVASP-16302,3,Se,117.35995,29.56337,88.66099
JVASP-34241,0,O,232.65416,1.173997,232.74641
JVASP-34241,1,K,11.993659,3.9006114,12.903123
JVASP-34241,2,O,232.66086,1.173997,233.21872
JVASP-34241,3,O,232.66008,1.173997,232.47305
JVASP-34241,4,Cl,366.38934,20.642973,369.0157
JVASP-34761,0,K,13.295732,3.9006114,14.925891
JVASP-34761,1,K,13.295732,3.9006114,14.925891
JVASP-34761,2,Cl,352.48715,20.642973,360.61884
JVASP-34761,3,Cl,352.48715,20.642973,360.61884
JVASP-34761,4,O,230.83096,1.173997,230.98544
JVASP-34761,5,O,230.83096,1.173997,230.33139
JVASP-34761,6,O,230.83096,1.173997,230.98544
JVASP-34761,7,O,230.83096,1.173997,230.33139
JVASP-34761,8,O,232.34424,1.173997,232.90605
JVASP-34761,9,O,232.34424,1.173997,232.90605
JVASP-53363,0,K,100.31875,3.9006114,98.980515
JVASP-53363,1,K,100.28745,3.9006114,99.54157
JVASP-53363,2,K,100.28745,3.9006114,99.543434
JVASP-53363,3,K,106.83286,3.9006114,109.51269
JVASP-53363,4,K,106.832855,3.9006114,109.512985
JVASP-53363,5,K,100.229195,3.9006114,98.89013
JVASP-53363,6,Cl,3.300157,20.642973,20.703516
JVASP-53363,7,Cl,3.300673,20.642973,20.427238
JVASP-53363,8,O,1.8947185,1.173997,1.9523
JVASP-53363,9,O,1.8947185,1.173997,1.9486098
JVASP-8748,0,O,309.73843,1.173997,309.93988
JVASP-8748,1,O,309.73843,1.173997,309.93988
JVASP-8748,2,O,309.73923,1.173997,309.27966
JVASP-8748,3,O,309.73923,1.173997,309.27966
JVASP-8748,4,Cl,648.56726,20.642973,666.8708
JVASP-8748,5,Cl,648.56726,20.642973,666.8708
JVASP-8748,6,K,12.224095,3.9006114,11.577241
JVASP-8748,7,K,12.224095,3.9006114,10.940049
JVASP-76857,0,Ca,8.649585,1.1291435,9.006863
JVASP-76857,1,Ca,8.649585,1.1291435,9.006863
JVASP-76857,2,Ca,8.649585,1.1291435,9.006863
JVASP-76857,3,Ca,8.649585,1.1291435,9.006863
JVASP-76857,4,Tl,224.7535,13.684985,216.96358
JVASP-76857,5,Tl,224.7535,13.684985,216.96358
JVASP-76857,6,Hg,60.563206,18.195402,49.385033
JVASP-76857,7,Hg,60.563206,18.195402,49.385033
JVASP-76876,0,Ca,11.173551,1.1291435,11.406166
JVASP-76876,1,Ca,11.173551,1.1291435,11.406166
JVASP-76876,2,Tl,583.21155,13.684985,584.8693
JVASP-76876,3,Tl,583.21155,13.684985,584.8693
JVASP-76876,4,Hg,60.63212,18.195402,52.253452
JVASP-76876,5,Hg,60.63212,18.195402,52.253452
JVASP-76876,6,Hg,60.63212,18.195402,52.253452
JVASP-76876,7,Hg,60.63212,18.195402,52.253452
JVASP-81080,0,Ca,8.649585,1.1291435,9.006863
JVASP-81080,1,Ca,8.649585,1.1291435,9.006863
JVASP-81080,2,Ca,8.649585,1.1291435,9.006863
JVASP-81080,3,Ca,8.649585,1.1291435,9.006863
JVASP-81080,4,Tl,224.7535,13.684985,216.96358
JVASP-81080,5,Tl,224.7535,13.684985,216.96358
JVASP-81080,6,Hg,60.563206,18.195402,49.385033
JVASP-81080,7,Hg,60.563206,18.195402,49.385033
JVASP-81120,0,Ca,11.089541,1.1291435,11.318465
JVASP-81120,1,Ca,11.089541,1.1291435,11.318465
JVASP-81120,2,Tl,582.89453,13.684985,584.5298
JVASP-81120,3,Tl,582.89453,13.684985,584.5298
JVASP-81120,4,Hg,60.73729,18.195402,52.21611
JVASP-81120,5,Hg,60.73729,18.195402,52.21611
JVASP-81120,6,Hg,60.73729,18.195402,52.21611
JVASP-81120,7,Hg,60.73729,18.195402,52.21611
JVASP-86171,0,Ba,11.341138,16.451351,5.271004
JVASP-86171,1,Ba,11.341138,16.451351,5.271004
JVASP-86171,2,Sb,321.01666,27.438374,297.24277
JVASP-86171,3,Sb,321.01666,27.438374,297.24277
JVASP-86171,4,Au,493.5489,9.827829,489.53885
JVASP-86171,5,Au,493.5489,9.827829,489.53885
JVASP-86773,0,Ba,11.341138,16.451351,5.271004
JVASP-86773,1,Ba,11.341138,16.451351,5.271004
JVASP-86773,2,Sb,321.01666,27.438374,297.24277
JVASP-86773,3,Sb,321.01666,27.438374,297.24277
JVASP-86773,4,Au,493.5489,9.827829,489.53885
JVASP-86773,5,Au,493.5489,9.827829,489.53885
JVASP-86905,0,Ba,19.053064,16.451351,24.556955
JVASP-86905,1,Ba,19.053064,16.451351,24.556955
JVASP-86905,2,Sb,269.7571,27.438374,247.44601
JVASP-86905,3,Sb,269.7571,27.438374,247.44601
JVASP-86905,4,Sb,53.640823,27.438374,67.67354
JVASP-86905,5,Sb,53.640823,27.438374,67.67354
JVASP-86905,6,Au,31.388504,9.827829,26.341162
JVASP-86905,7,Au,134.21733,9.827829,140.49963
JVASP-86905,8,Au,134.21733,9.827829,140.49963
JVASP-86905,9,Au,31.388504,9.827829,26.341162
JVASP-16341,0,Ba,36.28184,16.451351,19.964796
JVASP-16341,1,Ba,36.28184,16.451351,19.964796
JVASP-16341,2,Sb,212.4026,27.438374,188.79698
JVASP-16341,3,Sb,212.4026,27.438374,188.79698
JVASP-16341,4,Au,18.707977,9.827829,24.487856
JVASP-16341,5,Au,18.707977,9.827829,24.487856
JVASP-34266,0,O,348.0064,1.173997,347.7668
JVASP-34266,1,O,348.00568,1.173997,347.99622
JVASP-34266,2,O,348.00598,1.173997,348.4028
JVASP-34266,3,O,348.00558,1.173997,348.29303
JVASP-34266,4,Al,84.86131,1.0875204,84.587364
JVASP-34266,5,P,434.42484,4.940868,433.64536
JVASP-4564,0,O,123.03632,1.173997,123.6135
JVASP-4564,1,O,123.03721,1.173997,122.51814
JVASP-4564,2,O,123.03689,1.173997,122.72733
JVASP-4564,3,O,123.03716,1.173997,123.205666
JVASP-4564,4,Al,0.44187102,1.0875204,1.277061
JVASP-4564,5,P,2.7303512,4.940868,5.3963656
JVASP-4828,0,O,127.382706,1.173997,127.597176
JVASP-4828,1,O,127.382706,1.173997,128.11046
JVASP-4828,2,O,127.382706,1.173997,127.597176
JVASP-4828,3,O,127.382706,1.173997,128.11046
JVASP-4828,4,O,137.07578,1.173997,137.3072
JVASP-4828,5,O,137.07578,1.173997,137.3072
JVASP-4828,6,O,137.07571,1.173997,136.02542
JVASP-4828,7,O,137.07571,1.173997,136.02542
JVASP-4828,8,Al,46.852585,1.0875204,47.33695
JVASP-4828,9,Al,46.852585,1.0875204,47.35802
JVASP-4828,10,P,25.290247,4.940868,23.010292
JVASP-4828,11,P,25.290247,4.940868,23.010292
JVASP-13743,0,O,127.384636,1.173997,127.59911
JVASP-13743,1,O,127.384636,1.173997,128.11244
JVASP-13743,2,O,127.384636,1.173997,127.59911
JVASP-13743,3,O,127.384636,1.173997,128.11244
JVASP-13743,4,O,137.07832,1.173997,137.30994
JVASP-13743,5,O,137.07861,1.173997,137.31023
JVASP-13743,6,O,137.07812,1.173997,136.02786
JVASP-13743,7,O,137.07812,1.173997,136.02786
JVASP-13743,8,Al,46.884407,1.0875204,47.368748
JVASP-13743,9,Al,46.884407,1.0875204,47.389824
JVASP-13743,10,P,25.267069,4.940868,22.989672
JVASP-13743,11,P,25.266592,4.940868,22.989117
JVASP-18023,0,U,23.537148,22.270443,17.477982
JVASP-18023,1,Ga,147.32004,4.5793962,146.9134
JVASP-18023,2,Ga,147.32004,4.5793962,144.22443
JVASP-18023,3,Ga,147.32004,4.5793962,144.22443
JVASP-18023,4,Ga,147.32004,4.5793962,146.9134
JVASP-18023,5,Ga,108.66671,4.5793962,112.82627
JVASP-18023,6,Ni,29.70333,5.243039,34.750443
JVASP-18044,0,U,422.213,22.270443,433.06592
JVASP-18044,1,U,422.2152,22.270443,438.19073
JVASP-18044,2,U,422.213,22.270443,434.0123
JVASP-18044,3,Ga,39.013416,4.5793962,36.398983
JVASP-18044,4,Ga,39.014336,4.5793962,34.88913
JVASP-18044,5,Ga,39.013416,4.5793962,36.355
JVASP-18044,6,Ni,57.4834,5.243039,52.492706
JVASP-18044,7,Ni,57.4834,5.243039,52.492706
JVASP-18044,8,Ni,9.678354,5.243039,4.9130907
JVASP-14384,0,U,175.46921,22.270443,160.42209
JVASP-14384,1,U,175.46921,22.270443,160.42209
JVASP-14384,2,Ga,46.629128,4.5793962,48.7306
JVASP-14384,3,Ga,43.557644,4.5793962,39.463253
JVASP-14384,4,Ga,46.629128,4.5793962,50.670082
JVASP-14384,5,Ga,46.629128,4.5793962,48.7306
JVASP-14384,6,Ga,43.557644,4.5793962,39.463253
JVASP-14384,7,Ga,46.629128,4.5793962,50.670082
JVASP-14384,8,Ni,16.885965,5.243039,21.952906
JVASP-14384,9,Ni,16.885965,5.243039,21.952906
JVASP-18854,0,Ni,16.890469,5.243039,21.147814
JVASP-18854,1,Ga,46.740112,4.5793962,50.218693
JVASP-18854,2,Ga,43.5373,4.5793962,40.294262
JVASP-18854,3,Ga,46.74191,4.5793962,48.361156
JVASP-18854,4,U,175.78358,22.270443,155.6209
JVASP-19954,0,As,0.0,16.668182,16.668182
JVASP-19954,1,Sm,0.00489898,14.72507,14.729937
JVASP-36404,0,Sm,96.20371,14.72507,81.59244
JVASP-36404,1,As,189.91058,16.668182,206.20956
JVASP-39082,0,Sm,128.21936,14.72507,113.603195
JVASP-39082,1,As,99.31619,16.668182,83.12878
JVASP-39082,2,As,99.31619,16.668182,83.12878
JVASP-39082,3,As,371.11487,16.668182,387.39883
JVASP-37217,0,Sm,0.0,14.72507,14.72507
JVASP-37217,1,As,244.34232,16.668182,238.08826
JVASP-37217,2,As,244.34232,16.668182,235.21602
JVASP-37217,3,As,244.34233,16.668182,260.6346
JVASP-36236,0,Sm,39.054832,14.72507,24.512585
JVASP-36236,1,Hg,347.57364,18.195402,342.83496
JVASP-36236,2,Hg,347.57364,18.195402,342.83496
JVASP-37282,0,Sm,57.70753,14.72507,72.35572
JVASP-37282,1,Sm,57.70753,14.72507,72.35572
JVASP-37282,2,Sm,209.56364,14.72507,194.94229
JVASP-37282,3,Hg,115.39546,18.195402,111.62913
JVASP-37566,0,Sm,71.07432,14.72507,63.115536
JVASP-37566,1,Sm,71.07167,14.72507,63.67127
JVASP-37566,2,Sm,71.07167,14.72507,63.9137
JVASP-37566,3,Sm,71.07432,14.72507,63.115536
JVASP-37566,4,Sm,71.07167,14.72507,63.67127
JVASP-37566,5,Sm,71.07167,14.72507,63.9137
JVASP-37566,6,Hg,5.7122107,18.195402,17.465149
JVASP-37566,7,Hg,5.7122107,18.195402,17.465149
JVASP-78490,0,Sm,23.325907,14.72507,29.682428
JVASP-78490,1,Sm,23.325907,14.72507,29.682428
JVASP-78490,2,Hg,34.886414,18.195402,42.39798
JVASP-78490,3,Hg,34.886414,18.195402,42.39798
JVASP-78490,4,Hg,34.886414,18.195402,42.39798
JVASP-78490,5,Hg,34.886414,18.195402,42.39798
JVASP-1315,0,S,0.0,15.204629,15.204629
JVASP-1315,1,Ba,0.002,16.451351,16.45013
JVASP-2088,0,Ba,37.965458,16.451351,21.643745
JVASP-2088,1,Ba,37.965458,16.451351,21.643745
JVASP-2088,2,S,318.24072,15.204629,316.1162
JVASP-2088,3,S,318.24072,15.204629,318.6227
JVASP-2088,4,S,333.58383,15.204629,335.56604
JVASP-2088,5,S,333.58383,15.204629,338.31967
JVASP-2088,6,S,318.24072,15.204629,314.85025
JVASP-2088,7,S,318.24072,15.204629,316.51
JVASP-12975,0,S,334.33688,15.204629,328.31427
JVASP-12975,1,S,334.33734,15.204629,328.95575
JVASP-12975,2,S,334.33716,15.204629,329.30914
JVASP-12975,3,S,334.3362,15.204629,328.76556
JVASP-12975,4,S,19.521168,15.204629,32.27168
JVASP-12975,5,S,19.521566,15.204629,32.365635
JVASP-12975,6,Ba,83.28497,16.451351,86.914345
JVASP-12975,7,Ba,83.286736,16.451351,88.76782
JVASP-12975,8,Ba,140.09038,16.451351,139.21152
JVASP-12975,9,Ba,140.08948,16.451351,137.21825
JVASP-2100,0,S,330.10007,15.204629,324.36554
JVASP-2100,1,S,330.10107,15.204629,323.7307
JVASP-2100,2,S,330.10107,15.204629,323.7307
JVASP-2100,3,S,330.10007,15.204629,324.36554
JVASP-2100,4,Ba,30.828854,16.451351,29.355968
JVASP-2100,5,Ba,30.828854,16.451351,29.355968
JVASP-18214,0,Mn,38.536266,1.6964667,36.904686
JVASP-18214,1,Mn,38.536266,1.6964667,36.904686
JVASP-18214,2,Ge,75.81273,9.267462,67.38817
JVASP-18214,3,Ge,75.81273,9.267462,67.38817
JVASP-18214,4,Ba,132.53297,16.451351,122.98631
JVASP-5125,0,Mn,38.536266,1.6964667,36.904686
JVASP-5125,1,Mn,38.536266,1.6964667,36.904686
JVASP-5125,2,Ge,75.81273,9.267462,67.38817
JVASP-5125,3,Ge,75.81273,9.267462,67.38817
JVASP-5125,4,Ba,132.53297,16.451351,122.98631
JVASP-65469,0,Ba,321.9887,16.451351,305.615
JVASP-65469,1,Mn,51.191887,1.6964667,52.50295
JVASP-65469,2,Ge,214.30585,9.267462,222.44843
JVASP-65469,3,Ge,136.83014,9.267462,128.81218
JVASP-8433,0,Ba,23.337105,16.451351,39.745213
JVASP-8433,1,Ba,23.337105,16.451351,39.745213
JVASP-8433,2,Mn,43.189404,1.6964667,41.903847
JVASP-8433,3,Mn,43.189404,1.6964667,41.903847
JVASP-8433,4,Ge,41.317993,9.267462,33.52564
JVASP-8433,5,Ge,41.317993,9.267462,33.52564
JVASP-35786,0,Hf,43.223694,15.926846,53.522976
JVASP-35786,1,Au,84.63967,9.827829,89.180046
JVASP-35786,2,Au,84.63967,9.827829,89.180046
JVASP-18607,0,Hf,37.703995,15.926846,37.06282
JVASP-18607,1,Hf,37.703995,15.926846,37.06282
JVASP-18607,2,Au,295.26746,9.827829,295.4161
JVASP-36135,0,Hf,136.71092,15.926846,128.81885
JVASP-36135,1,Hf,136.71092,15.926846,128.81885
JVASP-36135,2,Au,188.99365,9.827829,193.29187
JVASP-36135,3,Au,188.99365,9.827829,193.29187
JVASP-38616,0,Hf,40.16265,15.926846,34.30083
JVASP-38616,1,Hf,40.16265,15.926846,55.275887
JVASP-38616,2,Hf,40.16265,15.926846,36.988354
JVASP-38616,3,Au,0.0,9.827829,9.827829
JVASP-14501,0,Nd,0.0,2.8276725,2.8276725
JVASP-14501,1,Pd,77.33447,20.903904,66.54267
JVASP-14501,2,Pd,77.33447,20.903904,72.18027
JVASP-14501,3,Pd,77.33447,20.903904,98.05541
JVASP-37136,0,Nd,33.027447,2.8276725,35.203583
JVASP-37136,1,Nd,33.027447,2.8276725,35.203583
JVASP-37136,2,Pd,62.606068,20.903904,81.04427
JVASP-37136,3,Pd,62.606068,20.903904,81.04427
JVASP-78499,0,Nd,283.75705,2.8276725,286.04648
JVASP-78499,1,Nd,283.75705,2.8276725,286.04648
JVASP-78499,2,Pd,178.04361,20.903904,157.40257
JVASP-78499,3,Pd,178.04361,20.903904,157.40257
JVASP-78499,4,Pd,178.04361,20.903904,157.40257
JVASP-78499,5,Pd,178.04361,20.903904,157.40257
JVASP-79045,0,Nd,137.88504,2.8276725,140.17953
JVASP-79045,1,Nd,137.88504,2.8276725,140.17953
JVASP-79045,2,Nd,178.122,2.8276725,175.8453
JVASP-79045,3,Nd,137.88504,2.8276725,140.17953
JVASP-79045,4,Nd,137.88504,2.8276725,140.17953
JVASP-79045,5,Nd,178.122,2.8276725,175.8453
JVASP-79045,6,Pd,73.63901,20.903904,94.36188
JVASP-79045,7,Pd,73.63901,20.903904,94.36188
JVASP-22548,0,N,3.7477193,2.1896696,4.9537606
JVASP-22548,1,N,3.7477193,2.1896696,4.9537606
JVASP-22548,2,O,295.91736,1.173997,295.46616
JVASP-22548,3,O,295.91736,1.173997,295.9274
JVASP-22548,4,O,295.91736,1.173997,295.9274
JVASP-22548,5,O,295.91736,1.173997,295.46616
JVASP-22548,6,O,295.91858,1.173997,296.20255
JVASP-22548,7,O,295.91858,1.173997,296.20255
JVASP-22548,8,Rb,16.818197,7.136503,17.669464
JVASP-22548,9,Rb,16.818197,7.136503,17.669464
JVASP-11136,0,Rb,42.77645,7.136503,38.566147
JVASP-11136,1,Rb,42.77645,7.136503,38.566147
JVASP-11136,2,N,5.7497754,2.1896696,4.137498
JVASP-11136,3,N,5.7497754,2.1896696,4.137498
JVASP-11136,4,O,295.03882,1.173997,295.23117
JVASP-11136,5,O,295.03882,1.173997,294.90213
JVASP-11136,6,O,295.18744,1.173997,295.061
JVASP-11136,7,O,295.18744,1.173997,295.061
JVASP-11136,8,O,295.03882,1.173997,295.23117
JVASP-11136,9,O,295.03882,1.173997,294.90213
JVASP-38157,0,Rb,37.573666,7.136503,36.386837
JVASP-38157,1,Rb,37.573666,7.136503,34.16479
JVASP-38157,2,Rb,37.573666,7.136503,36.386837
JVASP-38157,3,Rb,37.573666,7.136503,34.16479
JVASP-38157,4,N,119.34893,2.1896696,118.66108
JVASP-38157,5,O,3.9526598,1.173997,4.255152
JVASP-52489,0,Rb,8.482583,7.136503,11.374186
JVASP-52489,1,N,3.1377964,2.1896696,3.189969
JVASP-52489,2,O,295.84293,1.173997,296.51404
JVASP-52489,3,O,295.84293,1.173997,295.90488
JVASP-52489,4,O,295.84296,1.173997,295.06763
JVASP-15625,0,F,92.20748,15.800529,79.32723
JVASP-15625,1,F,147.91823,15.800529,152.70107
JVASP-15625,2,F,92.20748,15.800529,79.32723
JVASP-15625,3,F,147.919,15.800529,158.29053
JVASP-15625,4,K,10.2260275,3.9006114,7.92692
JVASP-15625,5,K,10.2260275,3.9006114,7.92692
JVASP-15625,6,Cu,49.53282,2.626418,49.271248
JVASP-34544,0,K,80.241776,3.9006114,80.86325
JVASP-34544,1,K,80.241776,3.9006114,80.86325
JVASP-34544,2,Cu,92.045876,2.626418,91.86918
JVASP-34544,3,Cu,92.05318,2.626418,92.41307
JVASP-34544,4,F,250.7594,15.800529,249.25464
JVASP-34544,5,F,156.43166,15.800529,162.51787
JVASP-34544,6,F,156.43227,15.800529,154.1856
JVASP-34544,7,F,250.7594,15.800529,249.25464
JVASP-34544,8,F,156.43166,15.800529,162.51787
JVASP-34544,9,F,156.43227,15.800529,154.1856
JVASP-57800,0,K,0.0,3.9006114,3.9006114
JVASP-57800,1,Cu,0.0,2.626418,2.626418
JVASP-57800,2,F,172.00479,15.800529,176.37631
JVASP-57800,3,F,172.00479,15.800529,183.36673
JVASP-57800,4,F,172.0048,15.800529,157.39748
JVASP-9428,0,F,175.52176,15.800529,181.67143
JVASP-9428,1,F,175.52023,15.800529,172.6745
JVASP-9428,2,F,175.52023,15.800529,172.6745
JVASP-9428,3,F,175.52176,15.800529,181.67143
JVASP-9428,4,F,175.5038,15.800529,174.19766
JVASP-9428,5,F,175.5038,15.800529,174.19766
JVASP-9428,6,K,0.008755951,3.9006114,3.9005282
JVASP-9428,7,K,0.008755951,3.9006114,3.9005282
JVASP-9428,8,Cu,0.56353587,2.626418,2.6525524
JVASP-9428,9,Cu,0.5836837,2.626418,2.7759125
JVASP-25892,0,Co,140.57071,1.0717598,141.42352
JVASP-25892,1,Co,140.57071,1.0717598,141.3714
JVASP-25892,2,F,89.09583,15.800529,86.50834
JVASP-25892,3,F,89.09583,15.800529,86.50834
JVASP-25892,4,F,89.09583,15.800529,87.746765
JVASP-25892,5,F,89.09583,15.800529,87.746765
JVASP-22514,0,Co,145.60114,1.0717598,145.37419
JVASP-22514,1,Co,145.60114,1.0717598,145.11343
JVASP-22514,2,F,81.39967,15.800529,81.77817
JVASP-22514,3,F,81.39967,15.800529,81.77817
JVASP-22514,4,F,81.39967,15.800529,85.71088
JVASP-22514,5,F,81.39967,15.800529,85.71088
JVASP-57093,0,Co,16.243856,1.0717598,16.263336
JVASP-57093,1,Co,16.243856,1.0717598,16.263336
JVASP-57093,2,F,254.0213,15.800529,250.7062
JVASP-57093,3,F,254.02086,15.800529,252.97192
JVASP-57093,4,F,254.02087,15.800529,263.51144
JVASP-57093,5,F,254.02086,15.800529,252.97192
JVASP-57093,6,F,254.0213,15.800529,250.7062
JVASP-57093,7,F,254.02087,15.800529,263.51144
JVASP-57501,0,Co,0.0,1.0717598,1.0717598
JVASP-57501,1,F,205.21663,15.800529,209.4819
JVASP-57501,2,F,205.21663,15.800529,190.59093
JVASP-57501,3,F,205.21663,15.800529,216.52481
JVASP-20624,0,Ce,44.97141,7.3629155,52.216385
JVASP-20624,1,Ga,18.860662,4.5793962,14.846751
JVASP-20624,2,Ga,18.860662,4.5793962,14.846751
JVASP-17552,0,Ce,229.82256,7.3629155,237.05255
JVASP-17552,1,Ce,229.82257,7.3629155,225.36307
JVASP-17552,2,Ce,229.82257,7.3629155,227.23434
JVASP-17552,3,Ga,0.0,4.5793962,4.5793962
JVASP-79474,0,Ce,34.382584,7.3629155,27.215698
JVASP-79474,1,Ce,34.382584,7.3629155,27.215698
JVASP-79474,2,Ga,34.783997,4.5793962,39.13402
JVASP-79474,3,Ga,34.783997,4.5793962,39.13402
JVASP-20433,0,Ce,44.922417,7.3629155,52.16744
JVASP-20433,1,Ga,18.895365,4.5793962,14.881083
JVASP-20433,2,Ga,18.895365,4.5793962,14.881083
JVASP-37137,0,Nd,44.480194,2.8276725,46.871178
JVASP-37137,1,Nd,44.480194,2.8276725,46.871178
JVASP-37137,2,Nd,44.480194,2.8276725,46.871178
JVASP-37137,3,Nd,44.480194,2.8276725,46.871178
JVASP-37137,4,Au,183.43419,9.827829,178.88988
JVASP-37137,5,Au,183.43419,9.827829,178.88988
JVASP-37137,6,Au,183.43419,9.827829,178.88988
JVASP-37137,7,Au,183.43419,9.827829,178.88988
JVASP-39975,0,Nd,54.89184,2.8276725,57.20075
JVASP-39975,1,Nd,54.89184,2.8276725,57.20075
JVASP-39975,2,Au,125.088615,9.827829,129.80708
JVASP-39975,3,Au,125.088715,9.827829,129.37433
JVASP-39975,4,Au,125.088715,9.827829,129.27151
JVASP-39975,5,Au,125.08905,9.827829,129.80756
JVASP-39975,6,Au,125.08953,9.827829,129.37514
JVASP-39975,7,Au,125.08953,9.827829,129.27232
JVASP-7698,0,Nd,0.0,2.8276725,2.8276725
JVASP-7698,1,Au,0.0,9.827829,9.827829
JVASP-79044,0,Nd,96.10899,2.8276725,98.40769
JVASP-79044,1,Nd,96.10899,2.8276725,98.40769
JVASP-79044,2,Nd,219.51102,2.8276725,217.23282
JVASP-79044,3,Au,37.093437,9.827829,42.143223
JVASP-36760,0,K,18.334667,3.9006114,15.437561
JVASP-36760,1,Ag,48.145847,6.9597216,54.55939
JVASP-36760,2,O,175.38234,1.173997,174.93108
JVASP-36760,3,O,175.38234,1.173997,174.93108
JVASP-30515,0,K,9.677933,3.9006114,11.169322
JVASP-30515,1,K,9.677933,3.9006114,11.169322
JVASP-30515,2,Ag,45.148106,6.9597216,39.916378
JVASP-30515,3,Ag,45.148106,6.9597216,39.916378
JVASP-30515,4,O,170.7023,1.173997,170.88873
JVASP-30515,5,O,170.7023,1.173997,170.8645
JVASP-30515,6,O,170.7023,1.173997,170.8645
JVASP-30515,7,O,170.7023,1.173997,170.88873
JVASP-36842,0,K,23.073196,3.9006114,22.785816
JVASP-36842,1,K,23.073196,3.9006114,22.785816
JVASP-36842,2,Ag,72.23285,6.9597216,72.55905
JVASP-36842,3,Ag,72.23276,6.9597216,74.71679
JVASP-36842,4,O,179.7221,1.173997,180.28241
JVASP-36842,5,O,179.7221,1.173997,180.28241
JVASP-36842,6,O,179.72223,1.173997,179.74507
JVASP-36842,7,O,179.72223,1.173997,179.74507
JVASP-38515,0,K,0.0,3.9006114,3.9006114
JVASP-38515,1,Ag,0.0,6.9597216,6.9597216
JVASP-38515,2,O,205.30235,1.173997,205.16594
JVASP-38515,3,O,205.30235,1.173997,205.75316
JVASP-38515,4,O,205.30235,1.173997,204.99724
JVASP-17178,0,La,0.0,5.9067655,5.9067655
JVASP-17178,1,N,0.0,2.1896696,2.1896696
JVASP-14881,0,La,0.0,5.9067655,5.9067655
JVASP-14881,1,La,0.0,5.9067655,5.9067655
JVASP-14881,2,La,0.0,5.9067655,5.9067655
JVASP-14881,3,La,0.0,5.9067655,5.9067655
JVASP-14881,4,N,0.0,2.1896696,2.1896696
JVASP-14881,5,N,0.0,2.1896696,2.1896696
JVASP-14881,6,N,0.0,2.1896696,2.1896696
JVASP-14881,7,N,0.0,2.1896696,2.1896696
JVASP-79466,0,La,197.62238,5.9067655,197.26953
JVASP-79466,1,La,197.62238,5.9067655,197.26953
JVASP-79466,2,N,24.292406,2.1896696,23.677345
JVASP-79466,3,N,24.292406,2.1896696,23.677345
JVASP-86635,0,La,83.51903,5.9067655,83.286644
JVASP-86635,1,La,83.51903,5.9067655,83.286644
JVASP-86635,2,N,7.218646,2.1896696,6.83457
JVASP-86635,3,N,7.218646,2.1896696,6.83457
JVASP-50674,0,Li,1.5497118,0.084703535,1.4711897
JVASP-50674,1,Cu,28.819881,2.626418,30.006544
JVASP-50674,2,Cu,28.819881,2.626418,30.006544
JVASP-50674,3,P,0.63523436,4.940868,5.4379086
JVASP-50674,4,O,111.26442,1.173997,112.01803
JVASP-50674,5,O,111.26618,1.173997,111.33464
JVASP-50674,6,O,111.26449,1.173997,110.91985
JVASP-50674,7,O,111.26449,1.173997,110.70751
JVASP-50751,0,Li,0.7350687,0.084703535,0.8103909
JVASP-50751,1,Cu,10.598272,2.626418,10.45064
JVASP-50751,2,Cu,57.233948,2.626418,56.19971
JVASP-50751,3,P,17.195335,4.940868,18.586693
JVASP-50751,4,O,113.739685,1.173997,113.09615
JVASP-50751,5,O,113.73822,1.173997,112.99026
JVASP-50751,6,O,103.37101,1.173997,104.21439
JVASP-50751,7,O,103.37101,1.173997,103.53578
JVASP-52209,0,Li,1.949718,0.084703535,2.006667
JVASP-52209,1,Cu,6.0955443,2.626418,8.640516
JVASP-52209,2,P,106.52598,4.940868,104.490364
JVASP-52209,3,P,106.55241,4.940868,104.557755
JVASP-52209,4,O,113.905914,1.173997,114.40773
JVASP-52209,5,O,113.93006,1.173997,113.859764
JVASP-52209,6,O,192.9937,1.173997,192.86853
JVASP-52209,7,O,192.99089,1.173997,192.56781
JVASP-52209,8,O,113.916374,1.173997,114.50169
JVASP-52209,9,O,113.91902,1.173997,113.84536
JVASP-8650,0,Li,1.722809,0.084703535,1.7505103
JVASP-8650,1,Cu,164.42363,2.626418,161.92145
JVASP-8650,2,P,2.7826204,4.940868,5.270373
JVASP-8650,3,O,104.91277,1.173997,104.89628
JVASP-8650,4,O,104.91277,1.173997,105.932106
JVASP-8650,5,O,104.91225,1.173997,103.856544
JVASP-8650,6,O,104.91225,1.173997,104.80411
JVASP-20605,0,Sm,0.0,14.72507,14.72507
JVASP-20605,1,Zn,0.0,10.546378,10.546378
JVASP-37296,0,Sm,49.775265,14.72507,64.425865
JVASP-37296,1,Sm,49.775265,14.72507,64.425865
JVASP-37296,2,Sm,190.8814,14.72507,176.2608
JVASP-37296,3,Sm,49.775265,14.72507,64.425865
JVASP-37296,4,Sm,49.775265,14.72507,64.425865
JVASP-37296,5,Sm,190.8814,14.72507,176.2608
JVASP-37296,6,Zn,16.776556,10.546378,6.46686
JVASP-37296,7,Zn,16.776556,10.546378,6.46686
JVASP-56792,0,Sm,38.37861,14.72507,23.809452
JVASP-56792,1,Zn,6.1870203,10.546378,15.883675
JVASP-56792,2,Zn,6.1870203,10.546378,15.707081
JVASP-56792,3,Zn,36.360226,10.546378,46.837166
JVASP-56792,4,Zn,6.185563,10.546378,15.523787
JVASP-56792,5,Zn,36.360226,10.546378,46.837166
JVASP-20417,0,Sm,0.0,14.72507,14.72507
JVASP-20417,1,Zn,0.0,10.546378,10.546378
JVASP-14941,0,Pr,0.0,6.8834753,6.8834753
JVASP-14941,1,Ag,0.0,6.9597216,6.9597216
JVASP-38397,0,Pr,76.13667,6.8834753,82.831375
JVASP-38397,1,Pr,76.13667,6.8834753,82.831375
JVASP-38397,2,Pr,176.19914,6.8834753,169.5295
JVASP-38397,3,Pr,76.13667,6.8834753,82.831375
JVASP-38397,4,Pr,76.13667,6.8834753,82.831375
JVASP-38397,5,Pr,176.19914,6.8834753,169.5295
JVASP-38397,6,Ag,14.028228,6.9597216,8.023206
JVASP-38397,7,Ag,14.028228,6.9597216,8.023206
JVASP-78416,0,Pr,0.0,6.8834753,6.8834753
JVASP-78416,1,Ag,0.0,6.9597216,6.9597216
JVASP-78662,0,Pr,118.59205,6.8834753,111.926575
JVASP-78662,1,Ag,109.26684,6.9597216,115.742775
JVASP-78662,2,Ag,109.26684,6.9597216,115.742775
JVASP-4119,0,Mg,7.876335,0.4287979,7.551252
JVASP-4119,1,H,50.37253,4.494067,46.3553
JVASP-4119,2,H,50.37253,4.494067,46.3553
JVASP-4119,3,O,155.31111,1.173997,155.17578
JVASP-4119,4,O,155.31111,1.173997,155.17578
JVASP-54769,0,Mg,20.33444,0.4287979,20.006273
JVASP-54769,1,H,38.537823,4.494067,34.534367
JVASP-54769,2,H,50.49011,4.494067,46.472775
JVASP-54769,3,O,153.62709,1.173997,153.4918
JVASP-54769,4,O,136.51904,1.173997,136.38431
JVASP-8705,0,Mg,3.5493119,0.4287979,3.2308679
JVASP-8705,1,Mg,3.5493119,0.4287979,3.2308679
JVASP-8705,2,H,52.566048,4.494067,48.546967
JVASP-8705,3,H,52.566048,4.494067,48.546967
JVASP-8705,4,O,170.0399,1.173997,169.90419
JVASP-8705,5,O,170.0399,1.173997,169.90419
JVASP-8705,6,O,17.648575,1.173997,17.82648
JVASP-29829,0,Mg,7.8763356,0.4287979,7.5512476
JVASP-29829,1,H,50.357834,4.494067,46.340614
JVASP-29829,2,H,50.357834,4.494067,46.340614
JVASP-29829,3,O,155.3005,1.173997,155.16518
JVASP-29829,4,O,155.3005,1.173997,155.16518
JVASP-36782,0,Mn,30.190739,1.6964667,31.043947
JVASP-36782,1,Ag,164.83252,6.9597216,168.94466
JVASP-36782,2,O,51.412025,1.173997,51.91767
JVASP-36782,3,O,51.412025,1.173997,51.91767
JVASP-36850,0,Mn,31.96401,1.6964667,30.360754
JVASP-36850,1,Ag,155.5474,6.9597216,148.73875
JVASP-36850,2,O,24.608051,1.173997,24.450253
JVASP-36850,3,O,24.608051,1.173997,24.450253
JVASP-36852,0,Mn,31.357552,1.6964667,30.077545
JVASP-36852,1,Mn,31.357552,1.6964667,30.077545
JVASP-36852,2,Ag,155.90308,6.9597216,149.47993
JVASP-36852,3,Ag,155.90308,6.9597216,149.47993
JVASP-36852,4,O,22.768824,1.173997,22.659132
JVASP-36852,5,O,22.768824,1.173997,22.659132
JVASP-36852,6,O,22.768824,1.173997,22.659132
JVASP-36852,7,O,22.768824,1.173997,22.659132
JVASP-43501,0,Mn,14.000152,1.6964667,15.335763
JVASP-43501,1,Mn,14.000152,1.6964667,15.335763
JVASP-43501,2,Ag,7.449803,6.9597216,14.128062
JVASP-43501,3,Ag,7.449803,6.9597216,14.128062
JVASP-43501,4,O,67.55545,1.173997,67.32289
JVASP-43501,5,O,67.58903,1.173997,67.54243
JVASP-43501,6,O,67.49029,1.173997,67.85969
JVASP-43501,7,O,67.49029,1.173997,67.85969
JVASP-43501,8,O,67.58903,1.173997,67.54243
JVASP-43501,9,O,67.55545,1.173997,67.32289
JVASP-39055,0,Sm,30.253647,14.72507,44.913815
JVASP-39055,1,Sm,30.253647,14.72507,44.913815
JVASP-39055,2,Ag,42.6114,6.9597216,36.212803
JVASP-39055,3,Ag,42.6114,6.9597216,36.53546
JVASP-39055,4,Ag,42.611534,6.9597216,36.33011
JVASP-39055,5,Ag,42.611534,6.9597216,36.33011
JVASP-39055,6,Ag,42.6114,6.9597216,36.53546
JVASP-39055,7,Ag,42.6114,6.9597216,36.212803
JVASP-14568,0,Sm,0.0,14.72507,14.72507
JVASP-14568,1,Ag,0.0,6.9597216,6.9597216
JVASP-37281,0,Sm,67.47446,14.72507,82.12032
JVASP-37281,1,Sm,67.47446,14.72507,82.12032
JVASP-37281,2,Sm,157.84186,14.72507,143.22311
JVASP-37281,3,Sm,67.47446,14.72507,82.12032
JVASP-37281,4,Sm,67.47446,14.72507,82.12032
JVASP-37281,5,Sm,157.84186,14.72507,143.22311
JVASP-37281,6,Ag,8.857355,6.9597216,3.5634506
JVASP-37281,7,Ag,8.857355,6.9597216,3.5634506
JVASP-37451,0,Sm,71.7783,14.72507,66.014946
JVASP-37451,1,Sm,71.78308,14.72507,65.431526
JVASP-37451,2,Sm,71.7783,14.72507,66.270004
JVASP-37451,3,Sm,71.7783,14.72507,66.014946
JVASP-37451,4,Sm,71.78308,14.72507,65.431526
JVASP-37451,5,Sm,71.7783,14.72507,66.270004
JVASP-37451,6,Ag,13.7036705,6.9597216,20.319973
JVASP-37451,7,Ag,13.7036705,6.9597216,20.319973
JVASP-18655,0,Tb,49.528275,11.037279,60.04827
JVASP-18655,1,Tb,49.528275,11.037279,60.04827
JVASP-18655,2,Cd,74.53116,15.619623,75.93639
JVASP-18655,3,Cd,74.532265,15.619623,74.170006
JVASP-18655,4,Cd,74.53116,15.619623,77.41314
JVASP-18655,5,Cd,74.53116,15.619623,77.41314
JVASP-18655,6,Cd,74.532265,15.619623,74.170006
JVASP-18655,7,Cd,74.53116,15.619623,75.93639
JVASP-18949,0,Tb,0.0,11.037279,11.037279
JVASP-18949,1,Cd,0.0,15.619623,15.619623
JVASP-18654,0,Tb,10.689166,11.037279,3.6864493
JVASP-18654,1,Cd,147.36742,15.619623,131.92839
JVASP-18654,2,Cd,147.36742,15.619623,131.92839
JVASP-78530,0,Tb,16.581821,11.037279,7.1855555
JVASP-78530,1,Cd,150.67953,15.619623,135.24004
JVASP-78530,2,Cd,150.67953,15.619623,135.24004
JVASP-15008,0,Nb,109.81633,15.259404,102.09162
JVASP-15008,1,Nb,109.81633,15.259404,102.09162
JVASP-15008,2,Nb,109.81634,15.259404,124.996475
JVASP-15008,3,Nb,109.81634,15.259404,124.996475
JVASP-15008,4,Nb,109.81633,15.259404,104.07024
JVASP-15008,5,Nb,109.81633,15.259404,104.07024
JVASP-15008,6,Ga,0.0,4.5793962,4.5793962
JVASP-15008,7,Ga,0.0,4.5793962,4.5793962
JVASP-20532,0,Ga,147.25613,4.5793962,150.72353
JVASP-20532,1,Ga,27.952927,4.5793962,24.701874
JVASP-20532,2,Ga,27.952927,4.5793962,24.701874
JVASP-20532,3,Nb,58.90658,15.259404,51.15815
JVASP-21686,0,Nb,41.264107,15.259404,56.457584
JVASP-21686,1,Nb,41.264107,15.259404,56.457584
JVASP-21686,2,Nb,17.797014,15.259404,3.102645
JVASP-21686,3,Nb,17.797014,15.259404,3.241857
JVASP-21686,4,Nb,17.797014,15.259404,3.241857
JVASP-21686,5,Nb,17.797014,15.259404,3.102645
JVASP-21686,6,Ga,33.38848,4.5793962,36.4081
JVASP-21686,7,Ga,33.38848,4.5793962,36.459057
JVASP-21686,8,Ga,33.38848,4.5793962,36.459057
JVASP-21686,9,Ga,33.38848,4.5793962,36.4081
JVASP-20261,0,Nb,59.318478,15.259404,44.180412
JVASP-20261,1,Nb,59.318478,15.259404,44.180412
JVASP-20261,2,Ga,147.1384,4.5793962,151.29367
JVASP-20261,3,Ga,28.02951,4.5793962,23.96643
JVASP-20261,4,Ga,28.02951,4.5793962,23.96643
JVASP-20261,5,Ga,147.1384,4.5793962,151.29367
JVASP-20261,6,Ga,28.02951,4.5793962,23.96643
JVASP-20261,7,Ga,28.02951,4.5793962,23.96643
JVASP-17642,0,Dy,0.0,4.4875207,4.4875207
JVASP-17642,1,In,142.71951,6.7296906,139.11351
JVASP-17642,2,In,142.71951,6.7296906,140.62164
JVASP-17642,3,In,142.71951,6.7296906,148.7126
JVASP-17834,0,Dy,114.25809,4.4875207,118.39705
JVASP-17834,1,Dy,114.255226,4.4875207,112.384575
JVASP-17834,2,Dy,114.255226,4.4875207,112.141426
JVASP-17834,3,In,0.0016329931,6.7296906,6.7311363
JVASP-18052,0,Dy,9.58608,4.4875207,13.824975
JVASP-18052,1,Dy,9.58608,4.4875207,13.824975
JVASP-18052,2,Dy,4.3319254,4.4875207,1.7767198
JVASP-18052,3,Dy,4.3319254,4.4875207,1.7767198
JVASP-18052,4,In,17.764925,6.7296906,23.930086
JVASP-18052,5,In,17.764925,6.7296906,23.930086
JVASP-14882,0,Dy,0.0,4.4875207,4.4875207
JVASP-14882,1,In,0.0,6.7296906,6.7296906
JVASP-35708,0,Hf,64.044525,15.926846,77.23884
JVASP-35708,1,Hf,64.044525,15.926846,77.23884
JVASP-35708,2,Ir,65.468506,25.960743,46.220795
JVASP-35708,3,Ir,65.468506,25.960743,46.220795
JVASP-36013,0,Hf,0.0,15.926846,15.926846
JVASP-36013,1,Ir,0.0,25.960743,25.960743
JVASP-36141,0,Hf,110.71875,15.926846,100.726166
JVASP-36141,1,Hf,110.71875,15.926846,100.726166
JVASP-36141,2,Ir,146.89212,25.960743,145.78891
JVASP-36141,3,Ir,146.89212,25.960743,145.78891
JVASP-20401,0,Hf,0.0,15.926846,15.926846
JVASP-20401,1,Ir,7.5444283,25.960743,20.995466
JVASP-20401,2,Ir,7.5444283,25.960743,33.088894
JVASP-20401,3,Ir,7.5444283,25.960743,25.631062
JVASP-14024,0,Zr,123.84743,6.08661,129.78812
JVASP-14024,1,Zr,123.84743,6.08661,129.78812
JVASP-14024,2,Br,125.92145,43.576878,140.98672
JVASP-14024,3,Br,125.92145,43.576878,139.99129
JVASP-14024,4,Br,125.92145,43.576878,140.98672
JVASP-14024,5,Br,125.92145,43.576878,139.99129
JVASP-14024,6,Br,125.92031,43.576878,103.68074
JVASP-14024,7,Br,125.92031,43.576878,103.68074
JVASP-12009,0,Zr,21.545216,6.08661,27.064259
JVASP-12009,1,Zr,21.545216,6.08661,27.064259
JVASP-12009,2,Br,52.292297,43.576878,33.133812
JVASP-12009,3,Br,52.292297,43.576878,33.133812
JVASP-79581,0,Zr,21.554876,6.08661,27.179451
JVASP-79581,1,Zr,21.554876,6.08661,27.179451
JVASP-79581,2,Br,52.298977,43.576878,30.801435
JVASP-79581,3,Br,52.298977,43.576878,30.801435
JVASP-79613,0,Zr,57.03637,6.08661,62.984478
JVASP-79613,1,Zr,57.03637,6.08661,62.984478
JVASP-79613,2,Br,71.47734,43.576878,42.543453
JVASP-79613,3,Br,71.47734,43.576878,42.543453
JVASP-85140,0,Eu,18.29034,21.293404,39.58177
JVASP-85140,1,Zn,23.208916,10.546378,12.825879
JVASP-85140,2,Ge,32.177723,9.267462,40.526176
JVASP-85173,0,Eu,29.185942,21.293404,9.041747
JVASP-85173,1,Eu,38.41392,21.293404,55.702026
JVASP-85173,2,Zn,32.208237,10.546378,42.166435
JVASP-85173,3,Zn,32.208237,10.546378,42.166435
JVASP-85173,4,Ge,84.30261,9.267462,76.83136
JVASP-85173,5,Ge,84.30261,9.267462,76.83136
JVASP-85176,0,Eu,32.653336,21.293404,30.560036
JVASP-85176,1,Eu,32.653336,21.293404,30.560036
JVASP-85176,2,Zn,63.555183,10.546378,65.14403
JVASP-85176,3,Zn,63.555183,10.546378,65.14403
JVASP-85176,4,Ge,131.18591,9.267462,132.70836
JVASP-85176,5,Ge,131.18591,9.267462,132.70836
JVASP-85177,0,Eu,65.590805,21.293404,44.30382
JVASP-85177,1,Eu,65.590805,21.293404,44.30382
JVASP-85177,2,Zn,117.653076,10.546378,107.205
JVASP-85177,3,Zn,117.653076,10.546378,107.205
JVASP-85177,4,Ge,79.0879,9.267462,87.30127
JVASP-85177,5,Ge,79.0879,9.267462,87.30127
JVASP-51410,0,Sc,114.11708,1.2577385,114.00844
JVASP-51410,1,Sc,114.11708,1.2577385,114.00844
JVASP-51410,2,F,96.75767,15.800529,102.7892
JVASP-51410,3,F,96.75767,15.800529,104.95619
JVASP-51410,4,F,92.98463,15.800529,85.5541
JVASP-51410,5,F,96.75767,15.800529,102.7892
JVASP-51410,6,F,96.75767,15.800529,104.95619
JVASP-51410,7,F,92.98463,15.800529,85.5541
JVASP-52824,0,Sc,118.54598,1.2577385,118.44838
JVASP-52824,1,Sc,118.54598,1.2577385,118.44838
JVASP-52824,2,F,98.57755,15.800529,104.207184
JVASP-52824,3,F,98.57755,15.800529,106.27996
JVASP-52824,4,F,95.59397,15.800529,88.26688
JVASP-52824,5,F,98.57755,15.800529,104.207184
JVASP-52824,6,F,98.57755,15.800529,106.27996
JVASP-52824,7,F,95.59397,15.800529,88.26688
JVASP-57479,0,Sc,0.019646883,1.2577385,1.2459048
JVASP-57479,1,Sc,0.02001666,1.2577385,1.245714
JVASP-57479,2,Sc,0.02001666,1.2577385,1.245714
JVASP-57479,3,F,69.474884,15.800529,68.903435
JVASP-57479,4,F,69.47266,15.800529,71.963295
JVASP-57479,5,F,69.474884,15.800529,72.82019
JVASP-57479,6,F,69.474884,15.800529,68.903435
JVASP-57479,7,F,69.47313,15.800529,71.964134
JVASP-57479,8,F,69.474884,15.800529,72.82019
JVASP-57479,9,F,69.47397,15.800529,68.90281
JVASP-57479,10,F,69.47266,15.800529,71.963295
JVASP-57479,11,F,69.47397,15.800529,72.81962
JVASP-21618,0,Sc,0.0,1.2577385,1.2577385
JVASP-21618,1,F,69.464264,15.800529,81.2696
JVASP-21618,2,F,69.464264,15.800529,74.76069
JVASP-21618,3,F,69.464264,15.800529,55.053738
JVASP-30375,0,Ti,63.46218,1.1299996,62.55108
JVASP-30375,1,Mn,19.90691,1.6964667,19.740347
JVASP-30375,2,Mn,19.906912,1.6964667,19.740273
JVASP-30375,3,O,69.42842,1.173997,68.97604
JVASP-30375,4,O,37.055607,1.173997,37.75264
JVASP-30375,5,O,69.428604,1.173997,68.97623
JVASP-30375,6,O,58.800858,1.173997,59.702053
JVASP-30375,7,O,58.80004,1.173997,59.701244
JVASP-30375,8,O,37.056282,1.173997,37.75331
JVASP-11764,0,O,31.01285,1.173997,31.419504
JVASP-11764,1,O,31.013031,1.173997,30.010286
JVASP-11764,2,O,31.013388,1.173997,31.511475
JVASP-11764,3,O,31.01285,1.173997,31.419504
JVASP-11764,4,O,31.013388,1.173997,31.511475
JVASP-11764,5,O,31.013031,1.173997,30.010286
JVASP-11764,6,Ti,32.683434,1.1299996,33.073647
JVASP-11764,7,Ti,32.683434,1.1299996,33.073647
JVASP-11764,8,Mn,18.000372,1.6964667,16.470993
JVASP-11764,9,Mn,18.000372,1.6964667,16.470993
JVASP-12235,0,O,26.988255,1.173997,27.788042
JVASP-12235,1,O,26.988743,1.173997,26.600546
JVASP-12235,2,O,26.988106,1.173997,26.544779
JVASP-12235,3,O,26.988224,1.173997,26.012533
JVASP-12235,4,O,26.98834,1.173997,27.297451
JVASP-12235,5,O,26.98939,1.173997,27.615847
JVASP-12235,6,Ti,28.272396,1.1299996,28.626287
JVASP-12235,7,Ti,28.272396,1.1299996,28.626287
JVASP-12235,8,Mn,34.877563,1.6964667,33.364864
JVASP-12235,9,Mn,34.877563,1.6964667,33.364864
JVASP-43226,0,Ti,11.029077,1.1299996,10.337162
JVASP-43226,1,Mn,9.834045,1.6964667,9.288339
JVASP-43226,2,O,104.36862,1.173997,104.25487
JVASP-43226,3,O,49.652424,1.173997,48.698177
JVASP-43226,4,O,104.36977,1.173997,105.02671
JVASP-43226,5,O,49.652657,1.173997,49.12429
JVASP-10197,0,O,99.44723,1.173997,98.57653
JVASP-10197,1,O,99.44689,1.173997,99.54147
JVASP-10197,2,O,99.44689,1.173997,99.54147
JVASP-10197,3,O,99.447685,1.173997,100.2376
JVASP-10197,4,O,99.44723,1.173997,98.57653
JVASP-10197,5,O,99.447685,1.173997,100.2376
JVASP-10197,6,Ca,0.0,1.1291435,1.1291435
JVASP-10197,7,Ca,0.0,1.1291435,1.1291435
JVASP-10197,8,Sn,0.002,6.63049,6.6309853
JVASP-10197,9,Sn,0.002,6.63049,6.6309853
JVASP-18521,0,Ca,43.730743,1.1291435,44.224586
JVASP-18521,1,Ca,43.730743,1.1291435,42.98429
JVASP-18521,2,Ca,43.730743,1.1291435,44.016983
JVASP-18521,3,Sn,0.0,6.63049,6.63049
JVASP-18521,4,O,0.0,1.173997,1.173997
JVASP-34202,0,Ca,0.00244949,1.1291435,1.1297374
JVASP-34202,1,Sn,0.00244949,6.63049,6.6285195
JVASP-34202,2,O,37.693974,1.173997,37.261833
JVASP-34202,3,O,37.693974,1.173997,38.01906
JVASP-34202,4,O,37.688667,1.173997,37.84634
JVASP-9584,0,O,87.91454,1.173997,88.247894
JVASP-9584,1,O,87.91422,1.173997,88.457664
JVASP-9584,2,O,87.91419,1.173997,87.20359
JVASP-9584,3,O,87.91454,1.173997,88.247894
JVASP-9584,4,O,87.91419,1.173997,87.20359
JVASP-9584,5,O,87.91422,1.173997,88.457664
JVASP-9584,6,Ca,11.8821,1.1291435,12.321449
JVASP-9584,7,Ca,11.8821,1.1291435,12.321449
JVASP-9584,8,Sn,39.27443,6.63049,43.93366
JVASP-9584,9,Sn,39.27443,6.63049,43.93366
JVASP-37147,0,Nb,93.30106,15.259404,78.14948
JVASP-37147,1,Nb,93.30106,15.259404,78.14948
JVASP-37147,2,Cr,15.657139,3.2921274,13.196068
JVASP-37147,3,Cr,17.671436,3.2921274,15.190132
JVASP-37147,4,Cr,17.671436,3.2921274,15.190132
JVASP-37147,5,Cr,15.657139,3.2921274,13.196068
JVASP-37147,6,Cr,17.671436,3.2921274,15.190132
JVASP-37147,7,Cr,17.671436,3.2921274,15.190132
JVASP-37148,0,Nb,0.0,15.259404,15.259404
JVASP-37148,1,Cr,2.982662,3.2921274,5.7643514
JVASP-37148,2,Cr,2.982662,3.2921274,2.035306
JVASP-37148,3,Cr,2.982662,3.2921274,4.6725707
JVASP-37153,0,Nb,61.57364,15.259404,46.434067
JVASP-37153,1,Nb,94.4858,15.259404,79.333954
JVASP-37153,2,Nb,94.4858,15.259404,79.333954
JVASP-37153,3,Cr,10.780205,3.2921274,8.407374
JVASP-37154,0,Nb,22.252796,15.259404,18.68559
JVASP-37154,1,Nb,22.252796,15.259404,37.458626
JVASP-37154,2,Nb,22.252796,15.259404,20.780024
JVASP-37154,3,Cr,0.0,3.2921274,3.2921274
JVASP-20538,0,Hf,89.42352,15.926846,81.934105
JVASP-20538,1,B,2.8242617,5.024234,2.2167702
JVASP-20538,2,B,2.8242617,5.024234,2.2167702
JVASP-14667,0,B,0.0,5.024234,5.024234
JVASP-14667,1,Hf,0.0037416576,15.926846,15.928877
JVASP-36042,0,Hf,0.0,15.926846,15.926846
JVASP-36042,1,B,23.17544,5.024234,21.18678
JVASP-36042,2,B,23.175438,5.024234,28.188875
JVASP-36042,3,B,23.175438,5.024234,28.188875
JVASP-36042,4,B,23.17544,5.024234,21.060371
JVASP-36042,5,B,23.17544,5.024234,21.060371
JVASP-36042,6,B,23.17544,5.024234,21.18678
JVASP-20272,0,Hf,89.42352,15.926846,81.934105
JVASP-20272,1,B,2.8242617,5.024234,2.2167702
JVASP-20272,2,B,2.8242617,5.024234,2.2167702
JVASP-10230,0,P,96.13405,4.940868,99.7641
JVASP-10230,1,P,96.13382,4.940868,97.55702
JVASP-10230,2,P,96.13405,4.940868,99.7641
JVASP-10230,3,P,96.13382,4.940868,97.55702
JVASP-10230,4,P,93.07097,4.940868,95.08738
JVASP-10230,5,P,93.07097,4.940868,95.08738
JVASP-10230,6,K,13.373284,3.9006114,13.297448
JVASP-10230,7,K,13.373284,3.9006114,13.297448
JVASP-10230,8,K,17.765985,3.9006114,19.993961
JVASP-10230,9,K,17.765985,3.9006114,19.993961
JVASP-78382,0,K,0.5668603,3.9006114,3.6902921
JVASP-78382,1,K,0.5668603,3.9006114,3.6902921
JVASP-78382,2,P,1.7730635,4.940868,4.329774
JVASP-78382,3,P,1.7730635,4.940868,4.329774
JVASP-78396,0,K,0.22780254,3.9006114,3.6806765
JVASP-78396,1,K,0.22780254,3.9006114,3.6806765
JVASP-78396,2,K,0.22780254,3.9006114,3.6806765
JVASP-78396,3,P,0.32578215,4.940868,4.698895
JVASP-78396,4,P,0.32700765,4.940868,4.697542
JVASP-78396,5,P,0.32578215,4.940868,4.698895
JVASP-8149,0,K,20.210741,3.9006114,16.466732
JVASP-8149,1,K,20.210741,3.9006114,16.466732
JVASP-8149,2,K,20.210741,3.9006114,16.466732
JVASP-8149,3,K,20.210741,3.9006114,16.466732
JVASP-8149,4,K,57.261723,3.9006114,61.043312
JVASP-8149,5,K,57.261723,3.9006114,61.043312
JVASP-8149,6,P,9.502795,4.940868,13.632524
JVASP-8149,7,P,9.502795,4.940868,13.632524
JVASP-17185,0,Fe,45.559654,2.1271884,45.015003
JVASP-17185,1,Fe,45.55956,2.1271884,46.648697
JVASP-17185,2,Fe,45.559544,2.1271884,44.814358
JVASP-17185,3,Fe,45.559654,2.1271884,45.98086
JVASP-17185,4,Fe,45.559544,2.1271884,46.230896
JVASP-17185,5,Fe,45.55956,2.1271884,45.754063
JVASP-17185,6,C,1.4092731,4.4679255,5.2225103
JVASP-17185,7,C,1.4092731,4.4679255,5.2225103
JVASP-20482,0,Fe,33.071495,2.1271884,33.76105
JVASP-20482,1,Fe,33.071495,2.1271884,33.76105
JVASP-20482,2,Fe,33.071495,2.1271884,32.495678
JVASP-20482,3,Fe,33.071495,2.1271884,32.495678
JVASP-20482,4,C,7.1977882,4.4679255,11.221236
JVASP-20482,5,C,7.1977882,4.4679255,11.330458
JVASP-86721,0,Fe,62.79634,2.1271884,61.602608
JVASP-86721,1,Fe,62.79634,2.1271884,61.602608
JVASP-86721,2,C,73.90478,4.4679255,75.90257
JVASP-19638,0,Fe,77.08299,2.1271884,77.77704
JVASP-19638,1,Fe,77.08299,2.1271884,77.07931
JVASP-19638,2,Fe,77.08299,2.1271884,76.31009
JVASP-19638,3,Fe,77.08299,2.1271884,77.27568
JVASP-19638,4,C,0.0,4.4679255,4.4679255
JVASP-49813,0,Sc,37.89361,1.2577385,37.147945
JVASP-49813,1,Sc,75.567986,1.2577385,74.815506
JVASP-49813,2,Sc,43.308205,1.2577385,44.078808
JVASP-49813,3,Sc,75.567986,1.2577385,74.815506
JVASP-49813,4,O,15.781425,1.173997,15.101783
JVASP-49813,5,O,15.781291,1.173997,16.851604
JVASP-49813,6,O,15.781041,1.173997,15.341932
JVASP-49813,7,O,15.781041,1.173997,15.341932
JVASP-49813,8,O,15.781291,1.173997,16.851604
JVASP-49813,9,O,15.781425,1.173997,15.101783
JVASP-50097,0,Sc,25.563284,1.2577385,24.824406
JVASP-50097,1,Sc,25.563284,1.2577385,24.824368
JVASP-50097,2,Sc,25.562466,1.2577385,24.823534
JVASP-50097,3,Sc,25.563284,1.2577385,24.824368
JVASP-50097,4,O,17.288637,1.173997,18.035048
JVASP-50097,5,O,17.287985,1.173997,16.739458
JVASP-50097,6,O,17.287931,1.173997,17.04976
JVASP-50097,7,O,17.288193,1.173997,17.050018
JVASP-50097,8,O,17.288246,1.173997,16.73972
JVASP-50097,9,O,17.288002,1.173997,18.03443
JVASP-53963,0,Sc,0.0,1.2577385,1.2577385
JVASP-53963,1,Sc,0.0,1.2577385,1.2577385
JVASP-53963,2,Sc,0.0,1.2577385,1.2577385
JVASP-53963,3,Sc,0.0,1.2577385,1.2577385
JVASP-53963,4,O,0.0,1.173997,1.173997
JVASP-53963,5,O,0.0,1.173997,1.173997
JVASP-53963,6,O,0.0,1.173997,1.173997
JVASP-53963,7,O,0.0,1.173997,1.173997
JVASP-7764,0,Sc,57.139248,1.2577385,56.388966
JVASP-7764,1,Sc,57.139248,1.2577385,56.388966
JVASP-7764,2,O,4.4968553,1.173997,4.7806616
JVASP-7764,3,O,4.4968553,1.173997,4.7806616
JVASP-7764,4,O,23.802917,1.173997,23.970955
JVASP-35670,0,Ti,1.1594251,1.1299996,0.6240879
JVASP-35670,1,Ti,1.1594251,1.1299996,0.6240879
JVASP-35670,2,Ag,6.3449945,6.9597216,2.6257713
JVASP-35670,3,Ag,6.3449945,6.9597216,2.6257713
JVASP-20528,0,Ag,70.63185,6.9597216,74.24139
JVASP-20528,1,Ti,9.004324,1.1299996,8.081559
JVASP-37388,0,Ti,7.7812123,1.1299996,8.76365
JVASP-37388,1,Ti,7.7812123,1.1299996,8.76365
JVASP-37388,2,Ti,7.7812123,1.1299996,8.76365
JVASP-37388,3,Ti,7.7812123,1.1299996,8.76365
JVASP-37388,4,Ag,62.96495,6.9597216,56.57964
JVASP-37388,5,Ag,62.96495,6.9597216,56.57964
JVASP-54573,0,Ti,0.9365216,1.1299996,1.4778289
JVASP-54573,1,Ti,0.9365216,1.1299996,1.9815642
JVASP-54573,2,Ti,0.9365216,1.1299996,0.59273946
JVASP-54573,3,Ag,0.0,6.9597216,6.9597216
JVASP-13840,0,Yb,16.074776,4.325258,12.280512
JVASP-13840,1,Yb,16.074776,4.325258,12.280512
JVASP-13840,2,Cu,66.07744,2.626418,65.02942
JVASP-13840,3,Cu,66.07744,2.626418,65.02942
JVASP-13840,4,Si,26.455713,1.7483627,25.787386
JVASP-13840,5,Si,26.455713,1.7483627,25.787386
JVASP-4579,0,Yb,16.261755,4.325258,12.465181
JVASP-4579,1,Yb,16.261755,4.325258,12.465181
JVASP-4579,2,Cu,66.14113,2.626418,65.09341
JVASP-4579,3,Cu,66.14113,2.626418,65.09341
JVASP-4579,4,Si,26.384272,1.7483627,25.716105
JVASP-4579,5,Si,26.384272,1.7483627,25.716105
JVASP-16021,0,Yb,16.18868,4.325258,12.39276
JVASP-16021,1,Yb,16.18868,4.325258,12.39276
JVASP-16021,2,Cu,66.10764,2.626418,65.0601
JVASP-16021,3,Cu,66.10764,2.626418,65.0601
JVASP-16021,4,Si,26.407131,1.7483627,25.738918
JVASP-16021,5,Si,26.407131,1.7483627,25.738918
JVASP-15658,0,Yb,23.616348,4.325258,27.604198
JVASP-15658,1,Yb,23.616348,4.325258,27.604198
JVASP-15658,2,Cu,6.7581425,2.626418,8.205029
JVASP-15658,3,Cu,6.7581425,2.626418,8.205029
JVASP-15658,4,Cu,6.7581425,2.626418,8.205029
JVASP-15658,5,Cu,6.7581425,2.626418,8.205029
JVASP-15658,6,Si,7.0667777,1.7483627,6.54625
JVASP-15658,7,Si,7.0667777,1.7483627,6.54625
JVASP-15658,8,Si,7.0667777,1.7483627,6.54625
JVASP-15658,9,Si,7.0667777,1.7483627,6.54625
JVASP-77302,0,Na,12.136653,0.84107655,11.537623
JVASP-77302,1,Na,12.136653,0.84107655,11.537623
JVASP-77302,2,Li,0.5055156,0.084703535,0.50714445
JVASP-77302,3,Li,0.5055156,0.084703535,0.50714445
JVASP-77302,4,Li,0.5055156,0.084703535,0.50714445
JVASP-77302,5,Li,0.5055156,0.084703535,0.50714445
JVASP-77302,6,Tl,248.07167,13.684985,237.35542
JVASP-77302,7,Tl,248.07167,13.684985,237.35542
JVASP-81148,0,Na,28.3699,0.84107655,29.174524
JVASP-81148,1,Na,28.3699,0.84107655,29.174524
JVASP-81148,2,Li,3.1529384,0.084703535,3.1095471
JVASP-81148,3,Li,3.1529384,0.084703535,3.1095471
JVASP-81148,4,Tl,1549.5577,13.684985,1560.0469
JVASP-81148,5,Tl,1549.5577,13.684985,1560.0469
JVASP-81148,6,Tl,1549.5577,13.684985,1560.0469
JVASP-81148,7,Tl,1549.5577,13.684985,1560.0469
JVASP-81912,0,Na,0.512609,0.84107655,0.9927694
JVASP-81912,1,Li,0.031538334,0.084703535,0.106968954
JVASP-81912,2,Li,0.031538334,0.084703535,0.106968954
JVASP-81912,3,Tl,15.911829,13.684985,15.446025
JVASP-5575,0,Nb,37.46986,15.259404,32.30598
JVASP-5575,1,Nb,37.46986,15.259404,32.37635
JVASP-5575,2,Nb,37.46986,15.259404,32.30598
JVASP-5575,3,Nb,37.46986,15.259404,32.37635
JVASP-5575,4,Nb,102.21788,15.259404,93.35246
JVASP-5575,5,Nb,102.21788,15.259404,93.41405
JVASP-5575,6,Nb,102.21788,15.259404,93.35246
JVASP-5575,7,Nb,102.21788,15.259404,93.41405
JVASP-5575,8,Te,574.07513,68.54225,573.6239
JVASP-5575,9,Te,574.07513,68.54225,571.41296
JVASP-5575,10,Te,574.07513,68.54225,573.6239
JVASP-5575,11,Te,574.07513,68.54225,571.41296
JVASP-5575,12,Te,724.58594,68.54225,743.37573
JVASP-5575,13,Te,724.58594,68.54225,745.7888
JVASP-5575,14,Te,724.58594,68.54225,743.37573
JVASP-5575,15,Te,724.58594,68.54225,745.7888
JVASP-5575,16,Te,442.00433,68.54225,473.51108
JVASP-5575,17,Te,442.00433,68.54225,473.8653
JVASP-5575,18,Te,442.00433,68.54225,473.51108
JVASP-5575,19,Te,442.00433,68.54225,473.8653
JVASP-5575,20,Te,702.77124,68.54225,706.178
JVASP-5575,21,Te,702.77124,68.54225,708.7949
JVASP-5575,22,Te,702.77124,68.54225,706.178
JVASP-5575,23,Te,702.77124,68.54225,708.7949
JVASP-5575,24,Te,613.8048,68.54225,618.9712
JVASP-5575,25,Te,613.8048,68.54225,613.1349
JVASP-5575,26,Te,613.8048,68.54225,618.9712
JVASP-5575,27,Te,613.8048,68.54225,613.1349
JVASP-5575,28,Te,138.3001,68.54225,180.67082
JVASP-5575,29,Te,138.3001,68.54225,174.47446
JVASP-5575,30,Te,138.3001,68.54225,180.67082
JVASP-5575,31,Te,138.3001,68.54225,174.47446
JVASP-5575,32,I,407.16034,47.949,445.53195
JVASP-5575,33,I,407.16034,47.949,443.17987
JVASP-5575,34,I,407.16034,47.949,445.53195
JVASP-5575,35,I,407.16034,47.949,443.17987
JVASP-5713,0,Nb,79.138794,15.259404,79.50616
JVASP-5713,1,Nb,79.13726,15.259404,80.47972
JVASP-5713,2,Nb,79.13726,15.259404,81.182434
JVASP-5713,3,Nb,79.13726,15.259404,80.92359
JVASP-5713,4,Nb,79.13726,15.259404,82.250725
JVASP-5713,5,Nb,79.138794,15.259404,81.0399
JVASP-5713,6,Te,31.088924,68.54225,39.006878
JVASP-5713,7,Te,31.088924,68.54225,39.006878
JVASP-5713,8,I,192.2629,47.949,235.08247
JVASP-5713,9,I,192.2629,47.949,235.08247
JVASP-5713,10,I,213.66013,47.949,208.83084
JVASP-5713,11,I,213.65921,47.949,203.55257
JVASP-5713,12,I,213.65921,47.949,226.7142
JVASP-5713,13,I,213.65921,47.949,200.7291
JVASP-5713,14,I,213.65921,47.949,221.30486
JVASP-5713,15,I,213.66013,47.949,200.11328
JVASP-5713,16,I,382.45792,47.949,379.21542
JVASP-5713,17,I,382.45596,47.949,395.5361
JVASP-5713,18,I,382.45596,47.949,409.3895
JVASP-5713,19,I,382.45596,47.949,397.78732
JVASP-5713,20,I,382.45596,47.949,403.4947
JVASP-5713,21,I,382.45792,47.949,375.23123
JVASP-31900,0,Nb,43.696053,15.259404,53.22509
JVASP-31900,1,Nb,43.696053,15.259404,53.22509
JVASP-31900,2,Te,1023.13696,68.54225,1003.6454
JVASP-31900,3,Te,630.8824,68.54225,684.6891
JVASP-31900,4,Te,630.8824,68.54225,684.6891
JVASP-31900,5,Te,1044.1122,68.54225,1068.6804
JVASP-31900,6,Te,650.4727,68.54225,687.0434
JVASP-31900,7,Te,1044.1122,68.54225,1068.6804
JVASP-31900,8,Te,1023.13696,68.54225,1003.6454
JVASP-31900,9,Te,650.4727,68.54225,687.0434
JVASP-31900,10,I,479.14053,47.949,459.40244
JVASP-31900,11,I,973.06433,47.949,935.38727
JVASP-31900,12,I,479.14053,47.949,459.40244
JVASP-31900,13,I,1063.7435,47.949,1076.2583
JVASP-31900,14,I,1075.7587,47.949,1079.9744
JVASP-31900,15,I,1075.7587,47.949,1079.9744
JVASP-31900,16,I,1046.879,47.949,1034.8606
JVASP-31900,17,I,973.06433,47.949,935.38727
JVASP-31900,18,I,453.85904,47.949,450.84744
JVASP-31900,19,I,1046.879,47.949,1034.8606
JVASP-31900,20,I,1063.7435,47.949,1076.2583
JVASP-31900,21,I,453.85904,47.949,450.84744
JVASP-14719,0,Rh,62.779213,12.903096,52.174557
JVASP-14719,1,Rh,62.779213,12.903096,52.36499
JVASP-14719,2,Rh,62.782364,12.903096,50.475113
JVASP-14719,3,Pb,598.7949,21.544178,611.3614
JVASP-14719,4,Pb,598.7949,21.544178,611.3614
JVASP-14719,5,Pb,976.12695,21.544178,963.9783
JVASP-14656,0,Rh,26.798786,12.903096,27.505114
JVASP-14656,1,Rh,26.798786,12.903096,27.505114
JVASP-14656,2,Pb,252.45589,21.544178,266.84354
JVASP-14656,3,Pb,252.45029,21.544178,256.42508
JVASP-14656,4,Pb,252.45589,21.544178,266.84354
JVASP-14656,5,Pb,252.45029,21.544178,256.42508
JVASP-39454,0,Rh,18.0903,12.903096,6.0505056
JVASP-39454,1,Rh,18.0903,12.903096,6.0505056
JVASP-39454,2,Rh,8.913693,12.903096,21.706957
JVASP-39454,3,Rh,18.0903,12.903096,6.0505056
JVASP-39454,4,Rh,18.0903,12.903096,6.0505056
JVASP-39454,5,Rh,8.913693,12.903096,21.706957
JVASP-39454,6,Pb,50.767307,21.544178,65.50912
JVASP-39454,7,Pb,50.767307,21.544178,65.50912
JVASP-65573,0,Ba,30.123825,16.451351,13.833867
JVASP-65573,1,Bi,686.5846,75.36236,612.2509
JVASP-65573,2,Bi,839.55853,75.36236,765.20233
JVASP-65573,3,Br,106.40746,43.576878,144.7752
JVASP-65590,0,Ba,30.536156,16.451351,14.243658
JVASP-65590,1,Bi,692.6259,75.36236,618.2911
JVASP-65590,2,Bi,847.3153,75.36236,772.95825
JVASP-65590,3,Br,106.67283,43.576878,145.0369
JVASP-69119,0,Ba,30.629236,16.451351,14.336186
JVASP-69119,1,Bi,692.49286,75.36236,618.158
JVASP-69119,2,Bi,847.3667,75.36236,773.00964
JVASP-69119,3,Br,106.56668,43.576878,144.9322
JVASP-78538,0,Rb,78.70415,7.136503,84.736336
JVASP-78538,1,Rb,78.70415,7.136503,84.736336
JVASP-78538,2,Bi,783.62604,75.36236,858.1519
JVASP-78538,3,Bi,783.62604,75.36236,858.1519
JVASP-86208,0,Rb,24.814964,7.136503,19.285154
JVASP-86208,1,Rb,24.814964,7.136503,19.285154
JVASP-86208,2,Rb,81.71008,7.136503,87.73908
JVASP-86208,3,Rb,24.814964,7.136503,19.285154
JVASP-86208,4,Rb,81.71008,7.136503,87.73908
JVASP-86208,5,Rb,24.814964,7.136503,19.285154
JVASP-86208,6,Bi,76.41632,75.36236,151.31651
JVASP-86208,7,Bi,76.41673,75.36236,151.3169
JVASP-86810,0,Rb,24.814964,7.136503,19.285242
JVASP-86810,1,Rb,24.814964,7.136503,19.285242
JVASP-86810,2,Rb,81.71008,7.136503,87.7391
JVASP-86810,3,Rb,24.814964,7.136503,19.285242
JVASP-86810,4,Rb,81.71008,7.136503,87.7391
JVASP-86810,5,Rb,24.814964,7.136503,19.285242
JVASP-86810,6,Bi,76.41673,75.36236,151.31696
JVASP-86810,7,Bi,76.41673,75.36236,151.31696
JVASP-19941,0,Y,0.0050990195,11.128398,11.125126
JVASP-19941,1,Te,0.0014142137,68.54225,68.543564
JVASP-41552,0,Y,28.185055,11.128398,36.03786
JVASP-41552,1,Te,47.838127,68.54225,115.59238
JVASP-12182,0,Y,10.350734,11.128398,16.516052
JVASP-12182,1,Y,10.350734,11.128398,16.516052
JVASP-12182,2,Y,10.350734,11.128398,16.516052
JVASP-12182,3,Y,10.350734,11.128398,16.516052
JVASP-12182,4,Te,690.7504,68.54225,714.2497
JVASP-12182,5,Te,690.7504,68.54225,714.2497
JVASP-12182,6,Te,693.6662,68.54225,723.4831
JVASP-12182,7,Te,693.6662,68.54225,723.4831
JVASP-12182,8,Te,62.57066,68.54225,107.61045
JVASP-12182,9,Te,62.57066,68.54225,107.61045
JVASP-12182,10,Te,690.7504,68.54225,714.2497
JVASP-12182,11,Te,690.7504,68.54225,714.2497
JVASP-12182,12,Te,693.6662,68.54225,723.4831
JVASP-12182,13,Te,693.6662,68.54225,723.4831
JVASP-12182,14,Te,62.57066,68.54225,107.61045
JVASP-12182,15,Te,62.57066,68.54225,107.61045
JVASP-29673,0,Hg,26.094414,18.195402,27.271395
JVASP-29673,1,Hg,26.09319,18.195402,27.27005
JVASP-29673,2,Hg,26.09523,18.195402,27.272022
JVASP-29673,3,Br,61.555897,43.576878,100.50793
JVASP-29673,4,Br,61.572853,43.576878,100.4588
JVASP-29673,5,Br,61.5724,43.576878,101.09101
JVASP-29673,6,Br,61.55591,43.576878,100.76306
JVASP-29673,7,Br,61.57281,43.576878,100.92668
JVASP-29673,8,Br,61.555862,43.576878,101.15649
JVASP-3648,0,Br,540.4777,43.576878,533.2561
JVASP-3648,1,Br,540.4777,43.576878,533.67084
JVASP-3648,2,Br,534.4881,43.576878,526.3405
JVASP-3648,3,Br,534.4881,43.576878,526.75006
JVASP-3648,4,Hg,653.1421,18.195402,663.81683
JVASP-3648,5,Hg,653.1421,18.195402,650.3559
JVASP-1984,0,Br,350.8338,43.576878,333.19922
JVASP-1984,1,Br,350.8338,43.576878,333.19922
JVASP-1984,2,Hg,643.36365,18.195402,645.11304
JVASP-1984,3,Hg,643.36365,18.195402,645.11304
JVASP-16042,0,Ta,0.0,34.19568,34.19568
JVASP-16042,1,F,123.40038,15.800529,134.88866
JVASP-16042,2,F,123.40038,15.800529,128.02658
JVASP-16042,3,F,123.40039,15.800529,108.84017
JVASP-30603,0,Ta,648.02814,34.19568,639.0696
JVASP-30603,1,F,158.05934,15.800529,157.67043
JVASP-30603,2,F,158.05934,15.800529,157.67043
JVASP-30603,3,F,12.68996,15.800529,18.31423
JVASP-30603,4,F,12.68996,15.800529,18.31423
JVASP-30603,5,F,243.31807,15.800529,246.60007
JVASP-8294,0,Ta,648.055,34.19568,639.09607
JVASP-8294,1,F,158.05957,15.800529,157.67073
JVASP-8294,2,F,158.05957,15.800529,157.67073
JVASP-8294,3,F,12.686841,15.800529,18.313164
JVASP-8294,4,F,12.686841,15.800529,18.313164
JVASP-8294,5,F,243.31807,15.800529,246.60007
JVASP-35059,0,Pa,80.93849,92.4506,173.16956
JVASP-35059,1,Pa,80.93849,92.4506,173.16956
JVASP-35059,2,P,19.148478,4.940868,23.11743
JVASP-35059,3,P,19.148478,4.940868,23.11743
JVASP-35059,4,P,118.29157,4.940868,114.59414
JVASP-35059,5,P,118.29157,4.940868,114.59414
JVASP-35028,0,P,112.1605,4.940868,115.948204
JVASP-35028,1,P,112.1605,4.940868,115.948204
JVASP-35028,2,Pa,608.21893,92.4506,700.2615
JVASP-30440,0,Pa,228.68274,92.4506,320.79846
JVASP-30440,1,Pa,228.68314,92.4506,320.79886
JVASP-30440,2,P,138.5278,4.940868,135.97766
JVASP-30440,3,P,138.5278,4.940868,135.8372
JVASP-30440,4,P,138.52872,4.940868,140.26843
JVASP-30440,5,P,138.52827,4.940868,135.97812
JVASP-30440,6,P,138.52827,4.940868,135.83765
JVASP-30440,7,P,138.52872,4.940868,140.26843
JVASP-17526,0,Np,563.16095,68.16108,618.7541
JVASP-17526,1,Ga,9.325207,4.5793962,13.608719
JVASP-17526,2,Ga,9.325207,4.5793962,13.608719
JVASP-17842,0,Np,0.0,68.16108,68.16108
JVASP-17842,1,Ga,111.3783,4.5793962,108.07372
JVASP-17842,2,Ga,111.3783,4.5793962,115.53747
JVASP-17842,3,Ga,111.3783,4.5793962,110.67725
JVASP-13755,0,Np,563.16095,68.16108,618.7541
JVASP-13755,1,Ga,9.325207,4.5793962,13.608719
JVASP-13755,2,Ga,9.325207,4.5793962,13.608719
JVASP-37761,0,Hf,5.423987,15.926846,13.779627
JVASP-37761,1,Hf,5.423987,15.926846,13.779627
JVASP-37761,2,Tl,140.40802,13.684985,130.93874
JVASP-37761,3,Tl,140.40802,13.684985,130.93874
JVASP-37761,4,Tl,546.7972,13.684985,556.6957
JVASP-37761,5,Tl,140.40802,13.684985,130.93874
JVASP-37761,6,Tl,140.40802,13.684985,130.93874
JVASP-37761,7,Tl,546.7972,13.684985,556.6957
JVASP-38484,0,Hf,49.359665,15.926846,42.916706
JVASP-38484,1,Hf,49.359665,15.926846,42.916706
JVASP-38484,2,Hf,320.51736,15.926846,329.38248
JVASP-38484,3,Hf,49.359665,15.926846,42.916706
JVASP-38484,4,Hf,49.359665,15.926846,42.916706
JVASP-38484,5,Hf,320.51736,15.926846,329.38248
JVASP-38484,6,Tl,115.92129,13.684985,126.09915
JVASP-38484,7,Tl,115.92129,13.684985,126.09915
JVASP-78286,0,Hf,97.265976,15.926846,89.68229
JVASP-78286,1,Hf,97.265976,15.926846,89.68229
JVASP-78286,2,Hf,97.265976,15.926846,89.68229
JVASP-78286,3,Hf,97.265976,15.926846,89.68229
JVASP-78286,4,Tl,73.586754,13.684985,64.47871
JVASP-78286,5,Tl,73.586754,13.684985,64.47871
JVASP-15049,0,B,0.0,5.024234,5.024234
JVASP-15049,1,Pu,0.013856406,29.168139,29.16496
JVASP-14795,0,Pu,521.6213,29.168139,547.03284
JVASP-14795,1,B,6.0330935,5.024234,1.0845652
JVASP-14795,2,B,6.0330935,5.024234,1.0845652
JVASP-26864,0,Pu,0.0,29.168139,29.168139
JVASP-26864,1,B,19.957626,5.024234,18.051027
JVASP-26864,2,B,19.957626,5.024234,24.971365
JVASP-26864,3,B,19.957626,5.024234,24.971365
JVASP-26864,4,B,19.957626,5.024234,17.92319
JVASP-26864,5,B,19.957626,5.024234,17.92319
JVASP-26864,6,B,19.957626,5.024234,18.051027
JVASP-67517,0,Na,7.7330394,0.84107655,7.4405313
JVASP-67517,1,Be,5.9506273,0.38258058,5.646528
JVASP-67517,2,Be,5.9506273,0.38258058,5.646528
JVASP-67517,3,Bi,494.52094,75.36236,420.23846
JVASP-67683,0,Be,8.220496,0.38258058,8.532214
JVASP-67683,1,Bi,211.9274,75.36236,137.97997
JVASP-67683,2,Na,15.268486,0.84107655,14.955712
JVASP-68139,0,Be,2.5027263,0.38258058,2.8198156
JVASP-68139,1,Bi,332.66278,75.36236,407.27722
JVASP-68139,2,Na,4.539722,0.84107655,4.93322
JVASP-68139,3,Na,2.671578,0.84107655,3.1019013
JVASP-36828,0,Pd,18.30193,20.903904,9.435443
JVASP-36828,1,Au,464.41724,9.827829,465.9416
JVASP-36828,2,O,17.492308,1.173997,17.341337
JVASP-36828,3,O,17.492308,1.173997,17.341337
JVASP-36836,0,Pd,171.95056,20.903904,189.727
JVASP-36836,1,Pd,31.166597,20.903904,28.516775
JVASP-36836,2,Au,439.66434,9.827829,445.53482
JVASP-36836,3,Au,439.66434,9.827829,445.53482
JVASP-36836,4,O,49.52397,1.173997,49.654247
JVASP-36836,5,O,127.79678,1.173997,127.63644
JVASP-36836,6,O,127.79678,1.173997,127.63644
JVASP-36836,7,O,49.52397,1.173997,49.654247
JVASP-36840,0,Pd,16.913727,20.903904,4.8752465
JVASP-36840,1,Pd,16.913727,20.903904,4.8752465
JVASP-36840,2,Au,465.15567,9.827829,469.33228
JVASP-36840,3,Au,465.15567,9.827829,469.33228
JVASP-36840,4,O,15.296656,1.173997,15.201672
JVASP-36840,5,O,15.296656,1.173997,15.201672
JVASP-36840,6,O,15.296656,1.173997,15.201672
JVASP-36840,7,O,15.296656,1.173997,15.201672
JVASP-4660,0,B,30.299788,5.024234,35.015854
JVASP-4660,1,B,30.299788,5.024234,35.015854
JVASP-4660,2,C,33.297256,4.4679255,33.26041
JVASP-4660,3,C,33.297256,4.4679255,33.26041
JVASP-4660,4,Dy,444.8239,4.4875207,448.78207
JVASP-4660,5,Dy,444.8239,4.4875207,448.78207
JVASP-20824,0,Dy,12.802667,4.4875207,17.020243
JVASP-20824,1,Dy,12.802667,4.4875207,17.020243
JVASP-20824,2,B,24.47403,5.024234,19.552412
JVASP-20824,3,B,24.47403,5.024234,19.567854
JVASP-20824,4,B,24.47403,5.024234,19.552412
JVASP-20824,5,B,24.47403,5.024234,19.567854
JVASP-20824,6,C,31.182205,4.4679255,33.462704
JVASP-20824,7,C,31.182205,4.4679255,33.090607
JVASP-20824,8,C,31.182205,4.4679255,33.090607
JVASP-20824,9,C,31.182205,4.4679255,33.462704
JVASP-59684,0,Dy,34.581898,4.4875207,38.747925
JVASP-59684,1,Dy,34.581898,4.4875207,38.747925
JVASP-59684,2,B,20.593191,5.024234,16.144548
JVASP-59684,3,B,20.593191,5.024234,16.077663
JVASP-59684,4,B,20.593191,5.024234,16.144548
JVASP-59684,5,B,20.593191,5.024234,16.077663
JVASP-59684,6,C,35.168407,4.4679255,37.7421
JVASP-59684,7,C,35.168407,4.4679255,36.778095
JVASP-59684,8,C,35.168407,4.4679255,36.778095
JVASP-59684,9,C,35.168407,4.4679255,37.7421
JVASP-78275,0,Te,0.0,68.54225,68.54225
JVASP-78275,1,Te,0.0,68.54225,68.54225
JVASP-78275,2,Te,0.0,68.54225,68.54225
JVASP-78275,3,Te,0.0,68.54225,68.54225
JVASP-78275,4,As,0.0,16.668182,16.668182
JVASP-78275,5,As,0.0,16.668182,16.668182
JVASP-78275,6,As,0.0,16.668182,16.668182
JVASP-78275,7,As,0.0,16.668182,16.668182
JVASP-8215,0,As,15.761078,16.668182,31.874472
JVASP-8215,1,As,15.762664,16.668182,31.875963
JVASP-8215,2,Te,60.710674,68.54225,23.37301
JVASP-8215,3,Te,60.710674,68.54225,23.37301
JVASP-8215,4,Te,101.15011,68.54225,167.29483
JVASP-9156,0,As,111.719376,16.668182,101.09218
JVASP-9156,1,As,111.719376,16.668182,101.09218
JVASP-9156,2,As,37.96587,16.668182,31.335346
JVASP-9156,3,As,37.96587,16.668182,31.335346
JVASP-9156,4,Te,404.8441,68.54225,389.43842
JVASP-9156,5,Te,404.8441,68.54225,389.43842
JVASP-9156,6,Te,425.7642,68.54225,430.0286
JVASP-9156,7,Te,425.7642,68.54225,430.0286
JVASP-9156,8,Te,46.263542,68.54225,28.536133
JVASP-9156,9,Te,46.263542,68.54225,28.536133
JVASP-17268,0,F,273.75903,15.800529,271.50235
JVASP-17268,1,F,273.7587,15.800529,281.27036
JVASP-17268,2,F,273.75885,15.800529,269.7799
JVASP-17268,3,F,273.7587,15.800529,281.27036
JVASP-17268,4,F,273.75903,15.800529,271.50235
JVASP-17268,5,F,273.75885,15.800529,269.7799
JVASP-17268,6,Pd,13.285057,20.903904,31.024693
JVASP-17268,7,Pd,13.285057,20.903904,31.024693
JVASP-19614,0,Pd,88.52201,20.903904,89.02874
JVASP-19614,1,Pd,88.52201,20.903904,89.05281
JVASP-19614,2,F,182.22989,15.800529,178.31442
JVASP-19614,3,F,182.22989,15.800529,179.5343
JVASP-19614,4,F,182.22989,15.800529,178.31442
JVASP-19614,5,F,182.22989,15.800529,179.5343
JVASP-11152,0,F,407.25253,15.800529,404.022
JVASP-11152,1,F,407.25323,15.800529,411.8965
JVASP-11152,2,F,276.03864,15.800529,276.329
JVASP-11152,3,F,276.03745,15.800529,280.18375
JVASP-11152,4,F,276.03735,15.800529,270.79315
JVASP-11152,5,F,276.03815,15.800529,272.01157
JVASP-11152,6,F,407.25226,15.800529,418.31897
JVASP-11152,7,F,407.25272,15.800529,404.33722
JVASP-11152,8,Pd,36.07632,20.903904,37.004745
JVASP-11152,9,Pd,36.077297,20.903904,37.719982
JVASP-19589,0,Sb,0.00081649655,27.438374,27.439093
JVASP-19589,1,Dy,0.0072571808,4.4875207,4.4936566
JVASP-35791,0,Dy,131.13385,4.4875207,129.40356
JVASP-35791,1,Sb,416.27625,27.438374,391.1817
JVASP-35791,2,Sb,416.27625,27.438374,391.1295
JVASP-36272,0,Dy,0.0,4.4875207,4.4875207
JVASP-36272,1,Sb,0.0,27.438374,27.438374
JVASP-38931,0,Mg,1.4117233,0.4287979,1.1157541
JVASP-38931,1,Mg,1.4117233,0.4287979,1.1157541
JVASP-38931,2,Tl,57.0072,13.684985,58.6215
JVASP-38931,3,Tl,57.007706,13.684985,68.07722
JVASP-38931,4,Tl,57.0072,13.684985,59.163353
JVASP-38931,5,Tl,57.0072,13.684985,59.163353
JVASP-38931,6,Tl,57.007706,13.684985,68.07722
JVASP-38931,7,Tl,57.0072,13.684985,58.6215
JVASP-56750,0,Mg,9.24315,0.4287979,8.917303
JVASP-56750,1,Mg,3.2635174,0.4287979,2.9565032
JVASP-56750,2,Mg,9.24315,0.4287979,8.917321
JVASP-56750,3,Mg,3.263686,0.4287979,2.9807897
JVASP-56750,4,Mg,3.263686,0.4287979,2.9622812
JVASP-56750,5,Mg,9.243151,0.4287979,8.917331
JVASP-56750,6,Tl,386.0151,13.684985,395.94675
JVASP-56750,7,Tl,280.5082,13.684985,290.4816
JVASP-56750,8,Tl,386.0151,13.684985,395.94675
JVASP-16575,0,Mg,0.0,0.4287979,0.4287979
JVASP-16575,1,Tl,0.0,13.684985,13.684985
JVASP-69168,0,Ba,104.93696,16.451351,88.572945
JVASP-69168,1,Tl,152.40807,13.684985,142.90959
JVASP-69168,2,Sb,68.308105,27.438374,46.163116
JVASP-69168,3,Sb,377.23856,27.438374,353.4182
JVASP-69287,0,Ba,104.931244,16.451351,88.56724
JVASP-69287,1,Tl,152.48808,13.684985,142.98943
JVASP-69287,2,Sb,68.28688,27.438374,46.142773
JVASP-69287,3,Sb,377.19528,27.438374,353.37497
JVASP-69360,0,Ba,104.94267,16.451351,88.57866
JVASP-69360,1,Tl,152.54851,13.684985,143.04973
JVASP-69360,2,Sb,68.26973,27.438374,46.126343
JVASP-69360,3,Sb,377.25653,27.438374,353.43616
JVASP-3831,0,Cl,286.77032,20.642973,290.96564
JVASP-3831,1,Cl,286.7694,20.642973,279.74948
JVASP-3831,2,Cl,284.69757,20.642973,294.5518
JVASP-3831,3,Cl,284.69757,20.642973,294.5518
JVASP-3831,4,Cl,286.7694,20.642973,279.74948
JVASP-3831,5,Cl,286.77032,20.642973,290.96564
JVASP-3831,6,Ir,65.84874,25.960743,50.13084
JVASP-3831,7,Ir,65.84874,25.960743,50.13084
JVASP-39875,0,Ir,367.49738,25.960743,343.5078
JVASP-39875,1,Ir,367.49695,25.960743,343.5074
JVASP-39875,2,Cl,277.7068,20.642973,268.25613
JVASP-39875,3,Cl,277.70682,20.642973,261.79816
JVASP-39875,4,Cl,277.70682,20.642973,260.05377
JVASP-39875,5,Cl,277.7082,20.642973,268.2575
JVASP-39875,6,Cl,277.70673,20.642973,261.79807
JVASP-39875,7,Cl,277.70673,20.642973,260.05368
JVASP-42077,0,Ir,78.37514,25.960743,71.03294
JVASP-42077,1,Ir,78.37514,25.960743,65.47677
JVASP-42077,2,Cl,311.1078,20.642973,302.82944
JVASP-42077,3,Cl,311.1078,20.642973,302.82944
JVASP-42077,4,Cl,311.1078,20.642973,305.59286
JVASP-42077,5,Cl,311.1078,20.642973,305.59286
JVASP-18622,0,Pr,59.690052,6.8834753,58.356697
JVASP-18622,1,Pr,59.690052,6.8834753,58.356697
JVASP-18622,2,Au,346.12332,9.827829,344.6611
JVASP-18622,3,Au,346.12332,9.827829,344.6611
JVASP-18622,4,Au,346.12323,9.827829,346.09116
JVASP-18622,5,Au,346.12323,9.827829,346.09116
JVASP-37129,0,Pr,47.374348,6.8834753,54.18532
JVASP-37129,1,Pr,47.374348,6.8834753,54.18532
JVASP-37129,2,Au,173.32071,9.827829,168.75555
JVASP-37129,3,Au,173.32071,9.827829,168.75555
JVASP-7699,0,Pr,0.0,6.8834753,6.8834753
JVASP-7699,1,Au,0.0,9.827829,9.827829
JVASP-1540,0,Al,17.650206,1.0875204,16.60418
JVASP-1540,1,Al,17.650206,1.0875204,16.60418
JVASP-1540,2,Al,17.650206,1.0875204,16.60418
JVASP-1540,3,Al,17.650206,1.0875204,16.60418
JVASP-1540,4,Os,336.31006,41.308342,373.76193
JVASP-1540,5,Os,336.31006,41.308342,373.76193
JVASP-17426,0,Al,3.4517155,1.0875204,2.6327162
JVASP-17426,1,Al,1.4224521,1.0875204,0.8154977
JVASP-17426,2,Al,1.4224521,1.0875204,0.8154977
JVASP-17426,3,Os,73.79061,41.308342,114.179436
JVASP-17426,4,Os,73.79061,41.308342,114.179436
JVASP-19875,0,Al,0.0,1.0875204,1.0875204
JVASP-19875,1,Os,0.0,41.308342,41.308342
JVASP-14583,0,Zr,39.166527,6.08661,43.397808
JVASP-14583,1,Zr,39.166527,6.08661,43.397808
JVASP-14583,2,Hg,330.57578,18.195402,341.76785
JVASP-14583,3,Hg,330.57578,18.195402,341.76785
JVASP-19776,0,Zr,0.0,6.08661,6.08661
JVASP-19776,1,Hg,268.32935,18.195402,263.76813
JVASP-19776,2,Hg,268.32935,18.195402,284.48035
JVASP-19776,3,Hg,268.32935,18.195402,257.86127
JVASP-19785,0,Zr,115.32361,6.08661,117.412025
JVASP-19785,1,Zr,115.32361,6.08661,117.412025
JVASP-19785,2,Zr,115.32361,6.08661,119.399124
JVASP-19785,3,Zr,115.32361,6.08661,119.399124
JVASP-19785,4,Zr,115.32361,6.08661,109.3984
JVASP-19785,5,Zr,115.32361,6.08661,109.3984
JVASP-19785,6,Hg,0.0,18.195402,18.195402
JVASP-19785,7,Hg,0.0,18.195402,18.195402
JVASP-14549,0,Er,0.0,6.1186743,6.1186743
JVASP-14549,1,Tl,324.81213,13.684985,313.62946
JVASP-14549,2,Tl,324.81216,13.684985,334.76483
JVASP-14549,3,Tl,324.81213,13.684985,326.55734
JVASP-14865,0,Er,0.0,6.1186743,6.1186743
JVASP-14865,1,Tl,0.0,13.684985,13.684985
JVASP-19611,0,Er,9.154559,6.1186743,15.079911
JVASP-19611,1,Tl,306.95456,13.684985,297.2906
JVASP-54808,0,Tl,335.75677,13.684985,346.96698
JVASP-54808,1,Tl,335.76178,13.684985,323.80078
JVASP-54808,2,Tl,335.76178,13.684985,323.80078
JVASP-54808,3,Tl,335.75677,13.684985,346.96698
JVASP-54808,4,Pd,49.49359,20.903904,50.385143
JVASP-54808,5,Pd,49.49359,20.903904,50.385143
JVASP-54851,0,Tl,44.365158,13.684985,35.83979
JVASP-54851,1,Tl,44.365158,13.684985,35.83979
JVASP-54851,2,Pd,29.681284,20.903904,50.448757
JVASP-54851,3,Pd,21.814339,20.903904,3.3105175
JVASP-54851,4,Pd,21.814339,20.903904,3.3105175
JVASP-54851,5,Pd,29.681284,20.903904,50.448757
JVASP-54851,6,Pd,21.814339,20.903904,3.3105175
JVASP-54851,7,Pd,21.814339,20.903904,3.3105175
JVASP-56312,0,Tl,0.034292858,13.684985,13.709605
JVASP-56312,1,Pd,19.134949,20.903904,22.309948
JVASP-56312,2,Pd,19.134949,20.903904,17.470818
JVASP-56312,3,Pd,18.883118,20.903904,39.676662
JVASP-37233,0,Sm,22.696156,14.72507,8.241128
JVASP-37233,1,Sm,70.93641,14.72507,56.33292
JVASP-37233,2,Ag,54.386837,6.9597216,60.88958
JVASP-37233,3,Ag,54.386837,6.9597216,60.88958
JVASP-37233,4,O,105.400665,1.173997,105.83633
JVASP-37233,5,O,105.400665,1.173997,105.83633
JVASP-37233,6,O,59.57649,1.173997,59.4482
JVASP-37233,7,O,105.400665,1.173997,105.14898
JVASP-37233,8,O,105.400665,1.173997,105.14898
JVASP-50915,0,Sm,303.97064,14.72507,289.3466
JVASP-50915,1,Sm,303.97064,14.72507,289.3469
JVASP-50915,2,Ag,229.43962,6.9597216,223.00925
JVASP-50915,3,Ag,229.46576,6.9597216,223.03522
JVASP-50915,4,O,83.16385,1.173997,83.03232
JVASP-50915,5,O,83.16386,1.173997,83.03224
JVASP-50915,6,O,83.16386,1.173997,83.03226
JVASP-50915,7,O,83.16385,1.173997,83.03232
JVASP-52263,0,Sm,303.39624,14.72507,288.77255
JVASP-52263,1,Ag,229.19876,6.9597216,222.76802
JVASP-52263,2,O,83.2704,1.173997,83.13884
JVASP-52263,3,O,83.2704,1.173997,83.13884
JVASP-3438,0,Li,0.20498292,0.084703535,0.18109003
JVASP-3438,1,Li,0.20498292,0.084703535,0.18109003
JVASP-3438,2,Se,314.84598,29.56337,330.94006
JVASP-3438,3,Se,314.84592,29.56337,300.3578
JVASP-3438,4,Se,314.8462,29.56337,298.01468
JVASP-3438,5,Se,314.84592,29.56337,327.58453
JVASP-3438,6,In,2.9985332,6.7296906,9.263132
JVASP-3438,7,In,2.9985332,6.7296906,9.263132
JVASP-7662,0,Li,0.1723949,0.084703535,0.121294506
JVASP-7662,1,Se,31.52964,29.56337,12.27689
JVASP-7662,2,Se,31.52964,29.56337,12.27689
JVASP-7662,3,In,3.1267028,6.7296906,9.759223
JVASP-8808,0,Li,1.0516475,0.084703535,0.9733023
JVASP-8808,1,Li,1.0516475,0.084703535,0.9733023
JVASP-8808,2,In,114.20748,6.7296906,108.29034
JVASP-8808,3,In,114.20748,6.7296906,108.29034
JVASP-8808,4,Se,265.8916,29.56337,279.71976
JVASP-8808,5,Se,265.8916,29.56337,279.71976
JVASP-8808,6,Se,265.8928,29.56337,284.1708
JVASP-8808,7,Se,265.8928,29.56337,284.1708
JVASP-14013,0,Ti,31.375515,1.1299996,32.34325
JVASP-14013,1,Ti,31.375515,1.1299996,32.34325
JVASP-14013,2,Ti,31.375515,1.1299996,32.34325
JVASP-14013,3,Ti,31.375515,1.1299996,32.34325
JVASP-14013,4,In,288.22287,6.7296906,282.27994
JVASP-14013,5,In,288.22287,6.7296906,282.27994
JVASP-14013,6,C,3.0969715,4.4679255,6.423261
JVASP-14013,7,C,3.0969715,4.4679255,6.423261
JVASP-17673,0,Ti,144.38762,1.1299996,145.33533
JVASP-17673,1,Ti,144.38762,1.1299996,143.42642
JVASP-17673,2,Ti,144.38762,1.1299996,144.40807
JVASP-17673,3,In,0.0,6.7296906,6.7296906
JVASP-17673,4,C,0.0,4.4679255,4.4679255
JVASP-17669,0,Ti,31.375515,1.1299996,32.34332
JVASP-17669,1,Ti,31.375515,1.1299996,32.34332
JVASP-17669,2,Ti,31.375515,1.1299996,32.34332
JVASP-17669,3,Ti,31.375515,1.1299996,32.34332
JVASP-17669,4,In,288.22287,6.7296906,282.27994
JVASP-17669,5,In,288.22287,6.7296906,282.27994
JVASP-17669,6,C,3.0969715,4.4679255,6.423261
JVASP-17669,7,C,3.0969715,4.4679255,6.423261
JVASP-16810,0,Sn,295.3111,6.63049,293.6243
JVASP-16810,1,Sn,262.51498,6.63049,256.40665
JVASP-16810,2,Sn,260.3719,6.63049,263.97876
JVASP-16810,3,Sn,260.3719,6.63049,263.97876
JVASP-16810,4,Nd,51.69098,2.8276725,50.30556
JVASP-16810,5,Nd,51.69098,2.8276725,50.30556
JVASP-20534,0,Nd,0.0,2.8276725,2.8276725
JVASP-20534,1,Sn,196.33478,6.63049,196.69977
JVASP-20534,2,Sn,196.33478,6.63049,190.7806
JVASP-20534,3,Sn,196.33478,6.63049,201.70744
JVASP-20264,0,Nd,0.0,2.8276725,2.8276725
JVASP-20264,1,Sn,196.33884,6.63049,196.70384
JVASP-20264,2,Sn,196.33884,6.63049,190.78467
JVASP-20264,3,Sn,196.33884,6.63049,201.7115
JVASP-2709,0,K,0.04411349,3.9006114,3.943596
JVASP-2709,1,K,0.04411349,3.9006114,3.943596
JVASP-2709,2,Pd,5.1369886,20.903904,25.995127
JVASP-2709,3,F,272.01822,15.800529,269.33786
JVASP-2709,4,F,272.01822,15.800529,274.4631
JVASP-2709,5,F,272.01733,15.800529,278.12854
JVASP-2709,6,F,272.01822,15.800529,269.33786
JVASP-2709,7,F,272.01822,15.800529,274.4631
JVASP-2709,8,F,272.01733,15.800529,278.12854
JVASP-16123,0,K,0.0,3.9006114,3.9006114
JVASP-16123,1,Pd,0.0,20.903904,20.903904
JVASP-16123,2,F,212.58142,15.800529,197.95248
JVASP-16123,3,F,212.58144,15.800529,223.87985
JVASP-16123,4,F,212.58144,15.800529,216.82755
JVASP-3963,0,K,8.277316,3.9006114,11.39082
JVASP-3963,1,K,8.277316,3.9006114,11.39082
JVASP-3963,2,Pd,250.81102,20.903904,253.7928
JVASP-3963,3,F,183.76094,15.800529,180.0911
JVASP-3963,4,F,183.76094,15.800529,193.60855
JVASP-3963,5,F,183.76094,15.800529,180.0911
JVASP-3963,6,F,183.76094,15.800529,193.60855
JVASP-30485,0,Mg,27.219168,0.4287979,26.9084
JVASP-30485,1,Mg,18.582277,0.4287979,18.915104
JVASP-30485,2,Mg,18.582277,0.4287979,18.915104
JVASP-30485,3,Mg,27.219168,0.4287979,26.9084
JVASP-30485,4,As,14.012996,16.668182,13.183175
JVASP-30485,5,As,14.012996,16.668182,13.183175
JVASP-39318,0,Mg,5.4893074,0.4287979,5.825768
JVASP-39318,1,As,266.17746,16.668182,282.4678
JVASP-8147,0,Mg,5.035338,0.4287979,4.7132235
JVASP-8147,1,Mg,5.035338,0.4287979,4.7132235
JVASP-8147,2,Mg,1.1602554,0.4287979,0.87401456
JVASP-8147,3,As,19.167257,16.668182,35.62018
JVASP-8147,4,As,19.167257,16.668182,35.62018
JVASP-33894,0,Ag,181.14311,6.9597216,180.53062
JVASP-33894,1,Ag,181.14381,6.9597216,182.59038
JVASP-33894,2,N,106.05642,2.1896696,106.672966
JVASP-33894,3,N,106.056496,2.1896696,107.01032
JVASP-33894,4,O,260.44177,1.173997,260.89624
JVASP-33894,5,O,222.74753,1.173997,222.98596
JVASP-33894,6,O,222.74716,1.173997,222.68541
JVASP-33894,7,O,260.4414,1.173997,261.12094
JVASP-8098,0,Ag,176.823,6.9597216,176.91176
JVASP-8098,1,Ag,176.823,6.9597216,176.91176
JVASP-8098,2,N,110.83983,2.1896696,109.02541
JVASP-8098,3,N,110.83983,2.1896696,109.02541
JVASP-8098,4,O,235.41788,1.173997,234.93294
JVASP-8098,5,O,235.41788,1.173997,235.60274
JVASP-8098,6,O,235.41788,1.173997,234.93294
JVASP-8098,7,O,235.41788,1.173997,235.60274
JVASP-8165,0,N,14.282458,2.1896696,15.300842
JVASP-8165,1,O,283.54272,1.173997,283.94147
JVASP-8165,2,O,283.54224,1.173997,282.7186
JVASP-8165,3,O,283.54257,1.173997,284.11243
JVASP-8165,4,Ag,67.327934,6.9597216,71.39185
JVASP-19956,0,S,0.0,15.204629,15.204629
JVASP-19956,1,Nd,0.003464102,2.8276725,2.8254056
JVASP-14904,0,Nd,22.111546,2.8276725,24.452972
JVASP-14904,1,Nd,22.111546,2.8276725,24.452972
JVASP-14904,2,S,40.273697,15.204629,25.408882
JVASP-14904,3,S,40.273697,15.204629,25.408882
JVASP-14904,4,S,140.24554,15.204629,125.27954
JVASP-14904,5,S,140.24554,15.204629,125.27954
JVASP-38520,0,Nd,166.96947,2.8276725,164.6933
JVASP-38520,1,Nd,166.96947,2.8276725,164.6933
JVASP-38520,2,S,255.69444,15.204629,247.15105
JVASP-38520,3,S,255.69444,15.204629,245.16217
JVASP-38520,4,S,255.69408,15.204629,247.40146
JVASP-38520,5,S,255.69444,15.204629,247.15105
JVASP-38520,6,S,255.69444,15.204629,245.16217
JVASP-38520,7,S,255.69408,15.204629,247.40146
JVASP-19706,0,C,82.79763,4.4679255,81.07038
JVASP-19706,1,C,82.79763,4.4679255,81.07038
JVASP-19706,2,Ho,250.38652,5.3662715,251.48346
JVASP-19788,0,C,9.309195,4.4679255,11.84895
JVASP-19788,1,Ho,35.59199,5.3662715,39.788754
JVASP-19788,2,Ho,35.59199,5.3662715,39.788754
JVASP-12068,0,Ho,35.63885,5.3662715,40.86565
JVASP-12068,1,Ho,35.63885,5.3662715,40.86565
JVASP-12068,2,Ho,35.63885,5.3662715,40.86565
JVASP-12068,3,Ho,35.63885,5.3662715,40.86565
JVASP-12068,4,Ho,35.63885,5.3662715,40.86565
JVASP-12068,5,Ho,35.63885,5.3662715,40.86565
JVASP-12068,6,C,9.306428,4.4679255,11.905657
JVASP-12068,7,C,9.306428,4.4679255,11.905657
JVASP-12068,8,C,9.306428,4.4679255,11.905657
JVASP-15752,0,Dy,92.95201,4.4875207,88.843735
JVASP-15752,1,Dy,92.95201,4.4875207,88.843735
JVASP-15752,2,Se,12.759393,29.56337,42.126392
JVASP-15752,3,Se,12.759393,29.56337,42.126392
JVASP-19845,0,Se,0.0,29.56337,29.56337
JVASP-19845,1,Dy,0.0028284274,4.4875207,4.489816
JVASP-85165,0,Dy,40.183884,4.4875207,36.101254
JVASP-85165,1,Dy,40.183884,4.4875207,36.101254
JVASP-85165,2,Se,244.26964,29.56337,215.44432
JVASP-85165,3,Se,244.26964,29.56337,215.44432
JVASP-85165,4,Se,85.39411,29.56337,56.816
JVASP-85165,5,Se,85.39411,29.56337,56.816
JVASP-32677,0,H,30.983635,4.494067,27.326876
JVASP-32677,1,H,31.642347,4.494067,33.20484
JVASP-32677,2,H,27.147266,4.494067,30.66721
JVASP-32677,3,H,32.005165,4.494067,33.879852
JVASP-32677,4,H,31.709898,4.494067,27.97999
JVASP-32677,5,H,31.641386,4.494067,33.203815
JVASP-32677,6,H,30.573463,4.494067,26.880764
JVASP-32677,7,H,32.005165,4.494067,33.879852
JVASP-32677,8,H,31.376404,4.494067,33.331894
JVASP-32677,9,H,19.53503,4.494067,16.574877
JVASP-32677,10,H,33.139748,4.494067,29.511892
JVASP-32677,11,H,31.709898,4.494067,27.97999
JVASP-32677,12,H,31.166046,4.494067,32.036777
JVASP-32677,13,H,31.817978,4.494067,32.698807
JVASP-32677,14,H,31.165356,4.494067,32.03599
JVASP-32677,15,H,30.893887,4.494067,27.417656
JVASP-32677,16,H,31.658997,4.494067,33.66801
JVASP-32677,17,H,30.983635,4.494067,27.326876
JVASP-32677,18,H,27.147266,4.494067,30.66721
JVASP-32677,19,H,30.573463,4.494067,26.880764
JVASP-32677,20,H,31.376404,4.494067,33.331894
JVASP-32677,21,H,19.53503,4.494067,16.574877
JVASP-32677,22,H,34.565674,4.494067,36.321095
JVASP-32677,23,H,34.565674,4.494067,36.321095
JVASP-32677,24,H,33.139748,4.494067,29.511892
JVASP-32677,25,H,30.893452,4.494067,27.417276
JVASP-32677,26,H,31.658997,4.494067,33.66801
JVASP-32677,27,H,31.817978,4.494067,32.698807
JVASP-32677,28,C,53.78951,4.4679255,51.169064
JVASP-32677,29,C,54.608704,4.4679255,57.22679
JVASP-32677,30,C,55.38379,4.4679255,53.569416
JVASP-32677,31,C,53.790974,4.4679255,51.170517
JVASP-32677,32,C,54.608704,4.4679255,57.22679
JVASP-32677,33,C,55.38379,4.4679255,53.569416
JVASP-32677,34,N,26.461403,2.1896696,27.519129
JVASP-32677,35,N,26.461403,2.1896696,27.519129
JVASP-32677,36,F,213.08736,15.800529,217.01593
JVASP-32677,37,F,102.81813,15.800529,93.84382
JVASP-32677,38,F,192.64162,15.800529,186.30554
JVASP-32677,39,F,230.53699,15.800529,215.32458
JVASP-32677,40,F,239.38676,15.800529,247.43195
JVASP-32677,41,F,239.38676,15.800529,247.43195
JVASP-32677,42,F,230.53699,15.800529,215.32458
JVASP-32677,43,F,192.64162,15.800529,186.30554
JVASP-32677,44,F,213.08736,15.800529,217.01593
JVASP-32677,45,F,102.81813,15.800529,93.84382
JVASP-34311,0,H,24.355452,4.494067,23.923208
JVASP-34311,1,H,24.354666,4.494067,25.311604
JVASP-34311,2,H,30.59239,4.494067,33.18735
JVASP-34311,3,H,24.355053,4.494067,27.09535
JVASP-34311,4,H,30.591782,4.494067,31.645145
JVASP-34311,5,H,30.592651,4.494067,30.131222
JVASP-34311,6,C,46.031082,4.4679255,47.715073
JVASP-34311,7,N,42.459583,2.1896696,41.47142
JVASP-34311,8,F,28.614378,15.800529,42.360855
JVASP-32431,0,H,29.711058,4.494067,28.855124
JVASP-32431,1,H,30.139185,4.494067,31.770683
JVASP-32431,2,H,30.139185,4.494067,31.785622
JVASP-32431,3,H,31.445705,4.494067,33.41862
JVASP-32431,4,H,30.771145,4.494067,29.361917
JVASP-32431,5,H,31.445705,4.494067,33.41862
JVASP-32431,6,H,30.771145,4.494067,29.671392
JVASP-32431,7,H,29.711058,4.494067,28.550692
JVASP-32431,8,H,31.445705,4.494067,33.409466
JVASP-32431,9,H,30.771145,4.494067,29.359228
JVASP-32431,10,H,30.771145,4.494067,29.674305
JVASP-32431,11,H,8.056581,4.494067,4.41633
JVASP-32431,12,H,30.771145,4.494067,29.671392
JVASP-32431,13,H,30.771145,4.494067,29.359228
JVASP-32431,14,H,29.711058,4.494067,28.855124
JVASP-32431,15,H,31.445705,4.494067,33.409466
JVASP-32431,16,H,30.771145,4.494067,29.361917
JVASP-32431,17,H,29.711058,4.494067,28.550692
JVASP-32431,18,H,30.139185,4.494067,31.776834
JVASP-32431,19,H,30.771145,4.494067,29.674305
JVASP-32431,20,H,30.139185,4.494067,31.776834
JVASP-32431,21,H,30.139185,4.494067,31.785622
JVASP-32431,22,H,30.139185,4.494067,31.772787
JVASP-32431,23,H,30.139185,4.494067,31.770683
JVASP-32431,24,H,8.056581,4.494067,4.41633
JVASP-32431,25,H,30.139185,4.494067,31.772787
JVASP-32431,26,C,57.39095,4.4679255,57.913975
JVASP-32431,27,C,57.39095,4.4679255,57.913975
JVASP-32431,28,C,54.96269,4.4679255,56.039528
JVASP-32431,29,C,54.96269,4.4679255,54.60811
JVASP-32431,30,C,54.96269,4.4679255,56.039528
JVASP-32431,31,C,57.39095,4.4679255,56.96333
JVASP-32431,32,C,54.96269,4.4679255,54.60811
JVASP-32431,33,C,57.39095,4.4679255,56.96333
JVASP-32431,34,N,1.8302939,2.1896696,3.6163623
JVASP-32431,35,N,1.8302939,2.1896696,3.6163623
JVASP-32431,36,F,123.04081,15.800529,108.39845
JVASP-32431,37,F,123.04081,15.800529,108.72144
JVASP-32431,38,F,123.04081,15.800529,108.72144
JVASP-32431,39,F,123.04081,15.800529,108.39845
JVASP-50189,0,Ho,129.448,5.3662715,128.7678
JVASP-50189,1,Ho,129.448,5.3662715,129.55923
JVASP-50189,2,H,30.063992,4.494067,29.085331
JVASP-50189,3,H,30.063992,4.494067,29.015015
JVASP-50189,4,O,106.511826,1.173997,107.059364
JVASP-50189,5,O,19.786366,1.173997,19.770866
JVASP-50189,6,O,106.511826,1.173997,106.47235
JVASP-50189,7,O,19.786366,1.173997,20.364204
JVASP-50255,0,Ho,236.09653,5.3662715,230.89404
JVASP-50255,1,Ho,236.09653,5.3662715,230.89404
JVASP-50255,2,H,4.0355344,4.494067,1.9315126
JVASP-50255,3,H,4.0355344,4.494067,1.9315126
JVASP-50255,4,O,45.668285,1.173997,45.543484
JVASP-50255,5,O,45.668285,1.173997,45.543484
JVASP-50255,6,O,45.668285,1.173997,45.543484
JVASP-50255,7,O,45.668285,1.173997,45.543484
JVASP-54773,0,Ho,38.33336,5.3662715,37.0007
JVASP-54773,1,Ho,38.31489,5.3662715,36.96211
JVASP-54773,2,H,50.678654,4.494067,51.178905
JVASP-54773,3,H,50.680176,4.494067,51.17939
JVASP-54773,4,O,7.2844644,1.173997,6.878626
JVASP-54773,5,O,7.2864766,1.173997,6.882173
JVASP-54773,6,O,147.58685,1.173997,147.94585
JVASP-54773,7,O,147.59073,1.173997,147.97803
JVASP-15812,0,O,17.112267,1.173997,16.960014
JVASP-15812,1,O,17.112267,1.173997,16.960014
JVASP-15812,2,Rb,121.94509,7.136503,115.021675
JVASP-15812,3,Yb,233.07356,4.325258,235.70406
JVASP-37519,0,Yb,178.61516,4.325258,182.5526
JVASP-37519,1,Yb,178.61516,4.325258,182.5526
JVASP-37519,2,Rb,52.653416,7.136503,46.880814
JVASP-37519,3,Rb,12.325832,7.136503,18.68908
JVASP-37519,4,O,76.83348,1.173997,76.64162
JVASP-37519,5,O,76.83348,1.173997,76.64162
JVASP-37519,6,O,76.83348,1.173997,77.24398
JVASP-37519,7,O,76.83348,1.173997,77.24398
JVASP-37519,8,O,139.89853,1.173997,140.0431
JVASP-37567,0,Yb,0.0,4.325258,4.325258
JVASP-37567,1,Rb,0.0,7.136503,7.136503
JVASP-37567,2,O,39.013023,1.173997,39.337574
JVASP-37567,3,O,39.013023,1.173997,39.17009
JVASP-37567,4,O,39.013023,1.173997,38.580334
JVASP-14974,0,Sb,192.51945,27.438374,189.4035
JVASP-14974,1,Sb,192.51955,27.438374,190.93459
JVASP-14974,2,Sb,192.51955,27.438374,190.93459
JVASP-14974,3,Sb,192.51945,27.438374,189.4035
JVASP-14974,4,Ta,112.20008,34.19568,90.31868
JVASP-14974,5,Ta,112.19539,34.19568,130.30807
JVASP-14974,6,Ta,112.19539,34.19568,130.30807
JVASP-14974,7,Ta,112.20008,34.19568,90.31868
JVASP-14974,8,Ta,131.47629,34.19568,143.2613
JVASP-14769,0,Ta,76.71313,34.19568,92.339935
JVASP-14769,1,Ta,76.71313,34.19568,92.339935
JVASP-14769,2,Ta,76.71313,34.19568,45.361626
JVASP-14769,3,Ta,76.71313,34.19568,45.361626
JVASP-14769,4,Ta,76.71313,34.19568,102.851364
JVASP-14769,5,Ta,76.71313,34.19568,102.851364
JVASP-14769,6,Sb,0.0,27.438374,27.438374
JVASP-14769,7,Sb,0.0,27.438374,27.438374
JVASP-16641,0,Sb,257.1503,27.438374,245.37671
JVASP-16641,1,Sb,257.1503,27.438374,245.37671
JVASP-16641,2,Sb,90.74842,27.438374,82.57373
JVASP-16641,3,Sb,90.74842,27.438374,82.57373
JVASP-16641,4,Ta,193.54515,34.19568,164.95097
JVASP-16641,5,Ta,193.54515,34.19568,164.95097
JVASP-155,0,Pd,34.93331,20.903904,50.973984
JVASP-155,1,Pd,34.93331,20.903904,51.366604
JVASP-155,2,Pd,34.93331,20.903904,50.906994
JVASP-155,3,Pd,34.93331,20.903904,51.294106
JVASP-155,4,S,231.21678,15.204629,229.39912
JVASP-155,5,S,231.21678,15.204629,227.63141
JVASP-155,6,S,231.21678,15.204629,225.95332
JVASP-155,7,S,231.21678,15.204629,226.63538
JVASP-155,8,S,231.21678,15.204629,226.63538
JVASP-155,9,S,231.21678,15.204629,225.95332
JVASP-155,10,S,231.21678,15.204629,227.63141
JVASP-155,11,S,231.21678,15.204629,229.39912
JVASP-25034,0,Pd,13.628069,20.903904,13.55162
JVASP-25034,1,Pd,13.633553,20.903904,16.878012
JVASP-25034,2,Pd,14.675497,20.903904,23.78269
JVASP-25034,3,Pd,14.675497,20.903904,24.401285
JVASP-25034,4,Pd,13.628721,20.903904,16.871017
JVASP-25034,5,Pd,13.632599,20.903904,13.556372
JVASP-25034,6,S,56.415054,15.204629,43.626392
JVASP-25034,7,S,56.41555,15.204629,43.62697
JVASP-87013,0,Pd,36.598354,20.903904,43.517696
JVASP-87013,1,Pd,36.598354,20.903904,43.585346
JVASP-87013,2,Pd,36.598354,20.903904,42.355328
JVASP-87013,3,Pd,36.598354,20.903904,42.405807
JVASP-87013,4,Pd,36.598354,20.903904,43.58823
JVASP-87013,5,Pd,36.598354,20.903904,44.3505
JVASP-87013,6,Pd,36.598354,20.903904,44.44188
JVASP-87013,7,Pd,36.598354,20.903904,43.513607
JVASP-87013,8,S,17.233793,15.204629,32.325085
JVASP-87013,9,S,17.233793,15.204629,32.325085
JVASP-37082,0,Tb,35.400772,11.037279,27.508095
JVASP-37082,1,Tb,35.400772,11.037279,27.508095
JVASP-37082,2,Au,217.14421,9.827829,213.17181
JVASP-37082,3,Au,217.14421,9.827829,213.17181
JVASP-56437,0,Tb,15.337071,11.037279,6.148913
JVASP-56437,1,Tb,15.337071,11.037279,6.148913
JVASP-56437,2,Au,136.85054,9.827829,141.2251
JVASP-56437,3,Au,136.85054,9.827829,141.2251
JVASP-56437,4,Au,136.85054,9.827829,141.2251
JVASP-56437,5,Au,136.85054,9.827829,141.2251
JVASP-7701,0,Tb,0.0,11.037279,11.037279
JVASP-7701,1,Au,0.0,9.827829,9.827829
JVASP-14533,0,Yb,0.0,4.325258,4.325258
JVASP-14533,1,Pd,67.98558,20.903904,63.22496
JVASP-14533,2,Pd,67.98559,20.903904,88.711716
JVASP-14533,3,Pd,67.98558,20.903904,57.53151
JVASP-14950,0,Yb,0.0,4.325258,4.325258
JVASP-14950,1,Pd,0.0,20.903904,20.903904
JVASP-78828,0,Yb,213.887,4.325258,209.96632
JVASP-78828,1,Yb,213.887,4.325258,209.96632
JVASP-78828,2,Pd,103.982475,20.903904,83.36869
JVASP-78828,3,Pd,103.982475,20.903904,83.36869
JVASP-78828,4,Pd,103.982475,20.903904,83.36869
JVASP-78828,5,Pd,103.982475,20.903904,83.36869
JVASP-67396,0,Be,7.1913013,0.38258058,6.8865366
JVASP-67396,1,Co,43.804226,1.0717598,44.642185
JVASP-67396,2,Ir,209.57875,25.960743,185.70297
JVASP-68182,0,Be,0.048989795,0.38258058,0.34427994
JVASP-68182,1,Co,1.060629,1.0717598,0.71195734
JVASP-68182,2,Ir,15.348502,25.960743,40.620888
JVASP-68182,3,Ir,79.23691,25.960743,55.94194
JVASP-74848,0,Be,0.4286607,0.38258058,0.25597778
JVASP-74848,1,Be,0.4286607,0.38258058,0.25597778
JVASP-74848,2,Co,3.576255,1.0717598,4.460419
JVASP-74848,3,Ir,34.93544,25.960743,14.453833
JVASP-2244,0,Se,41.255276,29.56337,70.312355
JVASP-2244,1,Sb,0.64752346,27.438374,26.909231
JVASP-2244,2,Sb,0.64752346,27.438374,26.909231
JVASP-2244,3,Te,2.0165431,68.54225,66.65182
JVASP-2244,4,Te,2.0165431,68.54225,66.65182
JVASP-8174,0,Se,69.91502,29.56337,98.87992
JVASP-8174,1,Se,56.715103,29.56337,28.870466
JVASP-8174,2,Sb,12.35152,27.438374,18.659397
JVASP-8174,3,Sb,11.142488,27.438374,37.14458
JVASP-8174,4,Te,30.40555,68.54225,97.67474
JVASP-12144,0,Sb,2.4556136,27.438374,29.615376
JVASP-12144,1,Sb,2.4556136,27.438374,29.615376
JVASP-12144,2,Sb,2.4556136,27.438374,29.615376
JVASP-12144,3,Sb,2.4543886,27.438374,29.61459
JVASP-12144,4,Sb,2.4543886,27.438374,29.61459
JVASP-12144,5,Sb,2.4556136,27.438374,29.615376
JVASP-12144,6,Te,204.42584,68.54225,271.5336
JVASP-12144,7,Te,204.42584,68.54225,271.5336
JVASP-12144,8,Te,204.42584,68.54225,271.5336
JVASP-12144,9,Se,63.183365,29.56337,34.819923
JVASP-12144,10,Se,63.183365,29.56337,34.819923
JVASP-12144,11,Se,63.183365,29.56337,34.819923
JVASP-12144,12,Se,63.184586,29.56337,34.821182
JVASP-12144,13,Se,63.184586,29.56337,34.821182
JVASP-12144,14,Se,63.183365,29.56337,34.819923
JVASP-13854,0,Sr,30.107903,5.8790126,25.078163
JVASP-13854,1,Sr,30.107903,5.8790126,25.078163
JVASP-13854,2,Ag,1.4521407,6.9597216,8.322697
JVASP-13854,3,Ag,1.4521407,6.9597216,8.322697
JVASP-13854,4,Sb,201.1125,27.438374,177.53612
JVASP-13854,5,Sb,201.11168,27.438374,177.53531
JVASP-80862,0,Sr,177.25487,5.8790126,179.03513
JVASP-80862,1,Sr,177.25487,5.8790126,179.03513
JVASP-80862,2,Sr,177.25487,5.8790126,179.03513
JVASP-80862,3,Sr,177.25487,5.8790126,179.03513
JVASP-80862,4,Ag,5.4821815,6.9597216,10.713242
JVASP-80862,5,Ag,5.4821815,6.9597216,10.713242
JVASP-80862,6,Sb,34.658722,27.438374,59.9665
JVASP-80862,7,Sb,34.658722,27.438374,59.9665
JVASP-16425,0,Sr,30.154444,5.8790126,25.124302
JVASP-16425,1,Sr,30.154444,5.8790126,25.124302
JVASP-16425,2,Ag,1.4439744,6.9597216,8.314975
JVASP-16425,3,Ag,1.4439744,6.9597216,8.314975
JVASP-16425,4,Sb,201.24272,27.438374,177.66603
JVASP-16425,5,Sb,201.24272,27.438374,177.66603
JVASP-37701,0,Y,16.742239,11.128398,25.262716
JVASP-37701,1,Y,16.742401,11.128398,24.79675
JVASP-37701,2,Y,16.742239,11.128398,25.212486
JVASP-37701,3,Y,16.742239,11.128398,25.262716
JVASP-37701,4,Y,16.741587,11.128398,24.795975
JVASP-37701,5,Y,16.742239,11.128398,25.212486
JVASP-37701,6,Sn,8.9234915,6.63049,14.791282
JVASP-37701,7,Sn,8.9234915,6.63049,14.791282
JVASP-7718,0,Y,0.0,11.128398,11.128398
JVASP-7718,1,Sn,196.01389,6.63049,201.3866
JVASP-7718,2,Sn,196.01389,6.63049,196.37906
JVASP-7718,3,Sn,196.01389,6.63049,190.45975
JVASP-78548,0,Y,0.0,11.128398,11.128398
JVASP-78548,1,Sn,0.0,6.63049,6.63049
JVASP-14701,0,U,149.83284,22.270443,134.93173
JVASP-14701,1,U,149.83284,22.270443,134.93173
JVASP-14701,2,P,124.58269,4.940868,120.8829
JVASP-14701,3,P,124.58269,4.940868,120.8829
JVASP-14701,4,P,32.666397,4.940868,36.55182
JVASP-14701,5,P,32.666397,4.940868,36.55182
JVASP-30449,0,U,189.4521,22.270443,174.3435
JVASP-30449,1,U,189.4521,22.270443,174.34338
JVASP-30449,2,P,114.65762,4.940868,116.91459
JVASP-30449,3,P,114.65796,4.940868,112.49625
JVASP-30449,4,P,114.65854,4.940868,112.35166
JVASP-30449,5,P,114.659004,4.940868,116.91598
JVASP-30449,6,P,114.659225,4.940868,112.49757
JVASP-30449,7,P,114.659225,4.940868,112.352325
JVASP-7949,0,U,0.0,22.270443,22.270443
JVASP-7949,1,U,0.0,22.270443,22.270443
JVASP-7949,2,U,0.0,22.270443,22.270443
JVASP-7949,3,U,0.0,22.270443,22.270443
JVASP-7949,4,P,0.0,4.940868,4.940868
JVASP-7949,5,P,0.0,4.940868,4.940868
JVASP-7949,6,P,0.0,4.940868,4.940868
JVASP-7949,7,P,0.0,4.940868,4.940868
JVASP-20610,0,As,0.0,16.668182,16.668182
JVASP-20610,1,Sn,0.00081649655,6.63049,6.631147
JVASP-30466,0,Sn,186.92137,6.63049,192.29593
JVASP-30466,1,As,11.372981,16.668182,6.0963855
JVASP-30466,2,As,11.372981,16.668182,6.0963855
JVASP-30466,3,As,131.03789,16.668182,147.34969
JVASP-56488,0,Sn,25.54328,6.63049,31.12762
JVASP-56488,1,Sn,25.54328,6.63049,26.633934
JVASP-56488,2,Sn,25.54328,6.63049,20.272457
JVASP-56488,3,As,33.584957,16.668182,37.152344
JVASP-56488,4,As,33.584957,16.668182,38.083313
JVASP-56488,5,As,33.584957,16.668182,34.94797
JVASP-56488,6,As,33.584957,16.668182,39.637283
JVASP-36099,0,Ce,177.4043,7.3629155,174.84708
JVASP-36099,1,Ce,177.4043,7.3629155,172.96744
JVASP-36099,2,Ce,177.4043,7.3629155,184.6355
JVASP-36099,3,Cu,0.0,2.626418,2.626418
JVASP-19820,0,Ce,147.71281,7.3629155,154.94504
JVASP-19820,1,Cu,59.71282,2.626418,60.80319
JVASP-19820,2,Cu,38.22306,2.626418,39.387035
JVASP-19820,3,Cu,38.22306,2.626418,39.387035
JVASP-19820,4,Cu,59.71282,2.626418,61.639217
JVASP-19820,5,Cu,59.70949,2.626418,58.103558
JVASP-8022,0,Cu,75.06502,2.626418,75.0887
JVASP-8022,1,Cu,75.06502,2.626418,75.0887
JVASP-8022,2,Cu,75.06353,2.626418,76.174324
JVASP-8022,3,Cu,75.06353,2.626418,76.174324
JVASP-8022,4,Ce,181.35765,7.3629155,182.57376
JVASP-8022,5,Ce,181.35765,7.3629155,182.57376
JVASP-51007,0,Rb,20.317904,7.136503,25.66859
JVASP-51007,1,Rb,20.317904,7.136503,26.90498
JVASP-51007,2,H,43.20047,4.494067,41.361683
JVASP-51007,3,H,43.20047,4.494067,41.437046
JVASP-51007,4,O,141.19943,1.173997,141.04431
JVASP-51007,5,O,141.19943,1.173997,141.64996
JVASP-51017,0,Rb,20.20411,7.136503,25.39128
JVASP-51017,1,Rb,20.20411,7.136503,26.741959
JVASP-51017,2,H,43.21947,4.494067,43.17772
JVASP-51017,3,H,43.21947,4.494067,42.859745
JVASP-51017,4,O,141.2241,1.173997,141.10794
JVASP-51017,5,O,141.2241,1.173997,140.85597
JVASP-51721,0,Rb,36.482285,7.136503,42.663357
JVASP-51721,1,Rb,36.482285,7.136503,42.663357
JVASP-51721,2,H,53.46467,4.494067,50.18336
JVASP-51721,3,H,53.46467,4.494067,50.18336
JVASP-51721,4,O,175.53265,1.173997,175.26639
JVASP-51721,5,O,175.53265,1.173997,175.26639
JVASP-17601,0,Ni,8.487008,5.243039,12.503565
JVASP-17601,1,Ni,8.488735,5.243039,11.780667
JVASP-17601,2,Ni,8.487008,5.243039,12.054511
JVASP-17601,3,Ni,8.487008,5.243039,12.054511
JVASP-17601,4,Ni,8.488281,5.243039,11.779992
JVASP-17601,5,Ni,8.487008,5.243039,12.503565
JVASP-17601,6,Sn,22.0797,6.63049,17.203194
JVASP-17601,7,Sn,22.08011,6.63049,17.20373
JVASP-7955,0,Ni,17.393948,5.243039,21.519754
JVASP-7955,1,Ni,18.669937,5.243039,19.72754
JVASP-7955,2,Ni,18.669937,5.243039,19.72754
JVASP-7955,3,Sn,110.83636,6.63049,115.34615
JVASP-7955,4,Sn,110.83636,6.63049,115.34615
JVASP-7955,5,Sn,175.00194,6.63049,174.16289
JVASP-7955,6,Sn,175.00194,6.63049,174.16289
JVASP-16591,0,Ni,41.83565,5.243039,40.11805
JVASP-16591,1,Ni,41.835655,5.243039,46.873985
JVASP-16591,2,Ni,41.83565,5.243039,39.070522
JVASP-16591,3,Sn,0.0,6.63049,6.63049
JVASP-18459,0,H,0.08038657,4.494067,4.5104218
JVASP-18459,1,H,0.08038657,4.494067,4.5104218
JVASP-18459,2,Hf,25.238361,15.926846,32.09733
JVASP-37766,0,Hf,168.0007,15.926846,159.97177
JVASP-37766,1,H,1.2455657,4.494067,3.4113748
JVASP-37766,2,H,1.2455657,4.494067,3.412172
JVASP-37766,3,H,5.0157385,4.494067,9.276713
JVASP-38881,0,Hf,0.0,15.926846,15.926846
JVASP-38881,1,H,5.4395003,4.494067,3.0979002
JVASP-38881,2,H,5.4395003,4.494067,6.7698298
JVASP-38881,3,H,5.4395003,4.494067,9.691585
JVASP-17762,0,La,0.0,5.9067655,5.9067655
JVASP-17762,1,In,0.0,6.7296906,6.7296906
JVASP-17808,0,La,0.0,5.9067655,5.9067655
JVASP-17808,1,In,145.76097,6.7296906,142.15256
JVASP-17808,2,In,145.76097,6.7296906,143.66005
JVASP-17808,3,In,145.76097,6.7296906,151.75339
JVASP-17873,0,La,163.76472,5.9067655,163.43008
JVASP-17873,1,La,163.76472,5.9067655,165.91022
JVASP-17873,2,La,163.76472,5.9067655,162.25203
JVASP-17873,3,In,0.0,6.7296906,6.7296906
JVASP-13970,0,U,2.035526,22.270443,23.759218
JVASP-13970,1,U,2.035526,22.270443,23.759218
JVASP-13970,2,Si,15.227662,1.7483627,14.59735
JVASP-13970,3,Si,15.227662,1.7483627,14.59735
JVASP-13970,4,S,1.3178256,15.204629,16.50546
JVASP-13970,5,S,1.3178256,15.204629,16.50546
JVASP-15993,0,U,2.0363426,22.270443,23.759832
JVASP-15993,1,U,2.0363426,22.270443,23.759832
JVASP-15993,2,Si,15.227662,1.7483627,14.59735
JVASP-15993,3,Si,15.227662,1.7483627,14.59735
JVASP-15993,4,S,1.3178256,15.204629,16.50546
JVASP-15993,5,S,1.3178256,15.204629,16.50546
JVASP-49818,0,U,162.3432,22.270443,147.36453
JVASP-49818,1,U,162.3432,22.270443,147.36453
JVASP-49818,2,Si,71.85007,1.7483627,72.585205
JVASP-49818,3,Si,71.85007,1.7483627,72.585205
JVASP-49818,4,S,10.81613,15.204629,25.932087
JVASP-49818,5,S,10.81613,15.204629,25.932087
JVASP-19971,0,Sn,8.069844,6.63049,4.795636
JVASP-19971,1,Sn,8.069844,6.63049,4.795636
JVASP-19971,2,Au,152.33499,9.827829,156.68167
JVASP-19971,3,Au,152.33499,9.827829,156.68167
JVASP-37538,0,Sn,158.61794,6.63049,163.99942
JVASP-37538,1,Sn,158.61794,6.63049,163.99942
JVASP-37538,2,Au,153.7101,9.827829,146.81146
JVASP-37538,3,Au,153.7099,9.827829,152.75423
JVASP-37538,4,Au,153.7099,9.827829,151.63342
JVASP-37538,5,Au,153.7108,9.827829,146.81215
JVASP-37538,6,Au,153.7099,9.827829,152.75423
JVASP-37538,7,Au,153.7099,9.827829,151.63342
JVASP-8709,0,Sn,7.971255,6.63049,6.111048
JVASP-8709,1,Au,83.20352,9.827829,82.69848
JVASP-8709,2,Au,90.208084,9.827829,89.19867
JVASP-8709,3,Au,90.20978,9.827829,98.00012
JVASP-8709,4,Au,90.20846,9.827829,86.52944
JVASP-8709,5,Au,83.20352,9.827829,82.69848
JVASP-15120,0,Cr,123.18484,3.2921274,123.57999
JVASP-15120,1,Cr,123.18484,3.2921274,125.46961
JVASP-15120,2,Cr,123.184845,3.2921274,120.5877
JVASP-15120,3,Ga,0.0,4.5793962,4.5793962
JVASP-15120,4,N,0.0,2.1896696,2.1896696
JVASP-15967,0,Cr,12.229077,3.2921274,9.821683
JVASP-15967,1,Cr,12.229077,3.2921274,9.821683
JVASP-15967,2,Cr,12.229077,3.2921274,9.821683
JVASP-15967,3,Cr,12.229077,3.2921274,9.821683
JVASP-15967,4,Ga,155.83246,4.5793962,151.70233
JVASP-15967,5,Ga,155.83246,4.5793962,151.70233
JVASP-15967,6,N,6.0232954,2.1896696,5.7070413
JVASP-15967,7,N,6.0232954,2.1896696,5.7070413
JVASP-14174,0,Cr,12.229077,3.2921274,9.821683
JVASP-14174,1,Cr,12.229077,3.2921274,9.821683
JVASP-14174,2,Cr,12.229077,3.2921274,9.821683
JVASP-14174,3,Cr,12.229077,3.2921274,9.821683
JVASP-14174,4,Ga,155.83246,4.5793962,151.70233
JVASP-14174,5,Ga,155.83246,4.5793962,151.70233
JVASP-14174,6,N,6.0232954,2.1896696,5.7070413
JVASP-14174,7,N,6.0232954,2.1896696,5.7070413
JVASP-36264,0,Lu,59.945137,5.367924,65.06536
JVASP-36264,1,Cd,152.72324,15.619623,137.28343
JVASP-36264,2,Cd,152.72324,15.619623,137.28343
JVASP-7704,0,Cd,86.27166,15.619623,76.39306
JVASP-7704,1,Cd,86.27166,15.619623,76.39306
JVASP-7704,2,Cd,100.3687,15.619623,110.8025
JVASP-7704,3,Cd,100.3687,15.619623,110.8025
JVASP-7704,4,Cd,100.367,15.619623,89.69346
JVASP-7704,5,Cd,100.367,15.619623,89.69346
JVASP-7704,6,Lu,67.58709,5.367924,69.690315
JVASP-7704,7,Lu,67.58709,5.367924,69.690315
JVASP-7989,0,Lu,0.0,5.367924,5.367924
JVASP-7989,1,Cd,0.0,15.619623,15.619623
JVASP-15445,0,Ba,0.0,16.451351,16.451351
JVASP-15445,1,Pr,0.0,6.8834753,6.8834753
JVASP-15445,2,O,67.478546,1.173997,67.935165
JVASP-15445,3,O,67.478546,1.173997,67.348915
JVASP-15445,4,O,67.478546,1.173997,67.17986
JVASP-58343,0,O,61.265194,1.173997,61.44961
JVASP-58343,1,O,61.264587,1.173997,60.4388
JVASP-58343,2,O,61.265194,1.173997,61.44961
JVASP-58343,3,O,61.264587,1.173997,60.4388
JVASP-58343,4,O,59.155758,1.173997,59.950233
JVASP-58343,5,O,59.155758,1.173997,59.950233
JVASP-58343,6,Ba,115.47451,16.451351,118.90925
JVASP-58343,7,Ba,115.47451,16.451351,118.90925
JVASP-58343,8,Pr,52.091175,6.8834753,47.53338
JVASP-58343,9,Pr,52.090744,6.8834753,55.639404
JVASP-58344,0,O,64.972046,1.173997,65.76526
JVASP-58344,1,O,64.9734,1.173997,64.01523
JVASP-58344,2,O,64.97234,1.173997,65.09764
JVASP-58344,3,O,64.972046,1.173997,65.76526
JVASP-58344,4,O,64.97234,1.173997,65.09764
JVASP-58344,5,O,64.9734,1.173997,64.01523
JVASP-58344,6,Ba,151.45831,16.451351,160.46071
JVASP-58344,7,Ba,151.45831,16.451351,160.46071
JVASP-58344,8,Pr,55.25752,6.8834753,52.331013
JVASP-58344,9,Pr,55.25752,6.8834753,52.331013
JVASP-45992,0,Y,124.399376,11.128398,117.98115
JVASP-45992,1,Y,124.399376,11.128398,117.981766
JVASP-45992,2,Y,124.399376,11.128398,117.98115
JVASP-45992,3,Y,124.399376,11.128398,117.981766
JVASP-45992,4,H,3.9477613,4.494067,1.9353417
JVASP-45992,5,H,3.9477613,4.494067,1.935074
JVASP-45992,6,H,3.9477613,4.494067,1.9353417
JVASP-45992,7,H,3.9477613,4.494067,1.935074
JVASP-45992,8,O,46.27373,1.173997,46.148975
JVASP-45992,9,O,46.27373,1.173997,46.14871
JVASP-45992,10,O,46.27373,1.173997,46.14847
JVASP-45992,11,O,46.27373,1.173997,46.148697
JVASP-45992,12,O,46.27373,1.173997,46.148975
JVASP-45992,13,O,46.27373,1.173997,46.14871
JVASP-45992,14,O,46.27373,1.173997,46.14847
JVASP-45992,15,O,46.27373,1.173997,46.148697
JVASP-50918,0,Y,68.53635,11.128398,63.118187
JVASP-50918,1,Y,68.53635,11.128398,61.296
JVASP-50918,2,H,30.220503,4.494067,29.243927
JVASP-50918,3,H,30.220503,4.494067,29.173622
JVASP-50918,4,O,107.00943,1.173997,107.55689
JVASP-50918,5,O,20.377464,1.173997,20.37289
JVASP-50918,6,O,107.00943,1.173997,106.970695
JVASP-50918,7,O,20.377464,1.173997,20.958012
JVASP-54770,0,Y,22.996687,11.128398,26.947575
JVASP-54770,1,Y,22.996687,11.128398,26.947575
JVASP-54770,2,H,50.78593,4.494067,51.297794
JVASP-54770,3,H,50.78593,4.494067,51.297794
JVASP-54770,4,O,7.424431,1.173997,6.9999294
JVASP-54770,5,O,7.424431,1.173997,6.9999294
JVASP-54770,6,O,148.26526,1.173997,148.64929
JVASP-54770,7,O,148.26526,1.173997,148.64929
JVASP-30348,0,Tm,44.543564,8.03611,37.370117
JVASP-30348,1,Tm,44.543564,8.03611,37.370117
JVASP-30348,2,Cl,8.722224,20.642973,12.897692
JVASP-30348,3,Cl,8.722224,20.642973,12.897692
JVASP-30348,4,O,18.576931,1.173997,18.752838
JVASP-30348,5,O,18.576931,1.173997,18.752838
JVASP-44353,0,Tm,146.3121,8.03611,139.03183
JVASP-44353,1,Tm,146.3121,8.03611,139.03183
JVASP-44353,2,Cl,6.25518,20.642973,26.572824
JVASP-44353,3,Cl,6.25518,20.642973,26.572824
JVASP-44353,4,O,4.94552,1.173997,4.945145
JVASP-44353,5,O,4.94552,1.173997,4.945145
JVASP-30183,0,Tm,93.2138,8.03611,85.9369
JVASP-30183,1,Tm,93.2138,8.03611,85.9369
JVASP-30183,2,Cl,28.09915,20.642973,29.372437
JVASP-30183,3,Cl,28.09915,20.642973,29.372437
JVASP-30183,4,O,7.8045692,1.173997,7.464184
JVASP-30183,5,O,7.8045692,1.173997,7.464184
JVASP-13916,0,Al,1.12321,1.0875204,2.0968933
JVASP-13916,1,Al,1.12321,1.0875204,2.0968933
JVASP-13916,2,Cl,151.22083,20.642973,160.54562
JVASP-13916,3,Cl,151.22083,20.642973,160.54562
JVASP-13916,4,Cl,151.17276,20.642973,145.71245
JVASP-13916,5,Cl,151.17342,20.642973,157.16692
JVASP-13916,6,Cl,151.17276,20.642973,145.71245
JVASP-13916,7,Cl,151.17342,20.642973,157.16692
JVASP-18426,0,Al,12.86227,1.0875204,13.913798
JVASP-18426,1,Cl,48.955093,20.642973,30.62238
JVASP-18426,2,Cl,102.242935,20.642973,121.72353
JVASP-18426,3,Cl,102.242935,20.642973,121.72353
JVASP-13782,0,Al,12.86227,1.0875204,13.913798
JVASP-13782,1,Cl,48.955093,20.642973,30.62238
JVASP-13782,2,Cl,102.242935,20.642973,121.72353
JVASP-13782,3,Cl,102.242935,20.642973,121.72353
JVASP-2463,0,Al,1.5165389,1.0875204,1.459976
JVASP-2463,1,Al,1.5165389,1.0875204,1.459976
JVASP-2463,2,S,56.16509,15.204629,49.121082
JVASP-2463,3,S,56.16591,15.204629,64.831
JVASP-2463,4,S,56.16587,15.204629,63.616207
JVASP-2463,5,S,56.165016,15.204629,47.508404
JVASP-2463,6,Ag,56.038555,6.9597216,61.348167
JVASP-2463,7,Ag,56.038555,6.9597216,61.348167
JVASP-78868,0,Al,5.0532975,1.0875204,6.108652
JVASP-78868,1,Ag,141.52989,6.9597216,135.10918
JVASP-78868,2,S,40.652958,15.204629,55.702393
JVASP-78868,3,S,31.360819,15.204629,46.421803
JVASP-8146,0,Al,2.6601458,1.0875204,3.7198906
JVASP-8146,1,Ag,131.64702,6.9597216,125.22832
JVASP-8146,2,S,41.79442,15.204629,56.842693
JVASP-8146,3,S,35.31919,15.204629,50.37473
JVASP-29492,0,Cr,51.273533,3.2921274,49.869183
JVASP-29492,1,Ag,1.7086874,6.9597216,5.301569
JVASP-29492,2,S,49.54969,15.204629,36.228806
JVASP-29492,3,S,64.734955,15.204629,51.25365
JVASP-1471,0,S,23.88899,15.204629,38.25699
JVASP-1471,1,S,40.96656,15.204629,55.174427
JVASP-1471,2,Cr,14.669822,3.2921274,16.41929
JVASP-1471,3,Ag,138.817,6.9597216,132.02214
JVASP-79555,0,Cr,49.34252,3.2921274,46.77128
JVASP-79555,1,Ag,30.901539,6.9597216,24.595676
JVASP-79555,2,S,7.7783546,15.204629,7.645981
JVASP-79555,3,S,10.506269,15.204629,5.1524673
JVASP-20531,0,Ho,0.0,5.3662715,5.3662715
JVASP-20531,1,Cu,0.0,2.626418,2.626418
JVASP-18682,0,Ho,136.5958,5.3662715,131.3961
JVASP-18682,1,Cu,39.495163,2.626418,40.657024
JVASP-18682,2,Cu,39.495163,2.626418,40.657024
JVASP-18682,3,Cu,57.668518,2.626418,58.658306
JVASP-18682,4,Cu,57.659668,2.626418,55.816124
JVASP-18682,5,Cu,57.668518,2.626418,59.53449
JVASP-20260,0,Ho,0.0,5.3662715,5.3662715
JVASP-20260,1,Cu,0.0,2.626418,2.626418
JVASP-18452,0,S,60.377197,15.204629,67.11331
JVASP-18452,1,S,60.377296,15.204629,53.505913
JVASP-18452,2,S,60.377296,15.204629,53.505913
JVASP-18452,3,S,60.377197,15.204629,67.11331
JVASP-18452,4,Fe,3.9346929,2.1271884,5.3940153
JVASP-18452,5,Fe,3.9346929,2.1271884,5.3940153
JVASP-18452,6,Ba,69.89834,16.451351,68.807365
JVASP-53439,0,Ba,70.43299,16.451351,63.514862
JVASP-53439,1,Fe,7.746818,2.1271884,8.644481
JVASP-53439,2,Fe,7.388099,2.1271884,8.288973
JVASP-53439,3,S,59.145565,15.204629,67.0779
JVASP-53439,4,S,59.12051,15.204629,45.61548
JVASP-53439,5,S,59.152695,15.204629,45.64592
JVASP-53439,6,S,59.11884,15.204629,67.05207
JVASP-53662,0,Ba,133.21068,16.451351,131.89336
JVASP-53662,1,Fe,10.091891,2.1271884,10.340719
JVASP-53662,2,Fe,9.9902525,2.1271884,8.984767
JVASP-53662,3,S,74.28047,15.204629,82.93141
JVASP-53662,4,S,74.27979,15.204629,70.38371
JVASP-53662,5,S,73.7285,15.204629,61.300194
JVASP-53662,6,S,73.72894,15.204629,81.2157
JVASP-35944,0,Lu,35.514336,5.367924,40.64757
JVASP-35944,1,Lu,35.514336,5.367924,40.64757
JVASP-35944,2,S,39.80094,15.204629,24.938534
JVASP-35944,3,S,39.80094,15.204629,24.938534
JVASP-35944,4,S,131.89523,15.204629,116.93105
JVASP-35944,5,S,131.89523,15.204629,116.93105
JVASP-18926,0,S,0.0,15.204629,15.204629
JVASP-18926,1,Lu,0.0016329931,5.367924,5.367183
JVASP-9140,0,S,25.451063,15.204629,28.980112
JVASP-9140,1,S,25.450914,15.204629,27.26355
JVASP-9140,2,S,25.450647,15.204629,35.59988
JVASP-9140,3,S,25.451063,15.204629,28.980112
JVASP-9140,4,S,25.450647,15.204629,35.59988
JVASP-9140,5,S,25.450914,15.204629,27.26355
JVASP-9140,6,Lu,13.232518,5.367924,12.519689
JVASP-9140,7,Lu,13.232518,5.367924,12.519689
JVASP-9140,8,Lu,13.232518,5.367924,12.519689
JVASP-9140,9,Lu,13.232518,5.367924,12.519689
JVASP-14179,0,Mg,7.4467196,0.4287979,7.660461
JVASP-14179,1,Er,2.7515798,6.1186743,8.432547
JVASP-14179,2,Er,2.7515798,6.1186743,8.432547
JVASP-42132,0,Er,39.829838,6.1186743,42.225384
JVASP-42132,1,Er,130.67093,6.1186743,136.35457
JVASP-42132,2,Er,39.829838,6.1186743,42.225395
JVASP-42132,3,Er,130.67093,6.1186743,136.35466
JVASP-42132,4,Mg,2.839364,0.4287979,3.1408072
JVASP-42132,5,Mg,2.839364,0.4287979,3.1408072
JVASP-7990,0,Er,0.0,6.1186743,6.1186743
JVASP-7990,1,Mg,0.0,0.4287979,0.4287979
JVASP-7856,0,Y,0.00081649655,11.128398,11.128894
JVASP-7856,1,Cr,0.017146429,3.2921274,3.2785308
JVASP-7856,2,O,24.556135,1.173997,24.274385
JVASP-7856,3,O,24.556135,1.173997,25.027615
JVASP-7856,4,O,24.553684,1.173997,24.441778
JVASP-8249,0,Y,0.0,11.128398,11.128398
JVASP-8249,1,Cr,0.0,3.2921274,3.2921274
JVASP-8249,2,O,24.521841,1.173997,24.24009
JVASP-8249,3,O,24.521841,1.173997,24.993366
JVASP-8249,4,O,24.521841,1.173997,24.40997
JVASP-9542,0,Y,129.04034,11.128398,122.61061
JVASP-9542,1,Y,129.04034,11.128398,122.61061
JVASP-9542,2,Cr,95.06102,3.2921274,92.46893
JVASP-9542,3,Cr,95.06102,3.2921274,92.46893
JVASP-9542,4,O,34.496162,1.173997,34.376213
JVASP-9542,5,O,34.496162,1.173997,34.376213
JVASP-9542,6,O,34.496162,1.173997,34.376213
JVASP-9542,7,O,34.496162,1.173997,34.376213
JVASP-9542,8,O,108.89369,1.173997,109.03965
JVASP-9542,9,O,108.89369,1.173997,109.03965
JVASP-39102,0,Si,0.23515102,1.7483627,1.6657019
JVASP-39102,1,B,0.0073484695,5.024234,5.016905
JVASP-39102,2,O,49.204456,1.173997,48.91059
JVASP-39102,3,O,49.004494,1.173997,48.87867
JVASP-39102,4,O,49.204456,1.173997,49.66391
JVASP-39094,0,Si,0.13227245,1.7483627,1.6983584
JVASP-39094,1,Si,5.4427657,1.7483627,6.363357
JVASP-39094,2,B,2.8389587,5.024234,7.8584495
JVASP-39094,3,B,2.8389587,5.024234,7.8584495
JVASP-39094,4,O,138.69998,1.173997,139.15503
JVASP-39094,5,O,138.69998,1.173997,139.15503
JVASP-39094,6,O,124.36468,1.173997,124.23043
JVASP-39094,7,O,138.69998,1.173997,138.2891
JVASP-39094,8,O,138.69998,1.173997,138.2891
JVASP-39097,0,Si,0.0,1.7483627,1.7483627
JVASP-39097,1,B,0.0,5.024234,5.024234
JVASP-39097,2,O,62.84574,1.173997,62.71685
JVASP-39097,3,O,62.84574,1.173997,63.302998
JVASP-39097,4,O,62.84574,1.173997,62.547764
JVASP-36644,0,Ca,0.0,1.1291435,1.1291435
JVASP-36644,1,Mn,0.0,1.6964667,1.6964667
JVASP-36644,2,O,125.72904,1.173997,125.42593
JVASP-36644,3,O,125.72904,1.173997,125.59473
JVASP-36644,4,O,125.72904,1.173997,126.18167
JVASP-48545,0,Ca,9.462906,1.1291435,9.2411175
JVASP-48545,1,Ca,13.311644,1.1291435,14.14336
JVASP-48545,2,Ca,13.311644,1.1291435,12.742933
JVASP-48545,3,Mn,31.250904,1.6964667,30.103914
JVASP-48545,4,O,69.26614,1.173997,68.99048
JVASP-48545,5,O,72.07225,1.173997,72.40722
JVASP-48545,6,O,72.07225,1.173997,72.40722
JVASP-48545,7,O,69.26614,1.173997,68.99048
JVASP-79151,0,Ca,22.731722,1.1291435,23.278948
JVASP-79151,1,Mn,25.199697,1.6964667,26.223587
JVASP-79151,2,O,30.67384,1.173997,30.559221
JVASP-79151,3,O,30.67483,1.173997,30.56021
JVASP-47085,0,Li,0.9215834,0.084703535,0.953426
JVASP-47085,1,Fe,43.188297,2.1271884,41.593956
JVASP-47085,2,Si,14.012688,1.7483627,14.665372
JVASP-47085,3,Si,14.01057,1.7483627,15.297046
JVASP-47085,4,O,67.98605,1.173997,67.5988
JVASP-47085,5,O,67.98776,1.173997,67.65514
JVASP-47085,6,O,116.8387,1.173997,117.83902
JVASP-47085,7,O,116.8387,1.173997,116.27724
JVASP-47085,8,O,67.98776,1.173997,67.97261
JVASP-47085,9,O,67.98605,1.173997,68.53494
JVASP-47125,0,Li,0.053888775,0.084703535,0.13629262
JVASP-47125,1,Li,0.053888775,0.084703535,0.13629262
JVASP-47125,2,Fe,125.046455,2.1271884,126.277016
JVASP-47125,3,Si,6.2935557,1.7483627,5.7993674
JVASP-47125,4,O,62.21631,1.173997,61.25348
JVASP-47125,5,O,62.21631,1.173997,61.328773
JVASP-47125,6,O,62.21631,1.173997,63.062065
JVASP-47125,7,O,62.21631,1.173997,63.299572
JVASP-47815,0,Li,1.3782469,0.084703535,1.2997781
JVASP-47815,1,Fe,81.24712,2.1271884,82.484055
JVASP-47815,2,Si,3.1035032,1.7483627,2.8695188
JVASP-47815,3,O,69.33484,1.173997,69.33575
JVASP-47815,4,O,69.33499,1.173997,69.83674
JVASP-47815,5,O,69.33499,1.173997,68.66895
JVASP-47815,6,O,69.33499,1.173997,69.49405
JVASP-18108,0,Rb,11.628209,7.136503,18.513056
JVASP-18108,1,In,51.82754,6.7296906,46.046886
JVASP-18108,2,In,51.82754,6.7296906,46.046886
JVASP-18108,3,In,82.02348,6.7296906,76.197395
JVASP-18108,4,In,82.02348,6.7296906,76.197395
JVASP-38232,0,Rb,58.101894,7.136503,54.419754
JVASP-38232,1,Rb,58.101894,7.136503,56.58431
JVASP-38232,2,Rb,58.101894,7.136503,64.16375
JVASP-38232,3,In,0.0,6.7296906,6.7296906
JVASP-54996,0,Rb,7.4933124,7.136503,14.336761
JVASP-54996,1,Rb,7.4933124,7.136503,14.336761
JVASP-54996,2,Rb,7.1600356,7.136503,2.8498263
JVASP-54996,3,Rb,7.1600356,7.136503,2.8498263
JVASP-54996,4,In,41.92138,6.7296906,46.38105
JVASP-54996,5,In,124.1956,6.7296906,118.6023
JVASP-54996,6,In,124.1956,6.7296906,118.6023
JVASP-54996,7,In,41.922783,6.7296906,45.13845
JVASP-54996,8,In,41.92138,6.7296906,46.38105
JVASP-54996,9,In,41.922783,6.7296906,45.13845
JVASP-14016,0,Ni,50.93143,5.243039,54.060555
JVASP-14016,1,Ni,50.93143,5.243039,54.060555
JVASP-14016,2,Ce,51.18053,7.3629155,53.873726
JVASP-14016,3,Ce,51.18053,7.3629155,53.873726
JVASP-20502,0,Ce,121.19708,7.3629155,128.43063
JVASP-20502,1,Ni,42.51642,5.243039,42.028023
JVASP-20502,2,Ni,28.54023,5.243039,33.58853
JVASP-20502,3,Ni,28.54023,5.243039,33.58853
JVASP-20502,4,Ni,42.51937,5.243039,42.501133
JVASP-20502,5,Ni,42.51937,5.243039,43.27497
JVASP-20234,0,Ce,121.213005,7.3629155,128.44652
JVASP-20234,1,Ni,42.510628,5.243039,43.265842
JVASP-20234,2,Ni,28.529207,5.243039,33.57761
JVASP-20234,3,Ni,28.529207,5.243039,33.57761
JVASP-20234,4,Ni,42.498936,5.243039,42.01014
JVASP-20234,5,Ni,42.510628,5.243039,42.49205
JVASP-69152,0,Ba,55.030235,16.451351,38.68385
JVASP-69152,1,Na,3.2994626,0.84107655,3.713412
JVASP-69152,2,Na,3.2994626,0.84107655,3.713412
JVASP-69152,3,Mg,4.0963635,0.4287979,4.4348593
JVASP-69300,0,Ba,54.3354,16.451351,37.989582
JVASP-69300,1,Na,3.2823164,0.84107655,3.6966424
JVASP-69300,2,Na,3.2823164,0.84107655,3.6966424
JVASP-69300,3,Mg,4.111877,0.4287979,4.450343
JVASP-81311,0,Ba,127.18436,16.451351,128.54543
JVASP-81311,1,Ba,127.18436,16.451351,128.54543
JVASP-81311,2,Ba,127.18436,16.451351,128.54543
JVASP-81311,3,Ba,127.18436,16.451351,128.54543
JVASP-81311,4,Na,9.5509815,0.84107655,10.326478
JVASP-81311,5,Na,9.5509815,0.84107655,10.326478
JVASP-81311,6,Mg,17.814638,0.4287979,17.542406
JVASP-81311,7,Mg,17.814638,0.4287979,17.542406
JVASP-66857,0,Be,4.3735995,0.38258058,4.0716815
JVASP-66857,1,Ga,77.45654,4.5793962,73.33996
JVASP-66857,2,Fe,38.090794,2.1271884,36.913944
JVASP-67217,0,Be,0.9259071,0.38258058,1.2550671
JVASP-67217,1,Be,0.9259071,0.38258058,1.2550671
JVASP-67217,2,Ga,116.85128,4.5793962,112.725494
JVASP-67217,3,Fe,24.681059,2.1271884,23.527222
JVASP-68212,0,Be,1.9091623,0.38258058,1.6155455
JVASP-68212,1,Fe,2.0012414,2.1271884,3.6607132
JVASP-68212,2,Ga,8.533206,4.5793962,4.8047686
JVASP-68212,3,Ga,114.48016,4.5793962,118.6389
JVASP-22684,0,Sc,18.04913,1.2577385,17.30459
JVASP-22684,1,Sc,18.048164,1.2577385,17.303505
JVASP-22684,2,Sc,36.939133,1.2577385,37.71705
JVASP-22684,3,Sc,5.489649,1.2577385,4.903262
JVASP-22684,4,S,20.143751,15.204629,28.539835
JVASP-22684,5,S,20.173557,15.204629,27.032137
JVASP-22684,6,S,19.720331,15.204629,16.269484
JVASP-22684,7,S,20.12957,15.204629,28.531054
JVASP-22684,8,S,19.751411,15.204629,16.300241
JVASP-22684,9,S,20.163647,15.204629,27.027767
JVASP-19725,0,S,0.0,15.204629,15.204629
JVASP-19725,1,Sc,0.0014142137,1.2577385,1.2576364
JVASP-41881,0,Sc,5.092313,1.2577385,4.610104
JVASP-41881,1,Sc,5.092313,1.2577385,4.6416597
JVASP-41881,2,S,115.29274,15.204629,106.8965
JVASP-41881,3,S,115.29274,15.204629,106.8965
JVASP-41881,4,S,115.29274,15.204629,109.47068
JVASP-41881,5,S,115.29274,15.204629,109.47068
JVASP-17352,0,Mn,0.0,1.6964667,1.6964667
JVASP-17352,1,Al,0.0,1.0875204,1.0875204
JVASP-17352,2,O,63.16336,1.173997,62.86533
JVASP-17352,3,O,63.16336,1.173997,63.620567
JVASP-17352,4,O,63.163357,1.173997,63.034416
JVASP-11575,0,Mn,88.95036,1.6964667,87.6574
JVASP-11575,1,Mn,88.95077,1.6964667,87.65781
JVASP-11575,2,Al,21.600824,1.0875204,22.651207
JVASP-11575,3,Al,21.600824,1.0875204,22.651207
JVASP-11575,4,O,8.761825,1.173997,8.700542
JVASP-11575,5,O,8.761825,1.173997,8.700542
JVASP-11575,6,O,8.761825,1.173997,8.700542
JVASP-11575,7,O,8.761825,1.173997,8.700542
JVASP-11575,8,O,113.65265,1.173997,113.79834
JVASP-11575,9,O,113.65265,1.173997,113.79834
JVASP-43051,0,Mn,22.006947,1.6964667,21.695778
JVASP-43051,1,Mn,21.98914,1.6964667,21.677862
JVASP-43051,2,Al,53.286926,1.0875204,52.721806
JVASP-43051,3,Al,53.291935,1.0875204,52.72659
JVASP-43051,4,O,54.11748,1.173997,53.260834
JVASP-43051,5,O,63.784527,1.173997,64.45766
JVASP-43051,6,O,60.16627,1.173997,60.521553
JVASP-43051,7,O,60.17112,1.173997,60.526333
JVASP-43051,8,O,63.798714,1.173997,64.47171
JVASP-43051,9,O,54.121353,1.173997,53.26473
JVASP-39156,0,Sc,0.0,1.2577385,1.2577385
JVASP-39156,1,Cu,0.0,2.626418,2.626418
JVASP-39156,2,O,110.14457,1.173997,110.011024
JVASP-39156,3,O,110.14456,1.173997,110.597855
JVASP-39156,4,O,110.14456,1.173997,109.84217
JVASP-2262,0,Sc,50.10472,1.2577385,49.355713
JVASP-2262,1,Sc,50.10472,1.2577385,49.355713
JVASP-2262,2,Cu,84.814804,2.626418,85.93967
JVASP-2262,3,Cu,84.814804,2.626418,85.93967
JVASP-2262,4,O,53.142902,1.173997,53.01599
JVASP-2262,5,O,53.142902,1.173997,53.01599
JVASP-2262,6,O,53.142902,1.173997,53.01599
JVASP-2262,7,O,53.142902,1.173997,53.01599
JVASP-8064,0,O,53.10792,1.173997,52.92242
JVASP-8064,1,O,53.10792,1.173997,52.92242
JVASP-8064,2,Sc,49.85096,1.2577385,49.552425
JVASP-8064,3,Cu,84.85866,2.626418,85.619896
JVASP-36609,0,Mn,0.0,1.6964667,1.6964667
JVASP-36609,1,Cd,0.0,15.619623,15.619623
JVASP-36609,2,O,107.15292,1.173997,107.019554
JVASP-36609,3,O,107.15292,1.173997,107.60635
JVASP-36609,4,O,107.15292,1.173997,106.8507
JVASP-46874,0,Mn,52.015976,1.6964667,51.56479
JVASP-46874,1,Mn,52.09533,1.6964667,51.642838
JVASP-46874,2,Cd,84.41075,15.619623,91.23873
JVASP-46874,3,Cd,18.698318,15.619623,14.340768
JVASP-46874,4,Cd,18.678059,15.619623,14.335872
JVASP-46874,5,O,29.233654,1.173997,28.988735
JVASP-46874,6,O,20.14666,1.173997,19.823568
JVASP-46874,7,O,25.200434,1.173997,25.50153
JVASP-46874,8,O,20.112833,1.173997,19.790455
JVASP-46874,9,O,25.180494,1.173997,25.482279
JVASP-48176,0,Mn,4.2988544,1.6964667,3.1911402
JVASP-48176,1,Cd,1.5709394,15.619623,14.066737
JVASP-48176,2,O,9.406041,1.173997,9.339349
JVASP-48176,3,O,8.902263,1.173997,9.116809
JVASP-20644,0,Yb,0.0,4.325258,4.325258
JVASP-20644,1,Ag,0.0,6.9597216,6.9597216
JVASP-55024,0,Yb,99.59959,4.325258,96.97123
JVASP-55024,1,Yb,99.59959,4.325258,97.073746
JVASP-55024,2,Yb,103.20354,4.325258,107.147285
JVASP-55024,3,Yb,99.59959,4.325258,96.97123
JVASP-55024,4,Yb,99.59959,4.325258,97.073746
JVASP-55024,5,Yb,103.20354,4.325258,107.147285
JVASP-55024,6,Ag,36.393444,6.9597216,40.573692
JVASP-55024,7,Ag,36.393444,6.9597216,40.573692
JVASP-55024,8,Ag,36.393444,6.9597216,41.827847
JVASP-55024,9,Ag,36.393444,6.9597216,41.827847
JVASP-78276,0,Yb,30.136072,4.325258,26.270016
JVASP-78276,1,Yb,30.136072,4.325258,26.270016
JVASP-78276,2,Ag,29.356318,6.9597216,23.059895
JVASP-78276,3,Ag,29.356318,6.9597216,23.059895
JVASP-78276,4,Ag,29.356318,6.9597216,23.059895
JVASP-78276,5,Ag,29.356318,6.9597216,23.059895
JVASP-66904,0,Be,2.2339387,0.38258058,1.9383532
JVASP-66904,1,Hf,29.851933,15.926846,40.715824
JVASP-66904,2,Zn,54.81713,10.546378,65.28836
JVASP-67292,0,Hf,102.19924,15.926846,111.59993
JVASP-67292,1,Be,1.5799209,0.38258058,1.2912406
JVASP-67292,2,Be,2.2078068,0.38258058,1.9125891
JVASP-67292,3,Zn,55.610764,10.546378,66.08181
JVASP-68174,0,Hf,14.166216,15.926846,14.5228615
JVASP-68174,1,Be,2.1049283,0.38258058,1.8104728
JVASP-68174,2,Zn,30.800701,10.546378,41.280308
JVASP-68174,3,Zn,19.25544,10.546378,29.743893
JVASP-36663,0,Zr,0.0,6.08661,6.08661
JVASP-36663,1,Os,99.348854,41.308342,137.5807
JVASP-36663,2,Os,99.348854,41.308342,81.15165
JVASP-36663,3,Os,99.348854,41.308342,95.99834
JVASP-78436,0,Zr,0.0,6.08661,6.08661
JVASP-78436,1,Os,0.0,41.308342,41.308342
JVASP-16605,0,Zr,0.0,6.08661,6.08661
JVASP-16605,1,Os,0.0,41.308342,41.308342
JVASP-20092,0,O,0.002,1.173997,1.1737951
JVASP-20092,1,Cd,0.0031622779,15.619623,15.617066
JVASP-7774,0,Cd,19.17338,15.619623,4.3389773
JVASP-7774,1,Cd,19.17338,15.619623,4.3389773
JVASP-7774,2,O,8.692015,1.173997,8.908292
JVASP-7774,3,O,8.692015,1.173997,8.908292
JVASP-78869,0,Cd,98.29189,15.619623,82.86411
JVASP-78869,1,O,16.946795,1.173997,16.847467
JVASP-78869,2,O,16.946795,1.173997,16.847467
JVASP-15629,0,Zr,43.889782,6.08661,45.788258
JVASP-15629,1,Zr,43.890617,6.08661,47.1846
JVASP-15629,2,Zr,43.889782,6.08661,45.407063
JVASP-15629,3,Al,8.903429,1.0875204,9.934664
JVASP-15629,4,Al,8.903277,1.0875204,9.806165
JVASP-15629,5,Al,8.903429,1.0875204,9.946918
JVASP-15629,6,Ni,21.66737,5.243039,16.724867
JVASP-15629,7,Ni,72.77679,5.243039,67.78098
JVASP-15629,8,Ni,72.77679,5.243039,67.78098
JVASP-18571,0,Al,39.314617,1.0875204,40.138786
JVASP-18571,1,Al,24.66139,1.0875204,24.75475
JVASP-18571,2,Al,24.6612,1.0875204,24.26377
JVASP-18571,3,Al,24.66139,1.0875204,24.75475
JVASP-18571,4,Al,24.6612,1.0875204,24.26377
JVASP-18571,5,Ni,14.505201,5.243039,19.455671
JVASP-18571,6,Ni,14.505201,5.243039,19.455671
JVASP-18571,7,Zr,17.747526,6.08661,22.703543
JVASP-17164,0,Zr,9.557823,6.08661,3.900207
JVASP-17164,1,Zr,9.557914,6.08661,3.7938879
JVASP-17164,2,Zr,9.557823,6.08661,3.9282496
JVASP-17164,3,Zr,94.319244,6.08661,100.27286
JVASP-17164,4,Zr,94.31978,6.08661,100.200836
JVASP-17164,5,Zr,94.319244,6.08661,100.2923
JVASP-17164,6,Al,36.987297,1.0875204,38.036926
JVASP-17164,7,Al,36.987297,1.0875204,38.036926
JVASP-17164,8,Ni,96.00611,5.243039,91.00592
JVASP-13883,0,O,6.3505263,1.173997,6.310156
JVASP-13883,1,O,6.3505263,1.173997,6.310156
JVASP-13883,2,Sb,90.36152,27.438374,72.713264
JVASP-13883,3,Ce,74.586586,7.3629155,79.8247
JVASP-13883,4,Ce,74.586586,7.3629155,79.8247
JVASP-17681,0,Ce,74.69637,7.3629155,81.93436
JVASP-17681,1,Ce,74.69637,7.3629155,81.93436
JVASP-17681,2,Ce,74.69637,7.3629155,81.93436
JVASP-17681,3,Ce,74.69637,7.3629155,81.93436
JVASP-17681,4,Sb,90.33964,27.438374,67.57112
JVASP-17681,5,Sb,90.33964,27.438374,67.57112
JVASP-17681,6,O,6.3368297,1.173997,6.305784
JVASP-17681,7,O,6.3368297,1.173997,6.305784
JVASP-17681,8,O,6.3368297,1.173997,6.305784
JVASP-17681,9,O,6.3368297,1.173997,6.305784
JVASP-5008,0,Ce,74.65228,7.3629155,81.890274
JVASP-5008,1,Ce,74.65228,7.3629155,81.890274
JVASP-5008,2,Ce,74.65228,7.3629155,81.890274
JVASP-5008,3,Ce,74.65228,7.3629155,81.890274
JVASP-5008,4,Sb,90.34127,27.438374,67.57272
JVASP-5008,5,Sb,90.34127,27.438374,67.57272
JVASP-5008,6,O,6.340096,1.173997,6.3089943
JVASP-5008,7,O,6.340096,1.173997,6.3089943
JVASP-5008,8,O,6.340096,1.173997,6.3089943
JVASP-5008,9,O,6.340096,1.173997,6.3089943
JVASP-35724,0,Ho,38.14656,5.3662715,40.911236
JVASP-35724,1,Ho,38.14656,5.3662715,40.911236
JVASP-35724,2,Ga,51.96713,4.5793962,56.29094
JVASP-35724,3,Ga,51.96713,4.5793962,56.29094
JVASP-15017,0,Ho,0.0,5.3662715,5.3662715
JVASP-15017,1,Ga,88.79156,4.5793962,85.4989
JVASP-15017,2,Ga,88.79155,4.5793962,92.95473
JVASP-15017,3,Ga,88.79156,4.5793962,88.114075
JVASP-19643,0,Ho,12.696932,5.3662715,7.6034474
JVASP-19643,1,Ga,1.2872086,4.5793962,5.769444
JVASP-19643,2,Ga,1.2872086,4.5793962,5.769444
JVASP-78658,0,Ni,2.7336307,5.243039,2.7484245
JVASP-78658,1,Pt,85.7248,18.358461,68.586075
JVASP-8204,0,Ni,2.731181,5.243039,2.7504566
JVASP-8204,1,Pt,85.72725,18.358461,68.58852
JVASP-16853,0,Ni,14.062521,5.243039,17.597828
JVASP-16853,1,Ni,14.062521,5.243039,16.786907
JVASP-16853,2,Ni,14.062521,5.243039,9.178676
JVASP-16853,3,Pt,0.0,18.358461,18.358461
JVASP-14704,0,Mn,0.0,1.6964667,1.6964667
JVASP-14704,1,Rh,0.0,12.903096,12.903096
JVASP-14964,0,Mn,5.214147,1.6964667,6.206996
JVASP-14964,1,Mn,5.214147,1.6964667,4.063407
JVASP-14964,2,Mn,5.214147,1.6964667,5.9294114
JVASP-14964,3,Rh,0.0,12.903096,12.903096
JVASP-78442,0,Mn,9.768565,1.6964667,11.121871
JVASP-78442,1,Rh,84.27307,12.903096,96.943344
JVASP-67010,0,Be,3.6615806,0.38258058,3.360464
JVASP-67010,1,Zn,18.503447,10.546378,28.992651
JVASP-67010,2,Cr,81.379395,3.2921274,84.01702
JVASP-67194,0,Be,1.31211,0.38258058,1.6364313
JVASP-67194,1,Be,3.0683944,0.38258058,2.769012
JVASP-67194,2,Zn,6.323766,10.546378,16.836538
JVASP-67194,3,Cr,30.219355,3.2921274,32.894066
JVASP-74908,0,Be,1.2467903,0.38258058,0.96502095
JVASP-74908,1,Be,1.2467903,0.38258058,0.96502095
JVASP-74908,2,Zn,14.682241,10.546378,4.442452
JVASP-74908,3,Cr,22.773724,3.2921274,25.466263
JVASP-65175,0,Be,1.3178383,0.38258058,1.034499
JVASP-65175,1,Fe,8.885117,2.1271884,7.862331
JVASP-65175,2,Pd,39.63846,20.903904,19.219568
JVASP-67372,0,Be,4.2694607,0.38258058,3.9672804
JVASP-67372,1,Be,0.18044575,0.38258058,0.25989884
JVASP-67372,2,Fe,27.80171,2.1271884,29.072577
JVASP-67372,3,Pd,26.786804,20.903904,6.8591824
JVASP-67981,0,Be,0.018832596,0.38258058,0.37195107
JVASP-67981,1,Fe,57.354805,2.1271884,56.16331
JVASP-67981,2,Pd,79.464714,20.903904,100.18461
JVASP-67981,3,Pd,2.9214246,20.903904,18.020163
JVASP-20068,0,B,9.755043,5.024234,11.8739805
JVASP-20068,1,B,9.755043,5.024234,11.8739805
JVASP-20068,2,B,9.755043,5.024234,11.7163
JVASP-20068,3,B,9.755043,5.024234,11.7163
JVASP-20068,4,Ru,51.605213,13.728401,52.24443
JVASP-20068,5,Ru,51.605213,13.728401,52.24443
JVASP-21949,0,B,0.6605457,5.024234,5.6832533
JVASP-21949,1,B,0.6605457,5.024234,5.6832533
JVASP-21949,2,B,8.898996,5.024234,13.914833
JVASP-21949,3,B,8.898996,5.024234,13.914833
JVASP-21949,4,B,8.898996,5.024234,13.914833
JVASP-21949,5,B,8.898996,5.024234,13.914833
JVASP-21949,6,Ru,77.6672,13.728401,90.846855
JVASP-21949,7,Ru,77.6672,13.728401,90.846855
JVASP-21949,8,Ru,77.6672,13.728401,90.846855
JVASP-21949,9,Ru,77.6672,13.728401,90.846855
JVASP-63228,0,B,8.357659,5.024234,13.373688
JVASP-63228,1,B,8.357659,5.024234,13.373688
JVASP-63228,2,B,8.357659,5.024234,13.373688
JVASP-63228,3,B,8.357659,5.024234,13.373688
JVASP-63228,4,B,18.49773,5.024234,13.491516
JVASP-63228,5,B,18.49773,5.024234,13.491516
JVASP-63228,6,Ru,9.969426,13.728401,23.426605
JVASP-63228,7,Ru,9.969426,13.728401,23.426605
JVASP-63228,8,Ru,9.969426,13.728401,23.426605
JVASP-63228,9,Ru,9.969426,13.728401,23.426605
JVASP-14508,0,Ni,17.575092,5.243039,22.64061
JVASP-14508,1,Ni,17.575092,5.243039,22.64061
JVASP-14508,2,As,38.245518,16.668182,54.63353
JVASP-14508,3,As,38.245518,16.668182,54.63353
JVASP-14509,0,Ni,6.6087418,5.243039,2.2103598
JVASP-14509,1,Ni,6.6087418,5.243039,2.2103598
JVASP-14509,2,As,72.79312,16.668182,89.13422
JVASP-14509,3,As,72.79312,16.668182,89.13422
JVASP-17510,0,Ni,5.704639,5.243039,3.8073328
JVASP-17510,1,Ni,5.704639,5.243039,5.7368965
JVASP-17510,2,As,74.63794,16.668182,69.73242
JVASP-17510,3,As,74.63794,16.668182,69.73242
JVASP-17510,4,As,74.63794,16.668182,73.11922
JVASP-17510,5,As,74.63794,16.668182,73.11922
JVASP-35069,0,Sm,7.9167514,14.72507,22.608072
JVASP-35069,1,Sm,7.9167514,14.72507,22.608072
JVASP-35069,2,Co,37.924633,1.0717598,38.763367
JVASP-35069,3,Co,37.924633,1.0717598,38.763367
JVASP-35069,4,Si,8.72345,1.7483627,8.163016
JVASP-35069,5,Si,8.72345,1.7483627,8.163016
JVASP-39076,0,Sm,30.96645,14.72507,16.42424
JVASP-39076,1,Co,24.236885,1.0717598,25.078823
JVASP-39076,2,Si,70.054276,1.7483627,71.0582
JVASP-39076,3,Si,70.054276,1.7483627,69.57251
JVASP-39076,4,Si,40.103046,1.7483627,40.8518
JVASP-17365,0,Si,30.360367,1.7483627,28.888988
JVASP-17365,1,Si,30.360367,1.7483627,28.888988
JVASP-17365,2,Co,33.251446,1.0717598,33.311573
JVASP-17365,3,Co,33.251446,1.0717598,33.311573
JVASP-17365,4,Sm,70.79973,14.72507,81.98972
JVASP-18201,0,Ti,0.0,1.1299996,1.1299996
JVASP-18201,1,Cd,0.0,15.619623,15.619623
JVASP-18201,2,O,69.60552,1.173997,69.30654
JVASP-18201,3,O,69.60552,1.173997,70.061874
JVASP-18201,4,O,69.60552,1.173997,69.47558
JVASP-36602,0,Ti,0.0,1.1299996,1.1299996
JVASP-36602,1,Cd,0.0,15.619623,15.619623
JVASP-36602,2,O,13.143963,1.173997,13.334728
JVASP-36602,3,O,13.143963,1.173997,12.742299
JVASP-36602,4,O,13.143963,1.173997,13.49981
JVASP-11135,0,O,37.99655,1.173997,37.147907
JVASP-11135,1,O,37.996803,1.173997,38.107037
JVASP-11135,2,O,37.996426,1.173997,38.696674
JVASP-11135,3,O,37.99655,1.173997,37.147907
JVASP-11135,4,O,37.996426,1.173997,38.696674
JVASP-11135,5,O,37.996803,1.173997,38.107037
JVASP-11135,6,Ti,27.854973,1.1299996,28.263107
JVASP-11135,7,Ti,27.854973,1.1299996,28.263107
JVASP-11135,8,Cd,30.706755,15.619623,25.898895
JVASP-11135,9,Cd,30.706755,15.619623,25.898895
JVASP-37952,0,Ac,1.0973715,31.326805,30.229435
JVASP-37952,1,Ac,1.0973715,31.326805,30.229435
JVASP-37952,2,Ac,1.0973715,31.326805,30.229435
JVASP-37952,3,Ac,1.0973715,31.326805,30.229435
JVASP-37952,4,Mg,2.7515936,0.4287979,3.0937676
JVASP-37952,5,Mg,2.7515936,0.4287979,3.0937676
JVASP-41237,0,Ac,67.37403,31.326805,98.700836
JVASP-41237,1,Mg,4.7639585,0.4287979,4.9559913
JVASP-41237,2,Mg,9.239475,0.4287979,9.573429
JVASP-41237,3,Mg,4.761647,0.4287979,4.8965034
JVASP-41237,4,Mg,9.239475,0.4287979,9.573429
JVASP-41237,5,Mg,4.761647,0.4287979,4.9406
JVASP-78729,0,Ac,2.6348345,31.326805,28.691973
JVASP-78729,1,Mg,0.2408665,0.4287979,0.2879129
JVASP-17209,0,Ba,5.4929843,16.451351,21.925772
JVASP-17209,1,Al,3.1414707,1.0875204,2.1126423
JVASP-17209,2,Ge,12.321344,9.267462,20.909828
JVASP-18804,0,Al,0.4563091,1.0875204,1.4482237
JVASP-18804,1,Al,0.4563091,1.0875204,1.4482237
JVASP-18804,2,Ge,17.346445,9.267462,8.611233
JVASP-18804,3,Ge,17.346445,9.267462,8.611233
JVASP-18804,4,Ba,1.2945478,16.451351,17.44409
JVASP-16297,0,Al,12.813624,1.0875204,12.016154
JVASP-16297,1,Al,12.813624,1.0875204,12.016154
JVASP-16297,2,Ge,22.428022,9.267462,24.147692
JVASP-16297,3,Ge,22.428022,9.267462,24.147692
JVASP-16297,4,Ba,23.905048,16.451351,27.218267
JVASP-16297,5,Ba,72.13692,16.451351,85.64815
JVASP-16297,6,Ba,23.905048,16.451351,27.218267
JVASP-67894,0,Be,0.11760953,0.38258058,0.2963042
JVASP-67894,1,Cr,43.053864,3.2921274,40.489697
JVASP-67894,2,V,63.574875,3.798005,60.312744
JVASP-67894,3,V,33.468193,3.798005,30.235695
JVASP-68051,0,Be,4.4866486,0.38258058,4.1841335
JVASP-68051,1,V,29.58004,3.798005,26.356318
JVASP-68051,2,V,9.289282,3.798005,6.2894487
JVASP-68051,3,Cr,9.19865,3.2921274,6.8823843
JVASP-74863,0,Be,2.981029,0.38258058,3.297417
JVASP-74863,1,Be,2.9540846,0.38258058,3.2705364
JVASP-74863,2,Be,2.981029,0.38258058,3.297417
JVASP-74863,3,Be,2.9540846,0.38258058,3.2705364
JVASP-74863,4,V,32.8893,3.798005,29.657974
JVASP-74863,5,V,32.8893,3.798005,29.657974
JVASP-74863,6,Cr,56.648533,3.2921274,54.071835
JVASP-74863,7,Cr,56.648533,3.2921274,54.071835
JVASP-3801,0,F,234.77893,15.800529,225.01584
JVASP-3801,1,F,234.77782,15.800529,240.06778
JVASP-3801,2,F,234.77869,15.800529,240.16248
JVASP-3801,3,F,234.77782,15.800529,240.06778
JVASP-3801,4,F,234.77893,15.800529,225.01584
JVASP-3801,5,F,234.77869,15.800529,240.16248
JVASP-3801,6,Rb,33.386074,7.136503,36.740303
JVASP-3801,7,Bi,82.983284,75.36236,114.00271
JVASP-53161,0,Rb,11.050729,7.136503,9.166587
JVASP-53161,1,Rb,11.042071,7.136503,9.116298
JVASP-53161,2,Bi,1772.3993,75.36236,1781.7014
JVASP-53161,3,Bi,1772.1453,75.36236,1781.4358
JVASP-53161,4,F,78.72033,15.800529,69.45111
JVASP-53161,5,F,68.8334,15.800529,75.37146
JVASP-53161,6,F,68.85798,15.800529,75.39023
JVASP-53161,7,F,69.10502,15.800529,74.416145
JVASP-53161,8,F,78.71815,15.800529,69.44689
JVASP-53161,9,F,69.10988,15.800529,74.42541
JVASP-5677,0,Al,19.438772,1.0875204,18.409807
JVASP-5677,1,Al,19.438772,1.0875204,18.403173
JVASP-5677,2,Al,19.438772,1.0875204,18.409807
JVASP-5677,3,Al,19.438772,1.0875204,18.403173
JVASP-5677,4,Al,16.525267,1.0875204,17.371424
JVASP-5677,5,Al,16.525267,1.0875204,17.380682
JVASP-5677,6,Al,16.525267,1.0875204,17.371424
JVASP-5677,7,Al,16.525267,1.0875204,17.380682
JVASP-5677,8,Al,20.503218,1.0875204,19.511534
JVASP-5677,9,Al,20.503218,1.0875204,19.527794
JVASP-5677,10,Al,20.503218,1.0875204,19.511534
JVASP-5677,11,Al,20.503218,1.0875204,19.527794
JVASP-5677,12,Al,15.694422,1.0875204,16.479034
JVASP-5677,13,Al,15.694422,1.0875204,16.489996
JVASP-5677,14,Al,15.694422,1.0875204,16.479034
JVASP-5677,15,Al,15.694422,1.0875204,16.489996
JVASP-5677,16,Te,185.64264,68.54225,123.07454
JVASP-5677,17,Te,185.64264,68.54225,125.86288
JVASP-5677,18,Te,185.64264,68.54225,123.07454
JVASP-5677,19,Te,185.64264,68.54225,125.86288
JVASP-5677,20,Te,402.7967,68.54225,433.74915
JVASP-5677,21,Te,402.7967,68.54225,429.3843
JVASP-5677,22,Te,402.7967,68.54225,433.74915
JVASP-5677,23,Te,402.7967,68.54225,429.3843
JVASP-5677,24,Te,110.8299,68.54225,132.30907
JVASP-5677,25,Te,110.8299,68.54225,126.766945
JVASP-5677,26,Te,110.8299,68.54225,132.30907
JVASP-5677,27,Te,110.8299,68.54225,126.766945
JVASP-5677,28,Te,417.6412,68.54225,445.17728
JVASP-5677,29,Te,417.6412,68.54225,450.2382
JVASP-5677,30,Te,417.6412,68.54225,445.17728
JVASP-5677,31,Te,417.6412,68.54225,450.2382
JVASP-5677,32,Te,183.36755,68.54225,118.267815
JVASP-5677,33,Te,183.36755,68.54225,118.747055
JVASP-5677,34,Te,183.36755,68.54225,118.267815
JVASP-5677,35,Te,183.36755,68.54225,118.747055
JVASP-5677,36,Te,115.806625,68.54225,141.0627
JVASP-5677,37,Te,115.806625,68.54225,135.57939
JVASP-5677,38,Te,115.806625,68.54225,141.0627
JVASP-5677,39,Te,115.806625,68.54225,135.57939
JVASP-2931,0,Al,19.772375,1.0875204,19.132826
JVASP-2931,1,Al,19.772375,1.0875204,19.132826
JVASP-2931,2,Te,44.295673,68.54225,89.65463
JVASP-2931,3,Te,44.295673,68.54225,89.65463
JVASP-2931,4,Te,1175.6628,68.54225,1124.2715
JVASP-2931,5,Te,125.18488,68.54225,107.66964
JVASP-2931,6,Te,125.18488,68.54225,107.66964
JVASP-19735,0,U,984.6826,22.270443,1000.62067
JVASP-19735,1,B,7.816322,5.024234,2.8286185
JVASP-19735,2,B,7.816322,5.024234,2.8286185
JVASP-63844,0,B,7.8591886,5.024234,2.8710551
JVASP-63844,1,B,7.8591886,5.024234,2.8710551
JVASP-63844,2,U,997.96375,22.270443,1013.901
JVASP-15341,0,Sc,139.32045,1.2577385,139.02547
JVASP-15341,1,Sc,139.32045,1.2577385,140.08324
JVASP-15341,2,Sc,139.32045,1.2577385,138.86653
JVASP-15341,3,Tl,0.0,13.684985,13.684985
JVASP-15341,4,C,0.0,4.4679255,4.4679255
JVASP-16904,0,Sc,19.531008,1.2577385,18.798542
JVASP-16904,1,Sc,19.531008,1.2577385,18.798542
JVASP-16904,2,Sc,19.531008,1.2577385,18.798542
JVASP-16904,3,Sc,19.531008,1.2577385,18.798542
JVASP-16904,4,Tl,891.542,13.684985,881.7766
JVASP-16904,5,Tl,891.542,13.684985,881.7766
JVASP-16904,6,C,5.706086,4.4679255,8.60772
JVASP-16904,7,C,5.706086,4.4679255,8.60772
JVASP-29345,0,Th,23.179815,20.611576,31.056812
JVASP-29345,1,Th,23.179815,20.611576,31.056812
JVASP-29345,2,Te,842.5989,68.54225,828.6662
JVASP-29345,3,Te,842.5989,68.54225,828.6662
JVASP-29345,4,Te,872.01117,68.54225,855.10657
JVASP-29345,5,Te,872.01117,68.54225,855.10657
JVASP-29345,6,I,210.0425,47.949,183.89302
JVASP-29345,7,I,209.83067,47.949,236.87956
JVASP-29345,8,I,210.0425,47.949,183.89302
JVASP-29345,9,I,209.83067,47.949,236.87956
JVASP-26127,0,Th,23.09487,20.611576,30.95609
JVASP-26127,1,Th,23.09487,20.611576,30.95609
JVASP-26127,2,Te,842.6227,68.54225,828.6916
JVASP-26127,3,Te,842.6227,68.54225,828.6916
JVASP-26127,4,Te,872.1151,68.54225,855.2107
JVASP-26127,5,Te,872.1151,68.54225,855.2107
JVASP-26127,6,I,210.04378,47.949,183.91315
JVASP-26127,7,I,209.81374,47.949,236.87553
JVASP-26127,8,I,210.04378,47.949,183.91315
JVASP-26127,9,I,209.81374,47.949,236.87553
JVASP-4180,0,Hg,837.8452,18.195402,839.63007
JVASP-4180,1,Hg,837.8452,18.195402,851.0655
JVASP-4180,2,Hg,837.8452,18.195402,839.63007
JVASP-4180,3,Hg,837.8452,18.195402,851.0655
JVASP-4180,4,Cl,308.57947,20.642973,298.16992
JVASP-4180,5,Cl,308.57947,20.642973,298.13556
JVASP-4180,6,Cl,308.57947,20.642973,298.16992
JVASP-4180,7,Cl,308.57947,20.642973,298.13556
JVASP-4180,8,Cl,303.4805,20.642973,293.3927
JVASP-4180,9,Cl,303.4805,20.642973,293.3576
JVASP-4180,10,Cl,303.4805,20.642973,293.3927
JVASP-4180,11,Cl,303.4805,20.642973,293.3576
JVASP-1939,0,Cl,167.55818,20.642973,157.05994
JVASP-1939,1,Cl,167.55818,20.642973,157.05994
JVASP-1939,2,Hg,690.21497,18.195402,692.0378
JVASP-1939,3,Hg,690.21497,18.195402,692.0378
JVASP-66744,0,Be,0.5299063,0.38258058,0.31635565
JVASP-66744,1,Be,3.2668028,0.38258058,2.9668024
JVASP-66744,2,Cu,13.584054,2.626418,14.868637
JVASP-66744,3,Os,168.97478,41.308342,133.24646
JVASP-80606,0,Be,12.1526985,0.38258058,12.095401
JVASP-80606,1,Be,12.1526985,0.38258058,12.095401
JVASP-80606,2,Cu,27.11301,2.626418,28.30886
JVASP-80606,3,Os,795.6507,41.308342,807.61615
JVASP-69236,0,Ba,110.57649,16.451351,94.21167
JVASP-69236,1,Ga,32.17405,4.5793962,28.099228
JVASP-69236,2,Bi,175.20383,75.36236,101.43701
JVASP-69236,3,Bi,772.1469,75.36236,697.79944
JVASP-69342,0,Ba,109.203156,16.451351,92.83852
JVASP-69342,1,Ga,31.204052,4.5793962,27.131657
JVASP-69342,2,Bi,170.34814,75.36236,96.61545
JVASP-69342,3,Bi,753.0605,75.36236,678.7158
JVASP-10126,0,Se,696.3746,29.56337,700.3927
JVASP-10126,1,Se,696.3746,29.56337,692.218
JVASP-10126,2,Se,696.3747,29.56337,693.51013
JVASP-10126,3,Se,696.3747,29.56337,702.3821
JVASP-10126,4,Se,739.2553,29.56337,745.1525
JVASP-10126,5,Se,739.2553,29.56337,744.2211
JVASP-10126,6,Rb,14.692139,7.136503,13.291004
JVASP-10126,7,Rb,14.692139,7.136503,12.208445
JVASP-10126,8,Rb,24.745546,7.136503,28.62922
JVASP-10126,9,Rb,24.745546,7.136503,28.039715
JVASP-78470,0,Rb,0.0,7.136503,7.136503
JVASP-78470,1,Rb,0.0,7.136503,7.136503
JVASP-78470,2,Rb,0.0,7.136503,7.136503
JVASP-78470,3,Rb,0.0,7.136503,7.136503
JVASP-78470,4,Se,0.0,29.56337,29.56337
JVASP-78470,5,Se,0.0,29.56337,29.56337
JVASP-78470,6,Se,0.0,29.56337,29.56337
JVASP-78470,7,Se,0.0,29.56337,29.56337
JVASP-67854,0,Be,0.76751065,0.38258058,0.5118731
JVASP-67854,1,Se,305.42035,29.56337,276.57553
JVASP-67854,2,Te,703.37836,68.54225,636.9493
JVASP-74859,0,Be,3.6595376,0.38258058,3.3585284
JVASP-74859,1,Be,0.80833167,0.38258058,0.5484712
JVASP-74859,2,Te,69.7876,68.54225,16.376665
JVASP-74859,3,Se,85.19163,29.56337,56.614716
JVASP-4279,0,P,101.140495,4.940868,100.77136
JVASP-4279,1,P,101.140495,4.940868,100.70644
JVASP-4279,2,P,101.140495,4.940868,100.70644
JVASP-4279,3,P,101.140495,4.940868,100.77136
JVASP-4279,4,Br,692.3188,43.576878,681.0368
JVASP-4279,5,Br,692.3188,43.576878,681.3554
JVASP-4279,6,Br,692.3188,43.576878,682.9609
JVASP-4279,7,Br,692.3188,43.576878,684.15295
JVASP-4279,8,Br,692.3188,43.576878,681.0368
JVASP-4279,9,Br,692.3188,43.576878,681.3554
JVASP-4279,10,Br,692.3188,43.576878,682.9609
JVASP-4279,11,Br,692.3188,43.576878,684.15295
JVASP-4279,12,Br,682.8574,43.576878,681.4305
JVASP-4279,13,Br,682.8574,43.576878,681.81354
JVASP-4279,14,Br,682.8574,43.576878,681.81354
JVASP-4279,15,Br,682.8574,43.576878,681.4305
JVASP-79523,0,P,0.0,4.940868,4.940868
JVASP-79523,1,Br,0.0,43.576878,43.576878
JVASP-5230,0,Sn,8.108275,6.63049,10.895093
JVASP-5230,1,Sn,8.108275,6.63049,12.589225
JVASP-5230,2,Sn,8.108275,6.63049,10.895093
JVASP-5230,3,Sn,8.108275,6.63049,12.589225
JVASP-5230,4,Br,674.051,43.576878,660.8465
JVASP-5230,5,Br,674.051,43.576878,659.3253
JVASP-5230,6,Br,674.051,43.576878,660.8465
JVASP-5230,7,Br,674.051,43.576878,659.3253
JVASP-5230,8,Br,671.52496,43.576878,664.70874
JVASP-5230,9,Br,671.52496,43.576878,664.66583
JVASP-5230,10,Br,671.52496,43.576878,664.70874
JVASP-5230,11,Br,671.52496,43.576878,664.66583
JVASP-5230,12,Br,671.28516,43.576878,670.2
JVASP-5230,13,Br,671.28516,43.576878,669.99225
JVASP-5230,14,Br,671.28516,43.576878,670.2
JVASP-5230,15,Br,671.28516,43.576878,669.99225
JVASP-5230,16,Br,657.7161,43.576878,684.7911
JVASP-5230,17,Br,657.7161,43.576878,683.6193
JVASP-5230,18,Br,657.7161,43.576878,684.7911
JVASP-5230,19,Br,657.7161,43.576878,683.6193
JVASP-37353,0,Sn,27.007687,6.63049,22.396143
JVASP-37353,1,Sn,27.007687,6.63049,23.790974
JVASP-37353,2,Br,261.71356,43.576878,258.9561
JVASP-37353,3,Br,261.71356,43.576878,258.9561
JVASP-37353,4,Br,261.71356,43.576878,257.67325
JVASP-37353,5,Br,261.71356,43.576878,257.67325
JVASP-64881,0,Be,5.16679,0.38258058,5.480084
JVASP-64881,1,Be,5.966957,0.38258058,6.279657
JVASP-64881,2,Be,5.16679,0.38258058,5.480084
JVASP-64881,3,Be,5.966957,0.38258058,6.279657
JVASP-64881,4,Si,53.413574,1.7483627,52.72005
JVASP-64881,5,Si,53.413574,1.7483627,52.72005
JVASP-64881,6,Bi,657.2455,75.36236,731.78516
JVASP-64881,7,Bi,657.2455,75.36236,731.78516
JVASP-74892,0,Be,0.41396376,0.38258058,0.75713634
JVASP-74892,1,Si,12.645082,1.7483627,13.457489
JVASP-74892,2,Bi,81.00667,75.36236,81.21981
JVASP-74892,3,Bi,81.00667,75.36236,94.46948
JVASP-31884,0,Ta,206.2961,34.19568,221.68913
JVASP-31884,1,Ta,206.2961,34.19568,221.68913
JVASP-31884,2,Ta,190.49496,34.19568,201.97801
JVASP-31884,3,Ta,190.49496,34.19568,201.97801
JVASP-31884,4,I,426.44482,47.949,400.7218
JVASP-31884,5,I,377.75043,47.949,387.58133
JVASP-31884,6,I,343.29126,47.949,328.8955
JVASP-31884,7,I,239.54558,47.949,265.2189
JVASP-31884,8,I,239.54558,47.949,265.2189
JVASP-31884,9,I,448.194,47.949,428.6689
JVASP-31884,10,I,468.51956,47.949,500.03995
JVASP-31884,11,I,408.69592,47.949,411.6027
JVASP-31884,12,I,343.29126,47.949,328.8955
JVASP-31884,13,I,377.75043,47.949,387.58133
JVASP-31884,14,I,426.44482,47.949,400.7218
JVASP-31884,15,I,408.69592,47.949,411.6027
JVASP-31884,16,I,295.45306,47.949,274.74066
JVASP-31884,17,I,448.194,47.949,428.6689
JVASP-31884,18,I,295.45306,47.949,274.74066
JVASP-31884,19,I,468.51956,47.949,500.03995
JVASP-8754,0,Ta,301.515,34.19568,321.70868
JVASP-8754,1,Ta,302.6367,34.19568,326.0435
JVASP-8754,2,I,414.3697,47.949,430.93817
JVASP-8754,3,I,543.9005,47.949,541.22156
JVASP-8754,4,I,491.69617,47.949,486.14014
JVASP-8754,5,I,647.31604,47.949,625.1401
JVASP-8754,6,I,545.2193,47.949,552.60065
JVASP-15725,0,Rb,19.31096,7.136503,13.944295
JVASP-15725,1,Rb,19.31096,7.136503,13.944295
JVASP-15725,2,Te,514.02704,68.54225,447.68372
JVASP-15725,3,Te,514.02704,68.54225,447.68372
JVASP-15725,4,Au,490.98837,9.827829,486.97882
JVASP-15725,5,Au,490.98837,9.827829,486.97882
JVASP-2898,0,Rb,25.355513,7.136503,31.341812
JVASP-2898,1,Rb,25.355513,7.136503,31.341812
JVASP-2898,2,Te,480.252,68.54225,537.9014
JVASP-2898,3,Te,480.252,68.54225,537.9014
JVASP-2898,4,Au,623.31946,9.827829,625.11523
JVASP-2898,5,Au,623.31946,9.827829,619.09283
JVASP-34327,0,Tl,603.23303,13.684985,612.46857
JVASP-34327,1,Tl,541.7696,13.684985,532.7159
JVASP-34327,2,Ni,8.573662,5.243039,7.692735
JVASP-34327,3,Ni,8.578263,5.243039,7.363413
JVASP-34327,4,Ni,8.58576,5.243039,8.50824
JVASP-34327,5,S,27.780441,15.204629,22.154692
JVASP-34327,6,S,27.780441,15.204629,22.154692
JVASP-57505,0,Tl,72.11642,13.684985,83.9055
JVASP-57505,1,Ni,28.422411,5.243039,23.75015
JVASP-57505,2,Ni,28.422411,5.243039,23.75015
JVASP-57505,3,S,23.37312,15.204629,13.363988
JVASP-57505,4,S,23.37312,15.204629,13.363988
JVASP-362,0,Zr,14.337498,6.08661,16.758953
JVASP-362,1,Zr,14.337498,6.08661,16.758953
JVASP-362,2,Se,588.8255,29.56337,571.8599
JVASP-362,3,Se,588.8255,29.56337,571.8599
JVASP-362,4,Se,582.3027,29.56337,568.2414
JVASP-362,5,Se,582.3027,29.56337,568.2414
JVASP-362,6,Se,56.815205,29.56337,63.32933
JVASP-362,7,Se,56.815205,29.56337,63.32933
JVASP-365,0,Zr,34.32715,6.08661,40.283558
JVASP-365,1,Se,3.005524,29.56337,32.50887
JVASP-365,2,Se,3.005524,29.56337,32.50887
JVASP-51471,0,Y,4.4282875,11.128398,8.400743
JVASP-51471,1,Y,4.4282875,11.128398,8.400743
JVASP-51471,2,Pb,603.0178,21.544178,584.10876
JVASP-51471,3,Pb,603.0178,21.544178,584.10876
JVASP-51471,4,Pb,338.0836,21.544178,353.96118
JVASP-51471,5,Pb,338.0836,21.544178,353.96118
JVASP-7962,0,Y,0.0,11.128398,11.128398
JVASP-7962,1,Pb,416.5774,21.544178,404.65298
JVASP-7962,2,Pb,416.57736,21.544178,435.17194
JVASP-7962,3,Pb,416.57736,21.544178,410.9549
JVASP-29411,0,Tm,146.36815,8.03611,145.13249
JVASP-29411,1,Tm,146.36815,8.03611,145.13249
JVASP-29411,2,Tm,154.7361,8.03611,156.86423
JVASP-29411,3,Tm,154.7361,8.03611,156.86423
JVASP-29411,4,Te,543.69977,68.54225,494.59244
JVASP-29411,5,Te,578.39056,68.54225,593.3857
JVASP-29411,6,Te,517.20135,68.54225,513.95935
JVASP-29411,7,Te,543.69977,68.54225,494.59244
JVASP-29411,8,Te,539.0394,68.54225,472.4408
JVASP-29411,9,Te,517.20135,68.54225,513.95935
JVASP-29411,10,Te,539.0394,68.54225,472.4408
JVASP-29411,11,Te,536.1886,68.54225,537.91693
JVASP-29411,12,Te,578.39056,68.54225,593.3857
JVASP-29411,13,Te,536.1886,68.54225,537.91693
JVASP-29411,14,O,140.84093,1.173997,140.3753
JVASP-29411,15,O,128.6717,1.173997,128.36172
JVASP-29411,16,O,123.056305,1.173997,122.98212
JVASP-29411,17,O,131.75746,1.173997,131.035
JVASP-29411,18,O,144.42882,1.173997,145.38411
JVASP-29411,19,O,131.07867,1.173997,131.75127
JVASP-29411,20,O,107.81535,1.173997,108.53019
JVASP-29411,21,O,138.56625,1.173997,139.35815
JVASP-29411,22,O,107.81535,1.173997,108.53019
JVASP-29411,23,O,125.49451,1.173997,126.433754
JVASP-29411,24,O,144.42882,1.173997,145.38411
JVASP-29411,25,O,132.88678,1.173997,132.54164
JVASP-29411,26,O,131.75746,1.173997,131.035
JVASP-29411,27,O,167.5589,1.173997,166.89833
JVASP-29411,28,O,138.56625,1.173997,139.35815
JVASP-29411,29,O,125.49451,1.173997,126.433754
JVASP-29411,30,O,132.88678,1.173997,132.54164
JVASP-29411,31,O,123.056305,1.173997,122.98212
JVASP-29411,32,O,128.6717,1.173997,128.36172
JVASP-29411,33,O,130.83278,1.173997,130.69627
JVASP-29411,34,O,167.5589,1.173997,166.89833
JVASP-29411,35,O,118.87721,1.173997,118.52124
JVASP-29411,36,O,118.87721,1.173997,118.52124
JVASP-29411,37,O,131.07867,1.173997,131.75127
JVASP-29411,38,O,140.84093,1.173997,140.3753
JVASP-29411,39,O,130.83278,1.173997,130.69627
JVASP-49938,0,Tm,25.386513,8.03611,32.874073
JVASP-49938,1,Tm,25.386513,8.03611,32.874073
JVASP-49938,2,Te,202.87408,68.54225,269.98462
JVASP-49938,3,O,27.306503,1.173997,27.470976
JVASP-49938,4,O,27.306503,1.173997,27.470976
JVASP-68183,0,Be,1.2974131,0.38258058,1.0143042
JVASP-68183,1,Sn,82.95034,6.63049,88.372345
JVASP-68183,2,Sn,12.401767,6.63049,8.090739
JVASP-68183,3,Pb,27.180355,21.544178,23.101923
JVASP-74866,0,Be,4.813247,0.38258058,5.1268625
JVASP-74866,1,Be,5.74487,0.38258058,6.0577183
JVASP-74866,2,Be,4.813247,0.38258058,5.1268625
JVASP-74866,3,Be,5.74487,0.38258058,6.0577183
JVASP-74866,4,Sn,223.2522,6.63049,228.62033
JVASP-74866,5,Sn,223.2522,6.63049,228.62033
JVASP-74866,6,Pb,548.6882,21.544178,536.66864
JVASP-74866,7,Pb,548.6882,21.544178,536.66864
JVASP-3897,0,Rh,14.255837,12.903096,8.443363
JVASP-3897,1,Rh,14.255837,12.903096,8.443363
JVASP-3897,2,Br,531.87946,43.576878,545.3368
JVASP-3897,3,Br,531.87946,43.576878,545.3368
JVASP-3897,4,Br,544.00714,43.576878,525.36597
JVASP-3897,5,Br,544.0067,43.576878,555.9635
JVASP-3897,6,Br,544.00714,43.576878,525.36597
JVASP-3897,7,Br,544.0067,43.576878,555.9635
JVASP-39456,0,Rh,6.314785,12.903096,6.840495
JVASP-39456,1,Rh,6.314785,12.903096,6.840495
JVASP-39456,2,Rh,20.751259,12.903096,33.48861
JVASP-39456,3,Rh,6.314785,12.903096,6.840495
JVASP-39456,4,Rh,6.314785,12.903096,6.840495
JVASP-39456,5,Rh,20.751259,12.903096,33.48861
JVASP-39456,6,Br,1.5529765,43.576878,42.28969
JVASP-39456,7,Br,1.5529765,43.576878,42.28969
JVASP-36969,0,Tl,57.817184,13.684985,67.545456
JVASP-36969,1,Tl,57.817184,13.684985,67.545456
JVASP-36969,2,Ag,3.7739253,6.9597216,10.151069
JVASP-36969,3,Ag,3.7739253,6.9597216,10.151069
JVASP-36969,4,Br,498.74625,43.576878,496.14566
JVASP-36969,5,Br,498.74588,43.576878,513.29205
JVASP-36969,6,Br,498.74643,43.576878,493.75662
JVASP-36969,7,Br,498.74637,43.576878,513.29004
JVASP-36969,8,Br,498.7459,43.576878,496.15707
JVASP-36969,9,Br,498.74612,43.576878,493.74716
JVASP-36880,0,Tl,2.8709166,13.684985,15.12594
JVASP-36880,1,Ag,1.4114418,6.9597216,6.4362435
JVASP-36880,2,Br,514.3751,43.576878,553.4856
JVASP-36880,3,Br,523.4347,43.576878,522.6874
JVASP-36880,4,Br,514.4348,43.576878,478.87842
JVASP-2091,0,F,294.29416,15.800529,284.894
JVASP-2091,1,F,238.90031,15.800529,246.59875
JVASP-2091,2,F,238.90016,15.800529,242.18584
JVASP-2091,3,F,294.29416,15.800529,284.894
JVASP-2091,4,Pb,513.78864,21.544178,525.9071
JVASP-52662,0,Pb,0.27527803,21.544178,21.594429
JVASP-52662,1,Pb,0.30528674,21.544178,21.403738
JVASP-52662,2,F,0.06690291,15.800529,15.818021
JVASP-52662,3,F,0.063739054,15.800529,15.798941
JVASP-52662,4,F,0.065984845,15.800529,15.798482
JVASP-52662,5,F,0.06421837,15.800529,15.776073
JVASP-16118,0,Y,4.3368216,11.128398,14.18449
JVASP-16118,1,Y,4.3368216,11.128398,14.18449
JVASP-16118,2,Si,2.1335056,1.7483627,3.2666154
JVASP-16118,3,Si,2.1335056,1.7483627,3.2666154
JVASP-16118,4,Au,500.25928,9.827829,496.24817
JVASP-16118,5,Au,500.25928,9.827829,496.24817
JVASP-85214,0,Y,7.466045,11.128398,16.744108
JVASP-85214,1,Y,7.466045,11.128398,16.744108
JVASP-85214,2,Si,4.338046,1.7483627,5.3011026
JVASP-85214,3,Si,4.338046,1.7483627,5.3011026
JVASP-85214,4,Si,4.338046,1.7483627,5.3011026
JVASP-85214,5,Si,4.338046,1.7483627,5.3011026
JVASP-85214,6,Au,122.1977,9.827829,126.60501
JVASP-85214,7,Au,122.1977,9.827829,126.60501
JVASP-85214,8,Au,122.1977,9.827829,126.60501
JVASP-85214,9,Au,122.1977,9.827829,126.60501
JVASP-29375,0,Cd,103.69862,15.619623,104.65043
JVASP-29375,1,O,55.149563,1.173997,55.392544
JVASP-29375,2,O,55.150238,1.173997,55.393204
JVASP-29375,3,Cl,94.01138,20.642973,102.569786
JVASP-29375,4,O,41.942318,1.173997,41.57899
JVASP-29375,5,Cl,94.01198,20.642973,102.57035
JVASP-29375,6,Bi,501.23468,75.36236,510.9938
JVASP-29375,7,O,41.942577,1.173997,41.579254
JVASP-29375,8,Bi,501.24396,75.36236,511.00262
JVASP-29375,9,Cd,103.6994,15.619623,104.65153
JVASP-26375,0,Cd,103.674866,15.619623,99.10798
JVASP-26375,1,Cd,103.674866,15.619623,99.10798
JVASP-26375,2,Bi,501.32602,75.36236,508.60022
JVASP-26375,3,Bi,501.32602,75.36236,508.60022
JVASP-26375,4,Cl,94.032135,20.642973,107.72876
JVASP-26375,5,Cl,94.032135,20.642973,107.72876
JVASP-26375,6,O,55.136734,1.173997,54.780964
JVASP-26375,7,O,55.136734,1.173997,54.780964
JVASP-26375,8,O,41.933254,1.173997,42.29753
JVASP-26375,9,O,41.933254,1.173997,42.29753
JVASP-5767,0,Pd,64.79076,20.903904,72.24334
JVASP-5767,1,Pd,64.79076,20.903904,70.96784
JVASP-5767,2,Pd,64.79076,20.903904,72.24334
JVASP-5767,3,Pd,64.79076,20.903904,70.96784
JVASP-5767,4,Pd,64.56275,20.903904,62.692535
JVASP-5767,5,Pd,64.56275,20.903904,63.238716
JVASP-5767,6,Pd,64.56275,20.903904,62.692535
JVASP-5767,7,Pd,64.56275,20.903904,63.238716
JVASP-5767,8,Pd,46.45324,20.903904,42.983685
JVASP-5767,9,Pd,46.45324,20.903904,42.983685
JVASP-5767,10,Pd,57.28499,20.903904,67.66779
JVASP-5767,11,Pd,57.28499,20.903904,67.66779
JVASP-5767,12,S,199.27002,15.204629,194.63155
JVASP-5767,13,S,197.94962,15.204629,196.9274
JVASP-5767,14,S,197.94962,15.204629,195.00911
JVASP-5767,15,S,199.27002,15.204629,197.34244
JVASP-5767,16,S,197.94962,15.204629,196.9274
JVASP-5767,17,S,199.27002,15.204629,197.34244
JVASP-5767,18,S,199.27002,15.204629,194.63155
JVASP-5767,19,S,197.16321,15.204629,189.61295
JVASP-5767,20,S,197.16321,15.204629,190.43692
JVASP-5767,21,S,197.16321,15.204629,189.61295
JVASP-5767,22,S,197.16321,15.204629,190.43692
JVASP-5767,23,S,197.94962,15.204629,195.00911
JVASP-5767,24,Cl,222.3633,20.642973,216.38461
JVASP-5767,25,Cl,222.3633,20.642973,218.0763
JVASP-5767,26,Cl,222.3633,20.642973,216.38461
JVASP-5767,27,Cl,209.10085,20.642973,219.73085
JVASP-5767,28,Cl,209.10085,20.642973,219.73085
JVASP-5767,29,Cl,224.6088,20.642973,231.83322
JVASP-5767,30,Cl,229.59912,20.642973,215.671
JVASP-5767,31,Cl,224.6088,20.642973,231.83322
JVASP-5767,32,Cl,224.6088,20.642973,231.7011
JVASP-5767,33,Cl,229.59912,20.642973,215.671
JVASP-5767,34,Cl,222.3633,20.642973,218.0763
JVASP-5767,35,Cl,224.6088,20.642973,231.7011
JVASP-3972,0,Pd,72.07411,20.903904,57.42799
JVASP-3972,1,S,368.43454,15.204629,371.54065
JVASP-3972,2,S,368.43454,15.204629,371.54065
JVASP-3972,3,Cl,486.21942,20.642973,472.96014
JVASP-3972,4,Cl,222.07965,20.642973,222.58679
JVASP-3972,5,Cl,222.07965,20.642973,222.58679
JVASP-3972,6,Cl,484.90784,20.642973,497.9522
JVASP-3972,7,Cl,484.90784,20.642973,497.9522
JVASP-3972,8,Cl,486.21942,20.642973,472.96014
JVASP-38740,0,Lu,0.0,5.367924,5.367924
JVASP-38740,1,Bi,482.1061,75.36236,442.4405
JVASP-38740,2,Bi,482.1061,75.36236,556.6753
JVASP-38740,3,Bi,482.1061,75.36236,456.81113
JVASP-56990,0,Lu,0.0,5.367924,5.367924
JVASP-56990,1,Lu,0.0,5.367924,5.367924
JVASP-56990,2,Lu,0.0,5.367924,5.367924
JVASP-56990,3,Lu,0.0,5.367924,5.367924
JVASP-56990,4,Bi,0.0,75.36236,75.36236
JVASP-56990,5,Bi,0.0,75.36236,75.36236
JVASP-56990,6,Bi,0.0,75.36236,75.36236
JVASP-56990,7,Bi,0.0,75.36236,75.36236
JVASP-5524,0,S,225.29489,15.204629,232.50684
JVASP-5524,1,S,225.29489,15.204629,230.64058
JVASP-5524,2,S,225.29489,15.204629,232.50684
JVASP-5524,3,S,225.29489,15.204629,230.64058
JVASP-5524,4,Cl,386.971,20.642973,374.80923
JVASP-5524,5,Cl,386.971,20.642973,375.41824
JVASP-5524,6,Cl,386.971,20.642973,374.80923
JVASP-5524,7,Cl,386.971,20.642973,375.41824
JVASP-5524,8,Cl,385.57248,20.642973,388.24606
JVASP-5524,9,Cl,385.57248,20.642973,390.23172
JVASP-5524,10,Cl,385.57248,20.642973,388.24606
JVASP-5524,11,Cl,385.57248,20.642973,390.23172
JVASP-5524,12,O,113.22717,1.173997,114.01112
JVASP-5524,13,O,113.22717,1.173997,112.90145
JVASP-5524,14,O,113.22717,1.173997,114.01112
JVASP-5524,15,O,113.22717,1.173997,112.90145
JVASP-5521,0,O,140.74724,1.173997,141.32748
JVASP-5521,1,O,140.7466,1.173997,140.63806
JVASP-5521,2,O,140.7466,1.173997,140.62631
JVASP-5521,3,O,140.74582,1.173997,140.19434
JVASP-5521,4,S,85.86736,15.204629,77.52206
JVASP-5521,5,S,85.86689,15.204629,79.42402
JVASP-5521,6,Cl,472.05588,20.642973,480.87973
JVASP-5521,7,Cl,472.05664,20.642973,476.87604
JVASP-5521,8,Cl,472.05612,20.642973,483.66354
JVASP-5521,9,Cl,472.05664,20.642973,477.05728
JVASP-19961,0,U,460.55185,22.270443,445.01306
JVASP-19961,1,Hg,79.05729,18.195402,75.951324
JVASP-19961,2,Hg,79.05729,18.195402,75.951324
JVASP-4373,0,U,460.55307,22.270443,445.01416
JVASP-4373,1,Hg,79.053604,18.195402,75.94702
JVASP-4373,2,Hg,79.053604,18.195402,75.94702
JVASP-31190,0,Ba,36.065132,16.451351,30.942747
JVASP-31190,1,Ga,10.113257,4.5793962,13.631168
JVASP-31190,2,Ga,10.113851,4.5793962,12.944046
JVASP-31190,3,Te,466.36633,68.54225,481.8908
JVASP-31190,4,Te,466.36633,68.54225,398.92767
JVASP-31190,5,Te,466.26886,68.54225,398.85822
JVASP-31190,6,Te,466.26886,68.54225,481.779
JVASP-22547,0,Ba,36.05935,16.451351,30.93703
JVASP-22547,1,Ga,10.115885,4.5793962,13.63361
JVASP-22547,2,Ga,10.116197,4.5793962,12.946907
JVASP-22547,3,Te,466.3786,68.54225,481.8996
JVASP-22547,4,Te,466.3786,68.54225,398.9399
JVASP-22547,5,Te,466.27377,68.54225,398.8628
JVASP-22547,6,Te,466.27377,68.54225,481.7803
JVASP-29438,0,Te,417.5809,68.54225,430.34747
JVASP-29438,1,Te,417.5809,68.54225,434.468
JVASP-29438,2,Te,417.5809,68.54225,419.75427
JVASP-29438,3,Te,417.5809,68.54225,421.6211
JVASP-29438,4,S,48.04482,15.204629,43.98511
JVASP-29438,5,S,48.04482,15.204629,41.236614
JVASP-29438,6,O,152.99442,1.173997,152.67722
JVASP-29438,7,O,159.85652,1.173997,159.61052
JVASP-29438,8,O,152.99442,1.173997,152.3989
JVASP-29438,9,O,153.57881,1.173997,153.45361
JVASP-29438,10,O,152.99442,1.173997,153.8106
JVASP-29438,11,O,153.57881,1.173997,153.8513
JVASP-29438,12,O,152.99442,1.173997,153.41411
JVASP-29438,13,O,153.57881,1.173997,153.12537
JVASP-29438,14,O,153.57881,1.173997,153.34491
JVASP-29438,15,O,159.85652,1.173997,160.05666
JVASP-29438,16,O,150.74039,1.173997,150.49272
JVASP-29438,17,O,179.05173,1.173997,178.09813
JVASP-29438,18,O,150.74039,1.173997,151.70267
JVASP-29438,19,O,179.05173,1.173997,180.07753
JVASP-29417,0,Te,455.81653,68.54225,482.59033
JVASP-29417,1,Te,455.81653,68.54225,471.57098
JVASP-29417,2,Te,455.81653,68.54225,471.50925
JVASP-29417,3,Te,455.81653,68.54225,474.9605
JVASP-29417,4,S,25.19001,15.204629,37.06084
JVASP-29417,5,S,25.19001,15.204629,37.372303
JVASP-29417,6,O,171.15305,1.173997,171.66833
JVASP-29417,7,O,171.93199,1.173997,172.14958
JVASP-29417,8,O,154.45337,1.173997,155.26749
JVASP-29417,9,O,171.15305,1.173997,171.2124
JVASP-29417,10,O,171.93199,1.173997,171.57372
JVASP-29417,11,O,154.45337,1.173997,154.92311
JVASP-29417,12,O,154.6707,1.173997,155.61687
JVASP-29417,13,O,163.06291,1.173997,162.17377
JVASP-29417,14,O,154.6707,1.173997,154.48312
JVASP-29417,15,O,154.45337,1.173997,153.86986
JVASP-29417,16,O,171.15305,1.173997,170.61966
JVASP-29417,17,O,171.15305,1.173997,170.7821
JVASP-29417,18,O,154.45337,1.173997,153.97261
JVASP-29417,19,O,163.06291,1.173997,164.01021
JVASP-77127,0,Y,243.05838,11.128398,233.86269
JVASP-77127,1,Y,243.05838,11.128398,233.86269
JVASP-77127,2,Al,38.841873,1.0875204,39.2085
JVASP-77127,3,Tl,444.06296,13.684985,447.5707
JVASP-81623,0,Y,72.33789,11.128398,78.27408
JVASP-81623,1,Y,72.33789,11.128398,78.27408
JVASP-81623,2,Y,72.33789,11.128398,78.27408
JVASP-81623,3,Y,72.33789,11.128398,78.27408
JVASP-81623,4,Al,38.656586,1.0875204,37.614487
JVASP-81623,5,Al,38.656586,1.0875204,37.614487
JVASP-81623,6,Tl,293.66116,13.684985,282.88065
JVASP-81623,7,Tl,293.66116,13.684985,282.88065
JVASP-13100,0,Hg,438.69177,18.195402,444.17432
JVASP-13100,1,Hg,438.69177,18.195402,444.17432
JVASP-13100,2,As,25.168505,16.668182,41.5946
JVASP-13100,3,As,25.168505,16.668182,41.5946
JVASP-13100,4,O,167.4526,1.173997,167.83205
JVASP-13100,5,O,167.4526,1.173997,166.91911
JVASP-13100,6,O,167.45277,1.173997,167.6887
JVASP-13100,7,O,167.4526,1.173997,166.91911
JVASP-13100,8,O,167.45277,1.173997,167.6887
JVASP-13100,9,O,167.4526,1.173997,167.83205
JVASP-61150,0,Hg,110.512405,18.195402,116.9616
JVASP-61150,1,As,26.327116,16.668182,42.748898
JVASP-61150,2,As,26.327116,16.668182,42.748898
JVASP-61150,3,O,171.39345,1.173997,171.74832
JVASP-61150,4,O,171.39345,1.173997,170.90993
JVASP-61150,5,O,171.39336,1.173997,171.61227
JVASP-61150,6,O,171.39345,1.173997,170.90993
JVASP-61150,7,O,171.39345,1.173997,171.74832
JVASP-61150,8,O,171.39336,1.173997,171.61227
JVASP-49784,0,Na,23.392464,0.84107655,23.105165
JVASP-49784,1,Na,23.392464,0.84107655,23.105165
JVASP-49784,2,Sb,453.53592,27.438374,463.16986
JVASP-49784,3,Sb,453.53592,27.438374,463.16986
JVASP-49784,4,O,90.80821,1.173997,89.877884
JVASP-49784,5,O,90.80821,1.173997,91.88303
JVASP-49784,6,O,90.80821,1.173997,91.88303
JVASP-49784,7,O,90.80821,1.173997,89.877884
JVASP-9602,0,O,129.85686,1.173997,129.15958
JVASP-9602,1,O,129.85806,1.173997,130.11343
JVASP-9602,2,O,129.85773,1.173997,130.46991
JVASP-9602,3,O,129.85686,1.173997,129.15958
JVASP-9602,4,O,129.85773,1.173997,130.46991
JVASP-9602,5,O,129.85806,1.173997,130.11343
JVASP-9602,6,Na,1.7341499,0.84107655,2.1861188
JVASP-9602,7,Na,1.7341499,0.84107655,2.1861188
JVASP-9602,8,Sb,46.50301,27.438374,66.0047
JVASP-9602,9,Sb,46.50301,27.438374,66.0047
JVASP-67096,0,Be,1.9751053,0.38258058,1.6817443
JVASP-67096,1,Be,1.9751053,0.38258058,1.6817443
JVASP-67096,2,Cu,12.458105,2.626418,11.615009
JVASP-67096,3,Re,136.35574,20.045204,149.91568
JVASP-67160,0,Be,7.2325335,0.38258058,6.927736
JVASP-67160,1,Cu,10.861047,2.626418,12.186234
JVASP-67160,2,Re,424.0912,20.045204,437.12604
JVASP-2649,0,P,102.64665,4.940868,104.88001
JVASP-2649,1,P,102.64665,4.940868,104.88001
JVASP-2649,2,P,131.79486,4.940868,132.12477
JVASP-2649,3,P,131.79408,4.940868,129.10875
JVASP-2649,4,P,131.79486,4.940868,132.12477
JVASP-2649,5,P,131.79408,4.940868,129.10875
JVASP-2649,6,Ba,29.895544,16.451351,41.40313
JVASP-2649,7,Ba,29.895544,16.451351,41.40313
JVASP-36468,0,Ba,411.29953,16.451351,420.0511
JVASP-36468,1,Ba,411.29953,16.451351,419.41064
JVASP-36468,2,Ba,411.29953,16.451351,394.92496
JVASP-36468,3,P,0.0,4.940868,4.940868
JVASP-36468,4,P,0.0,4.940868,4.940868
JVASP-65744,0,Ba,102.999405,16.451351,119.38721
JVASP-65744,1,Se,405.19217,29.56337,434.14944
JVASP-65744,2,Ta,258.51343,34.19568,291.26678
JVASP-65744,3,Ta,258.51343,34.19568,291.26678
JVASP-68974,0,Ba,104.639755,16.451351,121.02742
JVASP-68974,1,Ta,311.21655,34.19568,342.4303
JVASP-68974,2,Ta,311.21655,34.19568,344.68057
JVASP-68974,3,Se,395.2325,29.56337,424.1908
JVASP-77213,0,Sr,170.98605,5.8790126,166.10045
JVASP-77213,1,Sr,170.98605,5.8790126,166.10045
JVASP-77213,2,Y,171.62582,11.128398,176.90881
JVASP-77213,3,Y,171.62582,11.128398,176.90881
JVASP-77213,4,Pt,369.09555,18.358461,351.98117
JVASP-77213,5,Pt,369.09555,18.358461,351.98117
JVASP-77213,6,Pt,369.09555,18.358461,351.98117
JVASP-77213,7,Pt,369.09555,18.358461,351.98117
JVASP-81771,0,Sr,166.07037,5.8790126,160.87675
JVASP-81771,1,Sr,166.07037,5.8790126,160.87675
JVASP-81771,2,Y,195.60484,11.128398,202.58887
JVASP-81771,3,Y,195.60484,11.128398,202.58887
JVASP-81771,4,Pt,402.88226,18.358461,385.5347
JVASP-81771,5,Pt,402.88226,18.358461,385.5347
JVASP-81771,6,Pt,402.88226,18.358461,385.5347
JVASP-81771,7,Pt,402.88226,18.358461,385.5347
JVASP-35327,0,Th,396.44135,20.611576,378.80865
JVASP-35327,1,Si,38.786854,1.7483627,39.536644
JVASP-35327,2,Si,38.786854,1.7483627,39.536644
JVASP-35327,3,Ru,83.38864,13.728401,72.02049
JVASP-35327,4,Ru,83.38864,13.728401,71.88553
JVASP-35327,5,Ru,83.388054,13.728401,69.72643
JVASP-15530,0,Th,388.9455,20.611576,406.85565
JVASP-15530,1,Th,388.9455,20.611576,406.85565
JVASP-15530,2,Si,25.643707,1.7483627,24.977007
JVASP-15530,3,Si,25.643707,1.7483627,24.977007
JVASP-15530,4,Si,25.643707,1.7483627,24.977007
JVASP-15530,5,Si,25.643707,1.7483627,24.977007
JVASP-15530,6,Ru,39.122433,13.728401,26.367292
JVASP-15530,7,Ru,39.122433,13.728401,26.367292
JVASP-15530,8,Ru,39.122433,13.728401,26.367292
JVASP-15530,9,Ru,39.122433,13.728401,26.367292
JVASP-66845,0,Be,9.552194,0.38258058,9.246329
JVASP-66845,1,Be,2.0747178,0.38258058,1.7805028
JVASP-66845,2,Si,40.767673,1.7483627,41.515934
JVASP-66845,3,Pt,392.05228,18.358461,409.48575
JVASP-67295,0,Be,9.610981,0.38258058,9.3051
JVASP-67295,1,Be,2.035526,0.38258058,1.7416353
JVASP-67295,2,Si,40.976696,1.7483627,41.7248
JVASP-67295,3,Pt,390.7965,18.358461,408.2301
JVASP-3681,0,Ag,19.105341,6.9597216,24.959444
JVASP-3681,1,Ag,3.621659,6.9597216,4.6718497
JVASP-3681,2,I,400.11087,47.949,369.5023
JVASP-3681,3,I,400.11197,47.949,406.518
JVASP-3681,4,I,400.112,47.949,419.8747
JVASP-3681,5,I,400.1124,47.949,405.0009
JVASP-3681,6,Hg,32.255505,18.195402,37.563587
JVASP-22659,0,Ag,15.688189,6.9597216,12.436684
JVASP-22659,1,Ag,15.688189,6.9597216,12.154445
JVASP-22659,2,Hg,68.348114,18.195402,65.57441
JVASP-22659,3,I,414.10883,47.949,433.93555
JVASP-22659,4,I,414.10883,47.949,429.39102
JVASP-22659,5,I,414.10883,47.949,409.89008
JVASP-22659,6,I,414.10883,47.949,417.34927
JVASP-36924,0,Rb,0.65412384,7.136503,6.8770356
JVASP-36924,1,Tl,1.3510159,13.684985,13.63694
JVASP-36924,2,Br,377.58984,43.576878,342.13403
JVASP-36924,3,Br,378.53568,43.576878,378.4888
JVASP-36924,4,Br,377.56296,43.576878,416.89645
JVASP-36967,0,Rb,23.118048,7.136503,29.424072
JVASP-36967,1,Rb,23.118048,7.136503,29.424072
JVASP-36967,2,Tl,38.01139,13.684985,48.119053
JVASP-36967,3,Tl,38.01139,13.684985,48.119053
JVASP-36967,4,Br,368.27258,43.576878,367.57385
JVASP-36967,5,Br,368.27368,43.576878,381.99072
JVASP-36967,6,Br,368.273,43.576878,368.46582
JVASP-36967,7,Br,368.27325,43.576878,382.32852
JVASP-36967,8,Br,368.2732,43.576878,367.03497
JVASP-36967,9,Br,368.2731,43.576878,368.6529
JVASP-3660,0,Cu,0.64286596,2.626418,2.4623156
JVASP-3660,1,Cu,0.64286596,2.626418,2.4693713
JVASP-3660,2,Hg,3.3123014,18.195402,17.561443
JVASP-3660,3,I,413.25906,47.949,413.53708
JVASP-3660,4,I,413.08997,47.949,427.87384
JVASP-3660,5,I,413.25906,47.949,428.8264
JVASP-3660,6,I,413.58643,47.949,414.20337
JVASP-22642,0,Cu,6.2104445,2.626418,3.8934186
JVASP-22642,1,Cu,6.2104445,2.626418,8.371517
JVASP-22642,2,Hg,14.074768,18.195402,25.958485
JVASP-22642,3,I,428.00815,47.949,420.91623
JVASP-22642,4,I,428.00815,47.949,446.03262
JVASP-22642,5,I,428.00815,47.949,440.03152
JVASP-22642,6,I,428.00815,47.949,427.41727
JVASP-17773,0,Ce,0.0,7.3629155,7.3629155
JVASP-17773,1,Tl,372.61392,13.684985,361.41858
JVASP-17773,2,Tl,372.61395,13.684985,382.54965
JVASP-17773,3,Tl,372.61392,13.684985,374.3229
JVASP-18078,0,Ce,197.54073,7.3629155,194.96964
JVASP-18078,1,Ce,197.54074,7.3629155,204.7714
JVASP-18078,2,Ce,197.54073,7.3629155,193.09373
JVASP-18078,3,Tl,0.0,13.684985,13.684985
JVASP-3615,0,Nd,143.83812,2.8276725,141.56334
JVASP-3615,1,Nd,143.83812,2.8276725,141.56334
JVASP-3615,2,Br,33.873993,43.576878,74.2283
JVASP-3615,3,Br,33.873993,43.576878,74.2283
JVASP-3615,4,O,3.8595793,1.173997,3.8982177
JVASP-3615,5,O,3.8595793,1.173997,3.8982177
JVASP-35607,0,Nd,163.83984,2.8276725,162.28265
JVASP-35607,1,Nd,163.83984,2.8276725,162.28265
JVASP-35607,2,Br,117.153175,43.576878,75.47905
JVASP-35607,3,Br,117.153175,43.576878,75.47905
JVASP-35607,4,O,347.25034,1.173997,347.69946
JVASP-35607,5,O,347.25034,1.173997,347.69946
JVASP-35607,6,O,368.73312,1.173997,369.19333
JVASP-35607,7,O,368.73312,1.173997,369.19333
JVASP-1291,0,O,0.0028284274,1.173997,1.175411
JVASP-1291,1,Yb,0.0050990195,4.325258,4.3272767
JVASP-41120,0,Yb,316.58078,4.325258,313.74475
JVASP-41120,1,Yb,316.58078,4.325258,313.8399
JVASP-41120,2,O,363.92178,1.173997,363.11035
JVASP-41120,3,O,363.92178,1.173997,363.11035
JVASP-41120,4,O,363.92178,1.173997,364.86862
JVASP-41120,5,O,363.92178,1.173997,364.86862
JVASP-77513,0,Be,2.0059366,0.38258058,2.328548
JVASP-77513,1,Be,2.0059366,0.38258058,2.328548
JVASP-77513,2,Be,2.0059366,0.38258058,2.328548
JVASP-77513,3,Be,2.0059366,0.38258058,2.328548
JVASP-77513,4,Zn,138.81459,10.546378,129.41823
JVASP-77513,5,Zn,138.81459,10.546378,129.41823
JVASP-77513,6,Pt,411.58304,18.358461,398.95126
JVASP-77513,7,Pt,411.58304,18.358461,398.95126
JVASP-81890,0,Be,2.0100484,0.38258058,2.332739
JVASP-81890,1,Be,2.0100484,0.38258058,2.332739
JVASP-81890,2,Be,2.0100484,0.38258058,2.332739
JVASP-81890,3,Be,2.0100484,0.38258058,2.332739
JVASP-81890,4,Zn,138.82599,10.546378,129.42946
JVASP-81890,5,Zn,138.82599,10.546378,129.42946
JVASP-81890,6,Pt,411.74527,18.358461,399.1129
JVASP-81890,7,Pt,411.74527,18.358461,399.1129
JVASP-32465,0,C,62.516502,4.4679255,61.858704
JVASP-32465,1,C,62.516502,4.4679255,61.858704
JVASP-32465,2,S,58.609386,15.204629,66.07164
JVASP-32465,3,S,58.609386,15.204629,66.07164
JVASP-32465,4,S,147.14432,15.204629,151.73718
JVASP-32465,5,S,147.14432,15.204629,151.73718
JVASP-32465,6,N,86.31818,2.1896696,87.2865
JVASP-32465,7,N,86.31818,2.1896696,87.2865
JVASP-32465,8,F,347.30716,15.800529,341.19446
JVASP-32465,9,F,347.30716,15.800529,341.19446
JVASP-32465,10,F,346.69226,15.800529,347.0768
JVASP-32465,11,F,355.60242,15.800529,362.52417
JVASP-32465,12,F,340.91092,15.800529,333.98645
JVASP-32465,13,F,346.69226,15.800529,347.0768
JVASP-32465,14,F,355.60242,15.800529,362.52417
JVASP-32465,15,F,340.91092,15.800529,333.98645
JVASP-32465,16,F,340.379,15.800529,340.66852
JVASP-32465,17,F,340.379,15.800529,340.66852
JVASP-32689,0,C,108.09917,4.4679255,106.32348
JVASP-32689,1,C,108.09917,4.4679255,106.32348
JVASP-32689,2,C,108.09917,4.4679255,106.09553
JVASP-32689,3,C,108.09917,4.4679255,106.09553
JVASP-32689,4,S,22.74718,15.204629,15.419195
JVASP-32689,5,S,22.74718,15.204629,15.419195
JVASP-32689,6,S,22.74718,15.204629,12.046503
JVASP-32689,7,S,22.74718,15.204629,12.046503
JVASP-32689,8,N,28.69726,2.1896696,27.760855
JVASP-32689,9,N,28.69726,2.1896696,27.760855
JVASP-32689,10,N,28.69726,2.1896696,29.255974
JVASP-32689,11,N,28.69726,2.1896696,29.255974
JVASP-32689,12,F,353.2217,15.800529,340.8748
JVASP-32689,13,F,348.37393,15.800529,352.38727
JVASP-32689,14,F,349.9423,15.800529,359.02786
JVASP-32689,15,F,349.9423,15.800529,359.02786
JVASP-32689,16,F,347.97812,15.800529,356.99942
JVASP-32689,17,F,353.2217,15.800529,340.8748
JVASP-32689,18,F,353.2217,15.800529,343.41504
JVASP-32689,19,F,347.97812,15.800529,354.609
JVASP-32689,20,F,353.2217,15.800529,343.41504
JVASP-32689,21,F,349.9423,15.800529,356.64053
JVASP-32689,22,F,348.37393,15.800529,352.3748
JVASP-32689,23,F,348.37393,15.800529,352.37338
JVASP-32689,24,F,348.37393,15.800529,352.38727
JVASP-32689,25,F,347.97812,15.800529,356.99942
JVASP-32689,26,F,348.37393,15.800529,352.3944
JVASP-32689,27,F,348.37393,15.800529,352.3944
JVASP-32689,28,F,348.37393,15.800529,352.37338
JVASP-32689,29,F,347.97812,15.800529,354.609
JVASP-32689,30,F,349.9423,15.800529,356.64053
JVASP-32689,31,F,348.37393,15.800529,352.3748
JVASP-76777,0,Li,2.1868129,0.084703535,2.266208
JVASP-76777,1,Li,2.1868129,0.084703535,2.266208
JVASP-76777,2,Li,2.1868129,0.084703535,2.266208
JVASP-76777,3,Li,2.1868129,0.084703535,2.266208
JVASP-76777,4,Hg,144.46396,18.195402,129.15591
JVASP-76777,5,Hg,144.46396,18.195402,129.15591
JVASP-76777,6,As,363.1992,16.668182,347.05014
JVASP-76777,7,As,363.1992,16.668182,347.05014
JVASP-80934,0,Li,2.1661675,0.084703535,2.1478512
JVASP-80934,1,Li,2.1661675,0.084703535,2.1478512
JVASP-80934,2,Hg,164.74359,18.195402,155.84396
JVASP-80934,3,As,348.22952,16.668182,347.14972
JVASP-2325,0,S,48.246555,15.204629,37.531082
JVASP-2325,1,S,48.246555,15.204629,37.531082
JVASP-2325,2,S,48.246143,15.204629,37.481052
JVASP-2325,3,S,48.246143,15.204629,37.481052
JVASP-2325,4,Rb,30.4567,7.136503,34.60186
JVASP-2325,5,Rb,30.4567,7.136503,34.60186
JVASP-2325,6,Pt,337.15326,18.358461,336.9512
JVASP-2325,7,Pt,337.15298,18.358461,340.68472
JVASP-2325,8,Pt,372.18353,18.358461,373.37415
JVASP-2685,0,Rb,45.038136,7.136503,39.56839
JVASP-2685,1,Rb,45.038136,7.136503,39.56839
JVASP-2685,2,Rb,45.038136,7.136503,39.56839
JVASP-2685,3,Rb,45.038136,7.136503,39.56839
JVASP-2685,4,Pt,334.00903,18.358461,319.81793
JVASP-2685,5,Pt,334.00903,18.358461,319.81793
JVASP-2685,6,S,145.42496,15.204629,130.9569
JVASP-2685,7,S,145.42496,15.204629,130.9569
JVASP-2685,8,S,145.42496,15.204629,130.9569
JVASP-2685,9,S,145.42496,15.204629,130.9569
JVASP-35908,0,K,1.8844742,3.9006114,5.7435713
JVASP-35908,1,K,1.8844742,3.9006114,5.7435713
JVASP-35908,2,Cd,10.946769,15.619623,26.49974
JVASP-35908,3,Cd,10.946769,15.619623,26.49974
JVASP-35908,4,As,19.750235,16.668182,36.20016
JVASP-35908,5,As,19.750235,16.668182,36.20016
JVASP-4098,0,K,5.4695296,3.9006114,8.915553
JVASP-4098,1,K,5.4695296,3.9006114,8.915553
JVASP-4098,2,K,39.526394,3.9006114,42.72999
JVASP-4098,3,K,39.526394,3.9006114,42.72999
JVASP-4098,4,As,148.142,16.668182,162.61671
JVASP-4098,5,As,148.142,16.668182,162.61671
JVASP-4098,6,Cd,336.71216,15.619623,349.04776
JVASP-65518,0,Ba,334.9775,16.451351,318.60364
JVASP-65518,1,Ir,23.386095,25.960743,48.468338
JVASP-65518,2,Pt,3.8808084,18.358461,14.734636
JVASP-65518,3,Pt,3.8808084,18.358461,14.734636
JVASP-65668,0,Ba,1.7881275,16.451351,14.672206
JVASP-65668,1,Ir,84.312256,25.960743,108.859245
JVASP-65668,2,Pt,131.97673,18.358461,116.63808
JVASP-65668,3,Pt,131.97673,18.358461,124.230286
JVASP-4435,0,Na,17.788353,0.84107655,17.569134
JVASP-4435,1,Na,17.788353,0.84107655,17.526564
JVASP-4435,2,Na,17.788353,0.84107655,17.547905
JVASP-4435,3,Na,17.788353,0.84107655,17.569134
JVASP-4435,4,Na,17.788353,0.84107655,17.495531
JVASP-4435,5,Na,17.788353,0.84107655,17.526564
JVASP-4435,6,Na,17.788353,0.84107655,17.547905
JVASP-4435,7,Na,17.788353,0.84107655,17.495531
JVASP-4435,8,As,338.3539,16.668182,322.91675
JVASP-4435,9,As,338.3539,16.668182,322.81943
JVASP-4435,10,As,338.3539,16.668182,323.87405
JVASP-4435,11,As,338.3539,16.668182,323.8934
JVASP-4435,12,As,338.3539,16.668182,322.91675
JVASP-4435,13,As,338.3539,16.668182,322.81943
JVASP-4435,14,As,338.3539,16.668182,323.87405
JVASP-4435,15,As,338.3539,16.668182,323.8934
JVASP-4435,16,O,131.97714,1.173997,132.69987
JVASP-4435,17,O,131.97714,1.173997,130.9139
JVASP-4435,18,O,131.97714,1.173997,131.24075
JVASP-4435,19,O,131.97714,1.173997,132.8056
JVASP-4435,20,O,131.97714,1.173997,132.69987
JVASP-4435,21,O,131.97714,1.173997,130.9139
JVASP-4435,22,O,131.97714,1.173997,131.24075
JVASP-4435,23,O,131.97714,1.173997,132.8056
JVASP-4435,24,O,122.01735,1.173997,122.24655
JVASP-4435,25,O,122.01735,1.173997,122.65552
JVASP-4435,26,O,122.01735,1.173997,121.93027
JVASP-4435,27,O,122.01735,1.173997,121.682205
JVASP-4435,28,O,122.01735,1.173997,122.24655
JVASP-4435,29,O,122.01735,1.173997,122.65552
JVASP-4435,30,O,122.01735,1.173997,121.93027
JVASP-4435,31,O,122.01735,1.173997,121.682205
JVASP-38495,0,Na,0.0,0.84107655,0.84107655
JVASP-38495,1,As,0.0,16.668182,16.668182
JVASP-38495,2,O,237.63562,1.173997,237.49876
JVASP-38495,3,O,237.63562,1.173997,238.08604
JVASP-38495,4,O,237.63562,1.173997,237.3301
JVASP-17578,0,Zr,55.818565,6.08661,49.903397
JVASP-17578,1,Zr,55.818565,6.08661,49.903397
JVASP-17578,2,Zr,55.818565,6.08661,49.903397
JVASP-17578,3,Zr,55.818565,6.08661,49.903397
JVASP-17578,4,In,331.55273,6.7296906,325.60748
JVASP-17578,5,In,331.55273,6.7296906,325.60748
JVASP-17578,6,C,3.0300188,4.4679255,6.3714223
JVASP-17578,7,C,3.0300188,4.4679255,6.3714223
JVASP-14086,0,Zr,55.818153,6.08661,49.902836
JVASP-14086,1,Zr,55.81775,6.08661,49.902416
JVASP-14086,2,Zr,55.818153,6.08661,49.902836
JVASP-14086,3,Zr,55.818153,6.08661,49.902836
JVASP-14086,4,In,331.54947,6.7296906,325.60422
JVASP-14086,5,In,331.54947,6.7296906,325.60422
JVASP-14086,6,C,3.0300188,4.4679255,6.3714223
JVASP-14086,7,C,3.0300188,4.4679255,6.3714223
JVASP-14754,0,Tm,0.0,8.03611,8.03611
JVASP-14754,1,Tl,0.0,13.684985,13.684985
JVASP-19847,0,Tm,0.0,8.03611,8.03611
JVASP-19847,1,Tl,328.53534,13.684985,338.48654
JVASP-19847,2,Tl,328.53537,13.684985,330.27734
JVASP-19847,3,Tl,328.53537,13.684985,317.35153
JVASP-67498,0,Be,14.079668,0.38258058,14.390043
JVASP-67498,1,Bi,192.06123,75.36236,118.1976
JVASP-67498,2,Re,165.38464,20.045204,178.81488
JVASP-68178,0,Be,3.5199628,0.38258058,3.835539
JVASP-68178,1,Bi,35.222847,75.36236,110.2929
JVASP-68178,2,Re,96.02081,20.045204,84.68298
JVASP-68178,3,Re,326.07117,20.045204,313.69153
JVASP-56734,0,Y,1.2639375,11.128398,10.409581
JVASP-56734,1,Y,1.2639375,11.128398,10.409581
JVASP-56734,2,Sn,105.39175,6.63049,110.79601
JVASP-56734,3,Sn,105.39175,6.63049,110.79601
JVASP-56734,4,Au,90.79156,9.827829,87.15929
JVASP-56734,5,Au,90.79156,9.827829,87.15929
JVASP-63078,0,Y,8.124958,11.128398,17.306498
JVASP-63078,1,Y,8.124958,11.128398,17.306498
JVASP-63078,2,Sn,2.7054615,6.63049,8.95269
JVASP-63078,3,Sn,2.7054615,6.63049,8.95269
JVASP-63078,4,Au,324.04544,9.827829,320.07864
JVASP-63078,5,Au,324.04544,9.827829,320.07864
JVASP-35371,0,K,15.453831,3.9006114,11.721848
JVASP-35371,1,K,15.453831,3.9006114,11.721848
JVASP-35371,2,Pu,320.0871,29.168139,295.23654
JVASP-35371,3,O,25.39386,1.173997,25.281027
JVASP-35371,4,O,25.39386,1.173997,25.281027
JVASP-35371,5,O,46.87039,1.173997,47.146538
JVASP-35371,6,O,46.87039,1.173997,46.88985
JVASP-40946,0,K,0.0,3.9006114,3.9006114
JVASP-40946,1,Pu,0.0,29.168139,29.168139
JVASP-40946,2,O,19.598368,1.173997,19.323368
JVASP-40946,3,O,19.598368,1.173997,19.49353
JVASP-40946,4,O,19.598368,1.173997,20.075674
JVASP-36920,0,Ni,11.909057,5.243039,12.906532
JVASP-36920,1,Bi,321.88232,75.36236,327.56818
JVASP-36920,2,O,138.07869,1.173997,138.5016
JVASP-36920,3,O,122.90686,1.173997,122.73867
JVASP-36920,4,O,121.397125,1.173997,121.20796
JVASP-36946,0,Ni,8.26521,5.243039,12.555427
JVASP-36946,1,Ni,8.256358,5.243039,12.546938
JVASP-36946,2,Bi,54.22897,75.36236,64.21403
JVASP-36946,3,Bi,54.2675,75.36236,64.221085
JVASP-36946,4,O,113.670555,1.173997,114.44225
JVASP-36946,5,O,113.67387,1.173997,112.76256
JVASP-36946,6,O,113.66521,1.173997,113.82913
JVASP-36946,7,O,113.67559,1.173997,112.80423
JVASP-36946,8,O,113.6716,1.173997,114.503716
JVASP-36946,9,O,113.66778,1.173997,113.7313
JVASP-14246,0,Nb,19.882507,15.259404,35.090813
JVASP-14246,1,Nb,19.882507,15.259404,35.090813
JVASP-14246,2,Nb,19.882507,15.259404,35.090813
JVASP-14246,3,Nb,19.882507,15.259404,35.090813
JVASP-14246,4,Sn,312.46304,6.63049,307.15408
JVASP-14246,5,Sn,312.46304,6.63049,307.15408
JVASP-14246,6,C,2.3784547,4.4679255,5.882901
JVASP-14246,7,C,2.3784547,4.4679255,5.882901
JVASP-15577,0,Nb,19.87761,15.259404,35.086052
JVASP-15577,1,Nb,19.87761,15.259404,35.086052
JVASP-15577,2,Nb,19.87761,15.259404,35.086052
JVASP-15577,3,Nb,19.87761,15.259404,35.086052
JVASP-15577,4,Sn,312.48752,6.63049,307.1786
JVASP-15577,5,Sn,312.48752,6.63049,307.1786
JVASP-15577,6,C,2.379271,4.4679255,5.883494
JVASP-15577,7,C,2.379271,4.4679255,5.883494
JVASP-36854,0,Ni,7.954402,5.243039,13.093446
JVASP-36854,1,Au,307.76144,9.827829,309.48337
JVASP-36854,2,O,52.427067,1.173997,52.25545
JVASP-36854,3,O,52.427067,1.173997,52.25545
JVASP-36838,0,Ni,7.748966,5.243039,12.854584
JVASP-36838,1,Ni,7.748966,5.243039,12.854584
JVASP-36838,2,Au,310.05478,9.827829,314.2734
JVASP-36838,3,Au,310.05478,9.827829,314.2734
JVASP-36838,4,O,53.12331,1.173997,52.996414
JVASP-36838,5,O,53.12331,1.173997,52.996414
JVASP-36838,6,O,53.12331,1.173997,52.996414
JVASP-36838,7,O,53.12331,1.173997,52.996414
JVASP-17628,0,Dy,307.2603,4.4875207,311.3911
JVASP-17628,1,Co,32.969303,1.0717598,32.130848
JVASP-17628,2,Co,32.969242,1.0717598,32.150185
JVASP-17628,3,Co,32.969303,1.0717598,32.156902
JVASP-17628,4,B,8.847557,5.024234,13.863412
JVASP-17628,5,B,8.847557,5.024234,13.863412
JVASP-15522,0,Dy,221.84538,4.4875207,217.72675
JVASP-15522,1,Dy,221.84538,4.4875207,217.72675
JVASP-15522,2,Co,21.565308,1.0717598,20.743414
JVASP-15522,3,Co,21.565308,1.0717598,20.743414
JVASP-15522,4,Co,21.565308,1.0717598,20.743414
JVASP-15522,5,Co,21.565308,1.0717598,20.743414
JVASP-15522,6,B,13.942495,5.024234,8.938772
JVASP-15522,7,B,13.942495,5.024234,8.938772
JVASP-15522,8,B,13.942495,5.024234,8.938772
JVASP-15522,9,B,13.942495,5.024234,8.938772
JVASP-15129,0,U,304.10333,22.270443,288.7142
JVASP-15129,1,U,304.10333,22.270443,288.7142
JVASP-15129,2,Te,9.584854,68.54225,59.267166
JVASP-15129,3,Te,9.584854,68.54225,59.267166
JVASP-15129,4,O,3.2251616,1.173997,3.2982872
JVASP-15129,5,O,3.2251616,1.173997,3.2982872
JVASP-16794,0,U,58.856342,22.270443,45.80819
JVASP-16794,1,U,58.856342,22.270443,45.80819
JVASP-16794,2,U,58.856342,22.270443,45.80819
JVASP-16794,3,U,58.856342,22.270443,45.80819
JVASP-16794,4,Te,11.646508,68.54225,57.28547
JVASP-16794,5,Te,11.646508,68.54225,57.28547
JVASP-16794,6,O,3.5640075,1.173997,3.6172495
JVASP-16794,7,O,3.5640075,1.173997,3.6172495
JVASP-16794,8,O,3.5640075,1.173997,3.6172495
JVASP-16794,9,O,3.5640075,1.173997,3.6172495
JVASP-18848,0,Dy,6.1482196,4.4875207,10.424526
JVASP-18848,1,Dy,6.1482196,4.4875207,10.424526
JVASP-18848,2,Sn,103.535034,6.63049,108.94049
JVASP-18848,3,Sn,103.535034,6.63049,108.94049
JVASP-18848,4,Au,81.28264,9.827829,77.70659
JVASP-18848,5,Au,81.28264,9.827829,77.70659
JVASP-63436,0,Dy,15.2431755,4.4875207,11.25664
JVASP-63436,1,Dy,15.2431755,4.4875207,11.25664
JVASP-63436,2,Sn,12.89289,6.63049,18.64757
JVASP-63436,3,Sn,12.89289,6.63049,18.64757
JVASP-63436,4,Au,301.92776,9.827829,297.97018
JVASP-63436,5,Au,301.92776,9.827829,297.97018
JVASP-35385,0,Rb,17.638777,7.136503,12.349685
JVASP-35385,1,Rb,17.638777,7.136503,12.349685
JVASP-35385,2,Np,299.55136,68.16108,356.1683
JVASP-35385,3,O,16.499763,1.173997,16.401516
JVASP-35385,4,O,16.499763,1.173997,16.401516
JVASP-35385,5,O,36.973648,1.173997,37.256
JVASP-35385,6,O,36.973648,1.173997,36.99393
JVASP-38305,0,Rb,0.0,7.136503,7.136503
JVASP-38305,1,Np,0.0,68.16108,68.16108
JVASP-38305,2,O,14.016797,1.173997,13.755287
JVASP-38305,3,O,14.016796,1.173997,13.925947
JVASP-38305,4,O,14.016797,1.173997,14.505402
JVASP-17380,0,Ba,109.074554,16.451351,92.70992
JVASP-17380,1,Ba,109.074554,16.451351,92.70992
JVASP-17380,2,Cu,129.06361,2.626418,127.99447
JVASP-17380,3,Cu,129.06361,2.626418,127.99447
JVASP-17380,4,P,40.180614,4.940868,36.580257
JVASP-17380,5,P,40.180614,4.940868,36.580257
JVASP-65381,0,Ba,294.5683,16.451351,278.19498
JVASP-65381,1,Cu,29.79641,2.626418,28.804226
JVASP-65381,2,P,14.726333,4.940868,18.748693
JVASP-65381,3,P,14.726333,4.940868,18.748693
JVASP-17430,0,Cu,11.173378,2.626418,11.289235
JVASP-17430,1,Cu,11.1726465,2.626418,11.28855
JVASP-17430,2,Zn,2.4548993,10.546378,11.808453
JVASP-17430,3,Se,299.17352,29.56337,320.38867
JVASP-17430,4,Se,299.1734,29.56337,296.7518
JVASP-17430,5,Se,299.17325,29.56337,299.52686
JVASP-17430,6,Se,299.17316,29.56337,292.21222
JVASP-17430,7,Sn,13.340508,6.63049,18.454687
JVASP-17907,0,Zn,2.4548993,10.546378,11.808453
JVASP-17907,1,Cu,11.173378,2.626418,11.289235
JVASP-17907,2,Cu,11.1726465,2.626418,11.28855
JVASP-17907,3,Sn,13.340508,6.63049,18.454687
JVASP-17907,4,Se,299.17352,29.56337,320.38867
JVASP-17907,5,Se,299.1734,29.56337,296.7518
JVASP-17907,6,Se,299.17325,29.56337,299.52686
JVASP-17907,7,Se,299.17316,29.56337,292.21222
JVASP-36752,0,Cu,91.795784,2.626418,94.30745
JVASP-36752,1,Pt,200.73184,18.358461,195.3017
JVASP-36752,2,O,59.789608,1.173997,60.204758
JVASP-36752,3,O,59.789608,1.173997,60.204758
JVASP-36839,0,Cu,33.009647,2.626418,31.528807
JVASP-36839,1,Cu,33.009647,2.626418,30.79953
JVASP-36839,2,Pt,301.8072,18.358461,306.8586
JVASP-36839,3,Pt,301.8072,18.358461,306.0613
JVASP-36839,4,O,44.818832,1.173997,44.622005
JVASP-36839,5,O,44.818832,1.173997,45.12988
JVASP-36839,6,O,44.818832,1.173997,45.12988
JVASP-36839,7,O,44.818832,1.173997,44.622005
JVASP-64973,0,Be,9.0010605,0.38258058,9.312408
JVASP-64973,1,Be,4.430316,0.38258058,4.1278276
JVASP-64973,2,Mn,25.322824,1.6964667,26.644878
JVASP-64973,3,Sn,73.37773,6.63049,68.157394
JVASP-66791,0,Mn,34.973816,1.6964667,33.691723
JVASP-66791,1,Be,0.3821204,0.38258058,0.726808
JVASP-66791,2,Be,0.3821204,0.38258058,0.726808
JVASP-66791,3,Sn,285.41946,6.63049,280.1129
JVASP-65390,0,Ba,281.17285,16.451351,264.79974
JVASP-65390,1,Hf,255.31522,15.926846,247.08739
JVASP-65390,2,Ni,36.085884,5.243039,41.12773
JVASP-65390,3,Ni,36.085884,5.243039,41.12773
JVASP-65488,0,Ba,279.09567,16.451351,262.72263
JVASP-65488,1,Hf,58.885735,15.926846,52.05094
JVASP-65488,2,Hf,226.74437,15.926846,218.56415
JVASP-65488,3,Ni,44.386387,5.243039,49.42342
JVASP-49808,0,Lu,277.5615,5.367924,272.4681
JVASP-49808,1,Lu,277.5615,5.367924,272.4681
JVASP-49808,2,Al,4.079217,1.0875204,5.135865
JVASP-49808,3,Al,4.079217,1.0875204,5.135865
JVASP-49808,4,O,33.61573,1.173997,32.554382
JVASP-49808,5,O,33.61573,1.173997,34.31497
JVASP-49808,6,O,33.61611,1.173997,34.04688
JVASP-49808,7,O,33.61611,1.173997,34.04688
JVASP-49808,8,O,33.61573,1.173997,34.31497
JVASP-49808,9,O,33.61573,1.173997,32.554382
JVASP-50117,0,Lu,229.1767,5.367924,224.08447
JVASP-50117,1,Lu,229.1767,5.367924,224.08447
JVASP-50117,2,Al,45.783413,1.0875204,44.73581
JVASP-50117,3,Al,45.783413,1.0875204,44.73581
JVASP-50117,4,O,22.22912,1.173997,22.120161
JVASP-50117,5,O,22.22912,1.173997,22.120161
JVASP-50117,6,O,92.12653,1.173997,92.27362
JVASP-50117,7,O,92.12653,1.173997,92.27362
JVASP-50117,8,O,22.22912,1.173997,22.120161
JVASP-50117,9,O,22.22912,1.173997,22.120161
JVASP-3291,0,O,5.8460903,1.173997,6.161244
JVASP-3291,1,O,5.8460903,1.173997,6.161244
JVASP-3291,2,F,11.8975315,15.800529,6.5448127
JVASP-3291,3,F,11.8975315,15.800529,6.5448127
JVASP-3291,4,Tb,27.150534,11.037279,37.928997
JVASP-3291,5,Tb,27.150534,11.037279,37.928997
JVASP-51421,0,Tb,284.105,11.037279,278.70468
JVASP-51421,1,Tb,284.105,11.037279,278.70468
JVASP-51421,2,O,41.17925,1.173997,40.71361
JVASP-51421,3,O,41.17925,1.173997,40.71361
JVASP-51421,4,F,41.62941,15.800529,55.751072
JVASP-51421,5,F,41.62941,15.800529,55.751072
JVASP-52944,0,Li,0.6700672,0.084703535,0.676359
JVASP-52944,1,Li,0.6731707,0.084703535,0.6562686
JVASP-52944,2,Li,0.6709521,0.084703535,0.63634855
JVASP-52944,3,Li,0.67155194,0.084703535,0.71672547
JVASP-52944,4,Mo,273.75867,41.233887,254.46602
JVASP-52944,5,O,46.598392,1.173997,46.012653
JVASP-52944,6,O,46.59872,1.173997,46.472218
JVASP-52944,7,O,46.600155,1.173997,46.04715
JVASP-52944,8,O,46.603317,1.173997,47.5562
JVASP-52944,9,O,49.164936,1.173997,48.869537
JVASP-7895,0,Li,0.13349408,0.084703535,0.08923972
JVASP-7895,1,O,4.577669,1.173997,4.520697
JVASP-7895,2,O,4.5790052,1.173997,4.5219655
JVASP-7895,3,Mo,41.003334,41.233887,25.119095
JVASP-36531,0,Hf,180.34613,15.926846,172.27657
JVASP-36531,1,Zn,78.50247,10.546378,88.969864
JVASP-36531,2,N,42.34433,2.1896696,41.689926
JVASP-36531,3,N,13.652231,2.1896696,14.506948
JVASP-36532,0,Hf,147.87285,15.926846,139.52483
JVASP-36532,1,Hf,147.87285,15.926846,138.81245
JVASP-36532,2,Hf,147.87285,15.926846,139.52483
JVASP-36532,3,Hf,147.87285,15.926846,138.81245
JVASP-36532,4,Hf,275.90625,15.926846,272.60104
JVASP-36532,5,Hf,275.90625,15.926846,272.60104
JVASP-36532,6,Zn,77.79196,10.546378,86.43584
JVASP-36532,7,Zn,77.79196,10.546378,86.43584
JVASP-36532,8,N,4.955226,2.1896696,5.6007633
JVASP-36532,9,N,4.955226,2.1896696,3.7791889
JVASP-37864,0,Dy,256.9825,4.4875207,261.11426
JVASP-37864,1,Dy,256.9829,4.4875207,261.1147
JVASP-37864,2,O,271.3063,1.173997,270.53693
JVASP-37864,3,O,271.30548,1.173997,271.73804
JVASP-37864,4,O,271.3063,1.173997,271.9061
JVASP-37864,5,O,271.3063,1.173997,270.53693
JVASP-37864,6,O,271.3058,1.173997,271.73834
JVASP-37864,7,O,271.3063,1.173997,271.9061
JVASP-7767,0,Dy,166.6939,4.4875207,170.82883
JVASP-7767,1,Dy,166.6939,4.4875207,170.82883
JVASP-7767,2,O,5.700371,1.173997,5.681458
JVASP-7767,3,O,5.700371,1.173997,5.681458
JVASP-7767,4,O,24.080933,1.173997,24.248661
JVASP-15765,0,Sm,0.0,14.72507,14.72507
JVASP-15765,1,Rh,46.86282,12.903096,44.255714
JVASP-15765,2,Rh,46.86282,12.903096,59.55529
JVASP-15765,3,Rh,46.86282,12.903096,39.7799
JVASP-15765,4,C,0.0,4.4679255,4.4679255
JVASP-16102,0,C,54.357178,4.4679255,51.33416
JVASP-16102,1,C,54.357357,4.4679255,51.35292
JVASP-16102,2,Rh,266.1166,12.903096,270.48886
JVASP-16102,3,Sm,29.641874,14.72507,30.077465
JVASP-81715,0,Li,0.3637994,0.084703535,0.28507128
JVASP-81715,1,Li,0.3637994,0.084703535,0.28507128
JVASP-81715,2,Li,0.3637994,0.084703535,0.28507128
JVASP-81715,3,Li,0.3637994,0.084703535,0.28507128
JVASP-81715,4,Ca,43.544502,1.1291435,43.144398
JVASP-81715,5,Ca,43.544502,1.1291435,43.144398
JVASP-81715,6,Tl,275.71866,13.684985,271.0725
JVASP-81715,7,Tl,275.71866,13.684985,271.0725
JVASP-82027,0,Li,0.12588884,0.084703535,0.08690973
JVASP-82027,1,Li,0.12588884,0.084703535,0.08690973
JVASP-82027,2,Ca,14.00553,1.1291435,14.535347
JVASP-82027,3,Ca,14.00553,1.1291435,14.535347
JVASP-82027,4,Tl,257.84912,13.684985,245.72847
JVASP-82027,5,Tl,257.84912,13.684985,245.72847
JVASP-82027,6,Tl,257.84912,13.684985,245.72847
JVASP-82027,7,Tl,257.84912,13.684985,245.72847
JVASP-21948,0,F,265.0899,15.800529,263.79446
JVASP-21948,1,F,265.094,15.800529,270.72433
JVASP-21948,2,F,236.52942,15.800529,235.28775
JVASP-21948,3,F,236.52904,15.800529,241.07707
JVASP-21948,4,F,236.52943,15.800529,230.55992
JVASP-21948,5,F,236.52911,15.800529,233.00783
JVASP-21948,6,F,265.09308,15.800529,277.13605
JVASP-21948,7,F,265.09036,15.800529,264.52554
JVASP-21948,8,Ir,125.76788,25.960743,143.96965
JVASP-21948,9,Ir,125.76881,25.960743,144.4232
JVASP-8001,0,F,251.40573,15.800529,248.42094
JVASP-8001,1,F,251.40607,15.800529,250.66594
JVASP-8001,2,F,251.4071,15.800529,260.8245
JVASP-8001,3,F,251.40607,15.800529,250.66594
JVASP-8001,4,F,251.40573,15.800529,248.42094
JVASP-8001,5,F,251.4071,15.800529,260.8245
JVASP-8001,6,Ir,35.471172,25.960743,52.941128
JVASP-8001,7,Ir,35.471172,25.960743,52.941128
JVASP-77067,0,Mn,60.004875,1.6964667,59.818417
JVASP-77067,1,Cu,52.50181,2.626418,51.46168
JVASP-77067,2,Rh,258.606,12.903096,258.14316
JVASP-77067,3,Rh,258.606,12.903096,258.14316
JVASP-81528,0,Mn,60.49771,1.6964667,60.31109
JVASP-81528,1,Cu,52.340454,2.626418,51.300575
JVASP-81528,2,Rh,258.06363,12.903096,257.60147
JVASP-81528,3,Rh,258.06363,12.903096,257.60147
JVASP-17821,0,Li,0.86835515,0.084703535,0.79783165
JVASP-17821,1,Li,0.86835515,0.084703535,0.79783165
JVASP-17821,2,Sn,257.33774,6.63049,252.09941
JVASP-17821,3,Sn,257.33774,6.63049,252.09941
JVASP-17821,4,Sn,122.811676,6.63049,126.66004
JVASP-17821,5,Sn,122.811676,6.63049,126.66004
JVASP-17821,6,Ce,20.406954,7.3629155,27.231216
JVASP-17821,7,Ce,20.406954,7.3629155,27.231216
JVASP-14196,0,Li,0.8679965,0.084703535,0.79746765
JVASP-14196,1,Li,0.8679965,0.084703535,0.79746765
JVASP-14196,2,Sn,257.37305,6.63049,252.1364
JVASP-14196,3,Sn,257.37305,6.63049,252.1364
JVASP-14196,4,Sn,122.81932,6.63049,126.661964
JVASP-14196,5,Sn,122.81932,6.63049,126.661964
JVASP-14196,6,Ce,20.331297,7.3629155,27.155378
JVASP-14196,7,Ce,20.331297,7.3629155,27.155378
JVASP-37880,0,Be,3.6726358,0.38258058,3.6735518
JVASP-37880,1,Be,3.6726358,0.38258058,3.6233573
JVASP-37880,2,Be,3.6685584,0.38258058,3.5006
JVASP-37880,3,Be,3.6726358,0.38258058,3.6735518
JVASP-37880,4,Be,3.6726358,0.38258058,3.6233573
JVASP-37880,5,Be,3.6677625,0.38258058,3.4998214
JVASP-37880,6,Ru,11.060672,13.728401,24.499538
JVASP-37880,7,Ru,11.060672,13.728401,24.499538
JVASP-79966,0,Be,3.4472523,0.38258058,3.146655
JVASP-79966,1,Be,3.4472523,0.38258058,3.146655
JVASP-79966,2,Be,7.54688,0.38258058,7.8587193
JVASP-79966,3,Ru,255.76837,13.728401,268.88504
JVASP-33845,0,Sm,254.13538,14.72507,268.7693
JVASP-33845,1,Sm,254.13579,14.72507,268.76965
JVASP-33845,2,Cl,50.482536,20.642973,46.482246
JVASP-33845,3,Cl,50.481598,20.642973,35.730015
JVASP-33845,4,Cl,50.481598,20.642973,38.24007
JVASP-33845,5,Cl,50.482536,20.642973,46.482246
JVASP-33845,6,Cl,50.48157,20.642973,35.730057
JVASP-33845,7,Cl,50.481598,20.642973,38.24007
JVASP-40247,0,Sm,74.03739,14.72507,63.886772
JVASP-40247,1,Sm,74.03739,14.72507,64.12901
JVASP-40247,2,Cl,61.196686,20.642973,68.512634
JVASP-40247,3,Cl,61.196686,20.642973,68.512634
JVASP-40247,4,Cl,61.196686,20.642973,70.972855
JVASP-40247,5,Cl,61.196686,20.642973,70.972855
JVASP-18168,0,Dy,66.691,4.4875207,65.82433
JVASP-18168,1,Dy,66.689964,4.4875207,67.21593
JVASP-18168,2,Dy,66.691,4.4875207,68.17846
JVASP-18168,3,In,72.55839,6.7296906,77.62424
JVASP-18168,4,In,72.55529,6.7296906,77.06659
JVASP-18168,5,In,72.55529,6.7296906,76.52925
JVASP-18168,6,Au,252.55096,9.827829,248.62
JVASP-18168,7,Au,252.55096,9.827829,248.62
JVASP-18168,8,Au,170.10605,9.827829,166.25473
JVASP-12394,0,Dy,117.59692,4.4875207,118.34536
JVASP-12394,1,Dy,117.59692,4.4875207,115.633606
JVASP-12394,2,Dy,117.59692,4.4875207,118.34536
JVASP-12394,3,Dy,117.59692,4.4875207,115.633606
JVASP-12394,4,In,73.73373,6.7296906,79.75521
JVASP-12394,5,In,73.73373,6.7296906,79.75521
JVASP-12394,6,Au,247.63275,9.827829,243.52386
JVASP-12394,7,Au,247.63275,9.827829,244.6038
JVASP-12394,8,Au,247.63275,9.827829,244.6038
JVASP-12394,9,Au,247.63275,9.827829,243.52386
JVASP-36971,0,Tl,0.014696939,13.684985,13.681432
JVASP-36971,1,Ag,0.0076594166,6.9597216,6.9551682
JVASP-36971,2,Cl,251.04225,20.642973,255.23279
JVASP-36971,3,Cl,251.03085,20.642973,231.899
JVASP-36971,4,Cl,251.04996,20.642973,267.25055
JVASP-36990,0,Tl,24.725859,13.684985,35.216694
JVASP-36990,1,Tl,24.725859,13.684985,35.216694
JVASP-36990,2,Ag,0.87523025,6.9597216,7.6526675
JVASP-36990,3,Ag,0.87523025,6.9597216,7.6526675
JVASP-36990,4,Cl,248.86302,20.642973,247.53868
JVASP-36990,5,Cl,248.86304,20.642973,256.15195
JVASP-36990,6,Cl,248.86343,20.642973,245.86685
JVASP-36990,7,Cl,248.86351,20.642973,256.15234
JVASP-36990,8,Cl,248.8637,20.642973,247.53905
JVASP-36990,9,Cl,248.86314,20.642973,245.86696
JVASP-66931,0,Ca,55.71528,1.1291435,55.998596
JVASP-66931,1,Ca,55.71528,1.1291435,55.998596
JVASP-66931,2,Be,5.0647283,0.38258058,5.378111
JVASP-66931,3,Be,5.0647283,0.38258058,5.378111
JVASP-66931,4,Pt,216.13562,18.358461,198.83133
JVASP-66931,5,Pt,216.13562,18.358461,198.83133
JVASP-68049,0,Ca,36.303886,1.1291435,36.59287
JVASP-68049,1,Be,8.963911,0.38258058,9.275376
JVASP-68049,2,Pt,247.60667,18.358461,230.29051
JVASP-35532,0,Th,154.482,20.611576,146.89227
JVASP-35532,1,Th,154.482,20.611576,146.89227
JVASP-35532,2,Fe,31.003521,2.1271884,30.815226
JVASP-35532,3,Fe,31.003521,2.1271884,30.815226
JVASP-35532,4,Si,49.115128,1.7483627,48.82067
JVASP-35532,5,Si,49.115128,1.7483627,48.82067
JVASP-35532,6,C,37.902397,4.4679255,41.216755
JVASP-56302,0,Th,245.44473,20.611576,237.69696
JVASP-56302,1,Th,245.44473,20.611576,237.69696
JVASP-56302,2,Fe,19.143051,2.1271884,20.784044
JVASP-56302,3,Fe,19.143051,2.1271884,20.517382
JVASP-56302,4,Fe,19.143051,2.1271884,20.784044
JVASP-56302,5,Fe,19.143051,2.1271884,20.517382
JVASP-56302,6,Si,16.674553,1.7483627,17.424833
JVASP-56302,7,Si,16.674553,1.7483627,17.424833
JVASP-56302,8,C,36.93539,4.4679255,35.208668
JVASP-56302,9,C,36.93539,4.4679255,35.059635
JVASP-36450,0,Sr,184.54701,5.8790126,186.32426
JVASP-36450,1,Sr,184.54701,5.8790126,188.09798
JVASP-36450,2,Sr,184.54701,5.8790126,179.38478
JVASP-36450,3,Bi,0.0,75.36236,75.36236
JVASP-36450,4,N,0.0,2.1896696,2.1896696
JVASP-22653,0,Sr,243.06206,5.8790126,237.89455
JVASP-22653,1,Sr,243.06206,5.8790126,244.81898
JVASP-22653,2,Sr,243.06206,5.8790126,246.5989
JVASP-22653,3,Bi,0.0,75.36236,75.36236
JVASP-22653,4,N,0.0,2.1896696,2.1896696
JVASP-15030,0,Ir,267.2198,25.960743,285.94815
JVASP-15030,1,Ir,267.2198,25.960743,289.07025
JVASP-15030,2,O,119.5295,1.173997,118.565155
JVASP-15030,3,O,119.5295,1.173997,120.38003
JVASP-15030,4,O,119.5295,1.173997,118.565155
JVASP-15030,5,O,119.5295,1.173997,120.38003
JVASP-35217,0,Ir,0.0,25.960743,25.960743
JVASP-35217,1,O,162.83228,1.173997,162.69673
JVASP-35217,2,O,162.83228,1.173997,163.28383
JVASP-35217,3,O,162.83228,1.173997,162.52798
JVASP-36917,0,Ba,0.78704894,16.451351,16.66796
JVASP-36917,1,Zr,2.9172492,6.08661,6.5802937
JVASP-36917,2,Se,4.9854136,29.56337,29.08201
JVASP-36917,3,Se,9.0391245,29.56337,26.896387
JVASP-36917,4,Se,4.954968,29.56337,29.127914
JVASP-65636,0,Ba,3.8269196,16.451351,12.646749
JVASP-65636,1,Zr,19.74697,6.08661,25.716364
JVASP-65636,2,Se,239.57642,29.56337,268.5607
JVASP-65636,3,Se,232.01567,29.56337,203.19568
JVASP-35368,0,U,238.95018,22.270443,223.68494
JVASP-35368,1,Tl,56.916344,13.684985,48.055073
JVASP-35368,2,Tl,56.916344,13.684985,48.055073
JVASP-35368,3,O,2.5858448,1.173997,2.709663
JVASP-35368,4,O,2.5858448,1.173997,2.709663
JVASP-35368,5,O,25.175959,1.173997,25.252047
JVASP-35368,6,O,25.175959,1.173997,25.426947
JVASP-41478,0,U,0.0,22.270443,22.270443
JVASP-41478,1,Tl,0.0,13.684985,13.684985
JVASP-41478,2,O,0.6221704,1.173997,1.3925604
JVASP-41478,3,O,0.6221704,1.173997,1.0990705
JVASP-41478,4,O,0.6221704,1.173997,1.4659177
JVASP-4471,0,F,237.69911,15.800529,230.23111
JVASP-4471,1,F,237.69917,15.800529,241.27808
JVASP-4471,2,F,237.69911,15.800529,242.86101
JVASP-4471,3,F,237.69917,15.800529,241.27808
JVASP-4471,4,F,237.69911,15.800529,230.23111
JVASP-4471,5,F,237.69911,15.800529,242.86101
JVASP-4471,6,P,1.3262799,4.940868,5.2708087
JVASP-4471,7,K,3.330253,3.9006114,4.849628
JVASP-53552,0,K,15.237052,3.9006114,14.591576
JVASP-53552,1,P,1.1377883,4.940868,4.8911386
JVASP-53552,2,F,230.08167,15.800529,224.3335
JVASP-53552,3,F,230.08423,15.800529,230.4939
JVASP-53552,4,F,230.08337,15.800529,236.74477
JVASP-53552,5,F,230.08337,15.800529,236.74477
JVASP-53552,6,F,230.08423,15.800529,230.4939
JVASP-53552,7,F,230.08167,15.800529,224.3335
JVASP-14201,0,Ta,114.10254,34.19568,147.03888
JVASP-14201,1,Ta,114.10254,34.19568,147.03888
JVASP-14201,2,Ta,114.10254,34.19568,147.03888
JVASP-14201,3,Ta,114.10254,34.19568,147.03888
JVASP-14201,4,In,236.37822,6.7296906,230.43915
JVASP-14201,5,In,236.37822,6.7296906,230.43915
JVASP-14201,6,C,2.4674525,4.4679255,5.947787
JVASP-14201,7,C,2.4674525,4.4679255,5.947787
JVASP-18160,0,Ta,114.10254,34.19568,147.03888
JVASP-18160,1,Ta,114.10254,34.19568,147.03888
JVASP-18160,2,Ta,114.10254,34.19568,147.03888
JVASP-18160,3,Ta,114.10254,34.19568,147.03888
JVASP-18160,4,In,236.37822,6.7296906,230.43915
JVASP-18160,5,In,236.37822,6.7296906,230.43915
JVASP-18160,6,C,2.4674525,4.4679255,5.947787
JVASP-18160,7,C,2.4674525,4.4679255,5.947787
JVASP-35460,0,Pr,10.194777,6.8834753,16.955072
JVASP-35460,1,In,240.89293,6.7296906,240.01299
JVASP-35460,2,In,240.89293,6.7296906,240.01299
JVASP-35460,3,In,240.89293,6.7296906,238.37326
JVASP-35460,4,In,240.89293,6.7296906,238.37326
JVASP-35460,5,In,101.509315,6.7296906,107.51497
JVASP-35460,6,Rh,2.4111145,12.903096,15.271935
JVASP-17587,0,Pr,49.522606,6.8834753,56.000393
JVASP-17587,1,Pr,49.521076,6.8834753,54.941284
JVASP-17587,2,Pr,49.522606,6.8834753,55.83308
JVASP-17587,3,In,28.072464,6.7296906,25.862242
JVASP-17587,4,In,28.072056,6.7296906,27.526836
JVASP-17587,5,In,28.072056,6.7296906,26.72351
JVASP-17587,6,Rh,124.731285,12.903096,112.12678
JVASP-17587,7,Rh,35.180798,12.903096,22.696695
JVASP-17587,8,Rh,124.731285,12.903096,112.12678
JVASP-77196,0,Ba,233.6037,16.451351,242.09091
JVASP-77196,1,Ba,233.6037,16.451351,242.09091
JVASP-77196,2,Ba,233.6037,16.451351,242.09091
JVASP-77196,3,Ba,233.6037,16.451351,242.09091
JVASP-77196,4,Zn,78.18743,10.546378,73.45843
JVASP-77196,5,Zn,78.18743,10.546378,73.45843
JVASP-77196,6,Ag,18.723124,6.9597216,23.349098
JVASP-77196,7,Ag,18.723124,6.9597216,23.349098
JVASP-81740,0,Ba,148.20558,16.451351,131.88887
JVASP-81740,1,Ba,148.20558,16.451351,131.88887
JVASP-81740,2,Ba,148.20558,16.451351,131.88887
JVASP-81740,3,Ba,148.20558,16.451351,131.88887
JVASP-81740,4,Zn,27.796785,10.546378,17.414923
JVASP-81740,5,Zn,27.796785,10.546378,17.414923
JVASP-81740,6,Ag,78.232216,6.9597216,84.68967
JVASP-81740,7,Ag,78.232216,6.9597216,84.68967
JVASP-35851,0,Ce,31.457571,7.3629155,24.273022
JVASP-35851,1,Ce,31.457571,7.3629155,24.273022
JVASP-35851,2,Sb,225.68536,27.438374,202.04948
JVASP-35851,3,Sb,225.68536,27.438374,202.04948
JVASP-35851,4,Au,230.46758,9.827829,226.55229
JVASP-35851,5,Au,230.46758,9.827829,226.55229
JVASP-63353,0,Ce,31.003191,7.3629155,23.819397
JVASP-63353,1,Ce,31.003191,7.3629155,23.819397
JVASP-63353,2,Sb,225.7956,27.438374,202.15947
JVASP-63353,3,Sb,225.7956,27.438374,202.15947
JVASP-63353,4,Au,230.53006,9.827829,226.61475
JVASP-63353,5,Au,230.53006,9.827829,226.61475
JVASP-12056,0,Ni,68.891495,5.243039,70.33291
JVASP-12056,1,Te,240.3375,68.54225,254.90024
JVASP-12056,2,O,165.19794,1.173997,166.26456
JVASP-12056,3,O,137.79314,1.173997,137.62976
JVASP-12056,4,O,165.19794,1.173997,166.26456
JVASP-12056,5,O,137.79314,1.173997,137.62976
JVASP-12261,0,O,139.60622,1.173997,138.9584
JVASP-12261,1,O,139.60606,1.173997,139.64372
JVASP-12261,2,O,139.60582,1.173997,140.5197
JVASP-12261,3,O,109.2616,1.173997,108.78411
JVASP-12261,4,O,109.26112,1.173997,110.06386
JVASP-12261,5,O,109.26147,1.173997,108.76599
JVASP-12261,6,Ni,5.532271,5.243039,10.11117
JVASP-12261,7,Ni,1.2713985,5.243039,4.35291
JVASP-12261,8,Ni,6.043884,5.243039,3.9711943
JVASP-12261,9,Te,17.712574,68.54225,80.91793
JVASP-66856,0,Be,2.385803,0.38258058,2.7038999
JVASP-66856,1,Be,2.385803,0.38258058,2.7038999
JVASP-66856,2,Pb,187.74278,21.544178,200.83336
JVASP-66856,3,Cl,4.422146,20.642973,24.818588
JVASP-67575,0,Be,8.19395,0.38258058,8.077592
JVASP-67575,1,Be,8.19395,0.38258058,8.272624
JVASP-67575,2,Pb,228.60843,21.544178,217.01901
JVASP-67575,3,Cl,10.879817,20.642973,31.039164
JVASP-15791,0,Zn,23.435453,10.546378,30.543953
JVASP-15791,1,Zn,23.435453,10.546378,30.543953
JVASP-15791,2,Ge,82.121216,9.267462,73.71956
JVASP-15791,3,Ge,82.121216,9.267462,73.71956
JVASP-15791,4,Sr,22.008848,5.8790126,27.214193
JVASP-80994,0,Sr,174.73341,5.8790126,178.63348
JVASP-80994,1,Sr,174.73341,5.8790126,178.63348
JVASP-80994,2,Sr,174.73341,5.8790126,178.63348
JVASP-80994,3,Sr,174.73341,5.8790126,178.63348
JVASP-80994,4,Zn,129.70026,10.546378,125.20307
JVASP-80994,5,Zn,129.70026,10.546378,125.20307
JVASP-80994,6,Ge,228.8674,9.267462,220.81967
JVASP-80994,7,Ge,228.8674,9.267462,220.81967
JVASP-49801,0,Ho,97.922035,5.3662715,103.13642
JVASP-49801,1,Ho,97.922035,5.3662715,103.13642
JVASP-49801,2,B,41.266552,5.024234,36.257275
JVASP-49801,3,B,41.266552,5.024234,36.257275
JVASP-49801,4,O,74.12203,1.173997,75.192665
JVASP-49801,5,O,74.12172,1.173997,73.71869
JVASP-49801,6,O,74.12203,1.173997,73.44399
JVASP-49801,7,O,74.12203,1.173997,73.44399
JVASP-49801,8,O,74.12172,1.173997,73.71869
JVASP-49801,9,O,74.12203,1.173997,75.192665
JVASP-52228,0,Ho,257.8027,5.3662715,261.5666
JVASP-52228,1,Ho,257.84985,5.3662715,260.82935
JVASP-52228,2,B,41.093155,5.024234,43.77559
JVASP-52228,3,B,41.09354,5.024234,43.810875
JVASP-52228,4,O,84.04267,1.173997,84.40125
JVASP-52228,5,O,84.0473,1.173997,84.43783
JVASP-52228,6,O,57.857224,1.173997,57.60891
JVASP-52228,7,O,84.034836,1.173997,83.530914
JVASP-52228,8,O,84.0354,1.173997,84.039665
JVASP-52228,9,O,57.860252,1.173997,58.20545
JVASP-17797,0,Zr,14.197243,6.08661,13.540037
JVASP-17797,1,Zr,14.197243,6.08661,11.198327
JVASP-17797,2,Zr,14.197243,6.08661,20.176481
JVASP-17797,3,In,0.0,6.7296906,6.7296906
JVASP-56545,0,Zr,20.018864,6.08661,25.987885
JVASP-56545,1,Zr,20.018864,6.08661,25.987885
JVASP-56545,2,In,61.896973,6.7296906,56.023937
JVASP-56545,3,In,61.896973,6.7296906,56.023937
JVASP-56545,4,In,223.98299,6.7296906,229.96445
JVASP-56545,5,In,61.896973,6.7296906,56.023937
JVASP-56545,6,In,61.896973,6.7296906,56.023937
JVASP-56545,7,In,223.98299,6.7296906,229.96445
JVASP-38911,0,Pr,78.52982,6.8834753,85.22405
JVASP-38911,1,Pr,78.52982,6.8834753,85.22405
JVASP-38911,2,Ge,12.40095,9.267462,20.987795
JVASP-38911,3,Ge,12.40095,9.267462,20.987795
JVASP-38911,4,Ru,52.597893,13.728401,39.73118
JVASP-38911,5,Ru,52.597893,13.728401,39.73118
JVASP-56265,0,Pr,222.62923,6.8834753,229.31317
JVASP-56265,1,Pr,222.62923,6.8834753,229.31317
JVASP-56265,2,Ge,93.22513,9.267462,85.24754
JVASP-56265,3,Ge,93.22513,9.267462,85.24754
JVASP-56265,4,Ge,93.22513,9.267462,85.24754
JVASP-56265,5,Ge,93.22513,9.267462,85.24754
JVASP-56265,6,Ru,60.9678,13.728401,48.063164
JVASP-56265,7,Ru,60.9678,13.728401,48.063164
JVASP-56265,8,Ru,60.9678,13.728401,48.063164
JVASP-56265,9,Ru,60.9678,13.728401,48.063164
JVASP-36475,0,Sr,219.79926,5.8790126,221.56297
JVASP-36475,1,Sr,219.79926,5.8790126,223.34082
JVASP-36475,2,Sr,219.79924,5.8790126,214.6335
JVASP-36475,3,As,0.0,16.668182,16.668182
JVASP-36475,4,As,0.0,16.668182,16.668182
JVASP-17319,0,As,45.805553,16.668182,34.660484
JVASP-17319,1,As,45.805553,16.668182,34.660484
JVASP-17319,2,Sr,44.212605,5.8790126,38.75219
JVASP-17319,3,Sr,44.212605,5.8790126,38.75219
JVASP-17319,4,Sr,41.79464,5.8790126,37.18272
JVASP-17319,5,Sr,41.79559,5.8790126,36.59598
JVASP-29284,0,P,4.1505775,4.940868,8.261451
JVASP-29284,1,P,4.8365464,4.940868,8.877738
JVASP-29284,2,S,242.12143,15.204629,248.44716
JVASP-29284,3,S,242.12057,15.204629,244.77325
JVASP-29284,4,S,242.12126,15.204629,238.68404
JVASP-29284,5,S,244.9641,15.204629,253.57259
JVASP-29284,6,S,244.96538,15.204629,234.02861
JVASP-29284,7,S,244.96556,15.204629,252.177
JVASP-29284,8,Sn,13.952323,6.63049,17.605976
JVASP-31166,0,P,4.1322002,4.940868,8.245137
JVASP-31166,1,P,4.859939,4.940868,8.899193
JVASP-31166,2,S,242.13472,15.204629,248.4611
JVASP-31166,3,S,242.13484,15.204629,244.78902
JVASP-31166,4,S,242.13565,15.204629,238.69601
JVASP-31166,5,S,244.97556,15.204629,253.58365
JVASP-31166,6,S,244.9757,15.204629,234.04019
JVASP-31166,7,S,244.97566,15.204629,252.18733
JVASP-31166,8,Sn,13.954586,6.63049,17.607473
JVASP-14247,0,Li,1.259396,0.084703535,1.321595
JVASP-14247,1,Li,1.259396,0.084703535,1.321595
JVASP-14247,2,O,38.746,1.173997,38.84323
JVASP-14247,3,O,28.602365,1.173997,28.313892
JVASP-14247,4,O,28.602365,1.173997,28.313892
JVASP-14247,5,Pr,234.72633,6.8834753,229.08415
JVASP-15578,0,Li,1.259396,0.084703535,1.321595
JVASP-15578,1,Li,1.259396,0.084703535,1.321595
JVASP-15578,2,O,38.746,1.173997,38.84323
JVASP-15578,3,O,28.602365,1.173997,28.313892
JVASP-15578,4,O,28.602365,1.173997,28.313892
JVASP-15578,5,Pr,234.72633,6.8834753,229.08415
JVASP-8087,0,Rb,6.2070065,7.136503,3.9648361
JVASP-8087,1,Rb,6.2070065,7.136503,3.9648361
JVASP-8087,2,Cu,217.0207,2.626418,214.51173
JVASP-8087,3,Cu,217.0207,2.626418,218.5497
JVASP-8087,4,C,77.287994,4.4679255,81.61775
JVASP-8087,5,C,77.287994,4.4679255,74.90134
JVASP-8087,6,C,77.287994,4.4679255,81.61775
JVASP-8087,7,C,77.287994,4.4679255,74.90134
JVASP-8102,0,Rb,107.648544,7.136503,113.6572
JVASP-8102,1,Cu,213.12112,2.626418,214.22586
JVASP-8102,2,C,75.3414,4.4679255,73.563194
JVASP-8102,3,C,75.3414,4.4679255,73.563194
JVASP-18021,0,Ce,20.788923,7.3629155,26.38675
JVASP-18021,1,Ce,20.78907,7.3629155,26.387173
JVASP-18021,2,Pt,222.42162,18.358461,230.25034
JVASP-18021,3,Pt,222.42162,18.358461,230.25034
JVASP-16485,0,Ce,0.0,7.3629155,7.3629155
JVASP-16485,1,Pt,107.2705,18.358461,104.33548
JVASP-16485,2,Pt,107.2705,18.358461,124.80037
JVASP-16485,3,Pt,107.2705,18.358461,95.24157
JVASP-8697,0,O,18.1604,1.173997,18.043629
JVASP-8697,1,Br,30.510088,43.576878,66.3501
JVASP-8697,2,Br,30.510088,43.576878,66.3501
JVASP-8697,3,Rb,110.24559,7.136503,103.301735
JVASP-8697,4,Rb,110.24559,7.136503,103.301735
JVASP-8697,5,Rb,204.26784,7.136503,207.28264
JVASP-8697,6,Rb,204.26909,7.136503,209.15118
JVASP-8701,0,Rb,212.65001,7.136503,214.69597
JVASP-8701,1,Rb,212.65001,7.136503,206.74805
JVASP-8701,2,Rb,212.65001,7.136503,216.73428
JVASP-8701,3,Br,0.0,43.576878,43.576878
JVASP-8701,4,O,0.0,1.173997,1.173997
JVASP-16828,0,Pt,219.55707,18.358461,227.77063
JVASP-16828,1,Pt,219.55707,18.358461,227.77063
JVASP-16828,2,Th,64.46313,20.611576,52.85129
JVASP-16828,3,Th,64.46313,20.611576,52.85129
JVASP-41529,0,Th,207.28032,20.611576,225.29836
JVASP-41529,1,Th,207.28032,20.611576,225.29836
JVASP-41529,2,Pt,180.81625,18.358461,191.5015
JVASP-41529,3,Pt,180.81625,18.358461,192.10004
JVASP-41529,4,Pt,180.81607,18.358461,185.618
JVASP-41529,5,Pt,180.81625,18.358461,191.5015
JVASP-41529,6,Pt,180.81625,18.358461,192.10004
JVASP-41529,7,Pt,180.81607,18.358461,185.618
JVASP-4498,0,P,12.92295,4.940868,10.839111
JVASP-4498,1,P,12.92295,4.940868,10.839111
JVASP-4498,2,S,209.18999,15.204629,200.78067
JVASP-4498,3,S,209.18985,15.204629,200.8926
JVASP-4498,4,S,209.19565,15.204629,205.41689
JVASP-4498,5,S,209.19565,15.204629,205.41689
JVASP-4498,6,S,209.18999,15.204629,200.78067
JVASP-4498,7,S,209.18985,15.204629,200.8926
JVASP-4498,8,Fe,29.182041,2.1271884,27.75788
JVASP-4498,9,Fe,29.182041,2.1271884,27.75788
JVASP-30172,0,Fe,33.703754,2.1271884,32.53214
JVASP-30172,1,P,11.889824,4.940868,8.7622385
JVASP-30172,2,P,11.889824,4.940868,8.7622385
JVASP-30172,3,S,219.67873,15.204629,212.78421
JVASP-30172,4,S,219.67873,15.204629,210.66191
JVASP-30172,5,S,219.67732,15.204629,210.98549
JVASP-30172,6,S,219.67732,15.204629,214.11275
JVASP-30172,7,S,219.6778,15.204629,212.81914
JVASP-30172,8,S,219.6778,15.204629,213.82869
JVASP-18829,0,Si,10.36434,1.7483627,8.92892
JVASP-18829,1,Si,10.364623,1.7483627,8.929277
JVASP-18829,2,Ag,36.982162,6.9597216,31.007818
JVASP-18829,3,Ag,36.982162,6.9597216,31.007818
JVASP-18829,4,Nd,34.568306,2.8276725,34.176437
JVASP-31187,0,Nd,29.769873,2.8276725,32.09786
JVASP-31187,1,Nd,29.769873,2.8276725,32.09786
JVASP-31187,2,Si,10.97453,1.7483627,11.800361
JVASP-31187,3,Si,10.97453,1.7483627,11.800361
JVASP-31187,4,Ag,207.38971,6.9597216,213.852
JVASP-31187,5,Ag,207.38971,6.9597216,213.852
JVASP-51929,0,Hf,219.83284,15.926846,223.42233
JVASP-51929,1,Hf,219.83284,15.926846,223.42233
JVASP-51929,2,Hf,219.83284,15.926846,220.13054
JVASP-51929,3,Hf,219.83284,15.926846,220.13054
JVASP-51929,4,Ni,39.609474,5.243039,36.971706
JVASP-51929,5,Ni,39.609474,5.243039,37.79967
JVASP-51929,6,Ni,39.609474,5.243039,37.79967
JVASP-51929,7,Ni,39.609474,5.243039,36.971706
JVASP-51929,8,Sn,107.24601,6.63049,112.64908
JVASP-51929,9,Sn,107.24601,6.63049,112.64908
JVASP-78703,0,Hf,173.2667,15.926846,182.35217
JVASP-78703,1,Ni,6.106578,5.243039,1.8849448
JVASP-78703,2,Sn,193.67911,6.63049,199.05229
JVASP-35079,0,Sr,13.45668,5.8790126,18.845554
JVASP-35079,1,Sr,13.45668,5.8790126,18.845554
JVASP-35079,2,Sn,4.396835,6.63049,4.0506043
JVASP-35079,3,Sn,4.396835,6.63049,4.0506043
JVASP-35079,4,Hg,203.47789,18.195402,199.1051
JVASP-35079,5,Hg,203.47789,18.195402,199.1051
JVASP-81754,0,Sr,11.211373,5.8790126,11.138509
JVASP-81754,1,Sr,11.211373,5.8790126,11.138509
JVASP-81754,2,Sn,59.789967,6.63049,61.182865
JVASP-81754,3,Sn,59.789967,6.63049,61.182865
JVASP-81754,4,Hg,20.882473,18.195402,11.0447445
JVASP-81754,5,Hg,20.882473,18.195402,11.0447445
JVASP-81754,6,Hg,20.882473,18.195402,11.0447445
JVASP-81754,7,Hg,20.882473,18.195402,11.0447445
JVASP-59583,0,O,153.6463,1.173997,153.76161
JVASP-59583,1,O,153.64603,1.173997,154.45479
JVASP-59583,2,O,153.64633,1.173997,152.77936
JVASP-59583,3,O,153.6463,1.173997,153.76161
JVASP-59583,4,O,153.64633,1.173997,152.77936
JVASP-59583,5,O,153.64603,1.173997,154.45479
JVASP-59583,6,Ni,12.858568,5.243039,16.964281
JVASP-59583,7,Ni,12.858568,5.243039,16.964281
JVASP-59583,8,Pr,84.337776,6.8834753,81.35771
JVASP-59583,9,Pr,84.337776,6.8834753,81.35771
JVASP-7859,0,O,12.804305,1.173997,13.006589
JVASP-7859,1,O,12.804305,1.173997,13.006589
JVASP-7859,2,O,101.801544,1.173997,102.17451
JVASP-7859,3,O,101.80056,1.173997,101.53976
JVASP-7859,4,Ni,64.13687,5.243039,68.90447
JVASP-7859,5,Pr,202.24724,6.8834753,207.52025
JVASP-7859,6,Pr,202.24724,6.8834753,207.52025
JVASP-20081,0,As,0.0,16.668182,16.668182
JVASP-20081,1,Tm,0.0076157735,8.03611,8.029704
JVASP-37455,0,Tm,12.453207,8.03611,6.108819
JVASP-37455,1,Tm,12.453207,8.03611,6.108819
JVASP-37455,2,As,204.12444,16.668182,199.31903
JVASP-37455,3,As,204.12444,16.668182,199.72444
JVASP-37455,4,As,204.12453,16.668182,197.21632
JVASP-37455,5,As,204.12444,16.668182,199.31903
JVASP-37455,6,As,204.12444,16.668182,199.72444
JVASP-37455,7,As,204.12453,16.668182,197.21632
JVASP-21088,0,S,28.023565,15.204629,37.35805
JVASP-21088,1,S,28.023565,15.204629,37.35805
JVASP-21088,2,S,28.023565,15.204629,39.406174
JVASP-21088,3,S,28.023565,15.204629,39.406174
JVASP-21088,4,S,54.071198,15.204629,46.541325
JVASP-21088,5,S,54.071198,15.204629,46.541325
JVASP-21088,6,Ag,201.4527,6.9597216,200.727
JVASP-21088,7,Ag,201.4527,6.9597216,197.64882
JVASP-21088,8,Ta,90.21306,34.19568,63.626965
JVASP-21088,9,Ta,90.21306,34.19568,63.626965
JVASP-57129,0,Ta,90.33464,34.19568,63.714497
JVASP-57129,1,Ta,90.33464,34.19568,63.709797
JVASP-57129,2,Ag,201.46799,6.9597216,200.74289
JVASP-57129,3,Ag,201.46799,6.9597216,197.66464
JVASP-57129,4,S,28.027765,15.204629,37.36953
JVASP-57129,5,S,28.006655,15.204629,39.389812
JVASP-57129,6,S,28.006655,15.204629,37.342545
JVASP-57129,7,S,54.08343,15.204629,46.555485
JVASP-57129,8,S,54.08343,15.204629,46.554623
JVASP-57129,9,S,28.027765,15.204629,39.41731
JVASP-46044,0,K,36.51866,3.9006114,32.759396
JVASP-46044,1,K,36.51866,3.9006114,32.759396
JVASP-46044,2,Nd,193.05777,2.8276725,190.78096
JVASP-46044,3,Nd,193.14041,2.8276725,190.8617
JVASP-46044,4,O,8.448375,1.173997,8.39132
JVASP-46044,5,O,8.444642,1.173997,8.385705
JVASP-46044,6,O,8.448375,1.173997,8.39132
JVASP-46044,7,O,8.444642,1.173997,8.385705
JVASP-50936,0,K,31.433485,3.9006114,27.677425
JVASP-50936,1,Nd,199.00023,2.8276725,196.7227
JVASP-50936,2,O,9.174564,1.173997,9.1096945
JVASP-50936,3,O,9.174564,1.173997,9.1096945
JVASP-17876,0,U,108.35644,22.270443,93.86016
JVASP-17876,1,U,108.35644,22.270443,93.86016
JVASP-17876,2,Ge,196.75525,9.267462,204.90175
JVASP-17876,3,Ge,196.75525,9.267462,204.90175
JVASP-17876,4,S,0.5821621,15.204629,14.630943
JVASP-17876,5,S,0.5821621,15.204629,14.630943
JVASP-51519,0,U,12.098846,22.270443,32.016346
JVASP-51519,1,U,12.098846,22.270443,32.016346
JVASP-51519,2,Ge,38.56477,9.267462,30.799646
JVASP-51519,3,Ge,38.56477,9.267462,30.799646
JVASP-51519,4,S,2.2233202,15.204629,17.40076
JVASP-51519,5,S,2.2233202,15.204629,17.40076
JVASP-38377,0,Pr,61.45293,6.8834753,62.449295
JVASP-38377,1,Pr,61.45483,6.8834753,64.55962
JVASP-38377,2,Pr,61.45293,6.8834753,62.041214
JVASP-38377,3,Pr,61.45293,6.8834753,62.449295
JVASP-38377,4,Pr,61.45483,6.8834753,64.55962
JVASP-38377,5,Pr,61.45293,6.8834753,62.041214
JVASP-38377,6,I,70.61756,47.949,114.728195
JVASP-38377,7,I,70.61756,47.949,114.728195
JVASP-33803,0,Pr,142.81383,6.8834753,149.501
JVASP-33803,1,Pr,142.81383,6.8834753,149.501
JVASP-33803,2,I,195.20355,47.949,169.29657
JVASP-33803,3,I,195.20355,47.949,174.21565
JVASP-33803,4,I,195.20456,47.949,198.12758
JVASP-33803,5,I,195.20367,47.949,169.2967
JVASP-33803,6,I,195.20367,47.949,174.2158
JVASP-33803,7,I,195.20456,47.949,198.12758
JVASP-35062,0,Sm,46.9706,14.72507,61.6222
JVASP-35062,1,Sm,46.9706,14.72507,61.6222
JVASP-35062,2,Fe,8.842658,2.1271884,10.211156
JVASP-35062,3,Fe,8.842658,2.1271884,10.211156
JVASP-35062,4,Si,10.924724,1.7483627,10.330849
JVASP-35062,5,Si,10.924724,1.7483627,10.330849
JVASP-56924,0,Sm,193.18716,14.72507,207.8226
JVASP-56924,1,Sm,193.18716,14.72507,207.8226
JVASP-56924,2,Fe,10.302553,2.1271884,9.249838
JVASP-56924,3,Fe,10.302553,2.1271884,9.249838
JVASP-56924,4,Fe,10.302553,2.1271884,9.249838
JVASP-56924,5,Fe,10.302553,2.1271884,9.249838
JVASP-56924,6,Si,41.28452,1.7483627,40.5982
JVASP-56924,7,Si,41.28452,1.7483627,40.5982
JVASP-56924,8,Si,41.28452,1.7483627,40.5982
JVASP-56924,9,Si,41.28452,1.7483627,40.5982
JVASP-39085,0,Sm,73.20913,14.72507,58.60473
JVASP-39085,1,Br,113.54406,43.576878,80.83149
JVASP-3918,0,Br,95.24959,43.576878,68.933685
JVASP-3918,1,Br,95.24959,43.576878,68.933685
JVASP-3918,2,Br,190.79851,43.576878,229.35033
JVASP-3918,3,Br,190.79851,43.576878,229.35033
JVASP-3918,4,Br,95.24959,43.576878,66.14881
JVASP-3918,5,Br,95.24959,43.576878,66.14881
JVASP-3918,6,Sm,93.60252,14.72507,85.7846
JVASP-3918,7,Sm,93.60217,14.72507,85.78415
JVASP-46015,0,Y,147.44214,11.128398,140.97072
JVASP-46015,1,Y,147.44214,11.128398,140.97072
JVASP-46015,2,Sc,71.944786,1.2577385,72.71089
JVASP-46015,3,Sc,71.944786,1.2577385,72.71089
JVASP-46015,4,O,7.844491,1.173997,8.068814
JVASP-46015,5,O,7.844491,1.173997,8.068814
JVASP-46015,6,O,27.62902,1.173997,27.793184
JVASP-46015,7,O,27.62902,1.173997,27.793184
JVASP-46015,8,O,7.844491,1.173997,8.068814
JVASP-46015,9,O,7.844491,1.173997,8.068814
JVASP-49885,0,Y,108.71856,11.128398,102.35231
JVASP-49885,1,Sc,188.67072,1.2577385,189.43259
JVASP-49885,2,O,21.235443,1.173997,21.406923
JVASP-49885,3,O,21.235443,1.173997,21.406923
JVASP-1543,0,O,2.9870827,1.173997,3.0243504
JVASP-1543,1,O,2.9870827,1.173997,3.0243504
JVASP-1543,2,Rb,127.99637,7.136503,121.071266
JVASP-1543,3,Dy,186.93481,4.4875207,190.37256
JVASP-38331,0,Rb,0.0,7.136503,7.136503
JVASP-38331,1,Dy,0.0,4.4875207,4.4875207
JVASP-38331,2,O,50.974697,1.173997,50.538395
JVASP-38331,3,O,50.974697,1.173997,51.295444
JVASP-38331,4,O,50.974697,1.173997,51.12771
JVASP-67468,0,Be,0.7332262,0.38258058,0.48180526
JVASP-67468,1,Mo,90.04814,41.233887,48.896168
JVASP-67468,2,Re,186.24696,20.045204,174.17357
JVASP-67801,0,Be,2.226586,0.38258058,2.5452752
JVASP-67801,1,Re,50.924896,20.045204,41.17612
JVASP-67801,2,Re,115.36281,20.045204,103.76006
JVASP-67801,3,Mo,62.10028,41.233887,20.998232
JVASP-30673,0,Y,99.023796,11.128398,88.71198
JVASP-30673,1,V,185.41205,3.798005,184.84868
JVASP-30673,2,F,82.975914,15.800529,85.3234
JVASP-30673,3,F,82.975914,15.800529,85.3234
JVASP-30673,4,F,73.918434,15.800529,72.59333
JVASP-30673,5,F,73.918434,15.800529,72.59333
JVASP-30673,6,F,11.625334,15.800529,21.607761
JVASP-8386,0,Y,89.75447,11.128398,80.124466
JVASP-8386,1,V,149.76118,3.798005,149.20992
JVASP-8386,2,F,84.22659,15.800529,86.663765
JVASP-8386,3,F,84.22659,15.800529,86.663765
JVASP-8386,4,F,76.52576,15.800529,75.11676
JVASP-8386,5,F,76.52576,15.800529,75.11676
JVASP-8386,6,F,13.592009,15.800529,23.079441
JVASP-7967,0,Ce,97.260666,7.3629155,104.49605
JVASP-7967,1,Al,14.383866,1.0875204,13.377118
JVASP-7967,2,Al,14.383866,1.0875204,13.370848
JVASP-7967,3,Al,14.383911,1.0875204,13.30551
JVASP-7967,4,Ni,9.514229,5.243039,14.608071
JVASP-7967,5,Ni,9.514229,5.243039,14.608071
JVASP-8069,0,Al,53.44441,1.0875204,53.001846
JVASP-8069,1,Al,23.645235,1.0875204,23.765917
JVASP-8069,2,Al,23.645235,1.0875204,23.765917
JVASP-8069,3,Al,23.645864,1.0875204,23.82793
JVASP-8069,4,Al,23.645864,1.0875204,23.82793
JVASP-8069,5,Ni,22.893839,5.243039,24.47909
JVASP-8069,6,Ni,22.893839,5.243039,24.47909
JVASP-8069,7,Ce,185.22636,7.3629155,185.47517
JVASP-65584,0,Ba,182.44617,16.451351,166.07576
JVASP-65584,1,Na,11.200701,0.84107655,11.559255
JVASP-65584,2,Na,11.200701,0.84107655,11.559255
JVASP-65584,3,Ge,179.60231,9.267462,187.75333
JVASP-65800,0,Ba,183.60558,16.451351,167.23514
JVASP-65800,1,Na,11.434219,0.84107655,11.792262
JVASP-65800,2,Na,11.434219,0.84107655,11.792262
JVASP-65800,3,Ge,175.91501,9.267462,184.06712
JVASP-15072,0,P,0.0,4.940868,4.940868
JVASP-15072,1,Nd,0.0031622779,2.8276725,2.8280537
JVASP-38160,0,Nd,126.66475,2.8276725,124.39131
JVASP-38160,1,Nd,126.66475,2.8276725,124.39131
JVASP-38160,2,P,57.621796,4.940868,53.97542
JVASP-38160,3,P,57.621796,4.940868,53.97542
JVASP-38160,4,P,181.33737,4.940868,185.1083
JVASP-38160,5,P,57.621796,4.940868,53.97542
JVASP-38160,6,P,57.621796,4.940868,53.97542
JVASP-38160,7,P,181.33737,4.940868,185.1083
JVASP-68982,0,Ba,113.71022,16.451351,97.34498
JVASP-68982,1,Na,7.7738643,0.84107655,8.1433
JVASP-68982,2,Na,7.7738643,0.84107655,8.1433
JVASP-68982,3,Pt,180.45473,18.358461,163.16945
JVASP-69113,0,Ba,113.67101,16.451351,97.30578
JVASP-69113,1,Na,7.7673316,0.84107655,8.136798
JVASP-69113,2,Na,7.7673316,0.84107655,8.136798
JVASP-69113,3,Pt,180.39186,18.358461,163.10663
JVASP-38624,0,Ni,0.0,5.243039,5.243039
JVASP-38624,1,As,0.0,16.668182,16.668182
JVASP-38624,2,O,107.30562,1.173997,107.17224
JVASP-38624,3,O,107.30562,1.173997,107.75903
JVASP-38624,4,O,107.30562,1.173997,107.00338
JVASP-63373,0,Ni,0.07838368,5.243039,5.168143
JVASP-63373,1,As,32.417362,16.668182,48.819836
JVASP-63373,2,As,32.417362,16.668182,48.819836
JVASP-63373,3,O,181.92499,1.173997,182.37311
JVASP-63373,4,O,181.9252,1.173997,181.00645
JVASP-63373,5,O,181.9252,1.173997,182.52048
JVASP-63373,6,O,181.9252,1.173997,181.00645
JVASP-63373,7,O,181.92499,1.173997,182.37311
JVASP-63373,8,O,181.9252,1.173997,182.52048
JVASP-81989,0,Li,2.08819,0.084703535,2.0639806
JVASP-81989,1,Li,2.08819,0.084703535,2.0639806
JVASP-81989,2,Li,2.08819,0.084703535,2.0639806
JVASP-81989,3,Li,2.08819,0.084703535,2.0639806
JVASP-81989,4,Cu,66.94334,2.626418,69.45206
JVASP-81989,5,Cu,66.94334,2.626418,69.45206
JVASP-81989,6,Pd,177.22917,20.903904,190.79799
JVASP-81989,7,Pd,177.22917,20.903904,190.79799
JVASP-82023,0,Li,1.6121987,0.084703535,1.5888767
JVASP-82023,1,Li,1.6121987,0.084703535,1.5888767
JVASP-82023,2,Cu,116.38935,2.626418,118.89576
JVASP-82023,3,Cu,116.38935,2.626418,118.89576
JVASP-82023,4,Cu,116.38935,2.626418,118.89576
JVASP-82023,5,Cu,116.38935,2.626418,118.89576
JVASP-82023,6,Pd,143.26274,20.903904,157.1633
JVASP-82023,7,Pd,143.26274,20.903904,157.1633
JVASP-65742,0,Ba,148.63014,16.451351,132.26163
JVASP-65742,1,Tl,176.67027,13.684985,167.12558
JVASP-65742,2,P,47.258003,4.940868,51.102726
JVASP-65742,3,P,47.258003,4.940868,51.102726
JVASP-65771,0,Ba,1.5578755,16.451351,18.002851
JVASP-65771,1,Tl,127.48778,13.684985,118.05653
JVASP-65771,2,P,93.59582,4.940868,97.392075
JVASP-65771,3,P,134.89014,4.940868,131.18697
JVASP-35396,0,Hf,73.50184,15.926846,83.181984
JVASP-35396,1,Ga,148.71231,4.5793962,146.21701
JVASP-35396,2,Ga,148.71231,4.5793962,146.21701
JVASP-35396,3,Ga,148.71231,4.5793962,149.07896
JVASP-35396,4,Ga,148.71231,4.5793962,149.07896
JVASP-35396,5,Ga,71.945595,4.5793962,76.1133
JVASP-35396,6,Co,8.365007,1.0717598,7.5622873
JVASP-35886,0,Hf,146.01408,15.926846,155.18663
JVASP-35886,1,Ga,176.1235,4.5793962,175.77138
JVASP-35886,2,Ga,176.1235,4.5793962,173.06912
JVASP-35886,3,Ga,176.1235,4.5793962,175.77138
JVASP-35886,4,Ga,176.1235,4.5793962,173.06912
JVASP-35886,5,Co,12.389519,1.0717598,13.239578
JVASP-50348,0,Na,0.16790473,0.84107655,0.72495073
JVASP-50348,1,Sm,174.91125,14.72507,182.02516
JVASP-50348,2,O,6.7158833,1.173997,6.07476
JVASP-50348,3,O,6.7158833,1.173997,6.07476
JVASP-50889,0,Na,28.877033,0.84107655,29.219976
JVASP-50889,1,Na,28.877033,0.84107655,29.219976
JVASP-50889,2,Sm,44.686043,14.72507,59.338524
JVASP-50889,3,Sm,44.686043,14.72507,59.338524
JVASP-50889,4,O,15.793759,1.173997,15.392404
JVASP-50889,5,O,15.793759,1.173997,15.392404
JVASP-50889,6,O,15.793759,1.173997,16.263432
JVASP-50889,7,O,15.793759,1.173997,16.263432
JVASP-42006,0,Pm,41.80789,6.2222724,35.666843
JVASP-42006,1,Pm,41.80789,6.2222724,35.666843
JVASP-42006,2,Zn,43.681915,10.546378,47.36528
JVASP-42006,3,Zn,43.681915,10.546378,46.74189
JVASP-42006,4,Zn,43.68597,10.546378,46.09647
JVASP-42006,5,Zn,43.681915,10.546378,47.36528
JVASP-42006,6,Zn,43.681915,10.546378,46.74189
JVASP-42006,7,Zn,43.68597,10.546378,46.09647
JVASP-79118,0,Pm,48.95795,6.2222724,55.118782
JVASP-79118,1,Pm,48.95795,6.2222724,55.118782
JVASP-79118,2,Pm,173.95705,6.2222724,167.80653
JVASP-79118,3,Pm,48.95795,6.2222724,55.118782
JVASP-79118,4,Pm,48.95795,6.2222724,55.118782
JVASP-79118,5,Pm,173.95705,6.2222724,167.80653
JVASP-79118,6,Zn,14.496081,10.546378,4.265773
JVASP-79118,7,Zn,14.496081,10.546378,4.265773
JVASP-66964,0,Ta,37.01179,34.19568,11.336719
JVASP-66964,1,Be,1.1847365,0.38258058,0.9048111
JVASP-66964,2,Be,1.1847365,0.38258058,0.9048111
JVASP-66964,3,Ru,35.073425,13.728401,22.37797
JVASP-67155,0,Ta,172.94052,34.19568,140.76079
JVASP-67155,1,Ta,172.94052,34.19568,140.76079
JVASP-67155,2,Be,0.017146429,0.38258058,0.36888775
JVASP-67155,3,Be,0.017146429,0.38258058,0.36888775
JVASP-67155,4,Ru,32.21569,13.728401,45.490395
JVASP-67155,5,Ru,32.21569,13.728401,45.490395
JVASP-11532,0,Zn,152.65317,10.546378,152.2617
JVASP-11532,1,Zn,152.61636,10.546378,152.22513
JVASP-11532,2,Zn,171.83841,10.546378,163.49965
JVASP-11532,3,Zn,171.85715,10.546378,163.51884
JVASP-11532,4,Ni,163.98802,5.243039,162.03973
JVASP-11532,5,Ni,163.98996,5.243039,162.04134
JVASP-11532,6,N,10.816123,2.1896696,9.342319
JVASP-11532,7,N,10.814375,2.1896696,9.339645
JVASP-11532,8,N,35.44106,2.1896696,36.858704
JVASP-11532,9,N,35.439083,2.1896696,36.856785
JVASP-8298,0,Zn,12.2923565,10.546378,2.2913656
JVASP-8298,1,Ni,65.65018,5.243039,61.27022
JVASP-8298,2,Ni,65.65018,5.243039,60.813522
JVASP-8298,3,N,73.56291,2.1896696,74.386375
JVASP-8298,4,N,73.56291,2.1896696,71.84652
JVASP-17443,0,Sm,17.778399,14.72507,32.450825
JVASP-17443,1,Ni,61.738167,5.243039,56.745686
JVASP-17443,2,As,46.891804,16.668182,30.83991
JVASP-56909,0,Sm,26.786804,14.72507,41.449593
JVASP-56909,1,Sm,26.786804,14.72507,41.449593
JVASP-56909,2,Ni,15.304412,5.243039,10.405142
JVASP-56909,3,Ni,15.304412,5.243039,10.405142
JVASP-56909,4,Ni,15.304412,5.243039,10.405142
JVASP-56909,5,Ni,15.304412,5.243039,10.405142
JVASP-56909,6,As,170.27956,16.668182,186.5819
JVASP-56909,7,As,170.27956,16.668182,186.5819
JVASP-56909,8,As,170.27956,16.668182,186.5819
JVASP-56909,9,As,170.27956,16.668182,186.5819
JVASP-37311,0,Sn,54.231705,6.63049,59.92569
JVASP-37311,1,Sn,54.231705,6.63049,54.38345
JVASP-37311,2,Sn,54.2317,6.63049,49.055832
JVASP-37311,3,B,0.0,5.024234,5.024234
JVASP-37318,0,Sn,169.09071,6.63049,163.8039
JVASP-37318,1,Sn,169.09071,6.63049,163.8039
JVASP-37318,2,B,11.942896,5.024234,16.957882
JVASP-37318,3,B,11.942896,5.024234,16.957882
JVASP-43021,0,Mn,2.0849314,1.6964667,2.1021588
JVASP-43021,1,Sb,168.30684,27.438374,186.45627
JVASP-43021,2,O,140.14426,1.173997,139.23665
JVASP-43021,3,O,143.57124,1.173997,143.18071
JVASP-43021,4,O,140.14342,1.173997,139.8051
JVASP-43021,5,O,143.57005,1.173997,143.99046
JVASP-30338,0,Mn,57.062386,1.6964667,58.028545
JVASP-30338,1,Sb,168.96036,27.438374,172.34958
JVASP-30338,2,O,88.57213,1.173997,88.64359
JVASP-30338,3,O,79.79413,1.173997,79.494125
JVASP-30338,4,O,88.57213,1.173997,88.64359
JVASP-30338,5,O,79.79413,1.173997,79.494125
JVASP-50203,0,Na,0.18582788,0.84107655,0.7129964
JVASP-50203,1,Ce,166.40872,7.3629155,163.75917
JVASP-50203,2,O,10.663017,1.173997,9.993535
JVASP-50203,3,O,10.663017,1.173997,9.993535
JVASP-8826,0,Na,50.267166,0.84107655,49.46479
JVASP-8826,1,Na,50.267166,0.84107655,50.767097
JVASP-8826,2,Ce,84.6756,7.3629155,91.912254
JVASP-8826,3,O,18.781725,1.173997,18.724222
JVASP-8826,4,O,18.781725,1.173997,18.633984
JVASP-8826,5,O,12.320117,1.173997,12.514244
JVASP-32138,0,H,27.27198,4.494067,26.289625
JVASP-32138,1,H,27.27198,4.494067,26.225044
JVASP-32138,2,H,27.27198,4.494067,26.225044
JVASP-32138,3,H,27.27198,4.494067,26.289625
JVASP-32138,4,C,39.192905,4.4679255,34.975212
JVASP-32138,5,C,39.192905,4.4679255,34.975212
JVASP-32138,6,O,147.59981,1.173997,147.30301
JVASP-32138,7,O,147.59981,1.173997,147.30301
JVASP-32138,8,O,165.22408,1.173997,165.5384
JVASP-32138,9,O,165.22408,1.173997,165.77878
JVASP-32138,10,O,165.22408,1.173997,165.77878
JVASP-32138,11,O,165.22408,1.173997,165.5384
JVASP-53615,0,H,15.024097,4.494067,18.099176
JVASP-53615,1,H,15.003006,4.494067,13.218391
JVASP-53615,2,C,54.795216,4.4679255,56.00039
JVASP-53615,3,C,49.540714,4.4679255,52.2347
JVASP-53615,4,C,54.050438,4.4679255,55.79872
JVASP-53615,5,C,48.5221,4.4679255,48.642334
JVASP-53615,6,O,149.54436,1.173997,148.95766
JVASP-53615,7,O,149.19002,1.173997,149.51447
JVASP-53615,8,O,148.65254,1.173997,149.50995
JVASP-53615,9,O,148.10509,1.173997,147.74376
JVASP-34176,0,O,167.7979,1.173997,168.70007
JVASP-34176,1,O,129.55035,1.173997,129.01547
JVASP-34176,2,O,121.57872,1.173997,121.398964
JVASP-34176,3,O,117.813736,1.173997,118.08627
JVASP-34176,4,O,121.57819,1.173997,121.34222
JVASP-34176,5,O,117.8153,1.173997,117.85192
JVASP-34176,6,O,129.55045,1.173997,128.86656
JVASP-34176,7,P,58.569874,4.940868,54.9667
JVASP-34176,8,P,58.570427,4.940868,59.354874
JVASP-34176,9,Cr,28.305893,3.2921274,29.236616
JVASP-52116,0,O,167.79785,1.173997,168.69997
JVASP-52116,1,O,129.54945,1.173997,129.01454
JVASP-52116,2,O,121.586685,1.173997,121.40695
JVASP-52116,3,O,117.816505,1.173997,118.089066
JVASP-52116,4,O,121.58665,1.173997,121.3507
JVASP-52116,5,O,117.81799,1.173997,117.85467
JVASP-52116,6,O,129.54858,1.173997,128.86464
JVASP-52116,7,P,58.566982,4.940868,54.964336
JVASP-52116,8,P,58.567314,4.940868,59.35282
JVASP-52116,9,Cr,28.33512,3.2921274,29.26524
JVASP-35537,0,Tb,67.65409,11.037279,78.14796
JVASP-35537,1,Tb,67.65409,11.037279,78.14796
JVASP-35537,2,O,142.29974,1.173997,142.30383
JVASP-35537,3,O,142.29974,1.173997,142.30383
JVASP-35537,4,O,142.30122,1.173997,143.08226
JVASP-35537,5,O,142.30122,1.173997,143.08226
JVASP-35537,6,O,142.30182,1.173997,141.35564
JVASP-35537,7,O,142.30182,1.173997,141.35564
JVASP-7766,0,Tb,161.88269,11.037279,172.32928
JVASP-7766,1,Tb,161.88269,11.037279,172.32928
JVASP-7766,2,O,6.0624866,1.173997,6.036382
JVASP-7766,3,O,6.0624866,1.173997,6.036382
JVASP-7766,4,O,23.472237,1.173997,23.64067
JVASP-18356,0,U,107.99066,22.270443,124.79464
JVASP-18356,1,U,107.99066,22.270443,124.79464
JVASP-18356,2,Br,118.73526,43.576878,117.914734
JVASP-18356,3,Br,118.73589,43.576878,139.75664
JVASP-18356,4,Br,118.73664,43.576878,117.91613
JVASP-18356,5,Br,118.73589,43.576878,139.75664
JVASP-18356,6,Br,118.7362,43.576878,99.43991
JVASP-18356,7,Br,118.7362,43.576878,99.43991
JVASP-12080,0,Br,136.91412,43.576878,161.90614
JVASP-12080,1,Br,136.91518,43.576878,137.26294
JVASP-12080,2,Br,151.86855,43.576878,149.49277
JVASP-12080,3,Br,151.86855,43.576878,149.49277
JVASP-12080,4,Br,52.785816,43.576878,64.23907
JVASP-12080,5,Br,52.785816,43.576878,64.23907
JVASP-12080,6,Br,136.91518,43.576878,137.26294
JVASP-12080,7,Br,136.91412,43.576878,161.90614
JVASP-12080,8,U,180.50537,22.270443,186.98051
JVASP-12080,9,U,180.50537,22.270443,186.98051
JVASP-18040,0,Tb,38.668583,11.037279,32.73613
JVASP-18040,1,Tb,38.66784,11.037279,32.572506
JVASP-18040,2,Tb,38.66784,11.037279,32.12346
JVASP-18040,3,In,53.67578,6.7296906,57.684002
JVASP-18040,4,In,53.67578,6.7296906,57.079018
JVASP-18040,5,In,53.676445,6.7296906,58.307056
JVASP-18040,6,Pd,158.6412,20.903904,138.00449
JVASP-18040,7,Pd,158.6412,20.903904,138.00449
JVASP-18040,8,Pd,34.60639,20.903904,14.277175
JVASP-23523,0,Tb,80.249306,11.037279,77.65501
JVASP-23523,1,Tb,80.249306,11.037279,78.252144
JVASP-23523,2,Tb,80.249306,11.037279,78.252144
JVASP-23523,3,Tb,80.249306,11.037279,77.65501
JVASP-23523,4,In,91.01487,6.7296906,97.025444
JVASP-23523,5,In,91.01487,6.7296906,97.025444
JVASP-23523,6,Pd,117.658615,20.903904,97.06222
JVASP-23523,7,Pd,117.658615,20.903904,97.06357
JVASP-23523,8,Pd,117.658615,20.903904,97.06357
JVASP-23523,9,Pd,117.658615,20.903904,97.06222
JVASP-22778,0,Ta,41.850418,34.19568,37.34169
JVASP-22778,1,Ta,41.850418,34.19568,45.159477
JVASP-22778,2,Ta,41.850418,34.19568,37.34169
JVASP-22778,3,Ta,41.850418,34.19568,45.159477
JVASP-22778,4,Ta,43.608265,34.19568,76.88544
JVASP-22778,5,Ta,43.608265,34.19568,76.88544
JVASP-22778,6,Ga,30.070414,4.5793962,32.731945
JVASP-22778,7,Ga,30.070414,4.5793962,32.78887
JVASP-22778,8,Ga,30.070414,4.5793962,32.78887
JVASP-22778,9,Ga,30.070414,4.5793962,32.731945
JVASP-16529,0,Ta,133.9234,34.19568,101.891914
JVASP-16529,1,Ta,133.9234,34.19568,101.891914
JVASP-16529,2,Ga,157.6704,4.5793962,161.82483
JVASP-16529,3,Ga,24.577364,4.5793962,20.527674
JVASP-16529,4,Ga,24.577364,4.5793962,20.527674
JVASP-16529,5,Ga,157.6704,4.5793962,161.82483
JVASP-16529,6,Ga,24.577364,4.5793962,20.527674
JVASP-16529,7,Ga,24.577364,4.5793962,20.527674
JVASP-18206,0,Pr,36.20896,6.8834753,42.791275
JVASP-18206,1,Pr,36.208473,6.8834753,41.88749
JVASP-18206,2,Pr,36.20896,6.8834753,42.64851
JVASP-18206,3,Ni,74.814766,5.243039,69.81859
JVASP-18206,4,Ni,28.721497,5.243039,23.758343
JVASP-18206,5,Ni,74.814766,5.243039,69.81859
JVASP-18206,6,Sn,108.12631,6.63049,102.756714
JVASP-18206,7,Sn,108.12347,6.63049,108.211334
JVASP-18206,8,Sn,108.12347,6.63049,106.5467
JVASP-56937,0,Pr,25.864162,6.8834753,32.584843
JVASP-56937,1,Pr,25.864162,6.8834753,32.584843
JVASP-56937,2,Ni,2.403766,5.243039,3.0276284
JVASP-56937,3,Ni,2.403766,5.243039,3.0276284
JVASP-56937,4,Ni,2.403766,5.243039,3.0276284
JVASP-56937,5,Ni,2.403766,5.243039,3.0276284
JVASP-56937,6,Sn,155.68222,6.63049,161.06458
JVASP-56937,7,Sn,155.68222,6.63049,161.06458
JVASP-56937,8,Sn,155.68222,6.63049,161.06458
JVASP-56937,9,Sn,155.68222,6.63049,161.06458
JVASP-15354,0,Ho,45.277046,5.3662715,48.18128
JVASP-15354,1,Ho,45.276592,5.3662715,48.64006
JVASP-15354,2,Ho,45.276592,5.3662715,49.11151
JVASP-15354,3,In,58.154137,6.7296906,62.584858
JVASP-15354,4,In,58.155994,6.7296906,63.15152
JVASP-15354,5,In,58.154137,6.7296906,62.036686
JVASP-15354,6,Pd,155.40665,20.903904,134.77075
JVASP-15354,7,Pd,32.57209,20.903904,12.299481
JVASP-15354,8,Pd,155.40665,20.903904,134.77075
JVASP-21467,0,Ho,91.02389,5.3662715,92.20114
JVASP-21467,1,Ho,91.02389,5.3662715,92.90433
JVASP-21467,2,Ho,91.02389,5.3662715,92.90433
JVASP-21467,3,Ho,91.02389,5.3662715,92.20114
JVASP-21467,4,In,95.7971,6.7296906,101.805305
JVASP-21467,5,In,95.7971,6.7296906,101.805305
JVASP-21467,6,Pd,119.13712,20.903904,98.51987
JVASP-21467,7,Pd,119.13712,20.903904,98.52049
JVASP-21467,8,Pd,119.13712,20.903904,98.52049
JVASP-21467,9,Pd,119.13712,20.903904,98.51987
JVASP-7982,0,Pr,154.34358,6.8834753,147.67511
JVASP-7982,1,Pr,154.34358,6.8834753,147.67511
JVASP-7982,2,O,8.792444,1.173997,8.73078
JVASP-7982,3,O,8.792444,1.173997,8.73078
JVASP-7982,4,O,19.550194,1.173997,19.724356
JVASP-16493,0,Pr,0.0,6.8834753,6.8834753
JVASP-16493,1,Pr,0.0,6.8834753,6.8834753
JVASP-16493,2,Pr,0.0,6.8834753,6.8834753
JVASP-16493,3,Pr,0.0,6.8834753,6.8834753
JVASP-16493,4,O,0.0,1.173997,1.173997
JVASP-16493,5,O,0.0,1.173997,1.173997
JVASP-16493,6,O,0.0,1.173997,1.173997
JVASP-16493,7,O,0.0,1.173997,1.173997
JVASP-23360,0,Nd,36.37574,2.8276725,34.131844
JVASP-23360,1,Nd,36.37574,2.8276725,34.131844
JVASP-23360,2,Ni,9.866544,5.243039,14.958732
JVASP-23360,3,Ni,9.866544,5.243039,14.958732
JVASP-23360,4,Ni,0.1910602,5.243039,5.0606647
JVASP-23360,5,Ni,0.1910602,5.243039,5.0606647
JVASP-23360,6,Sn,15.65224,6.63049,21.352762
JVASP-23360,7,Sn,15.65224,6.63049,21.352762
JVASP-23360,8,Sn,136.1451,6.63049,130.87015
JVASP-23360,9,Sn,136.1451,6.63049,130.87015
JVASP-56340,0,Nd,24.800808,2.8276725,25.279703
JVASP-56340,1,Ni,1.9402153,5.243039,3.919276
JVASP-56340,2,Ni,1.9402153,5.243039,3.919276
JVASP-56340,3,Sn,153.01959,6.63049,157.83208
JVASP-56340,4,Sn,153.01959,6.63049,157.83208
JVASP-2580,0,Rb,0.0,7.136503,7.136503
JVASP-2580,1,Hg,0.0,18.195402,18.195402
JVASP-2580,2,F,152.17781,15.800529,163.58224
JVASP-2580,3,F,152.17781,15.800529,137.5857
JVASP-2580,4,F,152.17781,15.800529,156.63419
JVASP-2880,0,F,97.21211,15.800529,84.39248
JVASP-2880,1,F,97.21211,15.800529,84.39248
JVASP-2880,2,F,133.43286,15.800529,138.4631
JVASP-2880,3,F,133.43243,15.800529,143.9345
JVASP-2880,4,Rb,34.737484,7.136503,27.870739
JVASP-2880,5,Rb,34.737484,7.136503,27.870739
JVASP-2880,6,Hg,94.18777,18.195402,98.26508
JVASP-1963,0,Bi,67.1446,75.36236,142.0744
JVASP-1963,1,Te,60.91636,68.54225,17.05493
JVASP-1963,2,I,146.01654,47.949,107.09205
JVASP-5260,0,Bi,22.742765,75.36236,97.98524
JVASP-5260,1,Bi,22.742765,75.36236,97.98524
JVASP-5260,2,Bi,7.147359,75.36236,68.33294
JVASP-5260,3,Bi,7.147359,75.36236,68.33294
JVASP-5260,4,Te,60.773197,68.54225,13.235741
JVASP-5260,5,Te,60.773197,68.54225,13.235741
JVASP-5260,6,I,151.71227,47.949,111.14765
JVASP-5260,7,I,151.71227,47.949,111.14765
JVASP-40275,0,Pm,151.18987,6.2222724,155.14369
JVASP-40275,1,Pm,151.18987,6.2222724,153.57465
JVASP-40275,2,Pm,151.18987,6.2222724,145.03975
JVASP-40275,3,Si,0.0,1.7483627,1.7483627
JVASP-41578,0,Pm,79.541466,6.2222724,83.56152
JVASP-41578,1,Pm,79.541466,6.2222724,83.56152
JVASP-41578,2,Si,29.988981,1.7483627,30.205694
JVASP-41578,3,Si,29.991318,1.7483627,29.398478
JVASP-41578,4,Si,29.986982,1.7483627,29.577505
JVASP-41578,5,Si,29.988981,1.7483627,30.205694
JVASP-41578,6,Si,29.991318,1.7483627,29.398478
JVASP-41578,7,Si,29.986982,1.7483627,29.577505
JVASP-49768,0,Na,32.02501,0.84107655,31.556398
JVASP-49768,1,Na,32.02501,0.84107655,31.556398
JVASP-49768,2,Tm,103.41735,8.03611,100.82628
JVASP-49768,3,Tm,103.41735,8.03611,100.82628
JVASP-49768,4,O,2.5770497,1.173997,3.441359
JVASP-49768,5,O,2.5770497,1.173997,3.441359
JVASP-49768,6,O,2.5770497,1.173997,3.5934021
JVASP-49768,7,O,2.5770497,1.173997,3.5934021
JVASP-49936,0,Na,4.6781173,0.84107655,4.413401
JVASP-49936,1,Tm,150.11697,8.03611,142.83556
JVASP-49936,2,O,4.358867,1.173997,4.376955
JVASP-49936,3,O,4.358867,1.173997,4.376955
JVASP-36607,0,Ba,0.0,16.451351,16.451351
JVASP-36607,1,Mn,0.0,1.6964667,1.6964667
JVASP-36607,2,O,149.5348,1.173997,149.39964
JVASP-36607,3,O,149.53482,1.173997,149.9867
JVASP-36607,4,O,149.53482,1.173997,149.23088
JVASP-11794,0,Ba,134.28267,16.451351,150.66835
JVASP-11794,1,Ba,134.28267,16.451351,150.66835
JVASP-11794,2,Mn,24.400593,1.6964667,25.72344
JVASP-11794,3,Mn,24.400593,1.6964667,25.72344
JVASP-11794,4,O,86.9167,1.173997,85.89813
JVASP-11794,5,O,86.917206,1.173997,87.42713
JVASP-11794,6,O,86.916885,1.173997,87.241104
JVASP-11794,7,O,86.91732,1.173997,87.24154
JVASP-11794,8,O,86.917206,1.173997,85.898636
JVASP-11794,9,O,86.9167,1.173997,87.426636
JVASP-52102,0,Ca,14.844724,1.1291435,14.613262
JVASP-52102,1,Ca,14.844724,1.1291435,14.613262
JVASP-52102,2,Be,3.4488816,0.38258058,3.1483822
JVASP-52102,3,Be,3.4488816,0.38258058,3.1483822
JVASP-52102,4,Be,3.053697,0.38258058,2.7543643
JVASP-52102,5,Be,3.053697,0.38258058,2.7543643
JVASP-52102,6,Ge,148.6922,9.267462,156.85388
JVASP-52102,7,Ge,148.6922,9.267462,156.85388
JVASP-52102,8,Ge,19.986204,9.267462,28.44268
JVASP-52102,9,Ge,19.986204,9.267462,28.44268
JVASP-66852,0,Be,4.693234,0.38258058,4.3905125
JVASP-66852,1,Ca,30.86602,1.1291435,31.157896
JVASP-66852,2,Ge,105.59506,9.267462,113.781204
JVASP-15217,0,Ce,147.316,7.3629155,154.54822
JVASP-15217,1,Ga,69.94978,4.5793962,66.09607
JVASP-15217,2,Ga,69.94992,4.5793962,65.77481
JVASP-15217,3,Ga,69.94992,4.5793962,65.764946
JVASP-15217,4,Pd,45.834854,20.903904,66.579094
JVASP-15217,5,Pd,45.834854,20.903904,66.579094
JVASP-55155,0,Ce,44.17165,7.3629155,51.41688
JVASP-55155,1,Ga,36.96525,4.5793962,32.880543
JVASP-55155,2,Ga,66.05025,4.5793962,62.55313
JVASP-55155,3,Ga,36.96525,4.5793962,32.880543
JVASP-55155,4,Ga,66.05025,4.5793962,65.07126
JVASP-55155,5,Ga,66.05025,4.5793962,62.55313
JVASP-55155,6,Ga,66.05025,4.5793962,65.07126
JVASP-55155,7,Pd,22.291172,20.903904,3.5037973
JVASP-65527,0,Ba,127.88786,16.451351,144.27391
JVASP-65527,1,Br,128.4398,43.576878,166.54242
JVASP-65527,2,P,146.88284,4.940868,143.17635
JVASP-65527,3,P,146.88284,4.940868,143.17635
JVASP-65746,0,Ba,131.7017,16.451351,148.08755
JVASP-65746,1,P,144.07286,4.940868,140.65009
JVASP-65746,2,P,144.07286,4.940868,140.1117
JVASP-65746,3,Br,108.36625,43.576878,146.7072
JVASP-65698,0,Ba,88.64948,16.451351,72.28856
JVASP-65698,1,Si,37.445347,1.7483627,36.7623
JVASP-65698,2,P,111.75577,4.940868,107.13431
JVASP-65698,3,P,111.75577,4.940868,112.323685
JVASP-69154,0,Ba,146.20677,16.451351,162.59189
JVASP-69154,1,P,135.84625,4.940868,139.62634
JVASP-69154,2,Si,8.164966,1.7483627,7.616069
JVASP-69154,3,Si,8.164966,1.7483627,7.616069
JVASP-38566,0,Nd,127.7077,2.8276725,130.16368
JVASP-38566,1,Nd,127.71,2.8276725,129.242
JVASP-38566,2,Nd,127.7077,2.8276725,129.50304
JVASP-38566,3,Al,13.314377,1.0875204,12.261621
JVASP-38566,4,Al,13.314385,1.0875204,12.317406
JVASP-38566,5,Al,13.314377,1.0875204,12.256248
JVASP-38566,6,Pd,84.08608,20.903904,104.80385
JVASP-38566,7,Pd,137.97118,20.903904,117.340645
JVASP-38566,8,Pd,137.97118,20.903904,117.340645
JVASP-16819,0,Nd,144.86894,2.8276725,142.5941
JVASP-16819,1,Al,21.073414,1.0875204,19.987558
JVASP-16819,2,Al,21.07255,1.0875204,20.091818
JVASP-16819,3,Al,21.07255,1.0875204,20.101894
JVASP-16819,4,Pd,67.4565,20.903904,88.18295
JVASP-16819,5,Pd,67.4565,20.903904,88.18295
JVASP-15976,0,Ba,74.01379,16.451351,90.40482
JVASP-15976,1,Ba,74.01379,16.451351,90.40482
JVASP-15976,2,Mg,3.1214664,0.4287979,3.4623446
JVASP-15976,3,Mg,3.1214664,0.4287979,3.4623446
JVASP-15976,4,Mg,3.1214664,0.4287979,3.4623446
JVASP-15976,5,Mg,3.1214664,0.4287979,3.4623446
JVASP-15976,6,Ge,144.03244,9.267462,136.0103
JVASP-15976,7,Ge,144.03244,9.267462,136.0103
JVASP-15976,8,Ge,144.03244,9.267462,136.0103
JVASP-15976,9,Ge,144.03244,9.267462,136.0103
JVASP-49831,0,Ba,45.9957,16.451351,62.392757
JVASP-49831,1,Ba,45.9957,16.451351,62.392757
JVASP-49831,2,Mg,0.52745676,0.4287979,0.90013355
JVASP-49831,3,Mg,0.52745676,0.4287979,0.90013355
JVASP-49831,4,Ge,25.164425,9.267462,17.652967
JVASP-49831,5,Ge,25.164425,9.267462,17.652967
JVASP-16682,0,Al,28.243626,1.0875204,28.776766
JVASP-16682,1,Co,14.445227,1.0717598,14.742449
JVASP-16682,2,Co,14.445227,1.0717598,14.742449
JVASP-16682,3,Pr,157.1924,6.8834753,159.65268
JVASP-16682,4,Pr,157.1924,6.8834753,159.65268
JVASP-58292,0,Al,16.501701,1.0875204,15.591293
JVASP-58292,1,Al,16.501701,1.0875204,15.591293
JVASP-58292,2,Co,14.702055,1.0717598,15.117502
JVASP-58292,3,Co,14.701744,1.0717598,14.902269
JVASP-58292,4,Co,14.701744,1.0717598,14.902269
JVASP-58292,5,Co,14.702055,1.0717598,15.117502
JVASP-58292,6,Pr,162.38568,6.8834753,163.31923
JVASP-58292,7,Pr,162.38339,6.8834753,160.73238
JVASP-58292,8,Pr,162.38568,6.8834753,163.31923
JVASP-58292,9,Pr,162.38339,6.8834753,160.73238
JVASP-16613,0,Tb,0.0,11.037279,11.037279
JVASP-16613,1,Rh,0.0,12.903096,12.903096
JVASP-16614,0,Tb,142.86037,11.037279,153.31183
JVASP-16614,1,Rh,15.599576,12.903096,28.35548
JVASP-16614,2,Rh,15.599576,12.903096,28.35548
JVASP-16614,3,Rh,8.555301,12.903096,12.405705
JVASP-16614,4,Rh,8.555301,12.903096,12.632243
JVASP-16614,5,Rh,8.557312,12.903096,10.204072
JVASP-76945,0,Sr,82.57461,5.8790126,77.366035
JVASP-76945,1,Sr,82.57461,5.8790126,77.366035
JVASP-76945,2,Sr,82.57461,5.8790126,77.366035
JVASP-76945,3,Sr,82.57461,5.8790126,77.366035
JVASP-76945,4,Cd,40.67629,15.619623,39.95322
JVASP-76945,5,Cd,40.67629,15.619623,39.95322
JVASP-76945,6,Ag,92.91529,6.9597216,99.358345
JVASP-76945,7,Ag,92.91529,6.9597216,99.358345
JVASP-81282,0,Sr,48.770157,5.8790126,43.674644
JVASP-81282,1,Sr,48.770157,5.8790126,43.674644
JVASP-81282,2,Sr,48.770157,5.8790126,43.674644
JVASP-81282,3,Sr,48.770157,5.8790126,43.674644
JVASP-81282,4,Cd,121.24729,15.619623,105.81295
JVASP-81282,5,Cd,121.24729,15.619623,105.81295
JVASP-81282,6,Ag,141.75441,6.9597216,148.22383
JVASP-81282,7,Ag,141.75441,6.9597216,148.22383
JVASP-37203,0,Mg,20.541498,0.4287979,20.419155
JVASP-37203,1,Mg,20.539082,0.4287979,20.28771
JVASP-37203,2,Mg,20.816965,0.4287979,21.175325
JVASP-37203,3,P,75.22719,4.940868,78.20818
JVASP-37203,4,P,10.585713,4.940868,8.575018
JVASP-37203,5,P,75.22632,4.940868,78.2133
JVASP-9150,0,Mg,25.767996,0.4287979,25.892986
JVASP-9150,1,Mg,25.767996,0.4287979,25.993753
JVASP-9150,2,P,151.50143,4.940868,150.72655
JVASP-9150,3,P,151.50143,4.940868,151.02728
JVASP-9150,4,P,151.50143,4.940868,150.72655
JVASP-9150,5,P,151.50143,4.940868,151.02728
JVASP-9150,6,P,100.40838,4.940868,100.71805
JVASP-9150,7,P,100.40838,4.940868,100.77254
JVASP-9150,8,P,100.40838,4.940868,100.71805
JVASP-9150,9,P,100.40838,4.940868,100.77254
JVASP-77477,0,Cd,42.7766,15.619623,57.818024
JVASP-77477,1,Cd,42.7766,15.619623,57.818024
JVASP-77477,2,Sn,140.85478,6.63049,135.4236
JVASP-77477,3,Sn,140.85478,6.63049,135.4236
JVASP-77477,4,Pd,34.051914,20.903904,13.233416
JVASP-77477,5,Pd,34.051914,20.903904,13.233416
JVASP-77477,6,Pd,34.051914,20.903904,13.233416
JVASP-77477,7,Pd,34.051914,20.903904,13.233416
JVASP-81793,0,Cd,42.563297,15.619623,57.596546
JVASP-81793,1,Cd,42.563297,15.619623,57.596546
JVASP-81793,2,Sn,140.1881,6.63049,134.7554
JVASP-81793,3,Sn,140.1881,6.63049,134.7554
JVASP-81793,4,Pd,34.119373,20.903904,13.301274
JVASP-81793,5,Pd,34.119373,20.903904,13.301274
JVASP-81793,6,Pd,34.119373,20.903904,13.301274
JVASP-81793,7,Pd,34.119373,20.903904,13.301274
JVASP-86339,0,Cu,22.730457,2.626418,23.488821
JVASP-86339,1,Cu,22.730457,2.626418,23.16308
JVASP-86339,2,F,144.22786,15.800529,145.00577
JVASP-86339,3,F,144.22786,15.800529,151.12685
JVASP-86339,4,F,144.22786,15.800529,151.12685
JVASP-86339,5,F,144.22786,15.800529,145.00577
JVASP-16281,0,Cu,0.0,2.626418,2.626418
JVASP-16281,1,Cu,0.0,2.626418,2.626418
JVASP-16281,2,Cu,0.0,2.626418,2.626418
JVASP-16281,3,Cu,0.0,2.626418,2.626418
JVASP-16281,4,F,0.0,15.800529,15.800529
JVASP-16281,5,F,0.0,15.800529,15.800529
JVASP-16281,6,F,0.0,15.800529,15.800529
JVASP-16281,7,F,0.0,15.800529,15.800529
JVASP-35357,0,La,7.7906036,5.9067655,10.122877
JVASP-35357,1,La,7.7906036,5.9067655,10.122877
JVASP-35357,2,Cu,20.824347,2.626418,19.879175
JVASP-35357,3,Cu,20.824347,2.626418,19.879175
JVASP-35357,4,Pb,139.40413,21.544178,128.31761
JVASP-35357,5,Pb,139.40413,21.544178,128.31761
JVASP-85186,0,La,10.573223,5.9067655,12.490053
JVASP-85186,1,La,10.573223,5.9067655,12.490053
JVASP-85186,2,Cu,50.984905,2.626418,49.950294
JVASP-85186,3,Cu,50.984905,2.626418,49.950294
JVASP-85186,4,Pb,53.17842,21.544178,67.83358
JVASP-85186,5,Pb,53.17842,21.544178,67.83358
JVASP-39221,0,Lu,48.83303,5.367924,43.766712
JVASP-39221,1,Lu,48.83303,5.367924,43.766712
JVASP-39221,2,Lu,54.18108,5.367924,59.3034
JVASP-39221,3,Th,69.53774,20.611576,52.80225
JVASP-39274,0,Lu,0.0,5.367924,5.367924
JVASP-39274,1,Th,138.6452,20.611576,147.57921
JVASP-39274,2,Th,138.6452,20.611576,149.81407
JVASP-39274,3,Th,138.6452,20.611576,121.31822
JVASP-50107,0,Tb,5.856324,11.037279,16.67391
JVASP-50107,1,Tb,5.856324,11.037279,16.67391
JVASP-50107,2,Se,67.544685,29.56337,96.65498
JVASP-50107,3,O,21.190126,1.173997,21.361631
JVASP-50107,4,O,21.190126,1.173997,21.361631
JVASP-50967,0,Tb,137.50406,11.037279,147.9497
JVASP-50967,1,Tb,137.50406,11.037279,147.96477
JVASP-50967,2,Tb,137.50406,11.037279,147.96477
JVASP-50967,3,Tb,137.50406,11.037279,147.9497
JVASP-50967,4,Se,63.71414,29.56337,35.369778
JVASP-50967,5,Se,63.71414,29.56337,35.316612
JVASP-50967,6,O,16.098072,1.173997,16.000078
JVASP-50967,7,O,16.098072,1.173997,16.001348
JVASP-50967,8,O,16.098072,1.173997,16.001348
JVASP-50967,9,O,16.098072,1.173997,16.000078
JVASP-36963,0,Rb,37.999256,7.136503,31.409555
JVASP-36963,1,Rb,37.999256,7.136503,31.409555
JVASP-36963,2,Os,22.214554,41.308342,62.36273
JVASP-36963,3,Os,22.215385,41.308342,62.363346
JVASP-36963,4,O,62.876568,1.173997,63.47281
JVASP-36963,5,O,62.877354,1.173997,62.29291
JVASP-36963,6,O,62.875965,1.173997,63.437634
JVASP-36963,7,O,62.87832,1.173997,63.474564
JVASP-36963,8,O,62.876945,1.173997,63.438606
JVASP-36963,9,O,62.878315,1.173997,62.293846
JVASP-35638,0,Rb,0.008944272,7.136503,7.1436276
JVASP-35638,1,Os,0.20460694,41.308342,41.126232
JVASP-35638,2,O,136.32758,1.173997,136.02403
JVASP-35638,3,O,136.32758,1.173997,136.77985
JVASP-35638,4,O,136.3631,1.173997,136.22835
JVASP-67105,0,Be,1.2835326,0.38258058,1.608133
JVASP-67105,1,Be,5.210065,0.38258058,5.523322
JVASP-67105,2,Zn,19.213797,10.546378,8.863741
JVASP-67105,3,In,136.0471,6.7296906,142.04172
JVASP-67866,0,Be,1.673818,0.38258058,1.9952966
JVASP-67866,1,Zn,10.195593,10.546378,1.3962005
JVASP-67866,2,Zn,10.331947,10.546378,1.3772187
JVASP-67866,3,In,71.81414,6.7296906,77.837135
JVASP-22610,0,Cr,13.111592,3.2921274,13.603738
JVASP-22610,1,Hg,3.360358,18.195402,18.798964
JVASP-22610,2,F,135.63821,15.800529,143.00635
JVASP-22610,3,F,135.63808,15.800529,130.96922
JVASP-22610,4,F,135.63809,15.800529,136.24142
JVASP-22610,5,F,135.63808,15.800529,130.96922
JVASP-22610,6,F,135.63821,15.800529,143.00635
JVASP-22610,7,F,135.63809,15.800529,136.24142
JVASP-24435,0,Cr,5.714505,3.2921274,6.6701803
JVASP-24435,1,Hg,6.5258136,18.195402,19.876795
JVASP-24435,2,F,139.22357,15.800529,146.67378
JVASP-24435,3,F,139.22319,15.800529,134.6896
JVASP-24435,4,F,139.22313,15.800529,139.80022
JVASP-24435,5,F,139.22319,15.800529,134.6896
JVASP-24435,6,F,139.22357,15.800529,146.67378
JVASP-24435,7,F,139.22313,15.800529,139.80022
JVASP-35789,0,Hf,14.079667,15.926846,14.489863
JVASP-35789,1,Hf,14.079667,15.926846,14.489863
JVASP-35789,2,Cd,134.40187,15.619623,149.87671
JVASP-36136,0,Hf,15.165607,15.926846,14.934989
JVASP-36136,1,Hf,15.165607,15.926846,14.934989
JVASP-36136,2,Cd,66.109276,15.619623,81.598114
JVASP-36136,3,Cd,66.109276,15.619623,81.598114
JVASP-57967,0,Zn,144.25748,10.546378,134.92668
JVASP-57967,1,Zn,144.27432,10.546378,134.94264
JVASP-57967,2,Zn,126.68523,10.546378,132.36035
JVASP-57967,3,Zn,126.69147,10.546378,132.36603
JVASP-57967,4,Co,72.13786,1.0717598,71.306946
JVASP-57967,5,Co,72.13524,1.0717598,71.304306
JVASP-57967,6,N,19.240183,2.1896696,19.599266
JVASP-57967,7,N,19.239548,2.1896696,19.598438
JVASP-57967,8,N,20.500065,2.1896696,20.498945
JVASP-57967,9,N,20.498926,2.1896696,20.49789
JVASP-8291,0,Zn,11.787761,10.546378,1.9111671
JVASP-8291,1,Co,32.463886,1.0717598,31.682652
JVASP-8291,2,Co,32.463886,1.0717598,31.725487
JVASP-8291,3,N,99.85726,2.1896696,98.157135
JVASP-8291,4,N,99.85726,2.1896696,100.621475
JVASP-36626,0,Cd,0.0,15.619623,15.619623
JVASP-36626,1,Ge,0.0,9.267462,9.267462
JVASP-36626,2,O,132.92645,1.173997,132.79185
JVASP-36626,3,O,132.92645,1.173997,133.37883
JVASP-36626,4,O,132.92645,1.173997,132.62306
JVASP-10234,0,O,95.19014,1.173997,94.738495
JVASP-10234,1,O,95.19004,1.173997,95.22007
JVASP-10234,2,O,95.188965,1.173997,95.805405
JVASP-10234,3,O,95.19014,1.173997,94.738495
JVASP-10234,4,O,95.188965,1.173997,95.805405
JVASP-10234,5,O,95.19004,1.173997,95.22007
JVASP-10234,6,Ge,15.885689,9.267462,8.476015
JVASP-10234,7,Ge,15.885689,9.267462,8.476015
JVASP-10234,8,Cd,45.732376,15.619623,39.25277
JVASP-10234,9,Cd,45.732376,15.619623,39.25277
JVASP-17321,0,B,2.7235491,5.024234,3.6476433
JVASP-17321,1,B,2.7235491,5.024234,3.6476433
JVASP-17321,2,B,4.230939,5.024234,7.2082233
JVASP-17321,3,B,4.230939,5.024234,7.2082233
JVASP-17321,4,Fe,56.328075,2.1271884,56.970047
JVASP-17321,5,Fe,56.328075,2.1271884,56.970047
JVASP-17321,6,Mo,48.77362,41.233887,63.36877
JVASP-59642,0,Fe,36.739895,2.1271884,35.56413
JVASP-59642,1,Fe,36.739895,2.1271884,35.56413
JVASP-59642,2,B,15.358906,5.024234,16.288534
JVASP-59642,3,B,15.358906,5.024234,16.288534
JVASP-59642,4,B,15.358906,5.024234,16.355965
JVASP-59642,5,B,15.358906,5.024234,16.355965
JVASP-59642,6,Mo,132.3867,41.233887,117.329216
JVASP-59642,7,Mo,132.3867,41.233887,117.329216
JVASP-59642,8,Mo,132.3867,41.233887,117.203545
JVASP-59642,9,Mo,132.3867,41.233887,117.203545
JVASP-17367,0,Hf,31.648634,15.926846,42.419434
JVASP-17367,1,Cu,8.177624,2.626418,7.476123
JVASP-17367,2,Cu,8.177624,2.626418,7.476123
JVASP-17367,3,P,8.857355,4.940868,13.006465
JVASP-17367,4,P,8.857355,4.940868,13.006465
JVASP-56364,0,Hf,131.20079,15.926846,123.34076
JVASP-56364,1,Cu,58.6959,2.626418,59.835426
JVASP-56364,2,P,53.861015,4.940868,57.694077
JVASP-20387,0,S,0.0,15.204629,15.204629
JVASP-20387,1,Pu,0.013928388,29.168139,29.159521
JVASP-85610,0,Pu,130.37572,29.168139,156.28001
JVASP-85610,1,Pu,130.37572,29.168139,156.28001
JVASP-85610,2,S,26.243832,15.204629,11.534369
JVASP-85610,3,S,111.848595,15.204629,96.89012
JVASP-85610,4,S,111.848595,15.204629,96.89012
JVASP-85610,5,S,26.243832,15.204629,11.534369
JVASP-16139,0,P,16.602518,4.940868,18.74292
JVASP-16139,1,P,16.603102,4.940868,20.324482
JVASP-16139,2,Nb,17.61211,15.259404,29.229368
JVASP-16139,3,Nb,17.614317,15.259404,29.619513
JVASP-4654,0,P,129.51553,4.940868,132.17838
JVASP-4654,1,P,129.51553,4.940868,132.17838
JVASP-4654,2,Nb,23.41484,15.259404,36.663692
JVASP-4654,3,Nb,23.41484,15.259404,36.663692
JVASP-36757,0,Cd,56.368958,15.619623,63.16645
JVASP-36757,1,Cd,56.369267,15.619623,54.92384
JVASP-36757,2,Ag,23.637712,6.9597216,27.224482
JVASP-36757,3,Ag,130.94998,6.9597216,132.34674
JVASP-36757,4,O,86.16098,1.173997,85.88571
JVASP-36757,5,O,77.593864,1.173997,77.64015
JVASP-36757,6,O,86.16098,1.173997,85.88571
JVASP-36757,7,O,77.593864,1.173997,77.64015
JVASP-36758,0,Cd,46.644012,15.619623,41.032417
JVASP-36758,1,Cd,46.644012,15.619623,41.032417
JVASP-36758,2,Ag,55.010685,6.9597216,53.622013
JVASP-36758,3,Ag,55.010685,6.9597216,50.86656
JVASP-36758,4,O,50.341217,1.173997,50.058144
JVASP-36758,5,O,50.341217,1.173997,50.058144
JVASP-36758,6,O,100.55131,1.173997,101.03238
JVASP-36758,7,O,100.55131,1.173997,100.94487
JVASP-46163,0,Co,56.43747,1.0717598,57.274307
JVASP-46163,1,Co,56.43747,1.0717598,57.274307
JVASP-46163,2,Ag,5.2786503,6.9597216,12.014716
JVASP-46163,3,Ag,5.2786503,6.9597216,12.014716
JVASP-46163,4,O,89.81145,1.173997,90.11669
JVASP-46163,5,O,89.81149,1.173997,89.23242
JVASP-46163,6,O,89.81084,1.173997,90.18725
JVASP-46163,7,O,89.81084,1.173997,90.18725
JVASP-46163,8,O,89.81149,1.173997,89.23242
JVASP-46163,9,O,89.81145,1.173997,90.11669
JVASP-47099,0,Co,12.94204,1.0717598,13.506882
JVASP-47099,1,Ag,127.92167,6.9597216,130.19043
JVASP-47099,2,O,29.414673,1.173997,28.716856
JVASP-47099,3,O,29.414673,1.173997,28.716856
JVASP-63655,0,Hf,136.11038,15.926846,140.37408
JVASP-63655,1,Hf,136.11038,15.926846,143.146
JVASP-63655,2,Hf,136.11055,15.926846,123.25413
JVASP-63655,3,As,26.213215,16.668182,10.589895
JVASP-63655,4,As,26.213215,16.668182,10.589895
JVASP-63655,5,As,21.086432,16.668182,6.036966
JVASP-63655,6,Os,31.97958,41.308342,17.748049
JVASP-63655,7,Os,31.97958,41.308342,21.679209
JVASP-63655,8,Os,31.97972,41.308342,24.570417
JVASP-63797,0,Hf,136.14366,15.926846,140.40671
JVASP-63797,1,Hf,136.14366,15.926846,143.17856
JVASP-63797,2,Hf,136.1353,15.926846,123.27802
JVASP-63797,3,As,26.156876,16.668182,10.536999
JVASP-63797,4,As,26.156876,16.668182,10.536999
JVASP-63797,5,As,21.003149,16.668182,5.9706903
JVASP-63797,6,Os,32.06553,41.308342,17.707396
JVASP-63797,7,Os,32.06553,41.308342,21.6288
JVASP-63797,8,Os,32.061104,41.308342,24.508055
JVASP-67566,0,La,11.251323,5.9067655,12.311086
JVASP-67566,1,Be,6.2290525,0.38258058,5.92474
JVASP-67566,2,P,3.5582922,4.940868,3.2307007
JVASP-67566,3,P,125.28405,4.940868,121.584015
JVASP-68066,0,La,23.081543,5.9067655,23.394154
JVASP-68066,1,Be,1.2692457,0.38258058,0.98665595
JVASP-68066,2,P,10.238867,4.940868,7.2527113
JVASP-3516,0,Ca,7.1543407,1.1291435,6.495319
JVASP-3516,1,Ca,7.1543407,1.1291435,6.499833
JVASP-3516,2,Br,129.7049,43.576878,136.95868
JVASP-3516,3,Br,129.7049,43.576878,136.95868
JVASP-3516,4,Br,129.7049,43.576878,133.94412
JVASP-3516,5,Br,129.7049,43.576878,133.94412
JVASP-22667,0,Ca,7.1443043,1.1291435,6.4857917
JVASP-22667,1,Ca,7.1443043,1.1291435,6.4910803
JVASP-22667,2,Br,129.70685,43.576878,133.96523
JVASP-22667,3,Br,129.70685,43.576878,136.97923
JVASP-22667,4,Br,129.70685,43.576878,136.97923
JVASP-22667,5,Br,129.70685,43.576878,133.96523
JVASP-18261,0,S,120.62229,15.204629,114.83241
JVASP-18261,1,S,120.62181,15.204629,119.33076
JVASP-18261,2,S,120.62217,15.204629,117.5789
JVASP-18261,3,S,120.62156,15.204629,132.5682
JVASP-18261,4,Fe,83.65261,2.1271884,84.88745
JVASP-18261,5,Cu,6.285957,2.626418,6.6165123
JVASP-18261,6,Cu,6.285957,2.626418,6.6165123
JVASP-18261,7,Sn,15.779985,6.63049,20.794233
JVASP-51048,0,Fe,98.52338,2.1271884,99.75715
JVASP-51048,1,Cu,7.4761615,2.626418,9.376047
JVASP-51048,2,Cu,7.4761615,2.626418,8.307207
JVASP-51048,3,Sn,14.142537,6.63049,19.870913
JVASP-51048,4,S,124.049774,15.204629,126.76179
JVASP-51048,5,S,124.049774,15.204629,124.66276
JVASP-51048,6,S,124.049774,15.204629,123.112656
JVASP-51048,7,S,124.049774,15.204629,124.19074
JVASP-79389,0,Tc,13.092523,8.509769,14.350948
JVASP-79389,1,Tc,13.092523,8.509769,14.350948
JVASP-79389,2,As,62.0121,16.668182,45.88938
JVASP-79389,3,As,62.0121,16.668182,45.88938
JVASP-79389,4,As,17.303196,16.668182,33.766384
JVASP-79389,5,As,62.0121,16.668182,45.88938
JVASP-79389,6,As,62.0121,16.668182,45.88938
JVASP-79389,7,As,17.303196,16.668182,33.766384
JVASP-79400,0,Tc,32.186295,8.509769,34.662636
JVASP-79400,1,Tc,32.186295,8.509769,34.662636
JVASP-79400,2,Tc,123.53756,8.509769,122.37857
JVASP-79400,3,As,72.93111,16.668182,89.27209
JVASP-67265,0,Ti,18.546312,1.1299996,19.517569
JVASP-67265,1,Be,7.065566,0.38258058,6.760526
JVASP-67265,2,Rh,46.491726,12.903096,33.956932
JVASP-80557,0,Ti,51.0228,1.1299996,51.50308
JVASP-80557,1,Ti,51.0228,1.1299996,51.50308
JVASP-80557,2,Be,6.211797,0.38258058,5.959073
JVASP-80557,3,Be,6.211797,0.38258058,5.959073
JVASP-80557,4,Be,6.211797,0.38258058,5.959073
JVASP-80557,5,Be,6.211797,0.38258058,5.959073
JVASP-80557,6,Rh,122.32723,12.903096,131.57379
JVASP-80557,7,Rh,122.32723,12.903096,131.57379
JVASP-2724,0,Al,1.6451328,1.0875204,1.501923
JVASP-2724,1,Al,1.6451328,1.0875204,1.501923
JVASP-2724,2,Cu,8.302848,2.626418,8.923905
JVASP-2724,3,Cu,8.302848,2.626418,8.923905
JVASP-2724,4,Se,133.34122,29.56337,152.13051
JVASP-2724,5,Se,133.34273,29.56337,121.34086
JVASP-2724,6,Se,133.34137,29.56337,149.1731
JVASP-2724,7,Se,133.34164,29.56337,118.36206
JVASP-8369,0,Al,1.6451328,1.0875204,1.501923
JVASP-8369,1,Al,1.6451328,1.0875204,1.501923
JVASP-8369,2,Cu,8.301659,2.626418,8.922852
JVASP-8369,3,Cu,8.301659,2.626418,8.922852
JVASP-8369,4,Se,133.34059,29.56337,152.12988
JVASP-8369,5,Se,133.3406,29.56337,121.33881
JVASP-8369,6,Se,133.34074,29.56337,149.17256
JVASP-8369,7,Se,133.34064,29.56337,118.36124
JVASP-65541,0,Ba,91.58153,16.451351,75.21994
JVASP-65541,1,In,58.332146,6.7296906,52.46504
JVASP-65541,2,Pb,120.54429,21.544178,134.0264
JVASP-65541,3,Pb,120.54429,21.544178,134.0264
JVASP-65599,0,Ba,91.59377,16.451351,75.232185
JVASP-65599,1,In,58.35093,6.7296906,52.483788
JVASP-65599,2,Pb,120.563065,21.544178,134.045
JVASP-65599,3,Pb,120.563065,21.544178,134.045
JVASP-67574,0,Be,0.042047594,0.38258058,0.41760874
JVASP-67574,1,Ge,77.42347,9.267462,69.47285
JVASP-67574,2,Te,43.73972,68.54225,111.53529
JVASP-67628,0,Be,3.9404123,0.38258058,3.6388152
JVASP-67628,1,Ge,4.94307,9.267462,13.797344
JVASP-67628,2,Te,120.28955,68.54225,56.01236
JVASP-67628,3,Te,112.29931,68.54225,179.65132
JVASP-37747,0,Na,9.428903,0.84107655,8.632375
JVASP-37747,1,Na,9.428903,0.84107655,9.921242
JVASP-37747,2,Na,9.428903,0.84107655,9.792134
JVASP-37747,3,Tl,0.0,13.684985,13.684985
JVASP-79089,0,Na,3.0406332,0.84107655,2.815942
JVASP-79089,1,Na,3.0406332,0.84107655,2.815942
JVASP-79089,2,Na,8.134755,0.84107655,8.502633
JVASP-79089,3,Na,3.0406332,0.84107655,2.815942
JVASP-79089,4,Na,3.0406332,0.84107655,2.815942
JVASP-79089,5,Na,8.134755,0.84107655,8.502633
JVASP-79089,6,Tl,119.334236,13.684985,109.9316
JVASP-79089,7,Tl,119.334236,13.684985,109.9316
JVASP-12626,0,In,107.44196,6.7296906,113.44525
JVASP-12626,1,In,107.44196,6.7296906,113.44525
JVASP-12626,2,Fe,24.783937,2.1271884,23.629906
JVASP-12626,3,Fe,24.783937,2.1271884,23.629906
JVASP-12626,4,O,118.517334,1.173997,118.66278
JVASP-12626,5,O,118.517334,1.173997,118.66278
JVASP-12626,6,O,35.181614,1.173997,35.061283
JVASP-12626,7,O,35.181614,1.173997,35.061283
JVASP-12626,8,O,35.181614,1.173997,35.061283
JVASP-12626,9,O,35.181614,1.173997,35.061283
JVASP-8622,0,O,11.091871,1.173997,11.318881
JVASP-8622,1,O,11.090666,1.173997,11.317666
JVASP-8622,2,O,23.778631,1.173997,23.973913
JVASP-8622,3,O,23.779024,1.173997,23.974318
JVASP-8622,4,Fe,33.0586,2.1271884,31.630945
JVASP-8622,5,Fe,33.05884,2.1271884,31.631094
JVASP-8622,6,In,101.8883,6.7296906,108.413635
JVASP-15416,0,O,86.29166,1.173997,86.14788
JVASP-15416,1,O,86.29166,1.173997,86.14788
JVASP-15416,2,O,98.45568,1.173997,98.8204
JVASP-15416,3,O,98.45537,1.173997,98.20946
JVASP-15416,4,Sr,32.100662,5.8790126,26.68552
JVASP-15416,5,Sr,32.100662,5.8790126,26.68552
JVASP-15416,6,Ru,17.179115,13.728401,10.838689
JVASP-8782,0,O,117.4483,1.173997,116.945625
JVASP-8782,1,O,117.44637,1.173997,117.357834
JVASP-8782,2,O,119.06404,1.173997,119.679634
JVASP-8782,3,O,117.82602,1.173997,118.49622
JVASP-8782,4,O,117.448105,1.173997,117.45709
JVASP-8782,5,O,117.44784,1.173997,116.73697
JVASP-8782,6,Ru,6.6339498,13.728401,17.300964
JVASP-8782,7,Ru,6.6342177,13.728401,17.05442
JVASP-8782,8,Sr,15.348878,5.8790126,12.82433
JVASP-38692,0,Na,0.0,0.84107655,0.84107655
JVASP-38692,1,Ru,0.0,13.728401,13.728401
JVASP-38692,2,O,116.828415,1.173997,116.69451
JVASP-38692,3,O,116.82841,1.173997,117.28139
JVASP-38692,4,O,116.82841,1.173997,116.52569
JVASP-8122,0,O,28.886532,1.173997,29.104641
JVASP-8122,1,O,28.886532,1.173997,29.104641
JVASP-8122,2,Na,9.268372,0.84107655,8.929864
JVASP-8122,3,Ru,74.53892,13.728401,63.026302
JVASP-66869,0,Sc,4.9312315,1.2577385,4.290804
JVASP-66869,1,Be,3.8469315,0.38258058,3.5453062
JVASP-66869,2,Os,109.6012,41.308342,74.88656
JVASP-67927,0,Be,1.5604025,0.38258058,1.8831323
JVASP-67927,1,Os,115.65185,41.308342,153.75322
JVASP-67927,2,Sc,6.973697,1.2577385,7.79764
JVASP-67927,3,Sc,69.35077,1.2577385,68.5989
JVASP-15828,0,Ta,60.530308,34.19568,28.847073
JVASP-15828,1,Ta,60.527924,34.19568,39.21627
JVASP-15828,2,Ta,60.527924,34.19568,34.564167
JVASP-15828,3,Ge,122.21829,9.267462,122.87548
JVASP-15828,4,Ge,122.219666,9.267462,126.6499
JVASP-15828,5,Ge,122.21909,9.267462,121.56279
JVASP-15828,6,Ge,122.21909,9.267462,129.09473
JVASP-15828,7,Ge,122.219666,9.267462,124.08518
JVASP-15828,8,Ge,122.21829,9.267462,127.84068
JVASP-13968,0,Ta,60.532253,34.19568,28.8492
JVASP-13968,1,Ta,60.52965,34.19568,39.216347
JVASP-13968,2,Ta,60.528652,34.19568,34.563812
JVASP-13968,3,Ge,122.218575,9.267462,122.87582
JVASP-13968,4,Ge,122.22009,9.267462,126.65039
JVASP-13968,5,Ge,122.21923,9.267462,121.56296
JVASP-13968,6,Ge,122.21923,9.267462,129.09488
JVASP-13968,7,Ge,122.22009,9.267462,124.08569
JVASP-13968,8,Ge,122.218575,9.267462,127.841
JVASP-16925,0,Al,0.005715476,1.0875204,1.0820109
JVASP-16925,1,Fe,0.03919184,2.1271884,2.1498792
JVASP-16925,2,O,74.33957,1.173997,74.795364
JVASP-16925,3,O,74.33957,1.173997,74.04011
JVASP-16925,4,O,74.3265,1.173997,74.19594
JVASP-11238,0,Al,21.557959,1.0875204,22.608335
JVASP-11238,1,Al,21.557959,1.0875204,22.608335
JVASP-11238,2,Fe,46.761982,2.1271884,45.576466
JVASP-11238,3,Fe,46.761982,2.1271884,45.576466
JVASP-11238,4,O,34.165485,1.173997,34.045723
JVASP-11238,5,O,34.165485,1.173997,34.045723
JVASP-11238,6,O,34.165485,1.173997,34.045723
JVASP-11238,7,O,34.165485,1.173997,34.045723
JVASP-11238,8,O,113.864525,1.173997,114.01021
JVASP-11238,9,O,113.864525,1.173997,114.01021
JVASP-17770,0,Pd,45.21508,20.903904,46.441822
JVASP-17770,1,Pd,45.21508,20.903904,46.441822
JVASP-17770,2,Pb,125.67125,21.544178,141.31087
JVASP-17770,3,Pb,125.67129,21.544178,135.4304
JVASP-17770,4,Pb,125.67125,21.544178,141.31087
JVASP-17770,5,Pb,125.67129,21.544178,135.4304
JVASP-17852,0,Pd,63.1307,20.903904,52.898266
JVASP-17852,1,Pd,63.1307,20.903904,58.622963
JVASP-17852,2,Pd,63.1307,20.903904,83.859985
JVASP-17852,3,Pb,0.0,21.544178,21.544178
JVASP-37480,0,Yb,38.667645,4.325258,34.786285
JVASP-37480,1,Yb,38.667645,4.325258,34.786285
JVASP-37480,2,Yb,112.19724,4.325258,116.13981
JVASP-37480,3,Yb,38.667645,4.325258,34.786285
JVASP-37480,4,Yb,38.667645,4.325258,34.786285
JVASP-37480,5,Yb,112.19724,4.325258,116.13981
JVASP-37480,6,Ti,9.239475,1.1299996,8.2982235
JVASP-37480,7,Ti,9.239475,1.1299996,8.2982235
JVASP-37487,0,Yb,81.13445,4.325258,79.64898
JVASP-37487,1,Yb,81.13445,4.325258,78.877045
JVASP-37487,2,Yb,81.13445,4.325258,85.08217
JVASP-37487,3,Ti,0.0,1.1299996,1.1299996
JVASP-20516,0,Nb,111.407684,15.259404,103.67087
JVASP-20516,1,Nb,111.407684,15.259404,103.67087
JVASP-20516,2,Nb,111.407684,15.259404,126.587685
JVASP-20516,3,Nb,111.407684,15.259404,126.587685
JVASP-20516,4,Nb,111.407684,15.259404,105.64787
JVASP-20516,5,Nb,111.407684,15.259404,105.64787
JVASP-20516,6,Os,0.0,41.308342,41.308342
JVASP-20516,7,Os,0.0,41.308342,41.308342
JVASP-20246,0,Nb,111.407684,15.259404,103.67087
JVASP-20246,1,Nb,111.407684,15.259404,103.67087
JVASP-20246,2,Nb,111.407684,15.259404,126.587685
JVASP-20246,3,Nb,111.407684,15.259404,126.587685
JVASP-20246,4,Nb,111.407684,15.259404,105.64787
JVASP-20246,5,Nb,111.407684,15.259404,105.64787
JVASP-20246,6,Os,0.0,41.308342,41.308342
JVASP-20246,7,Os,0.0,41.308342,41.308342
JVASP-8378,0,Mg,4.3511105,0.4287979,4.03038
JVASP-8378,1,Cu,110.75395,2.626418,108.269875
JVASP-8378,2,Cu,110.75395,2.626418,112.055954
JVASP-8378,3,N,38.127163,2.1896696,37.57918
JVASP-8378,4,N,38.127163,2.1896696,37.380108
JVASP-9240,0,Mg,44.985355,0.4287979,44.797756
JVASP-9240,1,Mg,45.000584,0.4287979,44.813007
JVASP-9240,2,Mg,37.395004,0.4287979,37.18257
JVASP-9240,3,Mg,37.393764,0.4287979,37.181355
JVASP-9240,4,Cu,92.52761,2.626418,93.98225
JVASP-9240,5,Cu,92.51834,2.626418,93.97264
JVASP-9240,6,N,41.273914,2.1896696,42.08992
JVASP-9240,7,N,41.279377,2.1896696,42.094578
JVASP-9240,8,N,100.73508,2.1896696,101.59732
JVASP-9240,9,N,100.74041,2.1896696,101.6028
JVASP-79191,0,In,109.97342,6.7296906,115.97997
JVASP-79191,1,In,109.97342,6.7296906,115.97997
JVASP-79191,2,In,109.97342,6.7296906,115.97997
JVASP-79191,3,In,109.97342,6.7296906,115.97997
JVASP-79191,4,Cu,47.161873,2.626418,48.30569
JVASP-79191,5,Cu,47.161873,2.626418,48.302578
JVASP-79191,6,Cu,47.161873,2.626418,48.30569
JVASP-79191,7,Cu,47.161873,2.626418,48.302578
JVASP-16741,0,In,61.926777,6.7296906,67.95892
JVASP-16741,1,In,61.926777,6.7296906,67.95892
JVASP-16741,2,Cu,19.461197,2.626418,20.690212
JVASP-16741,3,Cu,19.461197,2.626418,20.690212
JVASP-16741,4,Cu,15.097432,2.626418,14.207046
JVASP-16741,5,Cu,15.097432,2.626418,14.207046
JVASP-39264,0,Fe,49.593594,2.1271884,50.84218
JVASP-39264,1,Re,109.53832,20.045204,123.26983
JVASP-41398,0,Fe,20.118732,2.1271884,20.917723
JVASP-41398,1,Fe,20.120193,2.1271884,21.913734
JVASP-41398,2,Fe,20.118732,2.1271884,21.003267
JVASP-41398,3,Fe,20.119257,2.1271884,20.9182
JVASP-41398,4,Fe,20.120193,2.1271884,21.913734
JVASP-41398,5,Fe,20.119257,2.1271884,21.003742
JVASP-41398,6,Re,39.771957,20.045204,31.121677
JVASP-41398,7,Re,39.771957,20.045204,31.121677
JVASP-67864,0,Be,2.9508197,0.38258058,3.26723
JVASP-67864,1,Cd,108.312355,15.619623,92.88132
JVASP-67864,2,K,48.795467,3.9006114,45.03266
JVASP-74873,0,K,0.26862738,3.9006114,4.161049
JVASP-74873,1,K,0.26862738,3.9006114,4.161049
JVASP-74873,2,Be,0.03919184,0.38258058,0.3517279
JVASP-74873,3,Be,0.03919184,0.38258058,0.3517279
JVASP-74873,4,Cd,1.1496272,15.619623,16.758171
JVASP-74873,5,Cd,0.012247449,15.619623,15.631744
JVASP-74873,6,Cd,1.1496272,15.619623,16.758171
JVASP-74873,7,Cd,0.012247449,15.619623,15.631744
JVASP-18105,0,Li,1.0761424,0.084703535,1.1553959
JVASP-18105,1,Li,1.0761424,0.084703535,1.1553959
JVASP-18105,2,Fe,3.2561884,2.1271884,2.6818159
JVASP-18105,3,Fe,3.2561884,2.1271884,2.6818159
JVASP-18105,4,As,48.022247,16.668182,31.962711
JVASP-18105,5,As,48.022247,16.668182,31.962711
JVASP-35940,0,Li,0.32007292,0.084703535,0.40025234
JVASP-35940,1,Li,0.32007292,0.084703535,0.40025234
JVASP-35940,2,Fe,16.549995,2.1271884,15.432704
JVASP-35940,3,Fe,16.549995,2.1271884,15.432704
JVASP-35940,4,As,106.44299,16.668182,122.763306
JVASP-35940,5,As,106.44299,16.668182,122.763306
JVASP-30668,0,Y,107.882904,11.128398,97.45619
JVASP-30668,1,Cr,50.004704,3.2921274,47.874184
JVASP-30668,2,F,67.78186,15.800529,70.556145
JVASP-30668,3,F,67.78186,15.800529,70.556145
JVASP-30668,4,F,91.57239,15.800529,89.86816
JVASP-30668,5,F,91.57239,15.800529,89.86816
JVASP-30668,6,F,8.088326,15.800529,19.37097
JVASP-8382,0,Y,70.466446,11.128398,60.396053
JVASP-8382,1,Cr,48.059635,3.2921274,45.80264
JVASP-8382,2,F,65.70135,15.800529,68.63739
JVASP-8382,3,F,65.70135,15.800529,68.63739
JVASP-8382,4,F,94.041016,15.800529,92.25833
JVASP-8382,5,F,94.041016,15.800529,92.25833
JVASP-8382,6,F,14.293316,15.800529,22.544882
JVASP-17827,0,Ce,18.207466,7.3629155,11.07276
JVASP-17827,1,Ce,18.207466,7.3629155,11.07276
JVASP-17827,2,Cu,64.76574,2.626418,63.718887
JVASP-17827,3,Cu,64.76574,2.626418,63.718887
JVASP-17827,4,Ge,22.301378,9.267462,30.730736
JVASP-17827,5,Ge,22.301378,9.267462,30.730736
JVASP-7954,0,Ce,52.161884,7.3629155,59.404495
JVASP-7954,1,Ce,52.161884,7.3629155,59.404495
JVASP-7954,2,Cu,14.199692,2.626418,15.476593
JVASP-7954,3,Cu,14.199692,2.626418,15.476593
JVASP-7954,4,Cu,14.199692,2.626418,15.476593
JVASP-7954,5,Cu,14.199692,2.626418,15.476593
JVASP-7954,6,Ge,104.977776,9.267462,96.98574
JVASP-7954,7,Ge,104.977776,9.267462,96.98574
JVASP-7954,8,Ge,104.977776,9.267462,96.98574
JVASP-7954,9,Ge,104.977776,9.267462,96.98574
JVASP-14539,0,Sr,58.222332,5.8790126,63.466568
JVASP-14539,1,Ag,98.794044,6.9597216,92.385124
JVASP-14539,2,Ag,113.25982,6.9597216,112.601204
JVASP-14539,3,Ag,113.26141,6.9597216,111.98415
JVASP-14539,4,Ag,113.26141,6.9597216,113.68474
JVASP-14539,5,Ag,98.794044,6.9597216,92.385124
JVASP-8707,0,Ag,66.04746,6.9597216,67.49124
JVASP-8707,1,Ag,66.04746,6.9597216,67.49124
JVASP-8707,2,Ag,66.047226,6.9597216,63.51825
JVASP-8707,3,Ag,66.047226,6.9597216,63.51825
JVASP-8707,4,Sr,11.401299,5.8790126,11.746246
JVASP-8707,5,Sr,11.401299,5.8790126,11.746246
JVASP-17641,0,Ca,15.562425,1.1291435,15.872892
JVASP-17641,1,Ca,15.562425,1.1291435,15.872892
JVASP-17641,2,Mn,15.264403,1.6964667,14.007161
JVASP-17641,3,Mn,15.264403,1.6964667,14.007161
JVASP-17641,4,Ge,21.805359,9.267462,14.430821
JVASP-17641,5,Ge,21.805359,9.267462,14.430821
JVASP-17516,0,Ca,22.945902,1.1291435,22.798357
JVASP-17516,1,Mn,27.023476,1.6964667,25.376354
JVASP-17516,2,Mn,27.023476,1.6964667,25.376354
JVASP-17516,3,Ge,102.65185,9.267462,94.03853
JVASP-17516,4,Ge,102.65185,9.267462,94.03853
JVASP-18145,0,Ni,33.836224,5.243039,29.25978
JVASP-18145,1,Ni,33.836224,5.243039,29.25978
JVASP-18145,2,Y,58.19897,11.128398,56.062077
JVASP-18145,3,Y,58.19897,11.128398,56.062077
JVASP-18145,4,In,102.27079,6.7296906,98.44468
JVASP-18145,5,In,102.27079,6.7296906,98.44468
JVASP-18145,6,In,102.27079,6.7296906,98.735855
JVASP-18145,7,In,102.27079,6.7296906,98.735855
JVASP-53281,0,Y,19.11544,11.128398,25.575972
JVASP-53281,1,Y,19.115524,11.128398,28.79464
JVASP-53281,2,Y,19.11544,11.128398,25.945189
JVASP-53281,3,In,43.927853,6.7296906,47.13667
JVASP-53281,4,In,43.92497,6.7296906,48.397316
JVASP-53281,5,In,43.927853,6.7296906,47.760246
JVASP-53281,6,Ni,31.445736,5.243039,26.477482
JVASP-53281,7,Ni,69.000084,5.243039,64.00547
JVASP-53281,8,Ni,69.000084,5.243039,64.00547
JVASP-37647,0,Hg,101.28886,18.195402,117.625824
JVASP-37647,1,Hg,101.28886,18.195402,91.576744
JVASP-37647,2,Hg,101.28886,18.195402,97.72093
JVASP-37647,3,Bi,0.0,75.36236,75.36236
JVASP-37648,0,Hg,0.0,18.195402,18.195402
JVASP-37648,1,Bi,76.35142,75.36236,134.96802
JVASP-37648,2,Bi,76.35142,75.36236,127.16043
JVASP-37648,3,Bi,76.35141,75.36236,11.87138
JVASP-14642,0,V,8.903079,3.798005,12.285297
JVASP-14642,1,V,8.903079,3.798005,12.285297
JVASP-14642,2,V,8.903079,3.798005,9.750206
JVASP-14642,3,V,8.903079,3.798005,9.750206
JVASP-14642,4,V,8.903079,3.798005,5.922321
JVASP-14642,5,V,8.903079,3.798005,5.922321
JVASP-14642,6,As,0.0,16.668182,16.668182
JVASP-14642,7,As,0.0,16.668182,16.668182
JVASP-17558,0,V,26.134031,3.798005,26.75032
JVASP-17558,1,V,26.134031,3.798005,26.750156
JVASP-17558,2,V,26.134031,3.798005,26.744753
JVASP-17558,3,V,26.134031,3.798005,26.744728
JVASP-17558,4,As,105.69732,16.668182,99.11512
JVASP-17558,5,As,105.69732,16.668182,99.11421
JVASP-17558,6,As,105.69732,16.668182,102.618546
JVASP-17558,7,As,105.69732,16.668182,102.61763
JVASP-18565,0,Tl,0.0,13.684985,13.684985
JVASP-18565,1,Bi,0.0,75.36236,75.36236
JVASP-18640,0,Tl,44.246357,13.684985,35.72514
JVASP-18640,1,Bi,99.72485,75.36236,27.862823
JVASP-18640,2,Bi,99.72485,75.36236,27.862823
JVASP-36965,0,Rb,1.8956931,7.136503,7.598356
JVASP-36965,1,Rb,1.8956931,7.136503,7.59735
JVASP-36965,2,Pb,52.341003,21.544178,52.799946
JVASP-36965,3,Pb,52.341003,21.544178,52.647785
JVASP-36965,4,Cl,63.88528,20.642973,69.52294
JVASP-36965,5,Cl,63.88528,20.642973,69.54244
JVASP-36965,6,Cl,63.878277,20.642973,69.53653
JVASP-36965,7,Cl,63.878277,20.642973,69.51703
JVASP-36965,8,Cl,95.37491,20.642973,94.97627
JVASP-36965,9,Cl,95.37491,20.642973,94.97627
JVASP-36966,0,Rb,13.661503,7.136503,10.550865
JVASP-36966,1,Pb,2.3940163,21.544178,22.372402
JVASP-36966,2,Cl,95.27273,20.642973,111.5638
JVASP-36966,3,Cl,96.95627,20.642973,102.64246
JVASP-36966,4,Cl,98.7251,20.642973,80.35528
JVASP-14532,0,P,0.0,4.940868,4.940868
JVASP-14532,1,Yb,0.008246211,4.325258,4.333077
JVASP-37499,0,Yb,0.0,4.325258,4.325258
JVASP-37499,1,P,98.19432,4.940868,93.685555
JVASP-37499,2,P,98.19432,4.940868,99.101166
JVASP-37499,3,P,98.19432,4.940868,101.98817
JVASP-15404,0,Ce,4.210673,7.3629155,11.523583
JVASP-15404,1,Ce,4.210673,7.3629155,11.523583
JVASP-15404,2,Si,30.026663,1.7483627,29.352356
JVASP-15404,3,Si,30.026663,1.7483627,29.352356
JVASP-15404,4,Si,30.026663,1.7483627,29.352356
JVASP-15404,5,Si,30.026663,1.7483627,29.352356
JVASP-15404,6,Ni,0.026944388,5.243039,5.2172823
JVASP-15404,7,Ni,0.026944388,5.243039,5.2172823
JVASP-15404,8,Ni,0.026944388,5.243039,5.2172823
JVASP-15404,9,Ni,0.026944388,5.243039,5.2172823
JVASP-17800,0,Si,18.026747,1.7483627,19.37842
JVASP-17800,1,Si,18.027355,1.7483627,17.839123
JVASP-17800,2,Ni,97.21153,5.243039,100.310814
JVASP-17800,3,Ni,97.21576,5.243039,99.316475
JVASP-17800,4,Ce,80.6643,7.3629155,82.19875
JVASP-17800,5,Ce,80.668045,7.3629155,83.81573
JVASP-66698,0,Be,1.6828029,0.38258058,2.0042822
JVASP-66698,1,Hg,95.80444,18.195402,92.32991
JVASP-66698,2,Si,5.156176,1.7483627,6.0863314
JVASP-68136,0,Be,0.75541955,0.38258058,0.50267506
JVASP-68136,1,Hg,5.05493,18.195402,20.213444
JVASP-68136,2,Si,7.7477365,1.7483627,8.614191
JVASP-68136,3,Si,36.221424,1.7483627,36.973446
JVASP-39440,0,Ru,94.921,13.728401,108.08534
JVASP-39440,1,Ru,94.9214,13.728401,108.08578
JVASP-39440,2,I,15.145195,47.949,61.553505
JVASP-39440,3,I,15.145195,47.949,61.553505
JVASP-39482,0,Ru,67.98558,13.728401,66.25694
JVASP-39482,1,Ru,67.98558,13.728401,58.752975
JVASP-39482,2,Ru,67.98559,13.728401,81.176544
JVASP-39482,3,I,0.0,47.949,47.949
JVASP-78922,0,H,50.366577,4.494067,52.69938
JVASP-78922,1,Li,6.2547913,0.084703535,6.3065577
JVASP-78922,2,Li,1.7363352,0.084703535,1.686313
JVASP-78922,3,N,94.15872,2.1896696,93.380295
JVASP-8805,0,Li,3.5221324,0.084703535,3.5206573
JVASP-8805,1,Li,3.5221324,0.084703535,3.5201447
JVASP-8805,2,Li,3.5221324,0.084703535,3.5206573
JVASP-8805,3,Li,3.5221324,0.084703535,3.5201447
JVASP-8805,4,H,43.423477,4.494067,46.962746
JVASP-8805,5,H,43.423477,4.494067,46.962746
JVASP-8805,6,N,83.393654,2.1896696,82.145226
JVASP-8805,7,N,83.393654,2.1896696,82.145226
JVASP-38172,0,Rb,13.09482,7.136503,11.100126
JVASP-38172,1,Rb,13.095258,7.136503,13.554052
JVASP-38172,2,Rb,13.09482,7.136503,12.630085
JVASP-38172,3,Rb,13.09482,7.136503,11.100126
JVASP-38172,4,Rb,13.095258,7.136503,13.554052
JVASP-38172,5,Rb,13.09482,7.136503,12.630085
JVASP-38172,6,Pr,0.6944307,6.8834753,6.211888
JVASP-38172,7,Pr,0.6944307,6.8834753,6.211888
JVASP-38298,0,Rb,3.4325516,7.136503,10.172974
JVASP-38298,1,Rb,3.4325516,7.136503,10.172974
JVASP-38298,2,Pr,30.937056,6.8834753,24.316587
JVASP-38298,3,Pr,30.937056,6.8834753,24.316587
JVASP-38298,4,Pr,93.77708,6.8834753,100.46883
JVASP-38298,5,Pr,30.937056,6.8834753,24.316587
JVASP-38298,6,Pr,30.937056,6.8834753,24.316587
JVASP-38298,7,Pr,93.77708,6.8834753,100.46883
JVASP-36463,0,Ca,92.9116,1.1291435,92.16077
JVASP-36463,1,Ca,92.9116,1.1291435,93.39923
JVASP-36463,2,Ca,92.9116,1.1291435,93.190636
JVASP-36463,3,Sb,0.0,27.438374,27.438374
JVASP-36463,4,Sb,0.0,27.438374,27.438374
JVASP-8219,0,Ca,18.652456,1.1291435,18.580887
JVASP-8219,1,Ca,13.595235,1.1291435,13.200944
JVASP-8219,2,Ca,18.651833,1.1291435,18.580265
JVASP-8219,3,Ca,13.597274,1.1291435,14.081822
JVASP-8219,4,Sb,43.575123,27.438374,29.75338
JVASP-8219,5,Sb,43.612694,27.438374,29.783148
JVASP-35899,0,Hf,75.71046,15.926846,85.36246
JVASP-35899,1,Hf,75.71046,15.926846,85.36246
JVASP-35899,2,V,10.830827,3.798005,14.249185
JVASP-35899,3,V,10.830827,3.798005,14.249185
JVASP-35899,4,Ge,6.7205834,9.267462,15.488178
JVASP-35899,5,Ge,6.7205834,9.267462,15.488178
JVASP-15960,0,V,25.238216,3.798005,25.48632
JVASP-15960,1,V,25.240139,3.798005,28.235771
JVASP-15960,2,Ge,0.20753795,9.267462,9.062644
JVASP-15960,3,Ge,0.20753795,9.267462,9.062644
JVASP-15960,4,Hf,92.095024,15.926846,97.616806
JVASP-15960,5,Hf,92.095024,15.926846,97.616806
JVASP-69064,0,Ba,91.383934,16.451351,75.02239
JVASP-69064,1,Re,88.384125,20.045204,77.1872
JVASP-69064,2,Cl,37.675602,20.642973,19.871735
JVASP-69064,3,Cl,20.943136,20.642973,40.87985
JVASP-69281,0,Ba,91.40989,16.451351,75.0454
JVASP-69281,1,Re,88.3765,20.045204,77.077965
JVASP-69281,2,Cl,37.67206,20.642973,19.904762
JVASP-69281,3,Cl,20.967793,20.642973,40.88954
JVASP-16018,0,Sm,47.474785,14.72507,62.12623
JVASP-16018,1,Sm,47.474785,14.72507,62.12623
JVASP-16018,2,Cu,90.78055,2.626418,89.72058
JVASP-16018,3,Cu,90.78055,2.626418,89.72058
JVASP-16018,4,Si,0.5266403,1.7483627,2.0223732
JVASP-16018,5,Si,0.5266403,1.7483627,2.0223732
JVASP-15298,0,Sm,28.781504,14.72507,14.252549
JVASP-15298,1,Sm,28.781504,14.72507,14.252549
JVASP-15298,2,Cu,16.36749,2.626418,17.621588
JVASP-15298,3,Cu,16.36749,2.626418,17.621588
JVASP-15298,4,Cu,16.36749,2.626418,17.621588
JVASP-15298,5,Cu,16.36749,2.626418,17.621588
JVASP-15298,6,Si,17.228893,1.7483627,16.58805
JVASP-15298,7,Si,17.228893,1.7483627,16.58805
JVASP-15298,8,Si,17.228893,1.7483627,16.58805
JVASP-15298,9,Si,17.228893,1.7483627,16.58805
JVASP-12166,0,Ho,9.037393,5.3662715,4.045794
JVASP-12166,1,Ho,9.037393,5.3662715,4.045794
JVASP-12166,2,Ho,9.036168,5.3662715,4.0447435
JVASP-12166,3,Ho,9.037393,5.3662715,4.045794
JVASP-12166,4,Ho,9.037393,5.3662715,4.045794
JVASP-12166,5,Ho,9.036168,5.3662715,4.0447435
JVASP-12166,6,Br,61.70142,43.576878,34.911434
JVASP-12166,7,Br,61.70142,43.576878,34.911434
JVASP-12166,8,Br,61.701015,43.576878,34.911625
JVASP-12166,9,Br,61.70142,43.576878,34.911434
JVASP-12166,10,Br,61.70142,43.576878,34.911434
JVASP-12166,11,Br,61.701015,43.576878,34.911625
JVASP-12166,12,O,21.721666,1.173997,21.892454
JVASP-12166,13,O,21.721666,1.173997,21.892454
JVASP-12166,14,O,21.722485,1.173997,21.89327
JVASP-12166,15,O,21.722076,1.173997,21.892849
JVASP-12166,16,O,21.722076,1.173997,21.892849
JVASP-12166,17,O,21.722485,1.173997,21.89327
JVASP-30162,0,Ho,90.2365,5.3662715,85.045074
JVASP-30162,1,Ho,90.2365,5.3662715,85.045074
JVASP-30162,2,Br,54.434784,43.576878,35.040127
JVASP-30162,3,Br,54.434784,43.576878,35.040127
JVASP-30162,4,O,6.8385863,1.173997,6.5350976
JVASP-30162,5,O,6.8385863,1.173997,6.5350976
JVASP-29267,0,C,6.6236315,4.4679255,6.9871182
JVASP-29267,1,Cl,97.41225,20.642973,97.79159
JVASP-29267,2,Cl,97.41225,20.642973,97.79159
JVASP-29267,3,Cl,14.696987,20.642973,13.743729
JVASP-29267,4,Cl,14.696987,20.642973,13.743729
JVASP-29267,5,Cl,15.000535,20.642973,35.3724
JVASP-29267,6,Cl,15.000535,20.642973,35.3724
JVASP-29267,7,Cl,85.31987,20.642973,89.69023
JVASP-29267,8,Cl,85.31987,20.642973,89.69023
JVASP-29267,9,Sc,28.423779,1.2577385,29.161085
JVASP-29267,10,Sc,28.423779,1.2577385,29.161085
JVASP-29267,11,Sc,27.145515,1.2577385,26.398315
JVASP-29267,12,Sc,27.145515,1.2577385,26.398315
JVASP-29267,13,Sc,27.290998,1.2577385,27.37914
JVASP-3993,0,Sc,2.2788436,1.2577385,1.8205308
JVASP-3993,1,Sc,2.2788436,1.2577385,1.8205308
JVASP-3993,2,C,0.600125,4.4679255,4.752959
JVASP-3993,3,Cl,17.52406,20.642973,7.645368
JVASP-3993,4,Cl,17.52406,20.642973,7.645368
JVASP-76931,0,Li,1.1938931,0.084703535,1.2745531
JVASP-76931,1,Li,1.1938931,0.084703535,1.2745531
JVASP-76931,2,Zn,48.23509,10.546378,58.72297
JVASP-76931,3,Zn,48.23509,10.546378,58.72297
JVASP-76931,4,Hg,97.65292,18.195402,94.52281
JVASP-76931,5,Hg,97.65292,18.195402,94.52281
JVASP-76931,6,Hg,97.65292,18.195402,94.52281
JVASP-76931,7,Hg,97.65292,18.195402,94.52281
JVASP-81241,0,Li,1.1917576,0.084703535,1.2724177
JVASP-81241,1,Li,1.1917576,0.084703535,1.2724177
JVASP-81241,2,Zn,48.1189,10.546378,58.606594
JVASP-81241,3,Zn,48.1189,10.546378,58.606594
JVASP-81241,4,Hg,97.46821,18.195402,94.36072
JVASP-81241,5,Hg,97.46821,18.195402,94.36072
JVASP-81241,6,Hg,97.46821,18.195402,94.36072
JVASP-81241,7,Hg,97.46821,18.195402,94.36072
JVASP-14520,0,Sn,100.36648,6.63049,100.87679
JVASP-14520,1,Sn,100.36648,6.63049,100.87679
JVASP-14520,2,Sn,100.36648,6.63049,102.34774
JVASP-14520,3,Sn,100.36648,6.63049,102.34774
JVASP-14520,4,Pd,17.225916,20.903904,30.534382
JVASP-14520,5,Pd,17.225916,20.903904,30.534382
JVASP-14520,6,Pd,17.225916,20.903904,30.549444
JVASP-14520,7,Pd,17.225916,20.903904,30.549444
JVASP-18948,0,Sn,0.0,6.63049,6.63049
JVASP-18948,1,Pd,67.062126,20.903904,62.346653
JVASP-18948,2,Pd,67.062126,20.903904,87.78883
JVASP-18948,3,Pd,67.062126,20.903904,56.647354
JVASP-37663,0,Pr,0.9381545,6.8834753,5.977677
JVASP-37663,1,Pr,0.9381545,6.8834753,5.977677
JVASP-37663,2,H,1.1504437,4.494067,3.4905882
JVASP-37663,3,H,1.1504437,4.494067,3.4905882
JVASP-37663,4,H,2.1318724,4.494067,6.483969
JVASP-37663,5,H,1.1504437,4.494067,3.4905882
JVASP-37663,6,H,1.1504437,4.494067,3.4905882
JVASP-37663,7,H,2.1318724,4.494067,6.483969
JVASP-38405,0,Pr,86.94709,6.8834753,80.28664
JVASP-38405,1,Pr,86.94709,6.8834753,80.28664
JVASP-38405,2,H,1.6864738,4.494067,6.060481
JVASP-38405,3,H,1.6864738,4.494067,6.060481
JVASP-65275,0,Mn,4.9479723,1.6964667,3.8079402
JVASP-65275,1,Be,5.976759,0.38258058,5.6727605
JVASP-65275,2,Pd,86.35432,20.903904,65.756
JVASP-68224,0,Be,0.049866486,0.38258058,0.4234103
JVASP-68224,1,Mn,10.5622,1.6964667,9.3264065
JVASP-68224,2,Pd,81.94523,20.903904,102.663956
JVASP-68224,3,Pd,46.660328,20.903904,67.40368
JVASP-19946,0,U,0.0,22.270443,22.270443
JVASP-19946,1,Al,37.936066,1.0875204,37.174667
JVASP-19946,2,Al,37.936066,1.0875204,38.98567
JVASP-19946,3,Al,37.936066,1.0875204,37.671543
JVASP-55099,0,U,85.96835,22.270443,71.27907
JVASP-55099,1,U,85.96835,22.270443,71.27907
JVASP-55099,2,Al,9.00838,1.0875204,9.162297
JVASP-55099,3,Al,9.00875,1.0875204,9.66507
JVASP-55099,4,Al,9.008374,1.0875204,9.664631
JVASP-55099,5,Al,34.403893,1.0875204,33.997658
JVASP-55099,6,Al,9.00864,1.0875204,9.162541
JVASP-55099,7,Al,24.576324,1.0875204,24.3672
JVASP-55099,8,Al,24.576324,1.0875204,24.3672
JVASP-55099,9,Al,34.403385,1.0875204,34.93861
JVASP-34236,0,Be,1.0822939,0.38258058,1.0883702
JVASP-34236,1,O,20.692165,1.173997,20.621855
JVASP-34236,2,O,20.692644,1.173997,20.84257
JVASP-34236,3,Be,1.0831873,0.38258058,1.089013
JVASP-34236,4,O,20.687986,1.173997,20.491444
JVASP-34236,5,O,20.68779,1.173997,21.378155
JVASP-34236,6,Zn,48.015385,10.546378,44.49791
JVASP-34236,7,Zn,48.014004,10.546378,44.49645
JVASP-37873,0,Be,0.0,0.38258058,0.38258058
JVASP-37873,1,Zn,0.0,10.546378,10.546378
JVASP-37873,2,O,84.74581,1.173997,84.89353
JVASP-37873,3,O,84.74581,1.173997,84.30484
JVASP-37873,4,O,84.74581,1.173997,85.061584
JVASP-67568,0,Li,1.3415039,0.084703535,1.2630454
JVASP-67568,1,Ti,84.36206,1.1299996,83.40175
JVASP-67568,2,Be,6.383717,0.38258058,6.2889643
JVASP-67568,3,Be,6.383717,0.38258058,6.4841557
JVASP-68039,0,Li,0.47683403,0.084703535,0.5565347
JVASP-68039,1,Ti,10.7998,1.1299996,9.8552
JVASP-68039,2,Ti,6.4544053,1.1299996,5.523831
JVASP-68039,3,Be,0.6025745,0.38258058,0.9388325
JVASP-36132,0,Hf,0.0,15.926846,15.926846
JVASP-36132,1,Os,83.64028,41.308342,122.03076
JVASP-36132,2,Os,83.640274,41.308342,67.083855
JVASP-36132,3,Os,83.640274,41.308342,81.9419
JVASP-16541,0,Hf,0.0,15.926846,15.926846
JVASP-16541,1,Os,0.0,41.308342,41.308342
JVASP-35275,0,Ho,36.8342,5.3662715,42.060436
JVASP-35275,1,Ho,36.8342,5.3662715,42.060436
JVASP-35275,2,Cu,2.7647095,2.626418,2.9034705
JVASP-35275,3,Cu,2.7647095,2.626418,2.9034705
JVASP-35275,4,Sn,82.53188,6.63049,87.95422
JVASP-35275,5,Sn,82.53188,6.63049,87.95422
JVASP-35897,0,Ho,43.12939,5.3662715,48.353107
JVASP-35897,1,Ho,43.12939,5.3662715,48.353107
JVASP-35897,2,Cu,37.996487,2.626418,36.98239
JVASP-35897,3,Cu,37.996487,2.626418,36.98239
JVASP-35897,4,Sn,42.471703,6.63049,47.96785
JVASP-35897,5,Sn,42.471703,6.63049,47.96785
JVASP-16023,0,Y,17.996403,11.128398,26.280373
JVASP-16023,1,Y,17.996403,11.128398,26.280373
JVASP-16023,2,Cu,81.76765,2.626418,80.71126
JVASP-16023,3,Cu,81.76765,2.626418,80.71126
JVASP-16023,4,Si,3.4341846,1.7483627,3.1498275
JVASP-16023,5,Si,3.4341846,1.7483627,3.1498275
JVASP-15196,0,Si,13.786097,1.7483627,12.335107
JVASP-15196,1,Si,13.786097,1.7483627,12.335107
JVASP-15196,2,Cu,15.554767,2.626418,15.888971
JVASP-15196,3,Cu,15.554767,2.626418,15.888971
JVASP-15196,4,Y,15.397071,11.128398,16.37138
JVASP-15566,0,Er,81.1271,6.1186743,75.35426
JVASP-15566,1,Er,81.1271,6.1186743,75.35426
JVASP-15566,2,Si,4.084116,1.7483627,3.7249115
JVASP-15566,3,Si,4.084116,1.7483627,3.7249115
JVASP-15566,4,Si,4.084116,1.7483627,3.7249115
JVASP-15566,5,Si,4.084116,1.7483627,3.7249115
JVASP-15566,6,Rh,2.789969,12.903096,15.645321
JVASP-15566,7,Rh,2.789969,12.903096,15.645321
JVASP-15566,8,Rh,2.789969,12.903096,15.645321
JVASP-15566,9,Rh,2.789969,12.903096,15.645321
JVASP-56262,0,Er,51.080433,6.1186743,56.91211
JVASP-56262,1,Si,52.06554,1.7483627,52.807243
JVASP-56262,2,Si,52.06554,1.7483627,52.807243
JVASP-56262,3,Rh,55.185093,12.903096,45.539333
JVASP-56262,4,Rh,55.18738,12.903096,43.432186
JVASP-56262,5,Rh,55.185093,12.903096,45.77339
JVASP-37699,0,K,0.4498896,3.9006114,3.467238
JVASP-37699,1,K,0.4498896,3.9006114,3.467238
JVASP-37699,2,Nd,24.268726,2.8276725,22.04719
JVASP-37699,3,Nd,24.268726,2.8276725,22.04719
JVASP-37699,4,Nd,80.580864,2.8276725,82.88221
JVASP-37699,5,Nd,24.268726,2.8276725,22.04719
JVASP-37699,6,Nd,24.268726,2.8276725,22.04719
JVASP-37699,7,Nd,80.580864,2.8276725,82.88221
JVASP-38432,0,K,6.024324,3.9006114,6.253238
JVASP-38432,1,K,6.0241823,3.9006114,5.0437574
JVASP-38432,2,K,6.0241823,3.9006114,5.003133
JVASP-38432,3,K,6.024324,3.9006114,6.253238
JVASP-38432,4,K,6.0241823,3.9006114,5.0437574
JVASP-38432,5,K,6.0241823,3.9006114,5.003133
JVASP-38432,6,Nd,8.347045,2.8276725,10.7614155
JVASP-38432,7,Nd,8.346636,2.8276725,10.761061
JVASP-15295,0,Mn,16.398497,1.6964667,14.743146
JVASP-15295,1,Mn,16.398497,1.6964667,14.743146
JVASP-15295,2,Ge,75.478516,9.267462,66.778275
JVASP-15295,3,Ge,75.478516,9.267462,66.778275
JVASP-15295,4,Tm,75.600655,8.03611,79.87737
JVASP-16634,0,Tm,27.379467,8.03611,32.476902
JVASP-16634,1,Tm,27.372297,8.03611,28.529993
JVASP-16634,2,Tm,27.379467,8.03611,31.868858
JVASP-16634,3,Mn,27.164032,1.6964667,25.89853
JVASP-16634,4,Mn,27.163586,1.6964667,25.977108
JVASP-16634,5,Mn,27.163586,1.6964667,26.011158
JVASP-16634,6,Ge,79.52391,9.267462,87.73671
JVASP-16634,7,Ge,79.52391,9.267462,87.73671
JVASP-16634,8,Ge,49.86304,9.267462,58.13506
JVASP-67082,0,Be,7.154959,0.38258058,7.467011
JVASP-67082,1,Be,7.154959,0.38258058,7.467011
JVASP-67082,2,Ga,78.97971,4.5793962,74.86247
JVASP-67082,3,Ga,78.97971,4.5793962,74.86247
JVASP-67082,4,Ru,58.114147,13.728401,45.220867
JVASP-67082,5,Ru,58.114147,13.728401,45.220867
JVASP-67950,0,Be,3.3084452,0.38258058,3.6241558
JVASP-67950,1,Ga,37.984238,4.5793962,42.172104
JVASP-67950,2,Ru,35.18447,13.728401,48.447525
JVASP-67950,3,Ru,37.865845,13.728401,51.11954
JVASP-35865,0,Er,59.191105,6.1186743,53.42848
JVASP-35865,1,Er,59.191105,6.1186743,53.42848
JVASP-35865,2,Zn,77.7762,10.546378,67.33331
JVASP-35865,3,Zn,77.7762,10.546378,67.33331
JVASP-35865,4,Ga,45.391087,4.5793962,49.57214
JVASP-35865,5,Ga,45.391087,4.5793962,49.57214
JVASP-35869,0,Er,66.52692,6.1186743,60.759975
JVASP-35869,1,Er,66.52692,6.1186743,60.759975
JVASP-35869,2,Zn,44.965282,10.546378,34.535744
JVASP-35869,3,Zn,44.965282,10.546378,34.535744
JVASP-35869,4,Ga,46.54194,4.5793962,50.722183
JVASP-35869,5,Ga,46.54194,4.5793962,50.722183
JVASP-35544,0,Sr,9.586895,5.8790126,5.2040634
JVASP-35544,1,Sr,9.586895,5.8790126,5.2040634
JVASP-35544,2,Sr,9.586895,5.8790126,5.2040634
JVASP-35544,3,Sr,9.586895,5.8790126,5.2040634
JVASP-35544,4,Cu,51.647488,2.626418,50.612606
JVASP-35544,5,Cu,51.647488,2.626418,50.612606
JVASP-35544,6,Cu,51.807934,2.626418,50.77246
JVASP-35544,7,Cu,51.807934,2.626418,50.77246
JVASP-8017,0,Sr,77.23853,5.8790126,82.468864
JVASP-8017,1,Cu,55.11812,2.626418,53.144924
JVASP-8017,2,Cu,40.941998,2.626418,42.100983
JVASP-8017,3,Cu,40.941998,2.626418,42.100983
JVASP-8017,4,Cu,55.12293,2.626418,56.044537
JVASP-8017,5,Cu,55.12293,2.626418,56.9378
JVASP-37736,0,K,12.767556,3.9006114,9.047946
JVASP-37736,1,K,12.767556,3.9006114,9.047946
JVASP-37736,2,K,25.788229,3.9006114,29.578331
JVASP-37736,3,K,12.767556,3.9006114,9.047946
JVASP-37736,4,K,12.767556,3.9006114,9.047946
JVASP-37736,5,K,25.788229,3.9006114,29.578331
JVASP-37736,6,In,76.20934,6.7296906,70.31856
JVASP-37736,7,In,76.20934,6.7296906,70.31856
JVASP-37737,0,K,28.632084,3.9006114,26.147606
JVASP-37737,1,K,28.632084,3.9006114,27.753042
JVASP-37737,2,K,28.632086,3.9006114,32.420746
JVASP-37737,3,In,0.0,6.7296906,6.7296906
JVASP-19858,0,Tb,0.0,11.037279,11.037279
JVASP-19858,1,Zn,0.0,10.546378,10.546378
JVASP-14505,0,Zn,60.19355,10.546378,57.912514
JVASP-14505,1,Zn,60.19355,10.546378,57.912514
JVASP-14505,2,Zn,60.193993,10.546378,59.93344
JVASP-14505,3,Zn,60.193993,10.546378,59.93344
JVASP-14505,4,Tb,82.52875,11.037279,85.71034
JVASP-14505,5,Tb,82.52875,11.037279,85.71034
JVASP-36797,0,Cu,25.37909,2.626418,23.732409
JVASP-36797,1,Cu,25.37909,2.626418,23.052008
JVASP-36797,2,Pd,62.32076,20.903904,45.836235
JVASP-36797,3,Pd,62.32076,20.903904,45.853058
JVASP-36797,4,O,32.41001,1.173997,32.480396
JVASP-36797,5,O,32.41001,1.173997,32.348495
JVASP-36797,6,O,32.41001,1.173997,32.480396
JVASP-36797,7,O,32.41001,1.173997,32.348495
JVASP-36763,0,Cu,51.175037,2.626418,53.69101
JVASP-36763,1,Pd,78.259766,20.903904,67.039185
JVASP-36763,2,O,20.452421,1.173997,20.734932
JVASP-36763,3,O,20.452421,1.173997,20.734932
JVASP-82091,0,Ca,37.81284,1.1291435,37.367146
JVASP-82091,1,Y,74.36069,11.128398,65.01488
JVASP-82091,2,Zn,12.593012,10.546378,14.554183
JVASP-82091,3,Zn,12.593012,10.546378,14.554183
JVASP-85096,0,Ca,38.870926,1.1291435,39.626877
JVASP-85096,1,Ca,38.870926,1.1291435,39.626877
JVASP-85096,2,Y,76.00994,11.128398,84.54568
JVASP-85096,3,Y,76.00994,11.128398,84.54568
JVASP-85096,4,Zn,13.560628,10.546378,23.958954
JVASP-85096,5,Zn,13.560628,10.546378,23.958954
JVASP-85096,6,Zn,13.560628,10.546378,23.958954
JVASP-85096,7,Zn,13.560628,10.546378,23.958954
JVASP-66863,0,Zr,13.869012,6.08661,8.05044
JVASP-66863,1,Be,3.2174144,0.38258058,2.917821
JVASP-66863,2,Pd,71.64513,20.903904,92.3691
JVASP-67811,0,Zr,40.134888,6.08661,34.228153
JVASP-67811,1,Be,2.353635,0.38258058,2.4808106
JVASP-67811,2,Be,2.353635,0.38258058,2.6274223
JVASP-67811,3,Pd,43.9316,20.903904,23.466501
JVASP-15606,0,Y,80.55743,11.128398,78.87035
JVASP-15606,1,Y,80.557175,11.128398,87.5209
JVASP-15606,2,Y,80.55743,11.128398,77.749146
JVASP-15606,3,Mg,5.28482,0.4287979,5.01198
JVASP-15606,4,Mg,5.2811093,0.4287979,5.0515823
JVASP-15606,5,Mg,5.28482,0.4287979,5.0454574
JVASP-15606,6,Ga,48.785263,4.5793962,44.68525
JVASP-15606,7,Ga,48.785263,4.5793962,44.68525
JVASP-15606,8,Ga,22.880682,4.5793962,18.839481
JVASP-81395,0,Y,61.19973,11.128398,60.414898
JVASP-81395,1,Y,61.19973,11.128398,60.414898
JVASP-81395,2,Mg,26.87196,0.4287979,27.154552
JVASP-81395,3,Ga,40.059208,4.5793962,37.46513
JVASP-37211,0,Si,69.39895,1.7483627,70.134705
JVASP-37211,1,Si,69.39895,1.7483627,70.134705
JVASP-37211,2,B,21.065613,5.024234,26.079239
JVASP-37211,3,B,21.065613,5.024234,26.079239
JVASP-8134,0,Si,0.0,1.7483627,1.7483627
JVASP-8134,1,B,25.50572,5.024234,23.471506
JVASP-8134,2,B,25.50572,5.024234,23.471506
JVASP-8134,3,B,25.50572,5.024234,30.518978
JVASP-8134,4,B,25.50572,5.024234,30.518978
JVASP-8134,5,B,25.50572,5.024234,23.345968
JVASP-8134,6,B,25.50572,5.024234,23.345968
JVASP-40437,0,Tc,8.916959,8.509769,11.231579
JVASP-40437,1,Tc,8.917367,8.509769,11.231417
JVASP-40437,2,Ir,31.110758,25.960743,56.42088
JVASP-40437,3,Ir,31.110758,25.960743,55.279644
JVASP-40437,4,Ir,31.11034,25.960743,53.001324
JVASP-40437,5,Ir,31.110758,25.960743,56.42088
JVASP-40437,6,Ir,31.110758,25.960743,55.279644
JVASP-40437,7,Ir,31.11034,25.960743,53.001324
JVASP-42038,0,Tc,41.459564,8.509769,39.183872
JVASP-42038,1,Tc,41.46038,8.509769,43.639244
JVASP-42038,2,Tc,41.459564,8.509769,40.03978
JVASP-42038,3,Tc,41.4598,8.509769,39.18423
JVASP-42038,4,Tc,41.46038,8.509769,43.639244
JVASP-42038,5,Tc,41.4598,8.509769,40.04013
JVASP-42038,6,Ir,67.73574,25.960743,92.35876
JVASP-42038,7,Ir,67.73574,25.960743,92.35876
JVASP-22554,0,O,30.917526,1.173997,30.748524
JVASP-22554,1,O,30.91824,1.173997,30.749235
JVASP-22554,2,Fe,14.213641,2.1271884,12.78857
JVASP-22554,3,Cu,67.4508,2.626418,68.25061
JVASP-26975,0,O,31.479359,1.173997,31.30996
JVASP-26975,1,O,31.47998,1.173997,31.310627
JVASP-26975,2,Fe,12.097026,2.1271884,10.6891
JVASP-26975,3,Cu,66.74254,2.626418,67.542534
JVASP-11322,0,Ca,10.263385,1.1291435,10.591605
JVASP-11322,1,Ca,10.2646055,1.1291435,10.59315
JVASP-11322,2,Ti,14.2695875,1.1299996,15.243036
JVASP-11322,3,Ti,14.2696295,1.1299996,15.242729
JVASP-11322,4,F,37.44348,15.800529,42.293976
JVASP-11322,5,F,37.452747,15.800529,42.30538
JVASP-11322,6,F,37.454067,15.800529,42.30585
JVASP-11322,7,F,37.438255,15.800529,41.18801
JVASP-11322,8,F,37.4422,15.800529,42.29143
JVASP-11322,9,F,37.45496,15.800529,41.20174
JVASP-11322,10,F,37.451397,15.800529,41.20482
JVASP-11322,11,F,37.443714,15.800529,41.194023
JVASP-8319,0,Ca,7.16188,1.1291435,6.8250995
JVASP-8319,1,Ti,6.020732,1.1299996,5.803674
JVASP-8319,2,F,66.53645,15.800529,72.86242
JVASP-8319,3,F,66.53615,15.800529,62.00917
JVASP-8319,4,F,66.5361,15.800529,69.45423
JVASP-8319,5,F,66.53615,15.800529,62.00917
JVASP-8319,6,F,66.53645,15.800529,72.86242
JVASP-8319,7,F,66.5361,15.800529,69.45423
JVASP-35798,0,Al,6.549119,1.0875204,5.508149
JVASP-35798,1,Tc,9.401959,8.509769,13.71134
JVASP-35798,2,Tc,9.401959,8.509769,13.71134
JVASP-40439,0,Al,10.694473,1.0875204,9.650253
JVASP-40439,1,Al,10.694473,1.0875204,9.650253
JVASP-40439,2,Al,42.911793,1.0875204,43.961277
JVASP-40439,3,Al,10.694473,1.0875204,9.650253
JVASP-40439,4,Al,10.694473,1.0875204,9.650253
JVASP-40439,5,Al,42.911793,1.0875204,43.961277
JVASP-40439,6,Tc,65.43077,8.509769,64.53132
JVASP-40439,7,Tc,65.43077,8.509769,64.53132
JVASP-15992,0,Zr,46.587444,6.08661,45.284164
JVASP-15992,1,Zr,46.587616,6.08661,43.837875
JVASP-15992,2,Zr,46.587616,6.08661,43.44209
JVASP-15992,3,Cu,64.733894,2.626418,65.8679
JVASP-15992,4,Cu,34.136147,2.626418,35.06707
JVASP-15992,5,Cu,34.136147,2.626418,35.20129
JVASP-15992,6,Cu,34.127728,2.626418,35.61032
JVASP-15992,7,Si,26.701889,1.7483627,27.465813
JVASP-15992,8,Si,26.701889,1.7483627,27.465857
JVASP-7933,0,Zr,1.0843074,6.08661,5.035357
JVASP-7933,1,Zr,1.0843074,6.08661,5.035357
JVASP-7933,2,Cu,4.9381714,2.626418,4.528177
JVASP-7933,3,Cu,4.9381714,2.626418,4.528177
JVASP-7933,4,Si,48.230453,1.7483627,47.539562
JVASP-7933,5,Si,48.230453,1.7483627,47.539562
JVASP-7933,6,Si,61.24949,1.7483627,61.987625
JVASP-7933,7,Si,61.24949,1.7483627,61.987625
JVASP-65707,0,Ba,6.238034,16.451351,10.258223
JVASP-65707,1,Pd,66.25351,20.903904,52.08206
JVASP-65707,2,Pd,66.25351,20.903904,47.969803
JVASP-65707,3,Rh,38.20796,12.903096,50.910206
JVASP-69328,0,Ba,9.0974045,16.451351,25.522505
JVASP-69328,1,Pd,63.68755,20.903904,84.41645
JVASP-69328,2,Rh,57.164795,12.903096,56.598137
JVASP-69328,3,Rh,57.164795,12.903096,61.098244
JVASP-15476,0,S,46.488945,15.204629,41.40745
JVASP-15476,1,S,65.489655,15.204629,76.238464
JVASP-15476,2,S,46.488945,15.204629,41.40745
JVASP-15476,3,S,65.489655,15.204629,76.238464
JVASP-15476,4,V,28.69562,3.798005,27.216871
JVASP-15476,5,V,28.69562,3.798005,27.216871
JVASP-15476,6,Ni,41.84786,5.243039,37.81718
JVASP-53665,0,V,35.361954,3.798005,33.716457
JVASP-53665,1,V,34.456955,3.798005,32.816017
JVASP-53665,2,V,34.456955,3.798005,32.816017
JVASP-53665,3,Ni,4.673816,5.243039,3.2027345
JVASP-53665,4,S,58.31444,15.204629,51.133846
JVASP-53665,5,S,58.313206,15.204629,63.920128
JVASP-53665,6,S,58.314735,15.204629,54.199715
JVASP-53665,7,S,58.314735,15.204629,54.199715
JVASP-53665,8,S,58.313206,15.204629,63.920128
JVASP-53665,9,S,58.31444,15.204629,51.133846
JVASP-69103,0,Ba,20.529991,16.451351,4.4340477
JVASP-69103,1,Sr,32.923004,5.8790126,32.772438
JVASP-69103,2,Sr,32.923004,5.8790126,34.79232
JVASP-69103,3,Li,1.060629,0.084703535,0.9822792
JVASP-69239,0,Ba,62.09048,16.451351,78.48357
JVASP-69239,1,Sr,7.6807833,5.8790126,3.7320209
JVASP-69239,2,Li,0.5192244,0.084703535,0.50807744
JVASP-69239,3,Li,0.5192244,0.084703535,0.53922164
JVASP-17183,0,Ba,5.505637,16.451351,10.982813
JVASP-17183,1,Al,5.4566464,1.0875204,6.5115786
JVASP-17183,2,Si,1.2406667,1.7483627,1.6775615
JVASP-16166,0,Al,14.574669,1.0875204,14.056275
JVASP-16166,1,Al,14.574669,1.0875204,14.056275
JVASP-16166,2,Si,4.892852,1.7483627,5.310377
JVASP-16166,3,Si,4.892852,1.7483627,5.310377
JVASP-16166,4,Ba,66.050385,16.451351,79.865845
JVASP-16166,5,Ba,29.002565,16.451351,28.911053
JVASP-16166,6,Ba,29.002565,16.451351,28.911053
JVASP-3651,0,F,227.41162,15.800529,221.99928
JVASP-3651,1,F,227.41162,15.800529,220.06314
JVASP-3651,2,F,372.61813,15.800529,362.8094
JVASP-3651,3,F,372.61813,15.800529,360.94525
JVASP-3651,4,F,349.90784,15.800529,350.97308
JVASP-3651,5,F,349.90784,15.800529,352.7128
JVASP-3651,6,Br,1869.6094,43.576878,1844.0072
JVASP-3651,7,Br,1869.6094,43.576878,1843.9915
JVASP-80254,0,K,34.557922,3.9006114,30.696674
JVASP-80254,1,K,34.557922,3.9006114,30.696674
JVASP-80254,2,K,34.557922,3.9006114,30.696674
JVASP-80254,3,K,34.557922,3.9006114,30.696674
JVASP-80254,4,Rb,81.53433,7.136503,86.41218
JVASP-80254,5,Rb,81.53433,7.136503,86.41218
JVASP-80254,6,Bi,1607.9141,75.36236,1573.2705
JVASP-80254,7,Bi,1607.9141,75.36236,1573.2705
JVASP-78831,0,U,1424.7616,22.270443,1421.7638
JVASP-78831,1,U,1424.7616,22.270443,1421.7638
JVASP-78831,2,V,65.05129,3.798005,63.41842
JVASP-78831,3,V,65.05129,3.798005,63.41842
JVASP-78831,4,V,65.05129,3.798005,63.41842
JVASP-78831,5,V,65.05129,3.798005,63.41842
JVASP-38655,0,K,33.77397,3.9006114,37.56056
JVASP-38655,1,K,33.77397,3.9006114,37.56056
JVASP-38655,2,Pt,1314.4161,18.358461,1331.8204
JVASP-38655,3,C,69.48835,4.4679255,67.71982
JVASP-38655,4,C,69.48835,4.4679255,67.71982
JVASP-5437,0,C,38.30563,4.4679255,36.092617
JVASP-5437,1,C,38.30563,4.4679255,36.092617
JVASP-5437,2,Br,1120.9884,43.576878,1160.1709
JVASP-5437,3,Br,1120.9884,43.576878,1160.1709
JVASP-5437,4,N,95.40315,2.1896696,93.59996
JVASP-5437,5,N,95.40315,2.1896696,93.59996
JVASP-81217,0,Sr,26.098345,5.8790126,30.130293
JVASP-81217,1,Sr,26.098345,5.8790126,30.130293
JVASP-81217,2,Hg,188.30856,18.195402,171.98753
JVASP-81217,3,Hg,188.30856,18.195402,171.98753
JVASP-81217,4,Hg,188.30856,18.195402,171.98753
JVASP-81217,5,Hg,188.30856,18.195402,171.98753
JVASP-81217,6,Bi,1052.5905,75.36236,1105.6736
JVASP-81217,7,Bi,1052.5905,75.36236,1105.6736
JVASP-5257,0,Ga,15.347338,4.5793962,18.839972
JVASP-5257,1,Ga,15.347338,4.5793962,18.647818
JVASP-5257,2,Se,199.00172,29.56337,186.48672
JVASP-5257,3,Se,199.00172,29.56337,184.16168
JVASP-5257,4,Br,935.27686,43.576878,937.2868
JVASP-5257,5,Br,935.27686,43.576878,935.6354
JVASP-5257,6,Br,440.25397,43.576878,473.15186
JVASP-5257,7,Br,440.25397,43.576878,473.2918
JVASP-5257,8,Br,429.9397,43.576878,420.9898
JVASP-5257,9,Br,429.9397,43.576878,420.05222
JVASP-5257,10,Br,421.32782,43.576878,408.23444
JVASP-5257,11,Br,421.32782,43.576878,409.06332
JVASP-5257,12,Br,466.26004,43.576878,462.78482
JVASP-5257,13,Br,466.26004,43.576878,462.78415
JVASP-5257,14,Br,911.242,43.576878,935.4547
JVASP-5257,15,Br,911.242,43.576878,934.1586
JVASP-5257,16,Br,1002.35175,43.576878,993.4725
JVASP-5257,17,Br,1002.35175,43.576878,992.89197
JVASP-33798,0,Se,962.68567,29.56337,976.4721
JVASP-33798,1,Se,962.68567,29.56337,977.3299
JVASP-33798,2,I,848.56085,47.949,828.77167
JVASP-33798,3,I,848.56085,47.949,828.77167
JVASP-33798,4,I,848.56085,47.949,833.9596
JVASP-33798,5,I,848.56085,47.949,833.9596
JVASP-3999,0,Na,6.06733,0.84107655,6.4786425
JVASP-3999,1,Na,22.737825,0.84107655,23.117176
JVASP-3999,2,Na,6.06733,0.84107655,6.4786425
JVASP-3999,3,Na,22.737825,0.84107655,23.117176
JVASP-3999,4,P,84.92429,4.940868,87.8615
JVASP-3999,5,P,84.92429,4.940868,87.8615
JVASP-3999,6,Hg,950.7734,18.195402,953.9163
JVASP-2475,0,O,186.23463,1.173997,186.09253
JVASP-2475,1,O,186.23463,1.173997,186.09253
JVASP-2475,2,K,32.861206,3.9006114,35.953205
JVASP-2475,3,K,32.861206,3.9006114,35.953205
JVASP-2475,4,Hg,935.1814,18.195402,938.26874
JVASP-65626,0,Ba,219.34767,16.451351,204.1642
JVASP-65626,1,Sb,1040.6587,27.438374,1055.9108
JVASP-65626,2,Br,391.67868,43.576878,356.38092
JVASP-65626,3,Br,62.474903,43.576878,54.529724
JVASP-13048,0,Te,647.5077,68.54225,654.1252
JVASP-13048,1,Te,647.50684,68.54225,662.92017
JVASP-13048,2,Te,647.5077,68.54225,654.1252
JVASP-13048,3,Te,647.50684,68.54225,662.92017
JVASP-13048,4,Te,899.30743,68.54225,923.24457
JVASP-13048,5,Te,899.30743,68.54225,923.24457
JVASP-13048,6,Tl,83.74399,13.684985,91.153534
JVASP-13048,7,Tl,83.74507,13.684985,87.92286
JVASP-13048,8,Tl,83.74399,13.684985,91.153534
JVASP-13048,9,Tl,83.74507,13.684985,87.92286
JVASP-5815,0,Ga,78.972176,4.5793962,78.03026
JVASP-5815,1,Ga,78.972176,4.5793962,78.03026
JVASP-5815,2,Pd,142.75966,20.903904,144.69032
JVASP-5815,3,I,725.3769,47.949,754.3693
JVASP-5815,4,I,725.3768,47.949,736.05194
JVASP-5815,5,I,824.1623,47.949,817.5941
JVASP-5815,6,I,824.1623,47.949,817.5941
JVASP-5815,7,I,725.3768,47.949,736.05194
JVASP-5815,8,I,725.3769,47.949,754.3693
JVASP-5815,9,I,870.0368,47.949,846.20154
JVASP-5815,10,I,870.0368,47.949,846.20154
JVASP-29404,0,Hg,755.8774,18.195402,756.38446
JVASP-29404,1,Hg,754.2693,18.195402,738.9791
JVASP-29404,2,Hg,754.2693,18.195402,738.8381
JVASP-29404,3,Hg,848.74585,18.195402,850.5861
JVASP-29404,4,Hg,755.8774,18.195402,767.97284
JVASP-29404,5,Hg,848.74585,18.195402,850.5861
JVASP-29404,6,Hg,754.2693,18.195402,738.8381
JVASP-29404,7,Hg,755.8774,18.195402,767.97284
JVASP-29404,8,Hg,755.8774,18.195402,756.38446
JVASP-29404,9,Hg,754.2693,18.195402,738.9791
JVASP-29404,10,Hg,848.74585,18.195402,862.2398
JVASP-29404,11,Hg,848.74585,18.195402,862.2398
JVASP-29404,12,Sb,232.189,27.438374,243.95096
JVASP-29404,13,Sb,232.189,27.438374,243.22787
JVASP-29404,14,Sb,232.189,27.438374,243.95096
JVASP-29404,15,Sb,232.189,27.438374,243.22787
JVASP-29404,16,As,84.83609,16.668182,94.049484
JVASP-29404,17,As,84.83609,16.668182,96.08424
JVASP-29404,18,As,84.83609,16.668182,94.049484
JVASP-29404,19,As,84.83609,16.668182,96.08424
JVASP-29404,20,S,156.15831,15.204629,153.61632
JVASP-29404,21,S,143.5943,15.204629,152.88647
JVASP-29404,22,S,156.15831,15.204629,153.59581
JVASP-29404,23,S,152.56738,15.204629,154.93343
JVASP-29404,24,S,156.15831,15.204629,153.59581
JVASP-29404,25,S,143.5943,15.204629,152.88647
JVASP-29404,26,S,152.56738,15.204629,153.24776
JVASP-29404,27,S,143.5943,15.204629,153.11168
JVASP-29404,28,S,143.5943,15.204629,153.11168
JVASP-29404,29,S,152.56738,15.204629,153.24776
JVASP-29404,30,S,152.56738,15.204629,154.93343
JVASP-29404,31,S,156.15831,15.204629,153.61632
JVASP-35272,0,Yb,18.620687,4.325258,18.714539
JVASP-35272,1,Yb,18.620687,4.325258,18.714539
JVASP-35272,2,Bi,889.93384,75.36236,915.22766
JVASP-35272,3,Bi,889.93384,75.36236,915.22766
JVASP-35272,4,Bi,652.4227,75.36236,693.3046
JVASP-35272,5,Bi,652.4227,75.36236,693.3046
JVASP-63069,0,Pu,811.73395,29.168139,786.65576
JVASP-63069,1,B,1.4880652,5.024234,3.5416787
JVASP-63069,2,B,1.4880652,5.024234,3.5416787
JVASP-63069,3,Rh,57.28368,12.903096,63.349937
JVASP-63069,4,Rh,57.28084,12.903096,66.0671
JVASP-63069,5,Rh,57.28084,12.903096,65.79425
JVASP-79718,0,Li,2.2535346,0.084703535,2.3326068
JVASP-79718,1,Li,2.2535346,0.084703535,2.3326068
JVASP-79718,2,Li,2.2535346,0.084703535,2.3326068
JVASP-79718,3,Li,2.2535346,0.084703535,2.3326068
JVASP-79718,4,Sn,379.28027,6.63049,373.96524
JVASP-79718,5,Sn,379.28027,6.63049,373.96524
JVASP-79718,6,Bi,804.7552,75.36236,730.24133
JVASP-79718,7,Bi,804.7552,75.36236,730.24133
JVASP-67582,0,K,22.923141,3.9006114,19.174944
JVASP-67582,1,Be,3.1279984,0.38258058,2.828421
JVASP-67582,2,Pb,795.90045,21.544178,808.4046
JVASP-67582,3,Pb,344.7812,21.544178,332.94016
JVASP-24214,0,P,74.56441,4.940868,76.13896
JVASP-24214,1,P,74.56441,4.940868,76.13896
JVASP-24214,2,P,97.17267,4.940868,98.10749
JVASP-24214,3,P,97.1722,4.940868,96.179756
JVASP-24214,4,P,97.1722,4.940868,96.179756
JVASP-24214,5,P,97.17267,4.940868,98.10749
JVASP-24214,6,Au,784.2519,9.827829,777.6815
JVASP-24214,7,Au,784.2519,9.827829,777.6815
JVASP-24214,8,Au,726.9361,9.827829,732.65845
JVASP-24214,9,Au,726.9386,9.827829,727.5937
JVASP-1534,0,S,74.03548,15.204629,88.21912
JVASP-1534,1,S,74.04896,15.204629,88.23255
JVASP-1534,2,Cr,18.08447,3.2921274,19.847849
JVASP-1534,3,Au,752.92377,9.827829,754.5793
JVASP-81840,0,Ba,192.19913,16.451351,205.78389
JVASP-81840,1,Na,5.8532662,0.84107655,6.361052
JVASP-81840,2,Na,5.8532662,0.84107655,6.361052
JVASP-81840,3,Pb,763.6475,21.544178,746.8002
JVASP-80424,0,Ta,721.6258,34.19568,722.47815
JVASP-80424,1,Ta,721.6258,34.19568,722.47815
JVASP-80424,2,Cu,67.878654,2.626418,66.87845
JVASP-80424,3,Os,459.82962,41.308342,451.88373
JVASP-18019,0,Yb,7.6987543,4.325258,4.180946
JVASP-18019,1,Yb,7.6987543,4.325258,4.180946
JVASP-18019,2,Yb,17.861683,4.325258,14.049902
JVASP-18019,3,Li,0.93203753,0.084703535,0.8538269
JVASP-18019,4,Li,1.7636349,0.084703535,1.6851078
JVASP-18019,5,Li,0.93203753,0.084703535,0.8538269
JVASP-18019,6,Pb,699.6114,21.544178,687.5281
JVASP-18019,7,Pb,699.6114,21.544178,687.5281
JVASP-18019,8,Pb,212.29196,21.544178,200.76154
JVASP-29223,0,O,201.54541,1.173997,201.14377
JVASP-29223,1,O,201.54541,1.173997,201.38515
JVASP-29223,2,O,201.54541,1.173997,201.14377
JVASP-29223,3,O,201.54541,1.173997,201.38515
JVASP-29223,4,O,209.49083,1.173997,208.96172
JVASP-29223,5,O,209.49083,1.173997,209.75284
JVASP-29223,6,O,209.49083,1.173997,208.96172
JVASP-29223,7,O,209.49083,1.173997,209.75284
JVASP-29223,8,O,181.66621,1.173997,181.04463
JVASP-29223,9,O,181.66621,1.173997,181.98132
JVASP-29223,10,O,181.66621,1.173997,181.04463
JVASP-29223,11,O,181.66621,1.173997,181.98132
JVASP-29223,12,O,204.34525,1.173997,205.30603
JVASP-29223,13,O,204.34525,1.173997,204.28925
JVASP-29223,14,O,204.34525,1.173997,205.30603
JVASP-29223,15,O,204.34525,1.173997,204.28925
JVASP-29223,16,O,181.48274,1.173997,181.15306
JVASP-29223,17,O,181.48274,1.173997,182.39522
JVASP-29223,18,O,181.48274,1.173997,181.15306
JVASP-29223,19,O,181.48274,1.173997,182.39522
JVASP-29223,20,I,716.77795,47.949,689.278
JVASP-29223,21,I,716.77795,47.949,698.2326
JVASP-29223,22,I,716.77795,47.949,689.278
JVASP-29223,23,I,716.77795,47.949,698.2326
JVASP-29223,24,I,665.1573,47.949,654.9188
JVASP-29223,25,I,665.1573,47.949,651.6873
JVASP-29223,26,I,665.1573,47.949,654.9188
JVASP-29223,27,I,665.1573,47.949,651.6873
JVASP-35442,0,U,695.10565,22.270443,708.92706
JVASP-35442,1,U,695.10565,22.270443,708.92706
JVASP-35442,2,W,266.17163,103.865906,255.14874
JVASP-35442,3,W,266.17163,103.865906,255.14874
JVASP-35442,4,C,5.9530964,4.4679255,4.9932785
JVASP-35442,5,C,5.9530964,4.4679255,4.9932785
JVASP-35442,6,C,16.780527,4.4679255,19.30033
JVASP-67725,0,Be,5.675482,0.38258058,5.988465
JVASP-67725,1,Br,666.1118,43.576878,630.2076
JVASP-67725,2,P,192.69402,4.940868,196.46333
JVASP-4219,0,Al,37.40106,1.0875204,37.41738
JVASP-4219,1,Al,37.40106,1.0875204,37.33552
JVASP-4219,2,Al,37.40106,1.0875204,37.41738
JVASP-4219,3,Al,37.40106,1.0875204,37.33552
JVASP-4219,4,I,654.2925,47.949,628.5271
JVASP-4219,5,I,654.2925,47.949,648.739
JVASP-4219,6,I,654.2925,47.949,628.5271
JVASP-4219,7,I,654.2925,47.949,648.739
JVASP-4219,8,I,657.0621,47.949,657.7992
JVASP-4219,9,I,657.0621,47.949,674.0245
JVASP-4219,10,I,657.0621,47.949,657.7992
JVASP-4219,11,I,657.0621,47.949,674.0245
JVASP-4219,12,I,542.12115,47.949,572.3027
JVASP-4219,13,I,542.12115,47.949,550.4716
JVASP-4219,14,I,542.12115,47.949,572.3027
JVASP-4219,15,I,542.12115,47.949,550.4716
JVASP-8343,0,Mg,5.530131,0.4287979,5.866561
JVASP-8343,1,W,641.9367,103.865906,615.6917
JVASP-8343,2,W,641.9367,103.865906,611.7713
JVASP-8343,3,N,44.10867,2.1896696,42.89011
JVASP-8343,4,N,44.10867,2.1896696,45.948856
JVASP-16384,0,B,19.737354,5.024234,23.618195
JVASP-16384,1,B,19.737354,5.024234,23.618195
JVASP-16384,2,C,43.452286,4.4679255,41.735546
JVASP-16384,3,Ce,19.088505,7.3629155,16.087845
JVASP-16384,4,Ir,623.65155,25.960743,609.0998
JVASP-16384,5,Ir,623.65155,25.960743,609.0998
JVASP-8411,0,Ba,35.745403,16.451351,19.430086
JVASP-8411,1,Cu,35.549442,2.626418,34.540733
JVASP-8411,2,Re,614.1418,20.045204,627.09314
JVASP-8411,3,O,47.08141,1.173997,47.493217
JVASP-8411,4,O,47.08141,1.173997,46.638065
JVASP-8411,5,O,178.77052,1.173997,179.23215
JVASP-8411,6,O,178.77052,1.173997,178.39812
JVASP-8411,7,O,127.93929,1.173997,127.80489
JVASP-16414,0,V,48.437027,3.798005,45.18493
JVASP-16414,1,V,48.437027,3.798005,45.18493
JVASP-16414,2,Au,608.4185,9.827829,612.5753
JVASP-16414,3,Au,608.4185,9.827829,612.5753
JVASP-16414,4,S,63.43076,15.204629,78.46343
JVASP-16414,5,S,63.431168,15.204629,78.46383
JVASP-16414,6,S,63.43076,15.204629,78.46343
JVASP-16414,7,S,63.431168,15.204629,78.46383
JVASP-39414,0,O,424.22104,1.173997,424.5713
JVASP-39414,1,O,316.7527,1.173997,317.84763
JVASP-39414,2,F,345.12103,15.800529,347.30444
JVASP-39414,3,F,604.5703,15.800529,594.9214
JVASP-39414,4,F,599.40515,15.800529,600.60126
JVASP-39414,5,F,261.94174,15.800529,257.1511
JVASP-39414,6,F,321.83615,15.800529,315.68753
JVASP-39414,7,F,514.0269,15.800529,522.3933
JVASP-3561,0,O,171.75974,1.173997,172.28282
JVASP-3561,1,O,171.7596,1.173997,171.62334
JVASP-3561,2,O,171.75926,1.173997,171.61252
JVASP-3561,3,I,596.0463,47.949,610.66754
JVASP-3561,4,Tl,1.2984906,13.684985,13.2475815
JVASP-43960,0,Hg,588.583,18.195402,583.7046
JVASP-43960,1,Hg,588.583,18.195402,583.7046
JVASP-43960,2,Bi,5.881225,75.36236,81.177216
JVASP-43960,3,Bi,5.881225,75.36236,81.177216
JVASP-43960,4,O,139.46649,1.173997,139.15997
JVASP-43960,5,O,139.4663,1.173997,139.6032
JVASP-43960,6,O,139.46683,1.173997,139.81923
JVASP-43960,7,O,139.46683,1.173997,139.81923
JVASP-43960,8,O,139.4663,1.173997,139.6032
JVASP-43960,9,O,139.46649,1.173997,139.15997
JVASP-31871,0,Ta,211.3101,34.19568,197.37917
JVASP-31871,1,Ta,211.3101,34.19568,197.37917
JVASP-31871,2,Te,613.80853,68.54225,617.60095
JVASP-31871,3,Te,528.79083,68.54225,513.80756
JVASP-31871,4,Te,613.80853,68.54225,617.60095
JVASP-31871,5,Te,528.79083,68.54225,513.80756
JVASP-31871,6,Br,190.50168,43.576878,186.29346
JVASP-31871,7,Br,190.50168,43.576878,186.29346
JVASP-31871,8,Br,212.922,43.576878,222.08684
JVASP-31871,9,Br,207.55142,43.576878,208.16951
JVASP-31871,10,Br,231.19572,43.576878,251.65747
JVASP-31871,11,Br,231.19572,43.576878,251.65747
JVASP-31871,12,Br,205.42627,43.576878,210.50838
JVASP-31871,13,Br,212.922,43.576878,222.08684
JVASP-31871,14,Br,205.42627,43.576878,210.50838
JVASP-31871,15,Br,207.55142,43.576878,208.16951
JVASP-31871,16,O,11.95585,1.173997,12.349996
JVASP-14158,0,B,0.7739716,5.024234,4.820902
JVASP-14158,1,B,0.7739716,5.024234,4.7616463
JVASP-14158,2,B,0.7739716,5.024234,4.85373
JVASP-14158,3,B,0.7739716,5.024234,4.8055267
JVASP-14158,4,N,0.601758,2.1896696,2.450796
JVASP-14158,5,N,0.601758,2.1896696,2.450796
JVASP-14158,6,N,1.1468952,2.1896696,2.7642074
JVASP-14158,7,N,1.1468952,2.1896696,2.7738323
JVASP-14158,8,F,577.7255,15.800529,581.6309
JVASP-14158,9,F,577.7255,15.800529,578.3858
JVASP-14158,10,F,577.7255,15.800529,575.3408
JVASP-14158,11,F,577.7255,15.800529,576.0689
JVASP-14158,12,F,577.7255,15.800529,579.6573
JVASP-14158,13,F,577.7255,15.800529,579.2549
JVASP-14158,14,F,577.7255,15.800529,579.4302
JVASP-14158,15,F,577.7255,15.800529,573.07855
JVASP-14158,16,F,577.3738,15.800529,577.4044
JVASP-14158,17,F,577.3738,15.800529,580.4052
JVASP-14158,18,F,577.3738,15.800529,574.2833
JVASP-14158,19,F,577.3738,15.800529,578.7583
JVASP-14158,20,F,576.7343,15.800529,579.56305
JVASP-14158,21,F,576.7343,15.800529,577.87744
JVASP-14158,22,F,576.7343,15.800529,576.50934
JVASP-14158,23,F,576.7343,15.800529,573.37695
JVASP-14158,24,F,173.30847,15.800529,180.41255
JVASP-14158,25,F,173.30847,15.800529,175.50334
JVASP-14158,26,F,173.30847,15.800529,178.21974
JVASP-14158,27,F,173.30847,15.800529,183.19894
JVASP-14158,28,F,173.30847,15.800529,181.66446
JVASP-14158,29,F,173.30847,15.800529,182.88054
JVASP-14158,30,F,173.30847,15.800529,174.5034
JVASP-14158,31,F,173.30847,15.800529,178.25693
JVASP-14158,32,F,166.53264,15.800529,151.96042
JVASP-14158,33,F,166.53264,15.800529,151.85806
JVASP-14158,34,F,166.53264,15.800529,151.98407
JVASP-14158,35,F,166.53264,15.800529,151.93253
JVASP-14158,36,F,176.7751,15.800529,181.76328
JVASP-14158,37,F,176.7751,15.800529,183.47989
JVASP-14158,38,F,176.7751,15.800529,179.15375
JVASP-14158,39,F,176.7751,15.800529,182.71637
JVASP-8501,0,S,5.3609896,15.204629,18.726522
JVASP-8501,1,S,5.3609896,15.204629,18.726522
JVASP-8501,2,Pd,124.80047,20.903904,116.14059
JVASP-8501,3,Pd,124.7994,20.903904,131.97865
JVASP-8501,4,Pd,124.7996,20.903904,133.44948
JVASP-8501,5,Pb,562.7034,21.544178,550.45667
JVASP-8501,6,Pb,572.75116,21.544178,585.5395
JVASP-3792,0,Br,574.64557,43.576878,566.07196
JVASP-3792,1,Br,574.64557,43.576878,565.80566
JVASP-3792,2,Br,565.615,43.576878,594.507
JVASP-3792,3,Br,565.615,43.576878,594.507
JVASP-3792,4,Br,574.64557,43.576878,565.80566
JVASP-3792,5,Br,574.64557,43.576878,566.07196
JVASP-3792,6,Ir,52.908634,25.960743,37.778625
JVASP-3792,7,Ir,52.909046,25.960743,37.77909
JVASP-77074,0,Hf,145.99734,15.926846,138.61896
JVASP-77074,1,Hf,145.99734,15.926846,138.61896
JVASP-77074,2,Zr,74.995186,6.08661,76.69928
JVASP-77074,3,Zr,74.995186,6.08661,76.69928
JVASP-77074,4,Hg,557.2778,18.195402,540.7315
JVASP-77074,5,Hg,557.2778,18.195402,540.7315
JVASP-77074,6,Hg,557.2778,18.195402,540.7315
JVASP-77074,7,Hg,557.2778,18.195402,540.7315
JVASP-69327,0,Ba,30.870918,16.451351,14.576466
JVASP-69327,1,Cu,22.986012,2.626418,22.024534
JVASP-69327,2,Te,549.67285,68.54225,616.5142
JVASP-69327,3,Te,549.67285,68.54225,616.5142
JVASP-2640,0,Na,6.185517,0.84107655,5.71052
JVASP-2640,1,Na,6.185517,0.84107655,5.71052
JVASP-2640,2,Na,6.1855307,0.84107655,5.807998
JVASP-2640,3,Na,6.1855307,0.84107655,5.807998
JVASP-2640,4,Sb,183.9462,27.438374,175.32214
JVASP-2640,5,Sb,183.9462,27.438374,175.32214
JVASP-2640,6,Au,567.26843,9.827829,561.9439
JVASP-2640,7,Au,567.26843,9.827829,565.9598
JVASP-17913,0,Ta,126.2814,34.19568,94.294395
JVASP-17913,1,Ta,126.28222,34.19568,94.29521
JVASP-17913,2,Pb,542.26685,21.544178,530.2508
JVASP-17913,3,Pb,542.26685,21.544178,530.2508
JVASP-17913,4,S,11.588944,15.204629,26.701279
JVASP-17913,5,S,11.588944,15.204629,26.701279
JVASP-17913,6,S,11.588944,15.204629,26.701279
JVASP-17913,7,S,11.588944,15.204629,26.701279
JVASP-4858,0,Tm,77.12341,8.03611,84.508385
JVASP-4858,1,Tm,77.12341,8.03611,84.508385
JVASP-4858,2,Ag,13.107219,6.9597216,7.1591783
JVASP-4858,3,Ag,13.107219,6.9597216,7.1591783
JVASP-4858,4,P,1.4476484,4.940868,6.1110125
JVASP-4858,5,P,1.4476484,4.940868,6.1110125
JVASP-4858,6,P,1.4476484,4.940868,6.1110125
JVASP-4858,7,P,1.4476484,4.940868,6.1110125
JVASP-4858,8,Se,540.14557,29.56337,529.84894
JVASP-4858,9,Se,540.14514,29.56337,527.8234
JVASP-4858,10,Se,540.1455,29.56337,535.5404
JVASP-4858,11,Se,540.14514,29.56337,530.62836
JVASP-4858,12,Se,540.1455,29.56337,534.81775
JVASP-4858,13,Se,540.14557,29.56337,527.77313
JVASP-4858,14,Se,540.14557,29.56337,529.84894
JVASP-4858,15,Se,540.14514,29.56337,527.8234
JVASP-4858,16,Se,540.1455,29.56337,535.5404
JVASP-4858,17,Se,540.14514,29.56337,530.62836
JVASP-4858,18,Se,540.1455,29.56337,534.81775
JVASP-4858,19,Se,540.14557,29.56337,527.77313
JVASP-63347,0,U,534.71747,22.270443,519.13916
JVASP-63347,1,U,534.71747,22.270443,519.13916
JVASP-63347,2,Sn,10.543829,6.63049,16.359
JVASP-63347,3,Sn,10.543829,6.63049,16.359
JVASP-63347,4,Au,87.42474,9.827829,91.95153
JVASP-63347,5,Au,87.42474,9.827829,91.95153
JVASP-63355,0,Ba,31.729464,16.451351,15.430366
JVASP-63355,1,Ba,31.729464,16.451351,15.430366
JVASP-63355,2,As,228.49574,16.668182,212.25995
JVASP-63355,3,As,228.49574,16.668182,212.25995
JVASP-63355,4,Au,531.8479,9.827829,527.83203
JVASP-63355,5,Au,531.8479,9.827829,527.83203
JVASP-4609,0,P,9.036806,4.940868,8.464812
JVASP-4609,1,P,9.036806,4.940868,8.464812
JVASP-4609,2,Mn,9.3466625,1.6964667,10.947528
JVASP-4609,3,Mn,9.3466625,1.6964667,10.947528
JVASP-4609,4,Se,526.19183,29.56337,521.68005
JVASP-4609,5,Se,526.1913,29.56337,514.84143
JVASP-4609,6,Se,526.1912,29.56337,512.1399
JVASP-4609,7,Se,526.19183,29.56337,521.68005
JVASP-4609,8,Se,526.1913,29.56337,514.84143
JVASP-4609,9,Se,526.1912,29.56337,512.1399
JVASP-17162,0,Cu,18.879253,2.626418,19.953995
JVASP-17162,1,Cu,18.879402,2.626418,19.407146
JVASP-17162,2,Sn,90.47815,6.63049,84.58862
JVASP-17162,3,Te,521.6582,68.54225,531.35675
JVASP-17162,4,Te,521.65686,68.54225,578.81573
JVASP-17162,5,Te,447.05493,68.54225,397.43408
JVASP-18543,0,Ho,516.7615,5.3662715,514.72546
JVASP-18543,1,Ho,516.7615,5.3662715,513.6336
JVASP-18543,2,Ho,516.7615,5.3662715,521.9693
JVASP-18543,3,Al,0.0,1.0875204,1.0875204
JVASP-18543,4,C,0.0,4.4679255,4.4679255
JVASP-76926,0,Li,0.73267865,0.084703535,0.6546517
JVASP-76926,1,Ga,73.43711,4.5793962,69.341095
JVASP-76926,2,Ga,104.354065,4.5793962,100.26106
JVASP-76926,3,Au,515.07837,9.827829,519.32477
JVASP-8691,0,O,236.5749,1.173997,236.62189
JVASP-8691,1,O,236.5745,1.173997,236.38463
JVASP-8691,2,O,236.57472,1.173997,237.13657
JVASP-8691,3,Br,512.11,43.576878,514.4006
JVASP-8691,4,Tl,12.888486,13.684985,22.214533
JVASP-4409,0,P,8.170206,4.940868,7.7240667
JVASP-4409,1,P,8.165197,4.940868,7.7201653
JVASP-4409,2,Fe,25.603655,2.1271884,24.132864
JVASP-4409,3,Fe,25.59976,2.1271884,24.128963
JVASP-4409,4,Se,511.42276,29.56337,503.95227
JVASP-4409,5,Se,511.42242,29.56337,499.18286
JVASP-4409,6,Se,511.4224,29.56337,495.54477
JVASP-4409,7,Se,511.40604,29.56337,503.9375
JVASP-4409,8,Se,511.40482,29.56337,499.1637
JVASP-4409,9,Se,511.40634,29.56337,495.52872
JVASP-67735,0,Be,1.5872693,0.38258058,1.2984762
JVASP-67735,1,Be,11.667736,0.38258058,11.361359
JVASP-67735,2,Bi,507.31137,75.36236,433.02405
JVASP-67735,3,Cl,120.167885,20.642973,101.189896
JVASP-12138,0,Cu,8.1408825,2.626418,9.538209
JVASP-12138,1,Cu,8.1408825,2.626418,9.538209
JVASP-12138,2,Bi,21.006416,75.36236,96.168846
JVASP-12138,3,Bi,21.006416,75.36236,96.168846
JVASP-12138,4,P,6.364591,4.940868,4.1565595
JVASP-12138,5,P,6.364591,4.940868,4.1565595
JVASP-12138,6,P,6.364591,4.940868,4.1565595
JVASP-12138,7,P,6.364591,4.940868,4.1565595
JVASP-12138,8,Se,515.9009,29.56337,504.01944
JVASP-12138,9,Se,515.90094,29.56337,500.46024
JVASP-12138,10,Se,515.9009,29.56337,505.9083
JVASP-12138,11,Se,515.90094,29.56337,504.31396
JVASP-12138,12,Se,515.90094,29.56337,500.46024
JVASP-12138,13,Se,515.9009,29.56337,504.01944
JVASP-12138,14,Se,515.9014,29.56337,503.69196
JVASP-12138,15,Se,515.90094,29.56337,504.31396
JVASP-12138,16,Se,515.9009,29.56337,505.9083
JVASP-12138,17,Se,515.9014,29.56337,503.69196
JVASP-12138,18,Se,515.9014,29.56337,505.6384
JVASP-12138,19,Se,515.9014,29.56337,505.6384
JVASP-35009,0,Nd,15.646523,2.8276725,13.465423
JVASP-35009,1,Nd,15.646523,2.8276725,13.465423
JVASP-35009,2,Sb,498.316,27.438374,474.43292
JVASP-35009,3,Sb,498.316,27.438374,474.43292
JVASP-35009,4,Te,26.37039,68.54225,43.349995
JVASP-35009,5,Te,26.37039,68.54225,43.349995
JVASP-80456,0,Y,67.33492,11.128398,58.176052
JVASP-80456,1,Y,67.33492,11.128398,58.176052
JVASP-80456,2,Cd,229.35948,15.619623,232.72942
JVASP-80456,3,Ir,498.64636,25.960743,507.7507
JVASP-41602,0,Na,7.128015,0.84107655,6.839065
JVASP-41602,1,Na,0.52174133,0.84107655,0.7952616
JVASP-41602,2,Hf,492.2078,15.926846,483.80167
JVASP-41602,3,Hf,492.2078,15.926846,483.80167
JVASP-41602,4,O,44.34633,1.173997,44.457943
JVASP-41602,5,O,44.34633,1.173997,44.457943
JVASP-41602,6,O,10.456056,1.173997,10.381981
JVASP-41602,7,O,44.34633,1.173997,44.02213
JVASP-41602,8,O,44.34633,1.173997,44.02213
JVASP-16323,0,Sm,489.9012,14.72507,482.31512
JVASP-16323,1,Sm,489.9012,14.72507,483.1967
JVASP-16323,2,Sm,489.9012,14.72507,504.53262
JVASP-16323,3,Sn,0.0,6.63049,6.63049
JVASP-16323,4,C,0.0,4.4679255,4.4679255
JVASP-17493,0,Nb,56.719162,15.259404,41.583134
JVASP-17493,1,Nb,56.719162,15.259404,41.583134
JVASP-17493,2,Pb,488.10858,21.544178,476.12622
JVASP-17493,3,Pb,488.10858,21.544178,476.12622
JVASP-17493,4,S,10.096798,15.204629,25.216301
JVASP-17493,5,S,10.096798,15.204629,25.216301
JVASP-17493,6,S,10.096798,15.204629,25.216301
JVASP-17493,7,S,10.096798,15.204629,25.216301
JVASP-15952,0,Er,487.44846,6.1186743,491.9927
JVASP-15952,1,Er,487.44846,6.1186743,488.75626
JVASP-15952,2,Er,487.44846,6.1186743,481.65424
JVASP-15952,3,Ga,0.0,4.5793962,4.5793962
JVASP-15952,4,C,0.0,4.4679255,4.4679255
JVASP-15886,0,U,483.24023,22.270443,467.688
JVASP-15886,1,B,6.135155,5.024234,11.152165
JVASP-15886,2,B,6.135155,5.024234,11.152165
JVASP-15886,3,Ir,217.75316,25.960743,209.16872
JVASP-15886,4,Ir,217.7516,25.960743,218.56467
JVASP-15886,5,Ir,217.75316,25.960743,204.1432
JVASP-7693,0,Sc,57.2062,1.2577385,56.45591
JVASP-7693,1,Sc,57.2062,1.2577385,56.45591
JVASP-7693,2,Au,481.7987,9.827829,485.97244
JVASP-7693,3,Au,481.7987,9.827829,485.97244
JVASP-7693,4,O,95.96365,1.173997,95.83103
JVASP-7693,5,O,95.96365,1.173997,95.83103
JVASP-7693,6,O,95.96365,1.173997,95.83103
JVASP-7693,7,O,95.96365,1.173997,95.83103
JVASP-80175,0,Hf,13.336119,15.926846,25.087263
JVASP-80175,1,Hf,13.336119,15.926846,25.087263
JVASP-80175,2,Hf,13.336119,15.926846,25.087263
JVASP-80175,3,Hf,13.336119,15.926846,25.087263
JVASP-80175,4,Zn,134.67606,10.546378,124.23097
JVASP-80175,5,Zn,134.67606,10.546378,124.23097
JVASP-80175,6,Os,478.03278,41.308342,441.50998
JVASP-80175,7,Os,478.03278,41.308342,441.50998
JVASP-67847,0,Hf,250.9388,15.926846,259.87704
JVASP-67847,1,Be,7.956794,0.38258058,8.101462
JVASP-67847,2,Be,7.956794,0.38258058,7.908933
JVASP-67847,3,Hg,475.98077,18.195402,471.1648
JVASP-7638,0,K,52.436226,3.9006114,56.21852
JVASP-7638,1,Ag,474.0204,6.9597216,467.58154
JVASP-7638,2,C,69.78025,4.4679255,68.011154
JVASP-7638,3,C,69.78025,4.4679255,68.011154
JVASP-16119,0,Np,471.7954,68.16108,419.62167
JVASP-16119,1,Np,471.7954,68.16108,419.62167
JVASP-16119,2,Si,15.179488,1.7483627,14.549465
JVASP-16119,3,Si,15.179488,1.7483627,14.549465
JVASP-16119,4,Si,15.179488,1.7483627,14.549465
JVASP-16119,5,Si,15.179488,1.7483627,14.549465
JVASP-16119,6,Os,153.3699,41.308342,117.81018
JVASP-16119,7,Os,153.3699,41.308342,117.81018
JVASP-16119,8,Os,153.3699,41.308342,117.81018
JVASP-16119,9,Os,153.3699,41.308342,117.81018
JVASP-26412,0,Ba,40.66086,16.451351,56.459217
JVASP-26412,1,Ba,40.66086,16.451351,56.459217
JVASP-26412,2,Bi,476.4452,75.36236,405.3054
JVASP-26412,3,Bi,476.4452,75.36236,405.3054
JVASP-26412,4,Cl,13.244364,20.642973,33.77291
JVASP-26412,5,Cl,13.244364,20.642973,33.77291
JVASP-26412,6,O,84.22956,1.173997,83.98902
JVASP-26412,7,O,84.22956,1.173997,83.98902
JVASP-26412,8,O,84.22956,1.173997,84.34562
JVASP-26412,9,O,84.22956,1.173997,84.34562
JVASP-12181,0,As,135.3034,16.668182,140.94087
JVASP-12181,1,As,135.3034,16.668182,139.15057
JVASP-12181,2,As,135.3034,16.668182,140.94087
JVASP-12181,3,As,135.3034,16.668182,139.15057
JVASP-12181,4,As,152.53706,16.668182,158.73824
JVASP-12181,5,As,152.53706,16.668182,155.96767
JVASP-12181,6,As,152.53706,16.668182,158.73824
JVASP-12181,7,As,152.53706,16.668182,155.96767
JVASP-12181,8,Se,481.81107,29.56337,478.85123
JVASP-12181,9,Se,481.81107,29.56337,480.48138
JVASP-12181,10,Se,481.81107,29.56337,478.85123
JVASP-12181,11,Se,481.81107,29.56337,480.48138
JVASP-12181,12,Se,469.47806,29.56337,474.74466
JVASP-12181,13,Se,469.47806,29.56337,476.3843
JVASP-12181,14,Se,469.47806,29.56337,474.74466
JVASP-12181,15,Se,469.47806,29.56337,476.3843
JVASP-12181,16,Se,463.28134,29.56337,480.83386
JVASP-12181,17,Se,463.28134,29.56337,481.05475
JVASP-12181,18,Se,463.28134,29.56337,480.83386
JVASP-12181,19,Se,463.28134,29.56337,481.05475
JVASP-35446,0,Pu,357.34164,29.168139,347.84076
JVASP-35446,1,Pu,357.34164,29.168139,347.84076
JVASP-35446,2,W,465.173,103.865906,464.82098
JVASP-35446,3,W,465.173,103.865906,464.82098
JVASP-35446,4,C,4.6566095,4.4679255,5.6434617
JVASP-35446,5,C,4.6566095,4.4679255,5.6434617
JVASP-35446,6,C,35.1941,4.4679255,37.726162
JVASP-29551,0,Hg,471.9254,18.195402,462.01077
JVASP-29551,1,Hg,471.92535,18.195402,468.02783
JVASP-29551,2,Hg,471.9254,18.195402,476.39325
JVASP-29551,3,Hg,471.92554,18.195402,472.82385
JVASP-29551,4,Hg,471.92535,18.195402,475.27698
JVASP-29551,5,Hg,471.92554,18.195402,465.72958
JVASP-29551,6,As,131.32205,16.668182,115.11252
JVASP-29551,7,As,131.32205,16.668182,115.11252
JVASP-29551,8,Se,270.72284,29.56337,257.52463
JVASP-29551,9,Se,99.989395,29.56337,71.34272
JVASP-29551,10,Se,270.72382,29.56337,263.81644
JVASP-29551,11,Se,270.72284,29.56337,263.96927
JVASP-29551,12,Se,270.72382,29.56337,258.6122
JVASP-29551,13,Se,270.72382,29.56337,261.41156
JVASP-29551,14,Se,99.989395,29.56337,71.34272
JVASP-29551,15,Se,270.72382,29.56337,267.40277
JVASP-29551,16,Br,0.475201,43.576878,43.18115
JVASP-29551,17,Br,0.475201,43.576878,43.18115
JVASP-67703,0,Sr,36.91381,5.8790126,31.851128
JVASP-67703,1,Be,1.4879657,0.38258058,1.3649552
JVASP-67703,2,Be,1.4879657,0.38258058,1.5583068
JVASP-67703,3,Pb,457.8129,21.544178,445.8528
JVASP-18229,0,Nd,455.62958,2.8276725,455.13107
JVASP-18229,1,Nd,455.62958,2.8276725,453.85733
JVASP-18229,2,Nd,455.62958,2.8276725,457.9172
JVASP-18229,3,Tl,0.0,13.684985,13.684985
JVASP-18229,4,N,0.0,2.1896696,2.1896696
JVASP-17702,0,Nd,453.96802,2.8276725,452.1958
JVASP-17702,1,Nd,453.96802,2.8276725,453.46954
JVASP-17702,2,Nd,453.968,2.8276725,456.25565
JVASP-17702,3,Sn,0.0,6.63049,6.63049
JVASP-17702,4,C,0.0,4.4679255,4.4679255
JVASP-15853,0,Ce,451.57568,7.3629155,454.31894
JVASP-15853,1,Ce,451.57568,7.3629155,456.14676
JVASP-15853,2,Ce,451.57568,7.3629155,444.35217
JVASP-15853,3,Al,0.0,1.0875204,1.0875204
JVASP-15853,4,C,0.0,4.4679255,4.4679255
JVASP-17505,0,Yb,450.38684,4.325258,452.74277
JVASP-17505,1,Yb,450.38684,4.325258,446.46204
JVASP-17505,2,Yb,450.38684,4.325258,451.99194
JVASP-17505,3,In,0.0,6.7296906,6.7296906
JVASP-17505,4,C,0.0,4.4679255,4.4679255
JVASP-33815,0,Mo,7.862862,41.233887,33.38144
JVASP-33815,1,Mo,7.862862,41.233887,33.38144
JVASP-33815,2,I,448.40533,47.949,445.7577
JVASP-33815,3,I,448.4043,47.949,422.86487
JVASP-33815,4,I,448.4043,47.949,418.37866
JVASP-33815,5,I,448.40533,47.949,445.7577
JVASP-33815,6,I,448.4043,47.949,422.86487
JVASP-33815,7,I,448.4043,47.949,418.37866
JVASP-15747,0,Ho,446.284,5.3662715,443.159
JVASP-15747,1,Ho,446.28397,5.3662715,451.49203
JVASP-15747,2,Ho,446.284,5.3662715,444.25174
JVASP-15747,3,Sn,0.0,6.63049,6.63049
JVASP-15747,4,C,0.0,4.4679255,4.4679255
JVASP-18035,0,Tm,445.05432,8.03611,438.92087
JVASP-18035,1,Tm,445.05432,8.03611,452.38635
JVASP-18035,2,Tm,445.05432,8.03611,443.96948
JVASP-18035,3,In,0.0,6.7296906,6.7296906
JVASP-18035,4,C,0.0,4.4679255,4.4679255
JVASP-80443,0,Na,24.43935,0.84107655,24.033112
JVASP-80443,1,Na,24.43935,0.84107655,24.033112
JVASP-80443,2,Na,24.43935,0.84107655,24.033112
JVASP-80443,3,Na,24.43935,0.84107655,24.033112
JVASP-80443,4,Hg,113.46953,18.195402,108.004265
JVASP-80443,5,Hg,113.46953,18.195402,108.004265
JVASP-80443,6,Sb,443.47092,27.438374,419.06924
JVASP-80443,7,Sb,443.47092,27.438374,419.06924
JVASP-69257,0,Ba,36.227257,16.451351,52.624016
JVASP-69257,1,Sn,250.99919,6.63049,256.38657
JVASP-69257,2,Sn,173.4888,6.63049,168.19296
JVASP-69257,3,Te,439.93924,68.54225,506.84814
JVASP-12493,0,O,11.402454,1.173997,11.123623
JVASP-12493,1,O,11.402454,1.173997,11.123623
JVASP-12493,2,F,8.278651,15.800529,23.481335
JVASP-12493,3,F,8.278651,15.800529,23.481335
JVASP-12493,4,Cl,10.205182,20.642973,27.908268
JVASP-12493,5,Cl,10.205182,20.642973,27.908268
JVASP-12493,6,Pb,480.4653,21.544178,474.2986
JVASP-12493,7,Pb,480.4653,21.544178,474.2986
JVASP-12493,8,Pb,480.4653,21.544178,493.69608
JVASP-12493,9,Pb,480.4653,21.544178,493.69608
JVASP-18129,0,Nd,434.71832,2.8276725,432.94632
JVASP-18129,1,Nd,434.7183,2.8276725,437.00607
JVASP-18129,2,Nd,434.71832,2.8276725,434.2202
JVASP-18129,3,Tl,0.0,13.684985,13.684985
JVASP-18129,4,C,0.0,4.4679255,4.4679255
JVASP-69155,0,Ba,249.4634,16.451351,265.8456
JVASP-69155,1,Sc,28.161783,1.2577385,28.93836
JVASP-69155,2,Sb,470.2752,27.438374,482.1767
JVASP-69155,3,Sb,470.2752,27.438374,497.33887
JVASP-55022,0,Ba,29.923433,16.451351,30.329615
JVASP-55022,1,Ba,29.923433,16.451351,30.329615
JVASP-55022,2,Bi,162.58801,75.36236,209.68199
JVASP-55022,3,Bi,435.3814,75.36236,364.86182
JVASP-55022,4,Bi,435.3814,75.36236,364.86182
JVASP-55022,5,Bi,162.58801,75.36236,209.68199
JVASP-55022,6,Pd,14.089618,20.903904,34.780434
JVASP-55022,7,Pd,37.18455,20.903904,21.365454
JVASP-55022,8,Pd,14.089618,20.903904,34.780434
JVASP-55022,9,Pd,37.18455,20.903904,21.365454
JVASP-35016,0,Np,9.278667,68.16108,75.75004
JVASP-35016,1,Np,9.278667,68.16108,75.75004
JVASP-35016,2,Sb,428.03525,27.438374,404.18402
JVASP-35016,3,Sb,428.03525,27.438374,404.18402
JVASP-35016,4,Te,0.12737347,68.54225,68.666084
JVASP-35016,5,Te,0.12737347,68.54225,68.666084
JVASP-36561,0,Na,25.136904,0.84107655,24.87975
JVASP-36561,1,Li,2.0461931,0.084703535,2.0265367
JVASP-36561,2,Li,2.0461931,0.084703535,2.0265367
JVASP-36561,3,As,427.38205,16.668182,425.3742
JVASP-15955,0,Nd,424.55048,2.8276725,422.7786
JVASP-15955,1,Nd,424.55048,2.8276725,424.05258
JVASP-15955,2,Nd,424.55048,2.8276725,426.83832
JVASP-15955,3,Ga,0.0,4.5793962,4.5793962
JVASP-15955,4,C,0.0,4.4679255,4.4679255
JVASP-17668,0,Np,151.45224,68.16108,121.0182
JVASP-17668,1,Np,151.45224,68.16108,119.40275
JVASP-17668,2,Np,151.45312,68.16108,88.761
JVASP-17668,3,Sn,85.71867,6.63049,81.5715
JVASP-17668,4,Sn,85.71869,6.63049,79.4458
JVASP-17668,5,Sn,85.71867,6.63049,82.51093
JVASP-17668,6,Ir,423.53882,25.960743,399.53046
JVASP-17668,7,Ir,1.5419539,25.960743,24.534767
JVASP-17668,8,Ir,423.53882,25.960743,399.53046
JVASP-53166,0,Ca,2.9593697,1.1291435,2.4541788
JVASP-53166,1,In,19.454557,6.7296906,23.328382
JVASP-53166,2,In,19.454685,6.7296906,22.889343
JVASP-53166,3,Te,424.76382,68.54225,461.19238
JVASP-53166,4,Te,424.73145,68.54225,374.8392
JVASP-53166,5,Te,424.76266,68.54225,385.7419
JVASP-53166,6,Te,424.7325,68.54225,463.0841
JVASP-31842,0,Ti,25.697472,1.1299996,25.553347
JVASP-31842,1,Ti,25.697472,1.1299996,25.553347
JVASP-31842,2,S,218.1285,15.204629,226.75826
JVASP-31842,3,S,218.1285,15.204629,226.75826
JVASP-31842,4,Cl,80.48075,20.642973,92.94061
JVASP-31842,5,Cl,419.75845,20.642973,424.2943
JVASP-31842,6,Cl,416.20517,20.642973,415.83148
JVASP-31842,7,Cl,110.49104,20.642973,115.745544
JVASP-31842,8,Cl,416.20517,20.642973,415.83148
JVASP-31842,9,Cl,77.61176,20.642973,68.16346
JVASP-31842,10,Cl,80.48075,20.642973,92.94061
JVASP-31842,11,Cl,77.61176,20.642973,68.16346
JVASP-31842,12,Cl,110.49104,20.642973,115.745544
JVASP-31842,13,Cl,71.81969,20.642973,73.50469
JVASP-31842,14,Cl,419.75845,20.642973,424.2943
JVASP-31842,15,Cl,71.81969,20.642973,73.50469
JVASP-31842,16,O,137.80786,1.173997,137.62576
JVASP-31842,17,O,137.80786,1.173997,137.62576
JVASP-54846,0,Th,416.01028,20.611576,430.61386
JVASP-54846,1,Ge,66.9304,9.267462,58.6768
JVASP-54846,2,Ge,66.9304,9.267462,58.6768
JVASP-54846,3,Os,112.424416,41.308342,81.44913
JVASP-54846,4,Os,112.424416,41.308342,81.44913
JVASP-15761,0,La,414.33688,5.9067655,412.32104
JVASP-15761,1,La,414.33688,5.9067655,415.9879
JVASP-15761,2,La,414.33688,5.9067655,414.81952
JVASP-15761,3,Tl,0.0,13.684985,13.684985
JVASP-15761,4,C,0.0,4.4679255,4.4679255
JVASP-66960,0,Y,52.40357,11.128398,59.811005
JVASP-66960,1,Be,8.6213875,0.38258058,8.315834
JVASP-66960,2,Be,8.6213875,0.38258058,8.315834
JVASP-66960,3,Bi,413.69757,75.36236,339.454
JVASP-56795,0,Tb,47.831635,11.037279,43.18553
JVASP-56795,1,Tb,47.831635,11.037279,43.68181
JVASP-56795,2,Tb,47.83654,11.037279,43.867447
JVASP-56795,3,In,30.778921,6.7296906,36.64957
JVASP-56795,4,In,30.777212,6.7296906,35.993816
JVASP-56795,5,In,30.777212,6.7296906,36.316074
JVASP-56795,6,Pt,118.94354,18.358461,101.72235
JVASP-56795,7,Pt,411.8474,18.358461,394.49997
JVASP-56795,8,Pt,411.8474,18.358461,394.49997
JVASP-8531,0,Dy,53.23705,4.4875207,51.65462
JVASP-8531,1,Dy,53.234997,4.4875207,52.54285
JVASP-8531,2,Dy,53.234997,4.4875207,50.358135
JVASP-8531,3,In,37.394424,6.7296906,42.955723
JVASP-8531,4,In,37.394424,6.7296906,42.641586
JVASP-8531,5,In,37.394535,6.7296906,43.279903
JVASP-8531,6,Pt,409.95026,18.358461,392.60306
JVASP-8531,7,Pt,409.95026,18.358461,392.60306
JVASP-8531,8,Pt,129.2114,18.358461,111.97464
JVASP-8070,0,Na,15.33054,0.84107655,15.682291
JVASP-8070,1,Na,15.33054,0.84107655,15.682291
JVASP-8070,2,Pd,408.4855,20.903904,429.16846
JVASP-8070,3,C,75.09401,4.4679255,73.31618
JVASP-8070,4,C,75.09401,4.4679255,73.31618
JVASP-35035,0,Pr,0.385389,6.8834753,6.510623
JVASP-35035,1,Pr,0.385389,6.8834753,6.510623
JVASP-35035,2,Sb,79.15648,27.438374,56.644585
JVASP-35035,3,Sb,79.15648,27.438374,56.644585
JVASP-35035,4,Pt,405.10602,18.358461,387.75934
JVASP-35035,5,Pt,405.10602,18.358461,387.75934
JVASP-41560,0,Th,402.62012,20.611576,394.8508
JVASP-41560,1,Th,404.31995,20.611576,386.3938
JVASP-41560,2,Th,402.61447,20.611576,398.22583
JVASP-41560,3,Th,402.61432,20.611576,398.2257
JVASP-41560,4,Th,404.32068,20.611576,386.3945
JVASP-41560,5,Th,402.62012,20.611576,394.8508
JVASP-41560,6,O,7.0074296,1.173997,7.2639875
JVASP-41560,7,O,7.007387,1.173997,7.244021
JVASP-41560,8,O,7.007387,1.173997,7.244021
JVASP-41560,9,O,7.0074296,1.173997,7.2639875
JVASP-3942,0,Th,403.19742,20.611576,385.56223
JVASP-3942,1,Th,403.19742,20.611576,385.56223
JVASP-3942,2,I,67.43853,47.949,111.62055
JVASP-3942,3,I,67.43853,47.949,111.62055
JVASP-3942,4,N,10.522192,2.1896696,10.03268
JVASP-3942,5,N,10.522192,2.1896696,10.03268
JVASP-35816,0,Tb,400.70468,11.037279,390.31458
JVASP-35816,1,Tb,400.70468,11.037279,406.28406
JVASP-35816,2,Tb,400.70468,11.037279,405.76593
JVASP-35816,3,Al,0.0,1.0875204,1.0875204
JVASP-35816,4,N,0.0,2.1896696,2.1896696
JVASP-80184,0,Ti,17.220247,1.1299996,16.23207
JVASP-80184,1,Ti,17.220247,1.1299996,16.23207
JVASP-80184,2,Ti,17.220247,1.1299996,16.23207
JVASP-80184,3,Ti,17.220247,1.1299996,16.23207
JVASP-80184,4,Os,399.8974,41.308342,364.11942
JVASP-80184,5,Os,399.8974,41.308342,364.11942
JVASP-80184,6,Rh,191.42743,12.903096,178.61172
JVASP-80184,7,Rh,191.42743,12.903096,178.61172
JVASP-4894,0,Ta,185.01253,34.19568,166.72774
JVASP-4894,1,Ta,185.01253,34.19568,161.43343
JVASP-4894,2,Ta,196.91193,34.19568,174.41017
JVASP-4894,3,Ta,196.91193,34.19568,179.7387
JVASP-4894,4,Te,353.48898,68.54225,349.05066
JVASP-4894,5,Te,353.48898,68.54225,365.6026
JVASP-4894,6,Te,148.36827,68.54225,85.209526
JVASP-4894,7,Te,148.36827,68.54225,93.40833
JVASP-4894,8,Te,356.02045,68.54225,361.3877
JVASP-4894,9,Te,356.02045,68.54225,345.15454
JVASP-4894,10,Te,192.09251,68.54225,135.07872
JVASP-4894,11,Te,192.09251,68.54225,145.33028
JVASP-4894,12,Te,172.45569,68.54225,106.44041
JVASP-4894,13,Te,172.45569,68.54225,112.53837
JVASP-4894,14,Te,401.0048,68.54225,397.7782
JVASP-4894,15,Te,401.0048,68.54225,382.79736
JVASP-4894,16,Te,201.02054,68.54225,145.88737
JVASP-4894,17,Te,201.02054,68.54225,155.98384
JVASP-4894,18,Te,396.09793,68.54225,376.8475
JVASP-4894,19,Te,396.09793,68.54225,391.9125
JVASP-4894,20,Ir,98.91197,25.960743,74.11108
JVASP-4894,21,Ir,98.91197,25.960743,76.89696
JVASP-4894,22,Ir,121.4031,25.960743,100.61775
JVASP-4894,23,Ir,121.4031,25.960743,96.8441
JVASP-4412,0,Cu,26.3898,2.626418,23.892406
JVASP-4412,1,Ag,73.87579,6.9597216,74.07681
JVASP-4412,2,Te,398.1835,68.54225,365.98328
JVASP-4412,3,Te,391.02814,68.54225,368.06995
JVASP-36077,0,Pa,418.4263,92.4506,351.48523
JVASP-36077,1,Pa,418.4263,92.4506,357.8486
JVASP-36077,2,Pa,418.42862,92.4506,350.87286
JVASP-36077,3,Pa,418.4263,92.4506,351.48523
JVASP-36077,4,Pa,418.4263,92.4506,357.8486
JVASP-36077,5,Pa,418.42862,92.4506,350.87286
JVASP-36077,6,Mo,98.747505,41.233887,57.589912
JVASP-36077,7,Mo,98.746284,41.233887,57.588673
JVASP-15419,0,Zr,42.461903,6.08661,36.553272
JVASP-15419,1,Zr,42.461903,6.08661,36.553272
JVASP-15419,2,Zr,42.461903,6.08661,36.553272
JVASP-15419,3,Zr,42.461903,6.08661,36.553272
JVASP-15419,4,Sn,390.5344,6.63049,385.22034
JVASP-15419,5,Sn,390.5344,6.63049,385.22034
JVASP-15419,6,C,2.1016622,4.4679255,5.685276
JVASP-15419,7,C,2.1016622,4.4679255,5.685276
JVASP-12334,0,Pb,73.6093,21.544178,62.70705
JVASP-12334,1,Pb,73.6093,21.544178,62.70705
JVASP-12334,2,Se,388.569,29.56337,373.96182
JVASP-12334,3,Se,388.569,29.56337,373.96182
JVASP-12334,4,O,159.78256,1.173997,159.49965
JVASP-12334,5,O,159.78256,1.173997,159.54712
JVASP-12334,6,O,159.78256,1.173997,159.49965
JVASP-12334,7,O,159.78256,1.173997,159.54712
JVASP-12334,8,O,161.66187,1.173997,161.97035
JVASP-12334,9,O,161.66187,1.173997,161.97035
JVASP-5212,0,C,46.59514,4.4679255,47.78882
JVASP-5212,1,C,46.59514,4.4679255,48.70481
JVASP-5212,2,C,46.59514,4.4679255,47.590935
JVASP-5212,3,C,46.59514,4.4679255,48.649418
JVASP-5212,4,S,306.0524,15.204629,300.96387
JVASP-5212,5,S,306.0524,15.204629,299.56122
JVASP-5212,6,S,306.0524,15.204629,297.7426
JVASP-5212,7,S,306.0524,15.204629,299.76556
JVASP-5212,8,S,169.89146,15.204629,172.35175
JVASP-5212,9,S,169.89146,15.204629,171.30179
JVASP-5212,10,S,169.89146,15.204629,169.20143
JVASP-5212,11,S,169.89146,15.204629,169.90092
JVASP-5212,12,N,86.073425,2.1896696,87.268394
JVASP-5212,13,N,86.073425,2.1896696,87.34197
JVASP-5212,14,N,86.073425,2.1896696,87.15427
JVASP-5212,15,N,86.073425,2.1896696,87.27005
JVASP-5212,16,Cl,388.0291,20.642973,399.11
JVASP-5212,17,Cl,388.0291,20.642973,399.828
JVASP-5212,18,Cl,388.0291,20.642973,398.61566
JVASP-5212,19,Cl,388.0291,20.642973,397.91028
JVASP-5212,20,O,134.95381,1.173997,135.05113
JVASP-5212,21,O,134.95381,1.173997,134.30371
JVASP-5212,22,O,134.95381,1.173997,134.00983
JVASP-5212,23,O,134.95381,1.173997,135.05244
JVASP-5212,24,O,149.13817,1.173997,149.72148
JVASP-5212,25,O,149.13817,1.173997,148.12259
JVASP-5212,26,O,149.13817,1.173997,148.16177
JVASP-5212,27,O,149.13817,1.173997,149.8169
JVASP-18461,0,U,385.1529,22.270443,369.67035
JVASP-18461,1,U,385.1529,22.270443,369.67035
JVASP-18461,2,Br,48.500713,43.576878,88.19537
JVASP-18461,3,Br,48.500713,43.576878,88.19537
JVASP-18461,4,N,4.773239,2.1896696,4.564978
JVASP-18461,5,N,4.773239,2.1896696,4.564978
JVASP-14218,0,Nb,33.020756,15.259404,17.92827
JVASP-14218,1,Hg,356.2097,18.195402,351.50394
JVASP-14218,2,Hg,383.5268,18.195402,378.78976
JVASP-14218,3,Hg,383.5268,18.195402,378.78976
JVASP-14218,4,F,47.515095,15.800529,48.83596
JVASP-14218,5,F,47.515095,15.800529,45.339703
JVASP-14218,6,F,47.51866,15.800529,47.2868
JVASP-14218,7,F,47.515095,15.800529,45.339703
JVASP-14218,8,F,47.515095,15.800529,48.83596
JVASP-14218,9,F,47.51866,15.800529,47.2868
JVASP-2856,0,Na,3.8987446,0.84107655,4.328593
JVASP-2856,1,Na,24.616629,0.84107655,24.990955
JVASP-2856,2,Na,3.8987446,0.84107655,4.328593
JVASP-2856,3,Na,24.616629,0.84107655,24.990955
JVASP-2856,4,P,64.16041,4.940868,67.03066
JVASP-2856,5,P,64.16041,4.940868,67.03066
JVASP-2856,6,Cd,382.82318,15.619623,395.10837
JVASP-64904,0,K,27.88091,3.9006114,31.669924
JVASP-64904,1,K,27.88091,3.9006114,31.669924
JVASP-64904,2,Ta,381.08914,34.19568,413.7872
JVASP-64904,3,Ta,381.08914,34.19568,413.7872
JVASP-64904,4,Be,9.495038,0.38258058,9.189192
JVASP-64904,5,Be,8.9234915,0.38258058,9.234887
JVASP-64904,6,Be,9.495038,0.38258058,9.189192
JVASP-64904,7,Be,8.9234915,0.38258058,9.234887
JVASP-8809,0,As,140.8133,16.668182,144.34789
JVASP-8809,1,As,140.8133,16.668182,144.34789
JVASP-8809,2,Na,8.944997,0.84107655,9.463222
JVASP-8809,3,Na,8.944997,0.84107655,9.463222
JVASP-8809,4,Se,427.69214,29.56337,431.79767
JVASP-8809,5,Se,427.7005,29.56337,425.98694
JVASP-8809,6,Se,427.7019,29.56337,425.98834
JVASP-8809,7,Se,427.69138,29.56337,431.79688
JVASP-5290,0,H,38.9107,4.494067,39.16963
JVASP-5290,1,H,38.9107,4.494067,39.17292
JVASP-5290,2,H,38.9107,4.494067,39.172905
JVASP-5290,3,H,38.9107,4.494067,39.16964
JVASP-5290,4,S,338.13724,15.204629,349.65466
JVASP-5290,5,S,338.13724,15.204629,348.10062
JVASP-5290,6,S,338.13724,15.204629,348.10062
JVASP-5290,7,S,338.13724,15.204629,349.65466
JVASP-5290,8,S,395.17477,15.204629,401.16873
JVASP-5290,9,S,395.17477,15.204629,400.8381
JVASP-5290,10,S,395.17477,15.204629,398.24948
JVASP-5290,11,S,395.17477,15.204629,399.3578
JVASP-5290,12,S,395.175,15.204629,401.1689
JVASP-5290,13,S,395.175,15.204629,400.8383
JVASP-5290,14,S,395.175,15.204629,398.2497
JVASP-5290,15,S,395.175,15.204629,399.35797
JVASP-5290,16,S,324.87143,15.204629,315.6506
JVASP-5290,17,S,324.87143,15.204629,317.10745
JVASP-5290,18,S,324.87143,15.204629,319.0458
JVASP-5290,19,S,324.87143,15.204629,318.08084
JVASP-5290,20,S,324.87164,15.204629,315.65082
JVASP-5290,21,S,324.87164,15.204629,317.10767
JVASP-5290,22,S,324.87164,15.204629,319.04605
JVASP-5290,23,S,324.87164,15.204629,318.08105
JVASP-5290,24,S,334.4925,15.204629,336.53644
JVASP-5290,25,S,334.4925,15.204629,337.41473
JVASP-5290,26,S,334.4925,15.204629,337.1793
JVASP-5290,27,S,334.4925,15.204629,334.90375
JVASP-5290,28,S,334.49252,15.204629,336.53647
JVASP-5290,29,S,334.49252,15.204629,337.41476
JVASP-5290,30,S,334.49252,15.204629,337.17935
JVASP-5290,31,S,334.49252,15.204629,334.90378
JVASP-5290,32,N,128.11826,2.1896696,128.61867
JVASP-5290,33,N,128.11812,2.1896696,128.65182
JVASP-5290,34,N,128.11812,2.1896696,128.65182
JVASP-5290,35,N,128.11812,2.1896696,128.61853
JVASP-67313,0,Ca,12.899013,1.1291435,13.217113
JVASP-67313,1,Ca,12.899013,1.1291435,13.217113
JVASP-67313,2,Be,4.6964884,0.38258058,4.3936815
JVASP-67313,3,Be,4.6964884,0.38258058,4.3936815
JVASP-67313,4,Pb,374.6617,21.544178,387.3762
JVASP-67313,5,Pb,374.6617,21.544178,387.3762
JVASP-16055,0,Sr,23.86048,5.8790126,18.881624
JVASP-16055,1,Sr,23.86048,5.8790126,18.881624
JVASP-16055,2,As,109.68733,16.668182,93.491104
JVASP-16055,3,As,109.68733,16.668182,93.491104
JVASP-16055,4,Pt,372.50247,18.358461,355.1599
JVASP-16055,5,Pt,372.50247,18.358461,355.1599
JVASP-12488,0,O,45.079487,1.173997,44.460243
JVASP-12488,1,O,45.079487,1.173997,45.61683
JVASP-12488,2,O,45.079487,1.173997,44.460243
JVASP-12488,3,O,45.079487,1.173997,45.61683
JVASP-12488,4,Cl,2.6518285,20.642973,22.39108
JVASP-12488,5,Cl,2.6518285,20.642973,22.39108
JVASP-12488,6,Pb,124.40541,21.544178,136.61728
JVASP-12488,7,Pb,124.40541,21.544178,136.61728
JVASP-12488,8,Bi,373.35913,75.36236,316.90503
JVASP-12488,9,Bi,373.35913,75.36236,316.90503
JVASP-85491,0,Eu,13.996386,21.293404,7.3053823
JVASP-85491,1,K,5.321924,3.9006114,1.8362327
JVASP-85491,2,Cu,20.648893,2.626418,18.158245
JVASP-85491,3,Cu,20.648893,2.626418,22.212872
JVASP-85491,4,Te,3.3745804,68.54225,71.82714
JVASP-85491,5,Te,369.26608,68.54225,302.40277
JVASP-85491,6,Te,176.81479,68.54225,111.348625
JVASP-85491,7,Te,369.26608,68.54225,303.96667
JVASP-69101,0,Ba,366.87314,16.451351,383.25397
JVASP-69101,1,Ba,366.87314,16.451351,383.25397
JVASP-69101,2,Ta,276.36612,34.19568,309.10867
JVASP-69101,3,Ta,276.36612,34.19568,309.10867
JVASP-69101,4,Ta,276.36612,34.19568,309.10867
JVASP-69101,5,Ta,276.36612,34.19568,309.10867
JVASP-69101,6,P,104.514824,4.940868,108.305695
JVASP-69101,7,P,104.514824,4.940868,108.305695
JVASP-17924,0,Sm,67.10816,14.72507,74.665344
JVASP-17924,1,Sm,67.108475,14.72507,74.15613
JVASP-17924,2,Sm,67.108475,14.72507,73.93283
JVASP-17924,3,Sn,91.03933,6.63049,91.96194
JVASP-17924,4,Sn,91.034485,6.63049,86.18778
JVASP-17924,5,Sn,91.03933,6.63049,90.21014
JVASP-17924,6,Pt,365.2516,18.358461,347.91003
JVASP-17924,7,Pt,3.9571507,18.358461,22.143593
JVASP-17924,8,Pt,365.2516,18.358461,347.91003
JVASP-65654,0,Ba,57.676502,16.451351,74.070496
JVASP-65654,1,Tl,8.930023,13.684985,21.032217
JVASP-65654,2,Se,363.60223,29.56337,392.56418
JVASP-65654,3,Se,363.60223,29.56337,392.56418
JVASP-85161,0,La,0.0,5.9067655,5.9067655
JVASP-85161,1,B,0.0,5.024234,5.024234
JVASP-85161,2,Pt,362.66818,18.358461,358.6447
JVASP-85161,3,Pt,362.66818,18.358461,380.10492
JVASP-85161,4,Pt,362.66818,18.358461,349.98566
JVASP-27032,0,U,11.376246,22.270443,31.388329
JVASP-27032,1,U,11.376246,22.270443,31.388329
JVASP-27032,2,Sb,362.10806,27.438374,386.39905
JVASP-27032,3,Sb,362.10806,27.438374,386.39905
JVASP-27032,4,Sb,326.33084,27.438374,302.55182
JVASP-27032,5,Sb,326.33084,27.438374,302.55182
JVASP-27032,6,Au,112.01027,9.827829,116.445206
JVASP-27032,7,Au,112.01027,9.827829,116.445206
JVASP-69332,0,Ba,119.11297,16.451351,135.49957
JVASP-69332,1,Te,358.8429,68.54225,425.7781
JVASP-69332,2,Pd,88.6676,20.903904,94.26414
JVASP-69332,3,Pd,88.6676,20.903904,99.373215
JVASP-67605,0,Be,1.20025,0.38258058,0.91984063
JVASP-67605,1,Be,15.645707,0.38258058,15.955936
JVASP-67605,2,Tl,357.65488,13.684985,367.59543
JVASP-67605,3,Cl,151.27559,20.642973,132.23303
JVASP-50826,0,B,40.836983,5.024234,37.6581
JVASP-50826,1,B,40.836983,5.024234,37.6581
JVASP-50826,2,Sb,355.27225,27.438374,361.5973
JVASP-50826,3,Sb,355.27225,27.438374,361.5973
JVASP-50826,4,O,120.70099,1.173997,120.56424
JVASP-50826,5,O,84.04872,1.173997,83.23928
JVASP-50826,6,O,109.72803,1.173997,110.339676
JVASP-50826,7,O,109.72803,1.173997,110.339676
JVASP-50826,8,O,84.04872,1.173997,83.23928
JVASP-50826,9,O,120.70099,1.173997,120.56424
JVASP-2388,0,Ba,351.74753,16.451351,335.37347
JVASP-2388,1,Ba,351.74753,16.451351,335.37347
JVASP-2388,2,Ce,250.24232,7.3629155,257.47192
JVASP-2388,3,Ce,250.24232,7.3629155,257.47192
JVASP-2388,4,N,15.697556,2.1896696,15.134285
JVASP-2388,5,N,15.697556,2.1896696,15.134285
JVASP-2388,6,N,15.697556,2.1896696,15.134285
JVASP-2388,7,N,15.697556,2.1896696,15.134285
JVASP-56315,0,Ba,43.35543,16.451351,45.981365
JVASP-56315,1,Ag,166.44568,6.9597216,165.96465
JVASP-56315,2,Ag,166.44745,6.9597216,169.19196
JVASP-56315,3,Ge,11.409973,9.267462,13.6282215
JVASP-56315,4,Se,381.93442,29.56337,361.3943
JVASP-56315,5,Se,381.93463,29.56337,408.2254
JVASP-56315,6,Se,381.9352,29.56337,381.69443
JVASP-56315,7,Se,381.9355,29.56337,374.02795
JVASP-79242,0,Ir,348.96985,25.960743,373.2166
JVASP-79242,1,Ir,348.96985,25.960743,373.2166
JVASP-79242,2,Pb,210.75165,21.544178,199.2272
JVASP-79242,3,Pb,210.75165,21.544178,199.2272
JVASP-67250,0,Be,14.349927,0.38258058,14.660297
JVASP-67250,1,Be,14.349927,0.38258058,14.660297
JVASP-67250,2,Os,128.9297,41.308342,93.746315
JVASP-67250,3,Os,128.9297,41.308342,93.746315
JVASP-67250,4,Pb,347.9141,21.544178,360.65854
JVASP-67250,5,Pb,347.9141,21.544178,360.65854
JVASP-81273,0,Ti,32.953484,1.1299996,31.854055
JVASP-81273,1,Ti,32.953484,1.1299996,31.854055
JVASP-81273,2,Ti,32.953484,1.1299996,31.854055
JVASP-81273,3,Ti,32.953484,1.1299996,31.854055
JVASP-81273,4,Pt,352.12793,18.358461,334.14597
JVASP-81273,5,Pt,352.12793,18.358461,334.14597
JVASP-81273,6,W,301.1578,103.865906,404.68655
JVASP-81273,7,W,301.1578,103.865906,404.68655
JVASP-65357,0,Ba,344.4096,16.451351,328.03165
JVASP-65357,1,Ni,4.2138925,5.243039,9.161848
JVASP-65357,2,Mo,131.83644,41.233887,173.03621
JVASP-65357,3,Mo,131.83644,41.233887,173.03621
JVASP-2193,0,Sb,275.712,27.438374,256.47128
JVASP-2193,1,Sb,275.712,27.438374,256.47128
JVASP-2193,2,Sb,275.712,27.438374,255.01408
JVASP-2193,3,Sb,275.712,27.438374,255.01408
JVASP-2193,4,Os,355.41113,41.308342,375.31958
JVASP-2193,5,Os,355.41113,41.308342,377.36813
JVASP-35822,0,Y,0.0,11.128398,11.128398
JVASP-35822,1,B,0.0,5.024234,5.024234
JVASP-35822,2,Pt,340.95264,18.358461,336.95767
JVASP-35822,3,Pt,340.95264,18.358461,358.39212
JVASP-35822,4,Pt,340.95264,18.358461,328.28616
JVASP-17840,0,U,68.29177,22.270443,54.768974
JVASP-17840,1,U,68.29177,22.270443,54.768974
JVASP-17840,2,Sb,339.63074,27.438374,315.83966
JVASP-17840,3,Sb,339.63074,27.438374,315.83966
JVASP-17840,4,As,24.663914,16.668182,41.091965
JVASP-17840,5,As,24.663914,16.668182,41.091965
JVASP-65424,0,Ba,189.94487,16.451351,206.3284
JVASP-65424,1,Ti,42.037476,1.1299996,40.998848
JVASP-65424,2,Ti,42.037476,1.1299996,41.81378
JVASP-65424,3,Tl,337.2098,13.684985,347.15765
JVASP-17918,0,La,335.2788,5.9067655,335.7713
JVASP-17918,1,La,335.2788,5.9067655,336.93893
JVASP-17918,2,La,335.2788,5.9067655,333.2718
JVASP-17918,3,In,0.0,6.7296906,6.7296906
JVASP-17918,4,N,0.0,2.1896696,2.1896696
JVASP-33797,0,Ac,333.78708,31.326805,365.11386
JVASP-33797,1,Ac,333.78708,31.326805,365.11386
JVASP-33797,2,I,145.71346,47.949,117.17014
JVASP-33797,3,I,145.71346,47.949,122.06142
JVASP-33797,4,I,145.71365,47.949,145.13544
JVASP-33797,5,I,145.71346,47.949,117.17014
JVASP-33797,6,I,145.71346,47.949,122.06142
JVASP-33797,7,I,145.71365,47.949,145.13544
JVASP-67202,0,Zr,62.28889,6.08661,56.371593
JVASP-67202,1,Zr,62.28889,6.08661,56.371593
JVASP-67202,2,Be,1.5080692,0.38258058,1.220564
JVASP-67202,3,Be,1.5080692,0.38258058,1.220564
JVASP-67202,4,Tl,332.96896,13.684985,323.2927
JVASP-67202,5,Tl,332.96896,13.684985,323.2927
JVASP-15774,0,Tb,23.27995,11.037279,33.88724
JVASP-15774,1,Tb,23.27995,11.037279,33.88724
JVASP-15774,2,Cu,9.366849,2.626418,8.613339
JVASP-15774,3,Cu,9.366849,2.626418,8.613339
JVASP-15774,4,As,332.18756,16.668182,315.94156
JVASP-15774,5,As,332.18756,16.668182,315.94156
JVASP-15774,6,As,43.88261,16.668182,60.2593
JVASP-15774,7,As,43.88261,16.668182,60.2593
JVASP-16388,0,Y,14.029044,11.128398,11.457799
JVASP-16388,1,Y,14.029044,11.128398,11.457799
JVASP-16388,2,Cu,9.686915,2.626418,8.921291
JVASP-16388,3,Cu,9.686915,2.626418,8.921291
JVASP-16388,4,As,329.56335,16.668182,313.3175
JVASP-16388,5,As,329.56335,16.668182,313.3175
JVASP-16388,6,As,43.1249,16.668182,59.502987
JVASP-16388,7,As,43.1249,16.668182,59.502987
JVASP-7642,0,Al,6.603536,1.0875204,7.071262
JVASP-7642,1,Al,6.603536,1.0875204,7.071262
JVASP-7642,2,K,22.312931,3.9006114,21.693743
JVASP-7642,3,K,22.312931,3.9006114,21.693743
JVASP-7642,4,Te,348.6805,68.54225,366.33395
JVASP-7642,5,Te,348.67932,68.54225,320.26407
JVASP-7642,6,Te,348.67932,68.54225,320.26407
JVASP-7642,7,Te,348.6805,68.54225,366.33395
JVASP-2295,0,Cu,3.3381438,2.626418,4.4112506
JVASP-2295,1,Cu,3.3381438,2.626418,4.4112506
JVASP-2295,2,Ga,0.22394791,4.5793962,4.7333584
JVASP-2295,3,Ga,0.22394791,4.5793962,4.7333584
JVASP-2295,4,Te,352.77917,68.54225,385.15063
JVASP-2295,5,Te,352.77853,68.54225,315.10565
JVASP-2295,6,Te,352.77902,68.54225,397.96994
JVASP-2295,7,Te,352.77887,68.54225,325.92752
JVASP-32414,0,Si,27.201403,1.7483627,27.844408
JVASP-32414,1,Si,27.201403,1.7483627,27.844408
JVASP-32414,2,C,65.07656,4.4679255,63.556965
JVASP-32414,3,C,65.07656,4.4679255,63.556965
JVASP-32414,4,Cl,247.5588,20.642973,251.81784
JVASP-32414,5,Cl,247.9193,20.642973,238.74713
JVASP-32414,6,Cl,247.9193,20.642973,238.74713
JVASP-32414,7,Cl,247.9201,20.642973,258.8726
JVASP-32414,8,Cl,247.5588,20.642973,251.81784
JVASP-32414,9,Cl,247.9201,20.642973,258.8726
JVASP-32414,10,F,325.65088,15.800529,335.81546
JVASP-32414,11,F,325.65088,15.800529,315.50156
JVASP-32414,12,F,325.30493,15.800529,330.04333
JVASP-32414,13,F,325.65088,15.800529,315.50156
JVASP-32414,14,F,325.30493,15.800529,330.04333
JVASP-32414,15,F,325.65088,15.800529,335.81546
JVASP-8356,0,Mg,3.2166054,0.4287979,3.3058794
JVASP-8356,1,W,324.1074,103.865906,386.60345
JVASP-8356,2,F,116.54201,15.800529,119.601166
JVASP-8356,3,F,116.54197,15.800529,111.86647
JVASP-8356,4,F,116.54189,15.800529,116.637695
JVASP-8356,5,F,116.54197,15.800529,111.86647
JVASP-8356,6,F,116.54201,15.800529,119.601166
JVASP-8356,7,F,116.54189,15.800529,116.637695
JVASP-7981,0,Lu,0.0,5.367924,5.367924
JVASP-7981,1,Tl,322.36264,13.684985,311.18073
JVASP-7981,2,Tl,322.36264,13.684985,332.31635
JVASP-7981,3,Tl,322.36264,13.684985,324.11002
JVASP-5236,0,P,131.4012,4.940868,131.16322
JVASP-5236,1,P,131.4012,4.940868,131.24715
JVASP-5236,2,P,131.4012,4.940868,131.24715
JVASP-5236,3,P,131.4012,4.940868,131.16322
JVASP-5236,4,Cl,317.52054,20.642973,307.56314
JVASP-5236,5,Cl,317.52054,20.642973,308.38272
JVASP-5236,6,Cl,317.52054,20.642973,309.33096
JVASP-5236,7,Cl,317.52054,20.642973,308.45325
JVASP-5236,8,Cl,319.43216,20.642973,330.1297
JVASP-5236,9,Cl,319.43216,20.642973,327.63293
JVASP-5236,10,Cl,319.43216,20.642973,327.63293
JVASP-5236,11,Cl,319.43216,20.642973,330.1297
JVASP-5236,12,Cl,317.52054,20.642973,308.45325
JVASP-5236,13,Cl,317.52054,20.642973,309.33096
JVASP-5236,14,Cl,317.52054,20.642973,308.38272
JVASP-5236,15,Cl,317.52054,20.642973,307.56314
JVASP-17605,0,Np,55.280087,68.16108,117.028076
JVASP-17605,1,Np,55.280087,68.16108,117.028076
JVASP-17605,2,As,318.97992,16.668182,302.73483
JVASP-17605,3,As,318.97992,16.668182,302.73483
JVASP-17605,4,Se,1.412539,29.56337,28.183418
JVASP-17605,5,Se,1.412539,29.56337,28.183418
JVASP-5254,0,Bi,325.51254,75.36236,344.9546
JVASP-5254,1,Bi,325.51254,75.36236,344.9546
JVASP-5254,2,Bi,325.51254,75.36236,330.73126
JVASP-5254,3,Bi,325.51254,75.36236,330.73126
JVASP-5254,4,S,59.61262,15.204629,56.076176
JVASP-5254,5,S,59.61262,15.204629,59.62578
JVASP-5254,6,S,59.61262,15.204629,59.62578
JVASP-5254,7,S,59.61262,15.204629,56.076176
JVASP-5254,8,Br,208.99298,43.576878,209.90761
JVASP-5254,9,Br,208.99298,43.576878,206.80486
JVASP-5254,10,Br,208.99298,43.576878,206.80486
JVASP-5254,11,Br,208.99298,43.576878,209.90761
JVASP-32441,0,Sb,22.35505,27.438374,34.369236
JVASP-32441,1,S,174.11166,15.204629,174.0511
JVASP-32441,2,S,174.11166,15.204629,174.0511
JVASP-32441,3,N,15.708829,2.1896696,14.2487335
JVASP-32441,4,Cl,294.61404,20.642973,286.40683
JVASP-32441,5,Cl,314.92944,20.642973,317.4821
JVASP-32441,6,Cl,294.6142,20.642973,301.86826
JVASP-32441,7,Cl,314.92944,20.642973,317.4821
JVASP-32441,8,Cl,294.61404,20.642973,286.40683
JVASP-32441,9,Cl,294.6142,20.642973,301.86826
JVASP-67729,0,Be,9.205999,0.38258058,9.517335
JVASP-67729,1,Bi,313.41794,75.36236,239.25916
JVASP-67729,2,K,41.450268,3.9006114,37.68957
JVASP-18143,0,Tb,51.410038,11.037279,41.28046
JVASP-18143,1,Tb,51.410484,11.037279,41.18601
JVASP-18143,2,Tb,51.410484,11.037279,41.25551
JVASP-18143,3,In,38.132072,6.7296906,39.711445
JVASP-18143,4,In,38.133278,6.7296906,38.050373
JVASP-18143,5,In,38.132072,6.7296906,38.90538
JVASP-18143,6,Ir,139.42986,25.960743,115.70465
JVASP-18143,7,Ir,311.67673,25.960743,287.7132
JVASP-18143,8,Ir,311.67673,25.960743,287.7132
JVASP-67124,0,Be,7.561575,0.38258058,7.8734493
JVASP-67124,1,Hg,198.9304,18.195402,204.81488
JVASP-67124,2,Re,310.44424,20.045204,323.57452
JVASP-30498,0,Hf,45.610313,15.926846,59.330627
JVASP-30498,1,Te,93.88221,68.54225,161.57585
JVASP-30498,2,Se,287.14377,29.56337,302.80832
JVASP-30498,3,Se,309.54773,29.56337,305.84253
JVASP-30498,4,Se,309.54773,29.56337,305.84253
JVASP-30498,5,Se,287.14377,29.56337,302.80832
JVASP-65513,0,Ba,306.41074,16.451351,290.03726
JVASP-65513,1,Tc,18.299322,8.509769,18.823812
JVASP-65513,2,Pd,42.525593,20.903904,22.073658
JVASP-65513,3,Pd,15.862895,20.903904,36.666477
JVASP-41962,0,Ba,305.3738,16.451351,289.00034
JVASP-41962,1,Ba,6.302537,16.451351,22.733469
JVASP-41962,2,Ga,27.283234,4.5793962,31.486458
JVASP-41962,3,Ga,27.283234,4.5793962,31.486458
JVASP-41962,4,O,152.6209,1.173997,153.08191
JVASP-41962,5,O,152.6209,1.173997,153.08191
JVASP-41962,6,O,152.6209,1.173997,152.23346
JVASP-41962,7,O,152.6209,1.173997,152.23346
JVASP-41962,8,O,124.519806,1.173997,124.38555
JVASP-35103,0,Th,85.04874,20.611576,103.35299
JVASP-35103,1,Th,85.04874,20.611576,103.35299
JVASP-35103,2,Sb,304.5516,27.438374,280.79486
JVASP-35103,3,Sb,304.5516,27.438374,280.79486
JVASP-35103,4,Te,79.72763,68.54225,20.730068
JVASP-35103,5,Te,79.72763,68.54225,20.730068
JVASP-22680,0,K,13.424837,3.9006114,9.701568
JVASP-22680,1,K,13.424837,3.9006114,9.701568
JVASP-22680,2,H,10.545889,4.494067,13.152798
JVASP-22680,3,H,10.545889,4.494067,13.152798
JVASP-22680,4,H,10.545889,4.494067,13.144286
JVASP-22680,5,H,10.545889,4.494067,13.144286
JVASP-22680,6,Pd,303.15292,20.903904,282.49832
JVASP-8350,0,Ca,13.945661,1.1291435,13.568496
JVASP-8350,1,W,302.0575,103.865906,365.19504
JVASP-8350,2,F,104.08384,15.800529,105.822655
JVASP-8350,3,F,104.08396,15.800529,97.82915
JVASP-8350,4,F,104.08373,15.800529,105.74741
JVASP-8350,5,F,104.08396,15.800529,97.82915
JVASP-8350,6,F,104.08384,15.800529,105.822655
JVASP-8350,7,F,104.08373,15.800529,105.74741
JVASP-80761,0,Sr,74.288956,5.8790126,79.516365
JVASP-80761,1,Sr,74.288956,5.8790126,79.516365
JVASP-80761,2,Li,0.45197564,0.084703535,0.37469694
JVASP-80761,3,Li,0.45197564,0.084703535,0.37469694
JVASP-80761,4,Li,0.45197564,0.084703535,0.37469694
JVASP-80761,5,Li,0.45197564,0.084703535,0.37469694
JVASP-80761,6,Tl,329.80685,13.684985,321.72644
JVASP-80761,7,Tl,329.80685,13.684985,321.72644
JVASP-14165,0,Li,0.19410478,0.084703535,0.23434731
JVASP-14165,1,Li,0.19410478,0.084703535,0.23434731
JVASP-14165,2,O,157.81126,1.173997,157.70984
JVASP-14165,3,O,157.81177,1.173997,158.65993
JVASP-14165,4,O,164.66315,1.173997,164.16823
JVASP-14165,5,O,164.66315,1.173997,164.16823
JVASP-14165,6,O,157.81177,1.173997,158.65993
JVASP-14165,7,O,157.81126,1.173997,157.70984
JVASP-14165,8,F,297.67563,15.800529,301.53372
JVASP-14165,9,F,297.67563,15.800529,301.53372
JVASP-14165,10,S,111.53582,15.204629,103.90028
JVASP-14165,11,S,111.53582,15.204629,103.90028
JVASP-2841,0,Se,304.8801,29.56337,294.20166
JVASP-2841,1,Se,304.8801,29.56337,294.20166
JVASP-2841,2,Rb,42.69898,7.136503,40.076546
JVASP-2841,3,Rb,42.69898,7.136503,40.076546
JVASP-2841,4,Pt,271.14636,18.358461,269.03708
JVASP-39573,0,Tl,86.30695,13.684985,96.59555
JVASP-39573,1,Tl,86.30695,13.684985,96.59555
JVASP-39573,2,Tl,295.37827,13.684985,285.7205
JVASP-39573,3,Tl,86.30695,13.684985,96.59555
JVASP-39573,4,Tl,86.30695,13.684985,96.59555
JVASP-39573,5,Tl,295.37827,13.684985,285.7205
JVASP-39573,6,H,0.15921684,4.494067,4.350854
JVASP-39573,7,H,0.15921684,4.494067,4.350854
JVASP-80760,0,Mg,4.1634803,0.4287979,4.119294
JVASP-80760,1,Mg,4.1634803,0.4287979,4.119294
JVASP-80760,2,Ru,70.119095,13.728401,79.25914
JVASP-80760,3,Ru,70.119095,13.728401,79.25914
JVASP-80760,4,Ru,70.119095,13.728401,79.25914
JVASP-80760,5,Ru,70.119095,13.728401,79.25914
JVASP-80760,6,W,302.4605,103.865906,372.6271
JVASP-80760,7,W,302.4605,103.865906,372.6271
JVASP-35336,0,Yb,255.65936,4.325258,259.59412
JVASP-35336,1,B,1.5399125,5.024234,3.4901218
JVASP-35336,2,B,1.5399125,5.024234,3.4901218
JVASP-35336,3,Ir,313.56274,25.960743,312.17776
JVASP-35336,4,Ir,313.5622,25.960743,326.6397
JVASP-35336,5,Ir,313.56274,25.960743,317.17908
JVASP-17644,0,Fe,17.00888,2.1271884,18.45886
JVASP-17644,1,Fe,17.00888,2.1271884,18.45886
JVASP-17644,2,Ge,102.55234,9.267462,94.05604
JVASP-17644,3,Ge,102.55234,9.267462,94.05604
JVASP-17644,4,Th,293.34192,20.611576,308.6291
JVASP-37364,0,Sm,8.587911,14.72507,6.2706685
JVASP-37364,1,Sm,8.587911,14.72507,6.2706685
JVASP-37364,2,Ni,4.8859158,5.243039,10.017464
JVASP-37364,3,Ni,4.8859158,5.243039,10.017464
JVASP-37364,4,Ni,9.477076,5.243039,14.571376
JVASP-37364,5,Ni,9.477076,5.243039,14.571376
JVASP-37364,6,Bi,81.52718,75.36236,13.691005
JVASP-37364,7,Bi,81.52718,75.36236,13.691005
JVASP-37364,8,Bi,292.52786,75.36236,218.39658
JVASP-37364,9,Bi,292.52786,75.36236,218.39658
JVASP-8406,0,Ba,291.39374,16.451351,307.77536
JVASP-8406,1,Al,2.1155424,1.0875204,3.1772094
JVASP-8406,2,Cu,90.940575,2.626418,92.062996
JVASP-8406,3,Ag,108.471565,6.9597216,102.05911
JVASP-8406,4,O,76.06833,1.173997,75.64498
JVASP-8406,5,O,76.06833,1.173997,76.51743
JVASP-8406,6,O,91.55863,1.173997,91.22128
JVASP-8406,7,O,91.55863,1.173997,92.02101
JVASP-8406,8,O,119.09419,1.173997,118.96018
JVASP-26358,0,Ho,36.79052,5.3662715,42.016827
JVASP-26358,1,Bi,289.8424,75.36236,215.71501
JVASP-26358,2,Bi,289.8424,75.36236,215.71501
JVASP-26358,3,Cl,1.2451572,20.642973,21.808886
JVASP-26358,4,O,92.57811,1.173997,93.020256
JVASP-26358,5,O,92.57811,1.173997,93.020256
JVASP-26358,6,O,92.57811,1.173997,92.147156
JVASP-26358,7,O,92.57811,1.173997,92.147156
JVASP-26409,0,Y,22.640635,11.128398,30.692982
JVASP-26409,1,Bi,288.43967,75.36236,214.31435
JVASP-26409,2,Bi,288.43967,75.36236,214.31435
JVASP-26409,3,Cl,2.9067278,20.642973,23.377443
JVASP-26409,4,O,93.89883,1.173997,93.46859
JVASP-26409,5,O,93.89883,1.173997,94.341705
JVASP-26409,6,O,93.89883,1.173997,94.341705
JVASP-26409,7,O,93.89883,1.173997,93.46859
JVASP-29499,0,Cd,108.69212,15.619623,119.87597
JVASP-29499,1,Cd,80.66538,15.619623,91.8704
JVASP-29499,2,Bi,288.433,75.36236,277.89545
JVASP-29499,3,Bi,288.433,75.36236,277.89545
JVASP-29499,4,S,68.99106,15.204629,80.87455
JVASP-29499,5,S,28.20553,15.204629,19.20742
JVASP-29499,6,S,68.99106,15.204629,80.87455
JVASP-29499,7,S,28.20553,15.204629,19.20742
JVASP-29499,8,Br,170.38971,43.576878,188.37566
JVASP-29499,9,Br,170.38971,43.576878,188.37566
JVASP-17928,0,Y,286.26044,11.128398,288.56735
JVASP-17928,1,Y,286.26044,11.128398,277.49323
JVASP-17928,2,Y,286.26044,11.128398,293.14337
JVASP-17928,3,Pb,0.0,21.544178,21.544178
JVASP-17928,4,C,0.0,4.4679255,4.4679255
JVASP-18166,0,U,5.399492,22.270443,18.82389
JVASP-18166,1,U,5.399492,22.270443,18.82389
JVASP-18166,2,Ni,24.663914,5.243039,19.710629
JVASP-18166,3,Ni,24.663914,5.243039,19.710629
JVASP-18166,4,As,285.0806,16.668182,268.83823
JVASP-18166,5,As,98.70382,16.668182,115.02821
JVASP-18166,6,As,285.0806,16.668182,268.83823
JVASP-18166,7,As,98.70382,16.668182,115.02821
JVASP-11200,0,Na,8.276781,0.84107655,7.72579
JVASP-11200,1,Na,8.276781,0.84107655,7.676371
JVASP-11200,2,Na,5.846156,0.84107655,5.739045
JVASP-11200,3,Na,5.846156,0.84107655,5.7238717
JVASP-11200,4,Se,278.1236,29.56337,281.42493
JVASP-11200,5,Se,278.1236,29.56337,276.07425
JVASP-11200,6,Se,265.89722,29.56337,270.3862
JVASP-11200,7,Se,265.89722,29.56337,265.19354
JVASP-11200,8,Pt,296.72748,18.358461,296.83777
JVASP-11200,9,Pt,296.72748,18.358461,300.03412
JVASP-29470,0,Ag,48.05817,6.9597216,54.567474
JVASP-29470,1,Ag,48.05817,6.9597216,54.567474
JVASP-29470,2,Pb,282.65234,21.544178,295.49258
JVASP-29470,3,Pb,282.65234,21.544178,295.49258
JVASP-29470,4,Br,132.02505,43.576878,170.09094
JVASP-29470,5,Br,132.02505,43.576878,170.09094
JVASP-29470,6,O,10.216822,1.173997,10.144295
JVASP-29470,7,O,10.216822,1.173997,10.144295
JVASP-35499,0,Mn,96.11063,1.6964667,97.41649
JVASP-35499,1,N,6.4070487,2.1896696,6.066191
JVASP-35499,2,N,6.4070487,2.1896696,6.066191
JVASP-35499,3,Cl,175.36061,20.642973,156.2857
JVASP-35499,4,Cl,175.36061,20.642973,156.2857
JVASP-35499,5,Cl,281.37238,20.642973,297.20944
JVASP-35499,6,Cl,281.37238,20.642973,284.94586
JVASP-8407,0,Ba,280.56863,16.451351,296.95038
JVASP-8407,1,Al,0.725049,1.0875204,1.796907
JVASP-8407,2,Cu,69.777794,2.626418,70.90947
JVASP-8407,3,Cu,69.71411,2.626418,70.84582
JVASP-8407,4,O,98.263664,1.173997,97.95359
JVASP-8407,5,O,98.263664,1.173997,98.71986
JVASP-8407,6,O,98.36301,1.173997,98.0527
JVASP-8407,7,O,98.36301,1.173997,98.81926
JVASP-8407,8,O,139.95078,1.173997,139.81592
JVASP-12745,0,Cl,66.94247,20.642973,62.871975
JVASP-12745,1,Cl,66.94136,20.642973,72.00262
JVASP-12745,2,Cl,66.94136,20.642973,72.00262
JVASP-12745,3,Cl,66.94247,20.642973,62.871975
JVASP-12745,4,Cl,66.942314,20.642973,81.80114
JVASP-12745,5,Cl,66.94287,20.642973,61.608635
JVASP-12745,6,Cl,66.942314,20.642973,81.80114
JVASP-12745,7,Cl,66.94287,20.642973,61.608635
JVASP-12745,8,Pa,279.50702,92.4506,278.8565
JVASP-12745,9,Pa,279.50702,92.4506,278.8565
JVASP-16264,0,Y,278.68335,11.128398,280.99585
JVASP-16264,1,Y,278.68335,11.128398,285.56982
JVASP-16264,2,Y,278.68335,11.128398,269.91843
JVASP-16264,3,Ga,0.0,4.5793962,4.5793962
JVASP-16264,4,C,0.0,4.4679255,4.4679255
JVASP-2748,0,F,280.69345,15.800529,285.95056
JVASP-2748,1,F,280.69485,15.800529,275.0187
JVASP-2748,2,F,280.6947,15.800529,283.07553
JVASP-2748,3,F,280.69485,15.800529,275.0187
JVASP-2748,4,F,280.69345,15.800529,285.95056
JVASP-2748,5,F,280.6947,15.800529,283.07553
JVASP-2748,6,Zn,9.327241,10.546378,17.196196
JVASP-2748,7,Pt,8.703605,18.358461,24.4538
JVASP-35528,0,Cd,30.19976,15.619623,14.911013
JVASP-35528,1,Ag,11.343587,6.9597216,5.5559874
JVASP-35528,2,Ag,11.343587,6.9597216,5.5559874
JVASP-35528,3,I,320.02466,47.949,316.4111
JVASP-35528,4,I,320.02466,47.949,340.93784
JVASP-35528,5,I,320.02466,47.949,335.4471
JVASP-35528,6,I,320.02466,47.949,323.1452
JVASP-77442,0,Mn,34.28758,1.6964667,32.762634
JVASP-77442,1,Mn,34.28758,1.6964667,32.762634
JVASP-77442,2,V,103.705284,3.798005,100.77343
JVASP-77442,3,V,103.705284,3.798005,100.77343
JVASP-77442,4,Os,279.41333,41.308342,309.48434
JVASP-77442,5,Os,279.41333,41.308342,309.48434
JVASP-77442,6,Os,279.41333,41.308342,309.48434
JVASP-77442,7,Os,279.41333,41.308342,309.48434
JVASP-12125,0,Zn,90.03163,10.546378,93.4204
JVASP-12125,1,Zn,90.03163,10.546378,93.4204
JVASP-12125,2,Zn,90.03163,10.546378,93.4204
JVASP-12125,3,Zn,90.03163,10.546378,93.4204
JVASP-12125,4,W,293.3159,103.865906,246.78339
JVASP-12125,5,W,293.3159,103.865906,246.78339
JVASP-12125,6,W,293.3159,103.865906,246.78339
JVASP-12125,7,W,293.3159,103.865906,246.78339
JVASP-12125,8,O,31.328854,1.173997,31.4021
JVASP-12125,9,O,70.38437,1.173997,70.86423
JVASP-12125,10,O,31.328854,1.173997,32.081066
JVASP-12125,11,O,70.38437,1.173997,69.7105
JVASP-12125,12,O,31.328854,1.173997,31.4021
JVASP-12125,13,O,31.328854,1.173997,32.081066
JVASP-12125,14,O,70.38437,1.173997,70.86423
JVASP-12125,15,O,70.38437,1.173997,69.7105
JVASP-12125,16,O,31.328854,1.173997,31.4021
JVASP-12125,17,O,70.38437,1.173997,70.86423
JVASP-12125,18,O,31.328854,1.173997,32.081066
JVASP-12125,19,O,70.38437,1.173997,69.7105
JVASP-12125,20,O,31.328854,1.173997,31.4021
JVASP-12125,21,O,31.328854,1.173997,32.081066
JVASP-12125,22,O,70.38437,1.173997,70.86423
JVASP-12125,23,O,70.38437,1.173997,69.7105
JVASP-16648,0,Sc,37.035004,1.2577385,37.677044
JVASP-16648,1,Sc,37.034492,1.2577385,37.738365
JVASP-16648,2,Sc,37.035004,1.2577385,37.65559
JVASP-16648,3,Sc,42.57869,1.2577385,42.28639
JVASP-16648,4,Sc,42.576378,1.2577385,42.39303
JVASP-16648,5,Sc,42.57869,1.2577385,42.248547
JVASP-16648,6,Te,70.471825,68.54225,16.52216
JVASP-16648,7,Te,70.471825,68.54225,16.52216
JVASP-16648,8,Os,274.33713,41.308342,238.04631
JVASP-2784,0,O,63.890743,1.173997,63.751984
JVASP-2784,1,As,86.0024,16.668182,73.857056
JVASP-2784,2,As,86.0024,16.668182,73.857056
JVASP-2784,3,Ba,90.764496,16.451351,78.749344
JVASP-2784,4,Ba,90.764496,16.451351,78.749344
JVASP-2784,5,Ba,273.07654,16.451351,280.47662
JVASP-2784,6,Ba,273.07516,16.451351,278.92636
JVASP-85169,0,Eu,50.019,21.293404,71.30933
JVASP-85169,1,Eu,50.019,21.293404,71.309395
JVASP-85169,2,Bi,271.99146,75.36236,346.63382
JVASP-85169,3,Bi,271.99146,75.36236,346.6437
JVASP-85169,4,Au,105.11018,9.827829,101.4265
JVASP-85169,5,Au,105.11018,9.827829,101.41766
JVASP-38901,0,Hg,271.4639,18.195402,277.15366
JVASP-38901,1,Os,184.95241,41.308342,149.0891
JVASP-2679,0,F,270.94257,15.800529,274.3985
JVASP-2679,1,F,270.9422,15.800529,264.17618
JVASP-2679,2,F,270.94342,15.800529,275.1605
JVASP-2679,3,F,270.9422,15.800529,264.17618
JVASP-2679,4,F,270.94257,15.800529,274.3985
JVASP-2679,5,F,270.94342,15.800529,275.1605
JVASP-2679,6,Ca,5.6524067,1.1291435,5.367219
JVASP-2679,7,Pd,3.084645,20.903904,19.12158
JVASP-10148,0,F,114.129196,15.800529,117.12077
JVASP-10148,1,F,114.12926,15.800529,120.33306
JVASP-10148,2,F,114.12926,15.800529,120.33306
JVASP-10148,3,F,114.129196,15.800529,117.12077
JVASP-10148,4,F,72.58774,15.800529,67.43654
JVASP-10148,5,F,72.58774,15.800529,67.43654
JVASP-10148,6,Rb,119.1322,7.136503,114.03386
JVASP-10148,7,Rb,119.1322,7.136503,114.03386
JVASP-10148,8,Rb,111.820885,7.136503,106.72971
JVASP-10148,9,Tl,269.98816,13.684985,279.1807
JVASP-64954,0,Y,104.95001,11.128398,98.59846
JVASP-64954,1,Y,104.95001,11.128398,98.59846
JVASP-64954,2,Hf,268.93356,15.926846,260.6867
JVASP-64954,3,Hf,268.93356,15.926846,260.6867
JVASP-64954,4,Be,3.413772,0.38258058,3.7292597
JVASP-64954,5,Be,1.0222538,0.38258058,1.349949
JVASP-64954,6,Be,3.413772,0.38258058,3.7292597
JVASP-64954,7,Be,1.0222538,0.38258058,1.349949
JVASP-65495,0,Ba,268.61783,16.451351,252.24068
JVASP-65495,1,Ta,254.85228,34.19568,287.61075
JVASP-65495,2,Ta,254.85228,34.19568,287.61075
JVASP-65495,3,Tl,152.46931,13.684985,162.43567
JVASP-14861,0,Ge,80.314095,9.267462,86.54647
JVASP-14861,1,Ge,80.314095,9.267462,86.54647
JVASP-14861,2,Ge,80.314095,9.267462,80.90693
JVASP-14861,3,Ge,80.314095,9.267462,80.90693
JVASP-14861,4,Ir,287.3865,25.960743,293.2909
JVASP-14861,5,Ir,287.3865,25.960743,293.2909
JVASP-14861,6,Ir,287.3865,25.960743,292.86197
JVASP-14861,7,Ir,287.3865,25.960743,292.86197
JVASP-2217,0,Ge,8.838151,9.267462,17.39298
JVASP-2217,1,Se,275.72296,29.56337,267.0712
JVASP-2217,2,Se,275.7218,29.56337,271.09363
JVASP-2217,3,Se,275.72205,29.56337,297.90903
JVASP-2217,4,Se,275.72156,29.56337,281.2866
JVASP-2217,5,Hg,82.08167,18.195402,83.506584
JVASP-2217,6,Hg,84.23053,18.195402,85.60521
JVASP-36582,0,Mg,10.371958,0.4287979,10.045689
JVASP-36582,1,Mg,10.371958,0.4287979,10.045689
JVASP-36582,2,Ge,7.796726,9.267462,4.5203037
JVASP-36582,3,Ge,7.796726,9.267462,4.5203037
JVASP-36582,4,As,286.7294,16.668182,289.54138
JVASP-36582,5,As,286.7294,16.668182,285.5853
JVASP-36582,6,As,286.7294,16.668182,284.19473
JVASP-36582,7,As,286.7294,16.668182,289.14163
JVASP-54574,0,Pr,48.729702,6.8834753,50.516926
JVASP-54574,1,Pr,48.729702,6.8834753,50.126907
JVASP-54574,2,Pr,48.73003,6.8834753,52.525352
JVASP-54574,3,In,57.80112,6.7296906,58.32023
JVASP-54574,4,In,57.80112,6.7296906,57.490673
JVASP-54574,5,In,57.800194,6.7296906,59.169636
JVASP-54574,6,Au,31.922157,9.827829,29.229713
JVASP-54574,7,Au,264.61838,9.827829,260.68
JVASP-54574,8,Au,264.61838,9.827829,260.68
JVASP-81274,0,Li,0.6785087,0.084703535,0.6004697
JVASP-81274,1,Li,0.6785087,0.084703535,0.6004697
JVASP-81274,2,Zr,0.25637993,6.08661,6.3368034
JVASP-81274,3,Zr,0.25637993,6.08661,6.3368034
JVASP-81274,4,Zr,0.25637993,6.08661,6.3368034
JVASP-81274,5,Zr,0.25637993,6.08661,6.3368034
JVASP-81274,6,Pt,263.82635,18.358461,246.50526
JVASP-81274,7,Pt,263.82635,18.358461,246.50526
JVASP-2268,0,Th,262.8572,20.611576,245.30276
JVASP-2268,1,Th,262.8572,20.611576,245.30276
JVASP-2268,2,Te,14.683874,68.54225,54.37673
JVASP-2268,3,Te,14.683874,68.54225,54.37673
JVASP-2268,4,O,1.0018413,1.173997,1.4498278
JVASP-2268,5,O,1.0018413,1.173997,1.4498278
JVASP-17476,0,O,24.341469,1.173997,24.541477
JVASP-17476,1,O,24.341469,1.173997,24.541477
JVASP-17476,2,O,25.364641,1.173997,25.218851
JVASP-17476,3,O,25.364641,1.173997,25.218851
JVASP-17476,4,Fe,12.564345,2.1271884,14.126726
JVASP-17476,5,Fe,12.564345,2.1271884,14.126726
JVASP-17476,6,Er,261.7793,6.1186743,267.20184
JVASP-26420,0,Y,18.572031,11.128398,26.822758
JVASP-26420,1,Bi,260.65268,75.36236,186.5751
JVASP-26420,2,Bi,260.65268,75.36236,186.5751
JVASP-26420,3,Br,25.210148,43.576878,26.478592
JVASP-26420,4,O,92.58714,1.173997,92.1601
JVASP-26420,5,O,92.58714,1.173997,93.03299
JVASP-26420,6,O,92.58714,1.173997,92.1601
JVASP-26420,7,O,92.58714,1.173997,93.03299
JVASP-26316,0,Nd,110.85737,2.8276725,113.15423
JVASP-26316,1,Bi,259.9415,75.36236,185.86533
JVASP-26316,2,Bi,259.9415,75.36236,185.86533
JVASP-26316,3,Cl,14.420146,20.642973,34.48652
JVASP-26316,4,O,106.80291,1.173997,106.37526
JVASP-26316,5,O,106.80291,1.173997,106.37526
JVASP-26316,6,O,106.80291,1.173997,107.24812
JVASP-26316,7,O,106.80291,1.173997,107.24812
JVASP-26416,0,Dy,35.208965,4.4875207,31.13324
JVASP-26416,1,Bi,259.00986,75.36236,184.9356
JVASP-26416,2,Bi,259.00986,75.36236,184.9356
JVASP-26416,3,Br,25.315477,43.576878,26.434402
JVASP-26416,4,O,92.93059,1.173997,93.376144
JVASP-26416,5,O,92.93059,1.173997,93.376144
JVASP-26416,6,O,92.93059,1.173997,92.50323
JVASP-26416,7,O,92.93059,1.173997,92.50323
JVASP-81804,0,Li,2.369056,0.084703535,2.4495897
JVASP-81804,1,Li,2.369056,0.084703535,2.4495897
JVASP-81804,2,Li,2.369056,0.084703535,2.4495897
JVASP-81804,3,Li,2.369056,0.084703535,2.4495897
JVASP-81804,4,Ag,117.12555,6.9597216,123.0167
JVASP-81804,5,Ag,117.12555,6.9597216,123.0167
JVASP-81804,6,As,260.58755,16.668182,244.72083
JVASP-81804,7,As,260.58755,16.668182,244.72083
JVASP-10303,0,As,270.6561,16.668182,259.77164
JVASP-10303,1,As,270.6565,16.668182,276.36182
JVASP-10303,2,As,270.6561,16.668182,259.77164
JVASP-10303,3,As,270.6565,16.668182,276.36182
JVASP-10303,4,Rb,51.82168,7.136503,46.69706
JVASP-10303,5,Rb,51.821835,7.136503,46.364346
JVASP-10303,6,Rb,51.82168,7.136503,46.69706
JVASP-10303,7,Rb,51.821835,7.136503,46.364346
JVASP-10303,8,Sn,5.3645797,6.63049,11.033346
JVASP-10303,9,Sn,5.3645797,6.63049,11.033346
JVASP-12778,0,I,271.5919,47.949,244.86037
JVASP-12778,1,I,271.5919,47.949,244.86037
JVASP-12778,2,I,256.14526,47.949,281.90765
JVASP-12778,3,I,256.14526,47.949,281.90765
JVASP-12778,4,I,256.14526,47.949,287.303
JVASP-12778,5,I,256.14526,47.949,287.303
JVASP-12778,6,Tl,60.097404,13.684985,72.0286
JVASP-12778,7,Tl,60.097404,13.684985,72.0286
JVASP-12778,8,Pb,21.154335,21.544178,29.702435
JVASP-12778,9,Pb,21.154335,21.544178,17.045542
JVASP-15877,0,Y,0.8622204,11.128398,11.671484
JVASP-15877,1,Y,0.8622204,11.128398,11.671484
JVASP-15877,2,Ge,45.144096,9.267462,37.320488
JVASP-15877,3,Ge,45.144096,9.267462,37.320488
JVASP-15877,4,Au,255.14987,9.827829,251.21724
JVASP-15877,5,Au,255.14987,9.827829,251.21724
JVASP-32943,0,As,5.0925655,16.668182,18.735914
JVASP-32943,1,N,22.359917,2.1896696,23.441587
JVASP-32943,2,O,155.5728,1.173997,155.33627
JVASP-32943,3,O,155.5728,1.173997,155.33627
JVASP-32943,4,F,254.52907,15.800529,258.00238
JVASP-32943,5,F,250.92296,15.800529,253.09128
JVASP-32943,6,F,250.92258,15.800529,247.4094
JVASP-32943,7,F,250.92258,15.800529,247.4094
JVASP-32943,8,F,250.92296,15.800529,253.09128
JVASP-32943,9,F,254.52907,15.800529,258.00238
JVASP-67806,0,Be,1.8232373,0.38258058,1.5313635
JVASP-67806,1,Cl,67.35362,20.642973,86.92578
JVASP-67806,2,Sb,254.10762,27.438374,230.41866
JVASP-65415,0,Ba,253.27197,16.451351,236.89842
JVASP-65415,1,Hf,69.58271,15.926846,62.308064
JVASP-65415,2,Cu,55.430225,2.626418,54.383568
JVASP-65415,3,Cu,10.275595,2.626418,9.574525
JVASP-15158,0,Er,252.8347,6.1186743,247.04424
JVASP-15158,1,Er,252.8347,6.1186743,247.04424
JVASP-15158,2,Fe,75.33079,2.1271884,74.13276
JVASP-15158,3,Fe,75.33079,2.1271884,74.13276
JVASP-15158,4,Fe,75.33079,2.1271884,74.13276
JVASP-15158,5,Fe,75.33079,2.1271884,74.13276
JVASP-15158,6,B,18.959051,5.024234,13.952675
JVASP-15158,7,B,18.959051,5.024234,13.952675
JVASP-15158,8,B,18.959051,5.024234,13.952675
JVASP-15158,9,B,18.959051,5.024234,13.952675
JVASP-36303,0,Mg,3.0496156,0.4287979,2.7333684
JVASP-36303,1,Mg,3.0496156,0.4287979,2.7333684
JVASP-36303,2,Sn,6.3743887,6.63049,12.35317
JVASP-36303,3,Sn,6.3743887,6.63049,12.35317
JVASP-36303,4,As,269.0902,16.668182,267.45264
JVASP-36303,5,As,269.0902,16.668182,271.34424
JVASP-36303,6,As,269.0902,16.668182,271.00208
JVASP-36303,7,As,269.0902,16.668182,266.00616
JVASP-16843,0,Ru,80.22987,13.728401,89.81462
JVASP-16843,1,Ru,80.22987,13.728401,89.81462
JVASP-16843,2,Th,267.14975,20.611576,286.45685
JVASP-16843,3,Th,267.14975,20.611576,286.45685
JVASP-3441,0,Mn,10.337039,1.6964667,8.845693
JVASP-3441,1,Ga,5.064813,4.5793962,3.991376
JVASP-3441,2,Ga,10.451962,4.5793962,13.910314
JVASP-3441,3,Se,268.97034,29.56337,281.7805
JVASP-3441,4,Se,268.97073,29.56337,286.44708
JVASP-3441,5,Se,268.97107,29.56337,250.16989
JVASP-3441,6,Se,268.97028,29.56337,255.67415
JVASP-67384,0,Be,0.9650989,0.38258058,1.2936369
JVASP-67384,1,Be,0.9650989,0.38258058,1.2936369
JVASP-67384,2,Ga,82.95442,4.5793962,78.8359
JVASP-67384,3,Ga,82.95442,4.5793962,78.8359
JVASP-67384,4,Pt,250.32153,18.358461,267.77737
JVASP-67384,5,Pt,250.32153,18.358461,267.77737
JVASP-67626,0,Be,0.50459486,0.38258058,0.29919866
JVASP-67626,1,Be,0.50459486,0.38258058,0.29919866
JVASP-67626,2,Tl,72.16524,13.684985,82.5347
JVASP-67626,3,Tl,72.16524,13.684985,82.5347
JVASP-67626,4,Bi,249.43399,75.36236,175.38
JVASP-67626,5,Bi,249.43399,75.36236,175.38
JVASP-15627,0,Tm,249.0041,8.03611,241.70706
JVASP-15627,1,Co,34.705467,1.0717598,33.899014
JVASP-15627,2,Co,34.70475,1.0717598,33.87694
JVASP-15627,3,Co,34.705467,1.0717598,33.870327
JVASP-15627,4,B,9.641192,5.024234,14.656789
JVASP-15627,5,B,9.641192,5.024234,14.656789
JVASP-67606,0,K,68.634705,3.9006114,64.86858
JVASP-67606,1,Be,2.4519393,0.38258058,2.155203
JVASP-67606,2,Se,134.4337,29.56337,105.7001
JVASP-67606,3,Se,248.17986,29.56337,219.35297
JVASP-78888,0,Th,247.62505,20.611576,230.0853
JVASP-78888,1,Cd,69.9709,15.619623,54.55884
JVASP-78888,2,Cd,69.9709,15.619623,54.55884
JVASP-54575,0,Y,37.653393,11.128398,34.832832
JVASP-54575,1,Y,37.658195,11.128398,44.329514
JVASP-54575,2,Y,37.653393,11.128398,35.9865
JVASP-54575,3,In,68.025696,6.7296906,71.50355
JVASP-54575,4,In,68.03134,6.7296906,72.72449
JVASP-54575,5,In,68.025696,6.7296906,72.10209
JVASP-54575,6,Au,141.9565,9.827829,138.15408
JVASP-54575,7,Au,247.14127,9.827829,243.2138
JVASP-54575,8,Au,247.14127,9.827829,243.2138
JVASP-12017,0,Nb,246.69914,15.259404,254.9229
JVASP-12017,1,Nb,246.69914,15.259404,254.94176
JVASP-12017,2,Nb,246.69914,15.259404,254.9229
JVASP-12017,3,Nb,246.69914,15.259404,254.94176
JVASP-12017,4,Br,252.52637,43.576878,248.18695
JVASP-12017,5,Br,241.82782,43.576878,251.74797
JVASP-12017,6,Br,241.82782,43.576878,251.69513
JVASP-12017,7,Br,252.52637,43.576878,248.1331
JVASP-12017,8,Br,252.52637,43.576878,248.18695
JVASP-12017,9,Br,241.82782,43.576878,251.74797
JVASP-12017,10,Br,241.82782,43.576878,251.69513
JVASP-12017,11,Br,252.52637,43.576878,248.1331
JVASP-12017,12,O,33.751972,1.173997,33.98761
JVASP-12017,13,O,33.751972,1.173997,34.150402
JVASP-12017,14,O,33.751972,1.173997,33.98761
JVASP-12017,15,O,33.751972,1.173997,34.150402
JVASP-36875,0,Tl,0.01602082,13.684985,13.6754265
JVASP-36875,1,Cu,0.008831761,2.626418,2.6246963
JVASP-36875,2,Cl,245.96074,20.642973,250.16824
JVASP-36875,3,Cl,245.96811,20.642973,262.17496
JVASP-36875,4,Cl,245.98077,20.642973,226.85155
JVASP-18256,0,Fe,70.44681,2.1271884,71.69091
JVASP-18256,1,Cu,7.5613227,2.626418,7.8123937
JVASP-18256,2,Cu,7.5613227,2.626418,7.8123937
JVASP-18256,3,Se,245.36015,29.56337,267.12036
JVASP-18256,4,Se,245.35896,29.56337,241.69415
JVASP-18256,5,Se,245.3598,29.56337,245.1799
JVASP-18256,6,Se,245.35983,29.56337,231.67468
JVASP-18256,7,Sn,9.98369,6.63049,15.237289
JVASP-35091,0,Sr,5.0324783,5.8790126,10.586281
JVASP-35091,1,Sr,5.0324783,5.8790126,10.586281
JVASP-35091,2,Zn,85.076904,10.546378,74.63274
JVASP-35091,3,Zn,85.076904,10.546378,74.63274
JVASP-35091,4,Pb,245.09349,21.544178,258.0105
JVASP-35091,5,Pb,245.09349,21.544178,258.0105
JVASP-65406,0,Ba,244.18065,16.451351,227.80829
JVASP-65406,1,Mg,7.850614,0.4287979,7.5255566
JVASP-65406,2,Ir,11.558325,25.960743,15.808228
JVASP-65406,3,Ir,11.558325,25.960743,15.808228
JVASP-55018,0,Nd,243.18112,2.8276725,243.58095
JVASP-55018,1,Si,28.964283,1.7483627,27.48504
JVASP-55018,2,Si,28.964283,1.7483627,27.48504
JVASP-55018,3,Os,235.12698,41.308342,201.83012
JVASP-55018,4,Os,235.12698,41.308342,201.83012
JVASP-17662,0,Ce,13.684483,7.3629155,6.611791
JVASP-17662,1,In,118.054794,6.7296906,124.0544
JVASP-17662,2,In,246.81506,6.7296906,244.12274
JVASP-17662,3,In,246.81506,6.7296906,245.74646
JVASP-17662,4,In,246.81506,6.7296906,244.12274
JVASP-17662,5,In,246.81506,6.7296906,245.74646
JVASP-17662,6,Rh,6.5058446,12.903096,19.318851
JVASP-81103,0,Cd,75.079285,15.619623,60.252388
JVASP-81103,1,Cd,75.079285,15.619623,60.252388
JVASP-81103,2,Pd,58.024883,20.903904,65.91036
JVASP-81103,3,Pd,58.024883,20.903904,65.91036
JVASP-81103,4,Au,253.14851,9.827829,251.54498
JVASP-81103,5,Au,253.14851,9.827829,251.54498
JVASP-81103,6,Au,253.14851,9.827829,251.54498
JVASP-81103,7,Au,253.14851,9.827829,251.54498
JVASP-67430,0,Be,7.0561633,0.38258058,6.751343
JVASP-67430,1,Tc,55.25314,8.509769,57.31725
JVASP-67430,2,W,241.21228,103.865906,344.91586
JVASP-40827,0,Hf,163.37321,15.926846,155.90845
JVASP-40827,1,Hf,163.37321,15.926846,155.90845
JVASP-40827,2,Pt,30.211885,18.358461,17.388432
JVASP-40827,3,Pt,30.211885,18.358461,17.388432
JVASP-40827,4,Pb,248.56995,21.544178,227.36418
JVASP-40827,5,Pb,248.56995,21.544178,227.36418
JVASP-52782,0,Sr,194.76263,5.8790126,189.7314
JVASP-52782,1,Fe,95.193985,2.1271884,94.951035
JVASP-52782,2,Mo,253.50388,41.233887,250.58923
JVASP-52782,3,O,41.101402,1.173997,41.354847
JVASP-52782,4,O,60.156445,1.173997,59.480247
JVASP-52782,5,O,49.63849,1.173997,49.25714
JVASP-52782,6,O,52.70996,1.173997,51.94757
JVASP-52782,7,O,42.76471,1.173997,42.67423
JVASP-35888,0,Hf,238.86934,15.926846,247.82509
JVASP-35888,1,Hf,238.86934,15.926846,247.82509
JVASP-35888,2,Ga,95.49825,4.5793962,99.66003
JVASP-35888,3,Ga,95.49825,4.5793962,99.66003
JVASP-35888,4,Cu,26.666376,2.626418,25.684978
JVASP-35888,5,Cu,26.666376,2.626418,25.684978
JVASP-85745,0,Np,198.14702,68.16108,181.785
JVASP-85745,1,Np,198.14702,68.16108,185.70016
JVASP-85745,2,Np,198.14702,68.16108,185.70016
JVASP-85745,3,Np,198.14702,68.16108,181.785
JVASP-85745,4,In,65.14255,6.7296906,71.17142
JVASP-85745,5,In,65.14255,6.7296906,71.17142
JVASP-85745,6,Pt,243.13893,18.358461,226.27623
JVASP-85745,7,Pt,243.13893,18.358461,226.10057
JVASP-85745,8,Pt,243.13893,18.358461,226.10057
JVASP-85745,9,Pt,243.13893,18.358461,226.27623
JVASP-79224,0,Nb,157.36348,15.259404,161.21072
JVASP-79224,1,Nb,157.36348,15.259404,161.21072
JVASP-79224,2,Cu,57.674297,2.626418,56.62896
JVASP-79224,3,Re,237.79391,20.045204,238.71164
JVASP-56893,0,Y,107.265755,11.128398,110.586815
JVASP-56893,1,Si,19.247612,1.7483627,17.77496
JVASP-56893,2,Si,19.247612,1.7483627,17.77496
JVASP-56893,3,Os,237.3183,41.308342,204.24135
JVASP-56893,4,Os,237.3183,41.308342,204.24135
JVASP-35032,0,Pr,0.7568976,6.8834753,6.1526756
JVASP-35032,1,Pr,0.7568976,6.8834753,6.1526756
JVASP-35032,2,Pb,60.24112,21.544178,74.67488
JVASP-35032,3,Pb,60.24112,21.544178,74.67488
JVASP-35032,4,Au,236.65909,9.827829,232.73906
JVASP-35032,5,Au,236.65909,9.827829,232.73906
JVASP-15157,0,Tb,235.60295,11.037279,246.0378
JVASP-15157,1,B,3.9240825,5.024234,8.942555
JVASP-15157,2,B,3.9240825,5.024234,8.942555
JVASP-15157,3,Ru,128.08495,13.728401,130.04897
JVASP-15157,4,Ru,128.08495,13.728401,129.68701
JVASP-15157,5,Ru,128.07678,13.728401,123.84262
JVASP-5338,0,S,222.67592,15.204629,227.11172
JVASP-5338,1,S,222.67592,15.204629,227.11172
JVASP-5338,2,S,236.45325,15.204629,248.50136
JVASP-5338,3,S,236.45325,15.204629,248.50136
JVASP-5338,4,Cl,166.77763,20.642973,163.29408
JVASP-5338,5,Cl,166.77763,20.642973,165.5838
JVASP-5338,6,Cl,166.77763,20.642973,163.29408
JVASP-5338,7,Cl,166.77763,20.642973,165.5838
JVASP-5338,8,Nb,63.31717,15.259404,73.87822
JVASP-5338,9,Nb,63.31717,15.259404,73.87822
JVASP-26331,0,Dy,23.328941,4.4875207,19.28409
JVASP-26331,1,Bi,234.62602,75.36236,160.60815
JVASP-26331,2,Bi,234.62602,75.36236,160.60815
JVASP-26331,3,I,124.91581,47.949,86.647835
JVASP-26331,4,O,91.574394,1.173997,91.15284
JVASP-26331,5,O,91.574394,1.173997,92.02452
JVASP-26331,6,O,91.574394,1.173997,91.15284
JVASP-26331,7,O,91.574394,1.173997,92.02452
JVASP-17565,0,Ce,10.46422,7.3629155,17.74645
JVASP-17565,1,In,139.02896,6.7296906,145.02287
JVASP-17565,2,In,235.9935,6.7296906,233.10422
JVASP-17565,3,In,235.9935,6.7296906,234.70758
JVASP-17565,4,In,235.9935,6.7296906,233.10422
JVASP-17565,5,In,235.9935,6.7296906,234.70758
JVASP-17565,6,Co,0.25474694,1.0717598,0.88838387
JVASP-8349,0,Zn,8.709418,10.546378,16.419165
JVASP-8349,1,Co,24.462847,1.0717598,24.506453
JVASP-8349,2,F,234.55635,15.800529,240.3928
JVASP-8349,3,F,234.55681,15.800529,228.7082
JVASP-8349,4,F,234.55696,15.800529,236.72804
JVASP-8349,5,F,234.55681,15.800529,228.7082
JVASP-8349,6,F,234.55635,15.800529,240.3928
JVASP-8349,7,F,234.55696,15.800529,236.72804
JVASP-5581,0,Nb,93.67186,15.259404,97.58301
JVASP-5581,1,Nb,93.67186,15.259404,97.00201
JVASP-5581,2,Nb,93.67186,15.259404,97.00201
JVASP-5581,3,Nb,93.67186,15.259404,97.58301
JVASP-5581,4,Nb,103.66506,15.259404,108.368904
JVASP-5581,5,Nb,103.66506,15.259404,108.90758
JVASP-5581,6,Nb,103.66506,15.259404,108.90758
JVASP-5581,7,Nb,103.66506,15.259404,108.368904
JVASP-5581,8,Nb,47.282738,15.259404,33.96023
JVASP-5581,9,Nb,47.282738,15.259404,33.78462
JVASP-5581,10,Nb,47.282738,15.259404,33.78462
JVASP-5581,11,Nb,47.282738,15.259404,33.96023
JVASP-5581,12,Ge,246.16618,9.267462,240.84302
JVASP-5581,13,Ge,246.16618,9.267462,238.99956
JVASP-5581,14,Ge,246.16618,9.267462,238.99956
JVASP-5581,15,Ge,246.16618,9.267462,240.84302
JVASP-5581,16,Te,125.32213,68.54225,86.9347
JVASP-5581,17,Te,125.32213,68.54225,90.48608
JVASP-5581,18,Te,125.32213,68.54225,76.43132
JVASP-5581,19,Te,125.32213,68.54225,74.61333
JVASP-5581,20,Te,125.32213,68.54225,86.9347
JVASP-5581,21,Te,125.32213,68.54225,90.48608
JVASP-5581,22,Te,125.32213,68.54225,76.43132
JVASP-5581,23,Te,125.32213,68.54225,74.61333
JVASP-5581,24,Te,222.33913,68.54225,224.2472
JVASP-5581,25,Te,222.33913,68.54225,228.4585
JVASP-5581,26,Te,222.33913,68.54225,207.50505
JVASP-5581,27,Te,222.33913,68.54225,213.17361
JVASP-5581,28,Te,222.33913,68.54225,224.2472
JVASP-5581,29,Te,222.33913,68.54225,228.4585
JVASP-5581,30,Te,222.33913,68.54225,207.50505
JVASP-5581,31,Te,222.33913,68.54225,213.17361
JVASP-5581,32,Te,204.8415,68.54225,188.81952
JVASP-5581,33,Te,204.8415,68.54225,182.20715
JVASP-5581,34,Te,204.8415,68.54225,203.56596
JVASP-5581,35,Te,204.8415,68.54225,197.52303
JVASP-5581,36,Te,204.8415,68.54225,188.81952
JVASP-5581,37,Te,204.8415,68.54225,182.20715
JVASP-5581,38,Te,204.8415,68.54225,203.56596
JVASP-5581,39,Te,204.8415,68.54225,197.52303
JVASP-67531,0,Be,2.9042783,0.38258058,2.6054785
JVASP-67531,1,Be,3.576255,0.38258058,3.2754395
JVASP-67531,2,Sn,231.46371,6.63049,226.1638
JVASP-67531,3,Te,123.787415,68.54225,59.37166
JVASP-53484,0,Tl,27.516342,13.684985,32.013584
JVASP-53484,1,P,0.73647994,4.940868,4.87809
JVASP-53484,2,F,231.30699,15.800529,225.44263
JVASP-53484,3,F,231.30632,15.800529,231.613
JVASP-53484,4,F,231.30661,15.800529,237.91132
JVASP-53484,5,F,231.30661,15.800529,237.91132
JVASP-53484,6,F,231.30632,15.800529,231.613
JVASP-53484,7,F,231.30699,15.800529,225.44263
JVASP-80575,0,Tl,99.1828,13.684985,99.86826
JVASP-80575,1,Tl,99.1828,13.684985,99.86826
JVASP-80575,2,Tl,99.1828,13.684985,99.86826
JVASP-80575,3,Tl,99.1828,13.684985,99.86826
JVASP-80575,4,Hg,230.65712,18.195402,246.69046
JVASP-80575,5,Hg,230.65712,18.195402,246.69046
JVASP-80575,6,Te,117.31243,68.54225,151.14485
JVASP-80575,7,Te,117.31243,68.54225,151.14485
JVASP-32398,0,C,102.55634,4.4679255,101.05667
JVASP-32398,1,Cl,244.32709,20.642973,246.50864
JVASP-32398,2,B,46.297527,5.024234,44.095882
JVASP-32398,3,O,40.531536,1.173997,40.925
JVASP-32398,4,Cl,246.00172,20.642973,251.36086
JVASP-32398,5,B,46.297886,5.024234,50.056744
JVASP-32398,6,Cl,246.00119,20.642973,251.17755
JVASP-32398,7,Cl,246.00185,20.642973,256.28552
JVASP-32398,8,Cl,244.32693,20.642973,235.5152
JVASP-32398,9,Cl,244.3291,20.642973,252.89069
JVASP-32398,10,B,14.521913,5.024234,16.595535
JVASP-32398,11,B,46.297894,5.024234,44.254272
JVASP-5824,0,Ta,177.18044,34.19568,194.13051
JVASP-5824,1,Ta,180.66545,34.19568,164.70149
JVASP-5824,2,Ta,180.67303,34.19568,197.3342
JVASP-5824,3,Br,112.115814,43.576878,144.59122
JVASP-5824,4,Br,264.33685,43.576878,246.078
JVASP-5824,5,Br,193.14119,43.576878,182.16136
JVASP-5824,6,Br,262.0931,43.576878,278.47394
JVASP-5824,7,Br,262.09088,43.576878,286.41864
JVASP-5824,8,Br,193.77629,43.576878,208.35326
JVASP-5824,9,Br,193.77641,43.576878,183.37738
JVASP-5824,10,S,15.869147,15.204629,13.970936
JVASP-41948,0,Rb,119.12849,7.136503,113.2578
JVASP-41948,1,Rb,2.5548177,7.136503,9.370537
JVASP-41948,2,Zr,229.2053,6.08661,223.2758
JVASP-41948,3,Zr,229.2053,6.08661,223.2758
JVASP-41948,4,O,47.75947,1.173997,47.929512
JVASP-41948,5,O,47.75947,1.173997,47.929512
JVASP-41948,6,O,47.75947,1.173997,47.395294
JVASP-41948,7,O,47.75947,1.173997,47.395294
JVASP-41948,8,O,23.66697,1.173997,23.556107
JVASP-12897,0,O,5.207211,1.173997,5.5469785
JVASP-12897,1,O,5.207211,1.173997,5.5469785
JVASP-12897,2,Cl,228.61203,20.642973,222.50421
JVASP-12897,3,Cl,228.61198,20.642973,231.13335
JVASP-12897,4,Cl,228.61198,20.642973,231.13335
JVASP-12897,5,Cl,228.61203,20.642973,222.50421
JVASP-12897,6,Pd,169.73466,20.903904,176.32565
JVASP-12897,7,Pd,169.73538,20.903904,160.28644
JVASP-12897,8,Pd,169.73515,20.903904,172.46902
JVASP-12897,9,Pd,169.73567,20.903904,160.5036
JVASP-15676,0,B,22.929016,5.024234,26.737692
JVASP-15676,1,B,22.929016,5.024234,26.737692
JVASP-15676,2,C,45.01959,4.4679255,43.300217
JVASP-15676,3,Rh,227.87474,12.903096,218.93985
JVASP-15676,4,Rh,227.87474,12.903096,218.93985
JVASP-15676,5,Ce,3.3884606,7.3629155,9.671281
JVASP-38285,0,Rb,0.0,7.136503,7.136503
JVASP-38285,1,Te,0.0,68.54225,68.54225
JVASP-38285,2,O,227.35919,1.173997,227.22246
JVASP-38285,3,O,227.35919,1.173997,227.80972
JVASP-38285,4,O,227.35919,1.173997,227.05377
JVASP-35454,0,Pr,28.857439,6.8834753,22.242338
JVASP-35454,1,Pr,227.08975,6.8834753,233.77357
JVASP-35454,2,Al,15.355851,1.0875204,16.406923
JVASP-35454,3,N,18.380154,2.1896696,19.198336
JVASP-35454,4,O,26.406225,1.173997,26.875978
JVASP-35454,5,O,26.406225,1.173997,26.007885
JVASP-35454,6,O,9.712227,1.173997,9.920666
JVASP-8353,0,Mg,2.0776265,0.4287979,2.1813924
JVASP-8353,1,Co,45.53307,1.0717598,45.565838
JVASP-8353,2,F,226.42947,15.800529,230.70438
JVASP-8353,3,F,226.43011,15.800529,220.25644
JVASP-8353,4,F,226.42929,15.800529,229.65947
JVASP-8353,5,F,226.43011,15.800529,220.25644
JVASP-8353,6,F,226.42947,15.800529,230.70438
JVASP-8353,7,F,226.42929,15.800529,229.65947
JVASP-17435,0,Sm,54.654785,14.72507,67.480804
JVASP-17435,1,Sm,54.65626,14.72507,67.19845
JVASP-17435,2,Sm,54.65626,14.72507,67.07443
JVASP-17435,3,Mg,9.339368,0.4287979,9.38297
JVASP-17435,4,Mg,9.334631,0.4287979,9.363005
JVASP-17435,5,Mg,9.339368,0.4287979,9.433434
JVASP-17435,6,Pt,23.219938,18.358461,8.279956
JVASP-17435,7,Pt,225.91888,18.358461,208.61052
JVASP-17435,8,Pt,225.91888,18.358461,208.61052
JVASP-80619,0,K,41.86652,3.9006114,39.74162
JVASP-80619,1,K,41.86652,3.9006114,39.74162
JVASP-80619,2,Tl,235.23517,13.684985,247.50313
JVASP-80619,3,Tl,235.23517,13.684985,247.50313
JVASP-80619,4,Hg,52.80188,18.195402,64.580315
JVASP-80619,5,Hg,52.80188,18.195402,64.580315
JVASP-80619,6,Hg,52.80188,18.195402,64.580315
JVASP-80619,7,Hg,52.80188,18.195402,64.580315
JVASP-2949,0,N,33.523037,2.1896696,32.53134
JVASP-2949,1,N,33.523037,2.1896696,32.53134
JVASP-2949,2,Zn,224.31921,10.546378,231.65501
JVASP-2949,3,Ba,209.54852,16.451351,222.04994
JVASP-2949,4,Ba,209.54852,16.451351,222.04994
JVASP-22666,0,Os,90.48779,41.308342,97.1576
JVASP-22666,1,Cl,171.00266,20.642973,172.14265
JVASP-22666,2,Cl,235.32164,20.642973,237.31178
JVASP-22666,3,Cl,235.32164,20.642973,237.31178
JVASP-22666,4,Cl,171.00266,20.642973,172.14265
JVASP-67782,0,Be,1.4771459,0.38258058,1.800476
JVASP-67782,1,Ga,162.21745,4.5793962,158.0868
JVASP-67782,2,Te,223.21382,68.54225,290.2908
JVASP-78444,0,Sr,116.0409,5.8790126,110.89194
JVASP-78444,1,Sr,116.0409,5.8790126,110.89194
JVASP-78444,2,Sr,116.0409,5.8790126,110.89194
JVASP-78444,3,U,221.79272,22.270443,238.12465
JVASP-78444,4,U,221.79272,22.270443,238.12465
JVASP-78444,5,U,221.79272,22.270443,238.12465
JVASP-81345,0,In,239.72166,6.7296906,234.37737
JVASP-81345,1,In,239.72166,6.7296906,234.37737
JVASP-81345,2,Fe,26.133053,2.1271884,27.882454
JVASP-81345,3,Fe,26.133053,2.1271884,27.882454
JVASP-81345,4,Rh,88.09104,12.903096,91.24722
JVASP-81345,5,Rh,88.09104,12.903096,91.24722
JVASP-81345,6,Rh,88.09104,12.903096,91.24722
JVASP-81345,7,Rh,88.09104,12.903096,91.24722
JVASP-80320,0,Cd,220.6113,15.619623,217.47421
JVASP-80320,1,Cu,21.781843,2.626418,20.810486
JVASP-80320,2,Cu,21.781843,2.626418,20.810486
JVASP-80320,3,Rh,140.23064,12.903096,141.45973
JVASP-15201,0,Si,22.31005,1.7483627,20.831137
JVASP-15201,1,Si,22.31005,1.7483627,20.831137
JVASP-15201,2,Ru,133.70218,13.728401,125.81467
JVASP-15201,3,Ru,133.70218,13.728401,125.81467
JVASP-15201,4,Yb,220.34836,4.325258,219.4497
JVASP-5818,0,Ga,39.330906,4.5793962,41.387646
JVASP-5818,1,Ga,39.330906,4.5793962,42.780506
JVASP-5818,2,Ga,39.330906,4.5793962,41.387646
JVASP-5818,3,Ga,39.330906,4.5793962,42.780506
JVASP-5818,4,P,4.210319,4.940868,7.036395
JVASP-5818,5,P,4.210319,4.940868,6.870138
JVASP-5818,6,P,4.210319,4.940868,7.036395
JVASP-5818,7,P,4.210319,4.940868,6.870138
JVASP-5818,8,S,245.16312,15.204629,240.25258
JVASP-5818,9,S,245.16312,15.204629,242.34628
JVASP-5818,10,S,245.16312,15.204629,240.25258
JVASP-5818,11,S,245.16312,15.204629,242.34628
JVASP-5818,12,S,242.99257,15.204629,236.03639
JVASP-5818,13,S,242.99257,15.204629,237.38307
JVASP-5818,14,S,242.99257,15.204629,236.03639
JVASP-5818,15,S,242.99257,15.204629,237.38307
JVASP-5818,16,S,245.5765,15.204629,245.77681
JVASP-5818,17,S,245.5765,15.204629,246.00868
JVASP-5818,18,S,245.5765,15.204629,245.77681
JVASP-5818,19,S,245.5765,15.204629,246.00868
JVASP-5818,20,S,240.82076,15.204629,239.2081
JVASP-5818,21,S,240.82076,15.204629,238.70668
JVASP-5818,22,S,240.82076,15.204629,239.2081
JVASP-5818,23,S,240.82076,15.204629,238.70668
JVASP-2436,0,Na,4.7318664,0.84107655,5.1502504
JVASP-2436,1,Na,4.7318664,0.84107655,5.1502504
JVASP-2436,2,S,156.97571,15.204629,158.92155
JVASP-2436,3,S,156.97617,15.204629,159.1719
JVASP-2436,4,S,156.97571,15.204629,158.92155
JVASP-2436,5,S,156.97617,15.204629,159.1719
JVASP-2436,6,Sb,245.04897,27.438374,262.33188
JVASP-2436,7,Sb,245.04897,27.438374,262.33188
JVASP-8084,0,K,8.09638,3.9006114,11.910984
JVASP-8084,1,K,8.09638,3.9006114,11.910984
JVASP-8084,2,Cu,219.54231,2.626418,217.03273
JVASP-8084,3,Cu,219.54231,2.626418,221.12326
JVASP-8084,4,C,78.66239,4.4679255,82.995476
JVASP-8084,5,C,78.66239,4.4679255,76.211716
JVASP-8084,6,C,78.66239,4.4679255,82.995476
JVASP-8084,7,C,78.66239,4.4679255,76.211716
JVASP-8211,0,Ga,24.04728,4.5793962,25.229874
JVASP-8211,1,Ga,24.04728,4.5793962,25.229874
JVASP-8211,2,Se,239.70985,29.56337,252.85075
JVASP-8211,3,Se,239.71043,29.56337,230.82538
JVASP-8211,4,Se,239.70985,29.56337,252.85075
JVASP-8211,5,Se,239.71043,29.56337,230.82538
JVASP-8211,6,Tl,16.503027,13.684985,24.01103
JVASP-8211,7,Tl,16.503027,13.684985,24.01103
JVASP-36094,0,Ce,16.078451,7.3629155,8.964975
JVASP-36094,1,Ce,16.078451,7.3629155,8.964975
JVASP-36094,2,Cu,12.000051,2.626418,13.307646
JVASP-36094,3,Cu,12.000051,2.626418,13.307646
JVASP-36094,4,Cu,10.712436,2.626418,12.043166
JVASP-36094,5,Cu,10.712436,2.626418,12.043166
JVASP-36094,6,Sb,50.297825,27.438374,29.35616
JVASP-36094,7,Sb,50.297825,27.438374,29.35616
JVASP-36094,8,Sb,217.99805,27.438374,194.37917
JVASP-36094,9,Sb,217.99805,27.438374,194.37917
JVASP-18074,0,Ho,0.4106978,5.3662715,4.968826
JVASP-18074,1,In,223.17546,6.7296906,222.32556
JVASP-18074,2,In,120.63248,6.7296906,126.63128
JVASP-18074,3,In,223.17546,6.7296906,220.68315
JVASP-18074,4,In,223.17546,6.7296906,222.32556
JVASP-18074,5,In,223.17546,6.7296906,220.68315
JVASP-18074,6,Co,7.938796,1.0717598,7.137876
JVASP-39582,0,U,216.90967,22.270443,233.2525
JVASP-39582,1,U,10.710802,22.270443,16.489592
JVASP-39582,2,Ga,77.1524,4.5793962,73.0358
JVASP-39582,3,Ga,77.1524,4.5793962,73.0358
JVASP-39582,4,O,35.62212,1.173997,35.526215
JVASP-39582,5,O,35.62212,1.173997,35.526215
JVASP-39582,6,O,62.74286,1.173997,62.61399
JVASP-39582,7,O,35.62212,1.173997,35.99091
JVASP-39582,8,O,35.62212,1.173997,35.99091
JVASP-17898,0,Zn,8.941216,10.546378,16.609467
JVASP-17898,1,Fe,72.2567,2.1271884,70.82085
JVASP-17898,2,F,217.18015,15.800529,222.77678
JVASP-17898,3,F,217.17973,15.800529,211.88403
JVASP-17898,4,F,217.18016,15.800529,218.35106
JVASP-17898,5,F,217.17973,15.800529,211.88403
JVASP-17898,6,F,217.18015,15.800529,222.77678
JVASP-17898,7,F,217.18016,15.800529,218.35106
JVASP-17302,0,F,217.54424,15.800529,223.06694
JVASP-17302,1,F,217.5441,15.800529,212.14934
JVASP-17302,2,F,217.5447,15.800529,219.16034
JVASP-17302,3,F,217.5441,15.800529,212.14934
JVASP-17302,4,F,217.54424,15.800529,223.06694
JVASP-17302,5,F,217.5447,15.800529,219.16034
JVASP-17302,6,Zn,9.38383,10.546378,17.19706
JVASP-17302,7,Rh,37.34785,12.903096,30.595406
JVASP-18480,0,Pu,214.86107,29.168139,190.21211
JVASP-18480,1,Pu,214.86107,29.168139,190.21211
JVASP-18480,2,Cl,7.5297313,20.642973,27.79858
JVASP-18480,3,Cl,7.5297313,20.642973,27.79858
JVASP-18480,4,O,0.841808,1.173997,1.3607627
JVASP-18480,5,O,0.841808,1.173997,1.3607627
JVASP-79719,0,Y,214.63184,11.128398,221.42154
JVASP-79719,1,Y,214.63184,11.128398,221.42154
JVASP-79719,2,Y,214.63184,11.128398,221.42154
JVASP-79719,3,Y,214.63184,11.128398,221.42154
JVASP-79719,4,Zn,52.123066,10.546378,57.072376
JVASP-79719,5,Zn,52.123066,10.546378,57.072376
JVASP-79719,6,Cu,79.024734,2.626418,79.78442
JVASP-79719,7,Cu,79.024734,2.626418,79.78442
JVASP-67629,0,Be,1.5285039,0.38258058,1.8512253
JVASP-67629,1,Ge,9.607716,9.267462,4.7526693
JVASP-67629,2,Pb,213.11705,21.544178,201.58307
JVASP-37119,0,Pu,235.05304,29.168139,225.52444
JVASP-37119,1,Co,88.66702,1.0717598,88.90485
JVASP-37119,2,C,37.485912,4.4679255,34.024296
JVASP-37119,3,C,37.485912,4.4679255,34.01482
JVASP-55216,0,Tm,136.885,8.03611,138.00925
JVASP-55216,1,Tm,136.885,8.03611,138.00925
JVASP-55216,2,Tm,136.885,8.03611,138.87192
JVASP-55216,3,Tm,136.885,8.03611,138.87192
JVASP-55216,4,Pd,118.80374,20.903904,99.30099
JVASP-55216,5,Pd,118.80374,20.903904,99.30963
JVASP-55216,6,Pd,118.80374,20.903904,99.30963
JVASP-55216,7,Pd,118.80374,20.903904,99.30099
JVASP-55216,8,Pb,212.26218,21.544178,200.7315
JVASP-55216,9,Pb,212.26218,21.544178,200.7315
JVASP-15789,0,Ba,20.862305,16.451351,4.7469053
JVASP-15789,1,Ba,20.862305,16.451351,4.7469053
JVASP-15789,2,Ag,211.69592,6.9597216,218.1579
JVASP-15789,3,Ag,211.69592,6.9597216,218.1579
JVASP-15789,4,As,141.19063,16.668182,124.97657
JVASP-15789,5,As,141.19063,16.668182,124.97657
JVASP-36999,0,Tl,0.11658473,13.684985,13.786467
JVASP-36999,1,Tl,0.11658473,13.684985,13.786467
JVASP-36999,2,Pd,0.31844625,20.903904,21.02231
JVASP-36999,3,Pd,0.31844625,20.903904,21.02231
JVASP-36999,4,F,210.8141,15.800529,215.06516
JVASP-36999,5,F,210.96107,15.800529,211.50304
JVASP-36999,6,F,210.96107,15.800529,207.87648
JVASP-36999,7,F,210.8141,15.800529,215.06516
JVASP-36999,8,F,210.96107,15.800529,211.50304
JVASP-36999,9,F,210.96107,15.800529,207.87648
JVASP-17746,0,Cu,39.791145,2.626418,38.44226
JVASP-17746,1,Cu,39.791145,2.626418,38.773388
JVASP-17746,2,Cu,39.791145,2.626418,42.302677
JVASP-17746,3,As,0.0,16.668182,16.668182
JVASP-17746,4,S,210.33524,15.204629,210.82971
JVASP-17746,5,S,210.33524,15.204629,210.41891
JVASP-17746,6,S,210.33524,15.204629,209.29703
JVASP-17746,7,S,210.33524,15.204629,212.9738
JVASP-39390,0,Li,2.4654138,0.084703535,2.5444188
JVASP-39390,1,Hf,209.88983,15.926846,218.89267
JVASP-16906,0,Lu,41.10796,5.367924,39.43408
JVASP-16906,1,Lu,41.09851,5.367924,40.222214
JVASP-16906,2,Lu,41.10796,5.367924,40.629665
JVASP-16906,3,Ni,31.195478,5.243039,26.22739
JVASP-16906,4,Ni,31.195478,5.243039,26.22739
JVASP-16906,5,Ni,35.142834,5.243039,30.169075
JVASP-16906,6,Pb,210.53416,21.544178,211.21944
JVASP-16906,7,Pb,210.52951,21.544178,192.11368
JVASP-16906,8,Pb,210.53416,21.544178,209.24985
JVASP-13822,0,O,0.9562824,1.173997,1.244856
JVASP-13822,1,Cl,136.25606,20.642973,127.42835
JVASP-13822,2,Cl,136.25706,20.642973,127.94184
JVASP-13822,3,Cl,136.25641,20.642973,146.01698
JVASP-13822,4,Cl,136.25609,20.642973,146.18991
JVASP-13822,5,W,208.52924,103.865906,267.28827
JVASP-16201,0,F,208.11523,15.800529,212.10844
JVASP-16201,1,F,208.11395,15.800529,202.31697
JVASP-16201,2,F,208.11519,15.800529,210.6259
JVASP-16201,3,F,208.11395,15.800529,202.31697
JVASP-16201,4,F,208.11523,15.800529,212.10844
JVASP-16201,5,F,208.11519,15.800529,210.6259
JVASP-16201,6,Mg,2.81781,0.4287979,2.9200912
JVASP-16201,7,Rh,73.3487,12.903096,65.86654
JVASP-31882,0,Fe,8.717734,2.1271884,10.088282
JVASP-31882,1,Fe,8.71651,2.1271884,10.0869875
JVASP-31882,2,N,59.49262,2.1896696,60.80456
JVASP-31882,3,N,59.493305,2.1896696,60.339355
JVASP-31882,4,N,59.491287,2.1896696,60.35166
JVASP-31882,5,N,59.493305,2.1896696,60.712753
JVASP-31882,6,N,59.49374,2.1896696,58.2608
JVASP-31882,7,N,59.49374,2.1896696,59.11205
JVASP-31882,8,Cl,207.0423,20.642973,187.93747
JVASP-31882,9,Cl,207.0423,20.642973,187.93747
JVASP-31882,10,O,100.1978,1.173997,100.57443
JVASP-31882,11,O,100.198135,1.173997,100.58679
JVASP-31882,12,O,100.196396,1.173997,99.893524
JVASP-31882,13,O,100.19782,1.173997,100.22869
JVASP-31882,14,O,100.19782,1.173997,100.19938
JVASP-31882,15,O,100.198135,1.173997,99.87795
JVASP-39308,0,Hg,206.79286,18.195402,212.64954
JVASP-39308,1,Hg,206.79286,18.195402,212.64954
JVASP-39308,2,N,10.9994335,2.1896696,11.887394
JVASP-39308,3,N,10.9994335,2.1896696,11.887394
JVASP-49993,0,Lu,206.64018,5.367924,201.5486
JVASP-49993,1,Tl,59.187428,13.684985,50.282562
JVASP-49993,2,O,12.984337,1.173997,12.897314
JVASP-49993,3,O,12.984337,1.173997,12.897314
JVASP-26528,0,Rb,1.9800048,7.136503,5.5968814
JVASP-26528,1,Rb,1.9800048,7.136503,5.5968814
JVASP-26528,2,Ir,193.5293,25.960743,169.6772
JVASP-26528,3,F,206.45119,15.800529,205.49268
JVASP-26528,4,F,206.45135,15.800529,208.97975
JVASP-26528,5,F,206.45119,15.800529,209.10457
JVASP-26528,6,F,206.45119,15.800529,205.49268
JVASP-26528,7,F,206.45135,15.800529,208.97975
JVASP-26528,8,F,206.45119,15.800529,209.10457
JVASP-79682,0,Mg,19.330444,0.4287979,19.019297
JVASP-79682,1,Pd,12.137479,20.903904,21.821678
JVASP-79682,2,Pd,12.137479,20.903904,21.821678
JVASP-79682,3,Au,206.13356,9.827829,207.2478
JVASP-2547,0,Na,7.199371,0.84107655,7.067958
JVASP-2547,1,Na,7.199371,0.84107655,7.067958
JVASP-2547,2,Na,7.199612,0.84107655,7.179104
JVASP-2547,3,Na,7.199612,0.84107655,7.179104
JVASP-2547,4,Ag,210.5946,6.9597216,211.90593
JVASP-2547,5,Ag,210.5946,6.9597216,209.42091
JVASP-2547,6,Sb,127.35624,27.438374,126.65728
JVASP-2547,7,Sb,127.35624,27.438374,126.65728
JVASP-46537,0,Tl,204.64236,13.684985,200.986
JVASP-46537,1,Tl,204.64236,13.684985,200.986
JVASP-46537,2,Co,15.452689,1.0717598,16.113155
JVASP-46537,3,Co,15.452689,1.0717598,16.113155
JVASP-46537,4,O,78.74833,1.173997,78.76477
JVASP-46537,5,O,78.74815,1.173997,79.04999
JVASP-46537,6,O,78.74878,1.173997,78.66491
JVASP-46537,7,O,78.74878,1.173997,78.66491
JVASP-46537,8,O,78.74815,1.173997,79.04999
JVASP-46537,9,O,78.74833,1.173997,78.76477
JVASP-35492,0,Ag,87.42474,6.9597216,81.02106
JVASP-35492,1,W,94.632774,103.865906,198.38795
JVASP-35492,2,S,127.16388,15.204629,119.743034
JVASP-35492,3,S,127.16348,15.204629,120.76191
JVASP-35492,4,S,127.16389,15.204629,120.28158
JVASP-35492,5,S,127.16348,15.204629,121.150505
JVASP-35492,6,N,204.2654,2.1896696,204.98184
JVASP-81333,0,Li,0.8299409,0.084703535,0.84407085
JVASP-81333,1,Y,42.86308,11.128398,33.5189
JVASP-81333,2,Y,42.86308,11.128398,33.5189
JVASP-81333,3,In,204.12904,6.7296906,207.93988
JVASP-16217,0,V,3.4268408,3.798005,6.9791884
JVASP-16217,1,V,3.4272504,3.798005,6.9793983
JVASP-16217,2,V,3.4268408,3.798005,6.9791884
JVASP-16217,3,V,3.4272504,3.798005,6.9793983
JVASP-16217,4,Ge,202.73569,9.267462,210.88078
JVASP-16217,5,Ge,202.73569,9.267462,210.88078
JVASP-16217,6,C,2.4127474,4.4679255,5.907829
JVASP-16217,7,C,2.4127474,4.4679255,5.907829
JVASP-8276,0,Mg,4.8565216,0.4287979,4.5347533
JVASP-8276,1,Mn,206.31676,1.6964667,205.73448
JVASP-8276,2,Mn,206.31676,1.6964667,206.08904
JVASP-8276,3,N,88.34828,2.1896696,86.75477
JVASP-8276,4,N,88.34828,2.1896696,88.881676
JVASP-18058,0,Yb,201.95226,4.325258,198.03206
JVASP-18058,1,Yb,201.95226,4.325258,198.03206
JVASP-18058,2,Ge,75.04338,9.267462,67.09814
JVASP-18058,3,Ge,75.04338,9.267462,67.09814
JVASP-18058,4,Ge,75.04338,9.267462,67.09814
JVASP-18058,5,Ge,75.04338,9.267462,67.09814
JVASP-18058,6,Ru,94.67931,13.728401,81.70047
JVASP-18058,7,Ru,94.67931,13.728401,81.70047
JVASP-18058,8,Ru,94.67931,13.728401,81.70047
JVASP-18058,9,Ru,94.67931,13.728401,81.70047
JVASP-49934,0,Er,201.82938,6.1186743,207.6368
JVASP-49934,1,Tl,65.56917,13.684985,56.561863
JVASP-49934,2,O,14.145803,1.173997,14.054505
JVASP-49934,3,O,14.145803,1.173997,14.054505
JVASP-67935,0,K,9.708144,3.9006114,6.0160646
JVASP-67935,1,K,9.708144,3.9006114,6.0160646
JVASP-67935,2,Be,3.7869112,0.38258058,4.101775
JVASP-67935,3,Be,3.7869112,0.38258058,4.101775
JVASP-67935,4,Nb,45.23391,15.259404,60.425793
JVASP-67935,5,Nb,201.31375,15.259404,186.15198
JVASP-67935,6,Nb,45.23391,15.259404,60.425793
JVASP-67935,7,Nb,201.31375,15.259404,186.15198
JVASP-76915,0,Sc,107.36313,1.2577385,106.617455
JVASP-76915,1,Sc,107.36313,1.2577385,106.617455
JVASP-76915,2,Ni,200.81963,5.243039,200.515
JVASP-76915,3,Pd,113.00389,20.903904,114.81705
JVASP-15628,0,Si,21.799288,1.7483627,20.321384
JVASP-15628,1,Si,21.799288,1.7483627,20.321384
JVASP-15628,2,Ru,83.972755,13.728401,76.343346
JVASP-15628,3,Ru,83.972755,13.728401,76.343346
JVASP-15628,4,Ho,200.10849,5.3662715,202.45692
JVASP-15405,0,Ta,124.57125,34.19568,92.593124
JVASP-15405,1,Ta,124.57125,34.19568,92.593124
JVASP-15405,2,Sn,199.73384,6.63049,205.10588
JVASP-15405,3,Sn,199.73384,6.63049,205.10588
JVASP-15405,4,S,20.993351,15.204629,36.074245
JVASP-15405,5,S,20.993351,15.204629,36.074245
JVASP-15405,6,S,20.993351,15.204629,36.074245
JVASP-15405,7,S,20.992943,15.204629,36.073856
JVASP-77541,0,Li,1.8689606,0.084703535,1.9480451
JVASP-77541,1,Li,1.8689606,0.084703535,1.9480451
JVASP-77541,2,Ga,199.2905,4.5793962,195.15756
JVASP-77541,3,Ga,199.2905,4.5793962,195.15756
JVASP-77541,4,Ir,24.993778,25.960743,9.631881
JVASP-77541,5,Ir,24.993778,25.960743,9.631881
JVASP-77541,6,Ir,24.993778,25.960743,9.631881
JVASP-77541,7,Ir,24.993778,25.960743,9.631881
JVASP-49848,0,Ho,198.75404,5.3662715,193.55228
JVASP-49848,1,Tl,67.63531,13.684985,58.599556
JVASP-49848,2,O,14.486282,1.173997,14.393937
JVASP-49848,3,O,14.486282,1.173997,14.393937
JVASP-50060,0,Dy,198.36131,4.4875207,202.49478
JVASP-50060,1,Tl,69.232376,13.684985,60.175755
JVASP-50060,2,O,14.9651575,1.173997,14.871266
JVASP-50060,3,O,14.9651575,1.173997,14.871266
JVASP-69083,0,Ba,92.016716,16.451351,108.40554
JVASP-69083,1,V,19.205633,3.798005,22.577126
JVASP-69083,2,Hg,202.38013,18.195402,218.88367
JVASP-69083,3,Hg,202.38013,18.195402,189.553
JVASP-16607,0,Y,24.838274,11.128398,25.99691
JVASP-16607,1,Y,24.837166,11.128398,33.864094
JVASP-16607,2,Y,24.838274,11.128398,26.963913
JVASP-16607,3,Tl,203.718,13.684985,213.65472
JVASP-16607,4,Tl,203.718,13.684985,213.24364
JVASP-16607,5,Tl,203.71724,13.684985,205.80107
JVASP-16607,6,Pd,150.67137,20.903904,130.0368
JVASP-16607,7,Pd,35.179573,20.903904,14.836854
JVASP-16607,8,Pd,150.67137,20.903904,130.0368
JVASP-32394,0,Sn,204.11565,6.63049,207.09166
JVASP-32394,1,Sn,204.11565,6.63049,207.09166
JVASP-32394,2,O,131.51212,1.173997,131.23956
JVASP-32394,3,O,131.51527,1.173997,132.56386
JVASP-32394,4,O,131.51212,1.173997,131.23956
JVASP-32394,5,O,131.51527,1.173997,132.56386
JVASP-32394,6,O,144.80176,1.173997,144.18767
JVASP-32394,7,O,144.80397,1.173997,144.43217
JVASP-32394,8,O,144.80176,1.173997,144.18767
JVASP-32394,9,O,144.80397,1.173997,144.43217
JVASP-32394,10,C,53.363846,4.4679255,50.648582
JVASP-32394,11,C,53.36143,4.4679255,55.036537
JVASP-32394,12,C,53.363846,4.4679255,50.648582
JVASP-32394,13,C,53.36143,4.4679255,55.036537
JVASP-17900,0,Mg,2.4697955,0.4287979,2.5671396
JVASP-17900,1,Fe,60.58818,2.1271884,59.155754
JVASP-17900,2,F,196.33005,15.800529,200.8564
JVASP-17900,3,F,196.33038,15.800529,190.52357
JVASP-17900,4,F,196.33037,15.800529,199.04976
JVASP-17900,5,F,196.33038,15.800529,190.52357
JVASP-17900,6,F,196.33005,15.800529,200.8564
JVASP-17900,7,F,196.33037,15.800529,199.04976
JVASP-1486,0,O,9.863281,1.173997,9.729317
JVASP-1486,1,O,9.863281,1.173997,9.729317
JVASP-1486,2,K,28.22462,3.9006114,25.11056
JVASP-1486,3,Pr,195.48148,6.8834753,189.9168
JVASP-65376,0,Ba,194.3262,16.451351,177.95532
JVASP-65376,1,Sr,95.78974,5.8790126,90.64851
JVASP-65376,2,Hf,36.316135,15.926846,30.79722
JVASP-65376,3,Hf,36.316135,15.926846,30.79722
JVASP-56850,0,Tb,4.8022246,11.037279,15.647387
JVASP-56850,1,Tb,4.8022246,11.037279,15.647387
JVASP-56850,2,Tb,4.8022246,11.037279,15.647387
JVASP-56850,3,Tb,4.8022246,11.037279,15.647387
JVASP-56850,4,Co,42.19328,1.0717598,43.03143
JVASP-56850,5,Co,42.19328,1.0717598,43.03143
JVASP-56850,6,Co,42.19328,1.0717598,43.03143
JVASP-56850,7,Co,42.19328,1.0717598,43.03143
JVASP-56850,8,I,193.93344,47.949,154.17708
JVASP-56850,9,I,193.93344,47.949,154.17708
JVASP-17171,0,Ce,193.6138,7.3629155,200.84456
JVASP-17171,1,Zn,64.69746,10.546378,73.61059
JVASP-17171,2,Zn,64.69882,10.546378,73.95571
JVASP-17171,3,Zn,64.69746,10.546378,73.274445
JVASP-17171,4,Pd,29.686592,20.903904,50.454014
JVASP-17171,5,Pd,29.686592,20.903904,50.454014
JVASP-61084,0,Ce,79.757835,7.3629155,86.99511
JVASP-61084,1,Ce,79.757835,7.3629155,86.99511
JVASP-61084,2,Al,9.063112,1.0875204,8.019771
JVASP-61084,3,Al,9.063112,1.0875204,8.019771
JVASP-61084,4,Al,2.4584713,1.0875204,1.4391654
JVASP-61084,5,Al,2.4584713,1.0875204,1.4391654
JVASP-61084,6,Au,193.03285,9.827829,197.32686
JVASP-61084,7,Au,193.03285,9.827829,197.32686
JVASP-61084,8,Au,22.18013,9.827829,20.17525
JVASP-61084,9,Au,22.18013,9.827829,20.17525
JVASP-56886,0,Pr,38.32594,6.8834753,45.034855
JVASP-56886,1,Pr,38.32594,6.8834753,45.034855
JVASP-56886,2,Pr,38.32594,6.8834753,45.034855
JVASP-56886,3,Pr,38.32594,6.8834753,45.034855
JVASP-56886,4,Co,40.34269,1.0717598,41.181076
JVASP-56886,5,Co,40.34269,1.0717598,41.181076
JVASP-56886,6,Co,40.34269,1.0717598,41.181076
JVASP-56886,7,Co,40.34269,1.0717598,41.181076
JVASP-56886,8,I,192.30455,47.949,152.56796
JVASP-56886,9,I,192.30455,47.949,152.56796
JVASP-2340,0,O,116.72913,1.173997,116.59853
JVASP-2340,1,O,116.72913,1.173997,116.59853
JVASP-2340,2,O,192.98721,1.173997,193.32524
JVASP-2340,3,Sr,12.852838,5.8790126,7.7095723
JVASP-2340,4,Sr,12.852838,5.8790126,7.7095723
JVASP-2340,5,Pd,85.06873,20.903904,79.76705
JVASP-17895,0,Yb,16.392801,4.325258,20.40169
JVASP-17895,1,In,84.799706,6.7296906,90.81373
JVASP-17895,2,In,196.63686,6.7296906,194.26985
JVASP-17895,3,In,196.63686,6.7296906,195.92291
JVASP-17895,4,In,196.63686,6.7296906,194.26985
JVASP-17895,5,In,196.63686,6.7296906,195.92291
JVASP-17895,6,Co,3.3321226,1.0717598,4.219256
JVASP-36586,0,Ba,0.0,16.451351,16.451351
JVASP-36586,1,Ge,0.0,9.267462,9.267462
JVASP-36586,2,O,190.40129,1.173997,190.26515
JVASP-36586,3,O,190.40129,1.173997,190.85234
JVASP-36586,4,O,190.40129,1.173997,190.09644
JVASP-49755,0,Ho,77.63454,5.3662715,72.44002
JVASP-49755,1,Ho,77.63454,5.3662715,72.44002
JVASP-49755,2,Bi,189.81096,75.36236,115.958626
JVASP-49755,3,Bi,189.81096,75.36236,115.958626
JVASP-49755,4,O,49.057148,1.173997,48.738903
JVASP-49755,5,O,49.057644,1.173997,49.31075
JVASP-49755,6,O,49.05758,1.173997,49.08566
JVASP-49755,7,O,49.05758,1.173997,49.08566
JVASP-49755,8,O,49.057644,1.173997,49.31075
JVASP-49755,9,O,49.057148,1.173997,48.738903
JVASP-8418,0,Ba,189.3578,16.451351,205.74135
JVASP-8418,1,Mn,34.501064,1.6964667,35.817398
JVASP-8418,2,Al,1.8199708,1.0875204,2.8829844
JVASP-8418,3,Cu,31.64904,2.626418,30.650858
JVASP-8418,4,O,56.767876,1.173997,57.21101
JVASP-8418,5,O,56.767876,1.173997,56.51495
JVASP-8418,6,O,84.893456,1.173997,85.29715
JVASP-8418,7,O,84.893456,1.173997,84.71206
JVASP-8418,8,O,61.83247,1.173997,61.70376
JVASP-35519,0,Dy,188.60826,4.4875207,192.74216
JVASP-35519,1,Ti,43.482525,1.1299996,42.524242
JVASP-35519,2,Ti,43.482525,1.1299996,42.524242
JVASP-35519,3,Ga,80.97952,4.5793962,83.803734
JVASP-35519,4,Ga,80.97952,4.5793962,83.803734
JVASP-35519,5,Ga,80.97952,4.5793962,83.85905
JVASP-35519,6,Ga,80.97952,4.5793962,83.85905
JVASP-2373,0,Ga,17.678234,4.5793962,15.038306
JVASP-2373,1,Ga,21.231743,4.5793962,24.508318
JVASP-2373,2,Se,197.23984,29.56337,194.41402
JVASP-2373,3,Se,197.23875,29.56337,205.80258
JVASP-2373,4,Se,197.2405,29.56337,215.5867
JVASP-2373,5,Se,197.23929,29.56337,174.28458
JVASP-2373,6,Hg,38.189224,18.195402,41.987087
JVASP-50487,0,Li,0.92932016,0.084703535,0.9545164
JVASP-50487,1,Te,198.98647,68.54225,184.57657
JVASP-50487,2,H,27.723688,4.494067,25.79527
JVASP-50487,3,O,187.28337,1.173997,187.42213
JVASP-50487,4,O,196.4862,1.173997,196.50032
JVASP-50487,5,O,194.6267,1.173997,194.61667
JVASP-50487,6,O,191.17664,1.173997,191.00705
JVASP-81251,0,Na,3.8216505,0.84107655,3.40737
JVASP-81251,1,Na,3.8216505,0.84107655,3.40737
JVASP-81251,2,Na,3.8216505,0.84107655,3.40737
JVASP-81251,3,Na,3.8216505,0.84107655,3.40737
JVASP-81251,4,Tl,187.6987,13.684985,188.10052
JVASP-81251,5,Tl,187.6987,13.684985,188.10052
JVASP-81251,6,Cd,14.512369,15.619623,21.968065
JVASP-81251,7,Cd,14.512369,15.619623,21.968065
JVASP-16456,0,Ba,18.445475,16.451351,34.857857
JVASP-16456,1,Ba,18.445475,16.451351,34.857857
JVASP-16456,2,Sn,188.75566,6.63049,188.31589
JVASP-16456,3,Sn,87.55538,6.63049,82.31544
JVASP-16456,4,Sn,188.75566,6.63049,182.86308
JVASP-16456,5,Sn,188.75566,6.63049,188.31589
JVASP-16456,6,Sn,87.55538,6.63049,82.31544
JVASP-16456,7,Sn,188.75566,6.63049,182.86308
JVASP-16456,8,Pd,20.4018,20.903904,41.190857
JVASP-16456,9,Pd,20.4018,20.903904,41.190857
JVASP-8780,0,Ag,19.000187,6.9597216,19.608849
JVASP-8780,1,Ag,19.000187,6.9597216,19.608849
JVASP-8780,2,Sb,100.74886,27.438374,119.35044
JVASP-8780,3,Sb,100.74886,27.438374,119.35044
JVASP-8780,4,Se,198.86617,29.56337,203.31036
JVASP-8780,5,Se,198.60832,29.56337,197.3223
JVASP-8780,6,Se,198.86617,29.56337,203.31036
JVASP-8780,7,Se,198.60832,29.56337,197.3223
JVASP-67326,0,Be,2.655247,0.38258058,2.3574853
JVASP-67326,1,Be,4.771606,0.38258058,5.0852623
JVASP-67326,2,Re,186.06895,20.045204,199.42978
JVASP-67326,3,Ge,90.3037,9.267462,98.503815
JVASP-16561,0,Ho,0.0,5.3662715,5.3662715
JVASP-16561,1,Sn,185.5023,6.63049,185.87381
JVASP-16561,2,Sn,185.5023,6.63049,179.95015
JVASP-16561,3,Sn,185.50232,6.63049,190.87715
JVASP-18774,0,Tb,38.012547,11.037279,37.992855
JVASP-18774,1,Tb,38.012547,11.037279,38.51096
JVASP-18774,2,Tb,38.008488,11.037279,38.69492
JVASP-18774,3,Tl,189.66225,13.684985,199.07233
JVASP-18774,4,Tl,189.66225,13.684985,199.49379
JVASP-18774,5,Tl,189.66026,13.684985,191.42593
JVASP-18774,6,Pd,35.64987,20.903904,15.297044
JVASP-18774,7,Pd,148.73302,20.903904,128.099
JVASP-18774,8,Pd,148.73302,20.903904,128.099
JVASP-5158,0,Cl,188.66078,20.642973,194.51598
JVASP-5158,1,Cl,188.66078,20.642973,194.51598
JVASP-5158,2,Cl,160.91202,20.642973,166.1682
JVASP-5158,3,Cl,160.9123,20.642973,154.15988
JVASP-5158,4,Cl,160.91202,20.642973,166.1682
JVASP-5158,5,Cl,160.9123,20.642973,154.15988
JVASP-5158,6,Mo,15.197964,41.233887,45.439404
JVASP-5158,7,Mo,15.197964,41.233887,45.439404
JVASP-17359,0,Li,0.3127427,0.084703535,0.34337202
JVASP-17359,1,Li,0.31006128,0.084703535,0.3387097
JVASP-17359,2,Li,0.3127427,0.084703535,0.37679902
JVASP-17359,3,Sm,189.68652,14.72507,193.90042
JVASP-17359,4,Sm,189.68652,14.72507,194.15337
JVASP-17359,5,Sm,189.68654,14.72507,194.73216
JVASP-17359,6,Ge,22.595318,9.267462,31.021553
JVASP-17359,7,Ge,22.595318,9.267462,31.021553
JVASP-17359,8,Ge,41.697254,9.267462,49.997833
JVASP-8080,0,Zn,4.228443,10.546378,12.946913
JVASP-8080,1,Zn,4.228443,10.546378,12.946913
JVASP-8080,2,As,193.82138,16.668182,205.15709
JVASP-8080,3,As,193.82217,16.668182,181.61023
JVASP-8080,4,As,193.82089,16.668182,186.98166
JVASP-8080,5,As,193.82251,16.668182,200.71382
JVASP-8080,6,Sn,5.3623123,6.63049,10.978518
JVASP-8080,7,Sn,5.3623123,6.63049,10.978518
JVASP-24028,0,H,42.327427,4.494067,41.11594
JVASP-24028,1,H,42.327007,4.494067,43.59123
JVASP-24028,2,H,42.327427,4.494067,41.11594
JVASP-24028,3,H,42.327007,4.494067,43.59123
JVASP-24028,4,O,197.24313,1.173997,196.41333
JVASP-24028,5,O,197.24313,1.173997,196.41333
JVASP-24028,6,Mg,32.63872,0.4287979,32.617493
JVASP-24028,7,Cl,40.953896,20.642973,49.62605
JVASP-24028,8,Cl,40.953896,20.642973,49.62605
JVASP-35484,0,Rb,2.3882592,7.136503,6.1203027
JVASP-35484,1,Rb,2.3882592,7.136503,6.1203027
JVASP-35484,2,Cr,9.753875,3.2921274,7.8669443
JVASP-35484,3,Br,183.0124,43.576878,185.63237
JVASP-35484,4,Br,183.0124,43.576878,185.63237
JVASP-35484,5,Cl,148.64922,20.642973,149.1807
JVASP-35484,6,Cl,148.64922,20.642973,147.309
JVASP-15678,0,Ce,182.6111,7.3629155,175.39104
JVASP-15678,1,Cr,79.9934,3.2921274,81.6634
JVASP-15678,2,Cr,79.9934,3.2921274,82.810104
JVASP-15678,3,Si,27.518383,1.7483627,26.848127
JVASP-15678,4,Si,27.518383,1.7483627,26.848127
JVASP-15678,5,C,30.61617,4.4679255,32.75703
JVASP-35410,0,Si,4.1853614,1.7483627,3.8166604
JVASP-35410,1,Pt,185.81819,18.358461,176.26622
JVASP-35410,2,Pt,185.81819,18.358461,176.26622
JVASP-35410,3,Pt,185.81819,18.358461,185.76202
JVASP-35410,4,Pt,185.81819,18.358461,185.76202
JVASP-35410,5,Pt,92.98018,18.358461,110.52797
JVASP-35410,6,Pb,173.1634,21.544178,161.82137
JVASP-2322,0,Dy,36.130962,4.4875207,35.655388
JVASP-2322,1,Dy,36.130962,4.4875207,38.299725
JVASP-2322,2,Ag,52.9449,6.9597216,59.449017
JVASP-2322,3,Ag,52.9449,6.9597216,59.449017
JVASP-2322,4,Te,203.82372,68.54225,203.05367
JVASP-2322,5,Te,203.82372,68.54225,209.99991
JVASP-2322,6,Te,203.82372,68.54225,200.96048
JVASP-2322,7,Te,203.82372,68.54225,203.30125
JVASP-17943,0,U,180.66457,22.270443,197.10442
JVASP-17943,1,U,180.66457,22.270443,197.10442
JVASP-17943,2,Ge,47.326588,9.267462,39.487926
JVASP-17943,3,Ge,47.326588,9.267462,39.487926
JVASP-17943,4,Ge,47.326588,9.267462,39.487926
JVASP-17943,5,Ge,47.326588,9.267462,39.487926
JVASP-17943,6,Ir,10.873285,25.960743,36.287636
JVASP-17943,7,Ir,10.873285,25.960743,36.287636
JVASP-17943,8,Ir,10.873285,25.960743,36.287636
JVASP-17943,9,Ir,10.873285,25.960743,36.287636
JVASP-85184,0,La,180.31346,5.9067655,180.85022
JVASP-85184,1,Al,7.142712,1.0875204,6.101006
JVASP-85184,2,Al,7.142712,1.0875204,6.101006
JVASP-85184,3,B,24.56838,5.024234,19.560652
JVASP-85184,4,Ru,117.30872,13.728401,110.16514
JVASP-85184,5,Ru,117.30872,13.728401,104.732124
JVASP-67636,0,Ag,15.730623,6.9597216,22.331484
JVASP-67636,1,Be,1.2794509,0.38258058,0.99684495
JVASP-67636,2,W,179.55984,103.865906,283.2786
JVASP-65030,0,Be,1.1790211,0.38258058,1.5047313
JVASP-65030,1,Be,4.850806,0.38258058,4.547802
JVASP-65030,2,Cu,7.157409,2.626418,8.587784
JVASP-65030,3,Ir,179.08057,25.960743,155.25366
JVASP-8768,0,S,8.317651,15.204629,7.139544
JVASP-8768,1,S,8.317651,15.204629,7.139544
JVASP-8768,2,F,184.54459,15.800529,188.1778
JVASP-8768,3,F,184.54459,15.800529,188.10971
JVASP-8768,4,F,184.54459,15.800529,187.44261
JVASP-8768,5,F,184.54459,15.800529,185.14714
JVASP-8768,6,F,184.54459,15.800529,188.1778
JVASP-8768,7,F,184.54459,15.800529,188.10971
JVASP-8768,8,F,184.54459,15.800529,187.44261
JVASP-8768,9,F,184.54459,15.800529,185.14714
JVASP-57227,0,Yb,42.672558,4.325258,38.786335
JVASP-57227,1,Bi,177.18057,75.36236,103.400764
JVASP-57227,2,Bi,177.18057,75.36236,103.400764
JVASP-57227,3,Cl,24.053173,20.642973,43.941483
JVASP-57227,4,O,96.614975,1.173997,97.02617
JVASP-57227,5,O,96.614975,1.173997,96.16664
JVASP-57227,6,O,96.614975,1.173997,96.16664
JVASP-57227,7,O,96.614975,1.173997,97.02617
JVASP-17686,0,Np,0.0,68.16108,68.16108
JVASP-17686,1,Ge,176.89317,9.267462,181.64311
JVASP-17686,2,Ge,176.89317,9.267462,180.62253
JVASP-17686,3,Ge,176.89316,9.267462,168.85648
JVASP-18663,0,P,46.565437,4.940868,49.764847
JVASP-18663,1,P,46.565437,4.940868,49.764847
JVASP-18663,2,P,146.20049,4.940868,144.43216
JVASP-18663,3,P,146.20052,4.940868,142.3163
JVASP-18663,4,Cu,5.591976,2.626418,6.755779
JVASP-18663,5,Cu,5.591976,2.626418,6.755779
JVASP-18663,6,U,176.68427,22.270443,156.18011
JVASP-18663,7,U,176.68427,22.270443,156.18011
JVASP-81475,0,Ba,176.60756,16.451351,169.11133
JVASP-81475,1,Ba,176.60756,16.451351,169.11133
JVASP-81475,2,Mg,8.517421,0.4287979,8.820124
JVASP-81475,3,Mg,8.517421,0.4287979,8.820124
JVASP-81475,4,Hg,108.36943,18.195402,107.54338
JVASP-81475,5,Hg,108.36943,18.195402,107.54338
JVASP-81475,6,Hg,108.36943,18.195402,107.54338
JVASP-81475,7,Hg,108.36943,18.195402,107.54338
JVASP-8391,0,Mg,30.290369,0.4287979,29.948408
JVASP-8391,1,Mg,30.290369,0.4287979,29.948408
JVASP-8391,2,W,190.27559,103.865906,195.84846
JVASP-8391,3,W,190.27559,103.865906,195.84846
JVASP-8391,4,O,54.96219,1.173997,55.362793
JVASP-8391,5,O,54.96219,1.173997,54.59724
JVASP-8391,6,O,36.793114,1.173997,37.255432
JVASP-8391,7,O,54.96219,1.173997,55.362793
JVASP-8391,8,O,54.96219,1.173997,54.59724
JVASP-8391,9,O,36.793114,1.173997,37.255432
JVASP-80965,0,Mn,46.725475,1.6964667,45.48529
JVASP-80965,1,Mn,46.725475,1.6964667,45.48529
JVASP-80965,2,Hg,188.4435,18.195402,174.60524
JVASP-80965,3,Hg,188.4435,18.195402,174.60524
JVASP-80965,4,Pd,37.18608,20.903904,51.195732
JVASP-80965,5,Pd,37.18608,20.903904,51.195732
JVASP-80965,6,Pd,37.18608,20.903904,51.195732
JVASP-80965,7,Pd,37.18608,20.903904,51.195732
JVASP-18151,0,Dy,31.29223,4.4875207,27.223732
JVASP-18151,1,Dy,31.29223,4.4875207,27.223732
JVASP-18151,2,Cu,0.29442826,2.626418,2.7476585
JVASP-18151,3,Cu,0.29442826,2.626418,2.7476585
JVASP-18151,4,Pb,175.2761,21.544178,163.92137
JVASP-18151,5,Pb,175.2761,21.544178,163.92137
JVASP-26365,0,Rb,80.01993,7.136503,74.18568
JVASP-26365,1,Ge,20.754526,9.267462,13.4366
JVASP-26365,2,I,38.628452,47.949,24.014353
JVASP-26365,3,O,186.3252,1.173997,187.11925
JVASP-26365,4,O,186.32642,1.173997,185.3693
JVASP-26365,5,O,186.32652,1.173997,187.2671
JVASP-26365,6,O,186.3252,1.173997,186.41115
JVASP-26365,7,O,186.32642,1.173997,186.62215
JVASP-26365,8,O,186.32652,1.173997,185.30629
JVASP-69131,0,Ba,173.9301,16.451351,157.5601
JVASP-69131,1,Sr,106.97412,5.8790126,101.82823
JVASP-69131,2,Ir,45.875668,25.960743,34.537724
JVASP-69131,3,Ir,45.875668,25.960743,50.81393
JVASP-56958,0,Ho,13.180143,5.3662715,16.69058
JVASP-56958,1,B,24.47449,5.024234,28.341003
JVASP-56958,2,B,24.47449,5.024234,28.341003
JVASP-56958,3,Rh,173.45776,12.903096,164.3675
JVASP-56958,4,Rh,173.45776,12.903096,164.3675
JVASP-56958,5,C,49.564125,4.4679255,47.819344
JVASP-43323,0,Co,76.799446,1.0717598,77.3858
JVASP-43323,1,Co,100.14825,1.0717598,100.49815
JVASP-43323,2,O,75.430046,1.173997,74.48543
JVASP-43323,3,O,75.430046,1.173997,74.48543
JVASP-43323,4,F,190.51418,15.800529,189.96661
JVASP-43323,5,F,190.51418,15.800529,189.96661
JVASP-15715,0,B,24.522877,5.024234,28.400492
JVASP-15715,1,B,24.522877,5.024234,28.400492
JVASP-15715,2,C,49.651012,4.4679255,47.90468
JVASP-15715,3,Rh,172.66931,12.903096,163.54413
JVASP-15715,4,Rh,172.66931,12.903096,163.54413
JVASP-15715,5,Er,15.402939,6.1186743,11.935406
JVASP-35449,0,Al,1.2541388,1.0875204,2.3206851
JVASP-35449,1,P,13.323591,4.940868,17.36854
JVASP-35449,2,Pt,174.46414,18.358461,160.1221
JVASP-35449,3,Pt,174.46414,18.358461,160.1221
JVASP-35449,4,Pt,174.46414,18.358461,168.20355
JVASP-35449,5,Pt,174.46414,18.358461,168.20355
JVASP-35449,6,Pt,92.58337,18.358461,110.131714
JVASP-79228,0,Ca,7.8236704,1.1291435,8.170084
JVASP-79228,1,Cu,2.3784547,2.626418,2.7135475
JVASP-79228,2,S,172.14838,15.204629,163.6134
JVASP-79228,3,S,172.14838,15.204629,165.42001
JVASP-8317,0,Al,12.205439,1.0875204,12.572919
JVASP-8317,1,Ni,117.12687,5.243039,118.807465
JVASP-8317,2,F,122.597206,15.800529,126.80112
JVASP-8317,3,F,122.597206,15.800529,126.80112
JVASP-8317,4,F,171.8574,15.800529,169.4197
JVASP-8317,5,F,171.8574,15.800529,169.4197
JVASP-8317,6,F,136.87675,15.800529,138.02377
JVASP-35212,0,K,19.016205,3.9006114,22.811201
JVASP-35212,1,Li,0.65972924,0.084703535,0.58171606
JVASP-35212,2,I,171.4798,47.949,214.41689
JVASP-35212,3,Cl,40.103863,20.642973,22.141697
JVASP-15611,0,Tm,171.25322,8.03611,163.96706
JVASP-15611,1,B,4.2776256,5.024234,9.295817
JVASP-15611,2,B,4.2776256,5.024234,9.295817
JVASP-15611,3,Ru,130.79926,13.728401,132.57639
JVASP-15611,4,Ru,130.79068,13.728401,126.36802
JVASP-15611,5,Ru,130.79926,13.728401,132.21419
JVASP-16347,0,B,19.550848,5.024234,23.519995
JVASP-16347,1,B,19.550848,5.024234,23.519995
JVASP-16347,2,C,34.472027,4.4679255,32.799286
JVASP-16347,3,Ni,33.508785,5.243039,29.133436
JVASP-16347,4,Ni,33.508785,5.243039,29.133436
JVASP-16347,5,Ce,170.53247,7.3629155,174.99823
JVASP-67915,0,Ta,170.33098,34.19568,203.16542
JVASP-67915,1,Be,2.2290356,0.38258058,1.9336709
JVASP-67915,2,Zn,17.295847,10.546378,27.786531
JVASP-67915,3,Zn,3.9191837,10.546378,14.441276
JVASP-61096,0,Co,165.60959,1.0717598,164.77812
JVASP-61096,1,As,30.725174,16.668182,47.132534
JVASP-61096,2,As,30.725174,16.668182,47.132534
JVASP-61096,3,O,174.7438,1.173997,174.92833
JVASP-61096,4,O,174.744,1.173997,174.38039
JVASP-61096,5,O,174.744,1.173997,175.04614
JVASP-61096,6,O,174.744,1.173997,174.38039
JVASP-61096,7,O,174.7438,1.173997,174.92833
JVASP-61096,8,O,174.744,1.173997,175.04614
JVASP-8314,0,Zn,8.9335165,10.546378,16.60255
JVASP-8314,1,Mo,169.35281,41.233887,193.43883
JVASP-8314,2,F,123.0456,15.800529,127.65321
JVASP-8314,3,F,123.04517,15.800529,118.84209
JVASP-8314,4,F,123.04544,15.800529,121.34176
JVASP-8314,5,F,123.04517,15.800529,118.84209
JVASP-8314,6,F,123.0456,15.800529,127.65321
JVASP-8314,7,F,123.04544,15.800529,121.34176
JVASP-35787,0,Hf,96.84792,15.926846,89.26932
JVASP-35787,1,Hf,96.84792,15.926846,89.26932
JVASP-35787,2,Hg,168.96089,18.195402,174.97304
JVASP-35855,0,Dy,70.41183,4.4875207,66.309006
JVASP-35855,1,Dy,70.41183,4.4875207,66.31005
JVASP-35855,2,Tl,168.43182,13.684985,178.50133
JVASP-35855,3,Tl,168.43182,13.684985,178.50133
JVASP-35855,4,Zn,53.999,10.546378,43.5637
JVASP-35855,5,Zn,53.999,10.546378,43.5637
JVASP-62820,0,Ce,168.0652,7.3629155,160.84567
JVASP-62820,1,Al,8.788769,1.0875204,7.745612
JVASP-62820,2,Al,8.788769,1.0875204,7.745612
JVASP-62820,3,B,22.31077,5.024234,17.30348
JVASP-62820,4,Ru,95.59689,13.728401,84.24896
JVASP-62820,5,Ru,95.59689,13.728401,90.7616
JVASP-77146,0,Cd,82.406555,15.619623,97.78045
JVASP-77146,1,Cd,82.406555,15.619623,97.78045
JVASP-77146,2,Hg,167.95293,18.195402,174.57355
JVASP-77146,3,Hg,167.95293,18.195402,174.57355
JVASP-77146,4,Pd,38.880272,20.903904,59.071693
JVASP-77146,5,Pd,38.880272,20.903904,59.071693
JVASP-77146,6,Pd,38.880272,20.903904,59.071693
JVASP-77146,7,Pd,38.880272,20.903904,59.071693
JVASP-14548,0,Ge,173.85605,9.267462,165.80392
JVASP-14548,1,Ge,173.8554,9.267462,165.80327
JVASP-14548,2,Ge,150.28157,9.267462,158.84283
JVASP-14548,3,Ge,150.2819,9.267462,158.84317
JVASP-14548,4,Zr,18.392487,6.08661,15.957547
JVASP-14548,5,Zr,18.392487,6.08661,15.957547
JVASP-67954,0,Be,0.4654224,0.38258058,0.27562448
JVASP-67954,1,Os,167.3418,41.308342,205.1659
JVASP-67954,2,V,71.23443,3.798005,67.96894
JVASP-67954,3,V,2.9924603,3.798005,1.9175718
JVASP-15466,0,Zr,29.28855,6.08661,35.248257
JVASP-15466,1,Zr,29.28855,6.08661,35.248257
JVASP-15466,2,Ge,167.12378,9.267462,175.27866
JVASP-15466,3,Ge,167.12378,9.267462,175.27866
JVASP-15466,4,Se,44.98488,29.56337,17.213064
JVASP-15466,5,Se,44.98488,29.56337,17.213064
JVASP-15988,0,Hf,85.358185,15.926846,94.90248
JVASP-15988,1,Hf,85.358185,15.926846,94.90248
JVASP-15988,2,Ge,166.75064,9.267462,174.90565
JVASP-15988,3,Ge,166.75064,9.267462,174.90565
JVASP-15988,4,Se,41.32616,29.56337,13.859099
JVASP-15988,5,Se,41.32616,29.56337,13.859099
JVASP-17344,0,Sr,1.7507669,5.8790126,4.2112775
JVASP-17344,1,Sr,1.7507669,5.8790126,4.2112775
JVASP-17344,2,Cu,25.2305,2.626418,24.74774
JVASP-17344,3,Cu,25.2305,2.626418,24.74774
JVASP-17344,4,S,37.803764,15.204629,24.799747
JVASP-17344,5,S,37.803764,15.204629,24.799747
JVASP-17344,6,O,168.0124,1.173997,167.82475
JVASP-17344,7,O,168.01149,1.173997,168.37009
JVASP-37081,0,Ta,166.25952,34.19568,134.09953
JVASP-37081,1,Hg,97.326805,18.195402,93.82515
JVASP-37081,2,S,4.960217,15.204629,10.34701
JVASP-37081,3,S,4.960217,15.204629,10.34701
JVASP-81233,0,Mg,17.994661,0.4287979,18.305593
JVASP-81233,1,Mg,17.994661,0.4287979,18.305593
JVASP-81233,2,Mg,17.994661,0.4287979,18.305593
JVASP-81233,3,Mg,17.994661,0.4287979,18.305593
JVASP-81233,4,Ga,171.24297,4.5793962,174.89104
JVASP-81233,5,Ga,171.24297,4.5793962,174.89104
JVASP-81233,6,Pd,74.72747,20.903904,54.344845
JVASP-81233,7,Pd,74.72747,20.903904,54.344845
JVASP-7787,0,F,167.2542,15.800529,161.79764
JVASP-7787,1,F,167.25462,15.800529,175.60606
JVASP-7787,2,F,167.25284,15.800529,165.76756
JVASP-7787,3,F,167.25462,15.800529,175.60606
JVASP-7787,4,F,167.2542,15.800529,161.79764
JVASP-7787,5,F,167.25284,15.800529,165.76756
JVASP-7787,6,Cd,19.470928,15.619623,30.506767
JVASP-7787,7,Sn,17.520521,6.63049,14.163073
JVASP-59718,0,U,174.1574,22.270443,171.53624
JVASP-59718,1,U,174.1574,22.270443,173.34729
JVASP-59718,2,U,174.1574,22.270443,173.34729
JVASP-59718,3,U,174.1574,22.270443,171.53624
JVASP-59718,4,Al,16.19521,1.0875204,17.246159
JVASP-59718,5,Al,16.19521,1.0875204,17.246159
JVASP-59718,6,Co,75.10965,1.0717598,74.41791
JVASP-59718,7,Co,75.10965,1.0717598,74.269394
JVASP-59718,8,Co,75.10965,1.0717598,74.269394
JVASP-59718,9,Co,75.10965,1.0717598,74.41791
JVASP-54794,0,Sm,33.853172,14.72507,48.51099
JVASP-54794,1,Sm,33.853172,14.72507,48.51099
JVASP-54794,2,Ag,30.359385,6.9597216,36.898968
JVASP-54794,3,Ag,30.359385,6.9597216,36.898968
JVASP-54794,4,Pb,164.75186,21.544178,153.46292
JVASP-54794,5,Pb,164.75186,21.544178,153.46292
JVASP-50167,0,Cd,55.23477,15.619623,39.839714
JVASP-50167,1,Cd,37.856876,15.619623,22.509787
JVASP-50167,2,Bi,164.33629,75.36236,239.06902
JVASP-50167,3,Bi,75.302345,75.36236,150.20482
JVASP-50167,4,O,91.792854,1.173997,91.84022
JVASP-50167,5,O,91.763306,1.173997,91.747765
JVASP-50167,6,O,91.78016,1.173997,91.74209
JVASP-50167,7,O,120.276146,1.173997,119.95365
JVASP-50167,8,O,120.28415,1.173997,120.83021
JVASP-50167,9,O,120.28183,1.173997,120.28274
JVASP-14166,0,S,19.922226,15.204629,33.586266
JVASP-14166,1,S,98.41311,15.204629,110.81514
JVASP-14166,2,S,98.41311,15.204629,110.81514
JVASP-14166,3,S,19.922226,15.204629,33.586266
JVASP-14166,4,S,79.76573,15.204629,88.61126
JVASP-14166,5,S,79.76573,15.204629,88.61126
JVASP-14166,6,Pd,57.28915,20.903904,74.347855
JVASP-14166,7,Ta,173.1162,34.19568,189.02634
JVASP-14166,8,Ta,173.1162,34.19568,189.02634
JVASP-43066,0,Co,68.031425,1.0717598,67.49206
JVASP-43066,1,Sb,137.25072,27.438374,155.65135
JVASP-43066,2,O,163.70099,1.173997,162.9301
JVASP-43066,3,O,161.9411,1.173997,161.31677
JVASP-43066,4,O,163.70058,1.173997,163.64487
JVASP-43066,5,O,161.94182,1.173997,162.09941
JVASP-42568,0,Li,1.5074409,0.084703535,1.5358634
JVASP-42568,1,Li,1.796068,0.084703535,1.8241626
JVASP-42568,2,Cu,21.07428,2.626418,21.345034
JVASP-42568,3,Ni,26.796215,5.243039,29.143295
JVASP-42568,4,O,174.23701,1.173997,173.69351
JVASP-42568,5,O,161.37715,1.173997,160.75937
JVASP-42568,6,O,174.23627,1.173997,174.49303
JVASP-42568,7,O,161.37614,1.173997,161.54219
JVASP-67758,0,Be,2.7189336,0.38258058,2.4208863
JVASP-67758,1,P,27.262005,4.940868,23.739307
JVASP-67758,2,W,162.77185,103.865906,59.54411
JVASP-67758,3,W,158.27623,103.865906,262.00192
JVASP-51052,0,Yb,27.84825,4.325258,23.988144
JVASP-51052,1,Bi,162.32278,75.36236,88.65468
JVASP-51052,2,Bi,162.32278,75.36236,88.65468
JVASP-51052,3,I,80.03054,47.949,123.95145
JVASP-51052,4,O,124.52883,1.173997,124.9345
JVASP-51052,5,O,124.52883,1.173997,124.07807
JVASP-51052,6,O,124.52883,1.173997,124.9345
JVASP-51052,7,O,124.52883,1.173997,124.07807
JVASP-65776,0,Ba,7.321525,16.451351,23.750172
JVASP-65776,1,Ti,20.83291,1.1299996,19.879326
JVASP-65776,2,Te,162.05498,68.54225,229.25075
JVASP-65776,3,Te,113.9568,68.54225,49.97886
JVASP-14409,0,Se,161.78627,29.56337,176.20686
JVASP-14409,1,Se,161.78627,29.56337,176.20686
JVASP-14409,2,Se,54.5618,29.56337,76.661766
JVASP-14409,3,Se,179.19083,29.56337,202.17134
JVASP-14409,4,Se,179.19083,29.56337,202.17134
JVASP-14409,5,Se,54.5618,29.56337,76.661766
JVASP-14409,6,Pd,35.815784,20.903904,52.64278
JVASP-14409,7,Ta,136.08052,34.19568,159.02353
JVASP-14409,8,Ta,136.08052,34.19568,159.02353
JVASP-61484,0,Mn,19.112143,1.6964667,20.44096
JVASP-61484,1,As,27.822123,16.668182,44.238674
JVASP-61484,2,As,27.822123,16.668182,44.238674
JVASP-61484,3,O,169.48611,1.173997,169.71239
JVASP-61484,4,O,169.48595,1.173997,169.8477
JVASP-61484,5,O,169.48595,1.173997,169.00862
JVASP-61484,6,O,169.48595,1.173997,169.8477
JVASP-61484,7,O,169.48611,1.173997,169.71239
JVASP-61484,8,O,169.48595,1.173997,169.00862
JVASP-68990,0,Ba,3.363966,16.451351,13.106311
JVASP-68990,1,Y,14.8659525,11.128398,23.356138
JVASP-68990,2,Ge,156.28479,9.267462,164.4435
JVASP-68990,3,Ge,161.17888,9.267462,153.14838
JVASP-18370,0,Pu,160.82738,29.168139,136.40404
JVASP-18370,1,Pu,160.82738,29.168139,136.40404
JVASP-18370,2,H,1.8901895,4.494067,2.903515
JVASP-18370,3,H,1.8901895,4.494067,2.903515
JVASP-18370,4,H,8.287848,4.494067,12.495559
JVASP-18370,5,H,8.288257,4.494067,12.496071
JVASP-18370,6,H,1.8901895,4.494067,2.903515
JVASP-18370,7,H,1.8901895,4.494067,2.903515
JVASP-7841,0,La,160.25623,5.9067655,159.92393
JVASP-7841,1,La,160.25624,5.9067655,162.40372
JVASP-7841,2,La,160.25624,5.9067655,158.74574
JVASP-7841,3,Sn,0.0,6.63049,6.63049
JVASP-16603,0,Sm,160.07701,14.72507,145.45813
JVASP-16603,1,Al,22.041319,1.0875204,21.104267
JVASP-16603,2,Al,22.041319,1.0875204,21.091413
JVASP-16603,3,Al,22.041662,1.0875204,20.957598
JVASP-16603,4,Pd,63.940258,20.903904,84.66896
JVASP-16603,5,Pd,63.940258,20.903904,84.66896
JVASP-35239,0,Ba,44.285145,16.451351,60.682743
JVASP-35239,1,Ba,44.285145,16.451351,60.682743
JVASP-35239,2,Cu,29.888674,2.626418,31.072062
JVASP-35239,3,C,69.50509,4.4679255,67.736496
JVASP-35239,4,N,6.1465864,2.1896696,5.8220854
JVASP-35239,5,N,6.1465864,2.1896696,5.8220854
JVASP-35239,6,O,163.01176,1.173997,163.47368
JVASP-35239,7,O,163.01176,1.173997,162.64635
JVASP-4534,0,P,99.63043,4.940868,100.37331
JVASP-4534,1,P,99.63036,4.940868,100.63953
JVASP-4534,2,P,99.63036,4.940868,101.04004
JVASP-4534,3,P,99.63043,4.940868,101.040146
JVASP-4534,4,P,99.63036,4.940868,101.0329
JVASP-4534,5,P,99.63043,4.940868,100.63963
JVASP-4534,6,P,99.63036,4.940868,100.3732
JVASP-4534,7,P,99.63036,4.940868,101.0329
JVASP-4534,8,Pd,44.182762,20.903904,32.305553
JVASP-4534,9,Pd,44.182762,20.903904,30.985582
JVASP-4534,10,Pd,44.18339,20.903904,32.3861
JVASP-4534,11,Pd,44.182796,20.903904,31.081244
JVASP-4534,12,Pd,44.18339,20.903904,32.30589
JVASP-4534,13,Pd,44.18339,20.903904,30.985931
JVASP-4534,14,Pd,44.182796,20.903904,32.38529
JVASP-4534,15,Pd,44.18339,20.903904,31.082088
JVASP-4534,16,S,173.63213,15.204629,166.95644
JVASP-4534,17,S,173.63213,15.204629,164.80626
JVASP-4534,18,S,173.63213,15.204629,163.7834
JVASP-4534,19,S,173.63213,15.204629,165.11829
JVASP-4534,20,S,173.63213,15.204629,163.7834
JVASP-4534,21,S,173.63213,15.204629,164.80626
JVASP-4534,22,S,173.63213,15.204629,165.11829
JVASP-4534,23,S,173.63213,15.204629,166.95644
JVASP-9896,0,Ti,0.974259,1.1299996,2.0073094
JVASP-9896,1,Zn,130.35657,10.546378,119.90387
JVASP-9896,2,Zn,158.6418,10.546378,148.18738
JVASP-9896,3,W,33.900932,103.865906,137.74277
JVASP-9896,4,O,40.622856,1.173997,41.128532
JVASP-9896,5,O,41.33132,1.173997,42.061573
JVASP-9896,6,O,40.62741,1.173997,40.739365
JVASP-9896,7,O,41.338306,1.173997,40.659786
JVASP-9896,8,O,40.632603,1.173997,40.22321
JVASP-9896,9,O,41.347015,1.173997,41.510838
JVASP-66836,0,Be,0.50707793,0.38258058,0.8461171
JVASP-66836,1,Cl,158.27298,20.642973,139.21986
JVASP-66836,2,Pd,27.409788,20.903904,7.4199553
JVASP-12110,0,Hf,157.96269,15.926846,149.9702
JVASP-12110,1,Hf,157.96269,15.926846,149.9702
JVASP-12110,2,Hf,157.96228,15.926846,149.96986
JVASP-12110,3,Hf,157.96269,15.926846,149.9702
JVASP-12110,4,Hf,157.96269,15.926846,149.9702
JVASP-12110,5,Hf,157.96228,15.926846,149.96986
JVASP-12110,6,N,6.450323,2.1896696,7.450414
JVASP-12110,7,N,6.450323,2.1896696,7.450414
JVASP-12110,8,N,6.4511395,2.1896696,7.4511986
JVASP-12110,9,N,6.4495063,2.1896696,7.44963
JVASP-12110,10,N,6.4495063,2.1896696,7.44963
JVASP-12110,11,N,6.4511395,2.1896696,7.4511986
JVASP-12110,12,Cl,13.96495,20.642973,9.134692
JVASP-12110,13,Cl,13.96495,20.642973,9.134692
JVASP-12110,14,Cl,13.965766,20.642973,9.134219
JVASP-12110,15,Cl,13.96495,20.642973,9.134692
JVASP-12110,16,Cl,13.96495,20.642973,9.134692
JVASP-12110,17,Cl,13.965766,20.642973,9.134219
JVASP-14244,0,Ba,35.760216,16.451351,26.842289
JVASP-14244,1,Ba,35.760216,16.451351,26.47949
JVASP-14244,2,Ba,35.760216,16.451351,26.47949
JVASP-14244,3,Ba,35.760216,16.451351,26.842289
JVASP-14244,4,Tl,153.60704,13.684985,156.11002
JVASP-14244,5,Tl,153.60704,13.684985,156.11002
JVASP-14244,6,Tl,153.60704,13.684985,160.4692
JVASP-14244,7,Tl,153.60704,13.684985,160.4692
JVASP-14244,8,Tl,153.60704,13.684985,161.02724
JVASP-14244,9,Tl,153.60704,13.684985,155.53432
JVASP-14244,10,Tl,153.60704,13.684985,155.53432
JVASP-14244,11,Tl,153.60704,13.684985,161.02724
JVASP-14244,12,Hg,125.99386,18.195402,131.03583
JVASP-14244,13,Hg,125.99386,18.195402,131.26247
JVASP-14244,14,Hg,125.99386,18.195402,131.26247
JVASP-14244,15,Hg,125.99386,18.195402,131.03583
JVASP-14244,16,Hg,160.14249,18.195402,164.55696
JVASP-14244,17,Hg,160.14249,18.195402,164.28195
JVASP-14244,18,Hg,160.14249,18.195402,164.28195
JVASP-14244,19,Hg,160.14249,18.195402,164.55696
JVASP-2634,0,Th,156.98698,20.611576,139.60098
JVASP-2634,1,Th,156.98698,20.611576,139.60098
JVASP-2634,2,S,14.084566,15.204629,29.18661
JVASP-2634,3,N,4.215572,2.1896696,5.340202
JVASP-2634,4,N,4.215572,2.1896696,5.340202
JVASP-8091,0,Ca,10.597279,1.1291435,10.687995
JVASP-8091,1,Ca,10.597719,1.1291435,11.367859
JVASP-8091,2,Ca,10.597279,1.1291435,10.366536
JVASP-8091,3,Ag,29.858541,6.9597216,36.430687
JVASP-8091,4,Ag,29.858837,6.9597216,36.39591
JVASP-8091,5,Ag,29.858541,6.9597216,36.333664
JVASP-8091,6,As,126.735374,16.668182,143.04851
JVASP-8091,7,As,156.76,16.668182,140.54008
JVASP-8091,8,As,156.76,16.668182,140.54008
JVASP-35524,0,In,20.690838,6.7296906,26.833645
JVASP-35524,1,Si,4.380504,1.7483627,3.9947941
JVASP-35524,2,Pt,164.05832,18.358461,156.34021
JVASP-35524,3,Pt,164.05832,18.358461,156.34021
JVASP-35524,4,Pt,164.05832,18.358461,166.04237
JVASP-35524,5,Pt,164.05832,18.358461,166.04237
JVASP-35524,6,Pt,98.35191,18.358461,115.89244
JVASP-12553,0,H,29.026169,4.494067,31.58255
JVASP-12553,1,H,29.026169,4.494067,31.58255
JVASP-12553,2,C,62.12674,4.4679255,64.159805
JVASP-12553,3,C,62.12674,4.4679255,64.159805
JVASP-12553,4,O,160.48785,1.173997,160.10533
JVASP-12553,5,O,160.4877,1.173997,159.82167
JVASP-12553,6,O,160.4877,1.173997,159.82167
JVASP-12553,7,O,160.48785,1.173997,160.10533
JVASP-12553,8,Na,5.571363,0.84107655,5.7125535
JVASP-12553,9,Na,5.571363,0.84107655,5.7125535
JVASP-18861,0,Tb,31.408583,11.037279,21.320314
JVASP-18861,1,Tb,31.408583,11.037279,21.320314
JVASP-18861,2,Ag,23.970707,6.9597216,30.529842
JVASP-18861,3,Ag,23.970707,6.9597216,30.529842
JVASP-18861,4,Pb,155.79285,21.544178,144.56746
JVASP-18861,5,Pb,155.79285,21.544178,144.56746
JVASP-57570,0,Tb,169.68155,11.037279,160.82979
JVASP-57570,1,Tb,169.68155,11.037279,160.82979
JVASP-57570,2,Cl,90.24704,20.642973,98.68372
JVASP-57570,3,Cl,90.24704,20.642973,98.68372
JVASP-57570,4,Cl,90.24729,20.642973,91.247536
JVASP-57570,5,Cl,90.24729,20.642973,91.247536
JVASP-57570,6,F,71.092155,15.800529,65.933235
JVASP-57570,7,F,71.09216,15.800529,66.22117
JVASP-64907,0,Be,9.173339,0.38258058,9.484662
JVASP-64907,1,Be,3.561558,0.38258058,3.2607777
JVASP-64907,2,Be,9.173339,0.38258058,9.484662
JVASP-64907,3,Be,3.561558,0.38258058,3.2607777
JVASP-64907,4,Tl,154.97269,13.684985,145.4686
JVASP-64907,5,Tl,154.97269,13.684985,145.4686
JVASP-64907,6,Ir,101.355804,25.960743,125.84545
JVASP-64907,7,Ir,101.355804,25.960743,125.84545
JVASP-12611,0,Ba,15.947812,16.451351,32.362873
JVASP-12611,1,Pr,7.5868864,6.8834753,14.362157
JVASP-12611,2,Co,0.80833167,1.0717598,0.67498755
JVASP-12611,3,Co,0.80833167,1.0717598,0.67498755
JVASP-12611,4,O,150.33253,1.173997,150.19734
JVASP-12611,5,O,133.52577,1.173997,133.39114
JVASP-12611,6,O,154.68758,1.173997,154.39143
JVASP-12611,7,O,154.68758,1.173997,155.13695
JVASP-12611,8,O,154.68758,1.173997,155.13695
JVASP-12611,9,O,154.68758,1.173997,154.39143
JVASP-3333,0,O,11.00512,1.173997,10.91283
JVASP-3333,1,O,11.00512,1.173997,10.91283
JVASP-3333,2,Te,48.186825,68.54225,39.61692
JVASP-3333,3,Tb,154.47813,11.037279,164.72859
JVASP-3333,4,Tb,154.47813,11.037279,164.72859
JVASP-63315,0,Yb,46.485195,4.325258,50.44622
JVASP-63315,1,Yb,46.485195,4.325258,50.44622
JVASP-63315,2,Sb,5.1782217,27.438374,23.03045
JVASP-63315,3,Sb,5.1782217,27.438374,23.03045
JVASP-63315,4,Au,154.02269,9.827829,150.19698
JVASP-63315,5,Au,154.02269,9.827829,150.19698
JVASP-7799,0,O,102.527885,1.173997,102.90312
JVASP-7799,1,O,102.5273,1.173997,102.22772
JVASP-7799,2,Zn,153.71385,10.546378,145.17075
JVASP-7799,3,Zn,9.548924,10.546378,19.181414
JVASP-7799,4,Zn,9.548924,10.546378,19.181414
JVASP-7799,5,As,22.342867,16.668182,37.732014
JVASP-7799,6,As,22.342867,16.668182,37.732014
JVASP-7799,7,Ba,15.745111,16.451351,8.232022
JVASP-7799,8,Ba,15.745111,16.451351,8.232022
JVASP-15892,0,Sc,152.7959,1.2577385,152.34155
JVASP-15892,1,Sc,152.7959,1.2577385,152.50044
JVASP-15892,2,Sc,152.7959,1.2577385,153.55838
JVASP-15892,3,B,0.0,5.024234,5.024234
JVASP-15892,4,Pb,0.0,21.544178,21.544178
JVASP-20871,0,Sc,40.335106,1.2577385,40.619087
JVASP-20871,1,Sc,40.335106,1.2577385,40.662117
JVASP-20871,2,Sc,40.335106,1.2577385,40.662117
JVASP-20871,3,Sc,40.335106,1.2577385,40.619087
JVASP-20871,4,Ni,79.711555,5.243039,75.08091
JVASP-20871,5,Ni,79.711555,5.243039,74.8034
JVASP-20871,6,Ni,79.711555,5.243039,74.8034
JVASP-20871,7,Ni,79.711555,5.243039,75.08091
JVASP-20871,8,Sn,152.39908,6.63049,157.78244
JVASP-20871,9,Sn,152.39908,6.63049,157.78244
JVASP-81158,0,In,152.0476,6.7296906,154.72977
JVASP-81158,1,In,152.0476,6.7296906,154.72977
JVASP-81158,2,Pd,50.539604,20.903904,66.38156
JVASP-81158,3,Rh,52.814587,12.903096,59.94984
JVASP-18098,0,Sm,172.606,14.72507,173.41815
JVASP-18098,1,Sm,172.60213,14.72507,172.52943
JVASP-18098,2,Sm,172.60213,14.72507,172.7986
JVASP-18098,3,Mg,4.291373,0.4287979,4.0555177
JVASP-18098,4,Mg,4.291373,0.4287979,4.0215335
JVASP-18098,5,Mg,4.2942495,0.4287979,4.06856
JVASP-18098,6,In,84.01546,6.7296906,78.11776
JVASP-18098,7,In,38.65785,6.7296906,32.84661
JVASP-18098,8,In,84.01546,6.7296906,78.11776
JVASP-17711,0,Mn,151.04697,1.6964667,152.3506
JVASP-17711,1,Mn,18.274826,1.6964667,19.604904
JVASP-17711,2,Co,50.22615,1.0717598,50.07211
JVASP-17711,3,Co,50.22615,1.0717598,49.96683
JVASP-17711,4,C,8.296422,4.4679255,7.5787525
JVASP-36413,0,Ba,133.4286,16.451351,117.06127
JVASP-36413,1,Si,150.83876,1.7483627,151.56477
JVASP-36413,2,C,94.207375,4.4679255,92.40641
JVASP-35654,0,Hf,150.56523,15.926846,142.60458
JVASP-35654,1,Hf,150.56523,15.926846,142.60458
JVASP-35654,2,S,28.243841,15.204629,43.309834
JVASP-35654,3,N,5.9424624,2.1896696,6.9640365
JVASP-35654,4,N,5.9424624,2.1896696,6.9640365
JVASP-14060,0,Yb,97.54421,4.325258,94.21879
JVASP-14060,1,Yb,97.54421,4.325258,94.29285
JVASP-14060,2,Yb,97.54421,4.325258,94.29285
JVASP-14060,3,Yb,97.54421,4.325258,94.21879
JVASP-14060,4,Cd,149.94307,15.619623,134.50366
JVASP-14060,5,Cd,149.94307,15.619623,134.50366
JVASP-14060,6,Pd,85.05054,20.903904,64.4618
JVASP-14060,7,Pd,85.05054,20.903904,64.46104
JVASP-14060,8,Pd,85.05054,20.903904,64.46104
JVASP-14060,9,Pd,85.05054,20.903904,64.4618
JVASP-67521,0,Li,0.6785087,0.084703535,0.6004697
JVASP-67521,1,Be,8.093114,0.38258058,7.7877684
JVASP-67521,2,Be,2.5327723,0.38258058,2.8503811
JVASP-67521,3,Ir,149.69403,25.960743,125.93637
JVASP-15672,0,B,21.3144,5.024234,25.216612
JVASP-15672,1,B,21.3144,5.024234,25.216612
JVASP-15672,2,C,40.157978,4.4679255,38.453934
JVASP-15672,3,Ni,40.406982,5.243039,36.05925
JVASP-15672,4,Ni,40.406982,5.243039,36.05925
JVASP-15672,5,Nd,149.35086,2.8276725,148.7372
JVASP-67815,0,Be,4.404184,0.38258058,4.101763
JVASP-67815,1,Mo,21.387312,41.233887,62.606018
JVASP-67815,2,Y,149.15433,11.128398,156.15457
JVASP-3459,0,Se,153.6614,29.56337,151.9073
JVASP-3459,1,Se,153.66125,29.56337,132.52048
JVASP-3459,2,Se,153.66118,29.56337,172.30025
JVASP-3459,3,Se,153.66025,29.56337,161.80167
JVASP-3459,4,In,41.66146,6.7296906,47.128098
JVASP-3459,5,In,32.396194,6.7296906,27.433712
JVASP-3459,6,Hg,21.620287,18.195402,28.827091
JVASP-36925,0,K,6.1145616,3.9006114,8.67747
JVASP-36925,1,K,6.1145616,3.9006114,8.67747
JVASP-36925,2,Cr,0.37290213,3.2921274,3.2910771
JVASP-36925,3,Cr,0.37290213,3.2921274,3.2910771
JVASP-36925,4,Cl,148.61885,20.642973,148.05057
JVASP-36925,5,Cl,148.61942,20.642973,156.12656
JVASP-36925,6,Cl,148.61894,20.642973,146.68164
JVASP-36925,7,Cl,148.61937,20.642973,156.1268
JVASP-36925,8,Cl,148.61882,20.642973,148.04965
JVASP-36925,9,Cl,148.61967,20.642973,146.68297
JVASP-34214,0,U,11.578747,22.270443,16.246447
JVASP-34214,1,Bi,148.53911,75.36236,75.014114
JVASP-34214,2,Bi,148.53911,75.36236,75.014114
JVASP-34214,3,O,3.788544,1.173997,3.8304913
JVASP-34214,4,O,3.788544,1.173997,3.8304913
JVASP-34214,5,O,17.047224,1.173997,17.226446
JVASP-34214,6,O,17.047224,1.173997,17.226446
JVASP-34214,7,O,12.783071,1.173997,12.697019
JVASP-34214,8,O,12.783071,1.173997,12.697019
JVASP-34270,0,C,54.324223,4.4679255,54.497707
JVASP-34270,1,Pb,143.39565,21.544178,155.5649
JVASP-34270,2,C,54.324974,4.4679255,54.498535
JVASP-34270,3,O,153.70654,1.173997,153.45813
JVASP-34270,4,O,153.70395,1.173997,152.7996
JVASP-34270,5,Cl,41.7449,20.642973,61.39492
JVASP-34270,6,Pb,143.39673,21.544178,155.56566
JVASP-34270,7,O,153.70349,1.173997,152.79913
JVASP-34270,8,O,153.70587,1.173997,153.45743
JVASP-34270,9,Cl,41.7449,20.642973,61.39492
JVASP-81177,0,Mg,1.7402626,0.4287979,2.0781176
JVASP-81177,1,Mg,1.7402626,0.4287979,2.0781176
JVASP-81177,2,Mg,1.7402626,0.4287979,2.0781176
JVASP-81177,3,Mg,1.7402626,0.4287979,2.0781176
JVASP-81177,4,Cd,44.19903,15.619623,37.944145
JVASP-81177,5,Cd,44.19903,15.619623,37.944145
JVASP-81177,6,Pb,166.4137,21.544178,184.28091
JVASP-81177,7,Pb,166.4137,21.544178,184.28091
JVASP-37308,0,Sr,34.246315,5.8790126,39.52741
JVASP-37308,1,Ga,49.111042,4.5793962,53.28938
JVASP-37308,2,Sn,147.77486,6.63049,142.49513
JVASP-37308,3,H,4.138413,4.494067,1.9344858
JVASP-74924,0,Be,7.894706,0.38258058,7.589446
JVASP-74924,1,V,21.81393,3.798005,25.177229
JVASP-74924,2,Ir,147.45193,25.960743,123.70089
JVASP-35450,0,Zn,4.039209,10.546378,6.562529
JVASP-35450,1,P,16.645916,4.940868,20.642298
JVASP-35450,2,Pt,147.74783,18.358461,136.6259
JVASP-35450,3,Pt,147.74783,18.358461,136.6259
JVASP-35450,4,Pt,147.74783,18.358461,145.86514
JVASP-35450,5,Pt,147.74783,18.358461,145.86514
JVASP-35450,6,Pt,128.8603,18.358461,146.36974
JVASP-18077,0,Pr,146.93265,6.8834753,153.61958
JVASP-18077,1,Cr,86.02647,3.2921274,88.10674
JVASP-18077,2,Cr,86.02647,3.2921274,88.8777
JVASP-18077,3,Si,29.40939,1.7483627,28.736015
JVASP-18077,4,Si,29.40939,1.7483627,28.736015
JVASP-18077,5,C,37.413506,4.4679255,39.51118
JVASP-31310,0,Er,38.336018,6.1186743,39.40165
JVASP-31310,1,Er,38.336018,6.1186743,39.40165
JVASP-31310,2,H,50.615314,4.494067,51.1198
JVASP-31310,3,H,50.615314,4.494067,51.1198
JVASP-31310,4,O,7.2376323,1.173997,6.8465424
JVASP-31310,5,O,7.2376323,1.173997,6.8465424
JVASP-31310,6,O,147.00967,1.173997,147.3877
JVASP-31310,7,O,147.00967,1.173997,147.3877
JVASP-36628,0,Zn,0.0,10.546378,10.546378
JVASP-36628,1,Ir,0.0,25.960743,25.960743
JVASP-36628,2,O,146.34314,1.173997,146.20805
JVASP-36628,3,O,146.34314,1.173997,146.7951
JVASP-36628,4,O,146.34314,1.173997,146.03929
JVASP-35437,0,Tm,20.629602,8.03611,28.145523
JVASP-35437,1,Ga,150.24226,4.5793962,147.68666
JVASP-35437,2,Ga,150.24226,4.5793962,147.68666
JVASP-35437,3,Ga,150.24226,4.5793962,150.53598
JVASP-35437,4,Ga,150.24226,4.5793962,150.53598
JVASP-35437,5,Ga,67.565094,4.5793962,71.73433
JVASP-35437,6,Co,1.3888606,1.0717598,0.8741501
JVASP-9976,0,C,44.94339,4.4679255,46.704052
JVASP-9976,1,C,44.94339,4.4679255,46.704052
JVASP-9976,2,O,167.28754,1.173997,167.97183
JVASP-9976,3,O,167.28687,1.173997,167.62593
JVASP-9976,4,O,167.28748,1.173997,166.26128
JVASP-9976,5,O,167.28754,1.173997,167.97183
JVASP-9976,6,O,167.28687,1.173997,167.62593
JVASP-9976,7,O,167.28748,1.173997,166.26128
JVASP-9976,8,Mg,2.362687,0.4287979,2.2787364
JVASP-9976,9,Ba,98.285286,16.451351,110.32905
JVASP-35065,0,Sm,7.5358553,14.72507,22.228235
JVASP-35065,1,Sm,7.5358553,14.72507,22.228235
JVASP-35065,2,Sb,89.81054,27.438374,67.05228
JVASP-35065,3,Sb,89.81054,27.438374,67.05228
JVASP-35065,4,Pd,145.45316,20.903904,124.82012
JVASP-35065,5,Pd,145.45316,20.903904,124.82012
JVASP-32216,0,H,38.489742,4.494067,35.16681
JVASP-32216,1,H,38.490383,4.494067,38.298393
JVASP-32216,2,H,38.499138,4.494067,39.72669
JVASP-32216,3,H,38.495777,4.494067,35.579353
JVASP-32216,4,H,38.499138,4.494067,39.72669
JVASP-32216,5,H,38.490383,4.494067,38.298393
JVASP-32216,6,H,38.489742,4.494067,35.16681
JVASP-32216,7,H,38.495777,4.494067,35.579353
JVASP-32216,8,C,51.72697,4.4679255,54.03967
JVASP-32216,9,C,51.727318,4.4679255,54.031425
JVASP-32216,10,C,51.72697,4.4679255,54.03967
JVASP-32216,11,C,51.727318,4.4679255,54.031425
JVASP-32216,12,O,160.95917,1.173997,160.60252
JVASP-32216,13,O,136.70609,1.173997,136.56296
JVASP-32216,14,O,160.95848,1.173997,161.46255
JVASP-32216,15,O,136.70566,1.173997,136.72015
JVASP-32216,16,O,160.95848,1.173997,161.46255
JVASP-32216,17,O,160.95917,1.173997,160.60252
JVASP-32216,18,O,138.869,1.173997,138.71614
JVASP-32216,19,O,138.86917,1.173997,138.85605
JVASP-32216,20,O,136.70566,1.173997,136.72015
JVASP-32216,21,O,138.86917,1.173997,138.85605
JVASP-32216,22,O,136.70609,1.173997,136.56296
JVASP-32216,23,O,138.869,1.173997,138.71614
JVASP-32216,24,Zn,49.601475,10.546378,40.84922
JVASP-32216,25,Zn,49.601475,10.546378,40.84922
JVASP-46150,0,Li,0.92822087,0.084703535,0.90837073
JVASP-46150,1,Co,11.500516,1.0717598,12.169297
JVASP-46150,2,C,39.761898,4.4679255,42.40021
JVASP-46150,3,C,39.761898,4.4679255,42.40021
JVASP-46150,4,O,162.50513,1.173997,161.98717
JVASP-46150,5,O,162.50362,1.173997,162.54591
JVASP-46150,6,O,162.50298,1.173997,162.77481
JVASP-46150,7,O,162.50298,1.173997,162.77481
JVASP-46150,8,O,162.50362,1.173997,162.54591
JVASP-46150,9,O,162.50513,1.173997,161.98717
JVASP-39328,0,Nd,24.73413,2.8276725,22.51129
JVASP-39328,1,Nd,62.8139,2.8276725,60.55224
JVASP-39328,2,Cd,144.69626,15.619623,129.25761
JVASP-39328,3,Cd,144.69626,15.619623,129.25761
JVASP-39328,4,O,34.149723,1.173997,34.566776
JVASP-39328,5,O,34.149723,1.173997,34.566776
JVASP-39328,6,O,21.630627,1.173997,21.80153
JVASP-39328,7,O,34.149723,1.173997,33.974842
JVASP-39328,8,O,34.149723,1.173997,33.974842
JVASP-8338,0,Ca,13.458575,1.1291435,13.082797
JVASP-8338,1,Sb,22.236897,27.438374,25.66381
JVASP-8338,2,F,144.65652,15.800529,149.1693
JVASP-8338,3,F,144.6579,15.800529,137.84583
JVASP-8338,4,F,144.65694,15.800529,147.76451
JVASP-8338,5,F,144.6579,15.800529,137.84583
JVASP-8338,6,F,144.65652,15.800529,149.1693
JVASP-8338,7,F,144.65694,15.800529,147.76451
JVASP-1207,0,As,164.52687,16.668182,156.96156
JVASP-1207,1,As,164.5272,16.668182,172.58434
JVASP-1207,2,As,164.5272,16.668182,173.98958
JVASP-1207,3,As,164.5281,16.668182,158.10284
JVASP-1207,4,Cd,90.640724,15.619623,79.07563
JVASP-1207,5,Cd,90.639565,15.619623,98.47422
JVASP-77198,0,Ca,1.1021088,1.1291435,1.8850429
JVASP-77198,1,Ca,1.1021088,1.1291435,1.8850429
JVASP-77198,2,Ca,1.1021088,1.1291435,1.8850429
JVASP-77198,3,Ca,1.1021088,1.1291435,1.8850429
JVASP-77198,4,Sn,143.36118,6.63049,142.34222
JVASP-77198,5,Sn,143.36118,6.63049,142.34222
JVASP-77198,6,Au,78.73678,9.827829,80.476234
JVASP-77198,7,Au,78.73678,9.827829,80.476234
JVASP-7876,0,O,113.65514,1.173997,113.447266
JVASP-7876,1,O,31.709538,1.173997,31.376522
JVASP-7876,2,O,31.709051,1.173997,31.37604
JVASP-7876,3,O,31.710012,1.173997,31.905386
JVASP-7876,4,O,31.710012,1.173997,31.905386
JVASP-7876,5,Ni,109.28746,5.243039,106.79659
JVASP-7876,6,Ba,150.00388,16.451351,156.03479
JVASP-7876,7,Er,123.950356,6.1186743,119.65419
JVASP-7876,8,Er,123.94958,6.1186743,119.65339
JVASP-17630,0,Cr,0.29965758,3.2921274,3.535175
JVASP-17630,1,Cr,0.29965758,3.2921274,3.535175
JVASP-17630,2,Cr,0.29965758,3.2921274,3.535175
JVASP-17630,3,Cr,0.29965758,3.2921274,3.535175
JVASP-17630,4,Ga,142.47702,4.5793962,138.34814
JVASP-17630,5,Ga,142.47702,4.5793962,138.34814
JVASP-17630,6,C,2.2641451,4.4679255,5.8005013
JVASP-17630,7,C,2.2641451,4.4679255,5.8005013
JVASP-22624,0,Rb,2.6275518,7.136503,4.596843
JVASP-22624,1,Rb,2.6275518,7.136503,4.596843
JVASP-22624,2,Ni,65.71321,5.243039,70.50463
JVASP-22624,3,F,142.23584,15.800529,147.18709
JVASP-22624,4,F,142.23718,15.800529,152.89363
JVASP-22624,5,F,91.94521,15.800529,78.631546
JVASP-22624,6,F,91.94521,15.800529,78.631546
JVASP-38750,0,H,12.387246,4.494067,14.685618
JVASP-38750,1,H,12.387246,4.494067,14.6926565
JVASP-38750,2,H,12.387337,4.494067,16.508898
JVASP-38750,3,H,12.387246,4.494067,14.685618
JVASP-38750,4,H,12.387246,4.494067,14.6926565
JVASP-38750,5,H,12.387337,4.494067,16.508898
JVASP-38750,6,Pt,141.77892,18.358461,124.52651
JVASP-38750,7,Pt,141.77892,18.358461,124.52651
JVASP-65370,0,Ba,155.50536,16.451351,170.69792
JVASP-65370,1,Cu,39.494007,2.626418,37.26111
JVASP-65370,2,Sc,36.738285,1.2577385,36.912827
JVASP-65370,3,Sc,36.738285,1.2577385,36.957203
JVASP-36616,0,Hg,0.0,18.195402,18.195402
JVASP-36616,1,Rh,0.0,12.903096,12.903096
JVASP-36616,2,O,141.31677,1.173997,141.18187
JVASP-36616,3,O,141.31679,1.173997,141.76889
JVASP-36616,4,O,141.31679,1.173997,141.01309
JVASP-65736,0,Ba,66.27503,16.451351,49.9216
JVASP-65736,1,Ba,66.27503,16.451351,49.9216
JVASP-65736,2,Fe,1.3913102,2.1271884,1.7521288
JVASP-65736,3,Fe,1.3913102,2.1271884,1.7521288
JVASP-65736,4,Ir,141.03264,25.960743,117.30198
JVASP-65736,5,Ir,141.03264,25.960743,117.30198
JVASP-65736,6,Ir,141.03264,25.960743,117.30198
JVASP-65736,7,Ir,141.03264,25.960743,117.30198
JVASP-85725,0,Eu,89.47525,21.293404,100.77059
JVASP-85725,1,Eu,89.47525,21.293404,100.77059
JVASP-85725,2,Zn,17.95614,10.546378,27.768976
JVASP-85725,3,Zn,39.45302,10.546378,39.31261
JVASP-85725,4,Zn,17.95614,10.546378,27.768774
JVASP-85725,5,Zn,39.45302,10.546378,39.312542
JVASP-85725,6,Sn,152.14348,6.63049,152.39227
JVASP-85725,7,Sn,152.14348,6.63049,152.3924
JVASP-85725,8,Sn,156.58078,6.63049,153.46431
JVASP-85725,9,Sn,156.58078,6.63049,153.46417
JVASP-8778,0,Ag,16.301376,6.9597216,19.179613
JVASP-8778,1,Ag,16.301376,6.9597216,19.179613
JVASP-8778,2,Bi,58.33404,75.36236,87.746185
JVASP-8778,3,Bi,58.33404,75.36236,87.746185
JVASP-8778,4,Se,152.21161,29.56337,157.66994
JVASP-8778,5,Se,152.23224,29.56337,152.02737
JVASP-8778,6,Se,152.21161,29.56337,157.66994
JVASP-8778,7,Se,152.23224,29.56337,152.02737
JVASP-67766,0,Be,1.9938966,0.38258058,1.7002301
JVASP-67766,1,Sb,139.91486,27.438374,116.595894
JVASP-67766,2,Sn,39.079975,6.63049,44.588444
JVASP-50143,0,Bi,139.39801,75.36236,66.00061
JVASP-50143,1,Bi,139.39801,75.36236,66.00061
JVASP-50143,2,Bi,139.39801,75.36236,66.00061
JVASP-50143,3,Bi,139.39801,75.36236,66.00061
JVASP-50143,4,Te,10.473202,68.54225,78.76183
JVASP-50143,5,Te,10.473202,68.54225,78.76183
JVASP-50143,6,O,8.680991,1.173997,8.897398
JVASP-50143,7,O,8.680991,1.173997,8.897398
JVASP-50143,8,O,8.680991,1.173997,8.897398
JVASP-50143,9,O,8.680991,1.173997,8.897398
JVASP-8424,0,Ba,50.564,16.451351,66.95973
JVASP-8424,1,Al,0.011430952,1.0875204,1.0985458
JVASP-8424,2,Cu,139.2494,2.626418,138.17863
JVASP-8424,3,Mo,122.63125,41.233887,163.83186
JVASP-8424,4,O,47.867527,1.173997,48.331345
JVASP-8424,5,O,47.867527,1.173997,47.467056
JVASP-8424,6,O,59.54791,1.173997,59.93389
JVASP-8424,7,O,59.54791,1.173997,59.40598
JVASP-8424,8,O,46.792606,1.173997,46.667442
JVASP-34477,0,K,10.227882,3.9006114,9.109114
JVASP-34477,1,K,10.227882,3.9006114,9.109114
JVASP-34477,2,Th,139.04716,20.611576,123.16562
JVASP-34477,3,Cu,15.21688,2.626418,17.548431
JVASP-34477,4,Cu,15.21688,2.626418,17.548431
JVASP-34477,5,S,64.56331,15.204629,63.34017
JVASP-34477,6,S,64.56331,15.204629,63.34017
JVASP-34477,7,S,76.82095,15.204629,82.11811
JVASP-34477,8,S,76.82095,15.204629,82.11811
JVASP-8296,0,Ti,81.99989,1.1299996,82.52939
JVASP-8296,1,Al,14.244408,1.0875204,14.003641
JVASP-8296,2,F,90.70576,15.800529,95.719284
JVASP-8296,3,F,90.70576,15.800529,95.719284
JVASP-8296,4,F,117.89444,15.800529,116.1649
JVASP-8296,5,F,117.89444,15.800529,116.1649
JVASP-8296,6,F,139.69728,15.800529,140.7703
JVASP-42353,0,Ba,0.0,16.451351,16.451351
JVASP-42353,1,Os,0.0,41.308342,41.308342
JVASP-42353,2,O,137.992,1.173997,137.68842
JVASP-42353,3,O,137.992,1.173997,138.44421
JVASP-42353,4,O,137.992,1.173997,137.85721
JVASP-67114,0,Be,2.8500009,0.38258058,2.5510066
JVASP-67114,1,Cu,21.483252,2.626418,22.700226
JVASP-67114,2,Sn,137.64294,6.63049,132.3673
JVASP-35409,0,In,32.309586,6.7296906,38.39719
JVASP-35409,1,P,9.908186,4.940868,14.026893
JVASP-35409,2,Pt,137.37973,18.358461,125.40836
JVASP-35409,3,Pt,137.37973,18.358461,125.40836
JVASP-35409,4,Pt,137.37973,18.358461,134.45221
JVASP-35409,5,Pt,137.37973,18.358461,134.45221
JVASP-35409,6,Pt,51.600952,18.358461,69.24234
JVASP-15067,0,Ho,137.14816,5.3662715,131.94841
JVASP-15067,1,Fe,49.29108,2.1271884,50.5397
JVASP-15067,2,Fe,49.29108,2.1271884,50.5397
JVASP-15067,3,Fe,38.45556,2.1271884,39.732265
JVASP-15067,4,Fe,38.458023,2.1271884,37.59283
JVASP-15067,5,Fe,38.45556,2.1271884,39.55642
JVASP-35429,0,Sc,9.573422,1.2577385,10.381165
JVASP-35429,1,Ga,145.58113,4.5793962,143.45331
JVASP-35429,2,Ga,145.58113,4.5793962,143.45331
JVASP-35429,3,Ga,145.58113,4.5793962,146.37257
JVASP-35429,4,Ga,145.58113,4.5793962,146.37257
JVASP-35429,5,Ga,61.668354,4.5793962,65.839966
JVASP-35429,6,Fe,21.609398,2.1271884,20.465271
JVASP-35430,0,Sc,7.341937,1.2577385,8.16296
JVASP-35430,1,Ga,142.24753,4.5793962,139.8737
JVASP-35430,2,Ga,142.24753,4.5793962,139.8737
JVASP-35430,3,Ga,142.24753,4.5793962,142.75845
JVASP-35430,4,Ga,142.24753,4.5793962,142.75845
JVASP-35430,5,Ga,54.345196,4.5793962,58.520428
JVASP-35430,6,Co,6.3515267,1.0717598,5.559734
JVASP-18531,0,B,34.899017,5.024234,37.17264
JVASP-18531,1,B,34.899017,5.024234,37.17264
JVASP-18531,2,N,37.57024,2.1896696,36.381264
JVASP-18531,3,N,37.56991,2.1896696,36.540802
JVASP-18531,4,N,37.56991,2.1896696,36.540802
JVASP-18531,5,N,37.57024,2.1896696,36.381264
JVASP-18531,6,Nd,140.4733,2.8276725,141.11942
JVASP-18531,7,Nd,140.4733,2.8276725,141.11942
JVASP-18531,8,Nd,125.173904,2.8276725,124.33948
JVASP-67610,0,Be,4.6181054,0.38258058,4.3153667
JVASP-67610,1,W,79.00094,103.865906,182.76651
JVASP-67610,2,Zr,136.3631,6.08661,142.30316
JVASP-41550,0,K,25.276693,3.9006114,21.525745
JVASP-41550,1,Sr,35.18039,5.8790126,30.124619
JVASP-41550,2,C,46.771374,4.4679255,48.82921
JVASP-41550,3,O,155.65964,1.173997,154.57259
JVASP-41550,4,O,155.66139,1.173997,156.09943
JVASP-41550,5,O,155.65964,1.173997,156.30931
JVASP-41550,6,F,15.588552,15.800529,30.844349
JVASP-21888,0,Sc,32.988377,1.2577385,33.29105
JVASP-21888,1,Sc,32.988377,1.2577385,33.33361
JVASP-21888,2,Sc,32.988377,1.2577385,33.33361
JVASP-21888,3,Sc,32.988377,1.2577385,33.29105
JVASP-21888,4,In,135.82993,6.7296906,141.82458
JVASP-21888,5,In,135.82993,6.7296906,141.82458
JVASP-21888,6,Ni,74.454384,5.243039,69.58573
JVASP-21888,7,Ni,74.454384,5.243039,69.44503
JVASP-21888,8,Ni,74.454384,5.243039,69.44503
JVASP-21888,9,Ni,74.454384,5.243039,69.58573
JVASP-15253,0,Yb,0.0,4.325258,4.325258
JVASP-15253,1,B,0.0,5.024234,5.024234
JVASP-15253,2,Rh,135.46332,12.903096,131.71504
JVASP-15253,3,Rh,135.46332,12.903096,148.12138
JVASP-15253,4,Rh,135.46332,12.903096,127.52099
JVASP-10188,0,Cd,144.73738,15.619623,151.4806
JVASP-10188,1,Cd,144.73738,15.619623,153.25864
JVASP-10188,2,P,90.77193,4.940868,90.927635
JVASP-10188,3,P,90.77193,4.940868,90.97066
JVASP-10188,4,P,115.69989,4.940868,115.256805
JVASP-10188,5,P,115.69989,4.940868,114.9507
JVASP-10188,6,P,115.69989,4.940868,115.256805
JVASP-10188,7,P,115.69989,4.940868,114.9507
JVASP-10188,8,P,90.77193,4.940868,90.97066
JVASP-10188,9,P,90.77193,4.940868,90.927635
JVASP-35511,0,Zn,0.49316394,10.546378,11.035541
JVASP-35511,1,As,27.813955,16.668182,44.230534
JVASP-35511,2,Pt,141.85773,18.358461,125.987785
JVASP-35511,3,Pt,141.85773,18.358461,125.987785
JVASP-35511,4,Pt,141.85773,18.358461,133.16554
JVASP-35511,5,Pt,141.85773,18.358461,133.16554
JVASP-35511,6,Pt,111.947395,18.358461,129.47226
JVASP-17625,0,Mn,134.72847,1.6964667,134.24995
JVASP-17625,1,Mn,134.72847,1.6964667,133.92537
JVASP-17625,2,Mn,134.72847,1.6964667,136.03258
JVASP-17625,3,Ge,0.0,9.267462,9.267462
JVASP-17625,4,C,0.0,4.4679255,4.4679255
JVASP-7905,0,Sc,134.08916,1.2577385,133.79437
JVASP-7905,1,Sc,134.08914,1.2577385,134.85208
JVASP-7905,2,Sc,134.08916,1.2577385,133.63542
JVASP-7905,3,In,0.0,6.7296906,6.7296906
JVASP-7905,4,B,0.0,5.024234,5.024234
JVASP-18088,0,Fe,7.0981174,2.1271884,5.912124
JVASP-18088,1,Fe,7.0981174,2.1271884,5.912124
JVASP-18088,2,Ge,100.78863,9.267462,92.15111
JVASP-18088,3,Ge,100.78863,9.267462,92.15111
JVASP-18088,4,Dy,133.93011,4.4875207,131.85399
JVASP-15385,0,U,76.976036,22.270443,63.138714
JVASP-15385,1,U,76.976036,22.270443,63.138714
JVASP-15385,2,P,133.55026,4.940868,129.8475
JVASP-15385,3,P,133.55026,4.940868,129.8475
JVASP-15385,4,S,3.4243867,15.204629,11.841986
JVASP-15385,5,S,3.4243867,15.204629,11.841986
JVASP-26879,0,Ba,102.36499,16.451351,118.752846
JVASP-26879,1,Y,5.827336,11.128398,15.377279
JVASP-26879,2,Fe,7.4905396,2.1271884,8.881896
JVASP-26879,3,Cu,13.821654,2.626418,15.103198
JVASP-26879,4,O,89.584145,1.173997,89.24217
JVASP-26879,5,O,89.584145,1.173997,90.04735
JVASP-26879,6,O,133.79697,1.173997,133.4657
JVASP-26879,7,O,133.79697,1.173997,134.25595
JVASP-26879,8,O,38.31247,1.173997,38.190544
JVASP-56971,0,Dy,132.98892,4.4875207,137.12608
JVASP-56971,1,Fe,37.730343,2.1271884,38.99638
JVASP-56971,2,Fe,49.31435,2.1271884,50.563023
JVASP-56971,3,Fe,37.730343,2.1271884,38.819576
JVASP-56971,4,Fe,49.31435,2.1271884,50.563023
JVASP-56971,5,Fe,37.730064,2.1271884,36.84106
JVASP-15121,0,Th,132.7109,20.611576,150.84846
JVASP-15121,1,Th,132.7109,20.611576,150.84846
JVASP-15121,2,Ge,65.30993,9.267462,57.390408
JVASP-15121,3,Ge,65.30993,9.267462,57.390408
JVASP-15121,4,Ge,65.30993,9.267462,57.390408
JVASP-15121,5,Ge,65.30993,9.267462,57.390408
JVASP-15121,6,Rh,25.768633,12.903096,38.49264
JVASP-15121,7,Rh,25.768633,12.903096,38.49264
JVASP-15121,8,Rh,25.768633,12.903096,38.49264
JVASP-15121,9,Rh,25.768633,12.903096,38.49264
JVASP-18198,0,Ta,132.2994,34.19568,100.276146
JVASP-18198,1,In,72.3616,6.7296906,78.38416
JVASP-18198,2,S,5.970631,15.204629,21.115162
JVASP-18198,3,S,5.970631,15.204629,21.115162
JVASP-67245,0,Be,5.7734475,0.38258058,6.086276
JVASP-67245,1,Be,3.0120559,0.38258058,2.7128656
JVASP-67245,2,V,11.418705,3.798005,8.344676
JVASP-67245,3,Bi,131.89604,75.36236,58.63294
JVASP-8666,0,Tl,6.8815684,13.684985,14.06251
JVASP-8666,1,Tl,6.8815684,13.684985,14.06251
JVASP-8666,2,Ag,39.26287,6.9597216,41.499664
JVASP-8666,3,Ag,39.26287,6.9597216,41.499664
JVASP-8666,4,I,136.61998,47.949,152.20613
JVASP-8666,5,I,136.62004,47.949,163.79114
JVASP-8666,6,I,136.62004,47.949,163.79114
JVASP-8666,7,I,136.61998,47.949,152.20613
JVASP-36641,0,Hg,0.0,18.195402,18.195402
JVASP-36641,1,Ge,0.0,9.267462,9.267462
JVASP-36641,2,O,130.99136,1.173997,130.85684
JVASP-36641,3,O,130.99136,1.173997,131.4438
JVASP-36641,4,O,130.99136,1.173997,130.68805
JVASP-80698,0,Al,10.268272,1.0875204,9.183412
JVASP-80698,1,Al,10.268272,1.0875204,9.183412
JVASP-80698,2,Al,10.268272,1.0875204,9.183412
JVASP-80698,3,Al,10.268272,1.0875204,9.183412
JVASP-80698,4,Cr,78.912895,3.2921274,81.299545
JVASP-80698,5,Cr,78.912895,3.2921274,81.299545
JVASP-80698,6,Ir,138.14743,25.960743,137.144
JVASP-80698,7,Ir,138.14743,25.960743,137.144
JVASP-51565,0,U,93.4479,22.270443,105.042114
JVASP-51565,1,U,93.4479,22.270443,105.042114
JVASP-51565,2,U,93.4479,22.270443,106.26541
JVASP-51565,3,U,93.4479,22.270443,106.26541
JVASP-51565,4,Sn,92.398834,6.63049,97.81236
JVASP-51565,5,Sn,92.398834,6.63049,97.81236
JVASP-51565,6,Rh,137.65193,12.903096,125.68897
JVASP-51565,7,Rh,137.65193,12.903096,125.839424
JVASP-51565,8,Rh,137.65193,12.903096,125.68897
JVASP-51565,9,Rh,137.65193,12.903096,125.839424
JVASP-85175,0,Eu,50.038177,21.293404,28.752386
JVASP-85175,1,Eu,50.038177,21.293404,28.752386
JVASP-85175,2,Sn,10.321742,6.63049,6.3560576
JVASP-85175,3,Sn,10.321742,6.63049,6.3560576
JVASP-85175,4,Hg,130.07281,18.195402,126.14682
JVASP-85175,5,Hg,130.07281,18.195402,126.14682
JVASP-17577,0,S,130.60655,15.204629,126.892654
JVASP-17577,1,S,130.6054,15.204629,128.83635
JVASP-17577,2,S,130.60579,15.204629,127.30664
JVASP-17577,3,S,130.60635,15.204629,142.69414
JVASP-17577,4,Fe,80.42059,2.1271884,81.62886
JVASP-17577,5,Ag,44.531307,6.9597216,39.44857
JVASP-17577,6,Ag,44.531307,6.9597216,39.44857
JVASP-17577,7,Sn,36.613785,6.63049,41.26609
JVASP-85430,0,Ba,117.179504,16.451351,133.56622
JVASP-85430,1,Lu,12.3576765,5.367924,7.45081
JVASP-85430,2,Fe,0.90304524,2.1271884,1.7719023
JVASP-85430,3,Cu,3.1002376,2.626418,4.8246098
JVASP-85430,4,O,38.448822,1.173997,38.326836
JVASP-85430,5,O,129.51228,1.173997,129.96904
JVASP-85430,6,O,86.59474,1.173997,87.056244
JVASP-85430,7,O,129.51228,1.173997,129.19246
JVASP-85430,8,O,86.59474,1.173997,86.26521
JVASP-37367,0,Tm,1.5317476,8.03611,6.6709075
JVASP-37367,1,Tm,1.5317476,8.03611,6.6709075
JVASP-37367,2,Pu,38.362274,29.168139,65.24606
JVASP-37367,3,Pu,38.362274,29.168139,65.24606
JVASP-37367,4,Pu,129.06525,29.168139,104.88028
JVASP-37367,5,Pu,38.362274,29.168139,65.24606
JVASP-37367,6,Pu,38.362274,29.168139,65.24606
JVASP-37367,7,Pu,129.06525,29.168139,104.88028
JVASP-8625,0,Ba,128.76152,16.451351,145.1475
JVASP-8625,1,Y,7.6007667,11.128398,8.888885
JVASP-8625,2,Fe,16.222971,2.1271884,17.52844
JVASP-8625,3,Fe,16.222971,2.1271884,17.52844
JVASP-8625,4,O,80.00372,1.173997,80.4674
JVASP-8625,5,O,80.00372,1.173997,80.4674
JVASP-8625,6,O,80.00372,1.173997,79.66478
JVASP-8625,7,O,80.00372,1.173997,79.66478
JVASP-8625,8,O,67.348724,1.173997,67.21911
JVASP-18472,0,Si,23.629883,1.7483627,22.276775
JVASP-18472,1,Si,23.629883,1.7483627,22.276775
JVASP-18472,2,Ce,113.146484,7.3629155,107.654434
JVASP-18472,3,Re,128.43938,20.045204,144.48438
JVASP-18472,4,Re,44.494007,20.045204,50.42973
JVASP-18472,5,Re,128.43938,20.045204,144.48438
JVASP-18472,6,Re,44.494007,20.045204,50.42973
JVASP-14551,0,Ho,128.16466,5.3662715,122.965416
JVASP-14551,1,Co,43.55397,1.0717598,44.391964
JVASP-14551,2,Co,43.55397,1.0717598,44.391964
JVASP-14551,3,Co,60.884743,1.0717598,61.195465
JVASP-14551,4,Co,60.88346,1.0717598,60.949024
JVASP-14551,5,Co,60.884743,1.0717598,60.865902
JVASP-67390,0,Li,3.0006251,0.084703535,2.9219434
JVASP-67390,1,Y,127.6127,11.128398,121.18633
JVASP-67390,2,Be,8.222945,0.38258058,8.534698
JVASP-3783,0,Ca,51.40009,1.1291435,50.6524
JVASP-3783,1,Ca,51.40009,1.1291435,51.892193
JVASP-3783,2,Ca,51.40009,1.1291435,51.684307
JVASP-3783,3,As,0.0,16.668182,16.668182
JVASP-3783,4,Br,127.23303,43.576878,136.87991
JVASP-3783,5,Br,127.23303,43.576878,90.47309
JVASP-3783,6,Br,127.233025,43.576878,165.34833
JVASP-13895,0,Ce,76.544106,7.3629155,83.781815
JVASP-13895,1,Ce,76.544106,7.3629155,83.781815
JVASP-13895,2,Sn,93.58602,6.63049,88.33964
JVASP-13895,3,Sn,79.027885,6.63049,73.798836
JVASP-13895,4,Sn,93.58602,6.63049,88.33964
JVASP-13895,5,Sn,79.027885,6.63049,73.798836
JVASP-13895,6,Ir,126.912964,25.960743,151.3408
JVASP-13895,7,Ir,10.713252,25.960743,16.487911
JVASP-13895,8,Ir,10.713252,25.960743,16.487911
JVASP-13895,9,Ir,126.912964,25.960743,151.3408
JVASP-17220,0,Si,30.824453,1.7483627,29.367825
JVASP-17220,1,Si,30.824453,1.7483627,29.367825
JVASP-17220,2,Mn,18.47652,1.6964667,16.825153
JVASP-17220,3,Mn,18.47652,1.6964667,16.825153
JVASP-17220,4,Yb,126.22361,4.325258,124.89181
JVASP-17480,0,Ce,61.452232,7.3629155,59.62215
JVASP-17480,1,Ce,61.452232,7.3629155,59.78071
JVASP-17480,2,Ce,61.454914,7.3629155,61.282505
JVASP-17480,3,In,68.080345,6.7296906,66.32229
JVASP-17480,4,In,68.079285,6.7296906,64.76955
JVASP-17480,5,In,68.079285,6.7296906,65.53481
JVASP-17480,6,Au,125.737206,9.827829,121.973366
JVASP-17480,7,Au,55.763855,9.827829,60.518665
JVASP-17480,8,Au,125.737206,9.827829,121.973366
JVASP-8415,0,Ba,102.39765,16.451351,118.7855
JVASP-8415,1,Y,2.2029078,11.128398,12.586918
JVASP-8415,2,Cr,39.233475,3.2921274,41.895077
JVASP-8415,3,Cu,36.24755,2.626418,35.2372
JVASP-8415,4,O,67.95473,1.173997,68.41054
JVASP-8415,5,O,67.95473,1.173997,67.54102
JVASP-8415,6,O,126.17765,1.173997,126.63742
JVASP-8415,7,O,126.17765,1.173997,125.843765
JVASP-8415,8,O,84.83971,1.173997,84.70801
JVASP-37956,0,Ac,125.24392,31.326805,111.9956
JVASP-37956,1,Ac,125.251526,31.326805,112.00181
JVASP-37956,2,Ac,125.24392,31.326805,111.9956
JVASP-37956,3,Ac,125.24392,31.326805,111.9956
JVASP-37956,4,Ac,125.251526,31.326805,112.00181
JVASP-37956,5,Ac,125.24392,31.326805,111.9956
JVASP-37956,6,Hg,18.407915,18.195402,29.311745
JVASP-37956,7,Hg,18.407915,18.195402,29.311745
JVASP-2943,0,Ta,0.0,34.19568,34.19568
JVASP-2943,1,Cu,18.126225,2.626418,15.642178
JVASP-2943,2,Cu,18.126225,2.626418,19.663973
JVASP-2943,3,Cu,18.126225,2.626418,19.365553
JVASP-2943,4,Te,124.98031,68.54225,138.9505
JVASP-2943,5,Te,124.98031,68.54225,136.23329
JVASP-2943,6,Te,124.98031,68.54225,143.53842
JVASP-2943,7,Te,124.98031,68.54225,151.00479
JVASP-35844,0,Ce,48.175404,7.3629155,55.421013
JVASP-35844,1,Ce,48.175404,7.3629155,55.420208
JVASP-35844,2,Tl,124.62273,13.684985,134.7718
JVASP-35844,3,Tl,124.62273,13.684985,134.7718
JVASP-35844,4,Cd,48.458256,15.619623,33.076538
JVASP-35844,5,Cd,48.458256,15.619623,33.076538
JVASP-26385,0,Sr,125.70064,5.8790126,122.59988
JVASP-26385,1,Sr,125.70002,5.8790126,122.59918
JVASP-26385,2,Sr,125.71235,5.8790126,129.76018
JVASP-26385,3,I,96.44505,47.949,90.65887
JVASP-26385,4,O,14.874231,1.173997,14.948779
JVASP-26385,5,Sr,125.71306,5.8790126,129.76086
JVASP-26385,6,I,96.46188,47.949,77.01446
JVASP-26385,7,I,96.443214,47.949,90.65758
JVASP-26385,8,I,96.4605,47.949,77.01381
JVASP-26385,9,O,14.874946,1.173997,14.949566
JVASP-17643,0,Co,29.801718,1.0717598,28.976702
JVASP-17643,1,Co,29.801718,1.0717598,28.976702
JVASP-17643,2,Ni,19.849443,5.243039,14.915097
JVASP-17643,3,Ni,19.849443,5.243039,14.915097
JVASP-17643,4,Sn,123.97725,6.63049,129.37135
JVASP-17643,5,Sn,123.97725,6.63049,129.37135
JVASP-15870,0,Er,0.0,6.1186743,6.1186743
JVASP-15870,1,B,0.0,5.024234,5.024234
JVASP-15870,2,Pd,123.53838,20.903904,117.343994
JVASP-15870,3,Pd,123.53838,20.903904,144.24356
JVASP-15870,4,Pd,123.53838,20.903904,111.89416
JVASP-15114,0,Pr,0.0,6.8834753,6.8834753
JVASP-15114,1,B,0.0,5.024234,5.024234
JVASP-15114,2,Pd,123.328545,20.903904,117.13705
JVASP-15114,3,Pd,123.328545,20.903904,144.03377
JVASP-15114,4,Pd,123.328545,20.903904,111.68661
JVASP-65627,0,Ba,43.837704,16.451351,60.23545
JVASP-65627,1,Pt,14.021695,18.358461,6.7772555
JVASP-65627,2,Br,123.48755,43.576878,84.8081
JVASP-65627,3,Br,123.48755,43.576878,130.16338
JVASP-53186,0,Lu,26.483885,5.367924,21.451113
JVASP-53186,1,Cu,14.128657,2.626418,15.407037
JVASP-53186,2,Se,122.742714,29.56337,94.03145
JVASP-53186,3,Se,93.1394,29.56337,122.208496
JVASP-16274,0,Yb,122.538994,4.325258,118.62433
JVASP-16274,1,Yb,122.538994,4.325258,118.62433
JVASP-16274,2,Si,5.9334803,1.7483627,5.454064
JVASP-16274,3,Si,5.9334803,1.7483627,5.454064
JVASP-16274,4,Si,5.9334803,1.7483627,5.454064
JVASP-16274,5,Si,5.9334803,1.7483627,5.454064
JVASP-16274,6,Rh,11.349302,12.903096,2.915602
JVASP-16274,7,Rh,11.349302,12.903096,2.915602
JVASP-16274,8,Rh,11.349302,12.903096,2.915602
JVASP-16274,9,Rh,11.349302,12.903096,2.915602
JVASP-35476,0,Pr,114.99123,6.8834753,115.139206
JVASP-35476,1,Re,126.42869,20.045204,118.99758
JVASP-35476,2,Re,126.42869,20.045204,118.99758
JVASP-35476,3,Re,87.53909,20.045204,71.13723
JVASP-35476,4,Re,87.53909,20.045204,71.13723
JVASP-35476,5,Si,29.346724,1.7483627,30.37372
JVASP-35476,6,Si,29.346724,1.7483627,30.37372
JVASP-29413,0,Tc,104.14316,8.509769,103.80289
JVASP-29413,1,Tc,104.14316,8.509769,103.80289
JVASP-29413,2,Tc,104.14316,8.509769,103.31041
JVASP-29413,3,Tc,104.14316,8.509769,103.31041
JVASP-29413,4,O,61.553623,1.173997,61.50346
JVASP-29413,5,O,60.980206,1.173997,60.700607
JVASP-29413,6,O,60.980206,1.173997,60.700607
JVASP-29413,7,O,44.66437,1.173997,44.272
JVASP-29413,8,O,61.553623,1.173997,60.97053
JVASP-29413,9,O,60.980206,1.173997,61.367172
JVASP-29413,10,O,61.553623,1.173997,61.50346
JVASP-29413,11,O,44.66437,1.173997,44.272
JVASP-29413,12,O,61.553623,1.173997,60.97053
JVASP-29413,13,O,44.66437,1.173997,44.41499
JVASP-29413,14,O,60.980206,1.173997,61.367172
JVASP-29413,15,O,44.66437,1.173997,44.41499
JVASP-29413,16,F,135.76439,15.800529,129.36536
JVASP-29413,17,F,135.76439,15.800529,129.36536
JVASP-29413,18,F,135.76439,15.800529,134.05716
JVASP-29413,19,F,135.76439,15.800529,134.05716
JVASP-15931,0,Y,16.434397,11.128398,15.467252
JVASP-15931,1,Y,16.436731,11.128398,22.726446
JVASP-15931,2,Y,16.434397,11.128398,14.332776
JVASP-15931,3,Al,21.158943,1.0875204,20.16045
JVASP-15931,4,Al,21.158888,1.0875204,20.076944
JVASP-15931,5,Al,21.158943,1.0875204,20.153145
JVASP-15931,6,Ni,12.545071,5.243039,7.6856995
JVASP-15931,7,Ge,121.89396,9.267462,130.06898
JVASP-15931,8,Ge,121.89396,9.267462,130.06898
JVASP-17238,0,Si,0.16666333,1.7483627,1.8926735
JVASP-17238,1,Si,0.16666333,1.7483627,1.8926735
JVASP-17238,2,Sm,23.638655,14.72507,35.458996
JVASP-17238,3,Au,121.52352,9.827829,119.91348
JVASP-17238,4,Au,121.52352,9.827829,119.91348
JVASP-17742,0,Ho,139.14972,5.3662715,139.92242
JVASP-17742,1,Ho,139.15144,5.3662715,138.66344
JVASP-17742,2,Ho,139.14972,5.3662715,139.28218
JVASP-17742,3,Mg,3.5619018,0.4287979,3.2653124
JVASP-17742,4,Mg,3.5593023,0.4287979,3.2427318
JVASP-17742,5,Mg,3.5593023,0.4287979,3.2580273
JVASP-17742,6,In,77.31488,6.7296906,71.42302
JVASP-17742,7,In,49.591145,6.7296906,43.74267
JVASP-17742,8,In,77.31488,6.7296906,71.42302
JVASP-3432,0,S,130.306,15.204629,137.81847
JVASP-3432,1,S,130.30605,15.204629,123.51497
JVASP-3432,2,S,130.30591,15.204629,138.49571
JVASP-3432,3,S,130.30565,15.204629,121.296165
JVASP-3432,4,Mn,16.742037,1.6964667,15.24715
JVASP-3432,5,Ga,4.080252,4.5793962,3.6325855
JVASP-3432,6,Ga,6.776937,4.5793962,10.367396
JVASP-28448,0,Ba,127.10843,16.451351,142.60506
JVASP-28448,1,Ba,127.10843,16.451351,142.60506
JVASP-28448,2,In,87.59732,6.7296906,83.72957
JVASP-28448,3,In,87.59732,6.7296906,83.72957
JVASP-28448,4,In,87.59732,6.7296906,83.151
JVASP-28448,5,In,87.59732,6.7296906,83.151
JVASP-28448,6,Pd,81.32208,20.903904,94.295074
JVASP-28448,7,Pd,81.32208,20.903904,94.295074
JVASP-15949,0,Zn,0.0,10.546378,10.546378
JVASP-15949,1,Fe,120.13522,2.1271884,118.243416
JVASP-15949,2,Fe,120.13522,2.1271884,120.829254
JVASP-15949,3,Fe,120.135216,2.1271884,121.36628
JVASP-15949,4,C,0.0,4.4679255,4.4679255
JVASP-54940,0,Ba,119.7801,16.451351,107.47861
JVASP-54940,1,Cr,41.430794,3.2921274,42.576748
JVASP-54940,2,Cr,41.430794,3.2921274,42.576748
JVASP-54940,3,As,19.895224,16.668182,34.5046
JVASP-54940,4,As,19.895224,16.668182,34.5046
JVASP-57000,0,Yb,119.59552,4.325258,115.681206
JVASP-57000,1,Yb,119.59552,4.325258,115.681206
JVASP-57000,2,P,47.169006,4.940868,51.01391
JVASP-57000,3,P,47.169006,4.940868,51.01391
JVASP-57000,4,P,47.169006,4.940868,51.01391
JVASP-57000,5,P,47.169006,4.940868,51.01391
JVASP-57000,6,Ru,41.5956,13.728401,28.812197
JVASP-57000,7,Ru,41.5956,13.728401,28.812197
JVASP-57000,8,Ru,41.5956,13.728401,28.812197
JVASP-57000,9,Ru,41.5956,13.728401,28.812197
JVASP-10662,0,Na,9.94725,0.84107655,9.239652
JVASP-10662,1,Na,9.94725,0.84107655,9.211382
JVASP-10662,2,Na,4.5538626,0.84107655,4.3707466
JVASP-10662,3,Na,4.5538626,0.84107655,4.376981
JVASP-10662,4,S,120.960945,15.204629,120.557365
JVASP-10662,5,S,120.960945,15.204629,117.87165
JVASP-10662,6,S,112.55438,15.204629,113.78739
JVASP-10662,7,S,112.55438,15.204629,111.179825
JVASP-10662,8,Pd,32.767677,20.903904,30.143225
JVASP-10662,9,Pd,32.767677,20.903904,30.161951
JVASP-81122,0,Na,17.95814,0.84107655,17.292799
JVASP-81122,1,Na,17.95814,0.84107655,17.292799
JVASP-81122,2,Cd,128.47296,15.619623,120.02489
JVASP-81122,3,Cd,128.47296,15.619623,120.02489
JVASP-81122,4,Pd,53.538815,20.903904,63.830387
JVASP-81122,5,Pd,53.538815,20.903904,63.830387
JVASP-81122,6,Pd,53.538815,20.903904,63.830387
JVASP-81122,7,Pd,53.538815,20.903904,63.830387
JVASP-18578,0,N,8.391984,2.1896696,9.672967
JVASP-18578,1,N,8.391984,2.1896696,9.672967
JVASP-18578,2,Sr,121.29104,5.8790126,123.43164
JVASP-18578,3,Sr,121.29104,5.8790126,123.43164
JVASP-18578,4,Sr,117.342445,5.8790126,115.15051
JVASP-18578,5,Sr,117.342445,5.8790126,115.15051
JVASP-18578,6,Au,122.13157,9.827829,113.98055
JVASP-18578,7,Au,122.13157,9.827829,113.98055
JVASP-7953,0,Pu,118.3275,29.168139,94.25993
JVASP-7953,1,Pu,118.3275,29.168139,94.25993
JVASP-7953,2,Si,28.656582,1.7483627,27.984396
JVASP-7953,3,Si,28.656582,1.7483627,27.984396
JVASP-7953,4,Si,28.656582,1.7483627,27.984396
JVASP-7953,5,Si,28.656582,1.7483627,27.984396
JVASP-7953,6,Ni,2.5825787,5.243039,7.749389
JVASP-7953,7,Ni,2.5825787,5.243039,7.749389
JVASP-7953,8,Ni,2.5825787,5.243039,7.749389
JVASP-7953,9,Ni,2.5825787,5.243039,7.749389
JVASP-8611,0,Pr,0.0,6.8834753,6.8834753
JVASP-8611,1,Co,0.0,1.0717598,1.0717598
JVASP-8611,2,O,118.07112,1.173997,117.768326
JVASP-8611,3,O,118.07112,1.173997,118.52404
JVASP-8611,4,O,118.07112,1.173997,117.93716
JVASP-12160,0,Al,41.17259,1.0875204,41.78598
JVASP-12160,1,Al,41.17259,1.0875204,41.78598
JVASP-12160,2,Si,14.467001,1.7483627,13.382972
JVASP-12160,3,Si,14.467001,1.7483627,13.382972
JVASP-12160,4,Si,16.550581,1.7483627,16.094124
JVASP-12160,5,Si,16.550581,1.7483627,16.094124
JVASP-12160,6,O,60.24849,1.173997,59.136967
JVASP-12160,7,O,79.011955,1.173997,79.204796
JVASP-12160,8,O,79.011955,1.173997,79.204796
JVASP-12160,9,O,80.06022,1.173997,80.33298
JVASP-12160,10,O,80.06022,1.173997,80.33298
JVASP-12160,11,O,107.09152,1.173997,107.78832
JVASP-12160,12,O,107.09152,1.173997,107.78832
JVASP-12160,13,O,107.46106,1.173997,108.023994
JVASP-12160,14,O,107.46106,1.173997,108.023994
JVASP-12160,15,O,118.070885,1.173997,117.22765
JVASP-12160,16,O,118.070885,1.173997,117.22765
JVASP-9400,0,O,72.69089,1.173997,72.88512
JVASP-9400,1,O,72.69149,1.173997,73.53244
JVASP-9400,2,O,72.690475,1.173997,71.74142
JVASP-9400,3,O,72.69064,1.173997,72.88531
JVASP-9400,4,O,72.690445,1.173997,71.74143
JVASP-9400,5,O,72.690765,1.173997,73.53123
JVASP-9400,6,Ga,7.645473,4.5793962,11.155364
JVASP-9400,7,Ga,7.645473,4.5793962,11.155364
JVASP-9400,8,La,117.64871,5.9067655,112.57591
JVASP-9400,9,La,117.64871,5.9067655,112.57591
JVASP-26325,0,O,127.18464,1.173997,127.29624
JVASP-26325,1,O,127.18456,1.173997,127.82333
JVASP-26325,2,Sb,57.188244,27.438374,76.539375
JVASP-26325,3,O,127.179596,1.173997,126.59411
JVASP-26325,4,Sb,57.187973,27.438374,76.538925
JVASP-26325,5,Ag,7.08437,6.9597216,13.585129
JVASP-26325,6,Ag,7.085063,6.9597216,13.585762
JVASP-26325,7,O,127.1794,1.173997,126.593895
JVASP-26325,8,O,127.18482,1.173997,127.82359
JVASP-26325,9,O,127.18464,1.173997,127.29624
JVASP-85744,0,Np,99.81474,68.16108,62.893993
JVASP-85744,1,Np,99.81474,68.16108,62.893993
JVASP-85744,2,Np,99.81474,68.16108,64.29823
JVASP-85744,3,Np,99.81474,68.16108,64.29823
JVASP-85744,4,In,117.04723,6.7296906,123.04716
JVASP-85744,5,In,117.04723,6.7296906,123.04716
JVASP-85744,6,Rh,120.433685,12.903096,109.889984
JVASP-85744,7,Rh,120.433685,12.903096,110.14418
JVASP-85744,8,Rh,120.433685,12.903096,109.889984
JVASP-85744,9,Rh,120.433685,12.903096,110.14418
JVASP-41532,0,Tm,83.08082,8.03611,85.13271
JVASP-41532,1,Tm,83.08082,8.03611,84.2753
JVASP-41532,2,Tm,83.08082,8.03611,84.2753
JVASP-41532,3,Tm,83.08082,8.03611,85.13271
JVASP-41532,4,Mg,2.9124432,0.4287979,3.2540178
JVASP-41532,5,Mg,2.9124432,0.4287979,3.2540178
JVASP-41532,6,Ge,127.38958,9.267462,133.19856
JVASP-41532,7,Ge,127.38958,9.267462,134.93175
JVASP-41532,8,Ge,127.38958,9.267462,134.93175
JVASP-41532,9,Ge,127.38958,9.267462,133.19856
JVASP-16652,0,Si,3.6062968,1.7483627,2.2942784
JVASP-16652,1,S,117.457016,15.204629,114.51836
JVASP-16652,2,S,117.45673,15.204629,116.07421
JVASP-16652,3,S,117.45613,15.204629,113.91913
JVASP-16652,4,S,117.45639,15.204629,129.56076
JVASP-16652,5,Co,29.12888,1.0717598,29.302822
JVASP-16652,6,Cu,14.73327,2.626418,14.755025
JVASP-16652,7,Cu,14.73327,2.626418,14.755025
JVASP-39098,0,Si,0.0,1.7483627,1.7483627
JVASP-39098,1,Bi,0.0,75.36236,75.36236
JVASP-39098,2,O,116.091934,1.173997,115.95807
JVASP-39098,3,O,116.091934,1.173997,116.544945
JVASP-39098,4,O,116.091934,1.173997,115.78924
JVASP-38478,0,Ho,79.54815,5.3662715,84.77449
JVASP-38478,1,Ho,79.54847,5.3662715,84.64722
JVASP-38478,2,Ho,79.54847,5.3662715,84.514786
JVASP-38478,3,Ho,50.107834,5.3662715,53.576767
JVASP-38478,4,Ho,50.10939,5.3662715,53.085144
JVASP-38478,5,Ho,50.10939,5.3662715,52.569298
JVASP-38478,6,Co,41.174698,1.0717598,40.34747
JVASP-38478,7,Te,115.61673,68.54225,51.553413
JVASP-38478,8,Te,115.61673,68.54225,51.553413
JVASP-37706,0,Yb,125.29475,4.325258,126.014465
JVASP-37706,1,Yb,125.29475,4.325258,126.12955
JVASP-37706,2,Yb,125.29942,4.325258,125.43099
JVASP-37706,3,Yb,125.29475,4.325258,126.014465
JVASP-37706,4,Yb,125.29475,4.325258,126.12955
JVASP-37706,5,Yb,125.29942,4.325258,125.43099
JVASP-37706,6,W,46.465187,103.865906,57.588375
JVASP-37706,7,W,46.465187,103.865906,57.588375
JVASP-8813,0,Ge,6.3695297,9.267462,9.876532
JVASP-8813,1,Ge,6.373627,9.267462,9.882556
JVASP-8813,2,Mg,12.519699,0.4287979,12.412055
JVASP-8813,3,Mg,12.519221,0.4287979,12.411565
JVASP-8813,4,P,126.28529,4.940868,127.17149
JVASP-8813,5,P,126.28958,4.940868,125.60213
JVASP-8813,6,P,126.29659,4.940868,127.39152
JVASP-8813,7,P,126.283226,4.940868,125.34468
JVASP-14884,0,Al,0.0,1.0875204,1.0875204
JVASP-14884,1,Al,0.0,1.0875204,1.0875204
JVASP-14884,2,Mo,115.01906,41.233887,99.67054
JVASP-14884,3,Mo,115.01906,41.233887,99.67054
JVASP-14884,4,Mo,115.01905,41.233887,156.22021
JVASP-14884,5,Mo,115.01905,41.233887,156.22021
JVASP-14884,6,Mo,115.01906,41.233887,102.22463
JVASP-14884,7,Mo,115.01906,41.233887,102.22463
JVASP-86501,0,Ti,9.04964,1.1299996,8.108836
JVASP-86501,1,Ti,9.04964,1.1299996,8.108836
JVASP-86501,2,Ti,9.04964,1.1299996,8.108836
JVASP-86501,3,Ti,9.04964,1.1299996,8.108836
JVASP-86501,4,Sb,114.63979,27.438374,91.527306
JVASP-86501,5,Sb,114.63979,27.438374,91.527306
JVASP-86501,6,P,11.660389,4.940868,15.7373
JVASP-86501,7,P,11.660389,4.940868,15.7373
JVASP-23479,0,Ca,26.28461,1.1291435,25.485004
JVASP-23479,1,Ca,26.285646,1.1291435,26.327332
JVASP-23479,2,Ca,26.28461,1.1291435,25.485004
JVASP-23479,3,Ca,26.285646,1.1291435,26.327332
JVASP-23479,4,Pd,122.409874,20.903904,123.910736
JVASP-23479,5,Pd,122.409874,20.903904,124.455826
JVASP-23479,6,Pd,122.409874,20.903904,123.910736
JVASP-23479,7,Pd,122.409874,20.903904,124.455826
JVASP-23479,8,In,80.020584,6.7296906,77.92775
JVASP-23479,9,In,80.020584,6.7296906,77.92775
JVASP-40493,0,Ca,17.8874,1.1291435,17.648659
JVASP-40493,1,Ca,17.8874,1.1291435,17.648659
JVASP-40493,2,Bi,53.227413,75.36236,128.20953
JVASP-40493,3,Bi,53.227413,75.36236,128.20953
JVASP-40493,4,O,117.40535,1.173997,117.97864
JVASP-40493,5,O,117.409,1.173997,117.92222
JVASP-40493,6,O,117.408066,1.173997,116.45748
JVASP-40493,7,O,117.408066,1.173997,116.45748
JVASP-40493,8,O,117.409,1.173997,117.92222
JVASP-40493,9,O,117.40535,1.173997,117.97864
JVASP-18605,0,Ga,39.456097,4.5793962,36.953396
JVASP-18605,1,Ga,39.456097,4.5793962,36.953396
JVASP-18605,2,Ga,39.456097,4.5793962,38.23497
JVASP-18605,3,Ga,39.456097,4.5793962,38.23497
JVASP-18605,4,Au,121.377205,9.827829,114.25266
JVASP-18605,5,Au,121.377205,9.827829,114.25266
JVASP-18605,6,Au,121.377205,9.827829,113.49863
JVASP-18605,7,Au,121.377205,9.827829,113.49863
JVASP-17338,0,Sn,114.76927,6.63049,114.61161
JVASP-17338,1,Sn,114.55614,6.63049,116.06651
JVASP-17338,2,N,48.334877,2.1896696,48.766586
JVASP-17338,3,N,48.26704,2.1896696,49.185177
JVASP-38327,0,Rb,0.0,7.136503,7.136503
JVASP-38327,1,Ca,0.0,1.1291435,1.1291435
JVASP-38327,2,O,113.12396,1.173997,113.269684
JVASP-38327,3,O,113.12397,1.173997,112.68124
JVASP-38327,4,O,113.12397,1.173997,113.43785
JVASP-39359,0,Pa,0.0,92.4506,92.4506
JVASP-39359,1,B,0.0,5.024234,5.024234
JVASP-39359,2,O,112.82431,1.173997,112.69062
JVASP-39359,3,O,112.82432,1.173997,113.27747
JVASP-39359,4,O,112.82432,1.173997,112.521774
JVASP-8052,0,S,118.62627,15.204629,114.436676
JVASP-8052,1,S,118.62543,15.204629,108.81524
JVASP-8052,2,S,118.62648,15.204629,126.08508
JVASP-8052,3,S,118.626366,15.204629,126.50415
JVASP-8052,4,Co,11.533539,1.0717598,11.728446
JVASP-8052,5,Ga,0.9621964,4.5793962,5.2831583
JVASP-8052,6,Ga,0.081902385,4.5793962,4.5237265
JVASP-1969,0,N,12.641746,2.1896696,11.857383
JVASP-1969,1,Ca,23.059534,1.1291435,23.214025
JVASP-1969,2,Ca,23.059534,1.1291435,23.214025
JVASP-1969,3,Br,112.07771,43.576878,85.95924
JVASP-62060,0,Ce,119.44396,7.3629155,112.88476
JVASP-62060,1,Ce,119.44667,7.3629155,112.32232
JVASP-62060,2,Ce,119.44396,7.3629155,112.94356
JVASP-62060,3,Al,10.316607,1.0875204,10.441035
JVASP-62060,4,Al,10.316248,1.0875204,10.033043
JVASP-62060,5,Al,10.316607,1.0875204,10.479384
JVASP-62060,6,Cu,27.581257,2.626418,26.598059
JVASP-62060,7,Cu,27.581257,2.626418,26.598059
JVASP-62060,8,Cu,11.891051,2.626418,13.202005
JVASP-37875,0,B,0.0,5.024234,5.024234
JVASP-37875,1,Pb,0.0,21.544178,21.544178
JVASP-37875,2,O,111.71715,1.173997,111.58352
JVASP-37875,3,O,111.71715,1.173997,112.17035
JVASP-37875,4,O,111.71715,1.173997,111.41467
JVASP-63182,0,Lu,40.805546,5.367924,42.47314
JVASP-63182,1,Lu,40.80317,5.367924,41.70082
JVASP-63182,2,Lu,40.805546,5.367924,41.307964
JVASP-63182,3,As,111.616714,16.668182,95.41905
JVASP-63182,4,As,111.616714,16.668182,95.41905
JVASP-63182,5,As,107.588936,16.668182,123.90921
JVASP-63182,6,Pd,40.616398,20.903904,29.102757
JVASP-63182,7,Pd,40.61748,20.903904,25.016212
JVASP-63182,8,Pd,40.616398,20.903904,29.12107
JVASP-36624,0,Ca,0.0,1.1291435,1.1291435
JVASP-36624,1,Os,0.0,41.308342,41.308342
JVASP-36624,2,O,111.26481,1.173997,111.1312
JVASP-36624,3,O,111.26481,1.173997,111.71803
JVASP-36624,4,O,111.26481,1.173997,110.96236
JVASP-57824,0,F,111.03941,15.800529,103.34344
JVASP-57824,1,F,111.039474,15.800529,118.813545
JVASP-57824,2,F,111.03892,15.800529,112.18633
JVASP-57824,3,F,111.039474,15.800529,118.813545
JVASP-57824,4,F,111.03941,15.800529,103.34344
JVASP-57824,5,F,111.03892,15.800529,112.18633
JVASP-57824,6,Na,2.1363826,0.84107655,2.0138128
JVASP-57824,7,Cr,23.87795,3.2921274,24.13511
JVASP-86674,0,Np,110.70714,68.16108,69.98978
JVASP-86674,1,Np,110.70714,68.16108,69.98978
JVASP-86674,2,Cr,11.266836,3.2921274,14.024165
JVASP-86674,3,Cr,11.266836,3.2921274,14.024165
JVASP-86674,4,Cr,11.266836,3.2921274,14.024165
JVASP-86674,5,Cr,11.266836,3.2921274,14.024165
JVASP-86674,6,Ge,81.36307,9.267462,73.40477
JVASP-86674,7,Ge,81.36307,9.267462,73.40477
JVASP-86674,8,Ge,81.36307,9.267462,73.40477
JVASP-86674,9,Ge,81.36307,9.267462,73.40477
JVASP-24273,0,Ba,45.78469,16.451351,46.43873
JVASP-24273,1,Cr,62.477726,3.2921274,64.07447
JVASP-24273,2,F,110.39849,15.800529,116.91369
JVASP-24273,3,F,110.39814,15.800529,106.174644
JVASP-24273,4,F,110.39814,15.800529,106.174644
JVASP-24273,5,F,110.39849,15.800529,116.91369
JVASP-24273,6,F,110.39839,15.800529,111.16246
JVASP-24273,7,F,110.39839,15.800529,111.16246
JVASP-16256,0,Ca,110.05884,1.1291435,110.336876
JVASP-16256,1,Ca,110.05884,1.1291435,110.5456
JVASP-16256,2,Ca,110.05884,1.1291435,109.30741
JVASP-16256,3,Tl,0.0,13.684985,13.684985
JVASP-16256,4,N,0.0,2.1896696,2.1896696
JVASP-69074,0,Ba,91.31208,16.451351,74.950554
JVASP-69074,1,Ge,84.142426,9.267462,76.17907
JVASP-69074,2,P,111.29237,4.940868,111.37087
JVASP-69074,3,P,111.29237,4.940868,106.5482
JVASP-2208,0,Ba,109.39666,16.451351,125.78394
JVASP-2208,1,Ba,109.39666,16.451351,125.78394
JVASP-2208,2,Zr,39.210617,6.08661,33.304623
JVASP-2208,3,Zr,39.210617,6.08661,33.304623
JVASP-2208,4,N,32.31285,2.1896696,33.08381
JVASP-2208,5,N,32.31285,2.1896696,33.08381
JVASP-2208,6,N,16.965982,2.1896696,16.391602
JVASP-2208,7,N,16.965982,2.1896696,16.391602
JVASP-23566,0,Pr,113.423454,6.8834753,115.120865
JVASP-23566,1,Pr,113.423454,6.8834753,114.65041
JVASP-23566,2,Pr,113.423454,6.8834753,114.65041
JVASP-23566,3,Pr,113.423454,6.8834753,115.120865
JVASP-23566,4,Mg,1.5537928,0.4287979,1.9036185
JVASP-23566,5,Mg,1.5537928,0.4287979,1.9036185
JVASP-23566,6,Ge,122.65017,9.267462,129.31387
JVASP-23566,7,Ge,122.65017,9.267462,130.6417
JVASP-23566,8,Ge,122.65017,9.267462,129.31387
JVASP-23566,9,Ge,122.65017,9.267462,130.6417
JVASP-35843,0,Ce,18.71002,7.3629155,11.5710335
JVASP-35843,1,Ce,18.71002,7.3629155,11.5710335
JVASP-35843,2,Te,108.598946,68.54225,44.93855
JVASP-35843,3,Te,108.598946,68.54225,44.93855
JVASP-35843,4,Cl,60.217438,20.642973,41.63655
JVASP-35843,5,Cl,60.217438,20.642973,41.63655
JVASP-46010,0,Sc,22.58434,1.2577385,23.363323
JVASP-46010,1,Sc,22.58434,1.2577385,23.366673
JVASP-46010,2,Sc,22.58434,1.2577385,23.363323
JVASP-46010,3,Sc,22.58434,1.2577385,23.366673
JVASP-46010,4,In,108.41809,6.7296906,114.421
JVASP-46010,5,In,108.41809,6.7296906,114.421364
JVASP-46010,6,In,108.41809,6.7296906,114.421
JVASP-46010,7,In,108.41809,6.7296906,114.421364
JVASP-46010,8,O,31.402868,1.173997,31.564157
JVASP-46010,9,O,31.402868,1.173997,31.564022
JVASP-46010,10,O,45.14167,1.173997,45.2975
JVASP-46010,11,O,45.14167,1.173997,45.295536
JVASP-46010,12,O,45.14167,1.173997,45.295567
JVASP-46010,13,O,45.14167,1.173997,45.29735
JVASP-46010,14,O,31.402868,1.173997,31.564157
JVASP-46010,15,O,31.402868,1.173997,31.564022
JVASP-46010,16,O,45.14167,1.173997,45.2975
JVASP-46010,17,O,45.14167,1.173997,45.295536
JVASP-46010,18,O,45.14167,1.173997,45.295567
JVASP-46010,19,O,45.14167,1.173997,45.29735
JVASP-69261,0,Ba,97.15657,16.451351,113.54488
JVASP-69261,1,Ba,97.15657,16.451351,113.54488
JVASP-69261,2,Zr,54.415413,6.08661,48.500763
JVASP-69261,3,Zr,54.415413,6.08661,48.500763
JVASP-69261,4,Zr,54.415413,6.08661,48.500763
JVASP-69261,5,Zr,54.415413,6.08661,48.500763
JVASP-69261,6,Pd,107.90166,20.903904,128.61089
JVASP-69261,7,Pd,107.90166,20.903904,128.61089
JVASP-8785,0,Ag,81.37954,6.9597216,83.27054
JVASP-8785,1,Ag,81.37954,6.9597216,83.27054
JVASP-8785,2,Er,52.847622,6.1186743,51.97875
JVASP-8785,3,Er,52.847622,6.1186743,51.97875
JVASP-8785,4,Se,107.83582,29.56337,113.63165
JVASP-8785,5,Se,107.84829,29.56337,108.61008
JVASP-8785,6,Se,107.83582,29.56337,113.63165
JVASP-8785,7,Se,107.84829,29.56337,108.61008
JVASP-36813,0,Mg,10.69805,0.4287979,10.824972
JVASP-36813,1,Mg,10.69805,0.4287979,10.426244
JVASP-36813,2,Cu,48.68905,2.626418,48.21839
JVASP-36813,3,Cu,48.68905,2.626418,49.14438
JVASP-36813,4,O,92.27944,1.173997,91.45933
JVASP-36813,5,O,92.27944,1.173997,91.45933
JVASP-36813,6,O,107.54573,1.173997,108.342224
JVASP-36813,7,O,107.54573,1.173997,108.342224
JVASP-79648,0,Yb,113.98913,4.325258,114.34878
JVASP-79648,1,Yb,113.98913,4.325258,114.34878
JVASP-79648,2,Co,65.53996,1.0717598,65.25503
JVASP-79648,3,Co,65.53996,1.0717598,65.25503
JVASP-79648,4,C,53.201817,4.4679255,49.846195
JVASP-79648,5,C,53.201817,4.4679255,49.83584
JVASP-79648,6,C,53.201817,4.4679255,49.846195
JVASP-79648,7,C,53.201817,4.4679255,49.83584
JVASP-2505,0,Rb,0.0,7.136503,7.136503
JVASP-2505,1,Cd,0.0,15.619623,15.619623
JVASP-2505,2,F,107.03046,15.800529,111.79215
JVASP-2505,3,F,107.03046,15.800529,118.584564
JVASP-2505,4,F,107.03046,15.800529,92.49725
JVASP-8822,0,P,52.918457,4.940868,56.214485
JVASP-8822,1,P,52.918232,4.940868,56.129505
JVASP-8822,2,H,40.145695,4.494067,43.96985
JVASP-8822,3,H,40.135445,4.494067,43.949913
JVASP-8822,4,N,64.63403,2.1896696,63.852238
JVASP-8822,5,N,106.75659,2.1896696,105.60089
JVASP-8822,6,N,64.590744,2.1896696,63.921993
JVASP-8822,7,N,106.74944,2.1896696,107.59241
JVASP-8277,0,Mg,19.020056,0.4287979,19.317415
JVASP-8277,1,V,115.13379,3.798005,116.579445
JVASP-8277,2,V,115.13361,3.798005,112.92922
JVASP-8277,3,N,20.220024,2.1896696,22.240776
JVASP-8277,4,N,20.218914,2.1896696,18.957487
JVASP-11418,0,Cu,96.66269,2.626418,96.473885
JVASP-11418,1,Cu,96.66269,2.626418,95.68327
JVASP-11418,2,Si,27.075195,1.7483627,28.132242
JVASP-11418,3,Si,27.075195,1.7483627,28.132242
JVASP-11418,4,O,97.84488,1.173997,98.10577
JVASP-11418,5,O,97.84488,1.173997,98.10577
JVASP-11418,6,O,97.84488,1.173997,97.40477
JVASP-11418,7,O,97.84488,1.173997,97.40477
JVASP-11418,8,O,115.47994,1.173997,115.33395
JVASP-11418,9,O,115.47994,1.173997,115.33395
JVASP-17381,0,Ca,29.404491,1.1291435,29.697315
JVASP-17381,1,Ca,29.404491,1.1291435,29.697315
JVASP-17381,2,Ge,41.46415,9.267462,33.67047
JVASP-17381,3,Ge,41.46415,9.267462,33.67047
JVASP-17381,4,Ge,41.46415,9.267462,33.67047
JVASP-17381,5,Ge,41.46415,9.267462,33.67047
JVASP-17381,6,Ir,106.06618,25.960743,82.502205
JVASP-17381,7,Ir,106.06618,25.960743,82.502205
JVASP-17381,8,Ir,106.06618,25.960743,82.502205
JVASP-17381,9,Ir,106.06618,25.960743,82.502205
JVASP-28430,0,Cd,9.58567,15.619623,6.284985
JVASP-28430,1,Cd,9.367665,15.619623,6.489144
JVASP-28430,2,I,7.5358553,47.949,41.578262
JVASP-28430,3,I,11.244383,47.949,38.597713
JVASP-28430,4,Br,104.43154,43.576878,142.82703
JVASP-28430,5,Br,105.842445,43.576878,144.21805
JVASP-56468,0,Mn,0.0,1.6964667,1.6964667
JVASP-56468,1,Tl,0.0,13.684985,13.684985
JVASP-56468,2,Cl,105.45054,20.642973,110.71574
JVASP-56468,3,Cl,105.45053,20.642973,86.51924
JVASP-56468,4,Cl,105.45054,20.642973,122.04215
JVASP-53522,0,Li,1.6174797,0.084703535,1.5389532
JVASP-53522,1,Ti,3.8236535,1.1299996,2.9218822
JVASP-53522,2,Cl,108.213974,20.642973,128.77327
JVASP-53522,3,Cl,108.213974,20.642973,124.92833
JVASP-53522,4,Cl,105.381134,20.642973,86.450096
JVASP-17754,0,Co,12.484056,1.0717598,12.747275
JVASP-17754,1,Co,12.484056,1.0717598,12.747275
JVASP-17754,2,As,3.1096766,16.668182,19.118435
JVASP-17754,3,As,3.1096766,16.668182,19.118435
JVASP-17754,4,Ba,105.24962,16.451351,93.531906
JVASP-16395,0,Ti,47.3106,1.1299996,47.17883
JVASP-16395,1,Ti,47.312798,1.1299996,46.46813
JVASP-16395,2,Ti,47.3106,1.1299996,47.268753
JVASP-16395,3,In,108.0646,6.7296906,111.69093
JVASP-16395,4,In,108.06315,6.7296906,112.8765
JVASP-16395,5,In,108.0646,6.7296906,112.27442
JVASP-16395,6,Rh,75.391624,12.903096,62.811172
JVASP-16395,7,Rh,75.391624,12.903096,62.811172
JVASP-35458,0,Ti,21.189188,1.1299996,22.09103
JVASP-35458,1,Ti,21.189188,1.1299996,22.09103
JVASP-35458,2,Ni,22.64761,5.243039,24.426367
JVASP-35458,3,Se,97.63637,29.56337,118.487625
JVASP-35458,4,Se,97.63637,29.56337,118.487625
JVASP-35458,5,Se,105.059296,29.56337,86.61138
JVASP-35458,6,Se,105.059296,29.56337,86.61138
JVASP-11485,0,O,24.186174,1.173997,24.128855
JVASP-11485,1,O,24.18614,1.173997,23.779476
JVASP-11485,2,O,24.18619,1.173997,23.767504
JVASP-11485,3,F,82.92663,15.800529,81.68032
JVASP-11485,4,F,82.92619,15.800529,74.67692
JVASP-11485,5,F,82.926476,15.800529,90.09724
JVASP-11485,6,Na,2.3045716,0.84107655,2.7010574
JVASP-11485,7,Na,3.177516,0.84107655,3.5448697
JVASP-11485,8,Na,12.549126,0.84107655,12.851121
JVASP-11485,9,Mo,104.75525,41.233887,130.57181
JVASP-9603,0,N,55.402996,2.1896696,53.594112
JVASP-9603,1,N,55.402996,2.1896696,53.59105
JVASP-9603,2,N,55.40249,2.1896696,56.006992
JVASP-9603,3,N,55.40249,2.1896696,55.95394
JVASP-9603,4,O,104.46878,1.173997,104.23704
JVASP-9603,5,O,104.46878,1.173997,104.17529
JVASP-9603,6,Si,12.316987,1.7483627,13.080898
JVASP-9603,7,Si,12.316987,1.7483627,13.754076
JVASP-9603,8,Si,12.317548,1.7483627,12.541636
JVASP-9603,9,Si,12.317548,1.7483627,12.084605
JVASP-18236,0,Ce,0.0,7.3629155,7.3629155
JVASP-18236,1,Rh,104.20048,12.903096,100.62716
JVASP-18236,2,Rh,104.20048,12.903096,116.86473
JVASP-18236,3,Rh,104.20048,12.903096,96.38203
JVASP-18236,4,C,0.0,4.4679255,4.4679255
JVASP-15355,0,Ni,5.7687535,5.243039,3.5522008
JVASP-15355,1,Ni,5.7687535,5.243039,3.5522008
JVASP-15355,2,Ge,103.798805,9.267462,95.41931
JVASP-15355,3,Ge,103.798805,9.267462,95.41931
JVASP-15355,4,Nd,22.087223,2.8276725,22.659092
JVASP-47539,0,Co,103.525024,1.0717598,104.16566
JVASP-47539,1,Co,103.525024,1.0717598,104.16566
JVASP-47539,2,Sn,66.25509,6.63049,64.59236
JVASP-47539,3,Sn,66.25509,6.63049,64.59236
JVASP-47539,4,O,79.92406,1.173997,79.49094
JVASP-47539,5,O,79.92316,1.173997,80.62749
JVASP-47539,6,O,79.92329,1.173997,80.13162
JVASP-47539,7,O,79.92329,1.173997,80.13162
JVASP-47539,8,O,79.92316,1.173997,80.62749
JVASP-47539,9,O,79.92406,1.173997,79.49094
JVASP-65616,0,Ba,103.336624,16.451351,86.97287
JVASP-65616,1,Ga,11.131298,4.5793962,7.256023
JVASP-65616,2,Pt,99.472275,18.358461,81.537224
JVASP-65616,3,Pt,99.472275,18.358461,85.52087
JVASP-15697,0,Sc,4.3294735,1.2577385,3.7083697
JVASP-15697,1,Sc,4.3294735,1.2577385,3.7083697
JVASP-15697,2,Sn,103.15781,6.63049,108.56347
JVASP-15697,3,Sn,103.15781,6.63049,108.56347
JVASP-15697,4,Au,80.130165,9.827829,76.561676
JVASP-15697,5,Au,80.130165,9.827829,76.561676
JVASP-8315,0,Mg,2.10026,0.4287979,2.2033203
JVASP-8315,1,V,47.823368,3.798005,49.490555
JVASP-8315,2,F,102.73844,15.800529,107.69595
JVASP-8315,3,F,102.73872,15.800529,98.7998
JVASP-8315,4,F,102.73822,15.800529,103.48724
JVASP-8315,5,F,102.73872,15.800529,98.7998
JVASP-8315,6,F,102.73844,15.800529,107.69595
JVASP-8315,7,F,102.73822,15.800529,103.48724
JVASP-34252,0,O,94.50705,1.173997,95.398155
JVASP-34252,1,B,41.462902,5.024234,43.424458
JVASP-34252,2,O,64.6845,1.173997,64.08293
JVASP-34252,3,Cu,102.42034,2.626418,103.94641
JVASP-34252,4,B,41.463776,5.024234,43.480137
JVASP-34252,5,O,64.68456,1.173997,64.572716
JVASP-34252,6,O,106.917984,1.173997,106.87506
JVASP-34252,7,Ba,96.03702,16.451351,105.35241
JVASP-34252,8,O,106.918816,1.173997,106.49929
JVASP-15970,0,Cr,102.30294,3.2921274,102.706894
JVASP-15970,1,Cr,102.30294,3.2921274,104.592255
JVASP-15970,2,Cr,102.30293,3.2921274,99.70927
JVASP-15970,3,Sn,0.0,6.63049,6.63049
JVASP-15970,4,N,0.0,2.1896696,2.1896696
JVASP-7900,0,O,10.8220415,1.173997,11.8567915
JVASP-7900,1,O,10.820408,1.173997,10.604966
JVASP-7900,2,O,10.823832,1.173997,10.163556
JVASP-7900,3,O,10.82198,1.173997,10.786654
JVASP-7900,4,V,2.7439413,3.798005,5.3029056
JVASP-7900,5,Ag,36.56659,6.9597216,31.485771
JVASP-7900,6,Ag,102.05446,6.9597216,107.534615
JVASP-7900,7,Ag,36.56659,6.9597216,31.485771
JVASP-67089,0,Be,2.4396918,0.38258058,2.1430237
JVASP-67089,1,Be,1.7097439,0.38258058,1.4192404
JVASP-67089,2,Bi,101.90776,75.36236,176.74246
JVASP-67089,3,W,13.472194,103.865906,117.31144
JVASP-37088,0,Sm,103.32927,14.72507,98.80316
JVASP-37088,1,Sm,103.32927,14.72507,98.80316
JVASP-37088,2,Fe,100.887,2.1271884,99.35845
JVASP-37088,3,Fe,100.887,2.1271884,99.35845
JVASP-37088,4,C,43.020344,4.4679255,39.279495
JVASP-37088,5,C,43.020344,4.4679255,39.295586
JVASP-37088,6,C,43.020344,4.4679255,39.279495
JVASP-37088,7,C,43.020344,4.4679255,39.295586
JVASP-12113,0,Fe,14.609505,2.1271884,14.616242
JVASP-12113,1,Fe,14.609505,2.1271884,14.616242
JVASP-12113,2,O,54.0369,1.173997,54.449997
JVASP-12113,3,O,54.0369,1.173997,54.449997
JVASP-12113,4,Cl,101.65563,20.642973,87.73431
JVASP-12113,5,Cl,101.65563,20.642973,87.73431
JVASP-56344,0,Sc,0.0,1.2577385,1.2577385
JVASP-56344,1,B,0.0,5.024234,5.024234
JVASP-56344,2,Rh,100.88305,12.903096,97.334885
JVASP-56344,3,Rh,100.88305,12.903096,93.08263
JVASP-56344,4,Rh,100.88306,12.903096,113.548164
JVASP-7644,0,K,0.0,3.9006114,3.9006114
JVASP-7644,1,Cd,0.0,15.619623,15.619623
JVASP-7644,2,F,100.77936,15.800529,105.60384
JVASP-7644,3,F,100.77936,15.800529,112.36366
JVASP-7644,4,F,100.77936,15.800529,86.25917
JVASP-81787,0,Zn,77.81362,10.546378,88.29111
JVASP-81787,1,Zn,77.81362,10.546378,88.29111
JVASP-81787,2,In,92.04687,6.7296906,86.16345
JVASP-81787,3,In,92.04687,6.7296906,86.16345
JVASP-81787,4,Rh,100.526505,12.903096,113.18413
JVASP-81787,5,Rh,100.526505,12.903096,113.18413
JVASP-81787,6,Rh,100.526505,12.903096,113.18413
JVASP-81787,7,Rh,100.526505,12.903096,113.18413
JVASP-15813,0,Ba,79.473694,16.451351,95.863976
JVASP-15813,1,Ba,79.473694,16.451351,95.863976
JVASP-15813,2,Ni,44.497433,5.243039,49.534412
JVASP-15813,3,Ni,44.497433,5.243039,49.534412
JVASP-15813,4,S,46.742794,15.204629,31.852228
JVASP-15813,5,S,46.742794,15.204629,31.852228
JVASP-15813,6,S,100.09105,15.204629,115.11066
JVASP-15813,7,S,100.09105,15.204629,115.11066
JVASP-12648,0,B,41.401928,5.024234,37.988808
JVASP-12648,1,B,41.401367,5.024234,37.98835
JVASP-12648,2,O,107.12297,1.173997,107.0495
JVASP-12648,3,O,107.122665,1.173997,106.86189
JVASP-12648,4,O,107.122696,1.173997,107.51051
JVASP-12648,5,O,107.12214,1.173997,107.50995
JVASP-12648,6,O,107.12244,1.173997,107.048965
JVASP-12648,7,O,107.12177,1.173997,106.861
JVASP-12648,8,Mn,21.923233,1.6964667,23.521812
JVASP-12648,9,Sn,11.758534,6.63049,8.455558
JVASP-38030,0,Sn,51.08084,6.63049,56.55234
JVASP-38030,1,Sn,51.08084,6.63049,56.55234
JVASP-38030,2,Br,99.66974,43.576878,138.13533
JVASP-38030,3,Br,99.66974,43.576878,138.13533
JVASP-38030,4,F,0.60992295,15.800529,15.234218
JVASP-38030,5,F,0.60992295,15.800529,15.234218
JVASP-65761,0,Ba,99.26557,16.451351,82.9025
JVASP-65761,1,Ga,36.83163,4.5793962,36.01106
JVASP-65761,2,Ga,36.83163,4.5793962,33.415546
JVASP-65761,3,Co,26.720667,1.0717598,25.89659
JVASP-67719,0,Be,8.891583,0.38258058,8.681998
JVASP-67719,1,Be,8.891583,0.38258058,8.862681
JVASP-67719,2,Hg,32.45982,18.195402,41.4531
JVASP-67719,3,Cl,98.79772,20.642973,118.28493
JVASP-12292,0,Nb,98.746284,15.259404,113.92748
JVASP-12292,1,Nb,98.746284,15.259404,113.92748
JVASP-12292,2,Nb,98.746284,15.259404,113.92748
JVASP-12292,3,Nb,98.746284,15.259404,113.92748
JVASP-12292,4,Cr,27.245674,3.2921274,24.71311
JVASP-12292,5,Cr,27.245674,3.2921274,24.71311
JVASP-12292,6,Cr,27.245674,3.2921274,24.71311
JVASP-12292,7,Cr,27.245674,3.2921274,24.71311
JVASP-12292,8,N,16.961082,2.1896696,16.38674
JVASP-12292,9,N,16.961082,2.1896696,16.38674
JVASP-12292,10,N,16.961082,2.1896696,16.38674
JVASP-12292,11,N,16.961082,2.1896696,16.38674
JVASP-7801,0,Ge,4.551561,9.267462,5.7352495
JVASP-7801,1,Ge,4.551561,9.267462,5.7352495
JVASP-7801,2,Te,66.54652,68.54225,134.14432
JVASP-7801,3,Te,98.60054,68.54225,35.780117
JVASP-7801,4,Te,98.60054,68.54225,35.780117
JVASP-7801,5,Te,51.198826,68.54225,118.92136
JVASP-7801,6,Te,66.54652,68.54225,134.14432
JVASP-7801,7,As,3.197809,16.668182,13.565377
JVASP-7801,8,As,3.197809,16.668182,13.565377
JVASP-15188,0,Ce,6.687107,7.3629155,1.5135888
JVASP-15188,1,Ce,6.687107,7.3629155,1.5135888
JVASP-15188,2,Ni,6.629136,5.243039,2.2290833
JVASP-15188,3,Ni,6.629136,5.243039,2.2290833
JVASP-15188,4,Ni,6.629136,5.243039,2.2290833
JVASP-15188,5,Ni,6.629136,5.243039,2.2290833
JVASP-15188,6,Ge,98.24251,9.267462,90.25829
JVASP-15188,7,Ge,98.24251,9.267462,90.25829
JVASP-15188,8,Ge,98.24251,9.267462,90.25829
JVASP-15188,9,Ge,98.24251,9.267462,90.25829
JVASP-80716,0,Na,16.009583,0.84107655,16.793833
JVASP-80716,1,Na,16.009583,0.84107655,16.793833
JVASP-80716,2,Hg,103.57608,18.195402,89.83985
JVASP-80716,3,Hg,103.57608,18.195402,89.83985
JVASP-80716,4,Hg,103.57608,18.195402,89.83985
JVASP-80716,5,Hg,103.57608,18.195402,89.83985
JVASP-80716,6,Pd,79.83664,20.903904,86.97091
JVASP-80716,7,Pd,79.83664,20.903904,86.97091
JVASP-15376,0,Al,37.65282,1.0875204,38.065655
JVASP-15376,1,Al,37.65271,1.0875204,37.03696
JVASP-15376,2,Al,37.65271,1.0875204,37.03696
JVASP-15376,3,Al,37.65282,1.0875204,38.065655
JVASP-15376,4,Mo,97.43861,41.233887,112.55878
JVASP-15376,5,Mo,97.43861,41.233887,112.55878
JVASP-15376,6,Yb,37.945076,4.325258,36.954582
JVASP-25625,0,K,68.36048,3.9006114,67.10824
JVASP-25625,1,Rb,93.27886,7.136503,99.7091
JVASP-25625,2,Rb,93.27886,7.136503,99.7091
JVASP-25625,3,V,97.360374,3.798005,100.12759
JVASP-25625,4,F,68.13154,15.800529,74.31167
JVASP-25625,5,F,71.45831,15.800529,68.90152
JVASP-25625,6,F,71.45831,15.800529,68.90152
JVASP-25625,7,F,75.30223,15.800529,73.09117
JVASP-25625,8,F,68.13154,15.800529,74.31167
JVASP-25625,9,F,75.30223,15.800529,73.09117
JVASP-14305,0,Np,108.421974,68.16108,79.602066
JVASP-14305,1,Np,108.421974,68.16108,82.628784
JVASP-14305,2,Np,108.421974,68.16108,82.628784
JVASP-14305,3,Np,108.421974,68.16108,79.602066
JVASP-14305,4,In,62.569767,6.7296906,68.60122
JVASP-14305,5,In,62.569767,6.7296906,68.60122
JVASP-14305,6,Ni,51.516304,5.243039,47.03766
JVASP-14305,7,Ni,51.516304,5.243039,46.695923
JVASP-14305,8,Ni,51.516304,5.243039,46.695923
JVASP-14305,9,Ni,51.516304,5.243039,47.03766
JVASP-7750,0,Nd,96.65197,2.8276725,94.38208
JVASP-7750,1,Nd,96.65197,2.8276725,94.38208
JVASP-7750,2,Te,42.0708,68.54225,29.351011
JVASP-7750,3,Te,42.0708,68.54225,29.351011
JVASP-7750,4,F,4.630352,15.800529,20.182858
JVASP-7750,5,F,4.630352,15.800529,20.182858
JVASP-36634,0,Mn,0.0,1.6964667,1.6964667
JVASP-36634,1,Zn,0.0,10.546378,10.546378
JVASP-36634,2,O,96.472336,1.173997,96.33967
JVASP-36634,3,O,96.472336,1.173997,96.92637
JVASP-36634,4,O,96.472336,1.173997,96.17078
JVASP-35717,0,Dy,57.31954,4.4875207,57.920547
JVASP-35717,1,Fe,107.383675,2.1271884,105.988785
JVASP-35717,2,C,40.518818,4.4679255,36.74316
JVASP-35717,3,C,40.518818,4.4679255,36.76734
JVASP-1118,0,Cu,8.580563,2.626418,9.962635
JVASP-1118,1,Cu,8.580563,2.626418,9.962635
JVASP-1118,2,Bi,95.92937,75.36236,24.471191
JVASP-1118,3,Bi,95.92937,75.36236,24.471191
JVASP-1118,4,Se,28.361008,29.56337,57.60532
JVASP-1118,5,Se,28.361008,29.56337,57.60532
JVASP-1118,6,O,0.6997376,1.173997,1.4364667
JVASP-1118,7,O,0.6997376,1.173997,1.4364667
JVASP-16708,0,Sm,95.78729,14.72507,110.428734
JVASP-16708,1,Sm,95.78729,14.72507,110.428734
JVASP-16708,2,P,54.585247,4.940868,58.41719
JVASP-16708,3,P,54.585247,4.940868,58.41719
JVASP-16708,4,P,54.585247,4.940868,58.41719
JVASP-16708,5,P,54.585247,4.940868,58.41719
JVASP-16708,6,Ru,22.771273,13.728401,10.540192
JVASP-16708,7,Ru,22.771273,13.728401,10.540192
JVASP-16708,8,Ru,22.771273,13.728401,10.540192
JVASP-16708,9,Ru,22.771273,13.728401,10.540192
JVASP-12274,0,S,105.80849,15.204629,95.27045
JVASP-12274,1,S,105.80849,15.204629,94.10786
JVASP-12274,2,S,105.637856,15.204629,94.11687
JVASP-12274,3,S,105.637856,15.204629,94.82173
JVASP-12274,4,S,61.02613,15.204629,71.16854
JVASP-12274,5,S,61.02613,15.204629,71.38234
JVASP-12274,6,Ga,53.673122,4.5793962,57.18765
JVASP-12274,7,Ga,53.673122,4.5793962,56.74615
JVASP-12274,8,In,35.70007,6.7296906,38.34886
JVASP-12274,9,In,35.70007,6.7296906,40.1864
JVASP-66980,0,Be,0.6858571,0.38258058,1.0198613
JVASP-66980,1,Be,0.6858571,0.38258058,1.0198613
JVASP-66980,2,Nb,95.50315,15.259404,110.684715
JVASP-66980,3,Nb,95.50315,15.259404,110.684715
JVASP-66980,4,In,66.98129,6.7296906,61.101006
JVASP-66980,5,In,66.98129,6.7296906,61.101006
JVASP-67402,0,Be,3.2790504,0.38258058,3.594795
JVASP-67402,1,Be,3.2790504,0.38258058,3.594795
JVASP-67402,2,Sb,52.110447,27.438374,77.30821
JVASP-67402,3,Pd,95.25086,20.903904,74.64385
JVASP-38636,0,Ni,17.45384,5.243039,12.534965
JVASP-38636,1,Ag,95.05,6.9597216,88.642654
JVASP-38636,2,Te,11.992702,68.54225,80.24997
JVASP-38636,3,Te,21.376698,68.54225,89.46363
JVASP-15610,0,Ca,26.559002,1.1291435,26.853966
JVASP-15610,1,Ca,26.559002,1.1291435,26.853966
JVASP-15610,2,As,94.95855,16.668182,111.28488
JVASP-15610,3,As,94.95855,16.668182,111.28488
JVASP-15610,4,As,94.95855,16.668182,111.28488
JVASP-15610,5,As,94.95855,16.668182,111.28488
JVASP-15610,6,Ru,37.028934,13.728401,24.302187
JVASP-15610,7,Ru,37.028934,13.728401,24.302187
JVASP-15610,8,Ru,37.028934,13.728401,24.302187
JVASP-15610,9,Ru,37.028934,13.728401,24.302187
JVASP-18252,0,Ca,27.910454,1.1291435,27.966154
JVASP-18252,1,Ca,27.909704,1.1291435,27.965414
JVASP-18252,2,In,53.880516,6.7296906,48.75218
JVASP-18252,3,In,53.880516,6.7296906,50.485275
JVASP-18252,4,In,53.880516,6.7296906,48.75218
JVASP-18252,5,In,53.880516,6.7296906,50.485275
JVASP-18252,6,Au,94.99798,9.827829,99.0505
JVASP-18252,7,Au,94.99798,9.827829,99.0505
JVASP-81812,0,Ca,20.63373,1.1291435,20.176653
JVASP-81812,1,Ca,20.63373,1.1291435,20.176653
JVASP-81812,2,Hg,94.55899,18.195402,80.91348
JVASP-81812,3,Hg,94.55899,18.195402,80.91348
JVASP-81812,4,Hg,94.55899,18.195402,80.91348
JVASP-81812,5,Hg,94.55899,18.195402,80.91348
JVASP-81812,6,Pd,37.68026,20.903904,37.705677
JVASP-81812,7,Pd,37.68026,20.903904,37.705677
JVASP-17785,0,Sm,90.027725,14.72507,104.669876
JVASP-17785,1,Sm,90.027725,14.72507,104.669876
JVASP-17785,2,Mn,11.049649,1.6964667,9.8106785
JVASP-17785,3,Mn,11.049649,1.6964667,9.8106785
JVASP-17785,4,Mn,11.049649,1.6964667,9.8106785
JVASP-17785,5,Mn,11.049649,1.6964667,9.8106785
JVASP-17785,6,Ge,94.25472,9.267462,86.27573
JVASP-17785,7,Ge,94.25472,9.267462,86.27573
JVASP-17785,8,Ge,94.25472,9.267462,86.27573
JVASP-17785,9,Ge,94.25472,9.267462,86.27573
JVASP-37304,0,Sr,42.438637,5.8790126,47.702984
JVASP-37304,1,Ga,57.760193,4.5793962,61.933647
JVASP-37304,2,Ge,94.07674,9.267462,102.27304
JVASP-37304,3,H,3.3068113,4.494067,2.072818
JVASP-16410,0,Na,4.9972773,0.84107655,4.4720726
JVASP-16410,1,Na,4.9972773,0.84107655,4.4720726
JVASP-16410,2,Na,4.9972773,0.84107655,4.4720726
JVASP-16410,3,Na,4.9972773,0.84107655,4.4720726
JVASP-16410,4,C,93.50581,4.4679255,91.18841
JVASP-16410,5,C,93.50581,4.4679255,91.18841
JVASP-16410,6,C,93.50581,4.4679255,91.18841
JVASP-16410,7,C,93.50581,4.4679255,91.18841
JVASP-7913,0,Ca,45.708366,1.1291435,45.528316
JVASP-7913,1,Ge,89.246735,9.267462,80.9342
JVASP-7913,2,Ge,89.246735,9.267462,80.9342
JVASP-7913,3,Ru,93.37996,13.728401,85.46162
JVASP-7913,4,Ru,93.37996,13.728401,85.46162
JVASP-69161,0,Ba,93.04876,16.451351,76.686874
JVASP-69161,1,Fe,25.18402,2.1271884,24.028685
JVASP-69161,2,Pt,92.1,18.358461,74.9398
JVASP-69161,3,Pt,92.1,18.358461,74.9398
JVASP-37546,0,Ti,16.742262,1.1299996,17.714571
JVASP-37546,1,Ti,16.742262,1.1299996,17.714571
JVASP-37546,2,H,2.3735554,4.494067,2.5629654
JVASP-37546,3,H,2.372739,4.494067,2.5635018
JVASP-37546,4,H,0.43233553,4.494067,4.107602
JVASP-37546,5,H,0.43233553,4.494067,4.108264
JVASP-37546,6,Pd,92.9067,20.903904,113.620895
JVASP-16724,0,Lu,92.68624,5.367924,97.7992
JVASP-16724,1,Lu,92.68624,5.367924,97.7992
JVASP-16724,2,Cr,23.665335,3.2921274,26.35521
JVASP-16724,3,Cr,23.665335,3.2921274,26.35521
JVASP-16724,4,Cr,23.665335,3.2921274,26.35521
JVASP-16724,5,Cr,23.665335,3.2921274,26.35521
JVASP-16724,6,Si,17.484457,1.7483627,16.84245
JVASP-16724,7,Si,17.484457,1.7483627,16.84245
JVASP-16724,8,Si,17.484457,1.7483627,16.84245
JVASP-16724,9,Si,17.484457,1.7483627,16.84245
JVASP-21847,0,Dy,87.400505,4.4875207,87.20817
JVASP-21847,1,Dy,87.400505,4.4875207,84.63541
JVASP-21847,2,Dy,87.400505,4.4875207,84.63541
JVASP-21847,3,Dy,87.400505,4.4875207,87.20817
JVASP-21847,4,Cd,84.669876,15.619623,69.24808
JVASP-21847,5,Cd,84.669876,15.619623,69.24808
JVASP-21847,6,Pd,92.830635,20.903904,72.295166
JVASP-21847,7,Pd,92.830635,20.903904,72.29744
JVASP-21847,8,Pd,92.830635,20.903904,72.29744
JVASP-21847,9,Pd,92.830635,20.903904,72.295166
JVASP-79628,0,Li,0.4000858,0.084703535,0.32266885
JVASP-79628,1,Yb,92.348625,4.325258,96.294044
JVASP-79628,2,S,63.64754,15.204629,78.680084
JVASP-79628,3,S,63.64754,15.204629,78.680084
JVASP-68975,0,Ba,5.692614,16.451351,22.125015
JVASP-68975,1,Cd,70.92253,15.619623,86.40965
JVASP-68975,2,Ir,93.093216,25.960743,111.59635
JVASP-68975,3,Ir,93.093216,25.960743,97.97647
JVASP-67570,0,K,91.92364,3.9006114,88.15554
JVASP-67570,1,Mn,9.546478,1.6964667,8.318497
JVASP-67570,2,Mn,16.387087,1.6964667,15.12669
JVASP-67570,3,Be,2.994093,0.38258058,3.3104503
JVASP-85196,0,La,14.658971,5.9067655,16.208265
JVASP-85196,1,La,14.658971,5.9067655,16.208265
JVASP-85196,2,Zn,91.58765,10.546378,81.14241
JVASP-85196,3,Zn,91.58765,10.546378,81.14241
JVASP-85196,4,Ga,17.998442,4.5793962,22.22702
JVASP-85196,5,Ga,17.998442,4.5793962,22.22702
JVASP-11190,0,B,41.60159,5.024234,38.111977
JVASP-11190,1,B,41.60159,5.024234,38.111977
JVASP-11190,2,O,104.85118,1.173997,104.33371
JVASP-11190,3,O,104.8515,1.173997,104.90376
JVASP-11190,4,O,104.85188,1.173997,105.33012
JVASP-11190,5,O,104.85118,1.173997,104.33371
JVASP-11190,6,O,104.8515,1.173997,104.90376
JVASP-11190,7,O,104.85188,1.173997,105.33012
JVASP-11190,8,Ca,25.85275,1.1291435,25.545094
JVASP-11190,9,Sn,1.1058059,6.63049,5.8868794
JVASP-12167,0,Er,91.25096,6.1186743,97.119774
JVASP-12167,1,Er,91.25096,6.1186743,97.119774
JVASP-12167,2,Cl,27.358452,20.642973,29.12244
JVASP-12167,3,Cl,27.358452,20.642973,29.12244
JVASP-12167,4,O,7.3868756,1.173997,7.0527816
JVASP-12167,5,O,7.3868756,1.173997,7.0527816
JVASP-2355,0,P,99.23046,4.940868,102.54646
JVASP-2355,1,P,99.23016,4.940868,97.71213
JVASP-2355,2,P,99.230804,4.940868,100.240105
JVASP-2355,3,P,99.23082,4.940868,96.84492
JVASP-2355,4,Zn,7.5277658,10.546378,10.067625
JVASP-2355,5,Zn,7.5277658,10.546378,10.067625
JVASP-2355,6,Ge,1.3389287,9.267462,8.172407
JVASP-2355,7,Ge,1.3389287,9.267462,8.172407
JVASP-69259,0,Ba,90.687454,16.451351,74.326065
JVASP-69259,1,Na,6.7385464,0.84107655,7.113329
JVASP-69259,2,Na,6.7385464,0.84107655,7.113329
JVASP-69259,3,V,4.1584167,3.798005,7.687347
JVASP-21846,0,Sm,85.35139,14.72507,93.338394
JVASP-21846,1,Sm,85.35139,14.72507,93.08787
JVASP-21846,2,Sm,85.35139,14.72507,93.08787
JVASP-21846,3,Sm,85.35139,14.72507,93.338394
JVASP-21846,4,Cd,68.17665,15.619623,52.76618
JVASP-21846,5,Cd,68.17665,15.619623,52.76618
JVASP-21846,6,Pd,91.01753,20.903904,70.57936
JVASP-21846,7,Pd,91.01753,20.903904,70.58286
JVASP-21846,8,Pd,91.01753,20.903904,70.58286
JVASP-21846,9,Pd,91.01753,20.903904,70.57936
JVASP-81595,0,Zn,55.135635,10.546378,45.349518
JVASP-81595,1,Zn,55.135635,10.546378,45.349518
JVASP-81595,2,Si,93.21085,1.7483627,93.72209
JVASP-81595,3,Si,93.21085,1.7483627,93.72209
JVASP-81595,4,Tc,66.271835,8.509769,66.34146
JVASP-81595,5,Tc,66.271835,8.509769,66.34146
JVASP-81595,6,Tc,66.271835,8.509769,66.34146
JVASP-81595,7,Tc,66.271835,8.509769,66.34146
JVASP-36595,0,Zn,0.0,10.546378,10.546378
JVASP-36595,1,Os,0.0,41.308342,41.308342
JVASP-36595,2,O,90.020386,1.173997,89.88822
JVASP-36595,3,O,90.02038,1.173997,90.474846
JVASP-36595,4,O,90.02038,1.173997,89.7193
JVASP-2661,0,Al,6.7549434,1.0875204,7.2916145
JVASP-2661,1,Al,7.827485,1.0875204,7.422025
JVASP-2661,2,S,91.02228,15.204629,96.61124
JVASP-2661,3,S,91.0216,15.204629,93.8659
JVASP-2661,4,S,91.02294,15.204629,96.67036
JVASP-2661,5,S,91.022766,15.204629,79.42301
JVASP-2661,6,Hg,89.854645,18.195402,91.43411
JVASP-64996,0,Be,0.5927816,0.38258058,0.9291561
JVASP-64996,1,Be,1.0336876,0.38258058,0.75928164
JVASP-64996,2,Cd,14.597326,15.619623,2.400344
JVASP-64996,3,Tl,89.63417,13.684985,99.90707
JVASP-62149,0,Ni,12.693919,5.243039,11.8973875
JVASP-62149,1,Ni,12.674758,5.243039,10.648587
JVASP-62149,2,Ni,12.693919,5.243039,11.146374
JVASP-62149,3,As,89.46516,16.668182,105.79459
JVASP-62149,4,As,89.46516,16.668182,105.79459
JVASP-62149,5,As,78.50002,16.668182,62.33919
JVASP-62149,6,Pd,9.288787,20.903904,28.938417
JVASP-62149,7,Pd,9.28806,20.903904,29.657513
JVASP-62149,8,Pd,9.288787,20.903904,28.934906
JVASP-4134,0,Ca,89.27002,1.1291435,89.00416
JVASP-4134,1,Ca,8.455638,1.1291435,8.256074
JVASP-4134,2,Ca,8.455638,1.1291435,8.256074
JVASP-4134,3,B,56.049225,5.024234,61.0614
JVASP-4134,4,N,10.669977,2.1896696,11.563227
JVASP-4134,5,N,10.669977,2.1896696,11.563227
JVASP-4134,6,N,11.693864,2.1896696,12.571871
JVASP-56538,0,Tb,89.041664,11.037279,80.12817
JVASP-56538,1,P,49.947075,4.940868,52.06489
JVASP-56538,2,P,49.947075,4.940868,52.06489
JVASP-56538,3,Ru,19.42645,13.728401,15.122534
JVASP-56538,4,Ru,19.42645,13.728401,15.122534
JVASP-54803,0,Ga,88.93893,4.5793962,84.73544
JVASP-54803,1,Ga,88.93728,4.5793962,91.69753
JVASP-54803,2,Ga,88.93893,4.5793962,84.73544
JVASP-54803,3,Ga,88.93728,4.5793962,91.69753
JVASP-54803,4,Os,90.426994,41.308342,114.625565
JVASP-54803,5,Os,90.426994,41.308342,114.625565
JVASP-65597,0,Ba,59.08414,16.451351,42.734787
JVASP-65597,1,Ba,59.08414,16.451351,42.734787
JVASP-65597,2,V,23.172173,3.798005,26.531765
JVASP-65597,3,V,23.172173,3.798005,26.531765
JVASP-65597,4,V,23.172173,3.798005,26.531765
JVASP-65597,5,V,23.172173,3.798005,26.531765
JVASP-65597,6,Cu,88.688675,2.626418,89.81187
JVASP-65597,7,Cu,88.688675,2.626418,89.81187
JVASP-37327,0,Tb,13.728167,11.037279,4.952892
JVASP-37327,1,Zr,88.41189,6.08661,82.489365
JVASP-18085,0,Pu,88.288185,29.168139,64.755775
JVASP-18085,1,Pu,88.288185,29.168139,64.755775
JVASP-18085,2,S,13.849415,15.204629,28.952353
JVASP-18085,3,O,1.4750012,1.173997,1.9913449
JVASP-18085,4,O,1.4750012,1.173997,1.9913449
JVASP-85308,0,La,2.1543934,5.9067655,5.7354145
JVASP-85308,1,La,2.1543934,5.9067655,5.681305
JVASP-85308,2,La,2.1543934,5.9067655,5.681305
JVASP-85308,3,La,2.1543934,5.9067655,5.7354145
JVASP-85308,4,In,88.15224,6.7296906,86.14514
JVASP-85308,5,In,88.15224,6.7296906,86.14514
JVASP-85308,6,Cu,59.294918,2.626418,57.9897
JVASP-85308,7,Cu,59.294918,2.626418,57.879906
JVASP-85308,8,Cu,59.294918,2.626418,57.879906
JVASP-85308,9,Cu,59.294918,2.626418,57.9897
JVASP-18171,0,Dy,36.837875,4.4875207,32.75963
JVASP-18171,1,Dy,36.837875,4.4875207,32.75963
JVASP-18171,2,Cu,4.869589,2.626418,4.4671993
JVASP-18171,3,Cu,4.869589,2.626418,4.4671993
JVASP-18171,4,Sn,87.95995,6.63049,93.37732
JVASP-18171,5,Sn,87.95995,6.63049,93.37732
JVASP-35893,0,Hf,87.48597,15.926846,97.009384
JVASP-35893,1,Hf,87.48597,15.926846,97.009384
JVASP-35893,2,V,1.0140887,3.798005,4.704226
JVASP-35893,3,V,1.0140887,3.798005,4.704226
JVASP-35893,4,Si,6.3000875,1.7483627,7.196541
JVASP-35893,5,Si,6.3000875,1.7483627,7.196541
JVASP-37883,0,Ca,0.0,1.1291435,1.1291435
JVASP-37883,1,B,0.0,5.024234,5.024234
JVASP-37883,2,O,87.16836,1.173997,87.036446
JVASP-37883,3,O,87.16836,1.173997,87.62303
JVASP-37883,4,O,87.16836,1.173997,86.867516
JVASP-56363,0,Pr,21.556664,6.8834753,26.412827
JVASP-56363,1,Ni,14.982257,5.243039,11.255948
JVASP-56363,2,Ni,14.982257,5.243039,11.255948
JVASP-56363,3,P,86.9492,4.940868,89.00501
JVASP-56363,4,P,86.9492,4.940868,89.00501
JVASP-3912,0,Ac,69.96559,31.326805,101.2924
JVASP-3912,1,Ac,69.96559,31.326805,101.2924
JVASP-3912,2,Br,90.53047,43.576878,112.79977
JVASP-3912,3,Br,90.53138,43.576878,76.09374
JVASP-3912,4,Br,90.531235,43.576878,112.8004
JVASP-3912,5,Br,90.530815,43.576878,76.09349
JVASP-3912,6,Br,90.53015,43.576878,85.1475
JVASP-3912,7,Br,90.531364,43.576878,85.1488
JVASP-43091,0,K,0.78138727,3.9006114,3.1508744
JVASP-43091,1,K,0.78138727,3.9006114,3.1508744
JVASP-43091,2,Li,0.7797542,0.084703535,0.8591508
JVASP-43091,3,Li,0.7797542,0.084703535,0.8591508
JVASP-43091,4,Zn,19.026821,10.546378,8.679064
JVASP-43091,5,Zn,19.026821,10.546378,8.679064
JVASP-43091,6,S,99.15676,15.204629,99.43146
JVASP-43091,7,S,99.15676,15.204629,101.46009
JVASP-43091,8,S,99.15676,15.204629,99.43146
JVASP-43091,9,S,99.15676,15.204629,101.46009
JVASP-9897,0,Mg,14.504678,0.4287979,14.177608
JVASP-9897,1,Mg,10.530365,0.4287979,10.2042055
JVASP-9897,2,Cr,2.5344255,3.2921274,5.3530245
JVASP-9897,3,W,86.214386,103.865906,189.86673
JVASP-9897,4,O,41.558563,1.173997,41.262596
JVASP-9897,5,O,55.039608,1.173997,54.374943
JVASP-9897,6,O,41.517105,1.173997,42.188896
JVASP-9897,7,O,41.543594,1.173997,41.09505
JVASP-9897,8,O,55.14394,1.173997,55.25139
JVASP-9897,9,O,55.10123,1.173997,55.76709
JVASP-56374,0,Nd,26.253632,2.8276725,28.586826
JVASP-56374,1,Nd,26.253632,2.8276725,28.586826
JVASP-56374,2,Ni,14.662645,5.243039,9.77086
JVASP-56374,3,Ni,14.662645,5.243039,9.77086
JVASP-56374,4,Ni,14.662645,5.243039,9.77086
JVASP-56374,5,Ni,14.662645,5.243039,9.77086
JVASP-56374,6,P,86.006485,4.940868,89.80725
JVASP-56374,7,P,86.006485,4.940868,89.80725
JVASP-56374,8,P,86.006485,4.940868,89.80725
JVASP-56374,9,P,86.006485,4.940868,89.80725
JVASP-81866,0,Li,0.8965081,0.084703535,0.83225167
JVASP-81866,1,Hg,76.43778,18.195402,72.48531
JVASP-81866,2,Hg,76.43778,18.195402,72.48531
JVASP-81866,3,Au,87.01256,9.827829,83.41343
JVASP-16600,0,Np,0.0,68.16108,68.16108
JVASP-16600,1,Rh,85.700294,12.903096,78.00186
JVASP-16600,2,Rh,85.700294,12.903096,82.29297
JVASP-16600,3,Rh,85.700294,12.903096,98.37006
JVASP-57480,0,K,13.367258,3.9006114,10.228224
JVASP-57480,1,K,13.367258,3.9006114,10.228224
JVASP-57480,2,Li,0.65210426,0.084703535,0.58619434
JVASP-57480,3,Li,0.65210426,0.084703535,0.58619434
JVASP-57480,4,Mn,85.32636,1.6964667,84.00585
JVASP-57480,5,Mn,85.32636,1.6964667,84.00585
JVASP-57480,6,O,25.60754,1.173997,25.40573
JVASP-57480,7,O,34.034363,1.173997,34.33221
JVASP-57480,8,O,34.034363,1.173997,34.33221
JVASP-57480,9,O,25.60754,1.173997,25.40573
JVASP-18118,0,Y,77.01799,11.128398,73.93997
JVASP-18118,1,Y,77.01799,11.128398,75.066895
JVASP-18118,2,Y,77.01296,11.128398,83.7298
JVASP-18118,3,Mg,3.3696582,0.4287979,3.061634
JVASP-18118,4,Mg,3.3711994,0.4287979,3.0903213
JVASP-18118,5,Mg,3.3696582,0.4287979,3.082457
JVASP-18118,6,In,84.97525,6.7296906,79.076744
JVASP-18118,7,In,84.97525,6.7296906,79.076744
JVASP-18118,8,In,44.620316,6.7296906,38.7861
JVASP-67706,0,Mg,6.422562,0.4287979,6.7581477
JVASP-67706,1,Be,3.9379628,0.38258058,4.252605
JVASP-67706,2,Re,84.85277,20.045204,98.83004
JVASP-67706,3,Re,18.109896,20.045204,34.524937
JVASP-37604,0,Tb,0.0,11.037279,11.037279
JVASP-37604,1,Ge,0.0,9.267462,9.267462
JVASP-37604,2,O,84.546585,1.173997,84.41492
JVASP-37604,3,O,84.546585,1.173997,85.001465
JVASP-37604,4,O,84.546585,1.173997,84.24597
JVASP-39379,0,Np,0.0,68.16108,68.16108
JVASP-39379,1,Os,0.0,41.308342,41.308342
JVASP-39379,2,O,84.37186,1.173997,84.82676
JVASP-39379,3,O,84.37186,1.173997,84.07126
JVASP-39379,4,O,84.371864,1.173997,84.24021
JVASP-52768,0,K,3.1746175,3.9006114,5.9420424
JVASP-52768,1,K,3.1747687,3.9006114,5.7450457
JVASP-52768,2,Na,2.3349943,0.84107655,2.184461
JVASP-52768,3,V,15.96338,3.798005,15.932108
JVASP-52768,4,O,42.027676,1.173997,41.956333
JVASP-52768,5,F,84.17717,15.800529,91.88331
JVASP-52768,6,F,84.1781,15.800529,85.56559
JVASP-52768,7,F,84.17803,15.800529,80.03136
JVASP-52768,8,F,84.17797,15.800529,89.9016
JVASP-52768,9,F,44.075394,15.800529,43.930584
JVASP-12093,0,Ta,96.618256,34.19568,129.51938
JVASP-12093,1,Ta,96.618256,34.19568,129.51938
JVASP-12093,2,Ta,96.618256,34.19568,128.1676
JVASP-12093,3,Ta,96.618256,34.19568,128.1676
JVASP-12093,4,Ta,96.618256,34.19568,129.51938
JVASP-12093,5,Ta,96.618256,34.19568,129.51938
JVASP-12093,6,Ta,96.618256,34.19568,128.1676
JVASP-12093,7,Ta,96.618256,34.19568,128.1676
JVASP-12093,8,Ni,27.51092,5.243039,23.4093
JVASP-12093,9,Ni,27.51092,5.243039,23.4093
JVASP-12093,10,Ni,27.51092,5.243039,23.4093
JVASP-12093,11,Ni,27.51092,5.243039,23.4093
JVASP-12093,12,S,57.136387,15.204629,48.001747
JVASP-12093,13,S,57.136387,15.204629,48.001747
JVASP-12093,14,S,25.818197,15.204629,30.959969
JVASP-12093,15,S,25.818197,15.204629,30.959969
JVASP-12093,16,S,25.818197,15.204629,32.354786
JVASP-12093,17,S,25.818197,15.204629,32.354786
JVASP-12093,18,S,79.3773,15.204629,91.60763
JVASP-12093,19,S,79.3773,15.204629,91.60763
JVASP-12093,20,S,79.3773,15.204629,93.169464
JVASP-12093,21,S,79.3773,15.204629,93.169464
JVASP-12093,22,S,57.136387,15.204629,48.001747
JVASP-12093,23,S,57.136387,15.204629,48.001747
JVASP-12093,24,S,25.818197,15.204629,30.959969
JVASP-12093,25,S,25.818197,15.204629,30.959969
JVASP-12093,26,S,25.818197,15.204629,32.354786
JVASP-12093,27,S,25.818197,15.204629,32.354786
JVASP-12093,28,S,79.3773,15.204629,91.60763
JVASP-12093,29,S,79.3773,15.204629,91.60763
JVASP-12093,30,S,79.3773,15.204629,93.169464
JVASP-12093,31,S,79.3773,15.204629,93.169464
JVASP-15171,0,Cu,0.9147109,2.626418,2.8101068
JVASP-15171,1,Cu,0.9147109,2.626418,2.8101068
JVASP-15171,2,Ge,83.6684,9.267462,75.296036
JVASP-15171,3,Ge,83.6684,9.267462,75.296036
JVASP-15171,4,Sr,5.5279436,5.8790126,10.9790745
JVASP-67598,0,Ca,12.5340395,1.1291435,12.310301
JVASP-67598,1,La,83.20672,5.9067655,82.97525
JVASP-67598,2,Be,0.3663177,0.38258058,0.31610358
JVASP-67598,3,Be,0.3663177,0.38258058,0.21069947
JVASP-50051,0,Na,30.928892,0.84107655,31.271149
JVASP-50051,1,Na,30.928892,0.84107655,31.271149
JVASP-50051,2,Ho,82.975655,5.3662715,88.19141
JVASP-50051,3,Ho,82.975655,5.3662715,88.19141
JVASP-50051,4,O,3.8149498,1.173997,4.4050827
JVASP-50051,5,O,3.8149498,1.173997,4.4050827
JVASP-50051,6,O,3.8149498,1.173997,3.6532946
JVASP-50051,7,O,3.8149498,1.173997,3.6532946
JVASP-55103,0,Sm,34.364124,14.72507,45.83174
JVASP-55103,1,Ni,14.501815,5.243039,10.800297
JVASP-55103,2,Ni,14.501815,5.243039,10.800297
JVASP-55103,3,P,82.82705,4.940868,84.88614
JVASP-55103,4,P,82.82705,4.940868,84.88614
JVASP-35833,0,Ca,10.514435,1.1291435,10.300331
JVASP-35833,1,Ca,10.514435,1.1291435,10.300331
JVASP-35833,2,Bi,82.72784,75.36236,157.6099
JVASP-35833,3,Bi,82.72784,75.36236,157.6099
JVASP-35833,4,Au,76.57227,9.827829,73.02949
JVASP-35833,5,Au,76.57227,9.827829,73.02949
JVASP-67635,0,Be,4.4866486,0.38258058,4.800604
JVASP-67635,1,Be,2.8610039,0.38258058,2.56237
JVASP-67635,2,Sn,82.35919,6.63049,77.1256
JVASP-67635,3,Mo,14.644683,41.233887,26.613668
JVASP-38786,0,Ho,41.80299,5.3662715,36.619953
JVASP-38786,1,Ho,41.80299,5.3662715,36.619953
JVASP-38786,2,Mg,6.191684,0.4287979,6.425608
JVASP-38786,3,Mg,6.191684,0.4287979,6.3836956
JVASP-38786,4,Sn,82.093834,6.63049,87.516655
JVASP-38786,5,Sn,82.093834,6.63049,87.516655
JVASP-78758,0,Na,11.740406,0.84107655,11.434086
JVASP-78758,1,Tm,81.84603,8.03611,89.2276
JVASP-81504,0,K,8.815636,3.9006114,10.791168
JVASP-81504,1,K,8.815636,3.9006114,10.791168
JVASP-81504,2,K,8.815636,3.9006114,10.791168
JVASP-81504,3,K,8.815636,3.9006114,10.791168
JVASP-81504,4,Fe,82.924904,2.1271884,83.50666
JVASP-81504,5,Fe,82.924904,2.1271884,83.50666
JVASP-81504,6,Fe,82.924904,2.1271884,83.50666
JVASP-81504,7,Fe,82.924904,2.1271884,83.50666
JVASP-2199,0,Mg,16.894234,0.4287979,16.816198
JVASP-2199,1,Mg,16.894234,0.4287979,16.816198
JVASP-2199,2,Si,2.9706895,1.7483627,1.7618521
JVASP-2199,3,Si,2.9706895,1.7483627,1.7618521
JVASP-2199,4,P,91.81685,4.940868,95.00545
JVASP-2199,5,P,91.81761,4.940868,92.94755
JVASP-2199,6,P,91.81719,4.940868,90.65341
JVASP-2199,7,P,91.81788,4.940868,89.11127
JVASP-51433,0,V,81.32306,3.798005,84.56181
JVASP-51433,1,V,81.32306,3.798005,78.05417
JVASP-51433,2,V,81.32306,3.798005,81.48891
JVASP-51433,3,Au,0.0,9.827829,9.827829
JVASP-51433,4,N,0.0,2.1896696,2.1896696
JVASP-2328,0,Nb,0.0,15.259404,15.259404
JVASP-2328,1,Cu,16.350346,2.626418,17.900503
JVASP-2328,2,Cu,16.350344,2.626418,17.6046
JVASP-2328,3,Cu,16.350346,2.626418,13.868867
JVASP-2328,4,Se,81.20304,29.56337,81.81069
JVASP-2328,5,Se,81.20304,29.56337,90.27653
JVASP-2328,6,Se,81.20304,29.56337,86.66218
JVASP-2328,7,Se,81.20304,29.56337,86.709465
JVASP-35376,0,Zr,80.95482,6.08661,75.033424
JVASP-35376,1,V,62.148865,3.798005,58.887535
JVASP-35376,2,V,62.148865,3.798005,58.887535
JVASP-35376,3,Ga,74.920364,4.5793962,77.71526
JVASP-35376,4,Ga,74.920364,4.5793962,77.71526
JVASP-35376,5,Ga,74.920364,4.5793962,77.77105
JVASP-35376,6,Ga,74.920364,4.5793962,77.77105
JVASP-80264,0,Mn,21.450094,1.6964667,21.874052
JVASP-80264,1,Mn,21.450094,1.6964667,21.874052
JVASP-80264,2,Ga,86.59759,4.5793962,85.9039
JVASP-80264,3,Ga,86.59759,4.5793962,85.9039
JVASP-80264,4,Pd,48.29579,20.903904,27.443033
JVASP-80264,5,Pd,48.29579,20.903904,27.443033
JVASP-80264,6,Pd,48.29579,20.903904,27.443033
JVASP-80264,7,Pd,48.29579,20.903904,27.443033
JVASP-27040,0,Mn,30.809702,1.6964667,29.69622
JVASP-27040,1,Mn,30.809702,1.6964667,29.69622
JVASP-27040,2,Cu,80.867195,2.626418,81.840485
JVASP-27040,3,Cu,80.867195,2.626418,81.840485
JVASP-27040,4,O,40.811626,1.173997,40.706047
JVASP-27040,5,O,40.811626,1.173997,40.706047
JVASP-27040,6,O,40.811626,1.173997,40.706047
JVASP-27040,7,O,40.811626,1.173997,40.706047
JVASP-66763,0,Be,3.4888897,0.38258058,3.8042421
JVASP-66763,1,Be,3.4888897,0.38258058,3.8042421
JVASP-66763,2,Te,55.672005,68.54225,123.355064
JVASP-66763,3,Te,55.672005,68.54225,123.355064
JVASP-66763,4,W,80.42491,103.865906,24.22456
JVASP-66763,5,W,80.42491,103.865906,24.22456
JVASP-65601,0,Ba,80.17262,16.451351,63.81391
JVASP-65601,1,Si,40.448936,1.7483627,41.458458
JVASP-65601,2,Si,40.448936,1.7483627,39.970608
JVASP-65601,3,Rh,42.541103,12.903096,55.238075
JVASP-39254,0,K,0.0,3.9006114,3.9006114
JVASP-39254,1,Re,0.0,20.045204,20.045204
JVASP-39254,2,O,80.01095,1.173997,79.87974
JVASP-39254,3,O,80.01095,1.173997,80.466225
JVASP-39254,4,O,80.01095,1.173997,79.71077
JVASP-3339,0,K,2.8716185,3.9006114,6.7181683
JVASP-3339,1,K,2.8716185,3.9006114,6.7181683
JVASP-3339,2,Ag,0.19840866,6.9597216,7.143882
JVASP-3339,3,Ag,0.19840866,6.9597216,7.143882
JVASP-3339,4,Se,79.6966,29.56337,108.78493
JVASP-3339,5,Se,79.6966,29.56337,108.78493
JVASP-17224,0,Lu,79.37327,5.367924,84.488495
JVASP-17224,1,Lu,79.37327,5.367924,84.488495
JVASP-17224,2,Mn,17.686949,1.6964667,16.423439
JVASP-17224,3,Mn,17.686949,1.6964667,16.423439
JVASP-17224,4,Mn,17.686949,1.6964667,16.423439
JVASP-17224,5,Mn,17.686949,1.6964667,16.423439
JVASP-17224,6,Ge,69.83985,9.267462,61.90735
JVASP-17224,7,Ge,69.83985,9.267462,61.90735
JVASP-17224,8,Ge,69.83985,9.267462,61.90735
JVASP-17224,9,Ge,69.83985,9.267462,61.90735
JVASP-16420,0,Tm,81.29951,8.03611,85.26273
JVASP-16420,1,Tm,81.30482,8.03611,88.49485
JVASP-16420,2,Tm,81.29951,8.03611,85.79626
JVASP-16420,3,Tm,46.159134,8.03611,47.128616
JVASP-16420,4,Tm,46.16715,8.03611,50.801083
JVASP-16420,5,Tm,46.159134,8.03611,46.38252
JVASP-16420,6,Fe,16.529163,2.1271884,15.410953
JVASP-16420,7,Sb,23.41957,27.438374,13.194781
JVASP-16420,8,Sb,23.41957,27.438374,13.194781
JVASP-36596,0,Sn,0.0,6.63049,6.63049
JVASP-36596,1,Hg,0.0,18.195402,18.195402
JVASP-36596,2,O,78.52819,1.173997,78.39713
JVASP-36596,3,O,78.52819,1.173997,78.9836
JVASP-36596,4,O,78.52819,1.173997,78.22816
JVASP-17769,0,Si,33.50556,1.7483627,32.025707
JVASP-17769,1,Si,33.50556,1.7483627,32.025707
JVASP-17769,2,Ni,9.112066,5.243039,5.863514
JVASP-17769,3,Ni,9.112066,5.243039,5.863514
JVASP-17769,4,U,78.37763,22.270443,58.151356
JVASP-15592,0,P,77.89037,4.940868,79.9739
JVASP-15592,1,P,77.89037,4.940868,79.9739
JVASP-15592,2,Ni,14.44858,5.243039,10.721666
JVASP-15592,3,Ni,14.44858,5.243039,10.721666
JVASP-15592,4,Tb,34.20152,11.037279,25.69427
JVASP-19913,0,Nb,0.0,15.259404,15.259404
JVASP-19913,1,Zn,77.73211,10.546378,82.901825
JVASP-19913,2,Zn,77.73211,10.546378,84.02357
JVASP-19913,3,Zn,77.73211,10.546378,67.289276
JVASP-67393,0,Be,3.9637055,0.38258058,3.661707
JVASP-67393,1,Nb,77.52512,15.259404,92.709045
JVASP-67393,2,Fe,13.654681,2.1271884,14.974717
JVASP-16214,0,Hf,77.38551,15.926846,87.014244
JVASP-16214,1,Hf,77.38551,15.926846,87.014244
JVASP-16214,2,Hf,77.38551,15.926846,87.014244
JVASP-16214,3,Hf,77.38551,15.926846,87.014244
JVASP-16214,4,P,2.67321,4.940868,3.3981564
JVASP-16214,5,P,2.67321,4.940868,3.3981564
JVASP-16214,6,P,14.020879,4.940868,18.054165
JVASP-16214,7,P,14.020879,4.940868,18.054165
JVASP-15449,0,Nd,32.705994,2.8276725,35.030285
JVASP-15449,1,Nd,32.705994,2.8276725,35.030285
JVASP-15449,2,Ag,56.91512,6.9597216,63.41561
JVASP-15449,3,Ag,56.91512,6.9597216,63.41561
JVASP-15449,4,Sn,77.19812,6.63049,82.626114
JVASP-15449,5,Sn,77.19812,6.63049,82.626114
JVASP-44042,0,Mg,6.994518,0.4287979,6.670102
JVASP-44042,1,Mg,6.994518,0.4287979,6.670102
JVASP-44042,2,Fe,0.10900459,2.1271884,2.190972
JVASP-44042,3,Fe,0.10900459,2.1271884,2.190972
JVASP-44042,4,O,79.37625,1.173997,78.811676
JVASP-44042,5,O,79.37755,1.173997,79.77175
JVASP-44042,6,O,79.377075,1.173997,79.58118
JVASP-44042,7,O,79.377075,1.173997,79.58118
JVASP-44042,8,O,79.37755,1.173997,79.77175
JVASP-44042,9,O,79.37625,1.173997,78.811676
JVASP-86953,0,La,76.733536,5.9067655,77.398796
JVASP-86953,1,La,76.733536,5.9067655,77.398796
JVASP-86953,2,Fe,8.910427,2.1271884,7.8870344
JVASP-86953,3,Fe,8.910427,2.1271884,7.8870344
JVASP-86953,4,Fe,8.910427,2.1271884,7.8870344
JVASP-86953,5,Fe,8.910427,2.1271884,7.8870344
JVASP-86953,6,P,20.510393,4.940868,24.466763
JVASP-86953,7,P,20.510393,4.940868,24.466763
JVASP-86953,8,P,20.510393,4.940868,24.466763
JVASP-86953,9,P,20.510393,4.940868,24.466763
JVASP-35535,0,Ag,20.461405,6.9597216,27.035212
JVASP-35535,1,P,12.024545,4.940868,16.0939
JVASP-35535,2,Pt,78.89954,18.358461,71.36144
JVASP-35535,3,Pt,78.89954,18.358461,71.36144
JVASP-35535,4,Pt,78.89954,18.358461,81.1104
JVASP-35535,5,Pt,78.89954,18.358461,81.1104
JVASP-35535,6,Pt,8.251514,18.358461,26.308346
JVASP-15378,0,Ho,52.517876,5.3662715,57.738697
JVASP-15378,1,Ho,52.517876,5.3662715,57.738697
JVASP-15378,2,Co,20.899044,1.0717598,21.742376
JVASP-15378,3,Co,20.899044,1.0717598,21.742376
JVASP-15378,4,Co,20.899044,1.0717598,21.742376
JVASP-15378,5,Co,20.899044,1.0717598,21.742376
JVASP-15378,6,Ge,75.99786,9.267462,68.05049
JVASP-15378,7,Ge,75.99786,9.267462,68.05049
JVASP-15378,8,Ge,75.99786,9.267462,68.05049
JVASP-15378,9,Ge,75.99786,9.267462,68.05049
JVASP-8511,0,Ta,0.0,34.19568,34.19568
JVASP-8511,1,Ru,75.86396,13.728401,73.99021
JVASP-8511,2,Ru,75.86396,13.728401,89.04552
JVASP-8511,3,Ru,75.86396,13.728401,66.54153
JVASP-8511,4,C,0.0,4.4679255,4.4679255
JVASP-67448,0,Be,1.182287,0.38258058,0.90243953
JVASP-67448,1,Be,3.186786,0.38258058,2.8870246
JVASP-67448,2,In,56.16843,6.7296906,62.207207
JVASP-67448,3,P,75.624725,4.940868,71.95422
JVASP-16145,0,S,17.144777,15.204629,31.580856
JVASP-16145,1,S,17.144777,15.204629,31.580856
JVASP-16145,2,Rb,65.755325,7.136503,58.844685
JVASP-16145,3,Yb,75.46397,4.325258,78.15903
JVASP-18464,0,H,7.2896295,4.494067,6.6701636
JVASP-18464,1,H,7.2896295,4.494067,6.6701636
JVASP-18464,2,H,7.28956,4.494067,7.9176354
JVASP-18464,3,H,7.28956,4.494067,7.9176354
JVASP-18464,4,Li,1.9960326,0.084703535,2.0501597
JVASP-18464,5,Li,1.9960326,0.084703535,2.0501597
JVASP-18464,6,Li,1.9960898,0.084703535,1.948039
JVASP-18464,7,Li,1.9960898,0.084703535,1.948039
JVASP-18464,8,Rh,75.321495,12.903096,77.01887
JVASP-1669,0,S,1.8832515,15.204629,13.524169
JVASP-1669,1,S,1.8832515,15.204629,13.524169
JVASP-1669,2,Rb,75.159904,7.136503,68.24537
JVASP-1669,3,Er,41.573483,6.1186743,46.850323
JVASP-67601,0,Be,3.6081135,0.38258058,3.3073313
JVASP-67601,1,Ge,74.969086,9.267462,83.1881
JVASP-67601,2,Mg,7.1745567,0.4287979,6.849947
JVASP-16514,0,Y,74.84743,11.128398,68.67047
JVASP-16514,1,Fe,49.540928,2.1271884,50.789486
JVASP-16514,2,Fe,49.540928,2.1271884,50.789486
JVASP-16514,3,Fe,38.598286,2.1271884,37.6707
JVASP-16514,4,Fe,38.600723,2.1271884,39.66956
JVASP-16514,5,Fe,38.600723,2.1271884,39.848053
JVASP-16138,0,C,52.282238,4.4679255,49.591938
JVASP-16138,1,C,52.28232,4.4679255,49.62098
JVASP-16138,2,Ni,28.237722,5.243039,30.593029
JVASP-16138,3,Pr,77.92831,6.8834753,75.54931
JVASP-24643,0,Ac,74.54777,31.326805,105.87457
JVASP-24643,1,Ac,74.54777,31.326805,105.87457
JVASP-24643,2,Cl,41.347298,20.642973,37.952663
JVASP-24643,3,Cl,41.347263,20.642973,37.373173
JVASP-24643,4,Cl,41.347298,20.642973,37.952663
JVASP-24643,5,Cl,41.347263,20.642973,37.373173
JVASP-24643,6,Cl,41.347614,20.642973,47.940998
JVASP-24643,7,Cl,41.347614,20.642973,47.940998
JVASP-51562,0,Dy,47.934067,4.4875207,52.089798
JVASP-51562,1,In,75.11268,6.7296906,69.29478
JVASP-51562,2,In,75.11268,6.7296906,69.15909
JVASP-51562,3,In,75.112404,6.7296906,69.4353
JVASP-51562,4,Cu,9.7151165,2.626418,11.062371
JVASP-51562,5,Cu,9.7151165,2.626418,11.062371
JVASP-5302,0,Sm,74.12727,14.72507,59.522438
JVASP-5302,1,Sm,74.12727,14.72507,59.522438
JVASP-5302,2,Fe,3.2284274,2.1271884,4.7765656
JVASP-5302,3,Fe,3.2284274,2.1271884,4.7765656
JVASP-5302,4,As,29.482058,16.668182,13.706008
JVASP-5302,5,As,29.482058,16.668182,13.706008
JVASP-5302,6,O,15.728173,1.173997,15.631974
JVASP-5302,7,O,15.728173,1.173997,15.631974
JVASP-56273,0,Ho,73.86603,5.3662715,76.58749
JVASP-56273,1,Ge,36.260166,9.267462,27.933174
JVASP-56273,2,Ge,36.260166,9.267462,27.933174
JVASP-56273,3,Rh,8.802987,12.903096,19.940739
JVASP-56273,4,Rh,8.802987,12.903096,19.940739
JVASP-16176,0,Li,0.48744848,0.084703535,0.567133
JVASP-16176,1,Li,0.48744848,0.084703535,0.567133
JVASP-16176,2,Nb,51.960213,15.259404,67.14977
JVASP-16176,3,F,73.75331,15.800529,75.37695
JVASP-16176,4,F,73.75451,15.800529,72.46459
JVASP-16176,5,F,73.75451,15.800529,72.46459
JVASP-16176,6,F,73.75451,15.800529,76.09568
JVASP-16176,7,F,73.75331,15.800529,75.37695
JVASP-16176,8,F,73.75451,15.800529,76.09568
JVASP-67563,0,Be,4.4580836,0.38258058,4.772144
JVASP-67563,1,Si,73.56145,1.7483627,72.86126
JVASP-67563,2,Te,0.7601583,68.54225,67.80352
JVASP-15585,0,Er,53.106567,6.1186743,47.348736
JVASP-15585,1,Er,53.106567,6.1186743,47.348736
JVASP-15585,2,Co,19.909452,1.0717598,20.753283
JVASP-15585,3,Co,19.909452,1.0717598,20.753283
JVASP-15585,4,Co,19.909452,1.0717598,20.753283
JVASP-15585,5,Co,19.909452,1.0717598,20.753283
JVASP-15585,6,Ge,73.45122,9.267462,65.50966
JVASP-15585,7,Ge,73.45122,9.267462,65.50966
JVASP-15585,8,Ge,73.45122,9.267462,65.50966
JVASP-15585,9,Ge,73.45122,9.267462,65.50966
JVASP-8732,0,Ho,67.18807,5.3662715,71.12284
JVASP-8732,1,Ho,42.067062,5.3662715,46.355476
JVASP-8732,2,Ho,42.067062,5.3662715,46.003708
JVASP-8732,3,Ho,67.18831,5.3662715,70.2057
JVASP-8732,4,Ho,67.18831,5.3662715,70.67409
JVASP-8732,5,Ho,42.067158,5.3662715,46.692467
JVASP-8732,6,Co,37.740513,1.0717598,36.913807
JVASP-8732,7,Bi,73.32547,75.36236,11.770888
JVASP-8732,8,Bi,73.32547,75.36236,11.770888
JVASP-3258,0,Ho,8.971258,5.3662715,3.9845622
JVASP-3258,1,Ho,8.971258,5.3662715,3.9845622
JVASP-3258,2,Se,73.222595,29.56337,102.32198
JVASP-3258,3,O,22.016014,1.173997,22.186403
JVASP-3258,4,O,22.016014,1.173997,22.186403
JVASP-1666,0,S,1.3767936,15.204629,13.971418
JVASP-1666,1,S,1.3767936,15.204629,13.971418
JVASP-1666,2,Rb,73.11305,7.136503,66.19898
JVASP-1666,3,Ho,42.003292,5.3662715,37.896896
JVASP-15292,0,Er,44.56959,6.1186743,45.561222
JVASP-15292,1,Er,44.56959,6.1186743,46.311054
JVASP-15292,2,Er,44.567375,6.1186743,43.112946
JVASP-15292,3,In,73.20235,6.7296906,75.2778
JVASP-15292,4,In,73.20235,6.7296906,76.004524
JVASP-15292,5,In,73.201744,6.7296906,76.75225
JVASP-15292,6,Cu,32.74968,2.626418,31.749172
JVASP-15292,7,Cu,16.537733,2.626418,15.631697
JVASP-15292,8,Cu,32.74968,2.626418,31.749172
JVASP-56203,0,Ba,72.89528,16.451351,58.967365
JVASP-56203,1,Li,2.4436564,0.084703535,2.3771904
JVASP-56203,2,Li,2.4436564,0.084703535,2.3771904
JVASP-56203,3,Mg,5.3047833,0.4287979,5.5319343
JVASP-56203,4,Mg,5.3047833,0.4287979,5.5319343
JVASP-56203,5,Ge,33.9068,9.267462,24.85834
JVASP-56203,6,Ge,33.9068,9.267462,24.85834
JVASP-3225,0,Na,7.187756,0.84107655,6.970664
JVASP-3225,1,Na,7.187756,0.84107655,6.9177194
JVASP-3225,2,Na,7.185421,0.84107655,7.976606
JVASP-3225,3,Sr,72.75195,5.8790126,71.569565
JVASP-3225,4,Sr,72.750854,5.8790126,70.58238
JVASP-3225,5,Sr,72.750854,5.8790126,69.69564
JVASP-3225,6,P,8.716917,4.940868,5.9283123
JVASP-3225,7,P,26.420197,4.940868,22.905592
JVASP-3225,8,P,8.716917,4.940868,5.9283123
JVASP-15564,0,C,51.153187,4.4679255,48.49925
JVASP-15564,1,C,51.153194,4.4679255,48.47244
JVASP-15564,2,Ni,25.037458,5.243039,27.458519
JVASP-15564,3,Nd,74.118126,2.8276725,73.63648
JVASP-38950,0,Yb,0.0,4.325258,4.325258
JVASP-38950,1,Mg,0.0,0.4287979,0.4287979
JVASP-38950,2,O,72.27056,1.173997,72.41966
JVASP-38950,3,O,72.27056,1.173997,71.83081
JVASP-38950,4,O,72.27056,1.173997,72.58764
JVASP-56861,0,Sr,30.535069,5.8790126,29.909452
JVASP-56861,1,Sr,30.535069,5.8790126,29.909452
JVASP-56861,2,C,72.16483,4.4679255,70.03425
JVASP-56861,3,N,6.9837985,2.1896696,9.068588
JVASP-56861,4,N,6.9837985,2.1896696,9.068588
JVASP-56861,5,Cl,11.494866,20.642973,30.986572
JVASP-56861,6,Cl,11.494866,20.642973,30.986572
JVASP-65108,0,Mg,1.5627745,0.4287979,1.912507
JVASP-65108,1,Be,3.6815832,0.38258058,3.996611
JVASP-65108,2,Be,3.6815832,0.38258058,3.996611
JVASP-65108,3,Cl,72.03705,20.642973,53.307457
JVASP-12731,0,Na,0.4967293,0.84107655,1.1167613
JVASP-12731,1,Na,0.4967293,0.84107655,1.1167613
JVASP-12731,2,Cl,73.78134,20.642973,67.120804
JVASP-12731,3,Cl,73.780365,20.642973,87.204704
JVASP-12731,4,Cl,73.781586,20.642973,76.79549
JVASP-12731,5,Cl,73.78134,20.642973,67.120804
JVASP-12731,6,Cl,73.780365,20.642973,87.204704
JVASP-12731,7,Cl,73.781586,20.642973,76.79549
JVASP-12731,8,Mn,3.4915726,1.6964667,2.058567
JVASP-12731,9,Mn,3.4915726,1.6964667,2.058567
JVASP-8078,0,Fe,34.533257,2.1271884,33.32258
JVASP-8078,1,Se,71.49459,29.56337,90.728096
JVASP-8078,2,Se,71.49459,29.56337,90.728096
JVASP-8078,3,Se,62.309937,29.56337,57.0141
JVASP-8078,4,Se,62.309937,29.56337,57.0141
JVASP-8078,5,Ti,29.87541,1.1299996,29.509766
JVASP-8078,6,Ti,29.87541,1.1299996,29.509766
JVASP-10541,0,P,71.67104,4.940868,74.66057
JVASP-10541,1,P,71.67039,4.940868,72.192314
JVASP-10541,2,P,71.67104,4.940868,74.66057
JVASP-10541,3,P,71.67039,4.940868,72.192314
JVASP-10541,4,K,27.285091,3.9006114,29.316498
JVASP-10541,5,K,24.69148,3.9006114,23.375929
JVASP-10541,6,K,27.285091,3.9006114,29.316498
JVASP-10541,7,K,24.69148,3.9006114,23.375929
JVASP-10541,8,Ni,42.25135,5.243039,42.894623
JVASP-10541,9,Ni,42.25135,5.243039,41.150585
JVASP-81768,0,K,56.64037,3.9006114,59.830845
JVASP-81768,1,K,56.64037,3.9006114,59.830845
JVASP-81768,2,Na,18.69784,0.84107655,19.32057
JVASP-81768,3,Na,18.69784,0.84107655,19.32057
JVASP-81768,4,Na,18.69784,0.84107655,19.32057
JVASP-81768,5,Na,18.69784,0.84107655,19.32057
JVASP-81768,6,P,74.50972,4.940868,72.44092
JVASP-81768,7,P,74.50972,4.940868,72.44092
JVASP-51043,0,Mn,70.84169,1.6964667,72.14967
JVASP-51043,1,Mn,70.84169,1.6964667,70.3721
JVASP-51043,2,Mn,70.84169,1.6964667,70.04614
JVASP-51043,3,Ga,0.0,4.5793962,4.5793962
JVASP-51043,4,N,0.0,2.1896696,2.1896696
JVASP-37111,0,Rb,70.64491,7.136503,64.825935
JVASP-37111,1,Y,23.314243,11.128398,18.778507
JVASP-37111,2,S,0.5058201,15.204629,14.706185
JVASP-37111,3,S,0.5058201,15.204629,14.706185
JVASP-15809,0,Cr,24.799582,3.2921274,25.539976
JVASP-15809,1,Se,61.074635,29.56337,63.39618
JVASP-15809,2,Se,73.05169,29.56337,97.00218
JVASP-15809,3,Se,61.074635,29.56337,63.39618
JVASP-15809,4,Se,73.05169,29.56337,97.00218
JVASP-15809,5,Nb,21.669567,15.259404,12.220709
JVASP-15809,6,Nb,21.669567,15.259404,12.220709
JVASP-43024,0,Mn,9.624035,1.6964667,10.416173
JVASP-43024,1,Nb,54.784904,15.259404,63.897316
JVASP-43024,2,O,31.996237,1.173997,31.197512
JVASP-43024,3,O,70.99668,1.173997,71.22904
JVASP-43024,4,O,31.99763,1.173997,31.894554
JVASP-43024,5,O,70.996445,1.173997,71.86111
JVASP-65520,0,Ba,70.17706,16.451351,86.5687
JVASP-65520,1,Os,48.000202,41.308342,21.409212
JVASP-65520,2,Cl,30.305288,20.642973,22.55873
JVASP-65520,3,Cl,30.305288,20.642973,10.348476
JVASP-81548,0,Sc,60.575676,1.2577385,60.976536
JVASP-81548,1,Sc,60.575676,1.2577385,60.976536
JVASP-81548,2,Sc,60.575676,1.2577385,60.976536
JVASP-81548,3,Sc,60.575676,1.2577385,60.976536
JVASP-81548,4,Al,28.27276,1.0875204,27.693567
JVASP-81548,5,Al,28.27276,1.0875204,27.693567
JVASP-81548,6,Ga,72.422325,4.5793962,68.867836
JVASP-81548,7,Ga,72.422325,4.5793962,68.867836
JVASP-3306,0,Si,63.333263,1.7483627,62.593533
JVASP-3306,1,Si,21.415981,1.7483627,22.261076
JVASP-3306,2,Si,71.75624,1.7483627,71.23859
JVASP-3306,3,Si,65.622925,1.7483627,66.91923
JVASP-3306,4,P,34.72522,4.940868,33.624092
JVASP-3306,5,P,48.844376,4.940868,49.58384
JVASP-3306,6,P,30.827719,4.940868,30.049324
JVASP-3306,7,P,38.686043,4.940868,40.273632
JVASP-3306,8,Ru,26.968594,13.728401,34.35336
JVASP-68154,0,Be,2.1360576,0.38258058,2.4554937
JVASP-68154,1,Ca,2.0134807,1.1291435,2.5351183
JVASP-68154,2,Mn,2.564617,1.6964667,1.6712328
JVASP-68154,3,Mn,69.20952,1.6964667,70.517715
JVASP-67658,0,Be,1.1009233,0.38258058,1.3414835
JVASP-67658,1,Be,1.1009233,0.38258058,1.3764739
JVASP-67658,2,Bi,73.75985,75.36236,137.37845
JVASP-67658,3,Cd,19.057032,15.619623,24.23044
JVASP-36610,0,Zr,0.0,6.08661,6.08661
JVASP-36610,1,Hg,0.0,18.195402,18.195402
JVASP-36610,2,O,69.04867,1.173997,69.198204
JVASP-36610,3,O,69.04867,1.173997,68.60929
JVASP-36610,4,O,69.04867,1.173997,69.36615
JVASP-21476,0,Be,2.252425,0.38258058,2.1616337
JVASP-21476,1,Be,2.2533214,0.38258058,2.1624951
JVASP-21476,2,B,39.829044,5.024234,35.799606
JVASP-21476,3,O,73.04,1.173997,72.91289
JVASP-21476,4,O,73.06475,1.173997,72.256165
JVASP-21476,5,O,73.06588,1.173997,73.85022
JVASP-21476,6,F,63.961243,15.800529,52.289513
JVASP-21476,7,F,63.961243,15.800529,52.29629
JVASP-21476,8,Rb,60.649887,7.136503,67.08576
JVASP-74881,0,Ti,4.92225,1.1299996,5.914314
JVASP-74881,1,Be,9.554235,0.38258058,9.248348
JVASP-74881,2,Si,68.720436,1.7483627,69.45637
JVASP-15401,0,Cu,8.823025,2.626418,9.336824
JVASP-15401,1,Cu,8.823025,2.626418,9.336824
JVASP-15401,2,Ge,68.600525,9.267462,60.07846
JVASP-15401,3,Ge,68.600525,9.267462,60.07846
JVASP-15401,4,Y,15.679276,11.128398,16.53293
JVASP-15971,0,Hf,69.16738,15.926846,74.76703
JVASP-15971,1,Hf,69.164116,15.926846,58.99527
JVASP-15971,2,Hf,69.164116,15.926846,61.589256
JVASP-15971,3,Cu,68.301575,2.626418,69.434235
JVASP-15971,4,Cu,37.5732,2.626418,38.470985
JVASP-15971,5,Cu,37.5732,2.626418,38.17366
JVASP-15971,6,Cu,37.57503,2.626418,39.389313
JVASP-15971,7,Ge,54.1178,9.267462,62.37781
JVASP-15971,8,Ge,54.1178,9.267462,62.37781
JVASP-38033,0,Ge,27.253023,9.267462,19.679533
JVASP-38033,1,Ge,27.253023,9.267462,19.679533
JVASP-38033,2,Cl,68.18645,20.642973,87.75557
JVASP-38033,3,Cl,68.18645,20.642973,87.75557
JVASP-38033,4,F,16.868004,15.800529,6.1510434
JVASP-38033,5,F,16.868004,15.800529,6.1510434
JVASP-16796,0,Sr,0.0,5.8790126,5.8790126
JVASP-16796,1,Tc,0.0,8.509769,8.509769
JVASP-16796,2,O,67.95619,1.173997,68.41276
JVASP-16796,3,O,67.95619,1.173997,67.82649
JVASP-16796,4,O,67.95619,1.173997,67.65745
JVASP-85127,0,La,47.841984,5.9067655,48.732018
JVASP-85127,1,La,47.841984,5.9067655,48.732018
JVASP-85127,2,Rh,68.55449,12.903096,72.24962
JVASP-85127,3,Rh,68.55449,12.903096,72.24962
JVASP-15680,0,O,15.16999,1.173997,15.35365
JVASP-15680,1,Na,0.3796103,0.84107655,1.0689213
JVASP-15680,2,Na,0.3796103,0.84107655,1.0689213
JVASP-15680,3,Ti,68.293724,1.1299996,69.06576
JVASP-15680,4,Ti,68.29379,1.1299996,68.89633
JVASP-15680,5,Sb,66.50903,27.438374,48.635914
JVASP-15680,6,Sb,66.50903,27.438374,48.635914
JVASP-2757,0,Ba,67.25197,16.451351,50.898083
JVASP-2757,1,Mg,1.2529157,0.4287979,0.96268475
JVASP-2757,2,Mg,1.2529157,0.4287979,0.96268475
JVASP-2757,3,P,3.9110186,4.940868,3.2298076
JVASP-2757,4,P,3.9110186,4.940868,3.2298076
JVASP-15324,0,Ge,66.97097,9.267462,58.690613
JVASP-15324,1,Ge,66.97097,9.267462,58.690613
JVASP-15324,2,Pd,12.745076,20.903904,16.44218
JVASP-15324,3,Pd,12.745076,20.903904,16.44218
JVASP-15324,4,Th,38.79587,20.611576,55.220444
JVASP-39317,0,Ge,0.0,9.267462,9.267462
JVASP-39317,1,B,0.0,5.024234,5.024234
JVASP-39317,2,O,66.70206,1.173997,66.57254
JVASP-39317,3,O,66.70206,1.173997,67.15878
JVASP-39317,4,O,66.70206,1.173997,66.40349
JVASP-67253,0,Be,0.23117238,0.38258058,0.58558476
JVASP-67253,1,Ga,66.599174,4.5793962,70.768776
JVASP-67253,2,P,63.28502,4.940868,59.629482
JVASP-80196,0,Li,0.6346227,0.084703535,0.71256244
JVASP-80196,1,Li,0.6346227,0.084703535,0.71256244
JVASP-80196,2,Mg,11.386832,0.4287979,11.5660095
JVASP-80196,3,Mg,11.386832,0.4287979,11.5660095
JVASP-80196,4,Hg,73.25916,18.195402,73.68163
JVASP-80196,5,Hg,73.25916,18.195402,73.68163
JVASP-80196,6,Hg,73.25916,18.195402,73.68163
JVASP-80196,7,Hg,73.25916,18.195402,73.68163
JVASP-68004,0,Be,1.660754,0.38258058,1.3708981
JVASP-68004,1,Ga,29.428986,4.5793962,25.361515
JVASP-68004,2,Ga,4.3502936,4.5793962,8.714337
JVASP-68004,3,Bi,66.3134,75.36236,14.263082
JVASP-39459,0,Rh,17.364433,12.903096,5.4048653
JVASP-39459,1,Rh,17.363209,12.903096,5.405053
JVASP-39459,2,Rh,17.361984,12.903096,5.403928
JVASP-39459,3,Rh,17.361984,12.903096,5.4029264
JVASP-39459,4,S,66.53981,15.204629,68.416405
JVASP-39459,5,S,66.54104,15.204629,64.90953
JVASP-39459,6,S,66.540344,15.204629,67.43979
JVASP-39459,7,S,66.541145,15.204629,67.44075
JVASP-39459,8,S,66.54117,15.204629,64.91054
JVASP-39459,9,S,66.5408,15.204629,68.417694
JVASP-82003,0,Si,65.97475,1.7483627,66.732605
JVASP-82003,1,Si,65.97475,1.7483627,66.732605
JVASP-82003,2,Si,65.97475,1.7483627,66.732605
JVASP-82003,3,Si,65.97475,1.7483627,66.732605
JVASP-82003,4,Tc,29.730206,8.509769,37.03464
JVASP-82003,5,Tc,29.730206,8.509769,37.03464
JVASP-82003,6,Rh,45.078438,12.903096,57.86009
JVASP-82003,7,Rh,45.078438,12.903096,57.86009
JVASP-18567,0,Ti,28.836826,1.1299996,29.682482
JVASP-18567,1,Ti,28.844257,1.1299996,28.764706
JVASP-18567,2,As,15.77973,16.668182,30.97077
JVASP-18567,3,As,15.77973,16.668182,30.97077
JVASP-18567,4,Zr,65.71708,6.08661,70.58785
JVASP-18567,5,Zr,65.71708,6.08661,70.58785
JVASP-16313,0,Sr,65.57366,5.8790126,60.45365
JVASP-16313,1,Sr,65.57366,5.8790126,60.45365
JVASP-16313,2,Ge,62.30767,9.267462,54.39794
JVASP-16313,3,Ge,62.30767,9.267462,54.39794
JVASP-16313,4,Ge,62.30767,9.267462,54.39794
JVASP-16313,5,Ge,62.30767,9.267462,54.39794
JVASP-16313,6,Rh,6.6258698,12.903096,6.554154
JVASP-16313,7,Rh,6.6258698,12.903096,6.554154
JVASP-16313,8,Rh,6.6258698,12.903096,6.554154
JVASP-16313,9,Rh,6.6258698,12.903096,6.554154
JVASP-18333,0,Er,61.92553,6.1186743,58.79152
JVASP-18333,1,Er,72.28785,6.1186743,71.7129
JVASP-18333,2,Er,72.28785,6.1186743,72.48505
JVASP-18333,3,Er,61.91749,6.1186743,57.1612
JVASP-18333,4,Er,61.91749,6.1186743,56.636333
JVASP-18333,5,Er,72.30061,6.1186743,74.876526
JVASP-18333,6,Mn,9.248054,1.6964667,8.022529
JVASP-18333,7,Bi,25.962143,75.36236,49.879772
JVASP-18333,8,Bi,25.962143,75.36236,49.879772
JVASP-11670,0,O,59.3781,1.173997,60.170914
JVASP-11670,1,O,59.378677,1.173997,60.17151
JVASP-11670,2,O,65.238335,1.173997,64.39635
JVASP-11670,3,O,65.2411,1.173997,65.35452
JVASP-11670,4,O,65.23849,1.173997,64.396515
JVASP-11670,5,O,65.2411,1.173997,65.35452
JVASP-11670,6,Co,18.759665,1.0717598,18.750784
JVASP-11670,7,Sr,37.85935,5.8790126,37.76039
JVASP-11670,8,Sr,37.859344,5.8790126,37.760468
JVASP-11670,9,Mo,13.234584,41.233887,46.380726
JVASP-16295,0,Mn,64.99476,1.6964667,64.20065
JVASP-16295,1,Mn,64.99476,1.6964667,66.30347
JVASP-16295,2,Mn,64.99476,1.6964667,64.52688
JVASP-16295,3,Ag,0.0,6.9597216,6.9597216
JVASP-16295,4,N,0.0,2.1896696,2.1896696
JVASP-58436,0,B,42.18599,5.024234,38.78441
JVASP-58436,1,B,42.18599,5.024234,38.78441
JVASP-58436,2,O,70.43968,1.173997,71.239204
JVASP-58436,3,O,70.44001,1.173997,70.03644
JVASP-58436,4,O,70.43902,1.173997,70.08544
JVASP-58436,5,O,70.43968,1.173997,71.239204
JVASP-58436,6,O,70.44001,1.173997,70.03644
JVASP-58436,7,O,70.43902,1.173997,70.08544
JVASP-58436,8,Ti,11.280835,1.1299996,11.7941475
JVASP-58436,9,Ti,11.280835,1.1299996,11.7941475
JVASP-36720,0,V,0.0,3.798005,3.798005
JVASP-36720,1,Cu,14.224188,2.626418,15.500795
JVASP-36720,2,Cu,14.224188,2.626418,11.746808
JVASP-36720,3,Cu,14.224188,2.626418,15.792864
JVASP-36720,4,Te,64.40933,68.54225,100.632576
JVASP-36720,5,Te,64.40933,68.54225,94.8344
JVASP-36720,6,Te,64.40933,68.54225,91.24496
JVASP-36720,7,Te,64.40933,68.54225,89.10831
JVASP-29435,0,K,35.73826,3.9006114,35.31324
JVASP-29435,1,K,35.73826,3.9006114,35.31324
JVASP-29435,2,Na,22.09712,0.84107655,21.352936
JVASP-29435,3,Na,22.09712,0.84107655,21.352936
JVASP-29435,4,O,52.129074,1.173997,51.417522
JVASP-29435,5,O,52.129074,1.173997,51.896606
JVASP-29435,6,O,52.129074,1.173997,51.896606
JVASP-29435,7,O,52.129074,1.173997,51.417522
JVASP-29435,8,Zn,64.86628,10.546378,61.3901
JVASP-29435,9,Zn,64.86628,10.546378,61.3901
JVASP-10214,0,O,64.688545,1.173997,64.929436
JVASP-10214,1,O,64.688545,1.173997,64.929436
JVASP-10214,2,O,64.68826,1.173997,64.44926
JVASP-10214,3,O,64.68826,1.173997,64.44926
JVASP-10214,4,K,46.42719,3.9006114,44.435036
JVASP-10214,5,K,46.42719,3.9006114,44.435036
JVASP-10214,6,K,46.42732,3.9006114,44.662457
JVASP-10214,7,K,46.42732,3.9006114,44.662457
JVASP-10214,8,Zn,48.475872,10.546378,46.007343
JVASP-10214,9,Zn,48.475872,10.546378,46.007343
JVASP-3243,0,O,39.561672,1.173997,39.43178
JVASP-3243,1,Ca,11.697522,1.1291435,11.646221
JVASP-3243,2,Ca,11.697522,1.1291435,11.646221
JVASP-3243,3,Ca,64.18232,1.1291435,64.633766
JVASP-3243,4,Ca,64.18133,1.1291435,63.839893
JVASP-3243,5,Sb,42.413532,27.438374,28.854387
JVASP-3243,6,Sb,42.413532,27.438374,28.854387
JVASP-29602,0,Zn,3.0197854,10.546378,8.47909
JVASP-29602,1,Br,63.819103,43.576878,99.13066
JVASP-29602,2,Br,63.819103,43.576878,99.13066
JVASP-44357,0,Li,1.2822846,0.084703535,1.2366146
JVASP-44357,1,Li,0.54220843,0.084703535,0.573695
JVASP-44357,2,Ti,33.09323,1.1299996,33.453648
JVASP-44357,3,Fe,29.23484,2.1271884,28.982351
JVASP-44357,4,O,65.176865,1.173997,64.63762
JVASP-44357,5,O,42.189144,1.173997,42.72404
JVASP-44357,6,O,65.176865,1.173997,64.63762
JVASP-44357,7,O,42.189144,1.173997,42.72404
JVASP-74851,0,Na,43.34517,0.84107655,43.926823
JVASP-74851,1,Na,43.34517,0.84107655,43.39525
JVASP-74851,2,Be,15.526498,0.38258058,15.21955
JVASP-74851,3,W,63.28502,103.865906,40.9414
JVASP-53051,0,Cr,10.282958,3.2921274,13.050996
JVASP-53051,1,Cr,10.282958,3.2921274,13.050996
JVASP-53051,2,As,63.168667,16.668182,79.51875
JVASP-53051,3,Se,32.163025,29.56337,61.386883
JVASP-4062,0,Ca,62.85962,1.1291435,63.349907
JVASP-4062,1,Ca,62.85962,1.1291435,63.141727
JVASP-4062,2,Ca,62.85962,1.1291435,62.11064
JVASP-4062,3,P,0.0,4.940868,4.940868
JVASP-4062,4,Cl,58.256214,20.642973,77.86573
JVASP-4062,5,Cl,58.256214,20.642973,58.53681
JVASP-4062,6,Cl,58.256214,20.642973,44.386105
JVASP-44642,0,Li,1.1360284,0.084703535,1.0776006
JVASP-44642,1,Li,1.7145287,0.084703535,1.7641848
JVASP-44642,2,Mn,62.501236,1.6964667,63.90852
JVASP-44642,3,Sn,69.70184,6.63049,67.981995
JVASP-44642,4,O,42.10022,1.173997,42.34082
JVASP-44642,5,O,33.70623,1.173997,33.310345
JVASP-44642,6,O,42.10022,1.173997,42.34082
JVASP-44642,7,O,33.70623,1.173997,33.310345
JVASP-15398,0,Na,1.037418,0.84107655,1.0117964
JVASP-15398,1,S,20.45425,15.204629,34.630688
JVASP-15398,2,S,20.45425,15.204629,34.630688
JVASP-15398,3,Yb,62.01953,4.325258,64.55856
JVASP-36137,0,H,0.17758942,4.494067,4.6553235
JVASP-36137,1,H,0.17758942,4.494067,4.6553235
JVASP-36137,2,W,61.754086,103.865906,42.450893
JVASP-36137,3,W,61.754086,103.865906,42.450893
JVASP-29906,0,Tb,61.58507,11.037279,72.08619
JVASP-29906,1,Tb,61.58507,11.037279,72.08619
JVASP-29906,2,H,2.49603,4.494067,2.48421
JVASP-29906,3,H,2.49603,4.494067,2.48421
JVASP-29906,4,H,6.1090274,4.494067,10.348534
JVASP-29906,5,H,6.1090274,4.494067,10.348534
JVASP-29906,6,Br,42.03406,43.576878,24.6778
JVASP-29906,7,Br,42.03406,43.576878,24.6778
JVASP-18872,0,Ge,61.50826,9.267462,53.244183
JVASP-18872,1,Ge,61.50826,9.267462,53.244183
JVASP-18872,2,Pd,29.794962,20.903904,23.584677
JVASP-18872,3,Pd,29.794962,20.903904,23.584677
JVASP-18872,4,Sm,25.789745,14.72507,37.428688
JVASP-25363,0,C,40.400684,4.4679255,42.487755
JVASP-25363,1,C,40.400684,4.4679255,42.487724
JVASP-25403,0,C,41.18491,4.4679255,43.264256
JVASP-25403,1,C,41.18491,4.4679255,43.264256
JVASP-25403,2,C,39.94016,4.4679255,42.02508
JVASP-25403,3,C,39.94016,4.4679255,42.02508
JVASP-29709,0,C,19.043644,4.4679255,19.143085
JVASP-29709,1,C,30.681976,4.4679255,33.27956
JVASP-29709,2,C,30.681976,4.4679255,33.206646
JVASP-29709,3,C,19.043455,4.4679255,15.563532
JVASP-29709,4,C,19.043455,4.4679255,15.563532
JVASP-29709,5,C,19.043644,4.4679255,19.143085
JVASP-29709,6,C,30.681976,4.4679255,33.206646
JVASP-29709,7,C,30.681976,4.4679255,33.27956
JVASP-29568,0,C,40.40876,4.4679255,38.747585
JVASP-29568,1,C,40.40876,4.4679255,38.747585
JVASP-91,0,C,0.0,4.4679255,4.4679255
JVASP-91,1,C,0.0,4.4679255,4.4679255
JVASP-48,0,C,41.68664,4.4679255,43.764076
JVASP-48,1,C,41.68664,4.4679255,43.764076
JVASP-48,2,C,39.212654,4.4679255,41.30134
JVASP-48,3,C,39.212654,4.4679255,41.301205
JVASP-25071,0,C,40.312477,4.4679255,42.396
JVASP-25071,1,C,40.312477,4.4679255,42.396
JVASP-25183,0,C,41.683784,4.4679255,43.76117
JVASP-25183,1,C,41.683784,4.4679255,43.76117
JVASP-25183,2,C,39.21143,4.4679255,41.300053
JVASP-25183,3,C,39.21143,4.4679255,41.300053
JVASP-25225,0,C,16.637217,4.4679255,15.062004
JVASP-25225,1,C,16.637217,4.4679255,15.062004
JVASP-25225,2,C,16.637217,4.4679255,14.94987
JVASP-25225,3,C,16.637217,4.4679255,14.94987
JVASP-25225,4,C,29.577364,4.4679255,28.374569
JVASP-25225,5,C,29.577364,4.4679255,28.374569
JVASP-25225,6,C,29.576982,4.4679255,26.840532
JVASP-25225,7,C,29.576982,4.4679255,26.840532
JVASP-25258,0,C,19.043644,4.4679255,19.143085
JVASP-25258,1,C,30.681976,4.4679255,33.27956
JVASP-25258,2,C,30.681976,4.4679255,33.206646
JVASP-25258,3,C,19.043455,4.4679255,15.563532
JVASP-25258,4,C,19.043455,4.4679255,15.563532
JVASP-25258,5,C,19.043644,4.4679255,19.143085
JVASP-25258,6,C,30.681976,4.4679255,33.206646
JVASP-25258,7,C,30.681976,4.4679255,33.27956
JVASP-25289,0,C,40.387592,4.4679255,40.432777
JVASP-25289,1,C,40.387592,4.4679255,40.432777
JVASP-25407,0,C,41.68909,4.4679255,43.76639
JVASP-25407,1,C,41.68909,4.4679255,43.76639
JVASP-25407,2,C,39.217148,4.4679255,41.305744
JVASP-25407,3,C,39.217148,4.4679255,41.305744
JVASP-28,0,C,0.0,4.4679255,4.4679255
JVASP-28,1,C,0.0,4.4679255,4.4679255
JVASP-29213,0,C,40.313297,4.4679255,42.396683
JVASP-29213,1,C,40.313297,4.4679255,42.396683
JVASP-29779,0,C,40.375874,4.4679255,38.3432
JVASP-29779,1,C,40.375355,4.4679255,38.34264
JVASP-29779,2,C,40.376057,4.4679255,38.343246
JVASP-29779,3,C,40.376057,4.4679255,38.343246
JVASP-29779,4,C,40.375874,4.4679255,38.3432
JVASP-29779,5,C,40.375355,4.4679255,38.34264
JVASP-29779,6,C,40.375355,4.4679255,38.34264
JVASP-29779,7,C,40.375355,4.4679255,38.34264
JVASP-47,0,C,40.841568,4.4679255,42.9227
JVASP-47,1,C,40.841568,4.4679255,42.9227
JVASP-47,2,C,40.731747,4.4679255,42.813305
JVASP-47,3,C,40.731342,4.4679255,42.812836
JVASP-14740,0,C,41.683784,4.4679255,43.76117
JVASP-14740,1,C,41.683372,4.4679255,43.760826
JVASP-14740,2,C,39.21143,4.4679255,41.300053
JVASP-14740,3,C,39.21143,4.4679255,41.300053
JVASP-25229,0,C,40.438778,4.4679255,38.77743
JVASP-25229,1,C,40.438778,4.4679255,38.77743
JVASP-25229,2,C,40.438778,4.4679255,38.77743
JVASP-25229,3,C,40.438778,4.4679255,38.77743
JVASP-25229,4,C,40.43959,4.4679255,38.778202
JVASP-25229,5,C,40.43959,4.4679255,38.778202
JVASP-25229,6,C,40.43959,4.4679255,38.778202
JVASP-25229,7,C,40.43959,4.4679255,38.778202
JVASP-25238,0,C,4.2188745,4.4679255,7.3679852
JVASP-25238,1,C,0.62464386,4.4679255,4.774988
JVASP-25238,2,C,0.3015427,4.4679255,4.608376
JVASP-25238,3,C,0.43612233,4.4679255,4.675522
JVASP-25238,4,C,0.3015427,4.4679255,4.608376
JVASP-25238,5,C,0.43612233,4.4679255,4.675522
JVASP-25238,6,C,4.2188745,4.4679255,7.3679852
JVASP-25238,7,C,4.1677003,4.4679255,7.32519
JVASP-25238,8,C,0.62464386,4.4679255,4.774988
JVASP-25238,9,C,4.1677003,4.4679255,7.32519
JVASP-25404,0,C,40.42638,4.4679255,42.509315
JVASP-25404,1,C,40.42638,4.4679255,42.509315
JVASP-30458,0,C,40.400684,4.4679255,42.487755
JVASP-30458,1,C,40.400684,4.4679255,42.487724
JVASP-30517,0,C,41.687458,4.4679255,43.764763
JVASP-30517,1,C,41.687458,4.4679255,43.764763
JVASP-30517,2,C,39.22,4.4679255,41.308517
JVASP-30517,3,C,39.22,4.4679255,41.308517
JVASP-78350,0,C,26.50103,4.4679255,28.67776
JVASP-78350,1,C,26.50103,4.4679255,28.67776
JVASP-78350,2,C,26.50103,4.4679255,28.67776
JVASP-78350,3,C,26.50103,4.4679255,28.67776
JVASP-7843,0,C,40.411682,4.4679255,42.494686
JVASP-7843,1,C,40.411682,4.4679255,42.494686
JVASP-7843,2,C,40.411682,4.4679255,42.494686
JVASP-7843,3,C,40.411682,4.4679255,42.494686
JVASP-7843,4,C,40.411682,4.4679255,42.494686
JVASP-7843,5,C,40.411682,4.4679255,42.494686
JVASP-78578,0,C,26.187494,4.4679255,28.367592
JVASP-78578,1,C,26.187494,4.4679255,28.367592
JVASP-78578,2,C,26.187494,4.4679255,28.367592
JVASP-78578,3,C,26.187494,4.4679255,28.367592
JVASP-8067,0,C,4.2408834,4.4679255,7.346798
JVASP-8067,1,C,4.2408834,4.4679255,7.346798
JVASP-8067,2,C,4.2408834,4.4679255,7.346798
JVASP-8067,3,C,4.2408834,4.4679255,7.346798
JVASP-843,0,C,40.463535,4.4679255,42.544296
JVASP-843,1,C,40.463535,4.4679255,42.544296
JVASP-843,2,C,40.463535,4.4679255,42.544296
JVASP-843,3,C,40.463535,4.4679255,42.544296
JVASP-843,4,C,40.463535,4.4679255,42.544296
JVASP-843,5,C,40.463535,4.4679255,42.544296
JVASP-843,6,C,40.463535,4.4679255,42.544296
JVASP-843,7,C,40.463535,4.4679255,42.544296
JVASP-84774,0,C,40.27985,4.4679255,42.358837
JVASP-84774,1,C,40.27985,4.4679255,42.358837
JVASP-84774,2,C,40.27985,4.4679255,42.358837
JVASP-84774,3,C,40.27985,4.4679255,42.358837
JVASP-84774,4,C,40.27985,4.4679255,42.358837
JVASP-84774,5,C,40.27985,4.4679255,42.358837
JVASP-84774,6,C,40.27985,4.4679255,42.358837
JVASP-84774,7,C,40.27985,4.4679255,42.358837
JVASP-84784,0,C,41.636425,4.4679255,43.714016
JVASP-84784,1,C,41.636425,4.4679255,43.714016
JVASP-84784,2,C,38.900345,4.4679255,40.990475
JVASP-84784,3,C,38.900345,4.4679255,40.990475
JVASP-84984,0,C,40.099373,4.4679255,42.185055
JVASP-84984,1,C,40.100597,4.4679255,42.1862
JVASP-84984,2,C,40.099373,4.4679255,42.185043
JVASP-84984,3,C,40.099373,4.4679255,42.185055
JVASP-84984,4,C,40.099373,4.4679255,42.185055
JVASP-84984,5,C,40.100597,4.4679255,42.18621
JVASP-84984,6,C,40.099373,4.4679255,42.185043
JVASP-84984,7,C,40.100597,4.4679255,42.18621
JVASP-84984,8,C,40.100597,4.4679255,42.18621
JVASP-84984,9,C,40.100597,4.4679255,42.1862
JVASP-84984,10,C,40.099373,4.4679255,42.185055
JVASP-84984,11,C,40.099373,4.4679255,42.185043
JVASP-84984,12,C,40.099373,4.4679255,42.185043
JVASP-84984,13,C,40.100597,4.4679255,42.1862
JVASP-84984,14,C,40.100597,4.4679255,42.18621
JVASP-84984,15,C,40.100597,4.4679255,42.1862
JVASP-84999,0,C,41.04732,4.4679255,43.127544
JVASP-84999,1,C,41.047733,4.4679255,43.127888
JVASP-84999,2,C,39.150192,4.4679255,41.239113
JVASP-84999,3,C,39.150192,4.4679255,41.239113
JVASP-25054,0,C,19.8673,4.4679255,16.2071
JVASP-25054,1,C,30.009747,4.4679255,26.108248
JVASP-25054,2,C,19.8673,4.4679255,16.2071
JVASP-25054,3,C,30.009747,4.4679255,26.108248
JVASP-25054,4,C,19.8673,4.4679255,16.2071
JVASP-25054,5,C,30.009747,4.4679255,26.108248
JVASP-25054,6,C,19.8673,4.4679255,16.2071
JVASP-25054,7,C,30.009747,4.4679255,26.108248
JVASP-25055,0,C,6.708245,4.4679255,6.137497
JVASP-25055,1,C,6.708245,4.4679255,6.137497
JVASP-25055,2,C,6.708245,4.4679255,6.523022
JVASP-25055,3,C,6.708245,4.4679255,6.523022
JVASP-25055,4,C,6.708245,4.4679255,6.137497
JVASP-25055,5,C,6.708245,4.4679255,6.137497
JVASP-25055,6,C,6.708245,4.4679255,6.523022
JVASP-25055,7,C,6.708245,4.4679255,6.523022
JVASP-25116,0,C,23.152575,4.4679255,23.66435
JVASP-25116,1,C,23.152575,4.4679255,22.8248
JVASP-25116,2,C,23.152575,4.4679255,23.276598
JVASP-25116,3,C,23.152575,4.4679255,24.520264
JVASP-25116,4,C,23.152575,4.4679255,23.66435
JVASP-25116,5,C,23.152575,4.4679255,22.8248
JVASP-25116,6,C,23.152575,4.4679255,23.276598
JVASP-25116,7,C,23.152575,4.4679255,24.520264
JVASP-25152,0,C,40.411682,4.4679255,42.494686
JVASP-25152,1,C,40.411682,4.4679255,42.494686
JVASP-25152,2,C,40.411682,4.4679255,42.494686
JVASP-25152,3,C,40.411682,4.4679255,42.494686
JVASP-25152,4,C,40.411682,4.4679255,42.494686
JVASP-25152,5,C,40.411682,4.4679255,42.494686
JVASP-25182,0,C,4.2408834,4.4679255,7.346798
JVASP-25182,1,C,4.2408834,4.4679255,7.346798
JVASP-25182,2,C,4.2408834,4.4679255,7.346798
JVASP-25182,3,C,4.2408834,4.4679255,7.346798
JVASP-25274,0,C,0.5339887,4.4679255,4.71865
JVASP-25274,1,C,4.2825246,4.4679255,7.3815813
JVASP-25274,2,C,0.5339887,4.4679255,4.71865
JVASP-25274,3,C,4.2825246,4.4679255,7.3815813
JVASP-25274,4,C,0.5339887,4.4679255,4.71865
JVASP-25274,5,C,4.2825246,4.4679255,7.3815813
JVASP-25274,6,C,0.5339887,4.4679255,4.71865
JVASP-25274,7,C,4.2825246,4.4679255,7.3815813
JVASP-25411,0,C,0.0,4.4679255,4.4679255
JVASP-29,0,C,0.0,4.4679255,4.4679255
JVASP-29,1,C,0.0,4.4679255,4.4679255
JVASP-29,2,C,0.0,4.4679255,4.4679255
JVASP-29,3,C,0.0,4.4679255,4.4679255
JVASP-29,4,C,0.0,4.4679255,4.4679255
JVASP-29,5,C,0.0,4.4679255,4.4679255
JVASP-29,6,C,0.0,4.4679255,4.4679255
JVASP-29,7,C,0.0,4.4679255,4.4679255
JVASP-30501,0,C,40.498642,4.4679255,42.581184
JVASP-30501,1,C,40.498642,4.4679255,42.581184
JVASP-29885,0,C,40.428013,4.4679255,42.51094
JVASP-29885,1,C,40.428013,4.4679255,42.51094
JVASP-29885,2,C,40.4276,4.4679255,42.510468
JVASP-29885,3,C,40.4276,4.4679255,42.510468
JVASP-29885,4,C,40.4276,4.4679255,42.510468
JVASP-29885,5,C,40.4276,4.4679255,42.510468
JVASP-844,0,C,42.072437,4.4679255,44.146675
JVASP-844,1,C,42.072437,4.4679255,44.146675
JVASP-844,2,C,42.072437,4.4679255,44.146675
JVASP-844,3,C,42.072437,4.4679255,44.146675
JVASP-844,4,C,42.072437,4.4679255,44.146675
JVASP-844,5,C,42.072437,4.4679255,44.146675
JVASP-844,6,C,42.072437,4.4679255,44.146675
JVASP-844,7,C,42.072437,4.4679255,44.146675
JVASP-30499,0,C,41.184494,4.4679255,43.26411
JVASP-30499,1,C,41.184494,4.4679255,43.26411
JVASP-30499,2,C,39.934845,4.4679255,42.020046
JVASP-30499,3,C,39.934845,4.4679255,42.020046
JVASP-49,0,C,43.333515,4.4679255,45.40414
JVASP-49,1,C,43.333923,4.4679255,45.404488
JVASP-49,2,C,40.777878,4.4679255,42.859165
JVASP-49,3,C,40.777473,4.4679255,42.858826
JVASP-14732,0,Ti,22.786787,1.1299996,23.756512
JVASP-14732,1,Ti,22.786787,1.1299996,23.756512
JVASP-14816,0,Ti,0.004472136,1.1299996,1.1308892
JVASP-15716,0,Ti,0.00509902,1.1299996,1.1287961
JVASP-1028,0,Ti,20.011106,1.1299996,19.057842
JVASP-1028,1,Ti,18.242575,1.1299996,17.290245
JVASP-1028,2,Ti,18.242575,1.1299996,17.290245
JVASP-1029,0,Ti,20.059689,1.1299996,19.106384
JVASP-1029,1,Ti,20.699411,1.1299996,19.745863
JVASP-1029,2,Ti,20.699411,1.1299996,19.745863
JVASP-14815,0,Ti,20.060097,1.1299996,19.106886
JVASP-14815,1,Ti,20.699821,1.1299996,19.746218
JVASP-14815,2,Ti,20.699821,1.1299996,19.746218
JVASP-84837,0,Ti,19.88006,1.1299996,18.926998
JVASP-84837,1,Ti,21.275043,1.1299996,20.321247
JVASP-84837,2,Ti,21.275043,1.1299996,20.321247
JVASP-84936,0,Ti,20.033968,1.1299996,19.08077
JVASP-84936,1,Ti,18.603874,1.1299996,17.651316
JVASP-84936,2,Ti,18.603874,1.1299996,17.651316
JVASP-1030,0,Ti,20.370365,1.1299996,19.41705
JVASP-1030,1,Ti,28.236494,1.1299996,27.280527
JVASP-1030,2,Ti,28.236494,1.1299996,27.280527
JVASP-25181,0,Ti,22.787603,1.1299996,23.757393
JVASP-25181,1,Ti,22.787603,1.1299996,23.757393
JVASP-25319,0,Ti,0.0,1.1299996,1.1299996
JVASP-25319,1,Ti,0.0,1.1299996,1.1299996
JVASP-25319,2,Ti,0.0,1.1299996,1.1299996
JVASP-25319,3,Ti,0.0,1.1299996,1.1299996
JVASP-25327,0,Ti,0.0,1.1299996,1.1299996
JVASP-25327,1,Ti,0.0,1.1299996,1.1299996
JVASP-30486,0,Mg,1.2728071,0.4287979,1.4225652
JVASP-30486,1,Mg,1.2728071,0.4287979,1.4225652
JVASP-30486,2,Zn,12.039504,10.546378,20.516079
JVASP-30486,3,Zn,12.039504,10.546378,20.516079
JVASP-56853,0,Mg,7.5628266,0.4287979,7.773786
JVASP-56853,1,Mg,7.5628266,0.4287979,7.773786
JVASP-56853,2,Zn,46.52719,10.546378,48.567665
JVASP-56853,3,Zn,51.11566,10.546378,55.267803
JVASP-56853,4,Zn,46.52719,10.546378,48.567665
JVASP-56853,5,Zn,51.11566,10.546378,55.991875
JVASP-76677,0,Mg,0.44952643,0.4287979,0.82642764
JVASP-76677,1,Mg,2.3805044,0.4287979,2.724395
JVASP-76677,2,Mg,2.3805044,0.4287979,2.724395
JVASP-76677,3,Zn,45.016724,10.546378,55.49047
JVASP-78552,0,Mg,0.0,0.4287979,0.4287979
JVASP-78552,1,Zn,0.0,10.546378,10.546378
JVASP-78553,0,Mg,3.2761986,0.4287979,3.6165643
JVASP-78553,1,Zn,43.05468,10.546378,53.529087
JVASP-78558,0,Mg,0.29312226,0.4287979,0.68064064
JVASP-78558,1,Zn,0.40171632,10.546378,10.944807
JVASP-79184,0,Mg,4.7433643,0.4287979,5.032376
JVASP-79184,1,Mg,4.0827675,0.4287979,3.831715
JVASP-79184,2,Mg,2.2520995,0.4287979,1.9962624
JVASP-79184,3,Zn,21.695866,10.546378,29.579302
JVASP-79221,0,Mg,1.3741674,0.4287979,1.7259835
JVASP-79221,1,Mg,1.3741674,0.4287979,1.7259835
JVASP-79221,2,Zn,43.01304,10.546378,53.48748
JVASP-79221,3,Zn,43.01304,10.546378,53.48748
JVASP-79752,0,Mg,1.9289744,0.4287979,2.2755141
JVASP-79752,1,Zn,37.41963,10.546378,47.896114
JVASP-79752,2,Zn,37.292255,10.546378,47.768837
JVASP-79752,3,Zn,37.292255,10.546378,47.768837
JVASP-80528,0,Mg,4.6171007,0.4287979,4.3116355
JVASP-80528,1,Mg,4.6171007,0.4287979,4.3116355
JVASP-80528,2,Zn,38.193253,10.546378,36.703285
JVASP-80528,3,Zn,38.193253,10.546378,36.703285
JVASP-80742,0,Mg,0.44951752,0.4287979,0.8264382
JVASP-80742,1,Mg,2.3809106,0.4287979,2.7247972
JVASP-80742,2,Mg,2.3809106,0.4287979,2.7247972
JVASP-80742,3,Zn,45.016724,10.546378,55.490536
JVASP-25263,0,Li,0.4996959,0.084703535,0.48658666
JVASP-25263,1,Li,0.4996959,0.084703535,0.51443774
JVASP-25263,2,Li,0.4996959,0.084703535,0.5266108
JVASP-25263,3,Li,0.4996959,0.084703535,0.49874952
JVASP-15907,0,Li,0.040472213,0.084703535,0.048716415
JVASP-15907,1,Li,0.040472213,0.084703535,0.048716415
JVASP-25185,0,Li,0.00244949,0.084703535,0.0839098
JVASP-21196,0,Li,0.0064807413,0.084703535,0.08405704
JVASP-78522,0,Li,0.68953466,0.084703535,0.6114272
JVASP-78522,1,Li,0.1445199,0.084703535,0.22549517
JVASP-78522,2,Li,0.1445199,0.084703535,0.22549517
JVASP-84885,0,Li,0.008286535,0.084703535,0.09212133
JVASP-84885,1,Li,0.008286535,0.084703535,0.09212133
JVASP-84885,2,Li,0.017378148,0.084703535,0.10045596
JVASP-84885,3,Li,0.008286535,0.084703535,0.09212133
JVASP-84885,4,Li,0.008831761,0.084703535,0.09240036
JVASP-84885,5,Li,0.017204652,0.084703535,0.1006471
JVASP-84885,6,Li,0.008831761,0.084703535,0.09240036
JVASP-84885,7,Li,0.008286535,0.084703535,0.09212133
JVASP-84885,8,Li,0.017204652,0.084703535,0.1006471
JVASP-85002,0,Li,0.01,0.084703535,0.075531736
JVASP-85002,1,Li,0.01,0.084703535,0.075531736
JVASP-85002,2,Li,0.0034641018,0.084703535,0.0868851
JVASP-25065,0,Li,0.040472213,0.084703535,0.048716415
JVASP-25065,1,Li,0.040472213,0.084703535,0.048716415
JVASP-25117,0,Li,0.015937379,0.084703535,0.06997138
JVASP-25117,1,Li,0.015937379,0.084703535,0.06997138
JVASP-25117,2,Li,0.0050990195,0.084703535,0.07989867
JVASP-25117,3,Li,0.015937379,0.084703535,0.06997138
JVASP-25117,4,Li,0.015937379,0.084703535,0.06997138
JVASP-25117,5,Li,0.0037416576,0.084703535,0.081161134
JVASP-25117,6,Li,0.015937379,0.084703535,0.06997138
JVASP-25117,7,Li,0.015937379,0.084703535,0.06997138
JVASP-25117,8,Li,0.0037416576,0.084703535,0.081161134
JVASP-913,0,Li,0.0,0.084703535,0.084703535
JVASP-913,1,Li,0.0,0.084703535,0.084703535
JVASP-25393,0,Li,0.014764823,0.084703535,0.07092876
JVASP-25393,1,Li,0.018384777,0.084703535,0.06777734
JVASP-25393,2,Li,0.014764823,0.084703535,0.07092876
JVASP-25393,3,Li,0.018384777,0.084703535,0.06777734
JVASP-25163,0,Sm,0.26622295,14.72507,14.857545
JVASP-25359,0,Sm,30.932219,14.72507,17.448122
JVASP-25359,1,Sm,33.8683,14.72507,20.30253
JVASP-25359,2,Sm,33.8683,14.72507,20.30253
JVASP-14811,0,Sm,28.175255,14.72507,13.650701
JVASP-14811,1,Sm,28.175255,14.72507,13.650701
JVASP-1005,0,Sm,21.826586,14.72507,7.392007
JVASP-1005,1,Sm,21.826586,14.72507,7.392007
JVASP-1005,2,Sm,18.199709,14.72507,3.9476247
JVASP-1005,3,Sm,18.199709,14.72507,3.9476247
JVASP-14812,0,Sm,21.829445,14.72507,7.3950315
JVASP-14812,1,Sm,21.829445,14.72507,7.3950315
JVASP-14812,2,Sm,18.20216,14.72507,3.9503822
JVASP-14812,3,Sm,18.20216,14.72507,3.9503822
JVASP-8176,0,Sm,31.019114,14.72507,16.476606
JVASP-8176,1,Sm,34.10792,14.72507,19.551815
JVASP-8176,2,Sm,34.10792,14.72507,19.551815
JVASP-8176,3,Sm,31.019114,14.72507,16.476606
JVASP-8176,4,Sm,34.10792,14.72507,19.551815
JVASP-8176,5,Sm,34.10792,14.72507,19.551815
JVASP-8176,6,Sm,31.019114,14.72507,16.476606
JVASP-8176,7,Sm,34.10792,14.72507,19.551815
JVASP-8176,8,Sm,34.10792,14.72507,19.551815
JVASP-84872,0,Sm,22.58756,14.72507,8.134677
JVASP-84872,1,Sm,22.58756,14.72507,8.134677
JVASP-84872,2,Sm,18.634493,14.72507,4.3444853
JVASP-84872,3,Sm,18.634493,14.72507,4.3444853
JVASP-84971,0,Sm,19.305655,14.72507,4.969845
JVASP-84971,1,Sm,19.305655,14.72507,4.969845
JVASP-84971,2,Sm,16.870861,14.72507,2.8022087
JVASP-84971,3,Sm,16.870861,14.72507,2.8022087
JVASP-1004,0,Sm,18.720226,14.72507,4.4244614
JVASP-1004,1,Sm,18.720226,14.72507,4.4244614
JVASP-1004,2,Sm,16.429953,14.72507,2.4656508
JVASP-1004,3,Sm,16.429953,14.72507,2.4656508
JVASP-25317,0,Sm,28.175255,14.72507,13.650701
JVASP-25317,1,Sm,28.175255,14.72507,13.650701
JVASP-16079,0,Cr,0.0060000005,3.2921274,3.2881405
JVASP-14625,0,Cr,0.0,3.2921274,3.2921274
JVASP-14625,1,Cr,0.0,3.2921274,3.2921274
JVASP-14625,2,Cr,8.587912,3.2921274,6.7630744
JVASP-14625,3,Cr,8.587912,3.2921274,6.7630744
JVASP-14625,4,Cr,8.587911,3.2921274,11.379092
JVASP-14625,5,Cr,8.587911,3.2921274,11.379092
JVASP-14625,6,Cr,8.587912,3.2921274,8.862734
JVASP-14625,7,Cr,8.587912,3.2921274,8.862734
JVASP-14827,0,Cr,10.269489,3.2921274,13.038464
JVASP-14827,1,Cr,10.269489,3.2921274,13.038464
JVASP-25361,0,Cr,10.269487,3.2921274,13.038213
JVASP-25361,1,Cr,10.269487,3.2921274,13.038213
JVASP-78338,0,Cr,0.0,3.2921274,3.2921274
JVASP-78338,1,Cr,0.0,3.2921274,3.2921274
JVASP-78428,0,Cr,43.653168,3.2921274,41.354378
JVASP-78428,1,Cr,43.653168,3.2921274,41.354378
JVASP-78428,2,Cr,43.653168,3.2921274,41.354378
JVASP-78428,3,Cr,43.653168,3.2921274,41.354378
JVASP-861,0,Cr,0.0,3.2921274,3.2921274
JVASP-861,1,Cr,0.0,3.2921274,3.2921274
JVASP-25153,0,Cr,0.0,3.2921274,3.2921274
JVASP-25153,1,Cr,0.0,3.2921274,3.2921274
JVASP-25153,2,Cr,8.587912,3.2921274,6.7630744
JVASP-25153,3,Cr,8.587912,3.2921274,6.7630744
JVASP-25153,4,Cr,8.587911,3.2921274,11.379092
JVASP-25153,5,Cr,8.587911,3.2921274,11.379092
JVASP-25153,6,Cr,8.587912,3.2921274,8.862734
JVASP-25153,7,Cr,8.587912,3.2921274,8.862734
JVASP-25343,0,Cr,0.0,3.2921274,3.2921274
JVASP-25343,1,Cr,0.0,3.2921274,3.2921274
JVASP-25343,2,Cr,0.0,3.2921274,3.2921274
JVASP-25343,3,Cr,0.0,3.2921274,3.2921274
JVASP-17835,0,Fe,34.983593,2.1271884,33.47657
JVASP-17835,1,Fe,34.983593,2.1271884,33.47657
JVASP-17835,2,Fe,34.983593,2.1271884,33.15682
JVASP-17835,3,Fe,34.983593,2.1271884,33.15682
JVASP-17835,4,B,2.647158,5.024234,2.6945534
JVASP-17835,5,B,2.647158,5.024234,2.6945534
JVASP-17835,6,B,2.647158,5.024234,2.6808784
JVASP-17835,7,B,2.647158,5.024234,2.6808784
JVASP-36150,0,Fe,39.384876,2.1271884,37.53717
JVASP-36150,1,Fe,39.384876,2.1271884,37.53717
JVASP-36150,2,B,1.8981165,5.024234,6.267262
JVASP-36150,3,B,1.8981165,5.024234,6.267262
JVASP-20238,0,B,13.411846,5.024234,15.099817
JVASP-20238,1,B,13.411846,5.024234,15.099817
JVASP-20238,2,Fe,19.152386,2.1271884,19.368084
JVASP-20238,3,Fe,19.151247,2.1271884,18.273567
JVASP-20238,4,Fe,19.152386,2.1271884,19.368084
JVASP-20238,5,Fe,19.151247,2.1271884,18.273567
JVASP-20507,0,B,13.411846,5.024234,15.099817
JVASP-20507,1,B,13.411846,5.024234,15.099817
JVASP-20507,2,Fe,19.152386,2.1271884,19.368084
JVASP-20507,3,Fe,19.151247,2.1271884,18.273567
JVASP-20507,4,Fe,19.152386,2.1271884,19.368084
JVASP-20507,5,Fe,19.151247,2.1271884,18.273567
JVASP-56195,0,Fe,51.322933,2.1271884,50.1345
JVASP-56195,1,B,13.018222,5.024234,8.015349
JVASP-56195,2,B,13.018222,5.024234,8.015349
JVASP-63698,0,B,10.772856,5.024234,5.773296
JVASP-63698,1,B,10.772856,5.024234,5.773296
JVASP-63698,2,Fe,60.091423,2.1271884,60.30891
JVASP-63698,3,Fe,60.091423,2.1271884,60.30891
JVASP-63698,4,Fe,60.08578,2.1271884,60.077896
JVASP-63698,5,Fe,60.08578,2.1271884,60.077896
JVASP-86154,0,Fe,61.0756,2.1271884,62.64422
JVASP-86154,1,Fe,61.0756,2.1271884,59.682205
JVASP-86154,2,B,10.833276,5.024234,5.8334856
JVASP-86756,0,Fe,61.0756,2.1271884,62.64422
JVASP-86756,1,Fe,61.0756,2.1271884,59.682205
JVASP-86756,2,B,10.833276,5.024234,5.8334856
JVASP-25392,0,Kr,0.11881077,1080.4481,1080.4497
JVASP-25392,1,Kr,0.121260054,1080.4481,1080.4498
JVASP-25392,2,Kr,0.11881077,1080.4481,1080.4497
JVASP-25392,3,Kr,0.121260054,1080.4481,1080.4498
JVASP-25382,0,Kr,0.0,1080.4481,1080.4481
JVASP-84820,0,Kr,0.00489898,1080.4481,1080.4481
JVASP-84820,1,Kr,0.005715476,1080.4481,1080.4481
JVASP-84868,0,Kr,0.0,1080.4481,1080.4481
JVASP-84868,1,Kr,0.0,1080.4481,1080.4481
JVASP-84868,2,Kr,0.0,1080.4481,1080.4481
JVASP-84868,3,Kr,0.0,1080.4481,1080.4481
JVASP-84919,0,Kr,0.05021952,1080.4481,1080.4476
JVASP-84919,1,Kr,0.05021952,1080.4481,1080.4476
JVASP-25213,0,Kr,0.017204652,1080.4481,1080.4469
JVASP-25213,1,Kr,0.017204652,1080.4481,1080.4469
JVASP-907,0,Kr,0.0,1080.4481,1080.4481
JVASP-907,1,Kr,0.0,1080.4481,1080.4481
JVASP-907,2,Kr,0.0,1080.4481,1080.4481
JVASP-907,3,Kr,0.0,1080.4481,1080.4481
JVASP-25391,0,Kr,0.060016666,1080.4481,1080.4474
JVASP-25391,1,Kr,0.014696939,1080.4481,1080.448
JVASP-25391,2,Kr,0.014696939,1080.4481,1080.448
JVASP-25391,3,Kr,0.060016666,1080.4481,1080.4474
JVASP-25391,4,Kr,0.014696939,1080.4481,1080.448
JVASP-25391,5,Kr,0.014696939,1080.4481,1080.448
JVASP-25391,6,Kr,0.060016666,1080.4481,1080.4474
JVASP-25391,7,Kr,0.014696939,1080.4481,1080.448
JVASP-25391,8,Kr,0.014696939,1080.4481,1080.448
JVASP-16065,0,Ag,0.9475446,6.9597216,7.845472
JVASP-16065,1,Ag,0.9475446,6.9597216,7.845472
JVASP-16065,2,Ag,3.3006876,6.9597216,10.093845
JVASP-16065,3,Ag,3.3006876,6.9597216,10.093845
JVASP-25121,0,Ag,1.0324602,6.9597216,7.9255486
JVASP-25121,1,Ag,1.0324602,6.9597216,7.9255486
JVASP-16261,0,Ag,1.031239,6.9597216,7.9244637
JVASP-16261,1,Ag,1.0316457,6.9597216,7.9248343
JVASP-812,0,Ag,0.0,6.9597216,6.9597216
JVASP-812,1,Ag,0.0,6.9597216,6.9597216
JVASP-812,2,Ag,0.0,6.9597216,6.9597216
JVASP-812,3,Ag,0.0,6.9597216,6.9597216
JVASP-814,0,Ag,0.0,6.9597216,6.9597216
JVASP-814,1,Ag,0.0,6.9597216,6.9597216
JVASP-814,2,Ag,0.0,6.9597216,6.9597216
JVASP-814,3,Ag,0.0,6.9597216,6.9597216
JVASP-25401,0,Ag,1.6705526,6.9597216,5.448994
JVASP-25401,1,Ag,0.38212302,6.9597216,6.607401
JVASP-25401,2,Ag,0.38212302,6.9597216,6.607401
JVASP-25401,3,Ag,1.6705526,6.9597216,5.448994
JVASP-25401,4,Ag,0.38212302,6.9597216,6.607401
JVASP-25401,5,Ag,0.38212302,6.9597216,6.607401
JVASP-25401,6,Ag,1.6705526,6.9597216,5.448994
JVASP-25401,7,Ag,0.38212302,6.9597216,6.607401
JVASP-25401,8,Ag,0.38212302,6.9597216,6.607401
JVASP-25341,0,Ag,0.94672805,6.9597216,7.844731
JVASP-25341,1,Ag,0.94672805,6.9597216,7.844731
JVASP-25341,2,Ag,3.3006876,6.9597216,10.093867
JVASP-25341,3,Ag,3.3006876,6.9597216,10.093867
JVASP-17670,0,B,13.861404,5.024234,15.570071
JVASP-17670,1,B,13.861404,5.024234,15.570071
JVASP-17670,2,Mn,23.808672,1.6964667,23.413702
JVASP-17670,3,Mn,23.811655,1.6964667,22.658241
JVASP-17670,4,Mn,23.811655,1.6964667,22.658241
JVASP-17670,5,Mn,23.808672,1.6964667,23.413702
JVASP-16044,0,Mn,14.27878,1.6964667,13.524785
JVASP-16044,1,Mn,14.27878,1.6964667,13.524785
JVASP-16044,2,Mn,14.27878,1.6964667,12.838307
JVASP-16044,3,Mn,14.27878,1.6964667,12.838307
JVASP-16044,4,B,2.3140879,5.024234,3.6154966
JVASP-16044,5,B,2.3140879,5.024234,3.6154966
JVASP-16044,6,B,2.3140879,5.024234,3.4667282
JVASP-16044,7,B,2.3140879,5.024234,3.4667282
JVASP-14798,0,Mn,25.022762,1.6964667,23.748026
JVASP-14798,1,B,12.22622,5.024234,7.224249
JVASP-14798,2,B,12.22622,5.024234,7.224249
JVASP-19590,0,B,17.369001,5.024234,20.188272
JVASP-19590,1,B,17.368526,5.024234,16.321217
JVASP-19590,2,B,17.369001,5.024234,20.188272
JVASP-19590,3,B,17.368526,5.024234,16.321217
JVASP-19590,4,Mn,46.351578,1.6964667,45.97191
JVASP-15887,0,B,7.3675556,5.024234,12.03784
JVASP-15887,1,B,7.3675556,5.024234,12.03784
JVASP-15887,2,B,6.1210504,5.024234,6.1679263
JVASP-15887,3,B,6.1210504,5.024234,6.1679263
JVASP-15887,4,Mn,13.734032,1.6964667,15.406645
JVASP-15887,5,Mn,13.734032,1.6964667,15.406645
JVASP-15887,6,Mn,11.022668,1.6964667,10.9681225
JVASP-78264,0,Mn,25.025211,1.6964667,23.75053
JVASP-78264,1,B,12.226628,5.024234,7.22465
JVASP-78264,2,B,12.226628,5.024234,7.22465
JVASP-14824,0,In,26.20327,6.7296906,30.698841
JVASP-78323,0,In,36.188763,6.7296906,42.26468
JVASP-78323,1,In,36.188763,6.7296906,42.26468
JVASP-84779,0,In,14.95087,6.7296906,21.143295
JVASP-84779,1,In,14.95087,6.7296906,21.143295
JVASP-84890,0,In,13.61753,6.7296906,19.825577
JVASP-84890,1,In,13.61753,6.7296906,19.825577
JVASP-898,0,In,26.588394,6.7296906,32.69829
JVASP-898,1,In,26.588394,6.7296906,32.69829
JVASP-25375,0,In,0.6564648,6.7296906,6.156032
JVASP-25375,1,In,0.6564648,6.7296906,6.156032
JVASP-5173,0,Pb,20.285448,21.544178,19.394075
JVASP-5173,1,I,14.438108,47.949,36.138687
JVASP-5173,2,I,14.438108,47.949,36.138687
JVASP-29322,0,Pb,20.27253,21.544178,18.03559
JVASP-29322,1,Pb,20.193819,21.544178,18.006174
JVASP-29322,2,I,17.167875,47.949,32.796875
JVASP-29322,3,I,17.167875,47.949,32.796875
JVASP-29322,4,I,18.866098,47.949,31.410978
JVASP-29322,5,I,18.866098,47.949,31.410978
JVASP-29527,0,Pb,20.412823,21.544178,19.449995
JVASP-29527,1,Pb,20.099289,21.544178,19.320557
JVASP-29527,2,Pb,20.034378,21.544178,19.295
JVASP-29527,3,I,18.154394,47.949,33.43571
JVASP-29527,4,I,15.871469,47.949,35.074894
JVASP-29527,5,I,15.692656,47.949,35.206314
JVASP-29527,6,I,16.084574,47.949,34.918823
JVASP-29527,7,I,15.344012,47.949,35.463745
JVASP-29527,8,I,18.249107,47.949,33.36934
JVASP-29539,0,Pb,20.214006,21.544178,19.36502
JVASP-29539,1,Pb,20.214006,21.544178,19.36502
JVASP-29539,2,I,16.73124,47.949,34.44807
JVASP-29539,3,I,19.237068,47.949,32.684402
JVASP-29539,4,I,19.237068,47.949,32.684402
JVASP-29539,5,I,16.73124,47.949,34.44807
JVASP-29586,0,Pb,18.582167,21.544178,17.479685
JVASP-29586,1,Pb,18.582167,21.544178,17.479685
JVASP-29586,2,I,16.260284,47.949,33.55053
JVASP-29586,3,I,16.260284,47.949,33.55053
JVASP-29586,4,I,18.87197,47.949,31.407469
JVASP-29586,5,I,18.87197,47.949,31.407469
JVASP-161,0,I,19.992474,47.949,31.344772
JVASP-161,1,I,19.992474,47.949,31.344772
JVASP-161,2,Pb,16.9952,21.544178,16.729177
JVASP-15944,0,Ni,3.0190258,5.243039,8.178563
JVASP-15944,1,Ni,3.0190258,5.243039,8.178563
JVASP-78336,0,Ni,0.0,5.243039,5.243039
JVASP-78336,1,Ni,0.0,5.243039,5.243039
JVASP-78336,2,Ni,0.0,5.243039,5.243039
JVASP-78336,3,Ni,0.0,5.243039,5.243039
JVASP-942,0,Ni,0.03622154,5.243039,5.259226
JVASP-25058,0,Ni,0.0,5.243039,5.243039
JVASP-25058,1,Ni,0.0,5.243039,5.243039
JVASP-25070,0,Ni,3.0190258,5.243039,8.178563
JVASP-25070,1,Ni,3.0190258,5.243039,8.178563
JVASP-944,0,Ni,0.0,5.243039,5.243039
JVASP-944,1,Ni,0.0,5.243039,5.243039
JVASP-944,2,Ni,0.0,5.243039,5.243039
JVASP-944,3,Ni,0.0,5.243039,5.243039
JVASP-14857,0,Cu,31.753607,2.626418,32.298943
JVASP-14857,1,Zr,3.4628959,6.08661,8.970509
JVASP-14857,2,Zr,3.4628959,6.08661,8.970509
JVASP-20625,0,Zr,0.0,6.08661,6.08661
JVASP-20625,1,Cu,0.0,2.626418,2.626418
JVASP-55158,0,Zr,34.807262,6.08661,39.06269
JVASP-55158,1,Zr,34.807262,6.08661,37.199512
JVASP-55158,2,Zr,34.91258,6.08661,29.010677
JVASP-55158,3,Cu,0.017146429,2.626418,2.6193392
JVASP-78780,0,Zr,0.0,6.08661,6.08661
JVASP-78780,1,Cu,0.0,2.626418,2.626418
JVASP-79629,0,Zr,23.440737,6.08661,28.697884
JVASP-79629,1,Zr,23.440737,6.08661,28.697884
JVASP-79629,2,Cu,52.043922,2.626418,54.553757
JVASP-79629,3,Cu,52.043922,2.626418,54.553757
JVASP-11949,0,Mg,0.0,0.4287979,0.4287979
JVASP-11949,1,Ni,0.0,5.243039,5.243039
JVASP-35775,0,Mg,3.6301436,0.4287979,3.969633
JVASP-35775,1,Ni,3.93633,5.243039,9.080265
JVASP-11989,0,Mg,34.886833,0.4287979,34.934265
JVASP-11989,1,Mg,2.1036925,0.4287979,2.189044
JVASP-11989,2,Mg,2.1027434,0.4287979,2.1894498
JVASP-11989,3,Ni,42.453033,5.243039,41.37928
JVASP-11989,4,Ni,42.46175,5.243039,46.62094
JVASP-11989,5,Ni,42.437847,5.243039,43.198784
JVASP-78473,0,Mg,7.93553,0.4287979,8.270102
JVASP-78473,1,Mg,7.93553,0.4287979,8.270102
JVASP-78473,2,Ni,0.24658197,5.243039,5.4792867
JVASP-78473,3,Ni,0.24658197,5.243039,5.4792867
JVASP-78473,4,Ni,0.24658197,5.243039,5.4792867
JVASP-78473,5,Ni,0.24658197,5.243039,5.4792867
JVASP-79172,0,Mg,3.2383947,0.4287979,2.920809
JVASP-79172,1,Mg,3.2438262,0.4287979,3.4633696
JVASP-79172,2,Mg,3.3305445,0.4287979,3.483787
JVASP-79172,3,Ni,0.6335787,5.243039,5.7623725
JVASP-25161,0,Pb,19.507738,21.544178,36.401867
JVASP-25161,1,Pb,19.507738,21.544178,36.401814
JVASP-17815,0,Pb,19.505287,21.544178,36.39807
JVASP-17815,1,Pb,19.505287,21.544178,36.39807
JVASP-78365,0,Pb,26.654123,21.544178,42.787395
JVASP-78365,1,Pb,26.654123,21.544178,42.787395
JVASP-78365,2,Pb,26.654123,21.544178,42.787395
JVASP-78365,3,Pb,26.653305,21.544178,42.786655
JVASP-78365,4,Pb,26.653305,21.544178,42.786655
JVASP-78365,5,Pb,26.654123,21.544178,42.787395
JVASP-962,0,Pb,0.0,21.544178,21.544178
JVASP-962,1,Pb,0.0,21.544178,21.544178
JVASP-962,2,Pb,0.0,21.544178,21.544178
JVASP-962,3,Pb,0.0,21.544178,21.544178
JVASP-25166,0,Pb,0.0,21.544178,21.544178
JVASP-25166,1,Pb,0.0,21.544178,21.544178
JVASP-17954,0,Ca,1.2369931,1.1291435,1.8658906
JVASP-17954,1,Ca,1.2369931,1.1291435,1.8658906
JVASP-17954,2,In,53.04615,6.7296906,59.089096
JVASP-17954,3,In,53.04615,6.7296906,59.089096
JVASP-17954,4,In,53.04615,6.7296906,59.089096
JVASP-17954,5,In,53.04615,6.7296906,59.089096
JVASP-17994,0,Ca,0.016062379,1.1291435,1.124889
JVASP-17994,1,In,0.33269608,6.7296906,6.819334
JVASP-17651,0,Ca,0.0,1.1291435,1.1291435
JVASP-17651,1,In,0.0,6.7296906,6.7296906
JVASP-55193,0,Ca,52.455414,1.1291435,52.194286
JVASP-55193,1,Ca,52.455414,1.1291435,52.194286
JVASP-55193,2,In,61.198868,6.7296906,67.231766
JVASP-55193,3,In,61.198868,6.7296906,67.231766
JVASP-55193,4,In,61.198868,6.7296906,67.231766
JVASP-55193,5,In,61.198868,6.7296906,67.231766
JVASP-14547,0,Li,0.0,0.084703535,0.084703535
JVASP-14547,1,Ag,0.0,6.9597216,6.9597216
JVASP-38577,0,Li,0.22616956,0.084703535,0.3065762
JVASP-38577,1,Li,0.22616956,0.084703535,0.3065762
JVASP-38577,2,Li,0.8205791,0.084703535,0.7423872
JVASP-38577,3,Li,0.22616956,0.084703535,0.3065762
JVASP-38577,4,Li,0.22616956,0.084703535,0.3065762
JVASP-38577,5,Li,0.8205791,0.084703535,0.7423872
JVASP-38577,6,Ag,13.498322,6.9597216,7.5244327
JVASP-38577,7,Ag,13.498322,6.9597216,7.5244327
JVASP-41991,0,Li,0.0032659862,0.084703535,0.08775149
JVASP-41991,1,Li,0.0032659862,0.084703535,0.08775149
JVASP-41991,2,Ag,33.14813,6.9597216,39.681152
JVASP-41991,3,Ag,33.14813,6.9597216,39.681152
JVASP-41991,4,Ag,60.60364,6.9597216,54.220978
JVASP-41991,5,Ag,33.14813,6.9597216,39.681152
JVASP-41991,6,Ag,33.14813,6.9597216,39.681152
JVASP-41991,7,Ag,60.60364,6.9597216,54.220978
JVASP-79464,0,Li,0.48581547,0.084703535,0.408154
JVASP-79464,1,Li,0.48581547,0.084703535,0.408154
JVASP-79464,2,Li,0.48581547,0.084703535,0.408154
JVASP-79464,3,Li,0.48581547,0.084703535,0.408154
JVASP-79464,4,Ag,47.12736,6.9597216,40.76571
JVASP-79464,5,Ag,47.12736,6.9597216,40.76571
JVASP-79464,6,Ag,47.12736,6.9597216,40.76571
JVASP-79464,7,Ag,47.12736,6.9597216,40.76571
JVASP-38583,0,Nd,7.5183005,2.8276725,9.943494
JVASP-38583,1,Nd,7.5183005,2.8276725,9.943494
JVASP-38583,2,Nd,35.33144,2.8276725,33.08883
JVASP-38583,3,Nd,7.5183005,2.8276725,9.943494
JVASP-38583,4,Nd,7.5183005,2.8276725,9.943494
JVASP-38583,5,Nd,35.33144,2.8276725,33.08883
JVASP-38583,6,Ho,7.7550845,5.3662715,13.0263815
JVASP-38583,7,Ho,7.7550845,5.3662715,13.0263815
JVASP-38585,0,Nd,21.948244,2.8276725,19.734121
JVASP-38585,1,Nd,21.948244,2.8276725,23.827522
JVASP-38585,2,Nd,21.948244,2.8276725,22.62691
JVASP-38585,3,Ho,0.0,5.3662715,5.3662715
JVASP-38915,0,Nd,0.0,2.8276725,2.8276725
JVASP-38915,1,Ho,5.959609,5.3662715,11.241315
JVASP-38915,2,Ho,5.959609,5.3662715,5.178077
JVASP-38915,3,Ho,5.959609,5.3662715,6.305694
JVASP-39313,0,Nd,50.23046,2.8276725,47.974827
JVASP-39313,1,Nd,50.23046,2.8276725,47.974827
JVASP-39313,2,Ho,62.036983,5.3662715,57.085316
JVASP-39313,3,Ho,62.036983,5.3662715,57.085316
JVASP-39313,4,Ho,62.03664,5.3662715,57.659622
JVASP-39313,5,Ho,62.03664,5.3662715,57.36786
JVASP-39313,6,Ho,62.03664,5.3662715,57.659622
JVASP-39313,7,Ho,62.03664,5.3662715,57.36786
JVASP-36039,0,Pt,0.0,18.358461,18.358461
JVASP-36039,1,C,0.0,4.4679255,4.4679255
JVASP-35796,0,Pt,0.0,18.358461,18.358461
JVASP-35796,1,C,0.0,4.4679255,4.4679255
JVASP-35797,0,Pt,0.0,18.358461,18.358461
JVASP-35797,1,C,0.0,4.4679255,4.4679255
JVASP-36368,0,Pt,49.934074,18.358461,67.58158
JVASP-36368,1,C,9.006774,4.4679255,8.188048
JVASP-18594,0,Ag,31.040932,6.9597216,25.156332
JVASP-18594,1,Ag,31.040932,6.9597216,25.156332
JVASP-18594,2,Tb,0.7515371,11.037279,11.683007
JVASP-20646,0,Tb,0.0,11.037279,11.037279
JVASP-20646,1,Ag,0.0,6.9597216,6.9597216
JVASP-37523,0,Tb,48.136555,11.037279,58.659206
JVASP-37523,1,Tb,48.136555,11.037279,58.659206
JVASP-37523,2,Ag,12.312768,6.9597216,6.4266047
JVASP-37523,3,Ag,12.312768,6.9597216,6.4266047
JVASP-37523,4,Ag,41.917305,6.9597216,35.56803
JVASP-37523,5,Ag,12.312768,6.9597216,6.4266047
JVASP-37523,6,Ag,12.312768,6.9597216,6.4266047
JVASP-37523,7,Ag,41.917305,6.9597216,35.56803
JVASP-20744,0,Tb,0.0,11.037279,11.037279
JVASP-20744,1,Ag,0.0,6.9597216,6.9597216
JVASP-55129,0,Na,17.651562,0.84107655,17.303387
JVASP-55129,1,Nb,44.9485,15.259404,33.542465
JVASP-55129,2,O,2.371737,1.173997,2.4533107
JVASP-55129,3,O,2.371737,1.173997,2.4533107
JVASP-8033,0,Na,0.0,0.84107655,0.84107655
JVASP-8033,1,Nb,0.0,15.259404,15.259404
JVASP-8033,2,O,9.122716,1.173997,8.886975
JVASP-8033,3,O,9.122716,1.173997,9.631996
JVASP-8033,4,O,9.122716,1.173997,9.058309
JVASP-9598,0,Na,15.366759,0.84107655,15.119565
JVASP-9598,1,Na,15.366759,0.84107655,15.160416
JVASP-9598,2,Nb,2.482966,15.259404,17.729736
JVASP-9598,3,Nb,2.482966,15.259404,17.729736
JVASP-9598,4,O,12.4334135,1.173997,11.559949
JVASP-9598,5,O,12.4334135,1.173997,13.439155
JVASP-9598,6,O,12.4334135,1.173997,13.439155
JVASP-9598,7,O,12.4334135,1.173997,11.559949
JVASP-9598,8,O,10.588327,1.173997,10.513427
JVASP-9598,9,O,10.588327,1.173997,10.513427
JVASP-9604,0,O,22.638266,1.173997,22.927578
JVASP-9604,1,O,22.638908,1.173997,21.76006
JVASP-9604,2,O,22.638475,1.173997,22.956484
JVASP-9604,3,O,22.638365,1.173997,21.879078
JVASP-9604,4,O,22.63902,1.173997,23.49036
JVASP-9604,5,O,22.637865,1.173997,22.26361
JVASP-9604,6,Na,9.60939,0.84107655,9.91127
JVASP-9604,7,Na,9.60939,0.84107655,9.91127
JVASP-9604,8,Nb,36.968872,15.259404,46.58869
JVASP-9604,9,Nb,36.968872,15.259404,46.58869
JVASP-1870,0,Li,0.60005,0.084703535,0.53831136
JVASP-1870,1,O,4.7985163,1.173997,5.1345387
JVASP-1870,2,O,4.7985163,1.173997,5.1345387
JVASP-1870,3,V,3.6725447,3.798005,6.8615746
JVASP-43067,0,Li,0.34417146,0.084703535,0.26734793
JVASP-43067,1,Li,0.34417146,0.084703535,0.26734793
JVASP-43067,2,V,6.030644,3.798005,9.513305
JVASP-43067,3,O,3.5958521,1.173997,3.9128985
JVASP-43067,4,O,3.5958521,1.173997,3.9128985
JVASP-43461,0,Li,0.4453725,0.084703535,0.4056438
JVASP-43461,1,V,7.971526,3.798005,7.682083
JVASP-43461,2,V,39.962418,3.798005,41.299583
JVASP-43461,3,V,39.962467,3.798005,40.821827
JVASP-43461,4,O,18.61137,1.173997,18.577686
JVASP-43461,5,O,31.098059,1.173997,31.190016
JVASP-43461,6,O,18.61137,1.173997,18.577686
JVASP-43461,7,O,31.098059,1.173997,31.190016
JVASP-78960,0,Li,0.5919685,0.084703535,0.51400834
JVASP-78960,1,V,3.688932,3.798005,7.2336183
JVASP-78960,2,O,4.807532,1.173997,5.0828424
JVASP-78960,3,O,4.807532,1.173997,5.0828424
JVASP-36428,0,Zr,0.0,6.08661,6.08661
JVASP-36428,1,C,0.0,4.4679255,4.4679255
JVASP-15060,0,C,0.0,4.4679255,4.4679255
JVASP-15060,1,Zr,0.008,6.08661,6.089996
JVASP-36426,0,Zr,0.0,6.08661,6.08661
JVASP-36426,1,C,0.0,4.4679255,4.4679255
JVASP-36542,0,Zr,15.080284,6.08661,21.057888
JVASP-36542,1,Zr,15.080284,6.08661,21.057888
JVASP-36542,2,C,35.735603,4.4679255,37.842503
JVASP-36542,3,C,35.735603,4.4679255,37.842503
JVASP-14960,0,V,33.577606,3.798005,33.7148
JVASP-14960,1,V,33.577606,3.798005,33.7148
JVASP-14960,2,V,33.577606,3.798005,36.918118
JVASP-14960,3,V,33.577606,3.798005,36.918118
JVASP-14960,4,V,33.577606,3.798005,30.430351
JVASP-14960,5,V,33.577606,3.798005,30.430351
JVASP-14960,6,Si,0.0,1.7483627,1.7483627
JVASP-14960,7,Si,0.0,1.7483627,1.7483627
JVASP-54901,0,V,19.955175,3.798005,16.77062
JVASP-54901,1,V,19.955175,3.798005,23.257858
JVASP-54901,2,V,19.955175,3.798005,20.38921
JVASP-54901,3,V,19.955175,3.798005,16.77062
JVASP-54901,4,V,19.955175,3.798005,23.257858
JVASP-54901,5,V,19.955175,3.798005,20.38921
JVASP-54901,6,Si,0.0,1.7483627,1.7483627
JVASP-54901,7,Si,0.0,1.7483627,1.7483627
JVASP-16320,0,V,28.348705,3.798005,30.048937
JVASP-16320,1,V,28.34938,3.798005,30.562548
JVASP-16320,2,V,28.342155,3.798005,27.74805
JVASP-16320,3,Si,27.15936,1.7483627,26.98807
JVASP-16320,4,Si,27.158775,1.7483627,26.306322
JVASP-16320,5,Si,27.158775,1.7483627,27.958523
JVASP-16320,6,Si,27.15936,1.7483627,28.21747
JVASP-16320,7,Si,27.158775,1.7483627,28.65133
JVASP-16320,8,Si,27.158775,1.7483627,26.845268
JVASP-16412,0,V,28.346846,3.798005,30.047115
JVASP-16412,1,V,28.344084,3.798005,27.749834
JVASP-16412,2,V,28.346842,3.798005,30.560009
JVASP-16412,3,Si,27.159412,1.7483627,28.65197
JVASP-16412,4,Si,27.15936,1.7483627,28.21747
JVASP-16412,5,Si,27.159412,1.7483627,27.959106
JVASP-16412,6,Si,27.159412,1.7483627,26.306944
JVASP-16412,7,Si,27.15936,1.7483627,26.98807
JVASP-16412,8,Si,27.159412,1.7483627,26.845951
JVASP-11948,0,Nb,0.0,15.259404,15.259404
JVASP-11948,1,Co,0.0,1.0717598,1.0717598
JVASP-11986,0,Nb,14.161725,15.259404,1.9379586
JVASP-11986,1,Nb,14.159276,15.259404,1.9407952
JVASP-11986,2,Co,22.662567,1.0717598,23.515175
JVASP-11986,3,Co,22.663498,1.0717598,23.506838
JVASP-11986,4,Co,22.661535,1.0717598,23.477777
JVASP-11986,5,Co,22.661674,1.0717598,23.51429
JVASP-11986,6,Co,22.661545,1.0717598,23.504868
JVASP-11986,7,Co,22.662596,1.0717598,23.478865
JVASP-35682,0,Nb,0.0,15.259404,15.259404
JVASP-35682,1,Co,19.308512,1.0717598,18.487957
JVASP-35682,2,Co,19.308512,1.0717598,19.795576
JVASP-35682,3,Co,19.308512,1.0717598,19.703615
JVASP-78467,0,Nb,0.0,15.259404,15.259404
JVASP-78467,1,Co,0.0,1.0717598,1.0717598
JVASP-36145,0,Fe,0.0,2.1271884,2.1271884
JVASP-36145,1,Co,17.796358,1.0717598,16.9769
JVASP-36145,2,Co,17.796358,1.0717598,18.285378
JVASP-36145,3,Co,17.796358,1.0717598,18.193598
JVASP-20389,0,Fe,0.0,2.1271884,2.1271884
JVASP-20389,1,Co,0.0,1.0717598,1.0717598
JVASP-78768,0,Fe,0.0,2.1271884,2.1271884
JVASP-78768,1,Co,0.0,1.0717598,1.0717598
JVASP-79278,0,Fe,11.855531,2.1271884,13.189818
JVASP-79278,1,Fe,16.355337,2.1271884,17.947227
JVASP-79278,2,Fe,16.355337,2.1271884,14.999716
JVASP-79278,3,Co,16.200926,1.0717598,15.382857
JVASP-36648,0,Mg,1.2762039,0.4287979,1.6295186
JVASP-36648,1,Mg,1.2762039,0.4287979,1.6295186
JVASP-36648,2,Te,3.2431245,68.54225,65.39394
JVASP-36648,3,Te,3.2431245,68.54225,65.39394
JVASP-36238,0,Mg,0.0073484695,0.4287979,0.42977077
JVASP-36238,1,Te,0.0,68.54225,68.54225
JVASP-1273,0,Mg,0.52425945,0.4287979,0.33641368
JVASP-1273,1,Mg,0.52425945,0.4287979,0.33641368
JVASP-1273,2,Te,3.9346974,68.54225,72.37293
JVASP-1273,3,Te,3.9346974,68.54225,72.37293
JVASP-7762,0,Mg,0.0,0.4287979,0.4287979
JVASP-7762,1,Mg,0.0,0.4287979,0.4287979
JVASP-7762,2,Mg,0.0,0.4287979,0.4287979
JVASP-7762,3,Mg,0.0,0.4287979,0.4287979
JVASP-7762,4,Te,0.0,68.54225,68.54225
JVASP-7762,5,Te,0.0,68.54225,68.54225
JVASP-7762,6,Te,0.0,68.54225,68.54225
JVASP-7762,7,Te,0.0,68.54225,68.54225
JVASP-14818,0,Nb,0.00972968,15.259404,15.260601
JVASP-16082,0,Nb,0.011135529,15.259404,15.2542515
JVASP-934,0,Nb,0.0,15.259404,15.259404
JVASP-934,1,Nb,0.0,15.259404,15.259404
JVASP-25346,0,Nb,0.0,15.259404,15.259404
JVASP-25346,1,Nb,0.0,15.259404,15.259404
JVASP-25346,2,Nb,0.0,15.259404,15.259404
JVASP-25346,3,Nb,0.0,15.259404,15.259404
JVASP-14955,0,Al,39.766167,1.0875204,40.35258
JVASP-14955,1,Al,7.362251,1.0875204,6.8488955
JVASP-14955,2,Al,7.362251,1.0875204,6.8488955
JVASP-14955,3,V,56.56215,3.798005,55.219112
JVASP-36199,0,Al,14.622637,1.0875204,15.673828
JVASP-36199,1,Al,14.622637,1.0875204,14.3819065
JVASP-36199,2,Al,14.622637,1.0875204,13.874599
JVASP-36199,3,V,0.0,3.798005,3.798005
JVASP-19691,0,Al,0.0,1.0875204,1.0875204
JVASP-19691,1,Al,0.0,1.0875204,1.0875204
JVASP-19691,2,V,51.821407,3.798005,51.88322
JVASP-19691,3,V,51.821407,3.798005,51.88322
JVASP-19691,4,V,51.821404,3.798005,55.14583
JVASP-19691,5,V,51.821404,3.798005,55.14583
JVASP-19691,6,V,51.821407,3.798005,48.648914
JVASP-19691,7,V,51.821407,3.798005,48.648914
JVASP-35826,0,B,17.943737,5.024234,22.95771
JVASP-35826,1,C,25.642485,4.4679255,24.09547
JVASP-35826,2,C,6.9475694,4.4679255,9.7205305
JVASP-35826,3,C,7.4652276,4.4679255,6.890422
JVASP-35826,4,C,7.8359175,4.4679255,7.1936707
JVASP-35826,5,C,7.9020543,4.4679255,7.2484345
JVASP-37915,0,B,26.779047,5.024234,31.792217
JVASP-37915,1,B,26.779047,5.024234,31.792217
JVASP-37915,2,C,55.03636,4.4679255,53.300697
JVASP-37915,3,C,55.03636,4.4679255,53.300594
JVASP-62645,0,B,23.651972,5.024234,26.98386
JVASP-62645,1,C,30.28747,4.4679255,28.280678
JVASP-62645,2,C,30.28747,4.4679255,28.607471
JVASP-62645,3,C,26.850225,4.4679255,23.210247
JVASP-62645,4,C,6.5858145,4.4679255,10.93536
JVASP-62645,5,C,3.1559098,4.4679255,7.452523
JVASP-62645,6,C,7.2718143,4.4679255,10.574084
JVASP-62645,7,C,7.2718143,4.4679255,10.372358
JVASP-35765,0,Sc,7.1606755,1.2577385,6.4793963
JVASP-35765,1,Ag,53.12453,6.9597216,46.752033
JVASP-35765,2,Ag,53.12453,6.9597216,46.752033
JVASP-18593,0,Sc,15.195266,1.2577385,14.494436
JVASP-18593,1,Ag,37.93903,6.9597216,42.1082
JVASP-18593,2,Ag,37.93827,6.9597216,34.118443
JVASP-18593,3,Ag,37.93827,6.9597216,34.118443
JVASP-18593,4,Ag,37.93903,6.9597216,42.1082
JVASP-16438,0,Sc,0.0,1.2577385,1.2577385
JVASP-16438,1,Ag,0.0,6.9597216,6.9597216
JVASP-19794,0,Pd,50.96,20.903904,61.884182
JVASP-19794,1,Zn,23.22116,10.546378,19.48488
JVASP-41548,0,Zn,0.53400934,10.546378,10.017121
JVASP-41548,1,Pd,4.5474777,20.903904,25.40994
JVASP-41548,2,Pd,4.5474777,20.903904,25.409777
JVASP-41548,3,Pd,46.946922,20.903904,67.689964
JVASP-79936,0,Zn,23.817205,10.546378,34.301407
JVASP-79936,1,Zn,23.817205,10.546378,34.301407
JVASP-79936,2,Zn,45.009373,10.546378,34.579727
JVASP-79936,3,Pd,38.024246,20.903904,58.778126
JVASP-36666,0,Rh,4.383694,12.903096,10.647325
JVASP-36666,1,Zr,0.34464476,6.08661,6.1998696
JVASP-7997,0,Zr,0.0,6.08661,6.08661
JVASP-7997,1,Rh,48.5595,12.903096,61.25038
JVASP-7997,2,Rh,48.5595,12.903096,41.42578
JVASP-7997,3,Rh,48.5595,12.903096,45.889442
JVASP-8024,0,Zr,0.0,6.08661,6.08661
JVASP-8024,1,Rh,0.0,12.903096,12.903096
JVASP-10666,0,B,39.56897,5.024234,38.48258
JVASP-10666,1,B,39.56973,5.024234,38.94896
JVASP-10666,2,B,39.56973,5.024234,38.94896
JVASP-10666,3,B,39.56897,5.024234,38.48258
JVASP-10666,4,C,39.43765,4.4679255,40.027855
JVASP-10666,5,C,39.437664,4.4679255,40.3259
JVASP-10666,6,C,39.43765,4.4679255,40.027855
JVASP-10666,7,C,39.437664,4.4679255,40.3259
JVASP-10666,8,Ca,4.555088,1.1291435,5.0895624
JVASP-10666,9,Ca,4.555088,1.1291435,5.0895624
JVASP-62718,0,Ca,1.8077234,1.1291435,1.8860683
JVASP-62718,1,Ca,1.8077234,1.1291435,1.8860683
JVASP-62718,2,B,24.415964,5.024234,19.42702
JVASP-62718,3,B,24.415964,5.024234,19.42702
JVASP-62718,4,B,24.415964,5.024234,19.442305
JVASP-62718,5,B,24.415964,5.024234,19.442305
JVASP-62718,6,C,46.66942,4.4679255,48.562534
JVASP-62718,7,C,46.66942,4.4679255,48.562534
JVASP-62718,8,C,46.66942,4.4679255,48.888668
JVASP-62718,9,C,46.66942,4.4679255,48.888668
JVASP-63225,0,Ca,1.8142555,1.1291435,1.8913888
JVASP-63225,1,Ca,1.8142555,1.1291435,1.8913888
JVASP-63225,2,B,24.414421,5.024234,19.42541
JVASP-63225,3,B,24.414421,5.024234,19.42541
JVASP-63225,4,B,24.414421,5.024234,19.440672
JVASP-63225,5,B,24.414421,5.024234,19.440672
JVASP-63225,6,C,46.66741,4.4679255,48.56047
JVASP-63225,7,C,46.66741,4.4679255,48.56047
JVASP-63225,8,C,46.66741,4.4679255,48.886734
JVASP-63225,9,C,46.66741,4.4679255,48.886734
JVASP-14714,0,Nb,1.2427077,15.259404,14.024695
JVASP-14714,1,Ru,45.414356,13.728401,32.595688
JVASP-16587,0,Nb,0.0,15.259404,15.259404
JVASP-16587,1,Ru,0.0,13.728401,13.728401
JVASP-16588,0,Nb,0.0,15.259404,15.259404
JVASP-16588,1,Ru,9.89104,13.728401,15.004014
JVASP-16588,2,Ru,9.89104,13.728401,23.348265
JVASP-16588,3,Ru,9.89104,13.728401,9.415047
JVASP-39144,0,Sc,0.0,1.2577385,1.2577385
JVASP-39144,1,Ru,44.213287,13.728401,43.241203
JVASP-39144,2,Ru,44.213287,13.728401,35.49286
JVASP-39144,3,Ru,44.213287,13.728401,57.448296
JVASP-79009,0,Sc,2.242916,1.2577385,3.1651561
JVASP-79009,1,Sc,2.242916,1.2577385,3.1651561
JVASP-79009,2,Ru,17.011707,13.728401,5.717144
JVASP-79009,3,Ru,17.011707,13.728401,5.717144
JVASP-79009,4,Ru,28.842741,13.728401,42.13267
JVASP-79009,5,Ru,17.011707,13.728401,5.717144
JVASP-79009,6,Ru,17.011707,13.728401,5.717144
JVASP-79009,7,Ru,28.842741,13.728401,42.13267
JVASP-8729,0,Sc,0.0,1.2577385,1.2577385
JVASP-8729,1,Ru,0.0,13.728401,13.728401
JVASP-2259,0,O,6.2985578,1.173997,6.606703
JVASP-2259,1,O,6.2985578,1.173997,6.606703
JVASP-2259,2,F,13.044113,15.800529,6.16977
JVASP-2259,3,F,13.044113,15.800529,6.16977
JVASP-2259,4,Y,16.679342,11.128398,17.007374
JVASP-2259,5,Y,16.679342,11.128398,17.007374
JVASP-51415,0,Y,15.538899,11.128398,14.718576
JVASP-51415,1,Y,15.538899,11.128398,14.718576
JVASP-51415,2,O,6.480301,1.173997,5.7633576
JVASP-51415,3,O,6.480301,1.173997,5.7633576
JVASP-51415,4,F,12.978365,15.800529,20.171288
JVASP-51415,5,F,12.978365,15.800529,20.171288
JVASP-7646,0,Y,42.363926,11.128398,36.6972
JVASP-7646,1,Y,42.363926,11.128398,36.6972
JVASP-7646,2,O,3.5321643,1.173997,3.5871193
JVASP-7646,3,O,3.5321643,1.173997,3.5871193
JVASP-7646,4,F,5.161075,15.800529,20.692053
JVASP-7646,5,F,5.161075,15.800529,20.692053
JVASP-1408,0,Al,0.0,1.0875204,1.0875204
JVASP-1408,1,Sb,0.0,27.438374,27.438374
JVASP-35259,0,Al,4.578271,1.0875204,5.3196144
JVASP-35259,1,Al,4.578271,1.0875204,5.3196144
JVASP-35259,2,Sb,43.62698,27.438374,70.78424
JVASP-35259,3,Sb,43.62698,27.438374,70.78424
JVASP-35748,0,Al,1.1969839,1.0875204,2.2639854
JVASP-35748,1,Al,1.1969839,1.0875204,2.2639854
JVASP-35748,2,Sb,17.2885,27.438374,43.404255
JVASP-35748,3,Sb,17.2885,27.438374,43.404255
JVASP-67279,0,Li,2.5290983,0.084703535,2.6081161
JVASP-67279,1,Be,3.1500695,0.38258058,2.849989
JVASP-67279,2,Fe,30.979921,2.1271884,29.812593
JVASP-67288,0,Li,0.600125,0.084703535,0.6796692
JVASP-67288,1,Be,2.1628995,0.38258058,2.481847
JVASP-67288,2,Be,1.080225,0.38258058,0.8040391
JVASP-67288,3,Fe,25.798025,2.1271884,24.641254
JVASP-67585,0,Be,0.0069761495,0.38258058,0.37691268
JVASP-67585,1,Fe,38.531292,2.1271884,37.353466
JVASP-67585,2,Li,0.4131545,0.084703535,0.49292678
JVASP-14852,0,Zn,0.008485282,10.546378,10.543415
JVASP-14852,1,Y,0.0014142137,11.128398,11.128739
JVASP-1396,0,Y,0.0,11.128398,11.128398
JVASP-1396,1,Zn,0.0,10.546378,10.546378
JVASP-18797,0,Y,24.659014,11.128398,19.975166
JVASP-18797,1,Zn,3.2522528,10.546378,12.937292
JVASP-18797,2,Zn,36.106705,10.546378,46.583763
JVASP-18797,3,Zn,36.106705,10.546378,46.583763
JVASP-18797,4,Zn,3.2539845,10.546378,13.177596
JVASP-18797,5,Zn,3.2539845,10.546378,13.059384
JVASP-14920,0,Li,0.040422767,0.084703535,0.04957988
JVASP-14920,1,Li,0.040422767,0.084703535,0.04957988
JVASP-14920,2,Nd,12.690807,2.8276725,10.538771
JVASP-14920,3,As,7.224362,16.668182,23.77091
JVASP-14920,4,As,7.224362,16.668182,23.77091
JVASP-61379,0,As,7.346785,16.668182,23.895727
JVASP-61379,1,As,7.346785,16.668182,23.895727
JVASP-61379,2,Li,0.040422767,0.084703535,0.04957988
JVASP-61379,3,Li,0.040422767,0.084703535,0.04957988
JVASP-61379,4,Nd,12.836629,2.8276725,10.684904
JVASP-8172,0,Li,0.34171042,0.084703535,0.42160726
JVASP-8172,1,Li,0.120024994,0.084703535,0.051532254
JVASP-8172,2,Li,0.120024994,0.084703535,0.051532254
JVASP-8172,3,Nd,34.223045,2.8276725,36.545685
JVASP-8172,4,As,12.251531,16.668182,28.749226
JVASP-8172,5,As,12.251531,16.668182,28.749226
JVASP-39320,0,Li,0.067769215,0.084703535,0.14984313
JVASP-39320,1,In,3.6399417,6.7296906,10.09593
JVASP-39320,2,In,3.6399417,6.7296906,10.09593
JVASP-39320,3,In,32.426346,6.7296906,38.513565
JVASP-40271,0,Li,0.0,0.084703535,0.084703535
JVASP-40271,1,In,14.104162,6.7296906,20.30627
JVASP-40271,2,In,14.104162,6.7296906,13.453537
JVASP-40271,3,In,14.104162,6.7296906,11.802799
JVASP-8484,0,Li,0.07299315,0.084703535,0.14033337
JVASP-8484,1,Li,0.07299315,0.084703535,0.14033337
JVASP-8484,2,Li,0.33424243,0.084703535,0.39003345
JVASP-8484,3,In,6.7820244,6.7296906,13.045778
JVASP-8484,4,In,6.7820244,6.7296906,13.045778
JVASP-13969,0,S,23.587973,15.204629,10.740017
JVASP-13969,1,S,23.913921,15.204629,11.024534
JVASP-13969,2,K,29.179892,3.9006114,25.76876
JVASP-13969,3,Sn,9.076875,6.63049,15.061319
JVASP-14923,0,S,23.587582,15.204629,10.739663
JVASP-14923,1,S,23.912785,15.204629,11.023672
JVASP-14923,2,K,29.180605,3.9006114,25.769398
JVASP-14923,3,Sn,9.0769415,6.63049,15.060727
JVASP-57449,0,K,29.529436,3.9006114,26.117369
JVASP-57449,1,Sn,16.243055,6.63049,22.081184
JVASP-57449,2,S,30.31193,15.204629,16.915941
JVASP-57449,3,S,30.31193,15.204629,16.915941
JVASP-19821,0,Mg,4.0747275,0.4287979,4.4132867
JVASP-19821,1,B,26.246283,5.024234,21.238287
JVASP-19821,2,B,26.246283,5.024234,21.238287
JVASP-1150,0,Mg,4.2400703,0.4287979,4.5782666
JVASP-1150,1,B,26.396927,5.024234,21.388906
JVASP-1150,2,B,26.396927,5.024234,21.388906
JVASP-1151,0,Mg,4.0747275,0.4287979,4.4132867
JVASP-1151,1,B,26.246283,5.024234,21.238287
JVASP-1151,2,B,26.246283,5.024234,21.238287
JVASP-39152,0,Mg,0.020412415,0.4287979,0.44469997
JVASP-39152,1,Cr,0.6221704,3.2921274,3.8049445
JVASP-79168,0,Mg,21.809113,0.4287979,22.11531
JVASP-79168,1,Mg,22.399027,0.4287979,22.136522
JVASP-79168,2,Mg,15.146791,0.4287979,15.071135
JVASP-79168,3,Cr,23.941349,3.2921274,26.638725
JVASP-38942,0,Mg,16.067837,0.4287979,15.740178
JVASP-38942,1,Mg,4.116776,0.4287979,4.455233
JVASP-38942,2,Mg,4.116776,0.4287979,4.455233
JVASP-38942,3,Mg,16.067837,0.4287979,15.740178
JVASP-38942,4,Mg,4.116776,0.4287979,4.455233
JVASP-38942,5,Mg,4.116776,0.4287979,4.455233
JVASP-38942,6,Cr,8.381337,3.2921274,6.105028
JVASP-38942,7,Cr,8.381337,3.2921274,6.105028
JVASP-38204,0,Rb,11.756735,7.136503,9.747233
JVASP-38204,1,Rb,11.756735,7.136503,18.133276
JVASP-38204,2,Rb,11.756735,7.136503,11.98446
JVASP-38204,3,Sr,0.0,5.8790126,5.8790126
JVASP-38288,0,Rb,0.0,7.136503,7.136503
JVASP-38288,1,Sr,17.173372,5.8790126,19.687775
JVASP-38288,2,Sr,17.173372,5.8790126,21.199263
JVASP-38288,3,Sr,17.173372,5.8790126,12.306318
JVASP-38295,0,Rb,1.2239283,7.136503,6.155316
JVASP-38295,1,Rb,1.2239283,7.136503,6.155316
JVASP-38295,2,Sr,4.868769,5.8790126,10.428033
JVASP-38295,3,Sr,4.868769,5.8790126,10.428033
JVASP-38295,4,Sr,21.551426,5.8790126,16.601082
JVASP-38295,5,Sr,4.868769,5.8790126,10.428033
JVASP-38295,6,Sr,4.868769,5.8790126,10.428033
JVASP-38295,7,Sr,21.551426,5.8790126,16.601082
JVASP-15824,0,Li,0.10051866,0.084703535,0.036194958
JVASP-15824,1,V,11.090065,3.798005,14.5058975
JVASP-15824,2,S,5.3251905,15.204629,9.993567
JVASP-15824,3,S,5.3251905,15.204629,9.993567
JVASP-22706,0,Li,0.16166632,0.084703535,0.08842917
JVASP-22706,1,Li,0.16166633,0.084703535,0.20410007
JVASP-22706,2,Li,0.16166633,0.084703535,0.22462304
JVASP-22706,3,V,0.0,3.798005,3.798005
JVASP-22706,4,S,8.49728,15.204629,18.416504
JVASP-22706,5,S,8.49728,15.204629,17.391327
JVASP-22706,6,S,8.49728,15.204629,16.626623
JVASP-22706,7,S,8.49728,15.204629,17.18917
JVASP-49843,0,Li,0.25842986,0.084703535,0.1824993
JVASP-49843,1,V,19.60939,3.798005,22.979183
JVASP-49843,2,S,8.270702,15.204629,7.1835523
JVASP-49843,3,S,8.270702,15.204629,7.1835523
JVASP-38182,0,K,2.206174,3.9006114,1.8524104
JVASP-38182,1,K,2.206174,3.9006114,1.8524104
JVASP-38182,2,Sr,5.980021,5.8790126,11.503057
JVASP-38182,3,Sr,5.980021,5.8790126,11.503057
JVASP-38182,4,Sr,16.47037,5.8790126,11.622479
JVASP-38182,5,Sr,5.980021,5.8790126,11.503057
JVASP-38182,6,Sr,5.980021,5.8790126,11.503057
JVASP-38182,7,Sr,16.47037,5.8790126,11.622479
JVASP-38514,0,K,2.9960678,3.9006114,4.879661
JVASP-38514,1,K,2.997291,3.9006114,4.0395155
JVASP-38514,2,K,2.997291,3.9006114,4.011684
JVASP-38514,3,K,2.9960678,3.9006114,4.879661
JVASP-38514,4,K,2.997291,3.9006114,4.0395155
JVASP-38514,5,K,2.997291,3.9006114,4.011684
JVASP-38514,6,Sr,0.32700765,5.8790126,5.5929427
JVASP-38514,7,Sr,0.32700765,5.8790126,5.5929427
JVASP-39293,0,K,3.0047076,3.9006114,1.2513013
JVASP-39293,1,K,3.0047076,3.9006114,1.2513013
JVASP-39293,2,K,3.986953,3.9006114,7.823113
JVASP-39293,3,K,3.0047076,3.9006114,1.2513013
JVASP-39293,4,K,3.0047076,3.9006114,1.2513013
JVASP-39293,5,K,3.986953,3.9006114,7.823113
JVASP-39293,6,Sr,0.3151677,5.8790126,6.1586986
JVASP-39293,7,Sr,0.3151677,5.8790126,6.1586986
JVASP-3690,0,K,0.0,3.9006114,3.9006114
JVASP-3690,1,Mg,0.0,0.4287979,0.4287979
JVASP-3690,2,H,6.184962,4.494067,7.9338837
JVASP-3690,3,H,6.184962,4.494067,2.8738272
JVASP-3690,4,H,6.184962,4.494067,10.205184
JVASP-35658,0,K,0.0,3.9006114,3.9006114
JVASP-35658,1,Mg,0.0,0.4287979,0.4287979
JVASP-35658,2,H,4.5723805,4.494067,1.999508
JVASP-35658,3,H,4.5723805,4.494067,6.6653705
JVASP-35658,4,H,4.5723805,4.494067,8.653596
JVASP-3720,0,H,5.940672,4.494067,9.68254
JVASP-3720,1,H,5.9406695,4.494067,7.50496
JVASP-3720,2,H,2.880304,4.494067,3.1499166
JVASP-3720,3,H,2.880304,4.494067,3.1499166
JVASP-3720,4,Mg,5.5965796,0.4287979,5.8146296
JVASP-3720,5,K,1.7409235,3.9006114,2.8358247
JVASP-3720,6,K,1.7409235,3.9006114,2.8358247
JVASP-11946,0,Co,0.0,1.0717598,1.0717598
JVASP-11946,1,Ni,0.0,5.243039,5.243039
JVASP-11947,0,Co,0.82792753,1.0717598,0.6745597
JVASP-11947,1,Co,0.82792753,1.0717598,1.6129358
JVASP-11947,2,Co,0.82792753,1.0717598,1.5639075
JVASP-11947,3,Ni,0.0,5.243039,5.243039
JVASP-78447,0,Co,0.0,1.0717598,1.0717598
JVASP-78447,1,Ni,0.0,5.243039,5.243039
JVASP-17404,0,Sn,0.004,6.63049,6.626946
JVASP-17404,1,Sb,0.0,27.438374,27.438374
JVASP-19782,0,Sn,0.0,6.63049,6.63049
JVASP-19782,1,Sb,0.0,27.438374,27.438374
JVASP-16282,0,Sn,0.0,6.63049,6.63049
JVASP-16282,1,Sn,0.0,6.63049,6.63049
JVASP-16282,2,Sn,0.0,6.63049,6.63049
JVASP-16282,3,Sn,0.0,6.63049,6.63049
JVASP-16282,4,Sb,0.0,27.438374,27.438374
JVASP-16282,5,Sb,0.0,27.438374,27.438374
JVASP-16282,6,Sb,0.0,27.438374,27.438374
JVASP-16282,7,Sb,0.0,27.438374,27.438374
JVASP-20652,0,Zr,0.0,6.08661,6.08661
JVASP-20652,1,Co,0.0,1.0717598,1.0717598
JVASP-78775,0,Zr,0.0,6.08661,6.08661
JVASP-78775,1,Co,0.0,1.0717598,1.0717598
JVASP-20748,0,Zr,0.0,6.08661,6.08661
JVASP-20748,1,Co,0.0,1.0717598,1.0717598
JVASP-38001,0,Na,57.859398,0.84107655,58.660366
JVASP-38001,1,Na,57.859398,0.84107655,57.395973
JVASP-38001,2,Na,57.859398,0.84107655,57.531868
JVASP-38001,3,Br,0.0,43.576878,43.576878
JVASP-38001,4,O,0.0,1.173997,1.173997
JVASP-4002,0,O,9.033556,1.173997,8.958333
JVASP-4002,1,Na,31.392466,0.84107655,31.023436
JVASP-4002,2,Na,60.742523,0.84107655,60.2986
JVASP-4002,3,Na,31.392466,0.84107655,31.023436
JVASP-4002,4,Na,60.74101,0.84107655,61.565937
JVASP-4002,5,Br,2.2951312,43.576878,45.00581
JVASP-4002,6,Br,2.2951312,43.576878,45.00581
JVASP-86267,0,Eu,46.393337,21.293404,25.10797
JVASP-86267,1,Eu,46.393337,21.293404,25.10797
JVASP-86267,2,Cl,62.7147,20.642973,56.986156
JVASP-86267,3,Cl,62.71532,20.642973,58.137524
JVASP-86267,4,Cl,62.716057,20.642973,68.198906
JVASP-86267,5,Cl,62.7147,20.642973,56.986156
JVASP-86267,6,Cl,62.71532,20.642973,58.137524
JVASP-86267,7,Cl,62.715855,20.642973,68.19894
JVASP-86869,0,Eu,46.39456,21.293404,25.109207
JVASP-86869,1,Eu,46.39456,21.293404,25.109207
JVASP-86869,2,Cl,62.715645,20.642973,61.044865
JVASP-86869,3,Cl,62.71491,20.642973,67.456215
JVASP-86869,4,Cl,62.716637,20.642973,54.78842
JVASP-86869,5,Cl,62.715645,20.642973,61.044865
JVASP-86869,6,Cl,62.716057,20.642973,67.45721
JVASP-86869,7,Cl,62.716637,20.642973,54.78842
JVASP-35691,0,Sr,56.680378,5.8790126,51.57135
JVASP-35691,1,Sr,59.31766,5.8790126,64.56093
JVASP-35691,2,S,0.6442158,15.204629,15.840186
JVASP-35691,3,O,0.33313063,1.173997,1.1815901
JVASP-35180,0,Sr,47.5054,5.8790126,52.762016
JVASP-35180,1,Sr,0.0,5.8790126,5.8790126
JVASP-35180,2,Sr,47.5054,5.8790126,46.157887
JVASP-35180,3,Sr,47.5054,5.8790126,44.267334
JVASP-35180,4,S,0.27107686,15.204629,14.937417
JVASP-35180,5,S,0.27107686,15.204629,15.324348
JVASP-35180,6,S,0.27107686,15.204629,15.355799
JVASP-35180,7,O,0.0,1.173997,1.173997
JVASP-38385,0,Ge,36.53577,9.267462,34.104313
JVASP-38385,1,Ge,36.53577,9.267462,32.965755
JVASP-38385,2,Ge,36.535774,9.267462,44.859787
JVASP-38385,3,B,0.0,5.024234,5.024234
JVASP-38482,0,Ge,59.16356,9.267462,64.65076
JVASP-38482,1,Ge,59.16356,9.267462,62.423306
JVASP-38482,2,Ge,59.16377,9.267462,62.785152
JVASP-38482,3,Ge,59.16356,9.267462,64.65076
JVASP-38482,4,Ge,59.16356,9.267462,62.423306
JVASP-38482,5,Ge,59.16377,9.267462,62.785152
JVASP-38482,6,B,14.603858,5.024234,19.618317
JVASP-38482,7,B,14.603858,5.024234,19.618317
JVASP-36877,0,Ca,1.0619172,1.1291435,1.1393268
JVASP-36877,1,Tl,57.888695,13.684985,60.415108
JVASP-36877,2,Cl,25.44856,20.642973,42.29847
JVASP-36877,3,Cl,25.440605,20.642973,34.82223
JVASP-36877,4,Cl,25.525759,20.642973,15.818622
JVASP-37000,0,Ca,10.874718,1.1291435,10.493468
JVASP-37000,1,Ca,10.874718,1.1291435,11.476218
JVASP-37000,2,Tl,25.245243,13.684985,15.196206
JVASP-37000,3,Tl,25.245243,13.684985,15.196206
JVASP-37000,4,Cl,30.824406,20.642973,43.18304
JVASP-37000,5,Cl,30.824406,20.642973,43.16281
JVASP-37000,6,Cl,30.824406,20.642973,43.16281
JVASP-37000,7,Cl,30.824406,20.642973,43.18304
JVASP-37000,8,Cl,34.229317,20.642973,26.541183
JVASP-37000,9,Cl,34.229317,20.642973,26.541183
JVASP-2598,0,Mg,56.6518,0.4287979,56.511955
JVASP-2598,1,Mg,56.651802,0.4287979,56.9825
JVASP-2598,2,Mg,56.6518,0.4287979,56.464367
JVASP-2598,3,N,0.0,2.1896696,2.1896696
JVASP-2598,4,F,57.046986,15.800529,47.409637
JVASP-2598,5,F,57.046986,15.800529,71.99067
JVASP-2598,6,F,57.046986,15.800529,55.513206
JVASP-8131,0,N,1.7162075,2.1896696,3.3570213
JVASP-8131,1,N,1.7162075,2.1896696,3.3570213
JVASP-8131,2,F,18.372337,15.800529,31.966602
JVASP-8131,3,F,18.372337,15.800529,31.966602
JVASP-8131,4,Mg,47.077682,0.4287979,46.950546
JVASP-8131,5,Mg,47.07706,0.4287979,47.159367
JVASP-8131,6,Mg,47.077682,0.4287979,46.950546
JVASP-8131,7,Mg,47.07706,0.4287979,47.159367
JVASP-29546,0,Cr,1.3840259,3.2921274,4.4665456
JVASP-29546,1,Cr,1.3840259,3.2921274,4.4693537
JVASP-29546,2,I,25.87636,47.949,71.57694
JVASP-29546,3,I,25.87636,47.949,71.592186
JVASP-29546,4,I,39.784866,47.949,84.82024
JVASP-29546,5,I,39.78487,47.949,84.83303
JVASP-4201,0,Cr,0.70667815,3.2921274,3.876868
JVASP-4201,1,Cr,0.70667815,3.2921274,3.876868
JVASP-4201,2,Cr,0.70667815,3.2921274,3.876868
JVASP-4201,3,I,56.375004,47.949,100.84
JVASP-4201,4,I,56.375004,47.949,100.84
JVASP-4201,5,I,56.375004,47.949,100.84
JVASP-4201,6,I,56.375004,47.949,100.84
JVASP-4201,7,I,56.375004,47.949,100.84
JVASP-4201,8,I,56.375004,47.949,100.84
JVASP-39315,0,Li,0.0,0.084703535,0.084703535
JVASP-39315,1,Ho,3.831002,5.3662715,1.8930997
JVASP-39315,2,Ho,3.831002,5.3662715,8.220726
JVASP-39315,3,Ho,3.831002,5.3662715,7.6978035
JVASP-39319,0,Li,0.7160675,0.084703535,0.6379815
JVASP-39319,1,Li,0.7160675,0.084703535,0.6379815
JVASP-39319,2,Ho,20.269526,5.3662715,15.11945
JVASP-39319,3,Ho,20.269526,5.3662715,15.11945
JVASP-39319,4,Ho,55.983086,5.3662715,50.79359
JVASP-39319,5,Ho,20.269526,5.3662715,15.11945
JVASP-39319,6,Ho,20.269526,5.3662715,15.11945
JVASP-39319,7,Ho,55.983086,5.3662715,50.79359
JVASP-17612,0,Mn,46.96162,1.6964667,46.174267
JVASP-17612,1,Mn,46.961617,1.6964667,48.273674
JVASP-17612,2,Mn,46.96162,1.6964667,46.501663
JVASP-17612,3,Ge,0.0,9.267462,9.267462
JVASP-17718,0,Mn,37.995262,1.6964667,39.310104
JVASP-17718,1,Mn,37.995262,1.6964667,39.310104
JVASP-17718,2,Mn,48.804855,1.6964667,47.517612
JVASP-17718,3,Mn,48.804855,1.6964667,47.517612
JVASP-17718,4,Ge,55.44624,9.267462,47.563545
JVASP-17718,5,Ge,55.44624,9.267462,47.563545
JVASP-78941,0,Tl,53.89581,13.684985,50.021385
JVASP-78941,1,Sb,14.979121,27.438374,25.771858
JVASP-78941,2,Te,21.44391,68.54225,61.84151
JVASP-78941,3,Te,21.44391,68.54225,61.84151
JVASP-8063,0,Sb,15.075475,27.438374,18.58674
JVASP-8063,1,Te,18.555407,68.54225,52.69799
JVASP-8063,2,Te,18.555407,68.54225,52.69799
JVASP-8063,3,Tl,55.02344,13.684985,44.77034
JVASP-50620,0,Li,1.2027044,0.084703535,1.2819881
JVASP-50620,1,Co,28.73823,1.0717598,27.913506
JVASP-50620,2,S,54.235783,15.204629,39.32596
JVASP-50620,3,S,3.067986,15.204629,12.190417
JVASP-50866,0,Li,0.041665334,0.084703535,0.12458324
JVASP-50866,1,Li,0.041665334,0.084703535,0.12458324
JVASP-50866,2,Co,33.425766,1.0717598,32.600384
JVASP-50866,3,Co,33.425766,1.0717598,32.600384
JVASP-50866,4,S,32.84277,15.204629,18.027304
JVASP-50866,5,S,32.84277,15.204629,18.03102
JVASP-50866,6,S,32.84277,15.204629,18.027304
JVASP-50866,7,S,32.84277,15.204629,18.03102
JVASP-37206,0,Mg,27.37223,0.4287979,27.563663
JVASP-37206,1,Mg,27.37223,0.4287979,27.516506
JVASP-37206,2,Mg,27.37223,0.4287979,27.043577
JVASP-37206,3,Ta,0.0,34.19568,34.19568
JVASP-38928,0,Mg,17.74676,0.4287979,18.07466
JVASP-38928,1,Mg,17.74676,0.4287979,18.07466
JVASP-38928,2,Ta,53.23946,34.19568,86.61605
JVASP-38928,3,Ta,53.23946,34.19568,86.61605
JVASP-65109,0,Be,0.48254946,0.38258058,0.28524634
JVASP-65109,1,Be,0.48254946,0.38258058,0.28524634
JVASP-65109,2,In,52.214138,6.7296906,58.258247
JVASP-65109,3,In,52.214138,6.7296906,58.258247
JVASP-65109,4,Sn,25.316292,6.63049,20.366476
JVASP-65109,5,Sn,25.316292,6.63049,20.366476
JVASP-67649,0,Be,0.7413556,0.38258058,0.99779737
JVASP-67649,1,Be,0.7413556,0.38258058,0.98913383
JVASP-67649,2,In,36.467888,6.7296906,38.945953
JVASP-67649,3,Sn,40.28722,6.63049,42.017715
JVASP-3633,0,Pr,37.436775,6.8834753,44.146416
JVASP-3633,1,Pr,37.436775,6.8834753,44.146416
JVASP-3633,2,Cl,54.239044,20.642973,50.294834
JVASP-3633,3,Cl,54.238056,20.642973,60.682228
JVASP-3633,4,Cl,54.239044,20.642973,50.294834
JVASP-3633,5,Cl,54.237473,20.642973,60.681503
JVASP-3633,6,Cl,54.2388,20.642973,49.99175
JVASP-3633,7,Cl,54.239357,20.642973,49.992096
JVASP-38380,0,Pr,47.890324,6.8834753,50.725815
JVASP-38380,1,Pr,47.888134,6.8834753,52.84087
JVASP-38380,2,Pr,47.890324,6.8834753,51.06926
JVASP-38380,3,Pr,47.890324,6.8834753,50.725815
JVASP-38380,4,Pr,47.888134,6.8834753,52.84087
JVASP-38380,5,Pr,47.890324,6.8834753,51.06926
JVASP-38380,6,Cl,29.017881,20.642973,48.841705
JVASP-38380,7,Cl,29.017881,20.642973,48.841705
JVASP-18701,0,Dy,50.68566,4.4875207,54.839867
JVASP-18701,1,Zn,2.843074,10.546378,12.735403
JVASP-18701,2,Zn,35.598434,10.546378,46.075726
JVASP-18701,3,Zn,35.598434,10.546378,46.075726
JVASP-18701,4,Zn,2.843074,10.546378,12.840541
JVASP-18701,5,Zn,2.8403544,10.546378,12.626851
JVASP-14489,0,Dy,0.0,4.4875207,4.4875207
JVASP-14489,1,Zn,0.0,10.546378,10.546378
JVASP-34173,0,O,48.946606,1.173997,48.36916
JVASP-34173,1,O,48.94637,1.173997,49.737785
JVASP-34173,2,O,48.94637,1.173997,49.737785
JVASP-34173,3,O,48.946606,1.173997,48.36916
JVASP-34173,4,O,49.438152,1.173997,49.23003
JVASP-34173,5,O,49.438152,1.173997,49.23003
JVASP-34173,6,Co,14.91892,1.0717598,15.359353
JVASP-34173,7,Sr,49.7289,5.8790126,46.66359
JVASP-34173,8,Sr,49.7289,5.8790126,46.66359
JVASP-34173,9,Re,41.77891,20.045204,44.49479
JVASP-52113,0,O,48.96009,1.173997,48.38251
JVASP-52113,1,O,48.959404,1.173997,49.750877
JVASP-52113,2,O,48.959404,1.173997,49.750877
JVASP-52113,3,O,48.96009,1.173997,48.38251
JVASP-52113,4,O,49.450512,1.173997,49.242374
JVASP-52113,5,O,49.450512,1.173997,49.242374
JVASP-52113,6,Co,15.041727,1.0717598,15.481865
JVASP-52113,7,Sr,49.96222,5.8790126,46.89562
JVASP-52113,8,Sr,49.96222,5.8790126,46.89562
JVASP-52113,9,Re,42.00551,20.045204,44.700294
JVASP-67772,0,Be,4.8042655,0.38258058,5.11789
JVASP-67772,1,Cd,49.05185,15.619623,64.54882
JVASP-67772,2,Ru,30.002983,13.728401,43.287407
JVASP-67772,3,Ru,9.241925,13.728401,5.6594276
JVASP-74850,0,Be,6.380921,0.38258058,6.6933684
JVASP-74850,1,Be,7.3035617,0.38258058,6.9985867
JVASP-74850,2,Cd,45.34414,15.619623,60.843483
JVASP-74850,3,Ru,45.138382,13.728401,32.321983
JVASP-18526,0,Ce,48.25903,7.3629155,41.05778
JVASP-18526,1,Ce,48.25903,7.3629155,41.05778
JVASP-18526,2,Si,36.31246,1.7483627,37.064384
JVASP-18526,3,Si,36.31246,1.7483627,37.064384
JVASP-18526,4,I,34.881958,47.949,24.758389
JVASP-18526,5,I,34.881958,47.949,24.758389
JVASP-12097,0,Ce,48.260666,7.3629155,41.05923
JVASP-12097,1,Ce,48.260666,7.3629155,41.05923
JVASP-12097,2,Si,36.336548,1.7483627,37.088463
JVASP-12097,3,Si,36.336548,1.7483627,37.088463
JVASP-12097,4,I,34.859913,47.949,24.766542
JVASP-12097,5,I,34.859913,47.949,24.766542
JVASP-17452,0,P,5.7567973,4.940868,4.4510493
JVASP-17452,1,Zr,34.403954,6.08661,39.836014
JVASP-17452,2,Zr,34.403954,6.08661,39.836014
JVASP-17452,3,Te,46.67772,68.54225,28.604992
JVASP-17452,4,Te,46.67772,68.54225,28.604992
JVASP-12069,0,Zr,34.256115,6.08661,40.21264
JVASP-12069,1,Zr,34.256115,6.08661,40.21264
JVASP-12069,2,Zr,34.256523,6.08661,40.213074
JVASP-12069,3,Zr,34.256115,6.08661,40.21264
JVASP-12069,4,Zr,34.256115,6.08661,40.21264
JVASP-12069,5,Zr,34.256523,6.08661,40.213074
JVASP-12069,6,Te,46.13818,68.54225,26.042482
JVASP-12069,7,Te,46.13818,68.54225,26.042482
JVASP-12069,8,Te,46.137367,68.54225,26.043123
JVASP-12069,9,Te,46.13818,68.54225,26.042482
JVASP-12069,10,Te,46.13818,68.54225,26.042482
JVASP-12069,11,Te,46.137367,68.54225,26.043123
JVASP-12069,12,P,5.581571,4.940868,3.712725
JVASP-12069,13,P,5.582387,4.940868,3.7131293
JVASP-12069,14,P,5.582387,4.940868,3.7131293
JVASP-17282,0,B,11.292099,5.024234,12.191598
JVASP-17282,1,B,11.292099,5.024234,12.191598
JVASP-17282,2,Ni,45.914207,5.243039,48.058453
JVASP-17282,3,Ni,45.914207,5.243039,48.058453
JVASP-8008,0,B,11.307913,5.024234,13.078521
JVASP-8008,1,B,11.307913,5.024234,13.078521
JVASP-8008,2,Ni,35.59075,5.243039,31.681957
JVASP-8008,3,Ni,35.602974,5.243039,38.745354
JVASP-8008,4,Ni,35.59075,5.243039,31.681957
JVASP-8008,5,Ni,35.602974,5.243039,38.745354
JVASP-17940,0,Dy,49.88853,4.4875207,50.950245
JVASP-17940,1,Dy,49.89059,4.4875207,49.987545
JVASP-17940,2,Dy,49.88853,4.4875207,48.579346
JVASP-17940,3,Mn,42.24581,1.6964667,40.987553
JVASP-17940,4,Mn,42.24472,1.6964667,41.114853
JVASP-17940,5,Mn,42.24472,1.6964667,41.076183
JVASP-17940,6,Ga,6.4143972,4.5793962,10.735965
JVASP-17940,7,Ga,6.4143972,4.5793962,10.735965
JVASP-17940,8,Si,15.9225,1.7483627,16.716335
JVASP-5059,0,Dy,49.889614,4.4875207,50.951267
JVASP-5059,1,Dy,49.8885,4.4875207,49.985416
JVASP-5059,2,Dy,49.889614,4.4875207,48.580418
JVASP-5059,3,Mn,42.246994,1.6964667,40.98875
JVASP-5059,4,Mn,42.244453,1.6964667,41.11457
JVASP-5059,5,Mn,42.244453,1.6964667,41.0759
JVASP-5059,6,Ga,6.4131727,4.5793962,10.734858
JVASP-5059,7,Ga,6.4131727,4.5793962,10.734858
JVASP-5059,8,Si,15.923316,1.7483627,16.717148
JVASP-19824,0,Tm,0.0,8.03611,8.03611
JVASP-19824,1,Al,28.389587,1.0875204,27.630934
JVASP-19824,2,Al,28.389587,1.0875204,29.439535
JVASP-19824,3,Al,28.389587,1.0875204,28.130041
JVASP-37376,0,Tm,43.83729,8.03611,36.667793
JVASP-37376,1,Tm,43.83729,8.03611,36.667793
JVASP-37376,2,Al,3.074084,1.0875204,3.6031055
JVASP-37376,3,Al,3.0741212,1.0875204,3.9179091
JVASP-37376,4,Al,3.074084,1.0875204,3.6318076
JVASP-37376,5,Al,3.074084,1.0875204,3.6031055
JVASP-37376,6,Al,3.0741212,1.0875204,3.9179091
JVASP-37376,7,Al,3.074084,1.0875204,3.6318076
JVASP-39245,0,Hg,43.535595,18.195402,56.3367
JVASP-39245,1,Hg,43.535595,18.195402,28.836184
JVASP-39245,2,Hg,43.535595,18.195402,51.70989
JVASP-39245,3,C,0.0,4.4679255,4.4679255
JVASP-39250,0,Hg,21.646141,18.195402,24.023582
JVASP-39250,1,Hg,21.646141,18.195402,24.023582
JVASP-39250,2,Hg,40.228786,18.195402,48.609978
JVASP-39250,3,C,1.68035,4.4679255,4.0540376
JVASP-16544,0,Hf,0.0,15.926846,15.926846
JVASP-16544,1,Rh,0.0,12.903096,12.903096
JVASP-19597,0,Hf,0.0,15.926846,15.926846
JVASP-19597,1,Rh,42.29697,12.903096,35.374603
JVASP-19597,2,Rh,42.29697,12.903096,39.885387
JVASP-19597,3,Rh,42.29697,12.903096,54.99422
JVASP-79277,0,Mn,7.3149924,1.6964667,8.812979
JVASP-79277,1,Ga,13.2433195,4.5793962,16.424643
JVASP-79277,2,Ni,17.871597,5.243039,21.478241
JVASP-79277,3,Ni,17.871597,5.243039,21.478241
JVASP-79619,0,Mn,41.41352,1.6964667,42.727173
JVASP-79619,1,Ga,26.334465,4.5793962,30.53957
JVASP-79619,2,Ni,36.258892,5.243039,35.25748
JVASP-79619,3,Ni,36.258892,5.243039,36.401077
JVASP-1858,0,Na,18.725767,0.84107655,18.372131
JVASP-1858,1,Co,11.87875,1.0717598,12.361133
JVASP-1858,2,O,40.23962,1.173997,40.454357
JVASP-1858,3,O,40.240696,1.173997,40.455437
JVASP-40651,0,Na,21.573881,0.84107655,21.255232
JVASP-40651,1,Na,21.573881,0.84107655,21.255232
JVASP-40651,2,Co,10.722641,1.0717598,11.57518
JVASP-40651,3,Co,10.722641,1.0717598,11.57518
JVASP-40651,4,O,41.073044,1.173997,41.229244
JVASP-40651,5,O,41.073044,1.173997,41.229244
JVASP-40651,6,O,41.073044,1.173997,41.229244
JVASP-40651,7,O,41.073044,1.173997,41.229244
JVASP-15605,0,Sr,39.876465,5.8790126,34.80351
JVASP-15605,1,Mn,30.207108,1.6964667,31.52572
JVASP-15605,2,Mn,30.207108,1.6964667,31.52572
JVASP-15605,3,P,3.0410416,4.940868,3.3015487
JVASP-15605,4,P,3.0410416,4.940868,3.3015487
JVASP-14398,0,Sr,39.876465,5.8790126,34.80351
JVASP-14398,1,Mn,30.207108,1.6964667,31.52572
JVASP-14398,2,Mn,30.207108,1.6964667,31.52572
JVASP-14398,3,P,3.0410416,4.940868,3.3015487
JVASP-14398,4,P,3.0410416,4.940868,3.3015487
JVASP-37639,0,Zn,17.575089,10.546378,14.668409
JVASP-37639,1,Zn,17.575089,10.546378,16.046762
JVASP-37639,2,Zn,17.57509,10.546378,28.065435
JVASP-37639,3,Cd,0.0,15.619623,15.619623
JVASP-37639,4,S,18.449558,15.204629,22.223265
JVASP-37639,5,S,18.449558,15.204629,24.264301
JVASP-37639,6,S,18.449558,15.204629,23.949492
JVASP-37639,7,S,18.449558,15.204629,25.100988
JVASP-39536,0,Zn,16.366674,10.546378,6.0669265
JVASP-39536,1,Cd,39.43107,15.619623,54.934853
JVASP-39536,2,S,21.580881,15.204629,29.247854
JVASP-39536,3,S,21.580881,15.204629,30.655575
JVASP-35242,0,Ni,0.10712609,5.243039,5.2878575
JVASP-35242,1,Cl,0.74130607,20.642973,21.056063
JVASP-2020,0,Ni,6.288268,5.243039,2.1909523
JVASP-2020,1,Cl,38.553276,20.642973,56.282646
JVASP-2020,2,Cl,38.553276,20.642973,56.282646
JVASP-19900,0,P,0.0,4.940868,4.940868
JVASP-19900,1,Zr,0.0028284274,6.08661,6.088724
JVASP-16494,0,Zr,37.74296,6.08661,43.697758
JVASP-16494,1,Zr,37.74296,6.08661,43.697758
JVASP-16494,2,Zr,37.74296,6.08661,43.697758
JVASP-16494,3,Zr,37.74296,6.08661,43.697758
JVASP-16494,4,P,4.739763,4.940868,3.37598
JVASP-16494,5,P,4.739763,4.940868,3.37598
JVASP-16494,6,P,12.203358,4.940868,16.269123
JVASP-16494,7,P,12.203358,4.940868,16.269123
JVASP-42261,0,Ti,34.466003,1.1299996,33.74896
JVASP-42261,1,V,8.127038,3.798005,7.791446
JVASP-42261,2,O,34.11869,1.173997,34.078735
JVASP-42261,3,O,13.462947,1.173997,12.930816
JVASP-42261,4,O,34.117992,1.173997,34.826473
JVASP-42261,5,O,13.462213,1.173997,13.732494
JVASP-52735,0,Ti,31.281374,1.1299996,32.165344
JVASP-52735,1,V,12.189686,3.798005,12.746648
JVASP-52735,2,O,38.04496,1.173997,38.504616
JVASP-52735,3,O,27.482864,1.173997,27.086231
JVASP-52735,4,O,27.482864,1.173997,27.086231
JVASP-52735,5,O,38.04496,1.173997,38.504616
JVASP-18755,0,Nd,17.986603,2.8276725,15.790237
JVASP-18755,1,Zn,8.031262,10.546378,17.690756
JVASP-18755,2,Zn,36.89789,10.546378,47.374573
JVASP-18755,3,Zn,36.89789,10.546378,47.374573
JVASP-18755,4,Zn,8.029749,10.546378,17.28953
JVASP-18755,5,Zn,8.031262,10.546378,17.49399
JVASP-19610,0,Nd,0.0,2.8276725,2.8276725
JVASP-19610,1,Zn,0.0,10.546378,10.546378
JVASP-68988,0,K,6.0771837,3.9006114,2.506173
JVASP-68988,1,K,8.83531,3.9006114,12.647521
JVASP-68988,2,Ba,36.192844,16.451351,52.593513
JVASP-68988,3,Zn,12.075168,10.546378,2.1213696
JVASP-69369,0,K,6.0828996,3.9006114,2.5114274
JVASP-69369,1,K,8.903895,3.9006114,12.715898
JVASP-69369,2,Ba,36.20754,16.451351,52.608204
JVASP-69369,3,Zn,12.124158,10.546378,2.1589754
JVASP-36979,0,Na,5.1373124,0.84107655,5.4621444
JVASP-36979,1,Na,5.1373124,0.84107655,5.4621444
JVASP-36979,2,Mo,1.9808073,41.233887,42.209236
JVASP-36979,3,Mo,1.9808073,41.233887,42.209236
JVASP-36979,4,O,25.38827,1.173997,26.193844
JVASP-36979,5,O,25.38831,1.173997,24.44691
JVASP-36979,6,O,25.387049,1.173997,25.528955
JVASP-36979,7,O,25.38759,1.173997,24.446213
JVASP-36979,8,O,25.387373,1.173997,26.193045
JVASP-36979,9,O,25.387062,1.173997,25.528831
JVASP-55132,0,Na,24.79509,0.84107655,24.432127
JVASP-55132,1,Mo,35.076397,41.233887,19.90679
JVASP-55132,2,O,4.465473,1.173997,4.4373136
JVASP-55132,3,O,4.465473,1.173997,4.4373136
JVASP-20287,0,Hf,0.0,15.926846,15.926846
JVASP-20287,1,Co,0.0,1.0717598,1.0717598
JVASP-79551,0,Hf,15.799116,15.926846,25.648651
JVASP-79551,1,Hf,15.799116,15.926846,25.648651
JVASP-79551,2,Hf,15.799116,15.926846,25.648651
JVASP-79551,3,Hf,15.799116,15.926846,25.648651
JVASP-79551,4,Co,36.795082,1.0717598,37.55534
JVASP-79551,5,Co,36.795082,1.0717598,37.55534
JVASP-79551,6,Co,36.795082,1.0717598,37.55534
JVASP-79551,7,Co,36.795082,1.0717598,37.55534
JVASP-20495,0,Si,33.142193,1.7483627,31.775063
JVASP-20495,1,Si,33.14207,1.7483627,33.343708
JVASP-20495,2,Si,33.14207,1.7483627,33.343708
JVASP-20495,3,Si,33.142193,1.7483627,31.775063
JVASP-20495,4,Ce,31.838749,7.3629155,37.215527
JVASP-20495,5,Ce,31.838749,7.3629155,37.215527
JVASP-20230,0,Si,33.142014,1.7483627,31.774895
JVASP-20230,1,Si,33.14207,1.7483627,33.343708
JVASP-20230,2,Si,33.14207,1.7483627,33.343708
JVASP-20230,3,Si,33.142014,1.7483627,31.774895
JVASP-20230,4,Ce,31.838749,7.3629155,37.215527
JVASP-20230,5,Ce,31.838749,7.3629155,37.215527
JVASP-37468,0,Yb,31.636793,4.325258,34.172165
JVASP-37468,1,Yb,31.636793,4.325258,33.466705
JVASP-37468,2,Yb,31.636791,4.325258,27.76736
JVASP-37468,3,Rb,0.0,7.136503,7.136503
JVASP-37541,0,Yb,23.00561,4.325258,26.994802
JVASP-37541,1,Yb,23.00561,4.325258,26.994802
JVASP-37541,2,Yb,29.645359,4.325258,25.780489
JVASP-37541,3,Yb,23.00561,4.325258,26.994802
JVASP-37541,4,Yb,23.00561,4.325258,26.994802
JVASP-37541,5,Yb,29.645359,4.325258,25.780489
JVASP-37541,6,Rb,0.7903687,7.136503,7.806639
JVASP-37541,7,Rb,0.7903687,7.136503,7.806639
JVASP-45967,0,Dy,27.162392,4.4875207,31.337925
JVASP-45967,1,Dy,27.162392,4.4875207,31.337925
JVASP-45967,2,Dy,27.162392,4.4875207,31.337925
JVASP-45967,3,Dy,27.162392,4.4875207,31.337925
JVASP-45967,4,S,18.496098,15.204629,33.583645
JVASP-45967,5,S,18.496098,15.204629,33.583645
JVASP-45967,6,O,16.391985,1.173997,16.572788
JVASP-45967,7,O,16.391985,1.173997,16.572788
JVASP-45967,8,O,16.391985,1.173997,16.572788
JVASP-45967,9,O,16.391985,1.173997,16.572788
JVASP-7752,0,Dy,30.767225,4.4875207,34.937653
JVASP-7752,1,Dy,30.767225,4.4875207,34.937653
JVASP-7752,2,S,16.851265,15.204629,31.943727
JVASP-7752,3,O,17.987827,1.173997,18.165005
JVASP-7752,4,O,17.987827,1.173997,18.165005
JVASP-36410,0,Be,0.29768103,0.38258058,0.6460976
JVASP-36410,1,B,30.081367,5.024234,25.072895
JVASP-36410,2,B,30.081367,5.024234,25.072895
JVASP-24607,0,Be,1.9628577,0.38258058,1.6696087
JVASP-24607,1,Be,1.9628577,0.38258058,1.6696087
JVASP-24607,2,Be,1.2508727,0.38258058,0.96899027
JVASP-24607,3,Be,1.2508727,0.38258058,0.96899027
JVASP-24607,4,Be,6.4283595,0.38258058,6.5377183
JVASP-24607,5,Be,6.4283595,0.38258058,6.3427377
JVASP-24607,6,Be,6.4283595,0.38258058,6.5377183
JVASP-24607,7,Be,6.4283595,0.38258058,6.3427377
JVASP-24607,8,B,7.355818,5.024234,2.3726597
JVASP-24607,9,B,7.355818,5.024234,2.3726597
JVASP-15704,0,Ca,6.8267283,1.1291435,7.1836743
JVASP-15704,1,Mn,29.163218,1.6964667,30.482515
JVASP-15704,2,Mn,29.163218,1.6964667,30.482515
JVASP-15704,3,P,2.8054821,4.940868,7.2995763
JVASP-15704,4,P,2.8054821,4.940868,7.2995763
JVASP-14404,0,Ca,6.827136,1.1291435,7.1837254
JVASP-14404,1,Mn,29.162807,1.6964667,30.48205
JVASP-14404,2,Mn,29.162807,1.6964667,30.48205
JVASP-14404,3,P,2.8054821,4.940868,7.2995763
JVASP-14404,4,P,2.8054821,4.940868,7.2995763
JVASP-77419,0,Sr,28.578568,5.8790126,28.092384
JVASP-77419,1,Sr,28.578568,5.8790126,28.092384
JVASP-77419,2,Li,2.1672392,0.084703535,2.189581
JVASP-77419,3,Mg,5.583526,0.4287979,5.9117937
JVASP-81664,0,Sr,30.391565,5.8790126,25.289394
JVASP-81664,1,Sr,30.391565,5.8790126,25.289394
JVASP-81664,2,Sr,30.391565,5.8790126,25.289394
JVASP-81664,3,Sr,30.391565,5.8790126,25.289394
JVASP-81664,4,Li,2.1185613,0.084703535,2.0389707
JVASP-81664,5,Li,2.1185613,0.084703535,2.0389707
JVASP-81664,6,Mg,5.2178354,0.4287979,5.01054
JVASP-81664,7,Mg,5.2178354,0.4287979,5.01054
JVASP-36650,0,Mg,4.526658,0.4287979,4.864378
JVASP-36650,1,Si,1.7048448,1.7483627,1.8751944
JVASP-36650,2,N,13.410956,2.1896696,14.268272
JVASP-36650,3,N,13.410956,2.1896696,14.268272
JVASP-7813,0,N,29.102276,2.1896696,30.010496
JVASP-7813,1,N,29.101444,2.1896696,28.714432
JVASP-7813,2,N,29.101831,2.1896696,28.936426
JVASP-7813,3,N,29.102276,2.1896696,28.972424
JVASP-7813,4,Mg,26.702894,0.4287979,26.600939
JVASP-7813,5,Mg,26.702894,0.4287979,26.600939
JVASP-7813,6,Si,2.979757,1.7483627,4.567022
JVASP-7813,7,Si,2.979757,1.7483627,4.567022
JVASP-15656,0,Sm,26.082167,14.72507,40.745544
JVASP-15656,1,Sm,26.082167,14.72507,40.745544
JVASP-15656,2,Ti,1.3194585,1.1299996,2.3574529
JVASP-15656,3,Ti,1.3194585,1.1299996,2.3574529
JVASP-15656,4,Ge,16.78962,9.267462,9.792342
JVASP-15656,5,Ge,16.78962,9.267462,9.792342
JVASP-16247,0,Ti,12.743517,1.1299996,11.90829
JVASP-16247,1,Ti,12.74134,1.1299996,12.783876
JVASP-16247,2,Ge,0.7805562,9.267462,8.497392
JVASP-16247,3,Ge,0.7805562,9.267462,8.497392
JVASP-16247,4,Sm,4.9786353,14.72507,19.232233
JVASP-16247,5,Sm,4.9786353,14.72507,19.232233
JVASP-50027,0,Ce,24.390175,7.3629155,31.656317
JVASP-50027,1,Ce,24.346571,7.3629155,31.61278
JVASP-50027,2,Sm,16.936628,14.72507,31.614264
JVASP-50027,3,Sm,16.98895,14.72507,31.666676
JVASP-50027,4,O,9.948325,1.173997,10.441205
JVASP-50027,5,O,9.962631,1.173997,9.588132
JVASP-50027,6,O,9.9625845,1.173997,9.588064
JVASP-50027,7,O,9.948355,1.173997,10.441188
JVASP-50891,0,Ce,16.708788,7.3629155,9.588618
JVASP-50891,1,Sm,8.739782,14.72507,6.125602
JVASP-50891,2,O,0.32292828,1.173997,1.1809016
JVASP-50891,3,O,0.32292828,1.173997,1.1809016
JVASP-38302,0,Rb,0.0,7.136503,7.136503
JVASP-38302,1,Na,0.0,0.84107655,0.84107655
JVASP-38302,2,O,22.984379,1.173997,23.153458
JVASP-38302,3,O,22.984379,1.173997,22.562534
JVASP-38302,4,O,22.984379,1.173997,23.320143
JVASP-8173,0,Rb,1.063895,7.136503,6.2787666
JVASP-8173,1,Rb,1.063895,7.136503,6.2787666
JVASP-8173,2,Na,6.4984965,0.84107655,6.874748
JVASP-8173,3,Na,6.4984965,0.84107655,6.874748
JVASP-8173,4,O,3.1402457,1.173997,3.2189908
JVASP-8173,5,O,3.1402457,1.173997,3.2189908
JVASP-38220,0,Nd,0.0,2.8276725,2.8276725
JVASP-38220,1,Y,10.061687,11.128398,6.855769
JVASP-38220,2,Y,10.061687,11.128398,16.350416
JVASP-38220,3,Y,10.061687,11.128398,18.997335
JVASP-38227,0,Nd,21.597967,2.8276725,19.385118
JVASP-38227,1,Nd,21.597967,2.8276725,19.385118
JVASP-38227,2,Y,8.976563,11.128398,9.124023
JVASP-38227,3,Y,8.976563,11.128398,9.124023
JVASP-38227,4,Y,12.691624,11.128398,21.359758
JVASP-38227,5,Y,8.976563,11.128398,9.124023
JVASP-38227,6,Y,8.976563,11.128398,9.124023
JVASP-38227,7,Y,12.691624,11.128398,21.359758
JVASP-19970,0,Er,2.7165077,6.1186743,3.6549683
JVASP-19970,1,B,7.05698,5.024234,2.0778444
JVASP-19970,2,B,7.05698,5.024234,2.0778444
JVASP-19660,0,Er,0.0,6.1186743,6.1186743
JVASP-19660,1,B,20.350359,5.024234,18.432228
JVASP-19660,2,B,20.350359,5.024234,18.432228
JVASP-19660,3,B,20.350359,5.024234,25.364058
JVASP-19660,4,B,20.350359,5.024234,25.364058
JVASP-19660,5,B,20.350359,5.024234,18.30458
JVASP-19660,6,B,20.350359,5.024234,18.30458
JVASP-8075,0,Ge,0.0,9.267462,9.267462
JVASP-8075,1,Ge,0.0,9.267462,9.267462
JVASP-8075,2,Mo,19.196651,41.233887,35.14276
JVASP-8075,3,Mo,19.196651,41.233887,35.14276
JVASP-8075,4,Mo,19.196651,41.233887,60.41642
JVASP-8075,5,Mo,19.196651,41.233887,60.41642
JVASP-8075,6,Mo,19.196651,41.233887,36.346626
JVASP-8075,7,Mo,19.196651,41.233887,36.346626
JVASP-15927,0,Ge,2.616055,9.267462,11.622968
JVASP-15927,1,Ge,2.616055,9.267462,11.622968
JVASP-15927,2,Ge,2.616055,9.267462,11.622968
JVASP-15927,3,Ge,2.616055,9.267462,11.622968
JVASP-15927,4,Mo,15.343603,41.233887,25.916607
JVASP-15927,5,Mo,15.343603,41.233887,25.916607
JVASP-35763,0,Ga,0.0,4.5793962,4.5793962
JVASP-35763,1,Bi,0.0,75.36236,75.36236
JVASP-37780,0,Ga,17.881275,4.5793962,14.863279
JVASP-37780,1,Ga,17.881275,4.5793962,17.673481
JVASP-37780,2,Ga,17.881275,4.5793962,22.110262
JVASP-37780,3,Bi,0.0,75.36236,75.36236
JVASP-15748,0,Sm,16.469143,14.72507,31.143217
JVASP-15748,1,Al,0.92182463,1.0875204,0.31516874
JVASP-15748,2,Al,0.92182463,1.0875204,0.31516874
JVASP-15748,3,Si,7.3043785,1.7483627,8.178905
JVASP-15748,4,Si,7.3043785,1.7483627,8.178905
JVASP-16856,0,Al,3.6292799,1.0875204,2.981942
JVASP-16856,1,Al,3.6296902,1.0875204,3.3740988
JVASP-16856,2,Si,2.4125803,1.7483627,3.8022995
JVASP-16856,3,Si,2.4131465,1.7483627,2.5316365
JVASP-16856,4,Sm,15.857564,14.72507,15.804177
JVASP-16856,5,Sm,15.847251,14.72507,14.961631
JVASP-67619,0,Be,3.3762143,0.38258058,3.0758548
JVASP-67619,1,Fe,2.0273614,2.1271884,1.9219745
JVASP-67619,2,V,11.36155,3.798005,14.77529
JVASP-74841,0,Be,7.090054,0.38258058,6.785062
JVASP-74841,1,V,13.1672325,3.798005,16.567532
JVASP-74841,2,Fe,15.257873,2.1271884,14.147789
JVASP-38424,0,Li,0.1837607,0.084703535,0.11004086
JVASP-38424,1,Li,0.1837607,0.084703535,0.11004086
JVASP-38424,2,Zn,5.0227246,10.546378,15.449409
JVASP-38424,3,Zn,5.0239215,10.546378,15.313076
JVASP-38424,4,Zn,5.0239215,10.546378,15.38078
JVASP-38424,5,Zn,5.0227246,10.546378,15.449409
JVASP-38424,6,Zn,5.0239215,10.546378,15.313076
JVASP-38424,7,Zn,5.0239215,10.546378,15.38078
JVASP-79432,0,Li,0.106144555,0.084703535,0.1875576
JVASP-79432,1,Li,0.106144555,0.084703535,0.1875576
JVASP-79432,2,Li,0.64993125,0.084703535,0.57193226
JVASP-79432,3,Zn,14.1629505,10.546378,24.658
JVASP-1072,0,Si,4.278034,1.7483627,3.900909
JVASP-1072,1,Si,4.278034,1.7483627,3.9011962
JVASP-1072,2,Ge,11.551794,9.267462,5.6803293
JVASP-1072,3,Ge,11.551794,9.267462,5.6803293
JVASP-1073,0,Si,4.5111437,1.7483627,4.1149096
JVASP-1073,1,Si,4.5111437,1.7483627,4.1149096
JVASP-1073,2,Ge,12.1666155,9.267462,6.0736346
JVASP-1073,3,Ge,12.1666155,9.267462,6.0736346
JVASP-38199,0,Nd,0.0,2.8276725,2.8276725
JVASP-38199,1,Th,11.583637,20.611576,12.13209
JVASP-38199,2,Th,11.583637,20.611576,27.150839
JVASP-38199,3,Th,11.583637,20.611576,28.154882
JVASP-39430,0,Nd,2.4274445,2.8276725,4.9979653
JVASP-39430,1,Nd,2.4274445,2.8276725,4.9979653
JVASP-39430,2,Nd,2.7483275,2.8276725,1.7295725
JVASP-39430,3,Nd,2.4274445,2.8276725,4.9979653
JVASP-39430,4,Nd,2.4274445,2.8276725,4.9979653
JVASP-39430,5,Nd,2.7483275,2.8276725,1.7295725
JVASP-39430,6,Th,5.1226997,20.611576,16.399788
JVASP-39430,7,Th,5.1226997,20.611576,16.399788
JVASP-67446,0,Na,1.9375485,0.84107655,2.3989475
JVASP-67446,1,Be,7.461973,0.38258058,7.156744
JVASP-67446,2,Br,0.15309474,43.576878,43.448826
JVASP-67684,0,Be,4.3968396,0.38258058,4.0945168
JVASP-67684,1,Br,9.823271,43.576878,35.791824
JVASP-67684,2,Na,1.9367309,0.84107655,2.3974733
JVASP-38949,0,Tb,0.0,11.037279,11.037279
JVASP-38949,1,Y,5.0459485,11.128398,7.745766
JVASP-38949,2,Y,5.0459485,11.128398,13.057371
JVASP-38949,3,Y,5.045949,11.128398,14.745057
JVASP-78998,0,Tb,4.385403,11.037279,15.242526
JVASP-78998,1,Tb,4.385403,11.037279,15.242526
JVASP-78998,2,Y,1.7726141,11.128398,10.15162
JVASP-78998,3,Y,1.7726141,11.128398,10.15162
JVASP-78998,4,Y,6.9638987,11.128398,16.319954
JVASP-78998,5,Y,1.7726141,11.128398,10.15162
JVASP-78998,6,Y,1.7726141,11.128398,10.15162
JVASP-78998,7,Y,6.9638987,11.128398,16.319954
JVASP-66870,0,Mg,3.2602708,0.4287979,3.600731
JVASP-66870,1,Be,1.5725725,0.38258058,1.2840066
JVASP-66870,2,Be,1.2476068,0.38258058,1.5725721
JVASP-66870,3,Cu,6.0649366,2.626418,5.517496
JVASP-66944,0,Mg,3.2529223,0.4287979,3.5934038
JVASP-66944,1,Be,1.5725725,0.38258058,1.2840066
JVASP-66944,2,Be,1.2492397,0.38258058,1.5741881
JVASP-66944,3,Cu,6.090248,2.626418,5.540323
JVASP-18409,0,H,0.0014142137,4.494067,4.494125
JVASP-18409,1,Ni,0.021786846,5.243039,5.2524886
JVASP-50851,0,Ni,5.3321323,5.243039,10.458824
JVASP-50851,1,Ni,5.320293,5.243039,10.447152
JVASP-50851,2,H,0.053888775,4.494067,4.445473
JVASP-38623,0,Ni,2.2919059,5.243039,7.464701
JVASP-38623,1,Ni,2.2919059,5.243039,7.464701
JVASP-38623,2,Ag,0.25474694,6.9597216,6.7244573
JVASP-38623,3,Ag,0.25474694,6.9597216,6.7244573
JVASP-38623,4,Ag,1.4884733,6.9597216,5.609218
JVASP-38623,5,Ag,0.25474694,6.9597216,6.7244573
JVASP-38623,6,Ag,0.25474694,6.9597216,6.7244573
JVASP-38623,7,Ag,1.4884733,6.9597216,5.609218
JVASP-38627,0,Ni,0.0,5.243039,5.243039
JVASP-38627,1,Ag,1.4427495,6.9597216,7.7595925
JVASP-38627,2,Ag,1.4427495,6.9597216,7.7089353
JVASP-38627,3,Ag,1.4427495,6.9597216,5.6496716
JVASP-14817,0,Rh,0.021725561,12.903096,12.894493
JVASP-984,0,Rh,0.0,12.903096,12.903096
JVASP-984,1,Rh,0.0,12.903096,12.903096
JVASP-984,2,Rh,0.0,12.903096,12.903096
JVASP-984,3,Rh,0.0,12.903096,12.903096
JVASP-14575,0,N,0.0,2.1896696,2.1896696
JVASP-14575,1,Ce,0.008,7.3629155,7.367455
JVASP-78358,0,Ce,0.0,7.3629155,7.3629155
JVASP-78358,1,Ce,0.0,7.3629155,7.3629155
JVASP-78358,2,Ce,0.0,7.3629155,7.3629155
JVASP-78358,3,Ce,0.0,7.3629155,7.3629155
JVASP-78358,4,N,0.0,2.1896696,2.1896696
JVASP-78358,5,N,0.0,2.1896696,2.1896696
JVASP-78358,6,N,0.0,2.1896696,2.1896696
JVASP-78358,7,N,0.0,2.1896696,2.1896696
JVASP-35994,0,Ho,0.0,5.3662715,5.3662715
JVASP-35994,1,Bi,0.0,75.36236,75.36236
JVASP-18308,0,Ho,0.005291503,5.3662715,5.3656015
JVASP-18308,1,Bi,0.0014142137,75.36236,75.36242
JVASP-14987,0,As,0.0,16.668182,16.668182
JVASP-14987,1,Dy,0.0037416576,4.4875207,4.4853563
JVASP-36430,0,Dy,0.0,4.4875207,4.4875207
JVASP-36430,1,As,0.0,16.668182,16.668182
JVASP-1993,0,K,0.00244949,3.9006114,3.8992705
JVASP-1993,1,Br,0.002,43.576878,43.576958
JVASP-54807,0,K,0.0,3.9006114,3.9006114
JVASP-54807,1,Br,0.0,43.576878,43.576878
JVASP-20370,0,Sc,0.00081649655,1.2577385,1.2582315
JVASP-20370,1,As,0.0,16.668182,16.668182
JVASP-16886,0,Sc,0.0,1.2577385,1.2577385
JVASP-16886,1,As,0.0,16.668182,16.668182
JVASP-78345,0,I,0.0,47.949,47.949
JVASP-78345,1,N,0.0,2.1896696,2.1896696
JVASP-78387,0,I,0.0,47.949,47.949
JVASP-78387,1,N,0.0,2.1896696,2.1896696
JVASP-20525,0,Er,0.0,6.1186743,6.1186743
JVASP-20525,1,Cu,0.0,2.626418,2.626418
JVASP-20254,0,Er,0.0,6.1186743,6.1186743
JVASP-20254,1,Cu,0.0,2.626418,2.626418
JVASP-78388,0,Br,0.0,43.576878,43.576878
JVASP-78388,1,Br,0.0,43.576878,43.576878
JVASP-78388,2,Br,0.0,43.576878,43.576878
JVASP-78388,3,Br,0.0,43.576878,43.576878
JVASP-78388,4,N,0.0,2.1896696,2.1896696
JVASP-78388,5,N,0.0,2.1896696,2.1896696
JVASP-78388,6,N,0.0,2.1896696,2.1896696
JVASP-78388,7,N,0.0,2.1896696,2.1896696
JVASP-78420,0,Br,0.0,43.576878,43.576878
JVASP-78420,1,N,0.0,2.1896696,2.1896696
JVASP-17502,0,Ni,2.8977463,5.243039,8.058551
JVASP-17502,1,Ni,2.8977463,5.243039,8.058551
JVASP-17502,2,As,54.082287,16.668182,70.44308
JVASP-17502,3,As,54.082287,16.668182,70.44308
JVASP-17502,4,Rh,61.087822,12.903096,73.76921
JVASP-17502,5,Rh,61.087822,12.903096,73.76921
JVASP-38562,0,Nd,60.877575,2.8276725,58.616646
JVASP-38562,1,Nd,60.877575,2.8276725,58.616646
JVASP-38562,2,Sc,9.418218,1.2577385,8.800915
JVASP-38562,3,Sc,9.416876,1.2577385,8.747742
JVASP-38562,4,Sc,9.418218,1.2577385,8.8188
JVASP-38562,5,Sc,9.418218,1.2577385,8.800915
JVASP-38562,6,Sc,9.41762,1.2577385,8.748471
JVASP-38562,7,Sc,9.418218,1.2577385,8.8188
JVASP-41748,0,Sc,14.875599,1.2577385,14.375199
JVASP-41748,1,Sc,14.876381,1.2577385,14.499074
JVASP-41748,2,Sc,14.875599,1.2577385,14.406981
JVASP-41748,3,Sc,14.875067,1.2577385,14.374692
JVASP-41748,4,Sc,14.876381,1.2577385,14.499074
JVASP-41748,5,Sc,14.875067,1.2577385,14.406476
JVASP-41748,6,Tc,60.739998,8.509769,62.749367
JVASP-41748,7,Tc,60.73959,8.509769,62.74904
JVASP-16161,0,Sc,3.2637267,1.2577385,3.171382
JVASP-16161,1,Sc,3.2655666,1.2577385,3.0310223
JVASP-16161,2,Sc,3.2637267,1.2577385,3.1353614
JVASP-16161,3,Fe,17.005507,2.1271884,15.697589
JVASP-16161,4,Fe,17.007635,2.1271884,17.635424
JVASP-16161,5,Fe,17.005507,2.1271884,15.86966
JVASP-16161,6,Ge,60.50852,9.267462,68.75335
JVASP-16161,7,Ge,52.935925,9.267462,61.199097
JVASP-16161,8,Ge,52.935925,9.267462,61.199097
JVASP-67308,0,Be,0.29069343,0.38258058,0.6403544
JVASP-67308,1,Ca,36.0026,1.1291435,36.291744
JVASP-67308,2,Zr,60.340733,6.08661,54.42402
JVASP-67920,0,Be,1.8730448,0.38258058,2.1932828
JVASP-67920,1,Ru,34.20794,13.728401,47.474667
JVASP-67920,2,Sc,11.704478,1.2577385,10.991118
JVASP-67920,3,Sc,59.653236,1.2577385,58.902576
JVASP-24907,0,Sr,17.646206,5.8790126,23.388
JVASP-24907,1,Sr,17.646206,5.8790126,23.388
JVASP-24907,2,Fe,67.51351,2.1271884,66.91712
JVASP-24907,3,Fe,67.51454,2.1271884,65.52813
JVASP-24907,4,Se,28.60181,29.56337,9.742245
JVASP-24907,5,Se,28.601812,29.56337,9.742658
JVASP-24907,6,O,37.56515,1.173997,37.71528
JVASP-24907,7,F,12.026534,15.800529,6.3936844
JVASP-24907,8,F,12.026534,15.800529,6.3936844
JVASP-17820,0,Ce,60.37945,7.3629155,66.06527
JVASP-17820,1,Ce,60.380245,7.3629155,66.361015
JVASP-17820,2,Co,44.01826,1.0717598,44.688362
JVASP-17820,3,Co,44.0186,1.0717598,44.499683
JVASP-17820,4,C,35.70818,4.4679255,33.051685
JVASP-17820,5,C,35.70832,4.4679255,38.07378
JVASP-17820,6,C,36.200134,4.4679255,33.5244
JVASP-17820,7,C,36.199368,4.4679255,38.381695
JVASP-37778,0,Tl,44.52515,13.684985,50.690437
JVASP-37778,1,Tl,44.52489,13.684985,39.953007
JVASP-37778,2,Tl,44.52489,13.684985,40.59673
JVASP-37778,3,Tl,44.52515,13.684985,50.690437
JVASP-37778,4,Tl,44.52489,13.684985,39.953007
JVASP-37778,5,Tl,44.52489,13.684985,40.59673
JVASP-37778,6,Pb,59.196815,21.544178,73.66096
JVASP-37778,7,Pb,59.196815,21.544178,73.66096
JVASP-63765,0,B,6.858714,5.024234,9.063442
JVASP-63765,1,B,6.858714,5.024234,9.063442
JVASP-63765,2,Ni,38.653732,5.243039,42.926224
JVASP-63765,3,W,60.15711,103.865906,100.75359
JVASP-63765,4,W,60.15711,103.865906,100.75359
JVASP-79001,0,Tb,19.932314,11.037279,30.56151
JVASP-79001,1,Tb,19.932314,11.037279,30.56151
JVASP-79001,2,Tb,58.92003,11.037279,48.65164
JVASP-79001,3,Tb,19.932314,11.037279,30.56151
JVASP-79001,4,Tb,19.932314,11.037279,30.56151
JVASP-79001,5,Tb,58.92003,11.037279,48.65164
JVASP-79001,6,Yb,16.191128,4.325258,20.200817
JVASP-79001,7,Yb,16.191128,4.325258,20.200817
JVASP-8125,0,Na,0.20167466,0.84107655,0.7835062
JVASP-8125,1,Na,0.20167466,0.84107655,0.7835062
JVASP-8125,2,Cu,4.408265,2.626418,5.996115
JVASP-8125,3,Cu,4.408265,2.626418,5.996115
JVASP-8125,4,Se,58.665283,29.56337,87.795494
JVASP-8125,5,Se,58.665283,29.56337,87.795494
JVASP-26526,0,Ba,56.11794,16.451351,42.522167
JVASP-26526,1,Ba,56.113766,16.451351,42.5186
JVASP-26526,2,Fe,59.208702,2.1271884,59.422176
JVASP-26526,3,Fe,59.21532,2.1271884,57.158577
JVASP-26526,4,S,27.225574,15.204629,14.480287
JVASP-26526,5,S,27.226103,15.204629,14.469731
JVASP-26526,6,O,40.862087,1.173997,41.009876
JVASP-26526,7,F,21.256376,15.800529,8.694077
JVASP-26526,8,F,21.25686,15.800529,8.694924
JVASP-37964,0,Ac,0.0,31.326805,31.326805
JVASP-37964,1,Er,58.268463,6.1186743,62.93027
JVASP-37964,2,Er,58.268463,6.1186743,59.839676
JVASP-37964,3,Er,58.268463,6.1186743,52.506664
JVASP-67712,0,Be,5.1145353,0.38258058,5.4279037
JVASP-67712,1,Mo,58.194977,41.233887,99.40285
JVASP-67712,2,Tl,28.587996,13.684985,39.57073
JVASP-69073,0,Ba,57.659355,16.451351,74.05335
JVASP-69073,1,Cu,57.935333,2.626418,59.075073
JVASP-69073,2,Rh,57.76222,12.903096,60.808754
JVASP-69073,3,Rh,57.76222,12.903096,64.86161
JVASP-38597,0,K,5.4140162,3.9006114,3.8624868
JVASP-38597,1,K,5.413284,3.9006114,5.105504
JVASP-38597,2,K,5.4140162,3.9006114,3.9041522
JVASP-38597,3,K,5.413999,3.9006114,3.862224
JVASP-38597,4,K,5.413284,3.9006114,5.105504
JVASP-38597,5,K,5.413999,3.9006114,3.9038925
JVASP-38597,6,Co,57.747944,1.0717598,56.91908
JVASP-38597,7,Co,57.748764,1.0717598,56.919895
JVASP-17887,0,Si,11.934477,1.7483627,10.476242
JVASP-17887,1,Si,11.934477,1.7483627,10.476242
JVASP-17887,2,Nd,57.4993,2.8276725,57.902588
JVASP-17887,3,Pt,0.28794098,18.358461,18.508574
JVASP-17887,4,Pt,0.28794098,18.358461,18.508574
JVASP-35971,0,Lu,37.03506,5.367924,31.98062
JVASP-35971,1,Cu,20.09644,2.626418,21.320156
JVASP-35971,2,S,47.425797,15.204629,62.468945
JVASP-35971,3,S,57.236004,15.204629,42.32036
JVASP-15185,0,Sr,57.00534,5.8790126,51.895844
JVASP-15185,1,Sr,57.00534,5.8790126,51.895844
JVASP-15185,2,Fe,12.667128,2.1271884,11.580605
JVASP-15185,3,Fe,12.667128,2.1271884,11.580605
JVASP-15185,4,Fe,12.667128,2.1271884,11.580605
JVASP-15185,5,Fe,12.667128,2.1271884,11.580605
JVASP-15185,6,P,13.227245,4.940868,17.27388
JVASP-15185,7,P,13.227245,4.940868,17.27388
JVASP-15185,8,P,13.227245,4.940868,17.27388
JVASP-15185,9,P,13.227245,4.940868,17.27388
JVASP-14537,0,Y,0.0,11.128398,11.128398
JVASP-14537,1,Pt,56.764473,18.358461,74.388504
JVASP-14537,2,Pt,56.764473,18.358461,45.736496
JVASP-14537,3,Pt,56.764473,18.358461,55.247074
JVASP-1654,0,S,2.5299134,15.204629,17.508326
JVASP-1654,1,S,2.5299134,15.204629,17.508326
JVASP-1654,2,Rb,51.947098,7.136503,45.039913
JVASP-1654,3,Pr,56.5404,6.8834753,50.96277
JVASP-37310,0,Sr,35.612724,5.8790126,40.890614
JVASP-37310,1,Ga,56.46319,4.5793962,60.637184
JVASP-37310,2,Ga,56.46319,4.5793962,60.637184
JVASP-37310,3,H,5.9604254,4.494067,2.7118134
JVASP-37310,4,H,5.9604254,4.494067,2.7118134
JVASP-80135,0,Na,5.367544,0.84107655,4.6576633
JVASP-80135,1,Na,5.367544,0.84107655,4.6576633
JVASP-80135,2,Cd,63.679398,15.619623,60.05461
JVASP-80135,3,Cd,63.679398,15.619623,60.05461
JVASP-80135,4,In,41.936768,6.7296906,45.127228
JVASP-80135,5,In,41.936768,6.7296906,45.127228
JVASP-80135,6,In,41.936768,6.7296906,45.127228
JVASP-80135,7,In,41.936768,6.7296906,45.127228
JVASP-81639,0,Li,0.3559354,0.084703535,0.35625446
JVASP-81639,1,Li,0.3559354,0.084703535,0.35625446
JVASP-81639,2,Li,0.3559354,0.084703535,0.35625446
JVASP-81639,3,Li,0.3559354,0.084703535,0.35625446
JVASP-81639,4,Sn,14.546696,6.63049,14.981204
JVASP-81639,5,Sn,14.546696,6.63049,14.981204
JVASP-81639,6,Pb,56.14392,21.544178,39.31491
JVASP-81639,7,Pb,56.14392,21.544178,39.31491
JVASP-35966,0,Lu,13.26113,5.367924,8.334163
JVASP-35966,1,Tl,55.905926,13.684985,47.064693
JVASP-35966,2,Se,32.135674,29.56337,61.35964
JVASP-35966,3,Se,32.135674,29.56337,61.35964
JVASP-1717,0,Se,1.4822329,29.56337,28.170227
JVASP-1717,1,Se,1.4822329,29.56337,28.170227
JVASP-1717,2,Rb,55.71706,7.136503,48.809566
JVASP-1717,3,Tb,24.135235,11.037279,35.01982
JVASP-37497,0,Yb,2.5327723,4.325258,6.7098885
JVASP-37497,1,Yb,2.5327723,4.325258,6.7098885
JVASP-37497,2,Pu,16.977415,29.168139,44.667458
JVASP-37497,3,Pu,16.977415,29.168139,44.667458
JVASP-37497,4,Pu,55.46624,29.168139,33.617386
JVASP-37497,5,Pu,16.977415,29.168139,44.667458
JVASP-37497,6,Pu,16.977415,29.168139,44.667458
JVASP-37497,7,Pu,55.46624,29.168139,33.617386
JVASP-37646,0,Sc,0.0,1.2577385,1.2577385
JVASP-37646,1,H,6.513193,4.494067,10.523247
JVASP-37646,2,H,6.513193,4.494067,8.20689
JVASP-37646,3,H,6.513193,4.494067,3.12461
JVASP-37646,4,H,0.0,4.494067,4.494067
JVASP-37646,5,Pd,55.32336,20.903904,66.041954
JVASP-37646,6,Pd,55.32336,20.903904,70.14992
JVASP-37646,7,Pd,55.32336,20.903904,34.790676
JVASP-167,0,Mg,0.10165628,0.4287979,0.3565684
JVASP-167,1,I,55.191494,47.949,99.69027
JVASP-167,2,I,55.191494,47.949,99.69027
JVASP-56898,0,Co,13.693872,1.0717598,14.542392
JVASP-56898,1,Co,13.693872,1.0717598,14.542392
JVASP-56898,2,C,54.906128,4.4679255,53.170788
JVASP-56898,3,C,54.906128,4.4679255,53.170788
JVASP-56898,4,N,5.3839784,2.1896696,5.1166515
JVASP-56898,5,N,5.3839784,2.1896696,5.1166515
JVASP-56898,6,N,5.3839784,2.1896696,5.1166515
JVASP-56898,7,N,5.3839784,2.1896696,5.1166515
JVASP-25647,0,Yb,54.666897,4.325258,58.6233
JVASP-25647,1,Yb,54.666897,4.325258,58.6233
JVASP-25647,2,Cl,22.34996,20.642973,42.263905
JVASP-25647,3,Cl,22.34996,20.642973,42.263905
JVASP-25647,4,F,6.0600376,15.800529,10.39522
JVASP-25647,5,F,6.0600376,15.800529,10.39522
JVASP-42094,0,Li,0.0,0.084703535,0.084703535
JVASP-42094,1,Tc,0.0,8.509769,8.509769
JVASP-42094,2,O,54.365604,1.173997,54.23841
JVASP-42094,3,O,54.365604,1.173997,54.824303
JVASP-42094,4,O,54.365604,1.173997,54.06924
JVASP-80616,0,Al,33.269314,1.0875204,33.418583
JVASP-80616,1,Al,33.269314,1.0875204,33.418583
JVASP-80616,2,Al,33.269314,1.0875204,33.418583
JVASP-80616,3,Al,33.269314,1.0875204,33.418583
JVASP-80616,4,Tc,54.37275,8.509769,57.211124
JVASP-80616,5,Tc,54.37275,8.509769,57.211124
JVASP-80616,6,Ir,57.328934,25.960743,81.315735
JVASP-80616,7,Ir,57.328934,25.960743,81.315735
JVASP-36897,0,K,0.0037416576,3.9006114,3.8991919
JVASP-36897,1,Hf,0.2312704,15.926846,16.118534
JVASP-36897,2,O,53.6806,1.173997,53.2446
JVASP-36897,3,O,53.67088,1.173997,53.99009
JVASP-36897,4,O,53.677044,1.173997,53.829506
JVASP-38083,0,Sr,58.109924,5.8790126,62.764553
JVASP-38083,1,Sr,58.109924,5.8790126,62.764553
JVASP-38083,2,Tc,16.450748,8.509769,20.595293
JVASP-38083,3,Tc,16.450748,8.509769,20.595293
JVASP-38083,4,N,37.226673,2.1896696,37.554592
JVASP-38083,5,N,37.225567,2.1896696,38.86911
JVASP-38083,6,N,30.388174,2.1896696,30.94162
JVASP-38083,7,N,37.226673,2.1896696,37.554592
JVASP-38083,8,N,37.225567,2.1896696,38.86911
JVASP-38083,9,N,30.388174,2.1896696,31.650702
JVASP-22687,0,Sr,52.953068,5.8790126,58.202827
JVASP-22687,1,Sr,52.953068,5.8790126,58.202827
JVASP-22687,2,H,0.31598416,4.494067,4.2109675
JVASP-22687,3,N,16.671228,2.1896696,16.099257
JVASP-38277,0,Rb,8.5658655,7.136503,4.7481337
JVASP-38277,1,Zn,56.059258,10.546378,54.47786
JVASP-38277,2,Zn,56.059258,10.546378,54.47786
JVASP-38277,3,Zn,56.059258,10.546378,55.868267
JVASP-38277,4,Zn,56.059258,10.546378,55.868267
JVASP-38277,5,As,4.8573384,16.668182,21.434786
JVASP-38277,6,As,18.034777,16.668182,4.042326
JVASP-38277,7,As,18.034777,16.668182,4.042326
JVASP-37080,0,Sm,48.698303,14.72507,34.111294
JVASP-37080,1,Tl,52.61953,13.684985,43.851368
JVASP-37080,2,S,14.030678,15.204629,29.132923
JVASP-37080,3,S,14.030678,15.204629,29.132923
JVASP-87077,0,P,52.4159,4.940868,54.602955
JVASP-87077,1,P,52.4159,4.940868,54.602955
JVASP-87077,2,Rh,2.8363278,12.903096,11.185668
JVASP-87077,3,Rh,2.8363278,12.903096,11.185668
JVASP-87077,4,Eu,37.975266,21.293404,29.588686
JVASP-67204,0,Y,52.17168,11.128398,59.581078
JVASP-67204,1,Ti,48.855072,1.1299996,49.821045
JVASP-67204,2,Be,8.327044,0.38258058,8.021698
JVASP-10586,0,O,15.566811,1.173997,15.544898
JVASP-10586,1,O,15.566689,1.173997,15.978572
JVASP-10586,2,O,15.567615,1.173997,15.745401
JVASP-10586,3,O,15.56747,1.173997,15.53297
JVASP-10586,4,O,15.567209,1.173997,15.747555
JVASP-10586,5,O,15.567248,1.173997,15.988929
JVASP-10586,6,Ag,51.987736,6.9597216,57.582603
JVASP-10586,7,Ag,51.987736,6.9597216,57.582603
JVASP-10586,8,Ta,10.258576,34.19568,29.447508
JVASP-10586,9,Ta,10.258576,34.19568,29.447508
JVASP-15558,0,Ge,51.90084,9.267462,43.62055
JVASP-15558,1,Ge,51.90084,9.267462,43.62055
JVASP-15558,2,Pd,28.131676,20.903904,22.200563
JVASP-15558,3,Pd,28.131676,20.903904,22.200563
JVASP-15558,4,Tb,19.87097,11.037279,12.348466
JVASP-8227,0,La,2.1836977,5.9067655,5.8020854
JVASP-8227,1,V,2.070216,3.798005,5.6116858
JVASP-8227,2,Cr,1.7053717,3.2921274,4.6211214
JVASP-8227,3,O,59.05586,1.173997,59.82229
JVASP-8227,4,O,58.939663,1.173997,58.452602
JVASP-8227,5,O,58.91209,1.173997,58.03606
JVASP-8227,6,O,59.335663,1.173997,59.01253
JVASP-8227,7,O,59.152428,1.173997,59.25638
JVASP-8227,8,O,58.95121,1.173997,59.831253
JVASP-67742,0,Na,51.698933,0.84107655,52.03738
JVASP-67742,1,Mn,47.241676,1.6964667,48.553658
JVASP-67742,2,Be,13.761512,0.38258058,13.782859
JVASP-67742,3,Be,13.761512,0.38258058,13.592912
JVASP-36676,0,Cu,0.0,2.626418,2.626418
JVASP-36676,1,Ni,51.54216,5.243039,53.771507
JVASP-36676,2,Ni,51.542164,5.243039,46.554314
JVASP-36676,3,Ni,51.54216,5.243039,54.71356
JVASP-36676,4,N,0.0,2.1896696,2.1896696
JVASP-67686,0,Na,51.250675,0.84107655,51.589172
JVASP-67686,1,Be,12.8891735,0.38258058,12.914815
JVASP-67686,2,Be,12.8891735,0.38258058,12.724263
JVASP-67686,3,Co,41.554775,1.0717598,42.39301
JVASP-15698,0,Ca,9.895122,1.1291435,10.226595
JVASP-15698,1,Ca,9.895122,1.1291435,10.226595
JVASP-15698,2,P,50.969795,4.940868,54.80762
JVASP-15698,3,P,50.969795,4.940868,54.80762
JVASP-15698,4,P,50.969795,4.940868,54.80762
JVASP-15698,5,P,50.969795,4.940868,54.80762
JVASP-15698,6,Pd,22.97948,20.903904,3.870368
JVASP-15698,7,Pd,22.97948,20.903904,3.870368
JVASP-15698,8,Pd,22.97948,20.903904,3.870368
JVASP-15698,9,Pd,22.97948,20.903904,3.870368
JVASP-12142,0,Fe,1.2982303,2.1271884,1.7453188
JVASP-12142,1,I,50.784046,47.949,95.41616
JVASP-12142,2,I,50.784046,47.949,95.41616
JVASP-65038,0,Be,11.052097,0.38258058,10.745849
JVASP-65038,1,Be,0.8197626,0.38258058,0.5589056
JVASP-65038,2,Re,50.433357,20.045204,40.720955
JVASP-65038,3,Si,18.848824,1.7483627,19.631304
JVASP-54977,0,Sr,28.044487,5.8790126,33.38461
JVASP-54977,1,Mg,13.998718,0.4287979,14.172275
JVASP-54977,2,In,54.251263,6.7296906,54.805706
JVASP-54977,3,In,54.249657,6.7296906,52.990723
JVASP-54977,4,In,30.92524,6.7296906,25.09815
JVASP-2697,0,Na,9.615064,0.84107655,9.314658
JVASP-2697,1,Na,9.615064,0.84107655,9.314658
JVASP-2697,2,Nb,49.808743,15.259404,34.679203
JVASP-2697,3,Nb,49.808743,15.259404,34.679203
JVASP-2697,4,Se,30.433277,29.56337,6.3490725
JVASP-2697,5,Se,30.433277,29.56337,6.3490725
JVASP-2697,6,Se,30.433277,29.56337,6.3490725
JVASP-2697,7,Se,30.433277,29.56337,6.3490725
JVASP-79649,0,Y,9.123124,11.128398,9.161722
JVASP-79649,1,Tl,49.67116,13.684985,40.97878
JVASP-79649,2,Se,31.065653,29.56337,60.295162
JVASP-79649,3,Se,31.065653,29.56337,60.295162
JVASP-38633,0,Pm,52.323162,6.2222724,47.175724
JVASP-38633,1,Pm,52.323612,6.2222724,48.14962
JVASP-38633,2,Pm,52.323612,6.2222724,48.191227
JVASP-38633,3,Pm,52.32423,6.2222724,48.191795
JVASP-38633,4,Pm,52.32423,6.2222724,48.150185
JVASP-38633,5,Pm,52.32332,6.2222724,47.175934
JVASP-38633,6,Sc,1.5946184,1.2577385,1.305263
JVASP-38633,7,Sc,1.5946184,1.2577385,1.305263
JVASP-17382,0,Ca,9.861882,1.1291435,9.729289
JVASP-17382,1,Ge,49.08709,9.267462,40.93012
JVASP-17382,2,Ge,49.08709,9.267462,40.93012
JVASP-17382,3,Pd,32.80455,20.903904,26.117298
JVASP-17382,4,Pd,32.80455,20.903904,26.117298
JVASP-18170,0,Ge,48.93214,9.267462,40.6868
JVASP-18170,1,Ge,48.93214,9.267462,40.6868
JVASP-18170,2,Pd,29.684553,20.903904,23.388622
JVASP-18170,3,Pd,29.684553,20.903904,23.388622
JVASP-18170,4,Dy,19.955929,4.4875207,18.605293
JVASP-19968,0,Sb,43.335148,27.438374,68.67753
JVASP-19968,1,Sb,43.335148,27.438374,68.67753
JVASP-19968,2,Pd,48.579506,20.903904,69.320786
JVASP-19968,3,Pd,48.579506,20.903904,69.320786
JVASP-54664,0,Sc,0.0,1.2577385,1.2577385
JVASP-54664,1,Ir,48.430084,25.960743,73.184906
JVASP-54664,2,Ir,48.437027,25.960743,34.02497
JVASP-54664,3,Ir,48.43621,25.960743,50.45059
JVASP-54664,4,C,0.00244949,4.4679255,4.4689617
JVASP-1807,0,S,1.1830596,15.204629,16.268084
JVASP-1807,1,S,1.1830596,15.204629,16.268084
JVASP-1807,2,K,19.175163,3.9006114,16.067312
JVASP-1807,3,Sm,48.019794,14.72507,35.285175
JVASP-7722,0,C,46.89298,4.4679255,45.58768
JVASP-7722,1,Si,50.74098,1.7483627,50.705166
JVASP-7722,2,Si,50.74098,1.7483627,50.705166
JVASP-7722,3,Fe,40.470634,2.1271884,41.081867
JVASP-7722,4,Fe,40.470634,2.1271884,41.081867
JVASP-7722,5,Dy,30.75313,4.4875207,30.779957
JVASP-7722,6,Dy,30.75313,4.4875207,30.779957
JVASP-16386,0,Na,0.786421,0.84107655,0.8658922
JVASP-16386,1,Se,43.19946,29.56337,71.48038
JVASP-16386,2,Se,43.19946,29.56337,71.48038
JVASP-16386,3,Yb,47.654007,4.325258,50.223354
JVASP-10974,0,O,47.41012,1.173997,46.813396
JVASP-10974,1,O,47.41008,1.173997,48.226685
JVASP-10974,2,O,47.41008,1.173997,48.226685
JVASP-10974,3,O,47.41012,1.173997,46.813396
JVASP-10974,4,O,43.36497,1.173997,43.158577
JVASP-10974,5,O,43.36497,1.173997,43.158577
JVASP-10974,6,Ga,6.1848,4.5793962,9.350032
JVASP-10974,7,Sr,37.20612,5.8790126,34.277126
JVASP-10974,8,Sr,37.20612,5.8790126,34.277126
JVASP-10974,9,Ta,14.282679,34.19568,41.340794
JVASP-54950,0,Hf,47.209873,15.926846,52.03898
JVASP-54950,1,Co,0.6219003,1.0717598,1.2708809
JVASP-54950,2,Co,0.6219003,1.0717598,1.2708809
JVASP-54950,3,Si,9.179051,1.7483627,7.755328
JVASP-54950,4,Si,9.179051,1.7483627,7.755328
JVASP-50950,0,Y,47.233936,11.128398,51.6864
JVASP-50950,1,Y,47.233936,11.128398,52.620884
JVASP-50950,2,Y,47.233936,11.128398,52.620884
JVASP-50950,3,Y,47.233936,11.128398,51.6864
JVASP-50950,4,Mg,12.044957,0.4287979,11.718117
JVASP-50950,5,Mg,12.044957,0.4287979,11.718117
JVASP-50950,6,Ni,39.874416,5.243039,34.93359
JVASP-50950,7,Ni,39.874416,5.243039,34.874985
JVASP-50950,8,Ni,39.874416,5.243039,34.874985
JVASP-50950,9,Ni,39.874416,5.243039,34.93359
JVASP-7680,0,Se,10.452325,29.56337,39.52343
JVASP-7680,1,Se,10.452325,29.56337,39.52343
JVASP-7680,2,Rb,46.258926,7.136503,39.35601
JVASP-7680,3,Ce,46.744396,7.3629155,52.76538
JVASP-25900,0,Na,6.1964107,0.84107655,6.162131
JVASP-25900,1,Na,6.1964107,0.84107655,6.162131
JVASP-25900,2,Zr,44.913338,6.08661,43.38524
JVASP-25900,3,Cu,21.702936,2.626418,21.377794
JVASP-25900,4,Cu,21.702936,2.626418,21.377794
JVASP-25900,5,S,51.59787,15.204629,50.985466
JVASP-25900,6,S,51.59787,15.204629,50.985466
JVASP-25900,7,S,33.42905,15.204629,40.067535
JVASP-25900,8,S,33.42905,15.204629,40.067535
JVASP-15962,0,B,45.365925,5.024234,49.464073
JVASP-15962,1,C,17.045162,4.4679255,15.624449
JVASP-15962,2,C,17.045162,4.4679255,15.624449
JVASP-15962,3,Sc,46.369015,1.2577385,46.08786
JVASP-15962,4,Sc,46.369015,1.2577385,46.08786
JVASP-30285,0,Co,42.120087,1.0717598,42.663853
JVASP-30285,1,Co,42.11939,1.0717598,42.66328
JVASP-30285,2,Ni,19.39767,5.243039,20.18652
JVASP-30285,3,O,51.444653,1.173997,52.453342
JVASP-30285,4,O,46.67197,1.173997,46.722942
JVASP-30285,5,O,19.279608,1.173997,19.863457
JVASP-30285,6,O,46.675358,1.173997,46.726315
JVASP-30285,7,O,51.446747,1.173997,52.45549
JVASP-30285,8,O,19.278814,1.173997,19.862848
JVASP-16068,0,Ca,12.43606,1.1291435,12.755812
JVASP-16068,1,Ca,12.43606,1.1291435,12.755812
JVASP-16068,2,P,46.19738,4.940868,50.044262
JVASP-16068,3,P,46.19738,4.940868,50.044262
JVASP-16068,4,P,46.19738,4.940868,50.044262
JVASP-16068,5,P,46.19738,4.940868,50.044262
JVASP-16068,6,Rh,7.015339,12.903096,6.1990247
JVASP-16068,7,Rh,7.015339,12.903096,6.1990247
JVASP-16068,8,Rh,7.015339,12.903096,6.1990247
JVASP-16068,9,Rh,7.015339,12.903096,6.1990247
JVASP-35860,0,Er,45.641415,6.1186743,39.892384
JVASP-35860,1,Er,45.641415,6.1186743,39.891773
JVASP-35860,2,Cu,35.73275,2.626418,34.723854
JVASP-35860,3,Cu,35.73275,2.626418,34.723854
JVASP-35860,4,Sn,46.079834,6.63049,51.56816
JVASP-35860,5,Sn,46.079834,6.63049,51.56816
JVASP-8197,0,C,46.968994,4.4679255,45.740627
JVASP-8197,1,Si,48.588398,1.7483627,48.621906
JVASP-8197,2,Si,48.588398,1.7483627,48.621906
JVASP-8197,3,Fe,40.38374,2.1271884,40.93537
JVASP-8197,4,Fe,40.38374,2.1271884,40.93537
JVASP-8197,5,Tm,29.373426,8.03611,32.88157
JVASP-8197,6,Tm,29.373426,8.03611,32.88157
JVASP-69000,0,Ba,1.0781716,16.451351,15.743281
JVASP-69000,1,Y,6.6163263,11.128398,8.807691
JVASP-69000,2,Pt,16.516678,18.358461,34.169807
JVASP-69000,3,Pt,45.75234,18.358461,29.14593
JVASP-36674,0,Cd,0.0,15.619623,15.619623
JVASP-36674,1,Ni,45.528664,5.243039,40.54457
JVASP-36674,2,Ni,45.528664,5.243039,48.720936
JVASP-36674,3,Ni,45.528664,5.243039,47.78551
JVASP-36674,4,N,0.0,2.1896696,2.1896696
JVASP-19710,0,Mn,2.011031,1.6964667,2.7373154
JVASP-19710,1,Mn,2.011031,1.6964667,2.5725398
JVASP-19710,2,Mn,2.011031,1.6964667,3.2069316
JVASP-19710,3,Mn,2.011031,1.6964667,1.8148586
JVASP-19710,4,Si,45.327805,1.7483627,44.865097
JVASP-19710,5,Si,45.327805,1.7483627,45.35917
JVASP-19710,6,Si,45.327805,1.7483627,44.558247
JVASP-19710,7,Si,45.327805,1.7483627,46.635807
JVASP-37874,0,B,0.0,5.024234,5.024234
JVASP-37874,1,Os,0.0,41.308342,41.308342
JVASP-37874,2,O,45.172676,1.173997,45.04804
JVASP-37874,3,O,45.172676,1.173997,45.633533
JVASP-37874,4,O,45.172676,1.173997,44.87874
JVASP-80146,0,Mg,5.4582353,0.4287979,5.539601
JVASP-80146,1,Mg,5.4582353,0.4287979,5.539601
JVASP-80146,2,Zn,46.657307,10.546378,56.99189
JVASP-80146,3,Zn,46.657307,10.546378,56.99189
JVASP-80146,4,Ni,22.375582,5.243039,27.313303
JVASP-80146,5,Ni,22.375582,5.243039,27.313303
JVASP-80146,6,Ni,22.375582,5.243039,27.313303
JVASP-80146,7,Ni,22.375582,5.243039,27.313303
JVASP-18155,0,Y,0.0,11.128398,11.128398
JVASP-18155,1,Rh,44.91139,12.903096,42.382805
JVASP-18155,2,Rh,44.91139,12.903096,37.89244
JVASP-18155,3,Rh,44.911392,12.903096,57.605816
JVASP-18155,4,C,0.0,4.4679255,4.4679255
JVASP-38307,0,Rb,0.0,7.136503,7.136503
JVASP-38307,1,Mo,0.0,41.233887,41.233887
JVASP-38307,2,O,44.699104,1.173997,44.574627
JVASP-38307,3,O,44.699104,1.173997,45.1601
JVASP-38307,4,O,44.699104,1.173997,44.40532
JVASP-22682,0,Sr,44.47049,5.8790126,39.3846
JVASP-22682,1,Sr,44.47049,5.8790126,39.3846
JVASP-22682,2,Mg,11.472187,0.4287979,11.145495
JVASP-22682,3,H,3.6830063,4.494067,6.0229764
JVASP-22682,4,H,3.6833181,4.494067,5.0572424
JVASP-22682,5,H,3.6830063,4.494067,6.1818614
JVASP-22682,6,H,3.6830063,4.494067,6.0229764
JVASP-22682,7,H,3.6833181,4.494067,5.0572424
JVASP-22682,8,H,3.6830063,4.494067,6.1818614
JVASP-38899,0,Zn,0.0,10.546378,10.546378
JVASP-38899,1,Mo,44.20267,41.233887,74.65842
JVASP-38899,2,Mo,44.20267,41.233887,73.31922
JVASP-38899,3,Mo,44.202675,41.233887,3.5696464
JVASP-5428,0,Ge,4.9624987,9.267462,4.6250725
JVASP-5428,1,Te,8.4242115,68.54225,60.490612
JVASP-5428,2,Te,44.12816,68.54225,111.62133
JVASP-5428,3,Te,8.4242115,68.54225,60.490612
JVASP-5428,4,Te,44.12816,68.54225,111.62133
JVASP-5428,5,Bi,35.17774,75.36236,109.64875
JVASP-5428,6,Bi,35.17774,75.36236,109.64875
JVASP-53444,0,Na,5.8169928,0.84107655,6.1524577
JVASP-53444,1,Na,0.30394736,0.84107655,0.98584133
JVASP-53444,2,Na,5.8169928,0.84107655,6.1524577
JVASP-53444,3,Y,21.548088,11.128398,24.73557
JVASP-53444,4,Cl,44.31449,20.642973,58.967957
JVASP-53444,5,Cl,44.315254,20.642973,48.32717
JVASP-53444,6,Cl,44.314457,20.642973,37.13068
JVASP-53444,7,Cl,44.314457,20.642973,37.13068
JVASP-53444,8,Cl,44.315254,20.642973,48.32717
JVASP-53444,9,Cl,44.31449,20.642973,58.967957
JVASP-35911,0,K,0.7740388,3.9006114,4.653576
JVASP-35911,1,K,0.7740388,3.9006114,4.653576
JVASP-35911,2,Mn,34.3247,1.6964667,33.042953
JVASP-35911,3,Mn,34.3247,1.6964667,33.042953
JVASP-35911,4,Bi,43.809124,75.36236,32.80104
JVASP-35911,5,Bi,43.809124,75.36236,32.80104
JVASP-18231,0,Mn,43.59847,1.6964667,42.813004
JVASP-18231,1,Mn,43.598465,1.6964667,44.911446
JVASP-18231,2,Mn,43.59847,1.6964667,43.140728
JVASP-18231,3,Ir,0.0,25.960743,25.960743
JVASP-18231,4,N,0.0,2.1896696,2.1896696
JVASP-38643,0,Na,4.9565425,0.84107655,5.345271
JVASP-38643,1,Na,4.9565425,0.84107655,5.345271
JVASP-38643,2,Dy,43.582615,4.4875207,44.933002
JVASP-38643,3,Dy,43.582615,4.4875207,46.836376
JVASP-38643,4,Dy,43.580193,4.4875207,46.058163
JVASP-38643,5,Dy,43.582615,4.4875207,44.933002
JVASP-38643,6,Dy,43.582615,4.4875207,46.836376
JVASP-38643,7,Dy,43.580574,4.4875207,46.05849
JVASP-36205,0,Tm,10.733665,8.03611,18.35471
JVASP-36205,1,Tl,30.984005,13.684985,23.21472
JVASP-36205,2,Te,43.357193,68.54225,111.15669
JVASP-36205,3,Te,43.357193,68.54225,111.15669
JVASP-20952,0,Li,0.36211693,0.084703535,0.44206646
JVASP-20952,1,Li,0.36211693,0.084703535,0.44206646
JVASP-20952,2,Zr,26.95296,6.08661,32.914497
JVASP-20952,3,F,45.32273,15.800529,50.322826
JVASP-20952,4,F,45.323235,15.800529,49.290936
JVASP-20952,5,F,45.32273,15.800529,50.322826
JVASP-20952,6,F,45.323235,15.800529,45.70379
JVASP-20952,7,F,45.323235,15.800529,49.290936
JVASP-20952,8,F,45.323235,15.800529,45.70379
JVASP-1519,0,Sc,6.9883947,1.2577385,6.30935
JVASP-1519,1,Cu,20.763105,2.626418,21.983173
JVASP-1519,2,S,43.014263,15.204629,28.137072
JVASP-1519,3,S,40.628464,15.204629,55.6779
JVASP-36646,0,Lu,10.983515,5.367924,16.1698
JVASP-36646,1,Tl,33.393894,13.684985,25.431534
JVASP-36646,2,Te,42.806057,68.54225,110.61134
JVASP-36646,3,Te,42.806057,68.54225,110.61134
JVASP-67167,0,Ti,20.033562,1.1299996,21.004318
JVASP-67167,1,Be,5.9163337,0.38258058,5.612262
JVASP-67167,2,Be,2.9173424,0.38258058,2.6184933
JVASP-67167,3,Tc,42.676643,8.509769,44.91312
JVASP-35943,0,Li,0.16983128,0.084703535,0.09611951
JVASP-35943,1,Y,2.8985636,11.128398,9.649745
JVASP-35943,2,Cu,42.622345,2.626418,41.599415
JVASP-35943,3,Cu,42.622345,2.626418,41.599415
JVASP-35943,4,P,0.55360276,4.940868,4.5352316
JVASP-35943,5,P,0.55360276,4.940868,4.5352316
JVASP-1705,0,Se,3.899161,29.56337,33.248367
JVASP-1705,1,Se,3.899161,29.56337,33.248367
JVASP-1705,2,Rb,42.53536,7.136503,35.63629
JVASP-1705,3,Pr,33.674377,6.8834753,28.209805
JVASP-15432,0,Si,42.421898,1.7483627,41.734726
JVASP-15432,1,Si,42.421898,1.7483627,41.734726
JVASP-15432,2,Ni,21.86065,5.243039,23.613483
JVASP-15432,3,Ni,21.858532,5.243039,24.014492
JVASP-15432,4,Ni,32.447205,5.243039,32.925396
JVASP-15432,5,Ni,32.447006,5.243039,32.463295
JVASP-15432,6,Ni,21.858532,5.243039,24.672983
JVASP-15432,7,Ni,32.447006,5.243039,31.676792
JVASP-15432,8,B,4.2706857,5.024234,9.288888
JVASP-56208,0,K,16.49222,3.9006114,13.708041
JVASP-56208,1,Co,9.735461,1.0717598,10.077952
JVASP-56208,2,Co,9.735461,1.0717598,10.077952
JVASP-56208,3,As,42.24093,16.668182,30.724592
JVASP-56208,4,As,42.24093,16.668182,30.724592
JVASP-53086,0,Al,41.62985,1.0875204,42.200512
JVASP-53086,1,Al,14.965315,1.0875204,15.681627
JVASP-53086,2,Al,36.81695,1.0875204,36.73817
JVASP-53086,3,Al,42.690548,1.0875204,42.967056
JVASP-53086,4,C,27.425907,4.4679255,31.296066
JVASP-53086,5,O,21.004011,1.173997,20.727764
JVASP-38125,0,La,41.725258,5.9067655,36.72955
JVASP-38125,1,La,41.725258,5.9067655,36.72955
JVASP-38125,2,Os,2.418113,41.308342,39.37459
JVASP-38125,3,Os,2.418113,41.308342,39.37459
JVASP-38125,4,N,19.792929,2.1896696,19.45549
JVASP-38125,5,N,19.792028,2.1896696,18.34436
JVASP-38125,6,N,19.792929,2.1896696,19.45549
JVASP-38125,7,N,19.793177,2.1896696,21.195028
JVASP-38125,8,N,19.793177,2.1896696,21.195028
JVASP-38125,9,N,19.792028,2.1896696,18.34436
JVASP-35815,0,Tb,0.8163345,11.037279,10.280669
JVASP-35815,1,Cu,28.594416,2.626418,27.601616
JVASP-35815,2,Cu,28.594416,2.626418,27.601616
JVASP-35815,3,S,41.489975,15.204629,26.631018
JVASP-35815,4,S,41.489975,15.204629,26.631018
JVASP-50088,0,Li,0.24292934,0.084703535,0.16665305
JVASP-50088,1,Fe,7.576311,2.1271884,6.591199
JVASP-50088,2,Cu,41.14535,2.626418,40.12576
JVASP-50088,3,S,16.072378,15.204629,2.754871
JVASP-50088,4,S,26.290407,15.204629,41.359978
JVASP-86964,0,La,40.87953,5.9067655,40.865463
JVASP-86964,1,La,40.87953,5.9067655,40.865463
JVASP-86964,2,O,2.150652,1.173997,2.3243482
JVASP-86964,3,O,2.150652,1.173997,2.3243482
JVASP-86964,4,F,0.72423244,15.800529,16.47702
JVASP-86964,5,F,0.72423244,15.800529,16.47702
JVASP-65132,0,Li,0.44090816,0.084703535,0.5206684
JVASP-65132,1,Be,0.27189335,0.38258058,0.22905496
JVASP-65132,2,Be,0.4286607,0.38258058,0.77117515
JVASP-65132,3,Ni,40.30554,5.243039,35.32574
JVASP-21037,0,Na,10.979837,0.84107655,11.33885
JVASP-21037,1,Na,10.979837,0.84107655,11.33885
JVASP-21037,2,Th,26.077267,20.611576,45.077396
JVASP-21037,3,F,41.10052,15.800529,29.338043
JVASP-21037,4,F,41.10172,15.800529,36.295757
JVASP-21037,5,F,41.10172,15.800529,34.856514
JVASP-21037,6,F,27.232227,15.800529,40.507122
JVASP-21037,7,F,27.232227,15.800529,40.130936
JVASP-21037,8,F,27.23163,15.800529,37.877464
JVASP-85168,0,Eu,34.516983,21.293404,55.807674
JVASP-85168,1,Eu,34.516983,21.293404,55.807674
JVASP-85168,2,H,3.5358386,4.494067,7.835159
JVASP-85168,3,H,3.5358386,4.494067,7.835159
JVASP-85168,4,H,1.0071487,4.494067,5.420458
JVASP-85168,5,Cl,39.980576,20.642973,22.02563
JVASP-51369,0,In,42.50519,6.7296906,43.800026
JVASP-51369,1,In,42.50519,6.7296906,43.021694
JVASP-51369,2,H,2.418256,4.494067,3.3730633
JVASP-51369,3,H,2.418256,4.494067,3.3354347
JVASP-51369,4,O,18.952858,1.173997,18.909191
JVASP-51369,5,O,18.952858,1.173997,18.909191
JVASP-51369,6,O,18.952858,1.173997,19.521389
JVASP-51369,7,O,18.952858,1.173997,19.521389
JVASP-15315,0,Mg,4.65648,0.4287979,4.9940276
JVASP-15315,1,Mg,4.65648,0.4287979,4.9940276
JVASP-15315,2,Cu,6.8569384,2.626418,8.299594
JVASP-15315,3,Cu,6.8569384,2.626418,8.299594
JVASP-15315,4,As,39.533947,16.668182,55.919174
JVASP-15315,5,As,39.533947,16.668182,55.919174
JVASP-77465,0,Li,0.1300769,0.084703535,0.1433345
JVASP-77465,1,Li,0.1300769,0.084703535,0.1433345
JVASP-77465,2,In,39.258186,6.7296906,36.932514
JVASP-77465,3,In,39.258186,6.7296906,36.932514
JVASP-77465,4,Hg,9.39251,18.195402,12.987672
JVASP-77465,5,Hg,9.39251,18.195402,12.987672
JVASP-77465,6,Hg,9.39251,18.195402,12.987672
JVASP-77465,7,Hg,9.39251,18.195402,12.987672
JVASP-14156,0,Li,0.77611727,0.084703535,0.7368598
JVASP-14156,1,Li,0.77611727,0.084703535,0.7368598
JVASP-14156,2,F,39.982624,15.800529,47.48301
JVASP-14156,3,F,39.982513,15.800529,36.202553
JVASP-14156,4,F,39.98465,15.800529,36.332188
JVASP-14156,5,F,39.9831,15.800529,50.908867
JVASP-14156,6,F,39.982513,15.800529,36.202553
JVASP-14156,7,F,39.982624,15.800529,47.48301
JVASP-14156,8,F,39.98465,15.800529,36.332188
JVASP-14156,9,F,39.9831,15.800529,50.908867
JVASP-14156,10,Y,33.288074,11.128398,37.377403
JVASP-14156,11,Y,33.288074,11.128398,37.377403
JVASP-81266,0,Be,2.7552254,0.38258058,2.6438208
JVASP-81266,1,Be,2.7552254,0.38258058,2.6438208
JVASP-81266,2,Fe,19.9206,2.1271884,20.11642
JVASP-81266,3,Fe,19.9206,2.1271884,20.11642
JVASP-81266,4,Co,39.392765,1.0717598,39.23734
JVASP-81266,5,Co,39.392765,1.0717598,39.23734
JVASP-81266,6,Co,39.392765,1.0717598,39.23734
JVASP-81266,7,Co,39.392765,1.0717598,39.23734
JVASP-15374,0,La,38.640774,5.9067655,43.486397
JVASP-15374,1,Co,4.4641786,1.0717598,4.520635
JVASP-15374,2,Co,4.4641786,1.0717598,4.520635
JVASP-15374,3,P,8.456655,4.940868,11.129915
JVASP-15374,4,P,8.456655,4.940868,11.129915
JVASP-54799,0,Er,41.282475,6.1186743,40.38058
JVASP-54799,1,Er,41.283607,6.1186743,42.78742
JVASP-54799,2,Er,41.283607,6.1186743,43.52368
JVASP-54799,3,Mn,41.783894,1.6964667,40.623722
JVASP-54799,4,Mn,41.78457,1.6964667,40.531452
JVASP-54799,5,Mn,41.783894,1.6964667,40.663776
JVASP-54799,6,Ga,16.136013,4.5793962,20.372446
JVASP-54799,7,Ga,16.136013,4.5793962,20.372446
JVASP-54799,8,Si,17.587336,1.7483627,18.374268
JVASP-62158,0,Ti,30.080166,1.1299996,29.770926
JVASP-62158,1,Ti,30.080166,1.1299996,29.868126
JVASP-62158,2,Ti,30.075626,1.1299996,30.616991
JVASP-62158,3,Cr,36.497257,3.2921274,39.164474
JVASP-62158,4,Cr,36.497257,3.2921274,39.16391
JVASP-62158,5,Cr,36.497654,3.2921274,39.158714
JVASP-62158,6,As,2.5401208,16.668182,19.155169
JVASP-62158,7,As,2.5401208,16.668182,19.155169
JVASP-62158,8,As,38.13488,16.668182,22.168097
JVASP-82096,0,Li,0.29123646,0.084703535,0.3418289
JVASP-82096,1,Li,0.29123646,0.084703535,0.3418289
JVASP-82096,2,Zn,31.956797,10.546378,33.001186
JVASP-82096,3,Zn,31.956797,10.546378,33.001186
JVASP-82096,4,Cd,40.302837,15.619623,45.034496
JVASP-82096,5,Cd,40.302837,15.619623,45.034496
JVASP-82096,6,Cd,40.302837,15.619623,45.034496
JVASP-82096,7,Cd,40.302837,15.619623,45.034496
JVASP-35414,0,Zn,4.492364,10.546378,15.011964
JVASP-35414,1,Pd,38.60999,20.903904,17.856052
JVASP-35414,2,Pd,38.60999,20.903904,17.856052
JVASP-35414,3,Pd,38.60999,20.903904,20.249788
JVASP-35414,4,Pd,38.60999,20.903904,20.249788
JVASP-35414,5,Pd,27.242409,20.903904,48.014748
JVASP-35414,6,Se,19.657154,29.56337,11.121215
JVASP-40446,0,Tc,42.28407,8.509769,39.724323
JVASP-40446,1,Tc,42.284634,8.509769,44.92276
JVASP-40446,2,Tc,42.28407,8.509769,40.72952
JVASP-40446,3,Tc,42.28407,8.509769,39.724323
JVASP-40446,4,Tc,42.284634,8.509769,44.92276
JVASP-40446,5,Tc,42.28407,8.509769,40.72952
JVASP-40446,6,Ni,7.3937855,5.243039,12.501513
JVASP-40446,7,Ni,7.3937855,5.243039,12.501513
JVASP-15959,0,V,17.477787,3.798005,17.659575
JVASP-15959,1,V,17.478172,3.798005,20.456148
JVASP-15959,2,Ge,3.6211212,9.267462,12.857739
JVASP-15959,3,Ge,3.6211212,9.267462,12.857739
JVASP-15959,4,Zr,37.350563,6.08661,42.271004
JVASP-15959,5,Zr,37.350563,6.08661,42.271004
JVASP-1813,0,S,0.17481992,15.204629,15.048027
JVASP-1813,1,S,0.17481992,15.204629,15.048027
JVASP-1813,2,K,23.245321,3.9006114,20.08276
JVASP-1813,3,Dy,37.074093,4.4875207,40.56063
JVASP-37219,0,Sm,0.0,14.72507,14.72507
JVASP-37219,1,Ga,0.0,4.5793962,4.5793962
JVASP-37219,2,O,36.82971,1.173997,36.708504
JVASP-37219,3,O,36.829712,1.173997,37.293457
JVASP-37219,4,O,36.829712,1.173997,36.539043
JVASP-32781,0,Al,37.193653,1.0875204,37.30605
JVASP-32781,1,Al,37.193653,1.0875204,37.2236
JVASP-32781,2,Al,37.193653,1.0875204,37.265396
JVASP-32781,3,Al,37.193653,1.0875204,37.24659
JVASP-32781,4,B,26.977617,5.024234,29.786377
JVASP-32781,5,B,26.28273,5.024234,25.896797
JVASP-32781,6,B,26.976986,5.024234,29.982864
JVASP-32781,7,B,26.977617,5.024234,30.049948
JVASP-32781,8,B,26.976986,5.024234,30.187473
JVASP-32781,9,B,26.28273,5.024234,25.83413
JVASP-32781,10,B,27.846405,5.024234,26.422316
JVASP-32781,11,B,27.846405,5.024234,26.822672
JVASP-32781,12,B,27.846405,5.024234,26.703098
JVASP-32781,13,B,27.846405,5.024234,26.306795
JVASP-32781,14,B,26.28273,5.024234,25.501698
JVASP-32781,15,B,26.282894,5.024234,25.67029
JVASP-32781,16,H,16.194939,4.494067,17.25346
JVASP-32781,17,H,22.861336,4.494067,26.174292
JVASP-32781,18,H,16.278389,4.494067,19.768503
JVASP-32781,19,H,16.20472,4.494067,14.425054
JVASP-32781,20,H,22.725431,4.494067,23.82525
JVASP-32781,21,H,16.278389,4.494067,19.65247
JVASP-32781,22,H,16.450712,4.494067,18.15514
JVASP-32781,23,H,16.194939,4.494067,17.317547
JVASP-32781,24,H,16.450712,4.494067,18.165112
JVASP-32781,25,H,22.457869,4.494067,23.266941
JVASP-32781,26,H,22.726175,4.494067,23.798119
JVASP-32781,27,H,22.76928,4.494067,24.363604
JVASP-32781,28,H,23.242374,4.494067,19.661842
JVASP-32781,29,H,22.861336,4.494067,26.22918
JVASP-32781,30,H,22.76646,4.494067,22.562378
JVASP-32781,31,H,22.769897,4.494067,24.182543
JVASP-32781,32,H,22.76646,4.494067,22.337767
JVASP-32781,33,H,22.769897,4.494067,24.1405
JVASP-32781,34,H,22.457869,4.494067,23.234678
JVASP-32781,35,H,22.457869,4.494067,22.989023
JVASP-32781,36,H,22.861336,4.494067,26.229383
JVASP-32781,37,H,22.725431,4.494067,23.817703
JVASP-32781,38,H,16.202887,4.494067,14.449649
JVASP-32781,39,H,22.76646,4.494067,22.29074
JVASP-32781,40,H,16.450571,4.494067,18.178991
JVASP-32781,41,H,15.995155,4.494067,16.331177
JVASP-32781,42,H,15.995155,4.494067,16.30303
JVASP-32781,43,H,22.76646,4.494067,22.59922
JVASP-32781,44,H,22.76928,4.494067,24.337008
JVASP-32781,45,H,23.242374,4.494067,19.59333
JVASP-32781,46,H,16.278389,4.494067,19.659058
JVASP-32781,47,H,23.242374,4.494067,19.625763
JVASP-32781,48,H,23.242374,4.494067,19.556087
JVASP-32781,49,H,16.202887,4.494067,14.693321
JVASP-32781,50,H,22.457869,4.494067,23.034323
JVASP-32781,51,H,22.725431,4.494067,23.83337
JVASP-32781,52,H,15.995155,4.494067,16.45529
JVASP-32781,53,H,16.194563,4.494067,17.149277
JVASP-32781,54,H,16.450571,4.494067,18.12097
JVASP-32781,55,H,16.194563,4.494067,17.21565
JVASP-32781,56,H,15.911053,4.494067,13.674024
JVASP-32781,57,H,15.911053,4.494067,13.3802185
JVASP-32781,58,H,16.202887,4.494067,14.661716
JVASP-32781,59,H,15.911053,4.494067,13.680572
JVASP-32781,60,H,16.278389,4.494067,19.78557
JVASP-32781,61,H,22.861336,4.494067,26.162134
JVASP-32781,62,H,15.911053,4.494067,13.36574
JVASP-32781,63,H,15.995155,4.494067,16.42679
JVASP-14936,0,Li,0.21066087,0.084703535,0.13525067
JVASP-14936,1,Li,0.21066087,0.084703535,0.13525067
JVASP-14936,2,Ga,19.234617,4.5793962,23.458582
JVASP-14936,3,Ga,19.234617,4.5793962,23.458582
JVASP-14936,4,Ge,36.612522,9.267462,28.869904
JVASP-14936,5,Ge,36.612522,9.267462,28.869904
JVASP-37409,0,U,36.448406,22.270443,25.914865
JVASP-37409,1,U,36.448406,22.270443,25.914865
JVASP-37409,2,Ag,2.226586,6.9597216,4.968847
JVASP-37409,3,Ag,2.226586,6.9597216,4.968847
JVASP-37409,4,Ag,16.955368,6.9597216,10.831777
JVASP-37409,5,Ag,2.226586,6.9597216,4.968847
JVASP-37409,6,Ag,2.226586,6.9597216,4.968847
JVASP-37409,7,Ag,16.955368,6.9597216,10.831777
JVASP-37520,0,Sr,32.550045,5.8790126,37.835445
JVASP-37520,1,Al,17.457514,1.0875204,18.508297
JVASP-37520,2,Ge,36.099354,9.267462,44.42563
JVASP-37520,3,H,5.007982,4.494067,2.1538403
JVASP-17180,0,Hf,30.61863,15.926846,25.777884
JVASP-17180,1,Hf,30.61863,15.926846,25.777884
JVASP-17180,2,Hf,30.61863,15.926846,25.777884
JVASP-17180,3,Hf,30.61863,15.926846,25.777884
JVASP-17180,4,C,6.727524,4.4679255,9.52121
JVASP-17180,5,C,6.727524,4.4679255,9.52121
JVASP-17180,6,S,35.978104,15.204629,51.032818
JVASP-17180,7,S,35.978104,15.204629,51.032818
JVASP-41282,0,Hf,35.8442,15.926846,46.415714
JVASP-41282,1,Hf,35.8442,15.926846,46.415714
JVASP-41282,2,In,3.9118352,6.7296906,3.7363346
JVASP-41282,3,In,3.9118352,6.7296906,3.7363346
JVASP-41282,4,Rh,6.236401,12.903096,6.9129815
JVASP-41282,5,Rh,6.236401,12.903096,6.9129815
JVASP-41282,6,Rh,6.236401,12.903096,6.9129815
JVASP-41282,7,Rh,6.236401,12.903096,6.9129815
JVASP-14934,0,Cr,4.585494,3.2921274,4.419086
JVASP-14934,1,Cu,35.43398,2.626418,36.24361
JVASP-14934,2,Se,24.77918,29.56337,10.980595
JVASP-14934,3,Se,16.841196,29.56337,15.107929
JVASP-36014,0,K,35.146503,3.9006114,31.388464
JVASP-36014,1,Zr,27.755577,6.08661,33.716183
JVASP-36014,2,S,5.294572,15.204629,10.023259
JVASP-36014,3,S,5.294572,15.204629,10.023259
JVASP-77026,0,Li,0.12918977,0.084703535,0.16654372
JVASP-77026,1,Pd,8.014295,20.903904,25.176054
JVASP-77026,2,Pb,34.976204,21.544178,49.24471
JVASP-77026,3,Pb,34.976204,21.544178,49.24471
JVASP-56525,0,Sr,34.614147,5.8790126,39.89425
JVASP-56525,1,Al,23.801691,1.0875204,24.851902
JVASP-56525,2,Si,13.575889,1.7483627,14.382162
JVASP-56525,3,H,4.763033,4.494067,2.0575252
JVASP-8389,0,Ca,6.076471,1.1291435,6.36198
JVASP-8389,1,W,38.97862,103.865906,111.586266
JVASP-8389,2,O,25.35734,1.173997,25.539738
JVASP-8389,3,O,24.785124,1.173997,24.799105
JVASP-8389,4,O,24.769094,1.173997,24.141253
JVASP-2703,0,Na,7.9314475,0.84107655,7.6378956
JVASP-2703,1,Na,7.9314475,0.84107655,7.6378956
JVASP-2703,2,Na,24.705553,0.84107655,25.05006
JVASP-2703,3,Na,24.705147,0.84107655,25.049673
JVASP-2703,4,Na,7.9314475,0.84107655,7.6378956
JVASP-2703,5,Na,7.9314475,0.84107655,7.6378956
JVASP-2703,6,Sb,33.96748,27.438374,59.51109
JVASP-2703,7,Sb,33.9683,27.438374,59.511887
JVASP-21913,0,Mg,9.128431,0.4287979,8.802651
JVASP-21913,1,Mg,9.128431,0.4287979,8.802651
JVASP-21913,2,Sc,36.86393,1.2577385,36.99592
JVASP-21913,3,Sc,36.86393,1.2577385,36.94953
JVASP-21913,4,Sc,36.86393,1.2577385,36.99592
JVASP-21913,5,Sc,36.86393,1.2577385,36.94953
JVASP-21913,6,Ga,28.655249,4.5793962,25.475445
JVASP-21913,7,Ga,28.655249,4.5793962,25.526514
JVASP-21913,8,Ga,28.655249,4.5793962,25.526514
JVASP-21913,9,Ga,28.655249,4.5793962,25.475445
JVASP-66708,0,Be,3.1304479,0.38258058,2.8308628
JVASP-66708,1,Be,2.055122,0.38258058,1.7610673
JVASP-66708,2,Co,33.49759,1.0717598,34.33708
JVASP-66708,3,Ru,4.426228,13.728401,17.996973
JVASP-8097,0,Nd,31.951962,2.8276725,29.714123
JVASP-8097,1,Nd,31.951962,2.8276725,29.714123
JVASP-8097,2,S,33.153027,15.204629,18.337542
JVASP-8097,3,S,33.153027,15.204629,18.337542
JVASP-8097,4,F,16.303804,15.800529,5.976765
JVASP-8097,5,F,16.303804,15.800529,5.976765
JVASP-18169,0,Y,33.028923,11.128398,40.75045
JVASP-18169,1,Y,33.028923,11.128398,40.75045
JVASP-18169,2,Ti,5.4713435,1.1299996,4.5476556
JVASP-18169,3,Ti,5.4713435,1.1299996,4.5476556
JVASP-18169,4,Si,5.240275,1.7483627,4.7954187
JVASP-18169,5,Si,5.240275,1.7483627,4.7954187
JVASP-15373,0,Sc,21.293095,1.2577385,21.52341
JVASP-15373,1,Sc,21.294344,1.2577385,21.795645
JVASP-15373,2,Ge,16.328896,9.267462,25.50482
JVASP-15373,3,Ge,16.328896,9.267462,25.50482
JVASP-15373,4,Tb,32.72573,11.037279,22.448992
JVASP-15373,5,Tb,32.72573,11.037279,22.448992
JVASP-81376,0,Na,5.223543,0.84107655,4.888276
JVASP-81376,1,Na,5.223543,0.84107655,4.888276
JVASP-81376,2,Y,32.807644,11.128398,28.286505
JVASP-81376,3,Y,32.807644,11.128398,28.286505
JVASP-81376,4,Au,33.57307,9.827829,36.707054
JVASP-81376,5,Au,33.57307,9.827829,36.707054
JVASP-81376,6,Au,33.57307,9.827829,36.707054
JVASP-81376,7,Au,33.57307,9.827829,36.707054
JVASP-35466,0,Ti,34.992657,1.1299996,35.46771
JVASP-35466,1,Nb,23.768812,15.259404,31.941545
JVASP-35466,2,Nb,23.768812,15.259404,31.941545
JVASP-35466,3,Se,36.374504,29.56337,57.69064
JVASP-35466,4,Se,36.374504,29.56337,57.69064
JVASP-35466,5,Se,27.942226,29.56337,30.107506
JVASP-35466,6,Se,27.942226,29.56337,30.107506
JVASP-14891,0,B,4.885437,5.024234,1.762309
JVASP-14891,1,B,4.885437,5.024234,1.762309
JVASP-14891,2,Al,15.18948,1.0875204,14.16317
JVASP-14891,3,Al,15.18948,1.0875204,14.16317
JVASP-14891,4,Mo,32.72779,41.233887,36.69731
JVASP-14891,5,Mo,32.72779,41.233887,36.69731
JVASP-8679,0,Li,0.1413577,0.084703535,0.20550978
JVASP-8679,1,Li,0.14048487,0.084703535,0.10979776
JVASP-8679,2,Mg,1.4068342,0.4287979,1.3915752
JVASP-8679,3,Br,32.070217,43.576878,53.479095
JVASP-8679,4,Br,32.070217,43.576878,53.479095
JVASP-8679,5,Br,19.102161,43.576878,42.533005
JVASP-8679,6,Br,19.102161,43.576878,42.533005
JVASP-81698,0,Mn,32.20622,1.6964667,30.912615
JVASP-81698,1,Mn,32.20622,1.6964667,30.912615
JVASP-81698,2,Be,11.230151,0.38258058,11.542774
JVASP-81698,3,Be,11.230151,0.38258058,11.542774
JVASP-81698,4,Ir,12.298783,25.960743,37.96358
JVASP-81698,5,Ir,12.298783,25.960743,37.96358
JVASP-81698,6,Ir,12.298783,25.960743,37.96358
JVASP-81698,7,Ir,12.298783,25.960743,37.96358
JVASP-15808,0,Sr,8.521775,5.8790126,13.983364
JVASP-15808,1,Cd,15.222354,15.619623,2.2546675
JVASP-15808,2,Cd,15.222354,15.619623,2.2546675
JVASP-15808,3,Sb,31.401234,27.438374,15.082075
JVASP-15808,4,Sb,31.401234,27.438374,15.082075
JVASP-15521,0,Y,31.328974,11.128398,39.0928
JVASP-15521,1,Y,31.328974,11.128398,39.0928
JVASP-15521,2,Co,27.021955,1.0717598,27.862986
JVASP-15521,3,Co,27.021955,1.0717598,27.862986
JVASP-15521,4,Co,27.021955,1.0717598,27.862986
JVASP-15521,5,Co,27.021955,1.0717598,27.862986
JVASP-15521,6,Si,24.985613,1.7483627,24.32029
JVASP-15521,7,Si,24.985613,1.7483627,24.32029
JVASP-15521,8,Si,24.985613,1.7483627,24.32029
JVASP-15521,9,Si,24.985613,1.7483627,24.32029
JVASP-81458,0,Sr,21.165531,5.8790126,22.411173
JVASP-81458,1,Sr,21.165531,5.8790126,22.411173
JVASP-81458,2,Sr,21.165531,5.8790126,22.411173
JVASP-81458,3,Sr,21.165531,5.8790126,22.411173
JVASP-81458,4,Pd,15.765273,20.903904,23.251055
JVASP-81458,5,Pd,15.765273,20.903904,23.251055
JVASP-81458,6,Au,35.746185,9.827829,42.63136
JVASP-81458,7,Au,35.746185,9.827829,42.63136
JVASP-37859,0,As,26.021338,16.668182,42.444206
JVASP-37859,1,As,26.021338,16.668182,42.444206
JVASP-37859,2,Au,31.658987,9.827829,27.37592
JVASP-37859,3,Au,31.661095,9.827829,38.233192
JVASP-37859,4,Au,31.661095,9.827829,36.404697
JVASP-37859,5,Au,31.658987,9.827829,27.37592
JVASP-37859,6,Au,31.660633,9.827829,38.232635
JVASP-37859,7,Au,31.660633,9.827829,36.40411
JVASP-1960,0,N,13.93887,2.1896696,13.133017
JVASP-1960,1,Cl,30.609577,20.642973,18.569336
JVASP-1960,2,Ca,22.475574,1.1291435,22.640831
JVASP-1960,3,Ca,22.475574,1.1291435,22.640831
JVASP-35929,0,Li,0.039217345,0.084703535,0.121851884
JVASP-35929,1,Li,0.039217345,0.084703535,0.121851884
JVASP-35929,2,Li,0.3196592,0.084703535,0.3996712
JVASP-35929,3,Ho,30.515335,5.3662715,35.745193
JVASP-35929,4,Sb,16.524258,27.438374,42.6763
JVASP-35929,5,Sb,16.524258,27.438374,42.6763
JVASP-38446,0,Li,0.01959592,0.084703535,0.10319159
JVASP-38446,1,Li,0.01959592,0.084703535,0.10319159
JVASP-38446,2,Li,0.5029619,0.084703535,0.425253
JVASP-38446,3,Li,0.01959592,0.084703535,0.10319159
JVASP-38446,4,Li,0.01959592,0.084703535,0.10319159
JVASP-38446,5,Li,0.5029619,0.084703535,0.425253
JVASP-38446,6,Cd,30.292023,15.619623,45.80493
JVASP-38446,7,Cd,30.292023,15.619623,45.80493
JVASP-18568,0,Al,9.8970995,1.0875204,9.218569
JVASP-18568,1,Al,9.8970995,1.0875204,9.218569
JVASP-18568,2,Ca,15.751729,1.1291435,15.948839
JVASP-18568,3,Zn,29.940819,10.546378,37.5188
JVASP-18568,4,Zn,29.940819,10.546378,37.5188
JVASP-17444,0,Ti,12.208488,1.1299996,12.700942
JVASP-17444,1,Ti,12.216542,1.1299996,11.961397
JVASP-17444,2,Ti,12.216542,1.1299996,11.862978
JVASP-17444,3,Ge,13.78532,9.267462,22.341806
JVASP-17444,4,Ge,15.70858,9.267462,8.847192
JVASP-17444,5,Ge,13.78532,9.267462,22.341806
JVASP-17444,6,Pd,30.645924,20.903904,23.846807
JVASP-17444,7,Pd,30.64531,20.903904,19.349443
JVASP-17444,8,Pd,30.645924,20.903904,23.866434
JVASP-28378,0,Mg,14.150702,0.4287979,14.483328
JVASP-28378,1,Mg,14.150702,0.4287979,14.483328
JVASP-28378,2,Co,21.559591,1.0717598,22.402613
JVASP-28378,3,Co,21.559591,1.0717598,22.402613
JVASP-28378,4,Ge,29.41429,9.267462,37.78114
JVASP-28378,5,Ge,29.41429,9.267462,37.78114
JVASP-18687,0,Zn,20.276876,10.546378,9.91538
JVASP-18687,1,Cu,32.8749,2.626418,30.707943
JVASP-18687,2,Cu,32.8749,2.626418,35.212654
JVASP-18687,3,Ni,21.584906,5.243039,26.642363
JVASP-1894,0,Na,2.6389117,0.84107655,2.393518
JVASP-1894,1,S,29.15515,15.204629,17.125187
JVASP-1894,2,S,29.15515,15.204629,17.125187
JVASP-1894,3,In,12.62833,6.7296906,19.176928
JVASP-16040,0,Si,7.8616295,1.7483627,9.296247
JVASP-16040,1,Si,7.8616295,1.7483627,9.296247
JVASP-16040,2,Sc,31.133015,1.2577385,31.193567
JVASP-16040,3,Sc,31.134357,1.2577385,31.684021
JVASP-16040,4,Sm,17.61214,14.72507,31.228966
JVASP-16040,5,Sm,17.61214,14.72507,31.228966
JVASP-20484,0,Ho,0.0,5.3662715,5.3662715
JVASP-20484,1,Al,28.497364,1.0875204,27.738668
JVASP-20484,2,Al,28.497362,1.0875204,29.547306
JVASP-20484,3,Al,28.497364,1.0875204,28.237743
JVASP-37989,0,In,28.321001,6.7296906,34.423363
JVASP-37989,1,In,28.321001,6.7296906,34.423363
JVASP-37989,2,Tc,27.302013,8.509769,27.181301
JVASP-37989,3,Tc,27.302013,8.509769,27.181301
JVASP-37989,4,Tc,2.7654738,8.509769,9.3843155
JVASP-37989,5,Tc,27.302013,8.509769,27.181301
JVASP-37989,6,Tc,27.302013,8.509769,27.181301
JVASP-37989,7,Tc,2.7654738,8.509769,9.3843155
JVASP-2730,0,O,22.873648,1.173997,23.195337
JVASP-2730,1,O,22.874395,1.173997,22.58825
JVASP-2730,2,O,22.874395,1.173997,22.58825
JVASP-2730,3,O,22.873648,1.173997,23.195337
JVASP-2730,4,Na,28.128246,0.84107655,28.49606
JVASP-2730,5,Na,28.128246,0.84107655,28.49606
JVASP-2730,6,Nd,21.396585,2.8276725,21.896397
JVASP-2730,7,Nd,21.396585,2.8276725,21.896397
JVASP-15495,0,Cr,11.323444,3.2921274,14.19863
JVASP-15495,1,Cr,11.320037,3.2921274,13.43546
JVASP-15495,2,Cr,11.320037,3.2921274,13.356212
JVASP-15495,3,Ni,14.897146,5.243039,17.632563
JVASP-15495,4,Ni,14.912281,5.243039,18.530561
JVASP-15495,5,Ni,14.912281,5.243039,17.981503
JVASP-15495,6,As,13.974339,16.668182,4.2976446
JVASP-15495,7,As,13.974339,16.668182,4.2979684
JVASP-15495,8,As,27.93643,16.668182,44.352592
JVASP-2829,0,O,25.885733,1.173997,26.202734
JVASP-2829,1,O,25.886154,1.173997,25.5949
JVASP-2829,2,O,25.886154,1.173997,25.5949
JVASP-2829,3,O,25.885733,1.173997,26.202734
JVASP-2829,4,Na,27.717045,0.84107655,28.085379
JVASP-2829,5,Na,27.717045,0.84107655,28.085379
JVASP-2829,6,Pr,10.863631,6.8834753,15.986489
JVASP-2829,7,Pr,10.863631,6.8834753,15.986489
JVASP-37948,0,Ag,27.509403,6.9597216,31.226034
JVASP-37948,1,Ag,27.509405,6.9597216,21.226015
JVASP-37948,2,Ag,27.509403,6.9597216,31.464365
JVASP-37948,3,Ge,0.0,9.267462,9.267462
JVASP-79137,0,Ag,12.974947,6.9597216,7.0362763
JVASP-79137,1,Ag,12.974947,6.9597216,7.0362763
JVASP-79137,2,Ag,27.22771,6.9597216,33.775963
JVASP-79137,3,Ag,12.974947,6.9597216,7.0362763
JVASP-79137,4,Ag,12.974947,6.9597216,7.0362763
JVASP-79137,5,Ag,27.22771,6.9597216,33.775963
JVASP-79137,6,Pd,4.1077943,20.903904,16.852802
JVASP-79137,7,Pd,4.1077943,20.903904,16.852802
JVASP-80193,0,Ca,28.693747,1.1291435,28.718302
JVASP-80193,1,Ca,28.693747,1.1291435,28.718302
JVASP-80193,2,Ca,28.693747,1.1291435,28.718302
JVASP-80193,3,Ca,28.693747,1.1291435,28.718302
JVASP-80193,4,Mg,19.886276,0.4287979,19.628267
JVASP-80193,5,Mg,19.886276,0.4287979,19.628267
JVASP-80193,6,Al,22.003284,1.0875204,21.012032
JVASP-80193,7,Al,22.003284,1.0875204,21.012032
JVASP-67029,0,Sc,0.5756318,1.2577385,1.0195501
JVASP-67029,1,Be,2.704238,0.38258058,2.4061408
JVASP-67029,2,Fe,26.654123,2.1271884,27.927404
JVASP-67199,0,Zr,25.068893,6.08661,19.183014
JVASP-67199,1,Mn,26.287926,1.6964667,27.609161
JVASP-67199,2,Be,5.157422,0.38258058,4.8537645
JVASP-79259,0,Ca,14.350745,1.1291435,14.120722
JVASP-79259,1,Al,26.138504,1.0875204,27.18857
JVASP-79259,2,Si,3.9914436,1.7483627,4.971526
JVASP-79259,3,H,5.023904,4.494067,2.160284
JVASP-35829,0,K,3.19985,3.9006114,7.043002
JVASP-35829,1,K,3.19985,3.9006114,7.043002
JVASP-35829,2,Cd,25.798025,15.619623,41.3169
JVASP-35829,3,Cd,25.798025,15.619623,41.3169
JVASP-35829,4,Sb,5.0353346,27.438374,31.94654
JVASP-35829,5,Sb,5.0353346,27.438374,31.94654
JVASP-85702,0,Sr,20.970081,5.8790126,26.300455
JVASP-85702,1,Al,25.4453,1.0875204,26.495405
JVASP-85702,2,Al,25.4453,1.0875204,26.495405
JVASP-85702,3,H,6.760592,4.494067,3.323384
JVASP-85702,4,H,6.760592,4.494067,3.323384
JVASP-3384,0,O,25.18792,1.173997,25.36707
JVASP-3384,1,O,25.187258,1.173997,25.366432
JVASP-3384,2,K,17.332865,3.9006114,20.378614
JVASP-3384,3,K,17.332865,3.9006114,20.378614
JVASP-3384,4,Ni,13.102664,5.243039,8.680246
JVASP-18149,0,Nb,25.068893,15.259404,20.843842
JVASP-18149,1,Nb,25.068893,15.259404,20.843842
JVASP-18149,2,Nb,25.068893,15.259404,40.272156
JVASP-18149,3,Nb,25.068893,15.259404,40.272156
JVASP-18149,4,Nb,25.068893,15.259404,22.969202
JVASP-18149,5,Nb,25.068893,15.259404,22.969202
JVASP-18149,6,Pb,0.0,21.544178,21.544178
JVASP-18149,7,Pb,0.0,21.544178,21.544178
JVASP-64969,0,Be,0.73484695,0.38258058,0.48247224
JVASP-64969,1,Be,1.1643242,0.38258058,1.4902029
JVASP-64969,2,Be,0.73484695,0.38258058,0.48247224
JVASP-64969,3,Be,1.1643242,0.38258058,1.4902029
JVASP-64969,4,Cd,24.84191,15.619623,40.36222
JVASP-64969,5,Cd,24.84191,15.619623,40.36222
JVASP-64969,6,Cu,7.915934,2.626418,9.31876
JVASP-64969,7,Cu,7.915934,2.626418,9.31876
JVASP-18728,0,Pa,0.0,92.4506,92.4506
JVASP-18728,1,Ir,24.705555,25.960743,18.287775
JVASP-18728,2,Ir,24.705553,25.960743,49.762383
JVASP-18728,3,Ir,24.705555,25.960743,32.283688
JVASP-42256,0,Nb,20.58264,15.259404,18.375101
JVASP-42256,1,V,16.82573,3.798005,18.3967
JVASP-42256,2,O,24.38614,1.173997,23.976572
JVASP-42256,3,O,27.701021,1.173997,28.30654
JVASP-42256,4,O,24.38689,1.173997,24.788095
JVASP-42256,5,O,27.70116,1.173997,28.672642
JVASP-17977,0,Si,24.240686,1.7483627,22.773836
JVASP-17977,1,Si,24.240686,1.7483627,22.773836
JVASP-17977,2,Co,18.175322,1.0717598,18.25196
JVASP-17977,3,Co,18.175322,1.0717598,18.25196
JVASP-17977,4,Np,8.029545,68.16108,65.197876
JVASP-16069,0,P,22.472784,4.940868,20.576254
JVASP-16069,1,P,22.472784,4.940868,20.576254
JVASP-16069,2,Sr,23.939596,5.8790126,18.707222
JVASP-16069,3,Rh,18.523216,12.903096,12.058576
JVASP-16069,4,Rh,18.523216,12.903096,12.058576
JVASP-3000,0,Ba,23.828636,16.451351,7.6113567
JVASP-3000,1,Mg,0.21314783,0.4287979,0.29732314
JVASP-3000,2,Mg,0.21314783,0.4287979,0.29732314
JVASP-3000,3,Sb,13.273376,27.438374,17.03379
JVASP-3000,4,Sb,13.273376,27.438374,17.03379
JVASP-15741,0,Ce,6.6405673,7.3629155,13.938511
JVASP-15741,1,Al,4.7458863,1.0875204,3.7085426
JVASP-15741,2,Al,4.7458863,1.0875204,3.7085426
JVASP-15741,3,Ge,23.681667,9.267462,32.096745
JVASP-15741,4,Ge,23.681667,9.267462,32.096745
JVASP-52281,0,Mg,2.2860894,0.4287979,2.3394818
JVASP-52281,1,Mg,2.6986282,0.4287979,2.6238852
JVASP-52281,2,Mg,2.6986282,0.4287979,2.912142
JVASP-52281,3,Zn,4.167633,10.546378,11.219345
JVASP-52281,4,O,23.302208,1.173997,23.027391
JVASP-52281,5,O,23.515507,1.173997,23.83967
JVASP-52281,6,O,23.515507,1.173997,23.83967
JVASP-52281,7,O,23.302208,1.173997,23.027391
JVASP-36608,0,Ca,0.0,1.1291435,1.1291435
JVASP-36608,1,V,0.0,3.798005,3.798005
JVASP-36608,2,O,23.255457,1.173997,23.14511
JVASP-36608,3,O,23.255457,1.173997,23.72824
JVASP-36608,4,O,23.255457,1.173997,22.975166
JVASP-15983,0,Ca,5.2566047,1.1291435,5.6367345
JVASP-15983,1,Ca,5.2566047,1.1291435,5.6367345
JVASP-15983,2,Ge,22.994993,9.267462,15.565345
JVASP-15983,3,Ge,22.994993,9.267462,15.565345
JVASP-15983,4,Ge,22.994993,9.267462,15.565345
JVASP-15983,5,Ge,22.994993,9.267462,15.565345
JVASP-15983,6,Au,15.511803,9.827829,21.54386
JVASP-15983,7,Au,15.511803,9.827829,21.54386
JVASP-15983,8,Au,15.511803,9.827829,21.54386
JVASP-15983,9,Au,15.511803,9.827829,21.54386
JVASP-68998,0,Ba,22.890482,16.451351,6.695951
JVASP-68998,1,Sr,15.199083,5.8790126,20.570583
JVASP-68998,2,Y,9.612615,11.128398,9.299763
JVASP-68998,3,Y,9.612615,11.128398,9.299763
JVASP-8807,0,Li,0.27471927,0.084703535,0.2875005
JVASP-8807,1,Li,0.27471927,0.084703535,0.2875005
JVASP-8807,2,S,9.465286,15.204629,18.06623
JVASP-8807,3,S,9.465286,15.204629,17.588577
JVASP-8807,4,S,9.465286,15.204629,17.588577
JVASP-8807,5,S,9.465286,15.204629,18.06623
JVASP-8807,6,Sm,22.651657,14.72507,27.983353
JVASP-8807,7,Sm,22.651657,14.72507,27.983353
JVASP-38678,0,Na,2.7189336,0.84107655,3.1478999
JVASP-38678,1,Na,2.7189336,0.84107655,3.1478999
JVASP-38678,2,Pd,22.527956,20.903904,43.31125
JVASP-38678,3,Pd,22.527956,20.903904,43.31125
JVASP-38678,4,Pd,19.676752,20.903904,40.467907
JVASP-38678,5,Pd,22.527956,20.903904,43.31125
JVASP-38678,6,Pd,22.527956,20.903904,43.31125
JVASP-38678,7,Pd,19.676752,20.903904,40.467907
JVASP-68194,0,Be,0.9619359,0.38258058,0.6903294
JVASP-68194,1,Rh,22.248716,12.903096,9.963546
JVASP-68194,2,Si,10.733664,1.7483627,10.142119
JVASP-68194,3,Si,5.7783465,1.7483627,5.3058996
JVASP-77090,0,Y,2.1361105,11.128398,12.296623
JVASP-77090,1,Y,2.1361105,11.128398,12.296623
JVASP-77090,2,Y,2.1361105,11.128398,12.296623
JVASP-77090,3,Y,2.1361105,11.128398,12.296623
JVASP-77090,4,Hg,21.950958,18.195402,36.604954
JVASP-77090,5,Hg,21.950958,18.195402,36.604954
JVASP-77090,6,Au,20.759298,9.827829,23.811481
JVASP-77090,7,Au,20.759298,9.827829,23.811481
JVASP-18075,0,Ce,21.697578,7.3629155,28.957914
JVASP-18075,1,Ce,21.697578,7.3629155,28.957914
JVASP-18075,2,Mn,21.272186,1.6964667,22.59824
JVASP-18075,3,Mn,21.272186,1.6964667,22.59824
JVASP-18075,4,Ge,13.401159,9.267462,6.96144
JVASP-18075,5,Ge,13.401159,9.267462,6.96144
JVASP-35473,0,Hg,21.307295,18.195402,23.792034
JVASP-35473,1,P,0.73484695,4.940868,5.518423
JVASP-35473,2,Pd,8.784579,20.903904,18.081415
JVASP-35473,3,Pd,8.784579,20.903904,18.081415
JVASP-35473,4,Pd,8.784579,20.903904,20.533007
JVASP-35473,5,Pd,8.784579,20.903904,20.533007
JVASP-35473,6,Pd,15.61468,20.903904,36.419163
JVASP-2220,0,Nd,20.989677,2.8276725,18.779043
JVASP-2220,1,Nd,20.989677,2.8276725,18.779043
JVASP-2220,2,S,10.371548,15.204629,25.4897
JVASP-2220,3,O,14.741846,1.173997,14.927149
JVASP-2220,4,O,14.741846,1.173997,14.927149
JVASP-15453,0,Si,7.3514104,1.7483627,5.928034
JVASP-15453,1,Si,7.3514104,1.7483627,5.928034
JVASP-15453,2,Y,5.5441847,11.128398,13.645122
JVASP-15453,3,Pd,20.706263,20.903904,18.003757
JVASP-15453,4,Pd,20.706263,20.903904,18.003757
JVASP-67578,0,Be,0.83447397,0.38258058,1.1649663
JVASP-67578,1,Ca,20.42548,1.1291435,20.182646
JVASP-67578,2,Na,2.2706783,0.84107655,2.7157068
JVASP-3003,0,Ca,0.4286607,1.1291435,1.1068009
JVASP-3003,1,Zn,20.258913,10.546378,9.897491
JVASP-3003,2,Zn,20.258913,10.546378,9.897491
JVASP-3003,3,P,9.259888,4.940868,6.3907166
JVASP-3003,4,P,9.259888,4.940868,6.3907166
JVASP-67607,0,Be,5.719566,0.38258058,6.032318
JVASP-67607,1,Ge,20.085815,9.267462,28.541407
JVASP-67607,2,Na,15.775531,0.84107655,15.462144
JVASP-54303,0,Ce,19.881693,7.3629155,27.14434
JVASP-54303,1,Ce,19.881693,7.3629155,27.14434
JVASP-54303,2,Fe,2.616055,2.1271884,2.2345395
JVASP-54303,3,Fe,2.616055,2.1271884,2.2345395
JVASP-54303,4,As,11.484841,16.668182,6.006959
JVASP-54303,5,As,11.484841,16.668182,6.006959
JVASP-54303,6,O,8.85164,1.173997,8.789556
JVASP-54303,7,O,8.85164,1.173997,8.789556
JVASP-10108,0,Sc,11.8045,1.2577385,11.090709
JVASP-10108,1,Sc,11.8045,1.2577385,11.090709
JVASP-10108,2,Sc,11.8045,1.2577385,11.090709
JVASP-10108,3,Sc,11.8045,1.2577385,11.090709
JVASP-10108,4,S,17.26278,15.204629,32.35396
JVASP-10108,5,S,17.26278,15.204629,32.35396
JVASP-10108,6,O,19.8029,1.173997,19.976643
JVASP-10108,7,O,19.8029,1.173997,19.976643
JVASP-10108,8,O,19.8029,1.173997,19.976643
JVASP-10108,9,O,19.8029,1.173997,19.976643
JVASP-17775,0,Na,7.52075,0.84107655,7.2294226
JVASP-17775,1,Na,7.52075,0.84107655,7.2294226
JVASP-17775,2,Mn,16.80595,1.6964667,15.544493
JVASP-17775,3,Mn,16.80595,1.6964667,15.544493
JVASP-17775,4,As,19.542847,16.668182,4.8935394
JVASP-17775,5,As,19.542847,16.668182,4.8935394
JVASP-15361,0,Nd,17.838818,2.8276725,20.192274
JVASP-15361,1,Nd,17.838818,2.8276725,20.192274
JVASP-15361,2,Si,15.848198,1.7483627,15.214326
JVASP-15361,3,Si,15.848198,1.7483627,15.214326
JVASP-15361,4,Si,15.848198,1.7483627,15.214326
JVASP-15361,5,Si,15.848198,1.7483627,15.214326
JVASP-15361,6,Pd,19.208899,20.903904,3.4341962
JVASP-15361,7,Pd,19.208899,20.903904,3.4341962
JVASP-15361,8,Pd,19.208899,20.903904,3.4341962
JVASP-15361,9,Pd,19.208899,20.903904,3.4341962
JVASP-3183,0,Sr,0.6417663,5.8790126,6.451981
JVASP-3183,1,Sr,0.6417663,5.8790126,6.451981
JVASP-3183,2,Cu,4.013897,2.626418,3.7746203
JVASP-3183,3,Cu,4.013897,2.626418,3.7746203
JVASP-3183,4,S,1.8371173,15.204629,13.396747
JVASP-3183,5,S,1.8371173,15.204629,13.396747
JVASP-3183,6,F,18.959051,15.800529,7.1568913
JVASP-3183,7,F,18.959051,15.800529,7.1568913
JVASP-15349,0,Si,11.833338,1.7483627,10.378511
JVASP-15349,1,Si,11.833338,1.7483627,10.378511
JVASP-15349,2,Pd,18.828753,20.903904,17.39659
JVASP-15349,3,Pd,18.828753,20.903904,17.39659
JVASP-15349,4,Sm,18.279985,14.72507,30.349596
JVASP-65641,0,K,2.7936473,3.9006114,1.3879025
JVASP-65641,1,Ba,18.524368,16.451351,2.6427712
JVASP-65641,2,In,9.921665,6.7296906,16.187023
JVASP-65641,3,In,9.921665,6.7296906,16.187023
JVASP-14918,0,Li,0.055539776,0.084703535,0.038215734
JVASP-14918,1,Li,0.055539776,0.084703535,0.038215734
JVASP-14918,2,Pr,18.314837,6.8834753,11.755576
JVASP-14918,3,P,1.195351,4.940868,5.898223
JVASP-14918,4,P,1.195351,4.940868,5.898223
JVASP-16189,0,Pr,0.0,6.8834753,6.8834753
JVASP-16189,1,Ga,0.0,4.5793962,4.5793962
JVASP-16189,2,O,18.120508,1.173997,17.848259
JVASP-16189,3,O,18.120508,1.173997,18.600147
JVASP-16189,4,O,18.120508,1.173997,18.018532
JVASP-29362,0,La,18.015997,5.9067655,19.37393
JVASP-29362,1,La,18.015997,5.9067655,19.37393
JVASP-29362,2,Fe,8.634452,2.1271884,10.00607
JVASP-29362,3,Fe,8.634452,2.1271884,10.00607
JVASP-29362,4,P,7.6546555,4.940868,5.070081
JVASP-29362,5,P,7.6546555,4.940868,5.070081
JVASP-29362,6,O,17.794725,1.173997,17.693445
JVASP-29362,7,O,17.794725,1.173997,17.693445
JVASP-28384,0,Sm,6.8006,14.72507,8.006811
JVASP-28384,1,Sm,6.8006,14.72507,8.006811
JVASP-28384,2,Co,17.678783,1.0717598,18.523933
JVASP-28384,3,Co,17.678783,1.0717598,18.523933
JVASP-28384,4,P,13.397892,4.940868,17.441555
JVASP-28384,5,P,13.397892,4.940868,17.441555
JVASP-18771,0,V,17.363615,3.798005,20.677347
JVASP-18771,1,V,17.363615,3.798005,20.677347
JVASP-18771,2,V,17.363615,3.798005,17.849518
JVASP-18771,3,V,17.363615,3.798005,17.849518
JVASP-18771,4,V,17.363615,3.798005,14.198665
JVASP-18771,5,V,17.363615,3.798005,14.198665
JVASP-18771,6,Pb,0.0,21.544178,21.544178
JVASP-18771,7,Pb,0.0,21.544178,21.544178
JVASP-12158,0,Y,0.20086314,11.128398,11.250558
JVASP-12158,1,Y,0.20086314,11.128398,11.250558
JVASP-12158,2,Y,0.20209405,11.128398,11.250917
JVASP-12158,3,Y,0.20086314,11.128398,11.250558
JVASP-12158,4,Y,0.20086314,11.128398,11.250558
JVASP-12158,5,Y,0.20209405,11.128398,11.250917
JVASP-12158,6,Ge,1.6313627,9.267462,7.8824325
JVASP-12158,7,Ge,1.6313627,9.267462,7.8824325
JVASP-12158,8,Ge,1.6313627,9.267462,7.8824325
JVASP-12158,9,I,16.969656,47.949,34.27718
JVASP-12158,10,I,16.969656,47.949,34.27718
JVASP-12158,11,I,16.969656,47.949,34.27718
JVASP-12158,12,I,16.969656,47.949,34.27718
JVASP-12158,13,I,16.969656,47.949,34.27718
JVASP-12158,14,I,16.969656,47.949,34.27718
JVASP-79188,0,Mg,14.300829,0.4287979,14.625613
JVASP-79188,1,Mg,15.121974,0.4287979,14.896166
JVASP-79188,2,Mg,10.70706,0.4287979,10.722186
JVASP-79188,3,Fe,17.39342,2.1271884,16.734785
JVASP-39138,0,Sc,0.0,1.2577385,1.2577385
JVASP-39138,1,V,0.0,3.798005,3.798005
JVASP-39138,2,O,16.558552,1.173997,16.738907
JVASP-39138,3,O,16.558552,1.173997,16.147102
JVASP-39138,4,O,16.558552,1.173997,16.904783
JVASP-16029,0,Zr,16.198477,6.08661,22.173597
JVASP-16029,1,Cu,10.444646,2.626418,9.648515
JVASP-16029,2,Cu,10.444646,2.626418,9.648515
JVASP-16029,3,P,10.855323,4.940868,14.950234
JVASP-16029,4,P,10.855323,4.940868,14.950234
JVASP-49889,0,Ba,0.0,16.451351,16.451351
JVASP-49889,1,Ta,0.0,34.19568,34.19568
JVASP-49889,2,O,16.012316,1.173997,15.7448845
JVASP-49889,3,O,16.012316,1.173997,16.496002
JVASP-49889,4,O,16.012316,1.173997,15.9153385
JVASP-28429,0,Tb,7.042283,11.037279,17.832504
JVASP-28429,1,Tb,7.042283,11.037279,17.832504
JVASP-28429,2,Ga,14.963525,4.5793962,10.994969
JVASP-28429,3,Ga,14.963525,4.5793962,10.994969
JVASP-28429,4,I,15.702045,47.949,35.199024
JVASP-28429,5,I,15.702045,47.949,35.199024
JVASP-16239,0,Tb,15.568958,11.037279,6.3366075
JVASP-16239,1,Al,0.72668195,1.0875204,0.43227887
JVASP-16239,2,Al,0.72668195,1.0875204,0.43227887
JVASP-16239,3,Si,6.581779,1.7483627,7.4714937
JVASP-16239,4,Si,6.581779,1.7483627,7.4714937
JVASP-38378,0,Pu,0.0,29.168139,29.168139
JVASP-38378,1,Ir,0.0,25.960743,25.960743
JVASP-38378,2,O,15.355851,1.173997,15.704995
JVASP-38378,3,O,15.355851,1.173997,14.94734
JVASP-38378,4,O,15.355851,1.173997,15.539352
JVASP-1828,0,Li,0.29757017,0.084703535,0.24071033
JVASP-1828,1,S,3.2118902,15.204629,12.515426
JVASP-1828,2,S,3.2118902,15.204629,12.515426
JVASP-1828,3,Er,14.950504,6.1186743,20.19635
JVASP-1690,0,Na,1.7014077,0.84107655,1.5347978
JVASP-1690,1,S,0.24068236,15.204629,15.416477
JVASP-1690,2,S,0.24068236,15.204629,15.416477
JVASP-1690,3,Y,14.465856,11.128398,15.299204
JVASP-22147,0,F,4.041321,15.800529,14.593707
JVASP-22147,1,F,4.041321,15.800529,14.593707
JVASP-22147,2,F,5.3256984,15.800529,15.972514
JVASP-22147,3,F,5.326933,15.800529,18.465185
JVASP-22147,4,F,5.3256984,15.800529,15.972514
JVASP-22147,5,F,5.326933,15.800529,18.465185
JVASP-22147,6,Na,0.92960024,0.84107655,1.4740885
JVASP-22147,7,Rb,14.260238,7.136503,10.345077
JVASP-22147,8,Rb,14.260238,7.136503,10.345077
JVASP-22147,9,Ho,5.3318796,5.3662715,7.333467
JVASP-8260,0,Y,0.06205374,11.128398,11.090873
JVASP-8260,1,V,0.27270985,3.798005,4.036666
JVASP-8260,2,O,13.94014,1.173997,14.292126
JVASP-8260,3,O,13.94014,1.173997,13.536123
JVASP-8260,4,O,13.865745,1.173997,14.053889
JVASP-14908,0,Zr,5.0900397,6.08661,1.5970812
JVASP-14908,1,Zr,5.0900397,6.08661,1.5970812
JVASP-14908,2,Si,13.63386,1.7483627,13.014247
JVASP-14908,3,Si,13.63386,1.7483627,13.014247
JVASP-14908,4,Si,13.63386,1.7483627,13.014247
JVASP-14908,5,Si,13.63386,1.7483627,13.014247
JVASP-14908,6,Ni,6.0281944,5.243039,1.8405845
JVASP-14908,7,Ni,6.0281944,5.243039,1.8405845
JVASP-14908,8,Ni,6.0281944,5.243039,1.8405845
JVASP-14908,9,Ni,6.0281944,5.243039,1.8405845
JVASP-37765,0,Na,13.204317,0.84107655,13.792908
JVASP-37765,1,Na,13.199581,0.84107655,12.736241
JVASP-37765,2,Na,13.199581,0.84107655,12.787114
JVASP-37765,3,Na,13.204317,0.84107655,13.792908
JVASP-37765,4,Na,13.199581,0.84107655,12.736241
JVASP-37765,5,Na,13.199581,0.84107655,12.787114
JVASP-37765,6,Rh,0.20828345,12.903096,13.108046
JVASP-37765,7,Rh,0.20828345,12.903096,13.108046
JVASP-39580,0,Zn,3.230877,10.546378,7.3549504
JVASP-39580,1,Zn,3.230877,10.546378,7.3549504
JVASP-39580,2,Zn,12.579763,10.546378,23.07737
JVASP-39580,3,Zn,3.230877,10.546378,7.3549504
JVASP-39580,4,Zn,3.230877,10.546378,7.3549504
JVASP-39580,5,Zn,12.579763,10.546378,23.07737
JVASP-39580,6,B,5.321924,5.024234,0.4779354
JVASP-39580,7,B,5.321924,5.024234,0.4779354
JVASP-85074,0,K,12.20916,3.9006114,16.07235
JVASP-85074,1,K,12.20916,3.9006114,16.07235
JVASP-85074,2,Rb,9.966224,7.136503,6.169633
JVASP-85074,3,Rb,9.966224,7.136503,6.169633
JVASP-85074,4,Rb,9.966224,7.136503,6.169633
JVASP-85074,5,Rb,9.966224,7.136503,6.169633
JVASP-85074,6,Na,3.541156,0.84107655,4.2706866
JVASP-85074,7,Na,3.541156,0.84107655,4.2706866
JVASP-38238,0,Rb,7.393377,7.136503,4.2144303
JVASP-38238,1,Rb,7.393377,7.136503,4.2144303
JVASP-38238,2,Rb,11.880025,7.136503,18.253616
JVASP-38238,3,Rb,7.393377,7.136503,4.2144303
JVASP-38238,4,Rb,7.393377,7.136503,4.2144303
JVASP-38238,5,Rb,11.880025,7.136503,18.253616
JVASP-38238,6,Lu,1.3847781,5.367924,4.0757236
JVASP-38238,7,Lu,1.3847781,5.367924,4.0757236
JVASP-15269,0,B,7.9347286,5.024234,6.880401
JVASP-15269,1,B,7.9347286,5.024234,6.880401
JVASP-15269,2,Al,11.542186,1.0875204,10.669176
JVASP-15269,3,Fe,6.383632,2.1271884,5.669826
JVASP-15269,4,Fe,6.383632,2.1271884,5.669826
JVASP-37072,0,Tb,11.264388,11.037279,21.981161
JVASP-37072,1,Na,1.2345437,0.84107655,1.1874003
JVASP-37072,2,Se,0.4531556,29.56337,30.006716
JVASP-37072,3,Se,0.4531556,29.56337,30.006716
JVASP-36668,0,Ca,10.915335,1.1291435,11.241332
JVASP-36668,1,Be,1.066353,0.38258058,1.3931458
JVASP-36668,2,Be,1.066353,0.38258058,1.3931458
JVASP-36668,3,P,3.2847657,4.940868,3.2577903
JVASP-36668,4,P,3.2847657,4.940868,3.2577903
JVASP-66714,0,Be,6.699354,0.38258058,6.3947244
JVASP-66714,1,Be,0.118392,0.38258058,0.29547662
JVASP-66714,2,Nb,2.5915601,15.259404,17.837858
JVASP-66714,3,Ir,10.70182,25.960743,16.49721
JVASP-67836,0,Be,7.2055855,0.38258058,6.9006968
JVASP-67836,1,Br,10.463404,43.576878,35.319794
JVASP-67836,2,Li,2.3833535,0.084703535,2.3047235
JVASP-34996,0,Mg,4.3429456,0.4287979,4.680988
JVASP-34996,1,Mg,4.3429456,0.4287979,4.680988
JVASP-34996,2,Mg,10.122517,0.4287979,9.796302
JVASP-34996,3,Mg,10.122517,0.4287979,9.796302
JVASP-34996,4,Ge,6.730382,9.267462,4.711377
JVASP-34996,5,Ge,6.730382,9.267462,4.711377
JVASP-22731,0,Sr,9.884123,5.8790126,5.458653
JVASP-22731,1,Mg,2.2671263,0.4287979,1.9567852
JVASP-22731,2,Mg,2.2671263,0.4287979,1.9567852
JVASP-22731,3,As,3.152088,16.668182,19.756243
JVASP-22731,4,As,3.152088,16.668182,19.756243
JVASP-37218,0,Sm,0.0,14.72507,14.72507
JVASP-37218,1,Be,0.0,0.38258058,0.38258058
JVASP-37218,2,O,9.698346,1.173997,9.906882
JVASP-37218,3,O,9.698347,1.173997,9.313825
JVASP-37218,4,O,9.698347,1.173997,10.070498
JVASP-15393,0,As,5.0892744,16.668182,12.457941
JVASP-15393,1,Se,3.6052377,29.56337,26.24183
JVASP-15393,2,Se,3.6052377,29.56337,26.24183
JVASP-15393,3,Ag,9.469727,6.9597216,3.228573
JVASP-79681,0,Ca,0.6882398,1.1291435,1.5556469
JVASP-79681,1,Ca,0.6882398,1.1291435,1.5556469
JVASP-79681,2,Sb,8.866607,27.438374,32.39053
JVASP-79681,3,Sb,8.866607,27.438374,32.39053
JVASP-79681,4,Pd,2.1146939,20.903904,21.62504
JVASP-79681,5,Pd,2.1146939,20.903904,21.62504
JVASP-79681,6,Pd,2.1146939,20.903904,21.62504
JVASP-79681,7,Pd,2.1146939,20.903904,21.62504
JVASP-1744,0,K,8.61807,3.9006114,5.7701964
JVASP-1744,1,Te,0.5198327,68.54225,69.00715
JVASP-1744,2,Te,0.5198327,68.54225,69.00715
JVASP-1744,3,Nd,0.14091133,2.8276725,2.8879895
JVASP-8636,0,Sm,0.0,14.72507,14.72507
JVASP-8636,1,V,0.0,3.798005,3.798005
JVASP-8636,2,O,8.134755,1.173997,8.518648
JVASP-8636,3,O,8.134755,1.173997,7.7630215
JVASP-8636,4,O,8.134755,1.173997,8.356177
JVASP-3177,0,Mg,7.9212418,0.4287979,8.255828
JVASP-3177,1,Be,2.183723,0.38258058,2.5027223
JVASP-3177,2,Be,2.183723,0.38258058,2.5027223
JVASP-3177,3,N,8.044124,2.1896696,7.6252813
JVASP-3177,4,N,8.044124,2.1896696,7.6252813
JVASP-17390,0,Zn,0.0,10.546378,10.546378
JVASP-17390,1,Ni,7.898788,5.243039,11.029391
JVASP-17390,2,Ni,7.8987875,5.243039,3.2686744
JVASP-17390,3,Ni,7.898788,5.243039,11.717902
JVASP-17390,4,C,0.0,4.4679255,4.4679255
JVASP-17531,0,Ce,7.5297313,7.3629155,14.823144
JVASP-17531,1,Ce,7.5297313,7.3629155,14.823144
JVASP-17531,2,Ti,5.80529,1.1299996,4.878953
JVASP-17531,3,Ti,5.80529,1.1299996,4.878953
JVASP-17531,4,Ge,1.3896772,9.267462,10.503388
JVASP-17531,5,Ge,1.3896772,9.267462,10.503388
JVASP-37155,0,Na,0.34173968,0.84107655,0.7708034
JVASP-37155,1,Sm,7.455023,14.72507,22.14764
JVASP-37155,2,Te,0.48377475,68.54225,68.072174
JVASP-37155,3,Te,0.48377475,68.54225,68.072174
JVASP-68168,0,Be,0.6543485,0.38258058,0.41563904
JVASP-68168,1,Sn,7.047182,6.63049,12.99263
JVASP-68168,2,Zn,0.5462472,10.546378,10.004932
JVASP-68168,3,Zn,1.6542257,10.546378,12.188369
JVASP-66797,0,Be,0.0581263,0.38258058,0.43157604
JVASP-66797,1,Mg,3.9787884,0.4287979,3.658958
JVASP-66797,2,Zn,6.93124,10.546378,3.7832313
JVASP-80697,0,K,1.6022435,3.9006114,3.9427826
JVASP-80697,1,K,1.6022435,3.9006114,3.9427826
JVASP-80697,2,K,1.6022435,3.9006114,3.9427826
JVASP-80697,3,K,1.6022435,3.9006114,3.9427826
JVASP-80697,4,Na,0.1256848,0.84107655,0.9194154
JVASP-80697,5,Na,0.1256848,0.84107655,0.9194154
JVASP-80697,6,Hg,6.59376,18.195402,15.640584
JVASP-80697,7,Hg,6.59376,18.195402,15.640584
JVASP-35824,0,Yb,0.0,4.325258,4.325258
JVASP-35824,1,H,6.291106,4.494067,2.9532654
JVASP-35824,2,H,6.291106,4.494067,8.021716
JVASP-35824,3,H,6.291106,4.494067,10.307971
JVASP-35824,4,Pd,0.0,20.903904,20.903904
JVASP-85223,0,La,5.7109857,5.9067655,8.516521
JVASP-85223,1,La,5.7109857,5.9067655,8.516521
JVASP-85223,2,Ge,2.37723,9.267462,11.403181
JVASP-85223,3,I,6.034318,47.949,42.817406
JVASP-85223,4,I,6.034318,47.949,42.817406
JVASP-3903,0,S,1.3901132,15.204629,16.514095
JVASP-3903,1,Te,5.5582314,68.54225,73.77185
JVASP-3903,2,Te,5.5582314,68.54225,73.77185
JVASP-3903,3,Bi,5.6278276,75.36236,80.64568
JVASP-3903,4,Bi,5.6278276,75.36236,80.64568
JVASP-38000,0,Li,5.205166,0.084703535,5.152564
JVASP-38000,1,Li,5.205166,0.084703535,5.1799808
JVASP-38000,2,Li,5.205166,0.084703535,5.284095
JVASP-38000,3,Cl,0.0,20.642973,20.642973
JVASP-38000,4,O,0.0,1.173997,1.173997
JVASP-12564,0,H,5.1910934,4.494067,4.921403
JVASP-12564,1,H,5.1906953,4.494067,6.363729
JVASP-12564,2,H,5.190702,4.494067,9.146244
JVASP-12564,3,H,5.1907573,4.494067,6.97378
JVASP-12564,4,H,5.190241,4.494067,8.722419
JVASP-12564,5,H,5.1903067,4.494067,4.861902
JVASP-12564,6,Li,0.35613012,0.084703535,0.32091188
JVASP-12564,7,Li,0.35613012,0.084703535,0.32091188
JVASP-12564,8,Mg,4.15728,0.4287979,4.1074195
JVASP-12564,9,Mg,4.15728,0.4287979,4.1074195
JVASP-67462,0,Be,3.1165679,0.38258058,2.8170426
JVASP-67462,1,Ta,4.3682566,34.19568,30.065058
JVASP-67462,2,Tc,4.3698897,8.509769,8.880807
JVASP-38441,0,Pr,3.3435535,6.8834753,3.729069
JVASP-38441,1,Pr,3.3435535,6.8834753,3.729069
JVASP-38441,2,Nd,2.2086232,2.8276725,1.6679754
JVASP-38441,3,Nd,2.2086232,2.8276725,1.6679754
JVASP-38441,4,Nd,4.12984,2.8276725,6.627315
JVASP-38441,5,Nd,2.2086232,2.8276725,1.6679754
JVASP-38441,6,Nd,2.2086232,2.8276725,1.6679754
JVASP-38441,7,Nd,4.12984,2.8276725,6.627315
JVASP-12077,0,H,0.4207636,4.494067,4.149059
JVASP-12077,1,H,0.4207636,4.494067,4.149059
JVASP-12077,2,Cl,2.0830314,20.642973,18.879566
JVASP-12077,3,Cl,2.0830314,20.642973,18.879566
JVASP-12077,4,Lu,3.776196,5.367924,3.3636835
JVASP-12077,5,Lu,3.776196,5.367924,3.3636835
JVASP-18790,0,Ta,3.334572,34.19568,33.413483
JVASP-18790,1,Ta,3.334572,34.19568,33.413483
JVASP-18790,2,Ta,3.334572,34.19568,37.385227
JVASP-18790,3,Ta,3.334572,34.19568,37.385227
JVASP-18790,4,Ta,3.334572,34.19568,32.05114
JVASP-18790,5,Ta,3.334572,34.19568,32.05114
JVASP-18790,6,Sn,0.0,6.63049,6.63049
JVASP-18790,7,Sn,0.0,6.63049,6.63049
JVASP-67947,0,Be,0.3429519,0.38258058,0.22692697
JVASP-67947,1,Bi,0.09797959,75.36236,75.45915
JVASP-67947,2,Zn,3.147595,10.546378,7.4370747
JVASP-67947,3,Zn,1.3055795,10.546378,11.842265
JVASP-37842,0,Bi,2.7458782,75.36236,72.65113
JVASP-37842,1,Bi,2.7458782,75.36236,72.65113
JVASP-37842,2,H,0.5878776,4.494067,3.971342
JVASP-37842,3,H,0.5878776,4.494067,3.971342
JVASP-37842,4,H,1.6264611,4.494067,6.0034065
JVASP-37842,5,H,0.5878776,4.494067,3.971342
JVASP-37842,6,H,0.5878776,4.494067,3.971342
JVASP-37842,7,H,1.6264611,4.494067,6.0034065
JVASP-67558,0,Be,0.09471008,0.38258058,0.46310455
JVASP-67558,1,Cd,2.4380589,15.619623,13.211412
JVASP-67558,2,Co,0.3886601,1.0717598,1.3943585
JVASP-67558,3,Co,1.0802277,1.0717598,0.71646374
JVASP-37387,0,Th,2.091864,20.611576,19.925892
JVASP-37387,1,Th,2.091864,20.611576,19.672651
JVASP-37387,2,Th,2.091864,20.611576,22.440687
JVASP-37387,3,U,0.0,22.270443,22.270443
JVASP-37885,0,Ca,0.0,1.1291435,1.1291435
JVASP-37885,1,Be,0.0,0.38258058,0.38258058
JVASP-37885,2,O,1.3480358,1.173997,1.4098759
JVASP-37885,3,O,1.3480358,1.173997,2.0066125
JVASP-37885,4,O,1.3480358,1.173997,1.8900172
JVASP-51337,0,Na,0.0014142137,0.84107655,0.84230787
JVASP-51337,1,Na,0.0014142137,0.84107655,0.84230787
JVASP-51337,2,Sr,0.8802511,5.8790126,6.3926244
JVASP-51337,3,Fe,0.5107269,2.1271884,1.7060453
JVASP-38464,0,Li,0.5364383,0.084703535,0.56800944
JVASP-38464,1,Li,0.5364383,0.084703535,0.5931528
JVASP-38464,2,Li,0.5364383,0.084703535,0.45864692
JVASP-38464,3,Cr,0.0,3.2921274,3.2921274
JVASP-1363,0,N,0.0,2.1896696,2.1896696
JVASP-1363,1,Tm,0.020049937,8.03611,8.02295
JVASP-18914,0,Se,0.0,29.56337,29.56337
JVASP-18914,1,Np,0.012516655,68.16108,68.154274
JVASP-18317,0,Bi,0.002,75.36236,75.36233
JVASP-18317,1,Np,0.011430952,68.16108,68.16461
JVASP-1345,0,Te,0.0014142137,68.54225,68.542496
JVASP-1345,1,Yb,0.008717798,4.325258,4.3225107
JVASP-14804,0,As,0.0,16.668182,16.668182
JVASP-14804,1,Yb,0.0061644143,4.325258,4.3229485
JVASP-18916,0,C,0.0,4.4679255,4.4679255
JVASP-18916,1,Ti,0.0029439204,1.1299996,1.1308378
JVASP-18323,0,La,0.0037416576,5.9067655,5.9058776
JVASP-18323,1,Bi,0.0014142137,75.36236,75.36122
JVASP-15043,0,As,0.0,16.668182,16.668182
JVASP-15043,1,Ce,0.0031622779,7.3629155,7.3633423
JVASP-2011,0,H,0.0016329932,4.494067,4.494862
JVASP-2011,1,K,0.0014142137,3.9006114,3.901638
JVASP-16625,0,Yb,0.0,4.325258,4.325258
JVASP-16625,1,Tl,0.0,13.684985,13.684985
JVASP-56721,0,Yb,0.0,4.325258,4.325258
JVASP-56721,1,Ru,0.0,13.728401,13.728401
JVASP-16611,0,Pu,0.0,29.168139,29.168139
JVASP-16611,1,Ru,0.0,13.728401,13.728401
JVASP-36354,0,Pa,0.0,92.4506,92.4506
JVASP-36354,1,N,0.0,2.1896696,2.1896696
JVASP-78592,0,La,0.0,5.9067655,5.9067655
JVASP-78592,1,Tl,0.0,13.684985,13.684985
JVASP-19741,0,Lu,0.0,5.367924,5.367924
JVASP-19741,1,Ir,0.0,25.960743,25.960743
JVASP-16545,0,Hf,0.0,15.926846,15.926846
JVASP-16545,1,Tc,0.0,8.509769,8.509769
JVASP-16516,0,Ga,0.0,4.5793962,4.5793962
JVASP-16516,1,Ir,0.0,25.960743,25.960743
JVASP-17691,0,Dy,0.0,4.4875207,4.4875207
JVASP-17691,1,Th,0.0,20.611576,20.611576
JVASP-14502,0,Dy,0.0,4.4875207,4.4875207
JVASP-14502,1,Cu,0.0,2.626418,2.626418
JVASP-85326,0,Eu,0.0,21.293404,21.293404
JVASP-85326,1,Cd,0.0,15.619623,15.619623
JVASP-36873,0,B,0.0,5.024234,5.024234
JVASP-36873,1,Sb,0.0,27.438374,27.438374
JVASP-16447,0,Lu,0.0,5.367924,5.367924
JVASP-16447,1,Au,0.0,9.827829,9.827829
JVASP-20504,0,Zn,0.0,10.546378,10.546378
JVASP-20504,1,Ag,0.0,6.9597216,6.9597216
