jid,site_idx,element,frob_true,frob_pred,frob_err
JVASP-30562,0,Co,34.545147,0.6378808,33.941223
JVASP-30562,1,Co,34.491962,0.41894606,34.097775
JVASP-30562,2,O,20.294973,1.3682448,21.576994
JVASP-30562,3,O,21.392527,1.4016744,22.705708
JVASP-30562,4,O,20.314339,1.3680604,21.597141
JVASP-30562,5,O,21.414558,1.4015911,22.729185
JVASP-30423,0,Co,33.86277,0.6379171,33.235744
JVASP-30423,1,Co,34.221386,0.41898036,33.810703
JVASP-30423,2,O,21.222345,1.3681004,22.556284
JVASP-30423,3,O,22.19399,1.401613,23.562176
JVASP-30423,4,O,21.23082,1.3680198,22.56451
JVASP-30423,5,O,22.20147,1.4015832,23.569416
JVASP-10063,0,Co,77.82296,0.57619816,78.12113
JVASP-10063,1,Co,77.82296,0.57619816,78.12113
JVASP-10063,2,Co,77.89043,0.57600915,78.12479
JVASP-10063,3,Co,77.89009,0.5760099,78.12443
JVASP-10063,4,O,125.6171,1.5572219,124.905914
JVASP-10063,5,O,125.58792,1.5575303,125.820175
JVASP-10063,6,O,125.6173,1.5572219,124.9061
JVASP-10063,7,O,125.58656,1.5575303,125.81881
JVASP-10063,8,O,125.58656,1.5575303,125.81881
JVASP-10063,9,O,125.58792,1.5575303,125.820175
JVASP-10063,10,O,125.6173,1.5572219,124.9061
JVASP-10063,11,O,125.6171,1.5572219,124.905914
JVASP-16911,0,Co,19.676342,0.9526857,20.628836
JVASP-16911,1,Co,19.676752,0.9526857,20.629244
JVASP-16911,2,O,127.027275,2.0362349,129.0546
JVASP-16911,3,O,127.02687,2.0362349,129.0542
JVASP-16911,4,O,127.02687,2.0362349,129.0542
JVASP-16911,5,O,127.02687,2.0362349,129.0542
JVASP-17464,0,Co,12.140666,0.113837056,12.085832
JVASP-17464,1,Co,12.141074,0.11382956,12.086238
JVASP-17464,2,O,28.084541,1.0661646,27.562597
JVASP-17464,3,O,28.084541,1.0661646,27.562597
JVASP-18883,0,Co,37.45474,0.41481996,37.04127
JVASP-18883,1,O,18.545088,1.3804438,19.91138
JVASP-18883,2,O,18.545088,1.3804438,19.91138
JVASP-12019,0,Co,24.206778,0.8494996,23.386934
JVASP-12019,1,O,28.482164,1.6061087,30.027018
JVASP-12019,2,O,28.483343,1.6061184,30.028204
JVASP-12047,0,Co,37.322468,0.41450664,36.90931
JVASP-12047,1,Co,37.320427,0.41447788,36.907295
JVASP-12047,2,O,18.584278,1.3804795,19.95064
JVASP-12047,3,O,18.589178,1.3805358,19.955597
JVASP-12047,4,O,18.589178,1.3805358,19.955597
JVASP-12047,5,O,18.584278,1.3804795,19.95064
JVASP-22695,0,Co,0.88010794,0.32225227,0.77440333
JVASP-22695,1,Co,1.0118102,0.32193682,0.89835584
JVASP-22695,2,O,0.70492125,1.3812653,1.191018
JVASP-22695,3,O,0.8273612,1.3806721,1.1978221
JVASP-30539,0,Co,19.649807,0.9528509,20.602467
JVASP-30539,1,Co,19.649807,0.9528509,20.602467
JVASP-30539,2,O,127.03298,2.0363162,129.0604
JVASP-30539,3,O,127.03298,2.0363162,129.0604
JVASP-30539,4,O,127.03298,2.0363162,129.0604
JVASP-30539,5,O,127.03298,2.0363162,129.0604
JVASP-78503,0,Co,24.422356,0.61711645,23.818226
JVASP-78503,1,O,29.417143,1.3193519,30.30229
JVASP-78503,2,O,29.605547,1.3192669,30.470366
JVASP-78516,0,Co,40.25124,0.4374137,39.81626
JVASP-78516,1,Co,40.25001,0.43742105,39.81502
JVASP-78516,2,Co,40.25001,0.43742105,39.81502
JVASP-78516,3,O,16.886782,1.3539615,18.228863
JVASP-78516,4,O,16.886782,1.3539615,18.228863
JVASP-78516,5,O,16.888006,1.3539739,18.230093
JVASP-78516,6,O,16.886782,1.3539621,18.228865
JVASP-78516,7,O,16.886782,1.3539621,18.228865
JVASP-78516,8,O,16.888006,1.3539739,18.230093
JVASP-78655,0,Co,0.00244949,0.2436706,0.24246757
JVASP-78655,1,O,0.002581989,1.210856,1.2092534
JVASP-78656,0,Co,0.12900646,0.11168502,0.23974039
JVASP-78656,1,Co,0.12900646,0.11168502,0.23974039
JVASP-78656,2,O,0.13962092,1.0636338,0.92618144
JVASP-78656,3,O,0.13962092,1.0636338,0.92618144
JVASP-78716,0,Co,11.091698,0.113831826,10.97966
JVASP-78716,1,Co,11.092514,0.11383687,10.9804735
JVASP-78716,2,Co,11.092514,0.11383687,10.9804735
JVASP-78716,3,O,27.949902,1.0661639,26.89873
JVASP-78716,4,O,27.951126,1.0661561,26.899967
JVASP-78716,5,O,27.949902,1.0661639,26.89873
JVASP-78717,0,Co,11.243601,0.114136614,11.136405
JVASP-78717,1,Co,11.243601,0.114136614,11.136405
JVASP-78717,2,O,28.366686,1.0666951,27.31224
JVASP-78717,3,O,28.366686,1.0666951,27.31224
JVASP-7878,0,Co,19.300755,0.21824674,19.085064
JVASP-7878,1,Co,19.301163,0.21824674,19.08547
JVASP-7878,2,O,2.7556763,1.1257321,3.8666434
JVASP-7878,3,O,2.7556763,1.1257321,3.8666434
JVASP-7887,0,Co,0.5633826,0.1132226,0.45233315
JVASP-7887,1,Co,0.5633826,0.1132226,0.45233315
JVASP-7887,2,O,0.77893776,1.0659149,0.32358176
JVASP-7887,3,O,0.77893776,1.0659149,0.32358176
JVASP-78929,0,Co,37.398403,0.41460657,36.985146
JVASP-78929,1,O,18.536514,1.3805915,19.902967
JVASP-78929,2,O,18.536514,1.3805915,19.902967
JVASP-79254,0,Co,19.446499,0.21818331,19.230873
JVASP-79254,1,Co,19.446499,0.21818331,19.230873
JVASP-79254,2,O,2.3278322,1.125565,3.4393845
JVASP-79254,3,O,2.3278322,1.125565,3.4393845
JVASP-79820,0,Co,19.288507,0.21822387,19.072838
JVASP-79820,1,Co,19.281158,0.2182266,19.065487
JVASP-79820,2,O,2.7642496,1.1256915,3.8750365
JVASP-79820,3,O,2.7597592,1.1256857,3.8705077
JVASP-8253,0,Co,34.694378,0.63845575,34.09097
JVASP-8253,1,Co,34.4097,0.41925433,34.01296
JVASP-8253,2,O,20.537062,1.376117,21.8359
JVASP-8253,3,O,21.68238,1.406706,23.006868
JVASP-8253,4,O,20.518852,1.3762964,21.818462
JVASP-8253,5,O,21.669495,1.4068117,22.994894
JVASP-8265,0,Co,30.628418,0.6421056,29.986605
JVASP-8265,1,Co,30.628418,0.6420987,29.986612
JVASP-8265,2,Co,30.628418,0.6421056,29.986605
JVASP-8265,3,O,23.682482,1.3967508,25.063835
JVASP-8265,4,O,23.682482,1.3967508,25.063835
JVASP-8265,5,O,23.68044,1.3967489,25.061785
JVASP-8265,6,O,23.684116,1.3967618,25.06548
JVASP-8265,7,O,23.684116,1.3967618,25.06548
JVASP-8265,8,O,23.68044,1.3967489,25.061785
JVASP-8268,0,Co,41.00691,0.43329257,40.5758
JVASP-8268,1,Co,41.00568,0.43329954,40.57457
JVASP-8268,2,Co,41.00568,0.43329954,40.57457
JVASP-8268,3,O,13.668153,1.377083,15.034565
JVASP-8268,4,O,13.668153,1.377083,15.034565
JVASP-8268,5,O,13.669377,1.3770845,15.0358
JVASP-8268,6,O,13.6697855,1.3770962,15.036211
JVASP-8268,7,O,13.6697855,1.3770962,15.036211
JVASP-8268,8,O,13.669377,1.3770845,15.0358
JVASP-8614,0,Co,0.0,0.24363318,0.24363318
JVASP-8614,1,Co,0.0,0.24363318,0.24363318
JVASP-8614,2,Co,0.0,0.24363318,0.24363318
JVASP-8614,3,Co,0.0,0.24363318,0.24363318
JVASP-8614,4,O,0.0,1.2107749,1.2107749
JVASP-8614,5,O,0.0,1.2107749,1.2107749
JVASP-8614,6,O,0.0,1.2107749,1.2107749
JVASP-8614,7,O,0.0,1.2107749,1.2107749
JVASP-8638,0,Co,30.618622,0.64204216,29.976871
JVASP-8638,1,Co,30.618622,0.64204216,29.976871
JVASP-8638,2,Co,30.61699,0.64204174,29.975239
JVASP-8638,3,O,23.673094,1.3965753,25.05426
JVASP-8638,4,O,23.673094,1.3965753,25.05426
JVASP-8638,5,O,23.673502,1.3965746,25.054672
JVASP-8638,6,O,23.67187,1.3965746,25.05304
JVASP-8638,7,O,23.67187,1.3965746,25.05304
JVASP-8638,8,O,23.673502,1.3965746,25.054672
JVASP-12063,0,Co,19.687775,0.9526448,20.640228
JVASP-12063,1,Co,19.687775,0.9526448,20.640228
JVASP-12063,2,O,127.062386,2.0361614,129.08963
JVASP-12063,3,O,127.062386,2.0361614,129.08963
JVASP-12063,4,O,127.062386,2.0361614,129.08963
JVASP-12063,5,O,127.062386,2.0361614,129.08963
JVASP-30584,0,Co,30.412865,0.64278644,29.770359
JVASP-30584,1,Co,30.412865,0.64278644,29.770359
JVASP-30584,2,Co,30.41409,0.6427804,29.77159
JVASP-30584,3,O,24.086649,1.4025548,25.47402
JVASP-30584,4,O,24.085016,1.4025432,25.472374
JVASP-30584,5,O,24.085016,1.4025432,25.472374
JVASP-30584,6,O,24.086649,1.4025548,25.47402
JVASP-30584,7,O,24.083384,1.4025422,25.470741
JVASP-30584,8,O,24.083384,1.4025422,25.470741
JVASP-30590,0,Co,41.00201,0.43328342,40.570915
JVASP-30590,1,Co,41.003235,0.43328258,40.572136
JVASP-30590,2,Co,41.003235,0.43328258,40.572136
JVASP-30590,3,O,13.665703,1.3771101,15.032145
JVASP-30590,4,O,13.665703,1.3771073,15.032142
JVASP-30590,5,O,13.664478,1.377098,15.030916
JVASP-30590,6,O,13.664478,1.377098,15.030916
JVASP-30590,7,O,13.665703,1.3771073,15.032142
JVASP-30590,8,O,13.665703,1.3771101,15.032145
JVASP-30123,0,Co,32.33939,0.6427211,31.696949
JVASP-30123,1,Co,32.33939,0.64272094,31.696949
JVASP-30123,2,Co,32.33939,0.64272094,31.696949
JVASP-30123,3,O,26.23036,1.4023814,27.617502
JVASP-30123,4,O,26.23036,1.4023806,27.617502
JVASP-30123,5,O,26.229136,1.4023696,27.616272
JVASP-30123,6,O,26.229136,1.4023696,27.616272
JVASP-30123,7,O,26.23036,1.4023806,27.617502
JVASP-30123,8,O,26.23036,1.4023814,27.617502
JVASP-4924,0,Co,11.0912895,0.11383219,10.979253
JVASP-4924,1,Co,11.092515,0.11383678,10.980477
JVASP-4924,2,Co,11.092515,0.11383678,10.980477
JVASP-4924,3,O,27.949902,1.0661649,26.898727
JVASP-4924,4,O,27.949902,1.0661649,26.898727
JVASP-4924,5,O,27.951126,1.066158,26.899965
JVASP-30349,0,Mn,20.890974,0.058449175,20.8939
JVASP-30349,1,Mn,20.690062,0.17729235,20.771948
JVASP-30349,2,O,33.263065,1.2984811,32.841587
JVASP-30349,3,O,33.107193,1.2431569,32.71399
JVASP-30349,4,O,33.106907,1.2430819,32.71376
JVASP-30349,5,O,33.264446,1.2984439,32.84298
JVASP-29364,0,Mn,30.332956,0.18239163,30.475855
JVASP-29364,1,Mn,30.332956,0.18239163,30.475855
JVASP-29364,2,O,63.911953,1.2972552,64.790016
JVASP-29364,3,O,85.30368,1.4180187,84.51289
JVASP-29364,4,O,85.30368,1.4180187,84.51289
JVASP-29364,5,O,63.911953,1.2972552,64.790016
JVASP-18888,0,Mn,13.596143,0.43458882,13.228535
JVASP-18888,1,Mn,13.596143,0.43458882,13.231021
JVASP-18888,2,O,120.48963,1.3752244,120.63704
JVASP-18888,3,O,120.48963,1.3752244,120.66288
JVASP-18888,4,O,120.48963,1.3752244,120.66288
JVASP-18888,5,O,120.48963,1.3752244,120.63704
JVASP-30114,0,Mn,10.662576,0.17328043,10.833924
JVASP-30114,1,Mn,10.660293,0.17325322,10.831617
JVASP-30114,2,O,41.33548,1.439892,42.60316
JVASP-30114,3,O,31.15091,1.3622947,32.418594
JVASP-30114,4,O,41.333,1.4398278,42.600792
JVASP-30114,5,O,31.150127,1.3623878,32.41795
JVASP-10064,0,Mn,12.782789,0.6098262,12.8462925
JVASP-10064,1,Mn,12.782789,0.6098262,12.8462925
JVASP-10064,2,Mn,12.782872,0.6098265,13.046766
JVASP-10064,3,Mn,12.784119,0.6098265,13.048399
JVASP-10064,4,O,129.47507,1.4073732,128.80508
JVASP-10064,5,O,129.47615,1.407372,129.67621
JVASP-10064,6,O,129.47507,1.4073731,128.80508
JVASP-10064,7,O,129.47615,1.407372,129.67621
JVASP-10064,8,O,129.47615,1.407372,129.67621
JVASP-10064,9,O,129.47615,1.407372,129.67621
JVASP-10064,10,O,129.47507,1.4073731,128.80508
JVASP-10064,11,O,129.47507,1.4073732,128.80508
JVASP-22693,0,Mn,14.900443,0.24528418,14.800019
JVASP-22693,1,Mn,14.90002,0.24528715,14.799591
JVASP-22693,2,O,46.294228,1.2413008,46.937984
JVASP-22693,3,O,46.294228,1.2413008,46.937984
JVASP-37182,0,Mn,7.1662264,0.27245867,6.895842
JVASP-37182,1,Mn,7.1662264,0.27245867,6.8958125
JVASP-37182,2,Mn,7.1662264,0.27245867,6.895842
JVASP-37182,3,Mn,7.1662264,0.27245867,6.8958125
JVASP-37182,4,O,21.170671,1.4047031,19.776955
JVASP-37182,5,O,21.170671,1.4047031,19.77705
JVASP-37182,6,O,21.170671,1.4047031,19.776955
JVASP-37182,7,O,21.170671,1.4047031,19.77705
JVASP-44801,0,Mn,24.437946,0.51739657,24.947687
JVASP-44801,1,Mn,24.43739,0.5173965,24.943247
JVASP-44801,2,Mn,24.43739,0.5173965,24.943247
JVASP-44801,3,Mn,24.437946,0.51739657,24.947687
JVASP-44801,4,O,74.89774,1.293687,74.95688
JVASP-44801,5,O,74.89751,1.2936866,74.860085
JVASP-44801,6,O,75.48809,1.293696,75.5637
JVASP-44801,7,O,75.48809,1.293696,75.5637
JVASP-44801,8,O,74.89751,1.2936866,74.860085
JVASP-44801,9,O,74.89774,1.293687,74.95688
JVASP-78681,0,Mn,0.019390719,0.049481727,0.038873717
JVASP-78681,1,O,0.0028284274,0.79370695,0.7913329
JVASP-7870,0,Mn,0.0,0.049481504,0.049481504
JVASP-7870,1,Mn,0.0,0.049481504,0.049481504
JVASP-7870,2,Mn,0.0,0.049481504,0.049481504
JVASP-7870,3,Mn,0.0,0.049481504,0.049481504
JVASP-7870,4,O,0.0,0.7937062,0.7937062
JVASP-7870,5,O,0.0,0.7937062,0.7937062
JVASP-7870,6,O,0.0,0.7937062,0.7937062
JVASP-7870,7,O,0.0,0.7937062,0.7937062
JVASP-8245,0,Mn,20.899433,0.05822655,20.855206
JVASP-8245,1,O,33.333622,1.2958723,34.414127
JVASP-8245,2,O,33.333622,1.2958697,34.414124
JVASP-8264,0,Mn,20.051523,0.0646942,19.991314
JVASP-8264,1,Mn,20.04989,0.06469936,19.989676
JVASP-8264,2,Mn,20.04989,0.06469936,19.989676
JVASP-8264,3,O,32.470436,1.4576262,33.91083
JVASP-8264,4,O,32.470436,1.4576262,33.91083
JVASP-8264,5,O,32.470436,1.4576256,33.91083
JVASP-8264,6,O,32.472477,1.4576397,33.912884
JVASP-8264,7,O,32.472477,1.4576397,33.912884
JVASP-8264,8,O,32.470436,1.4576256,33.91083
JVASP-8642,0,Mn,20.90803,0.058235362,20.85726
JVASP-8642,1,Mn,20.90762,0.058240116,20.856844
JVASP-8642,2,Mn,20.90762,0.058240116,20.856844
JVASP-8642,3,O,33.33878,1.2960448,34.61539
JVASP-8642,4,O,33.33878,1.2960448,34.61539
JVASP-8642,5,O,33.33878,1.2960446,34.61539
JVASP-8642,6,O,33.339596,1.2960572,34.61622
JVASP-8642,7,O,33.339596,1.2960572,34.61622
JVASP-8642,8,O,33.33878,1.2960446,34.61539
JVASP-8794,0,Mn,15.646396,0.08559361,15.670837
JVASP-8794,1,O,25.672264,1.3652409,25.223288
JVASP-8794,2,O,25.672264,1.3652409,25.223288
JVASP-30557,0,Mn,15.66204,0.085564725,15.579108
JVASP-30557,1,Mn,15.660814,0.08557009,15.577876
JVASP-30557,2,Mn,15.660814,0.08557009,15.577876
JVASP-30557,3,O,25.6878,1.3652163,27.03665
JVASP-30557,4,O,25.689432,1.3652312,27.038298
JVASP-30557,5,O,25.689432,1.3652312,27.038298
JVASP-30557,6,O,25.6878,1.3652163,27.03665
JVASP-30557,7,O,25.688616,1.3652166,27.037466
JVASP-30557,8,O,25.688616,1.3652166,27.037466
JVASP-30113,0,Mn,15.027622,0.22246099,14.805271
JVASP-30113,1,O,24.970098,1.3329796,26.286636
JVASP-30113,2,O,24.970098,1.3329796,26.286636
JVASP-5308,0,Mn,20.469162,0.17761126,20.29184
JVASP-5308,1,O,32.912567,1.2431148,34.13508
JVASP-5308,2,O,32.912567,1.2431148,34.13508
JVASP-30583,0,Mn,15.191735,0.08304397,15.110204
JVASP-30583,1,Mn,15.19296,0.08304354,15.111428
JVASP-30583,2,Mn,15.19296,0.08304354,15.111428
JVASP-30583,3,O,25.217497,1.2545489,26.45013
JVASP-30583,4,O,25.217497,1.2545465,26.450129
JVASP-30583,5,O,25.215864,1.2545367,26.448486
JVASP-30583,6,O,25.215864,1.2545367,26.448486
JVASP-30583,7,O,25.217497,1.2545465,26.450129
JVASP-30583,8,O,25.217497,1.2545489,26.45013
JVASP-30623,0,Fe,38.34096,0.4597569,38.12809
JVASP-30623,1,O,30.312542,1.2452526,29.934473
JVASP-30623,2,O,30.312542,1.2452526,29.934473
JVASP-18430,0,O,31.508446,1.3624909,32.64761
JVASP-18430,1,O,31.507393,1.3624802,32.64653
JVASP-18430,2,Fe,36.61843,0.3466787,36.90825
JVASP-17458,0,O,0.0,0.9599958,0.9599958
JVASP-17458,1,Fe,0.004690416,0.075257786,0.0788086
JVASP-16912,0,Fe,183.50842,0.59993076,184.10785
JVASP-16912,1,Fe,183.50842,0.59993076,184.10785
JVASP-16912,2,O,130.03116,2.0234585,132.04579
JVASP-16912,3,O,130.03116,2.0234585,132.04579
JVASP-16912,4,O,130.03116,2.0234585,132.04579
JVASP-16912,5,O,130.03116,2.0234585,132.04579
JVASP-18429,0,O,99.06354,1.3668085,99.170166
JVASP-18429,1,O,99.065765,1.3668085,99.17239
JVASP-18429,2,O,99.06609,1.3668147,98.79588
JVASP-18429,3,O,99.06556,1.3668147,98.795334
JVASP-18429,4,Fe,2.7368383,0.35600418,2.944241
JVASP-18429,5,Fe,2.7355678,0.35600418,2.9430032
JVASP-10934,0,Fe,34.27966,0.63326913,34.611645
JVASP-10934,1,Fe,34.296597,0.6332249,34.51478
JVASP-10934,2,Fe,34.29884,0.63322544,34.517498
JVASP-10934,3,Fe,34.27966,0.63326913,34.611645
JVASP-10934,4,O,96.44156,1.5230682,95.75167
JVASP-10934,5,O,96.44193,1.5230682,95.75191
JVASP-10934,6,O,96.43901,1.5231483,96.68102
JVASP-10934,7,O,96.438515,1.5231483,96.68052
JVASP-10934,8,O,96.438515,1.5231483,96.68052
JVASP-10934,9,O,96.43901,1.5231483,96.68102
JVASP-10934,10,O,96.44193,1.5230682,95.75191
JVASP-10934,11,O,96.44156,1.5230682,95.75167
JVASP-17253,0,Fe,36.654316,0.34675813,36.945515
JVASP-17253,1,O,31.506334,1.3623835,32.65017
JVASP-17253,2,O,31.50529,1.3623729,32.649147
JVASP-30542,0,Fe,183.56232,0.5998328,184.16165
JVASP-30542,1,Fe,183.56313,0.5998328,184.16246
JVASP-30542,2,O,130.03362,2.0233927,132.04817
JVASP-30542,3,O,130.03362,2.0233927,132.04817
JVASP-30542,4,O,130.03362,2.0233927,132.04817
JVASP-30542,5,O,130.03362,2.0233927,132.04817
JVASP-42657,0,Fe,103.39986,0.64646477,103.94976
JVASP-42657,1,Fe,103.39986,0.64646477,103.945404
JVASP-42657,2,O,52.595413,1.556875,52.56266
JVASP-42657,3,O,52.595413,1.556875,52.600338
JVASP-42657,4,O,52.595413,1.556875,52.600338
JVASP-42657,5,O,52.595413,1.556875,52.56266
JVASP-43552,0,Fe,30.597261,0.35853544,30.241674
JVASP-43552,1,Fe,30.597261,0.35853544,30.254902
JVASP-43552,2,O,25.114618,1.4166746,23.704603
JVASP-43552,3,O,25.114618,1.4166746,23.704603
JVASP-53025,0,Fe,1.4770423,0.075392604,1.4023736
JVASP-53025,1,Fe,1.4770423,0.075392604,1.4023736
JVASP-53025,2,O,0.04980629,0.95994544,1.0088334
JVASP-53025,3,O,0.04980629,0.95994544,1.0088334
JVASP-78505,0,Fe,41.84086,0.2989947,42.138573
JVASP-78505,1,Fe,41.84086,0.2989947,42.138573
JVASP-78505,2,O,31.584301,1.3267672,32.89281
JVASP-78505,3,O,31.584301,1.3267672,32.89281
JVASP-78505,4,O,31.584301,1.3267672,32.89281
JVASP-78505,5,O,31.584301,1.3267672,32.89281
JVASP-79307,0,Fe,21.664206,0.3605618,21.786844
JVASP-79307,1,Fe,21.496862,0.36029398,21.625582
JVASP-79307,2,O,30.65793,0.9579099,30.201363
JVASP-79307,3,O,30.647686,0.9579309,30.191057
JVASP-8320,0,Fe,32.9685,0.47560194,33.443996
JVASP-8320,1,Fe,32.96768,0.47560212,33.44318
JVASP-8320,2,Fe,32.96768,0.47560212,33.44318
JVASP-8320,3,O,30.811316,1.2942375,32.084892
JVASP-8320,4,O,30.811316,1.2942375,32.084892
JVASP-8320,5,O,30.809683,1.2942263,32.083252
JVASP-8320,6,O,30.811316,1.2942358,32.084892
JVASP-8320,7,O,30.811316,1.2942358,32.084892
JVASP-8320,8,O,30.809683,1.2942263,32.083252
JVASP-101,0,Fe,35.929115,0.58627534,35.35002
JVASP-101,1,Fe,35.93034,0.58627504,35.351242
JVASP-101,2,Fe,35.929523,0.58627534,35.350426
JVASP-101,3,Fe,35.93034,0.58627504,35.351242
JVASP-101,4,Fe,35.93034,0.58627427,35.351242
JVASP-101,5,Fe,35.93034,0.58627427,35.351242
JVASP-101,6,Fe,35.93034,0.58627504,35.351242
JVASP-101,7,Fe,35.929115,0.58627534,35.35002
JVASP-101,8,Fe,35.93034,0.58627504,35.351242
JVASP-101,9,Fe,35.929115,0.58627534,35.35002
JVASP-101,10,Fe,35.93034,0.58627427,35.351242
JVASP-101,11,Fe,35.93034,0.58627427,35.351242
JVASP-101,12,O,66.688805,1.6887926,66.77408
JVASP-101,13,O,66.688034,1.6887931,66.808876
JVASP-101,14,O,66.6882,1.6887926,66.80351
JVASP-101,15,O,66.688034,1.6887931,66.808876
JVASP-101,16,O,66.688805,1.6887926,66.77408
JVASP-101,17,O,66.6882,1.6887926,66.80351
JVASP-101,18,O,66.688805,1.6887926,66.77408
JVASP-101,19,O,66.6882,1.6887926,66.80906
JVASP-101,20,O,66.68799,1.68879,66.803276
JVASP-101,21,O,66.688034,1.68879,66.808876
JVASP-101,22,O,66.68752,1.6887835,66.772804
JVASP-101,23,O,66.688034,1.6887931,66.80333
JVASP-101,24,O,66.68752,1.6887835,66.772804
JVASP-101,25,O,66.68799,1.68879,66.80882
JVASP-101,26,O,66.688034,1.6887931,66.80333
JVASP-101,27,O,66.6882,1.6887926,66.80906
JVASP-101,28,O,66.688805,1.6887926,66.77408
JVASP-101,29,O,66.688034,1.68879,66.80333
JVASP-30592,0,Fe,36.57333,0.34646735,36.91876
JVASP-30592,1,Fe,36.57333,0.34646735,36.91876
JVASP-30592,2,Fe,36.57333,0.34646127,36.918755
JVASP-30592,3,O,31.480843,1.3639641,32.828156
JVASP-30592,4,O,31.479618,1.3639524,32.826916
JVASP-30592,5,O,31.479618,1.3639524,32.826916
JVASP-30592,6,O,31.480843,1.3639641,32.828156
JVASP-30592,7,O,31.478392,1.3639504,32.82569
JVASP-30592,8,O,31.478392,1.3639504,32.82569
JVASP-30118,0,Fe,30.508396,0.36033675,30.86782
JVASP-30118,1,Fe,30.508396,0.36033642,30.86782
JVASP-30118,2,Fe,30.508396,0.36033675,30.86782
JVASP-30118,3,O,32.981155,1.3969358,34.362305
JVASP-30118,4,O,32.97993,1.3969368,34.361084
JVASP-30118,5,O,32.981155,1.3969368,34.362305
JVASP-30118,6,O,32.981155,1.3969368,34.362305
JVASP-30118,7,O,32.97993,1.3969368,34.361084
JVASP-30118,8,O,32.981155,1.3969358,34.362305
JVASP-19751,0,S,8.941516,2.6322234,7.8517933
JVASP-19751,1,S,8.94134,2.6322231,10.82114
JVASP-19751,2,S,8.941564,2.6322231,7.911614
JVASP-19751,3,Ni,52.50686,1.0426135,52.44148
JVASP-19751,4,Ni,52.504414,1.0426135,53.470547
JVASP-19751,5,Ni,52.50435,1.0426135,52.437485
JVASP-14802,0,Ni,0.80466515,1.4809713,0.6811942
JVASP-14802,1,Ni,0.80466515,1.4809713,0.6811942
JVASP-14802,2,S,11.840834,2.360963,9.5409
JVASP-14802,3,S,11.840834,2.360963,9.5409
JVASP-243,0,Ni,142.27739,1.7828267,140.49684
JVASP-243,1,Ni,142.27983,1.7827835,140.49933
JVASP-243,2,S,139.97487,2.1810708,142.10283
JVASP-243,3,S,139.97487,2.1810708,142.10283
JVASP-243,4,S,139.97365,2.18108,142.10165
JVASP-243,5,S,139.97365,2.18108,142.10165
JVASP-15832,0,Ni,7.2600813,2.3863902,8.675414
JVASP-15832,1,Ni,7.2600813,2.3863902,8.675414
JVASP-15832,2,S,21.510977,2.4934428,23.051733
JVASP-15832,3,S,21.511875,2.493442,20.270348
JVASP-15832,4,S,21.512493,2.4934409,20.950214
JVASP-15832,5,S,21.51177,2.4934409,23.223515
JVASP-38638,0,Ni,10.739379,0.5882991,10.151204
JVASP-38638,1,Ni,10.739379,0.5882991,10.151204
JVASP-38638,2,Ni,47.076744,0.5882991,47.66493
JVASP-38638,3,Ni,10.739379,0.5882991,10.151204
JVASP-38638,4,Ni,10.739379,0.5882991,10.151204
JVASP-38638,5,Ni,47.076744,0.5882991,47.66493
JVASP-38638,6,S,28.841108,2.1353137,30.936203
JVASP-38638,7,S,28.841108,2.1353137,30.936203
JVASP-38656,0,Ni,41.454308,0.79004383,41.463226
JVASP-38656,1,Ni,43.17911,0.8819848,43.777477
JVASP-38656,2,Ni,41.49225,0.7903892,41.581963
JVASP-38656,3,Ni,41.454308,0.79004383,41.463226
JVASP-38656,4,Ni,43.17911,0.8819848,43.777477
JVASP-38656,5,Ni,41.49225,0.7903892,41.581963
JVASP-38656,6,S,23.349752,2.3407416,25.140024
JVASP-38656,7,S,23.349752,2.3407416,25.140024
JVASP-42475,0,Ni,23.82703,1.7410214,22.866938
JVASP-42475,1,Ni,23.82703,1.7410214,22.867056
JVASP-42475,2,S,199.89095,2.4213088,200.38805
JVASP-42475,3,S,199.89095,2.4213088,200.4062
JVASP-42475,4,S,199.89095,2.4213088,200.4062
JVASP-42475,5,S,199.89095,2.4213088,200.38805
JVASP-42640,0,Ni,27.694622,1.7476734,26.739416
JVASP-42640,1,Ni,27.694847,1.7477046,26.73791
JVASP-42640,2,S,200.26324,2.4231844,200.77689
JVASP-42640,3,S,200.26007,2.423188,200.75768
JVASP-42640,4,S,200.26213,2.423189,200.77591
JVASP-42640,5,S,200.26236,2.4231772,200.75984
JVASP-78858,0,Ni,69.90598,1.3187772,68.59176
JVASP-78858,1,Ni,69.90598,1.3187772,68.59176
JVASP-78858,2,S,169.25157,2.5511005,171.74083
JVASP-78858,3,S,169.25157,2.5511005,171.74083
JVASP-78858,4,S,169.25157,2.5511005,171.74083
JVASP-78858,5,S,169.25157,2.5511005,171.74083
JVASP-79312,0,Ni,0.3407169,1.4809525,1.1427916
JVASP-79312,1,Ni,0.3407169,1.4809525,1.1427916
JVASP-79312,2,S,12.496073,2.3612752,10.195025
JVASP-79312,3,S,12.496073,2.3612752,10.195025
JVASP-8042,0,S,12.971841,2.706539,13.317852
JVASP-8042,1,S,12.971841,2.706539,13.317852
JVASP-8042,2,Ni,30.055733,0.670947,30.32988
JVASP-8042,3,Ni,30.058987,0.6709475,29.943945
JVASP-8042,4,Ni,30.05752,0.6709474,29.902159
JVASP-8255,0,Ni,12.944737,1.924365,11.027131
JVASP-8255,1,Ni,12.936987,1.9243652,11.019622
JVASP-8255,2,Ni,12.936987,1.9243652,11.019622
JVASP-8255,3,S,22.18013,1.7470957,23.888468
JVASP-8255,4,S,22.18013,1.7470957,23.888468
JVASP-8255,5,S,22.181355,1.7471006,23.889687
JVASP-8255,6,S,22.18013,1.7471,23.888474
JVASP-8255,7,S,22.18013,1.7471,23.888474
JVASP-8255,8,S,22.181355,1.7471006,23.889687
JVASP-85820,0,Ni,44.895473,0.6732146,45.566856
JVASP-85820,1,Ni,44.895473,0.6732156,45.566856
JVASP-85820,2,Ni,44.895473,0.6732156,45.566856
JVASP-85820,3,S,157.53404,2.5878882,155.00482
JVASP-85820,4,S,157.53404,2.5878882,155.00482
JVASP-85820,5,S,157.53404,2.5878918,155.00482
JVASP-85820,6,S,157.53404,2.5878825,155.00484
JVASP-85820,7,S,157.53404,2.5878825,155.00484
JVASP-85820,8,S,157.53404,2.5878918,155.00482
JVASP-85822,0,Ni,43.11003,1.8770205,42.62167
JVASP-85822,1,Ni,43.11003,1.8770205,42.62167
JVASP-85822,2,S,211.1765,1.6247973,210.02264
JVASP-85822,3,S,211.1765,1.6247973,210.02264
JVASP-85822,4,S,211.1765,1.6247973,210.02264
JVASP-85822,5,S,211.1765,1.6247973,210.02264
JVASP-42478,0,Ni,9.303979,0.97678983,8.327224
JVASP-42478,1,Ni,9.303979,0.97678983,8.327224
JVASP-42478,2,Ni,9.303979,0.97678983,8.327224
JVASP-42478,3,Ni,9.303979,0.97678983,8.327224
JVASP-42478,4,S,12.489948,2.4014854,10.16146
JVASP-42478,5,S,12.489948,2.4014854,10.16146
JVASP-30564,0,Ni,12.9431095,1.9243548,11.025401
JVASP-30564,1,Ni,12.934531,1.9243554,11.01706
JVASP-30564,2,Ni,12.934531,1.9243554,11.01706
JVASP-30564,3,S,21.982944,1.7472057,23.69143
JVASP-30564,4,S,21.98172,1.7472086,23.690195
JVASP-30564,5,S,21.98417,1.74721,23.692648
JVASP-30564,6,S,21.98417,1.74721,23.692648
JVASP-30564,7,S,21.98172,1.7472086,23.690195
JVASP-30564,8,S,21.982944,1.7472057,23.69143
JVASP-30258,0,V,73.4823,0.21096413,73.55206
JVASP-30258,1,V,73.51133,0.21093582,73.566475
JVASP-30258,2,O,17.373623,1.8137603,17.614967
JVASP-30258,3,O,17.358843,1.8138152,17.605625
JVASP-30258,4,F,96.912186,2.802427,98.47554
JVASP-30258,5,F,137.54408,2.3902228,138.18837
JVASP-30258,6,F,95.096016,2.8129513,93.92445
JVASP-30258,7,F,96.95669,2.8027947,98.53737
JVASP-30258,8,F,137.51685,2.389849,138.14714
JVASP-30258,9,F,95.13627,2.8132288,93.979805
JVASP-30457,0,V,53.60096,0.54600453,53.066563
JVASP-30457,1,V,53.60096,0.54600453,53.066563
JVASP-30457,2,O,15.112126,1.3579615,16.462288
JVASP-30457,3,O,15.112126,1.3579615,16.462288
JVASP-30457,4,F,19.289732,1.1406856,20.37952
JVASP-30457,5,F,19.289732,1.1406856,20.37952
JVASP-42337,0,V,95.276146,0.074260026,95.23154
JVASP-42337,1,V,95.276146,0.074260026,95.23441
JVASP-42337,2,O,47.719692,2.1127899,47.384953
JVASP-42337,3,O,47.719692,2.1127899,47.384937
JVASP-42337,4,F,106.13364,2.2802937,106.94231
JVASP-42337,5,F,122.95488,3.063642,122.01177
JVASP-42337,6,F,106.13364,2.2802937,106.94223
JVASP-42337,7,F,106.15568,2.28023,105.975
JVASP-42337,8,F,106.15568,2.28023,105.962
JVASP-42337,9,F,122.95488,3.063642,122.03789
JVASP-43002,0,V,53.018017,0.46259826,52.92009
JVASP-43002,1,V,48.10613,0.22392868,48.263092
JVASP-43002,2,O,30.44408,1.358962,30.434368
JVASP-43002,3,O,24.64685,1.2727414,24.348013
JVASP-43002,4,O,24.64685,1.2727414,24.456202
JVASP-43002,5,F,113.9248,1.3050534,113.82762
JVASP-44226,0,V,96.31449,0.07579679,96.292076
JVASP-44226,1,V,96.31449,0.07579679,96.290436
JVASP-44226,2,O,47.424484,2.1136415,47.082256
JVASP-44226,3,O,47.424484,2.1136415,47.082275
JVASP-44226,4,F,124.58021,3.0827067,125.03026
JVASP-44226,5,F,105.58705,2.279757,105.74831
JVASP-44226,6,F,124.58021,3.0827067,125.02724
JVASP-44226,7,F,105.582756,2.2797675,106.57527
JVASP-44226,8,F,105.58705,2.279757,105.734985
JVASP-44226,9,F,105.582756,2.2797675,106.56657
JVASP-45936,0,V,132.2333,0.18452686,132.1738
JVASP-45936,1,V,81.41096,0.1451411,81.47721
JVASP-45936,2,O,8.478328,1.2545109,7.656864
JVASP-45936,3,O,8.478328,1.2545109,7.656864
JVASP-45936,4,F,121.046455,2.1082594,120.63594
JVASP-45936,5,F,121.046455,2.1082594,120.63594
JVASP-46152,0,V,16.040579,0.4371707,15.611339
JVASP-46152,1,V,16.040579,0.4371709,15.611339
JVASP-46152,2,O,12.060067,1.3265216,13.382764
JVASP-46152,3,O,12.060068,1.3265214,13.382763
JVASP-46152,4,F,8.554868,1.632363,6.9541125
JVASP-46152,5,F,8.554868,1.632357,6.9541187
JVASP-46890,0,V,220.583,0.3106692,220.56671
JVASP-46890,1,V,417.56168,0.59058356,418.08536
JVASP-46890,2,V,176.1589,0.1712973,176.20596
JVASP-46890,3,O,110.60238,1.3256973,111.43286
JVASP-46890,4,O,91.20977,2.6751525,89.82259
JVASP-46890,5,O,106.05819,1.546064,106.77309
JVASP-46890,6,O,43.271145,0.9893197,42.901222
JVASP-46890,7,F,88.436295,2.7082014,88.62852
JVASP-46890,8,F,136.41052,1.3702645,136.81625
JVASP-47022,0,V,50.313183,0.1514596,50.21693
JVASP-47022,1,V,53.40591,0.34062696,53.48272
JVASP-47022,2,V,32.18553,0.2279155,32.236332
JVASP-47022,3,O,24.091972,1.4159275,23.93987
JVASP-47022,4,O,34.132812,1.3741201,34.21434
JVASP-47022,5,O,27.812525,1.3131137,27.859287
JVASP-47022,6,O,44.679935,1.3192066,44.57666
JVASP-47022,7,O,31.307243,1.3222806,30.841953
JVASP-47022,8,F,93.60938,1.687551,93.04573
JVASP-48573,0,V,55.475998,0.12812383,55.389168
JVASP-48573,1,V,55.482853,0.12812357,55.582718
JVASP-48573,2,O,22.054977,1.8732362,21.400894
JVASP-48573,3,O,53.406555,1.8084204,53.400955
JVASP-48573,4,O,22.055126,1.8732362,23.417896
JVASP-48573,5,O,53.40651,1.8084197,53.510273
JVASP-48573,6,F,137.0937,2.2878807,136.92958
JVASP-48573,7,F,137.0928,2.2878807,137.425
JVASP-48577,0,V,121.69273,0.056013517,121.70445
JVASP-48577,1,V,105.492546,0.10452907,105.52555
JVASP-48577,2,O,36.343414,1.7841423,35.232914
JVASP-48577,3,O,36.342304,1.7841423,35.45731
JVASP-48577,4,F,74.34657,2.497137,75.86258
JVASP-48577,5,F,78.66533,2.510228,77.24701
JVASP-48577,6,F,101.30263,2.6044722,101.582016
JVASP-48577,7,F,78.66551,2.5102282,77.201775
JVASP-48577,8,F,101.30261,2.6044722,101.24909
JVASP-48577,9,F,74.34714,2.4971368,75.520706
JVASP-48583,0,V,71.00814,0.05807101,70.95442
JVASP-48583,1,O,15.968028,2.3138344,14.289609
JVASP-48583,2,O,58.539265,1.917973,57.974014
JVASP-48583,3,F,116.12743,3.3314292,113.67242
JVASP-12127,0,V,61.42347,0.06788241,61.450066
JVASP-12127,1,V,61.42347,0.06788241,61.45211
JVASP-12127,2,V,61.42347,0.06788241,61.45211
JVASP-12127,3,V,61.42347,0.06788241,61.450066
JVASP-12127,4,O,34.49373,2.0350444,33.452423
JVASP-12127,5,O,34.49373,2.0350444,33.481445
JVASP-12127,6,O,34.49373,2.0350444,33.481445
JVASP-12127,7,O,34.49373,2.0350444,33.452423
JVASP-12127,8,F,105.140045,2.9669151,104.66448
JVASP-12127,9,F,105.140045,2.9669151,104.66448
JVASP-12127,10,F,114.89703,2.9935267,113.14555
JVASP-12127,11,F,114.89703,2.9935267,113.11958
JVASP-12127,12,F,117.5088,2.6581144,117.10384
JVASP-12127,13,F,114.89703,2.9935267,113.14555
JVASP-12127,14,F,117.5088,2.6581144,117.12257
JVASP-12127,15,F,117.5088,2.6581144,117.12257
JVASP-12127,16,F,105.140045,2.9669151,104.69221
JVASP-12127,17,F,114.89703,2.9935267,113.11958
JVASP-12127,18,F,117.5088,2.6581144,117.10384
JVASP-12127,19,F,105.140045,2.9669151,104.69221
JVASP-30262,0,V,27.751192,0.08705147,27.713963
JVASP-30262,1,V,27.751192,0.08705147,27.713963
JVASP-30262,2,O,8.35058,1.2563206,9.59714
JVASP-30262,3,O,8.35058,1.2563206,9.59714
JVASP-30262,4,F,103.4938,1.9402568,102.474396
JVASP-30262,5,F,103.4938,1.9402568,102.474396
JVASP-30263,0,V,26.501308,0.047933135,26.468258
JVASP-30263,1,V,26.501308,0.047933135,26.468258
JVASP-30263,2,O,18.57893,1.7980949,17.60154
JVASP-30263,3,O,18.57893,1.7980949,17.60154
JVASP-30263,4,F,97.29283,2.2818086,96.15884
JVASP-30263,5,F,97.29283,2.2818086,96.16832
JVASP-30263,6,F,97.29283,2.2818086,96.15884
JVASP-30263,7,F,97.29283,2.2818086,96.16832
JVASP-22712,0,Li,0.6466684,0.34928548,0.98367804
JVASP-22712,1,Li,0.6466684,0.34928548,0.98367804
JVASP-22712,2,V,52.697186,0.5642835,52.142685
JVASP-22712,3,F,94.94975,1.819642,95.01031
JVASP-22712,4,F,94.92669,1.8197829,94.992615
JVASP-22712,5,F,94.94957,1.8196424,94.775345
JVASP-22712,6,F,94.94994,1.8196424,94.7757
JVASP-22712,7,F,94.927345,1.8197833,94.99324
JVASP-22712,8,F,94.94993,1.8196442,95.0105
JVASP-42597,0,Li,0.62367135,0.3950523,0.7747629
JVASP-42597,1,V,19.142305,0.14570831,19.141417
JVASP-42597,2,F,100.47409,1.5410957,101.4576
JVASP-42597,3,F,100.533195,1.6663561,99.44713
JVASP-42597,4,F,100.125465,1.5400597,101.10915
JVASP-42597,5,F,100.18593,1.6663759,99.09922
JVASP-45790,0,Li,0.03660601,0.35225797,0.35150692
JVASP-45790,1,Li,0.9283631,0.36375397,0.9206661
JVASP-45790,2,Li,0.9283631,0.36375397,0.9206279
JVASP-45790,3,Li,0.03660601,0.35225797,0.3509296
JVASP-45790,4,V,66.20061,0.4473643,66.37033
JVASP-45790,5,V,66.20061,0.4473643,66.37011
JVASP-45790,6,F,83.01884,1.9032159,83.49477
JVASP-45790,7,F,82.95457,1.9030378,82.034035
JVASP-45790,8,F,83.02848,1.9024531,83.43543
JVASP-45790,9,F,82.979164,1.902913,83.37948
JVASP-45790,10,F,83.02413,1.9029102,82.104774
JVASP-45790,11,F,83.13609,1.9030416,83.61811
JVASP-45790,12,F,83.02848,1.9024531,83.461
JVASP-45790,13,F,82.95457,1.9030378,82.02383
JVASP-45790,14,F,83.01884,1.9032159,83.47922
JVASP-45790,15,F,83.13609,1.9030416,83.60262
JVASP-45790,16,F,83.02413,1.9029102,82.094475
JVASP-45790,17,F,82.979164,1.902913,83.405136
JVASP-46869,0,Li,0.30107254,0.17941433,0.4125101
JVASP-46869,1,Li,0.30107254,0.17941178,0.41250798
JVASP-46869,2,V,8.840984,0.021829631,8.824594
JVASP-46869,3,F,17.217718,1.9795531,18.178705
JVASP-46869,4,F,17.217669,1.9795399,18.178442
JVASP-46869,5,F,103.38753,1.5604172,103.34116
JVASP-46869,6,F,103.38294,1.5605464,103.3569
JVASP-46885,0,Li,1.2735306,0.26090604,1.5215263
JVASP-46885,1,Li,1.2735306,0.26090604,1.5215263
JVASP-46885,2,Li,2.662229,0.17239223,2.497472
JVASP-46885,3,V,108.077065,0.5421872,108.42127
JVASP-46885,4,F,90.234314,1.9648963,89.92834
JVASP-46885,5,F,90.234314,1.9648963,89.88349
JVASP-46885,6,F,88.15434,1.9648852,87.89042
JVASP-46885,7,F,88.15483,1.9648107,87.89087
JVASP-46885,8,F,90.234665,1.9648972,89.88393
JVASP-46885,9,F,90.234665,1.9648972,89.92877
JVASP-46915,0,Li,0.9627118,0.40804273,1.080882
JVASP-46915,1,Li,0.9627118,0.40804273,1.080882
JVASP-46915,2,V,5.034136,0.33652923,5.1174564
JVASP-46915,3,V,5.034136,0.33652923,5.1174564
JVASP-46915,4,F,56.934864,1.9912269,56.10986
JVASP-46915,5,F,56.935932,1.9912362,56.3183
JVASP-46915,6,F,56.93416,1.9912343,57.930183
JVASP-46915,7,F,56.93416,1.9912343,57.930183
JVASP-46915,8,F,56.935932,1.9912362,56.3183
JVASP-46915,9,F,56.934864,1.9912269,56.10986
JVASP-47083,0,Li,0.8118486,0.3495048,0.8759531
JVASP-47083,1,Li,0.8118486,0.3495048,0.8759531
JVASP-47083,2,V,21.155033,0.10967763,21.04874
JVASP-47083,3,V,21.155033,0.10967763,21.04874
JVASP-47083,4,F,48.50129,2.246864,50.73856
JVASP-47083,5,F,48.50129,2.246864,50.737553
JVASP-47083,6,F,79.92455,2.0444047,78.28171
JVASP-47083,7,F,79.92455,2.0444047,78.28171
JVASP-47083,8,F,48.50129,2.246864,50.737553
JVASP-47083,9,F,48.50129,2.246864,50.73856
JVASP-47086,0,Li,2.4303021,0.167003,2.590951
JVASP-47086,1,Li,2.4307103,0.167003,2.59137
JVASP-47086,2,V,8.54382,0.25830182,8.289257
JVASP-47086,3,V,8.54382,0.25830182,8.289257
JVASP-47086,4,F,71.44568,3.943147,69.12214
JVASP-47086,5,F,71.44568,3.943147,69.12477
JVASP-47086,6,F,71.445015,3.9431567,69.20353
JVASP-47086,7,F,71.445015,3.9431567,69.20353
JVASP-47086,8,F,71.44568,3.943147,69.12477
JVASP-47086,9,F,71.44568,3.943147,69.12214
JVASP-47308,0,Li,0.050146453,0.25545666,0.30453652
JVASP-47308,1,V,3.4950876,0.23050153,3.7254348
JVASP-47308,2,F,85.80551,2.7145207,85.68742
JVASP-47308,3,F,86.01375,2.7144222,86.17464
JVASP-47308,4,F,85.95715,2.7148387,86.00572
JVASP-47308,5,F,85.95715,2.7148387,86.00572
JVASP-47308,6,F,86.01375,2.7144222,86.17464
JVASP-47308,7,F,85.80551,2.7145207,85.68742
JVASP-47315,0,Li,0.10900459,0.24768102,0.35315958
JVASP-47315,1,V,9.447273,0.25315812,9.700139
JVASP-47315,2,F,87.57218,2.3883362,87.682976
JVASP-47315,3,F,87.5725,2.3883376,87.450424
JVASP-47315,4,F,87.57218,2.3883362,87.63484
JVASP-47315,5,F,87.57342,2.3883371,87.6426
JVASP-47315,6,F,87.5725,2.3883376,87.4433
JVASP-47315,7,F,87.57342,2.3883371,87.68363
JVASP-47333,0,Li,0.40161008,0.2562933,0.35439238
JVASP-47333,1,V,83.974,0.1991478,83.9131
JVASP-47333,2,F,67.23776,2.2319818,66.650375
JVASP-47333,3,F,84.76861,1.924293,85.35635
JVASP-47333,4,F,84.76861,1.924293,85.35635
JVASP-47333,5,F,67.23776,2.2319818,66.650375
JVASP-47334,0,Li,1.992676,0.16547643,1.8347771
JVASP-47334,1,V,32.973682,0.047493815,32.955666
JVASP-47334,2,F,75.42144,1.740704,74.000565
JVASP-47334,3,F,75.41481,1.7406548,73.70834
JVASP-47334,4,F,122.63097,1.8354862,123.59282
JVASP-47334,5,F,122.63703,1.8353114,122.97471
JVASP-48544,0,Li,1.1382358,0.15840028,1.1720521
JVASP-48544,1,Li,1.1378298,0.15840028,1.2267892
JVASP-48544,2,V,9.309256,0.15642367,9.420534
JVASP-48544,3,F,21.09434,1.9608723,20.857534
JVASP-48544,4,F,25.193089,1.5418428,23.720432
JVASP-48544,5,F,25.193089,1.5418428,23.720432
JVASP-48544,6,F,21.09434,1.9608723,20.857534
JVASP-48666,0,Li,0.8039731,0.057738196,0.7611397
JVASP-48666,1,Li,0.8039731,0.057738196,0.7611397
JVASP-48666,2,V,84.196045,0.15167885,84.19491
JVASP-48666,3,F,91.50909,2.6443648,91.31816
JVASP-48666,4,F,91.50909,2.6443648,91.28792
JVASP-48666,5,F,76.54579,2.0280113,76.96022
JVASP-48666,6,F,76.54579,2.0280113,76.96022
JVASP-48666,7,F,91.51052,2.6444476,91.28926
JVASP-48666,8,F,91.51052,2.6444476,91.319496
JVASP-48750,0,Li,0.6140071,0.41548648,0.25087088
JVASP-48750,1,Li,0.61360085,0.41550002,0.25083655
JVASP-48750,2,V,0.12749118,0.3411704,0.46083167
JVASP-48750,3,V,0.14240085,0.3411758,0.47392857
JVASP-48750,4,F,70.11961,2.0853016,70.308
JVASP-48750,5,F,70.1199,2.085237,70.28808
JVASP-48750,6,F,70.10619,2.0852232,70.44179
JVASP-48750,7,F,70.107574,2.085275,70.27732
JVASP-48750,8,F,70.12032,2.0851254,70.457184
JVASP-48750,9,F,70.12166,2.0852394,70.31293
JVASP-22698,0,Li,0.2841408,0.2596407,0.090217866
JVASP-22698,1,Li,0.2841408,0.25961325,0.09022736
JVASP-22698,2,Ag,40.63134,1.1786245,39.49093
JVASP-22698,3,Ag,40.630936,1.1786481,39.490425
JVASP-22698,4,F,46.122677,1.7291969,44.423256
JVASP-22698,5,F,46.12267,1.7291334,44.42333
JVASP-22698,6,F,46.123085,1.7292814,44.423607
JVASP-22698,7,F,46.12267,1.7291374,44.423325
JVASP-40481,0,Li,0.6455385,0.08003696,0.64031345
JVASP-40481,1,Ag,250.78989,0.45923916,250.79492
JVASP-40481,2,F,256.71402,2.1568286,257.0296
JVASP-40481,3,F,265.36096,2.470167,264.85278
JVASP-40481,4,F,265.36096,2.470167,264.85278
JVASP-40481,5,F,256.71402,2.1568286,257.0296
JVASP-49814,0,Li,0.21188203,0.29443628,0.11663945
JVASP-49814,1,Li,0.21188203,0.29443628,0.11663945
JVASP-49814,2,Ag,33.2261,1.0216423,32.245766
JVASP-49814,3,F,51.71485,1.9024248,49.835747
JVASP-49814,4,F,51.71485,1.9024248,49.835747
JVASP-49814,5,F,8.072293,1.6956121,9.75084
JVASP-50665,0,Li,0.75631255,0.1397966,0.68271744
JVASP-50665,1,Li,0.75631255,0.1397966,0.68271744
JVASP-50665,2,Ag,112.59711,0.25850812,112.68901
JVASP-50665,3,Ag,112.59711,0.25850812,112.68901
JVASP-50665,4,F,144.79669,2.1798232,144.12312
JVASP-50665,5,F,210.15318,2.1594088,211.27184
JVASP-50665,6,F,159.34308,2.1658247,159.3224
JVASP-50665,7,F,159.34308,2.1658247,159.3224
JVASP-50665,8,F,210.15318,2.1594088,211.27184
JVASP-50665,9,F,144.79669,2.1798232,144.12312
JVASP-50692,0,Li,0.2596703,0.18346652,0.3823413
JVASP-50692,1,Li,0.2596703,0.18346652,0.3823413
JVASP-50692,2,Ag,31.094336,0.17406945,31.058552
JVASP-50692,3,Ag,31.094336,0.17406945,31.058552
JVASP-50692,4,F,28.482672,2.2896097,26.758728
JVASP-50692,5,F,28.482672,2.2896097,26.758728
JVASP-50692,6,F,49.004177,2.4787815,48.089413
JVASP-50692,7,F,49.004177,2.4787815,48.073967
JVASP-50739,0,Li,0.6822507,0.32885414,0.8056906
JVASP-50739,1,Li,0.6822507,0.32885414,0.8056906
JVASP-50739,2,Ag,17.171286,1.241339,17.402447
JVASP-50739,3,Ag,17.171286,1.241339,17.402447
JVASP-50739,4,F,153.44672,2.19267,153.30196
JVASP-50739,5,F,153.44482,2.192674,153.81908
JVASP-50739,6,F,153.44493,2.1926668,153.31602
JVASP-50739,7,F,153.44463,2.1926668,153.81993
JVASP-50739,8,F,153.44467,2.1926746,153.27345
JVASP-50739,9,F,153.44633,2.19267,153.26033
JVASP-50804,0,Li,1.8449217,0.040845785,1.8475087
JVASP-50804,1,Li,1.8449217,0.040845785,1.8475087
JVASP-50804,2,Ag,79.07239,1.0754461,79.0836
JVASP-50804,3,Ag,79.07239,1.0754461,79.0836
JVASP-50804,4,F,65.927246,1.9338928,64.7324
JVASP-50804,5,F,65.92814,1.9338924,66.8322
JVASP-50804,6,F,65.92814,1.9338924,66.8322
JVASP-50804,7,F,65.927246,1.9338928,64.7324
JVASP-52214,0,Li,0.8107947,0.16357006,0.83072275
JVASP-52214,1,Ag,46.16393,0.7404286,45.890953
JVASP-52214,2,Ag,103.070694,0.7652951,102.79745
JVASP-52214,3,F,123.41623,3.5879748,120.95837
JVASP-52214,4,F,123.41696,3.5879645,124.08884
JVASP-52214,5,F,123.41476,3.5879638,125.64306
JVASP-52214,6,F,123.416336,3.5879753,123.55014
JVASP-52261,0,Li,0.6429997,0.08064542,0.63665116
JVASP-52261,1,Ag,252.22469,0.4593938,252.22601
JVASP-52261,2,F,265.3584,2.4697814,264.85736
JVASP-52261,3,F,256.5431,2.158581,256.93134
JVASP-52261,4,F,256.52536,2.158567,256.9136
JVASP-52261,5,F,265.3772,2.4697645,264.87646
JVASP-52271,0,Li,0.19608162,0.23690753,0.098183475
JVASP-52271,1,Li,0.19608162,0.23690753,0.08401727
JVASP-52271,2,Ag,107.69525,0.39878675,107.87321
JVASP-52271,3,Ag,107.69525,0.39878675,107.87622
JVASP-52271,4,F,54.315784,2.6371684,55.47866
JVASP-52271,5,F,56.702057,2.3106046,56.188164
JVASP-52271,6,F,54.315784,2.6371684,55.4728
JVASP-52271,7,F,56.702057,2.3106046,56.210636
JVASP-52282,0,Li,1.2554163,0.15906683,1.1453035
JVASP-52282,1,Li,2.1854477,0.03076696,2.1905055
JVASP-52282,2,Ag,239.32393,0.46066397,239.22917
JVASP-52282,3,F,232.03792,2.162222,230.72821
JVASP-52282,4,F,266.89352,2.4609501,267.6503
JVASP-52282,5,F,26.797815,2.9373481,27.305124
JVASP-52282,6,F,270.97336,2.4777992,271.4052
JVASP-52282,7,F,242.83162,2.1962833,241.318
JVASP-52285,0,Li,1.3259912,0.03186819,1.3176472
JVASP-52285,1,Ag,21.24565,1.0721233,20.241272
JVASP-52285,2,Ag,21.24565,1.0721233,20.241272
JVASP-52285,3,F,203.93634,2.470396,204.04398
JVASP-52285,4,F,266.3115,2.339975,266.39886
JVASP-52285,5,F,266.3115,2.339975,266.40012
JVASP-52285,6,F,203.93634,2.470396,204.02005
JVASP-52285,7,F,203.93845,2.4703958,204.21455
JVASP-52285,8,F,266.31223,2.3399656,266.54608
JVASP-52514,0,Li,0.1431293,0.26786712,0.22983904
JVASP-52514,1,Ag,133.43652,0.99288046,132.5901
JVASP-52514,2,F,125.3578,1.882147,123.58929
JVASP-52514,3,F,125.3578,1.882147,123.58929
JVASP-52572,0,Li,0.9835283,0.3158276,1.1525984
JVASP-52572,1,Ag,86.93518,0.38786313,86.69216
JVASP-52572,2,F,110.60331,2.8814247,108.33035
JVASP-52572,3,F,110.57469,2.8812916,108.30192
JVASP-18648,0,Mg,2.889113,0.471905,3.1445756
JVASP-18648,1,Mg,2.8881261,0.47190493,3.0709722
JVASP-18648,2,Mg,2.889113,0.471905,3.1445756
JVASP-18648,3,Mg,2.8881261,0.47190493,3.0709722
JVASP-18648,4,Mg,2.889113,0.471905,3.1169195
JVASP-18648,5,Mg,2.889113,0.471905,3.1169195
JVASP-18648,6,Cd,11.855531,1.0033618,12.85853
JVASP-18648,7,Cd,11.855531,1.0033618,12.85853
JVASP-18649,0,Mg,3.641172,0.46928784,4.1081085
JVASP-18649,1,Mg,3.641172,0.46928784,4.1081085
JVASP-18649,2,Cd,14.065513,1.0003295,13.799038
JVASP-18649,3,Cd,14.065513,1.0003295,13.799038
JVASP-18649,4,Cd,14.063547,1.0003291,13.83512
JVASP-18649,5,Cd,14.065513,1.0003295,13.800119
JVASP-18649,6,Cd,14.063547,1.0003291,13.83512
JVASP-18649,7,Cd,14.065513,1.0003295,13.800119
JVASP-39130,0,Mg,3.74527,0.47897497,3.2696967
JVASP-39130,1,Mg,3.74527,0.47897497,3.2696967
JVASP-39130,2,Cd,53.938694,1.0378903,54.973465
JVASP-39130,3,Cd,10.399309,1.0287908,11.427382
JVASP-39130,4,Cd,53.938694,1.0378903,54.97334
JVASP-39130,5,Cd,53.93843,1.03789,54.967686
JVASP-38940,0,Mg,3.1892357,0.47274512,2.7195811
JVASP-38940,1,Mg,3.1892357,0.47274512,3.4117885
JVASP-38940,2,Mg,3.1892357,0.47274512,3.4853578
JVASP-38940,3,Cd,0.0,0.99097544,0.99097544
JVASP-78305,0,Mg,0.0,0.5624277,0.5624277
JVASP-78305,1,Cd,0.0,0.5313204,0.5313204
JVASP-78306,0,Mg,4.025739,0.4853889,3.5438676
JVASP-78306,1,Cd,81.0034,1.052734,82.055
JVASP-78313,0,Mg,4.219654,0.58412015,4.798352
JVASP-78313,1,Cd,2.1114602,0.5127583,1.6282632
JVASP-78802,0,Mg,3.0496178,0.48549694,2.5677304
JVASP-78802,1,Mg,3.0496178,0.48549694,2.5677304
JVASP-78802,2,Cd,54.256195,1.050633,55.30585
JVASP-78802,3,Cd,54.256195,1.050633,55.30585
JVASP-78803,0,Mg,2.251083,0.49128053,1.7636356
JVASP-78803,1,Mg,1.4505147,0.4826138,0.97266006
JVASP-78803,2,Mg,1.4505147,0.4826138,0.97266006
JVASP-78803,3,Cd,66.41669,1.0398016,67.45565
JVASP-78806,0,Mg,4.7409635,0.47873613,5.199201
JVASP-78806,1,Mg,4.7409635,0.47873613,5.199201
JVASP-78806,2,Cd,74.96544,1.0544945,74.589775
JVASP-78806,3,Cd,74.96544,1.0544945,74.589775
JVASP-79178,0,Mg,2.931447,0.48001936,3.3824573
JVASP-79178,1,Mg,4.1012845,0.48021463,3.6340482
JVASP-79178,2,Mg,1.8522853,0.47835112,1.8741347
JVASP-79178,3,Cd,46.484085,1.0107278,46.88947
JVASP-79197,0,Mg,8.106996,0.13282517,8.0018215
JVASP-79197,1,Mg,8.106996,0.13282517,8.0018215
JVASP-79197,2,Cd,41.151424,2.1841466,43.332737
JVASP-79197,3,Cd,41.151424,2.1841466,43.332737
JVASP-79478,0,Mg,4.512777,0.48624462,4.0301204
JVASP-79478,1,Cd,47.741375,1.0319643,48.772247
JVASP-79478,2,Cd,61.952087,1.062285,63.01316
JVASP-79478,3,Cd,61.952087,1.062285,63.01316
JVASP-16479,0,Mg,1.3454843,0.47240695,1.6984944
JVASP-16479,1,Mg,1.3454843,0.47240695,1.6984944
JVASP-16479,2,Cd,17.16065,1.0345352,17.599655
JVASP-16479,3,Cd,17.16065,1.0345352,17.599655
JVASP-35042,0,Re,84.681305,0.7677051,85.43771
JVASP-35042,1,Re,84.681305,0.7677051,85.43771
JVASP-35042,2,Re,84.681305,0.7677051,85.43771
JVASP-35042,3,Re,84.681305,0.7677051,85.43771
JVASP-35042,4,N,22.466719,0.7618274,21.72274
JVASP-35042,5,N,22.466719,0.7618274,21.72274
JVASP-36239,0,Re,142.77423,0.6015279,143.36002
JVASP-36239,1,N,81.40389,2.7776089,78.62705
JVASP-36239,2,N,81.40389,2.7776089,78.62705
JVASP-35050,0,Re,18.699404,0.68395084,19.372616
JVASP-35050,1,Re,18.699404,0.68395084,19.372616
JVASP-35050,2,N,79.31679,2.743567,80.78565
JVASP-35050,3,N,79.31679,2.743567,80.78565
JVASP-35050,4,N,79.31679,2.743567,80.75994
JVASP-35050,5,N,79.31679,2.743567,80.75994
JVASP-35055,0,Re,159.25357,0.65764207,159.89807
JVASP-35055,1,Re,159.25357,0.65764207,159.89807
JVASP-35055,2,N,76.3114,2.7903054,73.521866
JVASP-35055,3,N,76.3114,2.7903054,73.521866
JVASP-35055,4,N,76.3114,2.7903054,73.521866
JVASP-35055,5,N,76.3114,2.7903054,73.521866
JVASP-35053,0,Re,269.71927,0.7312216,270.1677
JVASP-35053,1,Re,269.71927,0.7312216,270.1661
JVASP-35053,2,N,33.967987,1.120192,34.049404
JVASP-35053,3,N,33.967987,1.120192,34.04147
JVASP-35053,4,N,38.443672,1.132426,38.088318
JVASP-35053,5,N,38.443672,1.132426,38.050552
JVASP-36367,0,Re,164.81514,0.76097566,164.06471
JVASP-36367,1,N,18.983545,0.7613837,18.236528
JVASP-35048,0,Re,216.361,0.80414224,215.567
JVASP-35048,1,Re,216.36098,0.80414224,216.86348
JVASP-35048,2,Re,216.36098,0.80414224,216.65471
JVASP-35048,3,N,2.380904,0.9166258,3.2874374
JVASP-35048,4,N,2.380904,0.9166258,1.926812
JVASP-35048,5,N,2.380904,0.9166258,2.2376037
JVASP-35051,0,Re,136.48517,0.6681688,136.49803
JVASP-35051,1,Re,136.48517,0.6681688,136.49803
JVASP-35051,2,N,72.39313,2.4171002,72.70719
JVASP-35051,3,N,72.39313,2.4171002,72.70719
JVASP-35051,4,N,92.79189,2.4154441,93.39523
JVASP-35051,5,N,92.79189,2.4154441,93.39523
JVASP-37110,0,Re,739.6422,0.56275624,740.06573
JVASP-37110,1,Re,739.6422,0.56275624,739.8464
JVASP-37110,2,N,5.25089,0.9071039,4.361608
JVASP-37110,3,N,5.25089,0.9071039,4.361608
JVASP-37112,0,Re,34.289185,0.7659992,33.5338
JVASP-37112,1,Re,34.289185,0.7659992,33.5338
JVASP-37112,2,N,18.417713,0.97634387,17.447214
JVASP-37112,3,N,18.417713,0.97634387,17.447214
JVASP-39476,0,Re,85.51087,0.80197,86.30219
JVASP-39476,1,Re,85.51087,0.80197,86.30219
JVASP-39476,2,Re,162.15132,0.65697986,162.79222
JVASP-39476,3,N,15.474651,0.78331375,14.708618
JVASP-85202,0,Re,209.98123,0.66360474,210.06885
JVASP-85202,1,Re,209.98123,0.66360474,210.06885
JVASP-85202,2,N,81.091965,2.2624474,81.7185
JVASP-85202,3,N,81.091965,2.2624474,81.71967
JVASP-85202,4,N,81.091965,2.2624474,81.7185
JVASP-85202,5,N,81.091965,2.2624474,81.71967
JVASP-16004,0,O,0.00244949,0.6816166,0.6802386
JVASP-16004,1,Al,0.0,0.92219883,0.92219883
JVASP-31,0,O,47.242416,1.6786076,46.173256
JVASP-31,1,O,47.242455,1.678608,47.98273
JVASP-31,2,Al,7.224336,1.4911585,6.4967074
JVASP-31,3,Al,7.2252507,1.4911584,6.4977207
JVASP-31,4,O,47.242455,1.6786078,47.98273
JVASP-31,5,O,47.242382,1.678608,47.906414
JVASP-31,6,Al,7.2252507,1.4911584,6.4977207
JVASP-31,7,Al,7.224336,1.4911584,6.496708
JVASP-31,8,O,47.242382,1.6786072,47.906414
JVASP-31,9,O,47.242416,1.6786076,46.173256
JVASP-32,0,O,46.815273,1.6875657,45.74624
JVASP-32,1,O,46.815998,1.6875654,47.564747
JVASP-32,2,Al,7.3879623,1.4924927,6.656857
JVASP-32,3,Al,7.3879623,1.4924924,6.656857
JVASP-32,4,O,46.815998,1.6875654,47.564747
JVASP-32,5,O,46.815773,1.6875653,47.48897
JVASP-32,6,Al,7.3879623,1.4924924,6.656857
JVASP-32,7,Al,7.3879623,1.4924927,6.656857
JVASP-32,8,O,46.815773,1.6875653,47.48897
JVASP-32,9,O,46.815273,1.6875657,45.74624
JVASP-10076,0,O,59.587082,1.563804,61.030617
JVASP-10076,1,O,59.587082,1.563804,61.030617
JVASP-10076,2,O,81.53848,1.5636518,80.61989
JVASP-10076,3,O,81.53848,1.5636518,80.61989
JVASP-10076,4,O,21.388144,1.5114409,21.766832
JVASP-10076,5,O,21.388144,1.5114409,21.766832
JVASP-10076,6,Al,20.437187,1.3477334,19.29706
JVASP-10076,7,Al,20.437187,1.3477334,19.29706
JVASP-10076,8,Al,10.664163,1.1588849,11.101861
JVASP-10076,9,Al,10.664163,1.1588849,11.101861
JVASP-18899,0,Al,0.22193693,0.16274057,0.18600532
JVASP-18899,1,Al,0.22193693,0.16274057,0.18600532
JVASP-18899,2,O,85.07514,1.8668016,84.92252
JVASP-18899,3,O,85.07461,1.8668016,85.1284
JVASP-18899,4,O,85.07558,1.8668015,85.25842
JVASP-18899,5,O,85.07514,1.8668016,84.92252
JVASP-18899,6,O,85.07558,1.8668015,85.25842
JVASP-18899,7,O,85.07461,1.8668016,85.1284
JVASP-49795,0,Al,39.96927,0.38935915,39.772095
JVASP-49795,1,Al,39.96927,0.38935915,39.777554
JVASP-49795,2,Al,39.96927,0.38935915,39.78457
JVASP-49795,3,Al,39.96927,0.38935915,39.775013
JVASP-49795,4,O,46.87735,1.6310176,47.816624
JVASP-49795,5,O,62.900307,1.8776035,62.176895
JVASP-49795,6,O,62.900307,1.8776035,62.21308
JVASP-49795,7,O,62.900307,1.8776035,62.19566
JVASP-49795,8,O,62.900307,1.8776035,62.182503
JVASP-49795,9,O,46.87735,1.6310176,47.81607
JVASP-49866,0,Al,9.753869,1.4173046,8.341707
JVASP-49866,1,Al,14.322167,1.4434249,15.760113
JVASP-49866,2,Al,26.241385,1.2077171,25.035505
JVASP-49866,3,Al,26.241385,1.2077171,25.035505
JVASP-49866,4,O,36.915684,1.5372685,37.32724
JVASP-49866,5,O,36.91388,1.5372789,37.418728
JVASP-49866,6,O,36.916,1.5372902,37.39321
JVASP-49866,7,O,36.916,1.5372902,37.39321
JVASP-49866,8,O,36.91388,1.5372789,37.418728
JVASP-49866,9,O,36.915684,1.5372685,37.32724
JVASP-49931,0,Al,8.041385,1.2579532,7.970729
JVASP-49931,1,Al,24.592827,1.3722782,23.969166
JVASP-49931,2,Al,8.041385,1.2579534,7.9707317
JVASP-49931,3,Al,24.592827,1.3722821,23.969166
JVASP-49931,4,O,40.757877,1.4516983,40.47884
JVASP-49931,5,O,79.143776,1.3821388,80.20868
JVASP-49931,6,O,79.143776,1.3821409,80.20868
JVASP-49931,7,O,61.55135,1.4734564,60.93017
JVASP-49931,8,O,61.550686,1.4734534,60.929516
JVASP-49931,9,O,40.756878,1.4517074,40.477795
JVASP-50170,0,Al,16.118868,1.2511566,14.871364
JVASP-50170,1,Al,23.375483,1.5814155,21.800468
JVASP-50170,2,O,103.41378,1.6024965,105.00379
JVASP-50170,3,O,10.334397,1.4292094,11.75841
JVASP-50170,4,O,11.196209,1.4419895,12.634618
JVASP-51662,0,Al,46.76563,1.5626062,46.157146
JVASP-51662,1,Al,46.740875,1.5625558,45.863792
JVASP-51662,2,Al,46.763332,1.5625525,45.8981
JVASP-51662,3,Al,46.742058,1.562585,46.141796
JVASP-51662,4,O,106.44902,1.5260632,107.29776
JVASP-51662,5,O,43.178417,1.7332441,43.280804
JVASP-51662,6,O,43.237507,1.7332822,43.706757
JVASP-51662,7,O,106.46593,1.5260203,107.3001
JVASP-51662,8,O,43.17605,1.7332412,43.25115
JVASP-51662,9,O,43.22327,1.7333131,43.697853
JVASP-85600,0,Al,36.35564,0.5738661,36.871723
JVASP-85600,1,Al,23.664415,0.44566923,23.319805
JVASP-85600,2,Al,36.35564,0.5738661,36.871723
JVASP-85600,3,Al,23.664415,0.44566923,23.319805
JVASP-85600,4,O,355.7783,1.9468305,356.21503
JVASP-85600,5,O,51.35401,1.6120406,51.79523
JVASP-85600,6,O,56.77565,1.7101514,57.49853
JVASP-85600,7,O,51.35401,1.6120406,51.79523
JVASP-85600,8,O,56.77565,1.7101514,57.49853
JVASP-85600,9,O,355.7783,1.9468305,356.21503
JVASP-94,0,O,43.859158,1.7827517,42.729385
JVASP-94,1,O,43.858723,1.7827537,44.643677
JVASP-94,2,Al,7.4180536,1.5059142,6.680382
JVASP-94,3,Al,7.417726,1.5059144,6.6800194
JVASP-94,4,O,43.858723,1.7827537,44.643677
JVASP-94,5,O,43.858448,1.7827537,44.575306
JVASP-94,6,Al,7.417726,1.5059144,6.6800194
JVASP-94,7,Al,7.4180536,1.5059142,6.680382
JVASP-94,8,O,43.858448,1.7827537,44.575306
JVASP-94,9,O,43.859158,1.7827517,42.729385
JVASP-19812,0,O,8.305873,1.0589134,7.287981
JVASP-19812,1,O,8.306027,1.058913,7.2883115
JVASP-19812,2,Cu,23.593126,0.22096269,23.752344
JVASP-19812,3,Cu,23.596148,0.22096276,23.56554
JVASP-35249,0,Cu,55.302128,1.058552,56.359608
JVASP-35249,1,Cu,55.302128,1.058552,56.359608
JVASP-35249,2,Cu,27.395094,2.0793355,25.323883
JVASP-35249,3,O,178.98105,1.6571517,178.09198
JVASP-35249,4,O,178.98105,1.6571517,178.51703
JVASP-17291,0,O,0.002160247,1.0451542,1.0443555
JVASP-17291,1,Cu,0.023079572,0.20573463,0.20982161
JVASP-18421,0,O,34.457027,1.7642893,33.87047
JVASP-18421,1,O,34.456997,1.7642881,33.943832
JVASP-18421,2,O,34.456997,1.7642884,33.943832
JVASP-18421,3,O,34.457027,1.764288,33.87047
JVASP-18421,4,Cu,58.55341,2.2771158,57.251728
JVASP-18421,5,Cu,58.568886,2.2771132,60.553627
JVASP-18421,6,Cu,58.568886,2.2771168,60.55363
JVASP-18421,7,Cu,58.55341,2.277116,57.251728
JVASP-18424,0,O,54.215942,1.2653683,55.26795
JVASP-18424,1,O,54.215286,1.2653669,55.267303
JVASP-18424,2,Cu,16.725739,0.9310423,17.50779
JVASP-1219,0,Cu,23.695606,0.22100192,23.768492
JVASP-1219,1,Cu,23.695606,0.22100192,23.749756
JVASP-1219,2,Cu,23.695606,0.22100192,23.768492
JVASP-1219,3,Cu,23.695606,0.22100192,23.749756
JVASP-1219,4,O,8.060058,1.0590872,7.0410585
JVASP-1219,5,O,8.060058,1.0590872,7.0410585
JVASP-1219,6,O,8.060058,1.0590872,7.0410585
JVASP-1219,7,O,8.060058,1.0590872,7.0410585
JVASP-52966,0,Cu,50.576355,1.1053165,50.284454
JVASP-52966,1,Cu,50.57615,1.1053165,50.28426
JVASP-52966,2,Cu,15.32502,0.7007868,14.627416
JVASP-52966,3,Cu,15.324906,0.7007868,14.627296
JVASP-52966,4,Cu,30.404705,0.8289471,30.845184
JVASP-52966,5,Cu,30.404705,0.8289471,30.841976
JVASP-52966,6,Cu,30.388891,0.8287633,30.829254
JVASP-52966,7,Cu,30.388891,0.8287633,30.826048
JVASP-52966,8,O,21.465061,1.1613792,21.385578
JVASP-54461,0,Cu,43.42114,2.018529,41.645134
JVASP-54461,1,O,98.71774,1.6710594,97.299675
JVASP-54461,2,O,98.71774,1.6710594,97.299675
JVASP-78687,0,Cu,48.421833,2.002669,46.667824
JVASP-78687,1,O,107.93388,1.675337,106.52926
JVASP-78687,2,O,107.93388,1.675337,106.52926
JVASP-79522,0,Cu,23.287512,0.22098687,23.34336
JVASP-79522,1,Cu,23.287512,0.22098687,23.362059
JVASP-79522,2,Cu,23.287512,0.22098687,23.34336
JVASP-79522,3,Cu,23.287512,0.22098687,23.362059
JVASP-79522,4,O,9.335603,1.0591398,8.310069
JVASP-79522,5,O,9.335603,1.0591398,8.310069
JVASP-79522,6,O,9.335603,1.0591398,8.310069
JVASP-79522,7,O,9.335603,1.0591398,8.310069
JVASP-1216,0,Cu,73.12952,1.0215384,73.1354
JVASP-1216,1,Cu,73.12952,1.0215384,73.14393
JVASP-1216,2,Cu,73.12952,1.0215384,73.1402
JVASP-1216,3,Cu,73.12952,1.0215384,73.12707
JVASP-1216,4,O,0.0,1.1025554,1.1025554
JVASP-1216,5,O,0.0,1.1025554,1.1025554
JVASP-30094,0,Cu,18.55976,0.10777003,18.59217
JVASP-30094,1,Cu,18.55976,0.10777003,18.59217
JVASP-30094,2,O,39.55836,1.3806602,40.933567
JVASP-30094,3,O,39.55836,1.3806602,40.933567
JVASP-30094,4,O,39.55836,1.3806602,40.933567
JVASP-30094,5,O,39.55836,1.3806602,40.933567
JVASP-18556,0,Na,27.208355,0.15308125,27.128328
JVASP-18556,1,Na,27.92336,0.19110386,27.857237
JVASP-18556,2,Na,39.60425,0.18297216,39.55303
JVASP-18556,3,Li,6.2475824,0.04918517,6.2529984
JVASP-18556,4,Li,2.978989,0.20933788,2.8837883
JVASP-18556,5,Li,6.1266837,0.051331345,6.1367135
JVASP-18556,6,N,19.777695,1.327271,18.712294
JVASP-18556,7,N,26.517649,1.3735979,26.426107
JVASP-5740,0,Na,27.208355,0.15308125,27.128328
JVASP-5740,1,Na,27.92336,0.19110386,27.857237
JVASP-5740,2,Na,39.60425,0.18297216,39.55303
JVASP-5740,3,Li,6.2475824,0.04918517,6.2529984
JVASP-5740,4,Li,2.978989,0.20933788,2.8837883
JVASP-5740,5,Li,6.1266837,0.051331345,6.1367135
JVASP-5740,6,N,19.777695,1.327271,18.712294
JVASP-5740,7,N,26.517649,1.3735979,26.426107
JVASP-15758,0,Na,25.226885,0.26913127,25.492891
JVASP-15758,1,Na,25.226885,0.26913127,25.492891
JVASP-15758,2,Li,5.796717,0.1430023,5.660977
JVASP-15758,3,N,29.442867,1.3265837,30.76734
JVASP-13836,0,Na,25.230154,0.26915583,25.496183
JVASP-13836,1,Na,25.230154,0.26915583,25.496183
JVASP-13836,2,Li,5.797942,0.14307341,5.662126
JVASP-13836,3,N,29.412249,1.3264942,30.73663
JVASP-4522,0,Na,25.226885,0.26913127,25.492891
JVASP-4522,1,Na,25.226885,0.26913127,25.492891
JVASP-4522,2,Li,5.796717,0.1430023,5.660977
JVASP-4522,3,N,29.442867,1.3265837,30.76734
JVASP-51054,0,Na,22.127295,0.055669315,22.177155
JVASP-51054,1,Na,28.163857,0.39073607,28.128014
JVASP-51054,2,Na,5.1763024,0.4905286,5.6483917
JVASP-51054,3,Li,1.581505,0.04565235,1.6164358
JVASP-51054,4,Li,1.3759319,0.109686114,1.2994734
JVASP-51054,5,Li,3.1542206,0.15911534,3.0044959
JVASP-51054,6,N,50.85738,1.1296749,49.8121
JVASP-51054,7,N,43.885853,1.1249113,44.963013
JVASP-54829,0,Na,72.48164,0.19155519,72.2913
JVASP-54829,1,Na,72.48164,0.19155519,72.2913
JVASP-54829,2,Li,0.9724567,0.4119806,0.5745511
JVASP-54829,3,Li,0.9724567,0.4119806,0.5745511
JVASP-54829,4,Li,0.9724567,0.4119806,0.5745511
JVASP-54829,5,Li,0.9724567,0.4119806,0.5745511
JVASP-54829,6,N,12.88696,1.0738676,11.830041
JVASP-54829,7,N,12.88696,1.0738676,11.830041
JVASP-54845,0,Na,61.069454,0.029042475,61.06496
JVASP-54845,1,Li,2.9406126,0.045994155,2.9757168
JVASP-54845,2,Li,2.9406126,0.045994155,2.9757168
JVASP-54845,3,N,52.2072,1.024858,51.1927
JVASP-55019,0,Na,2.0943139,0.029529607,2.111044
JVASP-55019,1,Na,12.49893,0.15166996,12.348668
JVASP-55019,2,Na,2.0943139,0.029529607,2.111044
JVASP-55019,3,Na,12.49893,0.15166996,12.348668
JVASP-55019,4,Li,0.16411582,0.14718555,0.30956608
JVASP-55019,5,Li,0.16411582,0.14718555,0.30956608
JVASP-55019,6,N,1.6876985,0.55382854,1.1700606
JVASP-55019,7,N,1.6876985,0.55382854,1.1700606
JVASP-86845,0,Na,20.08808,0.075723015,20.06174
JVASP-86845,1,Li,5.6899686,0.05871188,5.6743865
JVASP-86845,2,Li,5.8369727,0.24015489,5.7679205
JVASP-86845,3,Li,4.0729766,0.03658429,4.065612
JVASP-86845,4,Li,3.0051866,0.06503524,2.984034
JVASP-86845,5,Li,5.709265,0.059517372,5.67162
JVASP-86845,6,N,29.291662,1.1719329,28.236906
JVASP-86845,7,N,33.520382,1.0660651,32.881626
JVASP-8695,0,Na,2.946736,0.26329792,2.7034283
JVASP-8695,1,Li,0.4032989,0.2664197,0.36031815
JVASP-8695,2,Li,0.4032989,0.2664197,0.53203845
JVASP-8695,3,Li,0.4032989,0.2664197,0.36031815
JVASP-8695,4,Li,0.4032989,0.2664197,0.53203845
JVASP-8695,5,Li,0.4106978,0.26752815,0.66612285
JVASP-8695,6,N,27.180355,1.1854848,28.363865
JVASP-8695,7,N,27.882542,1.1224538,26.76248
JVASP-8696,0,Na,26.933393,0.34825116,26.722168
JVASP-8696,1,Na,26.774836,0.3508763,26.613277
JVASP-8696,2,Na,33.652122,0.25858304,33.67161
JVASP-8696,3,Na,31.343615,0.2662411,31.263155
JVASP-8696,4,Na,76.779945,0.30443734,76.886475
JVASP-8696,5,Li,5.7968597,0.26838768,5.8814144
JVASP-8696,6,N,3.6967974,0.7884937,3.5175397
JVASP-8696,7,N,6.717716,0.8692613,7.02344
JVASP-22717,0,Li,0.8940346,0.28720757,0.9245056
JVASP-22717,1,Fe,77.459,0.32431674,77.287834
JVASP-22717,2,F,155.8874,2.0908377,155.23138
JVASP-22717,3,F,160.93726,2.1025486,161.84647
JVASP-22717,4,F,155.8863,2.0908775,155.23029
JVASP-22717,5,F,160.95085,2.102594,161.86038
JVASP-42426,0,Li,0.71892846,0.19150314,0.8652373
JVASP-42426,1,Li,0.71892846,0.19153559,0.8652606
JVASP-42426,2,Fe,51.782555,0.1593178,51.74395
JVASP-42426,3,F,19.197954,2.0385761,20.058727
JVASP-42426,4,F,19.197952,2.038576,20.058746
JVASP-42426,5,F,100.13467,1.6205343,100.07617
JVASP-42426,6,F,100.13467,1.620533,100.108444
JVASP-42488,0,Li,0.6161315,0.2987936,0.8415301
JVASP-42488,1,Li,0.6161315,0.2987936,0.8415301
JVASP-42488,2,Fe,141.42496,0.1048127,141.4482
JVASP-42488,3,Fe,141.42496,0.1048127,141.44511
JVASP-42488,4,F,68.54481,2.3948731,68.76889
JVASP-42488,5,F,68.31963,2.3940017,68.53194
JVASP-42488,6,F,39.99989,2.0158205,39.778465
JVASP-42488,7,F,68.31963,2.3940017,68.541084
JVASP-42488,8,F,68.54481,2.3948731,68.75969
JVASP-42488,9,F,39.99989,2.0158205,39.77858
JVASP-43450,0,Li,0.43233553,0.40764153,0.13159157
JVASP-43450,1,Li,0.43233553,0.40764153,0.13159157
JVASP-43450,2,Fe,26.502254,0.19647944,26.306126
JVASP-43450,3,Fe,26.502254,0.19647944,26.306126
JVASP-43450,4,F,64.337906,2.050706,64.11093
JVASP-43450,5,F,64.33885,2.0507104,64.134995
JVASP-43450,6,F,64.338486,2.050705,64.3709
JVASP-43450,7,F,64.338486,2.050705,64.3709
JVASP-43450,8,F,64.33885,2.0507104,64.134995
JVASP-43450,9,F,64.337906,2.050706,64.11093
JVASP-43580,0,Li,1.4843909,0.3648371,1.8263594
JVASP-43580,1,Li,2.6209545,0.39432275,2.2452157
JVASP-43580,2,Li,1.4843909,0.3648371,1.8263594
JVASP-43580,3,Fe,67.44547,0.58247745,68.02048
JVASP-43580,4,F,160.96207,1.728333,160.87166
JVASP-43580,5,F,160.96207,1.728333,160.87166
JVASP-43580,6,F,160.96207,1.728333,160.8268
JVASP-43580,7,F,160.96194,1.7283325,160.65395
JVASP-43580,8,F,160.96207,1.728333,160.8268
JVASP-43580,9,F,160.96194,1.7283325,160.65395
JVASP-43647,0,Li,1.0373884,0.17692065,1.0261791
JVASP-43647,1,Li,1.0373884,0.17692065,1.0832183
JVASP-43647,2,Fe,84.38824,0.12088395,84.50016
JVASP-43647,3,F,23.34966,1.555698,22.022867
JVASP-43647,4,F,19.95078,1.9832908,21.565163
JVASP-43647,5,F,19.95078,1.9832908,21.565163
JVASP-43647,6,F,23.34966,1.555698,22.022867
JVASP-43739,0,Li,0.6004798,0.32861084,0.7752169
JVASP-43739,1,Li,0.6004798,0.32861084,0.77211374
JVASP-43739,2,Fe,78.91566,0.25349057,78.6681
JVASP-43739,3,Fe,78.91566,0.25349057,78.6681
JVASP-43739,4,F,43.252346,1.7681913,44.90902
JVASP-43739,5,F,58.23632,1.7008734,58.22957
JVASP-43739,6,F,58.23632,1.7008734,58.259533
JVASP-43739,7,F,58.23632,1.7008734,58.22957
JVASP-43739,8,F,43.252346,1.7681913,44.90902
JVASP-43739,9,F,58.23632,1.7008734,58.259533
JVASP-43740,0,Li,0.9919395,0.14278378,1.0134795
JVASP-43740,1,Li,0.9919395,0.14278378,1.0134795
JVASP-43740,2,Fe,88.4169,0.3629643,88.2759
JVASP-43740,3,Fe,88.4169,0.3629643,88.2759
JVASP-43740,4,F,114.93912,1.7012246,115.60112
JVASP-43740,5,F,66.21154,2.1887984,64.471344
JVASP-43740,6,F,66.21154,2.1887984,64.47205
JVASP-43740,7,F,66.21154,2.1887984,64.47205
JVASP-43740,8,F,66.21154,2.1887984,64.471344
JVASP-43740,9,F,114.93912,1.7012246,115.60112
JVASP-43766,0,Li,0.8520145,0.34612966,1.1842334
JVASP-43766,1,Li,0.8520145,0.34612826,1.184232
JVASP-43766,2,Fe,38.97994,0.5514984,38.43233
JVASP-43766,3,F,195.95319,1.9348645,196.09204
JVASP-43766,4,F,195.9529,1.9348766,196.09177
JVASP-43766,5,F,195.95335,1.9348696,196.08118
JVASP-43766,6,F,195.96536,1.9349169,195.86533
JVASP-43766,7,F,195.95335,1.9348761,196.08118
JVASP-43766,8,F,195.96536,1.9349248,195.86533
JVASP-43790,0,Li,0.42108038,0.40469027,0.5257348
JVASP-43790,1,Li,0.42024994,0.40464342,0.5210865
JVASP-43790,2,Fe,67.28105,0.11434205,67.279594
JVASP-43790,3,Fe,67.269424,0.11442211,67.26786
JVASP-43790,4,F,93.866066,2.2987754,93.957146
JVASP-43790,5,F,93.863464,2.2989266,93.917465
JVASP-43790,6,F,44.282124,2.2927203,43.504288
JVASP-43790,7,F,44.290775,2.292767,43.47827
JVASP-43790,8,F,60.210564,1.8732378,60.4675
JVASP-43790,9,F,60.208164,1.873451,60.42246
JVASP-43832,0,Li,0.77287,0.3126706,0.8202064
JVASP-43832,1,Li,1.5450526,0.31642526,1.6466509
JVASP-43832,2,Fe,72.362305,0.1415126,72.37567
JVASP-43832,3,Fe,81.58197,0.2261877,81.4361
JVASP-43832,4,F,72.86332,2.2571573,71.942665
JVASP-43832,5,F,67.53427,1.8152099,69.248375
JVASP-43832,6,F,55.861885,1.8638256,55.524197
JVASP-43832,7,F,86.51802,1.883797,85.69988
JVASP-43832,8,F,81.35271,1.7323972,80.77119
JVASP-43832,9,F,44.425926,1.7293334,45.53083
JVASP-17334,0,Mn,89.51997,0.41607684,89.882774
JVASP-17334,1,Mn,69.40706,0.60170585,69.84262
JVASP-17334,2,N,59.948017,1.8634496,61.14943
JVASP-17334,3,N,6.141853,1.6520588,7.784758
JVASP-36312,0,Mn,0.0,0.1678877,0.1678877
JVASP-36312,1,N,0.0,1.2756361,1.2756361
JVASP-36314,0,Mn,0.0,0.4638049,0.4638049
JVASP-36314,1,N,0.0,1.785666,1.785666
JVASP-35957,0,Mn,3.7286243,0.18876679,3.5399575
JVASP-35957,1,Mn,3.7286243,0.18876679,3.5399575
JVASP-35957,2,Mn,5.451671,0.4187721,5.043266
JVASP-35957,3,N,29.67312,1.6610605,28.013342
JVASP-35957,4,N,29.67312,1.6610605,28.013342
JVASP-14279,0,Mn,0.5168423,0.033088494,0.48543867
JVASP-14279,1,Mn,0.5168423,0.033088494,0.48543867
JVASP-14279,2,Mn,84.36369,0.13554583,84.499084
JVASP-14279,3,Mn,0.5168423,0.033088494,0.48543867
JVASP-14279,4,Mn,0.5168423,0.033088494,0.48543867
JVASP-14279,5,Mn,84.36369,0.13554583,84.499084
JVASP-14279,6,N,12.786336,1.3308023,14.112991
JVASP-14279,7,N,12.786336,1.3308023,14.112991
JVASP-14279,8,N,12.786336,1.3308023,14.112991
JVASP-14279,9,N,12.786336,1.3308023,14.112991
JVASP-37181,0,Mn,2.4797,0.33032784,2.1520605
JVASP-37181,1,Mn,2.4801085,0.33032784,2.1524818
JVASP-37181,2,N,2.8254864,1.5777842,4.4025106
JVASP-37181,3,N,2.825078,1.5777842,4.402093
JVASP-51507,0,Mn,0.007874008,0.27958962,0.28100654
JVASP-51507,1,Mn,71.68064,0.12717699,71.592316
JVASP-51507,2,Mn,71.66921,0.12719385,71.63434
JVASP-51507,3,Mn,71.67697,0.12718254,71.80033
JVASP-51507,4,N,0.0028284274,0.2985071,0.2966763
JVASP-78283,0,Mn,0.0,0.16796724,0.16796724
JVASP-78283,1,N,0.0,1.2757907,1.2757907
JVASP-78284,0,Mn,0.0,0.4637677,0.4637677
JVASP-78284,1,Mn,0.0,0.4637677,0.4637677
JVASP-78284,2,Mn,0.0,0.4637677,0.4637677
JVASP-78284,3,Mn,0.0,0.4637677,0.4637677
JVASP-78284,4,N,0.0,1.7855855,1.7855855
JVASP-78284,5,N,0.0,1.7855855,1.7855855
JVASP-78284,6,N,0.0,1.7855855,1.7855855
JVASP-78284,7,N,0.0,1.7855855,1.7855855
JVASP-78381,0,Mn,0.0,0.24108566,0.24108566
JVASP-78381,1,Mn,0.0,0.24108566,0.24108566
JVASP-78381,2,Mn,0.0,0.24108566,0.24108566
JVASP-78381,3,Mn,0.0,0.24108566,0.24108566
JVASP-78381,4,N,0.0,1.4162685,1.4162685
JVASP-78381,5,N,0.0,1.4162685,1.4162685
JVASP-78381,6,N,0.0,1.4162685,1.4162685
JVASP-78381,7,N,0.0,1.4162685,1.4162685
JVASP-8114,0,Mn,0.0,0.240851,0.240851
JVASP-8114,1,Mn,0.0,0.240851,0.240851
JVASP-8114,2,Mn,0.0,0.240851,0.240851
JVASP-8114,3,Mn,0.0,0.240851,0.240851
JVASP-8114,4,N,0.0,1.4158149,1.4158149
JVASP-8114,5,N,0.0,1.4158149,1.4158149
JVASP-8114,6,N,0.0,1.4158149,1.4158149
JVASP-8114,7,N,0.0,1.4158149,1.4158149
JVASP-35985,0,W,0.0,0.49679723,0.49679723
JVASP-35985,1,N,0.0,1.2311869,1.2311869
JVASP-13790,0,W,11.005149,0.6277391,11.624236
JVASP-13790,1,W,11.005149,0.6277391,11.624236
JVASP-13790,2,W,280.14853,0.6243198,280.76352
JVASP-13790,3,W,280.14853,0.6243198,280.76352
JVASP-13790,4,W,109.91636,0.6060567,109.32009
JVASP-13790,5,W,109.91636,0.6060567,109.32009
JVASP-13790,6,N,3.2823164,0.7493143,4.0178757
JVASP-13790,7,N,13.327674,0.97150296,14.2859535
JVASP-13790,8,N,13.327674,0.97150296,14.2859535
JVASP-16015,0,W,40.19123,0.6211474,40.422337
JVASP-16015,1,W,40.19123,0.6211474,40.580025
JVASP-16015,2,W,40.19123,0.6211474,39.578514
JVASP-16015,3,N,0.0,0.84236336,0.84236336
JVASP-16015,4,N,0.18044575,0.9920467,1.1091421
JVASP-16015,5,N,0.18044575,0.9920467,0.81313944
JVASP-16015,6,N,0.18044575,0.9920467,1.0764571
JVASP-19932,0,W,158.06557,0.64847666,157.42442
JVASP-19932,1,N,7.680375,0.7578116,6.939362
JVASP-37188,0,W,93.5007,0.5171973,94.00588
JVASP-37188,1,N,97.65013,2.6699684,94.98091
JVASP-37188,2,N,97.65013,2.6699684,94.98091
JVASP-37744,0,W,238.45961,0.6044953,238.68442
JVASP-37744,1,W,238.45961,0.6044953,238.64288
JVASP-37744,2,N,38.242058,0.9503739,38.908634
JVASP-37744,3,N,38.242058,0.9503739,38.908634
JVASP-37744,4,N,38.242058,0.9503739,38.939014
JVASP-37744,5,N,38.242058,0.9503739,38.939014
JVASP-78672,0,W,0.0,0.5035636,0.5035636
JVASP-78672,1,W,0.0,0.5035636,0.5035636
JVASP-78672,2,W,0.0,0.5035636,0.5035636
JVASP-78672,3,W,0.0,0.5035636,0.5035636
JVASP-78672,4,N,0.0,1.09219,1.09219
JVASP-78672,5,N,0.0,1.09219,1.09219
JVASP-78672,6,N,0.0,1.09219,1.09219
JVASP-78672,7,N,0.0,1.09219,1.09219
JVASP-78721,0,W,9.350927,0.5321418,9.871172
JVASP-78721,1,W,9.350927,0.5321419,9.871172
JVASP-78721,2,W,9.350927,0.5321419,9.871172
JVASP-78721,3,N,1.1271738,1.0942293,0.11893653
JVASP-78721,4,N,1.1271738,1.0942293,0.11893653
JVASP-78721,5,N,1.1271738,1.0942302,0.118935965
JVASP-78721,6,N,1.1271738,1.0942248,0.118938275
JVASP-78721,7,N,1.1271738,1.0942248,0.118938275
JVASP-78721,8,N,1.1271738,1.0942302,0.118935965
JVASP-79378,0,W,164.06845,0.5653823,164.62326
JVASP-79378,1,W,164.06927,0.56538343,164.6241
JVASP-79378,2,N,12.55486,1.1294298,13.678408
JVASP-79378,3,N,12.554451,1.1294374,13.678013
JVASP-79439,0,W,263.80377,0.55270547,264.34186
JVASP-79439,1,W,263.80377,0.55270547,264.34235
JVASP-79439,2,N,15.48289,0.99674815,16.273626
JVASP-79439,3,N,15.48289,0.99674815,16.272936
JVASP-18433,0,Li,0.4501933,0.27521768,0.29869634
JVASP-18433,1,Ni,2.3902369,0.24891154,2.1879673
JVASP-18433,2,O,44.939274,1.5248812,46.215576
JVASP-18433,3,O,44.945847,1.5249733,46.222218
JVASP-30393,0,Li,3.2859914,0.34927863,2.9515913
JVASP-30393,1,Li,3.2859914,0.34927863,2.9515913
JVASP-30393,2,Ni,2.9516513,0.057997797,2.8946226
JVASP-30393,3,O,16.071102,1.4151087,14.669916
JVASP-30393,4,O,16.071102,1.4151087,14.669916
JVASP-12216,0,Li,0.57848996,0.3884391,0.29794714
JVASP-12216,1,Li,0.5784883,0.388439,0.29781222
JVASP-12216,2,Li,0.5784883,0.3884409,0.29781067
JVASP-12216,3,Li,0.57848996,0.38843864,0.29794756
JVASP-12216,4,O,6.972472,1.8427244,8.814949
JVASP-12216,5,O,6.972472,1.8427244,8.814949
JVASP-12216,6,O,6.972472,1.8427223,8.814947
JVASP-12216,7,O,6.972472,1.8427299,8.814955
JVASP-12216,8,Ni,5.1941433,0.038918704,5.2325315
JVASP-12216,9,Ni,5.1941433,0.038917612,5.23253
JVASP-45183,0,Li,1.1496617,0.17347492,1.0912765
JVASP-45183,1,Ni,40.64707,0.58652085,40.736137
JVASP-45183,2,Ni,12.176553,0.46778268,12.429747
JVASP-45183,3,O,72.90444,1.4055399,73.600426
JVASP-45183,4,O,53.36739,1.4107873,54.583603
JVASP-45183,5,O,53.36739,1.4107873,54.583603
JVASP-45183,6,O,72.90444,1.4055399,73.600426
JVASP-7881,0,Li,1.8541375,0.35108137,1.8638622
JVASP-7881,1,Li,1.8541375,0.35108137,1.8638622
JVASP-7881,2,Li,1.8541375,0.35108137,1.8638622
JVASP-7881,3,Li,1.8541375,0.35108137,1.8638622
JVASP-7881,4,Ni,190.45982,0.32133043,190.25539
JVASP-7881,5,Ni,190.45982,0.32133043,190.25539
JVASP-7881,6,O,88.01374,1.3708112,87.39863
JVASP-7881,7,O,88.01374,1.3708112,87.39863
JVASP-7881,8,O,88.01374,1.3708112,87.39863
JVASP-7881,9,O,88.01374,1.3708112,87.39863
JVASP-79748,0,Li,1.1711661,0.39930582,1.5612761
JVASP-79748,1,Ni,76.75745,0.34168914,76.73354
JVASP-79748,2,O,57.946083,1.3763312,57.848286
JVASP-79748,3,O,84.31982,1.5283122,85.61508
JVASP-8375,0,Li,1.1503003,0.17365062,1.0870824
JVASP-8375,1,Ni,13.1014185,0.4676833,13.366525
JVASP-8375,2,Ni,41.061623,0.5864673,41.132305
JVASP-8375,3,O,55.029663,1.4106407,56.269
JVASP-8375,4,O,73.05215,1.4057071,73.71664
JVASP-8375,5,O,55.029663,1.4106407,56.269
JVASP-8375,6,O,73.05215,1.4057071,73.71664
JVASP-85546,0,Li,3.5758474,0.20690267,3.777032
JVASP-85546,1,Ni,9.253765,0.9802045,8.275971
JVASP-85546,2,O,51.13065,1.4846996,52.58684
JVASP-85546,3,O,51.13065,1.4846996,52.58684
JVASP-8644,0,Li,1.1729752,0.39931318,1.562801
JVASP-8644,1,Ni,76.788795,0.341499,76.76237
JVASP-8644,2,O,57.774998,1.3759079,57.657593
JVASP-8644,3,O,84.39657,1.528483,85.67788
JVASP-8646,0,Li,1.376032,0.32786953,1.4979013
JVASP-8646,1,Li,1.376032,0.32786953,1.4979013
JVASP-8646,2,Ni,43.035736,0.652445,42.39498
JVASP-8646,3,Ni,43.035736,0.652445,42.39498
JVASP-8646,4,O,64.09613,1.3643404,63.641422
JVASP-8646,5,O,19.303566,1.3419167,20.028835
JVASP-8646,6,O,64.09613,1.3643404,63.641422
JVASP-8646,7,O,19.303566,1.3419167,20.028835
JVASP-15693,0,Mn,41.063248,0.16156574,40.905064
JVASP-15693,1,Mn,41.063248,0.16156574,40.905064
JVASP-15693,2,Mn,56.98493,0.33930355,57.320023
JVASP-15693,3,Mn,56.98493,0.33930355,57.320023
JVASP-15693,4,Sb,59.401352,2.2237818,61.46043
JVASP-15693,5,Sb,59.401352,2.2237818,61.46043
JVASP-36321,0,Mn,0.0,0.15485662,0.15485662
JVASP-36321,1,Sb,0.0,1.4117897,1.4117897
JVASP-17790,0,Mn,11.421971,0.26419955,11.683754
JVASP-17790,1,Mn,11.421971,0.26419955,11.683754
JVASP-17790,2,Mn,2.7744555,0.010444909,2.7648828
JVASP-17790,3,Mn,2.7744555,0.010444909,2.7648828
JVASP-17790,4,Sb,42.45701,2.7185788,39.9169
JVASP-17790,5,Sb,42.45701,2.7185788,39.9169
JVASP-36323,0,Mn,0.0073484695,0.4951456,0.49521106
JVASP-36323,1,Sb,0.0,3.6590326,3.6590326
JVASP-19786,0,Mn,53.41684,0.44669172,53.695248
JVASP-19786,1,Mn,53.41684,0.44669172,52.974964
JVASP-19786,2,Mn,53.41684,0.44669172,53.583096
JVASP-19786,3,Sb,0.0,1.8814433,1.8814433
JVASP-19831,0,Mn,61.58997,0.45702288,62.00737
JVASP-19831,1,Mn,61.58997,0.45702288,62.00737
JVASP-19831,2,Sb,59.031887,3.0119772,61.89427
JVASP-19831,3,Sb,59.031887,3.0119772,61.89427
JVASP-36322,0,Mn,0.0073484695,0.65317273,0.6533193
JVASP-36322,1,Sb,0.0,0.5915987,0.5915987
JVASP-14403,0,Mn,41.063248,0.16156602,40.905064
JVASP-14403,1,Mn,41.063248,0.16156602,40.905064
JVASP-14403,2,Mn,56.98493,0.33930358,57.320023
JVASP-14403,3,Mn,56.98493,0.33930358,57.320023
JVASP-14403,4,Sb,59.40217,2.223783,61.461246
JVASP-14403,5,Sb,59.401352,2.223783,61.46043
JVASP-78285,0,Mn,0.0,0.49513814,0.49513814
JVASP-78285,1,Mn,0.0,0.49513814,0.49513814
JVASP-78285,2,Mn,0.0,0.49513814,0.49513814
JVASP-78285,3,Mn,0.0,0.49513814,0.49513814
JVASP-78285,4,Sb,0.0,3.6589289,3.6589289
JVASP-78285,5,Sb,0.0,3.6589289,3.6589289
JVASP-78285,6,Sb,0.0,3.6589289,3.6589289
JVASP-78285,7,Sb,0.0,3.6589289,3.6589289
JVASP-78448,0,Mn,0.0,0.15485299,0.15485299
JVASP-78448,1,Sb,0.0,1.4117309,1.4117309
JVASP-14530,0,Cd,0.0028284274,2.0600853,2.0613606
JVASP-14530,1,Te,0.0014142137,2.3541186,2.3536181
JVASP-16779,0,Cd,17.231873,2.1014113,19.332735
JVASP-16779,1,Te,428.02115,2.632709,425.5361
JVASP-36179,0,Cd,0.32168618,2.0605621,1.739772
JVASP-36179,1,Cd,0.32168618,2.0605621,1.739772
JVASP-36179,2,Te,2.9725246,2.3543355,5.2265425
JVASP-36179,3,Te,2.9725246,2.3543355,5.2265425
JVASP-23,0,Cd,0.002581989,2.2507634,2.2486775
JVASP-23,1,Te,0.002,1.6575778,1.657574
JVASP-4795,0,Cd,17.231873,2.1014113,19.332735
JVASP-4795,1,Te,428.02115,2.632709,425.5361
JVASP-22685,0,Cd,0.7837554,2.252573,1.472245
JVASP-22685,1,Cd,0.7837554,2.252573,1.4716582
JVASP-22685,2,Te,12.860356,1.6629779,14.383675
JVASP-22685,3,Te,12.860356,1.6629779,14.383729
JVASP-7757,0,Cd,0.6989211,2.2524707,1.5551484
JVASP-7757,1,Cd,0.6989211,2.2524707,1.5551484
JVASP-7757,2,Te,12.948002,1.6626356,14.471096
JVASP-7757,3,Te,12.948002,1.6626356,14.471096
JVASP-7803,0,Cd,121.728874,2.3063853,122.17807
JVASP-7803,1,Cd,121.731255,2.3063822,122.312164
JVASP-7803,2,Cd,121.728874,2.3063853,122.1985
JVASP-7803,3,Te,149.93814,1.8541892,149.95508
JVASP-7803,4,Te,149.93687,1.8541925,150.93372
JVASP-7803,5,Te,149.93782,1.8541892,149.94862
JVASP-79598,0,Cd,0.19228277,2.0605757,2.2512162
JVASP-79598,1,Cd,0.19228277,2.0605757,2.2512162
JVASP-79598,2,Cd,0.19228277,2.0605757,2.2512162
JVASP-79598,3,Cd,0.19228277,2.0605757,2.2512162
JVASP-79598,4,Te,0.94770986,2.354272,3.2461872
JVASP-79598,5,Te,0.94770986,2.354272,3.2461872
JVASP-79598,6,Te,0.94770986,2.354272,3.2461872
JVASP-79598,7,Te,0.94770986,2.354272,3.2461872
JVASP-18509,0,S,35.18631,1.2447537,35.436504
JVASP-18509,1,Ag,18.161234,1.0235987,17.951796
JVASP-18509,2,Ag,124.22243,1.5815881,124.1946
JVASP-18509,3,Ag,124.221016,1.5815881,124.19255
JVASP-18509,4,Ag,139.56723,1.0780505,140.07585
JVASP-18509,5,Ag,139.56879,1.0780454,139.25264
JVASP-18509,6,Ag,139.70415,1.078251,140.21292
JVASP-18509,7,Ag,139.70398,1.078257,139.38756
JVASP-18509,8,Ag,18.16144,1.0235987,17.95078
JVASP-14225,0,S,35.09929,1.245227,35.348286
JVASP-14225,1,Ag,18.22765,1.0241925,18.018095
JVASP-14225,2,Ag,124.33145,1.5816903,124.303795
JVASP-14225,3,Ag,124.33153,1.5816903,124.30307
JVASP-14225,4,Ag,139.63081,1.0781208,140.13939
JVASP-14225,5,Ag,139.63219,1.0781153,139.3159
JVASP-14225,6,Ag,139.76996,1.0783389,140.27881
JVASP-14225,7,Ag,139.77005,1.0783386,139.45343
JVASP-14225,8,Ag,18.227604,1.0241925,18.017834
JVASP-18885,0,Ag,61.251255,1.635515,60.607227
JVASP-18885,1,Ag,61.25287,1.6355145,60.606865
JVASP-18885,2,Ag,61.25287,1.6355145,60.606865
JVASP-18885,3,Ag,61.251255,1.635515,60.607227
JVASP-18885,4,S,90.848595,1.9310291,89.57149
JVASP-18885,5,S,90.84909,1.9310291,89.583534
JVASP-34566,0,Ag,165.3749,1.7984344,166.41544
JVASP-34566,1,Ag,165.3749,1.7984344,166.41544
JVASP-34566,2,Ag,223.3023,1.1351088,223.00441
JVASP-34566,3,Ag,223.3023,1.1351088,223.00902
JVASP-34566,4,S,21.311241,1.6088746,22.491327
JVASP-34566,5,S,21.311241,1.6088746,22.491327
JVASP-13818,0,Ag,198.65437,2.0742102,198.66537
JVASP-13818,1,Ag,198.65437,2.0742102,198.67506
JVASP-13818,2,Ag,200.68794,2.080823,201.18567
JVASP-13818,3,Ag,200.68794,2.080823,201.18092
JVASP-13818,4,S,13.662444,1.3410097,14.094743
JVASP-13818,5,S,13.662444,1.3410097,14.094783
JVASP-57560,0,Ag,223.29596,1.1346033,223.03651
JVASP-57560,1,Ag,164.7933,1.7959623,165.75967
JVASP-57560,2,Ag,164.7933,1.7959623,165.75967
JVASP-57560,3,Ag,223.29596,1.1346033,223.0315
JVASP-57560,4,S,21.974545,1.6050798,23.136438
JVASP-57560,5,S,21.974545,1.6050798,23.136438
JVASP-8756,0,Ag,223.34996,1.1354666,223.78282
JVASP-8756,1,Ag,223.32288,1.1354091,223.7578
JVASP-8756,2,Ag,165.55612,1.7992669,164.02336
JVASP-8756,3,Ag,165.54489,1.7992346,164.01233
JVASP-8756,4,S,21.248686,1.6104608,19.736582
JVASP-8756,5,S,21.201288,1.6105914,19.689438
JVASP-8761,0,Ag,212.84686,1.9105554,213.39839
JVASP-8761,1,Ag,191.39015,1.8893846,192.23587
JVASP-8761,2,Ag,152.73518,1.3863767,152.35773
JVASP-8761,3,Ag,142.01724,1.7907119,141.88034
JVASP-8761,4,Ag,153.15938,2.0271606,153.03804
JVASP-8761,5,Ag,136.96567,2.0387251,136.56163
JVASP-8761,6,S,39.50889,1.3910172,40.464905
JVASP-8761,7,S,66.78639,1.0338588,66.91823
JVASP-8761,8,S,64.209305,0.99852425,64.60979
JVASP-8763,0,Ag,223.3287,1.1352876,223.75911
JVASP-8763,1,Ag,165.56985,1.7994643,164.03369
JVASP-8763,2,Ag,165.54636,1.7993909,164.01001
JVASP-8763,3,Ag,223.49223,1.1358392,223.93346
JVASP-8763,4,S,21.16497,1.6106662,19.655802
JVASP-8763,5,S,21.118818,1.6108383,19.61132
JVASP-18470,0,Cr,11.534573,0.2176091,11.602809
JVASP-18470,1,Cr,3.9803765,0.032861553,3.9916167
JVASP-18470,2,Cr,3.9803765,0.032861553,3.9916167
JVASP-18470,3,Se,68.429955,4.8421774,68.672676
JVASP-18470,4,Se,68.429955,4.8421774,68.672676
JVASP-18470,5,Se,46.330173,4.968304,45.877617
JVASP-18470,6,Se,46.330173,4.968304,45.877617
JVASP-20809,0,Cr,6.4577,0.06958328,6.4255166
JVASP-20809,1,Cr,17.858152,0.33945715,18.017593
JVASP-20809,2,Cr,4.3840885,0.048695322,4.415273
JVASP-20809,3,Cr,4.3840885,0.048695322,4.415273
JVASP-20809,4,Se,76.47951,4.841987,74.86898
JVASP-20809,5,Se,76.478516,4.8419867,78.25535
JVASP-20809,6,Se,76.47863,4.8419867,76.452446
JVASP-20809,7,Se,76.47951,4.841987,74.86898
JVASP-20809,8,Se,76.478516,4.8419867,78.25535
JVASP-20809,9,Se,76.47863,4.8419867,76.452446
JVASP-28352,0,Cr,62.620796,0.038348824,62.62707
JVASP-28352,1,Se,171.04787,4.4688306,166.69005
JVASP-28352,2,Se,171.04787,4.4688306,166.69005
JVASP-37900,0,Cr,28.05074,0.30988142,28.359085
JVASP-37900,1,Cr,28.05074,0.30988142,28.359085
JVASP-37900,2,Cr,69.15808,0.30988142,68.849754
JVASP-37900,3,Cr,28.05074,0.30988142,28.359085
JVASP-37900,4,Cr,28.05074,0.30988142,28.359085
JVASP-37900,5,Cr,69.15808,0.30988142,68.849754
JVASP-37900,6,Se,175.53697,3.0906522,178.54265
JVASP-37900,7,Se,175.53697,3.0906522,178.54265
JVASP-78477,0,Cr,62.288742,0.03842447,62.293674
JVASP-78477,1,Cr,62.288742,0.03842447,62.293674
JVASP-78477,2,Se,176.37213,4.481545,172.00238
JVASP-78477,3,Se,176.37213,4.481545,172.00238
JVASP-78477,4,Se,176.37213,4.481545,172.00238
JVASP-78477,5,Se,176.37213,4.481545,172.00238
JVASP-78938,0,Cr,8.932064,0.20561129,8.728533
JVASP-78938,1,Cr,8.932064,0.20561129,8.728533
JVASP-78938,2,Se,13.017813,5.0138006,8.186283
JVASP-78938,3,Se,13.017813,5.0138006,8.186283
JVASP-195,0,Cr,13.066395,0.03610752,13.055217
JVASP-195,1,Cr,13.066395,0.03610752,13.055217
JVASP-195,2,Se,74.65555,4.248043,70.52192
JVASP-195,3,Se,74.65555,4.248043,70.52192
JVASP-198,0,Cr,8.39236,0.20557164,8.18887
JVASP-198,1,Cr,8.39236,0.20557164,8.18887
JVASP-198,2,Se,13.739188,5.0127015,8.903046
JVASP-198,3,Se,13.739188,5.0127015,8.903046
JVASP-539,0,Cr,16.668777,0.052441344,16.713144
JVASP-539,1,Se,46.414158,4.516603,42.015953
JVASP-539,2,Se,46.414158,4.516603,42.015953
JVASP-36397,0,Ag,0.0,0.799159,0.799159
JVASP-36397,1,N,0.0,0.831411,0.831411
JVASP-36398,0,Ag,7.091273,0.42533657,6.7627025
JVASP-36398,1,N,8.73488,0.54392093,8.227233
JVASP-16921,0,Ag,0.0,0.94939035,0.94939035
JVASP-16921,1,N,0.0,0.50100136,0.50100136
JVASP-29665,0,Ag,67.0052,0.18308975,66.90516
JVASP-29665,1,Ag,67.0052,0.18308975,66.90516
JVASP-29665,2,N,39.1955,2.1155288,40.12503
JVASP-29665,3,N,39.1955,2.1155288,40.12503
JVASP-29665,4,N,39.19444,2.1155362,38.519825
JVASP-29665,5,N,26.289413,2.123149,27.0173
JVASP-29665,6,N,39.19444,2.1155362,38.519825
JVASP-29665,7,N,26.291397,2.123141,25.57379
JVASP-37095,0,Ag,27.210155,0.42572895,26.881916
JVASP-37095,1,Ag,27.210155,0.42572895,26.881916
JVASP-37095,2,N,7.876743,0.66991854,7.225479
JVASP-37095,3,N,7.876743,0.66991854,7.225479
JVASP-37963,0,Ag,5.0337014,0.2834422,5.213897
JVASP-37963,1,Ag,5.0337014,0.2834422,5.213897
JVASP-37963,2,Ag,11.50362,0.2834422,11.330367
JVASP-37963,3,Ag,5.0337014,0.2834422,5.213897
JVASP-37963,4,Ag,5.0337014,0.2834422,5.213897
JVASP-37963,5,Ag,11.50362,0.2834422,11.330367
JVASP-37963,6,N,4.301304,0.21389009,4.386278
JVASP-37963,7,N,4.301304,0.21389009,4.386278
JVASP-78349,0,Ag,0.0,1.0959233,1.0959233
JVASP-78349,1,Ag,0.0,1.0959233,1.0959233
JVASP-78349,2,Ag,0.0,1.0959233,1.0959233
JVASP-78349,3,Ag,0.0,1.0959233,1.0959233
JVASP-78349,4,N,0.0,0.8050549,0.8050549
JVASP-78349,5,N,0.0,0.8050549,0.8050549
JVASP-78349,6,N,0.0,0.8050549,0.8050549
JVASP-78349,7,N,0.0,0.8050549,0.8050549
JVASP-79149,0,Ag,61.58651,0.8136997,61.699326
JVASP-79149,1,Ag,61.58651,0.8136997,61.708942
JVASP-79149,2,Ag,61.58651,0.8136997,61.699326
JVASP-79149,3,Ag,61.58651,0.8136997,61.708942
JVASP-79149,4,N,19.911133,0.88874495,19.92216
JVASP-79149,5,N,19.911133,0.88874495,19.944302
JVASP-79149,6,N,19.911133,0.88874495,19.92216
JVASP-79149,7,N,19.911133,0.88874495,19.944302
JVASP-7993,0,N,39.168167,2.115857,40.09509
JVASP-7993,1,N,39.16829,2.1158488,38.476635
JVASP-7993,2,N,26.297369,2.1232164,25.584826
JVASP-7993,3,N,26.30048,2.1232078,27.047285
JVASP-7993,4,N,39.168167,2.115857,40.09509
JVASP-7993,5,N,39.16829,2.1158488,38.476635
JVASP-7993,6,Ag,66.34264,0.18255955,66.24324
JVASP-7993,7,Ag,66.34264,0.18255955,66.24324
JVASP-29376,0,O,41.494328,1.699043,42.15852
JVASP-29376,1,O,41.481678,1.6991096,42.168846
JVASP-29376,2,Pb,424.4828,1.2263709,424.25278
JVASP-29376,3,O,41.480206,1.6991023,42.167248
JVASP-29376,4,Pb,424.55823,1.2264191,424.31067
JVASP-29376,5,Pb,424.49118,1.2263695,424.2611
JVASP-29376,6,Pb,424.55164,1.2264204,424.3042
JVASP-29376,7,O,41.495667,1.6990523,42.159878
JVASP-252,0,Pb,264.38242,1.0867273,265.06686
JVASP-252,1,Pb,264.38242,1.0867273,265.06686
JVASP-252,2,O,4.280892,1.5115489,5.7923245
JVASP-252,3,O,4.280892,1.5115489,5.7923245
JVASP-29379,0,Pb,56.061474,1.0552272,56.052242
JVASP-29379,1,O,0.00244949,1.0870625,1.0870643
JVASP-29379,2,Pb,56.369293,1.0552377,56.4035
JVASP-29379,3,Pb,56.369293,1.0552377,56.372173
JVASP-29379,4,Pb,56.369293,1.0552377,56.380985
JVASP-29379,5,O,0.00244949,1.0870625,1.0870643
JVASP-29744,0,Pb,793.2853,1.4471813,794.53625
JVASP-29744,1,Pb,793.2853,1.4471813,794.53625
JVASP-29744,2,Pb,2.5915003,1.3874588,3.9083076
JVASP-29744,3,Pb,2.5915003,1.3874588,3.9083076
JVASP-29744,4,O,199.60588,1.309034,198.38942
JVASP-29744,5,O,85.337265,0.8765077,86.18705
JVASP-29744,6,O,85.337265,0.8765077,86.18705
JVASP-29744,7,O,199.5851,1.3090245,198.28471
JVASP-29744,8,O,199.60588,1.309034,198.38942
JVASP-29744,9,O,199.5851,1.3090245,198.28471
JVASP-50903,0,Pb,74.23773,1.4175665,74.289536
JVASP-50903,1,Pb,148.90616,1.3905777,149.07205
JVASP-50903,2,Pb,148.90616,1.3905777,149.08092
JVASP-50903,3,Pb,74.23773,1.4175665,74.34685
JVASP-50903,4,O,60.129986,0.89252317,60.795982
JVASP-50903,5,O,68.152916,1.2798547,69.2477
JVASP-50903,6,O,74.12318,1.0991434,73.03902
JVASP-50903,7,O,74.12318,1.0991434,73.03682
JVASP-50903,8,O,68.152916,1.2798547,69.23534
JVASP-50903,9,O,60.129986,0.89252317,60.810787
JVASP-78947,0,Pb,10.787696,1.3169413,11.781871
JVASP-78947,1,Pb,10.776904,1.3169259,11.722104
JVASP-78947,2,O,33.081173,1.3856648,34.280937
JVASP-78947,3,O,33.08159,1.3857636,34.281254
JVASP-8441,0,Pb,165.71472,1.3716023,166.54732
JVASP-8441,1,Pb,165.71472,1.3716023,166.57935
JVASP-8441,2,O,164.31505,1.0892668,163.90794
JVASP-8441,3,O,164.31505,1.0892668,163.86986
JVASP-8441,4,O,164.31505,1.0892668,163.86986
JVASP-8441,5,O,164.31505,1.0892668,163.90794
JVASP-8454,0,Pb,424.5749,1.2278593,425.00952
JVASP-8454,1,Pb,424.5749,1.2278593,425.00952
JVASP-8454,2,Pb,424.5749,1.2278593,425.0119
JVASP-8454,3,Pb,424.5749,1.2278593,425.0119
JVASP-8454,4,O,41.369095,1.6973697,40.882378
JVASP-8454,5,O,41.369095,1.6973697,40.882378
JVASP-8454,6,O,41.369095,1.6973697,40.90102
JVASP-8454,7,O,41.369095,1.6973697,40.90102
JVASP-15019,0,O,0.00244949,0.6469082,0.64602935
JVASP-15019,1,Nb,0.008717798,0.3567502,0.35553178
JVASP-14492,0,Nb,77.65945,0.18832384,77.534424
JVASP-14492,1,Nb,77.65944,0.18832384,77.84381
JVASP-14492,2,Nb,77.65945,0.18832384,77.600426
JVASP-14492,3,O,19.989468,1.0037345,19.294102
JVASP-14492,4,O,19.98947,1.0037345,20.960657
JVASP-14492,5,O,19.989468,1.0037345,19.752151
JVASP-14944,0,Nb,30.034155,0.34951264,29.73787
JVASP-14944,1,Nb,30.034155,0.34951264,29.736025
JVASP-14944,2,O,16.270014,1.1385584,16.358818
JVASP-14944,3,O,16.270014,1.1385584,16.316572
JVASP-14944,4,O,16.270014,1.1385584,16.358818
JVASP-14944,5,O,16.270014,1.1385584,16.316572
JVASP-18420,0,Nb,20.346693,0.24235335,20.10624
JVASP-18420,1,Nb,20.346693,0.24235335,20.10624
JVASP-18420,2,O,51.17474,0.8508325,51.982708
JVASP-18420,3,O,51.18127,0.8506951,51.989082
JVASP-18420,4,O,51.18127,0.8506951,51.989082
JVASP-18420,5,O,51.17474,0.8508325,51.982708
JVASP-51419,0,Nb,462.57474,0.07006315,462.5793
JVASP-51419,1,O,50.555836,1.7360733,52.277977
JVASP-7655,0,O,42.615017,0.8355652,42.679268
JVASP-7655,1,O,58.11263,1.0858722,58.284153
JVASP-7655,2,O,35.70495,1.077349,35.16829
JVASP-7655,3,O,35.70466,1.0773494,35.091084
JVASP-7655,4,O,58.112907,1.085873,57.9539
JVASP-7655,5,Nb,222.01053,0.43339688,222.2218
JVASP-7655,6,Nb,222.00507,0.43339688,222.21603
JVASP-7819,0,O,14.38408,1.7819767,13.730517
JVASP-7819,1,O,14.38408,1.7819767,13.730517
JVASP-7819,2,O,62.134262,2.2130167,61.15303
JVASP-7819,3,O,66.700806,1.6621723,66.160164
JVASP-7819,4,O,66.700806,1.6621723,66.160164
JVASP-7819,5,Nb,109.13582,0.08193193,109.059975
JVASP-7819,6,Nb,109.13582,0.08193193,109.059975
JVASP-12003,0,Nb,20.314844,0.24232106,20.074404
JVASP-12003,1,Nb,20.314844,0.24232106,20.074404
JVASP-12003,2,O,51.140446,0.85068667,51.948235
JVASP-12003,3,O,51.140446,0.85068667,51.948235
JVASP-12003,4,O,51.140446,0.85068667,51.948235
JVASP-12003,5,O,51.140446,0.85068667,51.948235
JVASP-19976,0,Ti,35.981373,0.47123018,35.785187
JVASP-19976,1,Ti,35.981373,0.47123018,35.785187
JVASP-19976,2,Ti,35.981373,0.47123018,35.712837
JVASP-19976,3,Ti,35.981373,0.47123018,35.712837
JVASP-19976,4,Ti,35.981373,0.47123018,36.45074
JVASP-19976,5,Ti,35.981373,0.47123018,36.45074
JVASP-19976,6,Au,0.0,1.8090487,1.8090487
JVASP-19976,7,Au,0.0,1.8090487,1.8090487
JVASP-35760,0,Ti,0.7030035,0.5560087,1.257358
JVASP-35760,1,Au,122.7668,1.6318868,124.35636
JVASP-35760,2,Au,122.7668,1.6318868,124.35636
JVASP-16797,0,Ti,18.92829,0.41265857,19.041813
JVASP-16797,1,Au,44.324932,1.8440545,45.323532
JVASP-16797,2,Au,44.324932,1.8440545,45.323532
JVASP-16797,3,Au,44.544647,1.8440562,43.87377
JVASP-16797,4,Au,44.544647,1.8440562,43.87377
JVASP-37033,0,Ti,23.528982,0.52628666,24.052803
JVASP-37033,1,Ti,23.528982,0.52628666,24.052803
JVASP-37033,2,Au,207.75104,1.6599256,209.36996
JVASP-37033,3,Au,207.75104,1.6599256,209.36996
JVASP-37040,0,Ti,10.973335,0.57038903,11.370357
JVASP-37040,1,Ti,10.973335,0.57038903,11.370357
JVASP-37040,2,Au,153.50774,1.6357514,153.84814
JVASP-37040,3,Au,153.50774,1.6357514,153.84814
JVASP-7702,0,Ti,0.0,0.54409724,0.54409724
JVASP-7702,1,Au,0.0,1.6208181,1.6208181
JVASP-78509,0,Ti,1.0247031,0.5560237,1.5788062
JVASP-78509,1,Ti,1.0247031,0.5560237,1.5788062
JVASP-78509,2,Au,122.45081,1.6319125,124.0404
JVASP-78509,3,Au,122.45081,1.6319125,124.0404
JVASP-78509,4,Au,122.45081,1.6319125,124.0404
JVASP-78509,5,Au,122.45081,1.6319125,124.0404
JVASP-16451,0,Ti,6.68874,0.40430987,6.496404
JVASP-16451,1,Ti,6.68874,0.40430987,6.4956803
JVASP-16451,2,Ti,6.68874,0.40430987,7.093024
JVASP-16451,3,Au,0.0,1.8056695,1.8056695
JVASP-18619,0,Mn,30.312038,0.16659784,30.42016
JVASP-18619,1,Mn,30.312038,0.16659784,30.42016
JVASP-18619,2,Au,116.52082,1.1621509,115.80811
JVASP-18620,0,Mn,9.002823,0.1462661,9.10216
JVASP-18620,1,Mn,9.002823,0.1462661,9.10216
JVASP-18620,2,Au,92.98047,1.6539003,92.56299
JVASP-18620,3,Au,19.627563,1.6386768,19.529003
JVASP-18620,4,Au,19.627563,1.6386768,19.529003
JVASP-18620,5,Au,92.98047,1.6539003,92.56299
JVASP-18620,6,Au,99.431274,1.628695,97.875786
JVASP-5785,0,Mn,30.312038,0.16659784,30.42016
JVASP-5785,1,Mn,30.312038,0.16659784,30.42016
JVASP-5785,2,Au,116.52082,1.1621509,115.80811
JVASP-16774,0,Mn,10.302313,0.08130584,10.239247
JVASP-16774,1,Au,43.022587,1.8272953,42.168877
JVASP-16774,2,Au,43.020756,1.8272953,44.02998
JVASP-16774,3,Au,43.020756,1.8272953,44.02998
JVASP-16774,4,Au,43.022587,1.8272953,42.168877
JVASP-79142,0,Mn,30.913378,0.16641723,31.075315
JVASP-79142,1,Mn,30.913378,0.16641723,31.075315
JVASP-79142,2,Au,109.43585,1.161493,108.340256
JVASP-16449,0,Mn,0.23270153,0.15109478,0.38316277
JVASP-16449,1,Mn,0.23270153,0.15109478,0.38316277
JVASP-16449,2,Au,155.9337,1.6395268,157.5318
JVASP-16449,3,Au,155.9337,1.6395268,157.5318
JVASP-16449,4,Au,155.9337,1.6395268,157.5318
JVASP-16449,5,Au,155.9337,1.6395268,157.5318
JVASP-16803,0,Mn,0.0,0.15903495,0.15903495
JVASP-16803,1,Au,0.0,1.6315157,1.6315157
JVASP-16804,0,Mn,0.46540305,0.15902525,0.62328947
JVASP-16804,1,Au,6.1947594,1.6315265,4.6177244
JVASP-17169,0,N,0.0,1.7071035,1.7071035
JVASP-17169,1,Ni,0.016673332,0.25261912,0.24078764
JVASP-17848,0,Ni,46.9608,1.5836126,47.87009
JVASP-17848,1,Ni,46.9608,1.5836126,45.381714
JVASP-17848,2,Ni,46.9608,1.5836126,47.669994
JVASP-17848,3,Ni,0.0,2.0369673,2.0369673
JVASP-17848,4,N,0.0,0.28540853,0.28540853
JVASP-20364,0,Ni,77.9953,0.43034396,78.052315
JVASP-20364,1,Ni,77.9953,0.43034396,78.05495
JVASP-20364,2,Ni,77.99911,0.43034852,78.024704
JVASP-20364,3,Ni,77.99911,0.43034852,78.01896
JVASP-20364,4,Ni,77.99924,0.43034852,78.031006
JVASP-20364,5,Ni,77.99911,0.43034852,78.02251
JVASP-20364,6,N,6.1078024,1.3601332,4.754797
JVASP-20364,7,N,6.1078024,1.3601332,4.754797
JVASP-20556,0,Ni,77.993835,0.43037882,78.05086
JVASP-20556,1,Ni,77.993835,0.43037882,78.05349
JVASP-20556,2,Ni,77.993484,0.43038374,78.0191
JVASP-20556,3,Ni,77.993484,0.43038374,78.01335
JVASP-20556,4,Ni,77.99412,0.43038374,78.02591
JVASP-20556,5,Ni,77.99412,0.43038374,78.01753
JVASP-20556,6,N,6.1090274,1.360217,4.755918
JVASP-20556,7,N,6.1090274,1.360217,4.755918
JVASP-36336,0,Ni,0.0,0.04841373,0.04841373
JVASP-36336,1,N,0.0,1.2252475,1.2252475
JVASP-36338,0,Ni,0.00489898,0.17089613,0.1708639
JVASP-36338,1,N,0.0,1.4639348,1.4639348
JVASP-39385,0,Ni,10.486267,0.30598298,10.789407
JVASP-39385,1,Ni,10.486267,0.30598298,10.789407
JVASP-39385,2,N,6.588311,1.5368073,5.053462
JVASP-39385,3,N,6.587903,1.5368073,5.053063
JVASP-8239,0,Ni,52.194683,2.0629852,50.32208
JVASP-8239,1,Ni,52.194683,2.0629852,50.35717
JVASP-8239,2,N,116.60238,1.3337027,115.62724
JVASP-8239,3,N,116.60238,1.3337027,115.429
JVASP-329,0,Ti,70.67023,0.15257187,70.799255
JVASP-329,1,Ti,70.67023,0.15257187,70.799255
JVASP-329,2,Se,26.35651,3.2657804,29.537615
JVASP-329,3,Se,26.35651,3.2657804,29.537615
JVASP-326,0,Ti,29.475119,0.46024424,29.016703
JVASP-326,1,Se,38.080994,4.785297,33.421276
JVASP-326,2,Se,38.080994,4.785297,33.421276
JVASP-332,0,Ti,8.594035,0.64213896,9.227567
JVASP-332,1,Ti,8.594035,0.64213896,9.227567
JVASP-332,2,Se,14.948011,3.8943813,18.768202
JVASP-332,3,Se,14.948011,3.8943813,18.768202
JVASP-16651,0,Ti,52.916317,0.49495018,53.154182
JVASP-16651,1,Ti,32.342037,0.47786173,31.941547
JVASP-16651,2,Ti,32.34256,0.47786176,32.55963
JVASP-16651,3,Ti,32.34256,0.47786176,32.55963
JVASP-16651,4,Ti,32.342037,0.47786173,31.941547
JVASP-16651,5,Se,37.177643,4.42625,40.71276
JVASP-16651,6,Se,37.177834,4.42625,36.716328
JVASP-16651,7,Se,37.177834,4.42625,36.716328
JVASP-16651,8,Se,37.177643,4.42625,40.71276
JVASP-17184,0,Ti,70.67023,0.15257187,70.799255
JVASP-17184,1,Ti,70.67023,0.15257187,70.799255
JVASP-17184,2,Se,26.35651,3.2657804,29.537615
JVASP-17184,3,Se,26.35651,3.2657804,29.537615
JVASP-20616,0,Ti,29.475119,0.46024424,29.016703
JVASP-20616,1,Se,38.080994,4.785297,33.421276
JVASP-20616,2,Se,38.080994,4.785297,33.421276
JVASP-79265,0,Ti,12.934531,0.5512375,12.387468
JVASP-79265,1,Ti,12.934531,0.5512375,12.387468
JVASP-79265,2,Se,51.804256,4.872214,56.573402
JVASP-79265,3,Se,51.804256,4.872214,56.573402
JVASP-15849,0,Ti,8.594035,0.64213896,9.227567
JVASP-15849,1,Ti,8.594035,0.64213896,9.227567
JVASP-15849,2,Se,14.948011,3.8943813,18.768202
JVASP-15849,3,Se,14.948011,3.8943813,18.768202
JVASP-587,0,Nb,91.457825,0.16079798,91.30439
JVASP-587,1,Te,125.21547,5.9120107,119.51445
JVASP-587,2,Te,125.21547,5.9120107,119.51445
JVASP-28371,0,Nb,90.29064,0.16085996,90.13715
JVASP-28371,1,Te,124.9154,5.909086,119.21724
JVASP-28371,2,Te,124.9154,5.909086,119.21724
JVASP-18752,0,Nb,103.9288,0.14172389,104.020035
JVASP-18752,1,Nb,49.523964,0.1566264,49.395275
JVASP-18752,2,Nb,49.52186,0.15662643,49.478317
JVASP-18752,3,Nb,49.52186,0.15662643,49.478317
JVASP-18752,4,Nb,49.523964,0.1566264,49.395275
JVASP-18752,5,Te,108.86023,5.224175,111.61732
JVASP-18752,6,Te,108.86051,5.224175,108.23408
JVASP-18752,7,Te,108.86051,5.224175,108.23408
JVASP-18752,8,Te,108.86023,5.224175,111.61732
JVASP-37750,0,Nb,10.483816,0.25700906,10.72895
JVASP-37750,1,Te,7.1365886,5.2001786,12.225427
JVASP-56595,0,Nb,29.824987,0.07925985,29.829144
JVASP-56595,1,Nb,29.824987,0.07925985,29.754572
JVASP-56595,2,Nb,29.824987,0.07925985,29.829144
JVASP-56595,3,Nb,29.824987,0.07925985,29.754572
JVASP-56595,4,Nb,29.824987,0.07925985,29.8914
JVASP-56595,5,Nb,29.824987,0.07925985,29.8914
JVASP-56595,6,Te,0.0,2.6609688,2.6609688
JVASP-56595,7,Te,0.0,2.6609688,2.6609688
JVASP-59635,0,Nb,4.666278,0.038525008,4.694308
JVASP-59635,1,Nb,4.666278,0.038525008,4.694308
JVASP-59635,2,Te,502.21643,5.5839453,498.37982
JVASP-59635,3,Te,502.2164,5.5839453,499.2622
JVASP-59635,4,Te,502.2164,5.5839453,499.2622
JVASP-59635,5,Te,502.21643,5.5839453,498.3761
JVASP-59635,6,Te,502.2164,5.5839453,499.2585
JVASP-59635,7,Te,502.21643,5.5839453,498.37982
JVASP-59635,8,Te,502.2164,5.5839453,499.2585
JVASP-59635,9,Te,502.21643,5.5839453,498.3761
JVASP-7720,0,Nb,57.640896,0.10968749,57.543465
JVASP-7720,1,Nb,71.35089,0.020664692,71.36423
JVASP-7720,2,Nb,71.35089,0.020664692,71.36423
JVASP-7720,3,Te,209.78577,5.6027055,204.36745
JVASP-7720,4,Te,209.78577,5.6027055,204.36745
JVASP-7720,5,Te,142.38936,5.9508147,139.4224
JVASP-7720,6,Te,142.38936,5.9508147,139.4224
JVASP-7720,7,Te,169.8282,5.8632135,172.43039
JVASP-7720,8,Te,169.8282,5.8632135,172.43039
JVASP-15990,0,Sb,428.1177,3.5055923,424.77908
JVASP-15990,1,Sb,428.11813,3.5055923,425.20737
JVASP-15990,2,Ho,134.82515,0.74064916,135.15108
JVASP-36293,0,Ho,0.0,0.6704832,0.6704832
JVASP-36293,1,Sb,0.0,3.0509079,3.0509079
JVASP-20368,0,Sb,0.00081649655,1.2440463,1.2439929
JVASP-20368,1,Ho,0.010583006,1.5329806,1.5366241
JVASP-14256,0,Sb,428.1177,3.5055923,424.77908
JVASP-14256,1,Sb,428.11813,3.5055923,425.20737
JVASP-14256,2,Ho,134.82515,0.74064916,135.15108
JVASP-38612,0,Ho,17.19746,0.8279291,18.024485
JVASP-38612,1,Ho,17.19746,0.8279291,18.024485
JVASP-38612,2,Sb,224.60532,2.6471777,223.71475
JVASP-38612,3,Sb,224.6048,2.6471763,224.96436
JVASP-38612,4,Sb,224.60532,2.6471777,223.70677
JVASP-38612,5,Sb,224.60532,2.6471777,223.71475
JVASP-38612,6,Sb,224.6048,2.6471763,224.96436
JVASP-38612,7,Sb,224.60532,2.6471777,223.70677
JVASP-78816,0,Ho,134.15349,0.74093235,134.48703
JVASP-78816,1,Ho,134.15349,0.74093235,134.48703
JVASP-78816,2,Sb,425.7551,3.501721,422.38306
JVASP-78816,3,Sb,425.7551,3.501721,422.38464
JVASP-78816,4,Sb,425.7551,3.501721,422.38306
JVASP-78816,5,Sb,425.7551,3.501721,422.38464
JVASP-79116,0,Ho,39.842587,0.8639533,40.7057
JVASP-79116,1,Ho,39.842587,0.8639533,40.7057
JVASP-79116,2,Ho,61.37115,0.8639533,62.23426
JVASP-79116,3,Ho,39.842587,0.8639533,40.7057
JVASP-79116,4,Ho,39.842587,0.8639533,40.7057
JVASP-79116,5,Ho,61.37115,0.8639533,62.23426
JVASP-79116,6,Sb,89.873405,2.4610279,92.20169
JVASP-79116,7,Sb,89.873405,2.4610279,92.20169
JVASP-28348,0,V,50.44807,0.2947909,50.15384
JVASP-28348,1,Te,205.33502,5.8459806,199.6983
JVASP-28348,2,Te,205.33502,5.8459806,199.6983
JVASP-14172,0,V,101.30201,0.44978327,101.52165
JVASP-14172,1,V,15.237001,0.25927207,15.204077
JVASP-14172,2,V,15.235558,0.25927207,15.060194
JVASP-14172,3,V,15.235558,0.25927207,15.060194
JVASP-14172,4,V,15.237001,0.25927207,15.204077
JVASP-14172,5,Te,140.5707,5.9234195,142.66808
JVASP-14172,6,Te,140.57047,5.9234195,137.23299
JVASP-14172,7,Te,140.57047,5.9234195,137.23299
JVASP-14172,8,Te,140.5707,5.9234195,142.66808
JVASP-19598,0,V,10.101014,0.18651891,10.266971
JVASP-19598,1,V,10.101014,0.18651891,10.266971
JVASP-19598,2,V,17.694637,0.10672492,17.787394
JVASP-19598,3,Te,60.03056,6.0714154,61.976227
JVASP-19598,4,Te,60.03056,6.0714154,61.976227
JVASP-19598,5,Te,50.801586,6.453884,51.935184
JVASP-19598,6,Te,50.801586,6.453884,51.935184
JVASP-16211,0,V,101.30201,0.44977427,101.521645
JVASP-16211,1,V,15.235551,0.25926518,15.202647
JVASP-16211,2,V,15.235903,0.25926518,15.060529
JVASP-16211,3,V,15.235903,0.25926518,15.060529
JVASP-16211,4,V,15.235551,0.25926518,15.202647
JVASP-16211,5,Te,140.56229,5.9233217,142.65974
JVASP-16211,6,Te,140.56311,5.9233236,137.2255
JVASP-16211,7,Te,140.56311,5.9233236,137.2255
JVASP-16211,8,Te,140.56229,5.9233217,142.65974
JVASP-7721,0,V,56.213085,0.3102582,55.974503
JVASP-7721,1,V,50.337967,0.0914039,50.307476
JVASP-7721,2,V,50.337967,0.0914039,50.307476
JVASP-7721,3,Te,216.6496,5.482954,211.71745
JVASP-7721,4,Te,216.6496,5.482954,211.71745
JVASP-7721,5,Te,143.21266,5.8466716,141.70119
JVASP-7721,6,Te,143.21266,5.8466716,141.70119
JVASP-7721,7,Te,184.97551,5.9385743,186.09732
JVASP-7721,8,Te,184.97551,5.9385743,186.09732
JVASP-15943,0,V,1.795496,0.121042386,1.8382127
JVASP-15943,1,V,1.795496,0.121042386,1.8382127
JVASP-15943,2,Te,40.622746,5.5934854,35.258465
JVASP-15943,3,Te,40.622746,5.5934854,35.258465
JVASP-573,0,V,41.327385,0.29045925,41.03777
JVASP-573,1,Te,145.12614,6.218,139.12344
JVASP-573,2,Te,145.12614,6.218,139.12344
JVASP-17421,0,Nd,18.221346,0.11724875,18.105291
JVASP-17421,1,Nd,18.221346,0.11724875,18.105291
JVASP-17421,2,Al,2.6788144,0.36792988,3.0084436
JVASP-17421,3,Al,2.6788144,0.36792988,3.0182676
JVASP-17421,4,Al,2.6793215,0.36792937,2.938003
JVASP-17421,5,Al,2.6793215,0.36792937,2.938003
JVASP-17421,6,Al,2.6788144,0.36792988,3.0182676
JVASP-17421,7,Al,2.6788144,0.36792988,3.0084436
JVASP-13751,0,Al,2.334716,0.23819183,2.206539
JVASP-13751,1,Al,14.529949,0.29736164,14.359265
JVASP-13751,2,Al,14.529949,0.29736164,14.359265
JVASP-13751,3,Al,2.334716,0.23819183,2.206539
JVASP-13751,4,Nd,67.44585,0.04301228,67.43055
JVASP-20470,0,Al,2.334716,0.23819183,2.206539
JVASP-20470,1,Al,14.529949,0.29736164,14.359265
JVASP-20470,2,Al,14.529949,0.29736164,14.359265
JVASP-20470,3,Al,2.334716,0.23819183,2.206539
JVASP-20470,4,Nd,67.44585,0.04301228,67.43055
JVASP-38564,0,Nd,170.153,0.089512445,170.18974
JVASP-38564,1,Nd,170.153,0.089512445,170.20378
JVASP-38564,2,Nd,170.153,0.089512445,170.06548
JVASP-38564,3,Al,0.0,0.453449,0.453449
JVASP-61788,0,Al,2.8993444,0.3679741,3.233878
JVASP-61788,1,Al,2.8993444,0.3679741,3.24303
JVASP-61788,2,Al,2.8966367,0.36794925,3.1650295
JVASP-61788,3,Al,2.8993444,0.3679741,3.233878
JVASP-61788,4,Al,2.8993444,0.3679741,3.24303
JVASP-61788,5,Al,2.8966367,0.36794925,3.1650295
JVASP-61788,6,Nd,18.913746,0.11724971,18.79769
JVASP-61788,7,Nd,18.913746,0.11724971,18.79769
JVASP-63362,0,Nd,18.71002,0.11722848,18.593985
JVASP-63362,1,Nd,18.71002,0.11722848,18.593985
JVASP-63362,2,Al,2.8770113,0.36807188,3.2105136
JVASP-63362,3,Al,2.8767114,0.36807168,3.1429648
JVASP-63362,4,Al,2.8769207,0.36807188,3.2196596
JVASP-63362,5,Al,2.8770113,0.36807188,3.2105136
JVASP-63362,6,Al,2.8767114,0.36807168,3.1429648
JVASP-63362,7,Al,2.8769207,0.36807188,3.2196596
JVASP-16851,0,Nd,0.0,0.03927631,0.03927631
JVASP-16851,1,Al,0.0,0.51082236,0.51082236
JVASP-231,0,Se,116.579994,4.168366,113.04239
JVASP-231,1,Se,112.2907,4.1681437,108.75407
JVASP-231,2,Mo,85.74919,0.24123436,85.96371
JVASP-28377,0,Mo,86.87727,0.24106836,87.117775
JVASP-28377,1,Mo,86.87727,0.24106836,87.117775
JVASP-28377,2,Se,117.26198,4.2368445,113.13064
JVASP-28377,3,Se,117.26198,4.2368445,113.13064
JVASP-28377,4,Se,117.26198,4.2368445,113.13064
JVASP-28377,5,Se,117.26198,4.2368445,113.13064
JVASP-28414,0,Mo,86.48699,0.24151206,86.72796
JVASP-28414,1,Mo,86.48699,0.24151206,86.72796
JVASP-28414,2,Se,122.87008,3.0946133,119.858696
JVASP-28414,3,Se,113.729805,4.17311,109.66085
JVASP-28414,4,Se,113.729805,4.17311,109.66085
JVASP-28414,5,Se,122.87008,3.0946133,119.858696
JVASP-28514,0,Mo,86.74746,0.24114537,86.988045
JVASP-28514,1,Mo,86.60171,0.24147397,86.84263
JVASP-28514,2,Mo,86.60171,0.24146804,86.84263
JVASP-28514,3,Se,114.58223,4.174309,110.51207
JVASP-28514,4,Se,113.85106,4.173936,109.78128
JVASP-28514,5,Se,122.95581,3.0960145,119.94305
JVASP-28514,6,Se,114.58182,4.174309,110.51166
JVASP-28514,7,Se,122.95704,3.0960197,119.94427
JVASP-28514,8,Se,113.851875,4.1739407,109.78209
JVASP-57,0,Mo,87.03405,0.24107744,87.27457
JVASP-57,1,Mo,87.03405,0.24107744,87.27457
JVASP-57,2,Se,114.835754,4.180083,110.75993
JVASP-57,3,Se,114.835754,4.180083,110.75993
JVASP-57,4,Se,114.835754,4.180083,110.75993
JVASP-57,5,Se,114.835754,4.180083,110.75993
JVASP-56,0,Mo,86.871155,0.24230385,87.11293
JVASP-56,1,Mo,86.871155,0.24230385,87.11293
JVASP-56,2,Se,121.43672,3.0828702,118.43693
JVASP-56,3,Se,121.43672,3.0828702,118.43693
JVASP-56,4,Se,121.43672,3.0828702,118.43693
JVASP-56,5,Se,121.43672,3.0828702,118.43693
JVASP-58,0,Mo,88.0763,0.25000566,88.326
JVASP-58,1,Mo,88.0763,0.25000566,88.326
JVASP-58,2,Se,117.72248,3.8842869,113.93697
JVASP-58,3,Se,117.72248,3.8842869,113.93697
JVASP-58,4,Se,117.72248,3.8842869,113.93697
JVASP-58,5,Se,117.72248,3.8842869,113.93697
JVASP-36373,0,Ca,52.923676,0.07295903,52.99051
JVASP-36373,1,C,91.95221,1.4944602,93.44242
JVASP-36373,2,C,91.95221,1.4944602,93.44242
JVASP-36375,0,Ca,65.35973,0.17299218,65.508385
JVASP-36375,1,C,45.540913,1.868244,47.408955
JVASP-36375,2,C,45.540913,1.868244,47.408955
JVASP-51697,0,Ca,18.089819,0.35821006,18.308733
JVASP-51697,1,Ca,18.089819,0.35821006,18.308733
JVASP-51697,2,C,93.99761,1.3634324,94.37986
JVASP-51697,3,C,93.99761,1.3634324,94.37986
JVASP-51697,4,C,93.996,1.3634284,94.37787
JVASP-51697,5,C,93.996,1.3634284,94.37787
JVASP-52602,0,Ca,18.341911,0.3578783,18.494278
JVASP-52602,1,Ca,18.341911,0.3578783,18.494278
JVASP-52602,2,C,94.071045,1.3634943,93.248764
JVASP-52602,3,C,94.071045,1.3634943,93.248764
JVASP-52602,4,C,94.071045,1.3634943,93.248764
JVASP-52602,5,C,94.071045,1.3634943,93.248764
JVASP-7816,0,C,96.24477,1.5119914,96.39203
JVASP-7816,1,C,96.244255,1.5119919,96.303856
JVASP-7816,2,C,96.244255,1.5119919,96.303856
JVASP-7816,3,C,96.24477,1.5119914,96.39203
JVASP-7816,4,Ca,21.257172,0.22162989,21.443132
JVASP-7816,5,Ca,21.257172,0.22162989,21.443132
JVASP-8004,0,Ca,52.203526,0.29558957,51.911575
JVASP-8004,1,Ca,52.203526,0.29558957,51.911575
JVASP-8004,2,C,99.41826,1.342128,100.75168
JVASP-8004,3,C,99.41826,1.342128,100.75168
JVASP-8004,4,C,99.41826,1.342128,100.75168
JVASP-8004,5,C,99.41826,1.342128,100.75168
JVASP-8195,0,C,93.642555,1.3386972,93.360176
JVASP-8195,1,C,93.642555,1.3386972,93.360176
JVASP-8195,2,C,97.14662,1.339398,97.95795
JVASP-8195,3,C,97.14662,1.339398,97.95795
JVASP-8195,4,Ca,21.037483,0.33361402,21.036806
JVASP-8195,5,Ca,21.037483,0.33361402,21.036806
JVASP-25353,0,Os,0.04294182,0.81442523,0.7945987
JVASP-14744,0,Os,73.174835,0.8219171,73.97455
JVASP-14744,1,Os,73.174835,0.8219171,73.97455
JVASP-84876,0,Os,74.218315,0.82652545,75.0231
JVASP-84876,1,Os,74.218315,0.82652545,75.0231
JVASP-84975,0,Os,72.70454,0.8214421,73.50379
JVASP-84975,1,Os,72.70494,0.8214421,73.5042
JVASP-951,0,Os,73.55655,0.824121,74.35864
JVASP-951,1,Os,73.55655,0.824121,74.35864
JVASP-952,0,Os,73.173195,0.82191664,73.97291
JVASP-952,1,Os,73.173195,0.82191664,73.97291
JVASP-953,0,Os,76.87642,0.833072,77.6884
JVASP-953,1,Os,76.876015,0.833072,77.68799
JVASP-11993,0,Nb,34.003815,0.1888717,33.82924
JVASP-11993,1,Nb,11.546895,0.1888717,11.37247
JVASP-11993,2,Nb,11.546895,0.1888717,11.37247
JVASP-11993,3,Ni,12.507097,0.86656994,13.372459
JVASP-11991,0,Nb,0.0,0.049990155,0.049990155
JVASP-11991,1,Ni,13.869011,0.53623164,13.605573
JVASP-11991,2,Ni,13.869012,0.53623164,14.405203
JVASP-11991,3,Ni,13.869011,0.53623164,13.612111
JVASP-19717,0,Nb,40.023327,0.05707303,39.991653
JVASP-19717,1,Nb,40.023327,0.05707303,39.991653
JVASP-19717,2,Ni,62.7468,0.6234867,62.12677
JVASP-19717,3,Ni,62.7468,0.6234867,62.12677
JVASP-19717,4,Ni,7.752282,0.6077811,7.3310995
JVASP-19717,5,Ni,7.752282,0.6077811,7.3310995
JVASP-19717,6,Ni,7.752282,0.6077811,7.330061
JVASP-19717,7,Ni,7.752282,0.6077811,7.330061
JVASP-11953,0,Ni,6.235103,0.5605669,6.5416636
JVASP-11953,1,Ni,60.22494,0.5605669,60.515316
JVASP-11953,2,Ni,6.235103,0.5605669,6.5416636
JVASP-11953,3,Nb,8.40995,0.05293103,8.421434
JVASP-11995,0,Nb,20.652466,0.05570143,20.69666
JVASP-11995,1,Nb,20.652466,0.05570143,20.601427
JVASP-11995,2,Nb,20.652466,0.05570143,20.659424
JVASP-11995,3,Ni,0.0,1.1159265,1.1159265
JVASP-11955,0,Nb,40.0316,0.0570934,39.9999
JVASP-11955,1,Nb,40.0316,0.0570934,39.9999
JVASP-11955,2,Ni,62.754135,0.62347543,62.134125
JVASP-11955,3,Ni,62.754135,0.62347543,62.134125
JVASP-11955,4,Ni,7.7502384,0.6077765,7.329173
JVASP-11955,5,Ni,7.7502384,0.6077765,7.329173
JVASP-11955,6,Ni,7.7502384,0.6077765,7.328136
JVASP-11955,7,Ni,7.7502384,0.6077765,7.328136
JVASP-16584,0,Nb,8.578114,0.052931014,8.602836
JVASP-16584,1,Nb,8.578114,0.052931014,8.602836
JVASP-16584,2,Ni,6.0975966,0.5605667,6.65812
JVASP-16584,3,Ni,60.205193,0.5605667,60.765713
JVASP-16584,4,Ni,6.0975966,0.5605667,6.65812
JVASP-16584,5,Ni,6.0975966,0.5605667,6.65812
JVASP-16584,6,Ni,60.205193,0.5605667,60.765713
JVASP-16584,7,Ni,6.0975966,0.5605667,6.65812
JVASP-5599,0,Te,103.43318,4.582023,107.350876
JVASP-5599,1,Te,103.43318,4.582023,107.350876
JVASP-5599,2,Hf,86.99911,0.45738888,86.59372
JVASP-5599,3,Hf,86.99911,0.45738888,86.59372
JVASP-5599,4,Hf,238.83983,0.44212082,238.44814
JVASP-219,0,Hf,115.88251,0.46164328,116.34307
JVASP-219,1,Te,25.635544,6.595852,19.3206
JVASP-219,2,Te,25.635544,6.595852,19.3206
JVASP-18506,0,Te,103.43771,4.581986,107.35538
JVASP-18506,1,Te,103.43771,4.581986,107.35538
JVASP-18506,2,Hf,87.00496,0.45739114,86.59955
JVASP-18506,3,Hf,87.00496,0.45739114,86.59955
JVASP-18506,4,Hf,238.84628,0.44212037,238.45459
JVASP-18887,0,Hf,115.86453,0.46164227,116.32511
JVASP-18887,1,Te,25.457546,6.594735,19.14446
JVASP-18887,2,Te,25.457546,6.594735,19.14446
JVASP-16868,0,Te,100.84666,5.3896685,104.34965
JVASP-16868,1,Te,100.84689,5.3896685,101.37727
JVASP-16868,2,Te,100.84689,5.3896685,101.37727
JVASP-16868,3,Te,100.84666,5.3896685,104.34965
JVASP-16868,4,Hf,106.20419,0.45991,106.614
JVASP-16868,5,Hf,106.202774,0.45991,105.9419
JVASP-16868,6,Hf,106.202774,0.45991,105.9419
JVASP-16868,7,Hf,106.20419,0.45991,106.614
JVASP-16868,8,Hf,281.26907,0.43037847,281.11115
JVASP-28444,0,Hf,74.83391,0.43351176,75.07911
JVASP-28444,1,Hf,74.8336,0.43351254,75.07882
JVASP-28444,2,Te,644.9316,4.9836254,642.0138
JVASP-28444,3,Te,644.9316,4.9836273,642.0138
JVASP-28444,4,Te,90.50822,5.786942,85.28955
JVASP-28444,5,Te,90.50822,5.7869444,85.28954
JVASP-28444,6,Te,645.86035,5.0339513,642.09015
JVASP-28444,7,Te,645.86035,5.033951,642.09015
JVASP-18007,0,Pb,0.0,1.1409568,1.1409568
JVASP-18007,1,Se,0.0,4.4510574,4.4510574
JVASP-21,0,Se,0.0,1.2451272,1.2451272
JVASP-21,1,Pb,0.0028284274,1.1764599,1.1750722
JVASP-1116,0,Se,0.0,1.1810651,1.1810651
JVASP-1116,1,Pb,0.0038297083,1.2072113,1.2093661
JVASP-37705,0,Pb,28.7219,1.0868709,27.893177
JVASP-37705,1,Pb,28.7219,1.086871,27.893177
JVASP-37705,2,Se,579.61975,3.16415,577.9385
JVASP-37705,3,Se,579.61975,3.1641471,577.9385
JVASP-37705,4,Se,579.61975,3.1641426,577.9554
JVASP-37705,5,Se,579.61975,3.1641414,577.9554
JVASP-79490,0,Pb,204.2554,1.0102156,203.28093
JVASP-79490,1,Pb,204.2554,1.0102156,203.28093
JVASP-79490,2,Pb,204.2554,1.0102156,203.28093
JVASP-79490,3,Pb,204.2554,1.0102156,203.28093
JVASP-79490,4,Se,13.250777,3.4949121,15.325171
JVASP-79490,5,Se,13.250777,3.4949121,15.325171
JVASP-79490,6,Se,13.250777,3.4949121,15.325171
JVASP-79490,7,Se,13.250777,3.4949121,15.325171
JVASP-8506,0,Pb,275.79434,1.0925674,276.62924
JVASP-8506,1,Pb,275.79434,1.0925674,276.62924
JVASP-8506,2,Pb,275.79434,1.0925674,276.62924
JVASP-8506,3,Pb,275.79434,1.0925674,276.62924
JVASP-8506,4,Pb,275.79434,1.0925674,276.62924
JVASP-8506,5,Pb,275.79434,1.0925674,276.62924
JVASP-8506,6,Pb,275.79434,1.0925674,276.62924
JVASP-8506,7,Pb,275.79434,1.0925674,276.62924
JVASP-8506,8,Se,20.593351,1.8117087,22.35349
JVASP-8506,9,Se,20.593351,1.8117087,22.35343
JVASP-8506,10,Se,20.593351,1.8117087,22.35349
JVASP-8506,11,Se,20.593351,1.8117087,22.35343
JVASP-8506,12,Se,20.593351,1.8117087,22.35349
JVASP-8506,13,Se,20.593351,1.8117087,22.35343
JVASP-8506,14,Se,20.593351,1.8117087,22.35349
JVASP-8506,15,Se,20.593351,1.8117087,22.35343
JVASP-36417,0,Ta,0.0,0.6899681,0.6899681
JVASP-36417,1,C,0.0,0.5075851,0.5075851
JVASP-36405,0,Ta,436.0067,0.5685768,436.57083
JVASP-36405,1,C,3.1410625,0.6196454,2.5315108
JVASP-36420,0,Ta,0.0,0.41266444,0.41266444
JVASP-36420,1,C,0.0,0.9914752,0.9914752
JVASP-15733,0,Ta,96.92835,0.6243298,97.54935
JVASP-15733,1,Ta,96.92835,0.6243298,97.54935
JVASP-15733,2,C,0.1971852,0.5365834,0.34874022
JVASP-20073,0,C,0.0,1.1768439,1.1768439
JVASP-20073,1,Ta,0.02293469,0.4379879,0.44596797
JVASP-35395,0,Ta,295.1186,0.483515,295.28854
JVASP-35395,1,Ta,295.1186,0.483515,295.4249
JVASP-35395,2,Ta,295.11862,0.483515,294.64297
JVASP-35395,3,Ta,0.0,0.6100171,0.6100171
JVASP-35395,4,C,6.564633,0.7874109,6.920857
JVASP-35395,5,C,6.564633,0.7874109,7.0571895
JVASP-35395,6,C,6.564633,0.7874109,5.782826
JVASP-14107,0,Cu,66.52268,2.5960727,66.29344
JVASP-14107,1,Br,364.1957,4.7721753,363.6363
JVASP-14107,2,Br,364.1957,4.7721753,363.6363
JVASP-1948,0,Cu,0.017944358,1.9997368,1.98675
JVASP-1948,1,Br,0.0014142137,0.33442056,0.33439577
JVASP-5176,0,Cu,7.2096653,2.2154827,9.421722
JVASP-5176,1,Cu,7.2096653,2.2154827,9.421722
JVASP-5176,2,Br,127.52534,5.2512283,132.63976
JVASP-5176,3,Br,127.52534,5.2512283,132.63976
JVASP-56484,0,Cu,0.0,0.80474263,0.80474263
JVASP-56484,1,Cu,0.0,0.80474263,0.80474263
JVASP-56484,2,Cu,0.0,0.80474263,0.80474263
JVASP-56484,3,Cu,0.0,0.80474263,0.80474263
JVASP-56484,4,Br,0.0,6.590939,6.590939
JVASP-56484,5,Br,0.0,6.590939,6.590939
JVASP-56484,6,Br,0.0,6.590939,6.590939
JVASP-56484,7,Br,0.0,6.590939,6.590939
JVASP-8582,0,Cu,86.97771,2.7091603,84.272896
JVASP-8582,1,Cu,86.97771,2.7091603,84.272896
JVASP-8582,2,Br,330.25613,6.280627,324.13467
JVASP-8582,3,Br,330.25613,6.280627,324.13467
JVASP-8762,0,Cu,1.1594251,1.9997357,0.8749948
JVASP-8762,1,Cu,1.1594251,1.9997357,0.8749948
JVASP-8762,2,Br,5.2647696,0.3344731,4.99112
JVASP-8762,3,Br,5.2647696,0.3344731,4.99112
JVASP-13771,0,Ce,176.43184,0.23388523,176.1987
JVASP-13771,1,Pd,129.86404,1.5198292,129.92612
JVASP-13771,2,Pd,95.4162,1.3902154,96.80574
JVASP-13771,3,Pd,95.4162,1.3902154,96.80574
JVASP-13771,4,Pd,129.86404,1.5198292,129.93152
JVASP-13771,5,Pd,129.86467,1.5198294,129.95343
JVASP-20391,0,Ce,0.0,0.25582564,0.25582564
JVASP-20391,1,Pd,79.36755,1.252006,78.79928
JVASP-20391,2,Pd,79.36755,1.252006,78.70007
JVASP-20391,3,Pd,79.36755,1.252006,80.61825
JVASP-35736,0,Ce,39.858143,0.18851465,40.045216
JVASP-35736,1,Ce,39.858143,0.18851465,40.045216
JVASP-35736,2,Pd,68.12007,1.6030691,68.843
JVASP-35736,3,Pd,68.12007,1.6030691,68.843
JVASP-18177,0,Ce,176.43184,0.23388869,176.1987
JVASP-18177,1,Pd,129.86455,1.5198493,129.95326
JVASP-18177,2,Pd,95.4113,1.3901899,96.80082
JVASP-18177,3,Pd,95.4113,1.3901899,96.80082
JVASP-18177,4,Pd,129.86548,1.5198492,129.93289
JVASP-18177,5,Pd,129.86548,1.5198492,129.92749
JVASP-78829,0,Ce,299.71057,0.15353598,299.8637
JVASP-78829,1,Ce,299.71057,0.15353598,299.8637
JVASP-78829,2,Pd,184.35432,1.5883205,182.7661
JVASP-78829,3,Pd,184.35432,1.5883205,182.7661
JVASP-78829,4,Pd,184.35432,1.5883205,182.7661
JVASP-78829,5,Pd,184.35432,1.5883205,182.7661
JVASP-78965,0,Ce,0.0,0.2556663,0.2556663
JVASP-78965,1,Pd,79.246704,1.2519073,78.57932
JVASP-78965,2,Pd,79.24671,1.2519073,80.4973
JVASP-78965,3,Pd,79.246704,1.2519073,78.67844
JVASP-15069,0,Yb,0.0,1.042519,1.042519
JVASP-15069,1,Au,0.0,1.5751151,1.5751151
JVASP-19803,0,Yb,29.464998,1.0711427,30.149195
JVASP-19803,1,Au,147.02385,1.6107535,148.0027
JVASP-19803,2,Au,147.02385,1.6107535,148.0027
JVASP-14272,0,Yb,34.79471,1.148967,34.496235
JVASP-14272,1,Au,81.229,1.796996,82.54476
JVASP-14272,2,Au,81.229,1.796996,82.54476
JVASP-14272,3,Au,81.2269,1.7969961,79.95681
JVASP-14272,4,Au,81.2269,1.7969961,79.95681
JVASP-16453,0,Yb,34.791046,1.14896,34.49264
JVASP-16453,1,Au,81.231575,1.797002,82.54739
JVASP-16453,2,Au,81.231575,1.797002,82.54739
JVASP-16453,3,Au,81.23233,1.797002,79.96226
JVASP-16453,4,Au,81.23233,1.797002,79.96226
JVASP-37500,0,Yb,46.05857,1.1864413,47.243507
JVASP-37500,1,Yb,46.05857,1.1864413,47.243507
JVASP-37500,2,Au,146.22057,1.8150735,146.47882
JVASP-37500,3,Au,146.22014,1.8150734,145.9229
JVASP-37500,4,Au,146.22057,1.8150735,146.42708
JVASP-37500,5,Au,146.22057,1.8150735,146.47882
JVASP-37500,6,Au,146.22017,1.8150734,145.92294
JVASP-37500,7,Au,146.22057,1.8150735,146.42708
JVASP-62426,0,Yb,45.69286,1.2320043,44.46165
JVASP-62426,1,Yb,45.69286,1.2320043,44.46165
JVASP-62426,2,Au,144.88423,1.8559248,146.62543
JVASP-62426,3,Au,144.88423,1.8559248,146.62547
JVASP-62426,4,Au,144.88423,1.8559248,146.62543
JVASP-62426,5,Au,144.88423,1.8559248,146.62547
JVASP-62426,6,Au,242.13129,1.8463479,240.28793
JVASP-62426,7,Au,242.13129,1.8463479,240.28793
JVASP-28372,0,Ga,210.36871,1.0507367,211.36989
JVASP-28372,1,Ga,210.36871,1.0507367,211.36989
JVASP-28372,2,P,26.793335,2.053484,24.789145
JVASP-28372,3,P,26.793335,2.053484,24.789145
JVASP-1393,0,P,0.0,2.5112884,2.5112884
JVASP-1393,1,Ga,0.0040824832,0.71157914,0.7136652
JVASP-39523,0,Ga,43.335793,0.25279948,43.254894
JVASP-39523,1,Ga,43.335793,0.25279948,43.254894
JVASP-39523,2,P,54.136593,1.8877738,55.365303
JVASP-39523,3,P,54.136593,1.8877738,55.365303
JVASP-78755,0,Ga,19.67022,0.2038736,19.580328
JVASP-78755,1,P,67.2336,2.0321143,65.24099
JVASP-79624,0,Ga,3.664437,0.71082205,4.31011
JVASP-79624,1,Ga,3.664437,0.71082205,4.31011
JVASP-79624,2,P,5.7832456,2.5098698,8.25762
JVASP-79624,3,P,5.7832456,2.5098698,8.25762
JVASP-8184,0,Ga,3.6742356,0.7107684,4.3197193
JVASP-8184,1,Ga,3.6742356,0.7107684,4.3197193
JVASP-8184,2,P,5.7652826,2.5098174,8.239638
JVASP-8184,3,P,5.7652826,2.5098174,8.239638
JVASP-47210,0,Ba,31.361021,0.10733555,31.430258
JVASP-47210,1,Ca,9.160667,0.20887248,9.136636
JVASP-47210,2,I,181.54169,2.9561646,182.07478
JVASP-47210,3,I,181.09671,2.9557269,181.63385
JVASP-47210,4,I,192.42145,2.862149,191.08931
JVASP-47210,5,I,192.09787,2.8630595,190.76616
JVASP-50613,0,Ba,14.656978,0.059017386,14.623416
JVASP-50613,1,Ca,8.770177,0.32667887,8.908625
JVASP-50613,2,I,55.64344,3.5575323,53.423462
JVASP-50613,3,I,43.015995,5.1529355,46.36396
JVASP-50613,4,I,43.015995,5.1529355,46.36396
JVASP-50613,5,I,55.64344,3.5575323,53.423462
JVASP-50615,0,Ba,8.077192,0.10708676,8.15204
JVASP-50615,1,Ca,0.59645116,0.20385978,0.41111404
JVASP-50615,2,Ca,0.59645116,0.20385978,0.41111404
JVASP-50615,3,I,160.38449,2.8598795,160.33972
JVASP-50615,4,I,160.38449,2.8598795,160.33972
JVASP-50615,5,I,160.38481,2.8598824,159.97618
JVASP-50615,6,I,160.38481,2.8598824,159.97618
JVASP-50615,7,I,160.38481,2.8598824,159.98537
JVASP-50615,8,I,160.38481,2.8598824,159.98537
JVASP-50812,0,Ba,68.50965,0.10760621,68.40555
JVASP-50812,1,Ca,12.421053,0.21170753,12.500982
JVASP-50812,2,I,74.65993,2.9671254,76.58654
JVASP-50812,3,I,95.13866,2.859208,93.88351
JVASP-50812,4,I,74.674324,2.9663262,76.59574
JVASP-50812,5,I,94.969925,2.8602383,93.71422
JVASP-52288,0,Ba,12.119113,0.10681669,12.193555
JVASP-52288,1,Ba,12.119121,0.1068165,12.193554
JVASP-52288,2,Ca,6.85124,0.20597683,7.0454016
JVASP-52288,3,I,197.19402,2.9872103,196.75638
JVASP-52288,4,I,197.25381,2.987304,196.81519
JVASP-52288,5,I,197.19519,2.9871805,196.74942
JVASP-52288,6,I,197.25475,2.9872813,196.80797
JVASP-52288,7,I,197.09358,2.9871683,196.34084
JVASP-52288,8,I,197.24008,2.9872556,196.4869
JVASP-12162,0,Ba,63.461388,0.10675806,63.386066
JVASP-12162,1,Ca,7.80662,0.20821461,7.796736
JVASP-12162,2,I,71.629654,2.9739857,74.36761
JVASP-12162,3,I,100.741066,2.8250191,99.20017
JVASP-12162,4,I,100.741066,2.8250191,99.20017
JVASP-12162,5,I,71.629654,2.9739857,74.36761
JVASP-18031,0,Ba,0.0,0.21438818,0.21438818
JVASP-18031,1,Pb,0.0,1.315993,1.315993
JVASP-18031,2,O,164.05702,1.4870032,164.91106
JVASP-18031,3,O,164.05702,1.4870032,162.57558
JVASP-18031,4,O,164.05702,1.4870032,164.69447
JVASP-18522,0,Ba,171.68718,0.23573817,171.57776
JVASP-18522,1,Ba,171.68718,0.23573817,171.56154
JVASP-18522,2,Ba,171.6872,0.23573817,171.92252
JVASP-18522,3,Pb,0.0,0.93880874,0.93880874
JVASP-18522,4,O,0.0,1.0781776,1.0781776
JVASP-12308,0,O,158.55934,1.2902303,158.29561
JVASP-12308,1,O,158.55934,1.2902303,158.29561
JVASP-12308,2,O,162.26382,1.380611,162.89691
JVASP-12308,3,O,162.26382,1.380611,162.89691
JVASP-12308,4,O,162.27457,1.3804,161.9326
JVASP-12308,5,O,162.27457,1.3804,161.9326
JVASP-12308,6,Ba,77.751686,0.26406652,77.69274
JVASP-12308,7,Ba,77.751686,0.26406652,77.69274
JVASP-12308,8,Pb,25.02961,1.3096437,24.023363
JVASP-12308,9,Pb,25.025486,1.3096437,25.265623
JVASP-12352,0,O,158.86882,1.3829055,159.49754
JVASP-12352,1,O,158.86865,1.3829048,158.61678
JVASP-12352,2,O,158.86865,1.3829048,158.61678
JVASP-12352,3,O,158.86882,1.3829055,159.49754
JVASP-12352,4,O,167.71658,1.4433312,167.38869
JVASP-12352,5,O,167.71658,1.4433312,167.38869
JVASP-12352,6,Ba,113.7565,0.25179338,113.81875
JVASP-12352,7,Ba,113.7565,0.25179338,113.81875
JVASP-12352,8,Pb,34.58859,1.3126733,34.45627
JVASP-12352,9,Pb,34.58859,1.3126733,34.45627
JVASP-12417,0,O,162.26619,1.3803984,161.89679
JVASP-12417,1,O,162.2666,1.3803984,162.93181
JVASP-12417,2,O,162.26619,1.3803984,161.89679
JVASP-12417,3,O,162.2666,1.3803984,162.93181
JVASP-12417,4,O,158.55736,1.2904867,158.28831
JVASP-12417,5,O,158.55736,1.2904867,158.28831
JVASP-12417,6,Ba,77.696045,0.26404414,77.648186
JVASP-12417,7,Ba,77.696045,0.26404414,77.648186
JVASP-12417,8,Pb,24.96256,1.3096328,25.189182
JVASP-12417,9,Pb,24.963516,1.3096328,23.966488
JVASP-57196,0,Ba,0.0,0.12031222,0.12031222
JVASP-57196,1,Pb,0.0,1.2409139,1.2409139
JVASP-57196,2,O,149.12984,1.3870534,149.70297
JVASP-57196,3,O,149.12984,1.3870534,147.75024
JVASP-57196,4,O,149.12984,1.3870534,149.94592
JVASP-17314,0,Cr,43.241497,0.08940672,43.31582
JVASP-17314,1,Cr,43.241497,0.08940672,43.31582
JVASP-17314,2,As,31.861742,1.9953855,31.997004
JVASP-17314,3,As,31.861742,1.9953855,31.997004
JVASP-17314,4,As,175.94359,2.1933532,174.40533
JVASP-17314,5,As,175.94359,2.1933532,174.40533
JVASP-17750,0,Cr,29.060747,0.38400763,28.682024
JVASP-17750,1,Cr,29.060747,0.38400763,28.682024
JVASP-17750,2,Cr,25.0395,0.32885197,25.366611
JVASP-17750,3,Cr,25.0395,0.32885197,25.366611
JVASP-17750,4,As,14.221739,2.167781,12.144589
JVASP-17750,5,As,14.221739,2.167781,12.144589
JVASP-63414,0,Cr,28.175255,0.18285441,27.993835
JVASP-63414,1,Cr,28.175255,0.18285441,27.993835
JVASP-63414,2,As,27.793135,2.5921874,30.313894
JVASP-63414,3,As,27.793135,2.5921874,30.313894
JVASP-79261,0,Cr,28.791302,0.1828238,28.609922
JVASP-79261,1,Cr,28.791302,0.1828238,28.609922
JVASP-79261,2,As,27.859272,2.59516,30.382969
JVASP-79261,3,As,27.859272,2.59516,30.382969
JVASP-8440,0,Cr,27.379211,0.16098456,27.395517
JVASP-8440,1,Cr,27.379211,0.16098456,27.395517
JVASP-8440,2,Cr,27.379211,0.16098456,27.395565
JVASP-8440,3,Cr,27.379211,0.16098456,27.395565
JVASP-8440,4,As,66.55992,2.5872667,65.90383
JVASP-8440,5,As,66.55992,2.5872667,65.90383
JVASP-8440,6,As,66.55992,2.5872667,65.90962
JVASP-8440,7,As,66.55992,2.5872667,65.90962
JVASP-8510,0,Cr,45.997704,0.44933358,45.98004
JVASP-8510,1,Cr,45.99734,0.4493338,46.072178
JVASP-8510,2,Cr,45.997704,0.44933358,45.969322
JVASP-8510,3,Cr,11.0695915,0.17832613,11.229631
JVASP-8510,4,Cr,11.06804,0.17832613,11.225873
JVASP-8510,5,Cr,11.0695915,0.17832613,11.227238
JVASP-8510,6,As,58.202324,2.275266,60.41054
JVASP-8510,7,As,58.202324,2.275266,60.41054
JVASP-8510,8,As,73.89008,2.3524575,71.613464
JVASP-19672,0,C,9.780977,0.2883288,9.556115
JVASP-19672,1,Y,16.85695,0.10856282,16.78286
JVASP-19672,2,Y,16.85695,0.10856282,16.78286
JVASP-14651,0,C,83.26549,1.5197098,83.83046
JVASP-14651,1,C,83.26549,1.5197098,83.83046
JVASP-14651,2,Y,142.46033,0.13671479,142.5121
JVASP-37003,0,Y,0.0,0.15118675,0.15118675
JVASP-37003,1,C,0.0,0.21779624,0.21779624
JVASP-37004,0,Y,0.0,0.10521715,0.10521715
JVASP-37004,1,C,0.0,0.2376319,0.2376319
JVASP-37005,0,Y,0.0,0.13228507,0.13228507
JVASP-37005,1,C,0.0,0.16086672,0.16086672
JVASP-78352,0,Y,0.0,0.10501694,0.10501694
JVASP-78352,1,Y,0.0,0.10501694,0.10501694
JVASP-78352,2,Y,0.0,0.10501694,0.10501694
JVASP-78352,3,Y,0.0,0.10501694,0.10501694
JVASP-78352,4,C,0.0,0.23776497,0.23776497
JVASP-78352,5,C,0.0,0.23776497,0.23776497
JVASP-78352,6,C,0.0,0.23776497,0.23776497
JVASP-78352,7,C,0.0,0.23776497,0.23776497
JVASP-19909,0,Zn,0.008485282,2.0077357,2.0041592
JVASP-19909,1,Te,0.00081649655,2.0500486,2.0492935
JVASP-1198,0,Zn,0.010392305,2.0866022,2.0926154
JVASP-1198,1,Te,0.002,1.3934658,1.3934578
JVASP-54897,0,Zn,0.078,2.086799,2.108869
JVASP-54897,1,Zn,0.07792304,2.0868006,2.1195457
JVASP-54897,2,Zn,0.07701948,2.0868037,2.1225793
JVASP-54897,3,Te,0.20703301,1.3936063,1.2480975
JVASP-54897,4,Te,0.2067559,1.3936032,1.2105739
JVASP-54897,5,Te,0.20748976,1.3936144,1.3056341
JVASP-79793,0,Zn,9.66739,2.449101,7.279617
JVASP-79793,1,Zn,9.66739,2.449101,7.279617
JVASP-79793,2,Zn,9.66739,2.449101,7.279617
JVASP-79793,3,Zn,9.66739,2.449101,7.279617
JVASP-79793,4,Te,55.253017,5.586917,54.891033
JVASP-79793,5,Te,55.253017,5.586917,54.891033
JVASP-79793,6,Te,55.253017,5.586917,54.891033
JVASP-79793,7,Te,55.253017,5.586917,54.891033
JVASP-8186,0,Zn,0.5070759,2.0897477,1.5893217
JVASP-8186,1,Zn,0.5070759,2.0897477,1.5893217
JVASP-8186,2,Te,17.62653,1.3996711,18.875603
JVASP-8186,3,Te,17.625713,1.3996711,18.874788
JVASP-8200,0,Zn,47.0509,2.83183,47.699566
JVASP-8200,1,Zn,47.051567,2.8318212,48.011574
JVASP-8200,2,Zn,47.051342,2.83183,47.718063
JVASP-8200,3,Te,139.94122,5.265029,140.20248
JVASP-8200,4,Te,139.942,5.2650146,142.31554
JVASP-8200,5,Te,139.94122,5.265029,140.20271
JVASP-34251,0,Sr,103.04435,0.30707508,103.259094
JVASP-34251,1,Sr,103.04435,0.30707508,103.254265
JVASP-34251,2,Hf,12.369107,0.60064,11.768881
JVASP-34251,3,Hf,12.369107,0.60064,11.768881
JVASP-34251,4,O,11.444749,1.4752352,10.176793
JVASP-34251,5,O,11.444749,1.4752352,10.157408
JVASP-34251,6,O,18.256048,1.5340688,19.785957
JVASP-34251,7,O,18.256048,1.5340688,19.785957
JVASP-34251,8,O,11.444749,1.4752352,10.157408
JVASP-34251,9,O,11.444749,1.4752352,10.176793
JVASP-11082,0,O,13.486586,1.4775727,14.101901
JVASP-11082,1,O,13.487058,1.4775727,12.958957
JVASP-11082,2,O,13.486586,1.4775727,14.101901
JVASP-11082,3,O,13.487058,1.4775727,12.958957
JVASP-11082,4,O,15.520575,1.4007508,15.655909
JVASP-11082,5,O,15.520575,1.4007508,15.655909
JVASP-11082,6,Sr,55.035862,0.3268635,54.981213
JVASP-11082,7,Sr,55.035862,0.3268635,54.981213
JVASP-11082,8,Hf,41.766754,0.59977645,41.570873
JVASP-11082,9,Hf,41.763702,0.59977645,41.96621
JVASP-46005,0,Sr,85.87992,0.28516614,86.16507
JVASP-46005,1,Sr,85.87992,0.28516614,86.16507
JVASP-46005,2,Hf,63.44423,0.6049472,62.83963
JVASP-46005,3,O,24.795315,1.55757,24.364008
JVASP-46005,4,O,24.795315,1.55757,24.584314
JVASP-46005,5,O,36.427177,1.690712,38.111637
JVASP-46005,6,O,36.427177,1.690712,38.111637
JVASP-7773,0,Sr,0.00489898,0.26541305,0.26051557
JVASP-7773,1,Hf,0.11430952,0.6049981,0.71924555
JVASP-7773,2,O,24.27526,1.556986,23.435019
JVASP-7773,3,O,24.27526,1.556986,23.64062
JVASP-7773,4,O,24.289143,1.558549,25.843512
JVASP-8061,0,Sr,0.0,0.2647105,0.2647105
JVASP-8061,1,Hf,0.0,0.6047026,0.6047026
JVASP-8061,2,O,24.281792,1.5569953,23.441227
JVASP-8061,3,O,24.281792,1.5569953,25.834604
JVASP-8061,4,O,24.281792,1.5569953,23.646797
JVASP-9433,0,O,12.172784,1.4712386,11.740368
JVASP-9433,1,O,12.1713505,1.4712391,12.13097
JVASP-9433,2,O,12.1713505,1.4712391,12.13097
JVASP-9433,3,O,12.172784,1.4712386,11.740368
JVASP-9433,4,O,19.23291,1.5367556,19.651478
JVASP-9433,5,O,19.23291,1.5367556,19.651478
JVASP-9433,6,Sr,80.25465,0.30982876,80.330894
JVASP-9433,7,Sr,80.25465,0.30982876,80.330894
JVASP-9433,8,Hf,1.5075822,0.600544,1.479792
JVASP-9433,9,Hf,1.5075822,0.600544,1.479792
JVASP-18357,0,Cl,87.13267,1.9734962,88.31742
JVASP-18357,1,Cl,87.131546,1.9734963,85.83318
JVASP-18357,2,Cl,87.13248,1.973496,87.05363
JVASP-18357,3,Cl,87.131546,1.9734963,85.83318
JVASP-18357,4,Cl,87.13267,1.9734962,88.31742
JVASP-18357,5,Cl,87.13248,1.973496,87.05363
JVASP-18357,6,Ti,16.43066,0.21743217,16.299797
JVASP-18357,7,Ti,16.43066,0.21743217,16.299797
JVASP-5764,0,Ti,3.748421,0.17406021,3.6642363
JVASP-5764,1,Ti,3.748421,0.17406021,3.669089
JVASP-5764,2,Ti,3.748421,0.17406021,3.6642363
JVASP-5764,3,Ti,3.748421,0.17406021,3.669089
JVASP-5764,4,Cl,69.16037,1.5811063,69.94707
JVASP-5764,5,Cl,69.16037,1.5811063,69.94715
JVASP-5764,6,Cl,69.16037,1.5811063,69.94707
JVASP-5764,7,Cl,69.16037,1.5811063,69.94715
JVASP-5764,8,Cl,67.73011,1.583859,66.73285
JVASP-5764,9,Cl,67.73011,1.583859,66.72577
JVASP-5764,10,Cl,67.73011,1.583859,66.73285
JVASP-5764,11,Cl,67.73011,1.583859,66.72577
JVASP-5764,12,Cl,68.66113,1.9492307,68.23807
JVASP-5764,13,Cl,68.66113,1.9492307,68.253845
JVASP-5764,14,Cl,68.66113,1.9492307,68.23807
JVASP-5764,15,Cl,68.66113,1.9492307,68.253845
JVASP-5764,16,Cl,68.3734,1.5825045,68.940834
JVASP-5764,17,Cl,68.3734,1.5825045,68.93593
JVASP-5764,18,Cl,68.3734,1.5825045,68.940834
JVASP-5764,19,Cl,68.3734,1.5825045,68.93593
JVASP-5458,0,Ti,21.603275,0.41390228,21.190132
JVASP-5458,1,Cl,22.269943,2.310073,24.51323
JVASP-5458,2,Cl,22.269943,2.310073,24.51323
JVASP-18485,0,Ti,21.605316,0.41389972,21.192177
JVASP-18485,1,Cl,22.276884,2.3101196,24.520231
JVASP-18485,2,Cl,22.276884,2.3101196,24.520231
JVASP-12130,0,Ti,14.318084,0.2174375,14.104489
JVASP-12130,1,Ti,14.318084,0.2174375,14.104489
JVASP-12130,2,Cl,88.82227,1.9754777,88.525276
JVASP-12130,3,Cl,88.82227,1.9754777,88.525276
JVASP-12130,4,Cl,88.82207,1.9754733,88.55167
JVASP-12130,5,Cl,88.82131,1.9754754,89.06812
JVASP-12130,6,Cl,88.82131,1.9754754,89.06812
JVASP-12130,7,Cl,88.82207,1.9754733,88.55167
JVASP-54879,0,Ti,77.50063,0.14613466,77.387245
JVASP-54879,1,Ti,77.50063,0.14613466,77.387245
JVASP-54879,2,Cl,77.4619,2.009666,77.410736
JVASP-54879,3,Cl,77.461975,2.0096653,78.22232
JVASP-54879,4,Cl,77.4619,2.009666,77.410736
JVASP-54879,5,Cl,77.461975,2.0096653,78.22232
JVASP-54879,6,Cl,77.461975,2.0096653,78.205124
JVASP-54879,7,Cl,77.461975,2.0096653,78.205124
JVASP-14102,0,Si,71.65779,0.59936875,72.08752
JVASP-14102,1,Ti,24.982416,0.54488546,25.083183
JVASP-14968,0,Si,44.8393,0.4156522,44.934906
JVASP-14968,1,Si,44.84017,0.41565168,44.461643
JVASP-14968,2,Si,44.84017,0.41565168,44.461643
JVASP-14968,3,Si,44.8393,0.4156522,44.934906
JVASP-14968,4,Ti,19.760994,0.45268306,19.464886
JVASP-14968,5,Ti,19.760994,0.45268306,19.464886
JVASP-15734,0,Ti,9.156309,0.5165154,9.071022
JVASP-15734,1,Ti,9.156309,0.5165154,9.071022
JVASP-15734,2,Ti,9.156309,0.5165154,9.069583
JVASP-15734,3,Ti,9.156309,0.5165154,9.069583
JVASP-15734,4,Si,17.16807,0.56361705,17.05773
JVASP-15734,5,Si,17.16807,0.56361705,17.05773
JVASP-15734,6,Si,17.16807,0.56361705,17.071793
JVASP-15734,7,Si,17.16807,0.56361705,17.071793
JVASP-18243,0,Ti,24.855152,0.54488367,24.945133
JVASP-18243,1,Ti,24.854368,0.5448871,24.944271
JVASP-18243,2,Si,71.68729,0.599367,72.11753
JVASP-18243,3,Si,71.68729,0.599367,72.11753
JVASP-54844,0,Ti,38.807182,0.47953826,38.859756
JVASP-54844,1,Si,31.106524,0.441052,31.091919
JVASP-54844,2,Si,31.106524,0.441052,31.091919
JVASP-79554,0,Ti,24.861082,0.5448726,25.354635
JVASP-79554,1,Ti,24.861082,0.5448726,25.354635
JVASP-79554,2,Si,71.614494,0.59935015,71.18683
JVASP-79554,3,Si,71.614494,0.59935015,71.18683
JVASP-36799,0,Au,693.99915,2.0638752,696.0102
JVASP-36799,1,O,35.68316,2.021761,33.741398
JVASP-36799,2,O,35.68316,2.021761,33.741398
JVASP-36799,3,Pb,214.15508,1.3434004,212.98972
JVASP-36823,0,Pb,254.97108,1.3912836,254.2783
JVASP-36823,1,Pb,232.60617,1.309788,231.72856
JVASP-36823,2,Au,667.2393,2.0604143,668.94434
JVASP-36823,3,Au,667.2393,2.0604143,668.94434
JVASP-36823,4,O,103.324646,2.0271425,102.37677
JVASP-36823,5,O,62.006012,2.2021024,61.254307
JVASP-36823,6,O,103.324646,2.0271425,102.37677
JVASP-36823,7,O,62.006012,2.2021024,61.254307
JVASP-36809,0,Pb,205.39845,1.3381603,204.41194
JVASP-36809,1,Au,705.32294,2.0665164,707.0357
JVASP-36809,2,O,34.544212,2.0301793,32.85745
JVASP-36809,3,O,34.544212,2.0301793,32.85745
JVASP-36847,0,Pb,409.3477,1.3358741,410.16354
JVASP-36847,1,Pb,409.3477,1.3358741,410.16354
JVASP-36847,2,Au,321.75543,1.4219587,321.3544
JVASP-36847,3,Au,635.1457,2.0328531,636.1756
JVASP-36847,4,O,135.9287,1.7034502,136.42564
JVASP-36847,5,O,152.13507,2.0757134,150.68138
JVASP-36847,6,O,152.13507,2.0757134,150.68138
JVASP-36847,7,O,135.9287,1.7034502,136.42564
JVASP-36800,0,Pb,205.44319,1.3361719,204.32335
JVASP-36800,1,Pb,205.44319,1.3361719,204.32335
JVASP-36800,2,Au,702.4867,2.0679705,704.50024
JVASP-36800,3,Au,702.4867,2.0679705,704.50024
JVASP-36800,4,O,35.910744,2.034679,33.88505
JVASP-36800,5,O,35.910744,2.034679,33.88505
JVASP-36800,6,O,35.910744,2.034679,33.88505
JVASP-36800,7,O,35.910744,2.034679,33.88505
JVASP-34756,0,Ta,19.146029,0.5783222,19.722746
JVASP-34756,1,Ta,19.146029,0.5783222,19.722746
JVASP-34756,2,Te,495.7127,5.5808764,491.8042
JVASP-34756,3,Te,495.7127,5.5808764,491.8042
JVASP-34756,4,Te,495.7127,5.5808764,492.6947
JVASP-34756,5,Te,495.7127,5.5808764,491.80783
JVASP-34756,6,Te,495.7127,5.5808764,491.80783
JVASP-34756,7,Te,495.7127,5.5808764,492.6947
JVASP-34756,8,Te,495.7127,5.5808764,492.6983
JVASP-34756,9,Te,495.7127,5.5808764,492.6983
JVASP-29730,0,Ta,157.60017,0.61489236,157.92204
JVASP-29730,1,Ta,157.6163,0.6148941,157.93817
JVASP-29730,2,Ta,108.69481,0.58899885,109.036896
JVASP-29730,3,Te,205.06516,5.607373,199.67497
JVASP-29730,4,Te,205.09026,5.6073604,199.70006
JVASP-29730,5,Te,112.33416,5.9718513,108.08297
JVASP-29730,6,Te,162.6001,5.908813,166.2255
JVASP-29730,7,Te,162.62398,5.9087615,166.24974
JVASP-29730,8,Te,112.34965,5.9717755,108.09795
JVASP-597,0,Te,118.28717,6.0327673,115.4466
JVASP-597,1,Te,118.28816,6.0327673,115.6201
JVASP-597,2,Te,118.28717,6.0327673,115.4466
JVASP-597,3,Te,118.28816,6.0327673,115.6201
JVASP-597,4,Te,96.13426,5.9955,95.477325
JVASP-597,5,Te,96.13426,5.9955,95.477325
JVASP-597,6,Te,230.16985,5.586164,227.20775
JVASP-597,7,Te,230.16884,5.586164,225.35315
JVASP-597,8,Te,230.16985,5.586164,227.20775
JVASP-597,9,Te,162.30426,5.904352,166.52509
JVASP-597,10,Te,162.30426,5.904352,166.52509
JVASP-597,11,Te,152.76797,5.956197,156.68997
JVASP-597,12,Te,152.76775,5.9561973,156.50684
JVASP-597,13,Te,152.76797,5.956197,156.68997
JVASP-597,14,Te,152.76775,5.9561973,156.50684
JVASP-597,15,Te,226.71684,6.0118227,221.00339
JVASP-597,16,Te,226.71684,6.0118227,221.00339
JVASP-597,17,Te,230.16884,5.586164,225.35315
JVASP-597,18,Ta,149.04095,0.6115373,149.33313
JVASP-597,19,Ta,149.0385,0.6115373,149.31421
JVASP-597,20,Ta,149.04095,0.6115373,149.33313
JVASP-597,21,Ta,149.0385,0.6115373,149.31421
JVASP-597,22,Ta,174.36272,0.622934,174.73485
JVASP-597,23,Ta,174.36272,0.622934,174.73485
JVASP-597,24,Ta,80.66225,0.60418934,80.90667
JVASP-597,25,Ta,80.66225,0.60418934,80.90667
JVASP-597,26,Ta,29.844347,0.5829967,29.608627
JVASP-537,0,Ta,108.89449,0.5889919,109.09929
JVASP-537,1,Ta,157.8397,0.61488336,157.9387
JVASP-537,2,Ta,157.8397,0.61488336,157.9387
JVASP-537,3,Te,204.96817,5.6078386,200.36311
JVASP-537,4,Te,204.96817,5.6078386,200.36311
JVASP-537,5,Te,111.30553,5.9720726,106.91138
JVASP-537,6,Te,111.30553,5.9720726,106.91138
JVASP-537,7,Te,162.61249,5.908025,167.30672
JVASP-537,8,Te,162.61249,5.908025,167.30672
JVASP-29355,0,Ta,176.24802,0.5959667,176.72977
JVASP-29355,1,Ta,176.24802,0.5959667,176.72977
JVASP-29355,2,Ta,168.28433,0.5937717,168.73047
JVASP-29355,3,Ta,168.28433,0.5937717,168.73047
JVASP-29355,4,Te,50.166187,5.3904924,51.53594
JVASP-29355,5,Te,50.166187,5.3904924,51.53594
JVASP-29355,6,Te,106.58106,5.3078284,103.24252
JVASP-29355,7,Te,106.58106,5.3078284,103.24252
JVASP-29355,8,Te,146.74042,5.340942,145.2789
JVASP-29355,9,Te,146.74042,5.340942,145.2789
JVASP-2106,0,Tl,123.13324,1.3665365,124.222755
JVASP-2106,1,Tl,123.13324,1.3665365,124.222755
JVASP-2106,2,Tl,123.13324,1.3665365,124.224266
JVASP-2106,3,Tl,123.13324,1.3665365,124.224266
JVASP-2106,4,F,12.669805,2.865989,11.204367
JVASP-2106,5,F,12.669805,2.865989,11.204367
JVASP-2106,6,F,12.669805,2.865989,11.22322
JVASP-2106,7,F,12.669805,2.865989,11.22322
JVASP-22603,0,Tl,124.0765,1.343027,125.28019
JVASP-22603,1,Tl,123.69568,1.3429775,124.90025
JVASP-22603,2,Tl,124.0765,1.343027,125.28019
JVASP-22603,3,Tl,123.69568,1.3429775,124.900246
JVASP-22603,4,F,7.4355245,2.6818023,4.7597136
JVASP-22603,5,F,7.386046,2.6813102,4.7102118
JVASP-22603,6,F,7.386046,2.6813102,4.7101555
JVASP-22603,7,F,7.4355245,2.6818023,4.7598743
JVASP-37399,0,Tl,310.28503,1.3197062,309.07132
JVASP-37399,1,Tl,310.28503,1.3197062,309.07132
JVASP-37399,2,Tl,439.09964,1.3197047,440.31406
JVASP-37399,3,F,23.517553,2.0995235,25.616398
JVASP-79251,0,Tl,123.829056,1.4015684,125.08898
JVASP-79251,1,Tl,123.829056,1.4015684,125.08898
JVASP-79251,2,F,7.323158,2.6791294,4.649754
JVASP-79251,3,F,7.323158,2.6791294,4.649754
JVASP-7988,0,Tl,0.0,1.3457154,1.3457154
JVASP-7988,1,Tl,0.0,1.3457154,1.3457154
JVASP-7988,2,Tl,0.0,1.3457154,1.3457154
JVASP-7988,3,Tl,0.0,1.3457154,1.3457154
JVASP-7988,4,F,0.0,1.4998366,1.4998366
JVASP-7988,5,F,0.0,1.4998366,1.4998366
JVASP-7988,6,F,0.0,1.4998366,1.4998366
JVASP-7988,7,F,0.0,1.4998366,1.4998366
JVASP-30163,0,Bi,403.2056,1.1537751,403.84766
JVASP-30163,1,Bi,403.2056,1.1537751,403.84766
JVASP-30163,2,O,24.98602,0.82534254,24.219738
JVASP-30163,3,O,24.98602,0.82534254,24.219738
JVASP-30163,4,F,17.295847,1.0391833,18.272236
JVASP-30163,5,F,17.295847,1.0391833,18.272236
JVASP-22699,0,Bi,30.78649,1.1405253,31.446796
JVASP-22699,1,Bi,30.78649,1.1405253,31.446796
JVASP-22699,2,O,9.161093,1.437965,10.598562
JVASP-22699,3,O,9.161093,1.437965,10.598562
JVASP-22699,4,F,14.366259,2.4523745,11.913977
JVASP-22699,5,F,14.366259,2.4523745,11.913977
JVASP-8243,0,Bi,30.812132,1.1404917,31.470253
JVASP-8243,1,Bi,30.812132,1.1404917,31.470253
JVASP-8243,2,O,9.145578,1.437921,10.583017
JVASP-8243,3,O,9.145578,1.437921,10.583017
JVASP-8243,4,F,14.371973,2.452364,11.919703
JVASP-8243,5,F,14.371973,2.452364,11.919703
JVASP-8574,0,Bi,252.58649,1.2250783,253.4064
JVASP-8574,1,Bi,252.58649,1.2250783,253.4064
JVASP-8574,2,O,23.346087,1.1980225,22.163364
JVASP-8574,3,O,23.346087,1.1980225,22.163364
JVASP-8574,4,F,34.017696,1.4858149,35.486282
JVASP-8574,5,F,34.017696,1.4858149,35.486282
JVASP-12051,0,Bi,230.07323,1.1091404,230.55383
JVASP-12051,1,Bi,230.07323,1.1091404,230.55383
JVASP-12051,2,Bi,230.07323,1.1091399,230.55383
JVASP-12051,3,Bi,230.07323,1.1091441,230.55385
JVASP-12051,4,Bi,230.07323,1.1091441,230.55385
JVASP-12051,5,Bi,230.07323,1.1091399,230.55383
JVASP-12051,6,O,6.674859,1.3079476,5.391546
JVASP-12051,7,O,6.674859,1.3079476,5.391546
JVASP-12051,8,O,6.6736345,1.3079486,5.390292
JVASP-12051,9,O,6.6736345,1.3079755,5.3902645
JVASP-12051,10,O,6.6736345,1.3079755,5.3902645
JVASP-12051,11,O,6.6736345,1.3079486,5.390292
JVASP-12051,12,F,1.8897815,2.2990396,4.1842575
JVASP-12051,13,F,1.8897815,2.2990396,4.1842575
JVASP-12051,14,F,1.8893731,2.299029,4.183803
JVASP-12051,15,F,1.8897815,2.299029,4.184247
JVASP-12051,16,F,1.8897815,2.299029,4.184247
JVASP-12051,17,F,1.8893731,2.299029,4.183803
JVASP-22700,0,Rb,0.9259092,0.05300027,0.9758145
JVASP-22700,1,Rb,0.9259092,0.05300027,0.9758145
JVASP-22700,2,O,0.9210114,1.0462053,0.1275371
JVASP-50160,0,Rb,0.63870806,0.052733906,0.66507745
JVASP-50160,1,Rb,1.1973599,0.052584395,1.2213856
JVASP-50160,2,Rb,1.1973599,0.052584395,1.2213724
JVASP-50160,3,Rb,0.63870806,0.052733906,0.66503304
JVASP-50160,4,O,0.940889,1.0489548,1.410298
JVASP-50160,5,O,0.940889,1.0489548,1.4118937
JVASP-8148,0,Rb,16.419458,0.0097870715,16.412256
JVASP-8148,1,Rb,16.419458,0.0097870715,16.412256
JVASP-8148,2,Rb,16.419458,0.0097870715,16.412256
JVASP-8148,3,Rb,16.419458,0.0097870715,16.412256
JVASP-8148,4,O,368.27127,2.795505,369.76022
JVASP-8148,5,O,368.27127,2.795505,369.76022
JVASP-8148,6,O,368.27127,2.795505,369.76022
JVASP-8148,7,O,368.27127,2.795505,369.76022
JVASP-8771,0,Rb,35.805702,0.21780013,35.843025
JVASP-8771,1,Rb,35.805702,0.21780013,35.843025
JVASP-8771,2,Rb,35.805702,0.21780013,35.843025
JVASP-8771,3,Rb,35.805702,0.21780013,35.843025
JVASP-8771,4,O,286.1143,2.5405705,287.02197
JVASP-8771,5,O,286.1143,2.5405705,287.02203
JVASP-8771,6,O,286.1143,2.5405705,287.02197
JVASP-8771,7,O,286.1143,2.5405705,287.02203
JVASP-8771,8,O,286.1143,2.5405705,287.02197
JVASP-8771,9,O,286.1143,2.5405705,287.02203
JVASP-8771,10,O,286.1143,2.5405705,287.02197
JVASP-8771,11,O,286.1143,2.5405705,287.02203
JVASP-16737,0,Rb,12.869619,0.06975603,12.923337
JVASP-16737,1,Rb,12.869619,0.06975603,12.923337
JVASP-16737,2,O,280.80542,3.4214811,277.38525
JVASP-16737,3,O,280.80542,3.4214811,277.38525
JVASP-16737,4,O,280.80542,3.4214811,277.38525
JVASP-16737,5,O,280.80542,3.4214811,277.38525
JVASP-17867,0,Np,0.0,0.62847996,0.62847996
JVASP-17867,1,As,0.0,2.3466854,2.3466854
JVASP-17534,0,Np,134.32103,0.6932409,133.64192
JVASP-17534,1,Np,134.32103,0.6932409,133.64192
JVASP-17534,2,As,104.33765,3.2659357,107.52809
JVASP-17534,3,As,104.33765,3.2659357,107.52809
JVASP-17534,4,As,276.71396,3.0352845,273.75467
JVASP-17534,5,As,276.71396,3.0352845,273.75467
JVASP-20612,0,As,0.0,0.61334765,0.61334765
JVASP-20612,1,Np,0.012247449,0.83671236,0.82812417
JVASP-79050,0,Np,220.38304,0.6937554,219.70168
JVASP-79050,1,Np,220.38304,0.6937554,219.70168
JVASP-79050,2,As,141.99692,1.7953744,140.24908
JVASP-79050,3,As,141.99692,1.7953744,140.24908
JVASP-79050,4,As,361.04907,1.7953744,362.79773
JVASP-79050,5,As,141.99692,1.7953744,140.24908
JVASP-79050,6,As,141.99692,1.7953744,140.24908
JVASP-79050,7,As,361.04907,1.7953744,362.79773
JVASP-20424,0,Np,0.0,0.8367123,0.8367123
JVASP-20424,1,Np,0.0,0.8367123,0.8367123
JVASP-20424,2,Np,0.0,0.8367123,0.8367123
JVASP-20424,3,Np,0.0,0.8367123,0.8367123
JVASP-20424,4,As,0.0,0.6133474,0.6133474
JVASP-20424,5,As,0.0,0.6133474,0.6133474
JVASP-20424,6,As,0.0,0.6133474,0.6133474
JVASP-20424,7,As,0.0,0.6133474,0.6133474
JVASP-16011,0,Ba,11.222363,0.16558018,11.335911
JVASP-16011,1,Ba,11.222363,0.16558018,11.335911
JVASP-16011,2,Hg,17.347563,2.205304,15.685607
JVASP-20618,0,Ba,0.0,0.05823093,0.05823093
JVASP-20618,1,Hg,0.0,2.2021253,2.2021253
JVASP-40505,0,Ba,2.693214,0.13277526,2.821874
JVASP-40505,1,Ba,2.693214,0.13277526,2.821874
JVASP-40505,2,Hg,65.79783,1.7000585,66.859184
JVASP-40505,3,Hg,65.79704,1.700058,67.37412
JVASP-40505,4,Hg,65.79783,1.7000585,66.89878
JVASP-40505,5,Hg,65.79783,1.7000585,66.859184
JVASP-40505,6,Hg,65.79704,1.700058,67.37412
JVASP-40505,7,Hg,65.79783,1.7000585,66.89878
JVASP-7703,0,Ba,46.436066,0.12279892,46.41255
JVASP-7703,1,Ba,46.436066,0.12279892,46.41255
JVASP-7703,2,Hg,346.00998,2.2679944,346.07895
JVASP-7703,3,Hg,346.00998,2.2679944,346.07895
JVASP-7703,4,Hg,346.01016,2.2679944,346.0516
JVASP-7703,5,Hg,346.01016,2.2679944,346.0516
JVASP-20429,0,Ba,0.0,0.05823093,0.05823093
JVASP-20429,1,Hg,0.0,2.2021253,2.2021253
JVASP-16338,0,Fe,5.1129017,0.9320139,4.213161
JVASP-16338,1,Fe,5.1129017,0.9320139,4.213161
JVASP-16338,2,Te,38.445965,4.332751,42.61323
JVASP-16338,3,Te,38.445965,4.332751,42.61323
JVASP-18028,0,Fe,1.7309728,0.80600744,0.9365813
JVASP-18028,1,Fe,1.7309728,0.80600744,0.9365813
JVASP-18028,2,Te,198.74753,5.8584547,193.10284
JVASP-18028,3,Te,198.74753,5.8584547,193.10284
JVASP-13849,0,Fe,5.1129017,0.9320139,4.213161
JVASP-13849,1,Fe,5.1129017,0.9320139,4.213161
JVASP-13849,2,Te,38.445965,4.332751,42.61323
JVASP-13849,3,Te,38.445965,4.332751,42.61323
JVASP-7925,0,Fe,37.131023,1.3019598,36.521877
JVASP-7925,1,Fe,37.131023,1.3019598,36.520596
JVASP-7925,2,Te,342.67242,5.536933,344.54016
JVASP-7925,3,Te,342.67242,5.536933,344.54016
JVASP-7925,4,Te,342.67242,5.536933,344.54855
JVASP-7925,5,Te,342.67242,5.536933,344.54855
JVASP-5083,0,Fe,1.7293396,0.8060072,0.9349579
JVASP-5083,1,Fe,1.7293396,0.8060072,0.9349579
JVASP-5083,2,Te,198.7516,5.8584538,193.10692
JVASP-5083,3,Te,198.7516,5.8584538,193.10692
JVASP-20653,0,Te,29.335089,6.2044077,23.392155
JVASP-20653,1,Te,29.335089,6.2044077,23.392155
JVASP-20653,2,Ir,94.5895,1.4394798,93.17998
JVASP-602,0,Te,29.335089,6.2044077,23.392155
JVASP-602,1,Te,29.335089,6.2044077,23.392155
JVASP-602,2,Ir,94.5895,1.4394798,93.17998
JVASP-19753,0,Te,206.32555,5.9463844,208.13387
JVASP-19753,1,Te,206.32555,5.9463844,208.13387
JVASP-19753,2,Te,265.2898,5.3101544,266.62677
JVASP-19753,3,Te,273.32382,5.6910586,273.96945
JVASP-19753,4,Te,273.32382,5.6910586,273.96945
JVASP-19753,5,Te,265.2898,5.3101544,266.62677
JVASP-19753,6,Ir,120.306984,1.724998,120.96282
JVASP-19753,7,Ir,158.92517,1.7496178,158.84338
JVASP-19753,8,Ir,158.92517,1.7496178,158.84338
JVASP-15917,0,Te,74.14115,5.0331044,69.31301
JVASP-15917,1,Te,74.14115,5.0331044,69.31301
JVASP-15917,2,Ir,83.91095,1.59055,85.48671
JVASP-15917,3,Ir,83.91095,1.59055,85.48671
JVASP-16346,0,Te,318.18723,5.9363446,319.53314
JVASP-16346,1,Te,318.18723,5.9363446,319.5261
JVASP-16346,2,Te,318.18723,5.9363446,319.53314
JVASP-16346,3,Te,318.18723,5.9363446,319.5261
JVASP-16346,4,Ir,127.534966,1.7313514,129.25319
JVASP-16346,5,Ir,127.534966,1.7313514,129.25304
JVASP-78545,0,Mg,2.492764,0.5270918,1.9707401
JVASP-78545,1,Sb,237.31555,2.2050784,235.24814
JVASP-78565,0,Mg,0.0,0.6301289,0.6301289
JVASP-78565,1,Sb,0.0,2.7221484,2.7221484
JVASP-78581,0,Mg,12.300114,0.57313913,11.733119
JVASP-78581,1,Sb,280.96872,3.2972033,277.82477
JVASP-79177,0,Mg,9.009898,0.48884812,9.234416
JVASP-79177,1,Mg,8.868567,0.48884767,8.383866
JVASP-79177,2,Mg,9.713466,0.48884785,10.008182
JVASP-79177,3,Sb,9.968269,1.6821005,11.354497
JVASP-85880,0,Mg,1.7628183,0.5811493,2.3394134
JVASP-85880,1,Mg,1.5456306,0.4253736,1.969096
JVASP-85880,2,Mg,1.5456306,0.4253736,1.969096
JVASP-85880,3,Sb,46.410484,1.4702656,47.749306
JVASP-85880,4,Sb,46.410484,1.4702656,47.749306
JVASP-24390,0,Ni,43.304436,0.38656378,43.05427
JVASP-24390,1,Ni,43.304436,0.38656378,43.03915
JVASP-24390,2,F,135.5679,2.1252646,134.90459
JVASP-24390,3,F,135.5679,2.1252646,134.86908
JVASP-24390,4,F,135.5679,2.1252646,134.90459
JVASP-24390,5,F,135.5679,2.1252646,134.86908
JVASP-22615,0,Ni,43.304436,0.38656378,43.392757
JVASP-22615,1,Ni,43.304436,0.38656378,43.388203
JVASP-22615,2,F,135.5679,2.1252646,135.86783
JVASP-22615,3,F,135.5679,2.1252646,135.8369
JVASP-22615,4,F,135.5679,2.1252646,135.86783
JVASP-22615,5,F,135.5679,2.1252646,135.8369
JVASP-22629,0,Ni,43.243427,0.38583073,43.32679
JVASP-22629,1,Ni,43.243427,0.38583073,43.33135
JVASP-22629,2,F,135.63632,2.1239479,135.93243
JVASP-22629,3,F,135.63632,2.1239479,135.90149
JVASP-22629,4,F,135.63632,2.1239479,135.93243
JVASP-22629,5,F,135.63632,2.1239479,135.90149
JVASP-54466,0,F,267.91113,1.9237509,267.51822
JVASP-54466,1,F,267.91068,1.9237512,269.221
JVASP-54466,2,F,267.9112,1.9237506,267.22034
JVASP-54466,3,F,267.91113,1.9237509,267.51822
JVASP-54466,4,F,267.91068,1.9237512,269.221
JVASP-54466,5,F,267.9112,1.9237506,267.22034
JVASP-54466,6,Ni,6.793405,0.5404762,7.109078
JVASP-54466,7,Ni,23.34098,0.44753718,23.593044
JVASP-57160,0,Ni,6.8280787,0.5406334,7.140892
JVASP-57160,1,Ni,23.387966,0.44761568,23.637657
JVASP-57160,2,F,267.98822,1.923304,267.59363
JVASP-57160,3,F,267.9881,1.9233042,269.3007
JVASP-57160,4,F,267.98764,1.9233048,267.295
JVASP-57160,5,F,267.98822,1.923304,267.59363
JVASP-57160,6,F,267.9881,1.9233042,269.3007
JVASP-57160,7,F,267.98764,1.9233048,267.295
JVASP-47966,0,Fe,125.8771,0.22118273,125.82137
JVASP-47966,1,Fe,60.633976,0.257341,60.724415
JVASP-47966,2,O,68.34338,1.2807721,68.047226
JVASP-47966,3,O,68.34338,1.2807721,68.047226
JVASP-47966,4,F,176.6225,2.1126535,176.00674
JVASP-47966,5,F,176.6225,2.1126535,176.00674
JVASP-48017,0,Fe,48.072216,0.58046335,47.726963
JVASP-48017,1,Fe,48.072216,0.58046335,47.73154
JVASP-48017,2,O,89.86262,1.5336603,90.322655
JVASP-48017,3,O,89.86262,1.5336603,90.34943
JVASP-48017,4,F,145.56244,1.4442357,145.37383
JVASP-48017,5,F,145.56244,1.4442357,145.33969
JVASP-48131,0,Fe,37.045616,0.66660964,37.48542
JVASP-48131,1,Fe,142.2058,0.50779283,142.56775
JVASP-48131,2,O,88.10119,1.6219424,87.483765
JVASP-48131,3,O,60.94371,1.5075998,60.82255
JVASP-48131,4,O,60.94371,1.5075998,60.86723
JVASP-48131,5,F,166.51653,1.4891559,166.32922
JVASP-48761,0,Fe,19.775824,0.20866308,19.964735
JVASP-48761,1,Fe,4.0639367,0.22317542,3.8864117
JVASP-48761,2,O,29.915245,1.3069996,29.650688
JVASP-48761,3,F,95.22491,2.0497942,94.836296
JVASP-48761,4,F,95.22491,2.0497944,94.805214
JVASP-48761,5,F,89.20326,1.9646456,88.84033
JVASP-48973,0,Fe,106.05663,0.3788066,105.99995
JVASP-48973,1,Fe,106.05588,0.3788069,105.99027
JVASP-48973,2,O,109.34339,1.5004116,108.69755
JVASP-48973,3,O,109.343414,1.5004125,108.81474
JVASP-48973,4,O,109.343414,1.5004125,108.81474
JVASP-48973,5,O,109.34339,1.5004116,108.69755
JVASP-48973,6,F,252.4277,1.8925745,252.47073
JVASP-48973,7,F,252.4277,1.8925745,252.47073
JVASP-66694,0,Be,5.219863,0.033392843,5.234944
JVASP-66694,1,Be,0.058787756,0.03394766,0.08099276
JVASP-66694,2,Fe,38.364723,0.1288755,38.25006
JVASP-66694,3,Pt,48.050827,0.8640408,47.239708
JVASP-66819,0,Be,6.825097,0.25917885,6.572188
JVASP-66819,1,Fe,17.54692,0.14900963,17.6791
JVASP-66819,2,Pt,233.75603,0.88931787,232.92238
JVASP-77245,0,Be,5.6488743,0.15766416,5.494652
JVASP-77245,1,Be,5.6488743,0.15766416,5.494652
JVASP-77245,2,Be,5.6488743,0.15766416,5.494652
JVASP-77245,3,Be,5.6488743,0.15766416,5.494652
JVASP-77245,4,Fe,69.92898,0.058182478,69.96298
JVASP-77245,5,Fe,69.92898,0.058182478,69.96298
JVASP-77245,6,Pt,229.29694,1.023363,228.57954
JVASP-77245,7,Pt,229.29694,1.023363,228.57954
JVASP-80128,0,Be,4.5291834,0.3461323,4.5465026
JVASP-80128,1,Be,4.5291834,0.3461323,4.5465026
JVASP-80128,2,Fe,24.384638,0.14535551,24.35455
JVASP-80128,3,Fe,24.384638,0.14535551,24.35455
JVASP-80128,4,Pt,127.669,1.2734609,126.478485
JVASP-80128,5,Pt,127.669,1.2734609,126.478485
JVASP-80128,6,Pt,127.669,1.2734609,126.478485
JVASP-80128,7,Pt,127.669,1.2734609,126.478485
JVASP-81816,0,Be,6.536851,0.10133607,6.441894
JVASP-81816,1,Be,6.536851,0.10133607,6.441894
JVASP-81816,2,Be,6.536851,0.10133607,6.441894
JVASP-81816,3,Be,6.536851,0.10133607,6.441894
JVASP-81816,4,Fe,54.168365,0.09545547,54.079975
JVASP-81816,5,Fe,54.168365,0.09545547,54.079975
JVASP-81816,6,Pt,249.23225,1.0357131,248.54942
JVASP-81816,7,Pt,249.23225,1.0357131,248.54942
JVASP-19693,0,Ag,37.293484,0.2295625,37.287853
JVASP-19693,1,Ag,37.293484,0.2295625,37.287853
JVASP-19693,2,F,75.17036,1.8742752,73.314156
JVASP-4549,0,Ag,104.26443,0.36889488,104.20576
JVASP-4549,1,Ag,104.26443,0.36889488,104.1975
JVASP-4549,2,F,213.80873,2.8190134,213.88129
JVASP-4549,3,F,213.80873,2.8190134,213.87526
JVASP-4549,4,F,213.80873,2.8190134,213.87526
JVASP-4549,5,F,213.80873,2.8190134,213.88129
JVASP-14897,0,Ag,0.0,0.21398614,0.21398614
JVASP-14897,1,Ag,0.0,0.21398614,0.21398614
JVASP-14897,2,Ag,0.0,0.21398614,0.21398614
JVASP-14897,3,Ag,0.0,0.21398614,0.21398614
JVASP-14897,4,F,0.0,1.8398212,1.8398212
JVASP-14897,5,F,0.0,1.8398212,1.8398212
JVASP-14897,6,F,0.0,1.8398212,1.8398212
JVASP-14897,7,F,0.0,1.8398212,1.8398212
JVASP-14911,0,Ag,101.901436,0.3683495,101.85234
JVASP-14911,1,Ag,101.901436,0.3683495,101.86059
JVASP-14911,2,F,213.29254,2.8243897,213.44211
JVASP-14911,3,F,213.29254,2.8243897,213.44618
JVASP-14911,4,F,213.29254,2.8243897,213.44618
JVASP-14911,5,F,213.29254,2.8243897,213.44211
JVASP-12073,0,Ag,108.23795,0.42918262,108.165985
JVASP-12073,1,Ag,108.23795,0.42918262,108.17212
JVASP-12073,2,Ag,108.23795,0.42918262,108.16814
JVASP-12073,3,Ag,108.23795,0.42918262,108.17143
JVASP-12073,4,F,207.50227,2.1983945,208.42024
JVASP-12073,5,F,207.50227,2.1983945,208.38599
JVASP-12073,6,F,207.50227,2.1983945,208.38437
JVASP-12073,7,F,207.50227,2.1983945,208.41145
JVASP-12073,8,F,207.50227,2.1983945,208.41145
JVASP-12073,9,F,207.50227,2.1983945,208.38437
JVASP-12073,10,F,207.50227,2.1983945,208.38599
JVASP-12073,11,F,207.50227,2.1983945,208.42024
JVASP-34250,0,C,4.6359234,1.1352416,4.5522127
JVASP-34250,1,K,54.303467,0.23694924,54.309322
JVASP-34250,2,O,166.77814,2.8234434,165.4073
JVASP-34250,3,K,89.05622,0.18957327,88.876755
JVASP-34250,4,O,181.93611,2.8504229,183.15952
JVASP-34250,5,K,84.08918,0.16461463,84.11426
JVASP-34250,6,O,188.95651,3.017164,189.0516
JVASP-34250,7,O,188.95808,3.017147,189.10999
JVASP-34250,8,K,84.09031,0.16461414,84.1486
JVASP-34262,0,K,0.08328266,0.120951585,0.14087933
JVASP-34262,1,K,0.08328266,0.120951585,0.15223472
JVASP-34262,2,K,0.08328266,0.120951585,0.15188172
JVASP-34262,3,K,0.08328266,0.120951585,0.14202355
JVASP-34262,4,C,0.0,0.7298411,0.7298411
JVASP-34262,5,O,199.22923,2.5815783,199.21942
JVASP-34262,6,O,199.22923,2.5815783,199.25443
JVASP-34262,7,O,199.22923,2.5815783,199.25783
JVASP-34262,8,O,199.22923,2.5815783,199.2522
JVASP-34258,0,O,190.59602,2.8635235,188.00966
JVASP-34258,1,K,61.59338,0.07332147,61.5573
JVASP-34258,2,O,190.59798,2.863508,191.06453
JVASP-34258,3,K,61.622105,0.07325293,61.561314
JVASP-34258,4,C,0.5489778,1.1721042,1.4810187
JVASP-34258,5,K,61.5922,0.07332083,61.613777
JVASP-34258,6,K,61.62047,0.07325494,61.617897
JVASP-34258,7,O,190.61128,2.8635504,192.19072
JVASP-34258,8,O,190.61406,2.8634903,191.10927
JVASP-34229,0,K,59.651936,0.031475633,59.646217
JVASP-34229,1,K,59.677856,0.031483885,59.676254
JVASP-34229,2,O,192.49423,2.8160937,192.92421
JVASP-34229,3,O,192.49432,2.8161013,192.8219
JVASP-34229,4,O,192.50269,2.8160443,194.02768
JVASP-34229,5,K,59.651505,0.031476367,59.639576
JVASP-34229,6,C,0.4140483,1.1692382,1.4359765
JVASP-34229,7,O,192.48415,2.8161495,190.16211
JVASP-34229,8,K,59.62853,0.03147103,59.611187
JVASP-34227,0,K,69.39472,0.23958255,69.3072
JVASP-34227,1,O,184.97668,2.6181042,182.46968
JVASP-34227,2,K,69.395836,0.23958601,69.54259
JVASP-34227,3,K,69.401505,0.23958343,69.54174
JVASP-34227,4,K,69.40321,0.2395863,69.18505
JVASP-34227,5,C,0.83189183,1.1933937,1.5602342
JVASP-34227,6,O,184.9863,2.6181095,186.05234
JVASP-34227,7,O,184.97583,2.6181445,186.0523
JVASP-34227,8,O,184.98518,2.6181312,185.25642
JVASP-36821,0,Na,4.4306574,0.04794869,4.4101334
JVASP-36821,1,Na,4.4306574,0.04794869,4.4101334
JVASP-36821,2,Cu,124.758286,2.427866,123.76716
JVASP-36821,3,Cu,124.758286,2.427866,123.76716
JVASP-36821,4,O,150.72165,2.1167192,149.5296
JVASP-36821,5,O,150.72165,2.1167192,149.5296
JVASP-36821,6,O,150.72165,2.1167192,149.53079
JVASP-36821,7,O,150.72165,2.1167192,149.53079
JVASP-49871,0,Na,12.417566,0.04887273,12.408265
JVASP-49871,1,Cu,85.69817,0.58226633,86.22939
JVASP-49871,2,Cu,85.69817,0.58226633,86.22939
JVASP-49871,3,O,175.80821,1.4064596,177.05986
JVASP-49871,4,O,176.61815,1.4823468,177.57568
JVASP-49871,5,O,175.80821,1.4064596,177.05986
JVASP-50332,0,Na,27.551054,0.12502643,27.572132
JVASP-50332,1,Na,27.551054,0.12502643,27.572132
JVASP-50332,2,Na,27.551054,0.12502643,27.572132
JVASP-50332,3,Na,27.551054,0.12502643,27.572132
JVASP-50332,4,Cu,29.341928,1.7536783,30.302837
JVASP-50332,5,Cu,29.341928,1.7536783,30.302837
JVASP-50332,6,O,64.766335,1.1448855,64.40214
JVASP-50332,7,O,64.766335,1.1448855,64.40214
JVASP-50332,8,O,64.766335,1.1448855,64.40214
JVASP-50332,9,O,64.766335,1.1448855,64.40214
JVASP-55130,0,Na,15.292447,0.22697903,15.465993
JVASP-55130,1,Cu,3.1618938,0.15060948,3.067307
JVASP-55130,2,O,17.475891,1.0589262,18.357885
JVASP-55130,3,O,17.475891,1.0589262,18.357885
JVASP-8060,0,Na,19.771036,0.12704206,19.857244
JVASP-8060,1,Na,19.771036,0.12704206,19.857244
JVASP-8060,2,Cu,147.75172,1.1019304,147.15779
JVASP-8060,3,Cu,147.75172,1.1019304,147.15779
JVASP-8060,4,O,149.51208,1.2679508,148.8388
JVASP-8060,5,O,149.51208,1.2679508,148.8388
JVASP-8060,6,O,149.51208,1.2679508,148.8388
JVASP-8060,7,O,149.51208,1.2679508,148.8388
JVASP-17511,0,Sm,15.779613,0.060213894,15.732763
JVASP-17511,1,Sm,15.779613,0.060213894,15.732763
JVASP-17511,2,Sm,25.815989,0.26511064,26.080246
JVASP-17511,3,Sm,25.815989,0.26511064,26.080246
JVASP-17511,4,In,13.46607,0.37931934,13.639369
JVASP-17511,5,In,13.46607,0.37931934,13.639369
JVASP-17571,0,Sm,0.0,0.18083528,0.18083528
JVASP-17571,1,In,146.50888,0.3329362,146.83397
JVASP-17571,2,In,146.50888,0.3329362,146.40773
JVASP-17571,3,In,146.50888,0.3329362,146.2855
JVASP-17663,0,Sm,0.0,0.05262599,0.05262599
JVASP-17663,1,In,0.0,0.38492975,0.38492975
JVASP-18001,0,Sm,164.2089,0.1804327,164.2926
JVASP-18001,1,Sm,164.2089,0.1804327,164.02992
JVASP-18001,2,Sm,164.2089,0.1804327,164.30429
JVASP-18001,3,In,0.0,0.2828894,0.2828894
JVASP-36056,0,Sm,70.26914,0.18142338,70.20268
JVASP-36056,1,Sm,70.26531,0.18142365,70.19065
JVASP-36056,2,Sm,70.26531,0.18142365,70.174736
JVASP-36056,3,Sm,70.26914,0.18142338,70.20268
JVASP-36056,4,Sm,70.26531,0.18142365,70.19065
JVASP-36056,5,Sm,70.26531,0.18142365,70.174736
JVASP-36056,6,In,1.0079653,0.29215854,1.0226752
JVASP-36056,7,In,1.0079653,0.29215854,1.0226752
JVASP-49783,0,Y,34.375324,0.3588685,34.016487
JVASP-49783,1,Y,34.375324,0.3588685,34.016487
JVASP-49783,2,Cu,8.1625185,0.26360255,8.395292
JVASP-49783,3,O,153.31068,1.0409181,154.02356
JVASP-49783,4,O,7.155776,0.50568134,6.740517
JVASP-49783,5,O,153.31068,1.0409181,153.49947
JVASP-49783,6,O,7.155776,0.50568134,6.740517
JVASP-8028,0,Y,131.80092,0.23581795,131.56552
JVASP-8028,1,Y,131.80092,0.23581795,131.56552
JVASP-8028,2,Cu,91.56479,0.17118469,91.554596
JVASP-8028,3,Cu,91.56479,0.17118469,91.554596
JVASP-8028,4,O,59.776123,1.4189807,58.391735
JVASP-8028,5,O,59.776123,1.4189807,58.391735
JVASP-8028,6,O,59.776123,1.4189807,58.391735
JVASP-8028,7,O,59.776123,1.4189807,58.391735
JVASP-8116,0,O,59.869587,1.4186646,58.7137
JVASP-8116,1,O,59.869587,1.4186646,58.7137
JVASP-8116,2,Cu,91.3581,0.17107867,91.34728
JVASP-8116,3,Y,131.38934,0.23607586,131.19197
JVASP-8258,0,Y,0.0,0.25826254,0.25826254
JVASP-8258,1,Cu,0.0,1.1307806,1.1307806
JVASP-8258,2,O,136.21368,1.4401925,134.79248
JVASP-8258,3,O,136.21368,1.4401925,137.12843
JVASP-8258,4,O,136.21368,1.4401925,136.73148
JVASP-8362,0,Y,131.39032,0.23606026,131.18106
JVASP-8362,1,Cu,91.33859,0.17108928,91.32668
JVASP-8362,2,O,59.87298,1.4185966,58.647087
JVASP-8362,3,O,59.87298,1.4185966,58.647087
JVASP-29425,0,Tl,117.776726,1.1363355,117.99537
JVASP-29425,1,Tl,117.89325,1.1363341,117.93911
JVASP-29425,2,Tl,110.20955,1.1704016,110.260826
JVASP-29425,3,Tl,118.0605,1.136484,118.10656
JVASP-29425,4,Tl,117.891075,1.1363341,118.10782
JVASP-29425,5,Tl,117.779205,1.1363353,117.82345
JVASP-29425,6,Tl,110.23382,1.1704447,109.79363
JVASP-29425,7,Tl,110.49382,1.1705354,110.05047
JVASP-29425,8,Tl,110.49574,1.1705356,110.5471
JVASP-29425,9,Tl,110.23267,1.1704446,110.854126
JVASP-29425,10,Tl,118.05954,1.1364843,118.27757
JVASP-29425,11,Tl,117.77693,1.1363356,117.826744
JVASP-29425,12,Tl,118.059364,1.1364841,118.106766
JVASP-29425,13,Tl,110.20564,1.1704017,110.82844
JVASP-29425,14,Tl,117.891045,1.1363341,117.94056
JVASP-29425,15,Tl,110.492966,1.1705353,111.11536
JVASP-29425,16,Tl,110.20773,1.1704018,109.76531
JVASP-29425,17,Tl,110.23537,1.1704447,110.28624
JVASP-29425,18,S,21.620256,0.17471363,21.593536
JVASP-29425,19,S,21.632715,0.17474881,21.605997
JVASP-29425,20,S,32.408825,0.1834459,32.381767
JVASP-29425,21,S,19.882582,0.1728405,19.85607
JVASP-29425,22,S,32.408077,0.18344621,32.38109
JVASP-29425,23,S,19.88226,0.1728405,19.855225
JVASP-29425,24,S,32.408432,0.1834459,32.381218
JVASP-29425,25,S,19.883099,0.17284016,19.856369
JVASP-29425,26,S,21.625072,0.17473954,21.598352
JVASP-50057,0,Tl,63.367073,1.2577572,63.75946
JVASP-50057,1,Tl,63.153862,1.2573154,63.538975
JVASP-50057,2,Tl,64.252625,1.2570692,64.62386
JVASP-50057,3,Tl,62.949112,1.257995,62.193527
JVASP-50057,4,Tl,63.48442,1.2573078,62.740013
JVASP-50057,5,Tl,62.193687,1.2580807,62.566933
JVASP-50057,6,S,14.215695,0.15053485,14.289457
JVASP-8034,0,S,150.52005,1.8248631,151.39018
JVASP-8034,1,S,150.5194,1.824864,149.64328
JVASP-8034,2,S,150.51921,1.824864,149.6431
JVASP-8034,3,S,150.52005,1.8248631,151.39018
JVASP-8034,4,Tl,10.212567,1.2472527,10.585867
JVASP-8034,5,Tl,10.211836,1.2472527,10.585159
JVASP-8034,6,Tl,145.2218,1.3436633,144.88934
JVASP-8034,7,Tl,145.2218,1.3436633,144.88934
JVASP-12062,0,Tl,47.709938,1.3096641,46.48293
JVASP-12062,1,Tl,77.58269,1.2104231,78.698105
JVASP-12062,2,Tl,47.709938,1.3096629,46.482933
JVASP-12062,3,Tl,77.58269,1.2104231,78.698105
JVASP-12062,4,Tl,47.709938,1.3096629,46.482933
JVASP-12062,5,Tl,77.58269,1.210425,78.698105
JVASP-12062,6,S,7.7428374,1.1137165,6.657119
JVASP-12062,7,S,7.7428374,1.1137165,6.657119
JVASP-12062,8,S,7.7428374,1.1137245,6.657111
JVASP-12062,9,S,7.7428374,1.113727,6.6571083
JVASP-12062,10,S,7.7428374,1.113727,6.6571083
JVASP-12062,11,S,7.7428374,1.1137245,6.657111
JVASP-16279,0,Tl,0.0,1.3388494,1.3388494
JVASP-16279,1,S,0.0,2.334454,2.334454
JVASP-12922,0,H,37.289337,1.3024162,36.150898
JVASP-12922,1,H,37.291847,1.3024125,37.56937
JVASP-12922,2,H,48.823208,1.5442629,49.567738
JVASP-12922,3,H,50.284233,1.6455494,50.50371
JVASP-12922,4,O,99.477066,2.94558,100.13524
JVASP-12922,5,O,99.466774,2.9455748,96.84997
JVASP-12922,6,O,139.31122,2.9070432,140.3346
JVASP-12922,7,O,133.03552,3.0292573,133.88324
JVASP-12922,8,Cd,37.539734,1.6048359,38.335472
JVASP-12922,9,Cd,37.55659,1.6048452,38.257202
JVASP-54670,0,Cd,37.509632,1.6045089,38.2227
JVASP-54670,1,Cd,37.724598,1.6045692,38.40667
JVASP-54670,2,H,50.309925,1.6455722,51.00907
JVASP-54670,3,H,48.836693,1.5442578,49.750046
JVASP-54670,4,H,37.318264,1.3024555,36.62032
JVASP-54670,5,H,37.337986,1.3024601,36.690063
JVASP-54670,6,O,133.02142,3.02929,134.9337
JVASP-54670,7,O,139.29027,2.9071758,140.51628
JVASP-54670,8,O,99.347984,2.945669,97.70541
JVASP-54670,9,O,99.42317,2.9457195,97.920944
JVASP-29803,0,Cd,51.992867,1.3667233,53.31342
JVASP-29803,1,H,49.046135,1.7215236,47.335674
JVASP-29803,2,H,49.046135,1.7215236,47.335674
JVASP-29803,3,O,132.42064,3.021936,129.40138
JVASP-29803,4,O,132.42064,3.021936,129.40138
JVASP-29804,0,Cd,126.802734,1.535549,128.27928
JVASP-29804,1,H,43.902206,1.6111875,42.297485
JVASP-29804,2,H,50.036953,1.792495,48.259655
JVASP-29804,3,O,118.6692,2.904702,115.76872
JVASP-29804,4,O,119.557144,2.9002712,116.6617
JVASP-29805,0,Cd,51.883865,1.3664097,53.2041
JVASP-29805,1,H,49.05593,1.7214913,47.345505
JVASP-29805,2,H,49.05593,1.7214913,47.345505
JVASP-29805,3,O,132.46635,3.022222,129.44681
JVASP-29805,4,O,132.46635,3.022222,129.44681
JVASP-36623,0,Mg,0.0,0.1296625,0.1296625
JVASP-36623,1,V,0.0,0.066043004,0.066043004
JVASP-36623,2,O,8.784686,1.4631845,7.3429837
JVASP-36623,3,O,8.784686,1.4631845,9.77029
JVASP-36623,4,O,8.784686,1.4631845,9.410467
JVASP-22559,0,Mg,2.7896187,0.31658524,2.7492206
JVASP-22559,1,Mg,2.7896187,0.31658524,2.7493038
JVASP-22559,2,V,80.867966,0.0908797,80.90178
JVASP-22559,3,V,80.867966,0.0908797,80.90178
JVASP-22559,4,O,25.061075,1.714946,25.550909
JVASP-22559,5,O,25.061075,1.714946,25.51939
JVASP-22559,6,O,25.060318,1.714946,25.550014
JVASP-22559,7,O,25.060318,1.714946,25.518496
JVASP-22559,8,O,4.849952,2.1904013,3.5515614
JVASP-22559,9,O,4.849952,2.1904013,3.551523
JVASP-27139,0,Mg,2.0512562,0.31655046,1.9652746
JVASP-27139,1,Mg,2.0512562,0.31655046,1.9651264
JVASP-27139,2,V,64.18809,0.046360906,64.20061
JVASP-27139,3,V,64.18809,0.046360906,64.20061
JVASP-27139,4,O,29.02303,1.7079757,29.438028
JVASP-27139,5,O,29.02303,1.7079757,29.404053
JVASP-27139,6,O,29.023102,1.707982,29.438232
JVASP-27139,7,O,29.023102,1.707982,29.404255
JVASP-27139,8,O,5.819403,2.443708,4.643273
JVASP-27139,9,O,5.819403,2.443708,4.643298
JVASP-8263,0,Mg,12.05796,0.3737553,12.265641
JVASP-8263,1,V,19.55573,0.08023508,19.60789
JVASP-8263,2,V,17.720844,0.05765342,17.759289
JVASP-8263,3,O,61.535683,2.0544908,62.730576
JVASP-8263,4,O,61.522472,2.054676,62.8326
JVASP-8263,5,O,61.53481,2.0544956,62.85985
JVASP-8263,6,O,61.52265,2.054666,62.70107
JVASP-8263,7,O,12.721189,2.4270582,14.61293
JVASP-8263,8,O,18.143284,1.9257491,17.18053
JVASP-8324,0,Mg,20.163664,0.3551243,20.16822
JVASP-8324,1,V,37.243694,0.005761376,37.240353
JVASP-8324,2,V,65.56143,0.13317385,65.5882
JVASP-8324,3,O,36.116013,2.0898888,35.53618
JVASP-8324,4,O,36.116074,2.089703,35.531593
JVASP-8324,5,O,41.859463,1.8038505,43.151592
JVASP-8324,6,O,36.12836,2.0899162,35.542244
JVASP-8324,7,O,36.111004,2.0895183,35.535824
JVASP-8324,8,O,135.3561,1.6393641,134.46062
JVASP-18692,0,Ga,52.99854,0.076248825,52.929066
JVASP-18692,1,Ga,52.99854,0.076248825,52.929066
JVASP-18692,2,Dy,39.110394,0.699745,39.25986
JVASP-18692,3,Dy,39.110394,0.699745,39.25986
JVASP-37901,0,Dy,130.33653,0.65826285,129.67947
JVASP-37901,1,Dy,130.33653,0.65826285,130.68987
JVASP-37901,2,Dy,130.33653,0.65826285,130.64273
JVASP-37901,3,Ga,0.0,0.10989497,0.10989497
JVASP-41304,0,Dy,4.2498684,0.6609762,4.9095287
JVASP-41304,1,Dy,4.2498684,0.6609762,4.9095287
JVASP-41304,2,Ga,2.0794952,0.15371431,2.0562496
JVASP-41304,3,Ga,2.0794952,0.15371431,2.0669553
JVASP-41304,4,Ga,2.0781333,0.15371698,2.2019622
JVASP-41304,5,Ga,2.0794952,0.15371431,2.0562496
JVASP-41304,6,Ga,2.0794952,0.15371431,2.0669553
JVASP-41304,7,Ga,2.0781333,0.15371698,2.2019622
JVASP-56469,0,Dy,0.0,0.62776846,0.62776846
JVASP-56469,1,Ga,88.96302,0.18930131,88.78242
JVASP-56469,2,Ga,88.96302,0.18930131,89.099625
JVASP-56469,3,Ga,88.96302,0.18930131,89.00732
JVASP-7942,0,Dy,15.837178,0.64289033,15.195836
JVASP-7942,1,Ga,1.390087,0.10350435,1.4255008
JVASP-7942,2,Ga,1.390087,0.10350435,1.4255008
JVASP-36120,0,Hf,0.0,0.45552126,0.45552126
JVASP-36120,1,Pd,60.641197,1.2634844,61.90313
JVASP-36120,2,Pd,60.6412,1.2634844,60.074783
JVASP-36120,3,Pd,60.6412,1.2634844,59.965645
JVASP-36007,0,Hf,0.0,0.45654696,0.45654696
JVASP-36007,1,Pd,0.0,0.98230606,0.98230606
JVASP-36131,0,Hf,43.36848,0.47439852,43.60219
JVASP-36131,1,Hf,43.36848,0.47439852,43.60219
JVASP-36131,2,Pd,120.71192,1.5821127,121.466736
JVASP-36131,3,Pd,120.71192,1.5821127,121.466736
JVASP-41361,0,Hf,31.20853,0.46405706,30.756964
JVASP-41361,1,Pd,43.340183,1.0352544,44.33984
JVASP-41361,2,Pd,43.340183,1.0352575,44.339844
JVASP-41361,3,Pd,74.28911,1.0335299,73.86598
JVASP-41361,4,Pd,45.421463,1.0230519,44.90622
JVASP-41361,5,Pd,45.421463,1.0230522,44.90622
JVASP-16542,0,Hf,83.16426,0.4590526,82.706055
JVASP-16542,1,Hf,83.16426,0.4590526,82.706055
JVASP-16542,2,Hf,83.16426,0.4590526,82.706055
JVASP-16542,3,Hf,83.16426,0.4590526,82.706055
JVASP-16542,4,Pd,69.93293,1.0047182,70.93718
JVASP-16542,5,Pd,69.93293,1.0047182,70.93718
JVASP-20082,0,Ta,89.03406,0.3206722,88.734764
JVASP-20082,1,B,2.9124432,2.0254784,0.9032766
JVASP-20082,2,B,2.9124432,2.0254784,0.9032766
JVASP-15898,0,B,3.6460025,1.9885257,5.192871
JVASP-15898,1,B,3.6460025,1.9885257,5.192871
JVASP-15898,2,B,3.1724231,1.0206144,2.5021248
JVASP-15898,3,B,3.1724231,1.0206144,2.5021248
JVASP-15898,4,Ta,52.490192,0.43351805,52.59943
JVASP-15898,5,Ta,52.490192,0.43351805,52.59943
JVASP-15898,6,Ta,124.09085,0.5124132,124.48408
JVASP-20079,0,B,4.3352427,1.3014375,4.382147
JVASP-20079,1,B,4.3352427,1.3014375,4.382147
JVASP-20079,2,Ta,68.495926,0.4731656,68.721634
JVASP-20079,3,Ta,68.495926,0.4731656,68.721634
JVASP-19601,0,B,19.976908,0.10787859,20.003769
JVASP-19601,1,B,19.976908,0.10787859,20.003769
JVASP-19601,2,Ta,73.509476,0.60904664,73.78397
JVASP-19601,3,Ta,73.51663,0.60904676,73.15493
JVASP-19601,4,Ta,73.509476,0.60904664,73.78397
JVASP-19601,5,Ta,73.51663,0.60904676,73.15493
JVASP-21887,0,Ta,56.43951,0.55990255,55.88361
JVASP-21887,1,Ta,56.43951,0.55990255,55.88361
JVASP-21887,2,Ta,37.183605,0.58108723,36.74034
JVASP-21887,3,Ta,37.183605,0.58108723,36.715466
JVASP-21887,4,Ta,37.183605,0.58108723,36.715466
JVASP-21887,5,Ta,37.183605,0.58108723,36.74034
JVASP-21887,6,B,2.0597017,0.8633593,1.79439
JVASP-21887,7,B,2.0597017,0.8633593,1.7526757
JVASP-21887,8,B,2.0597017,0.8633593,1.7526757
JVASP-21887,9,B,2.0597017,0.8633593,1.79439
JVASP-36009,0,V,0.0,0.34462145,0.34462145
JVASP-36009,1,Co,0.0,0.6974307,0.6974307
JVASP-19769,0,V,37.661724,0.29785144,37.517628
JVASP-19769,1,V,37.661724,0.29785144,37.517628
JVASP-19769,2,V,37.661724,0.29785144,37.509808
JVASP-19769,3,V,37.661724,0.29785144,37.509808
JVASP-19769,4,V,37.661724,0.29785144,37.95951
JVASP-19769,5,V,37.661724,0.29785144,37.95951
JVASP-19769,6,Co,0.0,0.806476,0.806476
JVASP-19769,7,Co,0.0,0.806476,0.806476
JVASP-36654,0,V,0.0,0.39542615,0.39542615
JVASP-36654,1,Co,3.8220205,0.28449756,3.537575
JVASP-36654,2,Co,3.8220205,0.28449756,3.9746203
JVASP-36654,3,Co,3.8220205,0.28449756,3.9691684
JVASP-78408,0,V,0.0,0.34459394,0.34459394
JVASP-78408,1,Co,0.0,0.6974353,0.6974353
JVASP-30026,0,V,99.39417,0.28214163,99.67234
JVASP-30026,1,Co,38.394016,0.18721148,38.215405
JVASP-30026,2,Co,38.394016,0.18721148,38.219
JVASP-30026,3,Co,38.395084,0.18721148,38.236706
JVASP-25387,0,Re,87.10557,0.7036444,87.794205
JVASP-25387,1,Re,35.869213,0.70489675,36.557644
JVASP-25387,2,Re,35.869213,0.7048965,36.557644
JVASP-25352,0,Re,0.03931921,0.7012113,0.7200601
JVASP-980,0,Re,70.779236,0.704546,71.4692
JVASP-980,1,Re,70.779236,0.704546,71.4692
JVASP-981,0,Re,75.16831,0.7040925,75.8577
JVASP-981,1,Re,75.16831,0.7040925,75.8577
JVASP-982,0,Re,73.98194,0.7123507,74.68036
JVASP-982,1,Re,73.98194,0.7123507,74.68036
JVASP-19701,0,Mn,0.0031622779,0.58890307,0.5860906
JVASP-19701,1,Te,0.0,2.0108821,2.0108821
JVASP-36328,0,Mn,0.0,0.6556966,0.6556966
JVASP-36328,1,Te,0.0,1.4955096,1.4955096
JVASP-14699,0,Mn,44.877098,0.47068188,45.310863
JVASP-14699,1,Mn,44.877098,0.47068188,45.310863
JVASP-14699,2,Te,74.29793,5.4465256,69.06183
JVASP-14699,3,Te,74.29793,5.4465256,69.06183
JVASP-53303,0,Mn,62.17592,0.51586574,62.645374
JVASP-53303,1,Mn,74.84638,0.55702215,75.19051
JVASP-53303,2,Mn,74.849335,0.5570119,75.193436
JVASP-53303,3,Mn,62.17899,0.51587665,62.64847
JVASP-53303,4,Te,47.718357,5.7953887,49.85564
JVASP-53303,5,Te,65.53955,5.3678317,61.776394
JVASP-53303,6,Te,47.7259,5.7954717,49.864395
JVASP-53303,7,Te,65.53492,5.3678246,61.77158
JVASP-80098,0,Mn,44.86608,0.4706998,45.299885
JVASP-80098,1,Mn,44.86608,0.4706998,45.299885
JVASP-80098,2,Te,74.264854,5.446519,69.02876
JVASP-80098,3,Te,74.264854,5.446519,69.02876
JVASP-19699,0,Cd,9.029584,0.5612697,8.938336
JVASP-19699,1,Cd,9.029584,0.5612697,8.938336
JVASP-19699,2,Au,19.430523,1.6063582,17.974655
JVASP-19699,3,Au,19.430523,1.6063582,17.974655
JVASP-15047,0,Cd,0.0,0.5708679,0.5708679
JVASP-15047,1,Au,0.0,1.5998082,1.5998082
JVASP-4340,0,Cd,9.029584,0.5612699,8.938338
JVASP-4340,1,Cd,9.029584,0.5612699,8.938338
JVASP-4340,2,Au,19.429987,1.6063576,17.974165
JVASP-4340,3,Au,19.429987,1.6063576,17.974165
JVASP-41341,0,Cd,0.086959764,1.0451708,1.1321082
JVASP-41341,1,Cd,0.08656019,1.0451708,1.1316917
JVASP-41341,2,Au,51.62857,1.8008714,51.206993
JVASP-41341,3,Au,51.630054,1.8008707,50.692223
JVASP-41341,4,Au,51.62857,1.8008714,51.157482
JVASP-41341,5,Au,51.62857,1.8008714,51.206993
JVASP-41341,6,Au,51.630054,1.8008707,50.692223
JVASP-41341,7,Au,51.62857,1.8008714,51.157482
JVASP-19648,0,Cd,0.0,1.0381188,1.0381188
JVASP-19648,1,Au,66.660416,1.7924157,66.102264
JVASP-19648,2,Au,66.660416,1.7924157,65.49607
JVASP-19648,3,Au,66.660416,1.7924157,68.41949
JVASP-19765,0,V,16.257263,0.3313217,16.104755
JVASP-19765,1,V,16.257263,0.3313217,16.104755
JVASP-19765,2,V,16.257263,0.3313217,16.08381
JVASP-19765,3,V,16.257263,0.3313217,16.08381
JVASP-19765,4,V,16.257263,0.3313217,16.58834
JVASP-19765,5,V,16.257263,0.3313217,16.58834
JVASP-19765,6,Rh,0.0,1.0579133,1.0579133
JVASP-19765,7,Rh,0.0,1.0579133,1.0579133
JVASP-39547,0,V,25.957403,0.41731188,26.170002
JVASP-39547,1,V,25.957403,0.41731188,26.170002
JVASP-39547,2,V,25.957403,0.41731188,26.170002
JVASP-39547,3,V,25.957403,0.41731188,26.170002
JVASP-39547,4,Rh,30.28888,0.5393962,30.500113
JVASP-39547,5,Rh,30.28888,0.5393962,30.500113
JVASP-39547,6,Rh,30.28888,0.5393962,30.500113
JVASP-39547,7,Rh,30.28888,0.5393962,30.500113
JVASP-40039,0,V,16.796152,0.5531262,16.249842
JVASP-40039,1,V,16.796152,0.5531262,16.249842
JVASP-40039,2,Rh,33.78512,0.2269192,33.889267
JVASP-40039,3,Rh,33.790154,0.22691776,33.986225
JVASP-40039,4,Rh,33.790154,0.22691776,33.98627
JVASP-40039,5,Rh,33.78512,0.2269192,33.889267
JVASP-40039,6,Rh,33.789997,0.22691776,33.98607
JVASP-40039,7,Rh,33.789997,0.22691776,33.98612
JVASP-19616,0,V,0.0,0.5647156,0.5647156
JVASP-19616,1,Rh,31.275902,0.21274266,31.454222
JVASP-19616,2,Rh,31.275902,0.21274266,31.08647
JVASP-19616,3,Rh,31.275902,0.21274266,31.288101
JVASP-19640,0,V,4.6540303,0.55337113,5.201545
JVASP-19640,1,Rh,63.201736,0.22567451,63.008087
JVASP-18373,0,H,0.0,0.06673859,0.06673859
JVASP-18373,1,Br,0.0,5.6077194,5.6077194
JVASP-51343,0,H,18.385231,0.99285203,18.140326
JVASP-51343,1,H,18.385231,0.99285203,18.178625
JVASP-51343,2,H,18.385231,0.99285203,18.140326
JVASP-51343,3,H,18.385231,0.99285203,18.178625
JVASP-51343,4,Br,710.70374,4.491642,711.4096
JVASP-51343,5,Br,710.70374,4.491642,711.4453
JVASP-51343,6,Br,710.70374,4.491642,711.4096
JVASP-51343,7,Br,710.70374,4.491642,711.4453
JVASP-51393,0,H,11.741221,0.653643,11.0905485
JVASP-51393,1,H,11.741221,0.653643,11.0905485
JVASP-51393,2,Br,841.58185,6.242415,847.6346
JVASP-51393,3,Br,841.58185,6.242415,847.6346
JVASP-8757,0,H,18.33362,0.94728094,18.882935
JVASP-8757,1,H,18.33362,0.94728094,18.796446
JVASP-8757,2,H,18.33362,0.94728094,18.882883
JVASP-8757,3,H,18.33362,0.94728094,18.796465
JVASP-8757,4,Br,710.1343,4.496643,707.56354
JVASP-8757,5,Br,710.1343,4.496643,707.57043
JVASP-8757,6,Br,710.1343,4.496643,707.5703
JVASP-8757,7,Br,710.1343,4.496643,707.5636
JVASP-4705,0,Au,64.38606,2.3086727,66.668
JVASP-4705,1,Au,64.38606,2.3086727,66.668
JVASP-4705,2,Se,117.35995,4.1578326,113.30199
JVASP-4705,3,Se,117.35995,4.1578326,113.30199
JVASP-1423,0,Se,156.88115,4.107798,156.3693
JVASP-1423,1,Se,156.88115,4.107798,156.3693
JVASP-1423,2,Au,439.07275,2.1206353,438.40213
JVASP-1423,3,Au,708.3848,2.1707087,709.52704
JVASP-29620,0,Au,433.71222,1.9763138,431.99765
JVASP-29620,1,Au,433.71222,1.9763138,431.99765
JVASP-29620,2,Au,663.41583,2.0145695,665.25385
JVASP-29620,3,Au,663.41583,2.0145695,665.25385
JVASP-29620,4,Se,179.5812,4.8883696,174.88103
JVASP-29620,5,Se,182.6018,4.2305694,179.08426
JVASP-29620,6,Se,182.6018,4.2305694,179.08426
JVASP-29620,7,Se,179.5812,4.8883696,174.88103
JVASP-16302,0,Au,64.386475,2.308672,66.668396
JVASP-16302,1,Au,64.386475,2.308672,66.668396
JVASP-16302,2,Se,117.35995,4.157833,113.30198
JVASP-16302,3,Se,117.35995,4.157833,113.30198
JVASP-34241,0,O,232.65416,2.5699039,233.76767
JVASP-34241,1,K,11.993659,0.035102956,12.004406
JVASP-34241,2,O,232.66086,2.5698745,234.02533
JVASP-34241,3,O,232.66008,2.5698745,230.41333
JVASP-34241,4,Cl,366.38934,0.9024041,366.35068
JVASP-34761,0,K,13.295732,0.16206193,13.336431
JVASP-34761,1,K,13.295732,0.16206193,13.336431
JVASP-34761,2,Cl,352.48715,2.0616078,351.37875
JVASP-34761,3,Cl,352.48715,2.0616078,351.37875
JVASP-34761,4,O,230.83096,2.8107107,230.7756
JVASP-34761,5,O,230.83096,2.8107107,230.75787
JVASP-34761,6,O,230.83096,2.8107107,230.7756
JVASP-34761,7,O,230.83096,2.8107107,230.75787
JVASP-34761,8,O,232.34424,2.5535376,233.67824
JVASP-34761,9,O,232.34424,2.5535376,233.67824
JVASP-53363,0,K,100.31875,0.36744806,100.221825
JVASP-53363,1,K,100.28745,0.36749008,100.18983
JVASP-53363,2,K,100.28745,0.36749026,100.19001
JVASP-53363,3,K,106.83286,0.34881738,107.0578
JVASP-53363,4,K,106.832855,0.34881616,107.05783
JVASP-53363,5,K,100.229195,0.3674817,100.13219
JVASP-53363,6,Cl,3.300157,0.23542142,3.4426267
JVASP-53363,7,Cl,3.300673,0.2351456,3.4234052
JVASP-53363,8,O,1.8947185,1.1201569,2.6593893
JVASP-53363,9,O,1.8947185,1.1201553,2.6517472
JVASP-8748,0,O,309.73843,2.7590168,311.706
JVASP-8748,1,O,309.73843,2.7590168,311.706
JVASP-8748,2,O,309.73923,2.7590168,311.53546
JVASP-8748,3,O,309.73923,2.7590168,311.53546
JVASP-8748,4,Cl,648.56726,1.3114578,647.48175
JVASP-8748,5,Cl,648.56726,1.3114578,647.48175
JVASP-8748,6,K,12.224095,0.06773467,12.187434
JVASP-8748,7,K,12.224095,0.06773467,12.185374
JVASP-76857,0,Ca,8.649585,0.37476072,8.274951
JVASP-76857,1,Ca,8.649585,0.37476072,8.274951
JVASP-76857,2,Ca,8.649585,0.37476072,8.274951
JVASP-76857,3,Ca,8.649585,0.37476072,8.274951
JVASP-76857,4,Tl,224.7535,1.1252003,225.82655
JVASP-76857,5,Tl,224.7535,1.1252003,225.82655
JVASP-76857,6,Hg,60.563206,2.4300952,58.2959
JVASP-76857,7,Hg,60.563206,2.4300952,58.2959
JVASP-76876,0,Ca,11.173551,0.3362035,11.458648
JVASP-76876,1,Ca,11.173551,0.3362035,11.458648
JVASP-76876,2,Tl,583.21155,1.2190135,582.06903
JVASP-76876,3,Tl,583.21155,1.2190135,582.06903
JVASP-76876,4,Hg,60.63212,2.3564801,61.44631
JVASP-76876,5,Hg,60.63212,2.3564801,61.44631
JVASP-76876,6,Hg,60.63212,2.3564801,61.44631
JVASP-76876,7,Hg,60.63212,2.3564801,61.44631
JVASP-81080,0,Ca,8.649585,0.37476072,8.274951
JVASP-81080,1,Ca,8.649585,0.37476072,8.274951
JVASP-81080,2,Ca,8.649585,0.37476072,8.274951
JVASP-81080,3,Ca,8.649585,0.37476072,8.274951
JVASP-81080,4,Tl,224.7535,1.1252003,225.82655
JVASP-81080,5,Tl,224.7535,1.1252003,225.82655
JVASP-81080,6,Hg,60.563206,2.4300952,58.2959
JVASP-81080,7,Hg,60.563206,2.4300952,58.2959
JVASP-81120,0,Ca,11.089541,0.3358931,11.375426
JVASP-81120,1,Ca,11.089541,0.3358931,11.375426
JVASP-81120,2,Tl,582.89453,1.2199553,581.75214
JVASP-81120,3,Tl,582.89453,1.2199553,581.75214
JVASP-81120,4,Hg,60.73729,2.356906,61.530823
JVASP-81120,5,Hg,60.73729,2.356906,61.530823
JVASP-81120,6,Hg,60.73729,2.356906,61.530823
JVASP-81120,7,Hg,60.73729,2.356906,61.530823
JVASP-86171,0,Ba,11.341138,0.12381325,11.460542
JVASP-86171,1,Ba,11.341138,0.12381325,11.460542
JVASP-86171,2,Sb,321.01666,3.261112,317.91122
JVASP-86171,3,Sb,321.01666,3.261112,317.91122
JVASP-86171,4,Au,493.5489,2.4439263,491.1432
JVASP-86171,5,Au,493.5489,2.4439263,491.1432
JVASP-86773,0,Ba,11.341138,0.12381325,11.460542
JVASP-86773,1,Ba,11.341138,0.12381325,11.460542
JVASP-86773,2,Sb,321.01666,3.261112,317.91122
JVASP-86773,3,Sb,321.01666,3.261112,317.91122
JVASP-86773,4,Au,493.5489,2.4439263,491.1432
JVASP-86773,5,Au,493.5489,2.4439263,491.1432
JVASP-86905,0,Ba,19.053064,0.19958036,19.055073
JVASP-86905,1,Ba,19.053064,0.19958036,19.055073
JVASP-86905,2,Sb,269.7571,3.3476894,266.67355
JVASP-86905,3,Sb,269.7571,3.3476894,266.67355
JVASP-86905,4,Sb,53.640823,3.131216,55.23876
JVASP-86905,5,Sb,53.640823,3.131216,55.23876
JVASP-86905,6,Au,31.388504,1.9883513,29.513714
JVASP-86905,7,Au,134.21733,2.44684,136.61595
JVASP-86905,8,Au,134.21733,2.44684,136.61595
JVASP-86905,9,Au,31.388504,1.9883513,29.513714
JVASP-16341,0,Ba,36.28184,0.11988737,36.396126
JVASP-16341,1,Ba,36.28184,0.11988737,36.396126
JVASP-16341,2,Sb,212.4026,3.0887742,209.45735
JVASP-16341,3,Sb,212.4026,3.0887742,209.45735
JVASP-16341,4,Au,18.707977,1.4982449,20.153137
JVASP-16341,5,Au,18.707977,1.4982449,20.153137
JVASP-34266,0,O,348.0064,2.6980262,348.49432
JVASP-34266,1,O,348.00568,2.6980262,348.0071
JVASP-34266,2,O,348.00598,2.6980262,348.67218
JVASP-34266,3,O,348.00558,2.6980262,348.1351
JVASP-34266,4,Al,84.86131,0.0844935,84.845665
JVASP-34266,5,P,434.42484,0.9327082,434.16367
JVASP-4564,0,O,123.03632,2.1748545,124.02912
JVASP-4564,1,O,123.03721,2.174841,122.42347
JVASP-4564,2,O,123.03689,2.1748466,121.40263
JVASP-4564,3,O,123.03716,2.1748483,124.39863
JVASP-4564,4,Al,0.44187102,0.1709631,0.46599466
JVASP-4564,5,P,2.7303512,1.5589634,2.7645662
JVASP-4828,0,O,127.382706,1.980886,126.79511
JVASP-4828,1,O,127.382706,1.980886,126.81783
JVASP-4828,2,O,127.382706,1.980886,126.79511
JVASP-4828,3,O,127.382706,1.980886,126.81783
JVASP-4828,4,O,137.07578,1.8243381,137.44252
JVASP-4828,5,O,137.07578,1.8243389,137.44252
JVASP-4828,6,O,137.07571,1.8243381,137.11247
JVASP-4828,7,O,137.07571,1.8243389,137.11247
JVASP-4828,8,Al,46.852585,0.9599057,46.510624
JVASP-4828,9,Al,46.852585,0.9599057,46.51774
JVASP-4828,10,P,25.290247,0.40825438,25.648945
JVASP-4828,11,P,25.290247,0.40825438,25.648945
JVASP-13743,0,O,127.384636,1.9807353,126.79742
JVASP-13743,1,O,127.384636,1.9807353,126.820145
JVASP-13743,2,O,127.384636,1.9807353,126.79742
JVASP-13743,3,O,127.384636,1.9807353,126.820145
JVASP-13743,4,O,137.07832,1.8242222,137.44493
JVASP-13743,5,O,137.07861,1.824222,137.44524
JVASP-13743,6,O,137.07812,1.8242223,137.11465
JVASP-13743,7,O,137.07812,1.8242226,137.11465
JVASP-13743,8,Al,46.884407,0.9599086,46.542446
JVASP-13743,9,Al,46.884407,0.9599086,46.54957
JVASP-13743,10,P,25.267069,0.40790716,25.625343
JVASP-13743,11,P,25.266592,0.40790716,25.62486
JVASP-18023,0,U,23.537148,0.65645605,22.89261
JVASP-18023,1,Ga,147.32004,0.1922017,147.4683
JVASP-18023,2,Ga,147.32004,0.1922017,147.13245
JVASP-18023,3,Ga,147.32004,0.1922017,147.13245
JVASP-18023,4,Ga,147.32004,0.1922017,147.4683
JVASP-18023,5,Ga,108.66671,0.20868002,108.46518
JVASP-18023,6,Ni,29.70333,1.7397716,31.431599
JVASP-18044,0,U,422.213,0.6392938,422.69107
JVASP-18044,1,U,422.2152,0.6392936,422.7817
JVASP-18044,2,U,422.213,0.6392938,422.65216
JVASP-18044,3,Ga,39.013416,0.21465646,39.20261
JVASP-18044,4,Ga,39.014336,0.21465592,39.12286
JVASP-18044,5,Ga,39.013416,0.21465646,39.186928
JVASP-18044,6,Ni,57.4834,1.7387334,55.75132
JVASP-18044,7,Ni,57.4834,1.7387334,55.75132
JVASP-18044,8,Ni,9.678354,1.6992123,7.9869123
JVASP-14384,0,U,175.46921,0.601757,174.88148
JVASP-14384,1,U,175.46921,0.601757,174.88148
JVASP-14384,2,Ga,46.629128,0.13090543,46.504524
JVASP-14384,3,Ga,43.557644,0.187233,43.71659
JVASP-14384,4,Ga,46.629128,0.13090543,46.5915
JVASP-14384,5,Ga,46.629128,0.13090543,46.504524
JVASP-14384,6,Ga,43.557644,0.187233,43.71659
JVASP-14384,7,Ga,46.629128,0.13090543,46.5915
JVASP-14384,8,Ni,16.885965,1.6405622,18.519377
JVASP-14384,9,Ni,16.885965,1.6405622,18.519377
JVASP-18854,0,Ni,16.890469,1.6405667,17.873415
JVASP-18854,1,Ga,46.740112,0.13090342,46.727726
JVASP-18854,2,Ga,43.5373,0.18723361,43.63254
JVASP-18854,3,Ga,46.74191,0.13090342,46.65305
JVASP-18854,4,U,175.78358,0.6017567,175.44878
JVASP-19954,0,As,0.0,0.66898674,0.66898674
JVASP-19954,1,Sm,0.00489898,0.5357999,0.54066795
JVASP-36404,0,Sm,96.20371,0.053812545,96.16629
JVASP-36404,1,As,189.91058,2.7347155,192.58401
JVASP-39082,0,Sm,128.21936,0.1898812,128.0308
JVASP-39082,1,As,99.31619,1.9813403,97.38496
JVASP-39082,2,As,99.31619,1.9813403,97.38496
JVASP-39082,3,As,371.11487,1.9813391,373.04733
JVASP-37217,0,Sm,0.0,0.18611093,0.18611093
JVASP-37217,1,As,244.34232,1.5776701,243.27399
JVASP-37217,2,As,244.34232,1.5776701,243.87943
JVASP-37217,3,As,244.34233,1.5776701,245.88123
JVASP-36236,0,Sm,39.054832,0.06496211,38.998047
JVASP-36236,1,Hg,347.57364,1.9706414,345.66937
JVASP-36236,2,Hg,347.57364,1.9706414,345.66937
JVASP-37282,0,Sm,57.70753,0.18086287,57.886898
JVASP-37282,1,Sm,57.70753,0.18086287,57.886898
JVASP-37282,2,Sm,209.56364,0.18086246,209.38428
JVASP-37282,3,Hg,115.39546,1.670034,113.79948
JVASP-37566,0,Sm,71.07432,0.18066573,70.97764
JVASP-37566,1,Sm,71.07167,0.18066594,70.96896
JVASP-37566,2,Sm,71.07167,0.18066594,70.95456
JVASP-37566,3,Sm,71.07432,0.18066573,70.97764
JVASP-37566,4,Sm,71.07167,0.18066594,70.96896
JVASP-37566,5,Sm,71.07167,0.18066594,70.95456
JVASP-37566,6,Hg,5.7122107,1.6762967,4.1386533
JVASP-37566,7,Hg,5.7122107,1.6762967,4.1386533
JVASP-78490,0,Sm,23.325907,0.43701154,23.410057
JVASP-78490,1,Sm,23.325907,0.43701154,23.410057
JVASP-78490,2,Hg,34.886414,2.2901871,34.694756
JVASP-78490,3,Hg,34.886414,2.2901871,34.694756
JVASP-78490,4,Hg,34.886414,2.2901871,34.694756
JVASP-78490,5,Hg,34.886414,2.2901871,34.694756
JVASP-1315,0,S,0.0,0.24672516,0.24672516
JVASP-1315,1,Ba,0.002,0.10026082,0.099079125
JVASP-2088,0,Ba,37.965458,0.16065168,38.12192
JVASP-2088,1,Ba,37.965458,0.16065168,38.12192
JVASP-2088,2,S,318.24072,1.7192787,318.0124
JVASP-2088,3,S,318.24072,1.7192787,318.02682
JVASP-2088,4,S,333.58383,1.228507,333.81842
JVASP-2088,5,S,333.58383,1.228507,333.83084
JVASP-2088,6,S,318.24072,1.7192787,317.99918
JVASP-2088,7,S,318.24072,1.7192787,318.02008
JVASP-12975,0,S,334.33688,1.994766,333.288
JVASP-12975,1,S,334.33734,1.994766,334.01877
JVASP-12975,2,S,334.33716,1.9947656,334.06668
JVASP-12975,3,S,334.3362,1.9947658,333.3557
JVASP-12975,4,S,19.521168,2.822475,21.34599
JVASP-12975,5,S,19.521566,2.8224747,21.52754
JVASP-12975,6,Ba,83.28497,0.13720031,83.29525
JVASP-12975,7,Ba,83.286736,0.1372002,83.22646
JVASP-12975,8,Ba,140.09038,0.115915634,140.08266
JVASP-12975,9,Ba,140.08948,0.115915604,140.13785
JVASP-2100,0,S,330.10007,0.08936332,330.1246
JVASP-2100,1,S,330.10107,0.08936332,330.13455
JVASP-2100,2,S,330.10107,0.08936332,330.13455
JVASP-2100,3,S,330.10007,0.08936332,330.1246
JVASP-2100,4,Ba,30.828854,0.07816417,30.867964
JVASP-2100,5,Ba,30.828854,0.07816417,30.867964
JVASP-18214,0,Mn,38.536266,0.32898867,38.33507
JVASP-18214,1,Mn,38.536266,0.32898867,38.33507
JVASP-18214,2,Ge,75.81273,1.812753,76.93605
JVASP-18214,3,Ge,75.81273,1.812753,76.93605
JVASP-18214,4,Ba,132.53297,0.19586606,132.65504
JVASP-5125,0,Mn,38.536266,0.32898867,38.33507
JVASP-5125,1,Mn,38.536266,0.32898867,38.33507
JVASP-5125,2,Ge,75.81273,1.812753,76.93605
JVASP-5125,3,Ge,75.81273,1.812753,76.93605
JVASP-5125,4,Ba,132.53297,0.19586606,132.65504
JVASP-65469,0,Ba,321.9887,0.17630304,322.16254
JVASP-65469,1,Mn,51.191887,0.20195058,51.391567
JVASP-65469,2,Ge,214.30585,1.0943731,213.26384
JVASP-65469,3,Ge,136.83014,0.7340091,137.51277
JVASP-8433,0,Ba,23.337105,0.078398176,23.272144
JVASP-8433,1,Ba,23.337105,0.078398176,23.272144
JVASP-8433,2,Mn,43.189404,0.21863152,42.98064
JVASP-8433,3,Mn,43.189404,0.21863152,42.98064
JVASP-8433,4,Ge,41.317993,1.3409328,42.612812
JVASP-8433,5,Ge,41.317993,1.3409328,42.612812
JVASP-35786,0,Hf,43.223694,0.45124578,43.674126
JVASP-35786,1,Au,84.63967,1.6099023,86.20486
JVASP-35786,2,Au,84.63967,1.6099023,86.20486
JVASP-18607,0,Hf,37.703995,0.4485394,37.345654
JVASP-18607,1,Hf,37.703995,0.4485394,37.345654
JVASP-18607,2,Au,295.26746,1.6025068,296.51782
JVASP-36135,0,Hf,136.71092,0.46463788,136.24713
JVASP-36135,1,Hf,136.71092,0.46463788,136.24713
JVASP-36135,2,Au,188.99365,1.6336284,190.5829
JVASP-36135,3,Au,188.99365,1.6336284,190.5829
JVASP-38616,0,Hf,40.16265,0.43759584,39.7257
JVASP-38616,1,Hf,40.16265,0.43759584,40.381573
JVASP-38616,2,Hf,40.16265,0.43759584,40.384247
JVASP-38616,3,Au,0.0,1.7809012,1.7809012
JVASP-14501,0,Nd,0.0,0.17137296,0.17137296
JVASP-14501,1,Pd,77.33447,1.2492974,76.76648
JVASP-14501,2,Pd,77.33447,1.2492974,76.669685
JVASP-14501,3,Pd,77.33447,1.2492974,78.58252
JVASP-37136,0,Nd,33.027447,0.05219061,33.01749
JVASP-37136,1,Nd,33.027447,0.05219061,33.01749
JVASP-37136,2,Pd,62.606068,1.6150339,64.09522
JVASP-37136,3,Pd,62.606068,1.6150339,64.09522
JVASP-78499,0,Nd,283.75705,0.0522792,283.799
JVASP-78499,1,Nd,283.75705,0.0522792,283.799
JVASP-78499,2,Pd,178.04361,1.5913892,176.45233
JVASP-78499,3,Pd,178.04361,1.5913892,176.45233
JVASP-78499,4,Pd,178.04361,1.5913892,176.45233
JVASP-78499,5,Pd,178.04361,1.5913892,176.45233
JVASP-79045,0,Nd,137.88504,0.078254744,137.95946
JVASP-79045,1,Nd,137.88504,0.078254744,137.95946
JVASP-79045,2,Nd,178.122,0.078254744,178.04758
JVASP-79045,3,Nd,137.88504,0.078254744,137.95946
JVASP-79045,4,Nd,137.88504,0.078254744,137.95946
JVASP-79045,5,Nd,178.122,0.078254744,178.04758
JVASP-79045,6,Pd,73.63901,1.3595494,74.99846
JVASP-79045,7,Pd,73.63901,1.3595494,74.99846
JVASP-22548,0,N,3.7477193,2.2389042,4.3575015
JVASP-22548,1,N,3.7477193,2.2389042,4.3575015
JVASP-22548,2,O,295.91736,3.095908,297.7486
JVASP-22548,3,O,295.91736,3.095908,294.8912
JVASP-22548,4,O,295.91736,3.095908,294.8912
JVASP-22548,5,O,295.91736,3.095908,297.7486
JVASP-22548,6,O,295.91858,3.095908,295.15152
JVASP-22548,7,O,295.91858,3.095908,295.15152
JVASP-22548,8,Rb,16.818197,0.18669896,16.816294
JVASP-22548,9,Rb,16.818197,0.18669896,16.816294
JVASP-11136,0,Rb,42.77645,0.23446305,42.984287
JVASP-11136,1,Rb,42.77645,0.23446305,42.984287
JVASP-11136,2,N,5.7497754,2.0167816,4.761721
JVASP-11136,3,N,5.7497754,2.0167816,4.761721
JVASP-11136,4,O,295.03882,2.8583343,293.79147
JVASP-11136,5,O,295.03882,2.8583343,293.77036
JVASP-11136,6,O,295.18744,2.9828625,297.5645
JVASP-11136,7,O,295.18744,2.9828625,297.5645
JVASP-11136,8,O,295.03882,2.8583343,293.79147
JVASP-11136,9,O,295.03882,2.8583343,293.77036
JVASP-38157,0,Rb,37.573666,0.07470943,37.52755
JVASP-38157,1,Rb,37.573666,0.07470943,37.548294
JVASP-38157,2,Rb,37.573666,0.07470943,37.52755
JVASP-38157,3,Rb,37.573666,0.07470943,37.548294
JVASP-38157,4,N,119.34893,0.45775115,118.89285
JVASP-38157,5,O,3.9526598,1.0343195,4.986733
JVASP-52489,0,Rb,8.482583,0.19004609,8.487904
JVASP-52489,1,N,3.1377964,2.7491422,4.1851273
JVASP-52489,2,O,295.84293,3.751325,294.81552
JVASP-52489,3,O,295.84293,3.751325,294.7332
JVASP-52489,4,O,295.84296,3.751325,298.04196
JVASP-15625,0,F,92.20748,3.3209374,89.79506
JVASP-15625,1,F,147.91823,2.9204435,148.99397
JVASP-15625,2,F,92.20748,3.3209374,89.79506
JVASP-15625,3,F,147.919,2.9204438,149.13206
JVASP-15625,4,K,10.2260275,0.036749594,10.201849
JVASP-15625,5,K,10.2260275,0.036749594,10.201849
JVASP-15625,6,Cu,49.53282,2.2520528,47.89675
JVASP-34544,0,K,80.241776,0.15120861,80.27068
JVASP-34544,1,K,80.241776,0.15120861,80.27068
JVASP-34544,2,Cu,92.045876,2.9710767,90.63383
JVASP-34544,3,Cu,92.05318,2.9710767,92.67385
JVASP-34544,4,F,250.7594,2.4053712,250.3433
JVASP-34544,5,F,156.43166,3.818557,158.3021
JVASP-34544,6,F,156.43227,3.818557,155.54642
JVASP-34544,7,F,250.7594,2.4053712,250.3433
JVASP-34544,8,F,156.43166,3.818557,158.3021
JVASP-34544,9,F,156.43227,3.818557,155.54642
JVASP-57800,0,K,0.0,0.08096738,0.08096738
JVASP-57800,1,Cu,0.0,2.3030522,2.3030522
JVASP-57800,2,F,172.00479,2.9560907,173.41406
JVASP-57800,3,F,172.00479,2.9560907,173.58757
JVASP-57800,4,F,172.0048,2.9560907,169.05054
JVASP-9428,0,F,175.52176,2.9577723,176.99529
JVASP-9428,1,F,175.52023,2.9577787,174.68085
JVASP-9428,2,F,175.52023,2.9577787,174.68085
JVASP-9428,3,F,175.52176,2.9577723,176.99529
JVASP-9428,4,F,175.5038,2.9559536,174.93555
JVASP-9428,5,F,175.5038,2.9559536,174.93555
JVASP-9428,6,K,0.008755951,0.08150313,0.08031173
JVASP-9428,7,K,0.008755951,0.08150313,0.08031173
JVASP-9428,8,Cu,0.56353587,2.3037405,2.0909023
JVASP-9428,9,Cu,0.5836837,2.303735,2.505118
JVASP-25892,0,Co,140.57071,0.25699082,140.81807
JVASP-25892,1,Co,140.57071,0.25699082,140.8158
JVASP-25892,2,F,89.09583,2.0593774,88.67327
JVASP-25892,3,F,89.09583,2.0593774,88.67327
JVASP-25892,4,F,89.09583,2.0593774,88.63668
JVASP-25892,5,F,89.09583,2.0593774,88.63668
JVASP-22514,0,Co,145.60114,0.30809796,145.49861
JVASP-22514,1,Co,145.60114,0.30809796,145.49763
JVASP-22514,2,F,81.39967,1.8815906,81.59387
JVASP-22514,3,F,81.39967,1.8815906,81.59387
JVASP-22514,4,F,81.39967,1.8815906,81.55947
JVASP-22514,5,F,81.39967,1.8815906,81.55947
JVASP-57093,0,Co,16.243856,0.39323974,16.457294
JVASP-57093,1,Co,16.243856,0.39323917,16.457294
JVASP-57093,2,F,254.0213,1.8414881,253.44095
JVASP-57093,3,F,254.02086,1.8414879,253.64006
JVASP-57093,4,F,254.02087,1.8414878,255.3292
JVASP-57093,5,F,254.02086,1.8414879,253.64006
JVASP-57093,6,F,254.0213,1.8414881,253.44095
JVASP-57093,7,F,254.02087,1.8414878,255.3292
JVASP-57501,0,Co,0.0,2.1138196,2.1138196
JVASP-57501,1,F,205.21663,3.1946442,206.64307
JVASP-57501,2,F,205.21663,3.1946442,202.0295
JVASP-57501,3,F,205.21663,3.1946442,207.01431
JVASP-20624,0,Ce,44.97141,0.20790508,44.764935
JVASP-20624,1,Ga,18.860662,0.13866174,18.775282
JVASP-20624,2,Ga,18.860662,0.13866174,18.775282
JVASP-17552,0,Ce,229.82256,0.1991632,229.62466
JVASP-17552,1,Ce,229.82257,0.1991632,229.90407
JVASP-17552,2,Ce,229.82257,0.1991632,229.93906
JVASP-17552,3,Ga,0.0,0.09392394,0.09392394
JVASP-79474,0,Ce,34.382584,0.15826961,34.534977
JVASP-79474,1,Ce,34.382584,0.15826961,34.534977
JVASP-79474,2,Ga,34.783997,0.10044253,34.867832
JVASP-79474,3,Ga,34.783997,0.10044253,34.867832
JVASP-20433,0,Ce,44.922417,0.20791098,44.715935
JVASP-20433,1,Ga,18.895365,0.13862531,18.810015
JVASP-20433,2,Ga,18.895365,0.13862531,18.810015
JVASP-37137,0,Nd,44.480194,0.070207246,44.429058
JVASP-37137,1,Nd,44.480194,0.070207246,44.429058
JVASP-37137,2,Nd,44.480194,0.070207246,44.429058
JVASP-37137,3,Nd,44.480194,0.070207246,44.429058
JVASP-37137,4,Au,183.43419,2.0026839,183.90527
JVASP-37137,5,Au,183.43419,2.0026839,183.90527
JVASP-37137,6,Au,183.43419,2.0026839,183.90527
JVASP-37137,7,Au,183.43419,2.0026839,183.90527
JVASP-39975,0,Nd,54.89184,0.12680338,55.017544
JVASP-39975,1,Nd,54.89184,0.12680338,55.017544
JVASP-39975,2,Au,125.088615,1.8528881,126.91888
JVASP-39975,3,Au,125.088715,1.8528883,126.89424
JVASP-39975,4,Au,125.088715,1.8528883,126.89195
JVASP-39975,5,Au,125.08905,1.8528881,126.91932
JVASP-39975,6,Au,125.08953,1.8528883,126.89506
JVASP-39975,7,Au,125.08953,1.8528883,126.89276
JVASP-7698,0,Nd,0.0,0.041202098,0.041202098
JVASP-7698,1,Au,0.0,1.5486364,1.5486364
JVASP-79044,0,Nd,96.10899,0.08484265,96.19118
JVASP-79044,1,Nd,96.10899,0.08484265,96.19118
JVASP-79044,2,Nd,219.51102,0.084842294,219.42883
JVASP-79044,3,Au,37.093437,1.7955523,38.84757
JVASP-36760,0,K,18.334667,0.08462315,18.271988
JVASP-36760,1,Ag,48.145847,1.8731036,46.33306
JVASP-36760,2,O,175.38234,1.9626733,174.47093
JVASP-36760,3,O,175.38234,1.9626733,174.47093
JVASP-30515,0,K,9.677933,0.27103198,9.72935
JVASP-30515,1,K,9.677933,0.27103198,9.72935
JVASP-30515,2,Ag,45.148106,2.4023259,47.046837
JVASP-30515,3,Ag,45.148106,2.4023259,47.046837
JVASP-30515,4,O,170.7023,2.3176293,169.36612
JVASP-30515,5,O,170.7023,2.3176293,169.36461
JVASP-30515,6,O,170.7023,2.3176293,169.36461
JVASP-30515,7,O,170.7023,2.3176293,169.36612
JVASP-36842,0,K,23.073196,0.27640936,22.997307
JVASP-36842,1,K,23.073196,0.27640936,22.997307
JVASP-36842,2,Ag,72.23285,2.2458756,72.2222
JVASP-36842,3,Ag,72.23276,2.2458756,71.40633
JVASP-36842,4,O,179.7221,2.29078,179.43764
JVASP-36842,5,O,179.7221,2.29078,179.43764
JVASP-36842,6,O,179.72223,2.29078,181.73207
JVASP-36842,7,O,179.72223,2.29078,181.73207
JVASP-38515,0,K,0.0,0.05628821,0.05628821
JVASP-38515,1,Ag,0.0,1.3484459,1.3484459
JVASP-38515,2,O,205.30235,1.5561478,203.75069
JVASP-38515,3,O,205.30235,1.5561478,206.18196
JVASP-38515,4,O,205.30235,1.5561478,205.98318
JVASP-17178,0,La,0.0,0.3288608,0.3288608
JVASP-17178,1,N,0.0,0.34803805,0.34803805
JVASP-14881,0,La,0.0,0.34279844,0.34279844
JVASP-14881,1,La,0.0,0.34279844,0.34279844
JVASP-14881,2,La,0.0,0.34279844,0.34279844
JVASP-14881,3,La,0.0,0.34279844,0.34279844
JVASP-14881,4,N,0.0,0.23824455,0.23824455
JVASP-14881,5,N,0.0,0.23824455,0.23824455
JVASP-14881,6,N,0.0,0.23824455,0.23824455
JVASP-14881,7,N,0.0,0.23824455,0.23824455
JVASP-79466,0,La,197.62238,0.37960935,197.24304
JVASP-79466,1,La,197.62238,0.37960935,197.24304
JVASP-79466,2,N,24.292406,0.6291549,23.680506
JVASP-79466,3,N,24.292406,0.6291549,23.680506
JVASP-86635,0,La,83.51903,0.23582457,83.283905
JVASP-86635,1,La,83.51903,0.23582457,83.283905
JVASP-86635,2,N,7.218646,0.9805745,6.2454896
JVASP-86635,3,N,7.218646,0.9805745,6.2454896
JVASP-50674,0,Li,1.5497118,0.2657415,1.3000877
JVASP-50674,1,Cu,28.819881,0.40476847,28.430052
JVASP-50674,2,Cu,28.819881,0.40476847,28.430052
JVASP-50674,3,P,0.63523436,0.22464,0.5788261
JVASP-50674,4,O,111.26442,1.8289872,110.961044
JVASP-50674,5,O,111.26618,1.8289883,110.93162
JVASP-50674,6,O,111.26449,1.8289875,110.97224
JVASP-50674,7,O,111.26449,1.8289875,110.95483
JVASP-50751,0,Li,0.7350687,0.27726108,0.9625711
JVASP-50751,1,Cu,10.598272,0.24793108,10.419983
JVASP-50751,2,Cu,57.233948,0.17840575,57.350132
JVASP-50751,3,P,17.195335,0.4387339,17.292845
JVASP-50751,4,O,113.739685,1.7902327,113.86494
JVASP-50751,5,O,113.73822,1.7902257,113.85343
JVASP-50751,6,O,103.37101,1.8215199,103.374
JVASP-50751,7,O,103.37101,1.8215195,103.341446
JVASP-52209,0,Li,1.949718,0.1539826,1.8403856
JVASP-52209,1,Cu,6.0955443,0.4982244,6.4123282
JVASP-52209,2,P,106.52598,1.4891005,106.38118
JVASP-52209,3,P,106.55241,1.4891762,106.41565
JVASP-52209,4,O,113.905914,2.377355,114.39083
JVASP-52209,5,O,113.93006,2.3772984,114.381294
JVASP-52209,6,O,192.9937,2.354221,192.79466
JVASP-52209,7,O,192.99089,2.3542452,192.77104
JVASP-52209,8,O,113.916374,2.3773677,114.40268
JVASP-52209,9,O,113.91902,2.3773513,114.372795
JVASP-8650,0,Li,1.722809,0.1824598,1.7772553
JVASP-8650,1,Cu,164.42363,0.505851,164.1008
JVASP-8650,2,P,2.7826204,0.67252743,2.93138
JVASP-8650,3,O,104.91277,1.8965892,104.659584
JVASP-8650,4,O,104.91277,1.8965896,104.93628
JVASP-8650,5,O,104.91225,1.896589,104.96079
JVASP-8650,6,O,104.91225,1.8965892,104.706955
JVASP-20605,0,Sm,0.0,0.05826194,0.05826194
JVASP-20605,1,Zn,0.0,1.1411264,1.1411264
JVASP-37296,0,Sm,49.775265,0.18068816,49.954517
JVASP-37296,1,Sm,49.775265,0.18068816,49.954517
JVASP-37296,2,Sm,190.8814,0.18068816,190.70213
JVASP-37296,3,Sm,49.775265,0.18068816,49.954517
JVASP-37296,4,Sm,49.775265,0.18068816,49.954517
JVASP-37296,5,Sm,190.8814,0.18068816,190.70213
JVASP-37296,6,Zn,16.776556,1.3370042,15.452587
JVASP-37296,7,Zn,16.776556,1.3370042,15.452587
JVASP-56792,0,Sm,38.37861,0.09016294,38.45501
JVASP-56792,1,Zn,6.1870203,1.8302032,7.6993775
JVASP-56792,2,Zn,6.1870203,1.8302032,7.6940355
JVASP-56792,3,Zn,36.360226,1.7161427,38.067673
JVASP-56792,4,Zn,6.185563,1.8302011,7.563042
JVASP-56792,5,Zn,36.360226,1.7161427,38.067673
JVASP-20417,0,Sm,0.0,0.05826194,0.05826194
JVASP-20417,1,Zn,0.0,1.1411264,1.1411264
JVASP-14941,0,Pr,0.0,0.07458486,0.07458486
JVASP-14941,1,Ag,0.0,0.692188,0.692188
JVASP-38397,0,Pr,76.13667,0.09673494,76.23227
JVASP-38397,1,Pr,76.13667,0.09673494,76.23227
JVASP-38397,2,Pr,176.19914,0.09673494,176.10355
JVASP-38397,3,Pr,76.13667,0.09673494,76.23227
JVASP-38397,4,Pr,76.13667,0.09673494,76.23227
JVASP-38397,5,Pr,176.19914,0.09673494,176.10355
JVASP-38397,6,Ag,14.028228,1.118294,15.146491
JVASP-38397,7,Ag,14.028228,1.118294,15.146491
JVASP-78416,0,Pr,0.0,0.07451853,0.07451853
JVASP-78416,1,Ag,0.0,0.6921104,0.6921104
JVASP-78662,0,Pr,118.59205,0.12645282,118.46646
JVASP-78662,1,Ag,109.26684,1.6060238,107.660866
JVASP-78662,2,Ag,109.26684,1.6060238,107.660866
JVASP-4119,0,Mg,7.876335,0.37627092,7.5246596
JVASP-4119,1,H,50.37253,1.8145546,48.57832
JVASP-4119,2,H,50.37253,1.8145546,48.57832
JVASP-4119,3,O,155.31111,3.6636338,151.64914
JVASP-4119,4,O,155.31111,3.6636338,151.64914
JVASP-54769,0,Mg,20.33444,0.46660936,19.888643
JVASP-54769,1,H,38.537823,1.8183345,36.73545
JVASP-54769,2,H,50.49011,1.717139,48.788982
JVASP-54769,3,O,153.62709,3.350304,150.277
JVASP-54769,4,O,136.51904,3.3643904,133.1549
JVASP-8705,0,Mg,3.5493119,0.36431107,3.2020361
JVASP-8705,1,Mg,3.5493119,0.36431107,3.2020361
JVASP-8705,2,H,52.566048,1.6789992,50.89904
JVASP-8705,3,H,52.566048,1.6789992,50.89904
JVASP-8705,4,O,170.0399,3.346733,166.69353
JVASP-8705,5,O,170.0399,3.346733,166.69353
JVASP-8705,6,O,17.648575,1.1844097,18.828884
JVASP-29829,0,Mg,7.8763356,0.37624776,7.524661
JVASP-29829,1,H,50.357834,1.8144946,48.563683
JVASP-29829,2,H,50.357834,1.8144946,48.563683
JVASP-29829,3,O,155.3005,3.663719,151.63844
JVASP-29829,4,O,155.3005,3.663719,151.63844
JVASP-36782,0,Mn,30.190739,0.11476547,30.220993
JVASP-36782,1,Ag,164.83252,1.0727024,165.5168
JVASP-36782,2,O,51.412025,1.0999739,51.934746
JVASP-36782,3,O,51.412025,1.0999739,51.934746
JVASP-36850,0,Mn,31.96401,0.06585729,31.905998
JVASP-36850,1,Ag,155.5474,1.0626295,154.65921
JVASP-36850,2,O,24.608051,1.0745237,23.68173
JVASP-36850,3,O,24.608051,1.0745237,23.68173
JVASP-36852,0,Mn,31.357552,0.066328295,31.292845
JVASP-36852,1,Mn,31.357552,0.066328295,31.292845
JVASP-36852,2,Ag,155.90308,1.0628952,154.88478
JVASP-36852,3,Ag,155.90308,1.0628952,154.88478
JVASP-36852,4,O,22.768824,1.0753897,21.725872
JVASP-36852,5,O,22.768824,1.0753897,21.725872
JVASP-36852,6,O,22.768824,1.0753897,21.725872
JVASP-36852,7,O,22.768824,1.0753897,21.725872
JVASP-43501,0,Mn,14.000152,0.12871887,14.12409
JVASP-43501,1,Mn,14.000152,0.12871887,14.12409
JVASP-43501,2,Ag,7.449803,0.6595231,8.046322
JVASP-43501,3,Ag,7.449803,0.6595231,8.046322
JVASP-43501,4,O,67.55545,1.3667511,67.752396
JVASP-43501,5,O,67.58903,1.3669231,67.813835
JVASP-43501,6,O,67.49029,1.3669423,67.726616
JVASP-43501,7,O,67.49029,1.3669423,67.726616
JVASP-43501,8,O,67.58903,1.3669231,67.813835
JVASP-43501,9,O,67.55545,1.3667511,67.752396
JVASP-39055,0,Sm,30.253647,0.18374477,30.436018
JVASP-39055,1,Sm,30.253647,0.18374477,30.436018
JVASP-39055,2,Ag,42.6114,1.2482278,43.843803
JVASP-39055,3,Ag,42.6114,1.2482278,43.8432
JVASP-39055,4,Ag,42.611534,1.2482274,43.844093
JVASP-39055,5,Ag,42.611534,1.2482274,43.844093
JVASP-39055,6,Ag,42.6114,1.2482278,43.8432
JVASP-39055,7,Ag,42.6114,1.2482278,43.843803
JVASP-14568,0,Sm,0.0,0.055538226,0.055538226
JVASP-14568,1,Ag,0.0,0.7133357,0.7133357
JVASP-37281,0,Sm,67.47446,0.18137607,67.65432
JVASP-37281,1,Sm,67.47446,0.18137607,67.65432
JVASP-37281,2,Sm,157.84186,0.18137607,157.662
JVASP-37281,3,Sm,67.47446,0.18137607,67.65432
JVASP-37281,4,Sm,67.47446,0.18137607,67.65432
JVASP-37281,5,Sm,157.84186,0.18137607,157.662
JVASP-37281,6,Ag,8.857355,1.1362764,9.993611
JVASP-37281,7,Ag,8.857355,1.1362764,9.993611
JVASP-37451,0,Sm,71.7783,0.18009154,71.69436
JVASP-37451,1,Sm,71.78308,0.18009141,71.70545
JVASP-37451,2,Sm,71.7783,0.18009154,71.67898
JVASP-37451,3,Sm,71.7783,0.18009154,71.69436
JVASP-37451,4,Sm,71.78308,0.18009141,71.70545
JVASP-37451,5,Sm,71.7783,0.18009154,71.67898
JVASP-37451,6,Ag,13.7036705,1.1444963,12.559204
JVASP-37451,7,Ag,13.7036705,1.1444963,12.559204
JVASP-18655,0,Tb,49.528275,0.54943466,48.980118
JVASP-18655,1,Tb,49.528275,0.54943466,48.980118
JVASP-18655,2,Cd,74.53116,1.0265642,74.49233
JVASP-18655,3,Cd,74.532265,1.0265608,74.56972
JVASP-18655,4,Cd,74.53116,1.0265642,74.493
JVASP-18655,5,Cd,74.53116,1.0265642,74.493
JVASP-18655,6,Cd,74.532265,1.0265608,74.56972
JVASP-18655,7,Cd,74.53116,1.0265642,74.49233
JVASP-18949,0,Tb,0.0,0.39993915,0.39993915
JVASP-18949,1,Cd,0.0,0.4429966,0.4429966
JVASP-18654,0,Tb,10.689166,0.34226912,11.029952
JVASP-18654,1,Cd,147.36742,1.4097321,145.9587
JVASP-18654,2,Cd,147.36742,1.4097321,145.9587
JVASP-78530,0,Tb,16.581821,0.34226725,16.922585
JVASP-78530,1,Cd,150.67953,1.4097732,149.27077
JVASP-78530,2,Cd,150.67953,1.4097732,149.27077
JVASP-15008,0,Nb,109.81633,0.0442155,109.77505
JVASP-15008,1,Nb,109.81633,0.0442155,109.77505
JVASP-15008,2,Nb,109.81634,0.0442155,109.84986
JVASP-15008,3,Nb,109.81634,0.0442155,109.84986
JVASP-15008,4,Nb,109.81633,0.0442155,109.82412
JVASP-15008,5,Nb,109.81633,0.0442155,109.82412
JVASP-15008,6,Ga,0.0,0.2642481,0.2642481
JVASP-15008,7,Ga,0.0,0.2642481,0.2642481
JVASP-20532,0,Ga,147.25613,0.23775916,147.13664
JVASP-20532,1,Ga,27.952927,0.23775916,28.073328
JVASP-20532,2,Ga,27.952927,0.23775916,28.073328
JVASP-20532,3,Nb,58.90658,0.13569342,58.83515
JVASP-21686,0,Nb,41.264107,0.09342363,41.349613
JVASP-21686,1,Nb,41.264107,0.09342363,41.349613
JVASP-21686,2,Nb,17.797014,0.11449008,17.702099
JVASP-21686,3,Nb,17.797014,0.11449008,17.702017
JVASP-21686,4,Nb,17.797014,0.11449008,17.702017
JVASP-21686,5,Nb,17.797014,0.11449008,17.702099
JVASP-21686,6,Ga,33.38848,0.17766967,33.366592
JVASP-21686,7,Ga,33.38848,0.17766967,33.379078
JVASP-21686,8,Ga,33.38848,0.17766967,33.379078
JVASP-21686,9,Ga,33.38848,0.17766967,33.366592
JVASP-20261,0,Nb,59.318478,0.13569337,59.197876
JVASP-20261,1,Nb,59.318478,0.13569337,59.197876
JVASP-20261,2,Ga,147.1384,0.23775935,146.94067
JVASP-20261,3,Ga,28.02951,0.23775935,28.227604
JVASP-20261,4,Ga,28.02951,0.23775935,28.227604
JVASP-20261,5,Ga,147.1384,0.23775935,146.94067
JVASP-20261,6,Ga,28.02951,0.23775935,28.227604
JVASP-20261,7,Ga,28.02951,0.23775935,28.227604
JVASP-17642,0,Dy,0.0,0.6552209,0.6552209
JVASP-17642,1,In,142.71951,0.35175496,143.05591
JVASP-17642,2,In,142.71951,0.35175496,142.63995
JVASP-17642,3,In,142.71951,0.35175496,142.46333
JVASP-17834,0,Dy,114.25809,0.66858786,113.59054
JVASP-17834,1,Dy,114.255226,0.66858786,114.611374
JVASP-17834,2,Dy,114.255226,0.66858786,114.56954
JVASP-17834,3,In,0.0016329931,0.2966176,0.29585248
JVASP-18052,0,Dy,9.58608,0.89269364,8.694163
JVASP-18052,1,Dy,9.58608,0.89269364,8.694163
JVASP-18052,2,Dy,4.3319254,0.49460804,4.825458
JVASP-18052,3,Dy,4.3319254,0.49460804,4.825458
JVASP-18052,4,In,17.764925,0.33078557,17.84227
JVASP-18052,5,In,17.764925,0.33078557,17.84227
JVASP-14882,0,Dy,0.0,0.5334208,0.5334208
JVASP-14882,1,In,0.0,0.34375104,0.34375104
JVASP-35708,0,Hf,64.044525,0.46418464,64.05764
JVASP-35708,1,Hf,64.044525,0.46418464,64.05764
JVASP-35708,2,Ir,65.468506,1.1586239,64.94909
JVASP-35708,3,Ir,65.468506,1.1586239,64.94909
JVASP-36013,0,Hf,0.0,0.4595459,0.4595459
JVASP-36013,1,Ir,0.0,1.1470699,1.1470699
JVASP-36141,0,Hf,110.71875,0.47341004,110.743164
JVASP-36141,1,Hf,110.71875,0.47341004,110.743164
JVASP-36141,2,Ir,146.89212,1.3542246,147.3282
JVASP-36141,3,Ir,146.89212,1.3542246,147.3282
JVASP-20401,0,Hf,0.0,0.4324313,0.4324313
JVASP-20401,1,Ir,7.5444283,0.8715185,7.395385
JVASP-20401,2,Ir,7.5444283,0.8715185,8.3810005
JVASP-20401,3,Ir,7.5444283,0.8715185,6.9354844
JVASP-14024,0,Zr,123.84743,0.08346486,123.88261
JVASP-14024,1,Zr,123.84743,0.08346486,123.88261
JVASP-14024,2,Br,125.92145,6.1296873,127.38464
JVASP-14024,3,Br,125.92145,6.1296873,127.375206
JVASP-14024,4,Br,125.92145,6.1296873,127.38464
JVASP-14024,5,Br,125.92145,6.1296873,127.375206
JVASP-14024,6,Br,125.92031,6.1296873,125.420746
JVASP-14024,7,Br,125.92031,6.1296873,125.420746
JVASP-12009,0,Zr,21.545216,0.14509998,21.414667
JVASP-12009,1,Zr,21.545216,0.14509998,21.414667
JVASP-12009,2,Br,52.292297,4.970587,56.83971
JVASP-12009,3,Br,52.292297,4.970587,56.83971
JVASP-79581,0,Zr,21.554876,0.1451256,21.41993
JVASP-79581,1,Zr,21.554876,0.1451256,21.41993
JVASP-79581,2,Br,52.298977,4.972108,56.965546
JVASP-79581,3,Br,52.298977,4.972108,56.965546
JVASP-79613,0,Zr,57.03637,0.1237079,56.914906
JVASP-79613,1,Zr,57.03637,0.1237079,56.914906
JVASP-79613,2,Br,71.47734,4.891477,76.255875
JVASP-79613,3,Br,71.47734,4.891477,76.255875
JVASP-85140,0,Eu,18.29034,0.27358422,18.018053
JVASP-85140,1,Zn,23.208916,2.4893596,20.73086
JVASP-85140,2,Ge,32.177723,0.7206486,31.494087
JVASP-85173,0,Eu,29.185942,0.2739555,29.451208
JVASP-85173,1,Eu,38.41392,0.27382308,38.23126
JVASP-85173,2,Zn,32.208237,2.5097022,34.578472
JVASP-85173,3,Zn,32.208237,2.5097022,34.578472
JVASP-85173,4,Ge,84.30261,0.7141344,85.015724
JVASP-85173,5,Ge,84.30261,0.7141344,85.015724
JVASP-85176,0,Eu,32.653336,0.2781475,32.75762
JVASP-85176,1,Eu,32.653336,0.2781475,32.75762
JVASP-85176,2,Zn,63.555183,2.579191,63.834755
JVASP-85176,3,Zn,63.555183,2.579191,63.834755
JVASP-85176,4,Ge,131.18591,0.6305823,131.34428
JVASP-85176,5,Ge,131.18591,0.6305823,131.34428
JVASP-85177,0,Eu,65.590805,0.12331218,65.710976
JVASP-85177,1,Eu,65.590805,0.12331218,65.710976
JVASP-85177,2,Zn,117.653076,2.1237898,115.537285
JVASP-85177,3,Zn,117.653076,2.1237898,115.537285
JVASP-85177,4,Ge,79.0879,1.0068544,78.12469
JVASP-85177,5,Ge,79.0879,1.0068544,78.12469
JVASP-51410,0,Sc,114.11708,0.102319375,114.0654
JVASP-51410,1,Sc,114.11708,0.102319375,114.0654
JVASP-51410,2,F,96.75767,2.1495843,97.73865
JVASP-51410,3,F,96.75767,2.1495843,97.71909
JVASP-51410,4,F,92.98463,1.6884506,92.16897
JVASP-51410,5,F,96.75767,2.1495843,97.73865
JVASP-51410,6,F,96.75767,2.1495843,97.71909
JVASP-51410,7,F,92.98463,1.6884506,92.16897
JVASP-52824,0,Sc,118.54598,0.11032645,118.491356
JVASP-52824,1,Sc,118.54598,0.11032645,118.491356
JVASP-52824,2,F,98.57755,2.1516685,99.5093
JVASP-52824,3,F,98.57755,2.1516685,99.4896
JVASP-52824,4,F,95.59397,1.6800381,94.78284
JVASP-52824,5,F,98.57755,2.1516685,99.5093
JVASP-52824,6,F,98.57755,2.1516685,99.4896
JVASP-52824,7,F,95.59397,1.6800381,94.78284
JVASP-57479,0,Sc,0.019646883,0.14921217,0.15236527
JVASP-57479,1,Sc,0.02001666,0.1492121,0.15172978
JVASP-57479,2,Sc,0.02001666,0.1492121,0.15172978
JVASP-57479,3,F,69.474884,3.3961978,69.53881
JVASP-57479,4,F,69.47266,3.3962042,69.57606
JVASP-57479,5,F,69.474884,3.3961978,69.556946
JVASP-57479,6,F,69.474884,3.3961978,69.53881
JVASP-57479,7,F,69.47313,3.3961895,69.57657
JVASP-57479,8,F,69.474884,3.3961978,69.556946
JVASP-57479,9,F,69.47397,3.3961966,69.537964
JVASP-57479,10,F,69.47266,3.3962042,69.57606
JVASP-57479,11,F,69.47397,3.3961966,69.55609
JVASP-21618,0,Sc,0.0,0.14921367,0.14921367
JVASP-21618,1,F,69.464264,3.3962007,71.24101
JVASP-21618,2,F,69.464264,3.3962007,71.20511
JVASP-21618,3,F,69.464264,3.3962007,66.068184
JVASP-30375,0,Ti,63.46218,0.029157767,63.438904
JVASP-30375,1,Mn,19.90691,0.06066858,19.913742
JVASP-30375,2,Mn,19.906912,0.06066859,19.913744
JVASP-30375,3,O,69.42842,1.2689905,68.91053
JVASP-30375,4,O,37.055607,1.2997425,36.609077
JVASP-30375,5,O,69.428604,1.2689908,68.91072
JVASP-30375,6,O,58.800858,1.2667668,59.182526
JVASP-30375,7,O,58.80004,1.2667682,59.1817
JVASP-30375,8,O,37.056282,1.2997421,36.609756
JVASP-11764,0,O,31.01285,1.2361971,31.3895
JVASP-11764,1,O,31.013031,1.2361974,31.020477
JVASP-11764,2,O,31.013388,1.236197,30.365625
JVASP-11764,3,O,31.01285,1.2361971,31.3895
JVASP-11764,4,O,31.013388,1.236197,30.365625
JVASP-11764,5,O,31.013031,1.2361974,31.020477
JVASP-11764,6,Ti,32.683434,0.47178528,32.422207
JVASP-11764,7,Ti,32.683434,0.47178528,32.422207
JVASP-11764,8,Mn,18.000372,0.2947756,17.836819
JVASP-11764,9,Mn,18.000372,0.2947756,17.836819
JVASP-12235,0,O,26.988255,1.2685261,26.252386
JVASP-12235,1,O,26.988743,1.2685256,27.297657
JVASP-12235,2,O,26.988106,1.2685254,27.297205
JVASP-12235,3,O,26.988224,1.2685256,27.18457
JVASP-12235,4,O,26.98834,1.2685256,27.3194
JVASP-12235,5,O,26.98939,1.2685256,26.347313
JVASP-12235,6,Ti,28.272396,0.5099962,28.00871
JVASP-12235,7,Ti,28.272396,0.509996,28.00871
JVASP-12235,8,Mn,34.877563,0.29296196,34.72443
JVASP-12235,9,Mn,34.877563,0.29296157,34.72443
JVASP-43226,0,Ti,11.029077,0.05615349,11.058617
JVASP-43226,1,Mn,9.834045,0.08397942,9.817871
JVASP-43226,2,O,104.36862,1.1822536,104.20839
JVASP-43226,3,O,49.652424,1.2005935,50.088066
JVASP-43226,4,O,104.36977,1.1822538,104.2415
JVASP-43226,5,O,49.652657,1.2005935,50.10566
JVASP-10197,0,O,99.44723,1.5817335,100.227486
JVASP-10197,1,O,99.44689,1.5817335,99.059006
JVASP-10197,2,O,99.44689,1.5817335,99.059006
JVASP-10197,3,O,99.447685,1.5817335,99.088554
JVASP-10197,4,O,99.44723,1.5817335,100.227486
JVASP-10197,5,O,99.447685,1.5817335,99.088554
JVASP-10197,6,Ca,0.0,0.062197115,0.062197115
JVASP-10197,7,Ca,0.0,0.062197115,0.062197115
JVASP-10197,8,Sn,0.002,0.8859404,0.8859425
JVASP-10197,9,Sn,0.002,0.8859404,0.8859425
JVASP-18521,0,Ca,43.730743,0.37252173,43.87586
JVASP-18521,1,Ca,43.730743,0.37252173,43.9573
JVASP-18521,2,Ca,43.730743,0.37252173,43.36144
JVASP-18521,3,Sn,0.0,0.820871,0.820871
JVASP-18521,4,O,0.0,1.1279508,1.1279508
JVASP-34202,0,Ca,0.00244949,0.3370039,0.3345817
JVASP-34202,1,Sn,0.00244949,0.51324606,0.51218504
JVASP-34202,2,O,37.693974,1.4910364,36.863144
JVASP-34202,3,O,37.693974,1.4910364,37.083862
JVASP-34202,4,O,37.688667,1.4910555,39.174477
JVASP-9584,0,O,87.91454,1.1583217,88.61537
JVASP-9584,1,O,87.91422,1.1583234,87.61705
JVASP-9584,2,O,87.91419,1.1583225,87.85298
JVASP-9584,3,O,87.91454,1.1583217,88.61537
JVASP-9584,4,O,87.91419,1.1583225,87.85298
JVASP-9584,5,O,87.91422,1.1583234,87.61705
JVASP-9584,6,Ca,11.8821,0.10252367,11.827775
JVASP-9584,7,Ca,11.8821,0.10252367,11.827775
JVASP-9584,8,Sn,39.27443,0.81302315,39.513245
JVASP-9584,9,Sn,39.27443,0.81302315,39.513245
JVASP-37147,0,Nb,93.30106,0.04821195,93.33492
JVASP-37147,1,Nb,93.30106,0.04821195,93.33492
JVASP-37147,2,Cr,15.657139,0.32525727,15.333928
JVASP-37147,3,Cr,17.671436,0.32525727,17.34822
JVASP-37147,4,Cr,17.671436,0.32525727,17.34822
JVASP-37147,5,Cr,15.657139,0.32525727,15.333928
JVASP-37147,6,Cr,17.671436,0.32525727,17.34822
JVASP-37147,7,Cr,17.671436,0.32525727,17.34822
JVASP-37148,0,Nb,0.0,0.07646285,0.07646285
JVASP-37148,1,Cr,2.982662,0.49993318,3.3182595
JVASP-37148,2,Cr,2.982662,0.49993318,2.4896874
JVASP-37148,3,Cr,2.982662,0.49993318,3.1983163
JVASP-37153,0,Nb,61.57364,0.14080188,61.448215
JVASP-37153,1,Nb,94.4858,0.14080188,94.36037
JVASP-37153,2,Nb,94.4858,0.14080188,94.36037
JVASP-37153,3,Cr,10.780205,0.41396147,10.37029
JVASP-37154,0,Nb,22.252796,0.042576615,22.28777
JVASP-37154,1,Nb,22.252796,0.042576615,22.21485
JVASP-37154,2,Nb,22.252796,0.042576615,22.255833
JVASP-37154,3,Cr,0.0,0.16123697,0.16123697
JVASP-20538,0,Hf,89.42352,0.43010595,88.99541
JVASP-20538,1,B,2.8242617,1.6570458,1.1702542
JVASP-20538,2,B,2.8242617,1.6570458,1.1702542
JVASP-14667,0,B,0.0,0.39411607,0.39411607
JVASP-14667,1,Hf,0.0037416576,0.49269104,0.49125665
JVASP-36042,0,Hf,0.0,0.29199973,0.29199973
JVASP-36042,1,B,23.17544,1.5437499,22.43113
JVASP-36042,2,B,23.175438,1.5437499,24.718874
JVASP-36042,3,B,23.175438,1.5437499,24.718874
JVASP-36042,4,B,23.17544,1.5437499,22.456049
JVASP-36042,5,B,23.17544,1.5437499,22.456049
JVASP-36042,6,B,23.17544,1.5437499,22.43113
JVASP-20272,0,Hf,89.42352,0.43010595,88.99541
JVASP-20272,1,B,2.8242617,1.6570458,1.1702542
JVASP-20272,2,B,2.8242617,1.6570458,1.1702542
JVASP-10230,0,P,96.13405,1.2292411,97.188995
JVASP-10230,1,P,96.13382,1.2292409,96.48227
JVASP-10230,2,P,96.13405,1.2292411,97.188995
JVASP-10230,3,P,96.13382,1.2292409,96.48227
JVASP-10230,4,P,93.07097,1.257053,93.44907
JVASP-10230,5,P,93.07097,1.257053,93.44907
JVASP-10230,6,K,13.373284,0.29882324,13.317677
JVASP-10230,7,K,13.373284,0.29882324,13.317677
JVASP-10230,8,K,17.765985,0.31580758,17.93273
JVASP-10230,9,K,17.765985,0.31580758,17.93273
JVASP-78382,0,K,0.5668603,0.22495426,0.58086884
JVASP-78382,1,K,0.5668603,0.22495426,0.58086884
JVASP-78382,2,P,1.7730635,0.38637322,1.8238292
JVASP-78382,3,P,1.7730635,0.38637322,1.8238292
JVASP-78396,0,K,0.22780254,0.22492097,0.04127701
JVASP-78396,1,K,0.22780254,0.22492099,0.04127708
JVASP-78396,2,K,0.22780254,0.22492099,0.04127708
JVASP-78396,3,P,0.32578215,0.38631257,0.06497884
JVASP-78396,4,P,0.32700765,0.38631293,0.06364655
JVASP-78396,5,P,0.32578215,0.38631257,0.06497884
JVASP-8149,0,K,20.210741,0.43548325,19.779331
JVASP-8149,1,K,20.210741,0.43548325,19.779331
JVASP-8149,2,K,20.210741,0.43548325,19.779331
JVASP-8149,3,K,20.210741,0.43548325,19.779331
JVASP-8149,4,K,57.261723,0.39797056,57.65814
JVASP-8149,5,K,57.261723,0.39797056,57.65814
JVASP-8149,6,P,9.502795,1.4618291,10.948218
JVASP-8149,7,P,9.502795,1.4618291,10.948218
JVASP-17185,0,Fe,45.559654,0.23169766,45.585777
JVASP-17185,1,Fe,45.55956,0.23169766,45.58758
JVASP-17185,2,Fe,45.559544,0.23169394,45.584274
JVASP-17185,3,Fe,45.559654,0.23169766,45.59089
JVASP-17185,4,Fe,45.559544,0.23169394,45.581337
JVASP-17185,5,Fe,45.55956,0.23169766,45.58595
JVASP-17185,6,C,1.4092731,1.4103969,0.036119964
JVASP-17185,7,C,1.4092731,1.4103969,0.036119964
JVASP-20482,0,Fe,33.071495,0.33464444,33.19899
JVASP-20482,1,Fe,33.071495,0.33464444,33.19899
JVASP-20482,2,Fe,33.071495,0.33464444,33.202217
JVASP-20482,3,Fe,33.071495,0.33464444,33.202217
JVASP-20482,4,C,7.1977882,1.8001609,6.4861016
JVASP-20482,5,C,7.1977882,1.8001609,6.496481
JVASP-86721,0,Fe,62.79634,0.06794296,62.73034
JVASP-86721,1,Fe,62.79634,0.06794296,62.73034
JVASP-86721,2,C,73.90478,1.33262,72.572426
JVASP-19638,0,Fe,77.08299,0.33863345,77.078804
JVASP-19638,1,Fe,77.08299,0.33863345,77.089714
JVASP-19638,2,Fe,77.08299,0.33863345,77.08021
JVASP-19638,3,Fe,77.08299,0.33863345,77.08623
JVASP-19638,4,C,0.0,1.2933048,1.2933048
JVASP-49813,0,Sc,37.89361,0.18490155,37.711563
JVASP-49813,1,Sc,75.567986,0.124196865,75.44537
JVASP-49813,2,Sc,43.308205,0.15704432,43.156425
JVASP-49813,3,Sc,75.567986,0.124196865,75.44537
JVASP-49813,4,O,15.781425,1.2172585,15.276385
JVASP-49813,5,O,15.781291,1.2172465,15.523626
JVASP-49813,6,O,15.781041,1.2172362,15.626088
JVASP-49813,7,O,15.781041,1.2172362,15.626088
JVASP-49813,8,O,15.781291,1.2172465,15.523626
JVASP-49813,9,O,15.781425,1.2172585,15.276385
JVASP-50097,0,Sc,25.563284,0.26943335,25.298378
JVASP-50097,1,Sc,25.563284,0.26943335,25.298378
JVASP-50097,2,Sc,25.562466,0.26943335,25.297564
JVASP-50097,3,Sc,25.563284,0.26943335,25.298378
JVASP-50097,4,O,17.288637,1.1071162,17.04245
JVASP-50097,5,O,17.287985,1.1071162,16.80451
JVASP-50097,6,O,17.287931,1.1071202,17.079668
JVASP-50097,7,O,17.288193,1.1071202,17.079878
JVASP-50097,8,O,17.288246,1.1071162,16.804726
JVASP-50097,9,O,17.288002,1.1071162,17.041872
JVASP-53963,0,Sc,0.0,0.2775159,0.2775159
JVASP-53963,1,Sc,0.0,0.2775159,0.2775159
JVASP-53963,2,Sc,0.0,0.2775159,0.2775159
JVASP-53963,3,Sc,0.0,0.2775159,0.2775159
JVASP-53963,4,O,0.0,0.7142784,0.7142784
JVASP-53963,5,O,0.0,0.7142784,0.7142784
JVASP-53963,6,O,0.0,0.7142784,0.7142784
JVASP-53963,7,O,0.0,0.7142784,0.7142784
JVASP-7764,0,Sc,57.139248,0.19876656,56.943096
JVASP-7764,1,Sc,57.139248,0.19876656,56.943096
JVASP-7764,2,O,4.4968553,1.191619,5.6677465
JVASP-7764,3,O,4.4968553,1.191619,5.6677465
JVASP-7764,4,O,23.802917,0.81696916,24.598576
JVASP-35670,0,Ti,1.1594251,0.50828135,0.65422225
JVASP-35670,1,Ti,1.1594251,0.50828135,0.65422225
JVASP-35670,2,Ag,6.3449945,1.0286347,7.373225
JVASP-35670,3,Ag,6.3449945,1.0286347,7.373225
JVASP-20528,0,Ag,70.63185,0.36416647,70.60542
JVASP-20528,1,Ti,9.004324,0.65054506,8.616292
JVASP-37388,0,Ti,7.7812123,0.5084972,8.28808
JVASP-37388,1,Ti,7.7812123,0.5084972,8.28808
JVASP-37388,2,Ti,7.7812123,0.5084972,8.28808
JVASP-37388,3,Ti,7.7812123,0.5084972,8.28808
JVASP-37388,4,Ag,62.96495,0.80287534,63.764317
JVASP-37388,5,Ag,62.96495,0.80287534,63.764317
JVASP-54573,0,Ti,0.9365216,0.40844828,1.1933578
JVASP-54573,1,Ti,0.9365216,0.40844828,1.1952772
JVASP-54573,2,Ti,0.9365216,0.40844828,0.52812654
JVASP-54573,3,Ag,0.0,1.1739718,1.1739718
JVASP-13840,0,Yb,16.074776,1.0229312,17.096478
JVASP-13840,1,Yb,16.074776,1.0229312,17.096478
JVASP-13840,2,Cu,66.07744,2.4270663,63.656635
JVASP-13840,3,Cu,66.07744,2.4270663,63.656635
JVASP-13840,4,Si,26.455713,0.72054523,27.158394
JVASP-13840,5,Si,26.455713,0.72054523,27.158394
JVASP-4579,0,Yb,16.261755,1.0232506,17.283758
JVASP-4579,1,Yb,16.261755,1.0232506,17.283758
JVASP-4579,2,Cu,66.14113,2.4283068,63.719044
JVASP-4579,3,Cu,66.14113,2.4283068,63.719044
JVASP-4579,4,Si,26.384272,0.721301,27.087692
JVASP-4579,5,Si,26.384272,0.721301,27.087692
JVASP-16021,0,Yb,16.18868,1.023136,17.21056
JVASP-16021,1,Yb,16.18868,1.023136,17.21056
JVASP-16021,2,Cu,66.10764,2.4278443,63.68602
JVASP-16021,3,Cu,66.10764,2.4278443,63.68602
JVASP-16021,4,Si,26.407131,0.7210798,27.110336
JVASP-16021,5,Si,26.407131,0.7210798,27.110336
JVASP-15658,0,Yb,23.616348,0.4541974,23.166245
JVASP-15658,1,Yb,23.616348,0.4541974,23.166245
JVASP-15658,2,Cu,6.7581425,1.950958,8.703408
JVASP-15658,3,Cu,6.7581425,1.950958,8.703408
JVASP-15658,4,Cu,6.7581425,1.950958,8.703408
JVASP-15658,5,Cu,6.7581425,1.950958,8.703408
JVASP-15658,6,Si,7.0667777,0.88577247,7.92945
JVASP-15658,7,Si,7.0667777,0.88577247,7.92945
JVASP-15658,8,Si,7.0667777,0.88577247,7.92945
JVASP-15658,9,Si,7.0667777,0.88577247,7.92945
JVASP-77302,0,Na,12.136653,0.28619987,12.21174
JVASP-77302,1,Na,12.136653,0.28619987,12.21174
JVASP-77302,2,Li,0.5055156,0.24655053,0.5929443
JVASP-77302,3,Li,0.5055156,0.24655053,0.5929443
JVASP-77302,4,Li,0.5055156,0.24655053,0.5929443
JVASP-77302,5,Li,0.5055156,0.24655053,0.5929443
JVASP-77302,6,Tl,248.07167,1.31627,248.13615
JVASP-77302,7,Tl,248.07167,1.31627,248.13615
JVASP-81148,0,Na,28.3699,0.14826949,28.336842
JVASP-81148,1,Na,28.3699,0.14826949,28.336842
JVASP-81148,2,Li,3.1529384,0.13387422,3.1493237
JVASP-81148,3,Li,3.1529384,0.13387422,3.1493237
JVASP-81148,4,Tl,1549.5577,1.0453836,1549.6956
JVASP-81148,5,Tl,1549.5577,1.0453836,1549.6956
JVASP-81148,6,Tl,1549.5577,1.0453836,1549.6956
JVASP-81148,7,Tl,1549.5577,1.0453836,1549.6956
JVASP-81912,0,Na,0.512609,0.35974756,0.6847423
JVASP-81912,1,Li,0.031538334,0.3996624,0.38695267
JVASP-81912,2,Li,0.031538334,0.3996624,0.38695267
JVASP-81912,3,Tl,15.911829,1.3870414,16.353924
JVASP-5575,0,Nb,37.46986,0.0642315,37.50272
JVASP-5575,1,Nb,37.46986,0.0642315,37.50767
JVASP-5575,2,Nb,37.46986,0.0642315,37.50272
JVASP-5575,3,Nb,37.46986,0.0642315,37.50767
JVASP-5575,4,Nb,102.21788,0.13628568,102.28869
JVASP-5575,5,Nb,102.21788,0.13628568,102.2761
JVASP-5575,6,Nb,102.21788,0.13628568,102.28869
JVASP-5575,7,Nb,102.21788,0.13628568,102.2761
JVASP-5575,8,Te,574.07513,5.2649555,573.4632
JVASP-5575,9,Te,574.07513,5.2649555,573.4629
JVASP-5575,10,Te,574.07513,5.2649555,573.4632
JVASP-5575,11,Te,574.07513,5.2649555,573.4629
JVASP-5575,12,Te,724.58594,5.948902,725.7122
JVASP-5575,13,Te,724.58594,5.948902,725.7085
JVASP-5575,14,Te,724.58594,5.948902,725.7122
JVASP-5575,15,Te,724.58594,5.948902,725.7085
JVASP-5575,16,Te,442.00433,5.688199,443.98636
JVASP-5575,17,Te,442.00433,5.688199,443.98767
JVASP-5575,18,Te,442.00433,5.688199,443.98636
JVASP-5575,19,Te,442.00433,5.688199,443.98767
JVASP-5575,20,Te,702.77124,4.7248626,702.5811
JVASP-5575,21,Te,702.77124,4.7248626,702.58374
JVASP-5575,22,Te,702.77124,4.7248626,702.5811
JVASP-5575,23,Te,702.77124,4.7248626,702.58374
JVASP-5575,24,Te,613.8048,5.0819507,613.432
JVASP-5575,25,Te,613.8048,5.0819507,613.4293
JVASP-5575,26,Te,613.8048,5.0819507,613.432
JVASP-5575,27,Te,613.8048,5.0819507,613.4293
JVASP-5575,28,Te,138.3001,5.6086707,140.7773
JVASP-5575,29,Te,138.3001,5.6086707,140.7805
JVASP-5575,30,Te,138.3001,5.6086707,140.7773
JVASP-5575,31,Te,138.3001,5.6086707,140.7805
JVASP-5575,32,I,407.16034,6.2617865,403.5649
JVASP-5575,33,I,407.16034,6.2617865,403.5641
JVASP-5575,34,I,407.16034,6.2617865,403.5649
JVASP-5575,35,I,407.16034,6.2617865,403.5641
JVASP-5713,0,Nb,79.138794,0.18952683,79.18567
JVASP-5713,1,Nb,79.13726,0.18952654,79.10556
JVASP-5713,2,Nb,79.13726,0.18952654,79.11842
JVASP-5713,3,Nb,79.13726,0.18952654,79.11404
JVASP-5713,4,Nb,79.13726,0.18952654,79.10369
JVASP-5713,5,Nb,79.138794,0.18952683,79.17941
JVASP-5713,6,Te,31.088924,6.296451,25.053564
JVASP-5713,7,Te,31.088924,6.296451,25.053564
JVASP-5713,8,I,192.2629,7.4939475,185.00615
JVASP-5713,9,I,192.2629,7.4939475,185.00615
JVASP-5713,10,I,213.66013,6.885368,214.57632
JVASP-5713,11,I,213.65921,6.885366,215.41237
JVASP-5713,12,I,213.65921,6.885366,215.39314
JVASP-5713,13,I,213.65921,6.885366,215.41426
JVASP-5713,14,I,213.65921,6.885366,215.40349
JVASP-5713,15,I,213.66013,6.885368,214.5886
JVASP-5713,16,I,382.45792,6.7499943,379.65466
JVASP-5713,17,I,382.45596,6.7499943,381.989
JVASP-5713,18,I,382.45596,6.7499943,381.9721
JVASP-5713,19,I,382.45596,6.7499943,381.98044
JVASP-5713,20,I,382.45596,6.7499943,381.98602
JVASP-5713,21,I,382.45792,6.7499943,379.66003
JVASP-31900,0,Nb,43.696053,0.134605,43.657825
JVASP-31900,1,Nb,43.696053,0.134605,43.657825
JVASP-31900,2,Te,1023.13696,4.4321914,1021.96606
JVASP-31900,3,Te,630.8824,6.0903864,635.9459
JVASP-31900,4,Te,630.8824,6.0903864,635.9459
JVASP-31900,5,Te,1044.1122,4.3975983,1044.9896
JVASP-31900,6,Te,650.4727,6.2913966,654.2534
JVASP-31900,7,Te,1044.1122,4.3975983,1044.9896
JVASP-31900,8,Te,1023.13696,4.4321914,1021.96606
JVASP-31900,9,Te,650.4727,6.2913966,654.2534
JVASP-31900,10,I,479.14053,4.7842035,480.6363
JVASP-31900,11,I,973.06433,4.283651,975.0766
JVASP-31900,12,I,479.14053,4.7842035,480.6363
JVASP-31900,13,I,1063.7435,4.2074246,1061.9061
JVASP-31900,14,I,1075.7587,4.1639967,1074.3043
JVASP-31900,15,I,1075.7587,4.1639967,1074.3043
JVASP-31900,16,I,1046.879,4.532281,1047.4744
JVASP-31900,17,I,973.06433,4.283651,975.0766
JVASP-31900,18,I,453.85904,4.772389,453.30142
JVASP-31900,19,I,1046.879,4.532281,1047.4744
JVASP-31900,20,I,1063.7435,4.2074246,1061.9061
JVASP-31900,21,I,453.85904,4.772389,453.30142
JVASP-14719,0,Rh,62.779213,1.376552,61.514484
JVASP-14719,1,Rh,62.779213,1.376552,61.51823
JVASP-14719,2,Rh,62.782364,1.3765501,61.586063
JVASP-14719,3,Pb,598.7949,1.2773085,599.89844
JVASP-14719,4,Pb,598.7949,1.2773085,599.89844
JVASP-14719,5,Pb,976.12695,1.2672101,975.0072
JVASP-14656,0,Rh,26.798786,1.3498298,26.75465
JVASP-14656,1,Rh,26.798786,1.3498298,26.75465
JVASP-14656,2,Pb,252.45589,1.2324696,252.97444
JVASP-14656,3,Pb,252.45029,1.2324694,252.40718
JVASP-14656,4,Pb,252.45589,1.2324696,252.97444
JVASP-14656,5,Pb,252.45029,1.2324694,252.40718
JVASP-39454,0,Rh,18.0903,0.8131796,17.277424
JVASP-39454,1,Rh,18.0903,0.8131796,17.277424
JVASP-39454,2,Rh,8.913693,0.8131796,9.726605
JVASP-39454,3,Rh,18.0903,0.8131796,17.277424
JVASP-39454,4,Rh,18.0903,0.8131796,17.277424
JVASP-39454,5,Rh,8.913693,0.8131796,9.726605
JVASP-39454,6,Pb,50.767307,1.3750448,51.992214
JVASP-39454,7,Pb,50.767307,1.3750448,51.992214
JVASP-65573,0,Ba,30.123825,0.039757166,30.132212
JVASP-65573,1,Bi,686.5846,1.1619601,686.1751
JVASP-65573,2,Bi,839.55853,0.9549388,839.69403
JVASP-65573,3,Br,106.40746,1.6967803,104.78366
JVASP-65590,0,Ba,30.536156,0.039762985,30.544558
JVASP-65590,1,Bi,692.6259,1.1618,692.2167
JVASP-65590,2,Bi,847.3153,0.95495826,847.4506
JVASP-65590,3,Br,106.67283,1.6965353,105.04926
JVASP-69119,0,Ba,30.629236,0.03977902,30.637663
JVASP-69119,1,Bi,692.49286,1.1615921,692.0839
JVASP-69119,2,Bi,847.3667,0.9549329,847.5022
JVASP-69119,3,Br,106.56668,1.6967779,104.94287
JVASP-78538,0,Rb,78.70415,0.23899947,78.941475
JVASP-78538,1,Rb,78.70415,0.23899947,78.941475
JVASP-78538,2,Bi,783.62604,1.1134887,783.96216
JVASP-78538,3,Bi,783.62604,1.1134887,783.96216
JVASP-86208,0,Rb,24.814964,0.29126453,24.545437
JVASP-86208,1,Rb,24.814964,0.29126453,24.545437
JVASP-86208,2,Rb,81.71008,0.2784387,81.972336
JVASP-86208,3,Rb,24.814964,0.29126453,24.545437
JVASP-86208,4,Rb,81.71008,0.2784387,81.972336
JVASP-86208,5,Rb,24.814964,0.29126453,24.545437
JVASP-86208,6,Bi,76.41632,0.95768636,76.47141
JVASP-86208,7,Bi,76.41673,0.95768636,76.47182
JVASP-86810,0,Rb,24.814964,0.29126453,24.545431
JVASP-86810,1,Rb,24.814964,0.29126453,24.545431
JVASP-86810,2,Rb,81.71008,0.27843854,81.972336
JVASP-86810,3,Rb,24.814964,0.29126453,24.545431
JVASP-86810,4,Rb,81.71008,0.27843854,81.972336
JVASP-86810,5,Rb,24.814964,0.29126453,24.545431
JVASP-86810,6,Bi,76.41673,0.95768654,76.47183
JVASP-86810,7,Bi,76.41673,0.95768654,76.47183
JVASP-19941,0,Y,0.0050990195,0.1067148,0.107040696
JVASP-19941,1,Te,0.0014142137,2.398809,2.400204
JVASP-41552,0,Y,28.185055,0.10741222,28.129778
JVASP-41552,1,Te,47.838127,2.46219,50.15501
JVASP-12182,0,Y,10.350734,0.11943425,10.432585
JVASP-12182,1,Y,10.350734,0.11943425,10.432585
JVASP-12182,2,Y,10.350734,0.11943425,10.432585
JVASP-12182,3,Y,10.350734,0.11943425,10.432585
JVASP-12182,4,Te,690.7504,2.8794186,691.17487
JVASP-12182,5,Te,690.7504,2.8794186,691.17487
JVASP-12182,6,Te,693.6662,2.8757591,694.38226
JVASP-12182,7,Te,693.6662,2.8757591,694.38226
JVASP-12182,8,Te,62.57066,4.837557,63.9655
JVASP-12182,9,Te,62.57066,4.837557,63.9655
JVASP-12182,10,Te,690.7504,2.8794186,691.17487
JVASP-12182,11,Te,690.7504,2.8794186,691.17487
JVASP-12182,12,Te,693.6662,2.8757591,694.38226
JVASP-12182,13,Te,693.6662,2.8757591,694.38226
JVASP-12182,14,Te,62.57066,4.837557,63.9655
JVASP-12182,15,Te,62.57066,4.837557,63.9655
JVASP-29673,0,Hg,26.094414,2.4854317,23.653564
JVASP-29673,1,Hg,26.09319,2.4844868,23.65325
JVASP-29673,2,Hg,26.09523,2.485157,23.65465
JVASP-29673,3,Br,61.555897,4.0547423,57.611835
JVASP-29673,4,Br,61.572853,4.0547104,57.62346
JVASP-29673,5,Br,61.5724,4.054711,57.668545
JVASP-29673,6,Br,61.55591,4.054742,57.62651
JVASP-29673,7,Br,61.57281,4.0547104,57.653896
JVASP-29673,8,Br,61.555862,4.0547395,57.657085
JVASP-3648,0,Br,540.4777,2.3624554,540.60156
JVASP-3648,1,Br,540.4777,2.3624554,540.5761
JVASP-3648,2,Br,534.4881,2.363192,534.6575
JVASP-3648,3,Br,534.4881,2.363192,534.6323
JVASP-3648,4,Hg,653.1421,2.7638466,653.6962
JVASP-3648,5,Hg,653.1421,2.7638466,653.6828
JVASP-1984,0,Br,350.8338,4.321885,353.45584
JVASP-1984,1,Br,350.8338,4.321885,353.45584
JVASP-1984,2,Hg,643.36365,2.7536564,645.0001
JVASP-1984,3,Hg,643.36365,2.7536564,645.0001
JVASP-16042,0,Ta,0.0,0.5956574,0.5956574
JVASP-16042,1,F,123.40038,3.388616,125.1487
JVASP-16042,2,F,123.40038,3.388616,125.109406
JVASP-16042,3,F,123.40039,3.388616,120.011894
JVASP-30603,0,Ta,648.02814,0.6328889,648.16425
JVASP-30603,1,F,158.05934,2.5394213,158.60071
JVASP-30603,2,F,158.05934,2.5394213,158.60071
JVASP-30603,3,F,12.68996,2.0557382,12.375007
JVASP-30603,4,F,12.68996,2.0557382,12.375007
JVASP-30603,5,F,243.31807,1.9218748,243.20923
JVASP-8294,0,Ta,648.055,0.63289076,648.19116
JVASP-8294,1,F,158.05957,2.5394225,158.60095
JVASP-8294,2,F,158.05957,2.5394225,158.60095
JVASP-8294,3,F,12.686841,2.0557516,12.371987
JVASP-8294,4,F,12.686841,2.0557516,12.371987
JVASP-8294,5,F,243.31807,1.9218751,243.20923
JVASP-35059,0,Pa,80.93849,0.6807015,80.26572
JVASP-35059,1,Pa,80.93849,0.6807015,80.26572
JVASP-35059,2,P,19.148478,2.1002924,21.217623
JVASP-35059,3,P,19.148478,2.1002924,21.217623
JVASP-35059,4,P,118.29157,1.9041036,116.42094
JVASP-35059,5,P,118.29157,1.9041036,116.42094
JVASP-35028,0,P,112.1605,1.0824523,113.218994
JVASP-35028,1,P,112.1605,1.0824523,113.218994
JVASP-35028,2,Pa,608.21893,0.68131953,607.5448
JVASP-30440,0,Pa,228.68274,0.68674517,228.00218
JVASP-30440,1,Pa,228.68314,0.68674517,228.0026
JVASP-30440,2,P,138.5278,1.1408871,138.06808
JVASP-30440,3,P,138.5278,1.1408871,138.04932
JVASP-30440,4,P,138.52872,1.1408856,138.37125
JVASP-30440,5,P,138.52827,1.1408871,138.06856
JVASP-30440,6,P,138.52827,1.1408871,138.04979
JVASP-30440,7,P,138.52872,1.1408856,138.37125
JVASP-17526,0,Np,563.16095,0.6319407,562.5427
JVASP-17526,1,Ga,9.325207,0.21499904,9.416018
JVASP-17526,2,Ga,9.325207,0.21499904,9.416018
JVASP-17842,0,Np,0.0,0.662426,0.662426
JVASP-17842,1,Ga,111.3783,0.19081615,111.42365
JVASP-17842,2,Ga,111.3783,0.19081615,111.19603
JVASP-17842,3,Ga,111.3783,0.19081615,111.515465
JVASP-13755,0,Np,563.16095,0.6319407,562.5427
JVASP-13755,1,Ga,9.325207,0.21499904,9.416018
JVASP-13755,2,Ga,9.325207,0.21499904,9.416018
JVASP-37761,0,Hf,5.423987,0.4406122,4.984154
JVASP-37761,1,Hf,5.423987,0.4406122,4.984154
JVASP-37761,2,Tl,140.40802,1.3391914,141.64967
JVASP-37761,3,Tl,140.40802,1.3391914,141.64967
JVASP-37761,4,Tl,546.7972,1.3391914,545.55664
JVASP-37761,5,Tl,140.40802,1.3391914,141.64967
JVASP-37761,6,Tl,140.40802,1.3391914,141.64967
JVASP-37761,7,Tl,546.7972,1.3391914,545.55664
JVASP-38484,0,Hf,49.359665,0.44208336,48.918224
JVASP-38484,1,Hf,49.359665,0.44208336,48.918224
JVASP-38484,2,Hf,320.51736,0.44208336,320.9588
JVASP-38484,3,Hf,49.359665,0.44208336,48.918224
JVASP-38484,4,Hf,49.359665,0.44208336,48.918224
JVASP-38484,5,Hf,320.51736,0.44208336,320.9588
JVASP-38484,6,Tl,115.92129,1.3799896,114.62972
JVASP-38484,7,Tl,115.92129,1.3799896,114.62972
JVASP-78286,0,Hf,97.265976,0.43996185,96.82703
JVASP-78286,1,Hf,97.265976,0.43996185,96.82703
JVASP-78286,2,Hf,97.265976,0.43996185,96.82703
JVASP-78286,3,Hf,97.265976,0.43996185,96.82703
JVASP-78286,4,Tl,73.586754,1.3582927,74.84562
JVASP-78286,5,Tl,73.586754,1.3582927,74.84562
JVASP-15049,0,B,0.0,0.26011434,0.26011434
JVASP-15049,1,Pu,0.013856406,0.6196329,0.61323535
JVASP-14795,0,Pu,521.6213,0.5659193,522.1662
JVASP-14795,1,B,6.0330935,0.8115118,5.223447
JVASP-14795,2,B,6.0330935,0.8115118,5.223447
JVASP-26864,0,Pu,0.0,0.41685304,0.41685304
JVASP-26864,1,B,19.957626,0.99881375,19.501722
JVASP-26864,2,B,19.957626,0.99881375,20.955727
JVASP-26864,3,B,19.957626,0.99881375,20.955727
JVASP-26864,4,B,19.957626,0.99881375,19.45389
JVASP-26864,5,B,19.957626,0.99881375,19.45389
JVASP-26864,6,B,19.957626,0.99881375,19.501722
JVASP-67517,0,Na,7.7330394,0.40862662,7.330122
JVASP-67517,1,Be,5.9506273,0.30318996,5.6588244
JVASP-67517,2,Be,5.9506273,0.30318996,5.6588244
JVASP-67517,3,Bi,494.52094,1.1313539,495.25513
JVASP-67683,0,Be,8.220496,0.38116774,8.591223
JVASP-67683,1,Bi,211.9274,1.0248789,212.1997
JVASP-67683,2,Na,15.268486,0.502969,14.77318
JVASP-68139,0,Be,2.5027263,0.39608505,2.8931909
JVASP-68139,1,Bi,332.66278,1.0992782,331.9354
JVASP-68139,2,Na,4.539722,0.3765142,4.9129424
JVASP-68139,3,Na,2.671578,0.3765142,3.0449605
JVASP-36828,0,Pd,18.30193,0.29348668,18.479345
JVASP-36828,1,Au,464.41724,0.7013225,464.965
JVASP-36828,2,O,17.492308,0.9820448,16.669731
JVASP-36828,3,O,17.492308,0.9820448,16.669731
JVASP-36836,0,Pd,171.95056,0.72036237,172.53201
JVASP-36836,1,Pd,31.166597,0.2026632,31.035172
JVASP-36836,2,Au,439.66434,0.883353,440.3338
JVASP-36836,3,Au,439.66434,0.883353,440.3338
JVASP-36836,4,O,49.52397,1.2335806,49.117744
JVASP-36836,5,O,127.79678,1.1792947,127.65572
JVASP-36836,6,O,127.79678,1.1792947,127.65572
JVASP-36836,7,O,49.52397,1.2335806,49.117744
JVASP-36840,0,Pd,16.913727,0.29414812,17.12975
JVASP-36840,1,Pd,16.913727,0.29414812,17.12975
JVASP-36840,2,Au,465.15567,0.70161074,465.7428
JVASP-36840,3,Au,465.15567,0.70161074,465.7428
JVASP-36840,4,O,15.296656,0.98354846,14.359529
JVASP-36840,5,O,15.296656,0.98354846,14.359529
JVASP-36840,6,O,15.296656,0.98354846,14.359529
JVASP-36840,7,O,15.296656,0.98354846,14.359529
JVASP-4660,0,B,30.299788,1.2228636,31.4271
JVASP-4660,1,B,30.299788,1.2228636,31.4271
JVASP-4660,2,C,33.297256,1.0767072,34.29063
JVASP-4660,3,C,33.297256,1.0767072,34.29063
JVASP-4660,4,Dy,444.8239,0.41893566,444.4398
JVASP-4660,5,Dy,444.8239,0.41893566,444.4398
JVASP-20824,0,Dy,12.802667,0.25700945,13.052107
JVASP-20824,1,Dy,12.802667,0.25700945,13.052107
JVASP-20824,2,B,24.47403,2.316632,22.197979
JVASP-20824,3,B,24.47403,2.316632,22.200254
JVASP-20824,4,B,24.47403,2.316632,22.197979
JVASP-20824,5,B,24.47403,2.316632,22.200254
JVASP-20824,6,C,31.182205,2.1119473,29.127281
JVASP-20824,7,C,31.182205,2.1119473,29.120092
JVASP-20824,8,C,31.182205,2.1119473,29.120092
JVASP-20824,9,C,31.182205,2.1119473,29.127281
JVASP-59684,0,Dy,34.581898,0.26124775,34.83549
JVASP-59684,1,Dy,34.581898,0.26124775,34.83549
JVASP-59684,2,B,20.593191,2.21221,18.532282
JVASP-59684,3,B,20.593191,2.21221,18.633612
JVASP-59684,4,B,20.593191,2.21221,18.532282
JVASP-59684,5,B,20.593191,2.21221,18.633612
JVASP-59684,6,C,35.168407,2.2429037,32.945927
JVASP-59684,7,C,35.168407,2.2429037,32.946808
JVASP-59684,8,C,35.168407,2.2429037,32.946808
JVASP-59684,9,C,35.168407,2.2429037,32.945927
JVASP-78275,0,Te,0.0,2.2166464,2.2166464
JVASP-78275,1,Te,0.0,2.2166464,2.2166464
JVASP-78275,2,Te,0.0,2.2166464,2.2166464
JVASP-78275,3,Te,0.0,2.2166464,2.2166464
JVASP-78275,4,As,0.0,0.6782732,0.6782732
JVASP-78275,5,As,0.0,0.6782732,0.6782732
JVASP-78275,6,As,0.0,0.6782732,0.6782732
JVASP-78275,7,As,0.0,0.6782732,0.6782732
JVASP-8215,0,As,15.761078,0.74976015,16.432365
JVASP-8215,1,As,15.762664,0.74977267,16.43396
JVASP-8215,2,Te,60.710674,4.2995906,56.99176
JVASP-8215,3,Te,60.710674,4.299569,56.99178
JVASP-8215,4,Te,101.15011,2.2917304,103.10715
JVASP-9156,0,As,111.719376,2.330426,110.25046
JVASP-9156,1,As,111.719376,2.330426,110.25046
JVASP-9156,2,As,37.96587,2.728071,37.092113
JVASP-9156,3,As,37.96587,2.728071,37.092113
JVASP-9156,4,Te,404.8441,4.4467196,402.75098
JVASP-9156,5,Te,404.8441,4.4467196,402.75098
JVASP-9156,6,Te,425.7642,3.6555984,426.42728
JVASP-9156,7,Te,425.7642,3.6555984,426.42728
JVASP-9156,8,Te,46.263542,4.457582,42.348846
JVASP-9156,9,Te,46.263542,4.457582,42.348846
JVASP-17268,0,F,273.75903,2.5009408,273.0323
JVASP-17268,1,F,273.7587,2.5009413,275.36823
JVASP-17268,2,F,273.75885,2.5009408,272.90936
JVASP-17268,3,F,273.7587,2.5009413,275.36823
JVASP-17268,4,F,273.75903,2.5009408,273.0323
JVASP-17268,5,F,273.75885,2.5009408,272.90936
JVASP-17268,6,Pd,13.285057,0.31793705,13.183834
JVASP-17268,7,Pd,13.285057,0.31793714,13.183833
JVASP-19614,0,Pd,88.52201,0.35769638,88.49366
JVASP-19614,1,Pd,88.52201,0.35769638,88.497574
JVASP-19614,2,F,182.22989,2.4230669,181.61198
JVASP-19614,3,F,182.22989,2.4230669,181.58002
JVASP-19614,4,F,182.22989,2.4230669,181.61198
JVASP-19614,5,F,182.22989,2.4230669,181.58002
JVASP-11152,0,F,407.25253,2.2482412,406.62018
JVASP-11152,1,F,407.25323,2.2482412,408.20932
JVASP-11152,2,F,276.03864,2.620155,275.63574
JVASP-11152,3,F,276.03745,2.6201606,276.22037
JVASP-11152,4,F,276.03735,2.6201553,275.51038
JVASP-11152,5,F,276.03815,2.6201608,275.91586
JVASP-11152,6,F,407.25226,2.2482417,408.60864
JVASP-11152,7,F,407.25272,2.248241,406.48196
JVASP-11152,8,Pd,36.07632,0.2798328,35.964035
JVASP-11152,9,Pd,36.077297,0.2798329,36.000805
JVASP-19589,0,Sb,0.00081649655,1.261417,1.2621509
JVASP-19589,1,Dy,0.0072571808,1.331351,1.3260465
JVASP-35791,0,Dy,131.13385,0.59619015,131.42683
JVASP-35791,1,Sb,416.27625,3.4867847,412.91107
JVASP-35791,2,Sb,416.27625,3.4867847,412.91266
JVASP-36272,0,Dy,0.0,0.538416,0.538416
JVASP-36272,1,Sb,0.0,3.0873177,3.0873177
JVASP-38931,0,Mg,1.4117233,0.54841256,1.9571568
JVASP-38931,1,Mg,1.4117233,0.54841256,1.9571568
JVASP-38931,2,Tl,57.0072,1.277843,56.328346
JVASP-38931,3,Tl,57.007706,1.277843,57.037388
JVASP-38931,4,Tl,57.0072,1.277843,56.3652
JVASP-38931,5,Tl,57.0072,1.277843,56.3652
JVASP-38931,6,Tl,57.007706,1.277843,57.037388
JVASP-38931,7,Tl,57.0072,1.277843,56.328346
JVASP-56750,0,Mg,9.24315,0.6179577,9.854327
JVASP-56750,1,Mg,3.2635174,0.5704666,3.8238297
JVASP-56750,2,Mg,9.24315,0.6179577,9.854339
JVASP-56750,3,Mg,3.263686,0.5704665,3.7968884
JVASP-56750,4,Mg,3.263686,0.5704665,3.7873533
JVASP-56750,5,Mg,9.243151,0.6179586,9.854282
JVASP-56750,6,Tl,386.0151,1.3489356,384.77032
JVASP-56750,7,Tl,280.5082,1.3578656,279.25064
JVASP-56750,8,Tl,386.0151,1.3489356,384.77032
JVASP-16575,0,Mg,0.0,0.62958807,0.62958807
JVASP-16575,1,Tl,0.0,1.3198013,1.3198013
JVASP-69168,0,Ba,104.93696,0.077310406,105.003296
JVASP-69168,1,Tl,152.40807,1.2079597,153.47752
JVASP-69168,2,Sb,68.308105,2.950455,65.50798
JVASP-69168,3,Sb,377.23856,2.5770419,374.7966
JVASP-69287,0,Ba,104.931244,0.07730784,104.997574
JVASP-69287,1,Tl,152.48808,1.2079741,153.55756
JVASP-69287,2,Sb,68.28688,2.9503405,65.48687
JVASP-69287,3,Sb,377.19528,2.5769784,374.7534
JVASP-69360,0,Ba,104.94267,0.07732191,105.00902
JVASP-69360,1,Tl,152.54851,1.2079767,153.61798
JVASP-69360,2,Sb,68.26973,2.9501097,65.469955
JVASP-69360,3,Sb,377.25653,2.5768414,374.81473
JVASP-3831,0,Cl,286.77032,1.9433453,287.41495
JVASP-3831,1,Cl,286.7694,1.9433454,286.70255
JVASP-3831,2,Cl,284.69757,1.9657335,283.58826
JVASP-3831,3,Cl,284.69757,1.9657335,283.58826
JVASP-3831,4,Cl,286.7694,1.9433454,286.70255
JVASP-3831,5,Cl,286.77032,1.9433453,287.41495
JVASP-3831,6,Ir,65.84874,1.7104987,64.44918
JVASP-3831,7,Ir,65.84874,1.7104987,64.44918
JVASP-39875,0,Ir,367.49738,1.7353342,365.7778
JVASP-39875,1,Ir,367.49695,1.7353342,365.77744
JVASP-39875,2,Cl,277.7068,0.5649652,278.2662
JVASP-39875,3,Cl,277.70682,0.5649661,277.97552
JVASP-39875,4,Cl,277.70682,0.5649661,277.97568
JVASP-39875,5,Cl,277.7082,0.5649652,278.2676
JVASP-39875,6,Cl,277.70673,0.5649661,277.97543
JVASP-39875,7,Cl,277.70673,0.5649661,277.97562
JVASP-42077,0,Ir,78.37514,1.7912053,77.36394
JVASP-42077,1,Ir,78.37514,1.7912053,77.39764
JVASP-42077,2,Cl,311.1078,1.9603515,311.85678
JVASP-42077,3,Cl,311.1078,1.9603515,311.85678
JVASP-42077,4,Cl,311.1078,1.9603515,311.83868
JVASP-42077,5,Cl,311.1078,1.9603515,311.83868
JVASP-18622,0,Pr,59.690052,0.11916465,59.686455
JVASP-18622,1,Pr,59.690052,0.11916465,59.686455
JVASP-18622,2,Au,346.12332,2.1236987,346.12677
JVASP-18622,3,Au,346.12332,2.1236987,346.12677
JVASP-18622,4,Au,346.12323,2.1236987,346.4105
JVASP-18622,5,Au,346.12323,2.1236987,346.4105
JVASP-37129,0,Pr,47.374348,0.060025338,47.42855
JVASP-37129,1,Pr,47.374348,0.060025338,47.42855
JVASP-37129,2,Au,173.32071,2.0001616,173.77948
JVASP-37129,3,Au,173.32071,2.0001616,173.77948
JVASP-7699,0,Pr,0.0,0.08194613,0.08194613
JVASP-7699,1,Au,0.0,1.5445163,1.5445163
JVASP-1540,0,Al,17.650206,0.052167278,17.62814
JVASP-1540,1,Al,17.650206,0.052167278,17.62814
JVASP-1540,2,Al,17.650206,0.052167278,17.62814
JVASP-1540,3,Al,17.650206,0.052167278,17.62814
JVASP-1540,4,Os,336.31006,1.026502,337.3225
JVASP-1540,5,Os,336.31006,1.026502,337.3225
JVASP-17426,0,Al,3.4517155,0.056707736,3.4253058
JVASP-17426,1,Al,1.4224521,0.04421932,1.4296075
JVASP-17426,2,Al,1.4224521,0.04421932,1.4296075
JVASP-17426,3,Os,73.79061,1.0464352,74.69749
JVASP-17426,4,Os,73.79061,1.0464352,74.69749
JVASP-19875,0,Al,0.0,0.042564504,0.042564504
JVASP-19875,1,Os,0.0,1.0250032,1.0250032
JVASP-14583,0,Zr,39.166527,0.042941507,39.149307
JVASP-14583,1,Zr,39.166527,0.042941507,39.149307
JVASP-14583,2,Hg,330.57578,1.7173698,330.14584
JVASP-14583,3,Hg,330.57578,1.7173698,330.14584
JVASP-19776,0,Zr,0.0,0.042420957,0.042420957
JVASP-19776,1,Hg,268.32935,1.70081,266.69067
JVASP-19776,2,Hg,268.32935,1.70081,269.54202
JVASP-19776,3,Hg,268.32935,1.70081,268.7634
JVASP-19785,0,Zr,115.32361,0.100259855,115.30798
JVASP-19785,1,Zr,115.32361,0.100259855,115.30798
JVASP-19785,2,Zr,115.32361,0.100259855,115.24577
JVASP-19785,3,Zr,115.32361,0.100259855,115.24577
JVASP-19785,4,Zr,115.32361,0.100259855,115.41714
JVASP-19785,5,Zr,115.32361,0.100259855,115.41714
JVASP-19785,6,Hg,0.0,1.7042071,1.7042071
JVASP-19785,7,Hg,0.0,1.7042071,1.7042071
JVASP-14549,0,Er,0.0,0.93702805,0.93702805
JVASP-14549,1,Tl,324.81213,1.297283,324.99875
JVASP-14549,2,Tl,324.81216,1.297283,323.60858
JVASP-14549,3,Tl,324.81213,1.297283,325.83298
JVASP-14865,0,Er,0.0,0.8125858,0.8125858
JVASP-14865,1,Tl,0.0,1.2891246,1.2891246
JVASP-19611,0,Er,9.154559,0.99925244,8.156265
JVASP-19611,1,Tl,306.95456,1.297994,308.152
JVASP-54808,0,Tl,335.75677,1.3614051,335.23993
JVASP-54808,1,Tl,335.76178,1.3614051,336.3982
JVASP-54808,2,Tl,335.76178,1.3614051,336.3982
JVASP-54808,3,Tl,335.75677,1.3614051,335.23993
JVASP-54808,4,Pd,49.49359,1.599969,49.39185
JVASP-54808,5,Pd,49.49359,1.599969,49.39185
JVASP-54851,0,Tl,44.365158,1.442453,45.718323
JVASP-54851,1,Tl,44.365158,1.442453,45.718323
JVASP-54851,2,Pd,29.681284,1.0042663,30.685122
JVASP-54851,3,Pd,21.814339,1.0042663,20.810537
JVASP-54851,4,Pd,21.814339,1.0042663,20.810537
JVASP-54851,5,Pd,29.681284,1.0042663,30.685122
JVASP-54851,6,Pd,21.814339,1.0042663,20.810537
JVASP-54851,7,Pd,21.814339,1.0042663,20.810537
JVASP-56312,0,Tl,0.034292858,1.4564795,1.4239453
JVASP-56312,1,Pd,19.134949,1.2575793,18.475939
JVASP-56312,2,Pd,19.134949,1.2575793,18.581814
JVASP-56312,3,Pd,18.883118,1.2575793,20.139334
JVASP-37233,0,Sm,22.696156,0.0356176,22.69448
JVASP-37233,1,Sm,70.93641,0.09393008,71.0151
JVASP-37233,2,Ag,54.386837,0.38145852,54.084343
JVASP-37233,3,Ag,54.386837,0.38145852,54.084343
JVASP-37233,4,O,105.400665,1.5258205,106.45761
JVASP-37233,5,O,105.400665,1.5258205,106.45761
JVASP-37233,6,O,59.57649,1.3872149,58.19397
JVASP-37233,7,O,105.400665,1.5258205,106.22757
JVASP-37233,8,O,105.400665,1.5258205,106.22757
JVASP-50915,0,Sm,303.97064,0.06814571,304.01962
JVASP-50915,1,Sm,303.97064,0.0681433,304.01962
JVASP-50915,2,Ag,229.43962,1.4641967,230.89325
JVASP-50915,3,Ag,229.46576,1.4642196,230.91939
JVASP-50915,4,O,83.16385,2.0022361,81.167076
JVASP-50915,5,O,83.16386,2.002253,81.16705
JVASP-50915,6,O,83.16386,2.0022895,81.16702
JVASP-50915,7,O,83.16385,2.0023062,81.167
JVASP-52263,0,Sm,303.39624,0.06816089,303.44522
JVASP-52263,1,Ag,229.19876,1.4638469,230.65201
JVASP-52263,2,O,83.2704,2.0014424,81.274414
JVASP-52263,3,O,83.2704,2.0014424,81.274414
JVASP-3438,0,Li,0.20498292,0.13552284,0.2997205
JVASP-3438,1,Li,0.20498292,0.13552284,0.2997205
JVASP-3438,2,Se,314.84598,0.42082798,314.975
JVASP-3438,3,Se,314.84592,0.42082763,314.57068
JVASP-3438,4,Se,314.8462,0.420828,314.64352
JVASP-3438,5,Se,314.84592,0.42082798,315.12506
JVASP-3438,6,In,2.9985332,0.34962413,2.8474174
JVASP-3438,7,In,2.9985332,0.34962413,2.8474174
JVASP-7662,0,Li,0.1723949,0.41213933,0.56252944
JVASP-7662,1,Se,31.52964,5.6288033,27.16153
JVASP-7662,2,Se,31.52964,5.6288033,27.16153
JVASP-7662,3,In,3.1267028,0.4420384,3.2032125
JVASP-8808,0,Li,1.0516475,0.42811984,1.4736918
JVASP-8808,1,Li,1.0516475,0.42811984,1.4736918
JVASP-8808,2,In,114.20748,0.4665829,114.08903
JVASP-8808,3,In,114.20748,0.4665829,114.08903
JVASP-8808,4,Se,265.8916,5.4833674,269.66525
JVASP-8808,5,Se,265.8916,5.4833674,269.66525
JVASP-8808,6,Se,265.8928,5.4833636,267.72675
JVASP-8808,7,Se,265.8928,5.4833636,267.72675
JVASP-14013,0,Ti,31.375515,0.30746517,31.67811
JVASP-14013,1,Ti,31.375515,0.30746517,31.67811
JVASP-14013,2,Ti,31.375515,0.30746517,31.67811
JVASP-14013,3,Ti,31.375515,0.30746517,31.67811
JVASP-14013,4,In,288.22287,0.4467037,288.522
JVASP-14013,5,In,288.22287,0.4467037,288.522
JVASP-14013,6,C,3.0969715,1.0288868,2.07181
JVASP-14013,7,C,3.0969715,1.0288868,2.07181
JVASP-17673,0,Ti,144.38762,0.35419253,144.59154
JVASP-17673,1,Ti,144.38762,0.35419253,144.0349
JVASP-17673,2,Ti,144.38762,0.35419253,144.53706
JVASP-17673,3,In,0.0,0.68526363,0.68526363
JVASP-17673,4,C,0.0,0.50428504,0.50428504
JVASP-17669,0,Ti,31.375515,0.30746472,31.678118
JVASP-17669,1,Ti,31.375515,0.30746472,31.678118
JVASP-17669,2,Ti,31.375515,0.30746472,31.678118
JVASP-17669,3,Ti,31.375515,0.30746472,31.678118
JVASP-17669,4,In,288.22287,0.44670385,288.522
JVASP-17669,5,In,288.22287,0.44670385,288.522
JVASP-17669,6,C,3.0969715,1.0288873,2.0718095
JVASP-17669,7,C,3.0969715,1.0288873,2.0718095
JVASP-16810,0,Sn,295.3111,1.4073375,294.8139
JVASP-16810,1,Sn,262.51498,1.3785549,261.38507
JVASP-16810,2,Sn,260.3719,1.5775888,261.32013
JVASP-16810,3,Sn,260.3719,1.5775888,261.32013
JVASP-16810,4,Nd,51.69098,0.13539797,51.569336
JVASP-16810,5,Nd,51.69098,0.13539797,51.569336
JVASP-20534,0,Nd,0.0,0.09995352,0.09995352
JVASP-20534,1,Sn,196.33478,0.7900467,196.40369
JVASP-20534,2,Sn,196.33478,0.7900467,195.61972
JVASP-20534,3,Sn,196.33478,0.7900467,196.9833
JVASP-20264,0,Nd,0.0,0.09993523,0.09993523
JVASP-20264,1,Sn,196.33884,0.79024756,196.40768
JVASP-20264,2,Sn,196.33884,0.79024756,195.62366
JVASP-20264,3,Sn,196.33884,0.79024756,196.9876
JVASP-2709,0,K,0.04411349,0.026741406,0.06516762
JVASP-2709,1,K,0.04411349,0.026741406,0.06516762
JVASP-2709,2,Pd,5.1369886,0.8452828,5.9639277
JVASP-2709,3,F,272.01822,2.8719633,272.2693
JVASP-2709,4,F,272.01822,2.8719633,272.2686
JVASP-2709,5,F,272.01733,2.8719552,272.45428
JVASP-2709,6,F,272.01822,2.8719633,272.2693
JVASP-2709,7,F,272.01822,2.8719633,272.2686
JVASP-2709,8,F,272.01733,2.8719552,272.45428
JVASP-16123,0,K,0.0,0.022478499,0.022478499
JVASP-16123,1,Pd,0.0,1.5633197,1.5633197
JVASP-16123,2,F,212.58142,2.8931758,209.69043
JVASP-16123,3,F,212.58144,2.8931758,214.13594
JVASP-16123,4,F,212.58144,2.8931758,213.94722
JVASP-3963,0,K,8.277316,0.18343793,8.412676
JVASP-3963,1,K,8.277316,0.18343793,8.412676
JVASP-3963,2,Pd,250.81102,1.7184045,250.88307
JVASP-3963,3,F,183.76094,3.5249958,182.12657
JVASP-3963,4,F,183.76094,3.5249963,185.51634
JVASP-3963,5,F,183.76094,3.5249958,182.12657
JVASP-3963,6,F,183.76094,3.5249963,185.51634
JVASP-30485,0,Mg,27.219168,0.112848334,27.321554
JVASP-30485,1,Mg,18.582277,0.31079435,18.271961
JVASP-30485,2,Mg,18.582277,0.31079435,18.271961
JVASP-30485,3,Mg,27.219168,0.112848334,27.321554
JVASP-30485,4,As,14.012996,0.4683704,13.855012
JVASP-30485,5,As,14.012996,0.4683704,13.855012
JVASP-39318,0,Mg,5.4893074,0.24754316,5.2433467
JVASP-39318,1,As,266.17746,0.91690624,267.06805
JVASP-8147,0,Mg,5.035338,0.44621828,5.478764
JVASP-8147,1,Mg,5.035338,0.44621828,5.478764
JVASP-8147,2,Mg,1.1602554,0.50962865,1.6672664
JVASP-8147,3,As,19.167257,2.9070656,22.011017
JVASP-8147,4,As,19.167257,2.9070656,22.011017
JVASP-33894,0,Ag,181.14311,0.5184281,181.07233
JVASP-33894,1,Ag,181.14381,0.5184285,181.06296
JVASP-33894,2,N,106.05642,2.0553854,105.62565
JVASP-33894,3,N,106.056496,2.0553854,105.40779
JVASP-33894,4,O,260.44177,2.7231567,260.58224
JVASP-33894,5,O,222.74753,2.6628568,222.05066
JVASP-33894,6,O,222.74716,2.6628575,223.4163
JVASP-33894,7,O,260.4414,2.7231567,259.53235
JVASP-8098,0,Ag,176.823,0.2904927,176.6013
JVASP-8098,1,Ag,176.823,0.2904927,176.6013
JVASP-8098,2,N,110.83983,1.971163,109.79613
JVASP-8098,3,N,110.83983,1.971163,109.79613
JVASP-8098,4,O,235.41788,2.572418,234.72661
JVASP-8098,5,O,235.41788,2.572418,234.7667
JVASP-8098,6,O,235.41788,2.572418,234.72661
JVASP-8098,7,O,235.41788,2.572418,234.7667
JVASP-8165,0,N,14.282458,2.0188506,14.834957
JVASP-8165,1,O,283.54272,2.762447,284.39014
JVASP-8165,2,O,283.54224,2.7624474,282.28293
JVASP-8165,3,O,283.54257,2.7624474,284.1719
JVASP-8165,4,Ag,67.327934,0.34019497,67.36207
JVASP-19956,0,S,0.0,0.15402149,0.15402149
JVASP-19956,1,Nd,0.003464102,0.25602472,0.2551911
JVASP-14904,0,Nd,22.111546,0.047135692,22.144073
JVASP-14904,1,Nd,22.111546,0.047135692,22.144073
JVASP-14904,2,S,40.273697,3.1977174,37.131767
JVASP-14904,3,S,40.273697,3.1977174,37.131767
JVASP-14904,4,S,140.24554,2.911993,137.38438
JVASP-14904,5,S,140.24554,2.911993,137.38438
JVASP-38520,0,Nd,166.96947,0.13699226,166.83348
JVASP-38520,1,Nd,166.96947,0.13699226,166.83348
JVASP-38520,2,S,255.69444,1.5720795,254.6221
JVASP-38520,3,S,255.69444,1.5720795,254.60802
JVASP-38520,4,S,255.69408,1.572079,254.95142
JVASP-38520,5,S,255.69444,1.5720795,254.6221
JVASP-38520,6,S,255.69444,1.5720795,254.60802
JVASP-38520,7,S,255.69408,1.572079,254.95142
JVASP-19706,0,C,82.79763,1.5292463,83.36796
JVASP-19706,1,C,82.79763,1.5292463,83.36796
JVASP-19706,2,Ho,250.38652,0.5668028,250.61389
JVASP-19788,0,C,9.309195,0.29821026,9.07425
JVASP-19788,1,Ho,35.59199,0.8210823,36.28921
JVASP-19788,2,Ho,35.59199,0.8210823,36.28921
JVASP-12068,0,Ho,35.63885,0.82107836,36.458496
JVASP-12068,1,Ho,35.63885,0.82107836,36.458496
JVASP-12068,2,Ho,35.63885,0.82107836,36.458496
JVASP-12068,3,Ho,35.63885,0.8210806,36.4585
JVASP-12068,4,Ho,35.63885,0.8210806,36.4585
JVASP-12068,5,Ho,35.63885,0.82107836,36.458496
JVASP-12068,6,C,9.306428,0.29822364,9.032776
JVASP-12068,7,C,9.306428,0.29822364,9.032776
JVASP-12068,8,C,9.306428,0.29822364,9.032776
JVASP-15752,0,Dy,92.95201,1.5043488,94.455055
JVASP-15752,1,Dy,92.95201,1.5043488,94.455055
JVASP-15752,2,Se,12.759393,0.5322224,13.267342
JVASP-15752,3,Se,12.759393,0.5322224,13.267342
JVASP-19845,0,Se,0.0,1.045181,1.045181
JVASP-19845,1,Dy,0.0028284274,1.2914762,1.2890834
JVASP-85165,0,Dy,40.183884,0.99273175,41.175377
JVASP-85165,1,Dy,40.183884,0.99273175,41.175377
JVASP-85165,2,Se,244.26964,3.6971028,240.65836
JVASP-85165,3,Se,244.26964,3.6971028,240.65836
JVASP-85165,4,Se,85.39411,4.2549133,81.236404
JVASP-85165,5,Se,85.39411,4.2549133,81.236404
JVASP-32677,0,H,30.983635,1.6286713,29.54698
JVASP-32677,1,H,31.642347,1.6804843,32.07794
JVASP-32677,2,H,27.147266,1.7796853,28.214855
JVASP-32677,3,H,32.005165,1.6816709,32.576565
JVASP-32677,4,H,31.709898,1.8245233,30.009691
JVASP-32677,5,H,31.641386,1.6804785,32.076935
JVASP-32677,6,H,30.573463,1.6186308,29.089697
JVASP-32677,7,H,32.005165,1.681671,32.576565
JVASP-32677,8,H,31.376404,1.6642153,31.76357
JVASP-32677,9,H,19.53503,1.7481474,18.259258
JVASP-32677,10,H,33.139748,1.5156071,31.788006
JVASP-32677,11,H,31.709898,1.8245233,30.009691
JVASP-32677,12,H,31.166046,1.5750686,31.86132
JVASP-32677,13,H,31.817978,1.6780076,32.522537
JVASP-32677,14,H,31.165356,1.5750673,31.86059
JVASP-32677,15,H,30.893887,1.6587136,29.461897
JVASP-32677,16,H,31.658997,1.6878926,32.078396
JVASP-32677,17,H,30.983635,1.6286714,29.54698
JVASP-32677,18,H,27.147266,1.7796853,28.214855
JVASP-32677,19,H,30.573463,1.6186306,29.089697
JVASP-32677,20,H,31.376404,1.6642151,31.76357
JVASP-32677,21,H,19.53503,1.7481477,18.259258
JVASP-32677,22,H,34.565674,1.8256843,35.367683
JVASP-32677,23,H,34.565674,1.825684,35.367683
JVASP-32677,24,H,33.139748,1.5156071,31.788006
JVASP-32677,25,H,30.893452,1.658711,29.461489
JVASP-32677,26,H,31.658997,1.6878928,32.078396
JVASP-32677,27,H,31.817978,1.6780076,32.522537
JVASP-32677,28,C,53.78951,3.4510918,54.57089
JVASP-32677,29,C,54.608704,3.4406466,56.219788
JVASP-32677,30,C,55.38379,3.3170817,56.410774
JVASP-32677,31,C,53.790974,3.4510982,54.57236
JVASP-32677,32,C,54.608704,3.4406466,56.219788
JVASP-32677,33,C,55.38379,3.3170817,56.410774
JVASP-32677,34,N,26.461403,2.8217325,28.987616
JVASP-32677,35,N,26.461403,2.821733,28.987616
JVASP-32677,36,F,213.08736,3.5079122,214.77516
JVASP-32677,37,F,102.81813,2.7379391,101.104935
JVASP-32677,38,F,192.64162,3.1545403,190.65428
JVASP-32677,39,F,230.53699,3.4875958,227.24736
JVASP-32677,40,F,239.38676,3.3064244,240.83499
JVASP-32677,41,F,239.38676,3.306425,240.83499
JVASP-32677,42,F,230.53699,3.4875953,227.24736
JVASP-32677,43,F,192.64162,3.1545408,190.65428
JVASP-32677,44,F,213.08736,3.5079122,214.77516
JVASP-32677,45,F,102.81813,2.7379394,101.104935
JVASP-34311,0,H,24.355452,1.7410984,24.385511
JVASP-34311,1,H,24.354666,1.7410984,24.53195
JVASP-34311,2,H,30.59239,1.7208066,31.438848
JVASP-34311,3,H,24.355053,1.7410984,25.260567
JVASP-34311,4,H,30.591782,1.7208066,30.817814
JVASP-34311,5,H,30.592651,1.720807,30.639587
JVASP-34311,6,C,46.031082,3.0843527,44.139835
JVASP-34311,7,N,42.459583,2.9466698,40.650406
JVASP-34311,8,F,28.614378,2.2912498,30.109997
JVASP-32431,0,H,29.711058,1.6812866,29.065092
JVASP-32431,1,H,30.139185,1.684578,30.864017
JVASP-32431,2,H,30.139185,1.684578,30.895685
JVASP-32431,3,H,31.445705,1.6858984,32.31757
JVASP-32431,4,H,30.771145,1.6953887,30.010614
JVASP-32431,5,H,31.445705,1.6858984,32.31757
JVASP-32431,6,H,30.771145,1.6953887,30.044178
JVASP-32431,7,H,29.711058,1.6812866,29.025034
JVASP-32431,8,H,31.445705,1.6858984,32.288033
JVASP-32431,9,H,30.771145,1.6953887,30.010544
JVASP-32431,10,H,30.771145,1.6953887,30.04507
JVASP-32431,11,H,8.056581,1.6468257,6.434869
JVASP-32431,12,H,30.771145,1.6953887,30.044178
JVASP-32431,13,H,30.771145,1.6953887,30.010544
JVASP-32431,14,H,29.711058,1.6812866,29.065092
JVASP-32431,15,H,31.445705,1.6858984,32.288033
JVASP-32431,16,H,30.771145,1.6953887,30.010614
JVASP-32431,17,H,29.711058,1.6812866,29.025034
JVASP-32431,18,H,30.139185,1.684578,30.894346
JVASP-32431,19,H,30.771145,1.6953887,30.04507
JVASP-32431,20,H,30.139185,1.684578,30.894346
JVASP-32431,21,H,30.139185,1.684578,30.895685
JVASP-32431,22,H,30.139185,1.684578,30.864056
JVASP-32431,23,H,30.139185,1.684578,30.864017
JVASP-32431,24,H,8.056581,1.6468257,6.434869
JVASP-32431,25,H,30.139185,1.684578,30.864056
JVASP-32431,26,C,57.39095,3.3465848,55.852043
JVASP-32431,27,C,57.39095,3.3465848,55.852043
JVASP-32431,28,C,54.96269,3.3802583,56.78966
JVASP-32431,29,C,54.96269,3.3802583,56.778282
JVASP-32431,30,C,54.96269,3.3802583,56.78966
JVASP-32431,31,C,57.39095,3.3465848,55.879227
JVASP-32431,32,C,54.96269,3.3802583,56.778282
JVASP-32431,33,C,57.39095,3.3465848,55.879227
JVASP-32431,34,N,1.8302939,2.6884248,4.4150443
JVASP-32431,35,N,1.8302939,2.6884248,4.4150443
JVASP-32431,36,F,123.04081,3.435472,119.61019
JVASP-32431,37,F,123.04081,3.435472,119.60828
JVASP-32431,38,F,123.04081,3.435472,119.60828
JVASP-32431,39,F,123.04081,3.435472,119.61019
JVASP-50189,0,Ho,129.448,0.1042468,129.39238
JVASP-50189,1,Ho,129.448,0.1042468,129.38771
JVASP-50189,2,H,30.063992,1.4678979,29.958578
JVASP-50189,3,H,30.063992,1.4678979,29.950521
JVASP-50189,4,O,106.511826,2.742658,106.6521
JVASP-50189,5,O,19.786366,1.6214191,20.228985
JVASP-50189,6,O,106.511826,2.742658,106.60576
JVASP-50189,7,O,19.786366,1.6214191,20.255964
JVASP-50255,0,Ho,236.09653,0.36506557,235.73676
JVASP-50255,1,Ho,236.09653,0.36506557,235.73676
JVASP-50255,2,H,4.0355344,1.5578473,2.5019085
JVASP-50255,3,H,4.0355344,1.5578473,2.5019085
JVASP-50255,4,O,45.668285,2.2965539,43.39037
JVASP-50255,5,O,45.668285,2.2965539,43.39037
JVASP-50255,6,O,45.668285,2.2965539,43.39037
JVASP-50255,7,O,45.668285,2.2965539,43.39037
JVASP-54773,0,Ho,38.33336,0.08435159,38.38181
JVASP-54773,1,Ho,38.31489,0.08435939,38.36323
JVASP-54773,2,H,50.678654,1.4404855,51.29317
JVASP-54773,3,H,50.680176,1.4404818,51.29356
JVASP-54773,4,O,7.2844644,0.90841454,7.163289
JVASP-54773,5,O,7.2864766,0.9084959,7.166057
JVASP-54773,6,O,147.58685,2.899414,149.31537
JVASP-54773,7,O,147.59073,2.8994272,149.31844
JVASP-15812,0,O,17.112267,1.2623587,16.027346
JVASP-15812,1,O,17.112267,1.2623587,16.027346
JVASP-15812,2,Rb,121.94509,0.2235812,122.13918
JVASP-15812,3,Yb,233.07356,0.92222375,232.26648
JVASP-37519,0,Yb,178.61516,1.8768018,176.73949
JVASP-37519,1,Yb,178.61516,1.8768018,176.73949
JVASP-37519,2,Rb,52.653416,0.1300486,52.78196
JVASP-37519,3,Rb,12.325832,0.22079502,12.105823
JVASP-37519,4,O,76.83348,1.6872394,77.972984
JVASP-37519,5,O,76.83348,1.6872394,77.972984
JVASP-37519,6,O,76.83348,1.6872394,78.14415
JVASP-37519,7,O,76.83348,1.6872394,78.14415
JVASP-37519,8,O,139.89853,1.6018511,141.49352
JVASP-37567,0,Yb,0.0,1.661582,1.661582
JVASP-37567,1,Rb,0.0,0.2145845,0.2145845
JVASP-37567,2,O,39.013023,1.4495989,38.42756
JVASP-37567,3,O,39.013023,1.4495989,40.456673
JVASP-37567,4,O,39.013023,1.4495989,38.19597
JVASP-14974,0,Sb,192.51945,2.8053546,191.90872
JVASP-14974,1,Sb,192.51955,2.8053546,192.3777
JVASP-14974,2,Sb,192.51955,2.8053546,192.3777
JVASP-14974,3,Sb,192.51945,2.8053546,191.90872
JVASP-14974,4,Ta,112.20008,0.5864585,112.667175
JVASP-14974,5,Ta,112.19539,0.5864584,111.99298
JVASP-14974,6,Ta,112.19539,0.5864584,111.99298
JVASP-14974,7,Ta,112.20008,0.5864585,112.667175
JVASP-14974,8,Ta,131.47629,0.5571159,131.29335
JVASP-14769,0,Ta,76.71313,0.60239416,76.45671
JVASP-14769,1,Ta,76.71313,0.60239416,76.45671
JVASP-14769,2,Ta,76.71313,0.60239416,77.312996
JVASP-14769,3,Ta,76.71313,0.60239416,77.312996
JVASP-14769,4,Ta,76.71313,0.60239416,76.37323
JVASP-14769,5,Ta,76.71313,0.60239416,76.37323
JVASP-14769,6,Sb,0.0,1.1670446,1.1670446
JVASP-14769,7,Sb,0.0,1.1670446,1.1670446
JVASP-16641,0,Sb,257.1503,3.1858294,255.14082
JVASP-16641,1,Sb,257.1503,3.1858294,255.14082
JVASP-16641,2,Sb,90.74842,2.9831328,89.6919
JVASP-16641,3,Sb,90.74842,2.9831328,89.6919
JVASP-16641,4,Ta,193.54515,0.5856654,194.04803
JVASP-16641,5,Ta,193.54515,0.5856654,194.04803
JVASP-155,0,Pd,34.93331,1.4574225,35.91388
JVASP-155,1,Pd,34.93331,1.4574225,35.917088
JVASP-155,2,Pd,34.93331,1.4574225,35.90548
JVASP-155,3,Pd,34.93331,1.4574225,35.908676
JVASP-155,4,S,231.21678,2.2476542,230.61858
JVASP-155,5,S,231.21678,2.2476542,230.61047
JVASP-155,6,S,231.21678,2.2476542,230.59355
JVASP-155,7,S,231.21678,2.2476542,230.60904
JVASP-155,8,S,231.21678,2.2476542,230.60904
JVASP-155,9,S,231.21678,2.2476542,230.59355
JVASP-155,10,S,231.21678,2.2476542,230.61047
JVASP-155,11,S,231.21678,2.2476542,230.61858
JVASP-25034,0,Pd,13.628069,0.8986396,12.968837
JVASP-25034,1,Pd,13.633553,0.89862245,13.100114
JVASP-25034,2,Pd,14.675497,1.6443961,14.621419
JVASP-25034,3,Pd,14.675497,1.6443961,14.641069
JVASP-25034,4,Pd,13.628721,0.8986405,13.094922
JVASP-25034,5,Pd,13.632599,0.89862233,12.973634
JVASP-25034,6,S,56.415054,2.2483783,54.511692
JVASP-25034,7,S,56.41555,2.2483783,54.51218
JVASP-87013,0,Pd,36.598354,0.6749673,36.670723
JVASP-87013,1,Pd,36.598354,0.6749673,36.63876
JVASP-87013,2,Pd,36.598354,0.6749673,36.62293
JVASP-87013,3,Pd,36.598354,0.6749673,36.628647
JVASP-87013,4,Pd,36.598354,0.6749673,36.678547
JVASP-87013,5,Pd,36.598354,0.6749673,36.677757
JVASP-87013,6,Pd,36.598354,0.6749673,36.68607
JVASP-87013,7,Pd,36.598354,0.6749673,36.63255
JVASP-87013,8,S,17.233793,1.5537236,18.752556
JVASP-87013,9,S,17.233793,1.5537236,18.752556
JVASP-37082,0,Tb,35.400772,0.357016,35.70837
JVASP-37082,1,Tb,35.400772,0.357016,35.70837
JVASP-37082,2,Au,217.14421,2.0184646,217.79594
JVASP-37082,3,Au,217.14421,2.0184646,217.79594
JVASP-56437,0,Tb,15.337071,0.39012143,15.725976
JVASP-56437,1,Tb,15.337071,0.39012143,15.725976
JVASP-56437,2,Au,136.85054,1.6051503,138.40678
JVASP-56437,3,Au,136.85054,1.6051503,138.40678
JVASP-56437,4,Au,136.85054,1.6051503,138.40678
JVASP-56437,5,Au,136.85054,1.6051503,138.40678
JVASP-7701,0,Tb,0.0,0.3880439,0.3880439
JVASP-7701,1,Au,0.0,1.5653098,1.5653098
JVASP-14533,0,Yb,0.0,1.1371627,1.1371627
JVASP-14533,1,Pd,67.98558,1.259196,67.31279
JVASP-14533,2,Pd,67.98559,1.259196,69.24332
JVASP-14533,3,Pd,67.98558,1.259196,67.418304
JVASP-14950,0,Yb,0.0,1.0315847,1.0315847
JVASP-14950,1,Pd,0.0,0.96429837,0.96429837
JVASP-78828,0,Yb,213.887,1.4823943,215.36859
JVASP-78828,1,Yb,213.887,1.4823943,215.36859
JVASP-78828,2,Pd,103.982475,1.5998791,102.38265
JVASP-78828,3,Pd,103.982475,1.5998791,102.38265
JVASP-78828,4,Pd,103.982475,1.5998791,102.38265
JVASP-78828,5,Pd,103.982475,1.5998791,102.38265
JVASP-67396,0,Be,7.1913013,0.23290311,6.9643054
JVASP-67396,1,Co,43.804226,0.13237473,43.923885
JVASP-67396,2,Ir,209.57875,0.83747596,208.77528
JVASP-68182,0,Be,0.048989795,0.21707849,0.16995059
JVASP-68182,1,Co,1.060629,0.09348871,0.9939222
JVASP-68182,2,Ir,15.348502,0.94411904,16.264065
JVASP-68182,3,Ir,79.23691,0.8034631,78.46862
JVASP-74848,0,Be,0.4286607,0.23962699,0.6612318
JVASP-74848,1,Be,0.4286607,0.23962699,0.6612318
JVASP-74848,2,Co,3.576255,0.090373375,3.5007353
JVASP-74848,3,Ir,34.93544,0.6865065,34.28781
JVASP-2244,0,Se,41.255276,1.2028081,42.325443
JVASP-2244,1,Sb,0.64752346,1.2111417,0.78697556
JVASP-2244,2,Sb,0.64752346,1.2111417,0.78697556
JVASP-2244,3,Te,2.0165431,4.427486,2.8469043
JVASP-2244,4,Te,2.0165431,4.427486,2.8469043
JVASP-8174,0,Se,69.91502,1.219936,70.99984
JVASP-8174,1,Se,56.715103,2.1487327,54.822845
JVASP-8174,2,Sb,12.35152,1.2243923,11.387252
JVASP-8174,3,Sb,11.142488,1.2311845,12.16137
JVASP-8174,4,Te,30.40555,4.0330315,33.973442
JVASP-12144,0,Sb,2.4556136,1.5552468,3.9277012
JVASP-12144,1,Sb,2.4556136,1.5552468,3.9277012
JVASP-12144,2,Sb,2.4556136,1.555247,3.9277012
JVASP-12144,3,Sb,2.4543886,1.5552516,3.9266105
JVASP-12144,4,Sb,2.4543886,1.5552516,3.9266105
JVASP-12144,5,Sb,2.4556136,1.555247,3.9277012
JVASP-12144,6,Te,204.42584,2.5892055,206.86409
JVASP-12144,7,Te,204.42584,2.5892086,206.86409
JVASP-12144,8,Te,204.42584,2.5892086,206.86409
JVASP-12144,9,Se,63.183365,1.9259732,61.318455
JVASP-12144,10,Se,63.183365,1.9259732,61.318455
JVASP-12144,11,Se,63.183365,1.9259732,61.318455
JVASP-12144,12,Se,63.184586,1.9259764,61.31967
JVASP-12144,13,Se,63.184586,1.9259764,61.31967
JVASP-12144,14,Se,63.183365,1.9259732,61.318455
JVASP-13854,0,Sr,30.107903,0.102277115,30.005856
JVASP-13854,1,Sr,30.107903,0.102277115,30.005856
JVASP-13854,2,Ag,1.4521407,0.69179076,0.7671131
JVASP-13854,3,Ag,1.4521407,0.69179076,0.7671131
JVASP-13854,4,Sb,201.1125,2.7392142,198.51497
JVASP-13854,5,Sb,201.11168,2.7392142,198.51414
JVASP-80862,0,Sr,177.25487,0.21026495,177.19002
JVASP-80862,1,Sr,177.25487,0.21026495,177.19002
JVASP-80862,2,Sr,177.25487,0.21026495,177.19002
JVASP-80862,3,Sr,177.25487,0.21026495,177.19002
JVASP-80862,4,Ag,5.4821815,2.2989962,4.6159286
JVASP-80862,5,Ag,5.4821815,2.2989962,4.6159286
JVASP-80862,6,Sb,34.658722,0.6667516,35.28527
JVASP-80862,7,Sb,34.658722,0.6667516,35.28527
JVASP-16425,0,Sr,30.154444,0.1022912,30.052382
JVASP-16425,1,Sr,30.154444,0.1022912,30.052382
JVASP-16425,2,Ag,1.4439744,0.69186777,0.7590366
JVASP-16425,3,Ag,1.4439744,0.69186777,0.7590366
JVASP-16425,4,Sb,201.24272,2.7392466,198.64516
JVASP-16425,5,Sb,201.24272,2.7392466,198.64516
JVASP-37701,0,Y,16.742239,0.15005636,16.593672
JVASP-37701,1,Y,16.742401,0.1500568,16.596062
JVASP-37701,2,Y,16.742239,0.15005636,16.593378
JVASP-37701,3,Y,16.742239,0.15005636,16.593672
JVASP-37701,4,Y,16.741587,0.1500568,16.595247
JVASP-37701,5,Y,16.742239,0.15005636,16.593378
JVASP-37701,6,Sn,8.9234915,0.82478076,9.618996
JVASP-37701,7,Sn,8.9234915,0.82478076,9.618996
JVASP-7718,0,Y,0.0,0.10676495,0.10676495
JVASP-7718,1,Sn,196.01389,0.7220238,196.5875
JVASP-7718,2,Sn,196.01389,0.7220238,196.10887
JVASP-7718,3,Sn,196.01389,0.7220238,195.34727
JVASP-78548,0,Y,0.0,0.20242655,0.20242655
JVASP-78548,1,Sn,0.0,1.3612698,1.3612698
JVASP-14701,0,U,149.83284,0.7186382,149.1257
JVASP-14701,1,U,149.83284,0.7186382,149.1257
JVASP-14701,2,P,124.58269,1.7877917,122.827034
JVASP-14701,3,P,124.58269,1.7877917,122.827034
JVASP-14701,4,P,32.666397,1.9768599,34.611694
JVASP-14701,5,P,32.666397,1.9768599,34.611694
JVASP-30449,0,U,189.4521,0.72339153,188.73816
JVASP-30449,1,U,189.4521,0.7233909,188.73816
JVASP-30449,2,P,114.65762,1.0018562,114.63022
JVASP-30449,3,P,114.65796,1.001851,114.363045
JVASP-30449,4,P,114.65854,1.0018499,114.34522
JVASP-30449,5,P,114.659004,1.0018532,114.6316
JVASP-30449,6,P,114.659225,1.0018525,114.364334
JVASP-30449,7,P,114.659225,1.0018502,114.34591
JVASP-7949,0,U,0.0,0.61996096,0.61996096
JVASP-7949,1,U,0.0,0.61996096,0.61996096
JVASP-7949,2,U,0.0,0.61996096,0.61996096
JVASP-7949,3,U,0.0,0.61996096,0.61996096
JVASP-7949,4,P,0.0,2.6252637,2.6252637
JVASP-7949,5,P,0.0,2.6252637,2.6252637
JVASP-7949,6,P,0.0,2.6252637,2.6252637
JVASP-7949,7,P,0.0,2.6252637,2.6252637
JVASP-20610,0,As,0.0,0.617554,0.617554
JVASP-20610,1,Sn,0.00081649655,0.32684445,0.3271506
JVASP-30466,0,Sn,186.92137,0.9913402,187.75708
JVASP-30466,1,As,11.372981,2.305155,9.137987
JVASP-30466,2,As,11.372981,2.305155,9.137987
JVASP-30466,3,As,131.03789,2.305155,133.28786
JVASP-56488,0,Sn,25.54328,0.24919575,25.485973
JVASP-56488,1,Sn,25.54328,0.24919575,25.78185
JVASP-56488,2,Sn,25.54328,0.24919575,25.363855
JVASP-56488,3,As,33.584957,1.4218608,33.62191
JVASP-56488,4,As,33.584957,1.4218608,33.62796
JVASP-56488,5,As,33.584957,1.4218608,33.604614
JVASP-56488,6,As,33.584957,1.4218608,33.605667
JVASP-36099,0,Ce,177.4043,0.20765065,177.52673
JVASP-36099,1,Ce,177.4043,0.20765065,177.48828
JVASP-36099,2,Ce,177.4043,0.20765065,177.19807
JVASP-36099,3,Cu,0.0,1.3539459,1.3539459
JVASP-19820,0,Ce,147.71281,0.25606024,147.45718
JVASP-19820,1,Cu,59.71282,1.829756,60.384968
JVASP-19820,2,Cu,38.22306,1.6941416,39.908077
JVASP-19820,3,Cu,38.22306,1.6941416,39.908077
JVASP-19820,4,Cu,59.71282,1.829756,60.381226
JVASP-19820,5,Cu,59.70949,1.829754,60.609
JVASP-8022,0,Cu,75.06502,1.9666402,74.514015
JVASP-8022,1,Cu,75.06502,1.9666402,74.514015
JVASP-8022,2,Cu,75.06353,1.9666402,75.18256
JVASP-8022,3,Cu,75.06353,1.9666402,75.18256
JVASP-8022,4,Ce,181.35765,0.24886,181.3249
JVASP-8022,5,Ce,181.35765,0.24886,181.3249
JVASP-51007,0,Rb,20.317904,0.26412162,20.067707
JVASP-51007,1,Rb,20.317904,0.26412162,20.06869
JVASP-51007,2,H,43.20047,1.1041739,42.87055
JVASP-51007,3,H,43.20047,1.1041739,42.884224
JVASP-51007,4,O,141.19943,3.5557826,140.15204
JVASP-51007,5,O,141.19943,3.5557826,140.18568
JVASP-51017,0,Rb,20.20411,0.26427117,19.955313
JVASP-51017,1,Rb,20.20411,0.26427117,19.955267
JVASP-51017,2,H,43.21947,1.1042416,42.89249
JVASP-51017,3,H,43.21947,1.1042416,42.924004
JVASP-51017,4,O,141.2241,3.5560434,140.07634
JVASP-51017,5,O,141.2241,3.5560434,140.05182
JVASP-51721,0,Rb,36.482285,0.25404677,36.231506
JVASP-51721,1,Rb,36.482285,0.25404677,36.231506
JVASP-51721,2,H,53.46467,1.13909,52.609077
JVASP-51721,3,H,53.46467,1.13909,52.609077
JVASP-51721,4,O,175.53265,3.7674882,172.74362
JVASP-51721,5,O,175.53265,3.7674882,172.74362
JVASP-17601,0,Ni,8.487008,0.6173654,8.839768
JVASP-17601,1,Ni,8.488735,0.61736506,8.848741
JVASP-17601,2,Ni,8.487008,0.6173654,8.847924
JVASP-17601,3,Ni,8.487008,0.6173654,8.847924
JVASP-17601,4,Ni,8.488281,0.61736506,8.848248
JVASP-17601,5,Ni,8.487008,0.6173654,8.839768
JVASP-17601,6,Sn,22.0797,0.4672142,22.031755
JVASP-17601,7,Sn,22.08011,0.4672142,22.032179
JVASP-7955,0,Ni,17.393948,1.6517123,18.382437
JVASP-7955,1,Ni,18.669937,1.4121195,18.43221
JVASP-7955,2,Ni,18.669937,1.4121195,18.43221
JVASP-7955,3,Sn,110.83636,1.0011395,111.483604
JVASP-7955,4,Sn,110.83636,1.0011395,111.483604
JVASP-7955,5,Sn,175.00194,0.99715555,174.73198
JVASP-7955,6,Sn,175.00194,0.99715555,174.73198
JVASP-16591,0,Ni,41.83565,0.52843827,41.572613
JVASP-16591,1,Ni,41.835655,0.52843827,42.36406
JVASP-16591,2,Ni,41.83565,0.52843827,41.575333
JVASP-16591,3,Sn,0.0,0.4641858,0.4641858
JVASP-18459,0,H,0.08038657,0.61221534,0.63225245
JVASP-18459,1,H,0.08038657,0.61221534,0.63225245
JVASP-18459,2,Hf,25.238361,0.40964726,25.28497
JVASP-37766,0,Hf,168.0007,0.39368016,167.62361
JVASP-37766,1,H,1.2455657,0.7862775,0.57569146
JVASP-37766,2,H,1.2455657,0.7862775,0.5763538
JVASP-37766,3,H,5.0157385,0.7862775,5.759923
JVASP-38881,0,Hf,0.0,0.38316408,0.38316408
JVASP-38881,1,H,5.4395003,0.7737007,4.8695245
JVASP-38881,2,H,5.4395003,0.7737007,5.3644414
JVASP-38881,3,H,5.4395003,0.7737007,6.170155
JVASP-17762,0,La,0.0,0.206294,0.206294
JVASP-17762,1,In,0.0,0.529283,0.529283
JVASP-17808,0,La,0.0,0.22408813,0.22408813
JVASP-17808,1,In,145.76097,0.29843178,146.05907
JVASP-17808,2,In,145.76097,0.29843178,145.60835
JVASP-17808,3,In,145.76097,0.29843178,145.61597
JVASP-17873,0,La,163.76472,0.19369718,163.57199
JVASP-17873,1,La,163.76472,0.19369718,163.84598
JVASP-17873,2,La,163.76472,0.19369718,163.87637
JVASP-17873,3,In,0.0,0.307224,0.307224
JVASP-13970,0,U,2.035526,0.78120804,2.810749
JVASP-13970,1,U,2.035526,0.78120804,2.810749
JVASP-13970,2,Si,15.227662,0.8506019,16.062965
JVASP-13970,3,Si,15.227662,0.8506019,16.062965
JVASP-13970,4,S,1.3178256,1.5227002,2.8282473
JVASP-13970,5,S,1.3178256,1.5227002,2.8282473
JVASP-15993,0,U,2.0363426,0.78120804,2.811565
JVASP-15993,1,U,2.0363426,0.78120804,2.811565
JVASP-15993,2,Si,15.227662,0.8506019,16.062965
JVASP-15993,3,Si,15.227662,0.8506019,16.062965
JVASP-15993,4,S,1.3178256,1.5227002,2.8282473
JVASP-15993,5,S,1.3178256,1.5227002,2.8282473
JVASP-49818,0,U,162.3432,0.72427,161.63042
JVASP-49818,1,U,162.3432,0.72427,161.63042
JVASP-49818,2,Si,71.85007,0.9147341,70.95753
JVASP-49818,3,Si,71.85007,0.9147341,70.95753
JVASP-49818,4,S,10.81613,2.9105213,13.687263
JVASP-49818,5,S,10.81613,2.9105213,13.687263
JVASP-19971,0,Sn,8.069844,1.6834375,6.563709
JVASP-19971,1,Sn,8.069844,1.6834375,6.563709
JVASP-19971,2,Au,152.33499,2.3124511,154.61948
JVASP-19971,3,Au,152.33499,2.3124511,154.61948
JVASP-37538,0,Sn,158.61794,0.47144762,158.86467
JVASP-37538,1,Sn,158.61794,0.47144762,158.86467
JVASP-37538,2,Au,153.7101,1.8484136,151.95435
JVASP-37538,3,Au,153.7099,1.8484135,152.23491
JVASP-37538,4,Au,153.7099,1.8484135,152.20964
JVASP-37538,5,Au,153.7108,1.8484136,151.95505
JVASP-37538,6,Au,153.7099,1.8484135,152.23491
JVASP-37538,7,Au,153.7099,1.8484135,152.20964
JVASP-8709,0,Sn,7.971255,0.34969857,7.9940605
JVASP-8709,1,Au,83.20352,1.8108238,84.30626
JVASP-8709,2,Au,90.208084,1.8226954,89.96288
JVASP-8709,3,Au,90.20978,1.8226954,90.34478
JVASP-8709,4,Au,90.20846,1.8226955,88.41995
JVASP-8709,5,Au,83.20352,1.8108386,84.30627
JVASP-15120,0,Cr,123.18484,0.043021064,123.15956
JVASP-15120,1,Cr,123.18484,0.043021064,123.226944
JVASP-15120,2,Cr,123.184845,0.043021064,123.16804
JVASP-15120,3,Ga,0.0,0.9140038,0.9140038
JVASP-15120,4,N,0.0,1.0950141,1.0950141
JVASP-15967,0,Cr,12.229077,0.16944946,12.398296
JVASP-15967,1,Cr,12.229077,0.16944946,12.398296
JVASP-15967,2,Cr,12.229077,0.16944946,12.398296
JVASP-15967,3,Cr,12.229077,0.16944946,12.398296
JVASP-15967,4,Ga,155.83246,0.7711631,156.5998
JVASP-15967,5,Ga,155.83246,0.7711631,156.5998
JVASP-15967,6,N,6.0232954,1.3095729,4.7192955
JVASP-15967,7,N,6.0232954,1.3095729,4.7192955
JVASP-14174,0,Cr,12.229077,0.16944946,12.398296
JVASP-14174,1,Cr,12.229077,0.16944946,12.398296
JVASP-14174,2,Cr,12.229077,0.16944946,12.398296
JVASP-14174,3,Cr,12.229077,0.16944946,12.398296
JVASP-14174,4,Ga,155.83246,0.7711631,156.5998
JVASP-14174,5,Ga,155.83246,0.7711631,156.5998
JVASP-14174,6,N,6.0232954,1.3095729,4.7192955
JVASP-14174,7,N,6.0232954,1.3095729,4.7192955
JVASP-36264,0,Lu,59.945137,0.30106315,60.24512
JVASP-36264,1,Cd,152.72324,1.4127182,151.31131
JVASP-36264,2,Cd,152.72324,1.4127182,151.31131
JVASP-7704,0,Cd,86.27166,1.0840796,85.6819
JVASP-7704,1,Cd,86.27166,1.0840796,85.6819
JVASP-7704,2,Cd,100.3687,1.3065077,101.30455
JVASP-7704,3,Cd,100.3687,1.3065077,101.30455
JVASP-7704,4,Cd,100.367,1.306508,99.31256
JVASP-7704,5,Cd,100.367,1.306508,99.31256
JVASP-7704,6,Lu,67.58709,0.3137636,67.72114
JVASP-7704,7,Lu,67.58709,0.3137636,67.72114
JVASP-7989,0,Lu,0.0,0.31406623,0.31406623
JVASP-7989,1,Cd,0.0,0.47486794,0.47486794
JVASP-15445,0,Ba,0.0,0.19981417,0.19981417
JVASP-15445,1,Pr,0.0,0.1143427,0.1143427
JVASP-15445,2,O,67.478546,1.4127924,68.30978
JVASP-15445,3,O,67.478546,1.4127924,66.07277
JVASP-15445,4,O,67.478546,1.4127924,68.07506
JVASP-58343,0,O,61.265194,1.2705144,60.90881
JVASP-58343,1,O,61.264587,1.2705144,61.859207
JVASP-58343,2,O,61.265194,1.2705144,60.90881
JVASP-58343,3,O,61.264587,1.2705144,61.859207
JVASP-58343,4,O,59.155758,1.0979254,58.930286
JVASP-58343,5,O,59.155758,1.0979254,58.930286
JVASP-58343,6,Ba,115.47451,0.28815138,115.42613
JVASP-58343,7,Ba,115.47451,0.28815138,115.42613
JVASP-58343,8,Pr,52.091175,0.10519872,52.046135
JVASP-58343,9,Pr,52.090744,0.105198674,52.155083
JVASP-58344,0,O,64.972046,1.1405249,64.73719
JVASP-58344,1,O,64.9734,1.1405251,65.35257
JVASP-58344,2,O,64.97234,1.1405249,64.75616
JVASP-58344,3,O,64.972046,1.1405249,64.73719
JVASP-58344,4,O,64.97234,1.1405249,64.75616
JVASP-58344,5,O,64.9734,1.1405251,65.35257
JVASP-58344,6,Ba,151.45831,0.2737371,151.3157
JVASP-58344,7,Ba,151.45831,0.2737371,151.3157
JVASP-58344,8,Pr,55.25752,0.11155605,55.18985
JVASP-58344,9,Pr,55.25752,0.11155605,55.18985
JVASP-45992,0,Y,124.399376,0.29534802,124.10405
JVASP-45992,1,Y,124.399376,0.29534802,124.10405
JVASP-45992,2,Y,124.399376,0.29534802,124.10405
JVASP-45992,3,Y,124.399376,0.29534802,124.10405
JVASP-45992,4,H,3.9477613,1.5603031,2.411995
JVASP-45992,5,H,3.9477613,1.5603031,2.4119782
JVASP-45992,6,H,3.9477613,1.5603031,2.411995
JVASP-45992,7,H,3.9477613,1.5603031,2.4119782
JVASP-45992,8,O,46.27373,2.2836876,44.009346
JVASP-45992,9,O,46.27373,2.2836876,44.00935
JVASP-45992,10,O,46.27373,2.2836876,44.009342
JVASP-45992,11,O,46.27373,2.2836876,44.009335
JVASP-45992,12,O,46.27373,2.2836876,44.009346
JVASP-45992,13,O,46.27373,2.2836876,44.00935
JVASP-45992,14,O,46.27373,2.2836876,44.009342
JVASP-45992,15,O,46.27373,2.2836876,44.009335
JVASP-50918,0,Y,68.53635,0.38600975,68.46216
JVASP-50918,1,Y,68.53635,0.38600975,68.46514
JVASP-50918,2,H,30.220503,1.4706136,30.116709
JVASP-50918,3,H,30.220503,1.4706136,30.10869
JVASP-50918,4,O,107.00943,2.727346,107.14615
JVASP-50918,5,O,20.377464,1.6036234,20.790234
JVASP-50918,6,O,107.00943,2.727346,107.099464
JVASP-50918,7,O,20.377464,1.6036234,20.817007
JVASP-54770,0,Y,22.996687,0.37792203,22.859293
JVASP-54770,1,Y,22.996687,0.37792203,22.859293
JVASP-54770,2,H,50.78593,1.443044,51.40767
JVASP-54770,3,H,50.78593,1.443044,51.40767
JVASP-54770,4,O,7.424431,0.8859735,7.241674
JVASP-54770,5,O,7.424431,0.8859735,7.241674
JVASP-54770,6,O,148.26526,2.8862603,150.00221
JVASP-54770,7,O,148.26526,2.8862603,150.00221
JVASP-30348,0,Tm,44.543564,1.122439,43.423607
JVASP-30348,1,Tm,44.543564,1.122439,43.423607
JVASP-30348,2,Cl,8.722224,2.570824,11.241146
JVASP-30348,3,Cl,8.722224,2.570824,11.241146
JVASP-30348,4,O,18.576931,1.3367985,19.898556
JVASP-30348,5,O,18.576931,1.3367985,19.898556
JVASP-44353,0,Tm,146.3121,0.8308545,145.48503
JVASP-44353,1,Tm,146.3121,0.8308545,145.48503
JVASP-44353,2,Cl,6.25518,3.3107767,3.0714488
JVASP-44353,3,Cl,6.25518,3.3107767,3.0714488
JVASP-44353,4,O,4.94552,1.341424,3.6241913
JVASP-44353,5,O,4.94552,1.341424,3.6241913
JVASP-30183,0,Tm,93.2138,1.6635901,91.55207
JVASP-30183,1,Tm,93.2138,1.6635901,91.55207
JVASP-30183,2,Cl,28.09915,1.8935483,27.555914
JVASP-30183,3,Cl,28.09915,1.8935483,27.555914
JVASP-30183,4,O,7.8045692,1.5446494,6.733587
JVASP-30183,5,O,7.8045692,1.5446494,6.733587
JVASP-13916,0,Al,1.12321,0.17197889,1.2627602
JVASP-13916,1,Al,1.12321,0.17197889,1.2627602
JVASP-13916,2,Cl,151.22083,1.9436013,150.17514
JVASP-13916,3,Cl,151.22083,1.9436013,150.17514
JVASP-13916,4,Cl,151.17276,1.9136338,151.01814
JVASP-13916,5,Cl,151.17342,1.9136338,151.76067
JVASP-13916,6,Cl,151.17276,1.9136338,151.01814
JVASP-13916,7,Cl,151.17342,1.9136338,151.76067
JVASP-18426,0,Al,12.86227,0.2762398,13.115506
JVASP-18426,1,Cl,48.955093,2.2903714,51.198544
JVASP-18426,2,Cl,102.242935,2.2333355,100.084206
JVASP-18426,3,Cl,102.242935,2.2333355,100.084206
JVASP-13782,0,Al,12.86227,0.2762398,13.115506
JVASP-13782,1,Cl,48.955093,2.2903714,51.198544
JVASP-13782,2,Cl,102.242935,2.2333355,100.084206
JVASP-13782,3,Cl,102.242935,2.2333355,100.084206
JVASP-2463,0,Al,1.5165389,0.695051,1.3639128
JVASP-2463,1,Al,1.5165389,0.695051,1.3639128
JVASP-2463,2,S,56.16509,1.3391875,55.497684
JVASP-2463,3,S,56.16591,1.3391875,56.960934
JVASP-2463,4,S,56.16587,1.3391875,56.66292
JVASP-2463,5,S,56.165016,1.3391875,55.198483
JVASP-2463,6,Ag,56.038555,1.6545357,55.354794
JVASP-2463,7,Ag,56.038555,1.6545357,55.354794
JVASP-78868,0,Al,5.0532975,0.22055048,5.252808
JVASP-78868,1,Ag,141.52989,1.8797652,143.40944
JVASP-78868,2,S,40.652958,1.9825321,42.592773
JVASP-78868,3,S,31.360819,2.280532,33.598755
JVASP-8146,0,Al,2.6601458,0.23716028,2.8713853
JVASP-8146,1,Ag,131.64702,1.4270998,133.07062
JVASP-8146,2,S,41.79442,1.9834044,43.73494
JVASP-8146,3,S,35.31919,2.282569,37.55892
JVASP-29492,0,Cr,51.273533,0.2972356,51.020008
JVASP-29492,1,Ag,1.7086874,1.7312884,3.3369749
JVASP-29492,2,S,49.54969,1.9579664,47.88848
JVASP-29492,3,S,64.734955,2.3649855,62.723526
JVASP-1471,0,S,23.88899,2.2411299,25.83428
JVASP-1471,1,S,40.96656,1.9590861,42.650753
JVASP-1471,2,Cr,14.669822,0.028378407,14.695618
JVASP-1471,3,Ag,138.817,1.8688254,140.46855
JVASP-79555,0,Cr,49.34252,0.3030964,49.04761
JVASP-79555,1,Ag,30.901539,1.8102484,32.711082
JVASP-79555,2,S,7.7783546,2.003107,5.8384056
JVASP-79555,3,S,10.506269,2.2797842,8.289926
JVASP-20531,0,Ho,0.0,0.6348338,0.6348338
JVASP-20531,1,Cu,0.0,1.2572765,1.2572765
JVASP-18682,0,Ho,136.5958,0.21214613,136.38902
JVASP-18682,1,Cu,39.495163,1.6769898,41.16271
JVASP-18682,2,Cu,39.495163,1.6769898,41.16271
JVASP-18682,3,Cu,57.668518,1.8242933,58.115795
JVASP-18682,4,Cu,57.659668,1.8242936,58.347404
JVASP-18682,5,Cu,57.668518,1.8242933,58.11146
JVASP-20260,0,Ho,0.0,0.6348219,0.6348219
JVASP-20260,1,Cu,0.0,1.2572865,1.2572865
JVASP-18452,0,S,60.377197,2.5949197,61.088467
JVASP-18452,1,S,60.377296,2.5949202,58.926216
JVASP-18452,2,S,60.377296,2.5949202,58.926216
JVASP-18452,3,S,60.377197,2.5949197,61.088467
JVASP-18452,4,Fe,3.9346929,1.1704552,3.8370261
JVASP-18452,5,Fe,3.9346929,1.1704552,3.8370261
JVASP-18452,6,Ba,69.89834,0.19835843,69.92439
JVASP-53439,0,Ba,70.43299,0.19841051,70.51836
JVASP-53439,1,Fe,7.746818,1.1709981,7.1925263
JVASP-53439,2,Fe,7.388099,1.170995,6.835767
JVASP-53439,3,S,59.145565,2.5958405,59.86148
JVASP-53439,4,S,59.12051,2.5956378,56.916443
JVASP-53439,5,S,59.152695,2.595629,56.948334
JVASP-53439,6,S,59.11884,2.5958376,59.835083
JVASP-53662,0,Ba,133.21068,0.13860878,133.25085
JVASP-53662,1,Fe,10.091891,1.5367042,10.41939
JVASP-53662,2,Fe,9.9902525,1.5367469,10.307444
JVASP-53662,3,S,74.28047,1.4483882,74.73374
JVASP-53662,4,S,74.27979,1.4483883,73.85466
JVASP-53662,5,S,73.7285,1.4484718,72.53129
JVASP-53662,6,S,73.72894,1.4484713,74.17077
JVASP-35944,0,Lu,35.514336,0.3442073,35.857834
JVASP-35944,1,Lu,35.514336,0.3442073,35.857834
JVASP-35944,2,S,39.80094,2.8540704,36.998314
JVASP-35944,3,S,39.80094,2.8540704,36.998314
JVASP-35944,4,S,131.89523,2.606698,129.33604
JVASP-35944,5,S,131.89523,2.606698,129.33604
JVASP-18926,0,S,0.0,3.2700644,3.2700644
JVASP-18926,1,Lu,0.0016329931,0.36208963,0.36121994
JVASP-9140,0,S,25.451063,2.0506186,25.135296
JVASP-9140,1,S,25.450914,2.0506186,25.1644
JVASP-9140,2,S,25.450647,2.0506184,26.736738
JVASP-9140,3,S,25.451063,2.0506186,25.135296
JVASP-9140,4,S,25.450647,2.0506184,26.736738
JVASP-9140,5,S,25.450914,2.0506186,25.1644
JVASP-9140,6,Lu,13.232518,0.31289765,13.06007
JVASP-9140,7,Lu,13.232518,0.31289765,13.06007
JVASP-9140,8,Lu,13.232518,0.31289765,13.06007
JVASP-9140,9,Lu,13.232518,0.31289765,13.06007
JVASP-14179,0,Mg,7.4467196,0.54636407,7.030414
JVASP-14179,1,Er,2.7515798,0.9855135,2.082217
JVASP-14179,2,Er,2.7515798,0.9855135,2.082217
JVASP-42132,0,Er,39.829838,1.0176724,39.245674
JVASP-42132,1,Er,130.67093,1.010017,129.66547
JVASP-42132,2,Er,39.829838,1.0176735,39.245674
JVASP-42132,3,Er,130.67093,1.0100174,129.66547
JVASP-42132,4,Mg,2.839364,0.54751486,2.3721223
JVASP-42132,5,Mg,2.839364,0.5475146,2.3721225
JVASP-7990,0,Er,0.0,0.81111896,0.81111896
JVASP-7990,1,Mg,0.0,0.65544283,0.65544283
JVASP-7856,0,Y,0.00081649655,0.2536225,0.2544387
JVASP-7856,1,Cr,0.017146429,0.053943794,0.054530755
JVASP-7856,2,O,24.556135,1.403276,25.077805
JVASP-7856,3,O,24.556135,1.403276,25.475195
JVASP-7856,4,O,24.553684,1.4033116,23.171867
JVASP-8249,0,Y,0.0,0.25366294,0.25366294
JVASP-8249,1,Cr,0.0,0.053892102,0.053892102
JVASP-8249,2,O,24.521841,1.4036127,25.043644
JVASP-8249,3,O,24.521841,1.4036127,25.440958
JVASP-8249,4,O,24.521841,1.4036127,23.139708
JVASP-9542,0,Y,129.04034,0.33258379,128.7078
JVASP-9542,1,Y,129.04034,0.33258379,128.7078
JVASP-9542,2,Cr,95.06102,0.41436842,95.470726
JVASP-9542,3,Cr,95.06102,0.41436842,95.470726
JVASP-9542,4,O,34.496162,1.0743904,33.46272
JVASP-9542,5,O,34.496162,1.0743904,33.46272
JVASP-9542,6,O,34.496162,1.0743904,33.46272
JVASP-9542,7,O,34.496162,1.0743904,33.46272
JVASP-9542,8,O,108.89369,1.4451752,110.32504
JVASP-9542,9,O,108.89369,1.4451752,110.32504
JVASP-39102,0,Si,0.23515102,1.7794232,1.547147
JVASP-39102,1,B,0.0073484695,0.9414141,0.9340781
JVASP-39102,2,O,49.204456,1.7236396,49.962345
JVASP-39102,3,O,49.004494,1.7226957,47.288853
JVASP-39102,4,O,49.204456,1.7236396,50.218376
JVASP-39094,0,Si,0.13227245,0.27563855,0.14600374
JVASP-39094,1,Si,5.4427657,0.7150757,6.156041
JVASP-39094,2,B,2.8389587,2.490303,5.3234816
JVASP-39094,3,B,2.8389587,2.490303,5.3234816
JVASP-39094,4,O,138.69998,1.789199,139.05342
JVASP-39094,5,O,138.69998,1.789199,139.05342
JVASP-39094,6,O,124.36468,2.2880688,122.082306
JVASP-39094,7,O,138.69998,1.789199,138.82373
JVASP-39094,8,O,138.69998,1.789199,138.82373
JVASP-39097,0,Si,0.0,0.76673186,0.76673186
JVASP-39097,1,B,0.0,2.0847132,2.0847132
JVASP-39097,2,O,62.84574,2.0352993,60.813564
JVASP-39097,3,O,62.84574,2.0352993,63.977997
JVASP-39097,4,O,62.84574,2.0352993,63.794315
JVASP-36644,0,Ca,0.0,0.18686013,0.18686013
JVASP-36644,1,Mn,0.0,0.083387785,0.083387785
JVASP-36644,2,O,125.72904,1.4548268,126.2571
JVASP-36644,3,O,125.72904,1.4548268,124.29267
JVASP-36644,4,O,125.72904,1.4548268,126.649925
JVASP-48545,0,Ca,9.462906,0.056320544,9.476061
JVASP-48545,1,Ca,13.311644,0.047061183,13.29593
JVASP-48545,2,Ca,13.311644,0.047061183,13.320551
JVASP-48545,3,Mn,31.250904,0.24830881,31.360554
JVASP-48545,4,O,69.26614,0.9100698,69.52967
JVASP-48545,5,O,72.07225,0.917193,71.81713
JVASP-48545,6,O,72.07225,0.917193,71.81713
JVASP-48545,7,O,69.26614,0.9100698,69.52967
JVASP-79151,0,Ca,22.731722,0.2689387,22.94091
JVASP-79151,1,Mn,25.199697,0.14805745,25.323402
JVASP-79151,2,O,30.67384,0.9693124,31.469286
JVASP-79151,3,O,30.67483,0.969315,31.470285
JVASP-47085,0,Li,0.9215834,0.17133605,0.88259023
JVASP-47085,1,Fe,43.188297,1.125986,43.116005
JVASP-47085,2,Si,14.012688,0.34070793,13.7850065
JVASP-47085,3,Si,14.01057,0.34070483,13.78136
JVASP-47085,4,O,67.98605,2.6244094,67.15535
JVASP-47085,5,O,67.98776,2.6243865,67.17532
JVASP-47085,6,O,116.8387,2.5470889,118.26326
JVASP-47085,7,O,116.8387,2.5470889,118.282684
JVASP-47085,8,O,67.98776,2.6243865,67.143684
JVASP-47085,9,O,67.98605,2.6244094,67.17594
JVASP-47125,0,Li,0.053888775,0.3650025,0.41608018
JVASP-47125,1,Li,0.053888775,0.3650025,0.41608018
JVASP-47125,2,Fe,125.046455,0.25090948,125.29563
JVASP-47125,3,Si,6.2935557,1.3429555,4.951385
JVASP-47125,4,O,62.21631,1.7677816,62.456425
JVASP-47125,5,O,62.21631,1.7677816,62.462242
JVASP-47125,6,O,62.21631,1.7677852,62.416782
JVASP-47125,7,O,62.21631,1.7677771,62.42651
JVASP-47815,0,Li,1.3782469,0.24464676,1.1482044
JVASP-47815,1,Fe,81.24712,0.23650981,81.47966
JVASP-47815,2,Si,3.1035032,0.6709348,2.439773
JVASP-47815,3,O,69.33484,1.5733353,69.293846
JVASP-47815,4,O,69.33499,1.5733399,69.21826
JVASP-47815,5,O,69.33499,1.5733346,69.26084
JVASP-47815,6,O,69.33499,1.5733298,69.205925
JVASP-18108,0,Rb,11.628209,0.26104176,11.794655
JVASP-18108,1,In,51.82754,0.69585156,51.459988
JVASP-18108,2,In,51.82754,0.69585156,51.459988
JVASP-18108,3,In,82.02348,0.4126149,81.85414
JVASP-18108,4,In,82.02348,0.4126149,81.85414
JVASP-38232,0,Rb,58.101894,0.29946268,58.097843
JVASP-38232,1,Rb,58.101894,0.29946268,57.84599
JVASP-38232,2,Rb,58.101894,0.29946268,58.363018
JVASP-38232,3,In,0.0,0.30342346,0.30342346
JVASP-54996,0,Rb,7.4933124,0.31245643,7.6564875
JVASP-54996,1,Rb,7.4933124,0.31245643,7.6564875
JVASP-54996,2,Rb,7.1600356,0.27927318,7.015309
JVASP-54996,3,Rb,7.1600356,0.27927318,7.015309
JVASP-54996,4,In,41.92138,0.22126496,41.75429
JVASP-54996,5,In,124.1956,0.7239413,123.83047
JVASP-54996,6,In,124.1956,0.7239413,123.83047
JVASP-54996,7,In,41.922783,0.22126496,42.039425
JVASP-54996,8,In,41.92138,0.22126496,41.75429
JVASP-54996,9,In,41.922783,0.22126496,42.039425
JVASP-14016,0,Ni,50.93143,1.5968833,51.920143
JVASP-14016,1,Ni,50.93143,1.5968833,51.920143
JVASP-14016,2,Ce,51.18053,0.23345503,51.142498
JVASP-14016,3,Ce,51.18053,0.23345503,51.142498
JVASP-20502,0,Ce,121.19708,0.2742141,120.92319
JVASP-20502,1,Ni,42.51642,1.509557,42.637165
JVASP-20502,2,Ni,28.54023,1.3692335,29.898851
JVASP-20502,3,Ni,28.54023,1.3692335,29.898851
JVASP-20502,4,Ni,42.51937,1.5095571,42.39189
JVASP-20502,5,Ni,42.51937,1.5095571,42.393032
JVASP-20234,0,Ce,121.213005,0.27420133,120.93912
JVASP-20234,1,Ni,42.510628,1.5095427,42.384136
JVASP-20234,2,Ni,28.529207,1.3692622,29.88783
JVASP-20234,3,Ni,28.529207,1.3692622,29.88783
JVASP-20234,4,Ni,42.498936,1.5095431,42.61953
JVASP-20234,5,Ni,42.510628,1.5095427,42.38299
JVASP-69152,0,Ba,55.030235,0.064943984,54.98338
JVASP-69152,1,Na,3.2994626,0.43201563,3.728283
JVASP-69152,2,Na,3.2994626,0.43201563,3.728283
JVASP-69152,3,Mg,4.0963635,0.29045022,3.8064716
JVASP-69300,0,Ba,54.3354,0.064938255,54.288555
JVASP-69300,1,Na,3.2823164,0.432,3.711124
JVASP-69300,2,Na,3.2823164,0.432,3.711124
JVASP-69300,3,Mg,4.111877,0.29045117,3.8219843
JVASP-81311,0,Ba,127.18436,0.053841963,127.227196
JVASP-81311,1,Ba,127.18436,0.053841963,127.227196
JVASP-81311,2,Ba,127.18436,0.053841963,127.227196
JVASP-81311,3,Ba,127.18436,0.053841963,127.227196
JVASP-81311,4,Na,9.5509815,0.36348826,9.7426405
JVASP-81311,5,Na,9.5509815,0.36348826,9.7426405
JVASP-81311,6,Mg,17.814638,0.2862885,17.986446
JVASP-81311,7,Mg,17.814638,0.2862885,17.986446
JVASP-66857,0,Be,4.3735995,0.24610873,4.1338243
JVASP-66857,1,Ga,77.45654,0.5132891,77.95921
JVASP-66857,2,Fe,38.090794,0.10713754,37.987186
JVASP-67217,0,Be,0.9259071,0.107857585,1.0274612
JVASP-67217,1,Be,0.9259071,0.107857585,1.0274612
JVASP-67217,2,Ga,116.85128,0.8163938,117.66349
JVASP-67217,3,Fe,24.681059,0.07868098,24.736444
JVASP-68212,0,Be,1.9091623,0.30707455,1.6098472
JVASP-68212,1,Fe,2.0012414,0.033672065,1.9946091
JVASP-68212,2,Ga,8.533206,0.5790707,9.104487
JVASP-68212,3,Ga,114.48016,0.5790707,113.909454
JVASP-22684,0,Sc,18.04913,0.59269714,18.26455
JVASP-22684,1,Sc,18.048164,0.5926951,18.263594
JVASP-22684,2,Sc,36.939133,0.59239763,36.767864
JVASP-22684,3,Sc,5.489649,0.5476337,5.782427
JVASP-22684,4,S,20.143751,2.9073074,21.116167
JVASP-22684,5,S,20.173557,2.9072385,21.13433
JVASP-22684,6,S,19.720331,2.8970628,17.906515
JVASP-22684,7,S,20.12957,2.9073188,21.102777
JVASP-22684,8,S,19.751411,2.8970633,17.93895
JVASP-22684,9,S,20.163647,2.9072385,21.1253
JVASP-19725,0,S,0.0,3.0436513,3.0436513
JVASP-19725,1,Sc,0.0014142137,0.49161384,0.49137923
JVASP-41881,0,Sc,5.092313,0.30388722,5.334849
JVASP-41881,1,Sc,5.092313,0.30388722,5.3345284
JVASP-41881,2,S,115.29274,2.464951,114.030045
JVASP-41881,3,S,115.29274,2.464951,114.030045
JVASP-41881,4,S,115.29274,2.464951,114.05347
JVASP-41881,5,S,115.29274,2.464951,114.05347
JVASP-17352,0,Mn,0.0,0.09656191,0.09656191
JVASP-17352,1,Al,0.0,0.6996471,0.6996471
JVASP-17352,2,O,63.16336,1.4900482,63.72222
JVASP-17352,3,O,63.16336,1.4900482,64.103264
JVASP-17352,4,O,63.163357,1.4900482,61.690678
JVASP-11575,0,Mn,88.95036,0.6414354,88.320465
JVASP-11575,1,Mn,88.95077,0.6414354,88.32086
JVASP-11575,2,Al,21.600824,1.1098257,20.492945
JVASP-11575,3,Al,21.600824,1.1098257,20.492945
JVASP-11575,4,O,8.761825,1.1612594,7.6212564
JVASP-11575,5,O,8.761825,1.1612594,7.6212564
JVASP-11575,6,O,8.761825,1.1612594,7.6212564
JVASP-11575,7,O,8.761825,1.1612594,7.6212564
JVASP-11575,8,O,113.65265,1.5485542,115.18693
JVASP-11575,9,O,113.65265,1.5485542,115.18693
JVASP-43051,0,Mn,22.006947,0.15924032,21.986202
JVASP-43051,1,Mn,21.98914,0.15924287,21.96839
JVASP-43051,2,Al,53.286926,0.48257807,53.59095
JVASP-43051,3,Al,53.291935,0.4825894,53.596058
JVASP-43051,4,O,54.11748,1.7300041,53.8166
JVASP-43051,5,O,63.784527,1.713534,63.14154
JVASP-43051,6,O,60.16627,1.6673084,60.3494
JVASP-43051,7,O,60.17112,1.6672755,60.354492
JVASP-43051,8,O,63.798714,1.7134869,63.155792
JVASP-43051,9,O,54.121353,1.7299219,53.820896
JVASP-39156,0,Sc,0.0,0.17111328,0.17111328
JVASP-39156,1,Cu,0.0,1.1462108,1.1462108
JVASP-39156,2,O,110.14457,1.5038047,108.65748
JVASP-39156,3,O,110.14456,1.5038047,111.085396
JVASP-39156,4,O,110.14456,1.5038047,110.70614
JVASP-2262,0,Sc,50.10472,0.21447092,49.893867
JVASP-2262,1,Sc,50.10472,0.21447092,49.893867
JVASP-2262,2,Cu,84.814804,0.13381974,84.81898
JVASP-2262,3,Cu,84.814804,0.13381974,84.81898
JVASP-2262,4,O,53.142902,1.2537271,51.92012
JVASP-2262,5,O,53.142902,1.2537271,51.92012
JVASP-2262,6,O,53.142902,1.2537271,51.92012
JVASP-2262,7,O,53.142902,1.2537271,51.92012
JVASP-8064,0,O,53.10792,1.2542279,52.05666
JVASP-8064,1,O,53.10792,1.2542279,52.05666
JVASP-8064,2,Sc,49.85096,0.21482173,49.67115
JVASP-8064,3,Cu,84.85866,0.13369411,84.86062
JVASP-36609,0,Mn,0.0,0.08194177,0.08194177
JVASP-36609,1,Cd,0.0,1.6971414,1.6971414
JVASP-36609,2,O,107.15292,1.4505935,105.720985
JVASP-36609,3,O,107.15292,1.4505935,108.07301
JVASP-36609,4,O,107.15292,1.4505935,107.679436
JVASP-46874,0,Mn,52.015976,0.12413058,52.00307
JVASP-46874,1,Mn,52.09533,0.12403555,52.082607
JVASP-46874,2,Cd,84.41075,1.9045398,83.86348
JVASP-46874,3,Cd,18.698318,1.6980643,20.042936
JVASP-46874,4,Cd,18.678059,1.6982106,20.02201
JVASP-46874,5,O,29.233654,0.58751565,29.50908
JVASP-46874,6,O,20.14666,0.8572341,20.220062
JVASP-46874,7,O,25.200434,0.88650465,24.790031
JVASP-46874,8,O,20.112833,0.8574653,20.1861
JVASP-46874,9,O,25.180494,0.8862532,24.770027
JVASP-48176,0,Mn,4.2988544,0.24131975,4.5369463
JVASP-48176,1,Cd,1.5709394,0.3666422,1.83577
JVASP-48176,2,O,9.406041,0.9288542,8.502807
JVASP-48176,3,O,8.902263,0.9288542,9.810155
JVASP-20644,0,Yb,0.0,1.0486193,1.0486193
JVASP-20644,1,Ag,0.0,0.73698455,0.73698455
JVASP-55024,0,Yb,99.59959,1.5492145,100.62154
JVASP-55024,1,Yb,99.59959,1.5492145,100.67026
JVASP-55024,2,Yb,103.20354,1.4254816,101.778694
JVASP-55024,3,Yb,99.59959,1.5492145,100.62154
JVASP-55024,4,Yb,99.59959,1.5492145,100.67026
JVASP-55024,5,Yb,103.20354,1.4254816,101.778694
JVASP-55024,6,Ag,36.393444,1.7597272,35.2032
JVASP-55024,7,Ag,36.393444,1.7597272,35.2032
JVASP-55024,8,Ag,36.393444,1.7597272,35.194668
JVASP-55024,9,Ag,36.393444,1.7597272,35.194668
JVASP-78276,0,Yb,30.136072,1.0645847,31.19947
JVASP-78276,1,Yb,30.136072,1.0645847,31.19947
JVASP-78276,2,Ag,29.356318,0.777955,30.130434
JVASP-78276,3,Ag,29.356318,0.777955,30.130434
JVASP-78276,4,Ag,29.356318,0.777955,30.130434
JVASP-78276,5,Ag,29.356318,0.777955,30.130434
JVASP-66904,0,Be,2.2339387,0.3227213,1.9190639
JVASP-66904,1,Hf,29.851933,0.47290474,30.324196
JVASP-66904,2,Zn,54.81713,1.559454,56.372498
JVASP-67292,0,Hf,102.19924,0.44345954,102.640755
JVASP-67292,1,Be,1.5799209,0.21898209,1.3698338
JVASP-67292,2,Be,2.2078068,0.0933741,2.1218371
JVASP-67292,3,Zn,55.610764,0.19218183,55.464306
JVASP-68174,0,Hf,14.166216,0.47262862,13.694277
JVASP-68174,1,Be,2.1049283,0.3154148,1.7968699
JVASP-68174,2,Zn,30.800701,1.2829548,32.07809
JVASP-68174,3,Zn,19.25544,1.5269791,20.778196
JVASP-36663,0,Zr,0.0,0.049932383,0.049932383
JVASP-36663,1,Os,99.348854,0.78980494,100.113365
JVASP-36663,2,Os,99.348854,0.78980494,98.801384
JVASP-36663,3,Os,99.348854,0.78980494,99.13653
JVASP-78436,0,Zr,0.0,0.017907945,0.017907945
JVASP-78436,1,Os,0.0,0.9868944,0.9868944
JVASP-16605,0,Zr,0.0,0.017915219,0.017915219
JVASP-16605,1,Os,0.0,0.9868907,0.9868907
JVASP-20092,0,O,0.002,0.84429634,0.8443019
JVASP-20092,1,Cd,0.0031622779,0.4355407,0.4373981
JVASP-7774,0,Cd,19.17338,0.35379755,19.231758
JVASP-7774,1,Cd,19.17338,0.35379755,19.231758
JVASP-7774,2,O,8.692015,1.2308072,9.900167
JVASP-7774,3,O,8.692015,1.2308072,9.900167
JVASP-78869,0,Cd,98.29189,0.91505444,99.12546
JVASP-78869,1,O,16.946795,0.8325052,16.153402
JVASP-78869,2,O,16.946795,0.8325052,16.153402
JVASP-15629,0,Zr,43.889782,0.058276672,43.920288
JVASP-15629,1,Zr,43.890617,0.05827591,43.874863
JVASP-15629,2,Zr,43.889782,0.058276672,43.920864
JVASP-15629,3,Al,8.903429,0.08358933,8.962958
JVASP-15629,4,Al,8.903277,0.08358965,8.933788
JVASP-15629,5,Al,8.903429,0.08358933,8.969144
JVASP-15629,6,Ni,21.66737,1.7326001,19.945139
JVASP-15629,7,Ni,72.77679,1.4341074,71.345924
JVASP-15629,8,Ni,72.77679,1.4341074,71.345924
JVASP-18571,0,Al,39.314617,0.2003089,39.463593
JVASP-18571,1,Al,24.66139,0.046474826,24.694664
JVASP-18571,2,Al,24.6612,0.046474837,24.624464
JVASP-18571,3,Al,24.66139,0.046474826,24.694664
JVASP-18571,4,Al,24.6612,0.046474837,24.624464
JVASP-18571,5,Ni,14.505201,1.31662,15.576342
JVASP-18571,6,Ni,14.505201,1.31662,15.576342
JVASP-18571,7,Zr,17.747526,0.01331279,17.754755
JVASP-17164,0,Zr,9.557823,0.059068117,9.608156
JVASP-17164,1,Zr,9.557914,0.059068315,9.609559
JVASP-17164,2,Zr,9.557823,0.059068117,9.608342
JVASP-17164,3,Zr,94.319244,0.07550412,94.24542
JVASP-17164,4,Zr,94.31978,0.075504646,94.2474
JVASP-17164,5,Zr,94.319244,0.07550412,94.24573
JVASP-17164,6,Al,36.987297,0.2581065,37.236942
JVASP-17164,7,Al,36.987297,0.2581065,37.236942
JVASP-17164,8,Ni,96.00611,1.6534239,94.36295
JVASP-13883,0,O,6.3505263,1.2500218,5.454959
JVASP-13883,1,O,6.3505263,1.2500218,5.454959
JVASP-13883,2,Sb,90.36152,2.643789,88.42139
JVASP-13883,3,Ce,74.586586,0.29478192,74.35286
JVASP-13883,4,Ce,74.586586,0.29478192,74.35286
JVASP-17681,0,Ce,74.69637,0.2947673,74.40237
JVASP-17681,1,Ce,74.69637,0.2947673,74.40237
JVASP-17681,2,Ce,74.69637,0.2947673,74.40237
JVASP-17681,3,Ce,74.69637,0.2947673,74.40237
JVASP-17681,4,Sb,90.33964,2.643878,87.844696
JVASP-17681,5,Sb,90.33964,2.643878,87.844696
JVASP-17681,6,O,6.3368297,1.2500039,5.1138954
JVASP-17681,7,O,6.3368297,1.2500039,5.1138954
JVASP-17681,8,O,6.3368297,1.2500039,5.1138954
JVASP-17681,9,O,6.3368297,1.2500039,5.1138954
JVASP-5008,0,Ce,74.65228,0.294743,74.3583
JVASP-5008,1,Ce,74.65228,0.294743,74.3583
JVASP-5008,2,Ce,74.65228,0.294743,74.3583
JVASP-5008,3,Ce,74.65228,0.294743,74.3583
JVASP-5008,4,Sb,90.34127,2.6443264,87.84589
JVASP-5008,5,Sb,90.34127,2.6443264,87.84589
JVASP-5008,6,O,6.340096,1.249973,5.117193
JVASP-5008,7,O,6.340096,1.249973,5.117193
JVASP-5008,8,O,6.340096,1.249973,5.117193
JVASP-5008,9,O,6.340096,1.249973,5.117193
JVASP-35724,0,Ho,38.14656,0.8533167,38.665375
JVASP-35724,1,Ho,38.14656,0.8533167,38.665375
JVASP-35724,2,Ga,51.96713,0.0761378,51.98613
JVASP-35724,3,Ga,51.96713,0.0761378,51.98613
JVASP-15017,0,Ho,0.0,0.75550765,0.75550765
JVASP-15017,1,Ga,88.79156,0.19547664,88.8403
JVASP-15017,2,Ga,88.79155,0.19547664,88.604164
JVASP-15017,3,Ga,88.79156,0.19547664,88.93051
JVASP-19643,0,Ho,12.696932,0.77098644,11.927475
JVASP-19643,1,Ga,1.2872086,0.098576404,1.3122197
JVASP-19643,2,Ga,1.2872086,0.098576404,1.3122197
JVASP-78658,0,Ni,2.7336307,0.54414934,2.1895223
JVASP-78658,1,Pt,85.7248,1.0364753,84.73649
JVASP-8204,0,Ni,2.731181,0.54417247,2.1870494
JVASP-8204,1,Pt,85.72725,1.036486,84.73893
JVASP-16853,0,Ni,14.062521,0.5436286,14.337189
JVASP-16853,1,Ni,14.062521,0.5436286,14.346882
JVASP-16853,2,Ni,14.062521,0.5436286,13.518952
JVASP-16853,3,Pt,0.0,1.0646375,1.0646375
JVASP-14704,0,Mn,0.0,0.11374446,0.11374446
JVASP-14704,1,Rh,0.0,0.8489394,0.8489394
JVASP-14964,0,Mn,5.214147,0.35175928,5.0078874
JVASP-14964,1,Mn,5.214147,0.35175928,5.5630836
JVASP-14964,2,Mn,5.214147,0.35175928,5.0898294
JVASP-14964,3,Rh,0.0,0.28451514,0.28451514
JVASP-78442,0,Mn,9.768565,0.113200955,9.660288
JVASP-78442,1,Rh,84.27307,0.8514189,85.12441
JVASP-67010,0,Be,3.6615806,0.25461894,3.4129663
JVASP-67010,1,Zn,18.503447,0.5608731,19.06412
JVASP-67010,2,Cr,81.379395,0.34047565,81.71574
JVASP-67194,0,Be,1.31211,0.03863669,1.2876762
JVASP-67194,1,Be,3.0683944,0.16166204,2.9125133
JVASP-67194,2,Zn,6.323766,0.6017778,6.9255176
JVASP-67194,3,Cr,30.219355,0.27963006,30.494524
JVASP-74908,0,Be,1.2467903,0.25040746,1.002754
JVASP-74908,1,Be,1.2467903,0.25040746,1.002754
JVASP-74908,2,Zn,14.682241,0.5994072,14.082862
JVASP-74908,3,Cr,22.773724,0.3330738,23.10378
JVASP-65175,0,Be,1.3178383,0.24559756,1.0797292
JVASP-65175,1,Fe,8.885117,0.17798689,9.050112
JVASP-65175,2,Pd,39.63846,0.27234346,39.83295
JVASP-67372,0,Be,4.2694607,0.03859231,4.2935047
JVASP-67372,1,Be,0.18044575,0.03941544,0.20813362
JVASP-67372,2,Fe,27.80171,0.13183117,27.683222
JVASP-67372,3,Pd,26.786804,0.24097864,26.946672
JVASP-67981,0,Be,0.018832596,0.34897822,0.33332083
JVASP-67981,1,Fe,57.354805,0.046204135,57.379047
JVASP-67981,2,Pd,79.464714,0.35995272,79.79856
JVASP-67981,3,Pd,2.9214246,0.35995272,2.5912058
JVASP-20068,0,B,9.755043,1.624511,10.25822
JVASP-20068,1,B,9.755043,1.624511,10.25822
JVASP-20068,2,B,9.755043,1.624511,10.263679
JVASP-20068,3,B,9.755043,1.624511,10.263679
JVASP-20068,4,Ru,51.605213,0.32866687,51.69364
JVASP-20068,5,Ru,51.605213,0.32866687,51.69364
JVASP-21949,0,B,0.6605457,1.2725786,1.9327528
JVASP-21949,1,B,0.6605457,1.2725786,1.9327528
JVASP-21949,2,B,8.898996,1.8102813,10.706789
JVASP-21949,3,B,8.898996,1.8102813,10.706789
JVASP-21949,4,B,8.898996,1.8102813,10.706789
JVASP-21949,5,B,8.898996,1.8102813,10.706789
JVASP-21949,6,Ru,77.6672,0.21634509,77.88106
JVASP-21949,7,Ru,77.6672,0.21634509,77.88106
JVASP-21949,8,Ru,77.6672,0.21634509,77.88106
JVASP-21949,9,Ru,77.6672,0.21634509,77.88106
JVASP-63228,0,B,8.357659,2.0065773,10.361677
JVASP-63228,1,B,8.357659,2.0065773,10.361677
JVASP-63228,2,B,8.357659,2.0065773,10.361677
JVASP-63228,3,B,8.357659,2.0065773,10.361677
JVASP-63228,4,B,18.49773,1.381629,17.117159
JVASP-63228,5,B,18.49773,1.381629,17.117159
JVASP-63228,6,Ru,9.969426,0.099099614,10.035775
JVASP-63228,7,Ru,9.969426,0.099099614,10.035775
JVASP-63228,8,Ru,9.969426,0.099099614,10.035775
JVASP-63228,9,Ru,9.969426,0.099099614,10.035775
JVASP-14508,0,Ni,17.575092,1.5380481,19.110352
JVASP-14508,1,Ni,17.575092,1.5380481,19.110352
JVASP-14508,2,As,38.245518,2.2984614,40.471855
JVASP-14508,3,As,38.245518,2.2984614,40.471855
JVASP-14509,0,Ni,6.6087418,0.7304552,5.878329
JVASP-14509,1,Ni,6.6087418,0.7304552,5.878329
JVASP-14509,2,As,72.79312,2.16752,74.8963
JVASP-14509,3,As,72.79312,2.16752,74.8963
JVASP-17510,0,Ni,5.704639,1.8748194,4.8199534
JVASP-17510,1,Ni,5.704639,1.8748194,4.817673
JVASP-17510,2,As,74.63794,2.6749947,74.20838
JVASP-17510,3,As,74.63794,2.6749947,74.20838
JVASP-17510,4,As,74.63794,2.6749947,74.20109
JVASP-17510,5,As,74.63794,2.6749947,74.20109
JVASP-35069,0,Sm,7.9167514,0.061403494,7.965873
JVASP-35069,1,Sm,7.9167514,0.061403494,7.965873
JVASP-35069,2,Co,37.924633,1.1612556,39.076614
JVASP-35069,3,Co,37.924633,1.1612556,39.076614
JVASP-35069,4,Si,8.72345,0.81080616,9.512136
JVASP-35069,5,Si,8.72345,0.81080616,9.512136
JVASP-39076,0,Sm,30.96645,0.044215426,30.988491
JVASP-39076,1,Co,24.236885,1.4229568,25.658283
JVASP-39076,2,Si,70.054276,0.598775,70.00854
JVASP-39076,3,Si,70.054276,0.598775,69.71204
JVASP-39076,4,Si,40.103046,0.8851046,39.249565
JVASP-17365,0,Si,30.360367,0.75441736,30.83877
JVASP-17365,1,Si,30.360367,0.75441736,30.83877
JVASP-17365,2,Co,33.251446,0.9315848,33.85162
JVASP-17365,3,Co,33.251446,0.9315848,33.85162
JVASP-17365,4,Sm,70.79973,0.12180243,70.73508
JVASP-18201,0,Ti,0.0,0.4570147,0.4570147
JVASP-18201,1,Cd,0.0,1.063918,1.063918
JVASP-18201,2,O,69.60552,1.5744964,70.307526
JVASP-18201,3,O,69.60552,1.5744964,70.50012
JVASP-18201,4,O,69.60552,1.5744964,68.03533
JVASP-36602,0,Ti,0.0,0.11528965,0.11528965
JVASP-36602,1,Cd,0.0,1.8854177,1.8854177
JVASP-36602,2,O,13.143963,1.3370875,14.4599695
JVASP-36602,3,O,13.143963,1.3370875,12.315339
JVASP-36602,4,O,13.143963,1.3370875,12.763086
JVASP-11135,0,O,37.99655,1.2479877,38.007637
JVASP-11135,1,O,37.996803,1.2479877,37.331676
JVASP-11135,2,O,37.996426,1.2479863,38.516926
JVASP-11135,3,O,37.99655,1.2479877,38.007637
JVASP-11135,4,O,37.996426,1.2479863,38.516926
JVASP-11135,5,O,37.996803,1.2479877,37.331676
JVASP-11135,6,Ti,27.854973,0.06649374,27.817396
JVASP-11135,7,Ti,27.854973,0.06649374,27.817396
JVASP-11135,8,Cd,30.706755,1.3586026,31.454271
JVASP-11135,9,Cd,30.706755,1.3586026,31.454271
JVASP-37952,0,Ac,1.0973715,0.6837442,0.4196962
JVASP-37952,1,Ac,1.0973715,0.6837442,0.4196962
JVASP-37952,2,Ac,1.0973715,0.6837442,0.4196962
JVASP-37952,3,Ac,1.0973715,0.6837442,0.4196962
JVASP-37952,4,Mg,2.7515936,0.29098773,2.4611664
JVASP-37952,5,Mg,2.7515936,0.29098773,2.4611664
JVASP-41237,0,Ac,67.37403,0.62371415,67.99218
JVASP-41237,1,Mg,4.7639585,0.57619894,4.453764
JVASP-41237,2,Mg,9.239475,0.5420245,8.702459
JVASP-41237,3,Mg,4.761647,0.5761987,4.5511527
JVASP-41237,4,Mg,9.239475,0.5420245,8.702459
JVASP-41237,5,Mg,4.761647,0.5761987,4.5789404
JVASP-78729,0,Ac,2.6348345,0.6934039,1.9436848
JVASP-78729,1,Mg,0.2408665,0.29102787,0.531667
JVASP-17209,0,Ba,5.4929843,0.12665227,5.3710055
JVASP-17209,1,Al,3.1414707,0.4747492,2.683229
JVASP-17209,2,Ge,12.321344,1.4548066,10.920528
JVASP-18804,0,Al,0.4563091,0.46847332,0.8607883
JVASP-18804,1,Al,0.4563091,0.46847332,0.8607883
JVASP-18804,2,Ge,17.346445,1.1377188,18.195833
JVASP-18804,3,Ge,17.346445,1.1377188,18.195833
JVASP-18804,4,Ba,1.2945478,0.18478337,1.1609293
JVASP-16297,0,Al,12.813624,0.45443863,12.462529
JVASP-16297,1,Al,12.813624,0.45443863,12.462529
JVASP-16297,2,Ge,22.428022,1.4949459,22.027378
JVASP-16297,3,Ge,22.428022,1.4949459,22.027378
JVASP-16297,4,Ba,23.905048,0.07915219,23.964554
JVASP-16297,5,Ba,72.13692,0.11859407,72.03441
JVASP-16297,6,Ba,23.905048,0.07915219,23.964554
JVASP-67894,0,Be,0.11760953,0.30398276,0.19048044
JVASP-67894,1,Cr,43.053864,0.29856095,42.756634
JVASP-67894,2,V,63.574875,0.39672682,63.180546
JVASP-67894,3,V,33.468193,0.39672682,33.07388
JVASP-68051,0,Be,4.4866486,0.27004948,4.2226453
JVASP-68051,1,V,29.58004,0.43104106,29.153315
JVASP-68051,2,V,9.289282,0.40251788,8.8903265
JVASP-68051,3,Cr,9.19865,0.3235469,8.877668
JVASP-74863,0,Be,2.981029,0.22553644,3.201772
JVASP-74863,1,Be,2.9540846,0.22553644,3.1748304
JVASP-74863,2,Be,2.981029,0.22553644,3.201772
JVASP-74863,3,Be,2.9540846,0.22553644,3.1748304
JVASP-74863,4,V,32.8893,0.34096703,32.5518
JVASP-74863,5,V,32.8893,0.34096703,32.5518
JVASP-74863,6,Cr,56.648533,0.30202034,56.34964
JVASP-74863,7,Cr,56.648533,0.30202034,56.34964
JVASP-3801,0,F,234.77893,3.0795288,233.25606
JVASP-3801,1,F,234.77782,3.0795288,235.50578
JVASP-3801,2,F,234.77869,3.079529,235.73251
JVASP-3801,3,F,234.77782,3.0795288,235.50578
JVASP-3801,4,F,234.77893,3.0795288,233.25606
JVASP-3801,5,F,234.77869,3.079529,235.73251
JVASP-3801,6,Rb,33.386074,0.12336545,33.402298
JVASP-3801,7,Bi,82.983284,1.1228021,82.84878
JVASP-53161,0,Rb,11.050729,0.07100318,11.055265
JVASP-53161,1,Rb,11.042071,0.07105174,11.047096
JVASP-53161,2,Bi,1772.3993,1.0856146,1772.1625
JVASP-53161,3,Bi,1772.1453,1.0856342,1771.9088
JVASP-53161,4,F,78.72033,3.273806,76.11514
JVASP-53161,5,F,68.8334,3.0408654,69.43495
JVASP-53161,6,F,68.85798,3.0409338,69.45839
JVASP-53161,7,F,69.10502,3.0380743,69.92994
JVASP-53161,8,F,78.71815,3.2737849,76.11265
JVASP-53161,9,F,69.10988,3.0379827,69.93561
JVASP-5677,0,Al,19.438772,0.19197075,19.250135
JVASP-5677,1,Al,19.438772,0.19197075,19.247742
JVASP-5677,2,Al,19.438772,0.19197075,19.250135
JVASP-5677,3,Al,19.438772,0.19197075,19.247742
JVASP-5677,4,Al,16.525267,0.21519193,16.678377
JVASP-5677,5,Al,16.525267,0.21519193,16.683722
JVASP-5677,6,Al,16.525267,0.21519193,16.678377
JVASP-5677,7,Al,16.525267,0.21519193,16.683722
JVASP-5677,8,Al,20.503218,0.19317079,20.314796
JVASP-5677,9,Al,20.503218,0.19317079,20.32095
JVASP-5677,10,Al,20.503218,0.19317079,20.314796
JVASP-5677,11,Al,20.503218,0.19317079,20.32095
JVASP-5677,12,Al,15.694422,0.21395946,15.832659
JVASP-5677,13,Al,15.694422,0.21395946,15.838793
JVASP-5677,14,Al,15.694422,0.21395946,15.832659
JVASP-5677,15,Al,15.694422,0.21395946,15.838793
JVASP-5677,16,Te,185.64264,1.3024374,184.54895
JVASP-5677,17,Te,185.64264,1.3024374,184.54903
JVASP-5677,18,Te,185.64264,1.3024374,184.54895
JVASP-5677,19,Te,185.64264,1.3024374,184.54903
JVASP-5677,20,Te,402.7967,1.0324326,402.8642
JVASP-5677,21,Te,402.7967,1.0324326,402.8555
JVASP-5677,22,Te,402.7967,1.0324326,402.8642
JVASP-5677,23,Te,402.7967,1.0324326,402.8555
JVASP-5677,24,Te,110.8299,1.3019031,111.09306
JVASP-5677,25,Te,110.8299,1.3019031,111.08511
JVASP-5677,26,Te,110.8299,1.3019031,111.09306
JVASP-5677,27,Te,110.8299,1.3019031,111.08511
JVASP-5677,28,Te,417.6412,1.0326545,417.7261
JVASP-5677,29,Te,417.6412,1.0326545,417.73447
JVASP-5677,30,Te,417.6412,1.0326545,417.7261
JVASP-5677,31,Te,417.6412,1.0326545,417.73447
JVASP-5677,32,Te,183.36755,1.3062212,182.23814
JVASP-5677,33,Te,183.36755,1.3062212,182.23708
JVASP-5677,34,Te,183.36755,1.3062212,182.23814
JVASP-5677,35,Te,183.36755,1.3062212,182.23708
JVASP-5677,36,Te,115.806625,1.3063412,116.14688
JVASP-5677,37,Te,115.806625,1.3063412,116.138855
JVASP-5677,38,Te,115.806625,1.3063412,116.14688
JVASP-5677,39,Te,115.806625,1.3063412,116.138855
JVASP-2931,0,Al,19.772375,0.4128662,19.51874
JVASP-2931,1,Al,19.772375,0.4128662,19.51874
JVASP-2931,2,Te,44.295673,2.1486976,45.057655
JVASP-2931,3,Te,44.295673,2.1486976,45.057655
JVASP-2931,4,Te,1175.6628,5.0398207,1172.1381
JVASP-2931,5,Te,125.18488,1.3130596,124.23992
JVASP-2931,6,Te,125.18488,1.3130596,124.23992
JVASP-19735,0,U,984.6826,0.6118381,985.2822
JVASP-19735,1,B,7.816322,0.84464604,6.9731283
JVASP-19735,2,B,7.816322,0.84464604,6.9731283
JVASP-63844,0,B,7.8591886,0.84507,7.0155478
JVASP-63844,1,B,7.8591886,0.84507,7.0155478
JVASP-63844,2,U,997.96375,0.61184084,998.56335
JVASP-15341,0,Sc,139.32045,0.43337178,139.57979
JVASP-15341,1,Sc,139.32045,0.43337178,138.89012
JVASP-15341,2,Sc,139.32045,0.43337178,139.49245
JVASP-15341,3,Tl,0.0,1.2607793,1.2607793
JVASP-15341,4,C,0.0,0.3798177,0.3798177
JVASP-16904,0,Sc,19.531008,0.42795035,19.955048
JVASP-16904,1,Sc,19.531008,0.42795035,19.955048
JVASP-16904,2,Sc,19.531008,0.42795035,19.955048
JVASP-16904,3,Sc,19.531008,0.42795035,19.955048
JVASP-16904,4,Tl,891.542,1.3194984,892.7663
JVASP-16904,5,Tl,891.542,1.3194984,892.7663
JVASP-16904,6,C,5.706086,0.37239522,5.350017
JVASP-16904,7,C,5.706086,0.37239522,5.350017
JVASP-29345,0,Th,23.179815,0.7260647,22.975393
JVASP-29345,1,Th,23.179815,0.7260647,22.975393
JVASP-29345,2,Te,842.5989,4.711835,840.9592
JVASP-29345,3,Te,842.5989,4.711835,840.9592
JVASP-29345,4,Te,872.01117,2.9692414,871.11273
JVASP-29345,5,Te,872.01117,2.9692414,871.11273
JVASP-29345,6,I,210.0425,3.6723094,212.71082
JVASP-29345,7,I,209.83067,3.6724606,206.99417
JVASP-29345,8,I,210.0425,3.6723094,212.71082
JVASP-29345,9,I,209.83067,3.6724606,206.99417
JVASP-26127,0,Th,23.09487,0.72607124,22.88842
JVASP-26127,1,Th,23.09487,0.72607124,22.88842
JVASP-26127,2,Te,842.6227,4.712433,840.983
JVASP-26127,3,Te,842.6227,4.712433,840.983
JVASP-26127,4,Te,872.1151,2.9690683,871.217
JVASP-26127,5,Te,872.1151,2.9690683,871.217
JVASP-26127,6,I,210.04378,3.6720543,212.71162
JVASP-26127,7,I,209.81374,3.6722426,206.9773
JVASP-26127,8,I,210.04378,3.6720543,212.71162
JVASP-26127,9,I,209.81374,3.6722426,206.9773
JVASP-4180,0,Hg,837.8452,2.6538877,839.1427
JVASP-4180,1,Hg,837.8452,2.6538877,839.1442
JVASP-4180,2,Hg,837.8452,2.6538877,839.1427
JVASP-4180,3,Hg,837.8452,2.6538877,839.1442
JVASP-4180,4,Cl,308.57947,0.2802524,308.51614
JVASP-4180,5,Cl,308.57947,0.2802524,308.5059
JVASP-4180,6,Cl,308.57947,0.2802524,308.51614
JVASP-4180,7,Cl,308.57947,0.2802524,308.5059
JVASP-4180,8,Cl,303.4805,0.91485393,303.71365
JVASP-4180,9,Cl,303.4805,0.91485393,303.7072
JVASP-4180,10,Cl,303.4805,0.91485393,303.71365
JVASP-4180,11,Cl,303.4805,0.91485393,303.7072
JVASP-1939,0,Cl,167.55818,0.6241285,167.90576
JVASP-1939,1,Cl,167.55818,0.6241285,167.90576
JVASP-1939,2,Hg,690.21497,2.7787273,691.902
JVASP-1939,3,Hg,690.21497,2.7787273,691.902
JVASP-66744,0,Be,0.5299063,0.029506894,0.53371024
JVASP-66744,1,Be,3.2668028,0.029495224,3.2706277
JVASP-66744,2,Cu,13.584054,0.15843149,13.710663
JVASP-66744,3,Os,168.97478,0.76281875,168.23294
JVASP-80606,0,Be,12.1526985,0.13865487,12.066037
JVASP-80606,1,Be,12.1526985,0.13865487,12.066037
JVASP-80606,2,Cu,27.11301,2.0054343,26.710339
JVASP-80606,3,Os,795.6507,1.5535549,795.5389
JVASP-69236,0,Ba,110.57649,0.07118397,110.63589
JVASP-69236,1,Ga,32.17405,0.5146045,31.689163
JVASP-69236,2,Bi,175.20383,1.0338466,175.1636
JVASP-69236,3,Bi,772.1469,0.9672576,772.5448
JVASP-69342,0,Ba,109.203156,0.07122642,109.26259
JVASP-69342,1,Ga,31.204052,0.514371,30.71941
JVASP-69342,2,Bi,170.34814,1.0337598,170.30827
JVASP-69342,3,Bi,753.0605,0.9672855,753.4582
JVASP-10126,0,Se,696.3746,3.86903,696.82135
JVASP-10126,1,Se,696.3746,3.86903,696.8047
JVASP-10126,2,Se,696.3747,3.86903,696.3043
JVASP-10126,3,Se,696.3747,3.86903,696.3258
JVASP-10126,4,Se,739.2553,2.5855238,739.8702
JVASP-10126,5,Se,739.2553,2.5855238,739.8636
JVASP-10126,6,Rb,14.692139,0.22945772,14.592554
JVASP-10126,7,Rb,14.692139,0.22945772,14.588453
JVASP-10126,8,Rb,24.745546,0.20250314,24.806637
JVASP-10126,9,Rb,24.745546,0.20250314,24.80416
JVASP-78470,0,Rb,0.0,0.21516354,0.21516354
JVASP-78470,1,Rb,0.0,0.21516354,0.21516354
JVASP-78470,2,Rb,0.0,0.21516354,0.21516354
JVASP-78470,3,Rb,0.0,0.21516354,0.21516354
JVASP-78470,4,Se,0.0,1.5604179,1.5604179
JVASP-78470,5,Se,0.0,1.5604179,1.5604179
JVASP-78470,6,Se,0.0,1.5604179,1.5604179
JVASP-78470,7,Se,0.0,1.5604179,1.5604179
JVASP-67854,0,Be,0.76751065,0.29228702,0.492503
JVASP-67854,1,Se,305.42035,2.788332,302.71466
JVASP-67854,2,Te,703.37836,6.0774035,697.51855
JVASP-74859,0,Be,3.6595376,0.28122875,3.3887362
JVASP-74859,1,Be,0.80833167,0.3661479,0.45750698
JVASP-74859,2,Te,69.7876,5.546017,64.46437
JVASP-74859,3,Se,85.19163,4.754913,80.56792
JVASP-4279,0,P,101.140495,1.024355,101.4566
JVASP-4279,1,P,101.140495,1.024355,101.45326
JVASP-4279,2,P,101.140495,1.024355,101.45326
JVASP-4279,3,P,101.140495,1.024355,101.4566
JVASP-4279,4,Br,692.3188,4.3961473,694.09735
JVASP-4279,5,Br,692.3188,4.3961473,694.11743
JVASP-4279,6,Br,692.3188,4.3961473,694.10956
JVASP-4279,7,Br,692.3188,4.3961473,694.12695
JVASP-4279,8,Br,692.3188,4.3961473,694.09735
JVASP-4279,9,Br,692.3188,4.3961473,694.11743
JVASP-4279,10,Br,692.3188,4.3961473,694.10956
JVASP-4279,11,Br,692.3188,4.3961473,694.12695
JVASP-4279,12,Br,682.8574,4.4836993,679.859
JVASP-4279,13,Br,682.8574,4.4836993,679.85815
JVASP-4279,14,Br,682.8574,4.4836993,679.85815
JVASP-4279,15,Br,682.8574,4.4836993,679.859
JVASP-79523,0,P,0.0,1.5645545,1.5645545
JVASP-79523,1,Br,0.0,4.9108777,4.9108777
JVASP-5230,0,Sn,8.108275,0.29030105,8.240219
JVASP-5230,1,Sn,8.108275,0.29030105,8.211967
JVASP-5230,2,Sn,8.108275,0.29030105,8.240219
JVASP-5230,3,Sn,8.108275,0.29030105,8.211967
JVASP-5230,4,Br,674.051,3.7117486,675.4152
JVASP-5230,5,Br,674.051,3.7117486,675.3924
JVASP-5230,6,Br,674.051,3.7117486,675.4152
JVASP-5230,7,Br,674.051,3.7117486,675.3924
JVASP-5230,8,Br,671.52496,3.680835,673.3419
JVASP-5230,9,Br,671.52496,3.680835,673.3408
JVASP-5230,10,Br,671.52496,3.680835,673.3419
JVASP-5230,11,Br,671.52496,3.680835,673.3408
JVASP-5230,12,Br,671.28516,3.709135,669.13715
JVASP-5230,13,Br,671.28516,3.709135,669.1133
JVASP-5230,14,Br,671.28516,3.709135,669.13715
JVASP-5230,15,Br,671.28516,3.709135,669.1133
JVASP-5230,16,Br,657.7161,3.2119603,656.87036
JVASP-5230,17,Br,657.7161,3.2119603,656.876
JVASP-5230,18,Br,657.7161,3.2119603,656.87036
JVASP-5230,19,Br,657.7161,3.2119603,656.876
JVASP-37353,0,Sn,27.007687,0.38741198,26.839964
JVASP-37353,1,Sn,27.007687,0.38741198,26.824333
JVASP-37353,2,Br,261.71356,0.3639733,261.74484
JVASP-37353,3,Br,261.71356,0.3639733,261.74484
JVASP-37353,4,Br,261.71356,0.3639733,261.80038
JVASP-37353,5,Br,261.71356,0.3639733,261.80038
JVASP-64881,0,Be,5.16679,0.43938813,5.597936
JVASP-64881,1,Be,5.966957,0.43938813,6.3980165
JVASP-64881,2,Be,5.16679,0.43938813,5.597936
JVASP-64881,3,Be,5.966957,0.43938813,6.3980165
JVASP-64881,4,Si,53.413574,0.7554583,54.149208
JVASP-64881,5,Si,53.413574,0.7554583,54.149208
JVASP-64881,6,Bi,657.2455,1.2020049,656.4127
JVASP-64881,7,Bi,657.2455,1.2020049,656.4127
JVASP-74892,0,Be,0.41396376,0.5116281,0.92135996
JVASP-74892,1,Si,12.645082,0.9707965,11.692287
JVASP-74892,2,Bi,81.00667,1.060331,80.44205
JVASP-74892,3,Bi,81.00667,1.060331,82.03586
JVASP-31884,0,Ta,206.2961,0.58539146,206.06973
JVASP-31884,1,Ta,206.2961,0.58539146,206.06973
JVASP-31884,2,Ta,190.49496,0.58744544,190.32712
JVASP-31884,3,Ta,190.49496,0.58744544,190.32712
JVASP-31884,4,I,426.44482,5.8579288,428.7642
JVASP-31884,5,I,377.75043,7.654313,372.8871
JVASP-31884,6,I,343.29126,7.315128,345.05505
JVASP-31884,7,I,239.54558,4.939499,239.10184
JVASP-31884,8,I,239.54558,4.939499,239.10184
JVASP-31884,9,I,448.194,5.7734575,448.4074
JVASP-31884,10,I,468.51956,5.2787337,467.7948
JVASP-31884,11,I,408.69592,7.3805027,412.13052
JVASP-31884,12,I,343.29126,7.315128,345.05505
JVASP-31884,13,I,377.75043,7.654313,372.8871
JVASP-31884,14,I,426.44482,5.8579288,428.7642
JVASP-31884,15,I,408.69592,7.3805027,412.13052
JVASP-31884,16,I,295.45306,4.388608,298.20468
JVASP-31884,17,I,448.194,5.7734575,448.4074
JVASP-31884,18,I,295.45306,4.388608,298.20468
JVASP-31884,19,I,468.51956,5.2787337,467.7948
JVASP-8754,0,Ta,301.515,0.5932046,301.179
JVASP-8754,1,Ta,302.6367,0.59328526,302.336
JVASP-8754,2,I,414.3697,5.0211105,413.84503
JVASP-8754,3,I,543.9005,5.7864823,541.7118
JVASP-8754,4,I,491.69617,6.2876816,495.09418
JVASP-8754,5,I,647.31604,6.1827126,651.96234
JVASP-8754,6,I,545.2193,5.7814374,544.0917
JVASP-15725,0,Rb,19.31096,0.13732705,19.177301
JVASP-15725,1,Rb,19.31096,0.13732705,19.177301
JVASP-15725,2,Te,514.02704,5.412766,508.81616
JVASP-15725,3,Te,514.02704,5.412766,508.81616
JVASP-15725,4,Au,490.98837,2.493223,488.5352
JVASP-15725,5,Au,490.98837,2.493223,488.5352
JVASP-2898,0,Rb,25.355513,0.24102348,25.57419
JVASP-2898,1,Rb,25.355513,0.24102348,25.57419
JVASP-2898,2,Te,480.252,5.9014397,485.46353
JVASP-2898,3,Te,480.252,5.9014397,485.46353
JVASP-2898,4,Au,623.31946,2.5905917,624.41547
JVASP-2898,5,Au,623.31946,2.5905917,624.4293
JVASP-34327,0,Tl,603.23303,1.3762292,602.5035
JVASP-34327,1,Tl,541.7696,1.3613973,542.493
JVASP-34327,2,Ni,8.573662,1.8997543,8.342382
JVASP-34327,3,Ni,8.578263,1.8997549,8.107761
JVASP-34327,4,Ni,8.58576,1.8997539,8.1593
JVASP-34327,5,S,27.780441,2.213405,26.764597
JVASP-34327,6,S,27.780441,2.213405,26.764597
JVASP-57505,0,Tl,72.11642,1.2324454,71.25104
JVASP-57505,1,Ni,28.422411,1.4674139,27.3021
JVASP-57505,2,Ni,28.422411,1.4674139,27.3021
JVASP-57505,3,S,23.37312,2.8269696,21.296007
JVASP-57505,4,S,23.37312,2.8269696,21.296007
JVASP-362,0,Zr,14.337498,0.08916116,14.290744
JVASP-362,1,Zr,14.337498,0.08916116,14.290744
JVASP-362,2,Se,588.8255,3.4360383,587.8726
JVASP-362,3,Se,588.8255,3.4360383,587.8726
JVASP-362,4,Se,582.3027,4.2070227,581.1674
JVASP-362,5,Se,582.3027,4.2070227,581.1674
JVASP-362,6,Se,56.815205,4.795184,58.28875
JVASP-362,7,Se,56.815205,4.795184,58.28875
JVASP-365,0,Zr,34.32715,0.21924484,34.113167
JVASP-365,1,Se,3.005524,5.2875385,8.251028
JVASP-365,2,Se,3.005524,5.2875385,8.251028
JVASP-51471,0,Y,4.4282875,0.22681843,4.6361265
JVASP-51471,1,Y,4.4282875,0.22681786,4.636126
JVASP-51471,2,Pb,603.0178,1.0970929,602.14935
JVASP-51471,3,Pb,603.0178,1.0970949,602.14935
JVASP-51471,4,Pb,338.0836,1.0982805,338.82486
JVASP-51471,5,Pb,338.0836,1.0982807,338.82486
JVASP-7962,0,Y,0.0,0.14913853,0.14913853
JVASP-7962,1,Pb,416.5774,1.1694405,415.59232
JVASP-7962,2,Pb,416.57736,1.1694405,417.61493
JVASP-7962,3,Pb,416.57736,1.1694405,416.52734
JVASP-29411,0,Tm,146.36815,0.40580964,146.21965
JVASP-29411,1,Tm,146.36815,0.40580964,146.21965
JVASP-29411,2,Tm,154.7361,0.57174975,154.63599
JVASP-29411,3,Tm,154.7361,0.57174975,154.63599
JVASP-29411,4,Te,543.69977,5.185657,539.45685
JVASP-29411,5,Te,578.39056,5.5197353,579.4174
JVASP-29411,6,Te,517.20135,5.5519342,515.61536
JVASP-29411,7,Te,543.69977,5.185657,539.45685
JVASP-29411,8,Te,539.0394,5.8658037,533.5382
JVASP-29411,9,Te,517.20135,5.5519342,515.61536
JVASP-29411,10,Te,539.0394,5.8658037,533.5382
JVASP-29411,11,Te,536.1886,5.277403,536.4171
JVASP-29411,12,Te,578.39056,5.5197353,579.4174
JVASP-29411,13,Te,536.1886,5.277403,536.4171
JVASP-29411,14,O,140.84093,1.6514853,141.73584
JVASP-29411,15,O,128.6717,1.648505,127.47318
JVASP-29411,16,O,123.056305,1.496929,122.57928
JVASP-29411,17,O,131.75746,1.6629536,132.07173
JVASP-29411,18,O,144.42882,1.7350836,144.96075
JVASP-29411,19,O,131.07867,1.862128,131.27094
JVASP-29411,20,O,107.81535,1.9573205,108.91414
JVASP-29411,21,O,138.56625,1.5732126,139.49101
JVASP-29411,22,O,107.81535,1.9573205,108.91414
JVASP-29411,23,O,125.49451,1.4634217,126.13684
JVASP-29411,24,O,144.42882,1.7350836,144.96075
JVASP-29411,25,O,132.88678,1.8078431,133.25056
JVASP-29411,26,O,131.75746,1.6629536,132.07173
JVASP-29411,27,O,167.5589,1.6709181,166.86497
JVASP-29411,28,O,138.56625,1.5732126,139.49101
JVASP-29411,29,O,125.49451,1.4634217,126.13684
JVASP-29411,30,O,132.88678,1.8078431,133.25056
JVASP-29411,31,O,123.056305,1.496929,122.57928
JVASP-29411,32,O,128.6717,1.648505,127.47318
JVASP-29411,33,O,130.83278,1.7708417,129.75723
JVASP-29411,34,O,167.5589,1.6709181,166.86497
JVASP-29411,35,O,118.87721,1.8994392,119.21583
JVASP-29411,36,O,118.87721,1.8994392,119.21583
JVASP-29411,37,O,131.07867,1.862128,131.27094
JVASP-29411,38,O,140.84093,1.6514853,141.73584
JVASP-29411,39,O,130.83278,1.7708417,129.75723
JVASP-49938,0,Tm,25.386513,1.173308,26.557775
JVASP-49938,1,Tm,25.386513,1.173308,26.557775
JVASP-49938,2,Te,202.87408,4.7676973,207.46579
JVASP-49938,3,O,27.306503,1.3718554,28.660383
JVASP-49938,4,O,27.306503,1.3718554,28.660383
JVASP-68183,0,Be,1.2974131,0.34519815,0.96070856
JVASP-68183,1,Sn,82.95034,1.2177397,84.03965
JVASP-68183,2,Sn,12.401767,1.0231174,11.555637
JVASP-68183,3,Pb,27.180355,1.2195544,26.168951
JVASP-74866,0,Be,4.813247,0.4878767,5.291892
JVASP-74866,1,Be,5.74487,0.4878767,6.223376
JVASP-74866,2,Be,4.813247,0.4878767,5.291892
JVASP-74866,3,Be,5.74487,0.4878767,6.223376
JVASP-74866,4,Sn,223.2522,0.998955,224.06331
JVASP-74866,5,Sn,223.2522,0.998955,224.06331
JVASP-74866,6,Pb,548.6882,1.3140717,547.5686
JVASP-74866,7,Pb,548.6882,1.3140717,547.5686
JVASP-3897,0,Rh,14.255837,1.8711625,12.80097
JVASP-3897,1,Rh,14.255837,1.8711625,12.80097
JVASP-3897,2,Br,531.87946,5.431075,529.2337
JVASP-3897,3,Br,531.87946,5.431075,529.2337
JVASP-3897,4,Br,544.00714,5.761948,544.43243
JVASP-3897,5,Br,544.0067,5.761948,546.0542
JVASP-3897,6,Br,544.00714,5.761948,544.43243
JVASP-3897,7,Br,544.0067,5.761948,546.0542
JVASP-39456,0,Rh,6.314785,0.8165998,5.4983134
JVASP-39456,1,Rh,6.314785,0.8165998,5.4983134
JVASP-39456,2,Rh,20.751259,0.8165998,21.567753
JVASP-39456,3,Rh,6.314785,0.8165998,5.4983134
JVASP-39456,4,Rh,6.314785,0.8165998,5.4983134
JVASP-39456,5,Rh,20.751259,0.8165998,21.567753
JVASP-39456,6,Br,1.5529765,4.418737,5.944954
JVASP-39456,7,Br,1.5529765,4.418737,5.944954
JVASP-36969,0,Tl,57.817184,1.1343668,57.283844
JVASP-36969,1,Tl,57.817184,1.1343668,57.283844
JVASP-36969,2,Ag,3.7739253,2.0549097,3.2990448
JVASP-36969,3,Ag,3.7739253,2.0549097,3.2990448
JVASP-36969,4,Br,498.74625,5.5913577,500.2949
JVASP-36969,5,Br,498.74588,5.5913577,495.56186
JVASP-36969,6,Br,498.74643,5.5913577,500.2556
JVASP-36969,7,Br,498.74637,5.5913577,495.5623
JVASP-36969,8,Br,498.7459,5.5913577,500.2922
JVASP-36969,9,Br,498.74612,5.5913577,500.25775
JVASP-36880,0,Tl,2.8709166,1.1462542,3.1209211
JVASP-36880,1,Ag,1.4114418,2.0571501,3.0752866
JVASP-36880,2,Br,514.3751,5.94525,512.66034
JVASP-36880,3,Br,523.4347,5.9311533,519.4503
JVASP-36880,4,Br,514.4348,5.9453597,520.2513
JVASP-2091,0,F,294.29416,2.5177255,293.18338
JVASP-2091,1,F,238.90031,2.6324782,239.63914
JVASP-2091,2,F,238.90016,2.6324785,239.4213
JVASP-2091,3,F,294.29416,2.5177255,293.18338
JVASP-2091,4,Pb,513.78864,1.4290274,514.29767
JVASP-52662,0,Pb,0.27527803,1.4582039,1.4677237
JVASP-52662,1,Pb,0.30528674,1.4582099,1.4747982
JVASP-52662,2,F,0.06690291,2.5868418,2.5828576
JVASP-52662,3,F,0.063739054,2.5867403,2.5834942
JVASP-52662,4,F,0.065984845,2.5868015,2.5829146
JVASP-52662,5,F,0.06421837,2.5867517,2.583568
JVASP-16118,0,Y,4.3368216,0.08372768,4.2597184
JVASP-16118,1,Y,4.3368216,0.08372768,4.2597184
JVASP-16118,2,Si,2.1335056,0.5844617,1.566635
JVASP-16118,3,Si,2.1335056,0.5844617,1.566635
JVASP-16118,4,Au,500.25928,2.3223882,497.9705
JVASP-16118,5,Au,500.25928,2.3223882,497.9705
JVASP-85214,0,Y,7.466045,0.061919365,7.51627
JVASP-85214,1,Y,7.466045,0.061919365,7.51627
JVASP-85214,2,Si,4.338046,0.5870913,3.7690783
JVASP-85214,3,Si,4.338046,0.5870913,3.7690783
JVASP-85214,4,Si,4.338046,0.5870913,3.7690783
JVASP-85214,5,Si,4.338046,0.5870913,3.7690783
JVASP-85214,6,Au,122.1977,2.0079885,124.17023
JVASP-85214,7,Au,122.1977,2.0079885,124.17023
JVASP-85214,8,Au,122.1977,2.0079885,124.17023
JVASP-85214,9,Au,122.1977,2.0079885,124.17023
JVASP-29375,0,Cd,103.69862,0.91960835,103.814804
JVASP-29375,1,O,55.149563,1.7214214,54.202545
JVASP-29375,2,O,55.150238,1.721433,54.203186
JVASP-29375,3,Cl,94.01138,2.7480068,94.11067
JVASP-29375,4,O,41.942318,1.7559072,42.505962
JVASP-29375,5,Cl,94.01198,2.7480068,94.11126
JVASP-29375,6,Bi,501.23468,1.0961758,500.26352
JVASP-29375,7,O,41.942577,1.7558959,42.50625
JVASP-29375,8,Bi,501.24396,1.0961767,500.27277
JVASP-29375,9,Cd,103.6994,0.9196134,103.81559
JVASP-26375,0,Cd,103.674866,0.919607,103.5416
JVASP-26375,1,Cd,103.674866,0.919607,103.5416
JVASP-26375,2,Bi,501.32602,1.09618,500.5177
JVASP-26375,3,Bi,501.32602,1.09618,500.5177
JVASP-26375,4,Cl,94.032135,2.748239,93.7168
JVASP-26375,5,Cl,94.032135,2.748239,93.7168
JVASP-26375,6,O,55.136734,1.7215942,53.78359
JVASP-26375,7,O,55.136734,1.7215942,53.78359
JVASP-26375,8,O,41.933254,1.7559578,42.96857
JVASP-26375,9,O,41.933254,1.7559578,42.96857
JVASP-5767,0,Pd,64.79076,1.9615864,65.02562
JVASP-5767,1,Pd,64.79076,1.9615864,65.01267
JVASP-5767,2,Pd,64.79076,1.9615864,65.02562
JVASP-5767,3,Pd,64.79076,1.9615864,65.01267
JVASP-5767,4,Pd,64.56275,1.8241278,64.08846
JVASP-5767,5,Pd,64.56275,1.8241278,64.08798
JVASP-5767,6,Pd,64.56275,1.8241278,64.08846
JVASP-5767,7,Pd,64.56275,1.8241278,64.08798
JVASP-5767,8,Pd,46.45324,1.9682126,46.015133
JVASP-5767,9,Pd,46.45324,1.9682126,46.015133
JVASP-5767,10,Pd,57.28499,1.8365275,58.105762
JVASP-5767,11,Pd,57.28499,1.8365275,58.105762
JVASP-5767,12,S,199.27002,1.9057834,198.77477
JVASP-5767,13,S,197.94962,2.0429127,197.72319
JVASP-5767,14,S,197.94962,2.0429127,197.71127
JVASP-5767,15,S,199.27002,1.9057834,198.79233
JVASP-5767,16,S,197.94962,2.0429127,197.72319
JVASP-5767,17,S,199.27002,1.9057834,198.79233
JVASP-5767,18,S,199.27002,1.9057834,198.77477
JVASP-5767,19,S,197.16321,2.021702,195.89426
JVASP-5767,20,S,197.16321,2.021702,195.89938
JVASP-5767,21,S,197.16321,2.021702,195.89426
JVASP-5767,22,S,197.16321,2.021702,195.89938
JVASP-5767,23,S,197.94962,2.0429127,197.71127
JVASP-5767,24,Cl,222.3633,0.9428823,222.67503
JVASP-5767,25,Cl,222.3633,0.9428823,222.66582
JVASP-5767,26,Cl,222.3633,0.9428823,222.67503
JVASP-5767,27,Cl,209.10085,1.6863135,208.1593
JVASP-5767,28,Cl,209.10085,1.6863135,208.1593
JVASP-5767,29,Cl,224.6088,0.95181733,224.51837
JVASP-5767,30,Cl,229.59912,1.3413248,230.0305
JVASP-5767,31,Cl,224.6088,0.95181733,224.51837
JVASP-5767,32,Cl,224.6088,0.95181733,224.51009
JVASP-5767,33,Cl,229.59912,1.3413248,230.0305
JVASP-5767,34,Cl,222.3633,0.9428823,222.66582
JVASP-5767,35,Cl,224.6088,0.95181733,224.51009
JVASP-3972,0,Pd,72.07411,1.9136055,70.5562
JVASP-3972,1,S,368.43454,0.6070771,368.70068
JVASP-3972,2,S,368.43454,0.6070771,368.70068
JVASP-3972,3,Cl,486.21942,0.40579352,486.39194
JVASP-3972,4,Cl,222.07965,1.2193111,221.96564
JVASP-3972,5,Cl,222.07965,1.2193111,221.96564
JVASP-3972,6,Cl,484.90784,0.41299972,484.93683
JVASP-3972,7,Cl,484.90784,0.41299972,484.93683
JVASP-3972,8,Cl,486.21942,0.40579352,486.39194
JVASP-38740,0,Lu,0.0,0.28053448,0.28053448
JVASP-38740,1,Bi,482.1061,0.9911275,481.64496
JVASP-38740,2,Bi,482.1061,0.9911275,481.57916
JVASP-38740,3,Bi,482.1061,0.9911275,483.09576
JVASP-56990,0,Lu,0.0,0.17664714,0.17664714
JVASP-56990,1,Lu,0.0,0.17664714,0.17664714
JVASP-56990,2,Lu,0.0,0.17664714,0.17664714
JVASP-56990,3,Lu,0.0,0.17664714,0.17664714
JVASP-56990,4,Bi,0.0,1.0598892,1.0598892
JVASP-56990,5,Bi,0.0,1.0598892,1.0598892
JVASP-56990,6,Bi,0.0,1.0598892,1.0598892
JVASP-56990,7,Bi,0.0,1.0598892,1.0598892
JVASP-5524,0,S,225.29489,0.3256557,225.21013
JVASP-5524,1,S,225.29489,0.3256557,225.2122
JVASP-5524,2,S,225.29489,0.3256557,225.21013
JVASP-5524,3,S,225.29489,0.3256557,225.2122
JVASP-5524,4,Cl,386.971,1.8442345,387.9627
JVASP-5524,5,Cl,386.971,1.8442345,387.95908
JVASP-5524,6,Cl,386.971,1.8442345,387.9627
JVASP-5524,7,Cl,386.971,1.8442345,387.95908
JVASP-5524,8,Cl,385.57248,2.1623604,384.71365
JVASP-5524,9,Cl,385.57248,2.1623604,384.69705
JVASP-5524,10,Cl,385.57248,2.1623604,384.71365
JVASP-5524,11,Cl,385.57248,2.1623604,384.69705
JVASP-5524,12,O,113.22717,2.8273325,113.45759
JVASP-5524,13,O,113.22717,2.8273325,113.45707
JVASP-5524,14,O,113.22717,2.8273325,113.45759
JVASP-5524,15,O,113.22717,2.8273325,113.45707
JVASP-5521,0,O,140.74724,3.223603,140.98444
JVASP-5521,1,O,140.7466,3.2236066,138.404
JVASP-5521,2,O,140.7466,3.2236066,138.41928
JVASP-5521,3,O,140.74582,3.2236066,140.98125
JVASP-5521,4,S,85.86736,0.41468984,85.78296
JVASP-5521,5,S,85.86689,0.41469008,85.78875
JVASP-5521,6,Cl,472.05588,2.1143162,471.10712
JVASP-5521,7,Cl,472.05664,2.1143215,471.97156
JVASP-5521,8,Cl,472.05612,2.1143177,471.092
JVASP-5521,9,Cl,472.05664,2.114322,471.9384
JVASP-19961,0,U,460.55185,0.6581702,459.90656
JVASP-19961,1,Hg,79.05729,1.9248856,77.196625
JVASP-19961,2,Hg,79.05729,1.9248856,77.196625
JVASP-4373,0,U,460.55307,0.65817034,459.90778
JVASP-4373,1,Hg,79.053604,1.9248854,77.192924
JVASP-4373,2,Hg,79.053604,1.9248854,77.192924
JVASP-31190,0,Ba,36.065132,0.05830917,36.110207
JVASP-31190,1,Ga,10.113257,0.08805687,10.173583
JVASP-31190,2,Ga,10.113851,0.08805655,10.179074
JVASP-31190,3,Te,466.36633,4.7552733,466.58212
JVASP-31190,4,Te,466.36633,4.7552733,461.63458
JVASP-31190,5,Te,466.26886,4.755035,461.53757
JVASP-31190,6,Te,466.26886,4.755035,466.4851
JVASP-22547,0,Ba,36.05935,0.058308907,36.104424
JVASP-22547,1,Ga,10.115885,0.08807927,10.176242
JVASP-22547,2,Ga,10.116197,0.08807975,10.181454
JVASP-22547,3,Te,466.3786,4.75535,466.59415
JVASP-22547,4,Te,466.3786,4.75535,461.64676
JVASP-22547,5,Te,466.27377,4.755063,461.5424
JVASP-22547,6,Te,466.27377,4.755063,466.48972
JVASP-29438,0,Te,417.5809,4.524244,417.54758
JVASP-29438,1,Te,417.5809,4.524244,417.5432
JVASP-29438,2,Te,417.5809,4.524244,417.53586
JVASP-29438,3,Te,417.5809,4.524244,417.5334
JVASP-29438,4,S,48.04482,2.24298,46.947803
JVASP-29438,5,S,48.04482,2.24298,46.919235
JVASP-29438,6,O,152.99442,1.6565815,154.1252
JVASP-29438,7,O,159.85652,1.5455765,158.46936
JVASP-29438,8,O,152.99442,1.6565815,154.11838
JVASP-29438,9,O,153.57881,2.130548,152.45651
JVASP-29438,10,O,152.99442,1.6565815,154.10959
JVASP-29438,11,O,153.57881,2.130548,152.47693
JVASP-29438,12,O,152.99442,1.6565815,154.09471
JVASP-29438,13,O,153.57881,2.130548,152.46991
JVASP-29438,14,O,153.57881,2.130548,152.48077
JVASP-29438,15,O,159.85652,1.5455765,158.46053
JVASP-29438,16,O,150.74039,2.223146,151.85765
JVASP-29438,17,O,179.05173,2.3578613,179.43538
JVASP-29438,18,O,150.74039,2.223146,151.83363
JVASP-29438,19,O,179.05173,2.3578613,179.40338
JVASP-29417,0,Te,455.81653,4.664759,456.81393
JVASP-29417,1,Te,455.81653,4.664759,456.80942
JVASP-29417,2,Te,455.81653,4.664759,456.81174
JVASP-29417,3,Te,455.81653,4.664759,456.8219
JVASP-29417,4,S,25.19001,2.234324,26.370836
JVASP-29417,5,S,25.19001,2.234324,26.375847
JVASP-29417,6,O,171.15305,2.1931674,170.29156
JVASP-29417,7,O,171.93199,1.5966746,170.46046
JVASP-29417,8,O,154.45337,1.7557071,155.60085
JVASP-29417,9,O,171.15305,2.1931674,170.26695
JVASP-29417,10,O,171.93199,1.5966746,170.47148
JVASP-29417,11,O,154.45337,1.7557071,155.58522
JVASP-29417,12,O,154.6707,2.2479424,155.5769
JVASP-29417,13,O,163.06291,2.130798,163.90976
JVASP-29417,14,O,154.6707,2.2479424,155.59888
JVASP-29417,15,O,154.45337,1.7557071,155.61415
JVASP-29417,16,O,171.15305,2.1931674,170.28888
JVASP-29417,17,O,171.15305,2.1931674,170.29868
JVASP-29417,18,O,154.45337,1.7557071,155.6134
JVASP-29417,19,O,163.06291,2.130798,163.87263
JVASP-77127,0,Y,243.05838,0.17995472,242.94347
JVASP-77127,1,Y,243.05838,0.17995472,242.94347
JVASP-77127,2,Al,38.841873,0.2425901,38.870224
JVASP-77127,3,Tl,444.06296,1.0813341,444.24222
JVASP-81623,0,Y,72.33789,0.13578598,72.20284
JVASP-81623,1,Y,72.33789,0.13578598,72.20284
JVASP-81623,2,Y,72.33789,0.13578598,72.20284
JVASP-81623,3,Y,72.33789,0.13578598,72.20284
JVASP-81623,4,Al,38.656586,0.35051113,38.313114
JVASP-81623,5,Al,38.656586,0.35051113,38.313114
JVASP-81623,6,Tl,293.66116,1.2238189,294.67664
JVASP-81623,7,Tl,293.66116,1.2238189,294.67664
JVASP-13100,0,Hg,438.69177,1.7988982,440.39133
JVASP-13100,1,Hg,438.69177,1.7988982,440.39133
JVASP-13100,2,As,25.168505,1.7988837,26.865768
JVASP-13100,3,As,25.168505,1.7988837,26.865768
JVASP-13100,4,O,167.4526,1.6938405,167.65332
JVASP-13100,5,O,167.4526,1.6938405,167.69174
JVASP-13100,6,O,167.45277,1.6938345,167.89163
JVASP-13100,7,O,167.4526,1.6938405,167.69174
JVASP-13100,8,O,167.45277,1.6938345,167.89163
JVASP-13100,9,O,167.4526,1.6938405,167.65332
JVASP-61150,0,Hg,110.512405,0.5911235,110.71156
JVASP-61150,1,As,26.327116,1.7744994,27.999846
JVASP-61150,2,As,26.327116,1.7744994,27.999846
JVASP-61150,3,O,171.39345,1.433388,171.5654
JVASP-61150,4,O,171.39345,1.433388,171.60704
JVASP-61150,5,O,171.39336,1.4333818,171.82867
JVASP-61150,6,O,171.39345,1.433388,171.60704
JVASP-61150,7,O,171.39345,1.433388,171.5654
JVASP-61150,8,O,171.39336,1.4333818,171.82867
JVASP-49784,0,Na,23.392464,0.031067643,23.37832
JVASP-49784,1,Na,23.392464,0.031067643,23.37832
JVASP-49784,2,Sb,453.53592,2.3347402,454.44733
JVASP-49784,3,Sb,453.53592,2.3347402,454.44733
JVASP-49784,4,O,90.80821,1.6551281,91.034904
JVASP-49784,5,O,90.80821,1.6551281,91.012115
JVASP-49784,6,O,90.80821,1.6551281,91.012115
JVASP-49784,7,O,90.80821,1.6551281,91.034904
JVASP-9602,0,O,129.85686,1.1813228,129.7795
JVASP-9602,1,O,129.85806,1.1813233,130.58803
JVASP-9602,2,O,129.85773,1.1813229,129.61919
JVASP-9602,3,O,129.85686,1.1813228,129.7795
JVASP-9602,4,O,129.85773,1.1813229,129.61919
JVASP-9602,5,O,129.85806,1.1813233,130.58803
JVASP-9602,6,Na,1.7341499,0.093381636,1.6883682
JVASP-9602,7,Na,1.7341499,0.093381636,1.6883682
JVASP-9602,8,Sb,46.50301,2.0014853,47.573936
JVASP-9602,9,Sb,46.50301,2.0014853,47.573936
JVASP-67096,0,Be,1.9751053,0.043524336,1.9429975
JVASP-67096,1,Be,1.9751053,0.043524336,1.9429975
JVASP-67096,2,Cu,12.458105,0.90376574,11.5543585
JVASP-67096,3,Re,136.35574,0.75536335,135.6115
JVASP-67160,0,Be,7.2325335,0.26821578,6.9705334
JVASP-67160,1,Cu,10.861047,0.88022184,11.741237
JVASP-67160,2,Re,424.0912,0.7544839,423.34872
JVASP-2649,0,P,102.64665,1.5514011,103.12896
JVASP-2649,1,P,102.64665,1.5514011,103.12896
JVASP-2649,2,P,131.79486,1.7653294,131.81235
JVASP-2649,3,P,131.79408,1.7653304,130.78883
JVASP-2649,4,P,131.79486,1.7653294,131.81235
JVASP-2649,5,P,131.79408,1.7653304,130.78883
JVASP-2649,6,Ba,29.895544,0.10285936,29.80971
JVASP-2649,7,Ba,29.895544,0.10285936,29.80971
JVASP-36468,0,Ba,411.29953,0.25463274,411.30295
JVASP-36468,1,Ba,411.29953,0.25463274,411.51837
JVASP-36468,2,Ba,411.29953,0.25463274,411.07742
JVASP-36468,3,P,0.0,0.10936564,0.10936564
JVASP-36468,4,P,0.0,0.30528486,0.30528486
JVASP-65744,0,Ba,102.999405,0.1775325,102.824936
JVASP-65744,1,Se,405.19217,4.0154543,409.12018
JVASP-65744,2,Ta,258.51343,0.5798518,257.937
JVASP-65744,3,Ta,258.51343,0.5798518,257.937
JVASP-68974,0,Ba,104.639755,0.1815798,104.46158
JVASP-68974,1,Ta,311.21655,0.5782345,310.65753
JVASP-68974,2,Ta,311.21655,0.5782345,310.64038
JVASP-68974,3,Se,395.2325,3.831762,398.98083
JVASP-77213,0,Sr,170.98605,0.08475379,170.93462
JVASP-77213,1,Sr,170.98605,0.08475379,170.93462
JVASP-77213,2,Y,171.62582,0.09788286,171.53241
JVASP-77213,3,Y,171.62582,0.09788286,171.53241
JVASP-77213,4,Pt,369.09555,2.0901852,367.0441
JVASP-77213,5,Pt,369.09555,2.0901852,367.0441
JVASP-77213,6,Pt,369.09555,2.0901852,367.0441
JVASP-77213,7,Pt,369.09555,2.0901852,367.0441
JVASP-81771,0,Sr,166.07037,0.0981037,165.98373
JVASP-81771,1,Sr,166.07037,0.0981037,165.98373
JVASP-81771,2,Y,195.60484,0.10934155,195.55
JVASP-81771,3,Y,195.60484,0.10934155,195.55
JVASP-81771,4,Pt,402.88226,2.0136015,400.9014
JVASP-81771,5,Pt,402.88226,2.0136015,400.9014
JVASP-81771,6,Pt,402.88226,2.0136015,400.9014
JVASP-81771,7,Pt,402.88226,2.0136015,400.9014
JVASP-35327,0,Th,396.44135,0.5949581,395.85477
JVASP-35327,1,Si,38.786854,0.631249,38.17558
JVASP-35327,2,Si,38.786854,0.631249,38.17558
JVASP-35327,3,Ru,83.38864,0.6422298,82.78738
JVASP-35327,4,Ru,83.38864,0.6422298,82.78474
JVASP-35327,5,Ru,83.388054,0.6422281,82.769104
JVASP-15530,0,Th,388.9455,0.6288359,389.5673
JVASP-15530,1,Th,388.9455,0.6288359,389.5673
JVASP-15530,2,Si,25.643707,0.916314,26.536041
JVASP-15530,3,Si,25.643707,0.916314,26.536041
JVASP-15530,4,Si,25.643707,0.916314,26.536041
JVASP-15530,5,Si,25.643707,0.916314,26.536041
JVASP-15530,6,Ru,39.122433,0.9310021,38.191727
JVASP-15530,7,Ru,39.122433,0.9310021,38.191727
JVASP-15530,8,Ru,39.122433,0.9310021,38.191727
JVASP-15530,9,Ru,39.122433,0.9310021,38.191727
JVASP-66845,0,Be,9.552194,0.069737524,9.489596
JVASP-66845,1,Be,2.0747178,0.22882286,1.8538611
JVASP-66845,2,Si,40.767673,0.3116526,40.486988
JVASP-66845,3,Pt,392.05228,0.85699624,392.85184
JVASP-67295,0,Be,9.610981,0.06978597,9.548332
JVASP-67295,1,Be,2.035526,0.22894828,1.814565
JVASP-67295,2,Si,40.976696,0.31202716,40.69563
JVASP-67295,3,Pt,390.7965,0.85697013,391.59604
JVASP-3681,0,Ag,19.105341,2.1980202,18.08946
JVASP-3681,1,Ag,3.621659,2.1978936,5.101968
JVASP-3681,2,I,400.11087,2.097279,401.34564
JVASP-3681,3,I,400.11197,2.097279,400.59824
JVASP-3681,4,I,400.112,2.097279,399.82758
JVASP-3681,5,I,400.1124,2.097279,399.00354
JVASP-3681,6,Hg,32.255505,2.6742294,33.623913
JVASP-22659,0,Ag,15.688189,2.1978292,17.201998
JVASP-22659,1,Ag,15.688189,2.1978292,17.419724
JVASP-22659,2,Hg,68.348114,2.674103,65.71459
JVASP-22659,3,I,414.10883,2.1044526,413.82947
JVASP-22659,4,I,414.10883,2.1044526,413.83997
JVASP-22659,5,I,414.10883,2.1044526,413.84964
JVASP-22659,6,I,414.10883,2.1044526,413.84268
JVASP-36924,0,Rb,0.65412384,0.29748452,0.6268894
JVASP-36924,1,Tl,1.3510159,1.283506,1.9142711
JVASP-36924,2,Br,377.58984,1.5573897,379.04605
JVASP-36924,3,Br,378.53568,1.0153695,377.699
JVASP-36924,4,Br,377.56296,1.5585898,377.3231
JVASP-36967,0,Rb,23.118048,0.30745572,23.267744
JVASP-36967,1,Rb,23.118048,0.30745572,23.267744
JVASP-36967,2,Tl,38.01139,1.2696084,37.40291
JVASP-36967,3,Tl,38.01139,1.2696084,37.40291
JVASP-36967,4,Br,368.27258,1.3411621,368.5376
JVASP-36967,5,Br,368.27368,1.3411624,367.49142
JVASP-36967,6,Br,368.273,1.3411623,368.62045
JVASP-36967,7,Br,368.27325,1.3411623,367.49792
JVASP-36967,8,Br,368.2732,1.3411621,368.5432
JVASP-36967,9,Br,368.2731,1.3411624,368.60867
JVASP-3660,0,Cu,0.64286596,1.997622,1.3871509
JVASP-3660,1,Cu,0.64286596,1.997622,1.3858011
JVASP-3660,2,Hg,3.3123014,2.6741514,0.8435928
JVASP-3660,3,I,413.25906,3.8817358,412.74747
JVASP-3660,4,I,413.08997,3.8822649,413.13992
JVASP-3660,5,I,413.25906,3.8817358,412.9317
JVASP-3660,6,I,413.58643,3.8821306,412.69986
JVASP-22642,0,Cu,6.2104445,1.997474,6.4209323
JVASP-22642,1,Cu,6.2104445,1.997474,5.7964635
JVASP-22642,2,Hg,14.074768,2.6742325,16.716251
JVASP-22642,3,I,428.00815,3.9893305,427.766
JVASP-22642,4,I,428.00815,3.9893305,427.7343
JVASP-22642,5,I,428.00815,3.9893305,427.74115
JVASP-22642,6,I,428.00815,3.9893305,427.75925
JVASP-17773,0,Ce,0.0,0.17612906,0.17612906
JVASP-17773,1,Tl,372.61392,1.2811465,372.78818
JVASP-17773,2,Tl,372.61395,1.2811465,371.429
JVASP-17773,3,Tl,372.61392,1.2811465,373.62796
JVASP-18078,0,Ce,197.54073,0.17730664,197.64195
JVASP-18078,1,Ce,197.54074,0.17730664,197.36436
JVASP-18078,2,Ce,197.54073,0.17730664,197.61601
JVASP-18078,3,Tl,0.0,1.2832875,1.2832875
JVASP-3615,0,Nd,143.83812,0.09248076,143.75212
JVASP-3615,1,Nd,143.83812,0.09248076,143.75212
JVASP-3615,2,Br,33.873993,5.2423,28.757837
JVASP-3615,3,Br,33.873993,5.2423,28.757837
JVASP-3615,4,O,3.8595793,1.527298,2.3368752
JVASP-3615,5,O,3.8595793,1.527298,2.3368752
JVASP-35607,0,Nd,163.83984,0.10074224,163.82016
JVASP-35607,1,Nd,163.83984,0.10074224,163.82016
JVASP-35607,2,Br,117.153175,5.9281363,121.599915
JVASP-35607,3,Br,117.153175,5.9281363,121.599915
JVASP-35607,4,O,347.25034,2.4827852,346.65164
JVASP-35607,5,O,347.25034,2.4827852,346.65164
JVASP-35607,6,O,368.73312,2.737426,368.1469
JVASP-35607,7,O,368.73312,2.737426,368.1469
JVASP-1291,0,O,0.0028284274,0.87474525,0.87607783
JVASP-1291,1,Yb,0.0050990195,0.7582307,0.7555369
JVASP-41120,0,Yb,316.58078,0.6877068,317.05392
JVASP-41120,1,Yb,316.58078,0.6877068,317.08185
JVASP-41120,2,O,363.92178,2.300363,365.04083
JVASP-41120,3,O,363.92178,2.300363,365.04083
JVASP-41120,4,O,363.92178,2.300363,365.007
JVASP-41120,5,O,363.92178,2.300363,365.007
JVASP-77513,0,Be,2.0059366,0.2316252,2.175069
JVASP-77513,1,Be,2.0059366,0.2316252,2.175069
JVASP-77513,2,Be,2.0059366,0.2316252,2.175069
JVASP-77513,3,Be,2.0059366,0.2316252,2.175069
JVASP-77513,4,Zn,138.81459,0.13582724,138.687
JVASP-77513,5,Zn,138.81459,0.13582724,138.687
JVASP-77513,6,Pt,411.58304,0.9636426,410.94705
JVASP-77513,7,Pt,411.58304,0.9636426,410.94705
JVASP-81890,0,Be,2.0100484,0.23176703,2.1794822
JVASP-81890,1,Be,2.0100484,0.23176703,2.1794822
JVASP-81890,2,Be,2.0100484,0.23176703,2.1794822
JVASP-81890,3,Be,2.0100484,0.23176703,2.1794822
JVASP-81890,4,Zn,138.82599,0.13588743,138.69833
JVASP-81890,5,Zn,138.82599,0.13588743,138.69833
JVASP-81890,6,Pt,411.74527,0.9635234,411.10938
JVASP-81890,7,Pt,411.74527,0.9635234,411.10938
JVASP-32465,0,C,62.516502,1.4202533,62.017693
JVASP-32465,1,C,62.516502,1.4202533,62.017693
JVASP-32465,2,S,58.609386,0.88281596,58.842087
JVASP-32465,3,S,58.609386,0.88281596,58.842087
JVASP-32465,4,S,147.14432,2.4598231,147.929
JVASP-32465,5,S,147.14432,2.4598231,147.929
JVASP-32465,6,N,86.31818,2.1244357,87.36479
JVASP-32465,7,N,86.31818,2.1244357,87.36479
JVASP-32465,8,F,347.30716,3.4578595,345.92023
JVASP-32465,9,F,347.30716,3.4578595,345.92023
JVASP-32465,10,F,346.69226,3.2530813,346.5494
JVASP-32465,11,F,355.60242,3.628109,357.24765
JVASP-32465,12,F,340.91092,3.2678158,339.48795
JVASP-32465,13,F,346.69226,3.2530813,346.5494
JVASP-32465,14,F,355.60242,3.628109,357.24765
JVASP-32465,15,F,340.91092,3.2678158,339.48795
JVASP-32465,16,F,340.379,3.3965397,340.2003
JVASP-32465,17,F,340.379,3.3965397,340.2003
JVASP-32689,0,C,108.09917,1.7877548,109.53177
JVASP-32689,1,C,108.09917,1.7877548,109.53177
JVASP-32689,2,C,108.09917,1.7877548,109.515854
JVASP-32689,3,C,108.09917,1.7877548,109.515854
JVASP-32689,4,S,22.74718,1.3027247,21.720264
JVASP-32689,5,S,22.74718,1.3027247,21.720264
JVASP-32689,6,S,22.74718,1.3027247,21.710892
JVASP-32689,7,S,22.74718,1.3027247,21.710892
JVASP-32689,8,N,28.69726,2.2492626,27.044392
JVASP-32689,9,N,28.69726,2.2492626,27.044392
JVASP-32689,10,N,28.69726,2.2492626,27.025019
JVASP-32689,11,N,28.69726,2.2492626,27.025019
JVASP-32689,12,F,353.2217,3.2978172,350.64856
JVASP-32689,13,F,348.37393,3.4674377,349.90323
JVASP-32689,14,F,349.9423,3.5817301,351.18008
JVASP-32689,15,F,349.9423,3.5817301,351.18008
JVASP-32689,16,F,347.97812,3.1034737,349.1142
JVASP-32689,17,F,353.2217,3.2978172,350.64856
JVASP-32689,18,F,353.2217,3.2978172,350.6228
JVASP-32689,19,F,347.97812,3.1034737,349.14053
JVASP-32689,20,F,353.2217,3.2978172,350.6228
JVASP-32689,21,F,349.9423,3.5817301,351.2021
JVASP-32689,22,F,348.37393,3.4674377,349.90356
JVASP-32689,23,F,348.37393,3.4674377,349.9036
JVASP-32689,24,F,348.37393,3.4674377,349.90323
JVASP-32689,25,F,347.97812,3.1034737,349.1142
JVASP-32689,26,F,348.37393,3.4674377,349.9032
JVASP-32689,27,F,348.37393,3.4674377,349.9032
JVASP-32689,28,F,348.37393,3.4674377,349.9036
JVASP-32689,29,F,347.97812,3.1034737,349.14053
JVASP-32689,30,F,349.9423,3.5817301,351.2021
JVASP-32689,31,F,348.37393,3.4674377,349.90356
JVASP-76777,0,Li,2.1868129,0.36253488,1.8327332
JVASP-76777,1,Li,2.1868129,0.36253488,1.8327332
JVASP-76777,2,Li,2.1868129,0.36253488,1.8327332
JVASP-76777,3,Li,2.1868129,0.36253488,1.8327332
JVASP-76777,4,Hg,144.46396,1.2183913,143.36958
JVASP-76777,5,Hg,144.46396,1.2183913,143.36958
JVASP-76777,6,As,363.1992,1.5240055,361.8534
JVASP-76777,7,As,363.1992,1.5240055,361.8534
JVASP-80934,0,Li,2.1661675,0.36253494,2.29014
JVASP-80934,1,Li,2.1661675,0.36253494,2.29014
JVASP-80934,2,Hg,164.74359,1.2183914,164.29282
JVASP-80934,3,As,348.22952,1.5240059,348.58865
JVASP-2325,0,S,48.246555,1.964063,46.9042
JVASP-2325,1,S,48.246555,1.964063,46.9042
JVASP-2325,2,S,48.246143,1.9640623,46.88839
JVASP-2325,3,S,48.246143,1.9640623,46.88839
JVASP-2325,4,Rb,30.4567,0.037891224,30.47124
JVASP-2325,5,Rb,30.4567,0.037891224,30.47124
JVASP-2325,6,Pt,337.15326,1.785173,337.09793
JVASP-2325,7,Pt,337.15298,1.785173,337.5059
JVASP-2325,8,Pt,372.18353,1.7867897,372.2411
JVASP-2685,0,Rb,45.038136,0.10631286,44.94201
JVASP-2685,1,Rb,45.038136,0.10631286,44.94201
JVASP-2685,2,Rb,45.038136,0.10631286,44.94201
JVASP-2685,3,Rb,45.038136,0.10631286,44.94201
JVASP-2685,4,Pt,334.00903,2.0326202,332.27362
JVASP-2685,5,Pt,334.00903,2.0326202,332.27362
JVASP-2685,6,S,145.42496,1.5197049,143.91307
JVASP-2685,7,S,145.42496,1.5197049,143.91307
JVASP-2685,8,S,145.42496,1.5197049,143.91307
JVASP-2685,9,S,145.42496,1.5197049,143.91307
JVASP-35908,0,K,1.8844742,0.3568165,2.2404952
JVASP-35908,1,K,1.8844742,0.3568165,2.2404952
JVASP-35908,2,Cd,10.946769,1.1741365,12.117303
JVASP-35908,3,Cd,10.946769,1.1741365,12.117303
JVASP-35908,4,As,19.750235,1.8950642,21.602365
JVASP-35908,5,As,19.750235,1.8950642,21.602365
JVASP-4098,0,K,5.4695296,0.34160766,5.755345
JVASP-4098,1,K,5.4695296,0.34160766,5.755345
JVASP-4098,2,K,39.526394,0.41511235,39.868187
JVASP-4098,3,K,39.526394,0.41511235,39.868187
JVASP-4098,4,As,148.142,2.0623314,149.78746
JVASP-4098,5,As,148.142,2.0623314,149.78746
JVASP-4098,6,Cd,336.71216,2.4301207,338.72943
JVASP-65518,0,Ba,334.9775,0.18706436,335.16287
JVASP-65518,1,Ir,23.386095,1.185772,24.547184
JVASP-65518,2,Pt,3.8808084,1.5370952,2.3975923
JVASP-65518,3,Pt,3.8808084,1.5370952,2.3975923
JVASP-65668,0,Ba,1.7881275,0.19300412,1.9758565
JVASP-65668,1,Ir,84.312256,1.2493359,85.54079
JVASP-65668,2,Pt,131.97673,1.4849964,130.74963
JVASP-65668,3,Pt,131.97673,1.4849964,131.15887
JVASP-4435,0,Na,17.788353,0.033666912,17.790773
JVASP-4435,1,Na,17.788353,0.033666912,17.786407
JVASP-4435,2,Na,17.788353,0.033666912,17.787148
JVASP-4435,3,Na,17.788353,0.033666912,17.790773
JVASP-4435,4,Na,17.788353,0.033666912,17.790491
JVASP-4435,5,Na,17.788353,0.033666912,17.786407
JVASP-4435,6,Na,17.788353,0.033666912,17.787148
JVASP-4435,7,Na,17.788353,0.033666912,17.790491
JVASP-4435,8,As,338.3539,3.1943657,335.3163
JVASP-4435,9,As,338.3539,3.1943657,335.31586
JVASP-4435,10,As,338.3539,3.1943657,335.3086
JVASP-4435,11,As,338.3539,3.1943657,335.309
JVASP-4435,12,As,338.3539,3.1943657,335.3163
JVASP-4435,13,As,338.3539,3.1943657,335.31586
JVASP-4435,14,As,338.3539,3.1943657,335.3086
JVASP-4435,15,As,338.3539,3.1943657,335.309
JVASP-4435,16,O,131.97714,1.9644966,132.46516
JVASP-4435,17,O,131.97714,1.9644966,132.48457
JVASP-4435,18,O,131.97714,1.9644966,132.49942
JVASP-4435,19,O,131.97714,1.9644966,132.46446
JVASP-4435,20,O,131.97714,1.9644966,132.46516
JVASP-4435,21,O,131.97714,1.9644966,132.48457
JVASP-4435,22,O,131.97714,1.9644966,132.49942
JVASP-4435,23,O,131.97714,1.9644966,132.46446
JVASP-4435,24,O,122.01735,2.4254267,121.66891
JVASP-4435,25,O,122.01735,2.4254267,121.6711
JVASP-4435,26,O,122.01735,2.4254267,121.64383
JVASP-4435,27,O,122.01735,2.4254267,121.65406
JVASP-4435,28,O,122.01735,2.4254267,121.66891
JVASP-4435,29,O,122.01735,2.4254267,121.6711
JVASP-4435,30,O,122.01735,2.4254267,121.64383
JVASP-4435,31,O,122.01735,2.4254267,121.65406
JVASP-38495,0,Na,0.0,0.16324401,0.16324401
JVASP-38495,1,As,0.0,1.6095308,1.6095308
JVASP-38495,2,O,237.63562,1.4999148,236.15242
JVASP-38495,3,O,237.63562,1.4999148,238.57161
JVASP-38495,4,O,237.63562,1.4999148,238.18991
JVASP-17578,0,Zr,55.818565,0.056288593,55.7693
JVASP-17578,1,Zr,55.818565,0.056288593,55.7693
JVASP-17578,2,Zr,55.818565,0.056288593,55.7693
JVASP-17578,3,Zr,55.818565,0.056288593,55.7693
JVASP-17578,4,In,331.55273,0.32333532,331.73306
JVASP-17578,5,In,331.55273,0.32333532,331.73306
JVASP-17578,6,C,3.0300188,0.3643384,2.6835032
JVASP-17578,7,C,3.0300188,0.3643384,2.6835032
JVASP-14086,0,Zr,55.818153,0.05628505,55.768898
JVASP-14086,1,Zr,55.81775,0.05628505,55.76849
JVASP-14086,2,Zr,55.818153,0.05628505,55.768898
JVASP-14086,3,Zr,55.818153,0.05628505,55.768898
JVASP-14086,4,In,331.54947,0.32333288,331.7298
JVASP-14086,5,In,331.54947,0.32333288,331.7298
JVASP-14086,6,C,3.0300188,0.3643358,2.6835058
JVASP-14086,7,C,3.0300188,0.3643358,2.6835058
JVASP-14754,0,Tm,0.0,0.97450376,0.97450376
JVASP-14754,1,Tl,0.0,1.2932591,1.2932591
JVASP-19847,0,Tm,0.0,1.1001658,1.1001658
JVASP-19847,1,Tl,328.53534,1.2983168,327.33057
JVASP-19847,2,Tl,328.53537,1.2983168,329.5566
JVASP-19847,3,Tl,328.53537,1.2983168,328.7227
JVASP-67498,0,Be,14.079668,0.3436107,14.415138
JVASP-67498,1,Bi,192.06123,1.269634,193.0281
JVASP-67498,2,Re,165.38464,0.89946985,164.49506
JVASP-68178,0,Be,3.5199628,0.42792583,3.9408238
JVASP-68178,1,Bi,35.222847,1.2174072,34.333233
JVASP-68178,2,Re,96.02081,0.8160659,96.82623
JVASP-68178,3,Re,326.07117,0.8160659,326.8765
JVASP-56734,0,Y,1.2639375,0.1279337,1.385174
JVASP-56734,1,Y,1.2639375,0.1279337,1.385174
JVASP-56734,2,Sn,105.39175,0.86084783,106.10006
JVASP-56734,3,Sn,105.39175,0.86084783,106.10006
JVASP-56734,4,Au,90.79156,2.221244,88.60743
JVASP-56734,5,Au,90.79156,2.221244,88.60743
JVASP-63078,0,Y,8.124958,0.11071464,8.02024
JVASP-63078,1,Y,8.124958,0.11071464,8.02024
JVASP-63078,2,Sn,2.7054615,1.2287008,3.8295825
JVASP-63078,3,Sn,2.7054615,1.2287008,3.8295825
JVASP-63078,4,Au,324.04544,2.148312,321.93597
JVASP-63078,5,Au,324.04544,2.148312,321.93597
JVASP-35371,0,K,15.453831,0.22516768,15.231991
JVASP-35371,1,K,15.453831,0.22516768,15.231991
JVASP-35371,2,Pu,320.0871,0.89271975,319.2066
JVASP-35371,3,O,25.39386,2.194701,23.20074
JVASP-35371,4,O,25.39386,2.194701,23.20074
JVASP-35371,5,O,46.87039,1.4591035,48.29527
JVASP-35371,6,O,46.87039,1.4591035,48.228798
JVASP-40946,0,K,0.0,0.021717552,0.021717552
JVASP-40946,1,Pu,0.0,0.8489777,0.8489777
JVASP-40946,2,O,19.598368,1.5093064,20.290474
JVASP-40946,3,O,19.598368,1.5093064,18.094648
JVASP-40946,4,O,19.598368,1.5093064,20.493961
JVASP-36920,0,Ni,11.909057,1.4316766,11.932093
JVASP-36920,1,Bi,321.88232,1.361643,321.44553
JVASP-36920,2,O,138.07869,1.5077838,139.09015
JVASP-36920,3,O,122.90686,1.5397561,121.370056
JVASP-36920,4,O,121.397125,1.5457205,121.90544
JVASP-36946,0,Ni,8.26521,0.5570841,8.55376
JVASP-36946,1,Ni,8.256358,0.5571008,8.5449295
JVASP-36946,2,Bi,54.22897,1.3031807,54.85839
JVASP-36946,3,Bi,54.2675,1.3031908,54.89694
JVASP-36946,4,O,113.670555,1.37932,113.42402
JVASP-36946,5,O,113.67387,1.3793262,114.274536
JVASP-36946,6,O,113.66521,1.3793101,113.35908
JVASP-36946,7,O,113.67559,1.3793052,114.275826
JVASP-36946,8,O,113.6716,1.3793013,113.37869
JVASP-36946,9,O,113.66778,1.3792982,113.40844
JVASP-14246,0,Nb,19.882507,0.07055726,19.839548
JVASP-14246,1,Nb,19.882507,0.07055726,19.839548
JVASP-14246,2,Nb,19.882507,0.07055726,19.839548
JVASP-14246,3,Nb,19.882507,0.07055726,19.839548
JVASP-14246,4,Sn,312.46304,0.95876795,311.68958
JVASP-14246,5,Sn,312.46304,0.95876795,311.68958
JVASP-14246,6,C,2.3784547,0.8522384,1.5332342
JVASP-14246,7,C,2.3784547,0.8522384,1.5332342
JVASP-15577,0,Nb,19.87761,0.070560075,19.834652
JVASP-15577,1,Nb,19.87761,0.070560075,19.834652
JVASP-15577,2,Nb,19.87761,0.070560075,19.834652
JVASP-15577,3,Nb,19.87761,0.070560075,19.834652
JVASP-15577,4,Sn,312.48752,0.9586045,311.71426
JVASP-15577,5,Sn,312.48752,0.9586045,311.71426
JVASP-15577,6,C,2.379271,0.8522497,1.534037
JVASP-15577,7,C,2.379271,0.8522497,1.534037
JVASP-36854,0,Ni,7.954402,0.3514095,8.2636595
JVASP-36854,1,Au,307.76144,0.75576806,308.38486
JVASP-36854,2,O,52.427067,1.118787,51.45193
JVASP-36854,3,O,52.427067,1.118787,51.45193
JVASP-36838,0,Ni,7.748966,0.35129097,8.095683
JVASP-36838,1,Ni,7.748966,0.35129097,8.095683
JVASP-36838,2,Au,310.05478,0.75619406,310.72183
JVASP-36838,3,Au,310.05478,0.75619406,310.72183
JVASP-36838,4,O,53.12331,1.1188533,52.029068
JVASP-36838,5,O,53.12331,1.1188533,52.029068
JVASP-36838,6,O,53.12331,1.1188533,52.029068
JVASP-36838,7,O,53.12331,1.1188533,52.029068
JVASP-17628,0,Dy,307.2603,0.044982135,307.27908
JVASP-17628,1,Co,32.969303,0.30716574,32.666317
JVASP-17628,2,Co,32.969242,0.3071625,32.673687
JVASP-17628,3,Co,32.969303,0.30716574,32.667294
JVASP-17628,4,B,8.847557,0.32698882,9.167088
JVASP-17628,5,B,8.847557,0.32698882,9.167088
JVASP-15522,0,Dy,221.84538,0.119622394,221.73337
JVASP-15522,1,Dy,221.84538,0.119622394,221.73337
JVASP-15522,2,Co,21.565308,1.0112792,20.554884
JVASP-15522,3,Co,21.565308,1.0112792,20.554884
JVASP-15522,4,Co,21.565308,1.0112792,20.554884
JVASP-15522,5,Co,21.565308,1.0112792,20.554884
JVASP-15522,6,B,13.942495,0.67919683,13.265656
JVASP-15522,7,B,13.942495,0.67919683,13.265656
JVASP-15522,8,B,13.942495,0.67919683,13.265656
JVASP-15522,9,B,13.942495,0.67919683,13.265656
JVASP-15129,0,U,304.10333,0.7346677,303.38135
JVASP-15129,1,U,304.10333,0.7346677,303.38135
JVASP-15129,2,Te,9.584854,5.540947,4.4628944
JVASP-15129,3,Te,9.584854,5.540947,4.4628944
JVASP-15129,4,O,3.2251616,1.2216235,2.0340333
JVASP-15129,5,O,3.2251616,1.2216235,2.0340333
JVASP-16794,0,U,58.856342,0.7109971,58.159122
JVASP-16794,1,U,58.856342,0.7109971,58.159122
JVASP-16794,2,U,58.856342,0.7109971,58.159122
JVASP-16794,3,U,58.856342,0.7109971,58.159122
JVASP-16794,4,Te,11.646508,4.4868627,7.434749
JVASP-16794,5,Te,11.646508,4.4868627,7.434749
JVASP-16794,6,O,3.5640075,1.2495178,2.3458745
JVASP-16794,7,O,3.5640075,1.2495178,2.3458745
JVASP-16794,8,O,3.5640075,1.2495178,2.3458745
JVASP-16794,9,O,3.5640075,1.2495178,2.3458745
JVASP-18848,0,Dy,6.1482196,0.5685612,5.5808945
JVASP-18848,1,Dy,6.1482196,0.5685612,5.5808945
JVASP-18848,2,Sn,103.535034,0.8471663,104.228874
JVASP-18848,3,Sn,103.535034,0.8471663,104.228874
JVASP-18848,4,Au,81.28264,2.2214122,79.09852
JVASP-18848,5,Au,81.28264,2.2214122,79.09852
JVASP-63436,0,Dy,15.2431755,0.47325644,15.715115
JVASP-63436,1,Dy,15.2431755,0.47325644,15.715115
JVASP-63436,2,Sn,12.89289,1.1486821,13.901501
JVASP-63436,3,Sn,12.89289,1.1486821,13.901501
JVASP-63436,4,Au,301.92776,2.1366248,299.8295
JVASP-63436,5,Au,301.92776,2.1366248,299.8295
JVASP-35385,0,Rb,17.638777,0.0579897,17.696573
JVASP-35385,1,Rb,17.638777,0.0579897,17.696573
JVASP-35385,2,Np,299.55136,0.8505961,298.71045
JVASP-35385,3,O,16.499763,2.2073722,14.294104
JVASP-35385,4,O,16.499763,2.2073722,14.294104
JVASP-35385,5,O,36.973648,1.4660344,38.404392
JVASP-35385,6,O,36.973648,1.4660344,38.33414
JVASP-38305,0,Rb,0.0,0.2339653,0.2339653
JVASP-38305,1,Np,0.0,0.7980552,0.7980552
JVASP-38305,2,O,14.016797,1.4936974,14.715221
JVASP-38305,3,O,14.016796,1.4936974,12.529151
JVASP-38305,4,O,14.016797,1.4936974,14.919377
JVASP-17380,0,Ba,109.074554,0.1597568,109.229034
JVASP-17380,1,Ba,109.074554,0.1597568,109.229034
JVASP-17380,2,Cu,129.06361,2.58663,126.48598
JVASP-17380,3,Cu,129.06361,2.58663,126.48598
JVASP-17380,4,P,40.180614,0.8909793,39.307426
JVASP-17380,5,P,40.180614,0.8909793,39.307426
JVASP-65381,0,Ba,294.5683,0.20155956,294.7683
JVASP-65381,1,Cu,29.79641,1.4566616,28.34418
JVASP-65381,2,P,14.726333,1.4548135,16.150288
JVASP-65381,3,P,14.726333,1.4548135,16.150288
JVASP-17430,0,Cu,11.173378,2.0005183,12.3022175
JVASP-17430,1,Cu,11.1726465,2.0005183,12.301553
JVASP-17430,2,Zn,2.4548993,2.0969005,3.9559412
JVASP-17430,3,Se,299.17352,3.7584047,302.1666
JVASP-17430,4,Se,299.1734,3.7584047,298.81424
JVASP-17430,5,Se,299.17325,3.7584047,298.1528
JVASP-17430,6,Se,299.17316,3.7584054,298.35138
JVASP-17430,7,Sn,13.340508,0.25469148,13.298745
JVASP-17907,0,Zn,2.4548993,2.0969005,3.9559412
JVASP-17907,1,Cu,11.173378,2.0005183,12.3022175
JVASP-17907,2,Cu,11.1726465,2.0005183,12.301553
JVASP-17907,3,Sn,13.340508,0.25469148,13.298745
JVASP-17907,4,Se,299.17352,3.7584047,302.1666
JVASP-17907,5,Se,299.1734,3.7584047,298.81424
JVASP-17907,6,Se,299.17325,3.7584047,298.1528
JVASP-17907,7,Se,299.17316,3.7584054,298.35138
JVASP-36752,0,Cu,91.795784,0.20237903,91.97953
JVASP-36752,1,Pt,200.73184,0.85989654,200.39224
JVASP-36752,2,O,59.789608,1.0680243,59.90597
JVASP-36752,3,O,59.789608,1.0680243,59.90597
JVASP-36839,0,Cu,33.009647,0.1942248,32.87305
JVASP-36839,1,Cu,33.009647,0.1942248,32.859447
JVASP-36839,2,Pt,301.8072,0.8634003,302.04214
JVASP-36839,3,Pt,301.8072,0.8634003,301.97183
JVASP-36839,4,O,44.818832,1.0670831,44.250397
JVASP-36839,5,O,44.818832,1.0670831,44.270546
JVASP-36839,6,O,44.818832,1.0670831,44.270546
JVASP-36839,7,O,44.818832,1.0670831,44.250397
JVASP-64973,0,Be,9.0010605,0.32158035,9.316395
JVASP-64973,1,Be,4.430316,0.32158035,4.115764
JVASP-64973,2,Mn,25.322824,0.34653687,24.980183
JVASP-64973,3,Sn,73.37773,0.46054587,73.445045
JVASP-66791,0,Mn,34.973816,0.060238585,35.021305
JVASP-66791,1,Be,0.3821204,0.12854174,0.5038326
JVASP-66791,2,Be,0.3821204,0.12854174,0.5038326
JVASP-66791,3,Sn,285.41946,0.4036657,285.60593
JVASP-65390,0,Ba,281.17285,0.19119364,281.36237
JVASP-65390,1,Hf,255.31522,0.48262456,254.8333
JVASP-65390,2,Ni,36.085884,1.5565906,37.637035
JVASP-65390,3,Ni,36.085884,1.5565906,37.637035
JVASP-65488,0,Ba,279.09567,0.15813616,279.252
JVASP-65488,1,Hf,58.885735,0.44748715,58.43934
JVASP-65488,2,Hf,226.74437,0.49427184,226.25069
JVASP-65488,3,Ni,44.386387,1.4814303,45.861996
JVASP-49808,0,Lu,277.5615,0.34943917,277.21542
JVASP-49808,1,Lu,277.5615,0.34943917,277.21542
JVASP-49808,2,Al,4.079217,1.5066272,2.5814445
JVASP-49808,3,Al,4.079217,1.5066272,2.5814445
JVASP-49808,4,O,33.61573,1.3106033,33.653275
JVASP-49808,5,O,33.61573,1.3106033,33.62
JVASP-49808,6,O,33.61611,1.3106031,33.962776
JVASP-49808,7,O,33.61611,1.3106031,33.962776
JVASP-49808,8,O,33.61573,1.3106033,33.62
JVASP-49808,9,O,33.61573,1.3106033,33.653275
JVASP-50117,0,Lu,229.1767,0.4150619,228.76244
JVASP-50117,1,Lu,229.1767,0.4150619,228.76244
JVASP-50117,2,Al,45.783413,1.5214738,47.299664
JVASP-50117,3,Al,45.783413,1.5214738,47.299664
JVASP-50117,4,O,22.22912,1.2992178,20.957428
JVASP-50117,5,O,22.22912,1.2992178,20.957428
JVASP-50117,6,O,92.12653,1.3267831,93.4315
JVASP-50117,7,O,92.12653,1.3267831,93.4315
JVASP-50117,8,O,22.22912,1.2992178,20.957428
JVASP-50117,9,O,22.22912,1.2992178,20.957428
JVASP-3291,0,O,5.8460903,0.89612746,6.595253
JVASP-3291,1,O,5.8460903,0.89612746,6.595253
JVASP-3291,2,F,11.8975315,1.7423394,10.48895
JVASP-3291,3,F,11.8975315,1.7423394,10.48895
JVASP-3291,4,Tb,27.150534,0.25558946,26.926682
JVASP-3291,5,Tb,27.150534,0.25558946,26.926682
JVASP-51421,0,Tb,284.105,1.0120655,284.5981
JVASP-51421,1,Tb,284.105,1.0120655,284.5981
JVASP-51421,2,O,41.17925,1.7889421,42.27094
JVASP-51421,3,O,41.17925,1.7889421,42.27094
JVASP-51421,4,F,41.62941,3.097649,44.12837
JVASP-51421,5,F,41.62941,3.097649,44.12837
JVASP-52944,0,Li,0.6700672,0.324891,0.8207513
JVASP-52944,1,Li,0.6731707,0.3248876,0.61873144
JVASP-52944,2,Li,0.6709521,0.3248836,0.6580772
JVASP-52944,3,Li,0.67155194,0.32489857,0.7867853
JVASP-52944,4,Mo,273.75867,0.52346164,274.03058
JVASP-52944,5,O,46.598392,1.4904819,47.193176
JVASP-52944,6,O,46.59872,1.4905039,46.40281
JVASP-52944,7,O,46.600155,1.4905024,46.42798
JVASP-52944,8,O,46.603317,1.4904417,47.17727
JVASP-52944,9,O,49.164936,1.572329,49.842407
JVASP-7895,0,Li,0.13349408,0.24913682,0.16887717
JVASP-7895,1,O,4.577669,1.1557024,3.6750026
JVASP-7895,2,O,4.5790052,1.1556878,3.6764205
JVASP-7895,3,Mo,41.003334,0.370916,41.31723
JVASP-36531,0,Hf,180.34613,0.44870928,179.9015
JVASP-36531,1,Zn,78.50247,0.56501156,77.97263
JVASP-36531,2,N,42.34433,1.2224147,41.127647
JVASP-36531,3,N,13.652231,0.86743134,14.507273
JVASP-36532,0,Hf,147.87285,0.56172043,147.31763
JVASP-36532,1,Hf,147.87285,0.56172043,147.31706
JVASP-36532,2,Hf,147.87285,0.56172043,147.31763
JVASP-36532,3,Hf,147.87285,0.56172043,147.31706
JVASP-36532,4,Hf,275.90625,0.55706626,276.279
JVASP-36532,5,Hf,275.90625,0.55706626,276.279
JVASP-36532,6,Zn,77.79196,0.69899195,78.32603
JVASP-36532,7,Zn,77.79196,0.69899195,78.32603
JVASP-36532,8,N,4.955226,0.89925194,5.2908583
JVASP-36532,9,N,4.955226,0.89925194,5.3034134
JVASP-37864,0,Dy,256.9825,0.048673756,256.9691
JVASP-37864,1,Dy,256.9829,0.048673756,256.9695
JVASP-37864,2,O,271.3063,1.1243784,271.9114
JVASP-37864,3,O,271.30548,1.1243774,272.15796
JVASP-37864,4,O,271.3063,1.1243784,271.8839
JVASP-37864,5,O,271.3063,1.1243784,271.9114
JVASP-37864,6,O,271.3058,1.1243774,272.15826
JVASP-37864,7,O,271.3063,1.1243784,271.8839
JVASP-7767,0,Dy,166.6939,0.14812858,166.5539
JVASP-7767,1,Dy,166.6939,0.14812858,166.5539
JVASP-7767,2,O,5.700371,1.2161248,4.509304
JVASP-7767,3,O,5.700371,1.2161248,4.509304
JVASP-7767,4,O,24.080933,0.62030375,24.661654
JVASP-15765,0,Sm,0.0,0.10635669,0.10635669
JVASP-15765,1,Rh,46.86282,1.1748112,46.29095
JVASP-15765,2,Rh,46.86282,1.1748112,48.03757
JVASP-15765,3,Rh,46.86282,1.1748112,46.282307
JVASP-15765,4,C,0.0,0.52090627,0.52090627
JVASP-16102,0,C,54.357178,1.3526251,54.40051
JVASP-16102,1,C,54.357357,1.3526251,54.488293
JVASP-16102,2,Rh,266.1166,1.2570574,266.6999
JVASP-16102,3,Sm,29.641874,0.07630222,29.678812
JVASP-81715,0,Li,0.3637994,0.2446577,0.60622966
JVASP-81715,1,Li,0.3637994,0.2446577,0.60622966
JVASP-81715,2,Li,0.3637994,0.2446577,0.60622966
JVASP-81715,3,Li,0.3637994,0.2446577,0.60622966
JVASP-81715,4,Ca,43.544502,0.3496293,43.88528
JVASP-81715,5,Ca,43.544502,0.3496293,43.88528
JVASP-81715,6,Tl,275.71866,1.2790346,274.91656
JVASP-81715,7,Tl,275.71866,1.2790346,274.91656
JVASP-82027,0,Li,0.12588884,0.24133644,0.3490394
JVASP-82027,1,Li,0.12588884,0.24133644,0.3490394
JVASP-82027,2,Ca,14.00553,0.341463,13.687189
JVASP-82027,3,Ca,14.00553,0.341463,13.687189
JVASP-82027,4,Tl,257.84912,1.2575971,258.51117
JVASP-82027,5,Tl,257.84912,1.2575971,258.51117
JVASP-82027,6,Tl,257.84912,1.2575971,258.51117
JVASP-82027,7,Tl,257.84912,1.2575971,258.51117
JVASP-21948,0,F,265.0899,2.370401,264.67474
JVASP-21948,1,F,265.094,2.370408,266.2351
JVASP-21948,2,F,236.52942,2.5928578,235.93326
JVASP-21948,3,F,236.52904,2.5928576,236.85674
JVASP-21948,4,F,236.52943,2.5928588,235.85078
JVASP-21948,5,F,236.52911,2.5928578,236.54245
JVASP-21948,6,F,265.09308,2.3704073,266.59918
JVASP-21948,7,F,265.09036,2.3704007,264.5697
JVASP-21948,8,Ir,125.76788,0.92978424,126.05522
JVASP-21948,9,Ir,125.76881,0.92978424,126.00224
JVASP-8001,0,F,251.40573,2.4660683,250.68504
JVASP-8001,1,F,251.40607,2.4660683,250.8328
JVASP-8001,2,F,251.4071,2.4660685,253.2559
JVASP-8001,3,F,251.40607,2.4660683,250.8328
JVASP-8001,4,F,251.40573,2.4660683,250.68504
JVASP-8001,5,F,251.4071,2.4660685,253.2559
JVASP-8001,6,Ir,35.471172,0.8133526,35.979897
JVASP-8001,7,Ir,35.471172,0.8133526,35.979897
JVASP-77067,0,Mn,60.004875,0.6726951,60.300793
JVASP-77067,1,Cu,52.50181,2.0001628,53.00499
JVASP-77067,2,Rh,258.606,2.1222148,259.04388
JVASP-77067,3,Rh,258.606,2.1222148,259.04388
JVASP-81528,0,Mn,60.49771,0.6727143,60.793625
JVASP-81528,1,Cu,52.340454,2.0002148,52.843906
JVASP-81528,2,Rh,258.06363,2.117289,258.50116
JVASP-81528,3,Rh,258.06363,2.117289,258.50116
JVASP-17821,0,Li,0.86835515,0.2530674,1.0993637
JVASP-17821,1,Li,0.86835515,0.2530674,1.0993637
JVASP-17821,2,Sn,257.33774,1.0101459,256.605
JVASP-17821,3,Sn,257.33774,1.0101459,256.605
JVASP-17821,4,Sn,122.811676,1.481306,123.45568
JVASP-17821,5,Sn,122.811676,1.481306,123.45568
JVASP-17821,6,Ce,20.406954,0.17493284,20.245872
JVASP-17821,7,Ce,20.406954,0.17493284,20.245872
JVASP-14196,0,Li,0.8679965,0.2530785,1.0990247
JVASP-14196,1,Li,0.8679965,0.2530785,1.0990247
JVASP-14196,2,Sn,257.37305,1.0102762,256.64044
JVASP-14196,3,Sn,257.37305,1.0102762,256.64044
JVASP-14196,4,Sn,122.81932,1.481225,123.46196
JVASP-14196,5,Sn,122.81932,1.481225,123.46196
JVASP-14196,6,Ce,20.331297,0.17492981,20.170088
JVASP-14196,7,Ce,20.331297,0.17492981,20.170088
JVASP-37880,0,Be,3.6726358,0.10119536,3.663683
JVASP-37880,1,Be,3.6726358,0.10119536,3.6158812
JVASP-37880,2,Be,3.6685584,0.10119535,3.653253
JVASP-37880,3,Be,3.6726358,0.10119536,3.663683
JVASP-37880,4,Be,3.6726358,0.10119536,3.6158812
JVASP-37880,5,Be,3.6677625,0.10119535,3.6524622
JVASP-37880,6,Ru,11.060672,0.12803693,11.154111
JVASP-37880,7,Ru,11.060672,0.12803693,11.154111
JVASP-79966,0,Be,3.4472523,0.1617731,3.290758
JVASP-79966,1,Be,3.4472523,0.1617731,3.290758
JVASP-79966,2,Be,7.54688,0.16177453,7.703757
JVASP-79966,3,Ru,255.76837,0.2903393,256.0505
JVASP-33845,0,Sm,254.13538,0.45133135,254.58563
JVASP-33845,1,Sm,254.13579,0.45133212,254.58604
JVASP-33845,2,Cl,50.482536,0.7743116,51.194626
JVASP-33845,3,Cl,50.481598,0.7743107,50.868187
JVASP-33845,4,Cl,50.481598,0.7743084,50.86738
JVASP-33845,5,Cl,50.482536,0.77431357,51.194626
JVASP-33845,6,Cl,50.48157,0.77431387,50.868156
JVASP-33845,7,Cl,50.481598,0.77430934,50.86738
JVASP-40247,0,Sm,74.03739,0.44698927,73.71207
JVASP-40247,1,Sm,74.03739,0.44698927,73.70505
JVASP-40247,2,Cl,61.196686,2.0676692,60.647617
JVASP-40247,3,Cl,61.196686,2.0676692,60.647617
JVASP-40247,4,Cl,61.196686,2.0676692,60.634296
JVASP-40247,5,Cl,61.196686,2.0676692,60.634296
JVASP-18168,0,Dy,66.691,0.65713304,66.66199
JVASP-18168,1,Dy,66.689964,0.65713173,66.67786
JVASP-18168,2,Dy,66.691,0.65713304,66.627594
JVASP-18168,3,In,72.55839,0.3603766,72.27195
JVASP-18168,4,In,72.55529,0.36037666,72.64187
JVASP-18168,5,In,72.55529,0.36037666,72.625626
JVASP-18168,6,Au,252.55096,2.0635357,250.527
JVASP-18168,7,Au,252.55096,2.0635357,250.527
JVASP-18168,8,Au,170.10605,2.0760715,168.06906
JVASP-12394,0,Dy,117.59692,0.6981893,117.695694
JVASP-12394,1,Dy,117.59692,0.6981893,117.73324
JVASP-12394,2,Dy,117.59692,0.6981893,117.695694
JVASP-12394,3,Dy,117.59692,0.6981893,117.73324
JVASP-12394,4,In,73.73373,0.33372414,73.67007
JVASP-12394,5,In,73.73373,0.33372414,73.67007
JVASP-12394,6,Au,247.63275,2.0381515,245.7957
JVASP-12394,7,Au,247.63275,2.0381515,245.81819
JVASP-12394,8,Au,247.63275,2.0381515,245.81819
JVASP-12394,9,Au,247.63275,2.0381515,245.7957
JVASP-36971,0,Tl,0.014696939,1.2166574,1.2141124
JVASP-36971,1,Ag,0.0076594166,2.0573912,2.0628633
JVASP-36971,2,Cl,251.04225,2.0926294,249.5667
JVASP-36971,3,Cl,251.03085,2.092643,253.05264
JVASP-36971,4,Cl,251.04996,2.0926018,250.5169
JVASP-36990,0,Tl,24.725859,1.2255687,24.153145
JVASP-36990,1,Tl,24.725859,1.2255687,24.153145
JVASP-36990,2,Ag,0.87523025,2.0571587,1.7994015
JVASP-36990,3,Ag,0.87523025,2.0571587,1.7994015
JVASP-36990,4,Cl,248.86302,2.1169763,249.45016
JVASP-36990,5,Cl,248.86304,2.1169763,247.68178
JVASP-36990,6,Cl,248.86343,2.1169765,249.42998
JVASP-36990,7,Cl,248.86351,2.1169763,247.68224
JVASP-36990,8,Cl,248.8637,2.1169763,249.45094
JVASP-36990,9,Cl,248.86314,2.1169765,249.42961
JVASP-66931,0,Ca,55.71528,0.3205085,55.396263
JVASP-66931,1,Ca,55.71528,0.3205085,55.396263
JVASP-66931,2,Be,5.0647283,0.2943691,5.3524337
JVASP-66931,3,Be,5.0647283,0.2943691,5.3524337
JVASP-66931,4,Pt,216.13562,1.6186866,214.54578
JVASP-66931,5,Pt,216.13562,1.6186866,214.54578
JVASP-68049,0,Ca,36.303886,0.34094998,35.96756
JVASP-68049,1,Be,8.963911,0.32295498,9.274683
JVASP-68049,2,Pt,247.60667,1.4737546,246.17624
JVASP-35532,0,Th,154.482,0.66155887,153.97937
JVASP-35532,1,Th,154.482,0.66155887,153.97937
JVASP-35532,2,Fe,31.003521,1.050579,30.133654
JVASP-35532,3,Fe,31.003521,1.050579,30.133654
JVASP-35532,4,Si,49.115128,0.7939399,48.549503
JVASP-35532,5,Si,49.115128,0.7939399,48.549503
JVASP-35532,6,C,37.902397,0.7245563,37.81174
JVASP-56302,0,Th,245.44473,0.62705004,245.18965
JVASP-56302,1,Th,245.44473,0.62705004,245.18965
JVASP-56302,2,Fe,19.143051,0.86608356,19.975225
JVASP-56302,3,Fe,19.143051,0.86608356,19.976368
JVASP-56302,4,Fe,19.143051,0.86608356,19.975225
JVASP-56302,5,Fe,19.143051,0.86608356,19.976368
JVASP-56302,6,Si,16.674553,0.22926658,16.825214
JVASP-56302,7,Si,16.674553,0.22926658,16.825214
JVASP-56302,8,C,36.93539,0.8483596,36.41204
JVASP-56302,9,C,36.93539,0.8483596,36.404022
JVASP-36450,0,Sr,184.54701,0.201455,184.47156
JVASP-36450,1,Sr,184.54701,0.201455,184.74567
JVASP-36450,2,Sr,184.54701,0.201455,184.42398
JVASP-36450,3,Bi,0.0,1.0660173,1.0660173
JVASP-36450,4,N,0.0,0.33667618,0.33667618
JVASP-22653,0,Sr,243.06206,0.039458416,243.03983
JVASP-22653,1,Sr,243.06206,0.039458416,243.10124
JVASP-22653,2,Sr,243.06206,0.039458416,243.0451
JVASP-22653,3,Bi,0.0,0.9250804,0.9250804
JVASP-22653,4,N,0.0,0.49962485,0.49962485
JVASP-15030,0,Ir,267.2198,0.8433818,267.90604
JVASP-15030,1,Ir,267.2198,0.8433818,267.8689
JVASP-15030,2,O,119.5295,1.2172747,119.04712
JVASP-15030,3,O,119.5295,1.2172747,119.008965
JVASP-15030,4,O,119.5295,1.2172747,119.04712
JVASP-15030,5,O,119.5295,1.2172747,119.008965
JVASP-35217,0,Ir,0.0,1.669117,1.669117
JVASP-35217,1,O,162.83228,1.8220363,161.02293
JVASP-35217,2,O,162.83228,1.8220363,163.92728
JVASP-35217,3,O,162.83228,1.8220363,163.56181
JVASP-36917,0,Ba,0.78704894,0.116188966,0.77400243
JVASP-36917,1,Zr,2.9172492,0.17619604,2.9084408
JVASP-36917,2,Se,4.9854136,5.011161,6.127858
JVASP-36917,3,Se,9.0391245,5.0133142,6.878934
JVASP-36917,4,Se,4.954968,5.0103836,5.7114096
JVASP-65636,0,Ba,3.8269196,0.097826466,3.7928889
JVASP-65636,1,Zr,19.74697,0.13413164,19.820736
JVASP-65636,2,Se,239.57642,1.2129055,240.75403
JVASP-65636,3,Se,232.01567,1.2129055,230.83842
JVASP-35368,0,U,238.95018,0.86418766,238.09538
JVASP-35368,1,Tl,56.916344,1.3910846,58.1985
JVASP-35368,2,Tl,56.916344,1.3910846,58.1985
JVASP-35368,3,O,2.5858448,2.1869476,0.40863296
JVASP-35368,4,O,2.5858448,2.1869476,0.40863296
JVASP-35368,5,O,25.175959,1.4710441,26.590063
JVASP-35368,6,O,25.175959,1.4710441,26.636913
JVASP-41478,0,U,0.0,0.8155564,0.8155564
JVASP-41478,1,Tl,0.0,1.3107784,1.3107784
JVASP-41478,2,O,0.6221704,1.4851413,2.1056728
JVASP-41478,3,O,0.6221704,1.4851413,1.2395611
JVASP-41478,4,O,0.6221704,1.4851413,1.3445642
JVASP-4471,0,F,237.69911,3.3321736,236.57965
JVASP-4471,1,F,237.69917,3.3321736,238.1943
JVASP-4471,2,F,237.69911,3.3321736,238.44818
JVASP-4471,3,F,237.69917,3.3321736,238.1943
JVASP-4471,4,F,237.69911,3.3321736,236.57965
JVASP-4471,5,F,237.69911,3.3321736,238.44818
JVASP-4471,6,P,1.3262799,1.2293643,1.8882468
JVASP-4471,7,K,3.330253,0.1060915,3.326446
JVASP-53552,0,K,15.237052,0.12510613,15.266357
JVASP-53552,1,P,1.1377883,1.1816843,1.8021206
JVASP-53552,2,F,230.08167,3.2386925,229.3957
JVASP-53552,3,F,230.08423,3.2386873,229.37645
JVASP-53552,4,F,230.08337,3.2386868,231.51608
JVASP-53552,5,F,230.08337,3.2386868,231.51608
JVASP-53552,6,F,230.08423,3.2386873,229.37645
JVASP-53552,7,F,230.08167,3.2386925,229.3957
JVASP-14201,0,Ta,114.10254,0.62708485,113.478836
JVASP-14201,1,Ta,114.10254,0.62708485,113.478836
JVASP-14201,2,Ta,114.10254,0.62708485,113.478836
JVASP-14201,3,Ta,114.10254,0.62708485,113.478836
JVASP-14201,4,In,236.37822,0.43787566,236.75002
JVASP-14201,5,In,236.37822,0.43787566,236.75002
JVASP-14201,6,C,2.4674525,0.5338485,1.955407
JVASP-14201,7,C,2.4674525,0.5338485,1.955407
JVASP-18160,0,Ta,114.10254,0.62708485,113.478836
JVASP-18160,1,Ta,114.10254,0.62708485,113.478836
JVASP-18160,2,Ta,114.10254,0.62708485,113.478836
JVASP-18160,3,Ta,114.10254,0.62708485,113.478836
JVASP-18160,4,In,236.37822,0.43787566,236.75002
JVASP-18160,5,In,236.37822,0.43787566,236.75002
JVASP-18160,6,C,2.4674525,0.5338485,1.955407
JVASP-18160,7,C,2.4674525,0.5338485,1.955407
JVASP-35460,0,Pr,10.194777,0.096455306,10.289237
JVASP-35460,1,In,240.89293,0.3206092,240.63208
JVASP-35460,2,In,240.89293,0.3206092,240.63208
JVASP-35460,3,In,240.89293,0.3206092,241.21312
JVASP-35460,4,In,240.89293,0.3206092,241.21312
JVASP-35460,5,In,101.509315,0.3251907,101.30192
JVASP-35460,6,Rh,2.4111145,1.5703695,3.9806201
JVASP-17587,0,Pr,49.522606,0.1320287,49.640903
JVASP-17587,1,Pr,49.521076,0.13202855,49.634926
JVASP-17587,2,Pr,49.522606,0.1320287,49.642
JVASP-17587,3,In,28.072464,0.3420415,28.413008
JVASP-17587,4,In,28.072056,0.3420418,27.995543
JVASP-17587,5,In,28.072056,0.3420418,27.970911
JVASP-17587,6,Rh,124.731285,1.561229,123.17417
JVASP-17587,7,Rh,35.180798,1.5845344,33.60038
JVASP-17587,8,Rh,124.731285,1.561229,123.17417
JVASP-77196,0,Ba,233.6037,0.2704041,233.82195
JVASP-77196,1,Ba,233.6037,0.2704041,233.82195
JVASP-77196,2,Ba,233.6037,0.2704041,233.82195
JVASP-77196,3,Ba,233.6037,0.2704041,233.82195
JVASP-77196,4,Zn,78.18743,2.0877023,77.31289
JVASP-77196,5,Zn,78.18743,2.0877023,77.31289
JVASP-77196,6,Ag,18.723124,2.3057494,17.521475
JVASP-77196,7,Ag,18.723124,2.3057494,17.521475
JVASP-81740,0,Ba,148.20558,0.04666885,148.1829
JVASP-81740,1,Ba,148.20558,0.04666885,148.1829
JVASP-81740,2,Ba,148.20558,0.04666885,148.1829
JVASP-81740,3,Ba,148.20558,0.04666885,148.1829
JVASP-81740,4,Zn,27.796785,2.3520517,25.448545
JVASP-81740,5,Zn,27.796785,2.3520517,25.448545
JVASP-81740,6,Ag,78.232216,2.2060785,76.041695
JVASP-81740,7,Ag,78.232216,2.2060785,76.041695
JVASP-35851,0,Ce,31.457571,0.16689906,31.624084
JVASP-35851,1,Ce,31.457571,0.16689906,31.624084
JVASP-35851,2,Sb,225.68536,3.1719081,222.67174
JVASP-35851,3,Sb,225.68536,3.1719081,222.67174
JVASP-35851,4,Au,230.46758,2.16673,228.34186
JVASP-35851,5,Au,230.46758,2.16673,228.34186
JVASP-63353,0,Ce,31.003191,0.16650093,31.169304
JVASP-63353,1,Ce,31.003191,0.16650093,31.169304
JVASP-63353,2,Sb,225.7956,3.1793993,222.77458
JVASP-63353,3,Sb,225.7956,3.1793993,222.77458
JVASP-63353,4,Au,230.53006,2.1675632,228.40352
JVASP-63353,5,Au,230.53006,2.1675632,228.40352
JVASP-12056,0,Ni,68.891495,0.80642617,68.99531
JVASP-12056,1,Te,240.3375,3.544303,240.67738
JVASP-12056,2,O,165.19794,1.3289902,165.43669
JVASP-12056,3,O,137.79314,1.2056158,137.18832
JVASP-12056,4,O,165.19794,1.3289902,165.43669
JVASP-12056,5,O,137.79314,1.2056158,137.18832
JVASP-12261,0,O,139.60622,1.160433,140.04974
JVASP-12261,1,O,139.60606,1.160431,139.2308
JVASP-12261,2,O,139.60582,1.160432,140.15367
JVASP-12261,3,O,109.2616,1.1057903,109.698326
JVASP-12261,4,O,109.26112,1.1057906,109.14636
JVASP-12261,5,O,109.26147,1.105791,108.59255
JVASP-12261,6,Ni,5.532271,0.0815727,5.566715
JVASP-12261,7,Ni,1.2713985,0.08250435,1.2390976
JVASP-12261,8,Ni,6.043884,0.07606941,6.014873
JVASP-12261,9,Te,17.712574,1.9910461,18.69216
JVASP-66856,0,Be,2.385803,0.45578519,2.8349202
JVASP-66856,1,Be,2.385803,0.45578519,2.8349202
JVASP-66856,2,Pb,187.74278,1.3455895,188.9337
JVASP-66856,3,Cl,4.422146,1.9775692,2.5260258
JVASP-67575,0,Be,8.19395,0.4522337,8.244723
JVASP-67575,1,Be,8.19395,0.4522337,8.089052
JVASP-67575,2,Pb,228.60843,1.3577302,227.40477
JVASP-67575,3,Cl,10.879817,1.9603536,8.9746475
JVASP-15791,0,Zn,23.435453,1.9353472,24.68955
JVASP-15791,1,Zn,23.435453,1.9353472,24.68955
JVASP-15791,2,Ge,82.121216,0.7767725,82.587296
JVASP-15791,3,Ge,82.121216,0.7767725,82.587296
JVASP-15791,4,Sr,22.008848,0.093822,21.953135
JVASP-80994,0,Sr,174.73341,0.22916178,174.9528
JVASP-80994,1,Sr,174.73341,0.22916178,174.9528
JVASP-80994,2,Sr,174.73341,0.22916178,174.9528
JVASP-80994,3,Sr,174.73341,0.22916178,174.9528
JVASP-80994,4,Zn,129.70026,2.088561,128.91135
JVASP-80994,5,Zn,129.70026,2.088561,128.91135
JVASP-80994,6,Ge,228.8674,0.055191647,228.83972
JVASP-80994,7,Ge,228.8674,0.055191647,228.83972
JVASP-49801,0,Ho,97.922035,0.077512026,97.87266
JVASP-49801,1,Ho,97.922035,0.077512026,97.87266
JVASP-49801,2,B,41.266552,1.9567827,39.31019
JVASP-49801,3,B,41.266552,1.9567827,39.31019
JVASP-49801,4,O,74.12203,2.209883,74.11338
JVASP-49801,5,O,74.12172,2.2098827,73.78663
JVASP-49801,6,O,74.12203,2.209883,74.148705
JVASP-49801,7,O,74.12203,2.209883,74.148705
JVASP-49801,8,O,74.12172,2.2098827,73.78663
JVASP-49801,9,O,74.12203,2.209883,74.11338
JVASP-52228,0,Ho,257.8027,0.0743338,257.793
JVASP-52228,1,Ho,257.84985,0.07433127,257.8448
JVASP-52228,2,B,41.093155,2.1847103,42.151184
JVASP-52228,3,B,41.09354,2.184693,42.164314
JVASP-52228,4,O,84.04267,1.9692373,83.223816
JVASP-52228,5,O,84.0473,1.9692327,83.219315
JVASP-52228,6,O,57.857224,2.0383043,59.693268
JVASP-52228,7,O,84.034836,1.9692593,83.21344
JVASP-52228,8,O,84.0354,1.9692214,83.23635
JVASP-52228,9,O,57.860252,2.0382655,59.684002
JVASP-17797,0,Zr,14.197243,0.04817604,14.224748
JVASP-17797,1,Zr,14.197243,0.04817604,14.217618
JVASP-17797,2,Zr,14.197243,0.04817604,14.149485
JVASP-17797,3,In,0.0,0.42791557,0.42791557
JVASP-56545,0,Zr,20.018864,0.08995898,19.929558
JVASP-56545,1,Zr,20.018864,0.08995898,19.929558
JVASP-56545,2,In,61.896973,0.36130497,62.144157
JVASP-56545,3,In,61.896973,0.36130497,62.144157
JVASP-56545,4,In,223.98299,0.36130497,223.73651
JVASP-56545,5,In,61.896973,0.36130497,62.144157
JVASP-56545,6,In,61.896973,0.36130497,62.144157
JVASP-56545,7,In,223.98299,0.36130497,223.73651
JVASP-38911,0,Pr,78.52982,0.07423933,78.59782
JVASP-38911,1,Pr,78.52982,0.07423933,78.59782
JVASP-38911,2,Ge,12.40095,0.83018506,11.612918
JVASP-38911,3,Ge,12.40095,0.83018506,11.612918
JVASP-38911,4,Ru,52.597893,0.86017615,51.738228
JVASP-38911,5,Ru,52.597893,0.86017615,51.738228
JVASP-56265,0,Pr,222.62923,0.12951897,222.75607
JVASP-56265,1,Pr,222.62923,0.12951897,222.75607
JVASP-56265,2,Ge,93.22513,1.4635161,94.62652
JVASP-56265,3,Ge,93.22513,1.4635161,94.62652
JVASP-56265,4,Ge,93.22513,1.4635161,94.62652
JVASP-56265,5,Ge,93.22513,1.4635161,94.62652
JVASP-56265,6,Ru,60.9678,0.9325565,60.035446
JVASP-56265,7,Ru,60.9678,0.9325565,60.035446
JVASP-56265,8,Ru,60.9678,0.9325565,60.035446
JVASP-56265,9,Ru,60.9678,0.9325565,60.035446
JVASP-36475,0,Sr,219.79926,0.19990115,219.7076
JVASP-36475,1,Sr,219.79926,0.19990115,219.99806
JVASP-36475,2,Sr,219.79924,0.19990115,219.69221
JVASP-36475,3,As,0.0,0.111380376,0.111380376
JVASP-36475,4,As,0.0,0.5957944,0.5957944
JVASP-17319,0,As,45.805553,1.8684005,44.404694
JVASP-17319,1,As,45.805553,1.8684005,44.404694
JVASP-17319,2,Sr,44.212605,0.2376675,44.034466
JVASP-17319,3,Sr,44.212605,0.2376675,44.034466
JVASP-17319,4,Sr,41.79464,0.14453484,41.68602
JVASP-17319,5,Sr,41.79559,0.14453477,41.70791
JVASP-29284,0,P,4.1505775,1.1130041,4.821253
JVASP-29284,1,P,4.8365464,1.1211753,5.5007358
JVASP-29284,2,S,242.12143,2.5592456,243.23146
JVASP-29284,3,S,242.12057,2.559246,242.42973
JVASP-29284,4,S,242.12126,2.5592458,241.79532
JVASP-29284,5,S,244.9641,2.5596428,246.15262
JVASP-29284,6,S,244.96538,2.5596416,243.3623
JVASP-29284,7,S,244.96556,2.5596416,246.3984
JVASP-29284,8,Sn,13.952323,1.358617,14.820309
JVASP-31166,0,P,4.1322002,1.1131594,4.8033442
JVASP-31166,1,P,4.859939,1.1211587,5.5238504
JVASP-31166,2,S,242.13472,2.5593412,243.24492
JVASP-31166,3,S,242.13484,2.5593412,242.44421
JVASP-31166,4,S,242.13565,2.5593412,241.80931
JVASP-31166,5,S,244.97556,2.559761,246.16412
JVASP-31166,6,S,244.9757,2.5597606,243.37276
JVASP-31166,7,S,244.97566,2.55976,246.40865
JVASP-31166,8,Sn,13.954586,1.358837,14.822569
JVASP-14247,0,Li,1.259396,0.03684119,1.2392236
JVASP-14247,1,Li,1.259396,0.03684119,1.2392236
JVASP-14247,2,O,38.746,0.72768766,39.114258
JVASP-14247,3,O,28.602365,1.5986632,29.472918
JVASP-14247,4,O,28.602365,1.5986632,29.472918
JVASP-14247,5,Pr,234.72633,0.2464895,234.57495
JVASP-15578,0,Li,1.259396,0.03684119,1.2392236
JVASP-15578,1,Li,1.259396,0.03684119,1.2392236
JVASP-15578,2,O,38.746,0.72768766,39.114258
JVASP-15578,3,O,28.602365,1.5986632,29.472918
JVASP-15578,4,O,28.602365,1.5986632,29.472918
JVASP-15578,5,Pr,234.72633,0.2464895,234.57495
JVASP-8087,0,Rb,6.2070065,0.11583566,6.098998
JVASP-8087,1,Rb,6.2070065,0.11583566,6.098998
JVASP-8087,2,Cu,217.0207,3.1387706,215.8797
JVASP-8087,3,Cu,217.0207,3.1387706,215.35759
JVASP-8087,4,C,77.287994,1.3555173,76.702034
JVASP-8087,5,C,77.287994,1.3555173,76.57239
JVASP-8087,6,C,77.287994,1.3555173,76.702034
JVASP-8087,7,C,77.287994,1.3555173,76.57239
JVASP-8102,0,Rb,107.648544,0.10719009,107.746155
JVASP-8102,1,Cu,213.12112,3.1376925,216.24545
JVASP-8102,2,C,75.3414,1.3424209,76.681694
JVASP-8102,3,C,75.3414,1.3424209,76.681694
JVASP-18021,0,Ce,20.788923,0.19151105,20.6645
JVASP-18021,1,Ce,20.78907,0.19151105,20.664639
JVASP-18021,2,Pt,222.42162,1.68823,223.09889
JVASP-18021,3,Pt,222.42162,1.68823,223.09889
JVASP-16485,0,Ce,0.0,0.25378507,0.25378507
JVASP-16485,1,Pt,107.2705,1.4876093,106.788376
JVASP-16485,2,Pt,107.2705,1.4876093,108.73188
JVASP-16485,3,Pt,107.2705,1.4876093,106.30683
JVASP-8697,0,O,18.1604,1.0947381,17.35502
JVASP-8697,1,Br,30.510088,3.591202,27.965712
JVASP-8697,2,Br,30.510088,3.591202,27.965712
JVASP-8697,3,Rb,110.24559,0.21193296,110.09174
JVASP-8697,4,Rb,110.24559,0.21193296,110.09174
JVASP-8697,5,Rb,204.26784,0.03351569,204.23851
JVASP-8697,6,Rb,204.26909,0.033515666,204.28241
JVASP-8701,0,Rb,212.65001,0.04398645,212.62999
JVASP-8701,1,Rb,212.65001,0.04398645,212.62614
JVASP-8701,2,Rb,212.65001,0.04398645,212.6939
JVASP-8701,3,Br,0.0,4.838956,4.838956
JVASP-8701,4,O,0.0,1.0805632,1.0805632
JVASP-16828,0,Pt,219.55707,1.6883304,220.2665
JVASP-16828,1,Pt,219.55707,1.6883304,220.2665
JVASP-16828,2,Th,64.46313,0.69216365,63.951725
JVASP-16828,3,Th,64.46313,0.69216365,63.951725
JVASP-41529,0,Th,207.28032,0.738067,208.01434
JVASP-41529,1,Th,207.28032,0.738067,208.01434
JVASP-41529,2,Pt,180.81625,1.5389211,181.64185
JVASP-41529,3,Pt,180.81625,1.5389211,181.6837
JVASP-41529,4,Pt,180.81607,1.5389208,181.28514
JVASP-41529,5,Pt,180.81625,1.5389211,181.64185
JVASP-41529,6,Pt,180.81625,1.5389211,181.6837
JVASP-41529,7,Pt,180.81607,1.5389208,181.28514
JVASP-4498,0,P,12.92295,1.918549,11.357813
JVASP-4498,1,P,12.92295,1.918549,11.357813
JVASP-4498,2,S,209.18999,2.7201076,207.29074
JVASP-4498,3,S,209.18985,2.7201076,208.03058
JVASP-4498,4,S,209.19565,2.8202064,208.64153
JVASP-4498,5,S,209.19565,2.8202064,208.64153
JVASP-4498,6,S,209.18999,2.7201076,207.29074
JVASP-4498,7,S,209.18985,2.7201076,208.03058
JVASP-4498,8,Fe,29.182041,0.47362357,28.81798
JVASP-4498,9,Fe,29.182041,0.47362357,28.81798
JVASP-30172,0,Fe,33.703754,0.99851686,32.71023
JVASP-30172,1,P,11.889824,1.5706943,10.36718
JVASP-30172,2,P,11.889824,1.5706943,10.36718
JVASP-30172,3,S,219.67873,2.5412223,218.03244
JVASP-30172,4,S,219.67873,2.5412223,218.01405
JVASP-30172,5,S,219.67732,2.5412233,218.50706
JVASP-30172,6,S,219.67732,2.5412233,218.5396
JVASP-30172,7,S,219.6778,2.5412207,218.76968
JVASP-30172,8,S,219.6778,2.5412207,218.78386
JVASP-18829,0,Si,10.36434,0.41419092,10.632443
JVASP-18829,1,Si,10.364623,0.41419202,10.63274
JVASP-18829,2,Ag,36.982162,1.4380753,37.93293
JVASP-18829,3,Ag,36.982162,1.4380754,37.93293
JVASP-18829,4,Nd,34.568306,0.06384407,34.530796
JVASP-31187,0,Nd,29.769873,0.045013744,29.802845
JVASP-31187,1,Nd,29.769873,0.045013744,29.802845
JVASP-31187,2,Si,10.97453,0.8555848,10.138946
JVASP-31187,3,Si,10.97453,0.8555848,10.138946
JVASP-31187,4,Ag,207.38971,1.7867686,205.60321
JVASP-31187,5,Ag,207.38971,1.7867686,205.60321
JVASP-51929,0,Hf,219.83284,0.46233916,219.89185
JVASP-51929,1,Hf,219.83284,0.46233916,219.89185
JVASP-51929,2,Hf,219.83284,0.46233916,219.92293
JVASP-51929,3,Hf,219.83284,0.46233916,219.92293
JVASP-51929,4,Ni,39.609474,1.3570577,38.954487
JVASP-51929,5,Ni,39.609474,1.3570577,38.944878
JVASP-51929,6,Ni,39.609474,1.3570577,38.944878
JVASP-51929,7,Ni,39.609474,1.3570577,38.954487
JVASP-51929,8,Sn,107.24601,0.50515735,107.49705
JVASP-51929,9,Sn,107.24601,0.50515735,107.49705
JVASP-78703,0,Hf,173.2667,0.437737,173.70366
JVASP-78703,1,Ni,6.106578,1.6710308,4.449876
JVASP-78703,2,Sn,193.67911,0.53428364,193.98347
JVASP-35079,0,Sr,13.45668,0.13608554,13.590349
JVASP-35079,1,Sr,13.45668,0.13608554,13.590349
JVASP-35079,2,Sn,4.396835,1.4017888,3.1855927
JVASP-35079,3,Sn,4.396835,1.4017888,3.1855927
JVASP-35079,4,Hg,203.47789,2.1216128,201.42455
JVASP-35079,5,Hg,203.47789,2.1216128,201.42455
JVASP-81754,0,Sr,11.211373,0.061629027,11.227736
JVASP-81754,1,Sr,11.211373,0.061629027,11.227736
JVASP-81754,2,Sn,59.789967,1.4128911,60.09538
JVASP-81754,3,Sn,59.789967,1.4128911,60.09538
JVASP-81754,4,Hg,20.882473,1.377397,20.456844
JVASP-81754,5,Hg,20.882473,1.377397,20.456844
JVASP-81754,6,Hg,20.882473,1.377397,20.456844
JVASP-81754,7,Hg,20.882473,1.377397,20.456844
JVASP-59583,0,O,153.6463,1.4680297,153.34267
JVASP-59583,1,O,153.64603,1.4680297,153.36685
JVASP-59583,2,O,153.64633,1.4680297,154.34898
JVASP-59583,3,O,153.6463,1.4680297,153.34267
JVASP-59583,4,O,153.64633,1.4680297,154.34898
JVASP-59583,5,O,153.64603,1.4680297,153.36685
JVASP-59583,6,Ni,12.858568,1.0205603,13.3836565
JVASP-59583,7,Ni,12.858568,1.0205603,13.3836565
JVASP-59583,8,Pr,84.337776,0.13989544,84.26347
JVASP-59583,9,Pr,84.337776,0.13989544,84.26347
JVASP-7859,0,O,12.804305,0.8806341,13.462067
JVASP-7859,1,O,12.804305,0.88062567,13.462059
JVASP-7859,2,O,101.801544,1.5812051,102.37988
JVASP-7859,3,O,101.80056,1.5812043,102.036026
JVASP-7859,4,Ni,64.13687,1.3719404,65.18706
JVASP-7859,5,Pr,202.24724,0.22455221,202.41959
JVASP-7859,6,Pr,202.24724,0.22455232,202.41959
JVASP-20081,0,As,0.0,0.5782132,0.5782132
JVASP-20081,1,Tm,0.0076157735,1.9367803,1.9319956
JVASP-37455,0,Tm,12.453207,1.1252367,11.329491
JVASP-37455,1,Tm,12.453207,1.1252367,11.329491
JVASP-37455,2,As,204.12444,2.016265,203.18967
JVASP-37455,3,As,204.12444,2.016265,203.20567
JVASP-37455,4,As,204.12453,2.016262,203.83875
JVASP-37455,5,As,204.12444,2.016265,203.18967
JVASP-37455,6,As,204.12444,2.016265,203.20567
JVASP-37455,7,As,204.12453,2.016262,203.83875
JVASP-21088,0,S,28.023565,1.7167968,29.035826
JVASP-21088,1,S,28.023565,1.7167968,29.035826
JVASP-21088,2,S,28.023565,1.7167968,29.054058
JVASP-21088,3,S,28.023565,1.7167968,29.054058
JVASP-21088,4,S,54.071198,1.5961068,53.306087
JVASP-21088,5,S,54.071198,1.5961068,53.306087
JVASP-21088,6,Ag,201.4527,2.0883875,202.19319
JVASP-21088,7,Ag,201.4527,2.0883875,202.2094
JVASP-21088,8,Ta,90.21306,0.6159197,90.68575
JVASP-21088,9,Ta,90.21306,0.6159197,90.68575
JVASP-57129,0,Ta,90.33464,0.6159281,90.80787
JVASP-57129,1,Ta,90.33464,0.6159276,90.80788
JVASP-57129,2,Ag,201.46799,2.0884793,202.20833
JVASP-57129,3,Ag,201.46799,2.0884786,202.22455
JVASP-57129,4,S,28.027765,1.7169795,29.040976
JVASP-57129,5,S,28.006655,1.7165895,29.037142
JVASP-57129,6,S,28.006655,1.7165904,29.018917
JVASP-57129,7,S,54.08343,1.5960304,53.31856
JVASP-57129,8,S,54.08343,1.5960281,53.31856
JVASP-57129,9,S,28.027765,1.7169782,29.059206
JVASP-46044,0,K,36.51866,0.1249213,36.398716
JVASP-46044,1,K,36.51866,0.1249213,36.398716
JVASP-46044,2,Nd,193.05777,0.09656957,192.96904
JVASP-46044,3,Nd,193.14041,0.096578635,193.05171
JVASP-46044,4,O,8.448375,1.0634527,7.4079633
JVASP-46044,5,O,8.444642,1.0633967,7.4035606
JVASP-46044,6,O,8.448375,1.0634527,7.4079633
JVASP-46044,7,O,8.444642,1.0633967,7.4035606
JVASP-50936,0,K,31.433485,0.12173293,31.316732
JVASP-50936,1,Nd,199.00023,0.096966565,198.91101
JVASP-50936,2,O,9.174564,1.1959192,7.993784
JVASP-50936,3,O,9.174564,1.1959192,7.993784
JVASP-17876,0,U,108.35644,0.7222372,107.64601
JVASP-17876,1,U,108.35644,0.7222372,107.64601
JVASP-17876,2,Ge,196.75525,1.2434441,195.57053
JVASP-17876,3,Ge,196.75525,1.2434441,195.57053
JVASP-17876,4,S,0.5821621,2.993911,2.4240077
JVASP-17876,5,S,0.5821621,2.993911,2.4240077
JVASP-51519,0,U,12.098846,0.78344876,12.874401
JVASP-51519,1,U,12.098846,0.78344876,12.874401
JVASP-51519,2,Ge,38.56477,1.1256195,39.647545
JVASP-51519,3,Ge,38.56477,1.1256195,39.647545
JVASP-51519,4,S,2.2233202,1.5519958,3.759321
JVASP-51519,5,S,2.2233202,1.5519958,3.759321
JVASP-38377,0,Pr,61.45293,0.084985785,61.467888
JVASP-38377,1,Pr,61.45483,0.084985755,61.46278
JVASP-38377,2,Pr,61.45293,0.084985785,61.475513
JVASP-38377,3,Pr,61.45293,0.084985785,61.467888
JVASP-38377,4,Pr,61.45483,0.084985755,61.46278
JVASP-38377,5,Pr,61.45293,0.084985785,61.475513
JVASP-38377,6,I,70.61756,6.2204866,64.6101
JVASP-38377,7,I,70.61756,6.2204866,64.6101
JVASP-33803,0,Pr,142.81383,0.1697393,142.97261
JVASP-33803,1,Pr,142.81383,0.1697393,142.97261
JVASP-33803,2,I,195.20355,2.05088,195.69427
JVASP-33803,3,I,195.20355,2.05088,195.69775
JVASP-33803,4,I,195.20456,2.0508745,196.85847
JVASP-33803,5,I,195.20367,2.05088,195.69438
JVASP-33803,6,I,195.20367,2.05088,195.69788
JVASP-33803,7,I,195.20456,2.0508745,196.85847
JVASP-35062,0,Sm,46.9706,0.06263363,47.021122
JVASP-35062,1,Sm,46.9706,0.06263363,47.021122
JVASP-35062,2,Fe,8.842658,0.72934246,9.5631
JVASP-35062,3,Fe,8.842658,0.72934246,9.5631
JVASP-35062,4,Si,10.924724,0.7735617,11.676248
JVASP-35062,5,Si,10.924724,0.7735617,11.676248
JVASP-56924,0,Sm,193.18716,0.0650832,193.13734
JVASP-56924,1,Sm,193.18716,0.0650832,193.13734
JVASP-56924,2,Fe,10.302553,0.8194697,9.4917345
JVASP-56924,3,Fe,10.302553,0.8194697,9.4917345
JVASP-56924,4,Fe,10.302553,0.8194697,9.4917345
JVASP-56924,5,Fe,10.302553,0.8194697,9.4917345
JVASP-56924,6,Si,41.28452,0.6796543,41.94132
JVASP-56924,7,Si,41.28452,0.6796543,41.94132
JVASP-56924,8,Si,41.28452,0.6796543,41.94132
JVASP-56924,9,Si,41.28452,0.6796543,41.94132
JVASP-39085,0,Sm,73.20913,0.18025418,73.03088
JVASP-39085,1,Br,113.54406,4.6819186,118.12449
JVASP-3918,0,Br,95.24959,5.049473,97.42325
JVASP-3918,1,Br,95.24959,5.049473,97.42325
JVASP-3918,2,Br,190.79851,5.2458863,185.7459
JVASP-3918,3,Br,190.79851,5.2458863,185.7459
JVASP-3918,4,Br,95.24959,5.049473,97.41667
JVASP-3918,5,Br,95.24959,5.049473,97.41667
JVASP-3918,6,Sm,93.60252,0.43915364,93.32585
JVASP-3918,7,Sm,93.60217,0.43915364,93.3255
JVASP-46015,0,Y,147.44214,0.30030325,147.14198
JVASP-46015,1,Y,147.44214,0.30030325,147.14198
JVASP-46015,2,Sc,71.944786,0.35679626,71.594795
JVASP-46015,3,Sc,71.944786,0.35679626,71.594795
JVASP-46015,4,O,7.844491,1.5050311,9.339027
JVASP-46015,5,O,7.844491,1.5050311,9.339027
JVASP-46015,6,O,27.62902,1.3896307,29.00312
JVASP-46015,7,O,27.62902,1.3896307,29.00312
JVASP-46015,8,O,7.844491,1.5050311,9.339027
JVASP-46015,9,O,7.844491,1.5050311,9.339027
JVASP-49885,0,Y,108.71856,0.20289592,108.51669
JVASP-49885,1,Sc,188.67072,0.5337437,188.14435
JVASP-49885,2,O,21.235443,1.9880931,23.219065
JVASP-49885,3,O,21.235443,1.9880931,23.219065
JVASP-1543,0,O,2.9870827,1.2749524,1.9870685
JVASP-1543,1,O,2.9870827,1.2749524,1.9870685
JVASP-1543,2,Rb,127.99637,0.21323699,128.18074
JVASP-1543,3,Dy,186.93481,0.31221756,186.65564
JVASP-38331,0,Rb,0.0,0.21045512,0.21045512
JVASP-38331,1,Dy,0.0,0.86760634,0.86760634
JVASP-38331,2,O,50.974697,1.4410026,50.156307
JVASP-38331,3,O,50.974697,1.4410026,50.389217
JVASP-38331,4,O,50.974697,1.4410026,52.40955
JVASP-67468,0,Be,0.7332262,0.33183742,0.4107898
JVASP-67468,1,Mo,90.04814,0.100032374,90.14445
JVASP-67468,2,Re,186.24696,0.8641302,187.10306
JVASP-67801,0,Be,2.226586,0.31514508,2.537172
JVASP-67801,1,Re,50.924896,0.8386211,51.755035
JVASP-67801,2,Re,115.36281,0.8797115,116.23442
JVASP-67801,3,Mo,62.10028,0.11795017,62.214523
JVASP-30673,0,Y,99.023796,0.1629176,99.08686
JVASP-30673,1,V,185.41205,0.024833068,185.39986
JVASP-30673,2,F,82.975914,3.0595179,84.03258
JVASP-30673,3,F,82.975914,3.0595179,84.03258
JVASP-30673,4,F,73.918434,3.003047,73.197395
JVASP-30673,5,F,73.918434,3.003047,73.197395
JVASP-30673,6,F,11.625334,2.9256394,12.611046
JVASP-8386,0,Y,89.75447,0.1998289,89.599976
JVASP-8386,1,V,149.76118,0.21175078,149.84538
JVASP-8386,2,F,84.22659,3.0740366,85.29009
JVASP-8386,3,F,84.22659,3.0740366,85.29009
JVASP-8386,4,F,76.52576,3.6274195,75.59768
JVASP-8386,5,F,76.52576,3.6274195,75.59768
JVASP-8386,6,F,13.592009,2.9382381,14.510764
JVASP-7967,0,Ce,97.260666,0.2414992,97.01969
JVASP-7967,1,Al,14.383866,0.1359107,14.270457
JVASP-7967,2,Al,14.383866,0.1359107,14.268242
JVASP-7967,3,Al,14.383911,0.13591124,14.255594
JVASP-7967,4,Ni,9.514229,1.4676377,10.973748
JVASP-7967,5,Ni,9.514229,1.4676377,10.973748
JVASP-8069,0,Al,53.44441,0.09517,53.43668
JVASP-8069,1,Al,23.645235,0.17115593,23.648785
JVASP-8069,2,Al,23.645235,0.17115593,23.648785
JVASP-8069,3,Al,23.645864,0.17115603,23.65477
JVASP-8069,4,Al,23.645864,0.17115603,23.65477
JVASP-8069,5,Ni,22.893839,2.118885,22.819717
JVASP-8069,6,Ni,22.893839,2.118885,22.819717
JVASP-8069,7,Ce,185.22636,0.20198797,185.23691
JVASP-65584,0,Ba,182.44617,0.063169695,182.49568
JVASP-65584,1,Na,11.200701,0.39253217,11.590749
JVASP-65584,2,Na,11.200701,0.39253217,11.590749
JVASP-65584,3,Ge,179.60231,0.99786973,178.63577
JVASP-65800,0,Ba,183.60558,0.063291125,183.65526
JVASP-65800,1,Na,11.434219,0.39241168,11.824147
JVASP-65800,2,Na,11.434219,0.39241168,11.824147
JVASP-65800,3,Ge,175.91501,0.996443,174.94987
JVASP-15072,0,P,0.0,0.28988242,0.28988242
JVASP-15072,1,Nd,0.0031622779,0.25597,0.25666168
JVASP-38160,0,Nd,126.66475,0.14450777,126.5212
JVASP-38160,1,Nd,126.66475,0.14450777,126.5212
JVASP-38160,2,P,57.621796,1.1251751,56.512974
JVASP-38160,3,P,57.621796,1.1251751,56.512974
JVASP-38160,4,P,181.33737,1.1251751,182.44661
JVASP-38160,5,P,57.621796,1.1251751,56.512974
JVASP-38160,6,P,57.621796,1.1251751,56.512974
JVASP-38160,7,P,181.33737,1.1251751,182.44661
JVASP-68982,0,Ba,113.71022,0.09675253,113.79719
JVASP-68982,1,Na,7.7738643,0.35792556,8.129966
JVASP-68982,2,Na,7.7738643,0.35792556,8.129966
JVASP-68982,3,Pt,180.45473,1.6815739,178.80096
JVASP-69113,0,Ba,113.67101,0.09671017,113.75794
JVASP-69113,1,Na,7.7673316,0.35801005,8.123517
JVASP-69113,2,Na,7.7673316,0.35801005,8.123517
JVASP-69113,3,Pt,180.39186,1.6815478,178.73813
JVASP-38624,0,Ni,0.0,1.078631,1.078631
JVASP-38624,1,As,0.0,0.44555676,0.44555676
JVASP-38624,2,O,107.30562,1.5016942,105.82072
JVASP-38624,3,O,107.30562,1.5016942,108.24578
JVASP-38624,4,O,107.30562,1.5016942,107.86602
JVASP-63373,0,Ni,0.07838368,0.051540762,0.12649004
JVASP-63373,1,As,32.417362,0.39688805,32.597588
JVASP-63373,2,As,32.417362,0.39688805,32.597588
JVASP-63373,3,O,181.92499,1.3710762,182.43637
JVASP-63373,4,O,181.9252,1.3710824,182.24603
JVASP-63373,5,O,181.9252,1.3710824,182.24365
JVASP-63373,6,O,181.9252,1.3710824,182.24603
JVASP-63373,7,O,181.92499,1.3710762,182.43637
JVASP-63373,8,O,181.9252,1.3710824,182.24365
JVASP-81989,0,Li,2.08819,0.12632506,2.1983068
JVASP-81989,1,Li,2.08819,0.12632506,2.1983068
JVASP-81989,2,Li,2.08819,0.12632506,2.1983068
JVASP-81989,3,Li,2.08819,0.12632506,2.1983068
JVASP-81989,4,Cu,66.94334,2.000134,67.65879
JVASP-81989,5,Cu,66.94334,2.000134,67.65879
JVASP-81989,6,Pd,177.22917,2.1958537,178.13278
JVASP-81989,7,Pd,177.22917,2.1958537,178.13278
JVASP-82023,0,Li,1.6121987,0.13159677,1.7245249
JVASP-82023,1,Li,1.6121987,0.13159677,1.7245249
JVASP-82023,2,Cu,116.38935,2.0847275,117.144066
JVASP-82023,3,Cu,116.38935,2.0847275,117.144066
JVASP-82023,4,Cu,116.38935,2.0847275,117.144066
JVASP-82023,5,Cu,116.38935,2.0847275,117.144066
JVASP-82023,6,Pd,143.26274,2.1953833,144.19199
JVASP-82023,7,Pd,143.26274,2.1953833,144.19199
JVASP-65742,0,Ba,148.63014,0.09463853,148.71562
JVASP-65742,1,Tl,176.67027,1.3153535,177.89684
JVASP-65742,2,P,47.258003,1.0086722,48.24307
JVASP-65742,3,P,47.258003,1.0086722,48.24307
JVASP-65771,0,Ba,1.5578755,0.10205108,1.6189096
JVASP-65771,1,Tl,127.48778,1.2015375,128.5509
JVASP-65771,2,P,93.59582,0.43165314,94.02146
JVASP-65771,3,P,134.89014,0.36542207,134.52614
JVASP-35396,0,Hf,73.50184,0.45062357,73.95176
JVASP-35396,1,Ga,148.71231,0.20038785,148.56819
JVASP-35396,2,Ga,148.71231,0.20038785,148.56819
JVASP-35396,3,Ga,148.71231,0.20038785,148.90773
JVASP-35396,4,Ga,148.71231,0.20038785,148.90773
JVASP-35396,5,Ga,71.945595,0.2652577,71.684364
JVASP-35396,6,Co,8.365007,1.3246431,7.056981
JVASP-35886,0,Hf,146.01408,0.44600245,146.45958
JVASP-35886,1,Ga,176.1235,0.25397927,176.24178
JVASP-35886,2,Ga,176.1235,0.25397927,175.87555
JVASP-35886,3,Ga,176.1235,0.25397927,176.24178
JVASP-35886,4,Ga,176.1235,0.25397927,175.87555
JVASP-35886,5,Co,12.389519,1.286262,13.662377
JVASP-50348,0,Na,0.16790473,0.06383514,0.16456614
JVASP-50348,1,Sm,174.91125,0.041760202,174.88351
JVASP-50348,2,O,6.7158833,0.7553281,6.9046164
JVASP-50348,3,O,6.7158833,0.7553281,6.9046164
JVASP-50889,0,Na,28.877033,0.108999565,28.982943
JVASP-50889,1,Na,28.877033,0.108999565,28.982943
JVASP-50889,2,Sm,44.686043,0.042256095,44.672264
JVASP-50889,3,Sm,44.686043,0.042256095,44.672264
JVASP-50889,4,O,15.793759,1.1092826,15.614765
JVASP-50889,5,O,15.793759,1.1092826,15.614765
JVASP-50889,6,O,15.793759,1.1092826,15.994658
JVASP-50889,7,O,15.793759,1.1092826,15.994658
JVASP-42006,0,Pm,41.80789,0.119333,41.689976
JVASP-42006,1,Pm,41.80789,0.119333,41.689976
JVASP-42006,2,Zn,43.681915,1.4768608,44.02039
JVASP-42006,3,Zn,43.681915,1.4768608,44.0191
JVASP-42006,4,Zn,43.68597,1.4768611,43.880283
JVASP-42006,5,Zn,43.681915,1.4768608,44.02039
JVASP-42006,6,Zn,43.681915,1.4768608,44.0191
JVASP-42006,7,Zn,43.68597,1.4768611,43.880283
JVASP-79118,0,Pm,48.95795,0.098623246,49.054462
JVASP-79118,1,Pm,48.95795,0.098623246,49.054462
JVASP-79118,2,Pm,173.95705,0.098623246,173.86055
JVASP-79118,3,Pm,48.95795,0.098623246,49.054462
JVASP-79118,4,Pm,48.95795,0.098623246,49.054462
JVASP-79118,5,Pm,173.95705,0.098623246,173.86055
JVASP-79118,6,Zn,14.496081,1.335242,13.173971
JVASP-79118,7,Zn,14.496081,1.335242,13.173971
JVASP-66964,0,Ta,37.01179,0.5814848,37.591423
JVASP-66964,1,Be,1.1847365,0.21493351,0.97755146
JVASP-66964,2,Be,1.1847365,0.21493351,0.97755146
JVASP-66964,3,Ru,35.073425,0.6055135,34.467995
JVASP-67155,0,Ta,172.94052,0.58420306,173.52277
JVASP-67155,1,Ta,172.94052,0.58420306,173.52277
JVASP-67155,2,Be,0.017146429,0.2980347,0.28122008
JVASP-67155,3,Be,0.017146429,0.2980347,0.28122008
JVASP-67155,4,Ru,32.21569,0.6112285,32.8268
JVASP-67155,5,Ru,32.21569,0.6112285,32.8268
JVASP-11532,0,Zn,152.65317,0.27516076,152.79553
JVASP-11532,1,Zn,152.61636,0.27513,152.75871
JVASP-11532,2,Zn,171.83841,0.44856343,171.52228
JVASP-11532,3,Zn,171.85715,0.44867727,171.54094
JVASP-11532,4,Ni,163.98802,1.6612699,163.25533
JVASP-11532,5,Ni,163.98996,1.6612599,163.25719
JVASP-11532,6,N,10.816123,1.0861837,10.437668
JVASP-11532,7,N,10.814375,1.0861267,10.435028
JVASP-11532,8,N,35.44106,1.1579486,35.14833
JVASP-11532,9,N,35.439083,1.1579522,35.146378
JVASP-8298,0,Zn,12.2923565,1.4318025,10.861488
JVASP-8298,1,Ni,65.65018,1.1806879,64.56913
JVASP-8298,2,Ni,65.65018,1.1806879,64.54239
JVASP-8298,3,N,73.56291,1.3508346,72.80112
JVASP-8298,4,N,73.56291,1.3508346,72.56487
JVASP-17443,0,Sm,17.778399,0.054838512,17.820807
JVASP-17443,1,Ni,61.738167,2.1501343,59.594746
JVASP-17443,2,As,46.891804,2.4416957,44.522354
JVASP-56909,0,Sm,26.786804,0.08830632,26.711912
JVASP-56909,1,Sm,26.786804,0.08830632,26.711912
JVASP-56909,2,Ni,15.304412,1.6952842,13.617738
JVASP-56909,3,Ni,15.304412,1.6952842,13.617738
JVASP-56909,4,Ni,15.304412,1.6952842,13.617738
JVASP-56909,5,Ni,15.304412,1.6952842,13.617738
JVASP-56909,6,As,170.27956,2.70826,172.91078
JVASP-56909,7,As,170.27956,2.70826,172.91078
JVASP-56909,8,As,170.27956,2.70826,172.91078
JVASP-56909,9,As,170.27956,2.70826,172.91078
JVASP-37311,0,Sn,54.231705,0.5471743,54.766174
JVASP-37311,1,Sn,54.231705,0.5471743,54.068684
JVASP-37311,2,Sn,54.2317,0.5471743,53.864403
JVASP-37311,3,B,0.0,0.1950539,0.1950539
JVASP-37318,0,Sn,169.09071,1.7523003,167.52338
JVASP-37318,1,Sn,169.09071,1.7523003,167.52338
JVASP-37318,2,B,11.942896,0.24991679,12.159202
JVASP-37318,3,B,11.942896,0.24991679,12.159202
JVASP-43021,0,Mn,2.0849314,0.096083894,2.1411035
JVASP-43021,1,Sb,168.30684,2.3219469,169.74258
JVASP-43021,2,O,140.14426,0.94506735,140.38982
JVASP-43021,3,O,143.57124,0.9661866,143.55365
JVASP-43021,4,O,140.14342,0.94506747,140.41187
JVASP-43021,5,O,143.57005,0.9661866,143.58522
JVASP-30338,0,Mn,57.062386,0.045775753,57.05227
JVASP-30338,1,Sb,168.96036,1.4715137,169.14107
JVASP-30338,2,O,88.57213,1.204655,87.99906
JVASP-30338,3,O,79.79413,1.3075573,79.28874
JVASP-30338,4,O,88.57213,1.204655,87.99906
JVASP-30338,5,O,79.79413,1.3075573,79.28874
JVASP-50203,0,Na,0.18582788,0.15117347,0.17481586
JVASP-50203,1,Ce,166.40872,0.32467547,166.5509
JVASP-50203,2,O,10.663017,0.8231049,10.889811
JVASP-50203,3,O,10.663017,0.8231049,10.889811
JVASP-8826,0,Na,50.267166,0.045917764,50.248283
JVASP-8826,1,Na,50.267166,0.045917764,50.24975
JVASP-8826,2,Ce,84.6756,0.3366333,84.339424
JVASP-8826,3,O,18.781725,0.73845,18.14833
JVASP-8826,4,O,18.781725,0.73845,18.083374
JVASP-8826,5,O,12.320117,1.413946,13.7280445
JVASP-32138,0,H,27.27198,1.7525284,27.162054
JVASP-32138,1,H,27.27198,1.7525284,27.153923
JVASP-32138,2,H,27.27198,1.7525284,27.153923
JVASP-32138,3,H,27.27198,1.7525284,27.162054
JVASP-32138,4,C,39.192905,2.6595652,40.88256
JVASP-32138,5,C,39.192905,2.6595652,40.88256
JVASP-32138,6,O,147.59981,2.6880226,145.1038
JVASP-32138,7,O,147.59981,2.6880226,145.1038
JVASP-32138,8,O,165.22408,2.934784,166.3653
JVASP-32138,9,O,165.22408,2.934784,166.38512
JVASP-32138,10,O,165.22408,2.934784,166.38512
JVASP-32138,11,O,165.22408,2.934784,166.3653
JVASP-53615,0,H,15.024097,1.5504156,15.818136
JVASP-53615,1,H,15.003006,1.5509527,14.21293
JVASP-53615,2,C,54.795216,2.8441272,55.241943
JVASP-53615,3,C,49.540714,2.708968,49.276905
JVASP-53615,4,C,54.050438,2.8490958,54.26692
JVASP-53615,5,C,48.5221,2.7132156,49.33658
JVASP-53615,6,O,149.54436,2.6445446,150.39696
JVASP-53615,7,O,149.19002,2.643193,148.46887
JVASP-53615,8,O,148.65254,2.8913116,148.30464
JVASP-53615,9,O,148.10509,2.8897731,148.2675
JVASP-34176,0,O,167.7979,1.7727835,168.33781
JVASP-34176,1,O,129.55035,1.8852127,130.0603
JVASP-34176,2,O,121.57872,1.841862,121.16345
JVASP-34176,3,O,117.813736,1.8049318,117.48086
JVASP-34176,4,O,121.57819,1.8418499,121.08069
JVASP-34176,5,O,117.8153,1.8049196,117.33415
JVASP-34176,6,O,129.55045,1.885216,129.83293
JVASP-34176,7,P,58.569874,0.24223126,58.4401
JVASP-34176,8,P,58.570427,0.24223225,58.781925
JVASP-34176,9,Cr,28.305893,0.1872709,28.246592
JVASP-52116,0,O,167.79785,1.7728043,168.33748
JVASP-52116,1,O,129.54945,1.8852296,130.05959
JVASP-52116,2,O,121.586685,1.8417861,121.17144
JVASP-52116,3,O,117.816505,1.8049209,117.48353
JVASP-52116,4,O,121.58665,1.841775,121.08918
JVASP-52116,5,O,117.81799,1.8049088,117.33679
JVASP-52116,6,O,129.54858,1.8852313,129.83125
JVASP-52116,7,P,58.566982,0.24223174,58.43718
JVASP-52116,8,P,58.567314,0.2422323,58.77883
JVASP-52116,9,Cr,28.33512,0.18731093,28.275848
JVASP-35537,0,Tb,67.65409,0.69766855,66.95881
JVASP-35537,1,Tb,67.65409,0.69766855,66.95881
JVASP-35537,2,O,142.29974,1.453538,141.81416
JVASP-35537,3,O,142.29974,1.453538,141.81416
JVASP-35537,4,O,142.30122,1.453538,141.6887
JVASP-35537,5,O,142.30122,1.453538,141.6887
JVASP-35537,6,O,142.30182,1.4535385,141.65196
JVASP-35537,7,O,142.30182,1.4535385,141.65196
JVASP-7766,0,Tb,161.88269,0.047933824,161.8533
JVASP-7766,1,Tb,161.88269,0.047933824,161.8533
JVASP-7766,2,O,6.0624866,1.1988515,4.889192
JVASP-7766,3,O,6.0624866,1.1988515,4.889192
JVASP-7766,4,O,23.472237,0.6040193,24.034456
JVASP-18356,0,U,107.99066,0.74642634,108.727875
JVASP-18356,1,U,107.99066,0.74642634,108.727875
JVASP-18356,2,Br,118.73526,4.3242044,119.45271
JVASP-18356,3,Br,118.73589,4.3242035,120.41565
JVASP-18356,4,Br,118.73664,4.3242044,119.45409
JVASP-18356,5,Br,118.73589,4.3242035,120.41565
JVASP-18356,6,Br,118.7362,4.324204,118.842674
JVASP-18356,7,Br,118.7362,4.324204,118.842674
JVASP-12080,0,Br,136.91412,4.2994804,136.60205
JVASP-12080,1,Br,136.91518,4.2994804,138.45511
JVASP-12080,2,Br,151.86855,3.858369,151.89383
JVASP-12080,3,Br,151.86855,3.858369,151.89383
JVASP-12080,4,Br,52.785816,3.5327277,52.066235
JVASP-12080,5,Br,52.785816,3.5327277,52.066235
JVASP-12080,6,Br,136.91518,4.2994804,138.45511
JVASP-12080,7,Br,136.91412,4.2994804,136.60205
JVASP-12080,8,U,180.50537,0.8247708,180.45433
JVASP-12080,9,U,180.50537,0.8247708,180.45433
JVASP-18040,0,Tb,38.668583,0.5087165,39.038063
JVASP-18040,1,Tb,38.66784,0.5087175,39.028442
JVASP-18040,2,Tb,38.66784,0.5087175,39.006767
JVASP-18040,3,In,53.67578,0.37009493,53.731205
JVASP-18040,4,In,53.67578,0.37009493,53.711784
JVASP-18040,5,In,53.676445,0.3700949,53.32202
JVASP-18040,6,Pd,158.6412,1.6491493,156.9924
JVASP-18040,7,Pd,158.6412,1.6491493,156.9924
JVASP-18040,8,Pd,34.60639,1.6983182,32.908375
JVASP-23523,0,Tb,80.249306,0.5469613,80.39362
JVASP-23523,1,Tb,80.249306,0.5469613,80.42539
JVASP-23523,2,Tb,80.249306,0.5469613,80.42539
JVASP-23523,3,Tb,80.249306,0.5469613,80.39362
JVASP-23523,4,In,91.01487,0.3464542,90.873
JVASP-23523,5,In,91.01487,0.3464542,90.873
JVASP-23523,6,Pd,117.658615,1.663065,115.99795
JVASP-23523,7,Pd,117.658615,1.663065,115.99765
JVASP-23523,8,Pd,117.658615,1.663065,115.99765
JVASP-23523,9,Pd,117.658615,1.663065,115.99795
JVASP-22778,0,Ta,41.850418,0.5658729,42.084656
JVASP-22778,1,Ta,41.850418,0.5658729,42.11878
JVASP-22778,2,Ta,41.850418,0.5658729,42.084656
JVASP-22778,3,Ta,41.850418,0.5658729,42.11878
JVASP-22778,4,Ta,43.608265,0.58958656,43.021244
JVASP-22778,5,Ta,43.608265,0.58958656,43.021244
JVASP-22778,6,Ga,30.070414,0.17982252,30.029552
JVASP-22778,7,Ga,30.070414,0.17982252,30.04394
JVASP-22778,8,Ga,30.070414,0.17982252,30.04394
JVASP-22778,9,Ga,30.070414,0.17982252,30.029552
JVASP-16529,0,Ta,133.9234,0.56734204,134.4873
JVASP-16529,1,Ta,133.9234,0.56734204,134.4873
JVASP-16529,2,Ga,157.6704,0.24108252,157.46819
JVASP-16529,3,Ga,24.577364,0.24108252,24.77997
JVASP-16529,4,Ga,24.577364,0.24108252,24.77997
JVASP-16529,5,Ga,157.6704,0.24108252,157.46819
JVASP-16529,6,Ga,24.577364,0.24108252,24.77997
JVASP-16529,7,Ga,24.577364,0.24108252,24.77997
JVASP-18206,0,Pr,36.20896,0.10121277,36.291584
JVASP-18206,1,Pr,36.208473,0.10121212,36.307205
JVASP-18206,2,Pr,36.20896,0.10121277,36.2951
JVASP-18206,3,Ni,74.814766,1.582477,73.24932
JVASP-18206,4,Ni,28.721497,1.6212099,27.117403
JVASP-18206,5,Ni,74.814766,1.582477,73.24932
JVASP-18206,6,Sn,108.12631,0.81553566,107.38603
JVASP-18206,7,Sn,108.12347,0.8155363,108.04743
JVASP-18206,8,Sn,108.12347,0.8155363,108.06492
JVASP-56937,0,Pr,25.864162,0.10454212,25.964222
JVASP-56937,1,Pr,25.864162,0.10454212,25.964222
JVASP-56937,2,Ni,2.403766,1.7336646,0.6944591
JVASP-56937,3,Ni,2.403766,1.7336646,0.6944591
JVASP-56937,4,Ni,2.403766,1.7336646,0.6944591
JVASP-56937,5,Ni,2.403766,1.7336646,0.6944591
JVASP-56937,6,Sn,155.68222,1.6549243,157.17293
JVASP-56937,7,Sn,155.68222,1.6549243,157.17293
JVASP-56937,8,Sn,155.68222,1.6549243,157.17293
JVASP-56937,9,Sn,155.68222,1.6549243,157.17293
JVASP-15354,0,Ho,45.277046,0.7938841,45.788513
JVASP-15354,1,Ho,45.276592,0.7938861,45.73746
JVASP-15354,2,Ho,45.276592,0.7938861,45.768353
JVASP-15354,3,In,58.154137,0.37780774,58.160156
JVASP-15354,4,In,58.155994,0.3778079,57.796513
JVASP-15354,5,In,58.154137,0.37780774,58.14225
JVASP-15354,6,Pd,155.40665,1.6432186,153.76384
JVASP-15354,7,Pd,32.57209,1.6907272,30.881718
JVASP-15354,8,Pd,155.40665,1.6432186,153.76384
JVASP-21467,0,Ho,91.02389,0.85362023,91.23339
JVASP-21467,1,Ho,91.02389,0.85362023,91.275116
JVASP-21467,2,Ho,91.02389,0.85362023,91.275116
JVASP-21467,3,Ho,91.02389,0.85362023,91.23339
JVASP-21467,4,In,95.7971,0.3571204,95.61688
JVASP-21467,5,In,95.7971,0.3571204,95.61688
JVASP-21467,6,Pd,119.13712,1.6485761,117.48956
JVASP-21467,7,Pd,119.13712,1.6485761,117.48942
JVASP-21467,8,Pd,119.13712,1.6485761,117.48942
JVASP-21467,9,Pd,119.13712,1.6485761,117.48956
JVASP-7982,0,Pr,154.34358,0.21433634,154.13145
JVASP-7982,1,Pr,154.34358,0.21433634,154.13145
JVASP-7982,2,O,8.792444,1.0601352,7.763981
JVASP-7982,3,O,8.792444,1.0601352,7.763981
JVASP-7982,4,O,19.550194,0.47527403,19.958473
JVASP-16493,0,Pr,0.0,0.196095,0.196095
JVASP-16493,1,Pr,0.0,0.196095,0.196095
JVASP-16493,2,Pr,0.0,0.196095,0.196095
JVASP-16493,3,Pr,0.0,0.196095,0.196095
JVASP-16493,4,O,0.0,0.64153683,0.64153683
JVASP-16493,5,O,0.0,0.64153683,0.64153683
JVASP-16493,6,O,0.0,0.64153683,0.64153683
JVASP-16493,7,O,0.0,0.64153683,0.64153683
JVASP-23360,0,Nd,36.37574,0.04608699,36.352993
JVASP-23360,1,Nd,36.37574,0.04608699,36.352993
JVASP-23360,2,Ni,9.866544,2.121909,11.981511
JVASP-23360,3,Ni,9.866544,2.121909,11.981511
JVASP-23360,4,Ni,0.1910602,1.6231563,1.433141
JVASP-23360,5,Ni,0.1910602,1.6231563,1.433141
JVASP-23360,6,Sn,15.65224,1.0117289,16.509295
JVASP-23360,7,Sn,15.65224,1.0117289,16.509295
JVASP-23360,8,Sn,136.1451,0.8901002,135.4366
JVASP-23360,9,Sn,136.1451,0.8901002,135.4366
JVASP-56340,0,Nd,24.800808,0.041899372,24.80442
JVASP-56340,1,Ni,1.9402153,1.7310755,1.6652249
JVASP-56340,2,Ni,1.9402153,1.7310755,1.6652249
JVASP-56340,3,Sn,153.01959,1.6423151,153.91846
JVASP-56340,4,Sn,153.01959,1.6423151,153.91846
JVASP-2580,0,Rb,0.0,0.19564843,0.19564843
JVASP-2580,1,Hg,0.0,1.6275606,1.6275606
JVASP-2580,2,F,152.17781,2.805424,153.70294
JVASP-2580,3,F,152.17781,2.805424,149.37517
JVASP-2580,4,F,152.17781,2.805424,153.49379
JVASP-2880,0,F,97.21211,3.3601768,94.7859
JVASP-2880,1,F,97.21211,3.3601768,94.7859
JVASP-2880,2,F,133.43286,2.7441165,134.44284
JVASP-2880,3,F,133.43243,2.7441154,134.60571
JVASP-2880,4,Rb,34.737484,0.0967148,34.808243
JVASP-2880,5,Rb,34.737484,0.0967148,34.808243
JVASP-2880,6,Hg,94.18777,1.6572315,95.31901
JVASP-1963,0,Bi,67.1446,0.995842,66.66524
JVASP-1963,1,Te,60.91636,1.7522627,59.325325
JVASP-1963,2,I,146.01654,2.575068,148.40265
JVASP-5260,0,Bi,22.742765,0.99365973,22.305866
JVASP-5260,1,Bi,22.742765,0.99365973,22.305866
JVASP-5260,2,Bi,7.147359,1.1517185,6.868343
JVASP-5260,3,Bi,7.147359,1.1517185,6.868343
JVASP-5260,4,Te,60.773197,4.483832,56.558346
JVASP-5260,5,Te,60.773197,4.483832,56.558346
JVASP-5260,6,I,151.71227,5.0696273,156.49866
JVASP-5260,7,I,151.71227,5.0696273,156.49866
JVASP-40275,0,Pm,151.18987,0.10555204,151.23778
JVASP-40275,1,Pm,151.18987,0.10555204,151.24583
JVASP-40275,2,Pm,151.18987,0.10555204,151.086
JVASP-40275,3,Si,0.0,0.7908565,0.7908565
JVASP-41578,0,Pm,79.541466,0.12621902,79.60694
JVASP-41578,1,Pm,79.541466,0.12621902,79.60694
JVASP-41578,2,Si,29.988981,0.7851753,29.391344
JVASP-41578,3,Si,29.991318,0.7851511,29.678701
JVASP-41578,4,Si,29.986982,0.7852398,29.3949
JVASP-41578,5,Si,29.988981,0.7851753,29.391344
JVASP-41578,6,Si,29.991318,0.7851511,29.678701
JVASP-41578,7,Si,29.986982,0.7852398,29.3949
JVASP-49768,0,Na,32.02501,0.23187335,32.18414
JVASP-49768,1,Na,32.02501,0.23187335,32.18414
JVASP-49768,2,Tm,103.41735,0.711416,103.019966
JVASP-49768,3,Tm,103.41735,0.711416,103.019966
JVASP-49768,4,O,2.5770497,0.6926786,2.4443789
JVASP-49768,5,O,2.5770497,0.6926786,2.4443789
JVASP-49768,6,O,2.5770497,0.6926786,2.4522114
JVASP-49768,7,O,2.5770497,0.6926786,2.4522114
JVASP-49936,0,Na,4.6781173,0.030950043,4.663497
JVASP-49936,1,Tm,150.11697,0.71493894,149.40662
JVASP-49936,2,O,4.358867,0.9157417,3.4845142
JVASP-49936,3,O,4.358867,0.9157417,3.4845142
JVASP-36607,0,Ba,0.0,0.14037906,0.14037906
JVASP-36607,1,Mn,0.0,0.072233975,0.072233975
JVASP-36607,2,O,149.5348,1.2691183,148.29259
JVASP-36607,3,O,149.53482,1.2691183,150.38196
JVASP-36607,4,O,149.53482,1.2691183,149.93796
JVASP-11794,0,Ba,134.28267,0.25463405,134.02815
JVASP-11794,1,Ba,134.28267,0.25463405,134.02815
JVASP-11794,2,Mn,24.400593,0.07687073,24.445004
JVASP-11794,3,Mn,24.400593,0.07687073,24.445004
JVASP-11794,4,O,86.9167,1.5180635,86.12397
JVASP-11794,5,O,86.917206,1.5180635,86.093796
JVASP-11794,6,O,86.916885,1.5180677,86.41495
JVASP-11794,7,O,86.91732,1.5180677,86.41538
JVASP-11794,8,O,86.917206,1.5180635,86.12447
JVASP-11794,9,O,86.9167,1.5180635,86.0933
JVASP-52102,0,Ca,14.844724,0.22033682,15.062992
JVASP-52102,1,Ca,14.844724,0.22033682,15.062992
JVASP-52102,2,Be,3.4488816,0.30155635,3.1596375
JVASP-52102,3,Be,3.4488816,0.30155635,3.1596375
JVASP-52102,4,Be,3.053697,0.25556806,2.803748
JVASP-52102,5,Be,3.053697,0.25556806,2.803748
JVASP-52102,6,Ge,148.6922,0.4841767,148.25674
JVASP-52102,7,Ge,148.6922,0.4841767,148.25674
JVASP-52102,8,Ge,19.986204,1.2548214,18.802465
JVASP-52102,9,Ge,19.986204,1.2548214,18.802465
JVASP-66852,0,Be,4.693234,0.33390224,4.366869
JVASP-66852,1,Ca,30.86602,0.35468763,30.513197
JVASP-66852,2,Ge,105.59506,0.729835,104.91447
JVASP-15217,0,Ce,147.316,0.23047012,147.08621
JVASP-15217,1,Ga,69.94978,0.13476747,70.04643
JVASP-15217,2,Ga,69.94992,0.13476804,70.026215
JVASP-15217,3,Ga,69.94992,0.13476804,70.02308
JVASP-15217,4,Pd,45.834854,1.442394,47.276764
JVASP-15217,5,Pd,45.834854,1.442394,47.276764
JVASP-55155,0,Ce,44.17165,0.20128696,43.971348
JVASP-55155,1,Ga,36.96525,0.11415601,36.920918
JVASP-55155,2,Ga,66.05025,0.11749373,66.00935
JVASP-55155,3,Ga,36.96525,0.11415601,36.920918
JVASP-55155,4,Ga,66.05025,0.11749373,66.16669
JVASP-55155,5,Ga,66.05025,0.11749373,66.00935
JVASP-55155,6,Ga,66.05025,0.11749373,66.16669
JVASP-55155,7,Pd,22.291172,1.9249711,20.366928
JVASP-65527,0,Ba,127.88786,0.16571741,127.724724
JVASP-65527,1,Br,128.4398,4.990915,123.57015
JVASP-65527,2,P,146.88284,1.7623279,145.14745
JVASP-65527,3,P,146.88284,1.7623279,145.14745
JVASP-65746,0,Ba,131.7017,0.16484581,131.53938
JVASP-65746,1,P,144.07286,1.780151,142.35324
JVASP-65746,2,P,144.07286,1.780151,142.29987
JVASP-65746,3,Br,108.36625,5.019477,103.46994
JVASP-65698,0,Ba,88.64948,0.17620166,88.82047
JVASP-65698,1,Si,37.445347,0.72059584,38.155384
JVASP-65698,2,P,111.75577,1.2426131,110.914444
JVASP-65698,3,P,111.75577,1.2426131,111.23752
JVASP-69154,0,Ba,146.20677,0.18358295,146.02731
JVASP-69154,1,P,135.84625,1.3819638,137.20958
JVASP-69154,2,Si,8.164966,0.826697,8.979465
JVASP-69154,3,Si,8.164966,0.826697,8.979465
JVASP-38566,0,Nd,127.7077,0.048324022,127.729256
JVASP-38566,1,Nd,127.71,0.048323654,127.75379
JVASP-38566,2,Nd,127.7077,0.048324022,127.722176
JVASP-38566,3,Al,13.314377,0.26825377,13.057148
JVASP-38566,4,Al,13.314385,0.26825398,13.071526
JVASP-38566,5,Al,13.314377,0.26825377,13.054786
JVASP-38566,6,Pd,84.08608,1.8587656,85.94189
JVASP-38566,7,Pd,137.97118,1.8131407,136.1612
JVASP-38566,8,Pd,137.97118,1.8131407,136.1612
JVASP-16819,0,Nd,144.86894,0.06026207,144.821
JVASP-16819,1,Al,21.073414,0.21215229,20.863012
JVASP-16819,2,Al,21.07255,0.21215199,20.887695
JVASP-16819,3,Al,21.07255,0.21215199,20.89178
JVASP-16819,4,Pd,67.4565,1.4718229,68.92796
JVASP-16819,5,Pd,67.4565,1.4718229,68.92796
JVASP-15976,0,Ba,74.01379,0.18906546,73.825096
JVASP-15976,1,Ba,74.01379,0.18906546,73.825096
JVASP-15976,2,Mg,3.1214664,0.52555794,2.601775
JVASP-15976,3,Mg,3.1214664,0.52555794,2.601775
JVASP-15976,4,Mg,3.1214664,0.52555794,2.601775
JVASP-15976,5,Mg,3.1214664,0.52555794,2.601775
JVASP-15976,6,Ge,144.03244,1.0226635,145.01784
JVASP-15976,7,Ge,144.03244,1.0226635,145.01784
JVASP-15976,8,Ge,144.03244,1.0226635,145.01784
JVASP-15976,9,Ge,144.03244,1.0226635,145.01784
JVASP-49831,0,Ba,45.9957,0.06456416,45.958126
JVASP-49831,1,Ba,45.9957,0.06456416,45.958126
JVASP-49831,2,Mg,0.52745676,0.515802,0.06888811
JVASP-49831,3,Mg,0.52745676,0.515802,0.06888811
JVASP-49831,4,Ge,25.164425,1.0174178,26.148342
JVASP-49831,5,Ge,25.164425,1.0174178,26.148342
JVASP-16682,0,Al,28.243626,0.278337,28.388685
JVASP-16682,1,Co,14.445227,1.4206988,13.894789
JVASP-16682,2,Co,14.445227,1.4206988,13.894789
JVASP-16682,3,Pr,157.1924,0.14165282,157.24039
JVASP-16682,4,Pr,157.1924,0.14165282,157.24039
JVASP-58292,0,Al,16.501701,0.27706537,16.270376
JVASP-58292,1,Al,16.501701,0.27706537,16.270376
JVASP-58292,2,Co,14.702055,1.4773747,15.248288
JVASP-58292,3,Co,14.701744,1.4773754,14.998067
JVASP-58292,4,Co,14.701744,1.4773754,14.998067
JVASP-58292,5,Co,14.702055,1.4773747,15.248288
JVASP-58292,6,Pr,162.38568,0.14426382,162.35205
JVASP-58292,7,Pr,162.38339,0.14426383,162.3792
JVASP-58292,8,Pr,162.38568,0.14426382,162.35205
JVASP-58292,9,Pr,162.38339,0.14426383,162.3792
JVASP-16613,0,Tb,0.0,0.37527528,0.37527528
JVASP-16613,1,Rh,0.0,0.7741308,0.7741308
JVASP-16614,0,Tb,142.86037,0.05054108,142.82355
JVASP-16614,1,Rh,15.599576,1.1753836,16.773985
JVASP-16614,2,Rh,15.599576,1.1753836,16.773985
JVASP-16614,3,Rh,8.555301,1.2541652,8.031372
JVASP-16614,4,Rh,8.555301,1.2541652,8.038326
JVASP-16614,5,Rh,8.557312,1.2541652,8.080931
JVASP-76945,0,Sr,82.57461,0.19699712,82.382286
JVASP-76945,1,Sr,82.57461,0.19699712,82.382286
JVASP-76945,2,Sr,82.57461,0.19699712,82.382286
JVASP-76945,3,Sr,82.57461,0.19699712,82.382286
JVASP-76945,4,Cd,40.67629,1.8810499,40.072807
JVASP-76945,5,Cd,40.67629,1.8810499,40.072807
JVASP-76945,6,Ag,92.91529,2.0761967,90.854416
JVASP-76945,7,Ag,92.91529,2.0761967,90.854416
JVASP-81282,0,Sr,48.770157,0.27722368,48.497288
JVASP-81282,1,Sr,48.770157,0.27722368,48.497288
JVASP-81282,2,Sr,48.770157,0.27722368,48.497288
JVASP-81282,3,Sr,48.770157,0.27722368,48.497288
JVASP-81282,4,Cd,121.24729,2.2488613,118.99946
JVASP-81282,5,Cd,121.24729,2.2488613,118.99946
JVASP-81282,6,Ag,141.75441,1.9253533,139.82921
JVASP-81282,7,Ag,141.75441,1.9253533,139.82921
JVASP-37203,0,Mg,20.541498,0.47136274,20.626875
JVASP-37203,1,Mg,20.539082,0.47136176,20.70799
JVASP-37203,2,Mg,20.816965,0.4712441,20.353638
JVASP-37203,3,P,75.22719,1.89417,76.10504
JVASP-37203,4,P,10.585713,1.9749737,9.781704
JVASP-37203,5,P,75.22632,1.8941727,76.10495
JVASP-9150,0,Mg,25.767996,0.5363677,25.52408
JVASP-9150,1,Mg,25.767996,0.5363677,25.496744
JVASP-9150,2,P,151.50143,2.0663474,150.9779
JVASP-9150,3,P,151.50143,2.0663474,150.97214
JVASP-9150,4,P,151.50143,2.0663474,150.9779
JVASP-9150,5,P,151.50143,2.0663474,150.97214
JVASP-9150,6,P,100.40838,2.0078795,100.907646
JVASP-9150,7,P,100.40838,2.0078795,100.88583
JVASP-9150,8,P,100.40838,2.0078795,100.907646
JVASP-9150,9,P,100.40838,2.0078795,100.88583
JVASP-77477,0,Cd,42.7766,0.3084878,42.61716
JVASP-77477,1,Cd,42.7766,0.3084878,42.61716
JVASP-77477,2,Sn,140.85478,1.6797749,139.31158
JVASP-77477,3,Sn,140.85478,1.6797749,139.31158
JVASP-77477,4,Pd,34.051914,0.8029405,33.249012
JVASP-77477,5,Pd,34.051914,0.8029405,33.249012
JVASP-77477,6,Pd,34.051914,0.8029405,33.249012
JVASP-77477,7,Pd,34.051914,0.8029405,33.249012
JVASP-81793,0,Cd,42.563297,0.30842733,42.40319
JVASP-81793,1,Cd,42.563297,0.30842733,42.40319
JVASP-81793,2,Sn,140.1881,1.6783675,138.646
JVASP-81793,3,Sn,140.1881,1.6783675,138.646
JVASP-81793,4,Pd,34.119373,0.80268294,33.316727
JVASP-81793,5,Pd,34.119373,0.80268294,33.316727
JVASP-81793,6,Pd,34.119373,0.80268294,33.316727
JVASP-81793,7,Pd,34.119373,0.80268294,33.316727
JVASP-86339,0,Cu,22.730457,0.24065328,22.76775
JVASP-86339,1,Cu,22.730457,0.24065328,22.756044
JVASP-86339,2,F,144.22786,2.0756447,144.59117
JVASP-86339,3,F,144.22786,2.0756447,144.60583
JVASP-86339,4,F,144.22786,2.0756447,144.60583
JVASP-86339,5,F,144.22786,2.0756447,144.59117
JVASP-16281,0,Cu,0.0,1.7908983,1.7908983
JVASP-16281,1,Cu,0.0,1.7908983,1.7908983
JVASP-16281,2,Cu,0.0,1.7908983,1.7908983
JVASP-16281,3,Cu,0.0,1.7908983,1.7908983
JVASP-16281,4,F,0.0,2.8683362,2.8683362
JVASP-16281,5,F,0.0,2.8683362,2.8683362
JVASP-16281,6,F,0.0,2.8683362,2.8683362
JVASP-16281,7,F,0.0,2.8683362,2.8683362
JVASP-35357,0,La,7.7906036,0.2534899,8.043944
JVASP-35357,1,La,7.7906036,0.2534899,8.043944
JVASP-35357,2,Cu,20.824347,2.1933632,18.640902
JVASP-35357,3,Cu,20.824347,2.1933632,18.640902
JVASP-35357,4,Pb,139.40413,1.2069051,138.41737
JVASP-35357,5,Pb,139.40413,1.2069051,138.41737
JVASP-85186,0,La,10.573223,0.22328831,10.795095
JVASP-85186,1,La,10.573223,0.22328831,10.795095
JVASP-85186,2,Cu,50.984905,2.3443727,48.651234
JVASP-85186,3,Cu,50.984905,2.3443727,48.651234
JVASP-85186,4,Pb,53.17842,1.1824296,54.12957
JVASP-85186,5,Pb,53.17842,1.1824296,54.12957
JVASP-39221,0,Lu,48.83303,0.2814355,48.553112
JVASP-39221,1,Lu,48.83303,0.2814355,48.553112
JVASP-39221,2,Lu,54.18108,0.2814355,54.46101
JVASP-39221,3,Th,69.53774,0.68128854,68.86171
JVASP-39274,0,Lu,0.0,0.27621078,0.27621078
JVASP-39274,1,Th,138.6452,0.67319113,138.9181
JVASP-39274,2,Th,138.6452,0.67319113,139.04254
JVASP-39274,3,Th,138.6452,0.67319113,137.97742
JVASP-50107,0,Tb,5.856324,0.38653415,5.471574
JVASP-50107,1,Tb,5.856324,0.38653415,5.471574
JVASP-50107,2,Se,67.544685,4.7639394,72.21458
JVASP-50107,3,O,21.190126,1.2772348,22.448671
JVASP-50107,4,O,21.190126,1.2772348,22.448671
JVASP-50967,0,Tb,137.50406,0.29018173,137.2162
JVASP-50967,1,Tb,137.50406,0.29018173,137.21616
JVASP-50967,2,Tb,137.50406,0.29018173,137.21616
JVASP-50967,3,Tb,137.50406,0.29018173,137.2162
JVASP-50967,4,Se,63.71414,4.6159487,59.197197
JVASP-50967,5,Se,63.71414,4.6159487,59.197178
JVASP-50967,6,O,16.098072,1.3492967,14.767906
JVASP-50967,7,O,16.098072,1.3492967,14.767944
JVASP-50967,8,O,16.098072,1.3492967,14.767944
JVASP-50967,9,O,16.098072,1.3492967,14.767906
JVASP-36963,0,Rb,37.999256,0.09226502,38.063255
JVASP-36963,1,Rb,37.999256,0.09226495,38.063255
JVASP-36963,2,Os,22.214554,1.4605578,23.25613
JVASP-36963,3,Os,22.215385,1.4605529,23.256924
JVASP-36963,4,O,62.876568,1.6859621,64.03202
JVASP-36963,5,O,62.877354,1.685962,63.394962
JVASP-36963,6,O,62.875965,1.6859596,63.650818
JVASP-36963,7,O,62.87832,1.6859785,64.03378
JVASP-36963,8,O,62.876945,1.6859701,63.651817
JVASP-36963,9,O,62.878315,1.6859819,63.39592
JVASP-35638,0,Rb,0.008944272,0.15679598,0.14826141
JVASP-35638,1,Os,0.20460694,0.9294341,0.73184484
JVASP-35638,2,O,136.32758,1.244878,136.7148
JVASP-35638,3,O,136.32758,1.2448919,137.16536
JVASP-35638,4,O,136.3631,1.2447795,135.14658
JVASP-67105,0,Be,1.2835326,0.25633854,1.5329226
JVASP-67105,1,Be,5.210065,0.120784625,5.324324
JVASP-67105,2,Zn,19.213797,0.21178314,19.380486
JVASP-67105,3,In,136.0471,0.47549504,135.70909
JVASP-67866,0,Be,1.673818,0.3014848,1.9707355
JVASP-67866,1,Zn,10.195593,1.4165713,8.788597
JVASP-67866,2,Zn,10.331947,1.6375346,8.70289
JVASP-67866,3,In,71.81414,0.48071444,71.40502
JVASP-22610,0,Cr,13.111592,0.090155326,13.076712
JVASP-22610,1,Hg,3.360358,0.5944885,3.5853262
JVASP-22610,2,F,135.63821,2.83476,137.43791
JVASP-22610,3,F,135.63808,2.834759,134.3572
JVASP-22610,4,F,135.63809,2.83476,135.30228
JVASP-22610,5,F,135.63808,2.834759,134.3572
JVASP-22610,6,F,135.63821,2.83476,137.43791
JVASP-22610,7,F,135.63809,2.83476,135.30228
JVASP-24435,0,Cr,5.714505,0.084771335,5.685535
JVASP-24435,1,Hg,6.5258136,0.59675664,6.729665
JVASP-24435,2,F,139.22357,2.8148618,141.02127
JVASP-24435,3,F,139.22319,2.8148606,137.9789
JVASP-24435,4,F,139.22313,2.814861,138.8838
JVASP-24435,5,F,139.22319,2.8148606,137.9789
JVASP-24435,6,F,139.22357,2.8148618,141.02127
JVASP-24435,7,F,139.22313,2.814861,138.8838
JVASP-35789,0,Hf,14.079667,0.43972242,13.640594
JVASP-35789,1,Hf,14.079667,0.43972242,13.640594
JVASP-35789,2,Cd,134.40187,1.0277184,135.42885
JVASP-36136,0,Hf,15.165607,0.43809253,14.728168
JVASP-36136,1,Hf,15.165607,0.43809253,14.728168
JVASP-36136,2,Cd,66.109276,1.0207627,67.12949
JVASP-36136,3,Cd,66.109276,1.0207627,67.12949
JVASP-57967,0,Zn,144.25748,0.26768485,144.11594
JVASP-57967,1,Zn,144.27432,0.26772764,144.13269
JVASP-57967,2,Zn,126.68523,0.6669663,127.11571
JVASP-57967,3,Zn,126.69147,0.6669771,127.121925
JVASP-57967,4,Co,72.13786,0.53243995,71.80066
JVASP-57967,5,Co,72.13524,0.5324165,71.79806
JVASP-57967,6,N,19.240183,1.192521,18.845766
JVASP-57967,7,N,19.239548,1.1925238,18.845037
JVASP-57967,8,N,20.500065,1.1655111,20.51089
JVASP-57967,9,N,20.498926,1.1654835,20.50975
JVASP-8291,0,Zn,11.787761,1.3506143,10.438394
JVASP-8291,1,Co,32.463886,0.86974454,31.65076
JVASP-8291,2,Co,32.463886,0.86974454,31.676495
JVASP-8291,3,N,99.85726,1.4234294,98.78679
JVASP-8291,4,N,99.85726,1.4234294,99.00031
JVASP-36626,0,Cd,0.0,1.7199336,1.7199336
JVASP-36626,1,Ge,0.0,0.32977012,0.32977012
JVASP-36626,2,O,132.92645,1.436793,131.50879
JVASP-36626,3,O,132.92645,1.436793,133.84
JVASP-36626,4,O,132.92645,1.436793,133.44217
JVASP-10234,0,O,95.19014,1.2431027,95.32478
JVASP-10234,1,O,95.19004,1.2431029,95.9989
JVASP-10234,2,O,95.188965,1.2431026,94.714226
JVASP-10234,3,O,95.19014,1.2431027,95.32478
JVASP-10234,4,O,95.188965,1.2431026,94.714226
JVASP-10234,5,O,95.19004,1.2431029,95.9989
JVASP-10234,6,Ge,15.885689,0.320498,15.772809
JVASP-10234,7,Ge,15.885689,0.320498,15.772809
JVASP-10234,8,Cd,45.732376,1.2777014,46.448303
JVASP-10234,9,Cd,45.732376,1.2777014,46.448303
JVASP-17321,0,B,2.7235491,2.0033882,2.1303973
JVASP-17321,1,B,2.7235491,2.0033882,2.1303973
JVASP-17321,2,B,4.230939,2.0338743,4.8988557
JVASP-17321,3,B,4.230939,2.0338743,4.8988557
JVASP-17321,4,Fe,56.328075,0.34915465,56.611248
JVASP-17321,5,Fe,56.328075,0.34915465,56.611248
JVASP-17321,6,Mo,48.77362,0.3315669,48.78129
JVASP-59642,0,Fe,36.739895,0.25847837,36.99033
JVASP-59642,1,Fe,36.739895,0.25847837,36.99033
JVASP-59642,2,B,15.358906,0.41500187,15.357872
JVASP-59642,3,B,15.358906,0.41500187,15.357872
JVASP-59642,4,B,15.358906,0.41500187,15.399252
JVASP-59642,5,B,15.358906,0.41500187,15.399252
JVASP-59642,6,Mo,132.3867,0.08574432,132.41217
JVASP-59642,7,Mo,132.3867,0.08574432,132.41217
JVASP-59642,8,Mo,132.3867,0.08574432,132.41072
JVASP-59642,9,Mo,132.3867,0.08574432,132.41072
JVASP-17367,0,Hf,31.648634,0.45294705,32.099583
JVASP-17367,1,Cu,8.177624,1.3458925,6.8317704
JVASP-17367,2,Cu,8.177624,1.3458925,6.8317704
JVASP-17367,3,P,8.857355,1.9361233,10.756534
JVASP-17367,4,P,8.857355,1.9361233,10.756534
JVASP-56364,0,Hf,131.20079,0.51569885,130.68562
JVASP-56364,1,Cu,58.6959,2.6943922,61.385525
JVASP-56364,2,P,53.861015,1.3668537,55.19761
JVASP-20387,0,S,0.0,3.5958965,3.5958965
JVASP-20387,1,Pu,0.013928388,0.6106876,0.6013831
JVASP-85610,0,Pu,130.37572,0.73691297,131.09467
JVASP-85610,1,Pu,130.37572,0.73691297,131.09467
JVASP-85610,2,S,26.243832,3.0318887,23.268167
JVASP-85610,3,S,111.848595,2.7449126,109.15229
JVASP-85610,4,S,111.848595,2.7449126,109.15229
JVASP-85610,5,S,26.243832,3.0318887,23.268167
JVASP-16139,0,P,16.602518,1.3813264,17.576588
JVASP-16139,1,P,16.603102,1.3813264,17.711855
JVASP-16139,2,Nb,17.61211,0.084293425,17.6296
JVASP-16139,3,Nb,17.614317,0.084293425,17.680834
JVASP-4654,0,P,129.51553,1.5049236,130.68088
JVASP-4654,1,P,129.51553,1.5049236,130.68088
JVASP-4654,2,Nb,23.41484,0.084236525,23.463469
JVASP-4654,3,Nb,23.41484,0.084236525,23.463469
JVASP-36757,0,Cd,56.368958,0.92532843,56.027462
JVASP-36757,1,Cd,56.369267,0.92532724,56.769184
JVASP-36757,2,Ag,23.637712,0.37430346,23.389128
JVASP-36757,3,Ag,130.94998,0.64896786,130.81418
JVASP-36757,4,O,86.16098,1.0335478,85.67198
JVASP-36757,5,O,77.593864,1.0569346,77.63528
JVASP-36757,6,O,86.16098,1.0335478,85.67198
JVASP-36757,7,O,77.593864,1.0569346,77.63528
JVASP-36758,0,Cd,46.644012,0.8887464,46.86039
JVASP-36758,1,Cd,46.644012,0.8887464,46.86039
JVASP-36758,2,Ag,55.010685,0.34671602,55.1877
JVASP-36758,3,Ag,55.010685,0.34671602,55.199165
JVASP-36758,4,O,50.341217,0.99743396,49.3533
JVASP-36758,5,O,50.341217,0.99743396,49.3533
JVASP-36758,6,O,100.55131,1.0097992,101.25257
JVASP-36758,7,O,100.55131,1.0097992,101.247086
JVASP-46163,0,Co,56.43747,0.5552779,56.99055
JVASP-46163,1,Co,56.43747,0.5552779,56.99055
JVASP-46163,2,Ag,5.2786503,0.5902138,5.812406
JVASP-46163,3,Ag,5.2786503,0.5902138,5.812406
JVASP-46163,4,O,89.81145,1.3704802,90.14748
JVASP-46163,5,O,89.81149,1.3704802,90.04445
JVASP-46163,6,O,89.81084,1.3704805,90.07151
JVASP-46163,7,O,89.81084,1.3704805,90.07151
JVASP-46163,8,O,89.81149,1.3704802,90.04445
JVASP-46163,9,O,89.81145,1.3704802,90.14748
JVASP-47099,0,Co,12.94204,0.34769595,13.085359
JVASP-47099,1,Ag,127.92167,0.95092267,128.54341
JVASP-47099,2,O,29.414673,1.2609969,29.865936
JVASP-47099,3,O,29.414673,1.2609969,29.865936
JVASP-63655,0,Hf,136.11038,0.4343664,136.04916
JVASP-63655,1,Hf,136.11038,0.4343664,136.02196
JVASP-63655,2,Hf,136.11055,0.4343665,136.08629
JVASP-63655,3,As,26.213215,2.7782857,23.519583
JVASP-63655,4,As,26.213215,2.7782857,23.519583
JVASP-63655,5,As,21.086432,2.7227242,18.449488
JVASP-63655,6,Os,31.97958,1.0747749,30.946898
JVASP-63655,7,Os,31.97958,1.0747749,30.935009
JVASP-63655,8,Os,31.97972,1.0747734,31.023386
JVASP-63797,0,Hf,136.14366,0.43439466,136.08237
JVASP-63797,1,Hf,136.14366,0.43439466,136.0552
JVASP-63797,2,Hf,136.1353,0.43439475,136.111
JVASP-63797,3,As,26.156876,2.7783391,23.463215
JVASP-63797,4,As,26.156876,2.7783391,23.463215
JVASP-63797,5,As,21.003149,2.7228367,18.366144
JVASP-63797,6,Os,32.06553,1.0747842,31.032286
JVASP-63797,7,Os,32.06553,1.0747842,31.020489
JVASP-63797,8,Os,32.061104,1.0747825,31.10352
JVASP-67566,0,La,11.251323,0.16693245,11.08618
JVASP-67566,1,Be,6.2290525,0.072086915,6.293914
JVASP-67566,2,P,3.5582922,1.6926869,1.9414523
JVASP-67566,3,P,125.28405,1.8783435,123.4387
JVASP-68066,0,La,23.081543,0.28079498,22.801119
JVASP-68066,1,Be,1.2692457,0.29845944,0.9866996
JVASP-68066,2,P,10.238867,1.8047017,8.485155
JVASP-3516,0,Ca,7.1543407,0.18269403,7.204465
JVASP-3516,1,Ca,7.1543407,0.18269403,7.2041583
JVASP-3516,2,Br,129.7049,1.8947341,129.39383
JVASP-3516,3,Br,129.7049,1.8947341,129.39383
JVASP-3516,4,Br,129.7049,1.8947341,129.3997
JVASP-3516,5,Br,129.7049,1.8947341,129.3997
JVASP-22667,0,Ca,7.1443043,0.18268986,7.1948347
JVASP-22667,1,Ca,7.1443043,0.18268986,7.1944757
JVASP-22667,2,Br,129.70685,1.8938237,129.40088
JVASP-22667,3,Br,129.70685,1.8938237,129.39503
JVASP-22667,4,Br,129.70685,1.8938237,129.39503
JVASP-22667,5,Br,129.70685,1.8938237,129.40088
JVASP-18261,0,S,120.62229,2.2684908,119.57064
JVASP-18261,1,S,120.62181,2.2684908,120.43149
JVASP-18261,2,S,120.62217,2.2684908,119.93709
JVASP-18261,3,S,120.62156,2.2684908,122.46264
JVASP-18261,4,Fe,83.65261,0.735241,84.00793
JVASP-18261,5,Cu,6.285957,1.8317606,7.350906
JVASP-18261,6,Cu,6.285957,1.8317606,7.350906
JVASP-18261,7,Sn,15.779985,1.9527898,16.788626
JVASP-51048,0,Fe,98.52338,0.7211586,99.244286
JVASP-51048,1,Cu,7.4761615,1.8304669,9.2460165
JVASP-51048,2,Cu,7.4761615,1.8304669,9.249596
JVASP-51048,3,Sn,14.142537,1.9630241,15.957748
JVASP-51048,4,S,124.049774,2.2903168,124.03611
JVASP-51048,5,S,124.049774,2.2903168,124.029175
JVASP-51048,6,S,124.049774,2.2903168,124.01332
JVASP-51048,7,S,124.049774,2.2903168,124.03183
JVASP-79389,0,Tc,13.092523,0.13637179,13.225791
JVASP-79389,1,Tc,13.092523,0.13637179,13.225791
JVASP-79389,2,As,62.0121,1.7825133,60.283
JVASP-79389,3,As,62.0121,1.7825133,60.283
JVASP-79389,4,As,17.303196,1.7825133,19.038595
JVASP-79389,5,As,62.0121,1.7825133,60.283
JVASP-79389,6,As,62.0121,1.7825133,60.283
JVASP-79389,7,As,17.303196,1.7825133,19.038595
JVASP-79400,0,Tc,32.186295,0.07096542,32.189255
JVASP-79400,1,Tc,32.186295,0.07096542,32.189255
JVASP-79400,2,Tc,123.53756,0.07096553,123.5347
JVASP-79400,3,As,72.93111,2.031782,74.89992
JVASP-67265,0,Ti,18.546312,0.34421238,18.885511
JVASP-67265,1,Be,7.065566,0.26180905,6.811678
JVASP-67265,2,Rh,46.491726,0.15134615,46.46918
JVASP-80557,0,Ti,51.0228,0.3576554,51.277737
JVASP-80557,1,Ti,51.0228,0.3576554,51.277737
JVASP-80557,2,Be,6.211797,0.16749673,6.048433
JVASP-80557,3,Be,6.211797,0.16749673,6.048433
JVASP-80557,4,Be,6.211797,0.16749673,6.048433
JVASP-80557,5,Be,6.211797,0.16749673,6.048433
JVASP-80557,6,Rh,122.32723,0.24253467,122.55143
JVASP-80557,7,Rh,122.32723,0.24253467,122.55143
JVASP-2724,0,Al,1.6451328,0.73719406,1.434988
JVASP-2724,1,Al,1.6451328,0.73719406,1.434988
JVASP-2724,2,Cu,8.302848,1.7675364,7.624359
JVASP-2724,3,Cu,8.302848,1.7675364,7.624359
JVASP-2724,4,Se,133.34122,5.4839754,135.81882
JVASP-2724,5,Se,133.34273,5.483977,129.93033
JVASP-2724,6,Se,133.34137,5.4839754,136.9208
JVASP-2724,7,Se,133.34164,5.483977,130.7436
JVASP-8369,0,Al,1.6451328,0.7371845,1.4349885
JVASP-8369,1,Al,1.6451328,0.7371845,1.4349885
JVASP-8369,2,Cu,8.301659,1.7675371,7.6223993
JVASP-8369,3,Cu,8.301659,1.7675371,7.6223993
JVASP-8369,4,Se,133.34059,5.4839635,135.8182
JVASP-8369,5,Se,133.3406,5.483963,129.92824
JVASP-8369,6,Se,133.34074,5.4839635,136.9202
JVASP-8369,7,Se,133.34064,5.483963,130.74261
JVASP-65541,0,Ba,91.58153,0.05803137,91.62402
JVASP-65541,1,In,58.332146,0.3881335,58.1202
JVASP-65541,2,Pb,120.54429,1.0226051,121.255005
JVASP-65541,3,Pb,120.54429,1.0226051,121.255005
JVASP-65599,0,Ba,91.59377,0.058068164,91.63632
JVASP-65599,1,In,58.35093,0.38791817,58.139267
JVASP-65599,2,Pb,120.563065,1.0226827,121.273926
JVASP-65599,3,Pb,120.563065,1.0226827,121.273926
JVASP-67574,0,Be,0.042047594,0.32371178,0.36431712
JVASP-67574,1,Ge,77.42347,1.419264,78.79004
JVASP-67574,2,Te,43.73972,5.0642195,48.630596
JVASP-67628,0,Be,3.9404123,0.07774326,3.879417
JVASP-67628,1,Ge,4.94307,1.7153381,3.305435
JVASP-67628,2,Te,120.28955,3.2957664,117.17971
JVASP-67628,3,Te,112.29931,2.649315,114.78965
JVASP-37747,0,Na,9.428903,0.45332772,9.156273
JVASP-37747,1,Na,9.428903,0.45332772,9.2697115
JVASP-37747,2,Na,9.428903,0.45332772,9.877461
JVASP-37747,3,Tl,0.0,1.251452,1.251452
JVASP-79089,0,Na,3.0406332,0.44789165,2.598461
JVASP-79089,1,Na,3.0406332,0.44789165,2.598461
JVASP-79089,2,Na,8.134755,0.44789165,8.578019
JVASP-79089,3,Na,3.0406332,0.44789165,2.598461
JVASP-79089,4,Na,3.0406332,0.44789165,2.598461
JVASP-79089,5,Na,8.134755,0.44789165,8.578019
JVASP-79089,6,Tl,119.334236,1.257522,120.4927
JVASP-79089,7,Tl,119.334236,1.257522,120.4927
JVASP-12626,0,In,107.44196,1.1331121,106.34343
JVASP-12626,1,In,107.44196,1.1331121,106.34343
JVASP-12626,2,Fe,24.783937,0.4829375,24.30803
JVASP-12626,3,Fe,24.783937,0.4829375,24.30803
JVASP-12626,4,O,118.517334,1.3471073,119.84317
JVASP-12626,5,O,118.517334,1.3471073,119.84317
JVASP-12626,6,O,35.181614,1.0962485,34.11307
JVASP-12626,7,O,35.181614,1.0962485,34.11307
JVASP-12626,8,O,35.181614,1.0962485,34.11307
JVASP-12626,9,O,35.181614,1.0962485,34.11307
JVASP-8622,0,O,11.091871,1.0422163,12.038993
JVASP-8622,1,O,11.090666,1.0422565,12.037853
JVASP-8622,2,O,23.778631,1.2764008,24.952145
JVASP-8622,3,O,23.779024,1.2764077,24.952555
JVASP-8622,4,Fe,33.0586,0.16084395,32.912357
JVASP-8622,5,Fe,33.05884,0.1608398,32.9126
JVASP-8622,6,In,101.8883,0.9390891,101.05312
JVASP-15416,0,O,86.29166,1.2435772,85.368866
JVASP-15416,1,O,86.29166,1.2435772,85.368866
JVASP-15416,2,O,98.45568,1.4949027,99.036026
JVASP-15416,3,O,98.45537,1.4949027,98.68106
JVASP-15416,4,Sr,32.100662,0.3383947,32.359215
JVASP-15416,5,Sr,32.100662,0.3383947,32.359215
JVASP-15416,6,Ru,17.179115,0.45284653,16.840897
JVASP-8782,0,O,117.4483,1.6221668,117.51688
JVASP-8782,1,O,117.44637,1.6221726,117.656044
JVASP-8782,2,O,119.06404,1.6932406,119.21649
JVASP-8782,3,O,117.82602,1.6982367,117.72567
JVASP-8782,4,O,117.448105,1.6221775,117.46006
JVASP-8782,5,O,117.44784,1.6221658,117.26559
JVASP-8782,6,Ru,6.6339498,0.7031499,6.8825183
JVASP-8782,7,Ru,6.6342177,0.70315236,6.848737
JVASP-8782,8,Sr,15.348878,0.33751532,15.493384
JVASP-38692,0,Na,0.0,0.1457546,0.1457546
JVASP-38692,1,Ru,0.0,0.3125184,0.3125184
JVASP-38692,2,O,116.828415,1.376344,115.47374
JVASP-38692,3,O,116.82841,1.376344,117.71879
JVASP-38692,4,O,116.82841,1.376344,117.3048
JVASP-8122,0,O,28.886532,0.92477876,29.671381
JVASP-8122,1,O,28.886532,0.92477876,29.671381
JVASP-8122,2,Na,9.268372,0.22303197,9.445939
JVASP-8122,3,Ru,74.53892,0.15912543,74.41087
JVASP-66869,0,Sc,4.9312315,0.45067763,5.376509
JVASP-66869,1,Be,3.8469315,0.28590688,3.570867
JVASP-66869,2,Os,109.6012,0.93218577,108.68891
JVASP-67927,0,Be,1.5604025,0.4203302,1.9745139
JVASP-67927,1,Os,115.65185,0.998186,116.633354
JVASP-67927,2,Sc,6.973697,0.49339348,6.48365
JVASP-67927,3,Sc,69.35077,0.49339348,69.84108
JVASP-15828,0,Ta,60.530308,0.5898232,61.091057
JVASP-15828,1,Ta,60.527924,0.5898236,61.0691
JVASP-15828,2,Ta,60.527924,0.58982366,61.05654
JVASP-15828,3,Ge,122.21829,0.56472075,122.036736
JVASP-15828,4,Ge,122.219666,0.5647189,122.04
JVASP-15828,5,Ge,122.21909,0.56472117,122.03454
JVASP-15828,6,Ge,122.21909,0.56472117,122.04155
JVASP-15828,7,Ge,122.219666,0.5647189,122.03706
JVASP-15828,8,Ge,122.21829,0.56472075,122.0408
JVASP-13968,0,Ta,60.532253,0.5898234,61.093
JVASP-13968,1,Ta,60.52965,0.5898234,61.07084
JVASP-13968,2,Ta,60.528652,0.5898231,61.057278
JVASP-13968,3,Ge,122.218575,0.56472605,122.03702
JVASP-13968,4,Ge,122.22009,0.56472373,122.04043
JVASP-13968,5,Ge,122.21923,0.56472594,122.034676
JVASP-13968,6,Ge,122.21923,0.56472594,122.04169
JVASP-13968,7,Ge,122.22009,0.56472373,122.03749
JVASP-13968,8,Ge,122.218575,0.56472605,122.04109
JVASP-16925,0,Al,0.005715476,0.7117477,0.71744263
JVASP-16925,1,Fe,0.03919184,0.44460297,0.48361635
JVASP-16925,2,O,74.33957,1.517118,75.28903
JVASP-16925,3,O,74.33957,1.517118,74.9147
JVASP-16925,4,O,74.3265,1.517426,72.82543
JVASP-11238,0,Al,21.557959,1.1339256,20.426136
JVASP-11238,1,Al,21.557959,1.1339256,20.426136
JVASP-11238,2,Fe,46.761982,0.6741691,46.096207
JVASP-11238,3,Fe,46.761982,0.6741691,46.096207
JVASP-11238,4,O,34.165485,1.2064174,32.97491
JVASP-11238,5,O,34.165485,1.2064174,32.97491
JVASP-11238,6,O,34.165485,1.2064174,32.97491
JVASP-11238,7,O,34.165485,1.2064174,32.97491
JVASP-11238,8,O,113.864525,1.6154367,115.46742
JVASP-11238,9,O,113.864525,1.6154367,115.46742
JVASP-17770,0,Pd,45.21508,1.6111257,45.108967
JVASP-17770,1,Pd,45.21508,1.6111257,45.108967
JVASP-17770,2,Pb,125.67125,1.1927426,126.16678
JVASP-17770,3,Pb,125.67129,1.1927422,125.85841
JVASP-17770,4,Pb,125.67125,1.1927426,126.16678
JVASP-17770,5,Pb,125.67129,1.1927421,125.85841
JVASP-17852,0,Pd,63.1307,1.255455,62.564327
JVASP-17852,1,Pd,63.1307,1.255455,62.461914
JVASP-17852,2,Pd,63.1307,1.255455,64.38477
JVASP-17852,3,Pb,0.0,1.419603,1.419603
JVASP-37480,0,Yb,38.667645,1.2074913,39.874325
JVASP-37480,1,Yb,38.667645,1.2074913,39.874325
JVASP-37480,2,Yb,112.19724,1.2074913,110.9906
JVASP-37480,3,Yb,38.667645,1.2074913,39.874325
JVASP-37480,4,Yb,38.667645,1.2074913,39.874325
JVASP-37480,5,Yb,112.19724,1.2074913,110.9906
JVASP-37480,6,Ti,9.239475,0.54161847,8.699409
JVASP-37480,7,Ti,9.239475,0.54161847,8.699409
JVASP-37487,0,Yb,81.13445,1.2028525,81.76167
JVASP-37487,1,Yb,81.13445,1.2028525,81.72252
JVASP-37487,2,Yb,81.13445,1.2028525,79.93246
JVASP-37487,3,Ti,0.0,0.5415156,0.5415156
JVASP-20516,0,Nb,111.407684,0.041117456,111.36879
JVASP-20516,1,Nb,111.407684,0.041117456,111.36879
JVASP-20516,2,Nb,111.407684,0.041117456,111.437675
JVASP-20516,3,Nb,111.407684,0.041117456,111.437675
JVASP-20516,4,Nb,111.407684,0.041117456,111.4166
JVASP-20516,5,Nb,111.407684,0.041117456,111.4166
JVASP-20516,6,Os,0.0,1.0671563,1.0671563
JVASP-20516,7,Os,0.0,1.0671563,1.0671563
JVASP-20246,0,Nb,111.407684,0.041117456,111.36879
JVASP-20246,1,Nb,111.407684,0.041117456,111.36879
JVASP-20246,2,Nb,111.407684,0.041117456,111.437675
JVASP-20246,3,Nb,111.407684,0.041117456,111.437675
JVASP-20246,4,Nb,111.407684,0.041117456,111.4166
JVASP-20246,5,Nb,111.407684,0.041117456,111.4166
JVASP-20246,6,Os,0.0,1.0671563,1.0671563
JVASP-20246,7,Os,0.0,1.0671563,1.0671563
JVASP-8378,0,Mg,4.3511105,0.2672919,4.615491
JVASP-8378,1,Cu,110.75395,2.0335495,109.67565
JVASP-8378,2,Cu,110.75395,2.0335495,109.606514
JVASP-8378,3,N,38.127163,1.1035172,37.060066
JVASP-8378,4,N,38.127163,1.1035172,37.034554
JVASP-9240,0,Mg,44.985355,0.041201994,44.958282
JVASP-9240,1,Mg,45.000584,0.041215613,44.973503
JVASP-9240,2,Mg,37.395004,0.27832067,37.6213
JVASP-9240,3,Mg,37.393764,0.27831686,37.62005
JVASP-9240,4,Cu,92.52761,1.4457744,93.87608
JVASP-9240,5,Cu,92.51834,1.4458396,93.86696
JVASP-9240,6,N,41.273914,1.0162473,40.699223
JVASP-9240,7,N,41.279377,1.0161662,40.70444
JVASP-9240,8,N,100.73508,1.1706519,101.20886
JVASP-9240,9,N,100.74041,1.1707153,101.21424
JVASP-79191,0,In,109.97342,0.3469757,109.846405
JVASP-79191,1,In,109.97342,0.3469757,109.846405
JVASP-79191,2,In,109.97342,0.3469757,109.846405
JVASP-79191,3,In,109.97342,0.3469757,109.846405
JVASP-79191,4,Cu,47.161873,2.0723574,49.219597
JVASP-79191,5,Cu,47.161873,2.0723574,49.219643
JVASP-79191,6,Cu,47.161873,2.0723574,49.219597
JVASP-79191,7,Cu,47.161873,2.0723574,49.219643
JVASP-16741,0,In,61.926777,0.63584894,61.373093
JVASP-16741,1,In,61.926777,0.63584894,61.373093
JVASP-16741,2,Cu,19.461197,1.2173579,20.671219
JVASP-16741,3,Cu,19.461197,1.2173579,20.671219
JVASP-16741,4,Cu,15.097432,0.986621,14.11105
JVASP-16741,5,Cu,15.097432,0.986621,14.11105
JVASP-39264,0,Fe,49.593594,0.06377637,49.543064
JVASP-39264,1,Re,109.53832,0.74098283,108.80974
JVASP-41398,0,Fe,20.118732,0.029341312,20.104813
JVASP-41398,1,Fe,20.120193,0.02934127,20.127333
JVASP-41398,2,Fe,20.118732,0.029341312,20.108372
JVASP-41398,3,Fe,20.119257,0.029341312,20.105337
JVASP-41398,4,Fe,20.120193,0.02934127,20.127333
JVASP-41398,5,Fe,20.119257,0.029341312,20.108896
JVASP-41398,6,Re,39.771957,0.75305337,40.51418
JVASP-41398,7,Re,39.771957,0.75305337,40.51418
JVASP-67864,0,Be,2.9508197,0.33854362,3.2800999
JVASP-67864,1,Cd,108.312355,1.0716683,107.25635
JVASP-67864,2,K,48.795467,0.40917957,48.392742
JVASP-74873,0,K,0.26862738,0.3077868,0.5742864
JVASP-74873,1,K,0.26862738,0.3077868,0.5742864
JVASP-74873,2,Be,0.03919184,0.5209752,0.48257568
JVASP-74873,3,Be,0.03919184,0.5209752,0.48257568
JVASP-74873,4,Cd,1.1496272,0.47422412,1.6063486
JVASP-74873,5,Cd,0.012247449,0.47422412,0.48585212
JVASP-74873,6,Cd,1.1496272,0.47422412,1.6063486
JVASP-74873,7,Cd,0.012247449,0.47422412,0.48585212
JVASP-18105,0,Li,1.0761424,0.22706996,0.85473037
JVASP-18105,1,Li,1.0761424,0.22706996,0.85473037
JVASP-18105,2,Fe,3.2561884,0.34725395,2.9090085
JVASP-18105,3,Fe,3.2561884,0.34725395,2.9090085
JVASP-18105,4,As,48.022247,2.5957396,45.516937
JVASP-18105,5,As,48.022247,2.5957396,45.516937
JVASP-35940,0,Li,0.32007292,0.10878364,0.21761371
JVASP-35940,1,Li,0.32007292,0.10878364,0.21761371
JVASP-35940,2,Fe,16.549995,0.1936386,16.731363
JVASP-35940,3,Fe,16.549995,0.1936386,16.731363
JVASP-35940,4,As,106.44299,2.0965948,108.46501
JVASP-35940,5,As,106.44299,2.0965948,108.46501
JVASP-30668,0,Y,107.882904,0.15662563,107.94428
JVASP-30668,1,Cr,50.004704,0.4137691,50.16399
JVASP-30668,2,F,67.78186,3.0513875,68.84963
JVASP-30668,3,F,67.78186,3.0513875,68.84963
JVASP-30668,4,F,91.57239,3.038527,90.838005
JVASP-30668,5,F,91.57239,3.038527,90.838005
JVASP-30668,6,F,8.088326,2.9313092,9.135937
JVASP-8382,0,Y,70.466446,0.19964783,70.32471
JVASP-8382,1,Cr,48.059635,0.5702577,48.35937
JVASP-8382,2,F,65.70135,3.0993369,66.79078
JVASP-8382,3,F,65.70135,3.0993369,66.79078
JVASP-8382,4,F,94.041016,3.7131264,93.091965
JVASP-8382,5,F,94.041016,3.7131264,93.091965
JVASP-8382,6,F,14.293316,2.8839424,15.392179
JVASP-17827,0,Ce,18.207466,0.20274584,18.409948
JVASP-17827,1,Ce,18.207466,0.20274584,18.409948
JVASP-17827,2,Cu,64.76574,2.3887343,62.38332
JVASP-17827,3,Cu,64.76574,2.3887343,62.38332
JVASP-17827,4,Ge,22.301378,1.1953766,21.158562
JVASP-17827,5,Ge,22.301378,1.1953766,21.158562
JVASP-7954,0,Ce,52.161884,0.21981564,51.942818
JVASP-7954,1,Ce,52.161884,0.21981564,51.942818
JVASP-7954,2,Cu,14.199692,1.9734937,16.167107
JVASP-7954,3,Cu,14.199692,1.9734937,16.167107
JVASP-7954,4,Cu,14.199692,1.9734937,16.167107
JVASP-7954,5,Cu,14.199692,1.9734937,16.167107
JVASP-7954,6,Ge,104.977776,1.5025246,106.41682
JVASP-7954,7,Ge,104.977776,1.5025246,106.41682
JVASP-7954,8,Ge,104.977776,1.5025246,106.41682
JVASP-7954,9,Ge,104.977776,1.5025246,106.41682
JVASP-14539,0,Sr,58.222332,0.120649055,58.10497
JVASP-14539,1,Ag,98.794044,1.2967222,100.09072
JVASP-14539,2,Ag,113.25982,1.3450787,113.38566
JVASP-14539,3,Ag,113.26141,1.3450807,113.43567
JVASP-14539,4,Ag,113.26141,1.3450807,113.432236
JVASP-14539,5,Ag,98.794044,1.2967222,100.09072
JVASP-8707,0,Ag,66.04746,1.8055688,65.292694
JVASP-8707,1,Ag,66.04746,1.8055688,65.292694
JVASP-8707,2,Ag,66.047226,1.8055688,66.58741
JVASP-8707,3,Ag,66.047226,1.8055688,66.58741
JVASP-8707,4,Sr,11.401299,0.036468316,11.425053
JVASP-8707,5,Sr,11.401299,0.036468316,11.425053
JVASP-17641,0,Ca,15.562425,0.5019193,15.065784
JVASP-17641,1,Ca,15.562425,0.5019193,15.065784
JVASP-17641,2,Mn,15.264403,0.17167531,15.109827
JVASP-17641,3,Mn,15.264403,0.17167531,15.109827
JVASP-17641,4,Ge,21.805359,0.8787539,22.643967
JVASP-17641,5,Ge,21.805359,0.8787539,22.643967
JVASP-17516,0,Ca,22.945902,0.22226462,22.799047
JVASP-17516,1,Mn,27.023476,0.13985325,27.115393
JVASP-17516,2,Mn,27.023476,0.13985325,27.115393
JVASP-17516,3,Ge,102.65185,1.5399588,103.639
JVASP-17516,4,Ge,102.65185,1.5399588,103.639
JVASP-18145,0,Ni,33.836224,1.8194524,32.04736
JVASP-18145,1,Ni,33.836224,1.8194524,32.04736
JVASP-18145,2,Y,58.19897,0.047732674,58.186626
JVASP-18145,3,Y,58.19897,0.047732674,58.186626
JVASP-18145,4,In,102.27079,0.391577,102.6558
JVASP-18145,5,In,102.27079,0.391577,102.6558
JVASP-18145,6,In,102.27079,0.391577,102.65532
JVASP-18145,7,In,102.27079,0.391577,102.65532
JVASP-53281,0,Y,19.11544,0.044985272,19.125593
JVASP-53281,1,Y,19.115524,0.04498546,19.093924
JVASP-53281,2,Y,19.11544,0.044985272,19.123558
JVASP-53281,3,In,43.927853,0.42178535,43.889206
JVASP-53281,4,In,43.92497,0.42178518,43.50478
JVASP-53281,5,In,43.927853,0.42178535,43.911243
JVASP-53281,6,Ni,31.445736,1.7274919,29.727652
JVASP-53281,7,Ni,69.000084,1.6344582,67.3755
JVASP-53281,8,Ni,69.000084,1.6344582,67.3755
JVASP-37647,0,Hg,101.28886,1.659707,102.49877
JVASP-37647,1,Hg,101.28886,1.659707,101.68851
JVASP-37647,2,Hg,101.28886,1.659707,99.6996
JVASP-37647,3,Bi,0.0,1.059605,1.059605
JVASP-37648,0,Hg,0.0,1.6331998,1.6331998
JVASP-37648,1,Bi,76.35142,0.9840831,76.83083
JVASP-37648,2,Bi,76.35142,0.9840831,75.36829
JVASP-37648,3,Bi,76.35141,0.9840831,76.86458
JVASP-14642,0,V,8.903079,0.32251006,9.060046
JVASP-14642,1,V,8.903079,0.32251006,9.060046
JVASP-14642,2,V,8.903079,0.32251006,9.077034
JVASP-14642,3,V,8.903079,0.32251006,9.077034
JVASP-14642,4,V,8.903079,0.32251006,8.580763
JVASP-14642,5,V,8.903079,0.32251006,8.580763
JVASP-14642,6,As,0.0,0.71486634,0.71486634
JVASP-14642,7,As,0.0,0.71486634,0.71486634
JVASP-17558,0,V,26.134031,0.32462427,25.988503
JVASP-17558,1,V,26.134031,0.32462427,25.988504
JVASP-17558,2,V,26.134031,0.32462427,25.989761
JVASP-17558,3,V,26.134031,0.32462427,25.989761
JVASP-17558,4,As,105.69732,2.5204523,104.793755
JVASP-17558,5,As,105.69732,2.5204523,104.793755
JVASP-17558,6,As,105.69732,2.5204523,104.787476
JVASP-17558,7,As,105.69732,2.5204523,104.787476
JVASP-18565,0,Tl,0.0,1.2039958,1.2039958
JVASP-18565,1,Bi,0.0,0.9653484,0.9653484
JVASP-18640,0,Tl,44.246357,1.234604,45.362
JVASP-18640,1,Bi,99.72485,0.9640453,99.85976
JVASP-18640,2,Bi,99.72485,0.9640453,99.85976
JVASP-36965,0,Rb,1.8956931,0.1734328,1.8711089
JVASP-36965,1,Rb,1.8956931,0.1734328,1.8711091
JVASP-36965,2,Pb,52.341003,1.2539322,51.804867
JVASP-36965,3,Pb,52.341003,1.2539322,51.814358
JVASP-36965,4,Cl,63.88528,0.21490926,63.94523
JVASP-36965,5,Cl,63.88528,0.21490926,63.951866
JVASP-36965,6,Cl,63.878277,0.21490952,63.944866
JVASP-36965,7,Cl,63.878277,0.21490952,63.938225
JVASP-36965,8,Cl,95.37491,0.8159061,95.622444
JVASP-36965,9,Cl,95.37491,0.8159061,95.622444
JVASP-36966,0,Rb,13.661503,0.24823125,13.589491
JVASP-36966,1,Pb,2.3940163,1.280155,3.2992775
JVASP-36966,2,Cl,95.27273,0.22492126,95.40433
JVASP-36966,3,Cl,96.95627,0.21654296,96.74237
JVASP-36966,4,Cl,98.7251,0.22545168,98.831314
JVASP-14532,0,P,0.0,0.27257937,0.27257937
JVASP-14532,1,Yb,0.008246211,2.061506,2.0554755
JVASP-37499,0,Yb,0.0,1.1411701,1.1411701
JVASP-37499,1,P,98.19432,0.882137,97.64311
JVASP-37499,2,P,98.19432,0.882137,97.880005
JVASP-37499,3,P,98.19432,0.882137,99.06583
JVASP-15404,0,Ce,4.210673,0.2372437,3.9739318
JVASP-15404,1,Ce,4.210673,0.2372437,3.9739318
JVASP-15404,2,Si,30.026663,0.76040137,30.763834
JVASP-15404,3,Si,30.026663,0.76040137,30.763834
JVASP-15404,4,Si,30.026663,0.76040137,30.763834
JVASP-15404,5,Si,30.026663,0.76040137,30.763834
JVASP-15404,6,Ni,0.026944388,1.6611673,1.6343564
JVASP-15404,7,Ni,0.026944388,1.6611673,1.6343564
JVASP-15404,8,Ni,0.026944388,1.6611673,1.6343564
JVASP-15404,9,Ni,0.026944388,1.6611673,1.6343564
JVASP-17800,0,Si,18.026747,0.39895245,17.984737
JVASP-17800,1,Si,18.027355,0.39895266,17.848297
JVASP-17800,2,Ni,97.21153,2.085287,97.904785
JVASP-17800,3,Ni,97.21576,2.0852869,98.25309
JVASP-17800,4,Ce,80.6643,0.2329447,80.56493
JVASP-17800,5,Ce,80.668045,0.2329447,80.62158
JVASP-66698,0,Be,1.6828029,0.30627194,1.9836591
JVASP-66698,1,Hg,95.80444,1.5100664,94.38208
JVASP-66698,2,Si,5.156176,0.5639954,4.610192
JVASP-68136,0,Be,0.75541955,0.43035418,0.34170693
JVASP-68136,1,Hg,5.05493,1.5144285,6.507
JVASP-68136,2,Si,7.7477365,0.65179324,7.1120315
JVASP-68136,3,Si,36.221424,0.65179324,35.58465
JVASP-39440,0,Ru,94.921,1.4416044,96.36226
JVASP-39440,1,Ru,94.9214,1.4416044,96.36267
JVASP-39440,2,I,15.145195,6.9941144,8.591738
JVASP-39440,3,I,15.145195,6.9941144,8.591738
JVASP-39482,0,Ru,67.98558,0.15577526,68.14065
JVASP-39482,1,Ru,67.98558,0.15577526,67.92027
JVASP-39482,2,Ru,67.98559,0.15577526,67.8961
JVASP-39482,3,I,0.0,6.9969788,6.9969788
JVASP-78922,0,H,50.366577,1.7999557,51.101288
JVASP-78922,1,Li,6.2547913,0.46197903,6.470373
JVASP-78922,2,Li,1.7363352,0.3495113,1.6216531
JVASP-78922,3,N,94.15872,3.529656,95.434425
JVASP-8805,0,Li,3.5221324,0.44752768,3.5649326
JVASP-8805,1,Li,3.5221324,0.44752768,3.593286
JVASP-8805,2,Li,3.5221324,0.44752768,3.5649326
JVASP-8805,3,Li,3.5221324,0.44752768,3.593286
JVASP-8805,4,H,43.423477,1.7825363,44.450413
JVASP-8805,5,H,43.423477,1.7825363,44.450413
JVASP-8805,6,N,83.393654,3.4859145,84.917496
JVASP-8805,7,N,83.393654,3.4859145,84.917496
JVASP-38172,0,Rb,13.09482,0.29946268,13.061424
JVASP-38172,1,Rb,13.095258,0.29946268,12.853214
JVASP-38172,2,Rb,13.09482,0.29946268,13.041345
JVASP-38172,3,Rb,13.09482,0.29946268,13.061424
JVASP-38172,4,Rb,13.095258,0.29946268,12.853214
JVASP-38172,5,Rb,13.09482,0.29946268,13.041345
JVASP-38172,6,Pr,0.6944307,0.26702723,0.45469934
JVASP-38172,7,Pr,0.6944307,0.26702723,0.45469934
JVASP-38298,0,Rb,3.4325516,0.15861589,3.5871713
JVASP-38298,1,Rb,3.4325516,0.15861589,3.5871713
JVASP-38298,2,Pr,30.937056,0.049105074,30.893942
JVASP-38298,3,Pr,30.937056,0.049105074,30.893942
JVASP-38298,4,Pr,93.77708,0.049105074,93.820206
JVASP-38298,5,Pr,30.937056,0.049105074,30.893942
JVASP-38298,6,Pr,30.937056,0.049105074,30.893942
JVASP-38298,7,Pr,93.77708,0.049105074,93.820206
JVASP-36463,0,Ca,92.9116,0.16927004,92.80074
JVASP-36463,1,Ca,92.9116,0.16927004,93.07739
JVASP-36463,2,Ca,92.9116,0.16927004,92.85688
JVASP-36463,3,Sb,0.0,1.0509973,1.0509973
JVASP-36463,4,Sb,0.0,0.94814056,0.94814056
JVASP-8219,0,Ca,18.652456,0.4277567,18.315767
JVASP-8219,1,Ca,13.595235,0.5241177,13.682248
JVASP-8219,2,Ca,18.651833,0.42778778,18.315107
JVASP-8219,3,Ca,13.597274,0.52411777,13.571957
JVASP-8219,4,Sb,43.575123,2.1927123,41.96722
JVASP-8219,5,Sb,43.612694,2.192723,42.00478
JVASP-35899,0,Hf,75.71046,0.45475882,76.16358
JVASP-35899,1,Hf,75.71046,0.45475882,76.16358
JVASP-35899,2,V,10.830827,0.5228473,11.348808
JVASP-35899,3,V,10.830827,0.5228473,11.348808
JVASP-35899,4,Ge,6.7205834,0.90932554,5.8698807
JVASP-35899,5,Ge,6.7205834,0.90932554,5.8698807
JVASP-15960,0,V,25.238216,0.5323562,25.547228
JVASP-15960,1,V,25.240139,0.5323562,25.440182
JVASP-15960,2,Ge,0.20753795,0.9967425,1.1650153
JVASP-15960,3,Ge,0.20753795,0.9967425,1.1650153
JVASP-15960,4,Hf,92.095024,0.45818767,92.47339
JVASP-15960,5,Hf,92.095024,0.45818767,92.47339
JVASP-69064,0,Ba,91.383934,0.092678644,91.46545
JVASP-69064,1,Re,88.384125,1.0141697,89.38668
JVASP-69064,2,Cl,37.675602,0.72680974,38.359825
JVASP-69064,3,Cl,20.943136,0.81394917,20.161263
JVASP-69281,0,Ba,91.40989,0.092725046,91.49178
JVASP-69281,1,Re,88.3765,1.0141665,89.38008
JVASP-69281,2,Cl,37.67206,0.72686386,38.356976
JVASP-69281,3,Cl,20.967793,0.81404245,20.184935
JVASP-16018,0,Sm,47.474785,0.055917155,47.518982
JVASP-16018,1,Sm,47.474785,0.055917155,47.518982
JVASP-16018,2,Cu,90.78055,2.421671,88.36501
JVASP-16018,3,Cu,90.78055,2.421671,88.36501
JVASP-16018,4,Si,0.5266403,0.75349784,0.26648423
JVASP-16018,5,Si,0.5266403,0.75349784,0.26648423
JVASP-15298,0,Sm,28.781504,0.08649008,28.854366
JVASP-15298,1,Sm,28.781504,0.08649008,28.854366
JVASP-15298,2,Cu,16.36749,1.9572045,18.318243
JVASP-15298,3,Cu,16.36749,1.9572045,18.318243
JVASP-15298,4,Cu,16.36749,1.9572045,18.318243
JVASP-15298,5,Cu,16.36749,1.9572045,18.318243
JVASP-15298,6,Si,17.228893,0.9346369,18.138762
JVASP-15298,7,Si,17.228893,0.9346369,18.138762
JVASP-15298,8,Si,17.228893,0.9346369,18.138762
JVASP-15298,9,Si,17.228893,0.9346369,18.138762
JVASP-12166,0,Ho,9.037393,0.7367469,8.303103
JVASP-12166,1,Ho,9.037393,0.7367469,8.303103
JVASP-12166,2,Ho,9.036168,0.7367447,8.301876
JVASP-12166,3,Ho,9.037393,0.7367469,8.303103
JVASP-12166,4,Ho,9.037393,0.7367469,8.303103
JVASP-12166,5,Ho,9.036168,0.7367447,8.301876
JVASP-12166,6,Br,61.70142,6.101941,67.68346
JVASP-12166,7,Br,61.70142,6.101941,67.68346
JVASP-12166,8,Br,61.701015,6.101957,67.683075
JVASP-12166,9,Br,61.70142,6.101961,67.68347
JVASP-12166,10,Br,61.70142,6.101961,67.68347
JVASP-12166,11,Br,61.701015,6.101957,67.683075
JVASP-12166,12,O,21.721666,1.3048637,23.00913
JVASP-12166,13,O,21.721666,1.3048637,23.00913
JVASP-12166,14,O,21.722485,1.304863,23.009943
JVASP-12166,15,O,21.722076,1.3048637,23.009531
JVASP-12166,16,O,21.722076,1.3048637,23.009531
JVASP-12166,17,O,21.722485,1.304863,23.009943
JVASP-30162,0,Ho,90.2365,1.2401925,88.99732
JVASP-30162,1,Ho,90.2365,1.2401925,88.99732
JVASP-30162,2,Br,54.434784,4.030954,54.767403
JVASP-30162,3,Br,54.434784,4.030954,54.767403
JVASP-30162,4,O,6.8385863,1.881495,5.52832
JVASP-30162,5,O,6.8385863,1.881495,5.52832
JVASP-29267,0,C,6.6236315,0.46412227,6.793336
JVASP-29267,1,Cl,97.41225,2.4011207,97.60053
JVASP-29267,2,Cl,97.41225,2.4011207,97.60053
JVASP-29267,3,Cl,14.696987,2.4095247,15.893674
JVASP-29267,4,Cl,14.696987,2.4095247,15.893674
JVASP-29267,5,Cl,15.000535,2.4058378,13.210564
JVASP-29267,6,Cl,15.000535,2.4058378,13.210564
JVASP-29267,7,Cl,85.31987,2.4049237,85.18712
JVASP-29267,8,Cl,85.31987,2.4049237,85.18712
JVASP-29267,9,Sc,28.423779,0.4071147,28.254051
JVASP-29267,10,Sc,28.423779,0.4071147,28.254051
JVASP-29267,11,Sc,27.145515,0.42338166,27.36279
JVASP-29267,12,Sc,27.145515,0.42338166,27.36279
JVASP-29267,13,Sc,27.290998,0.28339648,27.353468
JVASP-3993,0,Sc,2.2788436,0.40850323,2.6842673
JVASP-3993,1,Sc,2.2788436,0.40850323,2.6842673
JVASP-3993,2,C,0.600125,0.40619734,0.24800418
JVASP-3993,3,Cl,17.52406,2.3860335,19.84956
JVASP-3993,4,Cl,17.52406,2.3860335,19.84956
JVASP-76931,0,Li,1.1938931,0.2342089,0.9621812
JVASP-76931,1,Li,1.1938931,0.2342089,0.9621812
JVASP-76931,2,Zn,48.23509,2.2619703,50.4913
JVASP-76931,3,Zn,48.23509,2.2619703,50.4913
JVASP-76931,4,Hg,97.65292,2.4615955,99.34928
JVASP-76931,5,Hg,97.65292,2.4615955,99.34928
JVASP-76931,6,Hg,97.65292,2.4615955,99.34928
JVASP-76931,7,Hg,97.65292,2.4615955,99.34928
JVASP-81241,0,Li,1.1917576,0.23428997,0.9599587
JVASP-81241,1,Li,1.1917576,0.23428997,0.9599587
JVASP-81241,2,Zn,48.1189,2.2624092,50.375423
JVASP-81241,3,Zn,48.1189,2.2624092,50.375423
JVASP-81241,4,Hg,97.46821,2.46171,99.16672
JVASP-81241,5,Hg,97.46821,2.46171,99.16672
JVASP-81241,6,Hg,97.46821,2.46171,99.16672
JVASP-81241,7,Hg,97.46821,2.46171,99.16672
JVASP-14520,0,Sn,100.36648,1.4125665,100.63113
JVASP-14520,1,Sn,100.36648,1.4125665,100.63113
JVASP-14520,2,Sn,100.36648,1.4125665,100.631256
JVASP-14520,3,Sn,100.36648,1.4125665,100.631256
JVASP-14520,4,Pd,17.225916,1.5744153,17.92254
JVASP-14520,5,Pd,17.225916,1.5744153,17.92254
JVASP-14520,6,Pd,17.225916,1.5744153,17.92551
JVASP-14520,7,Pd,17.225916,1.5744153,17.92551
JVASP-18948,0,Sn,0.0,0.3516471,0.3516471
JVASP-18948,1,Pd,67.062126,1.2606716,66.38814
JVASP-18948,2,Pd,67.062126,1.2606716,68.321304
JVASP-18948,3,Pd,67.062126,1.2606716,66.49489
JVASP-37663,0,Pr,0.9381545,0.15513597,0.7899399
JVASP-37663,1,Pr,0.9381545,0.15513597,0.7899399
JVASP-37663,2,H,1.1504437,0.39483958,0.766242
JVASP-37663,3,H,1.1504437,0.39483958,0.766242
JVASP-37663,4,H,2.1318724,0.39483958,2.5207684
JVASP-37663,5,H,1.1504437,0.39483958,0.766242
JVASP-37663,6,H,1.1504437,0.39483958,0.766242
JVASP-37663,7,H,2.1318724,0.39483958,2.5207684
JVASP-38405,0,Pr,86.94709,0.14378747,86.80892
JVASP-38405,1,Pr,86.94709,0.14378747,86.80892
JVASP-38405,2,H,1.6864738,0.14892045,1.8155711
JVASP-38405,3,H,1.6864738,0.14892045,1.8155711
JVASP-65275,0,Mn,4.9479723,0.26633787,5.2107706
JVASP-65275,1,Be,5.976759,0.2459288,5.7366676
JVASP-65275,2,Pd,86.35432,0.43236798,85.94051
JVASP-68224,0,Be,0.049866486,0.3759075,0.42499158
JVASP-68224,1,Mn,10.5622,0.256275,10.8174715
JVASP-68224,2,Pd,81.94523,0.7216341,82.66283
JVASP-68224,3,Pd,46.660328,0.7216341,47.377956
JVASP-19946,0,U,0.0,0.6885611,0.6885611
JVASP-19946,1,Al,37.936066,0.21177524,37.787952
JVASP-19946,2,Al,37.936066,0.21177524,38.1405
JVASP-19946,3,Al,37.936066,0.21177524,37.880634
JVASP-55099,0,U,85.96835,0.66840535,85.70936
JVASP-55099,1,U,85.96835,0.66840535,85.70936
JVASP-55099,2,Al,9.00838,0.24980761,9.056562
JVASP-55099,3,Al,9.00875,0.24980737,9.157066
JVASP-55099,4,Al,9.008374,0.24980737,9.156675
JVASP-55099,5,Al,34.403893,0.2178371,34.32975
JVASP-55099,6,Al,9.00864,0.24980761,9.056817
JVASP-55099,7,Al,24.576324,0.17792737,24.532352
JVASP-55099,8,Al,24.576324,0.17792737,24.532352
JVASP-55099,9,Al,34.403385,0.21783607,34.500507
JVASP-34236,0,Be,1.0822939,0.6829385,1.5413097
JVASP-34236,1,O,20.692165,1.873003,21.925533
JVASP-34236,2,O,20.692644,1.8730096,21.895107
JVASP-34236,3,Be,1.0831873,0.68293685,1.5420642
JVASP-34236,4,O,20.687986,1.8730139,20.562181
JVASP-34236,5,O,20.68779,1.8730173,20.72818
JVASP-34236,6,Zn,48.015385,0.5961739,48.323532
JVASP-34236,7,Zn,48.014004,0.5961739,48.322166
JVASP-37873,0,Be,0.0,0.6936965,0.6936965
JVASP-37873,1,Zn,0.0,0.87695885,0.87695885
JVASP-37873,2,O,84.74581,1.7516292,86.4912
JVASP-37873,3,O,84.74581,1.7516292,83.75833
JVASP-37873,4,O,84.74581,1.7516292,84.01532
JVASP-67568,0,Li,1.3415039,0.19165373,1.530206
JVASP-67568,1,Ti,84.36206,0.37412193,83.98834
JVASP-67568,2,Be,6.383717,0.31002548,6.426959
JVASP-67568,3,Be,6.383717,0.31002548,6.339641
JVASP-68039,0,Li,0.47683403,0.2300754,0.25691408
JVASP-68039,1,Ti,10.7998,0.6243244,10.183657
JVASP-68039,2,Ti,6.4544053,0.5289225,5.9320283
JVASP-68039,3,Be,0.6025745,0.34611118,0.9437085
JVASP-36132,0,Hf,0.0,0.43130192,0.43130192
JVASP-36132,1,Os,83.64028,0.7928994,84.40828
JVASP-36132,2,Os,83.640274,0.7928994,83.09228
JVASP-36132,3,Os,83.640274,0.7928994,83.42595
JVASP-16541,0,Hf,0.0,0.46141762,0.46141762
JVASP-16541,1,Os,0.0,0.99136436,0.99136436
JVASP-35275,0,Ho,36.8342,0.6914951,37.52433
JVASP-35275,1,Ho,36.8342,0.6914951,37.52433
JVASP-35275,2,Cu,2.7647095,2.1431801,0.66888314
JVASP-35275,3,Cu,2.7647095,2.1431801,0.66888314
JVASP-35275,4,Sn,82.53188,0.6801361,83.0375
JVASP-35275,5,Sn,82.53188,0.6801361,83.0375
JVASP-35897,0,Ho,43.12939,0.5967547,43.7247
JVASP-35897,1,Ho,43.12939,0.5967547,43.7247
JVASP-35897,2,Cu,37.996487,2.1787965,35.825493
JVASP-35897,3,Cu,37.996487,2.1787965,35.825493
JVASP-35897,4,Sn,42.471703,1.0615853,43.375576
JVASP-35897,5,Sn,42.471703,1.0615853,43.375576
JVASP-16023,0,Y,17.996403,0.042097148,17.961035
JVASP-16023,1,Y,17.996403,0.042097148,17.961035
JVASP-16023,2,Cu,81.76765,2.3768053,79.397415
JVASP-16023,3,Cu,81.76765,2.3768053,79.397415
JVASP-16023,4,Si,3.4341846,0.67696744,4.096682
JVASP-16023,5,Si,3.4341846,0.67696744,4.096682
JVASP-15196,0,Si,13.786097,0.9694926,14.418098
JVASP-15196,1,Si,13.786097,0.9694926,14.418098
JVASP-15196,2,Cu,15.554767,1.4859254,16.54285
JVASP-15196,3,Cu,15.554767,1.4859254,16.54285
JVASP-15196,4,Y,15.397071,0.19086543,15.280747
JVASP-15566,0,Er,81.1271,0.29057646,81.413414
JVASP-15566,1,Er,81.1271,0.29057646,81.413414
JVASP-15566,2,Si,4.084116,0.9152406,4.978423
JVASP-15566,3,Si,4.084116,0.9152406,4.978423
JVASP-15566,4,Si,4.084116,0.9152406,4.978423
JVASP-15566,5,Si,4.084116,0.9152406,4.978423
JVASP-15566,6,Rh,2.789969,1.3425658,4.132179
JVASP-15566,7,Rh,2.789969,1.3425658,4.132179
JVASP-15566,8,Rh,2.789969,1.3425658,4.132179
JVASP-15566,9,Rh,2.789969,1.3425658,4.132179
JVASP-56262,0,Er,51.080433,0.11958957,50.97098
JVASP-56262,1,Si,52.06554,0.5849174,51.499996
JVASP-56262,2,Si,52.06554,0.5849174,51.499996
JVASP-56262,3,Rh,55.185093,1.0307523,54.31103
JVASP-56262,4,Rh,55.18738,1.0307505,54.29493
JVASP-56262,5,Rh,55.185093,1.0307523,54.313915
JVASP-37699,0,K,0.4498896,0.47564417,0.076654725
JVASP-37699,1,K,0.4498896,0.47564417,0.076654725
JVASP-37699,2,Nd,24.268726,0.056137066,24.220478
JVASP-37699,3,Nd,24.268726,0.056137066,24.220478
JVASP-37699,4,Nd,80.580864,0.056137066,80.62913
JVASP-37699,5,Nd,24.268726,0.056137066,24.220478
JVASP-37699,6,Nd,24.268726,0.056137066,24.220478
JVASP-37699,7,Nd,80.580864,0.056137066,80.62913
JVASP-38432,0,K,6.024324,0.17482065,5.850984
JVASP-38432,1,K,6.0241823,0.17482065,6.048508
JVASP-38432,2,K,6.0241823,0.17482065,6.0452785
JVASP-38432,3,K,6.024324,0.17482065,5.850984
JVASP-38432,4,K,6.0241823,0.17482065,6.048508
JVASP-38432,5,K,6.0241823,0.17482065,6.0452785
JVASP-38432,6,Nd,8.347045,0.4791534,8.818629
JVASP-38432,7,Nd,8.346636,0.4791534,8.818229
JVASP-15295,0,Mn,16.398497,0.1449829,16.497704
JVASP-15295,1,Mn,16.398497,0.1449829,16.497704
JVASP-15295,2,Ge,75.478516,1.4124727,76.41198
JVASP-15295,3,Ge,75.478516,1.4124727,76.41198
JVASP-15295,4,Tm,75.600655,0.26226714,75.78687
JVASP-16634,0,Tm,27.379467,0.7668769,27.666428
JVASP-16634,1,Tm,27.372297,0.76687646,27.705843
JVASP-16634,2,Tm,27.379467,0.7668769,27.629879
JVASP-16634,3,Mn,27.164032,0.18087175,26.983686
JVASP-16634,4,Mn,27.163586,0.18087168,27.018879
JVASP-16634,5,Mn,27.163586,0.18087168,27.018726
JVASP-16634,6,Ge,79.52391,1.1737714,78.39895
JVASP-16634,7,Ge,79.52391,1.1737714,78.39895
JVASP-16634,8,Ge,49.86304,1.0843736,48.83227
JVASP-67082,0,Be,7.154959,0.27041352,7.4185896
JVASP-67082,1,Be,7.154959,0.27041352,7.4185896
JVASP-67082,2,Ga,78.97971,0.70663834,79.678764
JVASP-67082,3,Ga,78.97971,0.70663834,79.678764
JVASP-67082,4,Ru,58.114147,0.2009456,57.940468
JVASP-67082,5,Ru,58.114147,0.2009456,57.940468
JVASP-67950,0,Be,3.3084452,0.36518466,3.6675236
JVASP-67950,1,Ga,37.984238,0.48261273,37.514038
JVASP-67950,2,Ru,35.18447,0.108405404,35.216984
JVASP-67950,3,Ru,37.865845,0.108405404,37.89835
JVASP-35865,0,Er,59.191105,0.72040343,59.909866
JVASP-35865,1,Er,59.191105,0.72040343,59.909866
JVASP-35865,2,Zn,77.7762,2.1684978,75.615654
JVASP-35865,3,Zn,77.7762,2.1684978,75.615654
JVASP-35865,4,Ga,45.391087,0.13274458,45.435944
JVASP-35865,5,Ga,45.391087,0.13274458,45.435944
JVASP-35869,0,Er,66.52692,0.77884597,67.30415
JVASP-35869,1,Er,66.52692,0.77884597,67.30415
JVASP-35869,2,Zn,44.965282,2.131903,42.84466
JVASP-35869,3,Zn,44.965282,2.131903,42.84466
JVASP-35869,4,Ga,46.54194,0.09898254,46.489433
JVASP-35869,5,Ga,46.54194,0.09898254,46.489433
JVASP-35544,0,Sr,9.586895,0.19719851,9.394761
JVASP-35544,1,Sr,9.586895,0.19719851,9.394761
JVASP-35544,2,Sr,9.586895,0.19719851,9.394761
JVASP-35544,3,Sr,9.586895,0.19719851,9.394761
JVASP-35544,4,Cu,51.647488,2.375166,49.28331
JVASP-35544,5,Cu,51.647488,2.375166,49.28331
JVASP-35544,6,Cu,51.807934,2.375166,49.44379
JVASP-35544,7,Cu,51.807934,2.375166,49.44379
JVASP-8017,0,Sr,77.23853,0.22081012,77.01783
JVASP-8017,1,Cu,55.11812,1.8646648,55.678307
JVASP-8017,2,Cu,40.941998,1.7668555,42.700577
JVASP-8017,3,Cu,40.941998,1.7668555,42.700577
JVASP-8017,4,Cu,55.12293,1.8646665,55.44127
JVASP-8017,5,Cu,55.12293,1.8646665,55.437782
JVASP-37736,0,K,12.767556,0.38422444,12.384428
JVASP-37736,1,K,12.767556,0.38422444,12.384428
JVASP-37736,2,K,25.788229,0.38422444,26.171404
JVASP-37736,3,K,12.767556,0.38422444,12.384428
JVASP-37736,4,K,12.767556,0.38422444,12.384428
JVASP-37736,5,K,25.788229,0.38422444,26.171404
JVASP-37736,6,In,76.20934,0.7727059,75.5356
JVASP-37736,7,In,76.20934,0.7727059,75.5356
JVASP-37737,0,K,28.632084,0.17482065,28.713074
JVASP-37737,1,K,28.632084,0.17482065,28.458448
JVASP-37737,2,K,28.632086,0.17482065,28.725544
JVASP-37737,3,In,0.0,0.30342346,0.30342346
JVASP-19858,0,Tb,0.0,0.38541216,0.38541216
JVASP-19858,1,Zn,0.0,1.1515013,1.1515013
JVASP-14505,0,Zn,60.19355,2.0626707,59.77891
JVASP-14505,1,Zn,60.19355,2.0626707,59.77891
JVASP-14505,2,Zn,60.193993,2.062671,60.14726
JVASP-14505,3,Zn,60.193993,2.062671,60.14726
JVASP-14505,4,Tb,82.52875,0.36119732,82.51758
JVASP-14505,5,Tb,82.52875,0.36119732,82.51758
JVASP-36797,0,Cu,25.37909,0.2176689,25.236658
JVASP-36797,1,Cu,25.37909,0.2176689,25.224258
JVASP-36797,2,Pd,62.32076,0.20881069,62.41154
JVASP-36797,3,Pd,62.32076,0.20881069,62.415047
JVASP-36797,4,O,32.41001,1.1167614,31.471346
JVASP-36797,5,O,32.41001,1.1167614,31.465996
JVASP-36797,6,O,32.41001,1.1167614,31.471346
JVASP-36797,7,O,32.41001,1.1167614,31.465996
JVASP-36763,0,Cu,51.175037,0.22165546,51.35861
JVASP-36763,1,Pd,78.259766,0.21948092,78.47352
JVASP-36763,2,O,20.452421,1.117764,20.019651
JVASP-36763,3,O,20.452421,1.117764,20.019651
JVASP-82091,0,Ca,37.81284,0.3346376,37.892124
JVASP-82091,1,Y,74.36069,0.16235015,74.376656
JVASP-82091,2,Zn,12.593012,2.239825,12.410709
JVASP-82091,3,Zn,12.593012,2.239825,12.410709
JVASP-85096,0,Ca,38.870926,0.33463788,38.698994
JVASP-85096,1,Ca,38.870926,0.33463788,38.698994
JVASP-85096,2,Y,76.00994,0.16235016,75.86371
JVASP-85096,3,Y,76.00994,0.16235016,75.86371
JVASP-85096,4,Zn,13.560628,2.2398255,15.747359
JVASP-85096,5,Zn,13.560628,2.2398255,15.747359
JVASP-85096,6,Zn,13.560628,2.2398255,15.747359
JVASP-85096,7,Zn,13.560628,2.2398255,15.747359
JVASP-66863,0,Zr,13.869012,0.067739815,13.815176
JVASP-66863,1,Be,3.2174144,0.26503664,2.9633915
JVASP-66863,2,Pd,71.64513,0.61113983,72.237625
JVASP-67811,0,Zr,40.134888,0.1250373,40.01057
JVASP-67811,1,Be,2.353635,0.34965175,2.6086066
JVASP-67811,2,Be,2.353635,0.34965175,2.5298011
JVASP-67811,3,Pd,43.9316,1.0383737,42.893288
JVASP-15606,0,Y,80.55743,0.10612268,80.57743
JVASP-15606,1,Y,80.557175,0.10612283,80.50827
JVASP-15606,2,Y,80.55743,0.10612268,80.57902
JVASP-15606,3,Mg,5.28482,0.48844635,5.6806326
JVASP-15606,4,Mg,5.2811093,0.48844707,5.6365976
JVASP-15606,5,Mg,5.28482,0.48844635,5.698729
JVASP-15606,6,Ga,48.785263,0.070079476,48.81565
JVASP-15606,7,Ga,48.785263,0.070079476,48.81565
JVASP-15606,8,Ga,22.880682,0.1045347,22.973236
JVASP-81395,0,Y,61.19973,0.054889616,61.17952
JVASP-81395,1,Y,61.19973,0.054889616,61.17952
JVASP-81395,2,Mg,26.87196,0.4879941,26.393953
JVASP-81395,3,Ga,40.059208,0.108792976,40.063553
JVASP-37211,0,Si,69.39895,0.57789034,69.97541
JVASP-37211,1,Si,69.39895,0.57789034,69.97541
JVASP-37211,2,B,21.065613,1.396505,22.461206
JVASP-37211,3,B,21.065613,1.396505,22.461206
JVASP-8134,0,Si,0.0,0.11629129,0.11629129
JVASP-8134,1,B,25.50572,0.9806511,25.055815
JVASP-8134,2,B,25.50572,0.9806511,25.055815
JVASP-8134,3,B,25.50572,0.9806511,26.485579
JVASP-8134,4,B,25.50572,0.9806511,26.485579
JVASP-8134,5,B,25.50572,0.9806511,25.004608
JVASP-8134,6,B,25.50572,0.9806511,25.004608
JVASP-40437,0,Tc,8.916959,0.20167562,8.744859
JVASP-40437,1,Tc,8.917367,0.20167562,8.745275
JVASP-40437,2,Ir,31.110758,0.9020094,31.85019
JVASP-40437,3,Ir,31.110758,0.9020094,31.86814
JVASP-40437,4,Ir,31.11034,0.9020113,32.002533
JVASP-40437,5,Ir,31.110758,0.9020094,31.85019
JVASP-40437,6,Ir,31.110758,0.9020094,31.86814
JVASP-40437,7,Ir,31.11034,0.9020113,32.002533
JVASP-42038,0,Tc,41.459564,0.18684009,41.33706
JVASP-42038,1,Tc,41.46038,0.18683991,41.276623
JVASP-42038,2,Tc,41.459564,0.18684009,41.335876
JVASP-42038,3,Tc,41.4598,0.18684009,41.33729
JVASP-42038,4,Tc,41.46038,0.18683991,41.276623
JVASP-42038,5,Tc,41.4598,0.18684009,41.33611
JVASP-42038,6,Ir,67.73574,0.8962889,68.59694
JVASP-42038,7,Ir,67.73574,0.8962889,68.59694
JVASP-22554,0,O,30.917526,1.4282995,29.684418
JVASP-22554,1,O,30.91824,1.4283004,29.685122
JVASP-22554,2,Fe,14.213641,0.25011218,13.995152
JVASP-22554,3,Cu,67.4508,0.09799925,67.48016
JVASP-26975,0,O,31.479359,1.4235564,30.250208
JVASP-26975,1,O,31.47998,1.4235548,30.250818
JVASP-26975,2,Fe,12.097026,0.24792945,11.88047
JVASP-26975,3,Cu,66.74254,0.097269595,66.76953
JVASP-11322,0,Ca,10.263385,0.016261153,10.26509
JVASP-11322,1,Ca,10.2646055,0.01626182,10.2663
JVASP-11322,2,Ti,14.2695875,0.30057275,14.563795
JVASP-11322,3,Ti,14.2696295,0.3006104,14.563928
JVASP-11322,4,F,37.44348,1.4548814,37.57028
JVASP-11322,5,F,37.452747,1.4548403,37.57983
JVASP-11322,6,F,37.454067,1.4548906,37.581085
JVASP-11322,7,F,37.438255,1.4546328,37.601376
JVASP-11322,8,F,37.4422,1.4549567,37.56897
JVASP-11322,9,F,37.45496,1.4550562,37.617996
JVASP-11322,10,F,37.451397,1.4550995,37.61474
JVASP-11322,11,F,37.443714,1.4546852,37.60676
JVASP-8319,0,Ca,7.16188,0.19712815,7.061038
JVASP-8319,1,Ti,6.020732,0.31240898,5.871751
JVASP-8319,2,F,66.53645,2.9488564,68.09617
JVASP-8319,3,F,66.53615,2.9488568,65.02063
JVASP-8319,4,F,66.5361,2.9488568,66.59823
JVASP-8319,5,F,66.53615,2.9488568,65.02063
JVASP-8319,6,F,66.53645,2.9488564,68.09617
JVASP-8319,7,F,66.5361,2.9488568,66.59823
JVASP-35798,0,Al,6.549119,0.050195113,6.526628
JVASP-35798,1,Tc,9.401959,0.20777029,9.194638
JVASP-35798,2,Tc,9.401959,0.20777029,9.194638
JVASP-40439,0,Al,10.694473,0.09785911,10.628378
JVASP-40439,1,Al,10.694473,0.09785911,10.628378
JVASP-40439,2,Al,42.911793,0.09785911,42.978195
JVASP-40439,3,Al,10.694473,0.09785911,10.628378
JVASP-40439,4,Al,10.694473,0.09785911,10.628378
JVASP-40439,5,Al,42.911793,0.09785911,42.978195
JVASP-40439,6,Tc,65.43077,0.08656785,65.39245
JVASP-40439,7,Tc,65.43077,0.08656785,65.39245
JVASP-15992,0,Zr,46.587444,0.09643502,46.516586
JVASP-15992,1,Zr,46.587616,0.096435346,46.560196
JVASP-15992,2,Zr,46.587616,0.096435346,46.561142
JVASP-15992,3,Cu,64.733894,1.7897526,66.52149
JVASP-15992,4,Cu,34.136147,1.7273858,35.849583
JVASP-15992,5,Cu,34.136147,1.7273858,35.85006
JVASP-15992,6,Cu,34.127728,1.7273803,35.81922
JVASP-15992,7,Si,26.701889,0.84979343,25.876348
JVASP-15992,8,Si,26.701889,0.84979343,25.876348
JVASP-7933,0,Zr,1.0843074,0.04239247,1.0697068
JVASP-7933,1,Zr,1.0843074,0.04239247,1.0697068
JVASP-7933,2,Cu,4.9381714,1.3125021,3.6270158
JVASP-7933,3,Cu,4.9381714,1.3125021,3.6270158
JVASP-7933,4,Si,48.230453,0.7791098,48.983913
JVASP-7933,5,Si,48.230453,0.7791098,48.983913
JVASP-7933,6,Si,61.24949,0.8558872,60.415867
JVASP-7933,7,Si,61.24949,0.8558872,60.415867
JVASP-65707,0,Ba,6.238034,0.19280727,6.4251723
JVASP-65707,1,Pd,66.25351,1.2574995,65.16713
JVASP-65707,2,Pd,66.25351,1.2574995,65.21849
JVASP-65707,3,Rh,38.20796,1.044013,39.25074
JVASP-69328,0,Ba,9.0974045,0.19791596,8.905449
JVASP-69328,1,Pd,63.68755,1.2662188,64.9528
JVASP-69328,2,Rh,57.164795,1.0508947,57.251293
JVASP-69328,3,Rh,57.164795,1.0508947,57.146763
JVASP-15476,0,S,46.488945,2.7785757,45.59315
JVASP-15476,1,S,65.489655,2.4250917,66.80423
JVASP-15476,2,S,46.488945,2.7785757,45.59315
JVASP-15476,3,S,65.489655,2.4250917,66.80423
JVASP-15476,4,V,28.69562,0.42868465,28.371338
JVASP-15476,5,V,28.69562,0.42868465,28.371338
JVASP-15476,6,Ni,41.84786,1.9144791,40.59593
JVASP-53665,0,V,35.361954,0.23222433,35.218594
JVASP-53665,1,V,34.456955,0.29213363,34.27898
JVASP-53665,2,V,34.456955,0.29213363,34.27898
JVASP-53665,3,Ni,4.673816,1.885805,3.8372085
JVASP-53665,4,S,58.31444,2.4777331,56.933727
JVASP-53665,5,S,58.313206,2.4777348,58.989708
JVASP-53665,6,S,58.314735,2.4777348,57.652046
JVASP-53665,7,S,58.314735,2.4777348,57.652046
JVASP-53665,8,S,58.313206,2.4777348,58.989708
JVASP-53665,9,S,58.31444,2.4777331,56.933727
JVASP-69103,0,Ba,20.529991,0.065227844,20.482578
JVASP-69103,1,Sr,32.923004,0.23088257,32.93374
JVASP-69103,2,Sr,32.923004,0.23088257,32.94601
JVASP-69103,3,Li,1.060629,0.29867303,1.3548678
JVASP-69239,0,Ba,62.09048,0.057590142,62.109787
JVASP-69239,1,Sr,7.6807833,0.18863855,7.4935746
JVASP-69239,2,Li,0.5192244,0.29844624,0.6438814
JVASP-69239,3,Li,0.5192244,0.29844624,0.56568176
JVASP-17183,0,Ba,5.505637,0.12910405,5.630243
JVASP-17183,1,Al,5.4566464,0.46198446,5.9056144
JVASP-17183,2,Si,1.2406667,0.7771282,2.0074768
JVASP-16166,0,Al,14.574669,0.4449036,14.34086
JVASP-16166,1,Al,14.574669,0.4449036,14.34086
JVASP-16166,2,Si,4.892852,0.80831474,4.390258
JVASP-16166,3,Si,4.892852,0.80831474,4.390258
JVASP-16166,4,Ba,66.050385,0.12222963,65.94398
JVASP-16166,5,Ba,29.002565,0.079264395,29.05362
JVASP-16166,6,Ba,29.002565,0.079264395,29.05362
JVASP-3651,0,F,227.41162,2.6449978,226.23714
JVASP-3651,1,F,227.41162,2.6449978,226.2145
JVASP-3651,2,F,372.61813,3.6398494,369.9689
JVASP-3651,3,F,372.61813,3.6398494,369.94485
JVASP-3651,4,F,349.90784,2.883088,350.24957
JVASP-3651,5,F,349.90784,2.883088,350.27185
JVASP-3651,6,Br,1869.6094,5.366961,1871.9927
JVASP-3651,7,Br,1869.6094,5.366961,1871.9928
JVASP-80254,0,K,34.557922,0.1732583,34.47691
JVASP-80254,1,K,34.557922,0.1732583,34.47691
JVASP-80254,2,K,34.557922,0.1732583,34.47691
JVASP-80254,3,K,34.557922,0.1732583,34.47691
JVASP-80254,4,Rb,81.53433,0.27425513,81.80171
JVASP-80254,5,Rb,81.53433,0.27425513,81.80171
JVASP-80254,6,Bi,1607.9141,1.015037,1606.9338
JVASP-80254,7,Bi,1607.9141,1.015037,1606.9338
JVASP-78831,0,U,1424.7616,0.70169854,1424.5204
JVASP-78831,1,U,1424.7616,0.70169854,1424.5204
JVASP-78831,2,V,65.05129,0.2712603,65.07884
JVASP-78831,3,V,65.05129,0.2712603,65.07884
JVASP-78831,4,V,65.05129,0.2712603,65.07884
JVASP-78831,5,V,65.05129,0.2712603,65.07884
JVASP-38655,0,K,33.77397,0.3619251,34.13228
JVASP-38655,1,K,33.77397,0.3619251,34.13228
JVASP-38655,2,Pt,1314.4161,2.1827407,1316.5724
JVASP-38655,3,C,69.48835,1.3270781,70.81123
JVASP-38655,4,C,69.48835,1.3270781,70.81123
JVASP-5437,0,C,38.30563,1.4891849,37.431293
JVASP-5437,1,C,38.30563,1.4891849,37.431293
JVASP-5437,2,Br,1120.9884,5.682568,1119.4437
JVASP-5437,3,Br,1120.9884,5.682568,1119.4437
JVASP-5437,4,N,95.40315,2.0829158,94.17699
JVASP-5437,5,N,95.40315,2.0829158,94.17699
JVASP-81217,0,Sr,26.098345,0.14415136,26.209936
JVASP-81217,1,Sr,26.098345,0.14415136,26.209936
JVASP-81217,2,Hg,188.30856,1.9956027,187.52179
JVASP-81217,3,Hg,188.30856,1.9956027,187.52179
JVASP-81217,4,Hg,188.30856,1.9956027,187.52179
JVASP-81217,5,Hg,188.30856,1.9956027,187.52179
JVASP-81217,6,Bi,1052.5905,0.9558265,1053.1353
JVASP-81217,7,Bi,1052.5905,0.9558265,1053.1353
JVASP-5257,0,Ga,15.347338,0.07316398,15.40922
JVASP-5257,1,Ga,15.347338,0.07316398,15.391749
JVASP-5257,2,Se,199.00172,2.2164192,197.66695
JVASP-5257,3,Se,199.00172,2.2164192,197.66222
JVASP-5257,4,Br,935.27686,3.993254,935.42224
JVASP-5257,5,Br,935.27686,3.993254,935.4039
JVASP-5257,6,Br,440.25397,4.889324,438.8836
JVASP-5257,7,Br,440.25397,4.889324,438.87085
JVASP-5257,8,Br,429.9397,4.9292545,432.13037
JVASP-5257,9,Br,429.9397,4.9292545,432.10373
JVASP-5257,10,Br,421.32782,3.8613265,422.65854
JVASP-5257,11,Br,421.32782,3.8613265,422.6819
JVASP-5257,12,Br,466.26004,4.044803,463.6277
JVASP-5257,13,Br,466.26004,4.044803,463.62384
JVASP-5257,14,Br,911.242,4.5044975,909.69073
JVASP-5257,15,Br,911.242,4.5044975,909.6851
JVASP-5257,16,Br,1002.35175,2.9239812,1002.51105
JVASP-5257,17,Br,1002.35175,2.9239812,1002.473
JVASP-33798,0,Se,962.68567,2.9787238,964.0912
JVASP-33798,1,Se,962.68567,2.9787238,964.0686
JVASP-33798,2,I,848.56085,4.9137273,850.64124
JVASP-33798,3,I,848.56085,4.9137273,850.64124
JVASP-33798,4,I,848.56085,4.9137273,850.6371
JVASP-33798,5,I,848.56085,4.9137273,850.6371
JVASP-3999,0,Na,6.06733,0.36834526,6.3799458
JVASP-3999,1,Na,22.737825,0.32721248,23.014824
JVASP-3999,2,Na,6.06733,0.36834526,6.3799458
JVASP-3999,3,Na,22.737825,0.32721248,23.014824
JVASP-3999,4,P,84.92429,0.5023507,85.33857
JVASP-3999,5,P,84.92429,0.5023507,85.33857
JVASP-3999,6,Hg,950.7734,2.6002405,952.9459
JVASP-2475,0,O,186.23463,2.5441213,184.21562
JVASP-2475,1,O,186.23463,2.5441213,184.21562
JVASP-2475,2,K,32.861206,0.16708668,32.99324
JVASP-2475,3,K,32.861206,0.16708668,32.99324
JVASP-2475,4,Hg,935.1814,1.7530909,936.4763
JVASP-65626,0,Ba,219.34767,0.10033019,219.44766
JVASP-65626,1,Sb,1040.6587,4.037325,1043.5293
JVASP-65626,2,Br,391.67868,4.302578,395.86978
JVASP-65626,3,Br,62.474903,4.3329577,66.71206
JVASP-13048,0,Te,647.5077,4.2553887,648.3987
JVASP-13048,1,Te,647.50684,4.255392,648.3994
JVASP-13048,2,Te,647.5077,4.2553887,648.3987
JVASP-13048,3,Te,647.50684,4.255392,648.3994
JVASP-13048,4,Te,899.30743,5.171243,900.61664
JVASP-13048,5,Te,899.30743,5.171243,900.61664
JVASP-13048,6,Tl,83.74399,1.1457824,84.18102
JVASP-13048,7,Tl,83.74507,1.1457825,84.20213
JVASP-13048,8,Tl,83.74399,1.1457824,84.18102
JVASP-13048,9,Tl,83.74507,1.1457825,84.20213
JVASP-5815,0,Ga,78.972176,0.102652594,78.984276
JVASP-5815,1,Ga,78.972176,0.102652594,78.984276
JVASP-5815,2,Pd,142.75966,2.341703,142.55156
JVASP-5815,3,I,725.3769,4.3176756,725.1237
JVASP-5815,4,I,725.3768,4.3176756,726.35547
JVASP-5815,5,I,824.1623,3.0760663,822.309
JVASP-5815,6,I,824.1623,3.0760663,822.309
JVASP-5815,7,I,725.3768,4.3176756,726.35547
JVASP-5815,8,I,725.3769,4.3176756,725.1237
JVASP-5815,9,I,870.0368,3.7018163,872.30743
JVASP-5815,10,I,870.0368,3.7018163,872.30743
JVASP-29404,0,Hg,755.8774,2.4720707,756.75507
JVASP-29404,1,Hg,754.2693,2.4680402,752.6314
JVASP-29404,2,Hg,754.2693,2.4680402,752.62195
JVASP-29404,3,Hg,848.74585,2.4903529,849.8676
JVASP-29404,4,Hg,755.8774,2.4720707,756.74225
JVASP-29404,5,Hg,848.74585,2.4903529,849.8676
JVASP-29404,6,Hg,754.2693,2.4680402,752.62195
JVASP-29404,7,Hg,755.8774,2.4720707,756.74225
JVASP-29404,8,Hg,755.8774,2.4720707,756.75507
JVASP-29404,9,Hg,754.2693,2.4680402,752.6314
JVASP-29404,10,Hg,848.74585,2.4903529,849.8674
JVASP-29404,11,Hg,848.74585,2.4903529,849.8674
JVASP-29404,12,Sb,232.189,3.5555289,233.63902
JVASP-29404,13,Sb,232.189,3.5555289,233.6492
JVASP-29404,14,Sb,232.189,3.5555289,233.63902
JVASP-29404,15,Sb,232.189,3.5555289,233.6492
JVASP-29404,16,As,84.83609,1.8405552,85.95623
JVASP-29404,17,As,84.83609,1.8405552,85.94056
JVASP-29404,18,As,84.83609,1.8405552,85.95623
JVASP-29404,19,As,84.83609,1.8405552,85.94056
JVASP-29404,20,S,156.15831,1.6955479,155.94818
JVASP-29404,21,S,143.5943,1.3582315,144.18494
JVASP-29404,22,S,156.15831,1.6955479,155.93497
JVASP-29404,23,S,152.56738,2.0504005,152.71507
JVASP-29404,24,S,156.15831,1.6955479,155.93497
JVASP-29404,25,S,143.5943,1.3582315,144.18494
JVASP-29404,26,S,152.56738,2.0504005,152.7142
JVASP-29404,27,S,143.5943,1.3582315,144.1872
JVASP-29404,28,S,143.5943,1.3582315,144.1872
JVASP-29404,29,S,152.56738,2.0504005,152.7142
JVASP-29404,30,S,152.56738,2.0504005,152.71507
JVASP-29404,31,S,156.15831,1.6955479,155.94818
JVASP-35272,0,Yb,18.620687,1.6081376,18.660576
JVASP-35272,1,Yb,18.620687,1.6081376,18.660576
JVASP-35272,2,Bi,889.93384,0.96934736,890.83124
JVASP-35272,3,Bi,889.93384,0.96934736,890.83124
JVASP-35272,4,Bi,652.4227,0.95797175,651.5345
JVASP-35272,5,Bi,652.4227,0.95797175,651.5345
JVASP-63069,0,Pu,811.73395,0.50754607,811.25305
JVASP-63069,1,B,1.4880652,0.31463215,1.1869208
JVASP-63069,2,B,1.4880652,0.31463215,1.1869208
JVASP-63069,3,Rh,57.28368,1.114699,57.893406
JVASP-63069,4,Rh,57.28084,1.1147014,57.90044
JVASP-63069,5,Rh,57.28084,1.1147014,57.89446
JVASP-79718,0,Li,2.2535346,0.16341762,2.0926461
JVASP-79718,1,Li,2.2535346,0.16341762,2.0926461
JVASP-79718,2,Li,2.2535346,0.16341762,2.0926461
JVASP-79718,3,Li,2.2535346,0.16341762,2.0926461
JVASP-79718,4,Sn,379.28027,0.87124926,378.54395
JVASP-79718,5,Sn,379.28027,0.87124926,378.54395
JVASP-79718,6,Bi,804.7552,1.0245303,805.1913
JVASP-79718,7,Bi,804.7552,1.0245303,805.1913
JVASP-67582,0,K,22.923141,0.42392084,22.501293
JVASP-67582,1,Be,3.1279984,0.06876829,3.0692966
JVASP-67582,2,Pb,795.90045,1.1136652,796.68176
JVASP-67582,3,Pb,344.7812,1.1796361,343.8638
JVASP-24214,0,P,74.56441,2.038836,75.35702
JVASP-24214,1,P,74.56441,2.038836,75.35702
JVASP-24214,2,P,97.17267,2.0635843,97.47943
JVASP-24214,3,P,97.1722,2.0635853,96.65264
JVASP-24214,4,P,97.1722,2.0635853,96.65264
JVASP-24214,5,P,97.17267,2.0635843,97.47943
JVASP-24214,6,Au,784.2519,1.7228273,783.6613
JVASP-24214,7,Au,784.2519,1.7228273,783.6613
JVASP-24214,8,Au,726.9361,1.2662537,727.35547
JVASP-24214,9,Au,726.9386,1.266254,727.19995
JVASP-1534,0,S,74.03548,1.913592,75.6938
JVASP-1534,1,S,74.04896,1.913598,75.70728
JVASP-1534,2,Cr,18.08447,0.08322837,18.01694
JVASP-1534,3,Au,752.92377,2.7724621,755.37714
JVASP-81840,0,Ba,192.19913,0.13159005,192.32913
JVASP-81840,1,Na,5.8532662,0.37635547,5.711007
JVASP-81840,2,Na,5.8532662,0.37635547,5.711007
JVASP-81840,3,Pb,763.6475,0.99434173,762.76355
JVASP-80424,0,Ta,721.6258,0.5040283,721.56396
JVASP-80424,1,Ta,721.6258,0.5040283,721.56396
JVASP-80424,2,Cu,67.878654,2.000148,68.39698
JVASP-80424,3,Os,459.82962,1.5612872,459.97885
JVASP-18019,0,Yb,7.6987543,0.98908734,8.686688
JVASP-18019,1,Yb,7.6987543,0.98908734,8.686688
JVASP-18019,2,Yb,17.861683,0.9869462,18.847551
JVASP-18019,3,Li,0.93203753,0.3302578,1.2575653
JVASP-18019,4,Li,1.7636349,0.3699754,2.127288
JVASP-18019,5,Li,0.93203753,0.3302578,1.2575653
JVASP-18019,6,Pb,699.6114,1.2177397,698.6063
JVASP-18019,7,Pb,699.6114,1.2177397,698.6063
JVASP-18019,8,Pb,212.29196,1.2594876,211.22702
JVASP-29223,0,O,201.54541,1.9166555,200.69836
JVASP-29223,1,O,201.54541,1.9166555,200.72179
JVASP-29223,2,O,201.54541,1.9166555,200.69836
JVASP-29223,3,O,201.54541,1.9166555,200.72179
JVASP-29223,4,O,209.49083,1.7898768,209.54062
JVASP-29223,5,O,209.49083,1.7898768,209.50809
JVASP-29223,6,O,209.49083,1.7898768,209.54062
JVASP-29223,7,O,209.49083,1.7898768,209.50809
JVASP-29223,8,O,181.66621,2.086954,181.56616
JVASP-29223,9,O,181.66621,2.086954,181.57947
JVASP-29223,10,O,181.66621,2.086954,181.56616
JVASP-29223,11,O,181.66621,2.086954,181.57947
JVASP-29223,12,O,204.34525,1.9021816,205.21645
JVASP-29223,13,O,204.34525,1.9021816,205.23148
JVASP-29223,14,O,204.34525,1.9021816,205.21645
JVASP-29223,15,O,204.34525,1.9021816,205.23148
JVASP-29223,16,O,181.48274,1.9126266,181.91441
JVASP-29223,17,O,181.48274,1.9126266,181.91412
JVASP-29223,18,O,181.48274,1.9126266,181.91441
JVASP-29223,19,O,181.48274,1.9126266,181.91412
JVASP-29223,20,I,716.77795,7.315131,717.03845
JVASP-29223,21,I,716.77795,7.315131,717.0357
JVASP-29223,22,I,716.77795,7.315131,717.03845
JVASP-29223,23,I,716.77795,7.315131,717.0357
JVASP-29223,24,I,665.1573,7.6550117,670.20874
JVASP-29223,25,I,665.1573,7.6550117,670.23016
JVASP-29223,26,I,665.1573,7.6550117,670.20874
JVASP-29223,27,I,665.1573,7.6550117,670.23016
JVASP-35442,0,U,695.10565,0.5933218,695.3884
JVASP-35442,1,U,695.10565,0.5933218,695.3884
JVASP-35442,2,W,266.17163,0.67800504,266.39038
JVASP-35442,3,W,266.17163,0.67800504,266.39038
JVASP-35442,4,C,5.9530964,0.73350143,5.729534
JVASP-35442,5,C,5.9530964,0.73350143,5.729534
JVASP-35442,6,C,16.780527,0.5717033,16.70061
JVASP-67725,0,Be,5.675482,0.26667324,5.9323254
JVASP-67725,1,Br,666.1118,5.4307833,671.4011
JVASP-67725,2,P,192.69402,1.4215282,194.08582
JVASP-4219,0,Al,37.40106,0.19458339,37.406418
JVASP-4219,1,Al,37.40106,0.19458339,37.372925
JVASP-4219,2,Al,37.40106,0.19458339,37.406418
JVASP-4219,3,Al,37.40106,0.19458339,37.372925
JVASP-4219,4,I,654.2925,1.1510671,654.4273
JVASP-4219,5,I,654.2925,1.1510671,654.4091
JVASP-4219,6,I,654.2925,1.1510671,654.4273
JVASP-4219,7,I,654.2925,1.1510671,654.4091
JVASP-4219,8,I,657.0621,1.1512479,656.90814
JVASP-4219,9,I,657.0621,1.1512479,656.9084
JVASP-4219,10,I,657.0621,1.1512479,656.90814
JVASP-4219,11,I,657.0621,1.1512479,656.9084
JVASP-4219,12,I,542.12115,3.8390837,542.06177
JVASP-4219,13,I,542.12115,3.8390837,542.0949
JVASP-4219,14,I,542.12115,3.8390837,542.06177
JVASP-4219,15,I,542.12115,3.8390837,542.0949
JVASP-8343,0,Mg,5.530131,0.16915888,5.691912
JVASP-8343,1,W,641.9367,0.7429351,642.28577
JVASP-8343,2,W,641.9367,0.7429351,642.09894
JVASP-8343,3,N,44.10867,0.9686305,44.321106
JVASP-8343,4,N,44.10867,0.9686305,44.676476
JVASP-16384,0,B,19.737354,1.1952205,20.561499
JVASP-16384,1,B,19.737354,1.1952205,20.561499
JVASP-16384,2,C,43.452286,1.2299854,44.28242
JVASP-16384,3,Ce,19.088505,0.13278973,19.171469
JVASP-16384,4,Ir,623.65155,0.94219625,623.02484
JVASP-16384,5,Ir,623.65155,0.94219625,623.02484
JVASP-8411,0,Ba,35.745403,0.19815092,35.939964
JVASP-8411,1,Cu,35.549442,1.5621543,33.987614
JVASP-8411,2,Re,614.1418,0.9029893,613.25116
JVASP-8411,3,O,47.08141,1.6634825,46.995026
JVASP-8411,4,O,47.08141,1.6634825,46.55207
JVASP-8411,5,O,178.77052,1.635609,179.47458
JVASP-8411,6,O,178.77052,1.635609,179.03595
JVASP-8411,7,O,127.93929,1.511363,126.446175
JVASP-16414,0,V,48.437027,0.47742626,47.96892
JVASP-16414,1,V,48.437027,0.47742626,47.96892
JVASP-16414,2,Au,608.4185,0.99174505,609.3002
JVASP-16414,3,Au,608.4185,0.99174505,609.3002
JVASP-16414,4,S,63.43076,3.1727512,66.5406
JVASP-16414,5,S,63.431168,3.1727512,66.54101
JVASP-16414,6,S,63.43076,3.1727512,66.5406
JVASP-16414,7,S,63.431168,3.1727512,66.54101
JVASP-39414,0,O,424.22104,2.1613383,423.72183
JVASP-39414,1,O,316.7527,2.4415507,317.86005
JVASP-39414,2,F,345.12103,2.4944363,345.14697
JVASP-39414,3,F,604.5703,3.2100556,602.8873
JVASP-39414,4,F,599.40515,3.3779445,599.71783
JVASP-39414,5,F,261.94174,2.1256819,261.06174
JVASP-39414,6,F,321.83615,2.1101956,320.6539
JVASP-39414,7,F,514.0269,3.872344,515.73474
JVASP-3561,0,O,171.75974,2.0450997,172.89821
JVASP-3561,1,O,171.7596,2.0450993,172.64598
JVASP-3561,2,O,171.75926,2.0450995,169.76317
JVASP-3561,3,I,596.0463,7.6028543,595.9806
JVASP-3561,4,Tl,1.2984906,1.3329964,1.8819911
JVASP-43960,0,Hg,588.583,0.85880244,587.9426
JVASP-43960,1,Hg,588.583,0.85880244,587.9426
JVASP-43960,2,Bi,5.881225,1.1110482,5.493844
JVASP-43960,3,Bi,5.881225,1.1110482,5.493844
JVASP-43960,4,O,139.46649,1.02984,139.87083
JVASP-43960,5,O,139.4663,1.02984,139.88536
JVASP-43960,6,O,139.46683,1.02984,139.86504
JVASP-43960,7,O,139.46683,1.02984,139.86504
JVASP-43960,8,O,139.4663,1.02984,139.88536
JVASP-43960,9,O,139.46649,1.02984,139.87083
JVASP-31871,0,Ta,211.3101,0.7203555,211.58253
JVASP-31871,1,Ta,211.3101,0.7203555,211.58253
JVASP-31871,2,Te,613.80853,4.262165,613.9272
JVASP-31871,3,Te,528.79083,5.6557913,527.59344
JVASP-31871,4,Te,613.80853,4.262165,613.9272
JVASP-31871,5,Te,528.79083,5.6557913,527.59344
JVASP-31871,6,Br,190.50168,4.75151,191.20276
JVASP-31871,7,Br,190.50168,4.75151,191.20276
JVASP-31871,8,Br,212.922,4.7156363,212.69199
JVASP-31871,9,Br,207.55142,4.1815376,207.9946
JVASP-31871,10,Br,231.19572,4.69486,229.03299
JVASP-31871,11,Br,231.19572,4.69486,229.03299
JVASP-31871,12,Br,205.42627,5.2262387,203.68665
JVASP-31871,13,Br,212.922,4.7156363,212.69199
JVASP-31871,14,Br,205.42627,5.2262387,203.68665
JVASP-31871,15,Br,207.55142,4.1815376,207.9946
JVASP-31871,16,O,11.95585,2.4139674,11.712882
JVASP-14158,0,B,0.7739716,1.4796113,1.4257356
JVASP-14158,1,B,0.7739716,1.4796113,1.4031885
JVASP-14158,2,B,0.7739716,1.4796113,1.4093807
JVASP-14158,3,B,0.7739716,1.4796113,1.4064162
JVASP-14158,4,N,0.601758,2.0592291,2.658015
JVASP-14158,5,N,0.601758,2.0592291,2.658015
JVASP-14158,6,N,1.1468952,2.0420973,3.1552823
JVASP-14158,7,N,1.1468952,2.0420973,3.158691
JVASP-14158,8,F,577.7255,3.3928235,577.805
JVASP-14158,9,F,577.7255,3.3928235,577.6279
JVASP-14158,10,F,577.7255,3.3928235,577.595
JVASP-14158,11,F,577.7255,3.3928235,577.84076
JVASP-14158,12,F,577.7255,3.3928235,577.7831
JVASP-14158,13,F,577.7255,3.3928235,577.83
JVASP-14158,14,F,577.7255,3.3928235,577.62146
JVASP-14158,15,F,577.7255,3.3928235,577.6341
JVASP-14158,16,F,577.3738,3.8774185,577.3927
JVASP-14158,17,F,577.3738,3.8774185,577.41986
JVASP-14158,18,F,577.3738,3.8774185,577.4358
JVASP-14158,19,F,577.3738,3.8774185,577.4327
JVASP-14158,20,F,576.7343,3.2321005,576.7145
JVASP-14158,21,F,576.7343,3.2321005,576.72894
JVASP-14158,22,F,576.7343,3.2321005,576.6874
JVASP-14158,23,F,576.7343,3.2321005,576.74255
JVASP-14158,24,F,173.30847,3.2386935,174.74156
JVASP-14158,25,F,173.30847,3.2386935,174.314
JVASP-14158,26,F,173.30847,3.2386935,174.32776
JVASP-14158,27,F,173.30847,3.2386935,174.71687
JVASP-14158,28,F,173.30847,3.2386935,174.72974
JVASP-14158,29,F,173.30847,3.2386935,174.70148
JVASP-14158,30,F,173.30847,3.2386935,174.33426
JVASP-14158,31,F,173.30847,3.2386935,174.3348
JVASP-14158,32,F,166.53264,3.6196527,162.92561
JVASP-14158,33,F,166.53264,3.6196527,162.92595
JVASP-14158,34,F,166.53264,3.6196527,162.9256
JVASP-14158,35,F,166.53264,3.6196527,162.92485
JVASP-14158,36,F,176.7751,3.263492,177.74115
JVASP-14158,37,F,176.7751,3.263492,177.77272
JVASP-14158,38,F,176.7751,3.263492,177.78957
JVASP-14158,39,F,176.7751,3.263492,177.76964
JVASP-8501,0,S,5.3609896,2.5704749,6.88489
JVASP-8501,1,S,5.3609896,2.5704749,6.88489
JVASP-8501,2,Pd,124.80047,1.9910032,123.74299
JVASP-8501,3,Pd,124.7994,1.9910038,125.478874
JVASP-8501,4,Pd,124.7996,1.9910038,125.4552
JVASP-8501,5,Pb,562.7034,1.1627041,562.1959
JVASP-8501,6,Pb,572.75116,1.2084577,573.2878
JVASP-3792,0,Br,574.64557,5.80755,575.25726
JVASP-3792,1,Br,574.64557,5.8075542,575.2585
JVASP-3792,2,Br,565.615,5.477255,563.6515
JVASP-3792,3,Br,565.615,5.477255,563.6515
JVASP-3792,4,Br,574.64557,5.8075514,575.2585
JVASP-3792,5,Br,574.64557,5.807549,575.25726
JVASP-3792,6,Ir,52.908634,1.7037733,51.500874
JVASP-3792,7,Ir,52.909046,1.7037745,51.501274
JVASP-77074,0,Hf,145.99734,0.44000143,146.17632
JVASP-77074,1,Hf,145.99734,0.44000143,146.17632
JVASP-77074,2,Zr,74.995186,0.06286913,74.972244
JVASP-77074,3,Zr,74.995186,0.06286913,74.972244
JVASP-77074,4,Hg,557.2778,1.7333522,556.14105
JVASP-77074,5,Hg,557.2778,1.7333522,556.14105
JVASP-77074,6,Hg,557.2778,1.7333522,556.14105
JVASP-77074,7,Hg,557.2778,1.7333522,556.14105
JVASP-69327,0,Ba,30.870918,0.09165605,30.949652
JVASP-69327,1,Cu,22.986012,1.6622505,21.338776
JVASP-69327,2,Te,549.67285,4.5392838,554.0382
JVASP-69327,3,Te,549.67285,4.5392838,554.0382
JVASP-2640,0,Na,6.185517,0.48475784,6.221923
JVASP-2640,1,Na,6.185517,0.48475784,6.221923
JVASP-2640,2,Na,6.1855307,0.48475784,5.7264304
JVASP-2640,3,Na,6.1855307,0.48475784,5.7264304
JVASP-2640,4,Sb,183.9462,2.4449499,182.96457
JVASP-2640,5,Sb,183.9462,2.4449499,182.96457
JVASP-2640,6,Au,567.26843,2.0070043,566.8898
JVASP-2640,7,Au,567.26843,2.0070043,566.8982
JVASP-17913,0,Ta,126.2814,0.63781023,126.91734
JVASP-17913,1,Ta,126.28222,0.63781023,126.91817
JVASP-17913,2,Pb,542.26685,1.1286799,541.3748
JVASP-17913,3,Pb,542.26685,1.1286799,541.3748
JVASP-17913,4,S,11.588944,1.3980387,12.95937
JVASP-17913,5,S,11.588944,1.3980387,12.95937
JVASP-17913,6,S,11.588944,1.3980387,12.95937
JVASP-17913,7,S,11.588944,1.3980387,12.95937
JVASP-4858,0,Tm,77.12341,1.1026781,78.22513
JVASP-4858,1,Tm,77.12341,1.1026781,78.22513
JVASP-4858,2,Ag,13.107219,0.5945209,13.677472
JVASP-4858,3,Ag,13.107219,0.5945209,13.677472
JVASP-4858,4,P,1.4476484,2.0906465,3.518404
JVASP-4858,5,P,1.4476484,2.0906465,3.518404
JVASP-4858,6,P,1.4476484,2.0906465,3.518404
JVASP-4858,7,P,1.4476484,2.0906465,3.518404
JVASP-4858,8,Se,540.14557,4.9770427,538.9391
JVASP-4858,9,Se,540.14514,4.9770412,539.00854
JVASP-4858,10,Se,540.1455,4.9770417,537.61816
JVASP-4858,11,Se,540.14514,4.9770412,539.0169
JVASP-4858,12,Se,540.1455,4.9770417,537.6163
JVASP-4858,13,Se,540.14557,4.9770427,538.9325
JVASP-4858,14,Se,540.14557,4.9770427,538.9391
JVASP-4858,15,Se,540.14514,4.9770412,539.00854
JVASP-4858,16,Se,540.1455,4.9770417,537.61816
JVASP-4858,17,Se,540.14514,4.9770412,539.0169
JVASP-4858,18,Se,540.1455,4.9770417,537.6163
JVASP-4858,19,Se,540.14557,4.9770427,538.9325
JVASP-63347,0,U,534.71747,0.6659993,534.06396
JVASP-63347,1,U,534.71747,0.6659993,534.06396
JVASP-63347,2,Sn,10.543829,0.7276453,11.117024
JVASP-63347,3,Sn,10.543829,0.7276453,11.117024
JVASP-63347,4,Au,87.42474,2.005591,89.39477
JVASP-63347,5,Au,87.42474,2.005591,89.39477
JVASP-63355,0,Ba,31.729464,0.14182024,31.866434
JVASP-63355,1,Ba,31.729464,0.14182024,31.866434
JVASP-63355,2,As,228.49574,2.2242627,226.32817
JVASP-63355,3,As,228.49574,2.2242627,226.32817
JVASP-63355,4,Au,531.8479,2.4565456,529.4274
JVASP-63355,5,Au,531.8479,2.4565456,529.4274
JVASP-4609,0,P,9.036806,1.9316609,7.989899
JVASP-4609,1,P,9.036806,1.9316609,7.989899
JVASP-4609,2,Mn,9.3466625,0.12387011,9.26886
JVASP-4609,3,Mn,9.3466625,0.12387011,9.26886
JVASP-4609,4,Se,526.19183,5.0657144,526.6795
JVASP-4609,5,Se,526.1913,5.0657144,523.1589
JVASP-4609,6,Se,526.1912,5.065714,524.4411
JVASP-4609,7,Se,526.19183,5.0657144,526.6795
JVASP-4609,8,Se,526.1913,5.0657144,523.1589
JVASP-4609,9,Se,526.1912,5.065714,524.4411
JVASP-17162,0,Cu,18.879253,2.0088496,17.78852
JVASP-17162,1,Cu,18.879402,2.008846,17.44506
JVASP-17162,2,Sn,90.47815,0.30502346,90.28394
JVASP-17162,3,Te,521.6582,1.5995319,521.91406
JVASP-17162,4,Te,521.65686,1.5995265,522.83887
JVASP-17162,5,Te,447.05493,1.883453,445.75906
JVASP-18543,0,Ho,516.7615,0.8901017,516.27997
JVASP-18543,1,Ho,516.7615,0.8901017,516.3555
JVASP-18543,2,Ho,516.7615,0.8901017,517.6501
JVASP-18543,3,Al,0.0,0.4328199,0.4328199
JVASP-18543,4,C,0.0,0.10375721,0.10375721
JVASP-76926,0,Li,0.73267865,0.29519165,1.0237182
JVASP-76926,1,Ga,73.43711,0.19163646,73.60122
JVASP-76926,2,Ga,104.354065,0.12836252,104.29412
JVASP-76926,3,Au,515.07837,2.2908475,517.3347
JVASP-8691,0,O,236.5749,2.2835894,237.54135
JVASP-8691,1,O,236.5745,2.2835894,234.49733
JVASP-8691,2,O,236.57472,2.2835894,237.78906
JVASP-8691,3,Br,512.11,5.0386915,511.91843
JVASP-8691,4,Tl,12.888486,1.3430054,12.880836
JVASP-4409,0,P,8.170206,1.8427163,7.1690993
JVASP-4409,1,P,8.165197,1.8428135,7.1642327
JVASP-4409,2,Fe,25.603655,0.49927008,25.284351
JVASP-4409,3,Fe,25.59976,0.49922338,25.280487
JVASP-4409,4,Se,511.42276,5.257642,511.40863
JVASP-4409,5,Se,511.42242,5.2576413,508.28122
JVASP-4409,6,Se,511.4224,5.257642,509.30917
JVASP-4409,7,Se,511.40604,5.257647,511.3922
JVASP-4409,8,Se,511.40482,5.2576504,508.26324
JVASP-4409,9,Se,511.40634,5.257647,509.2932
JVASP-67735,0,Be,1.5872693,0.32425836,1.2741736
JVASP-67735,1,Be,11.667736,0.12415309,11.557499
JVASP-67735,2,Bi,507.31137,1.0427525,507.35623
JVASP-67735,3,Cl,120.167885,2.428792,122.48429
JVASP-12138,0,Cu,8.1408825,1.6420913,9.782357
JVASP-12138,1,Cu,8.1408825,1.6420913,9.782357
JVASP-12138,2,Bi,21.006416,1.0159061,20.977058
JVASP-12138,3,Bi,21.006416,1.0159061,20.977058
JVASP-12138,4,P,6.364591,2.0908062,4.3450217
JVASP-12138,5,P,6.364591,2.0908062,4.3450217
JVASP-12138,6,P,6.364591,2.0908062,4.3450217
JVASP-12138,7,P,6.364591,2.0908062,4.3450217
JVASP-12138,8,Se,515.9009,4.2461367,513.32446
JVASP-12138,9,Se,515.90094,4.2461367,514.59576
JVASP-12138,10,Se,515.9009,4.2461367,513.3295
JVASP-12138,11,Se,515.90094,4.2461367,514.5971
JVASP-12138,12,Se,515.90094,4.2461367,514.59576
JVASP-12138,13,Se,515.9009,4.2461367,513.32446
JVASP-12138,14,Se,515.9014,4.2461386,514.4222
JVASP-12138,15,Se,515.90094,4.2461367,514.5971
JVASP-12138,16,Se,515.9009,4.2461367,513.3295
JVASP-12138,17,Se,515.9014,4.2461386,514.4222
JVASP-12138,18,Se,515.9014,4.2461386,514.4184
JVASP-12138,19,Se,515.9014,4.2461386,514.4184
JVASP-35009,0,Nd,15.646523,0.17428263,15.473688
JVASP-35009,1,Nd,15.646523,0.17428263,15.473688
JVASP-35009,2,Sb,498.316,2.1286414,496.32138
JVASP-35009,3,Sb,498.316,2.1286414,496.32138
JVASP-35009,4,Te,26.37039,5.02608,21.569881
JVASP-35009,5,Te,26.37039,5.02608,21.569881
JVASP-80456,0,Y,67.33492,0.25390244,67.41193
JVASP-80456,1,Y,67.33492,0.25390244,67.41193
JVASP-80456,2,Cd,229.35948,0.6858146,229.24928
JVASP-80456,3,Ir,498.64636,1.7190139,498.64352
JVASP-41602,0,Na,7.128015,0.049111985,7.0853963
JVASP-41602,1,Na,0.52174133,0.07103674,0.5718211
JVASP-41602,2,Hf,492.2078,0.6015919,491.60745
JVASP-41602,3,Hf,492.2078,0.6015919,491.60745
JVASP-41602,4,O,44.34633,1.4756608,43.20472
JVASP-41602,5,O,44.34633,1.4756608,43.20472
JVASP-41602,6,O,10.456056,1.4068557,9.073879
JVASP-41602,7,O,44.34633,1.4756608,42.972378
JVASP-41602,8,O,44.34633,1.4756608,42.972378
JVASP-16323,0,Sm,489.9012,0.68867195,489.47946
JVASP-16323,1,Sm,489.9012,0.68867195,489.64148
JVASP-16323,2,Sm,489.9012,0.68867195,490.5834
JVASP-16323,3,Sn,0.0,0.29788595,0.29788595
JVASP-16323,4,C,0.0,0.06698673,0.06698673
JVASP-17493,0,Nb,56.719162,0.040247776,56.685432
JVASP-17493,1,Nb,56.719162,0.040247776,56.685432
JVASP-17493,2,Pb,488.10858,1.1189872,487.23517
JVASP-17493,3,Pb,488.10858,1.1189872,487.23517
JVASP-17493,4,S,10.096798,1.4166925,11.486152
JVASP-17493,5,S,10.096798,1.4166925,11.486152
JVASP-17493,6,S,10.096798,1.4166925,11.486152
JVASP-17493,7,S,10.096798,1.4166925,11.486152
JVASP-15952,0,Er,487.44846,1.1180916,486.85825
JVASP-15952,1,Er,487.44846,1.1180916,486.92343
JVASP-15952,2,Er,487.44846,1.1180916,488.5656
JVASP-15952,3,Ga,0.0,0.20623705,0.20623705
JVASP-15952,4,C,0.0,0.22289887,0.22289887
JVASP-15886,0,U,483.24023,0.5196059,482.7376
JVASP-15886,1,B,6.135155,0.2713746,6.393988
JVASP-15886,2,B,6.135155,0.2713746,6.393988
JVASP-15886,3,Ir,217.75316,1.3250204,217.38036
JVASP-15886,4,Ir,217.7516,1.3250188,217.08725
JVASP-15886,5,Ir,217.75316,1.3250204,217.4247
JVASP-7693,0,Sc,57.2062,0.19769177,57.011723
JVASP-7693,1,Sc,57.2062,0.19769177,57.011723
JVASP-7693,2,Au,481.7987,0.6907206,482.37106
JVASP-7693,3,Au,481.7987,0.6907206,482.37106
JVASP-7693,4,O,95.96365,0.9509652,95.058914
JVASP-7693,5,O,95.96365,0.9509652,95.058914
JVASP-7693,6,O,95.96365,0.9509652,95.058914
JVASP-7693,7,O,95.96365,0.9509652,95.058914
JVASP-80175,0,Hf,13.336119,0.52675873,13.861577
JVASP-80175,1,Hf,13.336119,0.52675873,13.861577
JVASP-80175,2,Hf,13.336119,0.52675873,13.861577
JVASP-80175,3,Hf,13.336119,0.52675873,13.861577
JVASP-80175,4,Zn,134.67606,1.3006157,133.37596
JVASP-80175,5,Zn,134.67606,1.3006157,133.37596
JVASP-80175,6,Os,478.03278,1.3546512,476.69315
JVASP-80175,7,Os,478.03278,1.3546512,476.69315
JVASP-67847,0,Hf,250.9388,0.47225532,251.41043
JVASP-67847,1,Be,7.956794,0.38760504,7.9532423
JVASP-67847,2,Be,7.956794,0.38760504,8.077
JVASP-67847,3,Hg,475.98077,1.5589567,474.49228
JVASP-7638,0,K,52.436226,0.33599845,52.764977
JVASP-7638,1,Ag,474.0204,2.088062,476.10254
JVASP-7638,2,C,69.78025,1.2162852,70.995384
JVASP-7638,3,C,69.78025,1.2162852,70.995384
JVASP-16119,0,Np,471.7954,0.5082113,472.284
JVASP-16119,1,Np,471.7954,0.5082113,472.284
JVASP-16119,2,Si,15.179488,0.91100746,16.066902
JVASP-16119,3,Si,15.179488,0.91100746,16.066902
JVASP-16119,4,Si,15.179488,0.91100746,16.066902
JVASP-16119,5,Si,15.179488,0.91100746,16.066902
JVASP-16119,6,Os,153.3699,1.2167678,152.16618
JVASP-16119,7,Os,153.3699,1.2167678,152.16618
JVASP-16119,8,Os,153.3699,1.2167678,152.16618
JVASP-16119,9,Os,153.3699,1.2167678,152.16618
JVASP-26412,0,Ba,40.66086,0.16591166,40.517815
JVASP-26412,1,Ba,40.66086,0.16591166,40.517815
JVASP-26412,2,Bi,476.4452,1.1177324,476.63144
JVASP-26412,3,Bi,476.4452,1.1177324,476.63144
JVASP-26412,4,Cl,13.244364,3.2359216,10.348905
JVASP-26412,5,Cl,13.244364,3.2359216,10.348905
JVASP-26412,6,O,84.22956,1.7090198,84.61552
JVASP-26412,7,O,84.22956,1.7090198,84.61552
JVASP-26412,8,O,84.22956,1.7090198,84.6432
JVASP-26412,9,O,84.22956,1.7090198,84.6432
JVASP-12181,0,As,135.3034,2.8028324,136.00464
JVASP-12181,1,As,135.3034,2.8028324,135.98718
JVASP-12181,2,As,135.3034,2.8028324,136.00464
JVASP-12181,3,As,135.3034,2.8028324,135.98718
JVASP-12181,4,As,152.53706,2.7505732,153.30772
JVASP-12181,5,As,152.53706,2.7505732,153.31503
JVASP-12181,6,As,152.53706,2.7505732,153.30772
JVASP-12181,7,As,152.53706,2.7505732,153.31503
JVASP-12181,8,Se,481.81107,4.1442647,481.32407
JVASP-12181,9,Se,481.81107,4.1442647,481.33002
JVASP-12181,10,Se,481.81107,4.1442647,481.32407
JVASP-12181,11,Se,481.81107,4.1442647,481.33002
JVASP-12181,12,Se,469.47806,4.9493837,469.10382
JVASP-12181,13,Se,469.47806,4.9493837,469.1091
JVASP-12181,14,Se,469.47806,4.9493837,469.10382
JVASP-12181,15,Se,469.47806,4.9493837,469.1091
JVASP-12181,16,Se,463.28134,4.5985827,466.24362
JVASP-12181,17,Se,463.28134,4.5985827,466.25076
JVASP-12181,18,Se,463.28134,4.5985827,466.24362
JVASP-12181,19,Se,463.28134,4.5985827,466.25076
JVASP-35446,0,Pu,357.34164,0.6279403,357.31424
JVASP-35446,1,Pu,357.34164,0.6279403,357.31424
JVASP-35446,2,W,465.173,0.6898167,465.36206
JVASP-35446,3,W,465.173,0.6898167,465.36206
JVASP-35446,4,C,4.6566095,0.58255184,5.2380824
JVASP-35446,5,C,4.6566095,0.58255184,5.2380824
JVASP-35446,6,C,35.1941,0.6062962,35.305454
JVASP-29551,0,Hg,471.9254,2.4242349,470.88882
JVASP-29551,1,Hg,471.92535,2.424238,470.97205
JVASP-29551,2,Hg,471.9254,2.424235,470.89108
JVASP-29551,3,Hg,471.92554,2.4242373,470.88785
JVASP-29551,4,Hg,471.92535,2.4242375,470.99152
JVASP-29551,5,Hg,471.92554,2.4242377,470.90506
JVASP-29551,6,As,131.32205,3.9817178,127.43843
JVASP-29551,7,As,131.32205,3.9817228,127.43843
JVASP-29551,8,Se,270.72284,2.5652845,270.17914
JVASP-29551,9,Se,99.989395,1.7252489,98.32266
JVASP-29551,10,Se,270.72382,2.5652773,269.72668
JVASP-29551,11,Se,270.72284,2.5652773,270.1824
JVASP-29551,12,Se,270.72382,2.5652773,269.70193
JVASP-29551,13,Se,270.72382,2.5652835,269.71567
JVASP-29551,14,Se,99.989395,1.7252579,98.322655
JVASP-29551,15,Se,270.72382,2.5652845,269.71625
JVASP-29551,16,Br,0.475201,1.9117057,2.3726413
JVASP-29551,17,Br,0.475201,1.9117057,2.3726413
JVASP-67703,0,Sr,36.91381,0.04444644,36.95485
JVASP-67703,1,Be,1.4879657,0.39390805,1.5094827
JVASP-67703,2,Be,1.4879657,0.39390805,1.38577
JVASP-67703,3,Pb,457.8129,1.2990863,456.6659
JVASP-18229,0,Nd,455.62958,0.2988105,455.57812
JVASP-18229,1,Nd,455.62958,0.2988105,455.4006
JVASP-18229,2,Nd,455.62958,0.2988105,455.91016
JVASP-18229,3,Tl,0.0,1.277212,1.277212
JVASP-18229,4,N,0.0,0.33667618,0.33667618
JVASP-17702,0,Nd,453.96802,0.29818878,453.7392
JVASP-17702,1,Nd,453.96802,0.29818878,453.91714
JVASP-17702,2,Nd,453.968,0.29818878,454.24786
JVASP-17702,3,Sn,0.0,0.31786424,0.31786424
JVASP-17702,4,C,0.0,0.06698673,0.06698673
JVASP-15853,0,Ce,451.57568,0.26544353,451.44742
JVASP-15853,1,Ce,451.57568,0.26544353,451.4389
JVASP-15853,2,Ce,451.57568,0.26544353,451.84082
JVASP-15853,3,Al,0.0,0.4686343,0.4686343
JVASP-15853,4,C,0.0,0.10158803,0.10158803
JVASP-17505,0,Yb,450.38684,1.4118141,449.7237
JVASP-17505,1,Yb,450.38684,1.4118141,451.79752
JVASP-17505,2,Yb,450.38684,1.4118141,449.64267
JVASP-17505,3,In,0.0,0.28976682,0.28976682
JVASP-17505,4,C,0.0,0.09982898,0.09982898
JVASP-33815,0,Mo,7.862862,0.6125956,8.471023
JVASP-33815,1,Mo,7.862862,0.6125956,8.471023
JVASP-33815,2,I,448.40533,5.1530504,452.24933
JVASP-33815,3,I,448.4043,5.1530414,450.31012
JVASP-33815,4,I,448.4043,5.1530414,450.314
JVASP-33815,5,I,448.40533,5.1530504,452.24933
JVASP-33815,6,I,448.4043,5.1530414,450.31012
JVASP-33815,7,I,448.4043,5.1530414,450.314
JVASP-15747,0,Ho,446.284,0.9675543,445.82202
JVASP-15747,1,Ho,446.28397,0.9675543,447.25095
JVASP-15747,2,Ho,446.284,0.9675543,445.78058
JVASP-15747,3,Sn,0.0,0.27696547,0.27696547
JVASP-15747,4,C,0.0,0.27822897,0.27822897
JVASP-18035,0,Tm,445.05432,1.3487585,444.41034
JVASP-18035,1,Tm,445.05432,1.3487585,446.40244
JVASP-18035,2,Tm,445.05432,1.3487585,444.35327
JVASP-18035,3,In,0.0,0.38726324,0.38726324
JVASP-18035,4,C,0.0,0.26579455,0.26579455
JVASP-80443,0,Na,24.43935,0.32328382,24.1171
JVASP-80443,1,Na,24.43935,0.32328382,24.1171
JVASP-80443,2,Na,24.43935,0.32328382,24.1171
JVASP-80443,3,Na,24.43935,0.32328382,24.1171
JVASP-80443,4,Hg,113.46953,2.4132566,111.07066
JVASP-80443,5,Hg,113.46953,2.4132566,111.07066
JVASP-80443,6,Sb,443.47092,2.439702,441.13834
JVASP-80443,7,Sb,443.47092,2.439702,441.13834
JVASP-69257,0,Ba,36.227257,0.11020723,36.30897
JVASP-69257,1,Sn,250.99919,1.1563237,252.04117
JVASP-69257,2,Sn,173.4888,1.8414558,171.77216
JVASP-69257,3,Te,439.93924,5.4488707,445.2042
JVASP-12493,0,O,11.402454,1.697505,10.142321
JVASP-12493,1,O,11.402454,1.697505,10.142321
JVASP-12493,2,F,8.278651,2.942471,10.692999
JVASP-12493,3,F,8.278651,2.942471,10.692999
JVASP-12493,4,Cl,10.205182,3.6882682,10.472286
JVASP-12493,5,Cl,10.205182,3.6882682,10.472286
JVASP-12493,6,Pb,480.4653,1.2307278,480.7033
JVASP-12493,7,Pb,480.4653,1.2307278,480.7033
JVASP-12493,8,Pb,480.4653,1.2307278,480.68692
JVASP-12493,9,Pb,480.4653,1.2307278,480.68692
JVASP-18129,0,Nd,434.71832,0.2984472,434.48944
JVASP-18129,1,Nd,434.7183,0.2984472,434.99844
JVASP-18129,2,Nd,434.71832,0.2984472,434.66718
JVASP-18129,3,Tl,0.0,1.2784504,1.2784504
JVASP-18129,4,C,0.0,0.06698673,0.06698673
JVASP-69155,0,Ba,249.4634,0.10394718,249.37228
JVASP-69155,1,Sc,28.161783,0.44462222,27.717415
JVASP-69155,2,Sb,470.2752,2.296099,471.54117
JVASP-69155,3,Sb,470.2752,2.296099,472.46042
JVASP-55022,0,Ba,29.923433,0.21062754,29.969301
JVASP-55022,1,Ba,29.923433,0.21062754,29.969301
JVASP-55022,2,Bi,162.58801,1.0415838,162.46332
JVASP-55022,3,Bi,435.3814,1.0123353,435.70804
JVASP-55022,4,Bi,435.3814,1.0123353,435.70804
JVASP-55022,5,Bi,162.58801,1.0415838,162.46332
JVASP-55022,6,Pd,14.089618,2.1727707,16.150738
JVASP-55022,7,Pd,37.18455,1.626016,35.672745
JVASP-55022,8,Pd,14.089618,2.1727707,16.150738
JVASP-55022,9,Pd,37.18455,1.626016,35.672745
JVASP-35016,0,Np,9.278667,0.75054115,8.540864
JVASP-35016,1,Np,9.278667,0.75054115,8.540864
JVASP-35016,2,Sb,428.03525,3.4336936,424.75507
JVASP-35016,3,Sb,428.03525,3.4336936,424.75507
JVASP-35016,4,Te,0.12737347,5.979491,6.102816
JVASP-35016,5,Te,0.12737347,5.979491,6.102816
JVASP-36561,0,Na,25.136904,0.48641446,25.007608
JVASP-36561,1,Li,2.0461931,0.41189054,2.1716986
JVASP-36561,2,Li,2.0461931,0.41189054,2.1716986
JVASP-36561,3,As,427.38205,2.9589164,427.43625
JVASP-15955,0,Nd,424.55048,0.06437528,424.61108
JVASP-15955,1,Nd,424.55048,0.06437528,424.51367
JVASP-15955,2,Nd,424.55048,0.06437528,424.52673
JVASP-15955,3,Ga,0.0,0.16232456,0.16232456
JVASP-15955,4,C,0.0,0.26341945,0.26341945
JVASP-17668,0,Np,151.45224,0.6175234,152.02545
JVASP-17668,1,Np,151.45224,0.6175234,152.04715
JVASP-17668,2,Np,151.45312,0.6175226,151.96832
JVASP-17668,3,Sn,85.71867,0.78613746,85.31231
JVASP-17668,4,Sn,85.71869,0.7861366,84.9452
JVASP-17668,5,Sn,85.71867,0.78613746,85.30269
JVASP-17668,6,Ir,423.53882,1.5533699,422.00262
JVASP-17668,7,Ir,1.5419539,1.5520393,0.22662604
JVASP-17668,8,Ir,423.53882,1.5533699,422.00262
JVASP-53166,0,Ca,2.9593697,0.3217393,2.941483
JVASP-53166,1,In,19.454557,0.88750446,19.284424
JVASP-53166,2,In,19.454685,0.88750446,19.51375
JVASP-53166,3,Te,424.76382,5.320868,427.74258
JVASP-53166,4,Te,424.73145,5.3208323,421.28802
JVASP-53166,5,Te,424.76266,5.3208323,422.113
JVASP-53166,6,Te,424.7325,5.320868,427.93283
JVASP-31842,0,Ti,25.697472,0.18350875,25.649954
JVASP-31842,1,Ti,25.697472,0.18350875,25.649954
JVASP-31842,2,S,218.1285,1.2112998,218.88939
JVASP-31842,3,S,218.1285,1.2112998,218.88939
JVASP-31842,4,Cl,80.48075,1.1631452,80.350266
JVASP-31842,5,Cl,419.75845,1.1148179,419.49594
JVASP-31842,6,Cl,416.20517,1.1193849,416.70322
JVASP-31842,7,Cl,110.49104,1.9780257,110.89455
JVASP-31842,8,Cl,416.20517,1.1193849,416.70322
JVASP-31842,9,Cl,77.61176,2.272182,78.94768
JVASP-31842,10,Cl,80.48075,1.1631452,80.350266
JVASP-31842,11,Cl,77.61176,2.272182,78.94768
JVASP-31842,12,Cl,110.49104,1.9780257,110.89455
JVASP-31842,13,Cl,71.81969,1.4923481,71.44854
JVASP-31842,14,Cl,419.75845,1.1148179,419.49594
JVASP-31842,15,Cl,71.81969,1.4923481,71.44854
JVASP-31842,16,O,137.80786,3.036067,136.05365
JVASP-31842,17,O,137.80786,3.036067,136.05365
JVASP-54846,0,Th,416.01028,0.61834717,416.38022
JVASP-54846,1,Ge,66.9304,1.5235176,67.82903
JVASP-54846,2,Ge,66.9304,1.5235176,67.82903
JVASP-54846,3,Os,112.424416,1.2096337,111.71125
JVASP-54846,4,Os,112.424416,1.2096337,111.71125
JVASP-15761,0,La,414.33688,0.303138,414.18222
JVASP-15761,1,La,414.33688,0.303138,414.1888
JVASP-15761,2,La,414.33688,0.303138,414.63983
JVASP-15761,3,Tl,0.0,1.176232,1.176232
JVASP-15761,4,C,0.0,0.094176404,0.094176404
JVASP-66960,0,Y,52.40357,0.077422775,52.332085
JVASP-66960,1,Be,8.6213875,0.35194972,8.279413
JVASP-66960,2,Be,8.6213875,0.35194972,8.279413
JVASP-66960,3,Bi,413.69757,1.1926714,414.5468
JVASP-56795,0,Tb,47.831635,0.5102817,48.074177
JVASP-56795,1,Tb,47.831635,0.5102817,48.100056
JVASP-56795,2,Tb,47.83654,0.510281,48.11527
JVASP-56795,3,In,30.778921,0.3684827,30.506065
JVASP-56795,4,In,30.777212,0.3684827,30.734716
JVASP-56795,5,In,30.777212,0.3684827,30.746056
JVASP-56795,6,Pt,118.94354,1.7303977,117.24381
JVASP-56795,7,Pt,411.8474,1.7102963,410.16806
JVASP-56795,8,Pt,411.8474,1.7102963,410.16806
JVASP-8531,0,Dy,53.23705,0.65293366,53.5578
JVASP-8531,1,Dy,53.234997,0.6529351,53.507298
JVASP-8531,2,Dy,53.234997,0.6529351,53.538334
JVASP-8531,3,In,37.394424,0.37163213,37.341866
JVASP-8531,4,In,37.394424,0.37163213,37.33102
JVASP-8531,5,In,37.394535,0.3716322,37.114613
JVASP-8531,6,Pt,409.95026,1.7100304,408.27097
JVASP-8531,7,Pt,409.95026,1.7100304,408.27097
JVASP-8531,8,Pt,129.2114,1.7293621,127.51245
JVASP-8070,0,Na,15.33054,0.3218615,15.64788
JVASP-8070,1,Na,15.33054,0.3218615,15.64788
JVASP-8070,2,Pd,408.4855,2.2895803,410.7744
JVASP-8070,3,C,75.09401,1.1425043,76.23445
JVASP-8070,4,C,75.09401,1.1425043,76.23445
JVASP-35035,0,Pr,0.385389,0.11345077,0.27316943
JVASP-35035,1,Pr,0.385389,0.11345077,0.27316943
JVASP-35035,2,Sb,79.15648,2.7144432,76.59879
JVASP-35035,3,Sb,79.15648,2.7144432,76.59879
JVASP-35035,4,Pt,405.10602,1.9164891,403.21896
JVASP-35035,5,Pt,405.10602,1.9164891,403.21896
JVASP-41560,0,Th,402.62012,0.74396574,402.21027
JVASP-41560,1,Th,404.31995,0.7439326,403.8502
JVASP-41560,2,Th,402.61447,0.7439578,402.2035
JVASP-41560,3,Th,402.61432,0.74395627,402.20334
JVASP-41560,4,Th,404.32068,0.74393356,403.85092
JVASP-41560,5,Th,402.62012,0.7439665,402.21027
JVASP-41560,6,O,7.0074296,1.6262846,8.631746
JVASP-41560,7,O,7.007387,1.6263417,8.631116
JVASP-41560,8,O,7.007387,1.6263473,8.631123
JVASP-41560,9,O,7.0074296,1.6262777,8.63174
JVASP-3942,0,Th,403.19742,0.826403,402.3762
JVASP-3942,1,Th,403.19742,0.826403,402.3762
JVASP-3942,2,I,67.43853,5.369077,62.28538
JVASP-3942,3,I,67.43853,5.369077,62.28538
JVASP-3942,4,N,10.522192,0.8718619,9.658819
JVASP-3942,5,N,10.522192,0.8718619,9.658819
JVASP-35816,0,Tb,400.70468,0.54220384,401.2455
JVASP-35816,1,Tb,400.70468,0.54220384,400.4585
JVASP-35816,2,Tb,400.70468,0.54220384,400.4106
JVASP-35816,3,Al,0.0,0.41135043,0.41135043
JVASP-35816,4,N,0.0,0.52033526,0.52033526
JVASP-80184,0,Ti,17.220247,0.38670483,16.836033
JVASP-80184,1,Ti,17.220247,0.38670483,16.836033
JVASP-80184,2,Ti,17.220247,0.38670483,16.836033
JVASP-80184,3,Ti,17.220247,0.38670483,16.836033
JVASP-80184,4,Os,399.8974,0.7963109,399.14062
JVASP-80184,5,Os,399.8974,0.7963109,399.14062
JVASP-80184,6,Rh,191.42743,0.15699728,191.35858
JVASP-80184,7,Rh,191.42743,0.15699728,191.35858
JVASP-4894,0,Ta,185.01253,0.6171283,185.48466
JVASP-4894,1,Ta,185.01253,0.6171283,185.48312
JVASP-4894,2,Ta,196.91193,0.6174193,197.36526
JVASP-4894,3,Ta,196.91193,0.6174193,197.36676
JVASP-4894,4,Te,353.48898,6.072267,353.5577
JVASP-4894,5,Te,353.48898,6.072267,353.5715
JVASP-4894,6,Te,148.36827,6.05076,142.62383
JVASP-4894,7,Te,148.36827,6.05076,142.62773
JVASP-4894,8,Te,356.02045,6.167768,355.5266
JVASP-4894,9,Te,356.02045,6.167768,355.51312
JVASP-4894,10,Te,192.09251,6.010707,187.27335
JVASP-4894,11,Te,192.09251,6.010707,187.27866
JVASP-4894,12,Te,172.45569,6.0045476,166.60869
JVASP-4894,13,Te,172.45569,6.0045476,166.61172
JVASP-4894,14,Te,401.0048,6.1086884,399.25116
JVASP-4894,15,Te,401.0048,6.1086884,399.23883
JVASP-4894,16,Te,201.02054,5.924522,196.43651
JVASP-4894,17,Te,201.02054,5.924522,196.44177
JVASP-4894,18,Te,396.09793,6.2197633,394.21478
JVASP-4894,19,Te,396.09793,6.2197633,394.22736
JVASP-4894,20,Ir,98.91197,1.5657996,97.47404
JVASP-4894,21,Ir,98.91197,1.5657996,97.47178
JVASP-4894,22,Ir,121.4031,1.5656981,120.08242
JVASP-4894,23,Ir,121.4031,1.5656981,120.08568
JVASP-4412,0,Cu,26.3898,1.9955504,25.845764
JVASP-4412,1,Ag,73.87579,1.670131,73.9482
JVASP-4412,2,Te,398.1835,2.8944447,396.22934
JVASP-4412,3,Te,391.02814,2.8196864,389.42804
JVASP-36077,0,Pa,418.4263,0.6733676,418.92578
JVASP-36077,1,Pa,418.4263,0.6733676,418.88806
JVASP-36077,2,Pa,418.42862,0.6733679,418.99255
JVASP-36077,3,Pa,418.4263,0.6733676,418.92578
JVASP-36077,4,Pa,418.4263,0.6733676,418.88806
JVASP-36077,5,Pa,418.42862,0.6733679,418.99255
JVASP-36077,6,Mo,98.747505,0.15609686,98.902985
JVASP-36077,7,Mo,98.746284,0.15609686,98.901764
JVASP-15419,0,Zr,42.461903,0.055684693,42.413197
JVASP-15419,1,Zr,42.461903,0.055684693,42.413197
JVASP-15419,2,Zr,42.461903,0.055684693,42.413197
JVASP-15419,3,Zr,42.461903,0.055684693,42.413197
JVASP-15419,4,Sn,390.5344,0.80315113,389.8866
JVASP-15419,5,Sn,390.5344,0.80315113,389.8866
JVASP-15419,6,C,2.1016622,0.3589148,1.7622063
JVASP-15419,7,C,2.1016622,0.3589148,1.7622063
JVASP-12334,0,Pb,73.6093,1.3772119,73.129654
JVASP-12334,1,Pb,73.6093,1.3772119,73.129654
JVASP-12334,2,Se,388.569,4.6453295,386.07596
JVASP-12334,3,Se,388.569,4.6453295,386.07596
JVASP-12334,4,O,159.78256,2.328372,159.32767
JVASP-12334,5,O,159.78256,2.328372,159.29964
JVASP-12334,6,O,159.78256,2.328372,159.32767
JVASP-12334,7,O,159.78256,2.328372,159.29964
JVASP-12334,8,O,161.66187,1.9127258,162.8144
JVASP-12334,9,O,161.66187,1.9127258,162.8144
JVASP-5212,0,C,46.59514,1.4974546,46.55491
JVASP-5212,1,C,46.59514,1.4974546,46.51913
JVASP-5212,2,C,46.59514,1.4974546,46.547035
JVASP-5212,3,C,46.59514,1.4974546,46.51373
JVASP-5212,4,S,306.0524,2.2120934,305.27356
JVASP-5212,5,S,306.0524,2.2120934,305.2526
JVASP-5212,6,S,306.0524,2.2120934,305.24152
JVASP-5212,7,S,306.0524,2.2120934,305.25812
JVASP-5212,8,S,169.89146,0.53810275,169.69533
JVASP-5212,9,S,169.89146,0.53810275,169.70172
JVASP-5212,10,S,169.89146,0.53810275,169.68773
JVASP-5212,11,S,169.89146,0.53810275,169.69356
JVASP-5212,12,N,86.073425,1.8975933,86.49776
JVASP-5212,13,N,86.073425,1.8975933,86.467026
JVASP-5212,14,N,86.073425,1.8975933,86.49309
JVASP-5212,15,N,86.073425,1.8975933,86.47321
JVASP-5212,16,Cl,388.0291,1.2088962,388.17883
JVASP-5212,17,Cl,388.0291,1.2088962,388.17664
JVASP-5212,18,Cl,388.0291,1.2088962,388.15784
JVASP-5212,19,Cl,388.0291,1.2088962,388.16223
JVASP-5212,20,O,134.95381,2.7206626,133.86615
JVASP-5212,21,O,134.95381,2.7206626,133.88905
JVASP-5212,22,O,134.95381,2.7206626,133.87317
JVASP-5212,23,O,134.95381,2.7206626,133.86926
JVASP-5212,24,O,149.13817,3.042566,147.54382
JVASP-5212,25,O,149.13817,3.042566,147.57109
JVASP-5212,26,O,149.13817,3.042566,147.57317
JVASP-5212,27,O,149.13817,3.042566,147.54942
JVASP-18461,0,U,385.1529,0.7450513,384.4199
JVASP-18461,1,U,385.1529,0.7450513,384.4199
JVASP-18461,2,Br,48.500713,6.218022,42.42346
JVASP-18461,3,Br,48.500713,6.218022,42.42346
JVASP-18461,4,N,4.773239,0.71530044,4.0854144
JVASP-18461,5,N,4.773239,0.71530044,4.0854144
JVASP-14218,0,Nb,33.020756,0.07255277,32.999428
JVASP-14218,1,Hg,356.2097,1.4613814,354.8339
JVASP-14218,2,Hg,383.5268,1.7517698,381.83792
JVASP-14218,3,Hg,383.5268,1.7517698,381.83792
JVASP-14218,4,F,47.515095,3.1900985,47.004982
JVASP-14218,5,F,47.515095,3.1900985,47.036293
JVASP-14218,6,F,47.51866,3.1900973,46.892864
JVASP-14218,7,F,47.515095,3.1900985,47.036293
JVASP-14218,8,F,47.515095,3.1900985,47.004982
JVASP-14218,9,F,47.51866,3.1900973,46.892864
JVASP-2856,0,Na,3.8987446,0.36667734,4.2049375
JVASP-2856,1,Na,24.616629,0.33171862,24.89084
JVASP-2856,2,Na,3.8987446,0.36667645,4.2049365
JVASP-2856,3,Na,24.616629,0.33171815,24.89084
JVASP-2856,4,P,64.16041,0.5032352,64.56541
JVASP-2856,5,P,64.16041,0.50323415,64.56541
JVASP-2856,6,Cd,382.82318,2.3835163,384.79742
JVASP-64904,0,K,27.88091,0.101727396,27.97936
JVASP-64904,1,K,27.88091,0.101727396,27.97936
JVASP-64904,2,Ta,381.08914,0.57109,380.52164
JVASP-64904,3,Ta,381.08914,0.57109,380.52164
JVASP-64904,4,Be,9.495038,0.45682856,9.047647
JVASP-64904,5,Be,8.9234915,0.45682856,9.371765
JVASP-64904,6,Be,9.495038,0.45682856,9.047647
JVASP-64904,7,Be,8.9234915,0.45682856,9.371765
JVASP-8809,0,As,140.8133,2.4641643,142.00595
JVASP-8809,1,As,140.8133,2.4641643,142.00595
JVASP-8809,2,Na,8.944997,0.2723055,8.918906
JVASP-8809,3,Na,8.944997,0.2723055,8.918906
JVASP-8809,4,Se,427.69214,3.700801,428.0458
JVASP-8809,5,Se,427.7005,3.700809,428.0311
JVASP-8809,6,Se,427.7019,3.700809,428.03247
JVASP-8809,7,Se,427.69138,3.700801,428.04498
JVASP-5290,0,H,38.9107,1.1669496,39.391453
JVASP-5290,1,H,38.9107,1.1669477,39.419113
JVASP-5290,2,H,38.9107,1.1669476,39.419117
JVASP-5290,3,H,38.9107,1.1669477,39.391453
JVASP-5290,4,S,338.13724,1.9060094,339.31088
JVASP-5290,5,S,338.13724,1.9060088,339.29926
JVASP-5290,6,S,338.13724,1.9060088,339.29926
JVASP-5290,7,S,338.13724,1.9060088,339.31088
JVASP-5290,8,S,395.17477,1.7879819,395.49445
JVASP-5290,9,S,395.17477,1.7879817,395.48264
JVASP-5290,10,S,395.17477,1.7879819,395.4741
JVASP-5290,11,S,395.17477,1.7879817,395.47302
JVASP-5290,12,S,395.175,1.7879817,395.4947
JVASP-5290,13,S,395.175,1.7879819,395.48285
JVASP-5290,14,S,395.175,1.7879817,395.47433
JVASP-5290,15,S,395.175,1.7879819,395.47327
JVASP-5290,16,S,324.87143,1.248201,324.14697
JVASP-5290,17,S,324.87143,1.2482009,324.14697
JVASP-5290,18,S,324.87143,1.2482014,324.1594
JVASP-5290,19,S,324.87143,1.2482009,324.1495
JVASP-5290,20,S,324.87164,1.2482009,324.1472
JVASP-5290,21,S,324.87164,1.2482014,324.1472
JVASP-5290,22,S,324.87164,1.2482009,324.15964
JVASP-5290,23,S,324.87164,1.248201,324.14972
JVASP-5290,24,S,334.4925,1.275706,334.63687
JVASP-5290,25,S,334.4925,1.275706,334.6582
JVASP-5290,26,S,334.4925,1.2757064,334.64023
JVASP-5290,27,S,334.4925,1.275706,334.6484
JVASP-5290,28,S,334.49252,1.275706,334.6369
JVASP-5290,29,S,334.49252,1.2757064,334.6582
JVASP-5290,30,S,334.49252,1.275706,334.64023
JVASP-5290,31,S,334.49252,1.275706,334.64844
JVASP-5290,32,N,128.11826,2.6914818,126.35432
JVASP-5290,33,N,128.11812,2.691481,126.364525
JVASP-5290,34,N,128.11812,2.691481,126.364525
JVASP-5290,35,N,128.11812,2.691481,126.35418
JVASP-67313,0,Ca,12.899013,0.48003802,12.423414
JVASP-67313,1,Ca,12.899013,0.48003802,12.423414
JVASP-67313,2,Be,4.6964884,0.40853226,4.297256
JVASP-67313,3,Be,4.6964884,0.40853226,4.297256
JVASP-67313,4,Pb,374.6617,1.2613796,375.72394
JVASP-67313,5,Pb,374.6617,1.2613796,375.72394
JVASP-16055,0,Sr,23.86048,0.014771473,23.847082
JVASP-16055,1,Sr,23.86048,0.014771473,23.847082
JVASP-16055,2,As,109.68733,1.9608616,107.7812
JVASP-16055,3,As,109.68733,1.9608616,107.7812
JVASP-16055,4,Pt,372.50247,2.0746222,370.4543
JVASP-16055,5,Pt,372.50247,2.0746222,370.4543
JVASP-12488,0,O,45.079487,1.6092439,45.260807
JVASP-12488,1,O,45.079487,1.6092439,45.27571
JVASP-12488,2,O,45.079487,1.6092439,45.260807
JVASP-12488,3,O,45.079487,1.6092439,45.27571
JVASP-12488,4,Cl,2.6518285,3.0508497,2.640565
JVASP-12488,5,Cl,2.6518285,3.0508497,2.640565
JVASP-12488,6,Pb,124.40541,1.2223392,124.89684
JVASP-12488,7,Pb,124.40541,1.2223392,124.89684
JVASP-12488,8,Bi,373.35913,1.0818806,373.5158
JVASP-12488,9,Bi,373.35913,1.0818806,373.5158
JVASP-85491,0,Eu,13.996386,0.29741973,14.292952
JVASP-85491,1,K,5.321924,0.43708944,4.890296
JVASP-85491,2,Cu,20.648893,2.002628,19.907156
JVASP-85491,3,Cu,20.648893,2.002628,19.62284
JVASP-85491,4,Te,3.3745804,4.191967,7.483742
JVASP-85491,5,Te,369.26608,4.899163,364.48346
JVASP-85491,6,Te,176.81479,5.598544,171.42159
JVASP-85491,7,Te,369.26608,4.899163,364.6318
JVASP-69101,0,Ba,366.87314,0.19301945,366.68512
JVASP-69101,1,Ba,366.87314,0.19301945,366.68512
JVASP-69101,2,Ta,276.36612,0.56871825,275.7996
JVASP-69101,3,Ta,276.36612,0.56871825,275.7996
JVASP-69101,4,Ta,276.36612,0.56871825,275.7996
JVASP-69101,5,Ta,276.36612,0.56871825,275.7996
JVASP-69101,6,P,104.514824,1.1788305,105.67856
JVASP-69101,7,P,104.514824,1.1788305,105.67856
JVASP-17924,0,Sm,67.10816,0.05350442,67.06125
JVASP-17924,1,Sm,67.108475,0.053504117,67.11056
JVASP-17924,2,Sm,67.108475,0.053504117,67.12668
JVASP-17924,3,Sn,91.03933,0.90839034,91.03079
JVASP-17924,4,Sn,91.034485,0.90839016,90.29819
JVASP-17924,5,Sn,91.03933,0.90839034,91.048325
JVASP-17924,6,Pt,365.2516,1.8616939,363.41418
JVASP-17924,7,Pt,3.9571507,1.8522649,5.7934537
JVASP-17924,8,Pt,365.2516,1.8616939,363.41418
JVASP-65654,0,Ba,57.676502,0.100570254,57.589775
JVASP-65654,1,Tl,8.930023,1.2171261,7.833511
JVASP-65654,2,Se,363.60223,3.0527132,366.58948
JVASP-65654,3,Se,363.60223,3.0527132,366.58948
JVASP-85161,0,La,0.0,0.26088268,0.26088268
JVASP-85161,1,B,0.0,0.26235387,0.26235387
JVASP-85161,2,Pt,362.66818,1.5787067,362.16037
JVASP-85161,3,Pt,362.66818,1.5787067,364.21692
JVASP-85161,4,Pt,362.66818,1.5787067,361.63245
JVASP-27032,0,U,11.376246,0.6811101,12.046452
JVASP-27032,1,U,11.376246,0.6811101,12.046452
JVASP-27032,2,Sb,362.10806,2.7901657,364.7511
JVASP-27032,3,Sb,362.10806,2.7901657,364.7511
JVASP-27032,4,Sb,326.33084,2.8359702,323.63934
JVASP-27032,5,Sb,326.33084,2.8359702,323.63934
JVASP-27032,6,Au,112.01027,1.8650346,113.83774
JVASP-27032,7,Au,112.01027,1.8650346,113.83774
JVASP-69332,0,Ba,119.11297,0.16918768,118.948746
JVASP-69332,1,Te,358.8429,3.8520133,362.53348
JVASP-69332,2,Pd,88.6676,1.2791572,89.081696
JVASP-69332,3,Pd,88.6676,1.2791572,89.024796
JVASP-67605,0,Be,1.20025,0.15718055,1.0571247
JVASP-67605,1,Be,15.645707,0.26866174,15.906936
JVASP-67605,2,Tl,357.65488,1.3261192,356.432
JVASP-67605,3,Cl,151.27559,2.346657,153.52705
JVASP-50826,0,B,40.836983,1.7442751,39.651905
JVASP-50826,1,B,40.836983,1.7442751,39.651905
JVASP-50826,2,Sb,355.27225,2.1283672,355.69498
JVASP-50826,3,Sb,355.27225,2.1283672,355.69498
JVASP-50826,4,O,120.70099,2.2824955,119.42541
JVASP-50826,5,O,84.04872,2.4335003,85.335686
JVASP-50826,6,O,109.72803,2.4032514,110.05597
JVASP-50826,7,O,109.72803,2.4032514,110.05597
JVASP-50826,8,O,84.04872,2.4335003,85.335686
JVASP-50826,9,O,120.70099,2.2824955,119.42541
JVASP-2388,0,Ba,351.74753,0.25991055,352.0073
JVASP-2388,1,Ba,351.74753,0.25991055,352.0073
JVASP-2388,2,Ce,250.24232,0.29742172,249.94557
JVASP-2388,3,Ce,250.24232,0.29742172,249.94557
JVASP-2388,4,N,15.697556,0.48314077,15.251646
JVASP-2388,5,N,15.697556,0.48314077,15.251646
JVASP-2388,6,N,15.697556,0.48314077,15.251646
JVASP-2388,7,N,15.697556,0.48314077,15.251646
JVASP-56315,0,Ba,43.35543,0.06446739,43.355045
JVASP-56315,1,Ag,166.44568,2.2617342,167.0979
JVASP-56315,2,Ag,166.44745,2.2617328,165.49629
JVASP-56315,3,Ge,11.409973,1.4971406,11.710177
JVASP-56315,4,Se,381.93442,4.455457,379.34982
JVASP-56315,5,Se,381.93463,4.4554596,385.83755
JVASP-56315,6,Se,381.9352,4.4554596,382.10812
JVASP-56315,7,Se,381.9355,4.455461,380.14862
JVASP-79242,0,Ir,348.96985,1.5834314,350.53815
JVASP-79242,1,Ir,348.96985,1.5834314,350.53815
JVASP-79242,2,Pb,210.75165,1.1648219,209.84271
JVASP-79242,3,Pb,210.75165,1.1648219,209.84271
JVASP-67250,0,Be,14.349927,0.28466034,14.627991
JVASP-67250,1,Be,14.349927,0.28466034,14.627991
JVASP-67250,2,Os,128.9297,1.1736318,127.76946
JVASP-67250,3,Os,128.9297,1.1736318,127.76946
JVASP-67250,4,Pb,347.9141,1.4348077,349.20486
JVASP-67250,5,Pb,347.9141,1.4348077,349.20486
JVASP-81273,0,Ti,32.953484,0.47149336,32.500645
JVASP-81273,1,Ti,32.953484,0.47149336,32.500645
JVASP-81273,2,Ti,32.953484,0.47149336,32.500645
JVASP-81273,3,Ti,32.953484,0.47149336,32.500645
JVASP-81273,4,Pt,352.12793,0.8835922,351.2627
JVASP-81273,5,Pt,352.12793,0.8835922,351.2627
JVASP-81273,6,W,301.1578,0.5709194,300.61047
JVASP-81273,7,W,301.1578,0.5709194,300.61047
JVASP-65357,0,Ba,344.4096,0.19120494,344.59985
JVASP-65357,1,Ni,4.2138925,1.3227906,5.5088506
JVASP-65357,2,Mo,131.83644,0.26807165,131.57173
JVASP-65357,3,Mo,131.83644,0.26807165,131.57173
JVASP-2193,0,Sb,275.712,3.6311924,273.19736
JVASP-2193,1,Sb,275.712,3.6311924,273.19736
JVASP-2193,2,Sb,275.712,3.6311924,273.1918
JVASP-2193,3,Sb,275.712,3.6311924,273.1918
JVASP-2193,4,Os,355.41113,1.3865288,356.20444
JVASP-2193,5,Os,355.41113,1.3865288,356.20532
JVASP-35822,0,Y,0.0,0.14146239,0.14146239
JVASP-35822,1,B,0.0,0.2975754,0.2975754
JVASP-35822,2,Pt,340.95264,1.5905151,340.43314
JVASP-35822,3,Pt,340.95264,1.5905151,342.5146
JVASP-35822,4,Pt,340.95264,1.5905151,339.91574
JVASP-17840,0,U,68.29177,0.7757868,67.52546
JVASP-17840,1,U,68.29177,0.7757868,67.52546
JVASP-17840,2,Sb,339.63074,2.8143954,336.9659
JVASP-17840,3,Sb,339.63074,2.8143954,336.9659
JVASP-17840,4,As,24.663914,3.127582,27.7279
JVASP-17840,5,As,24.663914,3.127582,27.7279
JVASP-65424,0,Ba,189.94487,0.21055448,189.73582
JVASP-65424,1,Ti,42.037476,0.6680751,41.538815
JVASP-65424,2,Ti,42.037476,0.6680751,41.66064
JVASP-65424,3,Tl,337.2098,1.34325,335.97153
JVASP-17918,0,La,335.2788,0.31877983,335.5974
JVASP-17918,1,La,335.2788,0.31877983,335.12006
JVASP-17918,2,La,335.2788,0.31877983,335.11914
JVASP-17918,3,In,0.0,0.34137765,0.34137765
JVASP-17918,4,N,0.0,0.5037074,0.5037074
JVASP-33797,0,Ac,333.78708,0.688668,334.47455
JVASP-33797,1,Ac,333.78708,0.688668,334.47455
JVASP-33797,2,I,145.71346,2.1699555,146.48616
JVASP-33797,3,I,145.71346,2.1699555,146.4887
JVASP-33797,4,I,145.71365,2.1699498,147.59401
JVASP-33797,5,I,145.71346,2.1699555,146.48616
JVASP-33797,6,I,145.71346,2.1699555,146.4887
JVASP-33797,7,I,145.71365,2.1699498,147.59401
JVASP-67202,0,Zr,62.28889,0.037460268,62.323895
JVASP-67202,1,Zr,62.28889,0.037460268,62.323895
JVASP-67202,2,Be,1.5080692,0.37837058,1.1391888
JVASP-67202,3,Be,1.5080692,0.37837058,1.1391888
JVASP-67202,4,Tl,332.96896,1.4381237,334.31003
JVASP-67202,5,Tl,332.96896,1.4381237,334.31003
JVASP-15774,0,Tb,23.27995,0.22175653,23.060402
JVASP-15774,1,Tb,23.27995,0.22175653,23.060402
JVASP-15774,2,Cu,9.366849,1.3322626,8.035296
JVASP-15774,3,Cu,9.366849,1.3322626,8.035296
JVASP-15774,4,As,332.18756,3.3716793,328.89804
JVASP-15774,5,As,332.18756,3.3716793,328.89804
JVASP-15774,6,As,43.88261,3.317562,47.119354
JVASP-15774,7,As,43.88261,3.317562,47.119354
JVASP-16388,0,Y,14.029044,0.04573929,14.049199
JVASP-16388,1,Y,14.029044,0.04573929,14.049199
JVASP-16388,2,Cu,9.686915,1.328704,8.3589325
JVASP-16388,3,Cu,9.686915,1.328704,8.3589325
JVASP-16388,4,As,329.56335,3.3503458,326.29495
JVASP-16388,5,As,329.56335,3.3503458,326.29495
JVASP-16388,6,As,43.1249,3.2962596,46.340736
JVASP-16388,7,As,43.1249,3.2962596,46.340736
JVASP-7642,0,Al,6.603536,0.24725111,6.6854553
JVASP-7642,1,Al,6.603536,0.24725111,6.6854553
JVASP-7642,2,K,22.312931,0.4077834,22.223969
JVASP-7642,3,K,22.312931,0.4077834,22.223969
JVASP-7642,4,Te,348.6805,4.4356303,348.83087
JVASP-7642,5,Te,348.67932,4.4356294,346.20218
JVASP-7642,6,Te,348.67932,4.4356294,346.20218
JVASP-7642,7,Te,348.6805,4.4356303,348.83087
JVASP-2295,0,Cu,3.3381438,1.9979016,2.9242918
JVASP-2295,1,Cu,3.3381438,1.9979016,2.9242918
JVASP-2295,2,Ga,0.22394791,0.15479247,0.18759939
JVASP-2295,3,Ga,0.22394791,0.15479247,0.18759939
JVASP-2295,4,Te,352.77917,1.4397702,353.10645
JVASP-2295,5,Te,352.77853,1.43977,351.8658
JVASP-2295,6,Te,352.77902,1.4397702,353.78345
JVASP-2295,7,Te,352.77887,1.4397702,352.2688
JVASP-32414,0,Si,27.201403,0.07991283,27.159275
JVASP-32414,1,Si,27.201403,0.07991283,27.159275
JVASP-32414,2,C,65.07656,1.2682028,65.50802
JVASP-32414,3,C,65.07656,1.2682028,65.50802
JVASP-32414,4,Cl,247.5588,2.0905466,246.03116
JVASP-32414,5,Cl,247.9193,2.3679202,249.09802
JVASP-32414,6,Cl,247.9193,2.3679202,249.09802
JVASP-32414,7,Cl,247.9201,2.3679202,247.35335
JVASP-32414,8,Cl,247.5588,2.0905466,246.03116
JVASP-32414,9,Cl,247.9201,2.3679202,247.35335
JVASP-32414,10,F,325.65088,4.6521316,328.0227
JVASP-32414,11,F,325.65088,4.6521316,322.56265
JVASP-32414,12,F,325.30493,4.555951,327.39508
JVASP-32414,13,F,325.65088,4.6521316,322.56265
JVASP-32414,14,F,325.30493,4.555951,327.39508
JVASP-32414,15,F,325.65088,4.6521316,328.0227
JVASP-8356,0,Mg,3.2166054,0.21928667,3.1072047
JVASP-8356,1,W,324.1074,0.6157281,323.74594
JVASP-8356,2,F,116.54201,2.4252684,117.328026
JVASP-8356,3,F,116.54197,2.4252696,115.467865
JVASP-8356,4,F,116.54189,2.425268,116.37545
JVASP-8356,5,F,116.54197,2.4252696,115.467865
JVASP-8356,6,F,116.54201,2.4252684,117.328026
JVASP-8356,7,F,116.54189,2.425268,116.37545
JVASP-7981,0,Lu,0.0,0.28954962,0.28954962
JVASP-7981,1,Tl,322.36264,1.29948,322.5509
JVASP-7981,2,Tl,322.36264,1.29948,321.15656
JVASP-7981,3,Tl,322.36264,1.29948,323.3844
JVASP-5236,0,P,131.4012,0.93004745,131.68616
JVASP-5236,1,P,131.4012,0.93004745,131.68985
JVASP-5236,2,P,131.4012,0.93004745,131.68985
JVASP-5236,3,P,131.4012,0.93004745,131.68616
JVASP-5236,4,Cl,317.52054,1.1520023,317.83987
JVASP-5236,5,Cl,317.52054,1.1520023,317.83243
JVASP-5236,6,Cl,317.52054,1.1520023,317.84616
JVASP-5236,7,Cl,317.52054,1.1520023,317.84473
JVASP-5236,8,Cl,319.43216,0.4623751,319.2954
JVASP-5236,9,Cl,319.43216,0.4623751,319.29385
JVASP-5236,10,Cl,319.43216,0.4623751,319.29385
JVASP-5236,11,Cl,319.43216,0.4623751,319.2954
JVASP-5236,12,Cl,317.52054,1.1520023,317.84473
JVASP-5236,13,Cl,317.52054,1.1520023,317.84616
JVASP-5236,14,Cl,317.52054,1.1520023,317.83243
JVASP-5236,15,Cl,317.52054,1.1520023,317.83987
JVASP-17605,0,Np,55.280087,0.6884508,54.606117
JVASP-17605,1,Np,55.280087,0.6884508,54.606117
JVASP-17605,2,As,318.97992,3.1949189,315.8634
JVASP-17605,3,As,318.97992,3.1949189,315.8634
JVASP-17605,4,Se,1.412539,5.1690416,3.7970278
JVASP-17605,5,Se,1.412539,5.1690416,3.7970278
JVASP-5254,0,Bi,325.51254,1.0252851,325.1138
JVASP-5254,1,Bi,325.51254,1.0252851,325.1138
JVASP-5254,2,Bi,325.51254,1.0252851,325.08725
JVASP-5254,3,Bi,325.51254,1.0252851,325.08725
JVASP-5254,4,S,59.61262,1.6817266,59.22708
JVASP-5254,5,S,59.61262,1.6817266,59.247547
JVASP-5254,6,S,59.61262,1.6817266,59.247547
JVASP-5254,7,S,59.61262,1.6817266,59.22708
JVASP-5254,8,Br,208.99298,4.651743,208.49672
JVASP-5254,9,Br,208.99298,4.651743,208.48679
JVASP-5254,10,Br,208.99298,4.651743,208.48679
JVASP-5254,11,Br,208.99298,4.651743,208.49672
JVASP-32441,0,Sb,22.35505,0.43787444,22.260796
JVASP-32441,1,S,174.11166,1.4264035,174.2947
JVASP-32441,2,S,174.11166,1.4264035,174.2947
JVASP-32441,3,N,15.708829,2.3035038,15.727735
JVASP-32441,4,Cl,294.61404,1.6519799,295.41513
JVASP-32441,5,Cl,314.92944,2.0303915,315.0948
JVASP-32441,6,Cl,294.6142,1.6519779,293.59708
JVASP-32441,7,Cl,314.92944,2.0303915,315.0948
JVASP-32441,8,Cl,294.61404,1.6519799,295.41513
JVASP-32441,9,Cl,294.6142,1.6519779,293.59708
JVASP-67729,0,Be,9.205999,0.08878069,9.286517
JVASP-67729,1,Bi,313.41794,1.070848,313.34048
JVASP-67729,2,K,41.450268,0.4903425,40.96414
JVASP-18143,0,Tb,51.410038,0.14692536,51.552067
JVASP-18143,1,Tb,51.410484,0.14692636,51.551735
JVASP-18143,2,Tb,51.410484,0.14692636,51.55473
JVASP-18143,3,In,38.132072,0.37221247,37.96981
JVASP-18143,4,In,38.133278,0.37221256,38.473793
JVASP-18143,5,In,38.132072,0.37221247,37.94452
JVASP-18143,6,Ir,139.42986,1.4518656,138.00078
JVASP-18143,7,Ir,311.67673,1.4440705,310.25595
JVASP-18143,8,Ir,311.67673,1.4440705,310.25595
JVASP-67124,0,Be,7.561575,0.30680054,7.861801
JVASP-67124,1,Hg,198.9304,1.530849,200.39369
JVASP-67124,2,Re,310.44424,0.91135067,309.54178
JVASP-30498,0,Hf,45.610313,0.48695365,45.760777
JVASP-30498,1,Te,93.88221,5.6769953,99.24386
JVASP-30498,2,Se,287.14377,4.9094477,290.3165
JVASP-30498,3,Se,309.54773,4.6856637,307.8129
JVASP-30498,4,Se,309.54773,4.6856637,307.8129
JVASP-30498,5,Se,287.14377,4.9094477,290.3165
JVASP-65513,0,Ba,306.41074,0.19130392,306.6006
JVASP-65513,1,Tc,18.299322,0.2832465,18.581295
JVASP-65513,2,Pd,42.525593,1.2837093,41.241924
JVASP-65513,3,Pd,15.862895,1.1478595,17.010046
JVASP-41962,0,Ba,305.3738,0.25718012,305.63046
JVASP-41962,1,Ba,6.302537,0.17314748,6.133637
JVASP-41962,2,Ga,27.283234,0.37657928,26.986677
JVASP-41962,3,Ga,27.283234,0.37657928,26.986677
JVASP-41962,4,O,152.6209,1.4997562,153.20145
JVASP-41962,5,O,152.6209,1.4997562,153.20145
JVASP-41962,6,O,152.6209,1.4997562,152.75104
JVASP-41962,7,O,152.6209,1.4997562,152.75104
JVASP-41962,8,O,124.519806,1.5574824,122.981125
JVASP-35103,0,Th,85.04874,0.7141678,85.75892
JVASP-35103,1,Th,85.04874,0.7141678,85.75892
JVASP-35103,2,Sb,304.5516,1.8520157,302.8299
JVASP-35103,3,Sb,304.5516,1.8520157,302.8299
JVASP-35103,4,Te,79.72763,5.1306477,74.79359
JVASP-35103,5,Te,79.72763,5.1306477,74.79359
JVASP-22680,0,K,13.424837,0.2135788,13.214328
JVASP-22680,1,K,13.424837,0.2135788,13.214328
JVASP-22680,2,H,10.545889,0.609891,10.894052
JVASP-22680,3,H,10.545889,0.609891,10.894052
JVASP-22680,4,H,10.545889,0.60988855,10.812819
JVASP-22680,5,H,10.545889,0.60988855,10.812819
JVASP-22680,6,Pd,303.15292,2.3416703,300.81177
JVASP-8350,0,Ca,13.945661,0.20909531,13.837878
JVASP-8350,1,W,302.0575,0.76052696,301.62585
JVASP-8350,2,F,104.08384,2.788183,104.87539
JVASP-8350,3,F,104.08396,2.7881837,102.48443
JVASP-8350,4,F,104.08373,2.7881837,104.17494
JVASP-8350,5,F,104.08396,2.7881837,102.48443
JVASP-8350,6,F,104.08384,2.788183,104.87539
JVASP-8350,7,F,104.08373,2.7881837,104.17494
JVASP-80761,0,Sr,74.288956,0.21625283,74.50424
JVASP-80761,1,Sr,74.288956,0.21625283,74.50424
JVASP-80761,2,Li,0.45197564,0.246583,0.694807
JVASP-80761,3,Li,0.45197564,0.246583,0.694807
JVASP-80761,4,Li,0.45197564,0.246583,0.694807
JVASP-80761,5,Li,0.45197564,0.246583,0.694807
JVASP-80761,6,Tl,329.80685,1.2274296,329.32986
JVASP-80761,7,Tl,329.80685,1.2274296,329.32986
JVASP-14165,0,Li,0.19410478,0.043008685,0.20789231
JVASP-14165,1,Li,0.19410478,0.043008685,0.20789231
JVASP-14165,2,O,157.81126,1.9881362,156.2851
JVASP-14165,3,O,157.81177,1.9881365,159.08563
JVASP-14165,4,O,164.66315,2.3007994,164.21494
JVASP-14165,5,O,164.66315,2.3007994,164.21494
JVASP-14165,6,O,157.81177,1.9881365,159.08563
JVASP-14165,7,O,157.81126,1.9881362,156.2851
JVASP-14165,8,F,297.67563,2.1549053,298.43716
JVASP-14165,9,F,297.67563,2.1549053,298.43716
JVASP-14165,10,S,111.53582,2.136882,109.97293
JVASP-14165,11,S,111.53582,2.136882,109.97293
JVASP-2841,0,Se,304.8801,3.985077,302.88156
JVASP-2841,1,Se,304.8801,3.985077,302.88156
JVASP-2841,2,Rb,42.69898,0.17051677,42.620422
JVASP-2841,3,Rb,42.69898,0.17051677,42.620422
JVASP-2841,4,Pt,271.14636,2.0103843,270.47928
JVASP-39573,0,Tl,86.30695,1.3042872,85.098564
JVASP-39573,1,Tl,86.30695,1.3042872,85.098564
JVASP-39573,2,Tl,295.37827,1.3042872,296.58844
JVASP-39573,3,Tl,86.30695,1.3042872,85.098564
JVASP-39573,4,Tl,86.30695,1.3042872,85.098564
JVASP-39573,5,Tl,295.37827,1.3042872,296.58844
JVASP-39573,6,H,0.15921684,0.07841587,0.19954436
JVASP-39573,7,H,0.15921684,0.07841587,0.19954436
JVASP-80760,0,Mg,4.1634803,0.39985788,4.321274
JVASP-80760,1,Mg,4.1634803,0.39985788,4.321274
JVASP-80760,2,Ru,70.119095,0.4484929,70.388885
JVASP-80760,3,Ru,70.119095,0.4484929,70.388885
JVASP-80760,4,Ru,70.119095,0.4484929,70.388885
JVASP-80760,5,Ru,70.119095,0.4484929,70.388885
JVASP-80760,6,W,302.4605,0.72634417,302.0533
JVASP-80760,7,W,302.4605,0.72634417,302.0533
JVASP-35336,0,Yb,255.65936,0.26096252,255.40753
JVASP-35336,1,B,1.5399125,0.29981247,1.2544689
JVASP-35336,2,B,1.5399125,0.29981247,1.2544689
JVASP-35336,3,Ir,313.56274,1.3409065,313.92407
JVASP-35336,4,Ir,313.5622,1.3409045,313.5734
JVASP-35336,5,Ir,313.56274,1.3409065,313.87698
JVASP-17644,0,Fe,17.00888,0.8234487,17.540226
JVASP-17644,1,Fe,17.00888,0.8234487,17.540226
JVASP-17644,2,Ge,102.55234,1.1375277,103.247795
JVASP-17644,3,Ge,102.55234,1.1375277,103.247795
JVASP-17644,4,Th,293.34192,0.6323884,293.74454
JVASP-37364,0,Sm,8.587911,0.10927318,8.683233
JVASP-37364,1,Sm,8.587911,0.10927318,8.683233
JVASP-37364,2,Ni,4.8859158,2.2099266,7.0890894
JVASP-37364,3,Ni,4.8859158,2.2099266,7.0890894
JVASP-37364,4,Ni,9.477076,1.587232,11.057483
JVASP-37364,5,Ni,9.477076,1.587232,11.057483
JVASP-37364,6,Bi,81.52718,1.0753791,82.049995
JVASP-37364,7,Bi,81.52718,1.0753791,82.049995
JVASP-37364,8,Bi,292.52786,1.0589175,293.00656
JVASP-37364,9,Bi,292.52786,1.0589175,293.00656
JVASP-8406,0,Ba,291.39374,0.17554082,291.22363
JVASP-8406,1,Al,2.1155424,0.608556,1.5072455
JVASP-8406,2,Cu,90.940575,0.60520047,91.537865
JVASP-8406,3,Ag,108.471565,0.665327,107.88953
JVASP-8406,4,O,76.06833,0.95683503,75.83746
JVASP-8406,5,O,76.06833,0.95683503,76.376854
JVASP-8406,6,O,91.55863,1.1948506,91.807045
JVASP-8406,7,O,91.55863,1.1948506,92.25771
JVASP-8406,8,O,119.09419,1.0451956,118.07955
JVASP-26358,0,Ho,36.79052,0.24291056,37.026844
JVASP-26358,1,Bi,289.8424,1.0969574,290.2541
JVASP-26358,2,Bi,289.8424,1.0969574,290.2541
JVASP-26358,3,Cl,1.2451572,4.118555,2.9006684
JVASP-26358,4,O,92.57811,0.93447834,92.85886
JVASP-26358,5,O,92.57811,0.93447834,92.85886
JVASP-26358,6,O,92.57811,0.93447834,92.29555
JVASP-26358,7,O,92.57811,0.93447834,92.29555
JVASP-26409,0,Y,22.640635,0.26236254,22.902592
JVASP-26409,1,Bi,288.43967,1.0950469,288.84015
JVASP-26409,2,Bi,288.43967,1.0950469,288.84015
JVASP-26409,3,Cl,2.9067278,4.122205,1.3583605
JVASP-26409,4,O,93.89883,0.930935,93.61965
JVASP-26409,5,O,93.89883,0.930935,94.18631
JVASP-26409,6,O,93.89883,0.930935,94.18631
JVASP-26409,7,O,93.89883,0.930935,93.61965
JVASP-29499,0,Cd,108.69212,2.2138503,110.08073
JVASP-29499,1,Cd,80.66538,2.2083857,82.271805
JVASP-29499,2,Bi,288.433,1.0227439,288.28607
JVASP-29499,3,Bi,288.433,1.0227439,288.28607
JVASP-29499,4,S,68.99106,1.9786044,70.59591
JVASP-29499,5,S,28.20553,1.8273867,26.747133
JVASP-29499,6,S,68.99106,1.9786044,70.59591
JVASP-29499,7,S,28.20553,1.8273867,26.747133
JVASP-29499,8,Br,170.38971,5.5661535,167.0693
JVASP-29499,9,Br,170.38971,5.5661535,167.0693
JVASP-17928,0,Y,286.26044,0.06688365,286.2563
JVASP-17928,1,Y,286.26044,0.06688365,286.32016
JVASP-17928,2,Y,286.26044,0.06688365,286.2049
JVASP-17928,3,Pb,0.0,1.1589139,1.1589139
JVASP-17928,4,C,0.0,0.10208897,0.10208897
JVASP-18166,0,U,5.399492,0.6109882,4.805945
JVASP-18166,1,U,5.399492,0.6109882,4.805945
JVASP-18166,2,Ni,24.663914,1.1714654,23.493383
JVASP-18166,3,Ni,24.663914,1.1714654,23.493383
JVASP-18166,4,As,285.0806,3.1840024,281.97534
JVASP-18166,5,As,98.70382,3.1033094,101.72311
JVASP-18166,6,As,285.0806,3.1840024,281.97534
JVASP-18166,7,As,98.70382,3.1033094,101.72311
JVASP-11200,0,Na,8.276781,0.45077735,8.095076
JVASP-11200,1,Na,8.276781,0.45077735,8.093021
JVASP-11200,2,Na,5.846156,0.4497155,6.1559215
JVASP-11200,3,Na,5.846156,0.4497155,6.155223
JVASP-11200,4,Se,278.1236,3.1658928,277.319
JVASP-11200,5,Se,278.1236,3.1658928,277.31143
JVASP-11200,6,Se,265.89722,3.477536,265.14423
JVASP-11200,7,Se,265.89722,3.477536,265.13602
JVASP-11200,8,Pt,296.72748,1.6205022,296.75974
JVASP-11200,9,Pt,296.72748,1.6205022,296.7521
JVASP-29470,0,Ag,48.05817,1.2094334,46.854366
JVASP-29470,1,Ag,48.05817,1.2094334,46.854366
JVASP-29470,2,Pb,282.65234,1.0838017,283.3191
JVASP-29470,3,Pb,282.65234,1.0838017,283.3191
JVASP-29470,4,Br,132.02505,4.436815,127.7151
JVASP-29470,5,Br,132.02505,4.436815,127.7151
JVASP-29470,6,O,10.216822,1.820397,8.401782
JVASP-29470,7,O,10.216822,1.820397,8.401782
JVASP-35499,0,Mn,96.11063,0.604649,96.66397
JVASP-35499,1,N,6.4070487,0.59876066,5.810711
JVASP-35499,2,N,6.4070487,0.59876066,5.810711
JVASP-35499,3,Cl,175.36061,0.35864645,175.59824
JVASP-35499,4,Cl,175.36061,0.35864645,175.59824
JVASP-35499,5,Cl,281.37238,1.6906058,281.02002
JVASP-35499,6,Cl,281.37238,1.6906058,280.1843
JVASP-8407,0,Ba,280.56863,0.15797567,280.418
JVASP-8407,1,Al,0.725049,0.6937089,0.036163833
JVASP-8407,2,Cu,69.777794,0.61997414,70.39032
JVASP-8407,3,Cu,69.71411,0.6200422,70.326706
JVASP-8407,4,O,98.263664,1.2398136,98.64569
JVASP-8407,5,O,98.263664,1.2398136,99.057304
JVASP-8407,6,O,98.36301,1.2400135,98.744316
JVASP-8407,7,O,98.36301,1.2400135,99.15606
JVASP-8407,8,O,139.95078,1.2063452,138.7659
JVASP-12745,0,Cl,66.94247,1.4586197,67.42088
JVASP-12745,1,Cl,66.94136,1.4586194,66.22672
JVASP-12745,2,Cl,66.94136,1.4586194,66.22672
JVASP-12745,3,Cl,66.94247,1.4586197,67.42088
JVASP-12745,4,Cl,66.942314,1.4586196,66.777985
JVASP-12745,5,Cl,66.94287,1.4586197,67.3991
JVASP-12745,6,Cl,66.942314,1.4586196,66.777985
JVASP-12745,7,Cl,66.94287,1.4586197,67.3991
JVASP-12745,8,Pa,279.50702,0.73481363,279.61124
JVASP-12745,9,Pa,279.50702,0.73481363,279.61124
JVASP-16264,0,Y,278.68335,0.047037944,278.6719
JVASP-16264,1,Y,278.68335,0.047037944,278.64984
JVASP-16264,2,Y,278.68335,0.047037944,278.72833
JVASP-16264,3,Ga,0.0,0.20974724,0.20974724
JVASP-16264,4,C,0.0,0.10356569,0.10356569
JVASP-2748,0,F,280.69345,2.4284387,281.9685
JVASP-2748,1,F,280.69485,2.4284394,279.39783
JVASP-2748,2,F,280.6947,2.4284391,280.8298
JVASP-2748,3,F,280.69485,2.4284394,279.39783
JVASP-2748,4,F,280.69345,2.4284387,281.9685
JVASP-2748,5,F,280.6947,2.4284391,280.8298
JVASP-2748,6,Zn,9.327241,0.35725567,9.169677
JVASP-2748,7,Pt,8.703605,0.84786654,9.239168
JVASP-35528,0,Cd,30.19976,2.2511814,27.952477
JVASP-35528,1,Ag,11.343587,2.1978693,13.535838
JVASP-35528,2,Ag,11.343587,2.1978693,13.535838
JVASP-35528,3,I,320.02466,2.0654268,319.7871
JVASP-35528,4,I,320.02466,2.0654268,319.7667
JVASP-35528,5,I,320.02466,2.0654268,319.77634
JVASP-35528,6,I,320.02466,2.0654268,319.77866
JVASP-77442,0,Mn,34.28758,0.140611,34.16175
JVASP-77442,1,Mn,34.28758,0.140611,34.16175
JVASP-77442,2,V,103.705284,0.46403658,103.54629
JVASP-77442,3,V,103.705284,0.46403658,103.54629
JVASP-77442,4,Os,279.41333,1.0328035,280.09756
JVASP-77442,5,Os,279.41333,1.0328035,280.09756
JVASP-77442,6,Os,279.41333,1.0328035,280.09756
JVASP-77442,7,Os,279.41333,1.0328035,280.09756
JVASP-12125,0,Zn,90.03163,0.79252726,90.07856
JVASP-12125,1,Zn,90.03163,0.79252726,90.07856
JVASP-12125,2,Zn,90.03163,0.79252726,90.07856
JVASP-12125,3,Zn,90.03163,0.79252726,90.07856
JVASP-12125,4,W,293.3159,0.7102012,293.6546
JVASP-12125,5,W,293.3159,0.7102012,293.6546
JVASP-12125,6,W,293.3159,0.7102012,293.6546
JVASP-12125,7,W,293.3159,0.7102012,293.6546
JVASP-12125,8,O,31.328854,1.4096725,31.96412
JVASP-12125,9,O,70.38437,1.2536461,69.47078
JVASP-12125,10,O,31.328854,1.4096725,31.941248
JVASP-12125,11,O,70.38437,1.2536461,69.502495
JVASP-12125,12,O,31.328854,1.4096725,31.96412
JVASP-12125,13,O,31.328854,1.4096725,31.941248
JVASP-12125,14,O,70.38437,1.2536461,69.47078
JVASP-12125,15,O,70.38437,1.2536461,69.502495
JVASP-12125,16,O,31.328854,1.4096725,31.96412
JVASP-12125,17,O,70.38437,1.2536461,69.47078
JVASP-12125,18,O,31.328854,1.4096725,31.941248
JVASP-12125,19,O,70.38437,1.2536461,69.502495
JVASP-12125,20,O,31.328854,1.4096725,31.96412
JVASP-12125,21,O,31.328854,1.4096725,31.941248
JVASP-12125,22,O,70.38437,1.2536461,69.47078
JVASP-12125,23,O,70.38437,1.2536461,69.502495
JVASP-16648,0,Sc,37.035004,0.5819928,36.533276
JVASP-16648,1,Sc,37.034492,0.5819931,36.591343
JVASP-16648,2,Sc,37.035004,0.5819928,36.525238
JVASP-16648,3,Sc,42.57869,0.61558557,42.78474
JVASP-16648,4,Sc,42.576378,0.61558557,42.878635
JVASP-16648,5,Sc,42.57869,0.61558557,42.773003
JVASP-16648,6,Te,70.471825,4.3159246,66.3426
JVASP-16648,7,Te,70.471825,4.3159246,66.3426
JVASP-16648,8,Os,274.33713,1.2294987,273.12238
JVASP-2784,0,O,63.890743,1.3496666,62.84752
JVASP-2784,1,As,86.0024,2.255163,84.29088
JVASP-2784,2,As,86.0024,2.255163,84.29088
JVASP-2784,3,Ba,90.764496,0.081686705,90.828804
JVASP-2784,4,Ba,90.764496,0.081686705,90.828804
JVASP-2784,5,Ba,273.07654,0.26455045,272.9611
JVASP-2784,6,Ba,273.07516,0.26455033,272.9877
JVASP-85169,0,Eu,50.019,0.61663866,49.403034
JVASP-85169,1,Eu,50.019,0.61663866,49.403027
JVASP-85169,2,Bi,271.99146,0.99916005,271.69696
JVASP-85169,3,Bi,271.99146,0.99916005,271.697
JVASP-85169,4,Au,105.11018,2.46296,102.67842
JVASP-85169,5,Au,105.11018,2.46296,102.67843
JVASP-38901,0,Hg,271.4639,1.7543755,273.16412
JVASP-38901,1,Os,184.95241,1.0694578,183.89624
JVASP-2679,0,F,270.94257,2.6753113,272.10117
JVASP-2679,1,F,270.9422,2.6753109,269.2449
JVASP-2679,2,F,270.94342,2.6753109,271.46973
JVASP-2679,3,F,270.9422,2.6753109,269.2449
JVASP-2679,4,F,270.94257,2.6753113,272.10117
JVASP-2679,5,F,270.94342,2.6753109,271.46973
JVASP-2679,6,Ca,5.6524067,0.18651192,5.7572827
JVASP-2679,7,Pd,3.084645,0.85708153,2.6634238
JVASP-10148,0,F,114.129196,3.5599587,114.68115
JVASP-10148,1,F,114.12926,3.5599587,114.70235
JVASP-10148,2,F,114.12926,3.5599587,114.70235
JVASP-10148,3,F,114.129196,3.5599587,114.68115
JVASP-10148,4,F,72.58774,3.366266,71.770615
JVASP-10148,5,F,72.58774,3.366266,71.770615
JVASP-10148,6,Rb,119.1322,0.12527825,119.11268
JVASP-10148,7,Rb,119.1322,0.12527825,119.11268
JVASP-10148,8,Rb,111.820885,0.13505533,111.790985
JVASP-10148,9,Tl,269.98816,1.507887,269.69293
JVASP-64954,0,Y,104.95001,0.05592937,104.902466
JVASP-64954,1,Y,104.95001,0.05592937,104.902466
JVASP-64954,2,Hf,268.93356,0.46299523,268.47186
JVASP-64954,3,Hf,268.93356,0.46299523,268.47186
JVASP-64954,4,Be,3.413772,0.4778814,3.8834171
JVASP-64954,5,Be,1.0222538,0.4778814,1.4937298
JVASP-64954,6,Be,3.413772,0.4778814,3.8834171
JVASP-64954,7,Be,1.0222538,0.4778814,1.4937298
JVASP-65495,0,Ba,268.61783,0.14902584,268.76593
JVASP-65495,1,Ta,254.85228,0.66154844,254.19441
JVASP-65495,2,Ta,254.85228,0.66154844,254.19441
JVASP-65495,3,Tl,152.46931,1.352052,151.22417
JVASP-14861,0,Ge,80.314095,1.0446886,80.02895
JVASP-14861,1,Ge,80.314095,1.0446886,80.02895
JVASP-14861,2,Ge,80.314095,1.0446886,80.02909
JVASP-14861,3,Ge,80.314095,1.0446886,80.02909
JVASP-14861,4,Ir,287.3865,1.4167348,286.94492
JVASP-14861,5,Ir,287.3865,1.4167348,286.94492
JVASP-14861,6,Ir,287.3865,1.4167348,286.9454
JVASP-14861,7,Ir,287.3865,1.4167348,286.9454
JVASP-2217,0,Ge,8.838151,0.14604284,8.922623
JVASP-2217,1,Se,275.72296,2.6082902,274.95544
JVASP-2217,2,Se,275.7218,2.6082902,275.24026
JVASP-2217,3,Se,275.72205,2.6082902,278.02115
JVASP-2217,4,Se,275.72156,2.6082902,275.3459
JVASP-2217,5,Hg,82.08167,2.678499,80.837036
JVASP-2217,6,Hg,84.23053,2.6781247,82.98534
JVASP-36582,0,Mg,10.371958,0.12249764,10.434206
JVASP-36582,1,Mg,10.371958,0.12249764,10.434206
JVASP-36582,2,Ge,7.796726,0.12298033,7.681133
JVASP-36582,3,Ge,7.796726,0.12298033,7.681133
JVASP-36582,4,As,286.7294,0.19579351,286.73627
JVASP-36582,5,As,286.7294,0.19579351,286.7194
JVASP-36582,6,As,286.7294,0.19579351,286.7364
JVASP-36582,7,As,286.7294,0.19579351,286.7218
JVASP-54574,0,Pr,48.729702,0.11464271,48.760025
JVASP-54574,1,Pr,48.729702,0.11464271,48.762054
JVASP-54574,2,Pr,48.73003,0.11464253,48.76521
JVASP-54574,3,In,57.80112,0.33140907,57.978786
JVASP-54574,4,In,57.80112,0.33140907,57.954525
JVASP-54574,5,In,57.800194,0.33140916,57.46926
JVASP-54574,6,Au,31.922157,2.2386415,29.717426
JVASP-54574,7,Au,264.61838,2.2243693,262.4267
JVASP-54574,8,Au,264.61838,2.2243693,262.4267
JVASP-81274,0,Li,0.6785087,0.27904367,0.95270103
JVASP-81274,1,Li,0.6785087,0.27904367,0.95270103
JVASP-81274,2,Zr,0.25637993,0.12175858,0.14439394
JVASP-81274,3,Zr,0.25637993,0.12175858,0.14439394
JVASP-81274,4,Zr,0.25637993,0.12175858,0.14439394
JVASP-81274,5,Zr,0.25637993,0.12175858,0.14439394
JVASP-81274,6,Pt,263.82635,1.9465572,261.90488
JVASP-81274,7,Pt,263.82635,1.9465572,261.90488
JVASP-2268,0,Th,262.8572,0.8026816,262.06018
JVASP-2268,1,Th,262.8572,0.8026816,262.06018
JVASP-2268,2,Te,14.683874,4.5630035,10.365089
JVASP-2268,3,Te,14.683874,4.5630035,10.365089
JVASP-2268,4,O,1.0018413,1.4698169,0.47444293
JVASP-2268,5,O,1.0018413,1.4698169,0.47444293
JVASP-17476,0,O,24.341469,1.4627612,25.682278
JVASP-17476,1,O,24.341469,1.4627612,25.682278
JVASP-17476,2,O,25.364641,1.0858961,24.40469
JVASP-17476,3,O,25.364641,1.0858961,24.40469
JVASP-17476,4,Fe,12.564345,0.18547456,12.724371
JVASP-17476,5,Fe,12.564345,0.18547456,12.724371
JVASP-17476,6,Er,261.7793,0.3730678,261.4348
JVASP-26420,0,Y,18.572031,0.2583653,18.829948
JVASP-26420,1,Bi,260.65268,1.0843006,260.93936
JVASP-26420,2,Bi,260.65268,1.0843006,260.93936
JVASP-26420,3,Br,25.210148,6.7977123,31.911467
JVASP-26420,4,O,92.58714,0.9235597,92.32214
JVASP-26420,5,O,92.58714,0.9235597,92.897995
JVASP-26420,6,O,92.58714,0.9235597,92.32214
JVASP-26420,7,O,92.58714,0.9235597,92.897995
JVASP-26316,0,Nd,110.85737,0.10382646,110.953476
JVASP-26316,1,Bi,259.9415,1.0833684,260.24136
JVASP-26316,2,Bi,259.9415,1.0833684,260.24136
JVASP-26316,3,Cl,14.420146,4.1687512,10.340512
JVASP-26316,4,O,106.80291,1.4610347,106.65081
JVASP-26316,5,O,106.80291,1.4610347,106.65081
JVASP-26316,6,O,106.80291,1.4610347,107.04137
JVASP-26316,7,O,106.80291,1.4610347,107.04137
JVASP-26416,0,Dy,35.208965,0.12105393,35.321686
JVASP-26416,1,Bi,259.00986,1.0843937,259.29785
JVASP-26416,2,Bi,259.00986,1.0843937,259.29785
JVASP-26416,3,Br,25.315477,6.797634,32.016632
JVASP-26416,4,O,92.93059,0.92412335,93.23954
JVASP-26416,5,O,92.93059,0.92412335,93.23954
JVASP-26416,6,O,92.93059,0.92412335,92.663956
JVASP-26416,7,O,92.93059,0.92412335,92.663956
JVASP-81804,0,Li,2.369056,0.16387679,2.2085
JVASP-81804,1,Li,2.369056,0.16387679,2.2085
JVASP-81804,2,Li,2.369056,0.16387679,2.2085
JVASP-81804,3,Li,2.369056,0.16387679,2.2085
JVASP-81804,4,Ag,117.12555,0.65718925,117.543686
JVASP-81804,5,Ag,117.12555,0.65718925,117.543686
JVASP-81804,6,As,260.58755,2.9533732,257.65356
JVASP-81804,7,As,260.58755,2.9533732,257.65356
JVASP-10303,0,As,270.6561,2.521369,269.15604
JVASP-10303,1,As,270.6565,2.5213606,270.774
JVASP-10303,2,As,270.6561,2.521369,269.15604
JVASP-10303,3,As,270.6565,2.5213606,270.774
JVASP-10303,4,Rb,51.82168,0.25412884,51.738853
JVASP-10303,5,Rb,51.821835,0.25412837,51.719025
JVASP-10303,6,Rb,51.82168,0.25412884,51.738853
JVASP-10303,7,Rb,51.821835,0.25412837,51.719025
JVASP-10303,8,Sn,5.3645797,1.6224726,6.347804
JVASP-10303,9,Sn,5.3645797,1.6224726,6.347804
JVASP-12778,0,I,271.5919,3.3770998,274.95422
JVASP-12778,1,I,271.5919,3.3770998,274.95422
JVASP-12778,2,I,256.14526,3.6044528,253.48071
JVASP-12778,3,I,256.14526,3.6044528,253.48071
JVASP-12778,4,I,256.14526,3.6044528,253.47345
JVASP-12778,5,I,256.14526,3.6044528,253.47345
JVASP-12778,6,Tl,60.097404,1.0611722,59.377953
JVASP-12778,7,Tl,60.097404,1.0611722,59.377953
JVASP-12778,8,Pb,21.154335,1.1137542,20.560429
JVASP-12778,9,Pb,21.154335,1.1137542,20.57074
JVASP-15877,0,Y,0.8622204,0.06401007,0.8055228
JVASP-15877,1,Y,0.8622204,0.06401007,0.8055228
JVASP-15877,2,Ge,45.144096,0.736427,45.84575
JVASP-15877,3,Ge,45.144096,0.736427,45.84575
JVASP-15877,4,Au,255.14987,2.242934,252.94023
JVASP-15877,5,Au,255.14987,2.242934,252.94023
JVASP-32943,0,As,5.0925655,2.9458656,6.6691356
JVASP-32943,1,N,22.359917,2.38874,23.61155
JVASP-32943,2,O,155.5728,2.6378849,154.52686
JVASP-32943,3,O,155.5728,2.6378849,154.52686
JVASP-32943,4,F,254.52907,3.2442994,254.57533
JVASP-32943,5,F,250.92296,2.2763393,251.1508
JVASP-32943,6,F,250.92258,2.2763395,250.80959
JVASP-32943,7,F,250.92258,2.2763395,250.80959
JVASP-32943,8,F,250.92296,2.2763393,251.1508
JVASP-32943,9,F,254.52907,3.2442994,254.57533
JVASP-67806,0,Be,1.8232373,0.28239387,1.5468786
JVASP-67806,1,Cl,67.35362,0.21058063,67.22224
JVASP-67806,2,Sb,254.10762,1.6200099,252.6232
JVASP-65415,0,Ba,253.27197,0.16418944,253.4341
JVASP-65415,1,Hf,69.58271,0.5102265,69.07352
JVASP-65415,2,Cu,55.430225,1.7846152,53.651546
JVASP-65415,3,Cu,10.275595,1.6689796,8.609145
JVASP-15158,0,Er,252.8347,0.056381587,252.82005
JVASP-15158,1,Er,252.8347,0.056381587,252.82005
JVASP-15158,2,Fe,75.33079,0.5777365,74.75325
JVASP-15158,3,Fe,75.33079,0.5777365,74.75325
JVASP-15158,4,Fe,75.33079,0.5777365,74.75325
JVASP-15158,5,Fe,75.33079,0.5777365,74.75325
JVASP-15158,6,B,18.959051,0.6831743,18.278234
JVASP-15158,7,B,18.959051,0.6831743,18.278234
JVASP-15158,8,B,18.959051,0.6831743,18.278234
JVASP-15158,9,B,18.959051,0.6831743,18.278234
JVASP-36303,0,Mg,3.0496156,0.12247079,3.1132698
JVASP-36303,1,Mg,3.0496156,0.12247079,3.1132698
JVASP-36303,2,Sn,6.3743887,0.25104487,6.2953944
JVASP-36303,3,Sn,6.3743887,0.25104487,6.2953944
JVASP-36303,4,As,269.0902,0.19923672,269.07425
JVASP-36303,5,As,269.0902,0.19923672,269.09113
JVASP-36303,6,As,269.0902,0.19923672,269.0754
JVASP-36303,7,As,269.0902,0.19923672,269.08984
JVASP-16843,0,Ru,80.22987,1.003834,80.99275
JVASP-16843,1,Ru,80.22987,1.003834,80.99275
JVASP-16843,2,Th,267.14975,0.7123339,267.78134
JVASP-16843,3,Th,267.14975,0.7123339,267.78134
JVASP-3441,0,Mn,10.337039,0.9348632,9.939894
JVASP-3441,1,Ga,5.064813,0.7725813,4.7624483
JVASP-3441,2,Ga,10.451962,1.0477082,10.972442
JVASP-3441,3,Se,268.97034,3.7907572,271.2933
JVASP-3441,4,Se,268.97073,3.7907577,270.54367
JVASP-3441,5,Se,268.97107,3.7907572,266.81512
JVASP-3441,6,Se,268.97028,3.7907572,266.6645
JVASP-67384,0,Be,0.9650989,0.31892905,1.2800143
JVASP-67384,1,Be,0.9650989,0.31892905,1.2800143
JVASP-67384,2,Ga,82.95442,0.43137112,83.3815
JVASP-67384,3,Ga,82.95442,0.43137112,83.3815
JVASP-67384,4,Pt,250.32153,1.4432229,251.73744
JVASP-67384,5,Pt,250.32153,1.4432229,251.73744
JVASP-67626,0,Be,0.50459486,0.3541969,0.17131792
JVASP-67626,1,Be,0.50459486,0.3541969,0.17131792
JVASP-67626,2,Tl,72.16524,1.2999811,70.987335
JVASP-67626,3,Tl,72.16524,1.2999811,70.987335
JVASP-67626,4,Bi,249.43399,1.0133972,249.7282
JVASP-67626,5,Bi,249.43399,1.0133972,249.7282
JVASP-15627,0,Tm,249.0041,0.16747122,248.85124
JVASP-15627,1,Co,34.705467,0.3143284,34.400967
JVASP-15627,2,Co,34.70475,0.31432462,34.39223
JVASP-15627,3,Co,34.705467,0.3143284,34.3999
JVASP-15627,4,B,9.641192,0.3292676,9.963182
JVASP-15627,5,B,9.641192,0.3292676,9.963182
JVASP-67606,0,K,68.634705,0.2932536,68.3417
JVASP-67606,1,Be,2.4519393,0.041653793,2.4222143
JVASP-67606,2,Se,134.4337,4.3300233,130.2209
JVASP-67606,3,Se,248.17986,4.2484336,244.0375
JVASP-78888,0,Th,247.62505,0.6662536,246.96445
JVASP-78888,1,Cd,69.9709,1.3879491,68.584145
JVASP-78888,2,Cd,69.9709,1.3879491,68.584145
JVASP-54575,0,Y,37.653393,0.16028526,37.686253
JVASP-54575,1,Y,37.658195,0.16028608,37.635933
JVASP-54575,2,Y,37.653393,0.16028526,37.690273
JVASP-54575,3,In,68.025696,0.3606472,68.12095
JVASP-54575,4,In,68.03134,0.3606472,67.72809
JVASP-54575,5,In,68.025696,0.3606472,68.138885
JVASP-54575,6,Au,141.9565,2.0756671,139.92015
JVASP-54575,7,Au,247.14127,2.064393,245.11662
JVASP-54575,8,Au,247.14127,2.064393,245.11662
JVASP-12017,0,Nb,246.69914,0.10779142,246.66856
JVASP-12017,1,Nb,246.69914,0.10779142,246.66893
JVASP-12017,2,Nb,246.69914,0.10779142,246.66856
JVASP-12017,3,Nb,246.69914,0.10779142,246.66893
JVASP-12017,4,Br,252.52637,5.337622,256.97528
JVASP-12017,5,Br,241.82782,5.6789184,245.32967
JVASP-12017,6,Br,241.82782,5.6789184,245.32973
JVASP-12017,7,Br,252.52637,5.337622,256.97568
JVASP-12017,8,Br,252.52637,5.337622,256.97528
JVASP-12017,9,Br,241.82782,5.6789184,245.32967
JVASP-12017,10,Br,241.82782,5.6789184,245.32973
JVASP-12017,11,Br,252.52637,5.337622,256.97568
JVASP-12017,12,O,33.751972,1.8714145,32.982967
JVASP-12017,13,O,33.751972,1.8714145,32.983124
JVASP-12017,14,O,33.751972,1.8714145,32.982967
JVASP-12017,15,O,33.751972,1.8714145,32.983124
JVASP-36875,0,Tl,0.01602082,1.2719437,1.2753177
JVASP-36875,1,Cu,0.008831761,1.959489,1.9506937
JVASP-36875,2,Cl,245.96074,1.9004109,244.60646
JVASP-36875,3,Cl,245.96811,1.9002525,245.50269
JVASP-36875,4,Cl,245.98077,1.9002532,247.81143
JVASP-18256,0,Fe,70.44681,1.0010558,70.93676
JVASP-18256,1,Cu,7.5613227,2.0003889,8.736278
JVASP-18256,2,Cu,7.5613227,2.0003889,8.736278
JVASP-18256,3,Se,245.36015,3.7041278,248.36098
JVASP-18256,4,Se,245.35896,3.704127,245.08054
JVASP-18256,5,Se,245.3598,3.7041278,244.26295
JVASP-18256,6,Se,245.35983,3.7041276,243.67049
JVASP-18256,7,Sn,9.98369,0.24932289,9.964941
JVASP-35091,0,Sr,5.0324783,0.09334321,5.1247344
JVASP-35091,1,Sr,5.0324783,0.09334321,5.1247344
JVASP-35091,2,Zn,85.076904,2.469838,82.616455
JVASP-35091,3,Zn,85.076904,2.469838,82.616455
JVASP-35091,4,Pb,245.09349,1.0913246,245.88657
JVASP-35091,5,Pb,245.09349,1.0913246,245.88657
JVASP-65406,0,Ba,244.18065,0.19146027,244.37039
JVASP-65406,1,Mg,7.850614,0.48882526,8.335028
JVASP-65406,2,Ir,11.558325,1.2731152,10.31214
JVASP-65406,3,Ir,11.558325,1.2731152,10.31214
JVASP-55018,0,Nd,243.18112,0.065842755,243.2138
JVASP-55018,1,Si,28.964283,0.93557733,29.538795
JVASP-55018,2,Si,28.964283,0.93557733,29.538795
JVASP-55018,3,Os,235.12698,1.2212313,234.39233
JVASP-55018,4,Os,235.12698,1.2212313,234.39233
JVASP-17662,0,Ce,13.684483,0.18857078,13.872762
JVASP-17662,1,In,118.054794,0.33419377,117.83266
JVASP-17662,2,In,246.81506,0.32376283,247.13783
JVASP-17662,3,In,246.81506,0.32376283,246.57448
JVASP-17662,4,In,246.81506,0.32376283,247.13783
JVASP-17662,5,In,246.81506,0.32376283,246.57448
JVASP-17662,6,Rh,6.5058446,1.5608009,8.065422
JVASP-81103,0,Cd,75.079285,0.31306323,75.11165
JVASP-81103,1,Cd,75.079285,0.31306323,75.11165
JVASP-81103,2,Pd,58.024883,1.5966898,58.1939
JVASP-81103,3,Pd,58.024883,1.5966898,58.1939
JVASP-81103,4,Au,253.14851,1.7197332,251.68431
JVASP-81103,5,Au,253.14851,1.7197332,251.68431
JVASP-81103,6,Au,253.14851,1.7197332,251.68431
JVASP-81103,7,Au,253.14851,1.7197332,251.68431
JVASP-67430,0,Be,7.0561633,0.29785353,6.765982
JVASP-67430,1,Tc,55.25314,0.1410427,55.35228
JVASP-67430,2,W,241.21228,0.5724567,240.65103
JVASP-40827,0,Hf,163.37321,0.49053216,163.56099
JVASP-40827,1,Hf,163.37321,0.49053216,163.56099
JVASP-40827,2,Pt,30.211885,1.5291829,28.884912
JVASP-40827,3,Pt,30.211885,1.5291829,28.884912
JVASP-40827,4,Pb,248.56995,1.2401577,247.45456
JVASP-40827,5,Pb,248.56995,1.2401577,247.45456
JVASP-52782,0,Sr,194.76263,0.35331076,195.11429
JVASP-52782,1,Fe,95.193985,0.4791151,95.11198
JVASP-52782,2,Mo,253.50388,0.19807222,253.53244
JVASP-52782,3,O,41.101402,1.6183857,40.66271
JVASP-52782,4,O,60.156445,1.6634417,59.517937
JVASP-52782,5,O,49.63849,1.5890495,48.209473
JVASP-52782,6,O,52.70996,1.6120598,52.1336
JVASP-52782,7,O,42.76471,1.5134653,42.64836
JVASP-35888,0,Hf,238.86934,0.44655296,239.31517
JVASP-35888,1,Hf,238.86934,0.44655296,239.31517
JVASP-35888,2,Ga,95.49825,0.20735317,95.42292
JVASP-35888,3,Ga,95.49825,0.20735317,95.42292
JVASP-35888,4,Cu,26.666376,1.2505841,25.415821
JVASP-35888,5,Cu,26.666376,1.2505841,25.415821
JVASP-85745,0,Np,198.14702,0.6883484,198.49977
JVASP-85745,1,Np,198.14702,0.6883484,198.433
JVASP-85745,2,Np,198.14702,0.6883484,198.433
JVASP-85745,3,Np,198.14702,0.6883484,198.49977
JVASP-85745,4,In,65.14255,0.3446205,65.01764
JVASP-85745,5,In,65.14255,0.3446205,65.01764
JVASP-85745,6,Pt,243.13893,1.6986241,241.50752
JVASP-85745,7,Pt,243.13893,1.6986241,241.4978
JVASP-85745,8,Pt,243.13893,1.6986241,241.4978
JVASP-85745,9,Pt,243.13893,1.6986241,241.50752
JVASP-79224,0,Nb,157.36348,0.4465549,157.16025
JVASP-79224,1,Nb,157.36348,0.4465549,157.16025
JVASP-79224,2,Cu,57.674297,2.0002437,58.171898
JVASP-79224,3,Re,237.79391,1.1066836,237.88461
JVASP-56893,0,Y,107.265755,0.11271896,107.32894
JVASP-56893,1,Si,19.247612,0.89410055,19.794283
JVASP-56893,2,Si,19.247612,0.89410055,19.794283
JVASP-56893,3,Os,237.3183,1.2194489,236.5937
JVASP-56893,4,Os,237.3183,1.2194489,236.5937
JVASP-35032,0,Pr,0.7568976,0.0775428,0.6830905
JVASP-35032,1,Pr,0.7568976,0.0775428,0.6830905
JVASP-35032,2,Pb,60.24112,1.135885,61.11437
JVASP-35032,3,Pb,60.24112,1.135885,61.11437
JVASP-35032,4,Au,236.65909,2.1343546,234.56616
JVASP-35032,5,Au,236.65909,2.1343546,234.56616
JVASP-15157,0,Tb,235.60295,0.08521967,235.679
JVASP-15157,1,B,3.9240825,0.29137617,4.2045803
JVASP-15157,2,B,3.9240825,0.29137617,4.2045803
JVASP-15157,3,Ru,128.08495,0.71671057,128.04767
JVASP-15157,4,Ru,128.08495,0.71671057,128.03792
JVASP-15157,5,Ru,128.07678,0.716709,128.01482
JVASP-5338,0,S,222.67592,1.6794862,222.90451
JVASP-5338,1,S,222.67592,1.6794862,222.90451
JVASP-5338,2,S,236.45325,1.602246,237.5897
JVASP-5338,3,S,236.45325,1.602246,237.5897
JVASP-5338,4,Cl,166.77763,2.060626,167.21983
JVASP-5338,5,Cl,166.77763,2.0606344,167.19829
JVASP-5338,6,Cl,166.77763,2.060626,167.21983
JVASP-5338,7,Cl,166.77763,2.0606344,167.19829
JVASP-5338,8,Nb,63.31717,0.19825518,63.213467
JVASP-5338,9,Nb,63.31717,0.19825518,63.213467
JVASP-26331,0,Dy,23.328941,0.121088214,23.441813
JVASP-26331,1,Bi,234.62602,1.0850052,234.79562
JVASP-26331,2,Bi,234.62602,1.0850052,234.79562
JVASP-26331,3,I,124.91581,7.7955875,132.51738
JVASP-26331,4,O,91.574394,0.91427225,91.33163
JVASP-26331,5,O,91.574394,0.91427225,91.92183
JVASP-26331,6,O,91.574394,0.91427225,91.33163
JVASP-26331,7,O,91.574394,0.91427225,91.92183
JVASP-17565,0,Ce,10.46422,0.1907522,10.273766
JVASP-17565,1,In,139.02896,0.3482724,138.77982
JVASP-17565,2,In,235.9935,0.33456725,236.32564
JVASP-17565,3,In,235.9935,0.33456725,235.77464
JVASP-17565,4,In,235.9935,0.33456725,236.32564
JVASP-17565,5,In,235.9935,0.33456725,235.77464
JVASP-17565,6,Co,0.25474694,1.3971661,1.1450454
JVASP-8349,0,Zn,8.709418,0.31890285,8.578827
JVASP-8349,1,Co,24.462847,0.50113076,24.200401
JVASP-8349,2,F,234.55635,2.1034179,235.63065
JVASP-8349,3,F,234.55681,2.103418,233.45001
JVASP-8349,4,F,234.55696,2.103418,234.68307
JVASP-8349,5,F,234.55681,2.103418,233.45001
JVASP-8349,6,F,234.55635,2.1034179,235.63065
JVASP-8349,7,F,234.55696,2.103418,234.68307
JVASP-5581,0,Nb,93.67186,0.04058132,93.66868
JVASP-5581,1,Nb,93.67186,0.04058132,93.68545
JVASP-5581,2,Nb,93.67186,0.04058132,93.68545
JVASP-5581,3,Nb,93.67186,0.04058132,93.66868
JVASP-5581,4,Nb,103.66506,0.027663207,103.68016
JVASP-5581,5,Nb,103.66506,0.027663207,103.66569
JVASP-5581,6,Nb,103.66506,0.027663207,103.66569
JVASP-5581,7,Nb,103.66506,0.027663207,103.68016
JVASP-5581,8,Nb,47.282738,0.14044274,47.145096
JVASP-5581,9,Nb,47.282738,0.14044274,47.148186
JVASP-5581,10,Nb,47.282738,0.14044274,47.148186
JVASP-5581,11,Nb,47.282738,0.14044274,47.145096
JVASP-5581,12,Ge,246.16618,1.3241948,247.04541
JVASP-5581,13,Ge,246.16618,1.3241948,247.03535
JVASP-5581,14,Ge,246.16618,1.3241948,247.03535
JVASP-5581,15,Ge,246.16618,1.3241948,247.04541
JVASP-5581,16,Te,125.32213,5.8206506,120.64756
JVASP-5581,17,Te,125.32213,5.8206506,120.645096
JVASP-5581,18,Te,125.32213,5.8206506,120.637794
JVASP-5581,19,Te,125.32213,5.8206506,120.63989
JVASP-5581,20,Te,125.32213,5.8206506,120.64756
JVASP-5581,21,Te,125.32213,5.8206506,120.645096
JVASP-5581,22,Te,125.32213,5.8206506,120.637794
JVASP-5581,23,Te,125.32213,5.8206506,120.63989
JVASP-5581,24,Te,222.33913,5.758915,221.08105
JVASP-5581,25,Te,222.33913,5.758915,221.08037
JVASP-5581,26,Te,222.33913,5.758915,221.0685
JVASP-5581,27,Te,222.33913,5.758915,221.06662
JVASP-5581,28,Te,222.33913,5.758915,221.08105
JVASP-5581,29,Te,222.33913,5.758915,221.08037
JVASP-5581,30,Te,222.33913,5.758915,221.0685
JVASP-5581,31,Te,222.33913,5.758915,221.06662
JVASP-5581,32,Te,204.8415,5.558022,203.06389
JVASP-5581,33,Te,204.8415,5.558022,203.0658
JVASP-5581,34,Te,204.8415,5.558022,203.07565
JVASP-5581,35,Te,204.8415,5.558022,203.07751
JVASP-5581,36,Te,204.8415,5.558022,203.06389
JVASP-5581,37,Te,204.8415,5.558022,203.0658
JVASP-5581,38,Te,204.8415,5.558022,203.07565
JVASP-5581,39,Te,204.8415,5.558022,203.07751
JVASP-67531,0,Be,2.9042783,0.35133076,2.5604124
JVASP-67531,1,Be,3.576255,0.29052508,3.2931032
JVASP-67531,2,Sn,231.46371,0.95054305,230.66504
JVASP-67531,3,Te,123.787415,3.9471407,120.03492
JVASP-53484,0,Tl,27.516342,1.2265365,28.540707
JVASP-53484,1,P,0.73647994,1.3122296,1.6357125
JVASP-53484,2,F,231.30699,3.2682016,230.59781
JVASP-53484,3,F,231.30632,3.268203,230.57454
JVASP-53484,4,F,231.30661,3.2682016,232.74133
JVASP-53484,5,F,231.30661,3.2682016,232.74133
JVASP-53484,6,F,231.30632,3.268203,230.57454
JVASP-53484,7,F,231.30699,3.2682016,230.59781
JVASP-80575,0,Tl,99.1828,1.189936,99.92536
JVASP-80575,1,Tl,99.1828,1.189936,99.92536
JVASP-80575,2,Tl,99.1828,1.189936,99.92536
JVASP-80575,3,Tl,99.1828,1.189936,99.92536
JVASP-80575,4,Hg,230.65712,2.4723904,231.8463
JVASP-80575,5,Hg,230.65712,2.4723904,231.8463
JVASP-80575,6,Te,117.31243,2.6358323,117.49742
JVASP-80575,7,Te,117.31243,2.6358323,117.49742
JVASP-32398,0,C,102.55634,1.4368134,102.09208
JVASP-32398,1,Cl,244.32709,1.8619239,245.08203
JVASP-32398,2,B,46.297527,0.4383462,46.117493
JVASP-32398,3,O,40.531536,3.3205683,39.583126
JVASP-32398,4,Cl,246.00172,1.4686161,245.65921
JVASP-32398,5,B,46.297886,0.43834946,46.573154
JVASP-32398,6,Cl,246.00119,1.4686179,245.8866
JVASP-32398,7,Cl,246.00185,1.468618,246.02669
JVASP-32398,8,Cl,244.32693,1.8619246,244.17227
JVASP-32398,9,Cl,244.3291,1.8619324,243.76134
JVASP-32398,10,B,14.521913,0.5217896,14.715778
JVASP-32398,11,B,46.297894,0.43834686,46.0742
JVASP-5824,0,Ta,177.18044,0.628313,177.00638
JVASP-5824,1,Ta,180.66545,0.62905353,180.95284
JVASP-5824,2,Ta,180.67303,0.62905264,180.38979
JVASP-5824,3,Br,112.115814,5.1557145,109.20906
JVASP-5824,4,Br,264.33685,5.7085137,264.00272
JVASP-5824,5,Br,193.14119,5.429407,194.04015
JVASP-5824,6,Br,262.0931,5.345166,263.02927
JVASP-5824,7,Br,262.09088,5.345166,260.13995
JVASP-5824,8,Br,193.77629,5.3686,191.01743
JVASP-5824,9,Br,193.77641,5.3685985,198.00987
JVASP-5824,10,S,15.869147,1.9234132,14.831984
JVASP-41948,0,Rb,119.12849,0.14172557,119.26916
JVASP-41948,1,Rb,2.5548177,0.25860786,2.2964418
JVASP-41948,2,Zr,229.2053,0.08640458,229.2783
JVASP-41948,3,Zr,229.2053,0.08640458,229.2783
JVASP-41948,4,O,47.75947,1.8095894,46.39625
JVASP-41948,5,O,47.75947,1.8095894,46.39625
JVASP-41948,6,O,47.75947,1.8095894,46.286373
JVASP-41948,7,O,47.75947,1.8095894,46.286373
JVASP-41948,8,O,23.66697,1.7178227,21.955008
JVASP-12897,0,O,5.207211,2.1230476,6.224781
JVASP-12897,1,O,5.207211,2.1230476,6.224781
JVASP-12897,2,Cl,228.61203,1.2807314,228.57365
JVASP-12897,3,Cl,228.61198,1.2807314,229.11472
JVASP-12897,4,Cl,228.61198,1.2807314,229.11472
JVASP-12897,5,Cl,228.61203,1.2807314,228.57365
JVASP-12897,6,Pd,169.73466,1.6344781,170.0687
JVASP-12897,7,Pd,169.73538,1.6344789,168.92462
JVASP-12897,8,Pd,169.73515,1.6344781,169.96645
JVASP-12897,9,Pd,169.73567,1.6344798,168.95438
JVASP-15676,0,B,22.929016,1.2116321,23.750458
JVASP-15676,1,B,22.929016,1.2116321,23.750458
JVASP-15676,2,C,45.01959,1.2519829,45.852356
JVASP-15676,3,Rh,227.87474,0.2584824,227.7209
JVASP-15676,4,Rh,227.87474,0.2584824,227.7209
JVASP-15676,5,Ce,3.3884606,0.13322963,3.308401
JVASP-38285,0,Rb,0.0,0.25325492,0.25325492
JVASP-38285,1,Te,0.0,4.848158,4.848158
JVASP-38285,2,O,227.35919,1.545322,225.81851
JVASP-38285,3,O,227.35919,1.545322,228.23427
JVASP-38285,4,O,227.35919,1.545322,228.03262
JVASP-35454,0,Pr,28.857439,0.21466964,28.644825
JVASP-35454,1,Pr,227.08975,0.21928728,227.3071
JVASP-35454,2,Al,15.355851,0.4611268,14.897697
JVASP-35454,3,N,18.380154,0.85528153,19.217829
JVASP-35454,4,O,26.406225,1.5753825,26.800453
JVASP-35454,5,O,26.406225,1.5753825,26.39818
JVASP-35454,6,O,9.712227,1.1254197,10.817134
JVASP-8353,0,Mg,2.0776265,0.24230348,2.2060406
JVASP-8353,1,Co,45.53307,0.5095112,45.264557
JVASP-8353,2,F,226.42947,2.1129313,227.29253
JVASP-8353,3,F,226.43011,2.1129315,225.24507
JVASP-8353,4,F,226.42929,2.1129315,226.7586
JVASP-8353,5,F,226.43011,2.1129315,225.24507
JVASP-8353,6,F,226.42947,2.1129313,227.29253
JVASP-8353,7,F,226.42929,2.1129315,226.7586
JVASP-17435,0,Sm,54.654785,0.048830684,54.62065
JVASP-17435,1,Sm,54.65626,0.048830617,54.650066
JVASP-17435,2,Sm,54.65626,0.048830617,54.66038
JVASP-17435,3,Mg,9.339368,0.47381952,9.243513
JVASP-17435,4,Mg,9.334631,0.4738198,9.334514
JVASP-17435,5,Mg,9.339368,0.47381952,9.275238
JVASP-17435,6,Pt,23.219938,1.8678641,21.37696
JVASP-17435,7,Pt,225.91888,1.847798,224.09523
JVASP-17435,8,Pt,225.91888,1.847798,224.09523
JVASP-80619,0,K,41.86652,0.33491337,41.72938
JVASP-80619,1,K,41.86652,0.33491337,41.72938
JVASP-80619,2,Tl,235.23517,1.182795,234.85506
JVASP-80619,3,Tl,235.23517,1.182795,234.85506
JVASP-80619,4,Hg,52.80188,2.395503,55.18249
JVASP-80619,5,Hg,52.80188,2.395503,55.18249
JVASP-80619,6,Hg,52.80188,2.395503,55.18249
JVASP-80619,7,Hg,52.80188,2.395503,55.18249
JVASP-2949,0,N,33.523037,1.5206635,32.40102
JVASP-2949,1,N,33.523037,1.5206635,32.40102
JVASP-2949,2,Zn,224.31921,3.536553,226.9787
JVASP-2949,3,Ba,209.54852,0.2382904,209.36954
JVASP-2949,4,Ba,209.54852,0.2382904,209.36954
JVASP-22666,0,Os,90.48779,1.4940754,90.10231
JVASP-22666,1,Cl,171.00266,1.144111,171.47743
JVASP-22666,2,Cl,235.32164,1.5504638,234.50562
JVASP-22666,3,Cl,235.32164,1.5504638,234.50562
JVASP-22666,4,Cl,171.00266,1.144111,171.47743
JVASP-67782,0,Be,1.4771459,0.049296286,1.5149034
JVASP-67782,1,Ga,162.21745,0.86024296,161.4045
JVASP-67782,2,Te,223.21382,5.4115214,228.42892
JVASP-78444,0,Sr,116.0409,0.14678413,115.89429
JVASP-78444,1,Sr,116.0409,0.14678465,115.89429
JVASP-78444,2,Sr,116.0409,0.14678413,115.89429
JVASP-78444,3,U,221.79272,0.7241965,222.50542
JVASP-78444,4,U,221.79272,0.7241965,222.50542
JVASP-78444,5,U,221.79272,0.7241964,222.50542
JVASP-81345,0,In,239.72166,0.6163113,240.15654
JVASP-81345,1,In,239.72166,0.6163113,240.15654
JVASP-81345,2,Fe,26.133053,0.09887517,26.201876
JVASP-81345,3,Fe,26.133053,0.09887517,26.201876
JVASP-81345,4,Rh,88.09104,0.4571591,88.2076
JVASP-81345,5,Rh,88.09104,0.4571591,88.2076
JVASP-81345,6,Rh,88.09104,0.4571591,88.2076
JVASP-81345,7,Rh,88.09104,0.4571591,88.2076
JVASP-80320,0,Cd,220.6113,2.3659248,220.19434
JVASP-80320,1,Cu,21.781843,2.1159687,22.378845
JVASP-80320,2,Cu,21.781843,2.1159687,22.378845
JVASP-80320,3,Rh,140.23064,1.8951576,139.81541
JVASP-15201,0,Si,22.31005,0.82788,22.801716
JVASP-15201,1,Si,22.31005,0.82788,22.801716
JVASP-15201,2,Ru,133.70218,0.93185276,133.15324
JVASP-15201,3,Ru,133.70218,0.93185276,133.15324
JVASP-15201,4,Yb,220.34836,0.41873437,220.59595
JVASP-5818,0,Ga,39.330906,0.3233315,39.51759
JVASP-5818,1,Ga,39.330906,0.3233315,39.520977
JVASP-5818,2,Ga,39.330906,0.3233315,39.51759
JVASP-5818,3,Ga,39.330906,0.3233315,39.520977
JVASP-5818,4,P,4.210319,0.36410126,4.3262033
JVASP-5818,5,P,4.210319,0.36410126,4.352411
JVASP-5818,6,P,4.210319,0.36410126,4.3262033
JVASP-5818,7,P,4.210319,0.36410126,4.352411
JVASP-5818,8,S,245.16312,1.8762969,244.53224
JVASP-5818,9,S,245.16312,1.8762969,244.53673
JVASP-5818,10,S,245.16312,1.8762969,244.53224
JVASP-5818,11,S,245.16312,1.8762969,244.53673
JVASP-5818,12,S,242.99257,2.147073,242.35359
JVASP-5818,13,S,242.99257,2.147073,242.36443
JVASP-5818,14,S,242.99257,2.147073,242.35359
JVASP-5818,15,S,242.99257,2.147073,242.36443
JVASP-5818,16,S,245.5765,1.8840184,245.47894
JVASP-5818,17,S,245.5765,1.8840184,245.48814
JVASP-5818,18,S,245.5765,1.8840184,245.47894
JVASP-5818,19,S,245.5765,1.8840184,245.48814
JVASP-5818,20,S,240.82076,2.1579614,240.33112
JVASP-5818,21,S,240.82076,2.1579614,240.34058
JVASP-5818,22,S,240.82076,2.1579614,240.33112
JVASP-5818,23,S,240.82076,2.1579614,240.34058
JVASP-2436,0,Na,4.7318664,0.26924807,4.933451
JVASP-2436,1,Na,4.7318664,0.26924807,4.933451
JVASP-2436,2,S,156.97571,1.3217217,156.88835
JVASP-2436,3,S,156.97617,1.3217214,157.33324
JVASP-2436,4,S,156.97571,1.3217217,156.88835
JVASP-2436,5,S,156.97617,1.3217214,157.33324
JVASP-2436,6,Sb,245.04897,3.3011851,246.99153
JVASP-2436,7,Sb,245.04897,3.3011851,246.99153
JVASP-8084,0,K,8.09638,0.23176183,8.322073
JVASP-8084,1,K,8.09638,0.23176183,8.322073
JVASP-8084,2,Cu,219.54231,2.967275,218.3234
JVASP-8084,3,Cu,219.54231,2.967275,218.23874
JVASP-8084,4,C,78.66239,1.3102266,78.11405
JVASP-8084,5,C,78.66239,1.3102266,77.991295
JVASP-8084,6,C,78.66239,1.3102266,78.11405
JVASP-8084,7,C,78.66239,1.3102266,77.991295
JVASP-8211,0,Ga,24.04728,0.046494536,24.070068
JVASP-8211,1,Ga,24.04728,0.046494536,24.070068
JVASP-8211,2,Se,239.70985,3.489234,239.92856
JVASP-8211,3,Se,239.71043,3.489235,237.91554
JVASP-8211,4,Se,239.70985,3.489234,239.92856
JVASP-8211,5,Se,239.71043,3.489235,237.91554
JVASP-8211,6,Tl,16.503027,1.2523954,16.731081
JVASP-8211,7,Tl,16.503027,1.2523954,16.731081
JVASP-36094,0,Ce,16.078451,0.19635561,16.273628
JVASP-36094,1,Ce,16.078451,0.19635561,16.273628
JVASP-36094,2,Cu,12.000051,1.9229584,13.917175
JVASP-36094,3,Cu,12.000051,1.9229584,13.917175
JVASP-36094,4,Cu,10.712436,2.544757,13.251592
JVASP-36094,5,Cu,10.712436,2.544757,13.251592
JVASP-36094,6,Sb,50.297825,2.7650752,47.700462
JVASP-36094,7,Sb,50.297825,2.7650752,47.700462
JVASP-36094,8,Sb,217.99805,2.6162791,215.53943
JVASP-36094,9,Sb,217.99805,2.6162791,215.53943
JVASP-18074,0,Ho,0.4106978,0.60587186,0.19794415
JVASP-18074,1,In,223.17546,0.35200128,222.96428
JVASP-18074,2,In,120.63248,0.37500226,120.340645
JVASP-18074,3,In,223.17546,0.35200128,223.50871
JVASP-18074,4,In,223.17546,0.35200128,222.96428
JVASP-18074,5,In,223.17546,0.35200128,223.50871
JVASP-18074,6,Co,7.938796,1.3947387,6.5584664
JVASP-39582,0,U,216.90967,0.6291616,217.52606
JVASP-39582,1,U,10.710802,0.541595,10.187432
JVASP-39582,2,Ga,77.1524,0.737072,77.87553
JVASP-39582,3,Ga,77.1524,0.737072,77.87553
JVASP-39582,4,O,35.62212,1.5089244,36.811646
JVASP-39582,5,O,35.62212,1.5089244,36.811646
JVASP-39582,6,O,62.74286,1.6024933,61.14391
JVASP-39582,7,O,35.62212,1.5089244,36.985374
JVASP-39582,8,O,35.62212,1.5089244,36.985374
JVASP-17898,0,Zn,8.941216,0.33054966,8.812623
JVASP-17898,1,Fe,72.2567,0.30122182,72.09801
JVASP-17898,2,F,217.18015,2.617726,218.54396
JVASP-17898,3,F,217.17973,2.6177251,215.91159
JVASP-17898,4,F,217.18016,2.6177254,217.11002
JVASP-17898,5,F,217.17973,2.6177251,215.91159
JVASP-17898,6,F,217.18015,2.617726,218.54396
JVASP-17898,7,F,217.18016,2.6177254,217.11002
JVASP-17302,0,F,217.54424,2.4783769,218.8639
JVASP-17302,1,F,217.5441,2.4783776,216.28728
JVASP-17302,2,F,217.5447,2.4783776,217.53629
JVASP-17302,3,F,217.5441,2.4783776,216.28728
JVASP-17302,4,F,217.54424,2.4783769,218.8639
JVASP-17302,5,F,217.5447,2.4783776,217.53629
JVASP-17302,6,Zn,9.38383,0.35005784,9.232047
JVASP-17302,7,Rh,37.34785,0.16410455,37.292957
JVASP-18480,0,Pu,214.86107,0.6680631,214.2125
JVASP-18480,1,Pu,214.86107,0.6680631,214.2125
JVASP-18480,2,Cl,7.5297313,3.4993749,4.148653
JVASP-18480,3,Cl,7.5297313,3.4993749,4.148653
JVASP-18480,4,O,0.841808,1.2229363,0.41927895
JVASP-18480,5,O,0.841808,1.2229363,0.41927895
JVASP-79719,0,Y,214.63184,0.1824275,214.67543
JVASP-79719,1,Y,214.63184,0.1824275,214.67543
JVASP-79719,2,Y,214.63184,0.1824275,214.67543
JVASP-79719,3,Y,214.63184,0.1824275,214.67543
JVASP-79719,4,Zn,52.123066,2.0977402,53.090214
JVASP-79719,5,Zn,52.123066,2.0977402,53.090214
JVASP-79719,6,Cu,79.024734,2.000727,77.83793
JVASP-79719,7,Cu,79.024734,2.000727,77.83793
JVASP-67629,0,Be,1.5285039,0.33351558,1.8555686
JVASP-67629,1,Ge,9.607716,1.1048844,10.664862
JVASP-67629,2,Pb,213.11705,1.2219417,212.0908
JVASP-37119,0,Pu,235.05304,0.45973292,235.1708
JVASP-37119,1,Co,88.66702,0.9211915,88.97291
JVASP-37119,2,C,37.485912,1.6635684,37.18973
JVASP-37119,3,C,37.485912,1.6635684,37.18917
JVASP-55216,0,Tm,136.885,1.1845384,137.07884
JVASP-55216,1,Tm,136.885,1.1845384,137.07884
JVASP-55216,2,Tm,136.885,1.1845384,137.13084
JVASP-55216,3,Tm,136.885,1.1845384,137.13084
JVASP-55216,4,Pd,118.80374,1.6361346,117.24424
JVASP-55216,5,Pd,118.80374,1.6361346,117.24218
JVASP-55216,6,Pd,118.80374,1.6361346,117.24218
JVASP-55216,7,Pd,118.80374,1.6361346,117.24424
JVASP-55216,8,Pb,212.26218,1.2539886,211.18997
JVASP-55216,9,Pb,212.26218,1.2539886,211.18997
JVASP-15789,0,Ba,20.862305,0.14181276,20.999271
JVASP-15789,1,Ba,20.862305,0.14181276,20.999271
JVASP-15789,2,Ag,211.69592,2.1209953,209.57513
JVASP-15789,3,Ag,211.69592,2.1209953,209.57513
JVASP-15789,4,As,141.19063,2.213375,139.03366
JVASP-15789,5,As,141.19063,2.213375,139.03366
JVASP-36999,0,Tl,0.11658473,1.323623,1.2967836
JVASP-36999,1,Tl,0.11658473,1.323623,1.2967836
JVASP-36999,2,Pd,0.31844625,1.5600307,1.7244072
JVASP-36999,3,Pd,0.31844625,1.5600307,1.7244072
JVASP-36999,4,F,210.8141,2.8830404,212.1737
JVASP-36999,5,F,210.96107,2.8828819,210.29749
JVASP-36999,6,F,210.96107,2.8828819,210.31773
JVASP-36999,7,F,210.8141,2.8830404,212.1737
JVASP-36999,8,F,210.96107,2.8828819,210.29749
JVASP-36999,9,F,210.96107,2.8828819,210.31773
JVASP-17746,0,Cu,39.791145,1.80703,40.736523
JVASP-17746,1,Cu,39.791145,1.80703,37.984203
JVASP-17746,2,Cu,39.791145,1.80703,40.712868
JVASP-17746,3,As,0.0,3.5858884,3.5858884
JVASP-17746,4,S,210.33524,2.9267907,210.35323
JVASP-17746,5,S,210.33524,2.9267907,210.3583
JVASP-17746,6,S,210.33524,2.9267907,210.33994
JVASP-17746,7,S,210.33524,2.9267907,210.37094
JVASP-39390,0,Li,2.4654138,0.3468638,2.1257007
JVASP-39390,1,Hf,209.88983,0.45105365,210.3403
JVASP-16906,0,Lu,41.10796,0.32820615,41.016457
JVASP-16906,1,Lu,41.09851,0.3282053,41.00558
JVASP-16906,2,Lu,41.10796,0.32820615,41.0371
JVASP-16906,3,Ni,31.195478,1.6599475,29.545643
JVASP-16906,4,Ni,31.195478,1.6599475,29.545643
JVASP-16906,5,Ni,35.142834,1.6589524,33.49383
JVASP-16906,6,Pb,210.53416,1.3257799,210.12859
JVASP-16906,7,Pb,210.52951,1.3257802,209.31984
JVASP-16906,8,Pb,210.53416,1.3257799,210.15855
JVASP-13822,0,O,0.9562824,2.4677596,2.9099233
JVASP-13822,1,Cl,136.25606,1.5881833,137.18329
JVASP-13822,2,Cl,136.25706,1.5881864,137.12595
JVASP-13822,3,Cl,136.25641,1.5881834,136.40445
JVASP-13822,4,Cl,136.25609,1.5881841,136.38918
JVASP-13822,5,W,208.52924,1.0840971,208.21771
JVASP-16201,0,F,208.11523,2.332515,209.09341
JVASP-16201,1,F,208.11395,2.3325148,206.84752
JVASP-16201,2,F,208.11519,2.332515,208.32976
JVASP-16201,3,F,208.11395,2.3325148,206.84752
JVASP-16201,4,F,208.11523,2.332515,209.09341
JVASP-16201,5,F,208.11519,2.332515,208.32976
JVASP-16201,6,Mg,2.81781,0.22387052,2.9392924
JVASP-16201,7,Rh,73.3487,0.16584598,73.2911
JVASP-31882,0,Fe,8.717734,1.5349716,10.252408
JVASP-31882,1,Fe,8.71651,1.5349716,10.251186
JVASP-31882,2,N,59.49262,2.1102958,60.815346
JVASP-31882,3,N,59.493305,2.1102881,60.795803
JVASP-31882,4,N,59.491287,2.1102958,60.827835
JVASP-31882,5,N,59.493305,2.1102881,60.796085
JVASP-31882,6,N,59.49374,2.1102884,60.557262
JVASP-31882,7,N,59.49374,2.1102884,60.543697
JVASP-31882,8,Cl,207.0423,3.538866,210.50117
JVASP-31882,9,Cl,207.0423,3.538866,210.50117
JVASP-31882,10,O,100.1978,2.5957143,100.665634
JVASP-31882,11,O,100.198135,2.595704,100.67727
JVASP-31882,12,O,100.196396,2.5957143,100.625496
JVASP-31882,13,O,100.19782,2.595704,100.65245
JVASP-31882,14,O,100.19782,2.595704,100.64103
JVASP-31882,15,O,100.198135,2.595704,100.62714
JVASP-39308,0,Hg,206.79286,1.3664014,208.01967
JVASP-39308,1,Hg,206.79286,1.3664014,208.01967
JVASP-39308,2,N,10.9994335,0.7851513,11.7588005
JVASP-39308,3,N,10.9994335,0.7851513,11.7588005
JVASP-49993,0,Lu,206.64018,0.43595463,206.20476
JVASP-49993,1,Tl,59.187428,1.3771899,60.45635
JVASP-49993,2,O,12.984337,1.3466016,11.648391
JVASP-49993,3,O,12.984337,1.3466016,11.648391
JVASP-26528,0,Rb,1.9800048,0.22963607,2.2094095
JVASP-26528,1,Rb,1.9800048,0.22963607,2.2094095
JVASP-26528,2,Ir,193.5293,1.6332079,191.91864
JVASP-26528,3,F,206.45119,3.2387812,206.59695
JVASP-26528,4,F,206.45135,3.2387748,206.74652
JVASP-26528,5,F,206.45119,3.2387812,206.62375
JVASP-26528,6,F,206.45119,3.2387812,206.59695
JVASP-26528,7,F,206.45135,3.2387748,206.74652
JVASP-26528,8,F,206.45119,3.2387812,206.62375
JVASP-79682,0,Mg,19.330444,0.36387068,19.427523
JVASP-79682,1,Pd,12.137479,0.2378708,12.187034
JVASP-79682,2,Pd,12.137479,0.2378708,12.187034
JVASP-79682,3,Au,206.13356,0.8986862,206.46884
JVASP-2547,0,Na,7.199371,0.47100663,7.3989124
JVASP-2547,1,Na,7.199371,0.47100663,7.3989124
JVASP-2547,2,Na,7.199612,0.47100666,6.836361
JVASP-2547,3,Na,7.199612,0.47100666,6.836361
JVASP-2547,4,Ag,210.5946,1.4522142,210.33679
JVASP-2547,5,Ag,210.5946,1.4522142,210.34193
JVASP-2547,6,Sb,127.35624,2.37482,126.94848
JVASP-2547,7,Sb,127.35624,2.37482,126.94848
JVASP-46537,0,Tl,204.64236,1.5169026,204.8993
JVASP-46537,1,Tl,204.64236,1.5169026,204.8993
JVASP-46537,2,Co,15.452689,0.52295405,15.63078
JVASP-46537,3,Co,15.452689,0.52295405,15.63078
JVASP-46537,4,O,78.74833,1.2534233,79.33175
JVASP-46537,5,O,78.74815,1.253403,78.56081
JVASP-46537,6,O,78.74878,1.2534163,78.28735
JVASP-46537,7,O,78.74878,1.2534163,78.28735
JVASP-46537,8,O,78.74815,1.253403,78.56081
JVASP-46537,9,O,78.74833,1.2534233,79.33175
JVASP-35492,0,Ag,87.42474,1.0419685,88.45963
JVASP-35492,1,W,94.632774,0.80640405,93.834366
JVASP-35492,2,S,127.16388,1.7249846,126.57081
JVASP-35492,3,S,127.16348,1.7249835,126.570854
JVASP-35492,4,S,127.16389,1.7249835,126.113914
JVASP-35492,5,S,127.16348,1.7249846,126.12089
JVASP-35492,6,N,204.2654,1.2494487,205.5054
JVASP-81333,0,Li,0.8299409,0.43481937,0.9033978
JVASP-81333,1,Y,42.86308,0.14299488,42.9914
JVASP-81333,2,Y,42.86308,0.14299488,42.9914
JVASP-81333,3,In,204.12904,0.30142146,203.84387
JVASP-16217,0,V,3.4268408,0.1935297,3.6157134
JVASP-16217,1,V,3.4272504,0.1935297,3.616131
JVASP-16217,2,V,3.4268408,0.1935297,3.6157134
JVASP-16217,3,V,3.4272504,0.1935297,3.616131
JVASP-16217,4,Ge,202.73569,0.3946889,202.4205
JVASP-16217,5,Ge,202.73569,0.3946889,202.4205
JVASP-16217,6,C,2.4127474,1.240129,1.1737678
JVASP-16217,7,C,2.4127474,1.240129,1.1737678
JVASP-8276,0,Mg,4.8565216,0.27537292,5.1290708
JVASP-8276,1,Mn,206.31676,0.21824878,206.25963
JVASP-8276,2,Mn,206.31676,0.21824878,206.23613
JVASP-8276,3,N,88.34828,1.1381276,87.35501
JVASP-8276,4,N,88.34828,1.1381276,87.60369
JVASP-18058,0,Yb,201.95226,0.42541832,202.37392
JVASP-18058,1,Yb,201.95226,0.42541832,202.37392
JVASP-18058,2,Ge,75.04338,1.3749776,76.356735
JVASP-18058,3,Ge,75.04338,1.3749776,76.356735
JVASP-18058,4,Ge,75.04338,1.3749776,76.356735
JVASP-18058,5,Ge,75.04338,1.3749776,76.356735
JVASP-18058,6,Ru,94.67931,0.92602366,93.753555
JVASP-18058,7,Ru,94.67931,0.92602366,93.753555
JVASP-18058,8,Ru,94.67931,0.92602366,93.753555
JVASP-18058,9,Ru,94.67931,0.92602366,93.753555
JVASP-49934,0,Er,201.82938,0.64135456,201.19176
JVASP-49934,1,Tl,65.56917,1.3701555,66.82882
JVASP-49934,2,O,14.145803,1.3164924,12.840619
JVASP-49934,3,O,14.145803,1.3164924,12.840619
JVASP-67935,0,K,9.708144,0.15810798,9.550564
JVASP-67935,1,K,9.708144,0.15810798,9.550564
JVASP-67935,2,Be,3.7869112,0.36709595,4.149292
JVASP-67935,3,Be,3.7869112,0.36709595,4.149292
JVASP-67935,4,Nb,45.23391,0.010661172,45.24038
JVASP-67935,5,Nb,201.31375,0.010661172,201.3073
JVASP-67935,6,Nb,45.23391,0.010661172,45.24038
JVASP-67935,7,Nb,201.31375,0.010661172,201.3073
JVASP-76915,0,Sc,107.36313,0.21658127,107.215904
JVASP-76915,1,Sc,107.36313,0.21658127,107.215904
JVASP-76915,2,Ni,200.81963,1.6199378,201.25023
JVASP-76915,3,Pd,113.00389,2.198017,113.44926
JVASP-15628,0,Si,21.799288,0.8403393,22.301235
JVASP-15628,1,Si,21.799288,0.8403393,22.301235
JVASP-15628,2,Ru,83.972755,0.9283837,83.42387
JVASP-15628,3,Ru,83.972755,0.9283837,83.42387
JVASP-15628,4,Ho,200.10849,0.18221836,200.21864
JVASP-15405,0,Ta,124.57125,0.6382266,125.20767
JVASP-15405,1,Ta,124.57125,0.6382266,125.20767
JVASP-15405,2,Sn,199.73384,1.0435956,200.64452
JVASP-15405,3,Sn,199.73384,1.0435956,200.64452
JVASP-15405,4,S,20.993351,1.3728188,22.337725
JVASP-15405,5,S,20.993351,1.3728188,22.337725
JVASP-15405,6,S,20.993351,1.3728188,22.337725
JVASP-15405,7,S,20.992943,1.3728188,22.337324
JVASP-77541,0,Li,1.8689606,0.2220853,1.6522558
JVASP-77541,1,Li,1.8689606,0.2220853,1.6522558
JVASP-77541,2,Ga,199.2905,0.23198678,199.27422
JVASP-77541,3,Ga,199.2905,0.23198678,199.27422
JVASP-77541,4,Ir,24.993778,0.98622775,24.044947
JVASP-77541,5,Ir,24.993778,0.98622775,24.044947
JVASP-77541,6,Ir,24.993778,0.98622775,24.044947
JVASP-77541,7,Ir,24.993778,0.98622775,24.044947
JVASP-49848,0,Ho,198.75404,0.46694916,198.29079
JVASP-49848,1,Tl,67.63531,1.3675425,68.89149
JVASP-49848,2,O,14.486282,1.3046774,13.193199
JVASP-49848,3,O,14.486282,1.3046774,13.193199
JVASP-50060,0,Dy,198.36131,0.31347755,198.0513
JVASP-50060,1,Tl,69.232376,1.3649155,70.48509
JVASP-50060,2,O,14.9651575,1.2943265,13.682674
JVASP-50060,3,O,14.9651575,1.2943265,13.682674
JVASP-69083,0,Ba,92.016716,0.14701203,91.873856
JVASP-69083,1,V,19.205633,0.37793013,19.58322
JVASP-69083,2,Hg,202.38013,1.688882,203.35634
JVASP-69083,3,Hg,202.38013,1.688882,202.39323
JVASP-16607,0,Y,24.838274,0.120936625,24.81284
JVASP-16607,1,Y,24.837166,0.12093726,24.770977
JVASP-16607,2,Y,24.838274,0.120936625,24.81629
JVASP-16607,3,Tl,203.718,1.4006882,203.02121
JVASP-16607,4,Tl,203.718,1.4006882,202.99788
JVASP-16607,5,Tl,203.71724,1.4006884,202.42635
JVASP-16607,6,Pd,150.67137,1.6306977,149.04112
JVASP-16607,7,Pd,35.179573,1.6624418,33.51753
JVASP-16607,8,Pd,150.67137,1.6306977,149.04112
JVASP-32394,0,Sn,204.11565,0.52418596,204.51495
JVASP-32394,1,Sn,204.11565,0.52418596,204.51495
JVASP-32394,2,O,131.51212,2.594161,131.35944
JVASP-32394,3,O,131.51527,2.5942047,131.33778
JVASP-32394,4,O,131.51212,2.594161,131.35944
JVASP-32394,5,O,131.51527,2.5942047,131.33778
JVASP-32394,6,O,144.80176,2.8047643,143.0791
JVASP-32394,7,O,144.80397,2.8048048,143.74982
JVASP-32394,8,O,144.80176,2.8047643,143.0791
JVASP-32394,9,O,144.80397,2.8048048,143.74982
JVASP-32394,10,C,53.363846,1.4573401,53.426014
JVASP-32394,11,C,53.36143,1.4573281,52.044147
JVASP-32394,12,C,53.363846,1.4573401,53.426014
JVASP-32394,13,C,53.36143,1.4573281,52.044147
JVASP-17900,0,Mg,2.4697955,0.23741975,2.5939076
JVASP-17900,1,Fe,60.58818,0.3572466,60.39921
JVASP-17900,2,F,196.33005,2.687844,197.57341
JVASP-17900,3,F,196.33038,2.6878443,194.8631
JVASP-17900,4,F,196.33037,2.6878443,196.56078
JVASP-17900,5,F,196.33038,2.6878443,194.8631
JVASP-17900,6,F,196.33005,2.687844,197.57341
JVASP-17900,7,F,196.33037,2.6878443,196.56078
JVASP-1486,0,O,9.863281,1.179352,8.892385
JVASP-1486,1,O,9.863281,1.179352,8.892385
JVASP-1486,2,K,28.22462,0.13274589,28.116375
JVASP-1486,3,Pr,195.48148,0.19336683,195.31361
JVASP-65376,0,Ba,194.3262,0.13658655,194.45988
JVASP-65376,1,Sr,95.78974,0.096701324,95.69448
JVASP-65376,2,Hf,36.316135,0.42512813,35.89206
JVASP-65376,3,Hf,36.316135,0.42512813,35.89206
JVASP-56850,0,Tb,4.8022246,0.26628396,4.5377855
JVASP-56850,1,Tb,4.8022246,0.26628396,4.5377855
JVASP-56850,2,Tb,4.8022246,0.26628396,4.5377855
JVASP-56850,3,Tb,4.8022246,0.26628396,4.5377855
JVASP-56850,4,Co,42.19328,1.2571757,43.44978
JVASP-56850,5,Co,42.19328,1.2571757,43.44978
JVASP-56850,6,Co,42.19328,1.2571757,43.44978
JVASP-56850,7,Co,42.19328,1.2571757,43.44978
JVASP-56850,8,I,193.93344,7.2294946,200.95317
JVASP-56850,9,I,193.93344,7.2294946,200.95317
JVASP-17171,0,Ce,193.6138,0.23475955,193.37971
JVASP-17171,1,Zn,64.69746,1.8094318,66.15725
JVASP-17171,2,Zn,64.69882,1.8094313,66.2906
JVASP-17171,3,Zn,64.69746,1.8094318,66.15194
JVASP-17171,4,Pd,29.686592,1.4206107,31.10663
JVASP-17171,5,Pd,29.686592,1.4206107,31.10663
JVASP-61084,0,Ce,79.757835,0.19634649,79.562614
JVASP-61084,1,Ce,79.757835,0.19634649,79.562614
JVASP-61084,2,Al,9.063112,0.2576257,8.820179
JVASP-61084,3,Al,9.063112,0.2576257,8.820179
JVASP-61084,4,Al,2.4584713,0.3155199,2.1581864
JVASP-61084,5,Al,2.4584713,0.3155199,2.1581864
JVASP-61084,6,Au,193.03285,2.008159,195.00415
JVASP-61084,7,Au,193.03285,2.008159,195.00415
JVASP-61084,8,Au,22.18013,2.3562295,19.863478
JVASP-61084,9,Au,22.18013,2.3562295,19.863478
JVASP-56886,0,Pr,38.32594,0.11669918,38.441444
JVASP-56886,1,Pr,38.32594,0.11669918,38.441444
JVASP-56886,2,Pr,38.32594,0.11669918,38.441444
JVASP-56886,3,Pr,38.32594,0.11669918,38.441444
JVASP-56886,4,Co,40.34269,1.6017802,41.9309
JVASP-56886,5,Co,40.34269,1.6017802,41.9309
JVASP-56886,6,Co,40.34269,1.6017802,41.9309
JVASP-56886,7,Co,40.34269,1.6017802,41.9309
JVASP-56886,8,I,192.30455,3.953927,196.07632
JVASP-56886,9,I,192.30455,3.953927,196.07632
JVASP-2340,0,O,116.72913,1.7515266,115.37676
JVASP-2340,1,O,116.72913,1.7515266,115.37676
JVASP-2340,2,O,192.98721,1.9127811,193.9179
JVASP-2340,3,Sr,12.852838,0.28469875,13.06785
JVASP-2340,4,Sr,12.852838,0.28469875,13.06785
JVASP-2340,5,Pd,85.06873,1.5958457,84.39274
JVASP-17895,0,Yb,16.392801,0.9811988,15.412892
JVASP-17895,1,In,84.799706,0.36866814,84.517525
JVASP-17895,2,In,196.63686,0.34643486,196.96613
JVASP-17895,3,In,196.63686,0.34643486,196.41469
JVASP-17895,4,In,196.63686,0.34643486,196.96613
JVASP-17895,5,In,196.63686,0.34643486,196.41469
JVASP-17895,6,Co,3.3321226,1.3968103,4.720597
JVASP-36586,0,Ba,0.0,0.13822311,0.13822311
JVASP-36586,1,Ge,0.0,0.6759315,0.6759315
JVASP-36586,2,O,190.40129,1.2429767,189.18661
JVASP-36586,3,O,190.40129,1.2429767,191.23747
JVASP-36586,4,O,190.40129,1.2429767,190.78586
JVASP-49755,0,Ho,77.63454,0.76385295,76.87297
JVASP-49755,1,Ho,77.63454,0.76385295,76.87297
JVASP-49755,2,Bi,189.81096,1.1188275,190.35661
JVASP-49755,3,Bi,189.81096,1.1188275,190.35661
JVASP-49755,4,O,49.057148,1.2928455,48.821033
JVASP-49755,5,O,49.057644,1.2928456,48.76551
JVASP-49755,6,O,49.05758,1.2928455,48.926804
JVASP-49755,7,O,49.05758,1.2928455,48.926804
JVASP-49755,8,O,49.057644,1.2928456,48.76551
JVASP-49755,9,O,49.057148,1.2928455,48.821033
JVASP-8418,0,Ba,189.3578,0.16995957,189.19337
JVASP-8418,1,Mn,34.501064,0.04879814,34.5234
JVASP-8418,2,Al,1.8199708,0.6246416,1.1955793
JVASP-8418,3,Cu,31.64904,0.64217,31.013414
JVASP-8418,4,O,56.767876,1.2125351,57.681023
JVASP-8418,5,O,56.767876,1.2125351,57.30122
JVASP-8418,6,O,84.893456,1.2763413,85.98844
JVASP-8418,7,O,84.893456,1.2763413,85.66456
JVASP-8418,8,O,61.83247,1.4627247,60.389107
JVASP-35519,0,Dy,188.60826,0.040355425,188.59708
JVASP-35519,1,Ti,43.482525,0.5594377,42.926723
JVASP-35519,2,Ti,43.482525,0.5594377,42.926723
JVASP-35519,3,Ga,80.97952,0.13429463,80.91267
JVASP-35519,4,Ga,80.97952,0.13429463,80.91267
JVASP-35519,5,Ga,80.97952,0.13429463,80.93231
JVASP-35519,6,Ga,80.97952,0.13429463,80.93231
JVASP-2373,0,Ga,17.678234,0.8400417,17.30879
JVASP-2373,1,Ga,21.231743,1.1493146,21.787352
JVASP-2373,2,Se,197.23984,3.7446249,196.10947
JVASP-2373,3,Se,197.23875,3.7446249,198.9963
JVASP-2373,4,Se,197.2405,3.7446249,199.1122
JVASP-2373,5,Se,197.23929,3.7446249,194.31786
JVASP-2373,6,Hg,38.189224,2.5483859,37.146378
JVASP-50487,0,Li,0.92932016,0.36899334,1.0586548
JVASP-50487,1,Te,198.98647,1.3129919,198.62907
JVASP-50487,2,H,27.723688,1.6372507,27.20194
JVASP-50487,3,O,187.28337,2.9129677,185.17184
JVASP-50487,4,O,196.4862,1.1370207,197.05524
JVASP-50487,5,O,194.6267,1.1422272,195.07452
JVASP-50487,6,O,191.17664,1.7374737,190.01312
JVASP-81251,0,Na,3.8216505,0.4121974,3.8662765
JVASP-81251,1,Na,3.8216505,0.4121974,3.8662765
JVASP-81251,2,Na,3.8216505,0.4121974,3.8662765
JVASP-81251,3,Na,3.8216505,0.4121974,3.8662765
JVASP-81251,4,Tl,187.6987,1.2958299,187.14064
JVASP-81251,5,Tl,187.6987,1.2958299,187.14064
JVASP-81251,6,Cd,14.512369,0.9403861,14.753365
JVASP-81251,7,Cd,14.512369,0.9403861,14.753365
JVASP-16456,0,Ba,18.445475,0.18101484,18.264645
JVASP-16456,1,Ba,18.445475,0.18101484,18.264645
JVASP-16456,2,Sn,188.75566,1.6641539,188.38463
JVASP-16456,3,Sn,87.55538,1.4981861,86.19789
JVASP-16456,4,Sn,188.75566,1.6641539,187.29381
JVASP-16456,5,Sn,188.75566,1.6641539,188.38463
JVASP-16456,6,Sn,87.55538,1.4981861,86.19789
JVASP-16456,7,Sn,188.75566,1.6641539,187.29381
JVASP-16456,8,Pd,20.4018,2.1363964,22.538145
JVASP-16456,9,Pd,20.4018,2.1363964,22.538145
JVASP-8780,0,Ag,19.000187,2.1089685,19.75681
JVASP-8780,1,Ag,19.000187,2.1089685,19.75681
JVASP-8780,2,Sb,100.74886,1.3505018,101.51413
JVASP-8780,3,Sb,100.74886,1.3505018,101.51413
JVASP-8780,4,Se,198.86617,3.8022919,198.79169
JVASP-8780,5,Se,198.60832,3.8021595,198.51068
JVASP-8780,6,Se,198.86617,3.8022919,198.79169
JVASP-8780,7,Se,198.60832,3.8021595,198.51068
JVASP-67326,0,Be,2.655247,0.20640887,2.457404
JVASP-67326,1,Be,4.771606,0.098127924,4.861088
JVASP-67326,2,Re,186.06895,0.6802732,185.40282
JVASP-67326,3,Ge,90.3037,1.293988,89.07332
JVASP-16561,0,Ho,0.0,0.79144806,0.79144806
JVASP-16561,1,Sn,185.5023,0.70523345,185.6039
JVASP-16561,2,Sn,185.5023,0.70523345,184.84785
JVASP-16561,3,Sn,185.50232,0.70523345,186.05719
JVASP-18774,0,Tb,38.012547,0.5007797,38.049156
JVASP-18774,1,Tb,38.012547,0.5007797,38.080173
JVASP-18774,2,Tb,38.008488,0.50077903,38.08841
JVASP-18774,3,Tl,189.66225,1.3997389,188.97586
JVASP-18774,4,Tl,189.66225,1.3997389,188.99983
JVASP-18774,5,Tl,189.66026,1.3997389,188.3863
JVASP-18774,6,Pd,35.64987,1.66529,33.984962
JVASP-18774,7,Pd,148.73302,1.6331891,147.10025
JVASP-18774,8,Pd,148.73302,1.6331891,147.10025
JVASP-5158,0,Cl,188.66078,1.9713924,188.18758
JVASP-5158,1,Cl,188.66078,1.9713924,188.18758
JVASP-5158,2,Cl,160.91202,1.9821794,161.48782
JVASP-5158,3,Cl,160.9123,1.9821794,160.71727
JVASP-5158,4,Cl,160.91202,1.9821794,161.48782
JVASP-5158,5,Cl,160.9123,1.9821794,160.71727
JVASP-5158,6,Mo,15.197964,0.3960837,15.145291
JVASP-5158,7,Mo,15.197964,0.3960837,15.145291
JVASP-17359,0,Li,0.3127427,0.3420389,0.35211825
JVASP-17359,1,Li,0.31006128,0.34203902,0.4013362
JVASP-17359,2,Li,0.3127427,0.3420389,0.31112018
JVASP-17359,3,Sm,189.68652,0.042623248,189.71223
JVASP-17359,4,Sm,189.68652,0.042623248,189.69344
JVASP-17359,5,Sm,189.68654,0.04262332,189.65352
JVASP-17359,6,Ge,22.595318,0.44689855,22.173122
JVASP-17359,7,Ge,22.595318,0.44689855,22.173122
JVASP-17359,8,Ge,41.697254,0.3164699,41.405914
JVASP-8080,0,Zn,4.228443,2.0969737,5.597894
JVASP-8080,1,Zn,4.228443,2.0969737,5.597894
JVASP-8080,2,As,193.82138,1.804263,194.48755
JVASP-8080,3,As,193.82217,1.8042628,192.89256
JVASP-8080,4,As,193.82089,1.804263,192.67879
JVASP-8080,5,As,193.82251,1.8042625,194.95375
JVASP-8080,6,Sn,5.3623123,0.25054055,5.3370275
JVASP-8080,7,Sn,5.3623123,0.25054055,5.3370275
JVASP-24028,0,H,42.327427,1.4584163,41.744595
JVASP-24028,1,H,42.327007,1.4584163,42.992916
JVASP-24028,2,H,42.327427,1.4584163,41.744595
JVASP-24028,3,H,42.327007,1.4584163,42.992916
JVASP-24028,4,O,197.24313,2.7444372,197.27014
JVASP-24028,5,O,197.24313,2.7444372,197.27014
JVASP-24028,6,Mg,32.63872,0.24794854,32.54952
JVASP-24028,7,Cl,40.953896,2.827568,39.910767
JVASP-24028,8,Cl,40.953896,2.827568,39.910767
JVASP-35484,0,Rb,2.3882592,0.15421864,2.3242247
JVASP-35484,1,Rb,2.3882592,0.15421864,2.3242247
JVASP-35484,2,Cr,9.753875,0.4462468,10.135816
JVASP-35484,3,Br,183.0124,4.0638437,180.22672
JVASP-35484,4,Br,183.0124,4.0638437,180.22672
JVASP-35484,5,Cl,148.64922,2.0370855,149.45535
JVASP-35484,6,Cl,148.64922,2.0370855,149.43687
JVASP-15678,0,Ce,182.6111,0.23973687,182.84871
JVASP-15678,1,Cr,79.9934,0.124644816,80.05679
JVASP-15678,2,Cr,79.9934,0.124644816,80.117355
JVASP-15678,3,Si,27.518383,0.5792908,28.072685
JVASP-15678,4,Si,27.518383,0.5792908,28.072685
JVASP-15678,5,C,30.61617,0.7261201,29.901325
JVASP-35410,0,Si,4.1853614,0.43039957,4.6054354
JVASP-35410,1,Pt,185.81819,1.7646552,184.99329
JVASP-35410,2,Pt,185.81819,1.7646552,184.99329
JVASP-35410,3,Pt,185.81819,1.7646552,185.53917
JVASP-35410,4,Pt,185.81819,1.7646552,185.53917
JVASP-35410,5,Pt,92.98018,1.3506385,94.29696
JVASP-35410,6,Pb,173.1634,1.4071248,171.88902
JVASP-2322,0,Dy,36.130962,1.0441906,36.013298
JVASP-2322,1,Dy,36.130962,1.0441906,35.973713
JVASP-2322,2,Ag,52.9449,2.1754289,50.770077
JVASP-2322,3,Ag,52.9449,2.1754289,50.770077
JVASP-2322,4,Te,203.82372,2.3670754,203.4714
JVASP-2322,5,Te,203.82372,2.3670754,203.47821
JVASP-2322,6,Te,203.82372,2.3670754,203.46701
JVASP-2322,7,Te,203.82372,2.3670754,203.47484
JVASP-17943,0,U,180.66457,0.5591018,181.20663
JVASP-17943,1,U,180.66457,0.5591018,181.20663
JVASP-17943,2,Ge,47.326588,0.8600381,48.14443
JVASP-17943,3,Ge,47.326588,0.8600381,48.14443
JVASP-17943,4,Ge,47.326588,0.8600381,48.14443
JVASP-17943,5,Ge,47.326588,0.8600381,48.14443
JVASP-17943,6,Ir,10.873285,1.418813,12.274254
JVASP-17943,7,Ir,10.873285,1.418813,12.274254
JVASP-17943,8,Ir,10.873285,1.418813,12.274254
JVASP-17943,9,Ir,10.873285,1.418813,12.274254
JVASP-85184,0,La,180.31346,0.3214921,180.63466
JVASP-85184,1,Al,7.142712,0.15278347,7.0099487
JVASP-85184,2,Al,7.142712,0.15278347,7.0099487
JVASP-85184,3,B,24.56838,0.32139492,24.260382
JVASP-85184,4,Ru,117.30872,0.80844647,116.69858
JVASP-85184,5,Ru,117.30872,0.80844647,116.659485
JVASP-67636,0,Ag,15.730623,0.21021053,15.739777
JVASP-67636,1,Be,1.2794509,0.34055588,0.94915974
JVASP-67636,2,W,179.55984,0.6308648,178.93787
JVASP-65030,0,Be,1.1790211,0.20488647,1.3791546
JVASP-65030,1,Be,4.850806,0.21215941,4.6443176
JVASP-65030,2,Cu,7.157409,0.8870702,8.044451
JVASP-65030,3,Ir,179.08057,1.0335807,178.07188
JVASP-8768,0,S,8.317651,2.418005,6.024959
JVASP-8768,1,S,8.317651,2.418005,6.024959
JVASP-8768,2,F,184.54459,2.982185,184.98875
JVASP-8768,3,F,184.54459,2.982185,184.96953
JVASP-8768,4,F,184.54459,2.982185,184.9535
JVASP-8768,5,F,184.54459,2.982185,184.99437
JVASP-8768,6,F,184.54459,2.982185,184.98875
JVASP-8768,7,F,184.54459,2.982185,184.96953
JVASP-8768,8,F,184.54459,2.982185,184.9535
JVASP-8768,9,F,184.54459,2.982185,184.99437
JVASP-57227,0,Yb,42.672558,0.64356244,43.31108
JVASP-57227,1,Bi,177.18057,1.0945551,177.54372
JVASP-57227,2,Bi,177.18057,1.0945551,177.54372
JVASP-57227,3,Cl,24.053173,4.1252117,20.003424
JVASP-57227,4,O,96.614975,0.9757734,96.73486
JVASP-57227,5,O,96.614975,0.9757734,96.17338
JVASP-57227,6,O,96.614975,0.9757734,96.17338
JVASP-57227,7,O,96.614975,0.9757734,96.73486
JVASP-17686,0,Np,0.0,0.66302973,0.66302973
JVASP-17686,1,Ge,176.89317,0.38734347,176.84503
JVASP-17686,2,Ge,176.89317,0.38734347,176.58504
JVASP-17686,3,Ge,176.89316,0.38734347,177.25006
JVASP-18663,0,P,46.565437,1.8687702,48.196293
JVASP-18663,1,P,46.565437,1.8687702,48.196293
JVASP-18663,2,P,146.20049,1.9303682,144.73257
JVASP-18663,3,P,146.20052,1.9303683,144.5023
JVASP-18663,4,Cu,5.591976,1.3635883,6.8259974
JVASP-18663,5,Cu,5.591976,1.3635883,6.8259974
JVASP-18663,6,U,176.68427,0.6470925,176.11557
JVASP-18663,7,U,176.68427,0.6470925,176.11557
JVASP-81475,0,Ba,176.60756,0.05561465,176.65034
JVASP-81475,1,Ba,176.60756,0.05561465,176.65034
JVASP-81475,2,Mg,8.517421,0.27461252,8.280829
JVASP-81475,3,Mg,8.517421,0.27461252,8.280829
JVASP-81475,4,Hg,108.36943,2.5305355,110.33961
JVASP-81475,5,Hg,108.36943,2.5305355,110.33961
JVASP-81475,6,Hg,108.36943,2.5305355,110.33961
JVASP-81475,7,Hg,108.36943,2.5305355,110.33961
JVASP-8391,0,Mg,30.290369,0.22603413,30.500116
JVASP-8391,1,Mg,30.290369,0.22603413,30.500116
JVASP-8391,2,W,190.27559,0.8993401,190.46017
JVASP-8391,3,W,190.27559,0.8993401,190.46017
JVASP-8391,4,O,54.96219,1.7219006,56.301746
JVASP-8391,5,O,54.96219,1.7219006,56.298656
JVASP-8391,6,O,36.793114,1.5847049,36.297367
JVASP-8391,7,O,54.96219,1.7219006,56.301746
JVASP-8391,8,O,54.96219,1.7219006,56.298656
JVASP-8391,9,O,36.793114,1.5847049,36.297367
JVASP-80965,0,Mn,46.725475,0.08904867,46.787308
JVASP-80965,1,Mn,46.725475,0.08904867,46.787308
JVASP-80965,2,Hg,188.4435,1.5253158,187.84679
JVASP-80965,3,Hg,188.4435,1.5253158,187.84679
JVASP-80965,4,Pd,37.18608,1.1044285,37.716736
JVASP-80965,5,Pd,37.18608,1.1044285,37.716736
JVASP-80965,6,Pd,37.18608,1.1044285,37.716736
JVASP-80965,7,Pd,37.18608,1.1044285,37.716736
JVASP-18151,0,Dy,31.29223,0.56190664,31.852922
JVASP-18151,1,Dy,31.29223,0.56190664,31.852922
JVASP-18151,2,Cu,0.29442826,2.147489,2.4417436
JVASP-18151,3,Cu,0.29442826,2.147489,2.4417436
JVASP-18151,4,Pb,175.2761,1.2913729,174.16508
JVASP-18151,5,Pb,175.2761,1.2913729,174.16508
JVASP-26365,0,Rb,80.01993,0.04110742,79.98059
JVASP-26365,1,Ge,20.754526,0.7673423,21.429071
JVASP-26365,2,I,38.628452,6.544485,44.96014
JVASP-26365,3,O,186.3252,1.6344842,186.76033
JVASP-26365,4,O,186.32642,1.6344852,186.45161
JVASP-26365,5,O,186.32652,1.6344857,186.52162
JVASP-26365,6,O,186.3252,1.6344842,186.75787
JVASP-26365,7,O,186.32642,1.6344852,186.4317
JVASP-26365,8,O,186.32652,1.6344857,186.53908
JVASP-69131,0,Ba,173.9301,0.16890848,174.09409
JVASP-69131,1,Sr,106.97412,0.010859004,106.965
JVASP-69131,2,Ir,45.875668,1.2466222,45.621098
JVASP-69131,3,Ir,45.875668,1.2466222,45.173977
JVASP-56958,0,Ho,13.180143,0.20768565,13.065503
JVASP-56958,1,B,24.47449,1.2236861,25.323954
JVASP-56958,2,B,24.47449,1.2236861,25.323954
JVASP-56958,3,Rh,173.45776,0.26601556,173.29266
JVASP-56958,4,Rh,173.45776,0.26601556,173.29266
JVASP-56958,5,C,49.564125,1.2703613,50.430813
JVASP-43323,0,Co,76.799446,0.5454013,77.2493
JVASP-43323,1,Co,100.14825,0.40131524,100.379196
JVASP-43323,2,O,75.430046,1.4569627,75.06047
JVASP-43323,3,O,75.430046,1.4569627,75.06047
JVASP-43323,4,F,190.51418,1.682676,190.31638
JVASP-43323,5,F,190.51418,1.682676,190.31638
JVASP-15715,0,B,24.522877,1.2248373,25.376503
JVASP-15715,1,B,24.522877,1.2248373,25.376503
JVASP-15715,2,C,49.651012,1.2722306,50.522606
JVASP-15715,3,Rh,172.66931,0.26794958,172.50182
JVASP-15715,4,Rh,172.66931,0.26794958,172.50182
JVASP-15715,5,Er,15.402939,0.17902647,15.311186
JVASP-35449,0,Al,1.2541388,0.15311658,1.3858165
JVASP-35449,1,P,13.323591,1.6727724,14.965148
JVASP-35449,2,Pt,174.46414,1.276869,173.43657
JVASP-35449,3,Pt,174.46414,1.276869,173.43657
JVASP-35449,4,Pt,174.46414,1.276869,173.94897
JVASP-35449,5,Pt,174.46414,1.276869,173.94897
JVASP-35449,6,Pt,92.58337,0.9858961,93.517624
JVASP-79228,0,Ca,7.8236704,0.3358129,7.492778
JVASP-79228,1,Cu,2.3784547,2.2583086,0.14064471
JVASP-79228,2,S,172.14838,1.6164848,170.99898
JVASP-79228,3,S,172.14838,1.6164848,171.5974
JVASP-8317,0,Al,12.205439,0.79037553,12.165801
JVASP-8317,1,Ni,117.12687,0.47199246,117.23432
JVASP-8317,2,F,122.597206,2.691991,123.26775
JVASP-8317,3,F,122.597206,2.691991,123.26775
JVASP-8317,4,F,171.8574,1.7065505,171.51479
JVASP-8317,5,F,171.8574,1.7065505,171.51479
JVASP-8317,6,F,136.87675,2.3532891,137.43585
JVASP-35212,0,K,19.016205,0.2249304,19.237253
JVASP-35212,1,Li,0.65972924,0.18783085,0.84582007
JVASP-35212,2,I,171.4798,3.9182491,167.75894
JVASP-35212,3,Cl,40.103863,0.38856113,39.71564
JVASP-15611,0,Tm,171.25322,0.17610094,171.08823
JVASP-15611,1,B,4.2776256,0.29516217,4.5622277
JVASP-15611,2,B,4.2776256,0.29516217,4.5622277
JVASP-15611,3,Ru,130.79926,0.7194356,130.75179
JVASP-15611,4,Ru,130.79068,0.71943396,130.72002
JVASP-15611,5,Ru,130.79926,0.7194356,130.74199
JVASP-16347,0,B,19.550848,1.7020714,20.776567
JVASP-16347,1,B,19.550848,1.7020714,20.776567
JVASP-16347,2,C,34.472027,2.0746224,35.947964
JVASP-16347,3,Ni,33.508785,0.64793026,33.06265
JVASP-16347,4,Ni,33.508785,0.64793026,33.06265
JVASP-16347,5,Ce,170.53247,0.1477426,170.43483
JVASP-67915,0,Ta,170.33098,0.5472424,169.7882
JVASP-67915,1,Be,2.2290356,0.303909,1.9339191
JVASP-67915,2,Zn,17.295847,0.4732412,17.768156
JVASP-67915,3,Zn,3.9191837,0.7526204,4.6711006
JVASP-61096,0,Co,165.60959,0.12665097,165.48412
JVASP-61096,1,As,30.725174,0.4268007,30.95224
JVASP-61096,2,As,30.725174,0.4268007,30.95224
JVASP-61096,3,O,174.7438,1.3533481,175.23233
JVASP-61096,4,O,174.744,1.3533555,175.06294
JVASP-61096,5,O,174.744,1.3533555,175.02274
JVASP-61096,6,O,174.744,1.3533555,175.06294
JVASP-61096,7,O,174.7438,1.3533481,175.23233
JVASP-61096,8,O,174.744,1.3533555,175.02274
JVASP-8314,0,Zn,8.9335165,0.37323856,8.786748
JVASP-8314,1,Mo,169.35281,0.19913371,169.23936
JVASP-8314,2,F,123.0456,2.43697,124.07121
JVASP-8314,3,F,123.04517,2.436969,122.119865
JVASP-8314,4,F,123.04544,2.4369698,122.53255
JVASP-8314,5,F,123.04517,2.436969,122.119865
JVASP-8314,6,F,123.0456,2.43697,124.07121
JVASP-8314,7,F,123.04544,2.4369698,122.53255
JVASP-35787,0,Hf,96.84792,0.43866053,96.41026
JVASP-35787,1,Hf,96.84792,0.43866053,96.41026
JVASP-35787,2,Hg,168.96089,1.4394764,170.3066
JVASP-35855,0,Dy,70.41183,0.4673397,70.87773
JVASP-35855,1,Dy,70.41183,0.4673397,70.87773
JVASP-35855,2,Tl,168.43182,1.3964334,167.14354
JVASP-35855,3,Tl,168.43182,1.3964334,167.14354
JVASP-35855,4,Zn,53.999,2.0573275,51.95012
JVASP-35855,5,Zn,53.999,2.0573275,51.95012
JVASP-62820,0,Ce,168.0652,0.26943535,168.33409
JVASP-62820,1,Al,8.788769,0.13284656,8.676924
JVASP-62820,2,Al,8.788769,0.13284656,8.676924
JVASP-62820,3,B,22.31077,0.3300245,21.993345
JVASP-62820,4,Ru,95.59689,0.80752873,95.04253
JVASP-62820,5,Ru,95.59689,0.80752873,95.08449
JVASP-77146,0,Cd,82.406555,0.83122844,81.70001
JVASP-77146,1,Cd,82.406555,0.83122844,81.70001
JVASP-77146,2,Hg,167.95293,0.8820172,168.61333
JVASP-77146,3,Hg,167.95293,0.8820172,168.61333
JVASP-77146,4,Pd,38.880272,0.3228298,39.199493
JVASP-77146,5,Pd,38.880272,0.3228298,39.199493
JVASP-77146,6,Pd,38.880272,0.3228298,39.199493
JVASP-77146,7,Pd,38.880272,0.3228298,39.199493
JVASP-14548,0,Ge,173.85605,1.1688226,174.8925
JVASP-14548,1,Ge,173.8554,1.1688226,174.89186
JVASP-14548,2,Ge,150.28157,1.1340522,149.32011
JVASP-14548,3,Ge,150.2819,1.1340522,149.32045
JVASP-14548,4,Zr,18.392487,0.102724455,18.417063
JVASP-14548,5,Zr,18.392487,0.102724455,18.417063
JVASP-67954,0,Be,0.4654224,0.3342766,0.15397522
JVASP-67954,1,Os,167.3418,0.8670601,168.18988
JVASP-67954,2,V,71.23443,0.48078066,70.75939
JVASP-67954,3,V,2.9924603,0.48078066,2.5184739
JVASP-15466,0,Zr,29.28855,0.1348441,29.158262
JVASP-15466,1,Zr,29.28855,0.1348441,29.158262
JVASP-15466,2,Ge,167.12378,1.1972615,165.98734
JVASP-15466,3,Ge,167.12378,1.1972615,165.98734
JVASP-15466,4,Se,44.98488,4.690796,40.4082
JVASP-15466,5,Se,44.98488,4.690796,40.4082
JVASP-15988,0,Hf,85.358185,0.4682236,85.82573
JVASP-15988,1,Hf,85.358185,0.4682236,85.82573
JVASP-15988,2,Ge,166.75064,1.1273899,165.68393
JVASP-15988,3,Ge,166.75064,1.1273899,165.68393
JVASP-15988,4,Se,41.32616,4.596,36.843662
JVASP-15988,5,Se,41.32616,4.596,36.843662
JVASP-17344,0,Sr,1.7507669,0.21266271,1.9367074
JVASP-17344,1,Sr,1.7507669,0.21266271,1.9367074
JVASP-17344,2,Cu,25.2305,1.558478,23.90297
JVASP-17344,3,Cu,25.2305,1.558478,23.90297
JVASP-17344,4,S,37.803764,3.2925577,35.060448
JVASP-17344,5,S,37.803764,3.2925577,35.060448
JVASP-17344,6,O,168.0124,1.0571611,168.39165
JVASP-17344,7,O,168.01149,1.0571607,168.7179
JVASP-37081,0,Ta,166.25952,0.6386397,166.8963
JVASP-37081,1,Hg,97.326805,1.6712314,95.73364
JVASP-37081,2,S,4.960217,2.4917746,2.565296
JVASP-37081,3,S,4.960217,2.4917746,2.565296
JVASP-81233,0,Mg,17.994661,0.55975366,17.48899
JVASP-81233,1,Mg,17.994661,0.55975366,17.48899
JVASP-81233,2,Mg,17.994661,0.55975366,17.48899
JVASP-81233,3,Mg,17.994661,0.55975366,17.48899
JVASP-81233,4,Ga,171.24297,0.25480616,171.32167
JVASP-81233,5,Ga,171.24297,0.25480616,171.32167
JVASP-81233,6,Pd,74.72747,2.0326416,72.695404
JVASP-81233,7,Pd,74.72747,2.0326416,72.695404
JVASP-7787,0,F,167.2542,2.889329,165.77089
JVASP-7787,1,F,167.25462,2.8893292,169.02489
JVASP-7787,2,F,167.25284,2.889327,166.95206
JVASP-7787,3,F,167.25462,2.8893292,169.02489
JVASP-7787,4,F,167.2542,2.889329,165.77089
JVASP-7787,5,F,167.25284,2.889327,166.95206
JVASP-7787,6,Cd,19.470928,0.61460316,19.260963
JVASP-7787,7,Sn,17.520521,1.3399099,17.016527
JVASP-59718,0,U,174.1574,0.6573082,174.06908
JVASP-59718,1,U,174.1574,0.6573082,173.99335
JVASP-59718,2,U,174.1574,0.6573082,173.99335
JVASP-59718,3,U,174.1574,0.6573082,174.06908
JVASP-59718,4,Al,16.19521,0.1655359,16.34639
JVASP-59718,5,Al,16.19521,0.1655359,16.34639
JVASP-59718,6,Co,75.10965,0.89570487,74.28577
JVASP-59718,7,Co,75.10965,0.89570487,74.2821
JVASP-59718,8,Co,75.10965,0.89570487,74.2821
JVASP-59718,9,Co,75.10965,0.89570487,74.28577
JVASP-54794,0,Sm,33.853172,0.060054265,33.897808
JVASP-54794,1,Sm,33.853172,0.060054265,33.897808
JVASP-54794,2,Ag,30.359385,1.77976,28.579788
JVASP-54794,3,Ag,30.359385,1.77976,28.579788
JVASP-54794,4,Pb,164.75186,1.2035736,163.76068
JVASP-54794,5,Pb,164.75186,1.2035736,163.76068
JVASP-50167,0,Cd,55.23477,0.85656756,55.97683
JVASP-50167,1,Cd,37.856876,0.8423284,38.599834
JVASP-50167,2,Bi,164.33629,1.176456,163.61668
JVASP-50167,3,Bi,75.302345,1.148948,74.711426
JVASP-50167,4,O,91.792854,0.9983538,91.77585
JVASP-50167,5,O,91.763306,0.998231,91.6086
JVASP-50167,6,O,91.78016,0.99824965,91.769325
JVASP-50167,7,O,120.276146,1.0047414,120.6213
JVASP-50167,8,O,120.28415,1.0048481,120.76649
JVASP-50167,9,O,120.28183,1.0047728,120.916626
JVASP-14166,0,S,19.922226,2.2523048,21.693161
JVASP-14166,1,S,98.41311,2.308166,100.202805
JVASP-14166,2,S,98.41311,2.308166,100.202805
JVASP-14166,3,S,19.922226,2.2523048,21.693161
JVASP-14166,4,S,79.76573,1.6843488,80.56909
JVASP-14166,5,S,79.76573,1.6843488,80.56909
JVASP-14166,6,Pd,57.28915,2.0830584,59.03136
JVASP-14166,7,Ta,173.1162,0.63134146,172.81592
JVASP-14166,8,Ta,173.1162,0.63134146,172.81592
JVASP-43066,0,Co,68.031425,0.59414744,67.75982
JVASP-43066,1,Sb,137.25072,1.9490342,138.46907
JVASP-43066,2,O,163.70099,1.0240378,163.88358
JVASP-43066,3,O,161.9411,1.1546104,162.05714
JVASP-43066,4,O,163.70058,1.0240378,163.9118
JVASP-43066,5,O,161.94182,1.1546104,162.09068
JVASP-42568,0,Li,1.5074409,0.29581648,1.7212608
JVASP-42568,1,Li,1.796068,0.294096,2.0069063
JVASP-42568,2,Cu,21.07428,0.107836515,21.08712
JVASP-42568,3,Ni,26.796215,0.34817728,26.966955
JVASP-42568,4,O,174.23701,1.4763808,174.34572
JVASP-42568,5,O,161.37715,1.5582361,161.56427
JVASP-42568,6,O,174.23627,1.4763808,174.37488
JVASP-42568,7,O,161.37614,1.5582361,161.5931
JVASP-67758,0,Be,2.7189336,0.31844866,2.4063516
JVASP-67758,1,P,27.262005,0.9055033,26.375013
JVASP-67758,2,W,162.77185,0.7066763,163.47293
JVASP-67758,3,W,158.27623,0.7257917,157.55582
JVASP-51052,0,Yb,27.84825,0.64233506,28.48565
JVASP-51052,1,Bi,162.32278,1.0916812,162.47574
JVASP-51052,2,Bi,162.32278,1.0916812,162.47574
JVASP-51052,3,I,80.03054,7.8303027,72.42738
JVASP-51052,4,O,124.52883,0.9736895,124.643394
JVASP-51052,5,O,124.52883,0.9736895,124.058205
JVASP-51052,6,O,124.52883,0.9736895,124.643394
JVASP-51052,7,O,124.52883,0.9736895,124.058205
JVASP-65776,0,Ba,7.321525,0.14372233,7.4369116
JVASP-65776,1,Ti,20.83291,0.18274091,20.925762
JVASP-65776,2,Te,162.05498,3.2506406,165.13412
JVASP-65776,3,Te,113.9568,2.6903303,111.43083
JVASP-14409,0,Se,161.78627,4.0826697,163.5903
JVASP-14409,1,Se,161.78627,4.0826697,163.5903
JVASP-14409,2,Se,54.5618,3.8401504,56.07575
JVASP-14409,3,Se,179.19083,4.13199,182.00574
JVASP-14409,4,Se,179.19083,4.13199,182.00574
JVASP-14409,5,Se,54.5618,3.8401504,56.07575
JVASP-14409,6,Pd,35.815784,2.056743,37.4371
JVASP-14409,7,Ta,136.08052,0.61590385,135.68341
JVASP-14409,8,Ta,136.08052,0.61590385,135.68341
JVASP-61484,0,Mn,19.112143,0.2378894,19.341185
JVASP-61484,1,As,27.822123,0.6141621,28.285194
JVASP-61484,2,As,27.822123,0.6141621,28.285194
JVASP-61484,3,O,169.48611,1.332062,169.96315
JVASP-61484,4,O,169.48595,1.3320675,169.70201
JVASP-61484,5,O,169.48595,1.3320675,169.74376
JVASP-61484,6,O,169.48595,1.3320675,169.70201
JVASP-61484,7,O,169.48611,1.332062,169.96315
JVASP-61484,8,O,169.48595,1.3320675,169.74376
JVASP-68990,0,Ba,3.363966,0.09898768,3.320166
JVASP-68990,1,Y,14.8659525,0.10789306,14.808211
JVASP-68990,2,Ge,156.28479,0.31252015,155.983
JVASP-68990,3,Ge,161.17888,0.3125109,161.48071
JVASP-18370,0,Pu,160.82738,0.44445163,160.41641
JVASP-18370,1,Pu,160.82738,0.44445163,160.41641
JVASP-18370,2,H,1.8901895,0.5772992,1.3226595
JVASP-18370,3,H,1.8901895,0.5772992,1.3226595
JVASP-18370,4,H,8.287848,0.6816,8.957039
JVASP-18370,5,H,8.288257,0.6816,8.957458
JVASP-18370,6,H,1.8901895,0.5772992,1.3226595
JVASP-18370,7,H,1.8901895,0.5772992,1.3226595
JVASP-7841,0,La,160.25623,0.19639009,160.06084
JVASP-7841,1,La,160.25624,0.19639009,160.33827
JVASP-7841,2,La,160.25624,0.19639009,160.36977
JVASP-7841,3,Sn,0.0,1.0961305,1.0961305
JVASP-16603,0,Sm,160.07701,0.09980193,160.16351
JVASP-16603,1,Al,22.041319,0.20188078,21.877163
JVASP-16603,2,Al,22.041319,0.20188078,21.872017
JVASP-16603,3,Al,22.041662,0.20188108,21.84053
JVASP-16603,4,Pd,63.940258,1.4678166,65.40768
JVASP-16603,5,Pd,63.940258,1.4678166,65.40768
JVASP-35239,0,Ba,44.285145,0.24351183,44.04261
JVASP-35239,1,Ba,44.285145,0.24351183,44.04261
JVASP-35239,2,Cu,29.888674,1.5356483,31.42394
JVASP-35239,3,C,69.50509,1.4026644,70.89372
JVASP-35239,4,N,6.1465864,2.1332417,4.029011
JVASP-35239,5,N,6.1465864,2.1332417,4.029011
JVASP-35239,6,O,163.01176,1.4507049,163.71219
JVASP-35239,7,O,163.01176,1.4507049,163.2335
JVASP-4534,0,P,99.63043,1.7745892,100.22579
JVASP-4534,1,P,99.63036,1.7745892,100.246506
JVASP-4534,2,P,99.63036,1.7745897,100.21769
JVASP-4534,3,P,99.63043,1.774587,100.217766
JVASP-4534,4,P,99.63036,1.774587,100.24447
JVASP-4534,5,P,99.63043,1.7745892,100.24658
JVASP-4534,6,P,99.63036,1.7745892,100.225716
JVASP-4534,7,P,99.63036,1.7745897,100.24447
JVASP-4534,8,Pd,44.182762,1.683673,42.90751
JVASP-4534,9,Pd,44.182762,1.683673,42.90172
JVASP-4534,10,Pd,44.18339,1.6836728,42.914654
JVASP-4534,11,Pd,44.182796,1.6836728,42.907654
JVASP-4534,12,Pd,44.18339,1.683673,42.908123
JVASP-4534,13,Pd,44.18339,1.683673,42.902332
JVASP-4534,14,Pd,44.182796,1.6836739,42.914043
JVASP-4534,15,Pd,44.18339,1.6836739,42.908264
JVASP-4534,16,S,173.63213,2.5132878,172.21571
JVASP-4534,17,S,173.63213,2.5132854,172.20613
JVASP-4534,18,S,173.63213,2.5132854,172.19008
JVASP-4534,19,S,173.63213,2.5132878,172.20213
JVASP-4534,20,S,173.63213,2.5132878,172.19006
JVASP-4534,21,S,173.63213,2.5132878,172.20613
JVASP-4534,22,S,173.63213,2.5132878,172.20213
JVASP-4534,23,S,173.63213,2.5132878,172.21571
JVASP-9896,0,Ti,0.974259,0.46925753,0.5487883
JVASP-9896,1,Zn,130.35657,0.53528047,130.86028
JVASP-9896,2,Zn,158.6418,0.5129107,159.12335
JVASP-9896,3,W,33.900932,0.43551722,33.492474
JVASP-9896,4,O,40.622856,1.1391407,41.24754
JVASP-9896,5,O,41.33132,1.166784,42.103973
JVASP-9896,6,O,40.62741,1.1390731,41.141235
JVASP-9896,7,O,41.338306,1.1667893,41.996197
JVASP-9896,8,O,40.632603,1.1392378,41.258503
JVASP-9896,9,O,41.347015,1.1669599,41.88428
JVASP-66836,0,Be,0.50707793,0.28616548,0.7898991
JVASP-66836,1,Cl,158.27298,1.7584152,159.97656
JVASP-66836,2,Pd,27.409788,1.3935527,26.016302
JVASP-12110,0,Hf,157.96269,0.58345467,157.37996
JVASP-12110,1,Hf,157.96269,0.58345467,157.37996
JVASP-12110,2,Hf,157.96228,0.5834548,157.37956
JVASP-12110,3,Hf,157.96269,0.58345467,157.37996
JVASP-12110,4,Hf,157.96269,0.58345467,157.37996
JVASP-12110,5,Hf,157.96228,0.5834548,157.37956
JVASP-12110,6,N,6.450323,0.8559031,7.2923627
JVASP-12110,7,N,6.450323,0.8559031,7.2923627
JVASP-12110,8,N,6.4511395,0.8559031,7.2931786
JVASP-12110,9,N,6.4495063,0.85590214,7.2915444
JVASP-12110,10,N,6.4495063,0.85590214,7.2915444
JVASP-12110,11,N,6.4511395,0.8559031,7.2931786
JVASP-12110,12,Cl,13.96495,2.466654,16.377937
JVASP-12110,13,Cl,13.96495,2.466654,16.377937
JVASP-12110,14,Cl,13.965766,2.466654,16.378754
JVASP-12110,15,Cl,13.96495,2.4666543,16.377937
JVASP-12110,16,Cl,13.96495,2.4666543,16.377937
JVASP-12110,17,Cl,13.965766,2.466654,16.378754
JVASP-14244,0,Ba,35.760216,0.13545005,35.856884
JVASP-14244,1,Ba,35.760216,0.13545005,35.854977
JVASP-14244,2,Ba,35.760216,0.13545005,35.854977
JVASP-14244,3,Ba,35.760216,0.13545005,35.856884
JVASP-14244,4,Tl,153.60704,1.2294706,152.96799
JVASP-14244,5,Tl,153.60704,1.2294706,152.96799
JVASP-14244,6,Tl,153.60704,1.2294706,153.32555
JVASP-14244,7,Tl,153.60704,1.2294706,153.32555
JVASP-14244,8,Tl,153.60704,1.2294706,153.35336
JVASP-14244,9,Tl,153.60704,1.2294706,152.9401
JVASP-14244,10,Tl,153.60704,1.2294706,152.9401
JVASP-14244,11,Tl,153.60704,1.2294706,153.35336
JVASP-14244,12,Hg,125.99386,1.8165694,127.30109
JVASP-14244,13,Hg,125.99386,1.8165694,127.34687
JVASP-14244,14,Hg,125.99386,1.8165694,127.34687
JVASP-14244,15,Hg,125.99386,1.8165694,127.30109
JVASP-14244,16,Hg,160.14249,2.1412396,161.50656
JVASP-14244,17,Hg,160.14249,2.1412396,161.45338
JVASP-14244,18,Hg,160.14249,2.1412396,161.45338
JVASP-14244,19,Hg,160.14249,2.1412396,161.50656
JVASP-2634,0,Th,156.98698,0.8217729,156.16928
JVASP-2634,1,Th,156.98698,0.8217729,156.16928
JVASP-2634,2,S,14.084566,1.7609568,15.822417
JVASP-2634,3,N,4.215572,0.8810543,5.094192
JVASP-2634,4,N,4.215572,0.8810543,5.094192
JVASP-8091,0,Ca,10.597279,0.4452592,10.361702
JVASP-8091,1,Ca,10.597719,0.44525948,10.292834
JVASP-8091,2,Ca,10.597279,0.4452592,10.380118
JVASP-8091,3,Ag,29.858541,1.3690101,28.492506
JVASP-8091,4,Ag,29.858837,1.3690059,28.49423
JVASP-8091,5,Ag,29.858541,1.3690101,28.492805
JVASP-8091,6,As,126.735374,1.0440079,127.74969
JVASP-8091,7,As,156.76,1.2908559,155.50491
JVASP-8091,8,As,156.76,1.2908559,155.50491
JVASP-35524,0,In,20.690838,0.48047385,20.337217
JVASP-35524,1,Si,4.380504,0.9447445,5.30372
JVASP-35524,2,Pt,164.05832,1.384274,163.44882
JVASP-35524,3,Pt,164.05832,1.384274,163.44882
JVASP-35524,4,Pt,164.05832,1.384274,164.0914
JVASP-35524,5,Pt,164.05832,1.384274,164.0914
JVASP-35524,6,Pt,98.35191,0.9684083,99.26491
JVASP-12553,0,H,29.026169,1.4600132,29.772682
JVASP-12553,1,H,29.026169,1.4600132,29.772682
JVASP-12553,2,C,62.12674,2.56629,61.32735
JVASP-12553,3,C,62.12674,2.56629,61.32735
JVASP-12553,4,O,160.48785,2.3373055,159.94414
JVASP-12553,5,O,160.4877,2.337306,159.67882
JVASP-12553,6,O,160.4877,2.337306,159.67882
JVASP-12553,7,O,160.48785,2.3373055,159.94414
JVASP-12553,8,Na,5.571363,0.21378522,5.547332
JVASP-12553,9,Na,5.571363,0.21378522,5.547332
JVASP-18861,0,Tb,31.408583,0.41698992,31.824537
JVASP-18861,1,Tb,31.408583,0.41698992,31.824537
JVASP-18861,2,Ag,23.970707,1.7790085,22.191883
JVASP-18861,3,Ag,23.970707,1.7790085,22.191883
JVASP-18861,4,Pb,155.79285,1.222062,154.77493
JVASP-18861,5,Pb,155.79285,1.222062,154.77493
JVASP-57570,0,Tb,169.68155,1.0871544,170.68657
JVASP-57570,1,Tb,169.68155,1.0871553,170.68657
JVASP-57570,2,Cl,90.24704,2.0555127,90.0475
JVASP-57570,3,Cl,90.24704,2.0555139,90.0475
JVASP-57570,4,Cl,90.24729,2.0555146,89.58271
JVASP-57570,5,Cl,90.24729,2.055512,89.58271
JVASP-57570,6,F,71.092155,3.3299847,69.455246
JVASP-57570,7,F,71.09216,3.3299851,69.44158
JVASP-64907,0,Be,9.173339,0.38619664,9.552482
JVASP-64907,1,Be,3.561558,0.38619664,3.1835923
JVASP-64907,2,Be,9.173339,0.38619664,9.552482
JVASP-64907,3,Be,3.561558,0.38619664,3.1835923
JVASP-64907,4,Tl,154.97269,1.5267513,156.40991
JVASP-64907,5,Tl,154.97269,1.5267513,156.40991
JVASP-64907,6,Ir,101.355804,1.0706468,102.40059
JVASP-64907,7,Ir,101.355804,1.0706468,102.40059
JVASP-12611,0,Ba,15.947812,0.14431964,15.811621
JVASP-12611,1,Pr,7.5868864,0.11433441,7.691238
JVASP-12611,2,Co,0.80833167,0.7529308,0.07689349
JVASP-12611,3,Co,0.80833167,0.7529308,0.07689349
JVASP-12611,4,O,150.33253,1.38978,148.96432
JVASP-12611,5,O,133.52577,1.3461634,132.20381
JVASP-12611,6,O,154.68758,1.3920814,155.21219
JVASP-12611,7,O,154.68758,1.3920814,155.59966
JVASP-12611,8,O,154.68758,1.3920814,155.59966
JVASP-12611,9,O,154.68758,1.3920814,155.21219
JVASP-3333,0,O,11.00512,1.3445598,10.05694
JVASP-3333,1,O,11.00512,1.3445598,10.05694
JVASP-3333,2,Te,48.186825,4.545193,45.000084
JVASP-3333,3,Tb,154.47813,0.40636027,154.1623
JVASP-3333,4,Tb,154.47813,0.40636027,154.1623
JVASP-63315,0,Yb,46.485195,1.126982,45.35925
JVASP-63315,1,Yb,46.485195,1.126982,45.35925
JVASP-63315,2,Sb,5.1782217,2.2727005,3.151735
JVASP-63315,3,Sb,5.1782217,2.2727005,3.151735
JVASP-63315,4,Au,154.02269,2.2269223,151.83247
JVASP-63315,5,Au,154.02269,2.2269223,151.83247
JVASP-7799,0,O,102.527885,1.8217546,102.95798
JVASP-7799,1,O,102.5273,1.8217543,102.892525
JVASP-7799,2,Zn,153.71385,2.2110727,151.78473
JVASP-7799,3,Zn,9.548924,2.1149948,11.443411
JVASP-7799,4,Zn,9.548924,2.1149948,11.443411
JVASP-7799,5,As,22.342867,1.9717188,24.045624
JVASP-7799,6,As,22.342867,1.9717188,24.045624
JVASP-7799,7,Ba,15.745111,0.27904478,15.989802
JVASP-7799,8,Ba,15.745111,0.27904478,15.989802
JVASP-15892,0,Sc,152.7959,0.48471156,152.98409
JVASP-15892,1,Sc,152.7959,0.48471156,153.08961
JVASP-15892,2,Sc,152.7959,0.48471156,152.31514
JVASP-15892,3,B,0.0,0.18538688,0.18538688
JVASP-15892,4,Pb,0.0,1.2421682,1.2421682
JVASP-20871,0,Sc,40.335106,0.46440703,40.152992
JVASP-20871,1,Sc,40.335106,0.46440703,40.174706
JVASP-20871,2,Sc,40.335106,0.46440703,40.174706
JVASP-20871,3,Sc,40.335106,0.46440703,40.152992
JVASP-20871,4,Ni,79.711555,1.3939712,78.37812
JVASP-20871,5,Ni,79.711555,1.3939712,78.38144
JVASP-20871,6,Ni,79.711555,1.3939712,78.38144
JVASP-20871,7,Ni,79.711555,1.3939712,78.37812
JVASP-20871,8,Sn,152.39908,0.48986876,152.6317
JVASP-20871,9,Sn,152.39908,0.48986876,152.6317
JVASP-81158,0,In,152.0476,0.45527774,151.66704
JVASP-81158,1,In,152.0476,0.45527774,151.66704
JVASP-81158,2,Pd,50.539604,1.43353,51.37692
JVASP-81158,3,Rh,52.814587,1.2006584,53.18315
JVASP-18098,0,Sm,172.606,0.059544895,172.56192
JVASP-18098,1,Sm,172.60213,0.059544645,172.63443
JVASP-18098,2,Sm,172.60213,0.059544645,172.61584
JVASP-18098,3,Mg,4.291373,0.543557,4.7542086
JVASP-18098,4,Mg,4.291373,0.543557,4.7365
JVASP-18098,5,Mg,4.2942495,0.5435578,4.687654
JVASP-18098,6,In,84.01546,0.27781916,84.09643
JVASP-18098,7,In,38.65785,0.2928674,38.824055
JVASP-18098,8,In,84.01546,0.27781916,84.09643
JVASP-17711,0,Mn,151.04697,0.046563093,151.07939
JVASP-17711,1,Mn,18.274826,0.21710342,18.05779
JVASP-17711,2,Co,50.22615,0.6638434,50.082294
JVASP-17711,3,Co,50.22615,0.6638434,50.031506
JVASP-17711,4,C,8.296422,1.0539124,9.345908
JVASP-36413,0,Ba,133.4286,0.13759802,133.55872
JVASP-36413,1,Si,150.83876,0.345904,150.51216
JVASP-36413,2,C,94.207375,1.019715,95.22578
JVASP-35654,0,Hf,150.56523,0.583532,149.98245
JVASP-35654,1,Hf,150.56523,0.583532,149.98245
JVASP-35654,2,S,28.243841,2.619767,30.824911
JVASP-35654,3,N,5.9424624,0.853033,6.7813416
JVASP-35654,4,N,5.9424624,0.853033,6.7813416
JVASP-14060,0,Yb,97.54421,0.8270494,98.23336
JVASP-14060,1,Yb,97.54421,0.8270494,98.25549
JVASP-14060,2,Yb,97.54421,0.8270494,98.25549
JVASP-14060,3,Yb,97.54421,0.8270494,98.23336
JVASP-14060,4,Cd,149.94307,0.57752275,149.38834
JVASP-14060,5,Cd,149.94307,0.57752275,149.38834
JVASP-14060,6,Pd,85.05054,1.6427037,83.408646
JVASP-14060,7,Pd,85.05054,1.6427037,83.4088
JVASP-14060,8,Pd,85.05054,1.6427037,83.4088
JVASP-14060,9,Pd,85.05054,1.6427037,83.408646
JVASP-67521,0,Li,0.6785087,0.055787023,0.64331216
JVASP-67521,1,Be,8.093114,0.21685618,7.8822465
JVASP-67521,2,Be,2.5327723,0.044177253,2.5662959
JVASP-67521,3,Ir,149.69403,1.0406836,148.67804
JVASP-15672,0,B,21.3144,1.2307023,22.174768
JVASP-15672,1,B,21.3144,1.2307023,22.174768
JVASP-15672,2,C,40.157978,1.2857941,41.041744
JVASP-15672,3,Ni,40.406982,0.6500279,39.967335
JVASP-15672,4,Ni,40.406982,0.6500279,39.967335
JVASP-15672,5,Nd,149.35086,0.07329743,149.3129
JVASP-67815,0,Be,4.404184,0.3303488,4.0809584
JVASP-67815,1,Mo,21.387312,0.16052306,21.229603
JVASP-67815,2,Y,149.15433,0.028928144,149.13481
JVASP-3459,0,Se,153.6614,2.2459288,153.03151
JVASP-3459,1,Se,153.66125,2.245929,151.9284
JVASP-3459,2,Se,153.66118,2.245929,154.7713
JVASP-3459,3,Se,153.66025,2.2459278,154.6813
JVASP-3459,4,In,41.66146,0.34234178,41.49768
JVASP-3459,5,In,32.396194,0.3462396,32.564888
JVASP-3459,6,Hg,21.620287,2.6786878,23.075264
JVASP-36925,0,K,6.1145616,0.40360773,6.32117
JVASP-36925,1,K,6.1145616,0.40360773,6.32117
JVASP-36925,2,Cr,0.37290213,0.42720386,0.45181412
JVASP-36925,3,Cr,0.37290213,0.42720395,0.45181417
JVASP-36925,4,Cl,148.61885,2.00297,149.14082
JVASP-36925,5,Cl,148.61942,2.00297,147.52567
JVASP-36925,6,Cl,148.61894,2.00297,149.1438
JVASP-36925,7,Cl,148.61937,2.00297,147.52562
JVASP-36925,8,Cl,148.61882,2.0029705,149.14085
JVASP-36925,9,Cl,148.61967,2.00297,149.14445
JVASP-34214,0,U,11.578747,0.8380827,10.750752
JVASP-34214,1,Bi,148.53911,1.1643608,149.23268
JVASP-34214,2,Bi,148.53911,1.1643608,149.23268
JVASP-34214,3,O,3.788544,1.099848,2.7255201
JVASP-34214,4,O,3.788544,1.099848,2.7255201
JVASP-34214,5,O,17.047224,0.57342094,17.54702
JVASP-34214,6,O,17.047224,0.57342094,17.54702
JVASP-34214,7,O,12.783071,1.1987932,11.616786
JVASP-34214,8,O,12.783071,1.1987932,11.616786
JVASP-34270,0,C,54.324223,1.9007206,54.89556
JVASP-34270,1,Pb,143.39565,1.3835273,143.82596
JVASP-34270,2,C,54.324974,1.9007101,54.896244
JVASP-34270,3,O,153.70654,2.590511,152.78427
JVASP-34270,4,O,153.70395,2.5905056,152.70746
JVASP-34270,5,Cl,41.7449,2.6466753,39.194527
JVASP-34270,6,Pb,143.39673,1.3835281,143.82701
JVASP-34270,7,O,153.70349,2.5905144,152.70697
JVASP-34270,8,O,153.70587,2.5905252,152.78355
JVASP-34270,9,Cl,41.7449,2.6466756,39.194527
JVASP-81177,0,Mg,1.7402626,0.27447057,1.4709623
JVASP-81177,1,Mg,1.7402626,0.27447057,1.4709623
JVASP-81177,2,Mg,1.7402626,0.27447057,1.4709623
JVASP-81177,3,Mg,1.7402626,0.27447057,1.4709623
JVASP-81177,4,Cd,44.19903,1.9497153,43.00588
JVASP-81177,5,Cd,44.19903,1.9497153,43.00588
JVASP-81177,6,Pb,166.4137,1.1781584,167.5851
JVASP-81177,7,Pb,166.4137,1.1781584,167.5851
JVASP-37308,0,Sr,34.246315,0.052883483,34.29746
JVASP-37308,1,Ga,49.111042,0.1999439,49.243782
JVASP-37308,2,Sn,147.77486,1.5544411,146.38188
JVASP-37308,3,H,4.138413,0.67575186,3.4651487
JVASP-74924,0,Be,7.894706,0.29276437,7.608688
JVASP-74924,1,V,21.81393,0.49254566,22.300592
JVASP-74924,2,Ir,147.45193,0.99040025,146.49043
JVASP-35450,0,Zn,4.039209,0.921083,3.1191387
JVASP-35450,1,P,16.645916,1.663972,18.27789
JVASP-35450,2,Pt,147.74783,1.3889587,146.88367
JVASP-35450,3,Pt,147.74783,1.3889587,146.88367
JVASP-35450,4,Pt,147.74783,1.3889587,147.46881
JVASP-35450,5,Pt,147.74783,1.3889587,147.46881
JVASP-35450,6,Pt,128.8603,0.9892982,129.79788
JVASP-18077,0,Pr,146.93265,0.20841403,147.14006
JVASP-18077,1,Cr,86.02647,0.018144261,86.01319
JVASP-18077,2,Cr,86.02647,0.018144261,86.008804
JVASP-18077,3,Si,29.40939,0.4589009,29.853203
JVASP-18077,4,Si,29.40939,0.4589009,29.853203
JVASP-18077,5,C,37.413506,0.5678253,36.855366
JVASP-31310,0,Er,38.336018,0.07724325,38.37539
JVASP-31310,1,Er,38.336018,0.07724325,38.37539
JVASP-31310,2,H,50.615314,1.4378757,51.22919
JVASP-31310,3,H,50.615314,1.4378757,51.22919
JVASP-31310,4,O,7.2376323,0.92998093,7.185161
JVASP-31310,5,O,7.2376323,0.92998093,7.185161
JVASP-31310,6,O,147.00967,2.9127536,148.74571
JVASP-31310,7,O,147.00967,2.9127536,148.74571
JVASP-36628,0,Zn,0.0,1.3383833,1.3383833
JVASP-36628,1,Ir,0.0,1.0170127,1.0170127
JVASP-36628,2,O,146.34314,1.3119978,145.05579
JVASP-36628,3,O,146.34314,1.3119978,147.20728
JVASP-36628,4,O,146.34314,1.3119978,146.77515
JVASP-35437,0,Tm,20.629602,0.8562157,21.483929
JVASP-35437,1,Ga,150.24226,0.17691389,150.08073
JVASP-35437,2,Ga,150.24226,0.17691389,150.08073
JVASP-35437,3,Ga,150.24226,0.17691389,150.4164
JVASP-35437,4,Ga,150.24226,0.17691389,150.4164
JVASP-35437,5,Ga,67.565094,0.22387728,67.34711
JVASP-35437,6,Co,1.3888606,1.348823,0.19749251
JVASP-9976,0,C,44.94339,1.9048513,43.658344
JVASP-9976,1,C,44.94339,1.9048513,43.658344
JVASP-9976,2,O,167.28754,2.244196,167.31915
JVASP-9976,3,O,167.28687,2.2441955,167.71237
JVASP-9976,4,O,167.28748,2.244196,166.81561
JVASP-9976,5,O,167.28754,2.244196,167.31915
JVASP-9976,6,O,167.28687,2.2441955,167.71237
JVASP-9976,7,O,167.28748,2.244196,166.81561
JVASP-9976,8,Mg,2.362687,0.19147041,2.2451973
JVASP-9976,9,Ba,98.285286,0.22297281,98.132034
JVASP-35065,0,Sm,7.5358553,0.051333506,7.5711904
JVASP-35065,1,Sm,7.5358553,0.051333506,7.5711904
JVASP-35065,2,Sb,89.81054,3.0552728,86.91821
JVASP-35065,3,Sb,89.81054,3.0552728,86.91821
JVASP-35065,4,Pd,145.45316,1.862497,143.59074
JVASP-35065,5,Pd,145.45316,1.862497,143.59074
JVASP-32216,0,H,38.489742,1.7432482,37.108185
JVASP-32216,1,H,38.490383,1.7432505,38.14427
JVASP-32216,2,H,38.499138,1.7692497,38.709717
JVASP-32216,3,H,38.495777,1.7692406,37.257786
JVASP-32216,4,H,38.499138,1.7692497,38.709717
JVASP-32216,5,H,38.490383,1.7432505,38.14427
JVASP-32216,6,H,38.489742,1.7432482,37.108185
JVASP-32216,7,H,38.495777,1.7692406,37.257786
JVASP-32216,8,C,51.72697,2.8748286,53.31673
JVASP-32216,9,C,51.727318,2.8748076,53.32857
JVASP-32216,10,C,51.72697,2.8748286,53.31673
JVASP-32216,11,C,51.727318,2.8748076,53.32857
JVASP-32216,12,O,160.95917,3.140436,159.18294
JVASP-32216,13,O,136.70609,2.614553,137.10178
JVASP-32216,14,O,160.95848,3.140419,158.59897
JVASP-32216,15,O,136.70566,2.614572,139.06839
JVASP-32216,16,O,160.95848,3.140419,158.59897
JVASP-32216,17,O,160.95917,3.140436,159.18294
JVASP-32216,18,O,138.869,2.7089086,139.31583
JVASP-32216,19,O,138.86917,2.708933,141.3366
JVASP-32216,20,O,136.70566,2.614572,139.06839
JVASP-32216,21,O,138.86917,2.708933,141.3366
JVASP-32216,22,O,136.70609,2.614553,137.10178
JVASP-32216,23,O,138.869,2.7089086,139.31583
JVASP-32216,24,Zn,49.601475,0.63749546,50.106144
JVASP-32216,25,Zn,49.601475,0.63749546,50.106144
JVASP-46150,0,Li,0.92822087,0.30539078,0.99210876
JVASP-46150,1,Co,11.500516,0.7136053,11.665734
JVASP-46150,2,C,39.761898,3.0619953,40.94091
JVASP-46150,3,C,39.761898,3.0619953,40.94091
JVASP-46150,4,O,162.50513,2.7582154,162.08345
JVASP-46150,5,O,162.50362,2.7582114,164.64423
JVASP-46150,6,O,162.50298,2.7582064,160.38574
JVASP-46150,7,O,162.50298,2.7582064,160.38574
JVASP-46150,8,O,162.50362,2.7582114,164.64423
JVASP-46150,9,O,162.50513,2.7582154,162.08345
JVASP-39328,0,Nd,24.73413,0.12976433,24.6074
JVASP-39328,1,Nd,62.8139,0.07246099,62.756325
JVASP-39328,2,Cd,144.69626,0.47251958,144.98701
JVASP-39328,3,Cd,144.69626,0.47251958,144.98701
JVASP-39328,4,O,34.149723,1.4838667,35.349503
JVASP-39328,5,O,34.149723,1.4838667,35.349503
JVASP-39328,6,O,21.630627,1.4994075,23.12505
JVASP-39328,7,O,34.149723,1.4838667,35.14139
JVASP-39328,8,O,34.149723,1.4838667,35.14139
JVASP-8338,0,Ca,13.458575,0.41310757,13.248354
JVASP-8338,1,Sb,22.236897,3.5942976,20.76234
JVASP-8338,2,F,144.65652,2.8436894,146.03801
JVASP-8338,3,F,144.6579,2.8436906,142.89018
JVASP-8338,4,F,144.65694,2.8436906,144.90768
JVASP-8338,5,F,144.6579,2.8436906,142.89018
JVASP-8338,6,F,144.65652,2.8436894,146.03801
JVASP-8338,7,F,144.65694,2.8436906,144.90768
JVASP-1207,0,As,164.52687,2.9195888,163.33086
JVASP-1207,1,As,164.5272,2.919588,166.10127
JVASP-1207,2,As,164.5272,2.919588,166.10912
JVASP-1207,3,As,164.5281,2.9195876,163.3421
JVASP-1207,4,Cd,90.640724,2.1835327,88.93524
JVASP-1207,5,Cd,90.639565,2.1835327,91.840416
JVASP-77198,0,Ca,1.1021088,0.5264956,1.2132082
JVASP-77198,1,Ca,1.1021088,0.5264956,1.2132082
JVASP-77198,2,Ca,1.1021088,0.5264956,1.2132082
JVASP-77198,3,Ca,1.1021088,0.5264956,1.2132082
JVASP-77198,4,Sn,143.36118,1.2412734,143.06757
JVASP-77198,5,Sn,143.36118,1.2412734,143.06757
JVASP-77198,6,Au,78.73678,1.5462472,79.05139
JVASP-77198,7,Au,78.73678,1.5462472,79.05139
JVASP-7876,0,O,113.65514,1.7497222,114.156456
JVASP-7876,1,O,31.709538,1.3967247,30.480492
JVASP-7876,2,O,31.709051,1.3967247,30.479988
JVASP-7876,3,O,31.710012,1.3967221,31.936872
JVASP-7876,4,O,31.710012,1.396727,31.936872
JVASP-7876,5,Ni,109.28746,1.7015479,108.45778
JVASP-7876,6,Ba,150.00388,0.16843246,149.9277
JVASP-7876,7,Er,123.950356,0.508662,124.28707
JVASP-7876,8,Er,123.94958,0.50866544,124.28629
JVASP-17630,0,Cr,0.29965758,0.16246977,0.13771854
JVASP-17630,1,Cr,0.29965758,0.16246977,0.13771854
JVASP-17630,2,Cr,0.29965758,0.16246977,0.13771854
JVASP-17630,3,Cr,0.29965758,0.16246977,0.13771854
JVASP-17630,4,Ga,142.47702,0.79554,143.26909
JVASP-17630,5,Ga,142.47702,0.79554,143.26909
JVASP-17630,6,C,2.2641451,1.3741832,0.8907799
JVASP-17630,7,C,2.2641451,1.3741832,0.8907799
JVASP-22624,0,Rb,2.6275518,0.13604522,2.733624
JVASP-22624,1,Rb,2.6275518,0.13604522,2.733624
JVASP-22624,2,Ni,65.71321,2.0705607,67.32097
JVASP-22624,3,F,142.23584,2.9069188,143.35881
JVASP-22624,4,F,142.23718,2.9069197,143.50304
JVASP-22624,5,F,91.94521,3.6389494,89.17093
JVASP-22624,6,F,91.94521,3.6389494,89.17093
JVASP-38750,0,H,12.387246,1.071561,12.924801
JVASP-38750,1,H,12.387246,1.071561,12.943415
JVASP-38750,2,H,12.387337,1.071561,13.2579775
JVASP-38750,3,H,12.387246,1.071561,12.924801
JVASP-38750,4,H,12.387246,1.071561,12.943415
JVASP-38750,5,H,12.387337,1.071561,13.2579775
JVASP-38750,6,Pt,141.77892,0.55768514,141.28474
JVASP-38750,7,Pt,141.77892,0.55768514,141.28474
JVASP-65370,0,Ba,155.50536,0.19960612,155.31561
JVASP-65370,1,Cu,39.494007,1.2527714,38.5906
JVASP-65370,2,Sc,36.738285,0.68263584,36.618744
JVASP-65370,3,Sc,36.738285,0.68263584,36.635216
JVASP-36616,0,Hg,0.0,0.5389379,0.5389379
JVASP-36616,1,Rh,0.0,0.42730778,0.42730778
JVASP-36616,2,O,141.31677,1.282839,140.0601
JVASP-36616,3,O,141.31679,1.282839,142.16953
JVASP-36616,4,O,141.31679,1.282839,141.72943
JVASP-65736,0,Ba,66.27503,0.20276329,66.471664
JVASP-65736,1,Ba,66.27503,0.20276329,66.471664
JVASP-65736,2,Fe,1.3913102,0.45056823,0.9640727
JVASP-65736,3,Fe,1.3913102,0.45056823,0.9640727
JVASP-65736,4,Ir,141.03264,1.2538279,139.79878
JVASP-65736,5,Ir,141.03264,1.2538279,139.79878
JVASP-65736,6,Ir,141.03264,1.2538279,139.79878
JVASP-65736,7,Ir,141.03264,1.2538279,139.79878
JVASP-85725,0,Eu,89.47525,0.06744203,89.456566
JVASP-85725,1,Eu,89.47525,0.06744203,89.45656
JVASP-85725,2,Zn,17.95614,2.387576,20.169304
JVASP-85725,3,Zn,39.45302,2.277757,39.295788
JVASP-85725,4,Zn,17.95614,2.387576,20.169304
JVASP-85725,5,Zn,39.45302,2.277757,39.295788
JVASP-85725,6,Sn,152.14348,1.095223,152.30022
JVASP-85725,7,Sn,152.14348,1.095223,152.30022
JVASP-85725,8,Sn,156.58078,1.1296089,156.06041
JVASP-85725,9,Sn,156.58078,1.1296089,156.06041
JVASP-8778,0,Ag,16.301376,2.0582573,16.326468
JVASP-8778,1,Ag,16.301376,2.0582573,16.326468
JVASP-8778,2,Bi,58.33404,1.1322571,57.871426
JVASP-8778,3,Bi,58.33404,1.1322571,57.871426
JVASP-8778,4,Se,152.21161,1.1304245,152.2125
JVASP-8778,5,Se,152.23224,1.1301986,152.19829
JVASP-8778,6,Se,152.21161,1.1304245,152.2125
JVASP-8778,7,Se,152.23224,1.1301986,152.19829
JVASP-67766,0,Be,1.9938966,0.33453187,1.666673
JVASP-67766,1,Sb,139.91486,3.1822522,136.89517
JVASP-67766,2,Sn,39.079975,1.4087663,40.34495
JVASP-50143,0,Bi,139.39801,1.0707215,139.57214
JVASP-50143,1,Bi,139.39801,1.0707215,139.57214
JVASP-50143,2,Bi,139.39801,1.0707215,139.57214
JVASP-50143,3,Bi,139.39801,1.0707215,139.57214
JVASP-50143,4,Te,10.473202,5.0594387,15.414644
JVASP-50143,5,Te,10.473202,5.0594387,15.414644
JVASP-50143,6,O,8.680991,1.6980128,10.375843
JVASP-50143,7,O,8.680991,1.6980128,10.375843
JVASP-50143,8,O,8.680991,1.6980128,10.375843
JVASP-50143,9,O,8.680991,1.6980128,10.375843
JVASP-8424,0,Ba,50.564,0.23702854,50.327953
JVASP-8424,1,Al,0.011430952,0.60592496,0.5944971
JVASP-8424,2,Cu,139.2494,0.64804244,138.60776
JVASP-8424,3,Mo,122.63125,0.15631132,122.49353
JVASP-8424,4,O,47.867527,1.0946889,48.278156
JVASP-8424,5,O,47.867527,1.0946889,47.773132
JVASP-8424,6,O,59.54791,1.2628204,60.68995
JVASP-8424,7,O,59.54791,1.2628204,60.382378
JVASP-8424,8,O,46.792606,1.4410565,45.37438
JVASP-34477,0,K,10.227882,0.3816666,10.029587
JVASP-34477,1,K,10.227882,0.3816666,10.029587
JVASP-34477,2,Th,139.04716,0.7617221,138.31992
JVASP-34477,3,Cu,15.21688,2.400236,15.719959
JVASP-34477,4,Cu,15.21688,2.400236,15.719959
JVASP-34477,5,S,64.56331,2.5667791,64.21521
JVASP-34477,6,S,64.56331,2.5667791,64.21521
JVASP-34477,7,S,76.82095,2.6094928,77.41136
JVASP-34477,8,S,76.82095,2.6094928,77.41136
JVASP-8296,0,Ti,81.99989,0.39594892,82.06731
JVASP-8296,1,Al,14.244408,0.121244036,14.224284
JVASP-8296,2,F,90.70576,3.2832613,91.3888
JVASP-8296,3,F,90.70576,3.2832613,91.3888
JVASP-8296,4,F,117.89444,2.7576225,117.20352
JVASP-8296,5,F,117.89444,2.7576225,117.20352
JVASP-8296,6,F,139.69728,2.9281917,140.51262
JVASP-42353,0,Ba,0.0,0.23283951,0.23283951
JVASP-42353,1,Os,0.0,1.2392691,1.2392691
JVASP-42353,2,O,137.992,1.579892,138.69044
JVASP-42353,3,O,137.992,1.579892,138.88275
JVASP-42353,4,O,137.992,1.579892,136.41629
JVASP-67114,0,Be,2.8500009,0.32622418,2.5345728
JVASP-67114,1,Cu,21.483252,1.733778,23.215666
JVASP-67114,2,Sn,137.64294,0.43527472,137.46797
JVASP-35409,0,In,32.309586,0.48081318,31.954416
JVASP-35409,1,P,9.908186,1.7451614,11.622123
JVASP-35409,2,Pt,137.37973,1.3878078,136.44484
JVASP-35409,3,Pt,137.37973,1.3878078,136.44484
JVASP-35409,4,Pt,137.37973,1.3878078,137.02316
JVASP-35409,5,Pt,137.37973,1.3878078,137.02316
JVASP-35409,6,Pt,51.600952,0.9683038,52.514523
JVASP-15067,0,Ho,137.14816,0.08284415,137.07939
JVASP-15067,1,Fe,49.29108,0.53178525,49.82025
JVASP-15067,2,Fe,49.29108,0.53178525,49.82025
JVASP-15067,3,Fe,38.45556,0.56720287,38.65241
JVASP-15067,4,Fe,38.458023,0.56720144,38.720978
JVASP-15067,5,Fe,38.45556,0.56720287,38.6475
JVASP-35429,0,Sc,9.573422,0.45347908,9.121968
JVASP-35429,1,Ga,145.58113,0.1817688,145.4282
JVASP-35429,2,Ga,145.58113,0.1817688,145.4282
JVASP-35429,3,Ga,145.58113,0.1817688,145.75845
JVASP-35429,4,Ga,145.58113,0.1817688,145.75845
JVASP-35429,5,Ga,61.668354,0.2588117,61.413704
JVASP-35429,6,Fe,21.609398,0.8993091,20.725903
JVASP-35430,0,Sc,7.341937,0.4467168,6.897171
JVASP-35430,1,Ga,142.24753,0.18212533,142.10184
JVASP-35430,2,Ga,142.24753,0.18212533,142.10184
JVASP-35430,3,Ga,142.24753,0.18212533,142.42714
JVASP-35430,4,Ga,142.24753,0.18212533,142.42714
JVASP-35430,5,Ga,54.345196,0.263229,54.08602
JVASP-35430,6,Co,6.3515267,1.3310812,5.0379605
JVASP-18531,0,B,34.899017,1.5069995,35.49247
JVASP-18531,1,B,34.899017,1.5069995,35.49247
JVASP-18531,2,N,37.57024,1.677223,37.960564
JVASP-18531,3,N,37.56991,1.6772268,38.23593
JVASP-18531,4,N,37.56991,1.6772268,38.23593
JVASP-18531,5,N,37.57024,1.677223,37.960564
JVASP-18531,6,Nd,140.4733,0.12487967,140.458
JVASP-18531,7,Nd,140.4733,0.12487967,140.458
JVASP-18531,8,Nd,125.173904,0.11122628,125.136635
JVASP-67610,0,Be,4.6181054,0.38769913,4.239756
JVASP-67610,1,W,79.00094,0.6537708,78.35599
JVASP-67610,2,Zr,136.3631,0.045256734,136.3569
JVASP-41550,0,K,25.276693,0.0210029,25.2785
JVASP-41550,1,Sr,35.18039,0.2788106,35.45918
JVASP-41550,2,C,46.771374,1.4591702,45.324844
JVASP-41550,3,O,155.65964,3.0477312,155.57495
JVASP-41550,4,O,155.66139,3.0477397,155.78967
JVASP-41550,5,O,155.65964,3.0477312,155.55609
JVASP-41550,6,F,15.588552,1.003253,16.529806
JVASP-21888,0,Sc,32.988377,0.46657702,32.79724
JVASP-21888,1,Sc,32.988377,0.46657702,32.818756
JVASP-21888,2,Sc,32.988377,0.46657702,32.818756
JVASP-21888,3,Sc,32.988377,0.46657702,32.79724
JVASP-21888,4,In,135.82993,0.54868275,135.34155
JVASP-21888,5,In,135.82993,0.54868275,135.34155
JVASP-21888,6,Ni,74.454384,1.6274867,72.85579
JVASP-21888,7,Ni,74.454384,1.6274867,72.855515
JVASP-21888,8,Ni,74.454384,1.6274867,72.855515
JVASP-21888,9,Ni,74.454384,1.6274867,72.85579
JVASP-15253,0,Yb,0.0,0.32271802,0.32271802
JVASP-15253,1,B,0.0,0.3662923,0.3662923
JVASP-15253,2,Rh,135.46332,1.179209,134.87984
JVASP-15253,3,Rh,135.46332,1.179209,136.64247
JVASP-15253,4,Rh,135.46332,1.179209,134.87537
JVASP-10188,0,Cd,144.73738,1.8279036,145.53297
JVASP-10188,1,Cd,144.73738,1.8279036,145.53236
JVASP-10188,2,P,90.77193,1.7278227,91.167656
JVASP-10188,3,P,90.77193,1.7278227,91.14685
JVASP-10188,4,P,115.69989,2.051263,115.2276
JVASP-10188,5,P,115.69989,2.051263,115.235054
JVASP-10188,6,P,115.69989,2.051263,115.2276
JVASP-10188,7,P,115.69989,2.051263,115.235054
JVASP-10188,8,P,90.77193,1.7278227,91.14685
JVASP-10188,9,P,90.77193,1.7278227,91.167656
JVASP-35511,0,Zn,0.49316394,0.9101484,1.4030591
JVASP-35511,1,As,27.813955,2.8864777,30.629753
JVASP-35511,2,Pt,141.85773,1.2414132,140.75095
JVASP-35511,3,Pt,141.85773,1.2414132,140.75095
JVASP-35511,4,Pt,141.85773,1.2414132,141.19637
JVASP-35511,5,Pt,141.85773,1.2414132,141.19637
JVASP-35511,6,Pt,111.947395,0.98121613,112.87543
JVASP-17625,0,Mn,134.72847,0.048872933,134.68117
JVASP-17625,1,Mn,134.72847,0.048872933,134.74245
JVASP-17625,2,Mn,134.72847,0.048872933,134.76181
JVASP-17625,3,Ge,0.0,0.513942,0.513942
JVASP-17625,4,C,0.0,1.0133806,1.0133806
JVASP-7905,0,Sc,134.08916,0.48743567,134.38477
JVASP-7905,1,Sc,134.08914,0.48743567,133.60571
JVASP-7905,2,Sc,134.08916,0.48743567,134.27829
JVASP-7905,3,In,0.0,0.33632287,0.33632287
JVASP-7905,4,B,0.0,0.18552032,0.18552032
JVASP-18088,0,Fe,7.0981174,0.8086093,6.5921664
JVASP-18088,1,Fe,7.0981174,0.8086093,6.5921664
JVASP-18088,2,Ge,100.78863,1.0924201,101.483826
JVASP-18088,3,Ge,100.78863,1.0924201,101.483826
JVASP-18088,4,Dy,133.93011,0.11159803,134.0077
JVASP-15385,0,U,76.976036,0.7163201,76.27131
JVASP-15385,1,U,76.976036,0.7163201,76.27131
JVASP-15385,2,P,133.55026,1.8259602,131.75728
JVASP-15385,3,P,133.55026,1.8259602,131.75728
JVASP-15385,4,S,3.4243867,2.9009538,0.779115
JVASP-15385,5,S,3.4243867,2.9009538,0.779115
JVASP-26879,0,Ba,102.36499,0.15904115,102.211945
JVASP-26879,1,Y,5.827336,0.33802906,6.165336
JVASP-26879,2,Fe,7.4905396,0.336971,7.8216476
JVASP-26879,3,Cu,13.821654,0.6050364,14.416991
JVASP-26879,4,O,89.584145,1.0184864,89.7095
JVASP-26879,5,O,89.584145,1.0184864,90.222664
JVASP-26879,6,O,133.79697,1.0698272,133.98157
JVASP-26879,7,O,133.79697,1.0698272,134.49426
JVASP-26879,8,O,38.31247,1.5943959,36.736637
JVASP-56971,0,Dy,132.98892,0.03983333,132.99434
JVASP-56971,1,Fe,37.730343,0.5673246,37.919712
JVASP-56971,2,Fe,49.31435,0.532251,49.843998
JVASP-56971,3,Fe,37.730343,0.5673246,37.914734
JVASP-56971,4,Fe,49.31435,0.532251,49.843998
JVASP-56971,5,Fe,37.730064,0.5673227,37.985855
JVASP-15121,0,Th,132.7109,0.624869,133.328
JVASP-15121,1,Th,132.7109,0.624869,133.328
JVASP-15121,2,Ge,65.30993,1.6410164,66.887276
JVASP-15121,3,Ge,65.30993,1.6410164,66.887276
JVASP-15121,4,Ge,65.30993,1.6410164,66.887276
JVASP-15121,5,Ge,65.30993,1.6410164,66.887276
JVASP-15121,6,Rh,25.768633,1.3453921,27.113699
JVASP-15121,7,Rh,25.768633,1.3453921,27.113699
JVASP-15121,8,Rh,25.768633,1.3453921,27.113699
JVASP-15121,9,Rh,25.768633,1.3453921,27.113699
JVASP-18198,0,Ta,132.2994,0.63850737,132.93611
JVASP-18198,1,In,72.3616,0.30367166,72.44255
JVASP-18198,2,S,5.970631,1.3659778,7.3120937
JVASP-18198,3,S,5.970631,1.3659778,7.3120937
JVASP-67245,0,Be,5.7734475,0.3177726,6.0856028
JVASP-67245,1,Be,3.0120559,0.27010703,2.7516265
JVASP-67245,2,V,11.418705,0.409721,11.016921
JVASP-67245,3,Bi,131.89604,1.2702248,132.90457
JVASP-8666,0,Tl,6.8815684,1.1264639,7.2078342
JVASP-8666,1,Tl,6.8815684,1.1264639,7.2078342
JVASP-8666,2,Ag,39.26287,2.4655797,39.22509
JVASP-8666,3,Ag,39.26287,2.4655797,39.22509
JVASP-8666,4,I,136.61998,4.936662,137.8193
JVASP-8666,5,I,136.62004,4.936662,136.00665
JVASP-8666,6,I,136.62004,4.936662,136.00665
JVASP-8666,7,I,136.61998,4.936662,137.8193
JVASP-36641,0,Hg,0.0,0.5688738,0.5688738
JVASP-36641,1,Ge,0.0,0.37227878,0.37227878
JVASP-36641,2,O,130.99136,1.3988994,129.61314
JVASP-36641,3,O,130.99136,1.3988994,131.8901
JVASP-36641,4,O,130.99136,1.3988994,131.482
JVASP-80698,0,Al,10.268272,0.2822671,9.990124
JVASP-80698,1,Al,10.268272,0.2822671,9.990124
JVASP-80698,2,Al,10.268272,0.2822671,9.990124
JVASP-80698,3,Al,10.268272,0.2822671,9.990124
JVASP-80698,4,Cr,78.912895,0.35264754,79.24244
JVASP-80698,5,Cr,78.912895,0.35264754,79.24244
JVASP-80698,6,Ir,138.14743,1.4512492,138.67845
JVASP-80698,7,Ir,138.14743,1.4512492,138.67845
JVASP-51565,0,U,93.4479,0.71592194,93.93931
JVASP-51565,1,U,93.4479,0.71592194,93.93931
JVASP-51565,2,U,93.4479,0.71592194,93.88166
JVASP-51565,3,U,93.4479,0.71592194,93.88166
JVASP-51565,4,Sn,92.398834,0.85985804,93.089676
JVASP-51565,5,Sn,92.398834,0.85985804,93.089676
JVASP-51565,6,Rh,137.65193,1.3906407,136.33391
JVASP-51565,7,Rh,137.65193,1.3906407,136.33656
JVASP-51565,8,Rh,137.65193,1.3906407,136.33391
JVASP-51565,9,Rh,137.65193,1.3906407,136.33656
JVASP-85175,0,Eu,50.038177,0.13211645,50.166958
JVASP-85175,1,Eu,50.038177,0.13211645,50.166958
JVASP-85175,2,Sn,10.321742,1.264038,9.217106
JVASP-85175,3,Sn,10.321742,1.264038,9.217106
JVASP-85175,4,Hg,130.07281,1.9731808,128.17155
JVASP-85175,5,Hg,130.07281,1.9731808,128.17155
JVASP-17577,0,S,130.60655,1.0956883,130.26389
JVASP-17577,1,S,130.6054,1.0956889,130.49214
JVASP-17577,2,S,130.60579,1.0956889,130.21924
JVASP-17577,3,S,130.60635,1.095689,131.48792
JVASP-17577,4,Fe,80.42059,1.8047953,81.282394
JVASP-17577,5,Ag,44.531307,2.509354,45.768814
JVASP-17577,6,Ag,44.531307,2.509354,45.768814
JVASP-17577,7,Sn,36.613785,2.1687999,37.666546
JVASP-85430,0,Ba,117.179504,0.1612894,117.0241
JVASP-85430,1,Lu,12.3576765,0.3747066,11.984276
JVASP-85430,2,Fe,0.90304524,0.32449234,0.58741975
JVASP-85430,3,Cu,3.1002376,0.6118549,3.7045968
JVASP-85430,4,O,38.448822,1.5797557,36.887566
JVASP-85430,5,O,129.51228,1.1222625,130.25414
JVASP-85430,6,O,86.59474,1.0652608,87.276245
JVASP-85430,7,O,129.51228,1.1222625,129.77094
JVASP-85430,8,O,86.59474,1.0652608,86.79326
JVASP-37367,0,Tm,1.5317476,1.1054635,0.42970285
JVASP-37367,1,Tm,1.5317476,1.1054635,0.42970285
JVASP-37367,2,Pu,38.362274,0.68744755,39.030483
JVASP-37367,3,Pu,38.362274,0.68744755,39.030483
JVASP-37367,4,Pu,129.06525,0.68744755,128.39749
JVASP-37367,5,Pu,38.362274,0.68744755,39.030483
JVASP-37367,6,Pu,38.362274,0.68744755,39.030483
JVASP-37367,7,Pu,129.06525,0.68744755,128.39749
JVASP-8625,0,Ba,128.76152,0.1423112,128.62755
JVASP-8625,1,Y,7.6007667,0.3453524,7.2554574
JVASP-8625,2,Fe,16.222971,0.21417877,16.428041
JVASP-8625,3,Fe,16.222971,0.21417877,16.428041
JVASP-8625,4,O,80.00372,1.0700212,80.66941
JVASP-8625,5,O,80.00372,1.0700212,80.66941
JVASP-8625,6,O,80.00372,1.0700212,80.15932
JVASP-8625,7,O,80.00372,1.0700212,80.15932
JVASP-8625,8,O,67.348724,1.31701,66.05228
JVASP-18472,0,Si,23.629883,0.44196802,23.95875
JVASP-18472,1,Si,23.629883,0.44196802,23.95875
JVASP-18472,2,Ce,113.146484,0.23334837,113.328125
JVASP-18472,3,Re,128.43938,0.913571,127.99367
JVASP-18472,4,Re,44.494007,0.9361204,43.880207
JVASP-18472,5,Re,128.43938,0.913571,127.99367
JVASP-18472,6,Re,44.494007,0.9361204,43.880207
JVASP-14551,0,Ho,128.16466,0.08689023,128.09161
JVASP-14551,1,Co,43.55397,0.98145854,44.531895
JVASP-14551,2,Co,43.55397,0.98145854,44.531895
JVASP-14551,3,Co,60.884743,1.0306914,60.99143
JVASP-14551,4,Co,60.88346,1.0306901,61.107147
JVASP-14551,5,Co,60.884743,1.0306914,60.987053
JVASP-67390,0,Li,3.0006251,0.2863932,3.282579
JVASP-67390,1,Y,127.6127,0.064079784,127.548676
JVASP-67390,2,Be,8.222945,0.2573445,8.475675
JVASP-3783,0,Ca,51.40009,0.18812484,51.418488
JVASP-3783,1,Ca,51.40009,0.18812484,51.55326
JVASP-3783,2,Ca,51.40009,0.18812484,51.229034
JVASP-3783,3,As,0.0,0.65056837,0.65056837
JVASP-3783,4,Br,127.23303,0.636833,127.738815
JVASP-3783,5,Br,127.23303,0.636833,127.31686
JVASP-3783,6,Br,127.233025,0.636833,126.645805
JVASP-13895,0,Ce,76.544106,0.19585057,76.34877
JVASP-13895,1,Ce,76.544106,0.19585057,76.34877
JVASP-13895,2,Sn,93.58602,0.9073655,92.83856
JVASP-13895,3,Sn,79.027885,0.9987098,78.198456
JVASP-13895,4,Sn,93.58602,0.9073655,92.83856
JVASP-13895,5,Sn,79.027885,0.9987098,78.198456
JVASP-13895,6,Ir,126.912964,1.686251,128.58069
JVASP-13895,7,Ir,10.713252,1.3958671,9.343758
JVASP-13895,8,Ir,10.713252,1.3958671,9.343758
JVASP-13895,9,Ir,126.912964,1.686251,128.58069
JVASP-17220,0,Si,30.824453,0.9084067,31.434025
JVASP-17220,1,Si,30.824453,0.9084067,31.434025
JVASP-17220,2,Mn,18.47652,0.11714568,18.554695
JVASP-17220,3,Mn,18.47652,0.11714568,18.554695
JVASP-17220,4,Yb,126.22361,0.15508711,126.33351
JVASP-17480,0,Ce,61.452232,0.16428688,61.482338
JVASP-17480,1,Ce,61.452232,0.16428688,61.482075
JVASP-17480,2,Ce,61.454914,0.16428645,61.50734
JVASP-17480,3,In,68.080345,0.3275001,67.829575
JVASP-17480,4,In,68.079285,0.3275002,68.24134
JVASP-17480,5,In,68.079285,0.3275002,68.26312
JVASP-17480,6,Au,125.737206,2.2434754,123.5264
JVASP-17480,7,Au,55.763855,2.2307732,57.96467
JVASP-17480,8,Au,125.737206,2.2434754,123.5264
JVASP-8415,0,Ba,102.39765,0.15828104,102.245384
JVASP-8415,1,Y,2.2029078,0.3432878,2.5461676
JVASP-8415,2,Cr,39.233475,0.09498002,39.149174
JVASP-8415,3,Cu,36.24755,0.6036007,35.654026
JVASP-8415,4,O,67.95473,1.0379363,68.32612
JVASP-8415,5,O,67.95473,1.0379363,67.774055
JVASP-8415,6,O,126.17765,1.0735984,126.86885
JVASP-8415,7,O,126.17765,1.0735984,126.3547
JVASP-8415,8,O,84.83971,1.6396525,83.21775
JVASP-37956,0,Ac,125.24392,0.69443303,124.88185
JVASP-37956,1,Ac,125.251526,0.6944337,124.926636
JVASP-37956,2,Ac,125.24392,0.69443303,124.84376
JVASP-37956,3,Ac,125.24392,0.69443303,124.88185
JVASP-37956,4,Ac,125.251526,0.6944337,124.926636
JVASP-37956,5,Ac,125.24392,0.69443303,124.84376
JVASP-37956,6,Hg,18.407915,1.6299925,19.956598
JVASP-37956,7,Hg,18.407915,1.6299925,19.956598
JVASP-2943,0,Ta,0.0,0.6072506,0.6072506
JVASP-2943,1,Cu,18.126225,2.182018,17.404694
JVASP-2943,2,Cu,18.126225,2.182018,16.890112
JVASP-2943,3,Cu,18.126225,2.182018,20.291979
JVASP-2943,4,Te,124.98031,1.3958617,124.97869
JVASP-2943,5,Te,124.98031,1.3958617,124.989494
JVASP-2943,6,Te,124.98031,1.3958617,124.9895
JVASP-2943,7,Te,124.98031,1.3958617,124.99473
JVASP-35844,0,Ce,48.175404,0.19163091,47.984154
JVASP-35844,1,Ce,48.175404,0.19163091,47.984158
JVASP-35844,2,Tl,124.62273,1.3328363,123.399216
JVASP-35844,3,Tl,124.62273,1.3328363,123.399216
JVASP-35844,4,Cd,48.458256,1.372671,47.086765
JVASP-35844,5,Cd,48.458256,1.372671,47.086765
JVASP-26385,0,Sr,125.70064,0.19215935,125.59539
JVASP-26385,1,Sr,125.70002,0.19215845,125.59477
JVASP-26385,2,Sr,125.71235,0.1921517,125.83865
JVASP-26385,3,I,96.44505,6.5214825,99.41199
JVASP-26385,4,O,14.874231,1.9286262,14.25321
JVASP-26385,5,Sr,125.71306,0.1921518,125.83937
JVASP-26385,6,I,96.46188,6.521427,100.395645
JVASP-26385,7,I,96.443214,6.5214796,99.41007
JVASP-26385,8,I,96.4605,6.521433,100.39426
JVASP-26385,9,O,14.874946,1.9286317,14.253951
JVASP-17643,0,Co,29.801718,0.6175072,29.19369
JVASP-17643,1,Co,29.801718,0.6175072,29.19369
JVASP-17643,2,Ni,19.849443,0.8511072,18.998945
JVASP-17643,3,Ni,19.849443,0.8511072,18.998945
JVASP-17643,4,Sn,123.97725,0.49124306,124.07748
JVASP-17643,5,Sn,123.97725,0.49124306,124.07748
JVASP-15870,0,Er,0.0,0.16490312,0.16490312
JVASP-15870,1,B,0.0,0.31533438,0.31533438
JVASP-15870,2,Pd,123.53838,1.4029964,122.86219
JVASP-15870,3,Pd,123.53838,1.4029964,124.941154
JVASP-15870,4,Pd,123.53838,1.4029964,122.82384
JVASP-15114,0,Pr,0.0,0.13281342,0.13281342
JVASP-15114,1,B,0.0,0.27819806,0.27819806
JVASP-15114,2,Pd,123.328545,1.3936129,122.661674
JVASP-15114,3,Pd,123.328545,1.3936129,124.72184
JVASP-15114,4,Pd,123.328545,1.3936129,122.61399
JVASP-65627,0,Ba,43.837704,0.1560714,43.686172
JVASP-65627,1,Pt,14.021695,1.4841261,12.576382
JVASP-65627,2,Br,123.48755,4.3991575,125.24211
JVASP-65627,3,Br,123.48755,4.3991575,126.70621
JVASP-53186,0,Lu,26.483885,0.2813294,26.204948
JVASP-53186,1,Cu,14.128657,2.7820425,16.903158
JVASP-53186,2,Se,122.742714,4.5796385,118.2826
JVASP-53186,3,Se,93.1394,4.6043434,97.63065
JVASP-16274,0,Yb,122.538994,0.44657874,122.98168
JVASP-16274,1,Yb,122.538994,0.44657874,122.98168
JVASP-16274,2,Si,5.9334803,0.8965861,6.8081865
JVASP-16274,3,Si,5.9334803,0.8965861,6.8081865
JVASP-16274,4,Si,5.9334803,0.8965861,6.8081865
JVASP-16274,5,Si,5.9334803,0.8965861,6.8081865
JVASP-16274,6,Rh,11.349302,1.352783,9.99708
JVASP-16274,7,Rh,11.349302,1.352783,9.99708
JVASP-16274,8,Rh,11.349302,1.352783,9.99708
JVASP-16274,9,Rh,11.349302,1.352783,9.99708
JVASP-35476,0,Pr,114.99123,0.14068033,114.94458
JVASP-35476,1,Re,126.42869,0.90837586,126.30572
JVASP-35476,2,Re,126.42869,0.90837586,126.30572
JVASP-35476,3,Re,87.53909,0.9317055,88.415215
JVASP-35476,4,Re,87.53909,0.9317055,88.415215
JVASP-35476,5,Si,29.346724,0.46832854,29.281479
JVASP-35476,6,Si,29.346724,0.46832854,29.281479
JVASP-29413,0,Tc,104.14316,0.31029904,104.23073
JVASP-29413,1,Tc,104.14316,0.31029904,104.23073
JVASP-29413,2,Tc,104.14316,0.31029904,104.239655
JVASP-29413,3,Tc,104.14316,0.31029904,104.239655
JVASP-29413,4,O,61.553623,1.7694322,60.41962
JVASP-29413,5,O,60.980206,1.7780865,60.87544
JVASP-29413,6,O,60.980206,1.7780865,60.87544
JVASP-29413,7,O,44.66437,1.7547393,44.49497
JVASP-29413,8,O,61.553623,1.7694322,60.44645
JVASP-29413,9,O,60.980206,1.7780865,60.89084
JVASP-29413,10,O,61.553623,1.7694322,60.41962
JVASP-29413,11,O,44.66437,1.7547393,44.49497
JVASP-29413,12,O,61.553623,1.7694322,60.44645
JVASP-29413,13,O,44.66437,1.7547393,44.512913
JVASP-29413,14,O,60.980206,1.7780865,60.89084
JVASP-29413,15,O,44.66437,1.7547393,44.512913
JVASP-29413,16,F,135.76439,2.4938107,134.66444
JVASP-29413,17,F,135.76439,2.4938107,134.66444
JVASP-29413,18,F,135.76439,2.4938107,134.67505
JVASP-29413,19,F,135.76439,2.4938107,134.67505
JVASP-15931,0,Y,16.434397,0.033693194,16.453089
JVASP-15931,1,Y,16.436731,0.033693247,16.410444
JVASP-15931,2,Y,16.434397,0.033693194,16.45305
JVASP-15931,3,Al,21.158943,0.19792594,20.984497
JVASP-15931,4,Al,21.158888,0.19792612,20.96449
JVASP-15931,5,Al,21.158943,0.19792594,20.981499
JVASP-15931,6,Ni,12.545071,1.5505291,11.015399
JVASP-15931,7,Ge,121.89396,0.36881357,121.54931
JVASP-15931,8,Ge,121.89396,0.36881357,121.54931
JVASP-17238,0,Si,0.16666333,0.6042974,0.52048635
JVASP-17238,1,Si,0.16666333,0.6042974,0.52048635
JVASP-17238,2,Sm,23.638655,0.12161219,23.575926
JVASP-17238,3,Au,121.52352,2.007622,122.73318
JVASP-17238,4,Au,121.52352,2.007622,122.73318
JVASP-17742,0,Ho,139.14972,0.57216215,139.16194
JVASP-17742,1,Ho,139.15144,0.5721608,139.17786
JVASP-17742,2,Ho,139.14972,0.57216215,139.12665
JVASP-17742,3,Mg,3.5619018,0.52747434,4.051895
JVASP-17742,4,Mg,3.5593023,0.5274734,4.0697927
JVASP-17742,5,Mg,3.5593023,0.5274734,4.0772433
JVASP-17742,6,In,77.31488,0.29055905,77.4551
JVASP-17742,7,In,49.591145,0.30987984,49.792824
JVASP-17742,8,In,77.31488,0.29055905,77.4551
JVASP-3432,0,S,130.306,2.835522,131.59825
JVASP-3432,1,S,130.30605,2.8355212,128.77724
JVASP-3432,2,S,130.30591,2.8355212,132.00899
JVASP-3432,3,S,130.30565,2.835522,128.51949
JVASP-3432,4,Mn,16.742037,0.50640583,16.52126
JVASP-3432,5,Ga,4.080252,0.7745081,3.8023772
JVASP-3432,6,Ga,6.776937,0.7018476,7.112694
JVASP-28448,0,Ba,127.10843,0.17743362,126.94932
JVASP-28448,1,Ba,127.10843,0.17743362,126.94932
JVASP-28448,2,In,87.59732,0.4913617,87.74396
JVASP-28448,3,In,87.59732,0.4913617,87.74396
JVASP-28448,4,In,87.59732,0.4913617,87.74424
JVASP-28448,5,In,87.59732,0.4913617,87.74424
JVASP-28448,6,Pd,81.32208,1.9502108,82.083206
JVASP-28448,7,Pd,81.32208,1.9502108,82.083206
JVASP-15949,0,Zn,0.0,1.1940683,1.1940683
JVASP-15949,1,Fe,120.13522,0.34731752,119.93279
JVASP-15949,2,Fe,120.13522,0.34731752,119.99288
JVASP-15949,3,Fe,120.135216,0.34731752,120.48075
JVASP-15949,4,C,0.0,1.0375545,1.0375545
JVASP-54940,0,Ba,119.7801,0.19239904,119.93042
JVASP-54940,1,Cr,41.430794,0.09700906,41.359734
JVASP-54940,2,Cr,41.430794,0.09700906,41.359734
JVASP-54940,3,As,19.895224,3.4367068,22.635996
JVASP-54940,4,As,19.895224,3.4367068,22.635996
JVASP-57000,0,Yb,119.59552,0.42432466,120.015465
JVASP-57000,1,Yb,119.59552,0.42432466,120.015465
JVASP-57000,2,P,47.169006,1.545846,48.682293
JVASP-57000,3,P,47.169006,1.545846,48.682293
JVASP-57000,4,P,47.169006,1.545846,48.682293
JVASP-57000,5,P,47.169006,1.545846,48.682293
JVASP-57000,6,Ru,41.5956,0.9316238,40.664433
JVASP-57000,7,Ru,41.5956,0.9316238,40.664433
JVASP-57000,8,Ru,41.5956,0.9316238,40.664433
JVASP-57000,9,Ru,41.5956,0.9316238,40.664433
JVASP-10662,0,Na,9.94725,0.37661713,9.709615
JVASP-10662,1,Na,9.94725,0.37661713,9.708637
JVASP-10662,2,Na,4.5538626,0.33111322,4.7637706
JVASP-10662,3,Na,4.5538626,0.33111322,4.763882
JVASP-10662,4,S,120.960945,1.4175503,120.58461
JVASP-10662,5,S,120.960945,1.4175503,120.5712
JVASP-10662,6,S,112.55438,1.6601088,112.28962
JVASP-10662,7,S,112.55438,1.6601088,112.27516
JVASP-10662,8,Pd,32.767677,1.5649105,31.943197
JVASP-10662,9,Pd,32.767677,1.5649105,31.945107
JVASP-81122,0,Na,17.95814,0.32058045,17.957882
JVASP-81122,1,Na,17.95814,0.32058045,17.957882
JVASP-81122,2,Cd,128.47296,1.1118674,127.6996
JVASP-81122,3,Cd,128.47296,1.1118674,127.6996
JVASP-81122,4,Pd,53.538815,1.2246945,53.816017
JVASP-81122,5,Pd,53.538815,1.2246945,53.816017
JVASP-81122,6,Pd,53.538815,1.2246945,53.816017
JVASP-81122,7,Pd,53.538815,1.2246945,53.816017
JVASP-18578,0,N,8.391984,0.58098644,8.298581
JVASP-18578,1,N,8.391984,0.58098644,8.298581
JVASP-18578,2,Sr,121.29104,0.12007802,121.24131
JVASP-18578,3,Sr,121.29104,0.12007802,121.24131
JVASP-18578,4,Sr,117.342445,0.061995175,117.38398
JVASP-18578,5,Sr,117.342445,0.061995175,117.38398
JVASP-18578,6,Au,122.13157,1.7505279,121.25154
JVASP-18578,7,Au,122.13157,1.7505279,121.25154
JVASP-7953,0,Pu,118.3275,0.4640426,117.89627
JVASP-7953,1,Pu,118.3275,0.4640426,117.89627
JVASP-7953,2,Si,28.656582,0.75010735,29.376959
JVASP-7953,3,Si,28.656582,0.75010735,29.376959
JVASP-7953,4,Si,28.656582,0.75010735,29.376959
JVASP-7953,5,Si,28.656582,0.75010735,29.376959
JVASP-7953,6,Ni,2.5825787,1.3002262,3.882257
JVASP-7953,7,Ni,2.5825787,1.3002262,3.882257
JVASP-7953,8,Ni,2.5825787,1.3002262,3.882257
JVASP-7953,9,Ni,2.5825787,1.3002262,3.882257
JVASP-8611,0,Pr,0.0,0.1033692,0.1033692
JVASP-8611,1,Co,0.0,0.74798733,0.74798733
JVASP-8611,2,O,118.07112,1.4052018,118.566666
JVASP-8611,3,O,118.07112,1.4052018,118.97282
JVASP-8611,4,O,118.07112,1.4052018,116.686356
JVASP-12160,0,Al,41.17259,0.70330226,40.853874
JVASP-12160,1,Al,41.17259,0.70330226,40.853874
JVASP-12160,2,Si,14.467001,0.40195963,14.76102
JVASP-12160,3,Si,14.467001,0.40195963,14.76102
JVASP-12160,4,Si,16.550581,0.39776516,16.857338
JVASP-12160,5,Si,16.550581,0.39776516,16.857338
JVASP-12160,6,O,60.24849,1.6794901,60.382423
JVASP-12160,7,O,79.011955,1.9044769,77.69885
JVASP-12160,8,O,79.011955,1.9044769,77.69885
JVASP-12160,9,O,80.06022,1.8978604,78.61019
JVASP-12160,10,O,80.06022,1.8978604,78.61019
JVASP-12160,11,O,107.09152,2.3725863,107.9587
JVASP-12160,12,O,107.09152,2.3725863,107.9587
JVASP-12160,13,O,107.46106,2.3568444,108.55569
JVASP-12160,14,O,107.46106,2.3568444,108.55569
JVASP-12160,15,O,118.070885,1.908677,118.95337
JVASP-12160,16,O,118.070885,1.908677,118.95337
JVASP-9400,0,O,72.69089,1.3886741,72.56961
JVASP-9400,1,O,72.69149,1.3886741,72.52253
JVASP-9400,2,O,72.690475,1.3886737,73.158745
JVASP-9400,3,O,72.69064,1.3886744,72.57003
JVASP-9400,4,O,72.690445,1.3886737,73.15889
JVASP-9400,5,O,72.690765,1.3886743,72.52095
JVASP-9400,6,Ga,7.645473,0.7025255,7.3026614
JVASP-9400,7,Ga,7.645473,0.70252496,7.302662
JVASP-9400,8,La,117.64871,0.23221472,117.520645
JVASP-9400,9,La,117.64871,0.23221472,117.520645
JVASP-26325,0,O,127.18464,1.1528114,127.92182
JVASP-26325,1,O,127.18456,1.1527945,126.84261
JVASP-26325,2,Sb,57.188244,2.1540678,58.399513
JVASP-26325,3,O,127.179596,1.1528654,127.19653
JVASP-26325,4,Sb,57.187973,2.1540685,58.399223
JVASP-26325,5,Ag,7.08437,0.91291624,7.6471677
JVASP-26325,6,Ag,7.085063,0.91291535,7.6477647
JVASP-26325,7,O,127.1794,1.1528658,127.19632
JVASP-26325,8,O,127.18482,1.1527933,126.84287
JVASP-26325,9,O,127.18464,1.1528119,127.92182
JVASP-85744,0,Np,99.81474,0.691478,100.48531
JVASP-85744,1,Np,99.81474,0.691478,100.48531
JVASP-85744,2,Np,99.81474,0.691478,100.46853
JVASP-85744,3,Np,99.81474,0.691478,100.46853
JVASP-85744,4,In,117.04723,0.37421232,116.83956
JVASP-85744,5,In,117.04723,0.37421232,116.83956
JVASP-85744,6,Rh,120.433685,1.3884996,119.26351
JVASP-85744,7,Rh,120.433685,1.3884996,119.26798
JVASP-85744,8,Rh,120.433685,1.3884996,119.26351
JVASP-85744,9,Rh,120.433685,1.3884996,119.26798
JVASP-41532,0,Tm,83.08082,0.9241966,83.26629
JVASP-41532,1,Tm,83.08082,0.9241966,83.22085
JVASP-41532,2,Tm,83.08082,0.9241966,83.22085
JVASP-41532,3,Tm,83.08082,0.9241966,83.26629
JVASP-41532,4,Mg,2.9124432,0.49647313,2.4205885
JVASP-41532,5,Mg,2.9124432,0.49647313,2.4205885
JVASP-41532,6,Ge,127.38958,0.43354556,127.05401
JVASP-41532,7,Ge,127.38958,0.43354556,127.07376
JVASP-41532,8,Ge,127.38958,0.43354556,127.07376
JVASP-41532,9,Ge,127.38958,0.43354556,127.05401
JVASP-16652,0,Si,3.6062968,1.0944496,4.25428
JVASP-16652,1,S,117.457016,2.751723,116.65232
JVASP-16652,2,S,117.45673,2.751723,117.16737
JVASP-16652,3,S,117.45613,2.751723,116.569305
JVASP-16652,4,S,117.45639,2.751723,119.691444
JVASP-16652,5,Co,29.12888,1.1272119,28.600883
JVASP-16652,6,Cu,14.73327,1.7470307,15.6567335
JVASP-16652,7,Cu,14.73327,1.7470307,15.6567335
JVASP-39098,0,Si,0.0,0.14844465,0.14844465
JVASP-39098,1,Bi,0.0,1.2580258,1.2580258
JVASP-39098,2,O,116.091934,1.4248618,114.68671
JVASP-39098,3,O,116.091934,1.4248618,117.00145
JVASP-39098,4,O,116.091934,1.4248618,116.60068
JVASP-38478,0,Ho,79.54815,0.8101235,80.33058
JVASP-38478,1,Ho,79.54847,0.81012344,80.3452
JVASP-38478,2,Ho,79.54847,0.81012344,80.33787
JVASP-38478,3,Ho,50.107834,0.8052055,50.521416
JVASP-38478,4,Ho,50.10939,0.80520725,50.567482
JVASP-38478,5,Ho,50.10939,0.80520725,50.535732
JVASP-38478,6,Co,41.174698,1.378376,39.80531
JVASP-38478,7,Te,115.61673,4.474309,111.322426
JVASP-38478,8,Te,115.61673,4.474309,111.322426
JVASP-37706,0,Yb,125.29475,1.3163302,125.12327
JVASP-37706,1,Yb,125.29475,1.3163302,125.18138
JVASP-37706,2,Yb,125.29942,1.3163291,125.11344
JVASP-37706,3,Yb,125.29475,1.3163302,125.12327
JVASP-37706,4,Yb,125.29475,1.3163302,125.18138
JVASP-37706,5,Yb,125.29942,1.3163291,125.11344
JVASP-37706,6,W,46.465187,0.6884099,47.145786
JVASP-37706,7,W,46.465187,0.6884099,47.145786
JVASP-8813,0,Ge,6.3695297,2.387311,7.1160464
JVASP-8813,1,Ge,6.373627,2.38731,7.120884
JVASP-8813,2,Mg,12.519699,0.5541653,12.585163
JVASP-8813,3,Mg,12.519221,0.554164,12.584668
JVASP-8813,4,P,126.28529,1.4665502,127.00914
JVASP-8813,5,P,126.28958,1.4665914,125.574005
JVASP-8813,6,P,126.29659,1.4665895,127.02488
JVASP-8813,7,P,126.283226,1.4665657,125.56898
JVASP-14884,0,Al,0.0,0.107937664,0.107937664
JVASP-14884,1,Al,0.0,0.107937664,0.107937664
JVASP-14884,2,Mo,115.01906,0.12589,115.05246
JVASP-14884,3,Mo,115.01906,0.12589,115.05246
JVASP-14884,4,Mo,115.01905,0.12589,114.89736
JVASP-14884,5,Mo,115.01905,0.12589,114.89736
JVASP-14884,6,Mo,115.01906,0.12589,115.107445
JVASP-14884,7,Mo,115.01906,0.12589,115.107445
JVASP-86501,0,Ti,9.04964,0.5782657,8.47898
JVASP-86501,1,Ti,9.04964,0.5782657,8.47898
JVASP-86501,2,Ti,9.04964,0.5782657,8.47898
JVASP-86501,3,Ti,9.04964,0.5782657,8.47898
JVASP-86501,4,Sb,114.63979,2.8597398,111.94595
JVASP-86501,5,Sb,114.63979,2.8597398,111.94595
JVASP-86501,6,P,11.660389,2.0554204,13.679934
JVASP-86501,7,P,11.660389,2.0554204,13.679934
JVASP-23479,0,Ca,26.28461,0.473642,26.412802
JVASP-23479,1,Ca,26.285646,0.47364268,26.395914
JVASP-23479,2,Ca,26.28461,0.473642,26.412802
JVASP-23479,3,Ca,26.285646,0.47364268,26.395914
JVASP-23479,4,Pd,122.409874,1.8312631,122.53754
JVASP-23479,5,Pd,122.409874,1.8312633,122.54721
JVASP-23479,6,Pd,122.409874,1.8312631,122.53754
JVASP-23479,7,Pd,122.409874,1.8312633,122.54721
JVASP-23479,8,In,80.020584,0.34197596,79.98973
JVASP-23479,9,In,80.020584,0.34197596,79.98973
JVASP-40493,0,Ca,17.8874,0.14080678,18.024397
JVASP-40493,1,Ca,17.8874,0.14080678,18.024397
JVASP-40493,2,Bi,53.227413,1.1107099,52.7597
JVASP-40493,3,Bi,53.227413,1.1107099,52.7597
JVASP-40493,4,O,117.40535,0.87589216,117.87084
JVASP-40493,5,O,117.409,0.875853,117.48282
JVASP-40493,6,O,117.408066,0.87590516,117.621864
JVASP-40493,7,O,117.408066,0.87590516,117.621864
JVASP-40493,8,O,117.409,0.875853,117.48282
JVASP-40493,9,O,117.40535,0.87589216,117.87084
JVASP-18605,0,Ga,39.456097,0.22332796,39.333763
JVASP-18605,1,Ga,39.456097,0.22332796,39.333763
JVASP-18605,2,Ga,39.456097,0.22332796,39.32861
JVASP-18605,3,Ga,39.456097,0.22332796,39.32861
JVASP-18605,4,Au,121.377205,1.984797,120.70033
JVASP-18605,5,Au,121.377205,1.984797,120.70033
JVASP-18605,6,Au,121.377205,1.984797,120.70114
JVASP-18605,7,Au,121.377205,1.984797,120.70114
JVASP-17338,0,Sn,114.76927,1.0922912,115.04775
JVASP-17338,1,Sn,114.55614,1.0922666,114.76308
JVASP-17338,2,N,48.334877,0.7333089,48.668694
JVASP-17338,3,N,48.26704,0.73345053,48.578724
JVASP-38327,0,Rb,0.0,0.19828197,0.19828197
JVASP-38327,1,Ca,0.0,0.45274955,0.45274955
JVASP-38327,2,O,113.12396,1.4170132,114.53428
JVASP-38327,3,O,113.12397,1.4170132,112.30673
JVASP-38327,4,O,113.12397,1.4170132,112.54427
JVASP-39359,0,Pa,0.0,0.51429313,0.51429313
JVASP-39359,1,B,0.0,1.1002505,1.1002505
JVASP-39359,2,O,112.82431,1.5953814,111.24274
JVASP-39359,3,O,112.82432,1.5953814,113.80087
JVASP-39359,4,O,112.82432,1.5953814,113.446144
JVASP-8052,0,S,118.62627,2.7189512,117.60073
JVASP-8052,1,S,118.62543,2.7189524,116.71192
JVASP-8052,2,S,118.62648,2.7189517,119.87534
JVASP-8052,3,S,118.626366,2.7189522,120.17177
JVASP-8052,4,Co,11.533539,1.8645991,10.736018
JVASP-8052,5,Ga,0.9621964,0.6330807,1.3760735
JVASP-8052,6,Ga,0.081902385,0.62348944,0.5898105
JVASP-1969,0,N,12.641746,0.8279765,11.932244
JVASP-1969,1,Ca,23.059534,0.35126692,23.360355
JVASP-1969,2,Ca,23.059534,0.35126692,23.360355
JVASP-1969,3,Br,112.07771,4.7747617,116.1184
JVASP-62060,0,Ce,119.44396,0.23848516,119.66801
JVASP-62060,1,Ce,119.44667,0.238485,119.670265
JVASP-62060,2,Ce,119.44396,0.23848516,119.66559
JVASP-62060,3,Al,10.316607,0.22460787,10.335512
JVASP-62060,4,Al,10.316248,0.22460818,10.235538
JVASP-62060,5,Al,10.316607,0.22460787,10.352556
JVASP-62060,6,Cu,27.581257,1.9582678,25.638512
JVASP-62060,7,Cu,27.581257,1.9582678,25.638512
JVASP-62060,8,Cu,11.891051,1.9194019,13.797252
JVASP-37875,0,B,0.0,2.0398924,2.0398924
JVASP-37875,1,Pb,0.0,1.3483019,1.3483019
JVASP-37875,2,O,111.71715,1.6179136,110.108055
JVASP-37875,3,O,111.71715,1.6179136,112.67268
JVASP-37875,4,O,111.71715,1.6179136,112.38815
JVASP-63182,0,Lu,40.805546,0.34235153,40.85964
JVASP-63182,1,Lu,40.80317,0.34235156,40.85761
JVASP-63182,2,Lu,40.805546,0.34235153,40.838936
JVASP-63182,3,As,111.616714,2.1308758,109.54492
JVASP-63182,4,As,111.616714,2.1308758,109.54492
JVASP-63182,5,As,107.588936,2.0290155,109.56413
JVASP-63182,6,Pd,40.616398,1.1881733,39.709457
JVASP-63182,7,Pd,40.61748,1.1881697,39.668076
JVASP-63182,8,Pd,40.616398,1.1881733,39.708195
JVASP-36624,0,Ca,0.0,0.14968996,0.14968996
JVASP-36624,1,Os,0.0,0.9365504,0.9365504
JVASP-36624,2,O,111.26481,1.2740991,110.0174
JVASP-36624,3,O,111.26481,1.2740991,112.114944
JVASP-36624,4,O,111.26481,1.2740991,111.67298
JVASP-57824,0,F,111.03941,2.910048,109.182175
JVASP-57824,1,F,111.039474,2.910048,112.44966
JVASP-57824,2,F,111.03892,2.910048,111.35333
JVASP-57824,3,F,111.039474,2.910048,112.44966
JVASP-57824,4,F,111.03941,2.910048,109.182175
JVASP-57824,5,F,111.03892,2.910048,111.35333
JVASP-57824,6,Na,2.1363826,0.1750506,2.2264736
JVASP-57824,7,Cr,23.87795,0.11654453,23.822311
JVASP-86674,0,Np,110.70714,0.49047738,111.17511
JVASP-86674,1,Np,110.70714,0.49047738,111.17511
JVASP-86674,2,Cr,11.266836,0.3067884,11.568237
JVASP-86674,3,Cr,11.266836,0.3067884,11.568237
JVASP-86674,4,Cr,11.266836,0.3067884,11.568237
JVASP-86674,5,Cr,11.266836,0.3067884,11.568237
JVASP-86674,6,Ge,81.36307,1.2127712,82.51846
JVASP-86674,7,Ge,81.36307,1.2127712,82.51846
JVASP-86674,8,Ge,81.36307,1.2127712,82.51846
JVASP-86674,9,Ge,81.36307,1.2127712,82.51846
JVASP-24273,0,Ba,45.78469,0.2469189,45.820587
JVASP-24273,1,Cr,62.477726,0.08726591,62.457306
JVASP-24273,2,F,110.39849,2.6677392,111.03189
JVASP-24273,3,F,110.39814,2.6677382,110.0393
JVASP-24273,4,F,110.39814,2.6677382,110.0393
JVASP-24273,5,F,110.39849,2.6677392,111.03189
JVASP-24273,6,F,110.39839,2.667739,110.26763
JVASP-24273,7,F,110.39839,2.667739,110.26763
JVASP-16256,0,Ca,110.05884,0.4130812,109.64968
JVASP-16256,1,Ca,110.05884,0.4130812,110.21603
JVASP-16256,2,Ca,110.05884,0.4130812,110.311966
JVASP-16256,3,Tl,0.0,1.2551687,1.2551687
JVASP-16256,4,N,0.0,0.51434904,0.51434904
JVASP-69074,0,Ba,91.31208,0.17270398,91.47967
JVASP-69074,1,Ge,84.142426,0.8227286,84.93285
JVASP-69074,2,P,111.29237,1.2764574,110.64487
JVASP-69074,3,P,111.29237,1.2764574,110.3371
JVASP-2208,0,Ba,109.39666,0.2771655,109.11967
JVASP-2208,1,Ba,109.39666,0.2771655,109.11967
JVASP-2208,2,Zr,39.210617,0.04407765,39.184486
JVASP-2208,3,Zr,39.210617,0.04407765,39.184486
JVASP-2208,4,N,32.31285,1.2925264,33.603226
JVASP-2208,5,N,32.31285,1.2925264,33.603226
JVASP-2208,6,N,16.965982,0.72498685,16.262125
JVASP-2208,7,N,16.965982,0.72498685,16.262125
JVASP-23566,0,Pr,113.423454,0.08064052,113.43266
JVASP-23566,1,Pr,113.423454,0.08064052,113.442
JVASP-23566,2,Pr,113.423454,0.08064052,113.442
JVASP-23566,3,Pr,113.423454,0.08064052,113.43266
JVASP-23566,4,Mg,1.5537928,0.5473636,1.0140907
JVASP-23566,5,Mg,1.5537928,0.5473636,1.0140907
JVASP-23566,6,Ge,122.65017,0.66550076,122.079796
JVASP-23566,7,Ge,122.65017,0.66550076,122.09347
JVASP-23566,8,Ge,122.65017,0.66550076,122.079796
JVASP-23566,9,Ge,122.65017,0.66550076,122.09347
JVASP-35843,0,Ce,18.71002,0.15757798,18.863615
JVASP-35843,1,Ce,18.71002,0.15757798,18.863615
JVASP-35843,2,Te,108.598946,5.515351,103.27808
JVASP-35843,3,Te,108.598946,5.515351,103.27808
JVASP-35843,4,Cl,60.217438,1.5427821,61.716507
JVASP-35843,5,Cl,60.217438,1.5427821,61.716507
JVASP-46010,0,Sc,22.58434,0.119890586,22.470474
JVASP-46010,1,Sc,22.58434,0.119890586,22.470469
JVASP-46010,2,Sc,22.58434,0.119890586,22.470474
JVASP-46010,3,Sc,22.58434,0.119890586,22.470469
JVASP-46010,4,In,108.41809,0.8771222,107.6037
JVASP-46010,5,In,108.41809,0.8771222,107.6037
JVASP-46010,6,In,108.41809,0.8771222,107.6037
JVASP-46010,7,In,108.41809,0.8771222,107.6037
JVASP-46010,8,O,31.402868,1.1996052,32.573948
JVASP-46010,9,O,31.402868,1.1996052,32.57394
JVASP-46010,10,O,45.14167,1.3963603,46.526466
JVASP-46010,11,O,45.14167,1.3963603,46.5265
JVASP-46010,12,O,45.14167,1.3963603,46.526497
JVASP-46010,13,O,45.14167,1.3963603,46.526463
JVASP-46010,14,O,31.402868,1.1996052,32.573948
JVASP-46010,15,O,31.402868,1.1996052,32.57394
JVASP-46010,16,O,45.14167,1.3963603,46.526466
JVASP-46010,17,O,45.14167,1.3963603,46.5265
JVASP-46010,18,O,45.14167,1.3963603,46.526497
JVASP-46010,19,O,45.14167,1.3963603,46.526463
JVASP-69261,0,Ba,97.15657,0.17935018,96.98079
JVASP-69261,1,Ba,97.15657,0.17935018,96.98079
JVASP-69261,2,Zr,54.415413,0.17579405,54.58829
JVASP-69261,3,Zr,54.415413,0.17579405,54.58829
JVASP-69261,4,Zr,54.415413,0.17579405,54.58829
JVASP-69261,5,Zr,54.415413,0.17579405,54.58829
JVASP-69261,6,Pd,107.90166,1.4343646,109.33595
JVASP-69261,7,Pd,107.90166,1.4343646,109.33595
JVASP-8785,0,Ag,81.37954,1.9307377,81.40939
JVASP-8785,1,Ag,81.37954,1.9307377,81.40939
JVASP-8785,2,Er,52.847622,1.5929768,52.893963
JVASP-8785,3,Er,52.847622,1.5929768,52.893963
JVASP-8785,4,Se,107.83582,2.7009583,107.72177
JVASP-8785,5,Se,107.84829,2.7010674,107.70723
JVASP-8785,6,Se,107.83582,2.7009583,107.72177
JVASP-8785,7,Se,107.84829,2.7010674,107.70723
JVASP-36813,0,Mg,10.69805,0.32123685,10.607805
JVASP-36813,1,Mg,10.69805,0.32123685,10.619827
JVASP-36813,2,Cu,48.68905,0.09699615,48.662876
JVASP-36813,3,Cu,48.68905,0.09699615,48.671623
JVASP-36813,4,O,92.27944,1.3147357,91.90708
JVASP-36813,5,O,92.27944,1.3147357,91.90708
JVASP-36813,6,O,107.54573,1.0869373,107.99423
JVASP-36813,7,O,107.54573,1.0869373,107.99423
JVASP-79648,0,Yb,113.98913,0.09996405,113.91188
JVASP-79648,1,Yb,113.98913,0.09996405,113.91188
JVASP-79648,2,Co,65.53996,0.9777159,65.254654
JVASP-79648,3,Co,65.53996,0.9777159,65.254654
JVASP-79648,4,C,53.201817,1.7301321,52.802822
JVASP-79648,5,C,53.201817,1.7301321,52.802185
JVASP-79648,6,C,53.201817,1.7301321,52.802822
JVASP-79648,7,C,53.201817,1.7301321,52.802185
JVASP-2505,0,Rb,0.0,0.21626405,0.21626405
JVASP-2505,1,Cd,0.0,0.93233716,0.93233716
JVASP-2505,2,F,107.03046,2.842263,108.37849
JVASP-2505,3,F,107.03046,2.842263,108.57801
JVASP-2505,4,F,107.03046,2.842263,104.19073
JVASP-8822,0,P,52.918457,0.2455384,53.126118
JVASP-8822,1,P,52.918232,0.24553905,53.108944
JVASP-8822,2,H,40.145695,1.4751005,41.051014
JVASP-8822,3,H,40.135445,1.4750915,41.038837
JVASP-8822,4,N,64.63403,1.9884194,64.77913
JVASP-8822,5,N,106.75659,2.9182003,108.17055
JVASP-8822,6,N,64.590744,1.9881872,64.71306
JVASP-8822,7,N,106.74944,2.918177,108.12387
JVASP-8277,0,Mg,19.020056,0.22270687,19.227139
JVASP-8277,1,V,115.13379,0.09388155,115.08469
JVASP-8277,2,V,115.13361,0.093874276,115.160255
JVASP-8277,3,N,20.220024,1.1574169,20.805752
JVASP-8277,4,N,20.218914,1.1573973,20.504576
JVASP-11418,0,Cu,96.66269,0.6520397,96.79881
JVASP-11418,1,Cu,96.66269,0.6520397,96.79007
JVASP-11418,2,Si,27.075195,0.23808561,27.310276
JVASP-11418,3,Si,27.075195,0.23808561,27.310276
JVASP-11418,4,O,97.84488,1.6361471,97.836235
JVASP-11418,5,O,97.84488,1.6361471,97.836235
JVASP-11418,6,O,97.84488,1.6361471,97.800095
JVASP-11418,7,O,97.84488,1.6361471,97.800095
JVASP-11418,8,O,115.47994,1.7229472,116.70083
JVASP-11418,9,O,115.47994,1.7229472,116.70083
JVASP-17381,0,Ca,29.404491,0.32192373,29.086264
JVASP-17381,1,Ca,29.404491,0.32192373,29.086264
JVASP-17381,2,Ge,41.46415,1.5853041,42.987003
JVASP-17381,3,Ge,41.46415,1.5853041,42.987003
JVASP-17381,4,Ge,41.46415,1.5853041,42.987003
JVASP-17381,5,Ge,41.46415,1.5853041,42.987003
JVASP-17381,6,Ir,106.06618,1.4268477,104.66
JVASP-17381,7,Ir,106.06618,1.4268477,104.66
JVASP-17381,8,Ir,106.06618,1.4268477,104.66
JVASP-17381,9,Ir,106.06618,1.4268477,104.66
JVASP-28430,0,Cd,9.58567,2.1353765,7.4528737
JVASP-28430,1,Cd,9.367665,2.1353667,7.234897
JVASP-28430,2,I,7.5358553,2.2254899,9.612743
JVASP-28430,3,I,11.244383,2.2250392,13.309023
JVASP-28430,4,Br,104.43154,0.29226622,104.201
JVASP-28430,5,Br,105.842445,0.29241827,105.61174
JVASP-56468,0,Mn,0.0,0.5733917,0.5733917
JVASP-56468,1,Tl,0.0,1.2298815,1.2298815
JVASP-56468,2,Cl,105.45054,2.0476975,104.009186
JVASP-56468,3,Cl,105.45053,2.0476975,107.42845
JVASP-56468,4,Cl,105.45054,2.0476975,104.943985
JVASP-53522,0,Li,1.6174797,0.23133615,1.8450754
JVASP-53522,1,Ti,3.8236535,0.29367775,3.5300834
JVASP-53522,2,Cl,108.213974,1.3558,107.12553
JVASP-53522,3,Cl,108.213974,1.3558,106.858215
JVASP-53522,4,Cl,105.381134,0.60170364,105.894485
JVASP-17754,0,Co,12.484056,1.0258883,13.274129
JVASP-17754,1,Co,12.484056,1.0258883,13.274129
JVASP-17754,2,As,3.1096766,3.4305766,6.0994825
JVASP-17754,3,As,3.1096766,3.4305766,6.0994825
JVASP-17754,4,Ba,105.24962,0.18586795,105.38905
JVASP-16395,0,Ti,47.3106,0.60435647,47.142944
JVASP-16395,1,Ti,47.312798,0.6043583,47.018185
JVASP-16395,2,Ti,47.3106,0.60435647,47.129627
JVASP-16395,3,In,108.0646,0.5102958,107.81957
JVASP-16395,4,In,108.06315,0.5102945,107.587364
JVASP-16395,5,In,108.0646,0.5102958,107.84077
JVASP-16395,6,Rh,75.391624,1.2945354,74.09933
JVASP-16395,7,Rh,75.391624,1.2945354,74.09933
JVASP-35458,0,Ti,21.189188,0.5131731,21.458937
JVASP-35458,1,Ti,21.189188,0.5131731,21.458937
JVASP-35458,2,Ni,22.64761,1.8817372,23.524727
JVASP-35458,3,Se,97.63637,4.750881,99.770996
JVASP-35458,4,Se,97.63637,4.750881,99.770996
JVASP-35458,5,Se,105.059296,4.629032,102.57463
JVASP-35458,6,Se,105.059296,4.629032,102.57463
JVASP-11485,0,O,24.186174,1.5574895,23.360111
JVASP-11485,1,O,24.18614,1.5574889,23.380156
JVASP-11485,2,O,24.18619,1.5574834,23.459646
JVASP-11485,3,F,82.92663,1.9947289,82.765915
JVASP-11485,4,F,82.92619,1.9947193,81.5796
JVASP-11485,5,F,82.926476,1.9947158,83.9163
JVASP-11485,6,Na,2.3045716,0.044747535,2.3305213
JVASP-11485,7,Na,3.177516,0.09811106,3.1371136
JVASP-11485,8,Na,12.549126,0.036019664,12.543124
JVASP-11485,9,Mo,104.75525,0.2632028,104.606735
JVASP-9603,0,N,55.402996,1.3472811,55.169544
JVASP-9603,1,N,55.402996,1.3472811,55.192688
JVASP-9603,2,N,55.40249,1.3472805,56.58424
JVASP-9603,3,N,55.40249,1.3472805,56.59898
JVASP-9603,4,O,104.46878,1.5034271,103.671844
JVASP-9603,5,O,104.46878,1.5034271,103.67282
JVASP-9603,6,Si,12.316987,0.25089124,12.3728895
JVASP-9603,7,Si,12.316987,0.25089124,12.373783
JVASP-9603,8,Si,12.317548,0.25089112,12.186552
JVASP-9603,9,Si,12.317548,0.25089112,12.198596
JVASP-18236,0,Ce,0.0,0.22611208,0.22611208
JVASP-18236,1,Rh,104.20048,1.173372,103.62379
JVASP-18236,2,Rh,104.20048,1.173372,105.37378
JVASP-18236,3,Rh,104.20048,1.173372,103.61382
JVASP-18236,4,C,0.0,0.5138136,0.5138136
JVASP-15355,0,Ni,5.7687535,1.6916583,4.914104
JVASP-15355,1,Ni,5.7687535,1.6916583,4.914104
JVASP-15355,2,Ge,103.798805,1.2151963,104.51928
JVASP-15355,3,Ge,103.798805,1.2151963,104.51928
JVASP-15355,4,Nd,22.087223,0.07325495,22.125837
JVASP-47539,0,Co,103.525024,0.14193079,103.55064
JVASP-47539,1,Co,103.525024,0.14193079,103.55064
JVASP-47539,2,Sn,66.25509,0.82379127,66.31838
JVASP-47539,3,Sn,66.25509,0.82379127,66.31838
JVASP-47539,4,O,79.92406,1.0767689,79.627846
JVASP-47539,5,O,79.92316,1.076776,79.5563
JVASP-47539,6,O,79.92329,1.0767711,80.438774
JVASP-47539,7,O,79.92329,1.0767711,80.438774
JVASP-47539,8,O,79.92316,1.076776,79.5563
JVASP-47539,9,O,79.92406,1.0767689,79.627846
JVASP-65616,0,Ba,103.336624,0.18157642,103.512794
JVASP-65616,1,Ga,11.131298,0.09091936,11.1582155
JVASP-65616,2,Pt,99.472275,1.4836651,98.00591
JVASP-65616,3,Pt,99.472275,1.4836651,98.21151
JVASP-15697,0,Sc,4.3294735,0.607705,4.9326406
JVASP-15697,1,Sc,4.3294735,0.607705,4.9326406
JVASP-15697,2,Sn,103.15781,0.68507314,103.672066
JVASP-15697,3,Sn,103.15781,0.68507314,103.672066
JVASP-15697,4,Au,80.130165,2.224376,77.94196
JVASP-15697,5,Au,80.130165,2.224376,77.94196
JVASP-8315,0,Mg,2.10026,0.21487363,2.212863
JVASP-8315,1,V,47.823368,0.16526994,47.736435
JVASP-8315,2,F,102.73844,2.463411,103.78144
JVASP-8315,3,F,102.73872,2.4634109,101.716934
JVASP-8315,4,F,102.73822,2.463411,102.60158
JVASP-8315,5,F,102.73872,2.4634109,101.716934
JVASP-8315,6,F,102.73844,2.463411,103.78144
JVASP-8315,7,F,102.73822,2.463411,102.60158
JVASP-34252,0,O,94.50705,2.457584,94.96319
JVASP-34252,1,B,41.462902,1.2838626,41.915745
JVASP-34252,2,O,64.6845,2.548104,62.61644
JVASP-34252,3,Cu,102.42034,1.774889,101.57736
JVASP-34252,4,B,41.463776,1.2838584,41.964878
JVASP-34252,5,O,64.68456,2.5480964,64.98577
JVASP-34252,6,O,106.917984,2.336439,109.1526
JVASP-34252,7,Ba,96.03702,0.25846756,95.91645
JVASP-34252,8,O,106.918816,2.336432,105.49042
JVASP-15970,0,Cr,102.30294,0.08787747,102.29619
JVASP-15970,1,Cr,102.30294,0.08787747,102.38193
JVASP-15970,2,Cr,102.30293,0.08787747,102.23074
JVASP-15970,3,Sn,0.0,0.6295358,0.6295358
JVASP-15970,4,N,0.0,0.98123556,0.98123556
JVASP-7900,0,O,10.8220415,1.4350957,11.222487
JVASP-7900,1,O,10.820408,1.4351001,9.616144
JVASP-7900,2,O,10.823832,1.4350908,11.635196
JVASP-7900,3,O,10.82198,1.435096,10.903937
JVASP-7900,4,V,2.7439413,0.1444993,2.8159485
JVASP-7900,5,Ag,36.56659,1.1794274,36.02309
JVASP-7900,6,Ag,102.05446,1.2001033,102.628456
JVASP-7900,7,Ag,36.56659,1.1794274,36.02309
JVASP-67089,0,Be,2.4396918,0.23813154,2.20807
JVASP-67089,1,Be,1.7097439,0.30291808,1.4193684
JVASP-67089,2,Bi,101.90776,1.0146277,101.5303
JVASP-67089,3,W,13.472194,0.67322344,12.807389
JVASP-37088,0,Sm,103.32927,0.071598664,103.38067
JVASP-37088,1,Sm,103.32927,0.071598664,103.38067
JVASP-37088,2,Fe,100.887,0.5536707,100.83191
JVASP-37088,3,Fe,100.887,0.5536707,100.83191
JVASP-37088,4,C,43.020344,1.4643866,42.86499
JVASP-37088,5,C,43.020344,1.4643866,42.865925
JVASP-37088,6,C,43.020344,1.4643866,42.86499
JVASP-37088,7,C,43.020344,1.4643866,42.865925
JVASP-12113,0,Fe,14.609505,0.3916077,14.854774
JVASP-12113,1,Fe,14.609505,0.3916077,14.854774
JVASP-12113,2,O,54.0369,1.3023498,55.143623
JVASP-12113,3,O,54.0369,1.3023498,55.143623
JVASP-12113,4,Cl,101.65563,2.8415463,102.310585
JVASP-12113,5,Cl,101.65563,2.8415463,102.310585
JVASP-56344,0,Sc,0.0,0.30299297,0.30299297
JVASP-56344,1,B,0.0,0.38061908,0.38061908
JVASP-56344,2,Rh,100.88305,1.1830378,100.297325
JVASP-56344,3,Rh,100.88305,1.1830378,100.29626
JVASP-56344,4,Rh,100.88306,1.1830378,102.06603
JVASP-7644,0,K,0.0,0.051491953,0.051491953
JVASP-7644,1,Cd,0.0,0.9421345,0.9421345
JVASP-7644,2,F,100.77936,2.850027,102.13418
JVASP-7644,3,F,100.77936,2.850027,102.33168
JVASP-7644,4,F,100.77936,2.850027,97.931816
JVASP-81787,0,Zn,77.81362,0.82338184,78.633675
JVASP-81787,1,Zn,77.81362,0.82338184,78.633675
JVASP-81787,2,In,92.04687,0.5109127,92.411156
JVASP-81787,3,In,92.04687,0.5109127,92.411156
JVASP-81787,4,Rh,100.526505,0.3582409,100.85764
JVASP-81787,5,Rh,100.526505,0.3582409,100.85764
JVASP-81787,6,Rh,100.526505,0.3582409,100.85764
JVASP-81787,7,Rh,100.526505,0.3582409,100.85764
JVASP-15813,0,Ba,79.473694,0.20759274,79.267395
JVASP-15813,1,Ba,79.473694,0.20759274,79.267395
JVASP-15813,2,Ni,44.497433,1.7967659,46.291985
JVASP-15813,3,Ni,44.497433,1.7967659,46.291985
JVASP-15813,4,S,46.742794,2.550433,44.250824
JVASP-15813,5,S,46.742794,2.550433,44.250824
JVASP-15813,6,S,100.09105,1.2963803,101.34861
JVASP-15813,7,S,100.09105,1.2963803,101.34861
JVASP-12648,0,B,41.401928,2.3893614,39.856144
JVASP-12648,1,B,41.401367,2.3893695,39.855633
JVASP-12648,2,O,107.12297,2.171595,106.72843
JVASP-12648,3,O,107.122665,2.1715906,106.22012
JVASP-12648,4,O,107.122696,2.1715994,108.653564
JVASP-12648,5,O,107.12214,2.1715853,108.65302
JVASP-12648,6,O,107.12244,2.1716042,106.7279
JVASP-12648,7,O,107.12177,2.1715949,106.21922
JVASP-12648,8,Mn,21.923233,0.034567796,21.945793
JVASP-12648,9,Sn,11.758534,0.8662741,12.336899
JVASP-38030,0,Sn,51.08084,0.8319649,51.74917
JVASP-38030,1,Sn,51.08084,0.8319649,51.74917
JVASP-38030,2,Br,99.66974,5.088573,94.69664
JVASP-38030,3,Br,99.66974,5.088573,94.69664
JVASP-38030,4,F,0.60992295,2.705178,2.0954874
JVASP-38030,5,F,0.60992295,2.705178,2.0954874
JVASP-65761,0,Ba,99.26557,0.18931253,99.45049
JVASP-65761,1,Ga,36.83163,0.13865367,36.883167
JVASP-65761,2,Ga,36.83163,0.13865367,36.69362
JVASP-65761,3,Co,26.720667,0.9834716,25.747835
JVASP-67719,0,Be,8.891583,0.41169518,8.798278
JVASP-67719,1,Be,8.891583,0.41169518,8.669657
JVASP-67719,2,Hg,32.45982,1.5354233,33.923622
JVASP-67719,3,Cl,98.79772,1.8201078,97.02413
JVASP-12292,0,Nb,98.746284,0.3201856,98.42637
JVASP-12292,1,Nb,98.746284,0.3201856,98.42637
JVASP-12292,2,Nb,98.746284,0.32018512,98.42637
JVASP-12292,3,Nb,98.746284,0.32018512,98.42637
JVASP-12292,4,Cr,27.245674,0.07001526,27.18633
JVASP-12292,5,Cr,27.245674,0.07001526,27.18633
JVASP-12292,6,Cr,27.245674,0.07001985,27.186325
JVASP-12292,7,Cr,27.245674,0.07001985,27.186325
JVASP-12292,8,N,16.961082,1.201362,15.765016
JVASP-12292,9,N,16.961082,1.201362,15.765016
JVASP-12292,10,N,16.961082,1.2013493,15.765028
JVASP-12292,11,N,16.961082,1.2013493,15.765028
JVASP-7801,0,Ge,4.551561,0.23305482,4.775016
JVASP-7801,1,Ge,4.551561,0.23305482,4.775016
JVASP-7801,2,Te,66.54652,2.4022286,68.79919
JVASP-7801,3,Te,98.60054,4.1933,94.60049
JVASP-7801,4,Te,98.60054,4.1933,94.60049
JVASP-7801,5,Te,51.198826,2.2642446,53.316704
JVASP-7801,6,Te,66.54652,2.4022286,68.79919
JVASP-7801,7,As,3.197809,0.7884904,2.4372542
JVASP-7801,8,As,3.197809,0.7884904,2.4372542
JVASP-15188,0,Ce,6.687107,0.22650675,6.913061
JVASP-15188,1,Ce,6.687107,0.22650675,6.913061
JVASP-15188,2,Ni,6.629136,1.6792051,4.9603586
JVASP-15188,3,Ni,6.629136,1.6792051,4.9603586
JVASP-15188,4,Ni,6.629136,1.6792051,4.9603586
JVASP-15188,5,Ni,6.629136,1.6792051,4.9603586
JVASP-15188,6,Ge,98.24251,1.1925409,99.373116
JVASP-15188,7,Ge,98.24251,1.1925409,99.373116
JVASP-15188,8,Ge,98.24251,1.1925409,99.373116
JVASP-15188,9,Ge,98.24251,1.1925409,99.373116
JVASP-80716,0,Na,16.009583,0.3972209,16.299673
JVASP-80716,1,Na,16.009583,0.3972209,16.299673
JVASP-80716,2,Hg,103.57608,1.8511487,103.51371
JVASP-80716,3,Hg,103.57608,1.8511487,103.51371
JVASP-80716,4,Hg,103.57608,1.8511487,103.51371
JVASP-80716,5,Hg,103.57608,1.8511487,103.51371
JVASP-80716,6,Pd,79.83664,1.7369928,80.54966
JVASP-80716,7,Pd,79.83664,1.7369928,80.54966
JVASP-15376,0,Al,37.65282,0.19616638,37.708443
JVASP-15376,1,Al,37.65271,0.19616649,37.550068
JVASP-15376,2,Al,37.65271,0.19616649,37.550068
JVASP-15376,3,Al,37.65282,0.19616638,37.708443
JVASP-15376,4,Mo,97.43861,0.06564822,97.472946
JVASP-15376,5,Mo,97.43861,0.06564822,97.472946
JVASP-15376,6,Yb,37.945076,0.35702834,38.007103
JVASP-25625,0,K,68.36048,0.16578591,68.30805
JVASP-25625,1,Rb,93.27886,0.20205551,93.142456
JVASP-25625,2,Rb,93.27886,0.20205551,93.142456
JVASP-25625,3,V,97.360374,0.068969846,97.42077
JVASP-25625,4,F,68.13154,3.2152705,68.90366
JVASP-25625,5,F,71.45831,3.220324,71.285
JVASP-25625,6,F,71.45831,3.220324,71.285
JVASP-25625,7,F,75.30223,3.4119213,74.045525
JVASP-25625,8,F,68.13154,3.2152705,68.90366
JVASP-25625,9,F,75.30223,3.4119213,74.045525
JVASP-14305,0,Np,108.421974,0.5911161,108.92144
JVASP-14305,1,Np,108.421974,0.5911161,108.88223
JVASP-14305,2,Np,108.421974,0.5911161,108.88223
JVASP-14305,3,Np,108.421974,0.5911161,108.92144
JVASP-14305,4,In,62.569767,0.4035525,62.309345
JVASP-14305,5,In,62.569767,0.4035525,62.309345
JVASP-14305,6,Ni,51.516304,1.702821,49.930294
JVASP-14305,7,Ni,51.516304,1.702821,49.93044
JVASP-14305,8,Ni,51.516304,1.702821,49.93044
JVASP-14305,9,Ni,51.516304,1.702821,49.930294
JVASP-7750,0,Nd,96.65197,0.18778576,96.46578
JVASP-7750,1,Nd,96.65197,0.18778576,96.46578
JVASP-7750,2,Te,42.0708,4.6985335,37.567818
JVASP-7750,3,Te,42.0708,4.6985335,37.567818
JVASP-7750,4,F,4.630352,2.6520565,7.2818866
JVASP-7750,5,F,4.630352,2.6520565,7.2818866
JVASP-36634,0,Mn,0.0,0.104227,0.104227
JVASP-36634,1,Zn,0.0,1.1196837,1.1196837
JVASP-36634,2,O,96.472336,1.5087439,94.98017
JVASP-36634,3,O,96.472336,1.5087439,97.41599
JVASP-36634,4,O,96.472336,1.5087439,97.03843
JVASP-35717,0,Dy,57.31954,0.16495064,57.33829
JVASP-35717,1,Fe,107.383675,0.52911675,107.38995
JVASP-35717,2,C,40.518818,1.6604182,40.419815
JVASP-35717,3,C,40.518818,1.6604182,40.421223
JVASP-1118,0,Cu,8.580563,1.4631466,10.043525
JVASP-1118,1,Cu,8.580563,1.4631466,10.043525
JVASP-1118,2,Bi,95.92937,1.1271616,96.53713
JVASP-1118,3,Bi,95.92937,1.1271616,96.53713
JVASP-1118,4,Se,28.361008,4.8452525,33.10938
JVASP-1118,5,Se,28.361008,4.8452525,33.10938
JVASP-1118,6,O,0.6997376,1.2054496,1.897715
JVASP-1118,7,O,0.6997376,1.2054496,1.897715
JVASP-16708,0,Sm,95.78729,0.07931353,95.72191
JVASP-16708,1,Sm,95.78729,0.07931353,95.72191
JVASP-16708,2,P,54.585247,1.6149949,56.16667
JVASP-16708,3,P,54.585247,1.6149949,56.16667
JVASP-16708,4,P,54.585247,1.6149949,56.16667
JVASP-16708,5,P,54.585247,1.6149949,56.16667
JVASP-16708,6,Ru,22.771273,0.92976695,21.841915
JVASP-16708,7,Ru,22.771273,0.92976695,21.841915
JVASP-16708,8,Ru,22.771273,0.92976695,21.841915
JVASP-16708,9,Ru,22.771273,0.92976695,21.841915
JVASP-12274,0,S,105.80849,2.8043227,103.93102
JVASP-12274,1,S,105.80849,2.8043227,103.92354
JVASP-12274,2,S,105.637856,2.8003118,103.32829
JVASP-12274,3,S,105.637856,2.8003118,103.33274
JVASP-12274,4,S,61.02613,2.787534,62.999405
JVASP-12274,5,S,61.02613,2.787534,63.00106
JVASP-12274,6,Ga,53.673122,0.62143606,54.07438
JVASP-12274,7,Ga,53.673122,0.62143606,54.07581
JVASP-12274,8,In,35.70007,0.3763291,35.994617
JVASP-12274,9,In,35.70007,0.3763291,35.99167
JVASP-66980,0,Be,0.6858571,0.37811333,1.0591224
JVASP-66980,1,Be,0.6858571,0.37811333,1.0591224
JVASP-66980,2,Nb,95.50315,0.07139574,95.56451
JVASP-66980,3,Nb,95.50315,0.07139574,95.56451
JVASP-66980,4,In,66.98129,0.5679673,67.48764
JVASP-66980,5,In,66.98129,0.5679673,67.48764
JVASP-67402,0,Be,3.2790504,0.26019284,3.5313048
JVASP-67402,1,Be,3.2790504,0.26019284,3.5313048
JVASP-67402,2,Sb,52.110447,1.4664092,53.434395
JVASP-67402,3,Pd,95.25086,1.1626424,94.08835
JVASP-38636,0,Ni,17.45384,1.8376951,15.619793
JVASP-38636,1,Ag,95.05,1.8258982,96.874825
JVASP-38636,2,Te,11.992702,6.116714,17.969852
JVASP-38636,3,Te,21.376698,5.6927676,26.909174
JVASP-15610,0,Ca,26.559002,0.32778034,26.234884
JVASP-15610,1,Ca,26.559002,0.32778034,26.234884
JVASP-15610,2,As,94.95855,3.022671,97.9023
JVASP-15610,3,As,94.95855,3.022671,97.9023
JVASP-15610,4,As,94.95855,3.022671,97.9023
JVASP-15610,5,As,94.95855,3.022671,97.9023
JVASP-15610,6,Ru,37.028934,0.93672454,36.092415
JVASP-15610,7,Ru,37.028934,0.93672454,36.092415
JVASP-15610,8,Ru,37.028934,0.93672454,36.092415
JVASP-15610,9,Ru,37.028934,0.93672454,36.092415
JVASP-18252,0,Ca,27.910454,0.49112958,28.335545
JVASP-18252,1,Ca,27.909704,0.49112958,28.334793
JVASP-18252,2,In,53.880516,0.33272082,54.128525
JVASP-18252,3,In,53.880516,0.33272082,54.12649
JVASP-18252,4,In,53.880516,0.33272082,54.128525
JVASP-18252,5,In,53.880516,0.33272082,54.12649
JVASP-18252,6,Au,94.99798,2.2529435,94.091194
JVASP-18252,7,Au,94.99798,2.2529435,94.091194
JVASP-81812,0,Ca,20.63373,0.34651166,20.589113
JVASP-81812,1,Ca,20.63373,0.34651166,20.589113
JVASP-81812,2,Hg,94.55899,1.7154561,93.97166
JVASP-81812,3,Hg,94.55899,1.7154561,93.97166
JVASP-81812,4,Hg,94.55899,1.7154561,93.97166
JVASP-81812,5,Hg,94.55899,1.7154561,93.97166
JVASP-81812,6,Pd,37.68026,1.2550156,37.498936
JVASP-81812,7,Pd,37.68026,1.2550156,37.498936
JVASP-17785,0,Sm,90.027725,0.14665051,89.89355
JVASP-17785,1,Sm,90.027725,0.14665051,89.89355
JVASP-17785,2,Mn,11.049649,0.14383882,11.1875
JVASP-17785,3,Mn,11.049649,0.14383882,11.1875
JVASP-17785,4,Mn,11.049649,0.14383882,11.1875
JVASP-17785,5,Mn,11.049649,0.14383882,11.1875
JVASP-17785,6,Ge,94.25472,1.5299428,95.71208
JVASP-17785,7,Ge,94.25472,1.5299428,95.71208
JVASP-17785,8,Ge,94.25472,1.5299428,95.71208
JVASP-17785,9,Ge,94.25472,1.5299428,95.71208
JVASP-37304,0,Sr,42.438637,0.12543537,42.313843
JVASP-37304,1,Ga,57.760193,0.32854104,57.996754
JVASP-37304,2,Ge,94.07674,1.3615391,92.77638
JVASP-37304,3,H,3.3068113,0.605175,2.7043629
JVASP-16410,0,Na,4.9972773,0.29336688,4.7120543
JVASP-16410,1,Na,4.9972773,0.29336688,4.7120543
JVASP-16410,2,Na,4.9972773,0.29336688,4.7120543
JVASP-16410,3,Na,4.9972773,0.29336688,4.7120543
JVASP-16410,4,C,93.50581,1.2083927,92.83719
JVASP-16410,5,C,93.50581,1.2083927,92.83719
JVASP-16410,6,C,93.50581,1.2083927,92.83719
JVASP-16410,7,C,93.50581,1.2083927,92.83719
JVASP-7913,0,Ca,45.708366,0.30737376,45.522926
JVASP-7913,1,Ge,89.246735,1.4222162,90.08553
JVASP-7913,2,Ge,89.246735,1.4222162,90.08553
JVASP-7913,3,Ru,93.37996,0.92996734,92.81705
JVASP-7913,4,Ru,93.37996,0.92996734,92.81705
JVASP-69161,0,Ba,93.04876,0.21562558,93.26281
JVASP-69161,1,Fe,25.18402,0.31063244,24.877102
JVASP-69161,2,Pt,92.1,1.3109944,90.829315
JVASP-69161,3,Pt,92.1,1.3109944,90.829315
JVASP-37546,0,Ti,16.742262,0.50069106,16.253132
JVASP-37546,1,Ti,16.742262,0.5006859,16.253138
JVASP-37546,2,H,2.3735554,1.0614303,1.3420781
JVASP-37546,3,H,2.372739,1.0614195,1.3412805
JVASP-37546,4,H,0.43233553,0.9551008,0.5460843
JVASP-37546,5,H,0.43233553,0.9551008,0.5466858
JVASP-37546,6,Pd,92.9067,0.20157315,93.09151
JVASP-16724,0,Lu,92.68624,0.29030684,92.97483
JVASP-16724,1,Lu,92.68624,0.29030684,92.97483
JVASP-16724,2,Cr,23.665335,0.2864598,23.94699
JVASP-16724,3,Cr,23.665335,0.2864598,23.94699
JVASP-16724,4,Cr,23.665335,0.2864598,23.94699
JVASP-16724,5,Cr,23.665335,0.2864598,23.94699
JVASP-16724,6,Si,17.484457,0.94362026,18.3997
JVASP-16724,7,Si,17.484457,0.94362026,18.3997
JVASP-16724,8,Si,17.484457,0.94362026,18.3997
JVASP-16724,9,Si,17.484457,0.94362026,18.3997
JVASP-21847,0,Dy,87.400505,0.6977063,87.65043
JVASP-21847,1,Dy,87.400505,0.6977063,87.686165
JVASP-21847,2,Dy,87.400505,0.6977063,87.686165
JVASP-21847,3,Dy,87.400505,0.6977063,87.65043
JVASP-21847,4,Cd,84.669876,0.5364844,84.15406
JVASP-21847,5,Cd,84.669876,0.5364844,84.15406
JVASP-21847,6,Pd,92.830635,1.6536995,91.18216
JVASP-21847,7,Pd,92.830635,1.6536995,91.18167
JVASP-21847,8,Pd,92.830635,1.6536995,91.18167
JVASP-21847,9,Pd,92.830635,1.6536995,91.18216
JVASP-79628,0,Li,0.4000858,0.33535582,0.7316943
JVASP-79628,1,Yb,92.348625,0.7868441,91.56402
JVASP-79628,2,S,63.64754,3.33595,66.92617
JVASP-79628,3,S,63.64754,3.33595,66.92617
JVASP-68975,0,Ba,5.692614,0.18721391,5.511305
JVASP-68975,1,Cd,70.92253,1.007482,71.92957
JVASP-68975,2,Ir,93.093216,1.2440994,93.34921
JVASP-68975,3,Ir,93.093216,1.2440994,93.76883
JVASP-67570,0,K,91.92364,0.3019012,91.625305
JVASP-67570,1,Mn,9.546478,0.21204387,9.75287
JVASP-67570,2,Mn,16.387087,0.1045144,16.296926
JVASP-67570,3,Be,2.994093,0.31098813,3.2974987
JVASP-85196,0,La,14.658971,0.24537444,14.904104
JVASP-85196,1,La,14.658971,0.24537444,14.904104
JVASP-85196,2,Zn,91.58765,2.3017757,89.2921
JVASP-85196,3,Zn,91.58765,2.3017757,89.2921
JVASP-85196,4,Ga,17.998442,0.42756104,18.380953
JVASP-85196,5,Ga,17.998442,0.42756104,18.380953
JVASP-11190,0,B,41.60159,2.060065,40.229
JVASP-11190,1,B,41.60159,2.060065,40.229
JVASP-11190,2,O,104.85118,2.187458,103.82917
JVASP-11190,3,O,104.8515,2.1874576,104.66207
JVASP-11190,4,O,104.85188,2.1874578,106.095665
JVASP-11190,5,O,104.85118,2.187458,103.82917
JVASP-11190,6,O,104.8515,2.1874576,104.66207
JVASP-11190,7,O,104.85188,2.1874578,106.095665
JVASP-11190,8,Ca,25.85275,0.24553844,26.010624
JVASP-11190,9,Sn,1.1058059,0.69675535,1.6194354
JVASP-12167,0,Er,91.25096,1.4395951,89.811745
JVASP-12167,1,Er,91.25096,1.4395951,89.811745
JVASP-12167,2,Cl,27.358452,1.9125086,26.78507
JVASP-12167,3,Cl,27.358452,1.9125086,26.78507
JVASP-12167,4,O,7.3868756,1.5344238,6.3154836
JVASP-12167,5,O,7.3868756,1.5344238,6.3154836
JVASP-2355,0,P,99.23046,2.4840288,100.867805
JVASP-2355,1,P,99.23016,2.4840288,98.0517
JVASP-2355,2,P,99.230804,2.4840288,100.367676
JVASP-2355,3,P,99.23082,2.4840288,97.74602
JVASP-2355,4,Zn,7.5277658,1.5947379,6.9000745
JVASP-2355,5,Zn,7.5277658,1.5947379,6.9000745
JVASP-2355,6,Ge,1.3389287,2.1568043,3.0432122
JVASP-2355,7,Ge,1.3389287,2.1568043,3.0432122
JVASP-69259,0,Ba,90.687454,0.08811896,90.772316
JVASP-69259,1,Na,6.7385464,0.5540833,7.28503
JVASP-69259,2,Na,6.7385464,0.5540833,7.28503
JVASP-69259,3,V,4.1584167,0.35782063,4.515357
JVASP-21846,0,Sm,85.35139,0.12368192,85.40112
JVASP-21846,1,Sm,85.35139,0.12368192,85.415215
JVASP-21846,2,Sm,85.35139,0.12368192,85.415215
JVASP-21846,3,Sm,85.35139,0.12368192,85.40112
JVASP-21846,4,Cd,68.17665,0.5204683,67.681015
JVASP-21846,5,Cd,68.17665,0.5204683,67.681015
JVASP-21846,6,Pd,91.01753,1.691304,89.337685
JVASP-21846,7,Pd,91.01753,1.691304,89.337006
JVASP-21846,8,Pd,91.01753,1.691304,89.337006
JVASP-21846,9,Pd,91.01753,1.691304,89.337685
JVASP-81595,0,Zn,55.135635,1.1384847,54.048317
JVASP-81595,1,Zn,55.135635,1.1384847,54.048317
JVASP-81595,2,Si,93.21085,0.58431286,92.62678
JVASP-81595,3,Si,93.21085,0.58431286,92.62678
JVASP-81595,4,Tc,66.271835,0.26507685,66.032455
JVASP-81595,5,Tc,66.271835,0.26507685,66.032455
JVASP-81595,6,Tc,66.271835,0.26507685,66.032455
JVASP-81595,7,Tc,66.271835,0.26507685,66.032455
JVASP-36595,0,Zn,0.0,1.3302037,1.3302037
JVASP-36595,1,Os,0.0,0.9472777,0.9472777
JVASP-36595,2,O,90.020386,1.319404,88.725395
JVASP-36595,3,O,90.02038,1.319404,90.88953
JVASP-36595,4,O,90.02038,1.319404,90.46065
JVASP-2661,0,Al,6.7549434,0.604919,7.0538516
JVASP-2661,1,Al,7.827485,0.68660975,7.5360255
JVASP-2661,2,S,91.02228,2.0185075,91.53509
JVASP-2661,3,S,91.0216,2.0185094,91.33386
JVASP-2661,4,S,91.02294,2.0185091,91.77001
JVASP-2661,5,S,91.022766,2.0185075,89.36317
JVASP-2661,6,Hg,89.854645,1.9225382,89.08596
JVASP-64996,0,Be,0.5927816,0.3414012,0.9313239
JVASP-64996,1,Be,1.0336876,0.3414012,0.6991823
JVASP-64996,2,Cd,14.597326,1.0924224,13.505074
JVASP-64996,3,Tl,89.63417,1.4637977,88.24717
JVASP-62149,0,Ni,12.693919,1.17786,12.136394
JVASP-62149,1,Ni,12.674758,1.177852,12.188634
JVASP-62149,2,Ni,12.693919,1.17786,12.144996
JVASP-62149,3,As,89.46516,2.6752093,92.0593
JVASP-62149,4,As,89.46516,2.6752093,92.0593
JVASP-62149,5,As,78.50002,2.3135474,76.26005
JVASP-62149,6,Pd,9.288787,0.34996945,9.541088
JVASP-62149,7,Pd,9.28806,0.34996945,9.631744
JVASP-62149,8,Pd,9.288787,0.34996945,9.540354
JVASP-4134,0,Ca,89.27002,0.13211192,89.40009
JVASP-4134,1,Ca,8.455638,0.06426383,8.517559
JVASP-4134,2,Ca,8.455638,0.06426383,8.517559
JVASP-4134,3,B,56.049225,1.6920615,57.741013
JVASP-4134,4,N,10.669977,1.7938358,12.452633
JVASP-4134,5,N,10.669977,1.7938358,12.452633
JVASP-4134,6,N,11.693864,0.58228064,12.238927
JVASP-56538,0,Tb,89.041664,0.04063818,89.06136
JVASP-56538,1,P,49.947075,1.5894569,50.92543
JVASP-56538,2,P,49.947075,1.5894569,50.92543
JVASP-56538,3,Ru,19.42645,0.92356795,18.871752
JVASP-56538,4,Ru,19.42645,0.92356795,18.871752
JVASP-54803,0,Ga,88.93893,0.3565726,89.280365
JVASP-54803,1,Ga,88.93728,0.35657278,88.90779
JVASP-54803,2,Ga,88.93893,0.3565726,89.280365
JVASP-54803,3,Ga,88.93728,0.35657278,88.90779
JVASP-54803,4,Os,90.426994,1.0415074,90.71198
JVASP-54803,5,Os,90.426994,1.0415074,90.71198
JVASP-65597,0,Ba,59.08414,0.20477639,59.284702
JVASP-65597,1,Ba,59.08414,0.20477639,59.284702
JVASP-65597,2,V,23.172173,0.3284112,23.500513
JVASP-65597,3,V,23.172173,0.3284112,23.500513
JVASP-65597,4,V,23.172173,0.3284112,23.500513
JVASP-65597,5,V,23.172173,0.3284112,23.500513
JVASP-65597,6,Cu,88.688675,1.7012722,90.38171
JVASP-65597,7,Cu,88.688675,1.7012722,90.38171
JVASP-37327,0,Tb,13.728167,0.5454212,14.272494
JVASP-37327,1,Zr,88.41189,0.12643255,88.53741
JVASP-18085,0,Pu,88.288185,0.7404362,87.56521
JVASP-18085,1,Pu,88.288185,0.7404362,87.56521
JVASP-18085,2,S,13.849415,3.075623,16.884567
JVASP-18085,3,O,1.4750012,1.2446257,2.7087386
JVASP-18085,4,O,1.4750012,1.2446257,2.7087386
JVASP-85308,0,La,2.1543934,0.24189332,2.2905276
JVASP-85308,1,La,2.1543934,0.24189332,2.2906175
JVASP-85308,2,La,2.1543934,0.24189332,2.2906175
JVASP-85308,3,La,2.1543934,0.24189332,2.2905276
JVASP-85308,4,In,88.15224,0.35762447,87.81743
JVASP-85308,5,In,88.15224,0.35762447,87.81743
JVASP-85308,6,Cu,59.294918,2.2610862,60.59291
JVASP-85308,7,Cu,59.294918,2.2610862,60.593555
JVASP-85308,8,Cu,59.294918,2.2610862,60.593555
JVASP-85308,9,Cu,59.294918,2.2610862,60.59291
JVASP-18171,0,Dy,36.837875,0.55081457,37.38735
JVASP-18171,1,Dy,36.837875,0.55081457,37.38735
JVASP-18171,2,Cu,4.869589,2.1452067,2.7421494
JVASP-18171,3,Cu,4.869589,2.1452067,2.7421494
JVASP-18171,4,Sn,87.95995,0.6983337,88.48616
JVASP-18171,5,Sn,87.95995,0.6983337,88.48616
JVASP-35893,0,Hf,87.48597,0.4569989,87.94139
JVASP-35893,1,Hf,87.48597,0.4569989,87.94139
JVASP-35893,2,V,1.0140887,0.50352705,1.5144119
JVASP-35893,3,V,1.0140887,0.50352705,1.5144119
JVASP-35893,4,Si,6.3000875,0.67955226,5.640612
JVASP-35893,5,Si,6.3000875,0.67955226,5.640612
JVASP-37883,0,Ca,0.0,0.23283349,0.23283349
JVASP-37883,1,B,0.0,2.0584023,2.0584023
JVASP-37883,2,O,87.16836,1.7972372,85.37693
JVASP-37883,3,O,87.16836,1.7972372,88.198296
JVASP-37883,4,O,87.16836,1.7972372,87.95737
JVASP-56363,0,Pr,21.556664,0.12955831,21.629381
JVASP-56363,1,Ni,14.982257,1.3523346,14.192867
JVASP-56363,2,Ni,14.982257,1.3523346,14.192867
JVASP-56363,3,P,86.9492,1.8859924,88.11485
JVASP-56363,4,P,86.9492,1.8859936,88.11485
JVASP-3912,0,Ac,69.96559,0.7374377,70.70164
JVASP-3912,1,Ac,69.96559,0.7374377,70.70164
JVASP-3912,2,Br,90.53047,4.4991837,92.5369
JVASP-3912,3,Br,90.53138,4.4991803,91.00341
JVASP-3912,4,Br,90.531235,4.4991837,92.537674
JVASP-3912,5,Br,90.530815,4.4991803,91.00284
JVASP-3912,6,Br,90.53015,4.4991813,91.37706
JVASP-3912,7,Br,90.531364,4.4991813,91.37829
JVASP-43091,0,K,0.78138727,0.17724197,0.61077595
JVASP-43091,1,K,0.78138727,0.17724197,0.61077595
JVASP-43091,2,Li,0.7797542,0.30752924,0.48530576
JVASP-43091,3,Li,0.7797542,0.30752924,0.48530576
JVASP-43091,4,Zn,19.026821,1.4599849,17.566847
JVASP-43091,5,Zn,19.026821,1.4599849,17.566847
JVASP-43091,6,S,99.15676,3.1523426,98.59384
JVASP-43091,7,S,99.15676,3.1523426,99.87207
JVASP-43091,8,S,99.15676,3.1523426,98.59384
JVASP-43091,9,S,99.15676,3.1523426,99.87207
JVASP-9897,0,Mg,14.504678,0.40010297,14.120595
JVASP-9897,1,Mg,10.530365,0.39052376,10.1561575
JVASP-9897,2,Cr,2.5344255,0.3712868,2.1788747
JVASP-9897,3,W,86.214386,0.52005136,85.70705
JVASP-9897,4,O,41.558563,1.2175019,41.273273
JVASP-9897,5,O,55.039608,1.1098325,55.21394
JVASP-9897,6,O,41.517105,1.2175081,41.253437
JVASP-9897,7,O,41.543594,1.2174246,41.12982
JVASP-9897,8,O,55.14394,1.1097666,55.263523
JVASP-9897,9,O,55.10123,1.1098402,55.455566
JVASP-56374,0,Nd,26.253632,0.07204308,26.31135
JVASP-56374,1,Nd,26.253632,0.07204308,26.31135
JVASP-56374,2,Ni,14.662645,1.3438002,13.319622
JVASP-56374,3,Ni,14.662645,1.3438002,13.319622
JVASP-56374,4,Ni,14.662645,1.3438002,13.319622
JVASP-56374,5,Ni,14.662645,1.3438002,13.319622
JVASP-56374,6,P,86.006485,1.855663,87.81992
JVASP-56374,7,P,86.006485,1.855663,87.81992
JVASP-56374,8,P,86.006485,1.855663,87.81992
JVASP-56374,9,P,86.006485,1.855663,87.81992
JVASP-81866,0,Li,0.8965081,0.27065647,1.1335343
JVASP-81866,1,Hg,76.43778,2.122402,77.77141
JVASP-81866,2,Hg,76.43778,2.122402,77.77141
JVASP-81866,3,Au,87.01256,2.2270126,87.62443
JVASP-16600,0,Np,0.0,0.6759866,0.6759866
JVASP-16600,1,Rh,85.700294,1.0431093,85.24028
JVASP-16600,2,Rh,85.700294,1.0431093,85.12875
JVASP-16600,3,Rh,85.700294,1.0431093,86.74143
JVASP-57480,0,K,13.367258,0.020280162,13.362392
JVASP-57480,1,K,13.367258,0.020280162,13.362392
JVASP-57480,2,Li,0.65210426,0.20584805,0.47960404
JVASP-57480,3,Li,0.65210426,0.20584805,0.47960404
JVASP-57480,4,Mn,85.32636,0.088290945,85.37651
JVASP-57480,5,Mn,85.32636,0.088290945,85.37651
JVASP-57480,6,O,25.60754,1.4620343,26.499287
JVASP-57480,7,O,34.034363,1.1087793,33.64318
JVASP-57480,8,O,34.034363,1.1087793,33.64318
JVASP-57480,9,O,25.60754,1.4620343,26.499287
JVASP-18118,0,Y,77.01799,0.18128823,77.05269
JVASP-18118,1,Y,77.01799,0.18128823,77.0507
JVASP-18118,2,Y,77.01296,0.18128867,76.95488
JVASP-18118,3,Mg,3.3696582,0.53218484,3.8712778
JVASP-18118,4,Mg,3.3711994,0.5321855,3.844614
JVASP-18118,5,Mg,3.3696582,0.53218484,3.8813667
JVASP-18118,6,In,84.97525,0.28581583,85.1
JVASP-18118,7,In,84.97525,0.28581583,85.1
JVASP-18118,8,In,44.620316,0.30525064,44.813038
JVASP-67706,0,Mg,6.422562,0.41756788,6.0079556
JVASP-67706,1,Be,3.9379628,0.32786456,4.2602324
JVASP-67706,2,Re,84.85277,0.86026585,84.001625
JVASP-67706,3,Re,18.109896,0.8804471,17.237934
JVASP-37604,0,Tb,0.0,0.22148123,0.22148123
JVASP-37604,1,Ge,0.0,0.5141146,0.5141146
JVASP-37604,2,O,84.546585,1.3165349,83.25463
JVASP-37604,3,O,84.546585,1.3165349,85.41493
JVASP-37604,4,O,84.546585,1.3165349,84.98547
JVASP-39379,0,Np,0.0,0.40667778,0.40667778
JVASP-39379,1,Os,0.0,0.9348033,0.9348033
JVASP-39379,2,O,84.37186,1.2668637,85.220375
JVASP-39379,3,O,84.37186,1.2668637,84.77721
JVASP-39379,4,O,84.371864,1.2668637,83.13219
JVASP-52768,0,K,3.1746175,0.058971804,3.1533275
JVASP-52768,1,K,3.1747687,0.058971804,3.155832
JVASP-52768,2,Na,2.3349943,0.23326407,2.2926261
JVASP-52768,3,V,15.96338,0.0691933,15.948913
JVASP-52768,4,O,42.027676,2.127614,42.60807
JVASP-52768,5,F,84.17717,3.0964181,85.72085
JVASP-52768,6,F,84.1781,3.0964186,83.98938
JVASP-52768,7,F,84.17803,3.0964186,82.910965
JVASP-52768,8,F,84.17797,3.0964181,85.68097
JVASP-52768,9,F,44.075394,2.952397,43.43341
JVASP-12093,0,Ta,96.618256,0.64495164,96.050385
JVASP-12093,1,Ta,96.618256,0.64495164,96.050385
JVASP-12093,2,Ta,96.618256,0.64495164,96.049644
JVASP-12093,3,Ta,96.618256,0.64495164,96.049644
JVASP-12093,4,Ta,96.618256,0.64495164,96.050385
JVASP-12093,5,Ta,96.618256,0.64495164,96.050385
JVASP-12093,6,Ta,96.618256,0.64495164,96.049644
JVASP-12093,7,Ta,96.618256,0.64495164,96.049644
JVASP-12093,8,Ni,27.51092,1.9449828,25.700373
JVASP-12093,9,Ni,27.51092,1.9449828,25.700373
JVASP-12093,10,Ni,27.51092,1.9449828,25.700373
JVASP-12093,11,Ni,27.51092,1.9449828,25.700373
JVASP-12093,12,S,57.136387,2.7008839,55.027187
JVASP-12093,13,S,57.136387,2.7008839,55.027187
JVASP-12093,14,S,25.818197,2.692299,26.01757
JVASP-12093,15,S,25.818197,2.692299,26.01757
JVASP-12093,16,S,25.818197,2.692299,26.028856
JVASP-12093,17,S,25.818197,2.692299,26.028856
JVASP-12093,18,S,79.3773,2.2893996,81.22268
JVASP-12093,19,S,79.3773,2.2893996,81.22268
JVASP-12093,20,S,79.3773,2.2893996,81.233475
JVASP-12093,21,S,79.3773,2.2893996,81.233475
JVASP-12093,22,S,57.136387,2.7008839,55.027187
JVASP-12093,23,S,57.136387,2.7008839,55.027187
JVASP-12093,24,S,25.818197,2.692299,26.01757
JVASP-12093,25,S,25.818197,2.692299,26.01757
JVASP-12093,26,S,25.818197,2.692299,26.028856
JVASP-12093,27,S,25.818197,2.692299,26.028856
JVASP-12093,28,S,79.3773,2.2893996,81.22268
JVASP-12093,29,S,79.3773,2.2893996,81.22268
JVASP-12093,30,S,79.3773,2.2893996,81.233475
JVASP-12093,31,S,79.3773,2.2893996,81.233475
JVASP-15171,0,Cu,0.9147109,1.9918588,2.6630762
JVASP-15171,1,Cu,0.9147109,1.9918588,2.6630762
JVASP-15171,2,Ge,83.6684,1.5997349,84.63588
JVASP-15171,3,Ge,83.6684,1.5997349,84.63588
JVASP-15171,4,Sr,5.5279436,0.16073547,5.433892
JVASP-67598,0,Ca,12.5340395,0.44446987,12.974903
JVASP-67598,1,La,83.20672,0.27349007,82.933525
JVASP-67598,2,Be,0.3663177,0.50595474,0.16987993
JVASP-67598,3,Be,0.3663177,0.50595474,0.28409892
JVASP-50051,0,Na,30.928892,0.22401318,30.721325
JVASP-50051,1,Na,30.928892,0.22401318,30.721325
JVASP-50051,2,Ho,82.975655,0.38890862,83.35971
JVASP-50051,3,Ho,82.975655,0.38890862,83.35971
JVASP-50051,4,O,3.8149498,0.6315462,4.325101
JVASP-50051,5,O,3.8149498,0.6315462,4.325101
JVASP-50051,6,O,3.8149498,0.6315462,3.844486
JVASP-50051,7,O,3.8149498,0.6315462,3.844486
JVASP-55103,0,Sm,34.364124,0.111824185,34.308067
JVASP-55103,1,Ni,14.501815,1.331934,13.725893
JVASP-55103,2,Ni,14.501815,1.331934,13.725893
JVASP-55103,3,P,82.82705,1.8127226,83.946045
JVASP-55103,4,P,82.82705,1.8127226,83.946045
JVASP-35833,0,Ca,10.514435,0.5617587,11.070343
JVASP-35833,1,Ca,10.514435,0.5617587,11.070343
JVASP-35833,2,Bi,82.72784,1.021187,82.27323
JVASP-35833,3,Bi,82.72784,1.021187,82.27323
JVASP-35833,4,Au,76.57227,2.2179544,74.39406
JVASP-35833,5,Au,76.57227,2.2179544,74.39406
JVASP-67635,0,Be,4.4866486,0.26949802,4.745119
JVASP-67635,1,Be,2.8610039,0.24191481,2.628909
JVASP-67635,2,Sn,82.35919,1.5598583,80.95007
JVASP-67635,3,Mo,14.644683,0.17270036,14.500853
JVASP-38786,0,Ho,41.80299,1.2689834,40.534657
JVASP-38786,1,Ho,41.80299,1.2689852,40.534653
JVASP-38786,2,Mg,6.191684,0.50622517,5.850038
JVASP-38786,3,Mg,6.191684,0.50622517,5.9458456
JVASP-38786,4,Sn,82.093834,0.50687903,82.43291
JVASP-38786,5,Sn,82.093834,0.50687844,82.43291
JVASP-78758,0,Na,11.740406,0.48977327,11.256946
JVASP-78758,1,Tm,81.84603,1.2166739,83.0621
JVASP-81504,0,K,8.815636,0.45596382,9.017378
JVASP-81504,1,K,8.815636,0.45596382,9.017378
JVASP-81504,2,K,8.815636,0.45596382,9.017378
JVASP-81504,3,K,8.815636,0.45596382,9.017378
JVASP-81504,4,Fe,82.924904,1.6081737,83.86935
JVASP-81504,5,Fe,82.924904,1.6081737,83.86935
JVASP-81504,6,Fe,82.924904,1.6081737,83.86935
JVASP-81504,7,Fe,82.924904,1.6081737,83.86935
JVASP-2199,0,Mg,16.894234,0.5451559,17.138092
JVASP-2199,1,Mg,16.894234,0.5451559,17.138092
JVASP-2199,2,Si,2.9706895,1.2840185,3.7033076
JVASP-2199,3,Si,2.9706895,1.2840185,3.7033076
JVASP-2199,4,P,91.81685,1.3159455,92.703445
JVASP-2199,5,P,91.81761,1.3159455,92.42992
JVASP-2199,6,P,91.81719,1.3159455,91.20308
JVASP-2199,7,P,91.81788,1.3159455,90.96995
JVASP-51433,0,V,81.32306,0.38768393,81.469154
JVASP-51433,1,V,81.32306,0.38768393,80.93922
JVASP-51433,2,V,81.32306,0.38768393,81.562195
JVASP-51433,3,Au,0.0,2.5069625,2.5069625
JVASP-51433,4,N,0.0,0.18930055,0.18930055
JVASP-2328,0,Nb,0.0,0.14503157,0.14503157
JVASP-2328,1,Cu,16.350346,2.192587,15.117152
JVASP-2328,2,Cu,16.350344,2.192587,18.526493
JVASP-2328,3,Cu,16.350346,2.192587,15.641749
JVASP-2328,4,Se,81.20304,2.9049985,81.25767
JVASP-2328,5,Se,81.20304,2.9049985,81.26865
JVASP-2328,6,Se,81.20304,2.9049985,81.241714
JVASP-2328,7,Se,81.20304,2.9049985,81.2519
JVASP-35376,0,Zr,80.95482,0.1611227,80.79544
JVASP-35376,1,V,62.148865,0.4268384,61.72369
JVASP-35376,2,V,62.148865,0.4268384,61.72369
JVASP-35376,3,Ga,74.920364,0.18087737,74.83331
JVASP-35376,4,Ga,74.920364,0.18087737,74.83331
JVASP-35376,5,Ga,74.920364,0.18087737,74.84934
JVASP-35376,6,Ga,74.920364,0.18087737,74.84934
JVASP-80264,0,Mn,21.450094,0.48295087,21.338936
JVASP-80264,1,Mn,21.450094,0.48295087,21.338936
JVASP-80264,2,Ga,86.59759,0.40641263,86.3935
JVASP-80264,3,Ga,86.59759,0.40641263,86.3935
JVASP-80264,4,Pd,48.29579,0.2005124,48.327812
JVASP-80264,5,Pd,48.29579,0.2005124,48.327812
JVASP-80264,6,Pd,48.29579,0.2005124,48.327812
JVASP-80264,7,Pd,48.29579,0.2005124,48.327812
JVASP-27040,0,Mn,30.809702,0.12503932,30.692791
JVASP-27040,1,Mn,30.809702,0.12503932,30.692791
JVASP-27040,2,Cu,80.867195,0.12080258,80.887024
JVASP-27040,3,Cu,80.867195,0.12080258,80.887024
JVASP-27040,4,O,40.811626,1.2940137,39.738007
JVASP-27040,5,O,40.811626,1.2940137,39.738007
JVASP-27040,6,O,40.811626,1.2940137,39.738007
JVASP-27040,7,O,40.811626,1.2940137,39.738007
JVASP-66763,0,Be,3.4888897,0.38147384,3.8642657
JVASP-66763,1,Be,3.4888897,0.38147384,3.8642657
JVASP-66763,2,Te,55.672005,3.2960029,58.801735
JVASP-66763,3,Te,55.672005,3.2960029,58.801735
JVASP-66763,4,W,80.42491,0.70127547,81.11987
JVASP-66763,5,W,80.42491,0.70127547,81.11987
JVASP-65601,0,Ba,80.17262,0.19493836,80.36274
JVASP-65601,1,Si,40.448936,0.67800725,40.350033
JVASP-65601,2,Si,40.448936,0.67800725,40.120026
JVASP-65601,3,Rh,42.541103,1.1207471,43.661137
JVASP-39254,0,K,0.0,0.16716847,0.16716847
JVASP-39254,1,Re,0.0,0.83000904,0.83000904
JVASP-39254,2,O,80.01095,1.2833884,78.753876
JVASP-39254,3,O,80.01095,1.2833884,80.86636
JVASP-39254,4,O,80.01095,1.2833884,80.42795
JVASP-3339,0,K,2.8716185,0.31868088,3.1898835
JVASP-3339,1,K,2.8716185,0.31868088,3.1898835
JVASP-3339,2,Ag,0.19840866,1.3437886,1.1454004
JVASP-3339,3,Ag,0.19840866,1.3437886,1.1454004
JVASP-3339,4,Se,79.6966,2.594738,82.227615
JVASP-3339,5,Se,79.6966,2.594738,82.227615
JVASP-17224,0,Lu,79.37327,0.2820007,79.65338
JVASP-17224,1,Lu,79.37327,0.2820007,79.65338
JVASP-17224,2,Mn,17.686949,0.14473824,17.826946
JVASP-17224,3,Mn,17.686949,0.14473824,17.826946
JVASP-17224,4,Mn,17.686949,0.14473824,17.826946
JVASP-17224,5,Mn,17.686949,0.14473824,17.826946
JVASP-17224,6,Ge,69.83985,1.387408,71.15493
JVASP-17224,7,Ge,69.83985,1.387408,71.15493
JVASP-17224,8,Ge,69.83985,1.387408,71.15493
JVASP-17224,9,Ge,69.83985,1.387408,71.15493
JVASP-16420,0,Tm,81.29951,1.3960814,82.255165
JVASP-16420,1,Tm,81.30482,1.3960818,82.23662
JVASP-16420,2,Tm,81.29951,1.3960814,82.289536
JVASP-16420,3,Tm,46.159134,1.3862144,46.46857
JVASP-16420,4,Tm,46.16715,1.3862146,46.411175
JVASP-16420,5,Tm,46.159134,1.3862144,46.417385
JVASP-16420,6,Fe,16.529163,0.92040855,15.629373
JVASP-16420,7,Sb,23.41957,1.700229,21.858326
JVASP-16420,8,Sb,23.41957,1.700229,21.858326
JVASP-36596,0,Sn,0.0,0.9223393,0.9223393
JVASP-36596,1,Hg,0.0,0.7744745,0.7744745
JVASP-36596,2,O,78.52819,1.5748816,76.957596
JVASP-36596,3,O,78.52819,1.5748816,79.421585
JVASP-36596,4,O,78.52819,1.5748816,79.228836
JVASP-17769,0,Si,33.50556,0.7940871,33.992737
JVASP-17769,1,Si,33.50556,0.7940871,33.992737
JVASP-17769,2,Ni,9.112066,1.3233576,8.366728
JVASP-17769,3,Ni,9.112066,1.3233576,8.366728
JVASP-17769,4,U,78.37763,0.4997857,78.07911
JVASP-15592,0,P,77.89037,1.7524438,78.97975
JVASP-15592,1,P,77.89037,1.7524438,78.97975
JVASP-15592,2,Ni,14.44858,1.3191618,13.672661
JVASP-15592,3,Ni,14.44858,1.3191618,13.672661
JVASP-15592,4,Tb,34.20152,0.17596295,34.108944
JVASP-19913,0,Nb,0.0,0.16119853,0.16119853
JVASP-19913,1,Zn,77.73211,0.40894067,77.96743
JVASP-19913,2,Zn,77.73211,0.40894067,77.90571
JVASP-19913,3,Zn,77.73211,0.40894067,77.32479
JVASP-67393,0,Be,3.9637055,0.066419154,3.9074907
JVASP-67393,1,Nb,77.52512,0.20819351,77.31818
JVASP-67393,2,Fe,13.654681,0.08582453,13.71513
JVASP-16214,0,Hf,77.38551,0.49943194,77.88364
JVASP-16214,1,Hf,77.38551,0.49943194,77.88364
JVASP-16214,2,Hf,77.38551,0.49943194,77.88364
JVASP-16214,3,Hf,77.38551,0.49943194,77.88364
JVASP-16214,4,P,2.67321,2.1431332,0.69601625
JVASP-16214,5,P,2.67321,2.1431332,0.69601625
JVASP-16214,6,P,14.020879,2.0896473,16.075659
JVASP-16214,7,P,14.020879,2.0896473,16.075659
JVASP-15449,0,Nd,32.705994,0.043162577,32.72958
JVASP-15449,1,Nd,32.705994,0.043162577,32.72958
JVASP-15449,2,Ag,56.91512,1.7946111,55.12069
JVASP-15449,3,Ag,56.91512,1.7946111,55.12069
JVASP-15449,4,Sn,77.19812,1.0441703,78.09969
JVASP-15449,5,Sn,77.19812,1.0441703,78.09969
JVASP-44042,0,Mg,6.994518,0.41906473,6.595001
JVASP-44042,1,Mg,6.994518,0.41906473,6.595001
JVASP-44042,2,Fe,0.10900459,0.40922335,0.5180415
JVASP-44042,3,Fe,0.10900459,0.40922335,0.5180415
JVASP-44042,4,O,79.37625,1.3626587,79.37149
JVASP-44042,5,O,79.37755,1.3626587,79.328964
JVASP-44042,6,O,79.377075,1.3626587,79.570724
JVASP-44042,7,O,79.377075,1.3626587,79.570724
JVASP-44042,8,O,79.37755,1.3626587,79.328964
JVASP-44042,9,O,79.37625,1.3626587,79.37149
JVASP-86953,0,La,76.733536,0.22140527,76.95221
JVASP-86953,1,La,76.733536,0.22140527,76.95221
JVASP-86953,2,Fe,8.910427,0.5363817,8.374079
JVASP-86953,3,Fe,8.910427,0.5363817,8.374079
JVASP-86953,4,Fe,8.910427,0.5363817,8.374079
JVASP-86953,5,Fe,8.910427,0.5363817,8.374079
JVASP-86953,6,P,20.510393,1.7513415,22.221933
JVASP-86953,7,P,20.510393,1.7513415,22.221933
JVASP-86953,8,P,20.510393,1.7513415,22.221933
JVASP-86953,9,P,20.510393,1.7513415,22.221933
JVASP-35535,0,Ag,20.461405,0.3724198,20.123549
JVASP-35535,1,P,12.024545,1.7054292,13.698335
JVASP-35535,2,Pt,78.89954,1.3906561,78.23758
JVASP-35535,3,Pt,78.89954,1.3906561,78.23758
JVASP-35535,4,Pt,78.89954,1.3906561,78.86772
JVASP-35535,5,Pt,78.89954,1.3906561,78.86772
JVASP-35535,6,Pt,8.251514,0.9795978,9.182615
JVASP-15378,0,Ho,52.517876,0.07814131,52.45302
JVASP-15378,1,Ho,52.517876,0.07814131,52.45302
JVASP-15378,2,Co,20.899044,0.9091703,21.807901
JVASP-15378,3,Co,20.899044,0.9091703,21.807901
JVASP-15378,4,Co,20.899044,0.9091703,21.807901
JVASP-15378,5,Co,20.899044,0.9091703,21.807901
JVASP-15378,6,Ge,75.99786,1.139912,77.06046
JVASP-15378,7,Ge,75.99786,1.139912,77.06046
JVASP-15378,8,Ge,75.99786,1.139912,77.06046
JVASP-15378,9,Ge,75.99786,1.139912,77.06046
JVASP-8511,0,Ta,0.0,0.45931524,0.45931524
JVASP-8511,1,Ru,75.86396,0.80485165,75.46845
JVASP-8511,2,Ru,75.86396,0.80485165,76.66873
JVASP-8511,3,Ru,75.86396,0.80485165,75.461136
JVASP-8511,4,C,0.0,0.58768475,0.58768475
JVASP-67448,0,Be,1.182287,0.24731989,0.9404168
JVASP-67448,1,Be,3.186786,0.22892019,2.9659603
JVASP-67448,2,In,56.16843,0.35272586,56.156467
JVASP-67448,3,P,75.624725,1.7092743,73.96019
JVASP-16145,0,S,17.144777,1.1059182,18.091692
JVASP-16145,1,S,17.144777,1.1059182,18.091692
JVASP-16145,2,Rb,65.755325,0.18804261,65.600716
JVASP-16145,3,Yb,75.46397,2.0496328,73.67907
JVASP-18464,0,H,7.2896295,0.7306914,7.02397
JVASP-18464,1,H,7.2896295,0.7306914,7.02397
JVASP-18464,2,H,7.28956,0.7306915,7.34555
JVASP-18464,3,H,7.28956,0.7306915,7.34555
JVASP-18464,4,Li,1.9960326,0.34316623,2.1784678
JVASP-18464,5,Li,1.9960326,0.34316623,2.1784678
JVASP-18464,6,Li,1.9960898,0.34316623,1.879153
JVASP-18464,7,Li,1.9960898,0.34316623,1.879153
JVASP-18464,8,Rh,75.321495,0.4280973,75.35061
JVASP-1669,0,S,1.8832515,1.0797287,1.1288909
JVASP-1669,1,S,1.8832515,1.0797287,1.1288909
JVASP-1669,2,Rb,75.159904,0.18377113,75.00984
JVASP-1669,3,Er,41.573483,1.6901674,40.10778
JVASP-67601,0,Be,3.6081135,0.32534227,3.2892728
JVASP-67601,1,Ge,74.969086,0.48026812,74.5372
JVASP-67601,2,Mg,7.1745567,0.46966815,7.6404314
JVASP-16514,0,Y,74.84743,0.22516745,74.62264
JVASP-16514,1,Fe,49.540928,0.5329704,50.0713
JVASP-16514,2,Fe,49.540928,0.5329704,50.0713
JVASP-16514,3,Fe,38.598286,0.5674501,38.84296
JVASP-16514,4,Fe,38.600723,0.56745166,38.773273
JVASP-16514,5,Fe,38.600723,0.56745166,38.778336
JVASP-16138,0,C,52.282238,1.4924127,52.283306
JVASP-16138,1,C,52.28232,1.4924127,52.429703
JVASP-16138,2,Ni,28.237722,1.3494391,28.891806
JVASP-16138,3,Pr,77.92831,0.13470522,77.937546
JVASP-24643,0,Ac,74.54777,0.7599767,75.30651
JVASP-24643,1,Ac,74.54777,0.7599767,75.30651
JVASP-24643,2,Cl,41.347298,1.1703333,41.481667
JVASP-24643,3,Cl,41.347263,1.1703357,41.565067
JVASP-24643,4,Cl,41.347298,1.1703333,41.481667
JVASP-24643,5,Cl,41.347263,1.1703357,41.565067
JVASP-24643,6,Cl,41.347614,1.1703408,41.944077
JVASP-24643,7,Cl,41.347614,1.1703408,41.944077
JVASP-51562,0,Dy,47.934067,0.122648,47.816402
JVASP-51562,1,In,75.11268,0.35936126,75.30669
JVASP-51562,2,In,75.11268,0.35936126,75.30253
JVASP-51562,3,In,75.112404,0.35936126,75.23307
JVASP-51562,4,Cu,9.7151165,1.8442359,11.553641
JVASP-51562,5,Cu,9.7151165,1.8442359,11.553641
JVASP-5302,0,Sm,74.12727,0.0808183,74.19218
JVASP-5302,1,Sm,74.12727,0.0808183,74.19218
JVASP-5302,2,Fe,3.2284274,0.51445776,3.7427902
JVASP-5302,3,Fe,3.2284274,0.51445776,3.7427902
JVASP-5302,4,As,29.482058,2.7355158,26.843613
JVASP-5302,5,As,29.482058,2.7355158,26.843613
JVASP-5302,6,O,15.728173,1.271696,14.477336
JVASP-5302,7,O,15.728173,1.271696,14.477336
JVASP-56273,0,Ho,73.86603,0.20701177,74.002266
JVASP-56273,1,Ge,36.260166,1.5243628,37.21684
JVASP-56273,2,Ge,36.260166,1.5243628,37.21684
JVASP-56273,3,Rh,8.802987,1.3433683,9.716519
JVASP-56273,4,Rh,8.802987,1.3433683,9.716519
JVASP-16176,0,Li,0.48744848,0.36223269,0.83967817
JVASP-16176,1,Li,0.48744848,0.36223269,0.83967817
JVASP-16176,2,Nb,51.960213,0.41946787,51.54196
JVASP-16176,3,F,73.75331,1.8967949,73.53474
JVASP-16176,4,F,73.75451,1.8968011,73.77198
JVASP-16176,5,F,73.75451,1.8968011,73.77198
JVASP-16176,6,F,73.75451,1.8968011,73.73108
JVASP-16176,7,F,73.75331,1.8967949,73.53474
JVASP-16176,8,F,73.75451,1.8968011,73.73108
JVASP-67563,0,Be,4.4580836,0.2881148,4.735704
JVASP-67563,1,Si,73.56145,0.8995956,74.4371
JVASP-67563,2,Te,0.7601583,6.114836,5.3845577
JVASP-15585,0,Er,53.106567,0.050117142,53.11048
JVASP-15585,1,Er,53.106567,0.050117142,53.11048
JVASP-15585,2,Co,19.909452,0.9069463,20.816074
JVASP-15585,3,Co,19.909452,0.9069463,20.816074
JVASP-15585,4,Co,19.909452,0.9069463,20.816074
JVASP-15585,5,Co,19.909452,0.9069463,20.816074
JVASP-15585,6,Ge,73.45122,1.1260219,74.499794
JVASP-15585,7,Ge,73.45122,1.1260219,74.499794
JVASP-15585,8,Ge,73.45122,1.1260219,74.499794
JVASP-15585,9,Ge,73.45122,1.1260219,74.499794
JVASP-8732,0,Ho,67.18807,1.0442325,67.84177
JVASP-8732,1,Ho,42.067062,1.0298102,42.912678
JVASP-8732,2,Ho,42.067062,1.0298102,42.888252
JVASP-8732,3,Ho,67.18831,1.0442322,67.86363
JVASP-8732,4,Ho,67.18831,1.0442322,67.89133
JVASP-8732,5,Ho,42.067158,1.0298105,42.88111
JVASP-8732,6,Co,37.740513,1.3513232,36.406357
JVASP-8732,7,Bi,73.32547,1.0389225,73.96523
JVASP-8732,8,Bi,73.32547,1.0389225,73.96523
JVASP-3258,0,Ho,8.971258,0.7373624,8.236278
JVASP-3258,1,Ho,8.971258,0.7373624,8.236278
JVASP-3258,2,Se,73.222595,4.6417317,77.771
JVASP-3258,3,O,22.016014,1.3005421,23.29889
JVASP-3258,4,O,22.016014,1.3005421,23.29889
JVASP-1666,0,S,1.3767936,1.089709,0.73955876
JVASP-1666,1,S,1.3767936,1.089709,0.73955876
JVASP-1666,2,Rb,73.11305,0.18447945,72.962296
JVASP-1666,3,Ho,42.003292,1.4766508,40.722843
JVASP-15292,0,Er,44.56959,0.5208936,44.536156
JVASP-15292,1,Er,44.56959,0.5208936,44.569077
JVASP-15292,2,Er,44.567375,0.52089185,44.602627
JVASP-15292,3,In,73.20235,0.39801905,73.24481
JVASP-15292,4,In,73.20235,0.39801905,73.26857
JVASP-15292,5,In,73.201744,0.39801863,72.8086
JVASP-15292,6,Cu,32.74968,1.9838036,30.77461
JVASP-15292,7,Cu,16.537733,2.040195,14.506409
JVASP-15292,8,Cu,32.74968,1.9838036,30.77461
JVASP-56203,0,Ba,72.89528,0.16970113,73.04192
JVASP-56203,1,Li,2.4436564,0.39728338,2.7899148
JVASP-56203,2,Li,2.4436564,0.39728338,2.7899148
JVASP-56203,3,Mg,5.3047833,0.5348997,4.8509164
JVASP-56203,4,Mg,5.3047833,0.5348997,4.8509164
JVASP-56203,5,Ge,33.9068,0.8612331,34.61865
JVASP-56203,6,Ge,33.9068,0.8612331,34.61865
JVASP-3225,0,Na,7.187756,0.40870032,7.2399178
JVASP-3225,1,Na,7.187756,0.40870032,7.271412
JVASP-3225,2,Na,7.185421,0.40870023,7.3356576
JVASP-3225,3,Sr,72.75195,0.04129424,72.71077
JVASP-3225,4,Sr,72.750854,0.041294035,72.75981
JVASP-3225,5,Sr,72.750854,0.041294035,72.75619
JVASP-3225,6,P,8.716917,0.78633046,7.940248
JVASP-3225,7,P,26.420197,0.7086564,25.719477
JVASP-3225,8,P,8.716917,0.78633046,7.940248
JVASP-15564,0,C,51.153187,1.497391,51.29821
JVASP-15564,1,C,51.153194,1.497391,51.16267
JVASP-15564,2,Ni,25.037458,1.3409461,25.709148
JVASP-15564,3,Nd,74.118126,0.08782487,74.13869
JVASP-38950,0,Yb,0.0,0.11910366,0.11910366
JVASP-38950,1,Mg,0.0,0.022340411,0.022340411
JVASP-38950,2,O,72.27056,1.3549836,73.60358
JVASP-38950,3,O,72.27056,1.3549836,71.4006
JVASP-38950,4,O,72.27056,1.3549836,71.82672
JVASP-56861,0,Sr,30.535069,0.035683304,30.509577
JVASP-56861,1,Sr,30.535069,0.035683304,30.509577
JVASP-56861,2,C,72.16483,1.3742759,71.84137
JVASP-56861,3,N,6.9837985,2.3080337,7.544454
JVASP-56861,4,N,6.9837985,2.3080337,7.544454
JVASP-56861,5,Cl,11.494866,2.2734418,10.563734
JVASP-56861,6,Cl,11.494866,2.2734418,10.563734
JVASP-65108,0,Mg,1.5627745,0.43942997,1.1280891
JVASP-65108,1,Be,3.6815832,0.40757155,4.08288
JVASP-65108,2,Be,3.6815832,0.40757155,4.08288
JVASP-65108,3,Cl,72.03705,1.8245105,73.8167
JVASP-12731,0,Na,0.4967293,0.3994903,0.7990231
JVASP-12731,1,Na,0.4967293,0.3994903,0.7990231
JVASP-12731,2,Cl,73.78134,1.7818692,74.30111
JVASP-12731,3,Cl,73.780365,1.7818688,73.0197
JVASP-12731,4,Cl,73.781586,1.7818682,73.86147
JVASP-12731,5,Cl,73.78134,1.7818692,74.30111
JVASP-12731,6,Cl,73.780365,1.7818688,73.0197
JVASP-12731,7,Cl,73.781586,1.7818682,73.86147
JVASP-12731,8,Mn,3.4915726,0.5614976,3.2127852
JVASP-12731,9,Mn,3.4915726,0.5614976,3.2127852
JVASP-8078,0,Fe,34.533257,1.0096464,34.255936
JVASP-8078,1,Se,71.49459,4.69555,72.8905
JVASP-8078,2,Se,71.49459,4.69555,72.8905
JVASP-8078,3,Se,62.309937,4.8301516,61.72479
JVASP-8078,4,Se,62.309937,4.8301516,61.72479
JVASP-8078,5,Ti,29.87541,0.51587176,29.60123
JVASP-8078,6,Ti,29.87541,0.51587176,29.60123
JVASP-10541,0,P,71.67104,1.4205548,72.165764
JVASP-10541,1,P,71.67039,1.4205551,71.11644
JVASP-10541,2,P,71.67104,1.4205548,72.165764
JVASP-10541,3,P,71.67039,1.4205551,71.11644
JVASP-10541,4,K,27.285091,0.33689293,27.470161
JVASP-10541,5,K,24.69148,0.3988097,24.492157
JVASP-10541,6,K,27.285091,0.33689293,27.470161
JVASP-10541,7,K,24.69148,0.3988097,24.492157
JVASP-10541,8,Ni,42.25135,2.0833097,41.911007
JVASP-10541,9,Ni,42.25135,2.0833097,41.909725
JVASP-81768,0,K,56.64037,0.40816635,56.99754
JVASP-81768,1,K,56.64037,0.40816635,56.99754
JVASP-81768,2,Na,18.69784,0.4685169,18.640303
JVASP-81768,3,Na,18.69784,0.4685169,18.640303
JVASP-81768,4,Na,18.69784,0.4685169,18.640303
JVASP-81768,5,Na,18.69784,0.4685169,18.640303
JVASP-81768,6,P,74.50972,1.2318009,74.56326
JVASP-81768,7,P,74.50972,1.2318009,74.56326
JVASP-51043,0,Mn,70.84169,0.055746865,70.88623
JVASP-51043,1,Mn,70.84169,0.055746865,70.79072
JVASP-51043,2,Mn,70.84169,0.055746865,70.84816
JVASP-51043,3,Ga,0.0,0.94205374,0.94205374
JVASP-51043,4,N,0.0,1.1462755,1.1462755
JVASP-37111,0,Rb,70.64491,0.18539084,70.470726
JVASP-37111,1,Y,23.314243,0.11244404,23.313852
JVASP-37111,2,S,0.5058201,1.1005081,0.61502945
JVASP-37111,3,S,0.5058201,1.1005081,0.61502945
JVASP-15809,0,Cr,24.799582,0.22232047,24.799137
JVASP-15809,1,Se,61.074635,4.596839,61.800182
JVASP-15809,2,Se,73.05169,4.8420215,75.45624
JVASP-15809,3,Se,61.074635,4.596839,61.800182
JVASP-15809,4,Se,73.05169,4.8420215,75.45624
JVASP-15809,5,Nb,21.669567,0.015436268,21.680456
JVASP-15809,6,Nb,21.669567,0.015436268,21.680456
JVASP-43024,0,Mn,9.624035,0.089398615,9.574107
JVASP-43024,1,Nb,54.784904,0.25630844,54.673576
JVASP-43024,2,O,31.996237,0.979662,32.197052
JVASP-43024,3,O,70.99668,0.9842822,70.756386
JVASP-43024,4,O,31.99763,0.9796622,32.225853
JVASP-43024,5,O,70.996445,0.98428273,70.78188
JVASP-65520,0,Ba,70.17706,0.1605531,70.02108
JVASP-65520,1,Os,48.000202,1.0576115,46.961258
JVASP-65520,2,Cl,30.305288,1.5375627,31.790878
JVASP-65520,3,Cl,30.305288,1.5375627,31.50877
JVASP-81548,0,Sc,60.575676,0.4561326,60.281467
JVASP-81548,1,Sc,60.575676,0.4561326,60.281467
JVASP-81548,2,Sc,60.575676,0.4561326,60.281467
JVASP-81548,3,Sc,60.575676,0.4561326,60.281467
JVASP-81548,4,Al,28.27276,0.23816326,28.127369
JVASP-81548,5,Al,28.27276,0.23816326,28.127369
JVASP-81548,6,Ga,72.422325,0.48502126,72.05649
JVASP-81548,7,Ga,72.422325,0.48502126,72.05649
JVASP-3306,0,Si,63.333263,0.9893516,63.59409
JVASP-3306,1,Si,21.415981,1.0762323,21.009716
JVASP-3306,2,Si,71.75624,0.99158,72.06748
JVASP-3306,3,Si,65.622925,0.9414209,65.29492
JVASP-3306,4,P,34.72522,1.9308465,33.97967
JVASP-3306,5,P,48.844376,2.0249267,49.545593
JVASP-3306,6,P,30.827719,2.1058857,30.7118
JVASP-3306,7,P,38.686043,1.9897085,39.271973
JVASP-3306,8,Ru,26.968594,0.6237227,27.166496
JVASP-68154,0,Be,2.1360576,0.48374417,2.6118762
JVASP-68154,1,Ca,2.0134807,0.3138192,1.7038345
JVASP-68154,2,Mn,2.564617,0.34709275,2.9092176
JVASP-68154,3,Mn,69.20952,0.34709275,68.865265
JVASP-67658,0,Be,1.1009233,0.4661493,1.4368094
JVASP-67658,1,Be,1.1009233,0.4661493,1.4686028
JVASP-67658,2,Bi,73.75985,1.1458198,72.62469
JVASP-67658,3,Cd,19.057032,0.5572097,18.847069
JVASP-36610,0,Zr,0.0,0.039703123,0.039703123
JVASP-36610,1,Hg,0.0,0.7428759,0.7428759
JVASP-36610,2,O,69.04867,1.547073,70.59125
JVASP-36610,3,O,69.04867,1.547073,68.188446
JVASP-36610,4,O,69.04867,1.547073,68.392586
JVASP-21476,0,Be,2.252425,0.49906322,2.6698802
JVASP-21476,1,Be,2.2533214,0.49906322,2.6708443
JVASP-21476,2,B,39.829044,2.0179586,38.22636
JVASP-21476,3,O,73.04,2.2642782,74.22511
JVASP-21476,4,O,73.06475,2.2643158,73.56168
JVASP-21476,5,O,73.06588,2.2643158,73.530914
JVASP-21476,6,F,63.961243,3.1583822,61.512917
JVASP-21476,7,F,63.961243,3.1583822,61.51292
JVASP-21476,8,Rb,60.649887,0.25298804,60.44907
JVASP-74881,0,Ti,4.92225,0.54228,5.4586253
JVASP-74881,1,Be,9.554235,0.3253684,9.236315
JVASP-74881,2,Si,68.720436,0.48040774,68.26391
JVASP-15401,0,Cu,8.823025,1.9678487,10.214272
JVASP-15401,1,Cu,8.823025,1.9678487,10.214272
JVASP-15401,2,Ge,68.600525,1.4996037,69.55131
JVASP-15401,3,Ge,68.600525,1.4996037,69.55131
JVASP-15401,4,Y,15.679276,0.08879004,15.628234
JVASP-15971,0,Hf,69.16738,0.45635417,68.85582
JVASP-15971,1,Hf,69.164116,0.45635402,68.901794
JVASP-15971,2,Hf,69.164116,0.45635402,68.88081
JVASP-15971,3,Cu,68.301575,1.8137436,70.11316
JVASP-15971,4,Cu,37.5732,1.6981747,39.197155
JVASP-15971,5,Cu,37.5732,1.6981747,39.196148
JVASP-15971,6,Cu,37.57503,1.6981679,39.149426
JVASP-15971,7,Ge,54.1178,1.1587496,53.020233
JVASP-15971,8,Ge,54.1178,1.1587496,53.020233
JVASP-38033,0,Ge,27.253023,1.1382025,28.31675
JVASP-38033,1,Ge,27.253023,1.1382025,28.31675
JVASP-38033,2,Cl,68.18645,3.3385093,64.91851
JVASP-38033,3,Cl,68.18645,3.3385093,64.91851
JVASP-38033,4,F,16.868004,2.4088478,14.467667
JVASP-38033,5,F,16.868004,2.4088478,14.467667
JVASP-16796,0,Sr,0.0,0.20406461,0.20406461
JVASP-16796,1,Tc,0.0,0.14476915,0.14476915
JVASP-16796,2,O,67.95619,1.2607216,68.80349
JVASP-16796,3,O,67.95619,1.2607216,66.7231
JVASP-16796,4,O,67.95619,1.2607216,68.35941
JVASP-85127,0,La,47.841984,0.27493602,47.59749
JVASP-85127,1,La,47.841984,0.27493602,47.59749
JVASP-85127,2,Rh,68.55449,1.424879,69.13423
JVASP-85127,3,Rh,68.55449,1.424879,69.13423
JVASP-15680,0,O,15.16999,1.8609314,16.741468
JVASP-15680,1,Na,0.3796103,0.4656047,0.80889285
JVASP-15680,2,Na,0.3796103,0.4656047,0.80889285
JVASP-15680,3,Ti,68.293724,0.3992917,68.62839
JVASP-15680,4,Ti,68.29379,0.3992918,68.61306
JVASP-15680,5,Sb,66.50903,2.3642163,64.67977
JVASP-15680,6,Sb,66.50903,2.3642163,64.67977
JVASP-2757,0,Ba,67.25197,0.13552275,67.38443
JVASP-2757,1,Mg,1.2529157,0.40911803,1.6602781
JVASP-2757,2,Mg,1.2529157,0.40911803,1.6602781
JVASP-2757,3,P,3.9110186,0.47234538,3.445363
JVASP-2757,4,P,3.9110186,0.47234538,3.445363
JVASP-15324,0,Ge,66.97097,0.9623228,67.53564
JVASP-15324,1,Ge,66.97097,0.9623228,67.53564
JVASP-15324,2,Pd,12.745076,1.5933636,11.843786
JVASP-15324,3,Pd,12.745076,1.5933636,11.843786
JVASP-15324,4,Th,38.79587,0.6162906,39.17071
JVASP-39317,0,Ge,0.0,0.91886836,0.91886836
JVASP-39317,1,B,0.0,2.0702794,2.0702794
JVASP-39317,2,O,66.70206,1.907299,64.79919
JVASP-39317,3,O,66.70206,1.907299,67.78067
JVASP-39317,4,O,66.70206,1.907299,67.56665
JVASP-67253,0,Be,0.23117238,0.301694,0.52860206
JVASP-67253,1,Ga,66.599174,0.23657486,66.4218
JVASP-67253,2,P,63.28502,1.6769104,61.64808
JVASP-80196,0,Li,0.6346227,0.23413973,0.4118943
JVASP-80196,1,Li,0.6346227,0.23413973,0.4118943
JVASP-80196,2,Mg,11.386832,0.27734256,11.219545
JVASP-80196,3,Mg,11.386832,0.27734256,11.219545
JVASP-80196,4,Hg,73.25916,2.482454,75.26991
JVASP-80196,5,Hg,73.25916,2.482454,75.26991
JVASP-80196,6,Hg,73.25916,2.482454,75.26991
JVASP-80196,7,Hg,73.25916,2.482454,75.26991
JVASP-68004,0,Be,1.660754,0.35195953,1.3173788
JVASP-68004,1,Ga,29.428986,0.27552655,29.214624
JVASP-68004,2,Ga,4.3502936,0.21036758,4.1644516
JVASP-68004,3,Bi,66.3134,1.0362053,66.83229
JVASP-39459,0,Rh,17.364433,1.7480832,15.617716
JVASP-39459,1,Rh,17.363209,1.7480778,15.616495
JVASP-39459,2,Rh,17.361984,1.7480772,15.615266
JVASP-39459,3,Rh,17.361984,1.7480732,15.615276
JVASP-39459,4,S,66.53981,2.4328048,66.54481
JVASP-39459,5,S,66.54104,2.4327958,66.04162
JVASP-39459,6,S,66.540344,2.4328008,66.528656
JVASP-39459,7,S,66.541145,2.432803,66.52948
JVASP-39459,8,S,66.54117,2.4328113,66.04188
JVASP-39459,9,S,66.5408,2.4328058,66.54584
JVASP-82003,0,Si,65.97475,0.4936722,65.512794
JVASP-82003,1,Si,65.97475,0.4936722,65.512794
JVASP-82003,2,Si,65.97475,0.4936722,65.512794
JVASP-82003,3,Si,65.97475,0.4936722,65.512794
JVASP-82003,4,Tc,29.730206,0.20493649,29.682533
JVASP-82003,5,Tc,29.730206,0.20493649,29.682533
JVASP-82003,6,Rh,45.078438,0.16072856,45.18312
JVASP-82003,7,Rh,45.078438,0.16072856,45.18312
JVASP-18567,0,Ti,28.836826,0.598449,29.172089
JVASP-18567,1,Ti,28.844257,0.5984489,29.047346
JVASP-18567,2,As,15.77973,2.6464772,17.982344
JVASP-18567,3,As,15.77973,2.6464772,17.982344
JVASP-18567,4,Zr,65.71708,0.06242999,65.68606
JVASP-18567,5,Zr,65.71708,0.06242999,65.68606
JVASP-16313,0,Sr,65.57366,0.109841004,65.68256
JVASP-16313,1,Sr,65.57366,0.109841004,65.68256
JVASP-16313,2,Ge,62.30767,1.5648185,63.812557
JVASP-16313,3,Ge,62.30767,1.5648185,63.812557
JVASP-16313,4,Ge,62.30767,1.5648185,63.812557
JVASP-16313,5,Ge,62.30767,1.5648185,63.812557
JVASP-16313,6,Rh,6.6258698,1.381853,5.244307
JVASP-16313,7,Rh,6.6258698,1.381853,5.244307
JVASP-16313,8,Rh,6.6258698,1.381853,5.244307
JVASP-16313,9,Rh,6.6258698,1.381853,5.244307
JVASP-18333,0,Er,61.92553,1.2078575,62.853294
JVASP-18333,1,Er,72.28785,1.231276,72.183105
JVASP-18333,2,Er,72.28785,1.231276,72.228455
JVASP-18333,3,Er,61.91749,1.2078573,62.887924
JVASP-18333,4,Er,61.91749,1.2078573,62.862434
JVASP-18333,5,Er,72.30061,1.2312758,72.1841
JVASP-18333,6,Mn,9.248054,0.42443317,8.853478
JVASP-18333,7,Bi,25.962143,1.0330015,26.587046
JVASP-18333,8,Bi,25.962143,1.0330015,26.587046
JVASP-11670,0,O,59.3781,1.400544,59.090824
JVASP-11670,1,O,59.378677,1.400544,59.091404
JVASP-11670,2,O,65.238335,1.6135556,65.97564
JVASP-11670,3,O,65.2411,1.613556,64.88901
JVASP-11670,4,O,65.23849,1.6135621,65.9758
JVASP-11670,5,O,65.2411,1.6135607,64.88901
JVASP-11670,6,Co,18.759665,0.648626,18.925123
JVASP-11670,7,Sr,37.85935,0.2326084,37.911865
JVASP-11670,8,Sr,37.859344,0.23260827,37.911865
JVASP-11670,9,Mo,13.234584,0.15759821,13.218209
JVASP-16295,0,Mn,64.99476,0.07778162,65.06914
JVASP-16295,1,Mn,64.99476,0.07778162,64.93843
JVASP-16295,2,Mn,64.99476,0.07778162,64.97678
JVASP-16295,3,Ag,0.0,1.356256,1.356256
JVASP-16295,4,N,0.0,0.9296453,0.9296453
JVASP-58436,0,B,42.18599,2.5105782,40.57426
JVASP-58436,1,B,42.18599,2.5105782,40.57426
JVASP-58436,2,O,70.43968,2.3091853,71.62543
JVASP-58436,3,O,70.44001,2.309185,70.0688
JVASP-58436,4,O,70.43902,2.309183,69.83128
JVASP-58436,5,O,70.43968,2.3091853,71.62543
JVASP-58436,6,O,70.44001,2.309185,70.0688
JVASP-58436,7,O,70.43902,2.309183,69.83128
JVASP-58436,8,Ti,11.280835,0.4434585,11.009264
JVASP-58436,9,Ti,11.280835,0.4434585,11.009264
JVASP-36720,0,V,0.0,0.13028984,0.13028984
JVASP-36720,1,Cu,14.224188,2.1939902,16.402395
JVASP-36720,2,Cu,14.224188,2.1939902,13.532716
JVASP-36720,3,Cu,14.224188,2.1939902,13.009627
JVASP-36720,4,Te,64.40933,1.2827336,64.42868
JVASP-36720,5,Te,64.40933,1.2827336,64.423225
JVASP-36720,6,Te,64.40933,1.2827336,64.41233
JVASP-36720,7,Te,64.40933,1.2827336,64.42418
JVASP-29435,0,K,35.73826,0.14000441,35.78321
JVASP-29435,1,K,35.73826,0.14000441,35.78321
JVASP-29435,2,Na,22.09712,0.18471964,22.03147
JVASP-29435,3,Na,22.09712,0.18471964,22.03147
JVASP-29435,4,O,52.129074,1.4342892,52.460583
JVASP-29435,5,O,52.129074,1.4342791,52.478603
JVASP-29435,6,O,52.129074,1.4342791,52.478603
JVASP-29435,7,O,52.129074,1.4342892,52.460583
JVASP-29435,8,Zn,64.86628,1.8441175,64.18201
JVASP-29435,9,Zn,64.86628,1.8441175,64.18201
JVASP-10214,0,O,64.688545,1.9038514,66.0808
JVASP-10214,1,O,64.688545,1.9038514,66.0808
JVASP-10214,2,O,64.68826,1.9038463,64.24414
JVASP-10214,3,O,64.68826,1.9038463,64.24414
JVASP-10214,4,K,46.42719,0.10026173,46.3717
JVASP-10214,5,K,46.42719,0.10026173,46.3717
JVASP-10214,6,K,46.42732,0.100261174,46.37638
JVASP-10214,7,K,46.42732,0.100261174,46.37638
JVASP-10214,8,Zn,48.475872,2.3072524,47.61779
JVASP-10214,9,Zn,48.475872,2.3072524,47.61779
JVASP-3243,0,O,39.561672,1.3382121,38.51338
JVASP-3243,1,Ca,11.697522,0.423068,11.36564
JVASP-3243,2,Ca,11.697522,0.423068,11.36564
JVASP-3243,3,Ca,64.18232,0.35489526,64.26968
JVASP-3243,4,Ca,64.18133,0.3548951,64.34092
JVASP-3243,5,Sb,42.413532,2.0123484,40.943935
JVASP-3243,6,Sb,42.413532,2.0123484,40.943935
JVASP-29602,0,Zn,3.0197854,2.1555252,1.7484566
JVASP-29602,1,Br,63.819103,6.227974,58.962425
JVASP-29602,2,Br,63.819103,6.227974,58.962425
JVASP-44357,0,Li,1.2822846,0.30249286,1.1820205
JVASP-44357,1,Li,0.54220843,0.30133787,0.6817753
JVASP-44357,2,Ti,33.09323,0.3969007,32.923054
JVASP-44357,3,Fe,29.23484,0.26620653,29.119413
JVASP-44357,4,O,65.176865,1.4676472,65.25548
JVASP-44357,5,O,42.189144,1.3738096,42.20267
JVASP-44357,6,O,65.176865,1.4676472,65.25548
JVASP-44357,7,O,42.189144,1.3738096,42.20267
JVASP-74851,0,Na,43.34517,0.28704742,43.61856
JVASP-74851,1,Na,43.34517,0.28704742,43.60417
JVASP-74851,2,Be,15.526498,0.15319303,15.378483
JVASP-74851,3,W,63.28502,0.87695295,64.15687
JVASP-53051,0,Cr,10.282958,0.07395667,10.213054
JVASP-53051,1,Cr,10.282958,0.07395667,10.213054
JVASP-53051,2,As,63.168667,2.7316368,65.821014
JVASP-53051,3,Se,32.163025,4.6764374,36.74484
JVASP-4062,0,Ca,62.85962,0.17582268,63.009502
JVASP-4062,1,Ca,62.85962,0.17582268,62.705242
JVASP-4062,2,Ca,62.85962,0.17582268,62.864487
JVASP-4062,3,P,0.0,0.25698864,0.25698864
JVASP-4062,4,Cl,58.256214,0.7175377,58.967995
JVASP-4062,5,Cl,58.256214,0.7175377,57.825703
JVASP-4062,6,Cl,58.256214,0.7175377,57.98162
JVASP-44642,0,Li,1.1360284,0.27684155,0.9550631
JVASP-44642,1,Li,1.7145287,0.24340343,1.8301734
JVASP-44642,2,Mn,62.501236,0.20096982,62.609287
JVASP-44642,3,Sn,69.70184,0.95381564,70.07438
JVASP-44642,4,O,42.10022,1.0856053,41.741394
JVASP-44642,5,O,33.70623,1.0998557,33.142212
JVASP-44642,6,O,42.10022,1.0856053,41.741394
JVASP-44642,7,O,33.70623,1.0998557,33.142212
JVASP-15398,0,Na,1.037418,0.5152924,0.6729622
JVASP-15398,1,S,20.45425,1.0802342,21.347338
JVASP-15398,2,S,20.45425,1.0802342,21.347338
JVASP-15398,3,Yb,62.01953,1.6941438,60.587887
JVASP-36137,0,H,0.17758942,0.8907899,1.0628175
JVASP-36137,1,H,0.17758942,0.8907899,1.0628175
JVASP-36137,2,W,61.754086,0.4427628,62.1792
JVASP-36137,3,W,61.754086,0.4427628,62.1792
JVASP-29906,0,Tb,61.58507,0.07736573,61.650837
JVASP-29906,1,Tb,61.58507,0.07736573,61.650837
JVASP-29906,2,H,2.49603,0.20558427,2.2944927
JVASP-29906,3,H,2.49603,0.20558427,2.2944927
JVASP-29906,4,H,6.1090274,0.28518882,6.391972
JVASP-29906,5,H,6.1090274,0.28518882,6.391972
JVASP-29906,6,Br,42.03406,6.1817617,48.101624
JVASP-29906,7,Br,42.03406,6.1817617,48.101624
JVASP-18872,0,Ge,61.50826,0.9303581,62.05303
JVASP-18872,1,Ge,61.50826,0.9303581,62.05303
JVASP-18872,2,Pd,29.794962,1.5940361,28.854197
JVASP-18872,3,Pd,29.794962,1.5940361,28.854197
JVASP-18872,4,Sm,25.789745,0.117492296,25.730051
JVASP-25363,0,C,40.400684,2.8114266,37.592648
JVASP-25363,1,C,40.400684,2.8114266,37.592648
JVASP-25403,0,C,41.18491,1.8935134,39.292286
JVASP-25403,1,C,41.18491,1.8935134,39.292286
JVASP-25403,2,C,39.94016,2.1103764,37.830067
JVASP-25403,3,C,39.94016,2.1103764,37.830067
JVASP-29709,0,C,19.043644,2.7136247,21.356234
JVASP-29709,1,C,30.681976,2.282741,28.643377
JVASP-29709,2,C,30.681976,2.282741,28.649565
JVASP-29709,3,C,19.043455,2.7136245,21.428198
JVASP-29709,4,C,19.043455,2.7136245,21.428198
JVASP-29709,5,C,19.043644,2.7136247,21.356234
JVASP-29709,6,C,30.681976,2.282741,28.649565
JVASP-29709,7,C,30.681976,2.282741,28.643377
JVASP-29568,0,C,40.40876,2.32123,41.60535
JVASP-29568,1,C,40.40876,2.32123,41.60535
JVASP-91,0,C,0.0,2.5255392,2.5255392
JVASP-91,1,C,0.0,2.5255392,2.5255392
JVASP-48,0,C,41.68664,2.3296814,39.357285
JVASP-48,1,C,41.68664,2.3296814,39.357285
JVASP-48,2,C,39.212654,2.6758952,36.538948
JVASP-48,3,C,39.212654,2.6758952,36.53895
JVASP-25071,0,C,40.312477,2.3186152,37.99409
JVASP-25071,1,C,40.312477,2.3186152,37.99409
JVASP-25183,0,C,41.683784,2.329639,39.354473
JVASP-25183,1,C,41.683784,2.329639,39.354473
JVASP-25183,2,C,39.21143,2.6758685,36.537754
JVASP-25183,3,C,39.21143,2.6758685,36.537754
JVASP-25225,0,C,16.637217,2.761314,18.160723
JVASP-25225,1,C,16.637217,2.761314,18.160723
JVASP-25225,2,C,16.637217,2.761314,18.168808
JVASP-25225,3,C,16.637217,2.761314,18.168808
JVASP-25225,4,C,29.577364,3.006219,32.318336
JVASP-25225,5,C,29.577364,3.006219,32.318336
JVASP-25225,6,C,29.576982,3.006219,32.399086
JVASP-25225,7,C,29.576982,3.006219,32.399086
JVASP-25258,0,C,19.043644,2.713619,21.356228
JVASP-25258,1,C,30.681976,2.282743,28.643375
JVASP-25258,2,C,30.681976,2.282743,28.649563
JVASP-25258,3,C,19.043455,2.7136192,21.428194
JVASP-25258,4,C,19.043455,2.7136192,21.428194
JVASP-25258,5,C,19.043644,2.713619,21.356228
JVASP-25258,6,C,30.681976,2.282743,28.649563
JVASP-25258,7,C,30.681976,2.282743,28.643375
JVASP-25289,0,C,40.387592,2.5193012,39.905037
JVASP-25289,1,C,40.387592,2.5193012,39.905037
JVASP-25407,0,C,41.68909,2.3296602,39.359756
JVASP-25407,1,C,41.68909,2.3296602,39.359756
JVASP-25407,2,C,39.217148,2.6759436,36.543396
JVASP-25407,3,C,39.217148,2.6759436,36.543396
JVASP-28,0,C,0.0,2.5255167,2.5255167
JVASP-28,1,C,0.0,2.5255167,2.5255167
JVASP-29213,0,C,40.313297,2.318622,37.9949
JVASP-29213,1,C,40.313297,2.318622,37.9949
JVASP-29779,0,C,40.375874,2.3229463,41.575558
JVASP-29779,1,C,40.375355,2.3229463,41.57498
JVASP-29779,2,C,40.376057,2.3229463,41.575733
JVASP-29779,3,C,40.376057,2.3229463,41.575733
JVASP-29779,4,C,40.375874,2.3229463,41.575558
JVASP-29779,5,C,40.375355,2.3229463,41.57498
JVASP-29779,6,C,40.375355,2.3229463,41.57498
JVASP-29779,7,C,40.375355,2.3229463,41.57498
JVASP-47,0,C,40.841568,1.4882438,39.356773
JVASP-47,1,C,40.841568,1.4882438,39.356773
JVASP-47,2,C,40.731747,1.4882438,39.246952
JVASP-47,3,C,40.731342,1.4882438,39.24654
JVASP-14740,0,C,41.683784,2.3296375,39.354473
JVASP-14740,1,C,41.683372,2.3296375,39.35406
JVASP-14740,2,C,39.21143,2.675867,36.537754
JVASP-14740,3,C,39.21143,2.675867,36.537754
JVASP-25229,0,C,40.438778,2.32123,41.635376
JVASP-25229,1,C,40.438778,2.32123,41.635376
JVASP-25229,2,C,40.438778,2.32123,41.635376
JVASP-25229,3,C,40.438778,2.32123,41.635376
JVASP-25229,4,C,40.43959,2.3212304,41.63626
JVASP-25229,5,C,40.43959,2.3212304,41.63626
JVASP-25229,6,C,40.43959,2.3212304,41.63626
JVASP-25229,7,C,40.43959,2.3212304,41.63626
JVASP-25238,0,C,4.2188745,2.5276759,1.9179379
JVASP-25238,1,C,0.62464386,2.5292702,1.9361374
JVASP-25238,2,C,0.3015427,2.4930582,2.2048402
JVASP-25238,3,C,0.43612233,2.4953575,2.079776
JVASP-25238,4,C,0.3015427,2.4930582,2.2048402
JVASP-25238,5,C,0.43612233,2.4953575,2.079776
JVASP-25238,6,C,4.2188745,2.5276759,1.9179379
JVASP-25238,7,C,4.1677003,2.5277731,1.8698217
JVASP-25238,8,C,0.62464386,2.5292702,1.9361374
JVASP-25238,9,C,4.1677003,2.5277731,1.8698217
JVASP-25404,0,C,40.42638,1.4890711,38.940742
JVASP-25404,1,C,40.42638,1.4890711,38.940742
JVASP-30458,0,C,40.400684,2.8114274,37.592648
JVASP-30458,1,C,40.400684,2.8114274,37.592648
JVASP-30517,0,C,41.687458,2.329626,39.358154
JVASP-30517,1,C,41.687458,2.329626,39.358154
JVASP-30517,2,C,39.22,2.6759546,36.546238
JVASP-30517,3,C,39.22,2.6759546,36.546238
JVASP-78350,0,C,26.50103,2.6315477,23.880302
JVASP-78350,1,C,26.50103,2.6315477,23.880302
JVASP-78350,2,C,26.50103,2.6315477,23.880302
JVASP-78350,3,C,26.50103,2.6315477,23.880302
JVASP-7843,0,C,40.411682,2.5186627,37.89402
JVASP-7843,1,C,40.411682,2.5186627,37.89402
JVASP-7843,2,C,40.411682,2.518663,37.89402
JVASP-7843,3,C,40.411682,2.5186625,37.89402
JVASP-7843,4,C,40.411682,2.5186625,37.89402
JVASP-7843,5,C,40.411682,2.518663,37.89402
JVASP-78578,0,C,26.187494,2.631963,23.56635
JVASP-78578,1,C,26.187494,2.631963,23.56635
JVASP-78578,2,C,26.187494,2.631963,23.56635
JVASP-78578,3,C,26.187494,2.631963,23.56635
JVASP-8067,0,C,4.2408834,2.4971638,1.795483
JVASP-8067,1,C,4.2408834,2.4971638,1.795483
JVASP-8067,2,C,4.2408834,2.4971638,1.795483
JVASP-8067,3,C,4.2408834,2.4971638,1.795483
JVASP-843,0,C,40.463535,2.8113263,37.65583
JVASP-843,1,C,40.463535,2.8113263,37.65583
JVASP-843,2,C,40.463535,2.8113263,37.65583
JVASP-843,3,C,40.463535,2.8113263,37.65583
JVASP-843,4,C,40.463535,2.8113263,37.65583
JVASP-843,5,C,40.463535,2.8113263,37.65583
JVASP-843,6,C,40.463535,2.8113263,37.65583
JVASP-843,7,C,40.463535,2.8113263,37.65583
JVASP-84774,0,C,40.27985,2.8083966,37.475227
JVASP-84774,1,C,40.27985,2.8083966,37.475227
JVASP-84774,2,C,40.27985,2.8083966,37.475227
JVASP-84774,3,C,40.27985,2.8083966,37.475227
JVASP-84774,4,C,40.27985,2.8083966,37.475227
JVASP-84774,5,C,40.27985,2.8083966,37.475227
JVASP-84774,6,C,40.27985,2.8083966,37.475227
JVASP-84774,7,C,40.27985,2.8083966,37.475227
JVASP-84784,0,C,41.636425,2.3293803,39.30739
JVASP-84784,1,C,41.636425,2.3293803,39.30739
JVASP-84784,2,C,38.900345,2.6734035,36.229183
JVASP-84784,3,C,38.900345,2.6734035,36.229183
JVASP-84984,0,C,40.099373,2.509002,37.591152
JVASP-84984,1,C,40.100597,2.509002,37.592377
JVASP-84984,2,C,40.099373,2.509002,37.59115
JVASP-84984,3,C,40.099373,2.509002,37.591152
JVASP-84984,4,C,40.099373,2.509002,37.591152
JVASP-84984,5,C,40.100597,2.509002,37.592377
JVASP-84984,6,C,40.099373,2.509002,37.59115
JVASP-84984,7,C,40.100597,2.509002,37.592377
JVASP-84984,8,C,40.100597,2.509002,37.592377
JVASP-84984,9,C,40.100597,2.509002,37.592377
JVASP-84984,10,C,40.099373,2.509002,37.591152
JVASP-84984,11,C,40.099373,2.509002,37.59115
JVASP-84984,12,C,40.099373,2.509002,37.59115
JVASP-84984,13,C,40.100597,2.509002,37.592377
JVASP-84984,14,C,40.100597,2.509002,37.592377
JVASP-84984,15,C,40.100597,2.509002,37.592377
JVASP-84999,0,C,41.04732,2.3177478,38.72985
JVASP-84999,1,C,41.047733,2.3177478,38.730263
JVASP-84999,2,C,39.150192,2.670811,36.481407
JVASP-84999,3,C,39.150192,2.670811,36.481407
JVASP-25054,0,C,19.8673,2.7633824,22.276285
JVASP-25054,1,C,30.009747,2.81674,30.58331
JVASP-25054,2,C,19.8673,2.7633824,22.276285
JVASP-25054,3,C,30.009747,2.81674,30.58331
JVASP-25054,4,C,19.8673,2.7633824,22.276285
JVASP-25054,5,C,30.009747,2.81674,30.58331
JVASP-25054,6,C,19.8673,2.7633824,22.276285
JVASP-25054,7,C,30.009747,2.81674,30.58331
JVASP-25055,0,C,6.708245,2.6613193,9.323419
JVASP-25055,1,C,6.708245,2.6613193,9.323419
JVASP-25055,2,C,6.708245,2.6613193,9.323862
JVASP-25055,3,C,6.708245,2.6613193,9.323862
JVASP-25055,4,C,6.708245,2.6613193,9.323419
JVASP-25055,5,C,6.708245,2.6613193,9.323419
JVASP-25055,6,C,6.708245,2.6613193,9.323862
JVASP-25055,7,C,6.708245,2.6613193,9.323862
JVASP-25116,0,C,23.152575,2.8386052,23.329163
JVASP-25116,1,C,23.152575,2.8386052,23.343765
JVASP-25116,2,C,23.152575,2.8386052,23.300783
JVASP-25116,3,C,23.152575,2.8386052,23.33003
JVASP-25116,4,C,23.152575,2.8386052,23.329163
JVASP-25116,5,C,23.152575,2.8386052,23.343765
JVASP-25116,6,C,23.152575,2.8386052,23.300783
JVASP-25116,7,C,23.152575,2.8386052,23.33003
JVASP-25152,0,C,40.411682,2.5186613,37.89402
JVASP-25152,1,C,40.411682,2.5186613,37.89402
JVASP-25152,2,C,40.411682,2.5186613,37.89402
JVASP-25152,3,C,40.411682,2.5186613,37.89402
JVASP-25152,4,C,40.411682,2.5186608,37.894024
JVASP-25152,5,C,40.411682,2.5186608,37.894024
JVASP-25182,0,C,4.2408834,2.4971638,1.795483
JVASP-25182,1,C,4.2408834,2.4971638,1.795483
JVASP-25182,2,C,4.2408834,2.4971638,1.795483
JVASP-25182,3,C,4.2408834,2.4971638,1.795483
JVASP-25274,0,C,0.5339887,2.495156,1.9670411
JVASP-25274,1,C,4.2825246,2.5281935,1.802382
JVASP-25274,2,C,0.5339887,2.495156,1.9670411
JVASP-25274,3,C,4.2825246,2.5281935,1.802382
JVASP-25274,4,C,0.5339887,2.495156,1.9670411
JVASP-25274,5,C,4.2825246,2.5281935,1.802382
JVASP-25274,6,C,0.5339887,2.495156,1.9670411
JVASP-25274,7,C,4.2825246,2.5281935,1.802382
JVASP-25411,0,C,0.0,2.0706918,2.0706918
JVASP-29,0,C,0.0,2.5332787,2.5332787
JVASP-29,1,C,0.0,2.5332787,2.5332787
JVASP-29,2,C,0.0,2.5332787,2.5332787
JVASP-29,3,C,0.0,2.5332787,2.5332787
JVASP-29,4,C,0.0,2.5332787,2.5332787
JVASP-29,5,C,0.0,2.5332787,2.5332787
JVASP-29,6,C,0.0,2.5332787,2.5332787
JVASP-29,7,C,0.0,2.5332787,2.5332787
JVASP-30501,0,C,40.498642,1.4899149,39.012146
JVASP-30501,1,C,40.498642,1.4899149,39.012146
JVASP-29885,0,C,40.428013,2.5187933,37.91023
JVASP-29885,1,C,40.428013,2.5187933,37.91023
JVASP-29885,2,C,40.4276,2.5187938,37.909817
JVASP-29885,3,C,40.4276,2.5187936,37.909817
JVASP-29885,4,C,40.4276,2.5187936,37.909817
JVASP-29885,5,C,40.4276,2.5187938,37.909817
JVASP-844,0,C,42.072437,2.8305821,39.24551
JVASP-844,1,C,42.072437,2.8305821,39.24551
JVASP-844,2,C,42.072437,2.8305821,39.24551
JVASP-844,3,C,42.072437,2.8305821,39.24551
JVASP-844,4,C,42.072437,2.8305821,39.24551
JVASP-844,5,C,42.072437,2.8305821,39.24551
JVASP-844,6,C,42.072437,2.8305821,39.24551
JVASP-844,7,C,42.072437,2.8305821,39.24551
JVASP-30499,0,C,41.184494,1.8935257,39.291855
JVASP-30499,1,C,41.184494,1.8935257,39.291855
JVASP-30499,2,C,39.934845,2.1104078,37.82472
JVASP-30499,3,C,39.934845,2.1104078,37.82472
JVASP-49,0,C,43.333515,2.3530009,40.980877
JVASP-49,1,C,43.333923,2.3530009,40.981285
JVASP-49,2,C,40.777878,2.6954503,38.084694
JVASP-49,3,C,40.777473,2.6954503,38.084286
JVASP-14732,0,Ti,22.786787,0.4132917,23.200033
JVASP-14732,1,Ti,22.786787,0.4132917,23.200033
JVASP-14816,0,Ti,0.004472136,0.5311563,0.5312562
JVASP-15716,0,Ti,0.00509902,0.41101325,0.41102698
JVASP-1028,0,Ti,20.011106,0.5031413,19.509476
JVASP-1028,1,Ti,18.242575,0.6169542,17.633572
JVASP-1028,2,Ti,18.242575,0.6169542,17.633572
JVASP-1029,0,Ti,20.059689,0.4954996,19.56558
JVASP-1029,1,Ti,20.699411,0.60446,20.102663
JVASP-1029,2,Ti,20.699411,0.60446,20.102663
JVASP-14815,0,Ti,20.060097,0.4954996,19.565996
JVASP-14815,1,Ti,20.699821,0.60446,20.10306
JVASP-14815,2,Ti,20.699821,0.60446,20.10306
JVASP-84837,0,Ti,19.88006,0.49081203,19.390594
JVASP-84837,1,Ti,21.275043,0.5978803,20.684732
JVASP-84837,2,Ti,21.275043,0.5978803,20.684732
JVASP-84936,0,Ti,20.033968,0.50235975,19.533112
JVASP-84936,1,Ti,18.603874,0.61557335,17.996222
JVASP-84936,2,Ti,18.603874,0.61557335,17.996222
JVASP-1030,0,Ti,20.370365,0.46774015,19.903666
JVASP-1030,1,Ti,28.236494,0.56190616,27.681469
JVASP-1030,2,Ti,28.236494,0.56190616,27.681469
JVASP-25181,0,Ti,22.787603,0.4132919,23.200851
JVASP-25181,1,Ti,22.787603,0.4132919,23.200851
JVASP-25319,0,Ti,0.0,0.41101307,0.41101307
JVASP-25319,1,Ti,0.0,0.41101307,0.41101307
JVASP-25319,2,Ti,0.0,0.41101307,0.41101307
JVASP-25319,3,Ti,0.0,0.41101307,0.41101307
JVASP-25327,0,Ti,0.0,0.5311569,0.5311569
JVASP-25327,1,Ti,0.0,0.5311569,0.5311569
JVASP-30486,0,Mg,1.2728071,0.49362862,1.2614785
JVASP-30486,1,Mg,1.2728071,0.49362954,1.2614788
JVASP-30486,2,Zn,12.039504,1.2795995,12.931284
JVASP-30486,3,Zn,12.039504,1.2795926,12.93128
JVASP-56853,0,Mg,7.5628266,0.450373,7.346929
JVASP-56853,1,Mg,7.5628266,0.450373,7.346929
JVASP-56853,2,Zn,46.52719,1.3110398,46.70843
JVASP-56853,3,Zn,51.11566,1.3699722,51.6214
JVASP-56853,4,Zn,46.52719,1.3110398,46.70843
JVASP-56853,5,Zn,51.11566,1.3699722,51.62294
JVASP-76677,0,Mg,0.44952643,0.48206136,0.05493546
JVASP-76677,1,Mg,2.3805044,0.4565058,1.9272325
JVASP-76677,2,Mg,2.3805044,0.4565058,1.9272325
JVASP-76677,3,Zn,45.016724,1.5703791,46.57724
JVASP-78552,0,Mg,0.0,0.47823617,0.47823617
JVASP-78552,1,Zn,0.0,1.2000451,1.2000451
JVASP-78553,0,Mg,3.2761986,0.42983386,2.8489652
JVASP-78553,1,Zn,43.05468,1.523036,44.567184
JVASP-78558,0,Mg,0.29312226,0.47914472,0.19213873
JVASP-78558,1,Zn,0.40171632,1.1997684,1.599872
JVASP-79184,0,Mg,4.7433643,0.45425576,4.403019
JVASP-79184,1,Mg,4.0827675,0.4527155,4.4228377
JVASP-79184,2,Mg,2.2520995,0.4514523,2.664116
JVASP-79184,3,Zn,21.695866,1.4114419,22.561197
JVASP-79221,0,Mg,1.3741674,0.44915527,0.9289134
JVASP-79221,1,Mg,1.3741674,0.44915527,0.9289134
JVASP-79221,2,Zn,43.01304,1.6911151,44.695152
JVASP-79221,3,Zn,43.01304,1.6911151,44.695152
JVASP-79752,0,Mg,1.9289744,0.4100603,1.5212173
JVASP-79752,1,Zn,37.41963,1.6005974,39.010204
JVASP-79752,2,Zn,37.292255,1.6063497,38.888573
JVASP-79752,3,Zn,37.292255,1.6063497,38.888573
JVASP-80528,0,Mg,4.6171007,0.42476234,5.0221086
JVASP-80528,1,Mg,4.6171007,0.42476234,5.0221086
JVASP-80528,2,Zn,38.193253,1.5047137,37.884243
JVASP-80528,3,Zn,38.193253,1.5047137,37.884243
JVASP-80742,0,Mg,0.44951752,0.4820615,0.06141431
JVASP-80742,1,Mg,2.3809106,0.45650622,1.9278452
JVASP-80742,2,Mg,2.3809106,0.45650622,1.9278452
JVASP-80742,3,Zn,45.016724,1.5703801,46.57726
JVASP-25263,0,Li,0.4996959,0.17307457,0.5384103
JVASP-25263,1,Li,0.4996959,0.17307457,0.5104145
JVASP-25263,2,Li,0.4996959,0.17307457,0.516332
JVASP-25263,3,Li,0.4996959,0.17307457,0.54917747
JVASP-15907,0,Li,0.040472213,0.33759493,0.3777358
JVASP-15907,1,Li,0.040472213,0.33759493,0.3777358
JVASP-25185,0,Li,0.00244949,0.3373401,0.3384623
JVASP-21196,0,Li,0.0064807413,0.37397474,0.3755696
JVASP-78522,0,Li,0.68953466,0.35034487,1.0359474
JVASP-78522,1,Li,0.1445199,0.31680146,0.17675282
JVASP-78522,2,Li,0.1445199,0.31680146,0.17675282
JVASP-84885,0,Li,0.008286535,0.34682313,0.3390237
JVASP-84885,1,Li,0.008286535,0.34682313,0.3390237
JVASP-84885,2,Li,0.017378148,0.34682733,0.33045137
JVASP-84885,3,Li,0.008286535,0.3468245,0.33902508
JVASP-84885,4,Li,0.008831761,0.34682313,0.33874017
JVASP-84885,5,Li,0.017204652,0.34682733,0.33020887
JVASP-84885,6,Li,0.008831761,0.34682313,0.33874017
JVASP-84885,7,Li,0.008286535,0.3468245,0.33902508
JVASP-84885,8,Li,0.017204652,0.34682733,0.33020887
JVASP-85002,0,Li,0.01,0.34371832,0.35326982
JVASP-85002,1,Li,0.01,0.34371832,0.35326982
JVASP-85002,2,Li,0.0034641018,0.34373918,0.34122756
JVASP-25065,0,Li,0.040472213,0.33759508,0.37773597
JVASP-25065,1,Li,0.040472213,0.33759508,0.37773597
JVASP-25117,0,Li,0.015937379,0.33836326,0.35414797
JVASP-25117,1,Li,0.015937379,0.33836326,0.35414797
JVASP-25117,2,Li,0.0050990195,0.3383786,0.3434192
JVASP-25117,3,Li,0.015937379,0.33836326,0.35414797
JVASP-25117,4,Li,0.015937379,0.33836326,0.35414797
JVASP-25117,5,Li,0.0037416576,0.3383786,0.34210387
JVASP-25117,6,Li,0.015937379,0.3383646,0.35414925
JVASP-25117,7,Li,0.015937379,0.3383646,0.35414925
JVASP-25117,8,Li,0.0037416576,0.3383786,0.34210387
JVASP-913,0,Li,0.0,0.37397495,0.37397495
JVASP-913,1,Li,0.0,0.37397495,0.37397495
JVASP-25393,0,Li,0.014764823,0.33826464,0.35294977
JVASP-25393,1,Li,0.018384777,0.33826464,0.35646275
JVASP-25393,2,Li,0.014764823,0.33826464,0.35294977
JVASP-25393,3,Li,0.018384777,0.33826464,0.35646275
JVASP-25163,0,Sm,0.26622295,0.18268225,0.3809012
JVASP-25359,0,Sm,30.932219,0.18233885,30.760155
JVASP-25359,1,Sm,33.8683,0.18315877,33.695477
JVASP-25359,2,Sm,33.8683,0.18315877,33.695477
JVASP-14811,0,Sm,28.175255,0.18270348,27.994234
JVASP-14811,1,Sm,28.175255,0.18270348,27.994234
JVASP-1005,0,Sm,21.826586,0.18246973,21.645777
JVASP-1005,1,Sm,21.826586,0.18246973,21.645777
JVASP-1005,2,Sm,18.199709,0.18246973,18.0189
JVASP-1005,3,Sm,18.199709,0.18246973,18.0189
JVASP-14812,0,Sm,21.829445,0.18246956,21.648632
JVASP-14812,1,Sm,21.829445,0.18246956,21.648632
JVASP-14812,2,Sm,18.20216,0.18246956,18.021347
JVASP-14812,3,Sm,18.20216,0.18246956,18.021347
JVASP-8176,0,Sm,31.019114,0.1823388,30.838455
JVASP-8176,1,Sm,34.10792,0.18315938,33.926437
JVASP-8176,2,Sm,34.10792,0.18315938,33.926437
JVASP-8176,3,Sm,31.019114,0.18233974,30.838455
JVASP-8176,4,Sm,34.10792,0.18315801,33.926437
JVASP-8176,5,Sm,34.10792,0.18315938,33.926437
JVASP-8176,6,Sm,31.019114,0.18233974,30.838455
JVASP-8176,7,Sm,34.10792,0.18315938,33.926437
JVASP-8176,8,Sm,34.10792,0.18315801,33.926437
JVASP-84872,0,Sm,22.58756,0.18225817,22.406952
JVASP-84872,1,Sm,22.58756,0.18225817,22.406952
JVASP-84872,2,Sm,18.634493,0.18225817,18.453888
JVASP-84872,3,Sm,18.634493,0.18225817,18.453888
JVASP-84971,0,Sm,19.305655,0.1837106,19.123669
JVASP-84971,1,Sm,19.305655,0.1837106,19.123669
JVASP-84971,2,Sm,16.870861,0.1837106,16.688879
JVASP-84971,3,Sm,16.870861,0.1837106,16.688879
JVASP-1004,0,Sm,18.720226,0.18397777,18.53798
JVASP-1004,1,Sm,18.720226,0.18397777,18.53798
JVASP-1004,2,Sm,16.429953,0.18397777,16.247707
JVASP-1004,3,Sm,16.429953,0.18397777,16.247707
JVASP-25317,0,Sm,28.175255,0.18270348,27.994234
JVASP-25317,1,Sm,28.175255,0.18270348,27.994234
JVASP-16079,0,Cr,0.0060000005,0.41410798,0.4119075
JVASP-14625,0,Cr,0.0,0.4287269,0.4287269
JVASP-14625,1,Cr,0.0,0.4287269,0.4287269
JVASP-14625,2,Cr,8.587912,0.13783504,8.541689
JVASP-14625,3,Cr,8.587912,0.13783504,8.541689
JVASP-14625,4,Cr,8.587911,0.13783504,8.723661
JVASP-14625,5,Cr,8.587911,0.13783504,8.723661
JVASP-14625,6,Cr,8.587912,0.13783504,8.500054
JVASP-14625,7,Cr,8.587912,0.13783504,8.500054
JVASP-14827,0,Cr,10.269489,0.38094166,10.646257
JVASP-14827,1,Cr,10.269489,0.38094166,10.646257
JVASP-25361,0,Cr,10.269487,0.38094097,10.64624
JVASP-25361,1,Cr,10.269487,0.38094097,10.64624
JVASP-78338,0,Cr,0.0,0.20763685,0.20763685
JVASP-78338,1,Cr,0.0,0.20763685,0.20763685
JVASP-78428,0,Cr,43.653168,0.23614664,43.505013
JVASP-78428,1,Cr,43.653168,0.23614664,43.505013
JVASP-78428,2,Cr,43.653168,0.23614664,43.505013
JVASP-78428,3,Cr,43.653168,0.23614664,43.505013
JVASP-861,0,Cr,0.0,0.2076309,0.2076309
JVASP-861,1,Cr,0.0,0.2076309,0.2076309
JVASP-25153,0,Cr,0.0,0.4287269,0.4287269
JVASP-25153,1,Cr,0.0,0.4287269,0.4287269
JVASP-25153,2,Cr,8.587912,0.13783504,8.541689
JVASP-25153,3,Cr,8.587912,0.13783504,8.541689
JVASP-25153,4,Cr,8.587911,0.13783504,8.723661
JVASP-25153,5,Cr,8.587911,0.13783504,8.723661
JVASP-25153,6,Cr,8.587912,0.13783504,8.500054
JVASP-25153,7,Cr,8.587912,0.13783504,8.500054
JVASP-25343,0,Cr,0.0,0.41410822,0.41410822
JVASP-25343,1,Cr,0.0,0.41410822,0.41410822
JVASP-25343,2,Cr,0.0,0.41410822,0.41410822
JVASP-25343,3,Cr,0.0,0.41410822,0.41410822
JVASP-17835,0,Fe,34.983593,0.48079738,34.984272
JVASP-17835,1,Fe,34.983593,0.48079738,34.984272
JVASP-17835,2,Fe,34.983593,0.48079738,34.98564
JVASP-17835,3,Fe,34.983593,0.48079738,34.98564
JVASP-17835,4,B,2.647158,2.087147,0.7800433
JVASP-17835,5,B,2.647158,2.087147,0.7800433
JVASP-17835,6,B,2.647158,2.087147,0.78356797
JVASP-17835,7,B,2.647158,2.087147,0.78356797
JVASP-36150,0,Fe,39.384876,0.39443165,39.297127
JVASP-36150,1,Fe,39.384876,0.39443165,39.297127
JVASP-36150,2,B,1.8981165,1.9135878,3.4230847
JVASP-36150,3,B,1.8981165,1.9135878,3.4230847
JVASP-20238,0,B,13.411846,1.6172938,13.656303
JVASP-20238,1,B,13.411846,1.6172938,13.656303
JVASP-20238,2,Fe,19.152386,0.23347507,19.300596
JVASP-20238,3,Fe,19.151247,0.23347507,18.995285
JVASP-20238,4,Fe,19.152386,0.23347507,19.300596
JVASP-20238,5,Fe,19.151247,0.23347507,18.995285
JVASP-20507,0,B,13.411846,1.6172938,13.656303
JVASP-20507,1,B,13.411846,1.6172938,13.656303
JVASP-20507,2,Fe,19.152386,0.23347507,19.300596
JVASP-20507,3,Fe,19.151247,0.23347507,18.995285
JVASP-20507,4,Fe,19.152386,0.23347507,19.300596
JVASP-20507,5,Fe,19.151247,0.23347507,18.995285
JVASP-56195,0,Fe,51.322933,0.3966658,50.938747
JVASP-56195,1,B,13.018222,1.9993958,11.024935
JVASP-56195,2,B,13.018222,1.9993958,11.024935
JVASP-63698,0,B,10.772856,0.34753376,10.434133
JVASP-63698,1,B,10.772856,0.3474889,10.434178
JVASP-63698,2,Fe,60.091423,0.05492894,60.099422
JVASP-63698,3,Fe,60.091423,0.05492894,60.099422
JVASP-63698,4,Fe,60.08578,0.05492894,60.08114
JVASP-63698,5,Fe,60.08578,0.05492894,60.08114
JVASP-86154,0,Fe,61.0756,0.054811567,61.122864
JVASP-86154,1,Fe,61.0756,0.054811567,61.031685
JVASP-86154,2,B,10.833276,0.34739852,10.494694
JVASP-86756,0,Fe,61.0756,0.054811567,61.122864
JVASP-86756,1,Fe,61.0756,0.054811567,61.031685
JVASP-86756,2,B,10.833276,0.34739852,10.494694
JVASP-25392,0,Kr,0.11881077,6.08664,5.9700947
JVASP-25392,1,Kr,0.121260054,6.08664,5.9676957
JVASP-25392,2,Kr,0.11881077,6.08664,5.9700947
JVASP-25392,3,Kr,0.121260054,6.08664,5.9676957
JVASP-25382,0,Kr,0.0,3.951979,3.951979
JVASP-84820,0,Kr,0.00489898,0.33407038,0.3368846
JVASP-84820,1,Kr,0.005715476,0.33407038,0.33735827
JVASP-84868,0,Kr,0.0,0.33407038,0.33407038
JVASP-84868,1,Kr,0.0,0.33407038,0.33407038
JVASP-84868,2,Kr,0.0,0.33407038,0.33407038
JVASP-84868,3,Kr,0.0,0.33407038,0.33407038
JVASP-84919,0,Kr,0.05021952,0.33407038,0.36553335
JVASP-84919,1,Kr,0.05021952,0.33407038,0.36553335
JVASP-25213,0,Kr,0.017204652,6.0926843,6.109213
JVASP-25213,1,Kr,0.017204652,6.0926843,6.109213
JVASP-907,0,Kr,0.0,6.091689,6.091689
JVASP-907,1,Kr,0.0,6.091689,6.091689
JVASP-907,2,Kr,0.0,6.091689,6.091689
JVASP-907,3,Kr,0.0,6.091689,6.091689
JVASP-25391,0,Kr,0.060016666,6.0861273,6.1451015
JVASP-25391,1,Kr,0.014696939,6.0869856,6.101392
JVASP-25391,2,Kr,0.014696939,6.0869994,6.1014056
JVASP-25391,3,Kr,0.060016666,6.0861354,6.1451097
JVASP-25391,4,Kr,0.014696939,6.0869994,6.1014056
JVASP-25391,5,Kr,0.014696939,6.0869856,6.101392
JVASP-25391,6,Kr,0.060016666,6.0861354,6.1451097
JVASP-25391,7,Kr,0.014696939,6.0869994,6.1014056
JVASP-25391,8,Kr,0.014696939,6.0869994,6.1014056
JVASP-16065,0,Ag,0.9475446,1.1695702,0.22506061
JVASP-16065,1,Ag,0.9475446,1.1695702,0.22506061
JVASP-16065,2,Ag,3.3006876,1.1695702,2.1321938
JVASP-16065,3,Ag,3.3006876,1.1695702,2.1321938
JVASP-25121,0,Ag,1.0324602,1.1715841,0.14418946
JVASP-25121,1,Ag,1.0324602,1.1715841,0.14418946
JVASP-16261,0,Ag,1.031239,1.1715839,0.14446111
JVASP-16261,1,Ag,1.0316457,1.1715839,0.14424138
JVASP-812,0,Ag,0.0,1.1644696,1.1644696
JVASP-812,1,Ag,0.0,1.1644696,1.1644696
JVASP-812,2,Ag,0.0,1.1644696,1.1644696
JVASP-812,3,Ag,0.0,1.1644696,1.1644696
JVASP-814,0,Ag,0.0,1.1836851,1.1836851
JVASP-814,1,Ag,0.0,1.1836851,1.1836851
JVASP-814,2,Ag,0.0,1.1836851,1.1836851
JVASP-814,3,Ag,0.0,1.1836851,1.1836851
JVASP-25401,0,Ag,1.6705526,1.1709756,2.8411093
JVASP-25401,1,Ag,0.38212302,1.1715163,1.5534374
JVASP-25401,2,Ag,0.38212302,1.1715163,1.5534374
JVASP-25401,3,Ag,1.6705526,1.1709776,2.8411117
JVASP-25401,4,Ag,0.38212302,1.1715163,1.5534374
JVASP-25401,5,Ag,0.38212302,1.1715163,1.5534374
JVASP-25401,6,Ag,1.6705526,1.1709776,2.8411117
JVASP-25401,7,Ag,0.38212302,1.1715157,1.5534366
JVASP-25401,8,Ag,0.38212302,1.1715157,1.5534366
JVASP-25341,0,Ag,0.94672805,1.1695696,0.22562088
JVASP-25341,1,Ag,0.94672805,1.1695696,0.22562088
JVASP-25341,2,Ag,3.3006876,1.1695696,2.1321688
JVASP-25341,3,Ag,3.3006876,1.1695696,2.1321688
JVASP-17670,0,B,13.861404,1.6585019,14.127808
JVASP-17670,1,B,13.861404,1.6585019,14.127808
JVASP-17670,2,Mn,23.808672,0.08633742,23.815947
JVASP-17670,3,Mn,23.811655,0.086334966,23.787971
JVASP-17670,4,Mn,23.811655,0.086334966,23.787971
JVASP-17670,5,Mn,23.808672,0.08633742,23.815947
JVASP-16044,0,Mn,14.27878,0.41691777,13.928287
JVASP-16044,1,Mn,14.27878,0.41691777,13.928287
JVASP-16044,2,Mn,14.27878,0.41691777,13.92995
JVASP-16044,3,Mn,14.27878,0.41691777,13.92995
JVASP-16044,4,B,2.3140879,1.8686153,1.3913127
JVASP-16044,5,B,2.3140879,1.8686153,1.3913127
JVASP-16044,6,B,2.3140879,1.8686153,1.4056848
JVASP-16044,7,B,2.3140879,1.8686153,1.4056848
JVASP-14798,0,Mn,25.022762,0.4039914,24.635109
JVASP-14798,1,B,12.22622,2.0214753,10.21091
JVASP-14798,2,B,12.22622,2.0214753,10.21091
JVASP-19590,0,B,17.369001,2.0894957,18.425705
JVASP-19590,1,B,17.368526,2.0894957,16.9107
JVASP-19590,2,B,17.369001,2.0894957,18.425705
JVASP-19590,3,B,17.368526,2.0894957,16.9107
JVASP-19590,4,Mn,46.351578,0.44494227,46.547775
JVASP-15887,0,B,7.3675556,2.0823414,9.195117
JVASP-15887,1,B,7.3675556,2.0823414,9.195117
JVASP-15887,2,B,6.1210504,2.0554268,5.477578
JVASP-15887,3,B,6.1210504,2.0554268,5.477578
JVASP-15887,4,Mn,13.734032,0.38162294,14.062817
JVASP-15887,5,Mn,13.734032,0.38162294,14.062817
JVASP-15887,6,Mn,11.022668,0.25919437,10.955095
JVASP-78264,0,Mn,25.025211,0.40398848,24.637592
JVASP-78264,1,B,12.226628,2.021485,10.211316
JVASP-78264,2,B,12.226628,2.021485,10.211316
JVASP-14824,0,In,26.20327,0.29435185,26.212416
JVASP-78323,0,In,36.188763,0.29766083,36.14612
JVASP-78323,1,In,36.188763,0.29766083,36.14612
JVASP-84779,0,In,14.95087,0.3052908,14.804099
JVASP-84779,1,In,14.95087,0.3052908,14.804099
JVASP-84890,0,In,13.61753,0.28917703,13.548388
JVASP-84890,1,In,13.61753,0.28917703,13.548388
JVASP-898,0,In,26.588394,0.29431948,26.519224
JVASP-898,1,In,26.588394,0.29431948,26.519224
JVASP-25375,0,In,0.6564648,0.2934877,0.828022
JVASP-25375,1,In,0.6564648,0.2934877,0.828022
JVASP-5173,0,Pb,20.285448,1.1075771,19.388674
JVASP-5173,1,I,14.438108,2.5211596,16.795124
JVASP-5173,2,I,14.438108,2.5211596,16.795124
JVASP-29322,0,Pb,20.27253,1.1077712,19.41241
JVASP-29322,1,Pb,20.193819,1.1077671,19.333742
JVASP-29322,2,I,17.167875,2.5206928,19.405964
JVASP-29322,3,I,17.167875,2.5206928,19.405964
JVASP-29322,4,I,18.866098,2.520685,21.100998
JVASP-29322,5,I,18.866098,2.520685,21.100998
JVASP-29527,0,Pb,20.412823,1.1076694,19.516014
JVASP-29527,1,Pb,20.099289,1.107675,19.202587
JVASP-29527,2,Pb,20.034378,1.1075842,19.137896
JVASP-29527,3,I,18.154394,2.5207064,20.506044
JVASP-29527,4,I,15.871469,2.5213134,18.226576
JVASP-29527,5,I,15.692656,2.520641,18.047342
JVASP-29527,6,I,16.084574,2.520601,18.438671
JVASP-29527,7,I,15.344012,2.5209901,17.699558
JVASP-29527,8,I,18.249107,2.5210314,20.60098
JVASP-29539,0,Pb,20.214006,1.1076914,19.317158
JVASP-29539,1,Pb,20.214006,1.1076914,19.317158
JVASP-29539,2,I,16.73124,2.5206227,19.08443
JVASP-29539,3,I,19.237068,2.5209649,21.587776
JVASP-29539,4,I,19.237068,2.5209649,21.587776
JVASP-29539,5,I,16.73124,2.5206227,19.08443
JVASP-29586,0,Pb,18.582167,1.1077027,17.72347
JVASP-29586,1,Pb,18.582167,1.1077027,17.72347
JVASP-29586,2,I,16.260284,2.520833,18.500385
JVASP-29586,3,I,16.260284,2.520833,18.500385
JVASP-29586,4,I,18.87197,2.5208583,21.10701
JVASP-29586,5,I,18.87197,2.5208583,21.10701
JVASP-161,0,I,19.992474,2.5204716,21.907717
JVASP-161,1,I,19.992474,2.5204716,21.907717
JVASP-161,2,Pb,16.9952,1.1078588,16.244751
JVASP-15944,0,Ni,3.0190258,0.57426125,3.5930912
JVASP-15944,1,Ni,3.0190258,0.57426125,3.5930912
JVASP-78336,0,Ni,0.0,0.57315075,0.57315075
JVASP-78336,1,Ni,0.0,0.57315075,0.57315075
JVASP-78336,2,Ni,0.0,0.57315075,0.57315075
JVASP-78336,3,Ni,0.0,0.57315075,0.57315075
JVASP-942,0,Ni,0.03622154,0.5719998,0.57900447
JVASP-25058,0,Ni,0.0,0.31818074,0.31818074
JVASP-25058,1,Ni,0.0,0.31818074,0.31818074
JVASP-25070,0,Ni,3.0190258,0.57426125,3.5930912
JVASP-25070,1,Ni,3.0190258,0.57426125,3.5930912
JVASP-944,0,Ni,0.0,0.59216386,0.59216386
JVASP-944,1,Ni,0.0,0.59216386,0.59216386
JVASP-944,2,Ni,0.0,0.59216386,0.59216386
JVASP-944,3,Ni,0.0,0.59216386,0.59216386
JVASP-14857,0,Cu,31.753607,1.383017,32.851906
JVASP-14857,1,Zr,3.4628959,0.081283554,3.4054332
JVASP-14857,2,Zr,3.4628959,0.081283554,3.4054332
JVASP-20625,0,Zr,0.0,0.013210886,0.013210886
JVASP-20625,1,Cu,0.0,1.272568,1.272568
JVASP-55158,0,Zr,34.807262,0.015612545,34.817005
JVASP-55158,1,Zr,34.807262,0.015612545,34.792805
JVASP-55158,2,Zr,34.91258,0.015612545,34.917297
JVASP-55158,3,Cu,0.017146429,1.36962,1.3526317
JVASP-78780,0,Zr,0.0,0.013350786,0.013350786
JVASP-78780,1,Cu,0.0,1.2723218,1.2723218
JVASP-79629,0,Zr,23.440737,0.062096078,23.408382
JVASP-79629,1,Zr,23.440737,0.062096078,23.408382
JVASP-79629,2,Cu,52.043922,1.9165018,52.887405
JVASP-79629,3,Cu,52.043922,1.9165018,52.887405
JVASP-11949,0,Mg,0.0,0.3566911,0.3566911
JVASP-11949,1,Ni,0.0,1.0364863,1.0364863
JVASP-35775,0,Mg,3.6301436,0.35629526,3.276004
JVASP-35775,1,Ni,3.93633,1.0400177,4.9705825
JVASP-11989,0,Mg,34.886833,0.32543057,34.999123
JVASP-11989,1,Mg,2.1036925,0.38922378,2.2611644
JVASP-11989,2,Mg,2.1027434,0.38922387,2.2599537
JVASP-11989,3,Ni,42.453033,1.4129164,42.237015
JVASP-11989,4,Ni,42.46175,1.4127673,43.675457
JVASP-11989,5,Ni,42.437847,1.4129156,42.138443
JVASP-78473,0,Mg,7.93553,0.33838364,7.6009192
JVASP-78473,1,Mg,7.93553,0.33838364,7.6009192
JVASP-78473,2,Ni,0.24658197,0.73810977,0.98468465
JVASP-78473,3,Ni,0.24658197,0.73810977,0.98468465
JVASP-78473,4,Ni,0.24658197,0.73810977,0.98468465
JVASP-78473,5,Ni,0.24658197,0.73810977,0.98468465
JVASP-79172,0,Mg,3.2383947,0.3982921,3.635301
JVASP-79172,1,Mg,3.2438262,0.39828897,3.067328
JVASP-79172,2,Mg,3.3305445,0.39828864,3.1513746
JVASP-79172,3,Ni,0.6335787,1.1142378,1.617426
JVASP-25161,0,Pb,19.507738,1.1162332,20.427568
JVASP-25161,1,Pb,19.507738,1.1162332,20.427568
JVASP-17815,0,Pb,19.505287,1.1162301,20.42498
JVASP-17815,1,Pb,19.505287,1.1162301,20.42498
JVASP-78365,0,Pb,26.654123,1.1087985,27.55307
JVASP-78365,1,Pb,26.654123,1.1087985,27.55307
JVASP-78365,2,Pb,26.654123,1.1087992,27.553072
JVASP-78365,3,Pb,26.653305,1.1087976,27.552254
JVASP-78365,4,Pb,26.653305,1.1087976,27.552254
JVASP-78365,5,Pb,26.654123,1.1087992,27.553072
JVASP-962,0,Pb,0.0,1.165609,1.165609
JVASP-962,1,Pb,0.0,1.165609,1.165609
JVASP-962,2,Pb,0.0,1.165609,1.165609
JVASP-962,3,Pb,0.0,1.165609,1.165609
JVASP-25166,0,Pb,0.0,1.0288957,1.0288957
JVASP-25166,1,Pb,0.0,1.0288957,1.0288957
JVASP-17954,0,Ca,1.2369931,0.56375074,0.6840369
JVASP-17954,1,Ca,1.2369931,0.56375074,0.6840369
JVASP-17954,2,In,53.04615,0.36599112,53.18979
JVASP-17954,3,In,53.04615,0.36599112,53.18979
JVASP-17954,4,In,53.04615,0.36599112,53.18979
JVASP-17954,5,In,53.04615,0.36599112,53.18979
JVASP-17994,0,Ca,0.016062379,0.5773266,0.5791276
JVASP-17994,1,In,0.33269608,0.40273467,0.5825441
JVASP-17651,0,Ca,0.0,0.57665384,0.57665384
JVASP-17651,1,In,0.0,0.40152162,0.40152162
JVASP-55193,0,Ca,52.455414,0.3788097,52.834198
JVASP-55193,1,Ca,52.455414,0.3788097,52.834198
JVASP-55193,2,In,61.198868,0.2445348,61.16622
JVASP-55193,3,In,61.198868,0.2445348,61.16622
JVASP-55193,4,In,61.198868,0.2445348,61.16622
JVASP-55193,5,In,61.198868,0.2445348,61.16622
JVASP-14547,0,Li,0.0,0.2780935,0.2780935
JVASP-14547,1,Ag,0.0,0.8592359,0.8592359
JVASP-38577,0,Li,0.22616956,0.3099213,0.09829755
JVASP-38577,1,Li,0.22616956,0.3099213,0.09829755
JVASP-38577,2,Li,0.8205791,0.3099213,1.1262431
JVASP-38577,3,Li,0.22616956,0.3099213,0.09829755
JVASP-38577,4,Li,0.22616956,0.3099213,0.09829755
JVASP-38577,5,Li,0.8205791,0.3099213,1.1262431
JVASP-38577,6,Ag,13.498322,0.84210074,14.338634
JVASP-38577,7,Ag,13.498322,0.84210074,14.338634
JVASP-41991,0,Li,0.0032659862,0.28864405,0.28542668
JVASP-41991,1,Li,0.0032659862,0.28864405,0.28542668
JVASP-41991,2,Ag,33.14813,1.1783559,31.970572
JVASP-41991,3,Ag,33.14813,1.1783559,31.970572
JVASP-41991,4,Ag,60.60364,1.1783559,61.781242
JVASP-41991,5,Ag,33.14813,1.1783559,31.970572
JVASP-41991,6,Ag,33.14813,1.1783559,31.970572
JVASP-41991,7,Ag,60.60364,1.1783559,61.781242
JVASP-79464,0,Li,0.48581547,0.31455973,0.79645723
JVASP-79464,1,Li,0.48581547,0.31455973,0.79645723
JVASP-79464,2,Li,0.48581547,0.31455973,0.79645723
JVASP-79464,3,Li,0.48581547,0.31455973,0.79645723
JVASP-79464,4,Ag,47.12736,0.3834857,47.47976
JVASP-79464,5,Ag,47.12736,0.3834857,47.47976
JVASP-79464,6,Ag,47.12736,0.3834857,47.47976
JVASP-79464,7,Ag,47.12736,0.3834857,47.47976
JVASP-38583,0,Nd,7.5183005,0.0705718,7.585076
JVASP-38583,1,Nd,7.5183005,0.0705718,7.585076
JVASP-38583,2,Nd,35.33144,0.0705718,35.264706
JVASP-38583,3,Nd,7.5183005,0.0705718,7.585076
JVASP-38583,4,Nd,7.5183005,0.0705718,7.585076
JVASP-38583,5,Nd,35.33144,0.0705718,35.264706
JVASP-38583,6,Ho,7.7550845,0.8276924,8.582155
JVASP-38583,7,Ho,7.7550845,0.8276924,8.582155
JVASP-38585,0,Nd,21.948244,0.07090554,21.881128
JVASP-38585,1,Nd,21.948244,0.07090554,21.968746
JVASP-38585,2,Nd,21.948244,0.07090554,21.995035
JVASP-38585,3,Ho,0.0,0.8268082,0.8268082
JVASP-38915,0,Nd,0.0,0.080594994,0.080594994
JVASP-38915,1,Ho,5.959609,0.8158211,6.7747316
JVASP-38915,2,Ho,5.959609,0.8158211,5.6159906
JVASP-38915,3,Ho,5.959609,0.8158211,5.577738
JVASP-39313,0,Nd,50.23046,0.07304539,50.160988
JVASP-39313,1,Nd,50.23046,0.07304539,50.160988
JVASP-39313,2,Ho,62.036983,0.8429782,61.28245
JVASP-39313,3,Ho,62.036983,0.8429782,61.28245
JVASP-39313,4,Ho,62.03664,0.8429783,61.27891
JVASP-39313,5,Ho,62.03664,0.8429783,61.26019
JVASP-39313,6,Ho,62.03664,0.8429783,61.27891
JVASP-39313,7,Ho,62.03664,0.8429783,61.26019
JVASP-36039,0,Pt,0.0,0.67924595,0.67924595
JVASP-36039,1,C,0.0,0.9616879,0.9616879
JVASP-35796,0,Pt,0.0,0.70783913,0.70783913
JVASP-35796,1,C,0.0,1.4628122,1.4628122
JVASP-35797,0,Pt,0.0,0.7475315,0.7475315
JVASP-35797,1,C,0.0,1.1829003,1.1829003
JVASP-36368,0,Pt,49.934074,1.0177332,50.907234
JVASP-36368,1,C,9.006774,0.6417292,9.641719
JVASP-18594,0,Ag,31.040932,0.76749104,31.533705
JVASP-18594,1,Ag,31.040932,0.76749104,31.533705
JVASP-18594,2,Tb,0.7515371,0.39169696,0.577091
JVASP-20646,0,Tb,0.0,0.3904823,0.3904823
JVASP-20646,1,Ag,0.0,0.7286012,0.7286012
JVASP-37523,0,Tb,48.136555,0.5289066,47.609303
JVASP-37523,1,Tb,48.136555,0.5289066,47.609303
JVASP-37523,2,Ag,12.312768,1.1769723,13.489552
JVASP-37523,3,Ag,12.312768,1.1769723,13.489552
JVASP-37523,4,Ag,41.917305,1.1769723,43.09407
JVASP-37523,5,Ag,12.312768,1.1769723,13.489552
JVASP-37523,6,Ag,12.312768,1.1769723,13.489552
JVASP-37523,7,Ag,41.917305,1.1769723,43.09407
JVASP-20744,0,Tb,0.0,0.3904823,0.3904823
JVASP-20744,1,Ag,0.0,0.7286012,0.7286012
JVASP-55129,0,Na,17.651562,0.19845746,17.804962
JVASP-55129,1,Nb,44.9485,0.36586958,45.25576
JVASP-55129,2,O,2.371737,0.77371174,1.8076388
JVASP-55129,3,O,2.371737,0.77371174,1.8076388
JVASP-8033,0,Na,0.0,0.05677366,0.05677366
JVASP-8033,1,Nb,0.0,0.07079493,0.07079493
JVASP-8033,2,O,9.122716,1.5970145,9.928927
JVASP-8033,3,O,9.122716,1.5970145,10.101087
JVASP-8033,4,O,9.122716,1.5970145,7.5304494
JVASP-9598,0,Na,15.366759,0.14534226,15.480991
JVASP-9598,1,Na,15.366759,0.14534226,15.447705
JVASP-9598,2,Nb,2.482966,0.27515948,2.2097883
JVASP-9598,3,Nb,2.482966,0.27515948,2.2097883
JVASP-9598,4,O,12.4334135,1.4520248,13.001408
JVASP-9598,5,O,12.4334135,1.4520248,12.966151
JVASP-9598,6,O,12.4334135,1.4520248,12.966151
JVASP-9598,7,O,12.4334135,1.4520248,13.001408
JVASP-9598,8,O,10.588327,1.3801361,9.22921
JVASP-9598,9,O,10.588327,1.3801361,9.22921
JVASP-9604,0,O,22.638266,1.6142867,21.850502
JVASP-9604,1,O,22.638908,1.6142868,23.172527
JVASP-9604,2,O,22.638475,1.6142862,22.190954
JVASP-9604,3,O,22.638365,1.6142868,23.077751
JVASP-9604,4,O,22.63902,1.6142867,22.27689
JVASP-9604,5,O,22.637865,1.6142862,21.862946
JVASP-9604,6,Na,9.60939,0.20933607,9.520119
JVASP-9604,7,Na,9.60939,0.20933607,9.520119
JVASP-9604,8,Nb,36.968872,0.21649535,36.851192
JVASP-9604,9,Nb,36.968872,0.21649535,36.851192
JVASP-1870,0,Li,0.60005,0.2783194,0.4228958
JVASP-1870,1,O,4.7985163,1.2469484,5.8834624
JVASP-1870,2,O,4.7985163,1.2469484,5.8834624
JVASP-1870,3,V,3.6725447,0.3438848,3.3938081
JVASP-43067,0,Li,0.34417146,0.40156862,0.16593859
JVASP-43067,1,Li,0.34417146,0.40156862,0.16593859
JVASP-43067,2,V,6.030644,0.40111893,5.6416197
JVASP-43067,3,O,3.5958521,1.7028643,5.2982817
JVASP-43067,4,O,3.5958521,1.7028643,5.2982817
JVASP-43461,0,Li,0.4453725,0.308312,0.34715316
JVASP-43461,1,V,7.971526,0.30330512,8.09821
JVASP-43461,2,V,39.962418,0.30600002,40.00321
JVASP-43461,3,V,39.962467,0.30599466,40.033905
JVASP-43461,4,O,18.61137,1.1468563,18.760206
JVASP-43461,5,O,31.098059,1.2180427,31.007034
JVASP-43461,6,O,18.61137,1.1468563,18.760206
JVASP-43461,7,O,31.098059,1.2180427,31.007034
JVASP-78960,0,Li,0.5919685,0.278296,0.3491
JVASP-78960,1,V,3.688932,0.34388033,3.3506012
JVASP-78960,2,O,4.807532,1.2469141,6.0465274
JVASP-78960,3,O,4.807532,1.2469141,6.0465274
JVASP-36428,0,Zr,0.0,0.056947112,0.056947112
JVASP-36428,1,C,0.0,0.3791657,0.3791657
JVASP-15060,0,C,0.0,0.41569036,0.41569036
JVASP-15060,1,Zr,0.008,0.20561647,0.20791148
JVASP-36426,0,Zr,0.0,0.16904715,0.16904715
JVASP-36426,1,C,0.0,0.22256148,0.22256148
JVASP-36542,0,Zr,15.080284,0.20546441,15.285076
JVASP-36542,1,Zr,15.080284,0.20546441,15.285076
JVASP-36542,2,C,35.735603,0.33395058,35.420498
JVASP-36542,3,C,35.735603,0.33395058,35.420498
JVASP-14960,0,V,33.577606,0.3151833,33.413933
JVASP-14960,1,V,33.577606,0.3151833,33.413933
JVASP-14960,2,V,33.577606,0.3151833,33.892647
JVASP-14960,3,V,33.577606,0.3151833,33.892647
JVASP-14960,4,V,33.577606,0.3151833,33.428467
JVASP-14960,5,V,33.577606,0.3151833,33.428467
JVASP-14960,6,Si,0.0,0.23823191,0.23823191
JVASP-14960,7,Si,0.0,0.23823191,0.23823191
JVASP-54901,0,V,19.955175,0.503777,19.458569
JVASP-54901,1,V,19.955175,0.503777,20.137033
JVASP-54901,2,V,19.955175,0.503777,20.279364
JVASP-54901,3,V,19.955175,0.503777,19.458569
JVASP-54901,4,V,19.955175,0.503777,20.137033
JVASP-54901,5,V,19.955175,0.503777,20.279364
JVASP-54901,6,Si,0.0,0.59122455,0.59122455
JVASP-54901,7,Si,0.0,0.59122455,0.59122455
JVASP-16320,0,V,28.348705,0.3719423,28.447027
JVASP-16320,1,V,28.34938,0.37194264,28.44172
JVASP-16320,2,V,28.342155,0.37194258,28.462833
JVASP-16320,3,Si,27.15936,0.31613514,27.041111
JVASP-16320,4,Si,27.158775,0.31613508,27.029589
JVASP-16320,5,Si,27.158775,0.3161339,27.023943
JVASP-16320,6,Si,27.15936,0.31613514,27.054882
JVASP-16320,7,Si,27.158775,0.31613508,27.028494
JVASP-16320,8,Si,27.158775,0.3161339,27.038818
JVASP-16412,0,V,28.346846,0.37194195,28.445177
JVASP-16412,1,V,28.344084,0.37194285,28.46475
JVASP-16412,2,V,28.346842,0.37194225,28.439192
JVASP-16412,3,Si,27.159412,0.3161375,27.029137
JVASP-16412,4,Si,27.15936,0.31613627,27.054882
JVASP-16412,5,Si,27.159412,0.31613526,27.024582
JVASP-16412,6,Si,27.159412,0.3161375,27.030228
JVASP-16412,7,Si,27.15936,0.31613627,27.041111
JVASP-16412,8,Si,27.159412,0.31613526,27.039457
JVASP-11948,0,Nb,0.0,0.022985088,0.022985088
JVASP-11948,1,Co,0.0,0.6871927,0.6871927
JVASP-11986,0,Nb,14.161725,0.055840258,14.19588
JVASP-11986,1,Nb,14.159276,0.055840652,14.193441
JVASP-11986,2,Co,22.662567,0.3555866,23.015709
JVASP-11986,3,Co,22.663498,0.35555068,23.017668
JVASP-11986,4,Co,22.661535,0.35559627,23.013792
JVASP-11986,5,Co,22.661674,0.35558417,23.014816
JVASP-11986,6,Co,22.661545,0.35559657,23.015753
JVASP-11986,7,Co,22.662596,0.35558686,23.014845
JVASP-35682,0,Nb,0.0,0.061290115,0.061290115
JVASP-35682,1,Co,19.308512,0.25325155,19.055552
JVASP-35682,2,Co,19.308512,0.25325155,19.44586
JVASP-35682,3,Co,19.308512,0.25325155,19.426598
JVASP-78467,0,Nb,0.0,0.022980252,0.022980252
JVASP-78467,1,Co,0.0,0.68719214,0.68719214
JVASP-36145,0,Fe,0.0,0.038846835,0.038846835
JVASP-36145,1,Co,17.796358,0.27844936,17.517982
JVASP-36145,2,Co,17.796358,0.27844936,17.941263
JVASP-36145,3,Co,17.796358,0.27844936,17.933075
JVASP-20389,0,Fe,0.0,0.3269535,0.3269535
JVASP-20389,1,Co,0.0,0.70182514,0.70182514
JVASP-78768,0,Fe,0.0,0.17057234,0.17057234
JVASP-78768,1,Co,0.0,0.2058234,0.2058234
JVASP-79278,0,Fe,11.855531,0.32624418,12.173542
JVASP-79278,1,Fe,16.355337,0.32624418,16.296917
JVASP-79278,2,Fe,16.355337,0.32624418,16.44424
JVASP-79278,3,Co,16.200926,0.70136434,15.507918
JVASP-36648,0,Mg,1.2762039,0.2817233,0.99517643
JVASP-36648,1,Mg,1.2762039,0.2817233,0.99517643
JVASP-36648,2,Te,3.2431245,2.2068632,1.436903
JVASP-36648,3,Te,3.2431245,2.2068632,1.436903
JVASP-36238,0,Mg,0.0073484695,0.16674756,0.16667318
JVASP-36238,1,Te,0.0,2.2054193,2.2054193
JVASP-1273,0,Mg,0.52425945,0.12090935,0.6007548
JVASP-1273,1,Mg,0.52425945,0.12090935,0.6007548
JVASP-1273,2,Te,3.9346974,1.5902903,5.4112716
JVASP-1273,3,Te,3.9346974,1.5902903,5.4112716
JVASP-7762,0,Mg,0.0,0.12103245,0.12103245
JVASP-7762,1,Mg,0.0,0.12103245,0.12103245
JVASP-7762,2,Mg,0.0,0.12103245,0.12103245
JVASP-7762,3,Mg,0.0,0.12103245,0.12103245
JVASP-7762,4,Te,0.0,1.5827007,1.5827007
JVASP-7762,5,Te,0.0,1.5827007,1.5827007
JVASP-7762,6,Te,0.0,1.5827007,1.5827007
JVASP-7762,7,Te,0.0,1.5827007,1.5827007
JVASP-14818,0,Nb,0.00972968,0.105071634,0.10667081
JVASP-16082,0,Nb,0.011135529,0.012975193,0.019804893
JVASP-934,0,Nb,0.0,0.10507134,0.10507134
JVASP-934,1,Nb,0.0,0.10507134,0.10507134
JVASP-25346,0,Nb,0.0,0.01297515,0.01297515
JVASP-25346,1,Nb,0.0,0.01297515,0.01297515
JVASP-25346,2,Nb,0.0,0.01297515,0.01297515
JVASP-25346,3,Nb,0.0,0.01297515,0.01297515
JVASP-14955,0,Al,39.766167,0.0784764,39.792515
JVASP-14955,1,Al,7.362251,0.0784764,7.336346
JVASP-14955,2,Al,7.362251,0.0784764,7.336346
JVASP-14955,3,V,56.56215,0.5432651,56.254757
JVASP-36199,0,Al,14.622637,0.074839234,14.644145
JVASP-36199,1,Al,14.622637,0.074839234,14.672986
JVASP-36199,2,Al,14.622637,0.074839234,14.551077
JVASP-36199,3,V,0.0,0.62241745,0.62241745
JVASP-19691,0,Al,0.0,0.07495145,0.07495145
JVASP-19691,1,Al,0.0,0.07495145,0.07495145
JVASP-19691,2,V,51.821407,0.33960456,51.640568
JVASP-19691,3,V,51.821407,0.33960456,51.640568
JVASP-19691,4,V,51.821404,0.33960456,52.160694
JVASP-19691,5,V,51.821404,0.33960456,52.160694
JVASP-19691,6,V,51.821407,0.33960456,51.664623
JVASP-19691,7,V,51.821407,0.33960456,51.664623
JVASP-35826,0,B,17.943737,2.1255188,20.054733
JVASP-35826,1,C,25.642485,2.5953557,28.223635
JVASP-35826,2,C,6.9475694,2.6004739,4.371944
JVASP-35826,3,C,7.4652276,2.6658607,10.119744
JVASP-35826,4,C,7.8359175,2.6035316,10.427756
JVASP-35826,5,C,7.9020543,2.6665223,10.557033
JVASP-37915,0,B,26.779047,2.1537535,28.928099
JVASP-37915,1,B,26.779047,2.1537535,28.928099
JVASP-37915,2,C,55.03636,2.5299168,57.5621
JVASP-37915,3,C,55.03636,2.5299168,57.562107
JVASP-62645,0,B,23.651972,2.0884404,25.196861
JVASP-62645,1,C,30.28747,2.5920036,31.759949
JVASP-62645,2,C,30.28747,2.5920036,31.803757
JVASP-62645,3,C,26.850225,2.6326244,27.080421
JVASP-62645,4,C,6.5858145,2.544224,5.2170315
JVASP-62645,5,C,3.1559098,2.54077,1.8825567
JVASP-62645,6,C,7.2718143,2.643384,6.258048
JVASP-62645,7,C,7.2718143,2.643384,6.212076
JVASP-35765,0,Sc,7.1606755,0.54582167,7.7029586
JVASP-35765,1,Ag,53.12453,0.80143625,53.923336
JVASP-35765,2,Ag,53.12453,0.80143625,53.923336
JVASP-18593,0,Sc,15.195266,0.4073711,15.315078
JVASP-18593,1,Ag,37.93903,1.1723855,37.316933
JVASP-18593,2,Ag,37.93827,1.1723855,38.789112
JVASP-18593,3,Ag,37.93827,1.1723855,38.789112
JVASP-18593,4,Ag,37.93903,1.1723855,37.316933
JVASP-16438,0,Sc,0.0,0.55676967,0.55676967
JVASP-16438,1,Ag,0.0,0.7846051,0.7846051
JVASP-19794,0,Pd,50.96,1.0326437,51.47664
JVASP-19794,1,Zn,23.22116,1.2653189,22.504824
JVASP-41548,0,Zn,0.53400934,0.43260446,0.108160645
JVASP-41548,1,Pd,4.5474777,0.25746855,4.7586856
JVASP-41548,2,Pd,4.5474777,0.25746855,4.758641
JVASP-41548,3,Pd,46.946922,0.25746602,47.15596
JVASP-79936,0,Zn,23.817205,0.96584946,24.78196
JVASP-79936,1,Zn,23.817205,0.96584946,24.78196
JVASP-79936,2,Zn,45.009373,0.96584946,44.04469
JVASP-79936,3,Pd,38.024246,0.68396866,38.702915
JVASP-36666,0,Rh,4.383694,0.7910548,4.041621
JVASP-36666,1,Zr,0.34464476,0.019919185,0.35262954
JVASP-7997,0,Zr,0.0,0.049140327,0.049140327
JVASP-7997,1,Rh,48.5595,0.17465466,48.67677
JVASP-7997,2,Rh,48.5595,0.17465466,48.388912
JVASP-7997,3,Rh,48.5595,0.17465466,48.613297
JVASP-8024,0,Zr,0.0,0.01982945,0.01982945
JVASP-8024,1,Rh,0.0,0.79106766,0.79106766
JVASP-10666,0,B,39.56897,2.1930912,39.02141
JVASP-10666,1,B,39.56973,2.1930864,39.231552
JVASP-10666,2,B,39.56973,2.1930864,39.231552
JVASP-10666,3,B,39.56897,2.1930912,39.02141
JVASP-10666,4,C,39.43765,1.6679733,39.19631
JVASP-10666,5,C,39.437664,1.6679785,39.01805
JVASP-10666,6,C,39.43765,1.6679733,39.19631
JVASP-10666,7,C,39.437664,1.6679785,39.01805
JVASP-10666,8,Ca,4.555088,0.16017641,4.604372
JVASP-10666,9,Ca,4.555088,0.16017641,4.604372
JVASP-62718,0,Ca,1.8077234,0.15574531,1.6787249
JVASP-62718,1,Ca,1.8077234,0.15574531,1.6787249
JVASP-62718,2,B,24.415964,1.7366492,22.690187
JVASP-62718,3,B,24.415964,1.7366492,22.690187
JVASP-62718,4,B,24.415964,1.7366492,22.68506
JVASP-62718,5,B,24.415964,1.7366492,22.68506
JVASP-62718,6,C,46.66942,1.6390073,45.0308
JVASP-62718,7,C,46.66942,1.6390073,45.0308
JVASP-62718,8,C,46.66942,1.6390073,45.038963
JVASP-62718,9,C,46.66942,1.6390073,45.038963
JVASP-63225,0,Ca,1.8142555,0.15576068,1.6852329
JVASP-63225,1,Ca,1.8142555,0.15576068,1.6852329
JVASP-63225,2,B,24.414421,1.7366872,22.68858
JVASP-63225,3,B,24.414421,1.7366872,22.68858
JVASP-63225,4,B,24.414421,1.7366872,22.683458
JVASP-63225,5,B,24.414421,1.7366872,22.683458
JVASP-63225,6,C,46.66741,1.6390688,45.02873
JVASP-63225,7,C,46.66741,1.6390688,45.02873
JVASP-63225,8,C,46.66741,1.6390688,45.036892
JVASP-63225,9,C,46.66741,1.6390688,45.036892
JVASP-14714,0,Nb,1.2427077,0.051944178,1.1980867
JVASP-14714,1,Ru,45.414356,0.4766266,44.938137
JVASP-16587,0,Nb,0.0,0.039968345,0.039968345
JVASP-16587,1,Ru,0.0,0.47782284,0.47782284
JVASP-16588,0,Nb,0.0,0.13721961,0.13721961
JVASP-16588,1,Ru,9.89104,0.1315888,10.021828
JVASP-16588,2,Ru,9.89104,0.1315888,9.83801
JVASP-16588,3,Ru,9.89104,0.1315888,9.814606
JVASP-39144,0,Sc,0.0,0.44713068,0.44713068
JVASP-39144,1,Ru,44.213287,0.1368711,44.34987
JVASP-39144,2,Ru,44.213287,0.1368711,44.1392
JVASP-39144,3,Ru,44.213287,0.1368711,44.151108
JVASP-79009,0,Sc,2.242916,0.48802984,1.761285
JVASP-79009,1,Sc,2.242916,0.48802984,1.761285
JVASP-79009,2,Ru,17.011707,0.22545876,16.801805
JVASP-79009,3,Ru,17.011707,0.22545876,16.801805
JVASP-79009,4,Ru,28.842741,0.22545876,29.052956
JVASP-79009,5,Ru,17.011707,0.22545876,16.801805
JVASP-79009,6,Ru,17.011707,0.22545876,16.801805
JVASP-79009,7,Ru,28.842741,0.22545876,29.052956
JVASP-8729,0,Sc,0.0,0.44661638,0.44661638
JVASP-8729,1,Ru,0.0,0.47465026,0.47465026
JVASP-2259,0,O,6.2985578,0.63446575,6.7909837
JVASP-2259,1,O,6.2985578,0.63446575,6.7909837
JVASP-2259,2,F,13.044113,1.1833475,12.104327
JVASP-2259,3,F,13.044113,1.1833475,12.104327
JVASP-2259,4,Y,16.679342,0.17708398,16.52983
JVASP-2259,5,Y,16.679342,0.17708398,16.52983
JVASP-51415,0,Y,15.538899,0.17647742,15.521055
JVASP-51415,1,Y,15.538899,0.17647742,15.521055
JVASP-51415,2,O,6.480301,0.6331143,6.5984545
JVASP-51415,3,O,6.480301,0.6331143,6.5984545
JVASP-51415,4,F,12.978365,1.1862632,12.903149
JVASP-51415,5,F,12.978365,1.1862632,12.903149
JVASP-7646,0,Y,42.363926,0.14350076,42.22178
JVASP-7646,1,Y,42.363926,0.14350076,42.22178
JVASP-7646,2,O,3.5321643,0.6724326,2.9476967
JVASP-7646,3,O,3.5321643,0.6724326,2.9476967
JVASP-7646,4,F,5.161075,1.0811096,6.1928024
JVASP-7646,5,F,5.161075,1.0811096,6.1928024
JVASP-1408,0,Al,0.0,0.21856478,0.21856478
JVASP-1408,1,Sb,0.0,0.6244375,0.6244375
JVASP-35259,0,Al,4.578271,0.30233136,4.7576065
JVASP-35259,1,Al,4.578271,0.30233136,4.7576065
JVASP-35259,2,Sb,43.62698,3.9390197,47.31598
JVASP-35259,3,Sb,43.62698,3.9390197,47.31598
JVASP-35748,0,Al,1.1969839,0.21780315,1.4136629
JVASP-35748,1,Al,1.1969839,0.21780315,1.4136629
JVASP-35748,2,Sb,17.2885,0.63152856,17.769354
JVASP-35748,3,Sb,17.2885,0.63152856,17.769354
JVASP-67279,0,Li,2.5290983,0.094681635,2.4393113
JVASP-67279,1,Be,3.1500695,0.20586276,2.9498286
JVASP-67279,2,Fe,30.979921,0.08425739,30.897741
JVASP-67288,0,Li,0.600125,0.053299967,0.6330614
JVASP-67288,1,Be,2.1628995,0.077295475,2.0933378
JVASP-67288,2,Be,1.080225,0.08517528,1.159588
JVASP-67288,3,Fe,25.798025,0.11332097,25.899239
JVASP-67585,0,Be,0.0069761495,0.1977806,0.19168048
JVASP-67585,1,Fe,38.531292,0.14359885,38.389503
JVASP-67585,2,Li,0.4131545,0.109466195,0.3094183
JVASP-14852,0,Zn,0.008485282,2.00415,2.0005748
JVASP-14852,1,Y,0.0014142137,0.10601013,0.10498769
JVASP-1396,0,Y,0.0,0.09191325,0.09191325
JVASP-1396,1,Zn,0.0,1.1511075,1.1511075
JVASP-18797,0,Y,24.659014,0.1140803,24.547745
JVASP-18797,1,Zn,3.2522528,1.8301344,4.654549
JVASP-18797,2,Zn,36.106705,1.7147284,37.81264
JVASP-18797,3,Zn,36.106705,1.7147284,37.81264
JVASP-18797,4,Zn,3.2539845,1.8301365,4.7778482
JVASP-18797,5,Zn,3.2539845,1.8301365,4.7729325
JVASP-14920,0,Li,0.040422767,0.2992889,0.33890548
JVASP-14920,1,Li,0.040422767,0.2992889,0.33890548
JVASP-14920,2,Nd,12.690807,0.07536909,12.619863
JVASP-14920,3,As,7.224362,0.8865331,8.086761
JVASP-14920,4,As,7.224362,0.8865331,8.086761
JVASP-61379,0,As,7.346785,0.886595,8.209918
JVASP-61379,1,As,7.346785,0.886595,8.209918
JVASP-61379,2,Li,0.040422767,0.29932478,0.33894143
JVASP-61379,3,Li,0.040422767,0.29932478,0.33894143
JVASP-61379,4,Nd,12.836629,0.075366,12.765656
JVASP-8172,0,Li,0.34171042,0.27899653,0.08760743
JVASP-8172,1,Li,0.120024994,0.2966921,0.41497272
JVASP-8172,2,Li,0.120024994,0.2966921,0.41497272
JVASP-8172,3,Nd,34.223045,0.06545866,34.28205
JVASP-8172,4,As,12.251531,1.3492476,13.563666
JVASP-8172,5,As,12.251531,1.3492476,13.563666
JVASP-39320,0,Li,0.067769215,0.39575636,0.3294215
JVASP-39320,1,In,3.6399417,0.36517173,3.3764343
JVASP-39320,2,In,3.6399417,0.36517173,3.3764343
JVASP-39320,3,In,32.426346,0.36517128,32.15498
JVASP-40271,0,Li,0.0,0.39599803,0.39599803
JVASP-40271,1,In,14.104162,0.3769098,13.810514
JVASP-40271,2,In,14.104162,0.3769098,14.054883
JVASP-40271,3,In,14.104162,0.3769098,14.454698
JVASP-8484,0,Li,0.07299315,0.3479232,0.30716097
JVASP-8484,1,Li,0.07299315,0.3479232,0.30716097
JVASP-8484,2,Li,0.33424243,0.35184637,0.2920926
JVASP-8484,3,In,6.7820244,0.50442183,6.4920254
JVASP-8484,4,In,6.7820244,0.50442183,6.4920254
JVASP-13969,0,S,23.587973,3.0246916,20.930475
JVASP-13969,1,S,23.913921,3.0214496,21.25884
JVASP-13969,2,K,29.179892,0.48844594,28.741701
JVASP-13969,3,Sn,9.076875,2.0598571,10.861413
JVASP-14923,0,S,23.587582,3.0246916,20.930075
JVASP-14923,1,S,23.912785,3.0214512,21.257713
JVASP-14923,2,K,29.180605,0.48844597,28.742407
JVASP-14923,3,Sn,9.0769415,2.059858,10.86127
JVASP-57449,0,K,29.529436,0.20553793,29.3461
JVASP-57449,1,Sn,16.243055,0.27767104,16.232794
JVASP-57449,2,S,30.31193,1.1107575,29.330332
JVASP-57449,3,S,30.31193,1.1107575,29.330332
JVASP-19821,0,Mg,4.0747275,0.2610933,4.302172
JVASP-19821,1,B,26.246283,2.0601976,24.191452
JVASP-19821,2,B,26.246283,2.0601976,24.191452
JVASP-1150,0,Mg,4.2400703,0.2601961,4.4662123
JVASP-1150,1,B,26.396927,2.0609667,24.341322
JVASP-1150,2,B,26.396927,2.0609667,24.341322
JVASP-1151,0,Mg,4.0747275,0.2610933,4.302172
JVASP-1151,1,B,26.246283,2.0601976,24.191452
JVASP-1151,2,B,26.246283,2.0601976,24.191452
JVASP-39152,0,Mg,0.020412415,0.48078272,0.4605465
JVASP-39152,1,Cr,0.6221704,0.31933364,0.9413534
JVASP-79168,0,Mg,21.809113,0.41868755,21.42583
JVASP-79168,1,Mg,22.399027,0.42046398,22.735455
JVASP-79168,2,Mg,15.146791,0.42348325,15.2538185
JVASP-79168,3,Cr,23.941349,0.13752902,24.070063
JVASP-38942,0,Mg,16.067837,0.45365563,16.519175
JVASP-38942,1,Mg,4.116776,0.45365563,3.6657977
JVASP-38942,2,Mg,4.116776,0.45365563,3.6657977
JVASP-38942,3,Mg,16.067837,0.45365563,16.519175
JVASP-38942,4,Mg,4.116776,0.45365563,3.6657977
JVASP-38942,5,Mg,4.116776,0.45365563,3.6657977
JVASP-38942,6,Cr,8.381337,0.16181146,8.225599
JVASP-38942,7,Cr,8.381337,0.16181146,8.225599
JVASP-38204,0,Rb,11.756735,0.29946268,11.755725
JVASP-38204,1,Rb,11.756735,0.29946268,12.018572
JVASP-38204,2,Rb,11.756735,0.29946268,11.501666
JVASP-38204,3,Sr,0.0,0.21221955,0.21221955
JVASP-38288,0,Rb,0.0,0.29946268,0.29946268
JVASP-38288,1,Sr,17.173372,0.21221955,17.089312
JVASP-38288,2,Sr,17.173372,0.21221955,17.38307
JVASP-38288,3,Sr,17.173372,0.21221955,17.04974
JVASP-38295,0,Rb,1.2239283,0.29946268,0.9741342
JVASP-38295,1,Rb,1.2239283,0.29946268,0.9741342
JVASP-38295,2,Sr,4.868769,0.21221955,4.9962254
JVASP-38295,3,Sr,4.868769,0.21221955,4.9962254
JVASP-38295,4,Sr,21.551426,0.21221955,21.427616
JVASP-38295,5,Sr,4.868769,0.21221955,4.9962254
JVASP-38295,6,Sr,4.868769,0.21221955,4.9962254
JVASP-38295,7,Sr,21.551426,0.21221955,21.427616
JVASP-15824,0,Li,0.10051866,0.30737987,0.4068043
JVASP-15824,1,V,11.090065,0.39310005,11.480639
JVASP-15824,2,S,5.3251905,2.73172,2.7025123
JVASP-15824,3,S,5.3251905,2.73172,2.7025123
JVASP-22706,0,Li,0.16166632,0.14326303,0.30333188
JVASP-22706,1,Li,0.16166633,0.14326303,0.14440192
JVASP-22706,2,Li,0.16166633,0.14326303,0.16467771
JVASP-22706,3,V,0.0,0.07117018,0.07117018
JVASP-22706,4,S,8.49728,0.3321622,8.49682
JVASP-22706,5,S,8.49728,0.3321622,8.514468
JVASP-22706,6,S,8.49728,0.3321622,8.495183
JVASP-22706,7,S,8.49728,0.3321622,8.508594
JVASP-49843,0,Li,0.25842986,0.24075286,0.49639848
JVASP-49843,1,V,19.60939,0.51554173,20.117329
JVASP-49843,2,S,8.270702,2.7437258,5.607751
JVASP-49843,3,S,8.270702,2.7437258,5.607751
JVASP-38182,0,K,2.206174,0.17482065,2.118273
JVASP-38182,1,K,2.206174,0.17482065,2.118273
JVASP-38182,2,Sr,5.980021,0.21221955,6.106939
JVASP-38182,3,Sr,5.980021,0.21221955,6.106939
JVASP-38182,4,Sr,16.47037,0.21221955,16.346773
JVASP-38182,5,Sr,5.980021,0.21221955,6.106939
JVASP-38182,6,Sr,5.980021,0.21221955,6.106939
JVASP-38182,7,Sr,16.47037,0.21221955,16.346773
JVASP-38514,0,K,2.9960678,0.17482065,2.8317778
JVASP-38514,1,K,2.997291,0.17482065,3.0524895
JVASP-38514,2,K,2.997291,0.17482065,3.0489748
JVASP-38514,3,K,2.9960678,0.17482065,2.8317778
JVASP-38514,4,K,2.997291,0.17482065,3.0524895
JVASP-38514,5,K,2.997291,0.17482065,3.0489748
JVASP-38514,6,Sr,0.32700765,0.21221955,0.26605952
JVASP-38514,7,Sr,0.32700765,0.21221955,0.26605952
JVASP-39293,0,K,3.0047076,0.17482065,2.9153895
JVASP-39293,1,K,3.0047076,0.17482065,2.9153895
JVASP-39293,2,K,3.986953,0.17482065,4.082712
JVASP-39293,3,K,3.0047076,0.17482065,2.9153895
JVASP-39293,4,K,3.0047076,0.17482065,2.9153895
JVASP-39293,5,K,3.986953,0.17482065,4.082712
JVASP-39293,6,Sr,0.3151677,0.21221955,0.47206363
JVASP-39293,7,Sr,0.3151677,0.21221955,0.47206363
JVASP-3690,0,K,0.0,0.15961565,0.15961565
JVASP-3690,1,Mg,0.0,0.07259284,0.07259284
JVASP-3690,2,H,6.184962,0.3275369,6.362718
JVASP-3690,3,H,6.184962,0.3275369,5.8600097
JVASP-3690,4,H,6.184962,0.3275369,6.345014
JVASP-35658,0,K,0.0,0.23113526,0.23113526
JVASP-35658,1,Mg,0.0,0.4872307,0.4872307
JVASP-35658,2,H,4.5723805,0.16889799,4.4158435
JVASP-35658,3,H,4.5723805,0.16889799,4.6886353
JVASP-35658,4,H,4.5723805,0.16889799,4.617641
JVASP-3720,0,H,5.940672,0.2255781,6.0097175
JVASP-3720,1,H,5.9406695,0.22557783,6.038952
JVASP-3720,2,H,2.880304,0.33233765,2.6495109
JVASP-3720,3,H,2.880304,0.33233765,2.6495109
JVASP-3720,4,Mg,5.5965796,0.30237672,5.365965
JVASP-3720,5,K,1.7409235,0.07080216,1.6883851
JVASP-3720,6,K,1.7409235,0.07080216,1.6883851
JVASP-11946,0,Co,0.0,0.2503101,0.2503101
JVASP-11946,1,Ni,0.0,0.3260643,0.3260643
JVASP-11947,0,Co,0.82792753,0.28397748,0.54402584
JVASP-11947,1,Co,0.82792753,0.28397748,1.0030221
JVASP-11947,2,Co,0.82792753,0.28397748,0.9981505
JVASP-11947,3,Ni,0.0,0.57336944,0.57336944
JVASP-78447,0,Co,0.0,0.24986969,0.24986969
JVASP-78447,1,Ni,0.0,0.3256257,0.3256257
JVASP-17404,0,Sn,0.004,0.33645478,0.33408213
JVASP-17404,1,Sb,0.0,0.9245232,0.9245232
JVASP-19782,0,Sn,0.0,1.4522938,1.4522938
JVASP-19782,1,Sb,0.0,3.204186,3.204186
JVASP-16282,0,Sn,0.0,0.46692798,0.46692798
JVASP-16282,1,Sn,0.0,0.46692798,0.46692798
JVASP-16282,2,Sn,0.0,0.46692798,0.46692798
JVASP-16282,3,Sn,0.0,0.46692798,0.46692798
JVASP-16282,4,Sb,0.0,1.2769792,1.2769792
JVASP-16282,5,Sb,0.0,1.2769792,1.2769792
JVASP-16282,6,Sb,0.0,1.2769792,1.2769792
JVASP-16282,7,Sb,0.0,1.2769792,1.2769792
JVASP-20652,0,Zr,0.0,0.0481938,0.0481938
JVASP-20652,1,Co,0.0,0.6843709,0.6843709
JVASP-78775,0,Zr,0.0,0.04819464,0.04819464
JVASP-78775,1,Co,0.0,0.6843708,0.6843708
JVASP-20748,0,Zr,0.0,0.04819464,0.04819464
JVASP-20748,1,Co,0.0,0.6843708,0.6843708
JVASP-38001,0,Na,57.859398,0.23976704,58.00378
JVASP-38001,1,Na,57.859398,0.23976704,57.952793
JVASP-38001,2,Na,57.859398,0.23976704,57.62238
JVASP-38001,3,Br,0.0,6.6806626,6.6806626
JVASP-38001,4,O,0.0,1.7338852,1.7338852
JVASP-4002,0,O,9.033556,1.7521112,7.782966
JVASP-4002,1,Na,31.392466,0.28927583,31.168612
JVASP-4002,2,Na,60.742523,0.22102417,60.80944
JVASP-4002,3,Na,31.392466,0.28927583,31.168612
JVASP-4002,4,Na,60.74101,0.22102389,60.845554
JVASP-4002,5,Br,2.2951312,5.1719904,3.7587223
JVASP-4002,6,Br,2.2951312,5.1719904,3.7587223
JVASP-86267,0,Eu,46.393337,0.49247873,46.88345
JVASP-86267,1,Eu,46.393337,0.49247873,46.88345
JVASP-86267,2,Cl,62.7147,1.0148792,62.767975
JVASP-86267,3,Cl,62.71532,1.0148815,62.906197
JVASP-86267,4,Cl,62.716057,1.0148797,63.221592
JVASP-86267,5,Cl,62.7147,1.0148792,62.767975
JVASP-86267,6,Cl,62.71532,1.0148815,62.906197
JVASP-86267,7,Cl,62.715855,1.0148797,63.221375
JVASP-86869,0,Eu,46.39456,0.49247828,46.884678
JVASP-86869,1,Eu,46.39456,0.49247828,46.884678
JVASP-86869,2,Cl,62.715645,1.014878,62.899036
JVASP-86869,3,Cl,62.71491,1.0148785,63.222607
JVASP-86869,4,Cl,62.716637,1.0148774,62.775223
JVASP-86869,5,Cl,62.715645,1.014878,62.899036
JVASP-86869,6,Cl,62.716057,1.0148785,63.22375
JVASP-86869,7,Cl,62.716637,1.0148774,62.775223
JVASP-35691,0,Sr,56.680378,0.11179022,56.644325
JVASP-35691,1,Sr,59.31766,0.11179022,59.353905
JVASP-35691,2,S,0.6442158,0.14388223,0.7874477
JVASP-35691,3,O,0.33313063,1.0690913,0.736233
JVASP-35180,0,Sr,47.5054,0.114014454,47.560734
JVASP-35180,1,Sr,0.0,0.114014454,0.114014454
JVASP-35180,2,Sr,47.5054,0.114014454,47.563572
JVASP-35180,3,Sr,47.5054,0.114014454,47.392105
JVASP-35180,4,S,0.27107686,0.1706482,0.10225209
JVASP-35180,5,S,0.27107686,0.1706482,0.38539428
JVASP-35180,6,S,0.27107686,0.1706482,0.38577998
JVASP-35180,7,O,0.0,1.0568928,1.0568928
JVASP-38385,0,Ge,36.53577,0.23907554,36.745598
JVASP-38385,1,Ge,36.53577,0.23907554,36.530205
JVASP-38385,2,Ge,36.535774,0.23907554,36.33269
JVASP-38385,3,B,0.0,0.12947395,0.12947395
JVASP-38482,0,Ge,59.16356,0.8300298,58.9669
JVASP-38482,1,Ge,59.16356,0.8300298,58.94984
JVASP-38482,2,Ge,59.16377,0.8300298,58.565292
JVASP-38482,3,Ge,59.16356,0.8300298,58.9669
JVASP-38482,4,Ge,59.16356,0.8300298,58.94984
JVASP-38482,5,Ge,59.16377,0.8300298,58.565292
JVASP-38482,6,B,14.603858,0.2547175,14.837521
JVASP-38482,7,B,14.603858,0.2547175,14.837521
JVASP-36877,0,Ca,1.0619172,0.16012383,1.0656055
JVASP-36877,1,Tl,57.888695,1.116161,57.915306
JVASP-36877,2,Cl,25.44856,1.9445661,25.063564
JVASP-36877,3,Cl,25.440605,1.9445815,24.251345
JVASP-36877,4,Cl,25.525759,1.9445312,27.184807
JVASP-37000,0,Ca,10.874718,0.16628398,11.004184
JVASP-37000,1,Ca,10.874718,0.16628398,11.005185
JVASP-37000,2,Tl,25.245243,1.2231592,26.127487
JVASP-37000,3,Tl,25.245243,1.2231592,26.127487
JVASP-37000,4,Cl,30.824406,1.5914396,30.923569
JVASP-37000,5,Cl,30.824406,1.5914396,30.920242
JVASP-37000,6,Cl,30.824406,1.5914396,30.920242
JVASP-37000,7,Cl,30.824406,1.5914396,30.923569
JVASP-37000,8,Cl,34.229317,1.6108328,34.321472
JVASP-37000,9,Cl,34.229317,1.6108328,34.321472
JVASP-2598,0,Mg,56.6518,0.110080846,56.62765
JVASP-2598,1,Mg,56.651802,0.110080846,56.754784
JVASP-2598,2,Mg,56.6518,0.110080846,56.57313
JVASP-2598,3,N,0.0,0.84336233,0.84336233
JVASP-2598,4,F,57.046986,1.4407177,56.088757
JVASP-2598,5,F,57.046986,1.4407177,58.455536
JVASP-2598,6,F,57.046986,1.4407177,56.624237
JVASP-8131,0,N,1.7162075,0.8135267,2.2939947
JVASP-8131,1,N,1.7162075,0.8135267,2.2939947
JVASP-8131,2,F,18.372337,1.19511,19.085
JVASP-8131,3,F,18.372337,1.19511,19.085
JVASP-8131,4,Mg,47.077682,0.090259284,47.098534
JVASP-8131,5,Mg,47.07706,0.090259224,47.040363
JVASP-8131,6,Mg,47.077682,0.090259284,47.098534
JVASP-8131,7,Mg,47.07706,0.090259224,47.040363
JVASP-29546,0,Cr,1.3840259,0.07033931,1.31616
JVASP-29546,1,Cr,1.3840259,0.07033931,1.316123
JVASP-29546,2,I,25.87636,7.768177,18.458408
JVASP-29546,3,I,25.87636,7.768177,18.458307
JVASP-29546,4,I,39.784866,7.7703733,32.319477
JVASP-29546,5,I,39.78487,7.7703733,32.319424
JVASP-4201,0,Cr,0.70667815,0.44162792,0.37769422
JVASP-4201,1,Cr,0.70667815,0.441628,0.3776941
JVASP-4201,2,Cr,0.70667815,0.441628,0.3776941
JVASP-4201,3,I,56.375004,2.0884821,54.48492
JVASP-4201,4,I,56.375004,2.0884821,54.48492
JVASP-4201,5,I,56.375004,2.0884821,54.48492
JVASP-4201,6,I,56.375004,2.0884821,54.48492
JVASP-4201,7,I,56.375004,2.0884829,54.48492
JVASP-4201,8,I,56.375004,2.0884829,54.48492
JVASP-39315,0,Li,0.0,0.43656015,0.43656015
JVASP-39315,1,Ho,3.831002,0.79897785,3.0332754
JVASP-39315,2,Ho,3.831002,0.79897785,4.2663236
JVASP-39315,3,Ho,3.831002,0.79897785,4.306106
JVASP-39319,0,Li,0.7160675,0.43763274,1.148649
JVASP-39319,1,Li,0.7160675,0.43763274,1.148649
JVASP-39319,2,Ho,20.269526,0.81544846,19.455051
JVASP-39319,3,Ho,20.269526,0.81544846,19.455051
JVASP-39319,4,Ho,55.983086,0.81544846,55.168587
JVASP-39319,5,Ho,20.269526,0.81544846,19.455051
JVASP-39319,6,Ho,20.269526,0.81544846,19.455051
JVASP-39319,7,Ho,55.983086,0.81544846,55.168587
JVASP-17612,0,Mn,46.96162,0.37316734,47.1908
JVASP-17612,1,Mn,46.961617,0.37316734,46.591873
JVASP-17612,2,Mn,46.96162,0.37316734,47.1044
JVASP-17612,3,Ge,0.0,0.3344987,0.3344987
JVASP-17718,0,Mn,37.995262,0.12307223,37.88088
JVASP-17718,1,Mn,37.995262,0.12307223,37.88088
JVASP-17718,2,Mn,48.804855,0.24637815,49.049057
JVASP-17718,3,Mn,48.804855,0.24637815,49.049057
JVASP-17718,4,Ge,55.44624,0.3512205,55.70195
JVASP-17718,5,Ge,55.44624,0.3512205,55.70195
JVASP-78941,0,Tl,53.89581,1.1199913,54.530075
JVASP-78941,1,Sb,14.979121,1.3082268,14.560918
JVASP-78941,2,Te,21.44391,3.162881,20.605707
JVASP-78941,3,Te,21.44391,3.162881,20.605707
JVASP-8063,0,Sb,15.075475,1.307549,14.115524
JVASP-8063,1,Te,18.555407,3.1665468,16.141468
JVASP-8063,2,Te,18.555407,3.1665468,16.141468
JVASP-8063,3,Tl,55.02344,1.1198581,55.904785
JVASP-50620,0,Li,1.2027044,0.28149986,0.9289162
JVASP-50620,1,Co,28.73823,1.3120924,27.43073
JVASP-50620,2,S,54.235783,1.7415177,52.538254
JVASP-50620,3,S,3.067986,1.9579194,1.2258352
JVASP-50866,0,Li,0.041665334,0.286895,0.24597621
JVASP-50866,1,Li,0.041665334,0.286895,0.24597621
JVASP-50866,2,Co,33.425766,1.1248296,32.30419
JVASP-50866,3,Co,33.425766,1.1248296,32.30419
JVASP-50866,4,S,32.84277,2.4717963,30.429756
JVASP-50866,5,S,32.84277,2.4717963,30.429783
JVASP-50866,6,S,32.84277,2.4717963,30.429756
JVASP-50866,7,S,32.84277,2.4717963,30.429783
JVASP-37206,0,Mg,27.37223,0.43795443,27.124033
JVASP-37206,1,Mg,27.37223,0.43795443,27.189787
JVASP-37206,2,Mg,27.37223,0.43795443,27.808178
JVASP-37206,3,Ta,0.0,0.5619326,0.5619326
JVASP-38928,0,Mg,17.74676,0.44097874,17.312593
JVASP-38928,1,Mg,17.74676,0.44097874,17.312593
JVASP-38928,2,Ta,53.23946,0.5610805,52.680447
JVASP-38928,3,Ta,53.23946,0.5610805,52.680447
JVASP-65109,0,Be,0.48254946,0.3451075,0.15508161
JVASP-65109,1,Be,0.48254946,0.3451075,0.15508161
JVASP-65109,2,In,52.214138,0.3457042,52.150692
JVASP-65109,3,In,52.214138,0.3457042,52.150692
JVASP-65109,4,Sn,25.316292,1.1279626,24.35373
JVASP-65109,5,Sn,25.316292,1.1279626,24.35373
JVASP-67649,0,Be,0.7413556,0.45128667,0.9376208
JVASP-67649,1,Be,0.7413556,0.45128667,0.928702
JVASP-67649,2,In,36.467888,0.4749758,36.12541
JVASP-67649,3,Sn,40.28722,0.6371047,40.242188
JVASP-3633,0,Pr,37.436775,0.19327794,37.62468
JVASP-3633,1,Pr,37.436775,0.19327794,37.62468
JVASP-3633,2,Cl,54.239044,1.0820407,54.403217
JVASP-3633,3,Cl,54.238056,1.0820444,54.747765
JVASP-3633,4,Cl,54.239044,1.0820407,54.403217
JVASP-3633,5,Cl,54.237473,1.0820444,54.747192
JVASP-3633,6,Cl,54.2388,1.0820438,54.290886
JVASP-3633,7,Cl,54.239357,1.0820438,54.29145
JVASP-38380,0,Pr,47.890324,0.10058087,47.944675
JVASP-38380,1,Pr,47.888134,0.10058095,47.934013
JVASP-38380,2,Pr,47.890324,0.10058087,47.93837
JVASP-38380,3,Pr,47.890324,0.10058087,47.944675
JVASP-38380,4,Pr,47.888134,0.10058095,47.934013
JVASP-38380,5,Pr,47.890324,0.10058087,47.93837
JVASP-38380,6,Cl,29.017881,1.5844634,27.465185
JVASP-38380,7,Cl,29.017881,1.5844634,27.465185
JVASP-18701,0,Dy,50.68566,0.12594734,50.565296
JVASP-18701,1,Zn,2.843074,1.8278184,4.3808017
JVASP-18701,2,Zn,35.598434,1.7097003,37.299282
JVASP-18701,3,Zn,35.598434,1.7097003,37.299282
JVASP-18701,4,Zn,2.843074,1.8278184,4.3854647
JVASP-18701,5,Zn,2.8403544,1.8278158,4.2682557
JVASP-14489,0,Dy,0.0,0.5141725,0.5141725
JVASP-14489,1,Zn,0.0,1.1544636,1.1544636
JVASP-34173,0,O,48.946606,1.6139336,48.56785
JVASP-34173,1,O,48.94637,1.6139336,49.70808
JVASP-34173,2,O,48.94637,1.6139336,49.70808
JVASP-34173,3,O,48.946606,1.6139336,48.56785
JVASP-34173,4,O,49.438152,1.3953618,49.14822
JVASP-34173,5,O,49.438152,1.3953618,49.14822
JVASP-34173,6,Co,14.91892,0.9111984,14.718534
JVASP-34173,7,Sr,49.7289,0.28556493,49.799984
JVASP-34173,8,Sr,49.7289,0.28556493,49.799984
JVASP-34173,9,Re,41.77891,0.90381885,41.565517
JVASP-52113,0,O,48.96009,1.6139071,48.581173
JVASP-52113,1,O,48.959404,1.6139069,49.7211
JVASP-52113,2,O,48.959404,1.6139069,49.7211
JVASP-52113,3,O,48.96009,1.6139071,48.581173
JVASP-52113,4,O,49.450512,1.3952914,49.16058
JVASP-52113,5,O,49.450512,1.3952914,49.16058
JVASP-52113,6,Co,15.041727,0.9109932,14.841128
JVASP-52113,7,Sr,49.96222,0.28565186,50.03333
JVASP-52113,8,Sr,49.96222,0.28565186,50.03333
JVASP-52113,9,Re,42.00551,0.9038225,41.791985
JVASP-67772,0,Be,4.8042655,0.28833807,5.086922
JVASP-67772,1,Cd,49.05185,0.65401,49.697567
JVASP-67772,2,Ru,30.002983,0.5265744,30.529165
JVASP-67772,3,Ru,9.241925,0.6308957,8.611209
JVASP-74850,0,Be,6.380921,0.2528428,6.629448
JVASP-74850,1,Be,7.3035617,0.21396828,7.096664
JVASP-74850,2,Cd,45.34414,0.6698267,46.00973
JVASP-74850,3,Ru,45.138382,0.2717442,44.88288
JVASP-18526,0,Ce,48.25903,0.15292543,48.40984
JVASP-18526,1,Ce,48.25903,0.15292543,48.40984
JVASP-18526,2,Si,36.31246,0.41265893,35.908955
JVASP-18526,3,Si,36.31246,0.41265893,35.908955
JVASP-18526,4,I,34.881958,2.4883916,37.19104
JVASP-18526,5,I,34.881958,2.4883916,37.19104
JVASP-12097,0,Ce,48.260666,0.15287954,48.411427
JVASP-12097,1,Ce,48.260666,0.15287954,48.411427
JVASP-12097,2,Si,36.336548,0.4128962,35.932808
JVASP-12097,3,Si,36.336548,0.4128962,35.932808
JVASP-12097,4,I,34.859913,2.4886878,37.16937
JVASP-12097,5,I,34.859913,2.4886878,37.16937
JVASP-17452,0,P,5.7567973,1.731025,4.2518086
JVASP-17452,1,Zr,34.403954,0.20453216,34.228897
JVASP-17452,2,Zr,34.403954,0.20453216,34.228897
JVASP-17452,3,Te,46.67772,6.167478,41.274097
JVASP-17452,4,Te,46.67772,6.167478,41.274097
JVASP-12069,0,Zr,34.256115,0.20453382,34.064514
JVASP-12069,1,Zr,34.256115,0.20453382,34.064514
JVASP-12069,2,Zr,34.256523,0.20452885,34.064926
JVASP-12069,3,Zr,34.256115,0.2045307,34.064518
JVASP-12069,4,Zr,34.256115,0.2045307,34.064518
JVASP-12069,5,Zr,34.256523,0.20452885,34.064926
JVASP-12069,6,Te,46.13818,6.1674953,40.20395
JVASP-12069,7,Te,46.13818,6.1674953,40.20395
JVASP-12069,8,Te,46.137367,6.1674776,40.20315
JVASP-12069,9,Te,46.13818,6.167531,40.203915
JVASP-12069,10,Te,46.13818,6.167531,40.203915
JVASP-12069,11,Te,46.137367,6.1674776,40.20315
JVASP-12069,12,P,5.581571,1.7310239,3.8966825
JVASP-12069,13,P,5.582387,1.7310228,3.8974974
JVASP-12069,14,P,5.582387,1.7310228,3.8974974
JVASP-17282,0,B,11.292099,2.0673835,11.553358
JVASP-17282,1,B,11.292099,2.0673835,11.553358
JVASP-17282,2,Ni,45.914207,0.32734647,46.0923
JVASP-17282,3,Ni,45.914207,0.32734647,46.0923
JVASP-8008,0,B,11.307913,1.594373,11.545978
JVASP-8008,1,B,11.307913,1.594373,11.545978
JVASP-8008,2,Ni,35.59075,0.026303612,35.596382
JVASP-8008,3,Ni,35.602974,0.026303615,35.58794
JVASP-8008,4,Ni,35.59075,0.026303612,35.596382
JVASP-8008,5,Ni,35.602974,0.026303615,35.58794
JVASP-17940,0,Dy,49.88853,0.26755884,49.880432
JVASP-17940,1,Dy,49.89059,0.26755878,49.92382
JVASP-17940,2,Dy,49.88853,0.26755884,49.912262
JVASP-17940,3,Mn,42.24581,0.01770253,42.22872
JVASP-17940,4,Mn,42.24472,0.017702403,42.232044
JVASP-17940,5,Mn,42.24472,0.017702403,42.23339
JVASP-17940,6,Ga,6.4143972,0.21156041,6.5764995
JVASP-17940,7,Ga,6.4143972,0.21156041,6.5764995
JVASP-17940,8,Si,15.9225,0.6006391,15.338198
JVASP-5059,0,Dy,49.889614,0.26755914,49.881516
JVASP-5059,1,Dy,49.8885,0.2675595,49.921726
JVASP-5059,2,Dy,49.889614,0.26755914,49.913345
JVASP-5059,3,Mn,42.246994,0.017703941,42.229904
JVASP-5059,4,Mn,42.244453,0.017703984,42.231773
JVASP-5059,5,Mn,42.244453,0.017703984,42.23312
JVASP-5059,6,Ga,6.4131727,0.21156348,6.575293
JVASP-5059,7,Ga,6.4131727,0.21156348,6.575293
JVASP-5059,8,Si,15.923316,0.6006398,15.339013
JVASP-19824,0,Tm,0.0,1.0618558,1.0618558
JVASP-19824,1,Al,28.389587,0.19607794,28.251516
JVASP-19824,2,Al,28.389587,0.19607794,28.57843
JVASP-19824,3,Al,28.389587,0.19607794,28.339836
JVASP-37376,0,Tm,43.83729,1.09526,42.743484
JVASP-37376,1,Tm,43.83729,1.09526,42.743484
JVASP-37376,2,Al,3.074084,0.27549127,3.1651363
JVASP-37376,3,Al,3.0741212,0.27549314,3.288102
JVASP-37376,4,Al,3.074084,0.27549127,3.1821938
JVASP-37376,5,Al,3.074084,0.27549127,3.1651363
JVASP-37376,6,Al,3.0741212,0.27549314,3.288102
JVASP-37376,7,Al,3.074084,0.27549127,3.1821938
JVASP-39245,0,Hg,43.535595,1.7216914,43.11796
JVASP-39245,1,Hg,43.535595,1.7216914,42.339523
JVASP-39245,2,Hg,43.535595,1.7216914,45.20114
JVASP-39245,3,C,0.0,0.09735482,0.09735482
JVASP-39250,0,Hg,21.646141,1.7280902,19.981802
JVASP-39250,1,Hg,21.646141,1.7280902,19.981802
JVASP-39250,2,Hg,40.228786,1.7280902,41.900505
JVASP-39250,3,C,1.68035,0.09714131,1.675598
JVASP-16544,0,Hf,0.0,0.4609888,0.4609888
JVASP-16544,1,Rh,0.0,0.79544234,0.79544234
JVASP-19597,0,Hf,0.0,0.43481123,0.43481123
JVASP-19597,1,Rh,42.29697,0.17832717,42.124226
JVASP-19597,2,Rh,42.29697,0.17832717,42.345963
JVASP-19597,3,Rh,42.29697,0.17832717,42.421284
JVASP-79277,0,Mn,7.3149924,0.35090113,7.1804857
JVASP-79277,1,Ga,13.2433195,0.55901563,13.034633
JVASP-79277,2,Ni,17.871597,0.5970251,18.11165
JVASP-79277,3,Ni,17.871597,0.5970251,18.11165
JVASP-79619,0,Mn,41.41352,0.36131242,41.055885
JVASP-79619,1,Ga,26.334465,0.549456,25.794388
JVASP-79619,2,Ni,36.258892,0.58102095,36.175854
JVASP-79619,3,Ni,36.258892,0.58102095,36.165222
JVASP-1858,0,Na,18.725767,0.23097748,18.907019
JVASP-1858,1,Co,11.87875,0.30735227,12.14309
JVASP-1858,2,O,40.23962,1.378119,41.421528
JVASP-1858,3,O,40.240696,1.3781316,41.422626
JVASP-40651,0,Na,21.573881,0.22762513,21.782372
JVASP-40651,1,Na,21.573881,0.22762513,21.782372
JVASP-40651,2,Co,10.722641,0.30860564,11.030504
JVASP-40651,3,Co,10.722641,0.30860564,11.030504
JVASP-40651,4,O,41.073044,1.3006179,42.36075
JVASP-40651,5,O,41.073044,1.3006179,42.36075
JVASP-40651,6,O,41.073044,1.3006179,42.36075
JVASP-40651,7,O,41.073044,1.3006179,42.36075
JVASP-15605,0,Sr,39.876465,0.14890948,40.0234
JVASP-15605,1,Mn,30.207108,0.049044788,30.18511
JVASP-15605,2,Mn,30.207108,0.049044788,30.18511
JVASP-15605,3,P,3.0410416,2.0317416,1.1376042
JVASP-15605,4,P,3.0410416,2.0317416,1.1376042
JVASP-14398,0,Sr,39.876465,0.14890948,40.0234
JVASP-14398,1,Mn,30.207108,0.049044788,30.18511
JVASP-14398,2,Mn,30.207108,0.049044788,30.18511
JVASP-14398,3,P,3.0410416,2.0317416,1.1376042
JVASP-14398,4,P,3.0410416,2.0317416,1.1376042
JVASP-37639,0,Zn,17.575089,1.6432287,16.835897
JVASP-37639,1,Zn,17.575089,1.6432287,16.791903
JVASP-37639,2,Zn,17.57509,1.6432287,19.218128
JVASP-37639,3,Cd,0.0,0.36089408,0.36089408
JVASP-37639,4,S,18.449558,2.4206522,18.599342
JVASP-37639,5,S,18.449558,2.4206522,18.60335
JVASP-37639,6,S,18.449558,2.4206522,18.606503
JVASP-37639,7,S,18.449558,2.4206522,18.621515
JVASP-39536,0,Zn,16.366674,3.2556944,13.118421
JVASP-39536,1,Cd,39.43107,2.4085124,41.838074
JVASP-39536,2,S,21.580881,2.159746,21.871557
JVASP-39536,3,S,21.580881,2.159746,22.775747
JVASP-35242,0,Ni,0.10712609,0.7303438,0.797301
JVASP-35242,1,Cl,0.74130607,2.974734,2.7101204
JVASP-2020,0,Ni,6.288268,1.8805547,4.8329253
JVASP-2020,1,Cl,38.553276,2.2208824,36.797863
JVASP-2020,2,Cl,38.553276,2.2208824,36.797863
JVASP-19900,0,P,0.0,2.1960397,2.1960397
JVASP-19900,1,Zr,0.0028284274,0.07865944,0.07828905
JVASP-16494,0,Zr,37.74296,0.104350075,37.656208
JVASP-16494,1,Zr,37.74296,0.104350075,37.656208
JVASP-16494,2,Zr,37.74296,0.104350075,37.656208
JVASP-16494,3,Zr,37.74296,0.104350075,37.656208
JVASP-16494,4,P,4.739763,2.2549214,2.558471
JVASP-16494,5,P,4.739763,2.2549214,2.558471
JVASP-16494,6,P,12.203358,2.2010317,14.369415
JVASP-16494,7,P,12.203358,2.2010317,14.369415
JVASP-42261,0,Ti,34.466003,0.048995286,34.490704
JVASP-42261,1,V,8.127038,0.03680411,8.122586
JVASP-42261,2,O,34.11869,1.18778,33.943077
JVASP-42261,3,O,13.462947,1.125089,13.586129
JVASP-42261,4,O,34.117992,1.1877775,33.973774
JVASP-42261,5,O,13.462213,1.1250871,13.617611
JVASP-52735,0,Ti,31.281374,0.23969764,31.170752
JVASP-52735,1,V,12.189686,0.19818479,12.205115
JVASP-52735,2,O,38.04496,1.2171521,37.935337
JVASP-52735,3,O,27.482864,1.2747636,27.59699
JVASP-52735,4,O,27.482864,1.2747636,27.59699
JVASP-52735,5,O,38.04496,1.2171521,37.935337
JVASP-18755,0,Nd,17.986603,0.068458945,17.927711
JVASP-18755,1,Zn,8.031262,1.832103,9.56399
JVASP-18755,2,Zn,36.89789,1.7211237,38.610428
JVASP-18755,3,Zn,36.89789,1.7211237,38.610428
JVASP-18755,4,Zn,8.029749,1.8321,9.428548
JVASP-18755,5,Zn,8.031262,1.832103,9.558774
JVASP-19610,0,Nd,0.0,0.043902013,0.043902013
JVASP-19610,1,Zn,0.0,1.1306328,1.1306328
JVASP-68988,0,K,6.0771837,0.17482065,5.985937
JVASP-68988,1,K,8.83531,0.23953645,9.071387
JVASP-68988,2,Ba,36.192844,0.16549112,36.340446
JVASP-68988,3,Zn,12.075168,2.0324183,10.05991
JVASP-69369,0,K,6.0828996,0.17482065,5.991651
JVASP-69369,1,K,8.903895,0.23947118,9.139897
JVASP-69369,2,Ba,36.20754,0.16538246,36.355003
JVASP-69369,3,Zn,12.124158,2.0309088,10.110418
JVASP-36979,0,Na,5.1373124,0.18749647,5.0626884
JVASP-36979,1,Na,5.1373124,0.18749647,5.0626884
JVASP-36979,2,Mo,1.9808073,0.16705617,1.8977296
JVASP-36979,3,Mo,1.9808073,0.16705613,1.8977296
JVASP-36979,4,O,25.38827,1.4609942,25.114937
JVASP-36979,5,O,25.38831,1.4609883,25.940323
JVASP-36979,6,O,25.387049,1.4609896,25.12802
JVASP-36979,7,O,25.38759,1.4609894,25.939579
JVASP-36979,8,O,25.387373,1.4609942,25.11405
JVASP-36979,9,O,25.387062,1.4609883,25.128036
JVASP-55132,0,Na,24.79509,0.21241009,24.972525
JVASP-55132,1,Mo,35.076397,0.28310862,35.33215
JVASP-55132,2,O,4.465473,0.90773153,3.698865
JVASP-55132,3,O,4.465473,0.90773153,3.698865
JVASP-20287,0,Hf,0.0,0.471906,0.471906
JVASP-20287,1,Co,0.0,0.68536675,0.68536675
JVASP-79551,0,Hf,15.799116,0.49174184,16.27627
JVASP-79551,1,Hf,15.799116,0.49174184,16.27627
JVASP-79551,2,Hf,15.799116,0.49174184,16.27627
JVASP-79551,3,Hf,15.799116,0.49174184,16.27627
JVASP-79551,4,Co,36.795082,1.1345294,37.900467
JVASP-79551,5,Co,36.795082,1.1345294,37.900467
JVASP-79551,6,Co,36.795082,1.1345294,37.900467
JVASP-79551,7,Co,36.795082,1.1345294,37.900467
JVASP-20495,0,Si,33.142193,0.4415826,33.21954
JVASP-20495,1,Si,33.14207,0.4415826,33.36119
JVASP-20495,2,Si,33.14207,0.4415826,33.36119
JVASP-20495,3,Si,33.142193,0.4415826,33.21954
JVASP-20495,4,Ce,31.838749,0.22239935,31.66739
JVASP-20495,5,Ce,31.838749,0.22239935,31.66739
JVASP-20230,0,Si,33.142014,0.4415826,33.21936
JVASP-20230,1,Si,33.14207,0.4415826,33.36119
JVASP-20230,2,Si,33.14207,0.4415826,33.36119
JVASP-20230,3,Si,33.142014,0.4415826,33.21936
JVASP-20230,4,Ce,31.838749,0.22239935,31.66739
JVASP-20230,5,Ce,31.838749,0.22239935,31.66739
JVASP-37468,0,Yb,31.636793,3.127581,30.190256
JVASP-37468,1,Yb,31.636793,3.127581,30.19974
JVASP-37468,2,Yb,31.636791,3.127581,34.763912
JVASP-37468,3,Rb,0.0,0.29946268,0.29946268
JVASP-37541,0,Yb,23.00561,3.127581,19.878616
JVASP-37541,1,Yb,23.00561,3.127581,19.878616
JVASP-37541,2,Yb,29.645359,3.127581,32.77248
JVASP-37541,3,Yb,23.00561,3.127581,19.878616
JVASP-37541,4,Yb,23.00561,3.127581,19.878616
JVASP-37541,5,Yb,29.645359,3.127581,32.77248
JVASP-37541,6,Rb,0.7903687,0.29946268,1.0615255
JVASP-37541,7,Rb,0.7903687,0.29946268,1.0615255
JVASP-45967,0,Dy,27.162392,0.44543108,26.719538
JVASP-45967,1,Dy,27.162392,0.44543108,26.719538
JVASP-45967,2,Dy,27.162392,0.44543108,26.719538
JVASP-45967,3,Dy,27.162392,0.44543108,26.719538
JVASP-45967,4,S,18.496098,2.9798949,21.43521
JVASP-45967,5,S,18.496098,2.9798949,21.43521
JVASP-45967,6,O,16.391985,1.3068095,17.68215
JVASP-45967,7,O,16.391985,1.3068095,17.68215
JVASP-45967,8,O,16.391985,1.3068095,17.68215
JVASP-45967,9,O,16.391985,1.3068095,17.68215
JVASP-7752,0,Dy,30.767225,0.55537605,30.21397
JVASP-7752,1,Dy,30.767225,0.55537605,30.21397
JVASP-7752,2,S,16.851265,2.9753032,19.786009
JVASP-7752,3,O,17.987827,1.2986302,19.26952
JVASP-7752,4,O,17.987827,1.2986302,19.26952
JVASP-36410,0,Be,0.29768103,0.46522954,0.20722938
JVASP-36410,1,B,30.081367,2.0357735,28.05112
JVASP-36410,2,B,30.081367,2.0357735,28.05112
JVASP-24607,0,Be,1.9628577,0.5135828,2.4295328
JVASP-24607,1,Be,1.9628577,0.5135828,2.4295328
JVASP-24607,2,Be,1.2508727,0.5762605,1.800904
JVASP-24607,3,Be,1.2508727,0.5762605,1.800904
JVASP-24607,4,Be,6.4283595,0.63969135,6.6691046
JVASP-24607,5,Be,6.4283595,0.63969135,6.2391644
JVASP-24607,6,Be,6.4283595,0.63969135,6.6691046
JVASP-24607,7,Be,6.4283595,0.63969135,6.2391644
JVASP-24607,8,B,7.355818,1.8295797,5.554462
JVASP-24607,9,B,7.355818,1.8295797,5.554462
JVASP-15704,0,Ca,6.8267283,0.2980037,6.5329294
JVASP-15704,1,Mn,29.163218,0.057074923,29.122208
JVASP-15704,2,Mn,29.163218,0.057074923,29.122208
JVASP-15704,3,P,2.8054821,1.9371986,4.7167673
JVASP-15704,4,P,2.8054821,1.9371986,4.7167673
JVASP-14404,0,Ca,6.827136,0.29800415,6.5333614
JVASP-14404,1,Mn,29.162807,0.057074875,29.12181
JVASP-14404,2,Mn,29.162807,0.057074875,29.12181
JVASP-14404,3,P,2.8054821,1.9372002,4.7167687
JVASP-14404,4,P,2.8054821,1.9372002,4.7167687
JVASP-77419,0,Sr,28.578568,0.22632664,28.618519
JVASP-77419,1,Sr,28.578568,0.22632664,28.618519
JVASP-77419,2,Li,2.1672392,0.28043965,2.1233332
JVASP-77419,3,Mg,5.583526,0.2887047,5.528339
JVASP-81664,0,Sr,30.391565,0.22632647,30.174465
JVASP-81664,1,Sr,30.391565,0.22632647,30.174465
JVASP-81664,2,Sr,30.391565,0.22632647,30.174465
JVASP-81664,3,Sr,30.391565,0.22632647,30.174465
JVASP-81664,4,Li,2.1185613,0.28043956,2.3966053
JVASP-81664,5,Li,2.1185613,0.28043956,2.3966053
JVASP-81664,6,Mg,5.2178354,0.28870472,5.4283943
JVASP-81664,7,Mg,5.2178354,0.28870472,5.4283943
JVASP-36650,0,Mg,4.526658,0.29552266,4.808078
JVASP-36650,1,Si,1.7048448,1.0437087,0.66309726
JVASP-36650,2,N,13.410956,1.827074,15.237864
JVASP-36650,3,N,13.410956,1.827074,15.237864
JVASP-7813,0,N,29.102276,1.6253142,30.10377
JVASP-7813,1,N,29.101444,1.6253153,28.20753
JVASP-7813,2,N,29.101831,1.6253153,28.141706
JVASP-7813,3,N,29.102276,1.6253142,30.00625
JVASP-7813,4,Mg,26.702894,0.3502264,26.536936
JVASP-7813,5,Mg,26.702894,0.3502264,26.536936
JVASP-7813,6,Si,2.979757,0.7489373,3.4039073
JVASP-7813,7,Si,2.979757,0.7489373,3.4039073
JVASP-15656,0,Sm,26.082167,0.117853835,26.195274
JVASP-15656,1,Sm,26.082167,0.117853835,26.195274
JVASP-15656,2,Ti,1.3194585,0.45515344,1.774041
JVASP-15656,3,Ti,1.3194585,0.45515344,1.774041
JVASP-15656,4,Ge,16.78962,0.47846186,17.242212
JVASP-15656,5,Ge,16.78962,0.47846186,17.242212
JVASP-16247,0,Ti,12.743517,0.46514732,12.484078
JVASP-16247,1,Ti,12.74134,0.46514735,12.522473
JVASP-16247,2,Ge,0.7805562,0.7426325,1.4375508
JVASP-16247,3,Ge,0.7805562,0.7426325,1.4375508
JVASP-16247,4,Sm,4.9786353,0.1193962,5.080984
JVASP-16247,5,Sm,4.9786353,0.1193962,5.080984
JVASP-50027,0,Ce,24.390175,0.31088972,24.079733
JVASP-50027,1,Ce,24.346571,0.31089312,24.036133
JVASP-50027,2,Sm,16.936628,0.05398849,16.904152
JVASP-50027,3,Sm,16.98895,0.053984936,16.956497
JVASP-50027,4,O,9.948325,0.7330935,10.194997
JVASP-50027,5,O,9.962631,0.7331407,9.740177
JVASP-50027,6,O,9.9625845,0.73318815,9.740304
JVASP-50027,7,O,9.948355,0.7331513,10.194918
JVASP-50891,0,Ce,16.708788,0.30671817,17.01514
JVASP-50891,1,Sm,8.739782,0.05261345,8.770608
JVASP-50891,2,O,0.32292828,0.74959546,0.4542545
JVASP-50891,3,O,0.32292828,0.74959546,0.4542545
JVASP-38302,0,Rb,0.0,0.2162845,0.2162845
JVASP-38302,1,Na,0.0,0.3355731,0.3355731
JVASP-38302,2,O,22.984379,1.4532131,24.43185
JVASP-38302,3,O,22.984379,1.4532131,22.179434
JVASP-38302,4,O,22.984379,1.4532131,22.412895
JVASP-8173,0,Rb,1.063895,0.13221702,1.196026
JVASP-8173,1,Rb,1.063895,0.13221702,1.196026
JVASP-8173,2,Na,6.4984965,0.19921145,6.6966577
JVASP-8173,3,Na,6.4984965,0.19921145,6.6966577
JVASP-8173,4,O,3.1402457,1.4145608,1.7430965
JVASP-8173,5,O,3.1402457,1.4145608,1.7430965
JVASP-38220,0,Nd,0.0,0.07463174,0.07463174
JVASP-38220,1,Y,10.061687,0.19941859,10.189346
JVASP-38220,2,Y,10.061687,0.19941859,10.133647
JVASP-38220,3,Y,10.061687,0.19941859,9.865006
JVASP-38227,0,Nd,21.597967,0.07366784,21.527697
JVASP-38227,1,Nd,21.597967,0.07366784,21.527697
JVASP-38227,2,Y,8.976563,0.20161834,9.175498
JVASP-38227,3,Y,8.976563,0.20161834,9.175498
JVASP-38227,4,Y,12.691624,0.20161834,12.492793
JVASP-38227,5,Y,8.976563,0.20161834,9.175498
JVASP-38227,6,Y,8.976563,0.20161834,9.175498
JVASP-38227,7,Y,12.691624,0.20161834,12.492793
JVASP-19970,0,Er,2.7165077,0.17872715,2.884842
JVASP-19970,1,B,7.05698,0.9714873,6.0864487
JVASP-19970,2,B,7.05698,0.9714873,6.0864487
JVASP-19660,0,Er,0.0,0.14236599,0.14236599
JVASP-19660,1,B,20.350359,1.0070223,19.889063
JVASP-19660,2,B,20.350359,1.0070223,19.889063
JVASP-19660,3,B,20.350359,1.0070223,21.356707
JVASP-19660,4,B,20.350359,1.0070223,21.356707
JVASP-19660,5,B,20.350359,1.0070223,19.84364
JVASP-19660,6,B,20.350359,1.0070223,19.84364
JVASP-8075,0,Ge,0.0,0.12841602,0.12841602
JVASP-8075,1,Ge,0.0,0.12841602,0.12841602
JVASP-8075,2,Mo,19.196651,0.1276486,19.231737
JVASP-8075,3,Mo,19.196651,0.1276486,19.231737
JVASP-8075,4,Mo,19.196651,0.1276486,19.07305
JVASP-8075,5,Mo,19.196651,0.1276486,19.07305
JVASP-8075,6,Mo,19.196651,0.1276486,19.285799
JVASP-8075,7,Mo,19.196651,0.1276486,19.285799
JVASP-15927,0,Ge,2.616055,0.47091758,2.205523
JVASP-15927,1,Ge,2.616055,0.47091758,2.205523
JVASP-15927,2,Ge,2.616055,0.47091758,2.205523
JVASP-15927,3,Ge,2.616055,0.47091758,2.205523
JVASP-15927,4,Mo,15.343603,0.06024254,15.386656
JVASP-15927,5,Mo,15.343603,0.06024254,15.386656
JVASP-35763,0,Ga,0.0,0.12394258,0.12394258
JVASP-35763,1,Bi,0.0,1.1610146,1.1610146
JVASP-37780,0,Ga,17.881275,0.085455656,17.814304
JVASP-37780,1,Ga,17.881275,0.085455656,17.958694
JVASP-37780,2,Ga,17.881275,0.085455656,17.871147
JVASP-37780,3,Bi,0.0,1.1331911,1.1331911
JVASP-15748,0,Sm,16.469143,0.18083528,16.648485
JVASP-15748,1,Al,0.92182463,0.26467055,0.6730243
JVASP-15748,2,Al,0.92182463,0.26467055,0.6730243
JVASP-15748,3,Si,7.3043785,0.26789144,7.039616
JVASP-15748,4,Si,7.3043785,0.26789144,7.039616
JVASP-16856,0,Al,3.6292799,0.24181396,3.4645767
JVASP-16856,1,Al,3.6296902,0.24181394,3.5442693
JVASP-16856,2,Si,2.4125803,0.48527628,2.458637
JVASP-16856,3,Si,2.4131465,0.48527646,2.287552
JVASP-16856,4,Sm,15.857564,0.18297863,15.777575
JVASP-16856,5,Sm,15.847251,0.18297863,15.755086
JVASP-67619,0,Be,3.3762143,0.20981768,3.1723683
JVASP-67619,1,Fe,2.0273614,0.10063443,1.92944
JVASP-67619,2,V,11.36155,0.39843753,11.756337
JVASP-74841,0,Be,7.090054,0.22433764,6.871276
JVASP-74841,1,V,13.1672325,0.42801356,13.590888
JVASP-74841,2,Fe,15.257873,0.07932012,15.181813
JVASP-38424,0,Li,0.1837607,0.22690246,0.40816322
JVASP-38424,1,Li,0.1837607,0.22690246,0.40816322
JVASP-38424,2,Zn,5.0227246,0.46741086,5.4606533
JVASP-38424,3,Zn,5.0239215,0.46740738,5.4752173
JVASP-38424,4,Zn,5.0239215,0.46740738,5.473812
JVASP-38424,5,Zn,5.0227246,0.46741086,5.4606533
JVASP-38424,6,Zn,5.0239215,0.46740738,5.4752173
JVASP-38424,7,Zn,5.0239215,0.46740738,5.473812
JVASP-79432,0,Li,0.106144555,0.31296864,0.20989385
JVASP-79432,1,Li,0.106144555,0.31296864,0.20989385
JVASP-79432,2,Li,0.64993125,0.31296864,0.958824
JVASP-79432,3,Zn,14.1629505,1.2702324,15.428219
JVASP-1072,0,Si,4.278034,1.6301763,5.880954
JVASP-1072,1,Si,4.278034,1.6301763,5.881037
JVASP-1072,2,Ge,11.551794,2.385666,13.871274
JVASP-1072,3,Ge,11.551794,2.385666,13.871274
JVASP-1073,0,Si,4.5111437,1.6453316,6.1288238
JVASP-1073,1,Si,4.5111437,1.6453316,6.1288238
JVASP-1073,2,Ge,12.1666155,2.4085398,14.508232
JVASP-1073,3,Ge,12.1666155,2.4085398,14.508232
JVASP-38199,0,Nd,0.0,0.07114682,0.07114682
JVASP-38199,1,Th,11.583637,0.66946304,10.920002
JVASP-38199,2,Th,11.583637,0.66946304,11.868518
JVASP-38199,3,Th,11.583637,0.66946304,11.99076
JVASP-39430,0,Nd,2.4274445,0.067998506,2.4912753
JVASP-39430,1,Nd,2.4274445,0.067998506,2.4912753
JVASP-39430,2,Nd,2.7483275,0.067998506,2.6847148
JVASP-39430,3,Nd,2.4274445,0.067998506,2.4912753
JVASP-39430,4,Nd,2.4274445,0.067998506,2.4912753
JVASP-39430,5,Nd,2.7483275,0.067998506,2.6847148
JVASP-39430,6,Th,5.1226997,0.66730016,4.4618053
JVASP-39430,7,Th,5.1226997,0.66730016,4.4618053
JVASP-67446,0,Na,1.9375485,0.43990833,2.3733716
JVASP-67446,1,Be,7.461973,0.28616112,7.185074
JVASP-67446,2,Br,0.15309474,4.7114873,4.8605013
JVASP-67684,0,Be,4.3968396,0.40885797,3.9968567
JVASP-67684,1,Br,9.823271,4.667317,14.417571
JVASP-67684,2,Na,1.9367309,0.40379468,2.336345
JVASP-38949,0,Tb,0.0,0.5611368,0.5611368
JVASP-38949,1,Y,5.0459485,0.18679549,5.1658397
JVASP-38949,2,Y,5.0459485,0.18679549,5.1154766
JVASP-38949,3,Y,5.045949,0.18679549,4.861633
JVASP-78998,0,Tb,4.385403,0.56132,3.825053
JVASP-78998,1,Tb,4.385403,0.56132,3.825053
JVASP-78998,2,Y,1.7726141,0.18703672,1.9574833
JVASP-78998,3,Y,1.7726141,0.18703672,1.9574833
JVASP-78998,4,Y,6.9638987,0.18703672,6.779323
JVASP-78998,5,Y,1.7726141,0.18703672,1.9574833
JVASP-78998,6,Y,1.7726141,0.18703672,1.9574833
JVASP-78998,7,Y,6.9638987,0.18703672,6.779323
JVASP-66870,0,Mg,3.2602708,0.3514002,2.9130692
JVASP-66870,1,Be,1.5725725,0.03177107,1.5603485
JVASP-66870,2,Be,1.2476068,0.1977567,1.4393597
JVASP-66870,3,Cu,6.0649366,0.16603367,5.9335537
JVASP-66944,0,Mg,3.2529223,0.35151517,2.905609
JVASP-66944,1,Be,1.5725725,0.031819955,1.5602255
JVASP-66944,2,Be,1.2492397,0.19784413,1.4410796
JVASP-66944,3,Cu,6.090248,0.16600321,5.958911
JVASP-18409,0,H,0.0014142137,0.9443543,0.94438463
JVASP-18409,1,Ni,0.021786846,0.5523182,0.55759275
JVASP-50851,0,Ni,5.3321323,0.3915259,5.7234926
JVASP-50851,1,Ni,5.320293,0.3915451,5.711674
JVASP-50851,2,H,0.053888775,0.67529166,0.6219157
JVASP-38623,0,Ni,2.2919059,1.1197644,3.408221
JVASP-38623,1,Ni,2.2919059,1.1197644,3.408221
JVASP-38623,2,Ag,0.25474694,0.8389591,1.0929867
JVASP-38623,3,Ag,0.25474694,0.8389591,1.0929867
JVASP-38623,4,Ag,1.4884733,0.8389591,2.325457
JVASP-38623,5,Ag,0.25474694,0.8389591,1.0929867
JVASP-38623,6,Ag,0.25474694,0.8389591,1.0929867
JVASP-38623,7,Ag,1.4884733,0.8389591,2.325457
JVASP-38627,0,Ni,0.0,0.48513597,0.48513597
JVASP-38627,1,Ag,1.4427495,0.31395465,1.7497092
JVASP-38627,2,Ag,1.4427495,0.31395465,1.3856107
JVASP-38627,3,Ag,1.4427495,0.31395465,1.2485517
JVASP-14817,0,Rh,0.021725561,0.20419103,0.20400615
JVASP-984,0,Rh,0.0,0.204191,0.204191
JVASP-984,1,Rh,0.0,0.204191,0.204191
JVASP-984,2,Rh,0.0,0.204191,0.204191
JVASP-984,3,Rh,0.0,0.204191,0.204191
JVASP-14575,0,N,0.0,0.33523563,0.33523563
JVASP-14575,1,Ce,0.008,0.30131245,0.29782072
JVASP-78358,0,Ce,0.0,0.30130905,0.30130905
JVASP-78358,1,Ce,0.0,0.30130905,0.30130905
JVASP-78358,2,Ce,0.0,0.30130905,0.30130905
JVASP-78358,3,Ce,0.0,0.30130905,0.30130905
JVASP-78358,4,N,0.0,0.33522385,0.33522385
JVASP-78358,5,N,0.0,0.33522385,0.33522385
JVASP-78358,6,N,0.0,0.33522385,0.33522385
JVASP-78358,7,N,0.0,0.33522385,0.33522385
JVASP-35994,0,Ho,0.0,0.6807367,0.6807367
JVASP-35994,1,Bi,0.0,0.9624259,0.9624259
JVASP-18308,0,Ho,0.005291503,1.5450147,1.5437816
JVASP-18308,1,Bi,0.0014142137,1.0427487,1.0427314
JVASP-14987,0,As,0.0,0.61200124,0.61200124
JVASP-14987,1,Dy,0.0037416576,1.2970188,1.2995721
JVASP-36430,0,Dy,0.0,0.5158959,0.5158959
JVASP-36430,1,As,0.0,2.4791887,2.4791887
JVASP-1993,0,K,0.00244949,0.22073507,0.21965612
JVASP-1993,1,Br,0.002,1.6096132,1.6096325
JVASP-54807,0,K,0.0,0.4648948,0.4648948
JVASP-54807,1,Br,0.0,5.787422,5.787422
JVASP-20370,0,Sc,0.00081649655,0.6159123,0.61510795
JVASP-20370,1,As,0.0,3.4990442,3.4990442
JVASP-16886,0,Sc,0.0,0.5427919,0.5427919
JVASP-16886,1,As,0.0,2.0644386,2.0644386
JVASP-78345,0,I,0.0,5.427738,5.427738
JVASP-78345,1,N,0.0,0.32497555,0.32497555
JVASP-78387,0,I,0.0,7.410283,7.410283
JVASP-78387,1,N,0.0,0.2543489,0.2543489
JVASP-20525,0,Er,0.0,0.77747166,0.77747166
JVASP-20525,1,Cu,0.0,1.2590177,1.2590177
JVASP-20254,0,Er,0.0,0.77747166,0.77747166
JVASP-20254,1,Cu,0.0,1.2590177,1.2590177
JVASP-78388,0,Br,0.0,5.654098,5.654098
JVASP-78388,1,Br,0.0,5.654098,5.654098
JVASP-78388,2,Br,0.0,5.654098,5.654098
JVASP-78388,3,Br,0.0,5.654098,5.654098
JVASP-78388,4,N,0.0,0.40538475,0.40538475
JVASP-78388,5,N,0.0,0.40538475,0.40538475
JVASP-78388,6,N,0.0,0.40538475,0.40538475
JVASP-78388,7,N,0.0,0.40538475,0.40538475
JVASP-78420,0,Br,0.0,4.009895,4.009895
JVASP-78420,1,N,0.0,0.39606178,0.39606178
JVASP-17502,0,Ni,2.8977463,0.9906973,3.8870804
JVASP-17502,1,Ni,2.8977463,0.9906973,3.8870804
JVASP-17502,2,As,54.082287,1.896949,55.91709
JVASP-17502,3,As,54.082287,1.896949,55.91709
JVASP-17502,4,Rh,61.087822,1.0981401,62.185913
JVASP-17502,5,Rh,61.087822,1.0981401,62.185913
JVASP-38562,0,Nd,60.877575,0.09779431,60.78142
JVASP-38562,1,Nd,60.877575,0.09779431,60.78142
JVASP-38562,2,Sc,9.418218,0.56703573,9.943392
JVASP-38562,3,Sc,9.416876,0.56703603,9.913528
JVASP-38562,4,Sc,9.418218,0.56703573,9.947837
JVASP-38562,5,Sc,9.418218,0.56703573,9.943392
JVASP-38562,6,Sc,9.41762,0.56703603,9.914282
JVASP-38562,7,Sc,9.418218,0.56703573,9.947837
JVASP-41748,0,Sc,14.875599,0.4575824,15.163214
JVASP-41748,1,Sc,14.876381,0.45758188,15.198279
JVASP-41748,2,Sc,14.875599,0.4575824,15.171526
JVASP-41748,3,Sc,14.875067,0.4575824,15.162665
JVASP-41748,4,Sc,14.876381,0.45758188,15.198279
JVASP-41748,5,Sc,14.875067,0.4575824,15.170979
JVASP-41748,6,Tc,60.739998,0.324794,60.416008
JVASP-41748,7,Tc,60.73959,0.324794,60.4156
JVASP-16161,0,Sc,3.2637267,0.40954497,3.5226953
JVASP-16161,1,Sc,3.2655666,0.409545,3.4419825
JVASP-16161,2,Sc,3.2637267,0.40954497,3.5051317
JVASP-16161,3,Fe,17.005507,0.5634035,16.706072
JVASP-16161,4,Fe,17.007635,0.5634037,16.646288
JVASP-16161,5,Fe,17.005507,0.5634035,16.711231
JVASP-16161,6,Ge,60.50852,1.0536263,59.517506
JVASP-16161,7,Ge,52.935925,1.141681,51.853107
JVASP-16161,8,Ge,52.935925,1.141681,51.853107
JVASP-67308,0,Be,0.29069343,0.3171939,0.60510886
JVASP-67308,1,Ca,36.0026,0.47424343,35.53193
JVASP-67308,2,Zr,60.340733,0.13785237,60.472954
JVASP-67920,0,Be,1.8730448,0.42050615,2.2872732
JVASP-67920,1,Ru,34.20794,0.47167206,34.67857
JVASP-67920,2,Sc,11.704478,0.4954898,12.196932
JVASP-67920,3,Sc,59.653236,0.4954898,60.145588
JVASP-24907,0,Sr,17.646206,0.03435866,17.615294
JVASP-24907,1,Sr,17.646206,0.03435538,17.615297
JVASP-24907,2,Fe,67.51351,0.96735275,66.751396
JVASP-24907,3,Fe,67.51454,0.9673507,66.79701
JVASP-24907,4,Se,28.60181,4.1816278,25.120016
JVASP-24907,5,Se,28.601812,4.181624,25.119974
JVASP-24907,6,O,37.56515,1.8603598,39.193794
JVASP-24907,7,F,12.026534,2.8301175,9.653157
JVASP-24907,8,F,12.026534,2.830118,9.653156
JVASP-17820,0,Ce,60.37945,0.1945722,60.254814
JVASP-17820,1,Ce,60.380245,0.19457217,60.24462
JVASP-17820,2,Co,44.01826,0.9458864,44.541653
JVASP-17820,3,Co,44.0186,0.9458863,44.520023
JVASP-17820,4,C,35.70818,1.5597794,36.12727
JVASP-17820,5,C,35.70832,1.5597798,36.244473
JVASP-17820,6,C,36.200134,1.3991483,36.640965
JVASP-17820,7,C,36.199368,1.3991486,36.769127
JVASP-37778,0,Tl,44.52515,1.2396486,45.3187
JVASP-37778,1,Tl,44.52489,1.2396481,44.582127
JVASP-37778,2,Tl,44.52489,1.2396481,44.620567
JVASP-37778,3,Tl,44.52515,1.2396486,45.3187
JVASP-37778,4,Tl,44.52489,1.2396481,44.582127
JVASP-37778,5,Tl,44.52489,1.2396481,44.620567
JVASP-37778,6,Pb,59.196815,1.1275451,60.123993
JVASP-37778,7,Pb,59.196815,1.1275451,60.123993
JVASP-63765,0,B,6.858714,1.4546206,7.171229
JVASP-63765,1,B,6.858714,1.4546206,7.171229
JVASP-63765,2,Ni,38.653732,0.38420615,38.973892
JVASP-63765,3,W,60.15711,0.6391449,60.282303
JVASP-63765,4,W,60.15711,0.6391449,60.282303
JVASP-79001,0,Tb,19.932314,0.56120807,19.371975
JVASP-79001,1,Tb,19.932314,0.56120807,19.371975
JVASP-79001,2,Tb,58.92003,0.56120807,59.4804
JVASP-79001,3,Tb,19.932314,0.56120807,19.371975
JVASP-79001,4,Tb,19.932314,0.56120807,19.371975
JVASP-79001,5,Tb,58.92003,0.56120807,59.4804
JVASP-79001,6,Yb,16.191128,1.2078116,14.9841795
JVASP-79001,7,Yb,16.191128,1.2078116,14.9841795
JVASP-8125,0,Na,0.20167466,0.3951758,0.19889675
JVASP-8125,1,Na,0.20167466,0.3951758,0.19889675
JVASP-8125,2,Cu,4.408265,1.745036,6.1469316
JVASP-8125,3,Cu,4.408265,1.745036,6.1469316
JVASP-8125,4,Se,58.665283,2.7640488,61.358475
JVASP-8125,5,Se,58.665283,2.7640488,61.358475
JVASP-26526,0,Ba,56.11794,0.24338509,56.329987
JVASP-26526,1,Ba,56.113766,0.24338487,56.325813
JVASP-26526,2,Fe,59.208702,0.9255063,58.66237
JVASP-26526,3,Fe,59.21532,0.9254916,58.74394
JVASP-26526,4,S,27.225574,2.7419124,24.8942
JVASP-26526,5,S,27.226103,2.7419076,24.893353
JVASP-26526,6,O,40.862087,1.7982261,42.44183
JVASP-26526,7,F,21.256376,2.7870185,18.859055
JVASP-26526,8,F,21.25686,2.7870278,18.859594
JVASP-37964,0,Ac,0.0,0.69722444,0.69722444
JVASP-37964,1,Er,58.268463,0.96889246,57.77414
JVASP-37964,2,Er,58.268463,0.96889246,57.806747
JVASP-37964,3,Er,58.268463,0.96889246,59.23669
JVASP-67712,0,Be,5.1145353,0.4122085,5.517368
JVASP-67712,1,Mo,58.194977,0.12259292,58.274075
JVASP-67712,2,Tl,28.587996,1.3990551,27.308718
JVASP-69073,0,Ba,57.659355,0.199835,57.46549
JVASP-69073,1,Cu,57.935333,1.4014287,59.324894
JVASP-69073,2,Rh,57.76222,1.0468223,58.143658
JVASP-69073,3,Rh,57.76222,1.0468223,58.041546
JVASP-38597,0,K,5.4140162,0.389306,5.1631346
JVASP-38597,1,K,5.413284,0.38930735,5.1985645
JVASP-38597,2,K,5.4140162,0.389306,5.1710076
JVASP-38597,3,K,5.413999,0.389306,5.1630898
JVASP-38597,4,K,5.413284,0.38930735,5.1985645
JVASP-38597,5,K,5.413999,0.389306,5.170963
JVASP-38597,6,Co,57.747944,1.3488443,56.423508
JVASP-38597,7,Co,57.748764,1.3488443,56.424328
JVASP-17887,0,Si,11.934477,1.0601909,12.588763
JVASP-17887,1,Si,11.934477,1.0601909,12.588763
JVASP-17887,2,Nd,57.4993,0.059443716,57.526165
JVASP-17887,3,Pt,0.28794098,1.6868651,1.867648
JVASP-17887,4,Pt,0.28794098,1.6868651,1.867648
JVASP-35971,0,Lu,37.03506,0.38361004,36.651936
JVASP-35971,1,Cu,20.09644,2.23768,22.333067
JVASP-35971,2,S,47.425797,3.1326413,50.49514
JVASP-35971,3,S,57.236004,3.1342478,54.170948
JVASP-15185,0,Sr,57.00534,0.21043122,57.215027
JVASP-15185,1,Sr,57.00534,0.21043122,57.215027
JVASP-15185,2,Fe,12.667128,0.5512524,12.1159115
JVASP-15185,3,Fe,12.667128,0.5512524,12.1159115
JVASP-15185,4,Fe,12.667128,0.5512524,12.1159115
JVASP-15185,5,Fe,12.667128,0.5512524,12.1159115
JVASP-15185,6,P,13.227245,1.8068513,14.995205
JVASP-15185,7,P,13.227245,1.8068513,14.995205
JVASP-15185,8,P,13.227245,1.8068513,14.995205
JVASP-15185,9,P,13.227245,1.8068513,14.995205
JVASP-14537,0,Y,0.0,0.0700052,0.0700052
JVASP-14537,1,Pt,56.764473,1.4919562,58.231037
JVASP-14537,2,Pt,56.764473,1.4919562,55.805977
JVASP-14537,3,Pt,56.764473,1.4919562,56.286182
JVASP-1654,0,S,2.5299134,1.1929264,3.58747
JVASP-1654,1,S,2.5299134,1.1929264,3.58747
JVASP-1654,2,Rb,51.947098,0.19257538,51.790028
JVASP-1654,3,Pr,56.5404,0.18219365,56.39297
JVASP-37310,0,Sr,35.612724,0.27365664,35.339085
JVASP-37310,1,Ga,56.46319,0.4843787,56.019238
JVASP-37310,2,Ga,56.46319,0.4843787,56.019238
JVASP-37310,3,H,5.9604254,0.47624645,5.4874897
JVASP-37310,4,H,5.9604254,0.47624645,5.4874897
JVASP-80135,0,Na,5.367544,0.42229977,5.3313246
JVASP-80135,1,Na,5.367544,0.42229977,5.3313246
JVASP-80135,2,Cd,63.679398,1.0328896,63.20521
JVASP-80135,3,Cd,63.679398,1.0328896,63.20521
JVASP-80135,4,In,41.936768,0.3062519,41.638668
JVASP-80135,5,In,41.936768,0.3062519,41.638668
JVASP-80135,6,In,41.936768,0.3062519,41.638668
JVASP-80135,7,In,41.936768,0.3062519,41.638668
JVASP-81639,0,Li,0.3559354,0.4226427,0.55313385
JVASP-81639,1,Li,0.3559354,0.4226427,0.55313385
JVASP-81639,2,Li,0.3559354,0.4226427,0.55313385
JVASP-81639,3,Li,0.3559354,0.4226427,0.55313385
JVASP-81639,4,Sn,14.546696,0.9156742,14.307972
JVASP-81639,5,Sn,14.546696,0.9156742,14.307972
JVASP-81639,6,Pb,56.14392,1.2556585,55.613796
JVASP-81639,7,Pb,56.14392,1.2556585,55.613796
JVASP-35966,0,Lu,13.26113,0.1899729,13.079738
JVASP-35966,1,Tl,55.905926,1.1510963,56.95086
JVASP-35966,2,Se,32.135674,3.3505197,35.409603
JVASP-35966,3,Se,32.135674,3.3505197,35.409603
JVASP-1717,0,Se,1.4822329,3.4850557,2.3768811
JVASP-1717,1,Se,1.4822329,3.4850557,2.3768811
JVASP-1717,2,Rb,55.71706,0.20483677,55.546528
JVASP-1717,3,Tb,24.135235,1.0999879,23.187027
JVASP-37497,0,Yb,2.5327723,1.1892087,1.345434
JVASP-37497,1,Yb,2.5327723,1.1892087,1.345434
JVASP-37497,2,Pu,16.977415,0.68651444,17.644974
JVASP-37497,3,Pu,16.977415,0.68651444,17.644974
JVASP-37497,4,Pu,55.46624,0.68651444,54.799683
JVASP-37497,5,Pu,16.977415,0.68651444,17.644974
JVASP-37497,6,Pu,16.977415,0.68651444,17.644974
JVASP-37497,7,Pu,55.46624,0.68651444,54.799683
JVASP-37646,0,Sc,0.0,0.34966165,0.34966165
JVASP-37646,1,H,6.513193,0.5610824,6.8821015
JVASP-37646,2,H,6.513193,0.5610824,6.7312856
JVASP-37646,3,H,6.513193,0.5610824,5.9612045
JVASP-37646,4,H,0.0,0.5610824,0.5610824
JVASP-37646,5,Pd,55.32336,0.1644341,55.160114
JVASP-37646,6,Pd,55.32336,0.1644341,55.395344
JVASP-37646,7,Pd,55.32336,0.1644341,55.414993
JVASP-167,0,Mg,0.10165628,0.16540729,0.2628197
JVASP-167,1,I,55.191494,2.1678069,53.222187
JVASP-167,2,I,55.191494,2.1678069,53.222187
JVASP-56898,0,Co,13.693872,0.3160498,14.007739
JVASP-56898,1,Co,13.693872,0.3160498,14.007739
JVASP-56898,2,C,54.906128,2.9351492,57.837593
JVASP-56898,3,C,54.906128,2.9351492,57.837593
JVASP-56898,4,N,5.3839784,3.262382,2.131759
JVASP-56898,5,N,5.3839784,3.262382,2.131759
JVASP-56898,6,N,5.3839784,3.262382,2.131759
JVASP-56898,7,N,5.3839784,3.262382,2.131759
JVASP-25647,0,Yb,54.666897,0.9255432,53.74477
JVASP-25647,1,Yb,54.666897,0.9255432,53.74477
JVASP-25647,2,Cl,22.34996,3.217936,19.20632
JVASP-25647,3,Cl,22.34996,3.217936,19.20632
JVASP-25647,4,F,6.0600376,2.5020466,3.5701363
JVASP-25647,5,F,6.0600376,2.5020466,3.5701363
JVASP-42094,0,Li,0.0,0.11696096,0.11696096
JVASP-42094,1,Tc,0.0,0.2116712,0.2116712
JVASP-42094,2,O,54.365604,1.3914003,52.995518
JVASP-42094,3,O,54.365604,1.3914003,55.267403
JVASP-42094,4,O,54.365604,1.3914003,54.860317
JVASP-80616,0,Al,33.269314,0.07206764,33.213966
JVASP-80616,1,Al,33.269314,0.07206764,33.213966
JVASP-80616,2,Al,33.269314,0.07206764,33.213966
JVASP-80616,3,Al,33.269314,0.07206764,33.213966
JVASP-80616,4,Tc,54.37275,0.1754971,54.20019
JVASP-80616,5,Tc,54.37275,0.1754971,54.20019
JVASP-80616,6,Ir,57.328934,1.0643985,57.9629
JVASP-80616,7,Ir,57.328934,1.0643985,57.9629
JVASP-36897,0,K,0.0037416576,0.047037926,0.048474353
JVASP-36897,1,Hf,0.2312704,0.60156983,0.69842774
JVASP-36897,2,O,53.6806,1.5453571,52.82446
JVASP-36897,3,O,53.67088,1.5453016,53.020008
JVASP-36897,4,O,53.677044,1.5453386,55.21791
JVASP-38083,0,Sr,58.109924,0.29098558,57.844753
JVASP-38083,1,Sr,58.109924,0.29098558,57.844753
JVASP-38083,2,Tc,16.450748,0.18064672,16.292519
JVASP-38083,3,Tc,16.450748,0.18064672,16.292519
JVASP-38083,4,N,37.226673,1.9063381,37.2103
JVASP-38083,5,N,37.225567,1.9063382,37.363686
JVASP-38083,6,N,30.388174,1.1459498,30.93405
JVASP-38083,7,N,37.226673,1.9063381,37.2103
JVASP-38083,8,N,37.225567,1.9063382,37.363686
JVASP-38083,9,N,30.388174,1.1459498,30.907272
JVASP-22687,0,Sr,52.953068,0.095644884,52.859035
JVASP-22687,1,Sr,52.953068,0.095644884,52.859035
JVASP-22687,2,H,0.31598416,0.16963843,0.4686571
JVASP-22687,3,N,16.671228,0.2689228,16.539133
JVASP-38277,0,Rb,8.5658655,0.21153931,8.35486
JVASP-38277,1,Zn,56.059258,2.2375245,55.47335
JVASP-38277,2,Zn,56.059258,2.2375245,55.47335
JVASP-38277,3,Zn,56.059258,2.2375245,55.93672
JVASP-38277,4,Zn,56.059258,2.2375245,55.93672
JVASP-38277,5,As,4.8573384,0.6036392,5.4423804
JVASP-38277,6,As,18.034777,2.1120038,15.98745
JVASP-38277,7,As,18.034777,2.1120038,15.98745
JVASP-37080,0,Sm,48.698303,0.51791495,48.184593
JVASP-37080,1,Tl,52.61953,1.1709859,53.688606
JVASP-37080,2,S,14.030678,1.1328084,15.141082
JVASP-37080,3,S,14.030678,1.1328084,15.141082
JVASP-87077,0,P,52.4159,1.7048118,53.498024
JVASP-87077,1,P,52.4159,1.7048118,53.498024
JVASP-87077,2,Rh,2.8363278,1.3220942,2.2381523
JVASP-87077,3,Rh,2.8363278,1.3220942,2.2381523
JVASP-87077,4,Eu,37.975266,0.10366461,37.922497
JVASP-67204,0,Y,52.17168,0.055716738,52.116444
JVASP-67204,1,Ti,48.855072,0.4281651,49.282234
JVASP-67204,2,Be,8.327044,0.28694266,8.046527
JVASP-10586,0,O,15.566811,1.4913343,15.292413
JVASP-10586,1,O,15.566689,1.4913343,15.504261
JVASP-10586,2,O,15.567615,1.491334,17.046116
JVASP-10586,3,O,15.56747,1.4913343,15.289605
JVASP-10586,4,O,15.567209,1.491334,17.04439
JVASP-10586,5,O,15.567248,1.491334,15.509745
JVASP-10586,6,Ag,51.987736,1.1305119,52.517082
JVASP-10586,7,Ag,51.987736,1.1305119,52.517082
JVASP-10586,8,Ta,10.258576,0.64296037,10.618646
JVASP-10586,9,Ta,10.258576,0.64296037,10.618646
JVASP-15558,0,Ge,51.90084,0.90307397,52.43612
JVASP-15558,1,Ge,51.90084,0.90307397,52.43612
JVASP-15558,2,Pd,28.131676,1.5918121,27.179932
JVASP-15558,3,Pd,28.131676,1.5918121,27.179932
JVASP-15558,4,Tb,19.87097,0.0403742,19.889656
JVASP-8227,0,La,2.1836977,0.3207946,2.4634876
JVASP-8227,1,V,2.070216,0.19928282,2.2449949
JVASP-8227,2,Cr,1.7053717,0.08058569,1.639107
JVASP-8227,3,O,59.05586,1.6128775,59.740932
JVASP-8227,4,O,58.939663,1.612403,59.67328
JVASP-8227,5,O,58.91209,1.6137854,59.63196
JVASP-8227,6,O,59.335663,1.6115679,57.835342
JVASP-8227,7,O,59.152428,1.6117722,57.876293
JVASP-8227,8,O,58.95121,1.6130768,59.635983
JVASP-67742,0,Na,51.698933,0.11346099,51.59539
JVASP-67742,1,Mn,47.241676,0.34179103,46.90556
JVASP-67742,2,Be,13.761512,0.10985828,13.7235365
JVASP-67742,3,Be,13.761512,0.10985828,13.746792
JVASP-36676,0,Cu,0.0,0.7665224,0.7665224
JVASP-36676,1,Ni,51.54216,0.94290745,52.000813
JVASP-36676,2,Ni,51.542164,0.94290745,50.599564
JVASP-36676,3,Ni,51.54216,0.94290745,52.038937
JVASP-36676,4,N,0.0,1.1781764,1.1781764
JVASP-67686,0,Na,51.250675,0.11589726,51.14475
JVASP-67686,1,Be,12.8891735,0.10638092,12.854313
JVASP-67686,2,Be,12.8891735,0.10638092,12.875529
JVASP-67686,3,Co,41.554775,0.095474005,41.49151
JVASP-15698,0,Ca,9.895122,0.2542027,9.643479
JVASP-15698,1,Ca,9.895122,0.2542027,9.643479
JVASP-15698,2,P,50.969795,1.7868754,52.715908
JVASP-15698,3,P,50.969795,1.7868754,52.715908
JVASP-15698,4,P,50.969795,1.7868754,52.715908
JVASP-15698,5,P,50.969795,1.7868754,52.715908
JVASP-15698,6,Pd,22.97948,1.5699103,21.409864
JVASP-15698,7,Pd,22.97948,1.5699103,21.409864
JVASP-15698,8,Pd,22.97948,1.5699103,21.409864
JVASP-15698,9,Pd,22.97948,1.5699103,21.409864
JVASP-12142,0,Fe,1.2982303,0.98757476,0.3265994
JVASP-12142,1,I,50.784046,8.123124,42.95402
JVASP-12142,2,I,50.784046,8.123124,42.95402
JVASP-65038,0,Be,11.052097,0.07542205,10.98311
JVASP-65038,1,Be,0.8197626,0.0708684,0.75629854
JVASP-65038,2,Re,50.433357,0.67747164,51.09654
JVASP-65038,3,Si,18.848824,0.120485656,18.799423
JVASP-54977,0,Sr,28.044487,0.096138135,28.10094
JVASP-54977,1,Mg,13.998718,0.5746266,13.613286
JVASP-54977,2,In,54.251263,0.41758317,53.922874
JVASP-54977,3,In,54.249657,0.41758317,54.538994
JVASP-54977,4,In,30.92524,0.5615978,30.667482
JVASP-2697,0,Na,9.615064,0.4165444,9.20454
JVASP-2697,1,Na,9.615064,0.4165444,9.20454
JVASP-2697,2,Nb,49.808743,0.19452745,49.62656
JVASP-2697,3,Nb,49.808743,0.19452745,49.62656
JVASP-2697,4,Se,30.433277,3.9845989,26.556984
JVASP-2697,5,Se,30.433277,3.9845989,26.556984
JVASP-2697,6,Se,30.433277,3.9845989,26.556984
JVASP-2697,7,Se,30.433277,3.9845989,26.556984
JVASP-79649,0,Y,9.123124,0.10733126,9.142939
JVASP-79649,1,Tl,49.67116,1.1491845,50.71402
JVASP-79649,2,Se,31.065653,3.4428787,34.43132
JVASP-79649,3,Se,31.065653,3.4428787,34.43132
JVASP-38633,0,Pm,52.323162,0.087039374,52.270096
JVASP-38633,1,Pm,52.323612,0.08703937,52.259453
JVASP-38633,2,Pm,52.323612,0.08703937,52.250843
JVASP-38633,3,Pm,52.32423,0.08703937,52.25146
JVASP-38633,4,Pm,52.32423,0.08703937,52.260075
JVASP-38633,5,Pm,52.32332,0.087039374,52.27025
JVASP-38633,6,Sc,1.5946184,0.6033634,2.1957557
JVASP-38633,7,Sc,1.5946184,0.6033634,2.1957557
JVASP-17382,0,Ca,9.861882,0.33687133,9.664875
JVASP-17382,1,Ge,49.08709,1.6625625,50.066673
JVASP-17382,2,Ge,49.08709,1.6625625,50.066673
JVASP-17382,3,Pd,32.80455,1.6024022,31.874483
JVASP-17382,4,Pd,32.80455,1.6024022,31.874483
JVASP-18170,0,Ge,48.93214,0.8962002,49.460144
JVASP-18170,1,Ge,48.93214,0.8962002,49.460144
JVASP-18170,2,Pd,29.684553,1.5912225,28.738104
JVASP-18170,3,Pd,29.684553,1.5912225,28.738104
JVASP-18170,4,Dy,19.955929,0.11455562,20.029188
JVASP-19968,0,Sb,43.335148,3.1768165,46.36514
JVASP-19968,1,Sb,43.335148,3.1768165,46.36514
JVASP-19968,2,Pd,48.579506,1.8693271,50.444164
JVASP-19968,3,Pd,48.579506,1.8693271,50.444164
JVASP-54664,0,Sc,0.0,0.14454637,0.14454637
JVASP-54664,1,Ir,48.430084,1.317602,49.72357
JVASP-54664,2,Ir,48.437027,1.3176147,48.024307
JVASP-54664,3,Ir,48.43621,1.3176126,47.582516
JVASP-54664,4,C,0.00244949,0.13972116,0.14132853
JVASP-1807,0,S,1.1830596,1.1320349,2.2140453
JVASP-1807,1,S,1.1830596,1.1320349,2.2140453
JVASP-1807,2,K,19.175163,0.20799649,19.000553
JVASP-1807,3,Sm,48.019794,0.51876384,47.577995
JVASP-7722,0,C,46.89298,0.7948536,46.535698
JVASP-7722,1,Si,50.74098,0.6227701,51.028088
JVASP-7722,2,Si,50.74098,0.6227701,51.028088
JVASP-7722,3,Fe,40.470634,1.0172426,40.448856
JVASP-7722,4,Fe,40.470634,1.0172426,40.448856
JVASP-7722,5,Dy,30.75313,0.06544193,30.75845
JVASP-7722,6,Dy,30.75313,0.06544193,30.75845
JVASP-16386,0,Na,0.786421,0.20137066,0.6250454
JVASP-16386,1,Se,43.19946,3.370151,45.995
JVASP-16386,2,Se,43.19946,3.370151,45.995
JVASP-16386,3,Yb,47.654007,2.0631862,45.919014
JVASP-10974,0,O,47.41012,1.4804277,47.062355
JVASP-10974,1,O,47.41008,1.4804277,48.097965
JVASP-10974,2,O,47.41008,1.4804277,48.097965
JVASP-10974,3,O,47.41012,1.4804277,47.062355
JVASP-10974,4,O,43.36497,1.3146178,43.106804
JVASP-10974,5,O,43.36497,1.3146178,43.106804
JVASP-10974,6,Ga,6.1848,0.49039358,6.1071086
JVASP-10974,7,Sr,37.20612,0.2795123,37.273643
JVASP-10974,8,Sr,37.20612,0.2795123,37.273643
JVASP-10974,9,Ta,14.282679,0.6868565,14.127971
JVASP-54950,0,Hf,47.209873,0.341636,47.433533
JVASP-54950,1,Co,0.6219003,0.8789504,1.3681791
JVASP-54950,2,Co,0.6219003,0.8789504,1.3681791
JVASP-54950,3,Si,9.179051,0.55436254,9.540277
JVASP-54950,4,Si,9.179051,0.55436254,9.540277
JVASP-50950,0,Y,47.233936,0.047074914,47.24836
JVASP-50950,1,Y,47.233936,0.047074914,47.245014
JVASP-50950,2,Y,47.233936,0.047074914,47.245014
JVASP-50950,3,Y,47.233936,0.047074914,47.24836
JVASP-50950,4,Mg,12.044957,0.5652295,12.604659
JVASP-50950,5,Mg,12.044957,0.5652295,12.604659
JVASP-50950,6,Ni,39.874416,1.814649,38.072025
JVASP-50950,7,Ni,39.874416,1.814649,38.07207
JVASP-50950,8,Ni,39.874416,1.814649,38.07207
JVASP-50950,9,Ni,39.874416,1.814649,38.072025
JVASP-7680,0,Se,10.452325,1.7412708,11.9333
JVASP-7680,1,Se,10.452325,1.7412708,11.9333
JVASP-7680,2,Rb,46.258926,0.21054344,46.084797
JVASP-7680,3,Ce,46.744396,0.1371178,46.642036
JVASP-25900,0,Na,6.1964107,0.3596671,6.350362
JVASP-25900,1,Na,6.1964107,0.3596671,6.350362
JVASP-25900,2,Zr,44.913338,0.065598,44.928444
JVASP-25900,3,Cu,21.702936,1.9615273,20.014076
JVASP-25900,4,Cu,21.702936,1.9615273,20.014076
JVASP-25900,5,S,51.59787,2.2814238,51.560345
JVASP-25900,6,S,51.59787,2.2814238,51.560345
JVASP-25900,7,S,33.42905,2.7795808,33.90445
JVASP-25900,8,S,33.42905,2.7795808,33.90445
JVASP-15962,0,B,45.365925,1.7787378,46.729744
JVASP-15962,1,C,17.045162,1.7470607,18.399572
JVASP-15962,2,C,17.045162,1.7470607,18.399572
JVASP-15962,3,Sc,46.369015,0.12676643,46.276146
JVASP-15962,4,Sc,46.369015,0.12676643,46.276146
JVASP-30285,0,Co,42.120087,0.6462409,42.384045
JVASP-30285,1,Co,42.11939,0.6462418,42.383507
JVASP-30285,2,Ni,19.39767,0.90377927,19.283693
JVASP-30285,3,O,51.444653,1.3957264,51.403557
JVASP-30285,4,O,46.67197,1.3959295,46.117504
JVASP-30285,5,O,19.279608,1.4068592,18.799063
JVASP-30285,6,O,46.675358,1.3959439,46.12103
JVASP-30285,7,O,51.446747,1.3957074,51.406033
JVASP-30285,8,O,19.278814,1.4068571,18.798029
JVASP-16068,0,Ca,12.43606,0.2193642,12.218775
JVASP-16068,1,Ca,12.43606,0.2193642,12.218775
JVASP-16068,2,P,46.19738,1.674007,47.83441
JVASP-16068,3,P,46.19738,1.674007,47.83441
JVASP-16068,4,P,46.19738,1.674007,47.83441
JVASP-16068,5,P,46.19738,1.674007,47.83441
JVASP-16068,6,Rh,7.015339,1.3265226,5.689554
JVASP-16068,7,Rh,7.015339,1.3265226,5.689554
JVASP-16068,8,Rh,7.015339,1.3265226,5.689554
JVASP-16068,9,Rh,7.015339,1.3265226,5.689554
JVASP-35860,0,Er,45.641415,0.7272163,46.36719
JVASP-35860,1,Er,45.641415,0.7272163,46.367188
JVASP-35860,2,Cu,35.73275,2.1657915,33.574913
JVASP-35860,3,Cu,35.73275,2.1657915,33.574913
JVASP-35860,4,Sn,46.079834,1.0213898,46.94182
JVASP-35860,5,Sn,46.079834,1.0213898,46.94182
JVASP-8197,0,C,46.968994,0.87616056,46.597904
JVASP-8197,1,Si,48.588398,0.5741844,48.84162
JVASP-8197,2,Si,48.588398,0.5741844,48.84162
JVASP-8197,3,Fe,40.38374,1.0019927,40.32707
JVASP-8197,4,Fe,40.38374,1.0019927,40.32707
JVASP-8197,5,Tm,29.373426,0.30718893,29.365652
JVASP-8197,6,Tm,29.373426,0.30718893,29.365652
JVASP-69000,0,Ba,1.0781716,0.09823876,1.1268436
JVASP-69000,1,Y,6.6163263,0.10611932,6.660843
JVASP-69000,2,Pt,16.516678,2.0818884,18.54784
JVASP-69000,3,Pt,45.75234,2.0815341,43.701454
JVASP-36674,0,Cd,0.0,1.8564011,1.8564011
JVASP-36674,1,Ni,45.528664,0.9193094,44.609913
JVASP-36674,2,Ni,45.528664,0.9193094,46.02093
JVASP-36674,3,Ni,45.528664,0.9193094,45.968933
JVASP-36674,4,N,0.0,1.0546988,1.0546988
JVASP-19710,0,Mn,2.011031,0.11469324,2.0116591
JVASP-19710,1,Mn,2.011031,0.11469324,2.0149949
JVASP-19710,2,Mn,2.011031,0.11469324,2.0148199
JVASP-19710,3,Mn,2.011031,0.11469324,2.0157197
JVASP-19710,4,Si,45.327805,0.112875514,45.3421
JVASP-19710,5,Si,45.327805,0.112875514,45.328274
JVASP-19710,6,Si,45.327805,0.112875514,45.320404
JVASP-19710,7,Si,45.327805,0.112875514,45.32101
JVASP-37874,0,B,0.0,2.0707746,2.0707746
JVASP-37874,1,Os,0.0,0.6167502,0.6167502
JVASP-37874,2,O,45.172676,1.9117997,43.265316
JVASP-37874,3,O,45.172676,1.9117997,46.26181
JVASP-37874,4,O,45.172676,1.9117997,46.050346
JVASP-80146,0,Mg,5.4582353,0.24634843,5.4080963
JVASP-80146,1,Mg,5.4582353,0.24634843,5.4080963
JVASP-80146,2,Zn,46.657307,0.31494027,46.92509
JVASP-80146,3,Zn,46.657307,0.31494027,46.92509
JVASP-80146,4,Ni,22.375582,0.49115872,22.853825
JVASP-80146,5,Ni,22.375582,0.49115872,22.853825
JVASP-80146,6,Ni,22.375582,0.49115872,22.853825
JVASP-80146,7,Ni,22.375582,0.49115872,22.853825
JVASP-18155,0,Y,0.0,0.1949163,0.1949163
JVASP-18155,1,Rh,44.91139,1.1775532,44.337402
JVASP-18155,2,Rh,44.91139,1.1775532,44.33135
JVASP-18155,3,Rh,44.911392,1.1775532,46.088886
JVASP-18155,4,C,0.0,0.5340786,0.5340786
JVASP-38307,0,Rb,0.0,0.15611313,0.15611313
JVASP-38307,1,Mo,0.0,0.12173952,0.12173952
JVASP-38307,2,O,44.699104,1.2288481,43.500015
JVASP-38307,3,O,44.699104,1.2288481,45.536594
JVASP-38307,4,O,44.699104,1.2288481,45.085777
JVASP-22682,0,Sr,44.47049,0.32836196,44.79881
JVASP-22682,1,Sr,44.47049,0.32836196,44.79881
JVASP-22682,2,Mg,11.472187,0.121874124,11.590106
JVASP-22682,3,H,3.6830063,0.31655005,3.7115123
JVASP-22682,4,H,3.6833181,0.3165501,3.6949806
JVASP-22682,5,H,3.6830063,0.31655005,3.6707428
JVASP-22682,6,H,3.6830063,0.31655005,3.7115123
JVASP-22682,7,H,3.6833181,0.3165501,3.6949806
JVASP-22682,8,H,3.6830063,0.31655005,3.6707428
JVASP-38899,0,Zn,0.0,0.4117722,0.4117722
JVASP-38899,1,Mo,44.20267,0.26149556,44.416977
JVASP-38899,2,Mo,44.20267,0.26149556,44.22648
JVASP-38899,3,Mo,44.202675,0.26149556,43.965725
JVASP-5428,0,Ge,4.9624987,0.25034323,5.1900606
JVASP-5428,1,Te,8.4242115,4.3064585,4.8905196
JVASP-5428,2,Te,44.12816,2.9573503,46.785946
JVASP-5428,3,Te,8.4242115,4.3064585,4.8905196
JVASP-5428,4,Te,44.12816,2.9573503,46.785946
JVASP-5428,5,Bi,35.17774,0.9974624,34.70326
JVASP-5428,6,Bi,35.17774,0.9974624,34.70326
JVASP-53444,0,Na,5.8169928,0.24810404,5.9622717
JVASP-53444,1,Na,0.30394736,0.17514145,0.43000585
JVASP-53444,2,Na,5.8169928,0.24810404,5.9622717
JVASP-53444,3,Y,21.548088,0.14087898,21.477812
JVASP-53444,4,Cl,44.31449,1.1582942,43.846004
JVASP-53444,5,Cl,44.315254,1.1582927,44.16821
JVASP-53444,6,Cl,44.314457,1.1582942,44.95565
JVASP-53444,7,Cl,44.314457,1.1582942,44.95565
JVASP-53444,8,Cl,44.315254,1.1582927,44.16821
JVASP-53444,9,Cl,44.31449,1.1582942,43.846004
JVASP-35911,0,K,0.7740388,0.39937276,1.172305
JVASP-35911,1,K,0.7740388,0.39937276,1.172305
JVASP-35911,2,Mn,34.3247,0.19712873,34.136063
JVASP-35911,3,Mn,34.3247,0.19712873,34.136063
JVASP-35911,4,Bi,43.809124,1.0014833,43.967564
JVASP-35911,5,Bi,43.809124,1.0014833,43.967564
JVASP-18231,0,Mn,43.59847,0.060285512,43.60067
JVASP-18231,1,Mn,43.598465,0.060285512,43.64939
JVASP-18231,2,Mn,43.59847,0.060285512,43.545406
JVASP-18231,3,Ir,0.0,0.6414485,0.6414485
JVASP-18231,4,N,0.0,1.159562,1.159562
JVASP-38643,0,Na,4.9565425,0.47651964,5.4279923
JVASP-38643,1,Na,4.9565425,0.47651964,5.4279923
JVASP-38643,2,Dy,43.582615,0.70656335,43.219147
JVASP-38643,3,Dy,43.582615,0.70656335,43.185486
JVASP-38643,4,Dy,43.580193,0.7065633,43.223797
JVASP-38643,5,Dy,43.582615,0.70656335,43.219147
JVASP-38643,6,Dy,43.582615,0.70656335,43.185486
JVASP-38643,7,Dy,43.580574,0.7065633,43.224186
JVASP-36205,0,Tm,10.733665,1.9675021,12.700506
JVASP-36205,1,Tl,30.984005,1.1024243,31.970694
JVASP-36205,2,Te,43.357193,3.3438668,46.546158
JVASP-36205,3,Te,43.357193,3.3438668,46.546158
JVASP-20952,0,Li,0.36211693,0.360595,0.71412075
JVASP-20952,1,Li,0.36211693,0.360595,0.71412075
JVASP-20952,2,Zr,26.95296,0.36773828,27.319681
JVASP-20952,3,F,45.32273,2.030118,45.369408
JVASP-20952,4,F,45.323235,2.0301263,45.45537
JVASP-20952,5,F,45.32273,2.030118,45.369408
JVASP-20952,6,F,45.323235,2.0301263,45.490223
JVASP-20952,7,F,45.323235,2.0301263,45.45537
JVASP-20952,8,F,45.323235,2.0301263,45.490223
JVASP-1519,0,Sc,6.9883947,0.55563,7.5383115
JVASP-1519,1,Cu,20.763105,2.2003138,22.962158
JVASP-1519,2,S,43.014263,2.9690073,40.113026
JVASP-1519,3,S,40.628464,2.9935663,43.56104
JVASP-36646,0,Lu,10.983515,0.17922844,11.155337
JVASP-36646,1,Tl,33.393894,1.1022267,34.380077
JVASP-36646,2,Te,42.806057,3.35831,46.0091
JVASP-36646,3,Te,42.806057,3.35831,46.0091
JVASP-67167,0,Ti,20.033562,0.404859,20.43765
JVASP-67167,1,Be,5.9163337,0.3170549,5.606773
JVASP-67167,2,Be,2.9173424,0.3085076,2.6142974
JVASP-67167,3,Tc,42.676643,0.09415264,42.710754
JVASP-35943,0,Li,0.16983128,0.11200254,0.27927715
JVASP-35943,1,Y,2.8985636,0.15540473,2.7459915
JVASP-35943,2,Cu,42.622345,0.59638214,42.031185
JVASP-35943,3,Cu,42.622345,0.59638214,42.031185
JVASP-35943,4,P,0.55360276,1.9456915,1.4094783
JVASP-35943,5,P,0.55360276,1.9456915,1.4094783
JVASP-1705,0,Se,3.899161,1.7306733,5.4220457
JVASP-1705,1,Se,3.899161,1.7306733,5.4220457
JVASP-1705,2,Rb,42.53536,0.21054655,42.360847
JVASP-1705,3,Pr,33.674377,0.17559558,33.530766
JVASP-15432,0,Si,42.421898,0.7402954,41.682396
JVASP-15432,1,Si,42.421898,0.7402954,41.682396
JVASP-15432,2,Ni,21.86065,0.240435,21.87613
JVASP-15432,3,Ni,21.858532,0.24043535,21.978817
JVASP-15432,4,Ni,32.447205,0.33462316,32.43671
JVASP-15432,5,Ni,32.447006,0.33462766,32.398792
JVASP-15432,6,Ni,21.858532,0.24043535,21.964417
JVASP-15432,7,Ni,32.447006,0.33462766,32.408684
JVASP-15432,8,B,4.2706857,1.7436062,6.0106516
JVASP-56208,0,K,16.49222,0.16412187,16.363876
JVASP-56208,1,Co,9.735461,1.0244128,10.5688305
JVASP-56208,2,Co,9.735461,1.0244128,10.5688305
JVASP-56208,3,As,42.24093,3.2648904,39.752384
JVASP-56208,4,As,42.24093,3.2648904,39.752384
JVASP-53086,0,Al,41.62985,0.39508623,41.432384
JVASP-53086,1,Al,14.965315,0.51651585,14.721554
JVASP-53086,2,Al,36.81695,0.60307604,36.72003
JVASP-53086,3,Al,42.690548,0.35468453,42.70291
JVASP-53086,4,C,27.425907,0.6379485,27.293402
JVASP-53086,5,O,21.004011,1.5945524,21.674019
JVASP-38125,0,La,41.725258,0.21159886,41.60933
JVASP-38125,1,La,41.725258,0.21159886,41.60933
JVASP-38125,2,Os,2.418113,0.92752737,2.079311
JVASP-38125,3,Os,2.418113,0.92752737,2.079311
JVASP-38125,4,N,19.792929,0.94647247,19.763115
JVASP-38125,5,N,19.792028,0.94647264,19.638407
JVASP-38125,6,N,19.792929,0.94647247,19.763115
JVASP-38125,7,N,19.793177,0.94647264,19.747898
JVASP-38125,8,N,19.793177,0.94647264,19.747898
JVASP-38125,9,N,19.792028,0.94647264,19.638407
JVASP-35815,0,Tb,0.8163345,0.073665515,0.8797775
JVASP-35815,1,Cu,28.594416,1.434812,27.159636
JVASP-35815,2,Cu,28.594416,1.434812,27.159636
JVASP-35815,3,S,41.489975,3.0117207,38.550293
JVASP-35815,4,S,41.489975,3.0117207,38.550293
JVASP-50088,0,Li,0.24292934,0.25267407,0.49318165
JVASP-50088,1,Fe,7.576311,0.3418129,7.235781
JVASP-50088,2,Cu,41.14535,1.3439896,39.8014
JVASP-50088,3,S,16.072378,3.1173055,13.037084
JVASP-50088,4,S,26.290407,3.1363573,29.368176
JVASP-86964,0,La,40.87953,0.30559573,40.57503
JVASP-86964,1,La,40.87953,0.30559573,40.57503
JVASP-86964,2,O,2.150652,1.4313172,0.7210794
JVASP-86964,3,O,2.150652,1.4313172,0.7210794
JVASP-86964,4,F,0.72423244,2.4336252,3.1578395
JVASP-86964,5,F,0.72423244,2.4336252,3.1578395
JVASP-65132,0,Li,0.44090816,0.1666741,0.5907433
JVASP-65132,1,Be,0.27189335,0.3039171,0.57105404
JVASP-65132,2,Be,0.4286607,0.057691284,0.38246006
JVASP-65132,3,Ni,40.30554,0.28430766,40.025616
JVASP-21037,0,Na,10.979837,0.02873516,10.968172
JVASP-21037,1,Na,10.979837,0.02873516,10.968172
JVASP-21037,2,Th,26.077267,0.7330193,26.80281
JVASP-21037,3,F,41.10052,1.7735246,39.724213
JVASP-21037,4,F,41.10172,1.7735354,40.061745
JVASP-21037,5,F,41.10172,1.7735354,40.082775
JVASP-21037,6,F,27.232227,1.7256207,28.573889
JVASP-21037,7,F,27.232227,1.7256207,28.550596
JVASP-21037,8,F,27.23163,1.72562,28.287268
JVASP-85168,0,Eu,34.516983,0.056014255,34.558952
JVASP-85168,1,Eu,34.516983,0.056014255,34.558952
JVASP-85168,2,H,3.5358386,0.1798991,3.7100337
JVASP-85168,3,H,3.5358386,0.1798991,3.7100337
JVASP-85168,4,H,1.0071487,0.17935096,1.1827587
JVASP-85168,5,Cl,39.980576,3.6922333,43.61201
JVASP-51369,0,In,42.50519,1.122307,42.52788
JVASP-51369,1,In,42.50519,1.122307,42.53419
JVASP-51369,2,H,2.418256,1.5794748,2.065916
JVASP-51369,3,H,2.418256,1.5794748,2.0584285
JVASP-51369,4,O,18.952858,2.5487876,19.463095
JVASP-51369,5,O,18.952858,2.5487876,19.463095
JVASP-51369,6,O,18.952858,2.5487876,19.5043
JVASP-51369,7,O,18.952858,2.5487876,19.5043
JVASP-15315,0,Mg,4.65648,0.47418228,4.189152
JVASP-15315,1,Mg,4.65648,0.47418228,4.189152
JVASP-15315,2,Cu,6.8569384,1.2568736,8.113233
JVASP-15315,3,Cu,6.8569384,1.2568736,8.113233
JVASP-15315,4,As,39.533947,2.8935206,42.35561
JVASP-15315,5,As,39.533947,2.8935206,42.35561
JVASP-77465,0,Li,0.1300769,0.43741086,0.46226394
JVASP-77465,1,Li,0.1300769,0.43741086,0.46226394
JVASP-77465,2,In,39.258186,0.3490331,39.464455
JVASP-77465,3,In,39.258186,0.3490331,39.464455
JVASP-77465,4,Hg,9.39251,1.4289682,9.030577
JVASP-77465,5,Hg,9.39251,1.4289682,9.030577
JVASP-77465,6,Hg,9.39251,1.4289682,9.030577
JVASP-77465,7,Hg,9.39251,1.4289682,9.030577
JVASP-14156,0,Li,0.77611727,0.42450804,0.661757
JVASP-14156,1,Li,0.77611727,0.42450804,0.661757
JVASP-14156,2,F,39.982624,2.5583482,40.539623
JVASP-14156,3,F,39.982513,2.558298,38.613888
JVASP-14156,4,F,39.98465,2.5582151,39.09443
JVASP-14156,5,F,39.9831,2.5583684,42.052288
JVASP-14156,6,F,39.982513,2.558298,38.613888
JVASP-14156,7,F,39.982624,2.5583482,40.539623
JVASP-14156,8,F,39.98465,2.5582151,39.09443
JVASP-14156,9,F,39.9831,2.5583684,42.052288
JVASP-14156,10,Y,33.288074,0.37640864,33.491665
JVASP-14156,11,Y,33.288074,0.37640864,33.491665
JVASP-81266,0,Be,2.7552254,0.20639028,2.6017458
JVASP-81266,1,Be,2.7552254,0.20639028,2.6017458
JVASP-81266,2,Fe,19.9206,0.028901013,19.91895
JVASP-81266,3,Fe,19.9206,0.028901013,19.91895
JVASP-81266,4,Co,39.392765,0.34338623,39.28706
JVASP-81266,5,Co,39.392765,0.34338623,39.28706
JVASP-81266,6,Co,39.392765,0.34338623,39.28706
JVASP-81266,7,Co,39.392765,0.34338623,39.28706
JVASP-15374,0,La,38.640774,0.2598496,38.780624
JVASP-15374,1,Co,4.4641786,0.9814907,5.066757
JVASP-15374,2,Co,4.4641786,0.9814907,5.066757
JVASP-15374,3,P,8.456655,1.7447528,9.516237
JVASP-15374,4,P,8.456655,1.7447528,9.516237
JVASP-54799,0,Er,41.282475,0.51748896,41.278877
JVASP-54799,1,Er,41.283607,0.51748896,41.20274
JVASP-54799,2,Er,41.283607,0.51748896,41.237408
JVASP-54799,3,Mn,41.783894,0.017940538,41.773838
JVASP-54799,4,Mn,41.78457,0.017940573,41.767555
JVASP-54799,5,Mn,41.783894,0.017940538,41.772514
JVASP-54799,6,Ga,16.136013,0.17961623,16.25962
JVASP-54799,7,Ga,16.136013,0.17961623,16.25962
JVASP-54799,8,Si,17.587336,0.57273096,17.03047
JVASP-62158,0,Ti,30.080166,0.47846884,30.052387
JVASP-62158,1,Ti,30.080166,0.47846884,30.035114
JVASP-62158,2,Ti,30.075626,0.47847074,30.141884
JVASP-62158,3,Cr,36.497257,0.17295139,36.67009
JVASP-62158,4,Cr,36.497257,0.17295139,36.67011
JVASP-62158,5,Cr,36.497654,0.1729512,36.670517
JVASP-62158,6,As,2.5401208,2.236955,4.7407036
JVASP-62158,7,As,2.5401208,2.236955,4.7407036
JVASP-62158,8,As,38.13488,2.328202,35.88508
JVASP-82096,0,Li,0.29123646,0.32533592,0.26615664
JVASP-82096,1,Li,0.29123646,0.32533592,0.26615664
JVASP-82096,2,Zn,31.956797,1.5312256,32.0059
JVASP-82096,3,Zn,31.956797,1.5312256,32.0059
JVASP-82096,4,Cd,40.302837,1.1112695,40.36994
JVASP-82096,5,Cd,40.302837,1.1112695,40.36994
JVASP-82096,6,Cd,40.302837,1.1112695,40.36994
JVASP-82096,7,Cd,40.302837,1.1112695,40.36994
JVASP-35414,0,Zn,4.492364,0.9460923,5.437944
JVASP-35414,1,Pd,38.60999,0.7808519,37.83062
JVASP-35414,2,Pd,38.60999,0.7808519,37.83062
JVASP-35414,3,Pd,38.60999,0.7808519,37.876804
JVASP-35414,4,Pd,38.60999,0.7808519,37.876804
JVASP-35414,5,Pd,27.242409,0.24953932,27.445284
JVASP-35414,6,Se,19.657154,4.4065104,15.388277
JVASP-40446,0,Tc,42.28407,0.15357372,42.19856
JVASP-40446,1,Tc,42.284634,0.15357359,42.13369
JVASP-40446,2,Tc,42.28407,0.15357372,42.197243
JVASP-40446,3,Tc,42.28407,0.15357372,42.19856
JVASP-40446,4,Tc,42.284634,0.15357359,42.13369
JVASP-40446,5,Tc,42.28407,0.15357372,42.197243
JVASP-40446,6,Ni,7.3937855,0.5297544,7.9235086
JVASP-40446,7,Ni,7.3937855,0.5297544,7.9235086
JVASP-15959,0,V,17.477787,0.5414081,17.773983
JVASP-15959,1,V,17.478172,0.54140836,17.657448
JVASP-15959,2,Ge,3.6211212,1.0484055,2.877856
JVASP-15959,3,Ge,3.6211212,1.0484055,2.877856
JVASP-15959,4,Zr,37.350563,0.04603173,37.34246
JVASP-15959,5,Zr,37.350563,0.04603173,37.34246
JVASP-1813,0,S,0.17481992,1.0821398,0.94102263
JVASP-1813,1,S,0.17481992,1.0821398,0.94102263
JVASP-1813,2,K,23.245321,0.20486408,23.072525
JVASP-1813,3,Dy,37.074093,1.2724062,35.985558
JVASP-37219,0,Sm,0.0,0.070514664,0.070514664
JVASP-37219,1,Ga,0.0,0.82266796,0.82266796
JVASP-37219,2,O,36.82971,1.3639507,35.488567
JVASP-37219,3,O,36.829712,1.3639507,37.72497
JVASP-37219,4,O,36.829712,1.3639507,37.31289
JVASP-32781,0,Al,37.193653,1.0922961,37.181477
JVASP-32781,1,Al,37.193653,1.0922961,37.157288
JVASP-32781,2,Al,37.193653,1.0922961,37.174908
JVASP-32781,3,Al,37.193653,1.0922961,37.164402
JVASP-32781,4,B,26.977617,2.592327,28.457626
JVASP-32781,5,B,26.28273,2.687329,25.922987
JVASP-32781,6,B,26.976986,2.5923278,28.482927
JVASP-32781,7,B,26.977617,2.592327,28.452682
JVASP-32781,8,B,26.976986,2.5923276,28.461536
JVASP-32781,9,B,26.28273,2.6873286,25.941696
JVASP-32781,10,B,27.846405,2.605462,26.973782
JVASP-32781,11,B,27.846405,2.605462,27.013273
JVASP-32781,12,B,27.846405,2.605462,27.018967
JVASP-32781,13,B,27.846405,2.605462,26.981062
JVASP-32781,14,B,26.28273,2.687329,25.901134
JVASP-32781,15,B,26.282894,2.687329,25.90688
JVASP-32781,16,H,16.194939,1.0979868,16.507772
JVASP-32781,17,H,22.861336,1.2809529,23.585737
JVASP-32781,18,H,16.278389,1.1657609,16.98765
JVASP-32781,19,H,16.20472,1.3851521,15.373481
JVASP-32781,20,H,22.725431,1.4873676,23.374428
JVASP-32781,21,H,16.278389,1.1657609,17.023478
JVASP-32781,22,H,16.450712,1.0873047,16.727644
JVASP-32781,23,H,16.194939,1.0979868,16.509432
JVASP-32781,24,H,16.450712,1.0873051,16.724113
JVASP-32781,25,H,22.457869,1.3934884,22.478643
JVASP-32781,26,H,22.726175,1.4873677,23.34632
JVASP-32781,27,H,22.76928,1.5016537,23.125267
JVASP-32781,28,H,23.242374,1.2081844,22.144339
JVASP-32781,29,H,22.861336,1.2809529,23.547255
JVASP-32781,30,H,22.76646,1.2925842,22.500088
JVASP-32781,31,H,22.769897,1.5016586,23.151365
JVASP-32781,32,H,22.76646,1.2925842,22.504044
JVASP-32781,33,H,22.769897,1.5016584,23.112402
JVASP-32781,34,H,22.457869,1.3934885,22.506695
JVASP-32781,35,H,22.457869,1.3934884,22.468138
JVASP-32781,36,H,22.861336,1.2809529,23.585083
JVASP-32781,37,H,22.725431,1.4873679,23.375105
JVASP-32781,38,H,16.202887,1.3851373,15.36234
JVASP-32781,39,H,22.76646,1.2925841,22.472414
JVASP-32781,40,H,16.450571,1.0873047,16.661102
JVASP-32781,41,H,15.995155,1.0781714,16.308178
JVASP-32781,42,H,15.995155,1.0781716,16.306606
JVASP-32781,43,H,22.76646,1.292585,22.477793
JVASP-32781,44,H,22.76928,1.5016537,23.156013
JVASP-32781,45,H,23.242374,1.2081842,22.147621
JVASP-32781,46,H,16.278389,1.1657609,16.98955
JVASP-32781,47,H,23.242374,1.2081844,22.143318
JVASP-32781,48,H,23.242374,1.2081844,22.141108
JVASP-32781,49,H,16.202887,1.3851372,15.384231
JVASP-32781,50,H,22.457869,1.3934884,22.505224
JVASP-32781,51,H,22.725431,1.4873676,23.348404
JVASP-32781,52,H,15.995155,1.0781714,16.308292
JVASP-32781,53,H,16.194563,1.0979863,16.502699
JVASP-32781,54,H,16.450571,1.0873047,16.658527
JVASP-32781,55,H,16.194563,1.0979868,16.51646
JVASP-32781,56,H,15.911053,1.1487657,15.212475
JVASP-32781,57,H,15.911053,1.1487657,15.214289
JVASP-32781,58,H,16.202887,1.3851372,15.368512
JVASP-32781,59,H,15.911053,1.1487654,15.193513
JVASP-32781,60,H,16.278389,1.1657608,17.024654
JVASP-32781,61,H,22.861336,1.2809529,23.546434
JVASP-32781,62,H,15.911053,1.1487656,15.193198
JVASP-32781,63,H,15.995155,1.0781714,16.30321
JVASP-14936,0,Li,0.21066087,0.3285169,0.5368692
JVASP-14936,1,Li,0.21066087,0.3285169,0.5368692
JVASP-14936,2,Ga,19.234617,0.14838599,19.102571
JVASP-14936,3,Ga,19.234617,0.14838599,19.102571
JVASP-14936,4,Ge,36.612522,0.5052632,37.08343
JVASP-14936,5,Ge,36.612522,0.5052632,37.08343
JVASP-37409,0,U,36.448406,0.65862226,35.802734
JVASP-37409,1,U,36.448406,0.65862226,35.802734
JVASP-37409,2,Ag,2.226586,0.76502377,2.9893632
JVASP-37409,3,Ag,2.226586,0.76502377,2.9893632
JVASP-37409,4,Ag,16.955368,0.76502377,17.717505
JVASP-37409,5,Ag,2.226586,0.76502377,2.9893632
JVASP-37409,6,Ag,2.226586,0.76502377,2.9893632
JVASP-37409,7,Ag,16.955368,0.76502377,17.717505
JVASP-37520,0,Sr,32.550045,0.12240117,32.42833
JVASP-37520,1,Al,17.457514,0.25413045,17.68234
JVASP-37520,2,Ge,36.099354,1.3866594,34.776108
JVASP-37520,3,H,5.007982,0.62320644,4.387264
JVASP-17180,0,Hf,30.61863,0.54075605,30.078741
JVASP-17180,1,Hf,30.61863,0.54075605,30.078741
JVASP-17180,2,Hf,30.61863,0.54075605,30.078741
JVASP-17180,3,Hf,30.61863,0.54075605,30.078741
JVASP-17180,4,C,6.727524,0.44082254,6.306703
JVASP-17180,5,C,6.727524,0.44082254,6.306703
JVASP-17180,6,S,35.978104,2.7262406,38.660057
JVASP-17180,7,S,35.978104,2.7262406,38.660057
JVASP-41282,0,Hf,35.8442,0.46164104,36.30513
JVASP-41282,1,Hf,35.8442,0.46164104,36.30513
JVASP-41282,2,In,3.9118352,0.5703878,4.431205
JVASP-41282,3,In,3.9118352,0.5703878,4.431205
JVASP-41282,4,Rh,6.236401,0.8020321,5.434493
JVASP-41282,5,Rh,6.236401,0.8020321,5.434493
JVASP-41282,6,Rh,6.236401,0.8020321,5.434493
JVASP-41282,7,Rh,6.236401,0.8020321,5.434493
JVASP-14934,0,Cr,4.585494,0.2542006,4.3741684
JVASP-14934,1,Cu,35.43398,2.332502,37.440998
JVASP-14934,2,Se,24.77918,4.0114913,21.584965
JVASP-14934,3,Se,16.841196,3.8249617,13.8589115
JVASP-36014,0,K,35.146503,0.40112182,34.749977
JVASP-36014,1,Zr,27.755577,0.19162814,27.568718
JVASP-36014,2,S,5.294572,2.7095816,2.6865938
JVASP-36014,3,S,5.294572,2.7095816,2.6865938
JVASP-77026,0,Li,0.12918977,0.4051551,0.39890093
JVASP-77026,1,Pd,8.014295,0.95579123,8.512175
JVASP-77026,2,Pb,34.976204,1.2903428,35.455692
JVASP-77026,3,Pb,34.976204,1.2903428,35.455692
JVASP-56525,0,Sr,34.614147,0.13155559,34.483067
JVASP-56525,1,Al,23.801691,0.24044584,24.012657
JVASP-56525,2,Si,13.575889,0.99995154,12.602181
JVASP-56525,3,H,4.763033,0.61321694,4.152338
JVASP-8389,0,Ca,6.076471,0.20905088,6.2702184
JVASP-8389,1,W,38.97862,0.7167025,38.95022
JVASP-8389,2,O,25.35734,1.2373431,24.200377
JVASP-8389,3,O,24.785124,1.2466455,25.444221
JVASP-8389,4,O,24.769094,1.2466633,24.977499
JVASP-2703,0,Na,7.9314475,0.42571318,7.5100055
JVASP-2703,1,Na,7.9314475,0.42571318,7.5100055
JVASP-2703,2,Na,24.705553,0.36381733,25.067488
JVASP-2703,3,Na,24.705147,0.36381733,25.067078
JVASP-2703,4,Na,7.9314475,0.42571318,7.5100055
JVASP-2703,5,Na,7.9314475,0.42571318,7.5100055
JVASP-2703,6,Sb,33.96748,2.4855573,36.32277
JVASP-2703,7,Sb,33.9683,2.4855573,36.323586
JVASP-21913,0,Mg,9.128431,0.5578437,9.680666
JVASP-21913,1,Mg,9.128431,0.5578437,9.680666
JVASP-21913,2,Sc,36.86393,0.5733917,36.814888
JVASP-21913,3,Sc,36.86393,0.5733917,36.79125
JVASP-21913,4,Sc,36.86393,0.5733917,36.814888
JVASP-21913,5,Sc,36.86393,0.5733917,36.79125
JVASP-21913,6,Ga,28.655249,0.33014634,28.45558
JVASP-21913,7,Ga,28.655249,0.33014634,28.463667
JVASP-21913,8,Ga,28.655249,0.33014634,28.463667
JVASP-21913,9,Ga,28.655249,0.33014634,28.45558
JVASP-66708,0,Be,3.1304479,0.057788357,3.1786513
JVASP-66708,1,Be,2.055122,0.29467717,2.3407874
JVASP-66708,2,Co,33.49759,0.099491425,33.58381
JVASP-66708,3,Ru,4.426228,0.0850459,4.4000115
JVASP-8097,0,Nd,31.951962,0.085191555,31.871775
JVASP-8097,1,Nd,31.951962,0.085191555,31.871775
JVASP-8097,2,S,33.153027,2.9576771,30.247318
JVASP-8097,3,S,33.153027,2.9576771,30.247318
JVASP-8097,4,F,16.303804,2.193652,14.120247
JVASP-8097,5,F,16.303804,2.193652,14.120247
JVASP-18169,0,Y,33.028923,0.13910887,32.894337
JVASP-18169,1,Y,33.028923,0.13910887,32.894337
JVASP-18169,2,Ti,5.4713435,0.4409916,5.030942
JVASP-18169,3,Ti,5.4713435,0.4409916,5.030942
JVASP-18169,4,Si,5.240275,0.39128733,5.626242
JVASP-18169,5,Si,5.240275,0.39128733,5.626242
JVASP-15373,0,Sc,21.293095,0.5160328,20.891062
JVASP-15373,1,Sc,21.294344,0.516033,20.920067
JVASP-15373,2,Ge,16.328896,0.4431926,15.995257
JVASP-15373,3,Ge,16.328896,0.4431926,15.995257
JVASP-15373,4,Tb,32.72573,0.5467538,33.172676
JVASP-15373,5,Tb,32.72573,0.5467538,33.172676
JVASP-81376,0,Na,5.223543,0.20246202,5.0288296
JVASP-81376,1,Na,5.223543,0.20246202,5.0288296
JVASP-81376,2,Y,32.807644,0.10667214,32.84091
JVASP-81376,3,Y,32.807644,0.10667214,32.84091
JVASP-81376,4,Au,33.57307,2.5295982,35.908947
JVASP-81376,5,Au,33.57307,2.5295982,35.908947
JVASP-81376,6,Au,33.57307,2.5295982,35.908947
JVASP-81376,7,Au,33.57307,2.5295982,35.908947
JVASP-35466,0,Ti,34.992657,0.30264997,34.956177
JVASP-35466,1,Nb,23.768812,0.016597595,23.760033
JVASP-35466,2,Nb,23.768812,0.016597595,23.760033
JVASP-35466,3,Se,36.374504,4.6318884,38.42223
JVASP-35466,4,Se,36.374504,4.6318884,38.42223
JVASP-35466,5,Se,27.942226,4.904525,24.746538
JVASP-35466,6,Se,27.942226,4.904525,24.746538
JVASP-14891,0,B,4.885437,1.7544426,3.3250785
JVASP-14891,1,B,4.885437,1.7544426,3.3250785
JVASP-14891,2,Al,15.18948,0.3469532,15.484939
JVASP-14891,3,Al,15.18948,0.3469532,15.484939
JVASP-14891,4,Mo,32.72779,0.08753925,32.80718
JVASP-14891,5,Mo,32.72779,0.08753925,32.80718
JVASP-8679,0,Li,0.1413577,0.44107825,0.35404342
JVASP-8679,1,Li,0.14048487,0.44107825,0.5475172
JVASP-8679,2,Mg,1.4068342,0.60742277,1.5093592
JVASP-8679,3,Br,32.070217,6.560949,27.942198
JVASP-8679,4,Br,32.070217,6.5609493,27.942196
JVASP-8679,5,Br,19.102161,6.6738257,23.624392
JVASP-8679,6,Br,19.102161,6.6738257,23.624392
JVASP-81698,0,Mn,32.20622,0.07671394,32.27001
JVASP-81698,1,Mn,32.20622,0.07671394,32.27001
JVASP-81698,2,Be,11.230151,0.15474866,11.376158
JVASP-81698,3,Be,11.230151,0.15474866,11.376158
JVASP-81698,4,Ir,12.298783,1.0239266,13.0629425
JVASP-81698,5,Ir,12.298783,1.0239266,13.0629425
JVASP-81698,6,Ir,12.298783,1.0239266,13.0629425
JVASP-81698,7,Ir,12.298783,1.0239266,13.0629425
JVASP-15808,0,Sr,8.521775,0.22072674,8.7381525
JVASP-15808,1,Cd,15.222354,1.7088072,13.516002
JVASP-15808,2,Cd,15.222354,1.7088072,13.516002
JVASP-15808,3,Sb,31.401234,1.960322,29.585342
JVASP-15808,4,Sb,31.401234,1.960322,29.585342
JVASP-15521,0,Y,31.328974,0.21393542,31.542213
JVASP-15521,1,Y,31.328974,0.21393542,31.542213
JVASP-15521,2,Co,27.021955,0.92007315,27.941647
JVASP-15521,3,Co,27.021955,0.92007315,27.941647
JVASP-15521,4,Co,27.021955,0.92007315,27.941647
JVASP-15521,5,Co,27.021955,0.92007315,27.941647
JVASP-15521,6,Si,24.985613,0.7037761,25.65968
JVASP-15521,7,Si,24.985613,0.7037761,25.65968
JVASP-15521,8,Si,24.985613,0.7037761,25.65968
JVASP-15521,9,Si,24.985613,0.7037761,25.65968
JVASP-81458,0,Sr,21.165531,0.02982033,21.1388
JVASP-81458,1,Sr,21.165531,0.02982033,21.1388
JVASP-81458,2,Sr,21.165531,0.02982033,21.1388
JVASP-81458,3,Sr,21.165531,0.02982033,21.1388
JVASP-81458,4,Pd,15.765273,0.9703144,15.50365
JVASP-81458,5,Pd,15.765273,0.9703144,15.50365
JVASP-81458,6,Au,35.746185,1.570679,35.55199
JVASP-81458,7,Au,35.746185,1.570679,35.55199
JVASP-37859,0,As,26.021338,1.3176866,27.303692
JVASP-37859,1,As,26.021338,1.3176866,27.303692
JVASP-37859,2,Au,31.658987,1.8057297,31.924828
JVASP-37859,3,Au,31.661095,1.80573,32.439224
JVASP-37859,4,Au,31.661095,1.80573,32.390404
JVASP-37859,5,Au,31.658987,1.8057297,31.924828
JVASP-37859,6,Au,31.660633,1.80573,32.438744
JVASP-37859,7,Au,31.660633,1.80573,32.389923
JVASP-1960,0,N,13.93887,0.39167273,13.658948
JVASP-1960,1,Cl,30.609577,3.6057703,33.68234
JVASP-1960,2,Ca,22.475574,0.32165647,22.748943
JVASP-1960,3,Ca,22.475574,0.32165647,22.748943
JVASP-35929,0,Li,0.039217345,0.35372466,0.31573784
JVASP-35929,1,Li,0.039217345,0.35372466,0.31573784
JVASP-35929,2,Li,0.3196592,0.34033057,0.06801437
JVASP-35929,3,Ho,30.515335,0.6677509,31.182014
JVASP-35929,4,Sb,16.524258,1.8151294,18.207684
JVASP-35929,5,Sb,16.524258,1.8151294,18.207684
JVASP-38446,0,Li,0.01959592,0.3567717,0.3375838
JVASP-38446,1,Li,0.01959592,0.3567717,0.3375838
JVASP-38446,2,Li,0.5029619,0.3567717,0.8556139
JVASP-38446,3,Li,0.01959592,0.3567717,0.3375838
JVASP-38446,4,Li,0.01959592,0.3567717,0.3375838
JVASP-38446,5,Li,0.5029619,0.3567717,0.8556139
JVASP-38446,6,Cd,30.292023,0.5764966,30.85141
JVASP-38446,7,Cd,30.292023,0.5764966,30.85141
JVASP-18568,0,Al,9.8970995,0.24949463,9.732492
JVASP-18568,1,Al,9.8970995,0.24949463,9.732492
JVASP-18568,2,Ca,15.751729,0.3977884,16.03314
JVASP-18568,3,Zn,29.940819,2.3247697,31.618021
JVASP-18568,4,Zn,29.940819,2.3247697,31.618021
JVASP-17444,0,Ti,12.208488,0.5589099,12.254315
JVASP-17444,1,Ti,12.216542,0.558908,12.13042
JVASP-17444,2,Ti,12.216542,0.558908,12.148129
JVASP-17444,3,Ge,13.78532,1.0988319,12.750605
JVASP-17444,4,Ge,15.70858,1.1311828,16.784544
JVASP-17444,5,Ge,13.78532,1.0988319,12.750605
JVASP-17444,6,Pd,30.645924,1.197316,29.847414
JVASP-17444,7,Pd,30.64531,1.1973121,29.811773
JVASP-17444,8,Pd,30.645924,1.197316,29.844965
JVASP-28378,0,Mg,14.150702,0.4483832,13.707862
JVASP-28378,1,Mg,14.150702,0.4483832,13.707862
JVASP-28378,2,Co,21.559591,0.77115273,22.33023
JVASP-28378,3,Co,21.559591,0.77115273,22.33023
JVASP-28378,4,Ge,29.41429,1.1122261,28.381596
JVASP-28378,5,Ge,29.41429,1.1122261,28.381596
JVASP-18687,0,Zn,20.276876,0.54218525,19.734894
JVASP-18687,1,Cu,32.8749,0.70895207,32.919952
JVASP-18687,2,Cu,32.8749,0.70895207,32.920105
JVASP-18687,3,Ni,21.584906,0.5717276,22.156567
JVASP-1894,0,Na,2.6389117,0.3762778,2.3321795
JVASP-1894,1,S,29.15515,2.7917013,26.883629
JVASP-1894,2,S,29.15515,2.7917013,26.883629
JVASP-1894,3,In,12.62833,0.4324014,12.618329
JVASP-16040,0,Si,7.8616295,0.64358246,7.359382
JVASP-16040,1,Si,7.8616295,0.64358246,7.359382
JVASP-16040,2,Sc,31.133015,0.5201099,30.77654
JVASP-16040,3,Sc,31.134357,0.52010983,30.82895
JVASP-16040,4,Sm,17.61214,0.11544963,17.709194
JVASP-16040,5,Sm,17.61214,0.11544963,17.709194
JVASP-20484,0,Ho,0.0,0.7554989,0.7554989
JVASP-20484,1,Al,28.497364,0.20397303,28.354288
JVASP-20484,2,Al,28.497362,0.20397303,28.694056
JVASP-20484,3,Al,28.497364,0.20397303,28.444849
JVASP-37989,0,In,28.321001,0.57880336,27.827425
JVASP-37989,1,In,28.321001,0.57880336,27.827425
JVASP-37989,2,Tc,27.302013,0.09147372,27.257284
JVASP-37989,3,Tc,27.302013,0.09147372,27.257284
JVASP-37989,4,Tc,2.7654738,0.09147372,2.8114495
JVASP-37989,5,Tc,27.302013,0.09147372,27.257284
JVASP-37989,6,Tc,27.302013,0.09147372,27.257284
JVASP-37989,7,Tc,2.7654738,0.09147372,2.8114495
JVASP-2730,0,O,22.873648,1.0703981,23.017393
JVASP-2730,1,O,22.874395,1.0703981,22.712132
JVASP-2730,2,O,22.874395,1.0703981,22.712132
JVASP-2730,3,O,22.873648,1.0703981,23.017393
JVASP-2730,4,Na,28.128246,0.13788491,28.213959
JVASP-2730,5,Na,28.128246,0.13788491,28.213959
JVASP-2730,6,Nd,21.396585,0.12745805,21.473679
JVASP-2730,7,Nd,21.396585,0.12745805,21.473679
JVASP-15495,0,Cr,11.323444,0.42245543,11.697664
JVASP-15495,1,Cr,11.320037,0.42245528,11.641084
JVASP-15495,2,Cr,11.320037,0.42245528,11.647041
JVASP-15495,3,Ni,14.897146,1.1701105,15.569267
JVASP-15495,4,Ni,14.912281,1.1701182,15.51475
JVASP-15495,5,Ni,14.912281,1.1701182,15.522054
JVASP-15495,6,As,13.974339,2.5275233,11.547253
JVASP-15495,7,As,13.974339,2.5275233,11.547254
JVASP-15495,8,As,27.93643,2.174703,30.045773
JVASP-2829,0,O,25.885733,1.0562911,26.024063
JVASP-2829,1,O,25.886154,1.0562911,25.712513
JVASP-2829,2,O,25.886154,1.0562911,25.712513
JVASP-2829,3,O,25.885733,1.0562911,26.024063
JVASP-2829,4,Na,27.717045,0.15434925,27.81307
JVASP-2829,5,Na,27.717045,0.15434925,27.81307
JVASP-2829,6,Pr,10.863631,0.21928987,10.99608
JVASP-2829,7,Pr,10.863631,0.21928987,10.99608
JVASP-37948,0,Ag,27.509403,1.164567,26.98006
JVASP-37948,1,Ag,27.509405,1.164567,28.673326
JVASP-37948,2,Ag,27.509403,1.164567,26.912586
JVASP-37948,3,Ge,0.0,0.29479894,0.29479894
JVASP-79137,0,Ag,12.974947,1.183477,14.1577835
JVASP-79137,1,Ag,12.974947,1.183477,14.1577835
JVASP-79137,2,Ag,27.22771,1.183477,26.044964
JVASP-79137,3,Ag,12.974947,1.183477,14.1577835
JVASP-79137,4,Ag,12.974947,1.183477,14.1577835
JVASP-79137,5,Ag,27.22771,1.183477,26.044964
JVASP-79137,6,Pd,4.1077943,1.2685376,2.8412545
JVASP-79137,7,Pd,4.1077943,1.2685376,2.8412545
JVASP-80193,0,Ca,28.693747,0.24485786,28.451977
JVASP-80193,1,Ca,28.693747,0.24485786,28.451977
JVASP-80193,2,Ca,28.693747,0.24485786,28.451977
JVASP-80193,3,Ca,28.693747,0.24485786,28.451977
JVASP-80193,4,Mg,19.886276,0.42270336,20.21758
JVASP-80193,5,Mg,19.886276,0.42270336,20.21758
JVASP-80193,6,Al,22.003284,0.37106428,21.659803
JVASP-80193,7,Al,22.003284,0.37106428,21.659803
JVASP-67029,0,Sc,0.5756318,0.35923073,0.9324359
JVASP-67029,1,Be,2.704238,0.21736671,2.4964638
JVASP-67029,2,Fe,26.654123,0.32917878,26.981628
JVASP-67199,0,Zr,25.068893,0.05335438,25.107336
JVASP-67199,1,Mn,26.287926,0.23667802,26.059496
JVASP-67199,2,Be,5.157422,0.31447724,4.8524327
JVASP-79259,0,Ca,14.350745,0.30958396,14.657379
JVASP-79259,1,Al,26.138504,0.15024112,26.25491
JVASP-79259,2,Si,3.9914436,0.81675375,3.2021909
JVASP-79259,3,H,5.023904,0.56211984,4.4644027
JVASP-35829,0,K,3.19985,0.3863556,3.5849187
JVASP-35829,1,K,3.19985,0.3863556,3.5849187
JVASP-35829,2,Cd,25.798025,1.1114292,26.904594
JVASP-35829,3,Cd,25.798025,1.1114292,26.904594
JVASP-35829,4,Sb,5.0353346,2.8003426,7.742919
JVASP-35829,5,Sb,5.0353346,2.8003426,7.742919
JVASP-85702,0,Sr,20.970081,0.24800259,20.722168
JVASP-85702,1,Al,25.4453,0.19545668,25.276531
JVASP-85702,2,Al,25.4453,0.19545668,25.276531
JVASP-85702,3,H,6.760592,0.48090672,6.283065
JVASP-85702,4,H,6.760592,0.48090672,6.283065
JVASP-3384,0,O,25.18792,2.8876665,27.446896
JVASP-3384,1,O,25.187258,2.8876548,27.44628
JVASP-3384,2,K,17.332865,0.12404377,17.426708
JVASP-3384,3,K,17.332865,0.12404491,17.426708
JVASP-3384,4,Ni,13.102664,2.693215,11.194486
JVASP-18149,0,Nb,25.068893,0.10013666,24.988237
JVASP-18149,1,Nb,25.068893,0.10013666,24.988237
JVASP-18149,2,Nb,25.068893,0.10013666,25.160423
JVASP-18149,3,Nb,25.068893,0.10013666,25.160423
JVASP-18149,4,Nb,25.068893,0.10013666,25.05832
JVASP-18149,5,Nb,25.068893,0.10013666,25.05832
JVASP-18149,6,Pb,0.0,1.3747336,1.3747336
JVASP-18149,7,Pb,0.0,1.3747336,1.3747336
JVASP-64969,0,Be,0.73484695,0.33039036,0.41593906
JVASP-64969,1,Be,1.1643242,0.33039036,1.4897133
JVASP-64969,2,Be,0.73484695,0.33039036,0.41593906
JVASP-64969,3,Be,1.1643242,0.33039036,1.4897133
JVASP-64969,4,Cd,24.84191,0.500065,24.430552
JVASP-64969,5,Cd,24.84191,0.500065,24.430552
JVASP-64969,6,Cu,7.915934,0.7186971,8.634607
JVASP-64969,7,Cu,7.915934,0.7186971,8.634607
JVASP-18728,0,Pa,0.0,0.67505455,0.67505455
JVASP-18728,1,Ir,24.705555,1.2588977,24.298332
JVASP-18728,2,Ir,24.705553,1.2588977,25.946505
JVASP-18728,3,Ir,24.705555,1.2588977,23.92107
JVASP-42256,0,Nb,20.58264,0.25393748,20.694012
JVASP-42256,1,V,16.82573,0.10013093,16.88177
JVASP-42256,2,O,24.38614,0.9899613,24.4024
JVASP-42256,3,O,27.701021,0.99396014,27.371502
JVASP-42256,4,O,24.38689,0.9899609,24.435999
JVASP-42256,5,O,27.70116,0.9939613,27.3871
JVASP-17977,0,Si,24.240686,0.67762244,24.67051
JVASP-17977,1,Si,24.240686,0.67762244,24.67051
JVASP-17977,2,Co,18.175322,0.8906849,18.756218
JVASP-17977,3,Co,18.175322,0.8906849,18.756218
JVASP-17977,4,Np,8.029545,0.45342818,8.317408
JVASP-16069,0,P,22.472784,2.1751497,20.97221
JVASP-16069,1,P,22.472784,2.1751497,20.97221
JVASP-16069,2,Sr,23.939596,0.17622364,24.0636
JVASP-16069,3,Rh,18.523216,0.7680426,17.975765
JVASP-16069,4,Rh,18.523216,0.7680426,17.975765
JVASP-3000,0,Ba,23.828636,0.11034787,23.746754
JVASP-3000,1,Mg,0.21314783,0.21943173,0.43140972
JVASP-3000,2,Mg,0.21314783,0.21943173,0.43140972
JVASP-3000,3,Sb,13.273376,2.285259,11.155185
JVASP-3000,4,Sb,13.273376,2.285259,11.155185
JVASP-15741,0,Ce,6.6405673,0.18579769,6.455386
JVASP-15741,1,Al,4.7458863,0.29265645,4.4656086
JVASP-15741,2,Al,4.7458863,0.29265645,4.4656086
JVASP-15741,3,Ge,23.681667,0.3367805,23.366112
JVASP-15741,4,Ge,23.681667,0.3367805,23.366112
JVASP-52281,0,Mg,2.2860894,0.32145762,2.193874
JVASP-52281,1,Mg,2.6986282,0.30891308,2.7761607
JVASP-52281,2,Mg,2.6986282,0.30891308,2.7339313
JVASP-52281,3,Zn,4.167633,0.6604588,4.281661
JVASP-52281,4,O,23.302208,1.0576543,23.689743
JVASP-52281,5,O,23.515507,1.0528796,23.17234
JVASP-52281,6,O,23.515507,1.0528796,23.17234
JVASP-52281,7,O,23.302208,1.0576543,23.689743
JVASP-36608,0,Ca,0.0,0.17983583,0.17983583
JVASP-36608,1,V,0.0,0.09128656,0.09128656
JVASP-36608,2,O,23.255457,1.4176235,21.858788
JVASP-36608,3,O,23.255457,1.4176235,24.181772
JVASP-36608,4,O,23.255457,1.4176235,23.788925
JVASP-15983,0,Ca,5.2566047,0.3973875,4.8643312
JVASP-15983,1,Ca,5.2566047,0.3973875,4.8643312
JVASP-15983,2,Ge,22.994993,1.1350695,24.086197
JVASP-15983,3,Ge,22.994993,1.1350695,24.086197
JVASP-15983,4,Ge,22.994993,1.1350695,24.086197
JVASP-15983,5,Ge,22.994993,1.1350695,24.086197
JVASP-15983,6,Au,15.511803,2.006246,17.484083
JVASP-15983,7,Au,15.511803,2.006246,17.484083
JVASP-15983,8,Au,15.511803,2.006246,17.484083
JVASP-15983,9,Au,15.511803,2.006246,17.484083
JVASP-68998,0,Ba,22.890482,0.061250806,22.8525
JVASP-68998,1,Sr,15.199083,0.18366031,15.381136
JVASP-68998,2,Y,9.612615,0.2002169,9.812224
JVASP-68998,3,Y,9.612615,0.2002169,9.812224
JVASP-8807,0,Li,0.27471927,0.40256858,0.5124352
JVASP-8807,1,Li,0.27471927,0.40256858,0.5124352
JVASP-8807,2,S,9.465286,3.5531874,10.08704
JVASP-8807,3,S,9.465286,3.5531793,10.0785885
JVASP-8807,4,S,9.465286,3.5531793,10.0785885
JVASP-8807,5,S,9.465286,3.5531874,10.08704
JVASP-8807,6,Sm,22.651657,0.1593361,22.619108
JVASP-8807,7,Sm,22.651657,0.1593361,22.619108
JVASP-38678,0,Na,2.7189336,0.21097384,2.9289982
JVASP-38678,1,Na,2.7189336,0.21097384,2.9289982
JVASP-38678,2,Pd,22.527956,1.2632113,23.78967
JVASP-38678,3,Pd,22.527956,1.2632113,23.78967
JVASP-38678,4,Pd,19.676752,1.2632113,20.938477
JVASP-38678,5,Pd,22.527956,1.2632113,23.78967
JVASP-38678,6,Pd,22.527956,1.2632113,23.78967
JVASP-38678,7,Pd,19.676752,1.2632113,20.938477
JVASP-68194,0,Be,0.9619359,0.34914485,0.6234315
JVASP-68194,1,Rh,22.248716,0.25176814,22.020548
JVASP-68194,2,Si,10.733664,0.4141218,11.128123
JVASP-68194,3,Si,5.7783465,0.4141218,6.1734
JVASP-77090,0,Y,2.1361105,0.13074271,2.0921004
JVASP-77090,1,Y,2.1361105,0.13074271,2.0921004
JVASP-77090,2,Y,2.1361105,0.13074271,2.0921004
JVASP-77090,3,Y,2.1361105,0.13074271,2.0921004
JVASP-77090,4,Hg,21.950958,1.4137065,22.288269
JVASP-77090,5,Hg,21.950958,1.4137065,22.288269
JVASP-77090,6,Au,20.759298,1.559504,21.06139
JVASP-77090,7,Au,20.759298,1.559504,21.06139
JVASP-18075,0,Ce,21.697578,0.20222984,21.495697
JVASP-18075,1,Ce,21.697578,0.20222984,21.495697
JVASP-18075,2,Mn,21.272186,0.15798002,21.408918
JVASP-18075,3,Mn,21.272186,0.15798002,21.408918
JVASP-18075,4,Ge,13.401159,1.4265724,14.771284
JVASP-18075,5,Ge,13.401159,1.4265724,14.771284
JVASP-35473,0,Hg,21.307295,1.1988612,20.241184
JVASP-35473,1,P,0.73484695,1.7119691,2.4357657
JVASP-35473,2,Pd,8.784579,0.27732107,8.533977
JVASP-35473,3,Pd,8.784579,0.27732107,8.533977
JVASP-35473,4,Pd,8.784579,0.27732107,8.88225
JVASP-35473,5,Pd,8.784579,0.27732107,8.88225
JVASP-35473,6,Pd,15.61468,0.22650342,15.787613
JVASP-2220,0,Nd,20.989677,0.06006291,20.952127
JVASP-2220,1,Nd,20.989677,0.06006291,20.952127
JVASP-2220,2,S,10.371548,3.293653,13.626202
JVASP-2220,3,O,14.741846,1.1944834,15.915124
JVASP-2220,4,O,14.741846,1.1944834,15.915124
JVASP-15453,0,Si,7.3514104,1.0195357,8.010241
JVASP-15453,1,Si,7.3514104,1.0195357,8.010241
JVASP-15453,2,Y,5.5441847,0.096234076,5.597857
JVASP-15453,3,Pd,20.706263,1.5874351,19.76685
JVASP-15453,4,Pd,20.706263,1.5874351,19.76685
JVASP-67578,0,Be,0.83447397,0.37186638,1.2013167
JVASP-67578,1,Ca,20.42548,0.54609704,20.966536
JVASP-67578,2,Na,2.2706783,0.49957216,2.7645624
JVASP-3003,0,Ca,0.4286607,0.40626433,0.83406746
JVASP-3003,1,Zn,20.258913,2.353417,17.91548
JVASP-3003,2,Zn,20.258913,2.353417,17.91548
JVASP-3003,3,P,9.259888,0.3217766,8.941451
JVASP-3003,4,P,9.259888,0.3217766,8.941451
JVASP-67607,0,Be,5.719566,0.31284332,6.025045
JVASP-67607,1,Ge,20.085815,0.80154145,19.338789
JVASP-67607,2,Na,15.775531,0.34045246,15.438955
JVASP-54303,0,Ce,19.881693,0.31630507,19.56622
JVASP-54303,1,Ce,19.881693,0.31630507,19.56622
JVASP-54303,2,Fe,2.616055,0.4940644,2.1220896
JVASP-54303,3,Fe,2.616055,0.4940644,2.1220896
JVASP-54303,4,As,11.484841,2.6176484,8.979408
JVASP-54303,5,As,11.484841,2.6176484,8.979408
JVASP-54303,6,O,8.85164,1.2135702,7.6605024
JVASP-54303,7,O,8.85164,1.2135702,7.6605024
JVASP-10108,0,Sc,11.8045,0.2791178,12.079328
JVASP-10108,1,Sc,11.8045,0.2791178,12.079328
JVASP-10108,2,Sc,11.8045,0.2791178,12.079328
JVASP-10108,3,Sc,11.8045,0.2791178,12.079328
JVASP-10108,4,S,17.26278,2.5013535,19.727327
JVASP-10108,5,S,17.26278,2.5013535,19.727327
JVASP-10108,6,O,19.8029,1.4610721,21.252142
JVASP-10108,7,O,19.8029,1.4610721,21.252142
JVASP-10108,8,O,19.8029,1.4610721,21.252142
JVASP-10108,9,O,19.8029,1.4610721,21.252142
JVASP-17775,0,Na,7.52075,0.3155922,7.209938
JVASP-17775,1,Na,7.52075,0.3155922,7.209938
JVASP-17775,2,Mn,16.80595,0.16596138,16.968277
JVASP-17775,3,Mn,16.80595,0.16596138,16.968277
JVASP-17775,4,As,19.542847,2.6761622,16.952854
JVASP-17775,5,As,19.542847,2.6761622,16.952854
JVASP-15361,0,Nd,17.838818,0.059835084,17.887293
JVASP-15361,1,Nd,17.838818,0.059835084,17.887293
JVASP-15361,2,Si,15.848198,1.0667616,16.888733
JVASP-15361,3,Si,15.848198,1.0667616,16.888733
JVASP-15361,4,Si,15.848198,1.0667616,16.888733
JVASP-15361,5,Si,15.848198,1.0667616,16.888733
JVASP-15361,6,Pd,19.208899,1.5913078,17.6178
JVASP-15361,7,Pd,19.208899,1.5913078,17.6178
JVASP-15361,8,Pd,19.208899,1.5913078,17.6178
JVASP-15361,9,Pd,19.208899,1.5913078,17.6178
JVASP-3183,0,Sr,0.6417663,0.1756633,0.46658948
JVASP-3183,1,Sr,0.6417663,0.1756633,0.46658948
JVASP-3183,2,Cu,4.013897,1.4830539,2.531406
JVASP-3183,3,Cu,4.013897,1.4830539,2.531406
JVASP-3183,4,S,1.8371173,3.2398643,1.4836286
JVASP-3183,5,S,1.8371173,3.2398643,1.4836286
JVASP-3183,6,F,18.959051,2.3517425,16.618116
JVASP-3183,7,F,18.959051,2.3517425,16.618116
JVASP-15349,0,Si,11.833338,1.0438286,12.4895735
JVASP-15349,1,Si,11.833338,1.0438286,12.4895735
JVASP-15349,2,Pd,18.828753,1.5894493,17.900177
JVASP-15349,3,Pd,18.828753,1.5894493,17.900177
JVASP-15349,4,Sm,18.279985,0.100619644,18.230412
JVASP-65641,0,K,2.7936473,0.3473399,2.4467578
JVASP-65641,1,Ba,18.524368,0.057814274,18.511957
JVASP-65641,2,In,9.921665,0.47688997,10.280766
JVASP-65641,3,In,9.921665,0.47688997,10.280766
JVASP-14918,0,Li,0.055539776,0.2823074,0.3371518
JVASP-14918,1,Li,0.055539776,0.2823074,0.3371518
JVASP-14918,2,Pr,18.314837,0.115041494,18.20076
JVASP-14918,3,P,1.195351,0.34662145,1.5397418
JVASP-14918,4,P,1.195351,0.34662145,1.5397418
JVASP-16189,0,Pr,0.0,0.1050634,0.1050634
JVASP-16189,1,Ga,0.0,0.16959567,0.16959567
JVASP-16189,2,O,18.120508,1.4024976,18.741865
JVASP-16189,3,O,18.120508,1.4024976,18.972445
JVASP-16189,4,O,18.120508,1.4024976,16.72568
JVASP-29362,0,La,18.015997,0.3800364,18.395386
JVASP-29362,1,La,18.015997,0.3800364,18.395386
JVASP-29362,2,Fe,8.634452,0.5826334,9.21701
JVASP-29362,3,Fe,8.634452,0.5826334,9.21701
JVASP-29362,4,P,7.6546555,1.8656496,5.848542
JVASP-29362,5,P,7.6546555,1.8656496,5.848542
JVASP-29362,6,O,17.794725,1.219534,16.598223
JVASP-29362,7,O,17.794725,1.219534,16.598223
JVASP-28384,0,Sm,6.8006,0.1205389,6.907637
JVASP-28384,1,Sm,6.8006,0.1205389,6.907637
JVASP-28384,2,Co,17.678783,0.83180726,18.510138
JVASP-28384,3,Co,17.678783,0.83180726,18.510138
JVASP-28384,4,P,13.397892,1.9242737,15.2847395
JVASP-28384,5,P,13.397892,1.9242737,15.2847395
JVASP-18771,0,V,17.363615,0.3891311,17.539335
JVASP-18771,1,V,17.363615,0.3891311,17.539335
JVASP-18771,2,V,17.363615,0.3891311,17.582619
JVASP-18771,3,V,17.363615,0.3891311,17.582619
JVASP-18771,4,V,17.363615,0.3891311,16.975363
JVASP-18771,5,V,17.363615,0.3891311,16.975363
JVASP-18771,6,Pb,0.0,1.4627362,1.4627362
JVASP-18771,7,Pb,0.0,1.4627362,1.4627362
JVASP-12158,0,Y,0.20086314,0.25207084,0.05340579
JVASP-12158,1,Y,0.20086314,0.25207084,0.05340579
JVASP-12158,2,Y,0.20209405,0.25207084,0.052396417
JVASP-12158,3,Y,0.20086314,0.25207084,0.05340579
JVASP-12158,4,Y,0.20086314,0.25207084,0.05340579
JVASP-12158,5,Y,0.20209405,0.25207084,0.052396417
JVASP-12158,6,Ge,1.6313627,0.15693083,1.7799022
JVASP-12158,7,Ge,1.6313627,0.15693142,1.7799026
JVASP-12158,8,Ge,1.6313627,0.15693142,1.7799026
JVASP-12158,9,I,16.969656,2.407394,19.208908
JVASP-12158,10,I,16.969656,2.407394,19.208908
JVASP-12158,11,I,16.969656,2.4073915,19.208906
JVASP-12158,12,I,16.969656,2.4073915,19.208906
JVASP-12158,13,I,16.969656,2.4073915,19.208906
JVASP-12158,14,I,16.969656,2.4073915,19.208906
JVASP-79188,0,Mg,14.300829,0.4198115,13.893164
JVASP-79188,1,Mg,15.121974,0.41692528,15.413906
JVASP-79188,2,Mg,10.70706,0.41837782,10.705867
JVASP-79188,3,Fe,17.39342,0.49438065,16.899258
JVASP-39138,0,Sc,0.0,0.1552066,0.1552066
JVASP-39138,1,V,0.0,0.06938286,0.06938286
JVASP-39138,2,O,16.558552,1.4569162,17.998766
JVASP-39138,3,O,16.558552,1.4569162,15.682853
JVASP-39138,4,O,16.558552,1.4569162,16.094011
JVASP-16029,0,Zr,16.198477,0.05618742,16.23434
JVASP-16029,1,Cu,10.444646,1.3648214,9.0798645
JVASP-16029,2,Cu,10.444646,1.3648214,9.0798645
JVASP-16029,3,P,10.855323,1.9637089,12.780368
JVASP-16029,4,P,10.855323,1.9637089,12.780368
JVASP-49889,0,Ba,0.0,0.22837746,0.22837746
JVASP-49889,1,Ta,0.0,0.7189708,0.7189708
JVASP-49889,2,O,16.012316,1.5578516,16.748335
JVASP-49889,3,O,16.012316,1.5578516,16.93762
JVASP-49889,4,O,16.012316,1.5578516,14.459379
JVASP-28429,0,Tb,7.042283,0.9284121,6.1150064
JVASP-28429,1,Tb,7.042283,0.9284121,6.1150064
JVASP-28429,2,Ga,14.963525,0.120843336,14.898177
JVASP-28429,3,Ga,14.963525,0.120843336,14.898177
JVASP-28429,4,I,15.702045,2.3973742,17.932808
JVASP-28429,5,I,15.702045,2.3973742,17.932808
JVASP-16239,0,Tb,15.568958,0.58654076,16.154388
JVASP-16239,1,Al,0.72668195,0.24990992,0.4934539
JVASP-16239,2,Al,0.72668195,0.24990992,0.4934539
JVASP-16239,3,Si,6.581779,0.8283327,5.7751307
JVASP-16239,4,Si,6.581779,0.8283327,5.7751307
JVASP-38378,0,Pu,0.0,0.85096645,0.85096645
JVASP-38378,1,Ir,0.0,0.7468708,0.7468708
JVASP-38378,2,O,15.355851,1.5342858,14.758747
JVASP-38378,3,O,15.355851,1.5342858,14.543658
JVASP-38378,4,O,15.355851,1.5342858,16.885794
JVASP-1828,0,Li,0.29757017,0.34718755,0.61386204
JVASP-1828,1,S,3.2118902,3.3233054,2.0355415
JVASP-1828,2,S,3.2118902,3.3233054,2.0355415
JVASP-1828,3,Er,14.950504,0.538307,14.500439
JVASP-1690,0,Na,1.7014077,0.5170561,1.3068651
JVASP-1690,1,S,0.24068236,2.9708157,3.1705825
JVASP-1690,2,S,0.24068236,2.9708157,3.1705825
JVASP-1690,3,Y,14.465856,0.28027537,14.692136
JVASP-22147,0,F,4.041321,2.924076,4.3562846
JVASP-22147,1,F,4.041321,2.924076,4.3562846
JVASP-22147,2,F,5.3256984,2.8341177,5.163821
JVASP-22147,3,F,5.326933,2.8341188,7.100624
JVASP-22147,4,F,5.3256984,2.8341177,5.163821
JVASP-22147,5,F,5.326933,2.8341188,7.100624
JVASP-22147,6,Na,0.92960024,0.3435048,1.0835565
JVASP-22147,7,Rb,14.260238,0.24034327,14.318353
JVASP-22147,8,Rb,14.260238,0.24034327,14.318353
JVASP-22147,9,Ho,5.3318796,1.0889459,5.143522
JVASP-8260,0,Y,0.06205374,0.25346047,0.19143742
JVASP-8260,1,V,0.27270985,0.10035234,0.36301196
JVASP-8260,2,O,13.94014,1.4019878,13.513217
JVASP-8260,3,O,13.94014,1.4019878,13.084904
JVASP-8260,4,O,13.865745,1.401395,15.248653
JVASP-14908,0,Zr,5.0900397,0.1918204,4.8992424
JVASP-14908,1,Zr,5.0900397,0.1918204,4.8992424
JVASP-14908,2,Si,13.63386,0.6401605,14.245019
JVASP-14908,3,Si,13.63386,0.6401605,14.245019
JVASP-14908,4,Si,13.63386,0.6401605,14.245019
JVASP-14908,5,Si,13.63386,0.6401605,14.245019
JVASP-14908,6,Ni,6.0281944,1.2773829,4.752067
JVASP-14908,7,Ni,6.0281944,1.2773829,4.752067
JVASP-14908,8,Ni,6.0281944,1.2773829,4.752067
JVASP-14908,9,Ni,6.0281944,1.2773829,4.752067
JVASP-37765,0,Na,13.204317,0.3504604,13.129866
JVASP-37765,1,Na,13.199581,0.35046092,13.08119
JVASP-37765,2,Na,13.199581,0.35046092,13.049585
JVASP-37765,3,Na,13.204317,0.3504604,13.129866
JVASP-37765,4,Na,13.199581,0.35046092,13.08119
JVASP-37765,5,Na,13.199581,0.35046092,13.049585
JVASP-37765,6,Rh,0.20828345,1.0543795,1.2622077
JVASP-37765,7,Rh,0.20828345,1.0543795,1.2622077
JVASP-39580,0,Zn,3.230877,0.49373582,2.7376478
JVASP-39580,1,Zn,3.230877,0.49373582,2.7376478
JVASP-39580,2,Zn,12.579763,0.49373582,13.073086
JVASP-39580,3,Zn,3.230877,0.49373582,2.7376478
JVASP-39580,4,Zn,3.230877,0.49373582,2.7376478
JVASP-39580,5,Zn,12.579763,0.49373582,13.073086
JVASP-39580,6,B,5.321924,0.33057094,4.999776
JVASP-39580,7,B,5.321924,0.33057094,4.999776
JVASP-85074,0,K,12.20916,0.19777678,12.386877
JVASP-85074,1,K,12.20916,0.19777678,12.386877
JVASP-85074,2,Rb,9.966224,0.29357952,9.817083
JVASP-85074,3,Rb,9.966224,0.29357952,9.817083
JVASP-85074,4,Rb,9.966224,0.29357952,9.817083
JVASP-85074,5,Rb,9.966224,0.29357952,9.817083
JVASP-85074,6,Na,3.541156,0.2500194,3.7404308
JVASP-85074,7,Na,3.541156,0.2500194,3.7404308
JVASP-38238,0,Rb,7.393377,0.29946268,7.133951
JVASP-38238,1,Rb,7.393377,0.29946268,7.133951
JVASP-38238,2,Rb,11.880025,0.29946268,12.141853
JVASP-38238,3,Rb,7.393377,0.29946268,7.133951
JVASP-38238,4,Rb,7.393377,0.29946268,7.133951
JVASP-38238,5,Rb,11.880025,0.29946268,12.141853
JVASP-38238,6,Lu,1.3847781,0.04894001,1.3653768
JVASP-38238,7,Lu,1.3847781,0.04894001,1.3653768
JVASP-15269,0,B,7.9347286,1.7974721,7.304228
JVASP-15269,1,B,7.9347286,1.7974721,7.304228
JVASP-15269,2,Al,11.542186,0.8990215,12.334439
JVASP-15269,3,Fe,6.383632,0.08475249,6.397394
JVASP-15269,4,Fe,6.383632,0.08475249,6.397394
JVASP-37072,0,Tb,11.264388,1.0966476,10.16965
JVASP-37072,1,Na,1.2345437,0.20299923,1.0354787
JVASP-37072,2,Se,0.4531556,1.2207007,1.6636465
JVASP-37072,3,Se,0.4531556,1.2207007,1.6636465
JVASP-36668,0,Ca,10.915335,0.26162454,10.657212
JVASP-36668,1,Be,1.066353,0.30925992,1.3677331
JVASP-36668,2,Be,1.066353,0.30925992,1.3677331
JVASP-36668,3,P,3.2847657,1.8209331,1.5558388
JVASP-36668,4,P,3.2847657,1.8209331,1.5558388
JVASP-66714,0,Be,6.699354,0.25100616,6.4550724
JVASP-66714,1,Be,0.118392,0.2519764,0.13739781
JVASP-66714,2,Nb,2.5915601,0.0433227,2.5486636
JVASP-66714,3,Ir,10.70182,1.010597,9.721448
JVASP-67836,0,Be,7.2055855,0.30730835,6.903969
JVASP-67836,1,Br,10.463404,4.9040084,15.284462
JVASP-67836,2,Li,2.3833535,0.3893562,2.7656028
JVASP-34996,0,Mg,4.3429456,0.49334058,3.8536696
JVASP-34996,1,Mg,4.3429456,0.49334058,3.8536696
JVASP-34996,2,Mg,10.122517,0.39823198,10.519244
JVASP-34996,3,Mg,10.122517,0.39823198,10.519244
JVASP-34996,4,Ge,6.730382,0.59073365,7.289249
JVASP-34996,5,Ge,6.730382,0.59073365,7.289249
JVASP-22731,0,Sr,9.884123,0.124428295,9.761956
JVASP-22731,1,Mg,2.2671263,0.4091097,2.6746247
JVASP-22731,2,Mg,2.2671263,0.40911,2.674625
JVASP-22731,3,As,3.152088,1.1255144,4.253995
JVASP-22731,4,As,3.152088,1.1255146,4.253995
JVASP-37218,0,Sm,0.0,0.048456553,0.048456553
JVASP-37218,1,Be,0.0,0.13331582,0.13331582
JVASP-37218,2,O,9.698346,1.599343,11.286095
JVASP-37218,3,O,9.698347,1.599343,8.819373
JVASP-37218,4,O,9.698347,1.599343,9.202727
JVASP-15393,0,As,5.0892744,3.751394,2.92339
JVASP-15393,1,Se,3.6052377,5.223809,3.0358932
JVASP-15393,2,Se,3.6052377,5.223809,3.0358932
JVASP-15393,3,Ag,9.469727,0.39117506,9.250683
JVASP-79681,0,Ca,0.6882398,0.3549147,0.5249363
JVASP-79681,1,Ca,0.6882398,0.3549147,0.5249363
JVASP-79681,2,Sb,8.866607,1.9775732,9.815108
JVASP-79681,3,Sb,8.866607,1.9775732,9.815108
JVASP-79681,4,Pd,2.1146939,0.97254086,2.4848368
JVASP-79681,5,Pd,2.1146939,0.97254086,2.4848368
JVASP-79681,6,Pd,2.1146939,0.97254086,2.4848368
JVASP-79681,7,Pd,2.1146939,0.97254086,2.4848368
JVASP-1744,0,K,8.61807,0.2476996,8.407259
JVASP-1744,1,Te,0.5198327,3.371379,3.8021917
JVASP-1744,2,Te,0.5198327,3.371379,3.8021917
JVASP-1744,3,Nd,0.14091133,0.26156446,0.38750488
JVASP-8636,0,Sm,0.0,0.07080057,0.07080057
JVASP-8636,1,V,0.0,0.124047816,0.124047816
JVASP-8636,2,O,8.134755,1.3615716,7.7815104
JVASP-8636,3,O,8.134755,1.3615716,7.3288083
JVASP-8636,4,O,8.134755,1.3615716,9.477397
JVASP-3177,0,Mg,7.9212418,0.27670422,8.146314
JVASP-3177,1,Be,2.183723,0.72621363,1.4998193
JVASP-3177,2,Be,2.183723,0.72621363,1.4998193
JVASP-3177,3,N,8.044124,2.3646405,5.6825833
JVASP-3177,4,N,8.044124,2.3646405,5.6825833
JVASP-17390,0,Zn,0.0,1.2013712,1.2013712
JVASP-17390,1,Ni,7.898788,0.9359845,8.38578
JVASP-17390,2,Ni,7.8987875,0.9359845,6.9632144
JVASP-17390,3,Ni,7.898788,0.9359845,8.425738
JVASP-17390,4,C,0.0,1.0312985,1.0312985
JVASP-17531,0,Ce,7.5297313,0.18786311,7.3421903
JVASP-17531,1,Ce,7.5297313,0.18786311,7.3421903
JVASP-17531,2,Ti,5.80529,0.46016937,5.3461466
JVASP-17531,3,Ti,5.80529,0.46016937,5.3461466
JVASP-17531,4,Ge,1.3896772,0.47183937,0.95751643
JVASP-17531,5,Ge,1.3896772,0.47183937,0.95751643
JVASP-37155,0,Na,0.34173968,0.22373979,0.12434269
JVASP-37155,1,Sm,7.455023,0.55901104,8.011493
JVASP-37155,2,Te,0.48377475,2.738064,2.2877269
JVASP-37155,3,Te,0.48377475,2.738064,2.2877269
JVASP-68168,0,Be,0.6543485,0.3437746,0.31827137
JVASP-68168,1,Sn,7.047182,0.34398594,6.9355264
JVASP-68168,2,Zn,0.5462472,1.380086,0.84274465
JVASP-68168,3,Zn,1.6542257,1.380086,3.0269141
JVASP-66797,0,Be,0.0581263,0.3122129,0.3690679
JVASP-66797,1,Mg,3.9787884,0.39680383,4.373451
JVASP-66797,2,Zn,6.93124,1.5581254,5.3788266
JVASP-80697,0,K,1.6022435,0.36007294,1.6387787
JVASP-80697,1,K,1.6022435,0.36007294,1.6387787
JVASP-80697,2,K,1.6022435,0.36007294,1.6387787
JVASP-80697,3,K,1.6022435,0.36007294,1.6387787
JVASP-80697,4,Na,0.1256848,0.35204902,0.34413528
JVASP-80697,5,Na,0.1256848,0.35204902,0.34413528
JVASP-80697,6,Hg,6.59376,2.197641,6.725627
JVASP-80697,7,Hg,6.59376,2.197641,6.725627
JVASP-35824,0,Yb,0.0,0.121422075,0.121422075
JVASP-35824,1,H,6.291106,0.44175774,5.851402
JVASP-35824,2,H,6.291106,0.44175774,6.512119
JVASP-35824,3,H,6.291106,0.44175774,6.53245
JVASP-35824,4,Pd,0.0,0.57723814,0.57723814
JVASP-85223,0,La,5.7109857,0.09064727,5.7741427
JVASP-85223,1,La,5.7109857,0.09064727,5.7741427
JVASP-85223,2,Ge,2.37723,0.27739003,2.1113513
JVASP-85223,3,I,6.034318,2.5634072,8.46177
JVASP-85223,4,I,6.034318,2.5634072,8.46177
JVASP-3903,0,S,1.3901132,0.19821432,1.5736146
JVASP-3903,1,Te,5.5582314,4.570247,9.79253
JVASP-3903,2,Te,5.5582314,4.570247,9.79253
JVASP-3903,3,Bi,5.6278276,1.0821227,5.0147743
JVASP-3903,4,Bi,5.6278276,1.0821227,5.0147743
JVASP-38000,0,Li,5.205166,0.117129475,5.1293244
JVASP-38000,1,Li,5.205166,0.117129475,5.1725965
JVASP-38000,2,Li,5.205166,0.117129475,5.315701
JVASP-38000,3,Cl,0.0,3.2783945,3.2783945
JVASP-38000,4,O,0.0,1.3817986,1.3817986
JVASP-12564,0,H,5.1910934,0.7506526,4.847125
JVASP-12564,1,H,5.1906953,0.75065273,5.1965046
JVASP-12564,2,H,5.190702,0.7506529,5.770732
JVASP-12564,3,H,5.1907573,0.7506526,5.2343073
JVASP-12564,4,H,5.190241,0.75065273,5.7358294
JVASP-12564,5,H,5.1903067,0.75065273,4.846527
JVASP-12564,6,Li,0.35613012,0.4045796,0.3823092
JVASP-12564,7,Li,0.35613012,0.40457967,0.3823092
JVASP-12564,8,Mg,4.15728,0.47165227,3.9369123
JVASP-12564,9,Mg,4.15728,0.47165233,3.9369123
JVASP-67462,0,Be,3.1165679,0.33323115,2.7922108
JVASP-67462,1,Ta,4.3682566,0.5461632,4.9105525
JVASP-67462,2,Tc,4.3698897,0.08453809,4.371891
JVASP-38441,0,Pr,3.3435535,0.07281207,3.2728827
JVASP-38441,1,Pr,3.3435535,0.07281207,3.2728827
JVASP-38441,2,Nd,2.2086232,0.065825894,2.1476371
JVASP-38441,3,Nd,2.2086232,0.065825894,2.1476371
JVASP-38441,4,Nd,4.12984,0.065825894,4.1910357
JVASP-38441,5,Nd,2.2086232,0.065825894,2.1476371
JVASP-38441,6,Nd,2.2086232,0.065825894,2.1476371
JVASP-38441,7,Nd,4.12984,0.065825894,4.1910357
JVASP-12077,0,H,0.4207636,0.21243928,0.2578287
JVASP-12077,1,H,0.4207636,0.21243928,0.2578287
JVASP-12077,2,Cl,2.0830314,2.4553468,4.417681
JVASP-12077,3,Cl,2.0830314,2.4553468,4.417681
JVASP-12077,4,Lu,3.776196,0.46911138,3.3446476
JVASP-12077,5,Lu,3.776196,0.46911138,3.3446476
JVASP-18790,0,Ta,3.334572,0.60148543,3.6331117
JVASP-18790,1,Ta,3.334572,0.60148543,3.6331117
JVASP-18790,2,Ta,3.334572,0.60148543,2.7362173
JVASP-18790,3,Ta,3.334572,0.60148543,2.7362173
JVASP-18790,4,Ta,3.334572,0.60148543,3.709054
JVASP-18790,5,Ta,3.334572,0.60148543,3.709054
JVASP-18790,6,Sn,0.0,0.34026763,0.34026763
JVASP-18790,7,Sn,0.0,0.34026763,0.34026763
JVASP-67947,0,Be,0.3429519,0.36834374,0.06506437
JVASP-67947,1,Bi,0.09797959,1.2635262,1.1864736
JVASP-67947,2,Zn,3.147595,1.3799757,1.7905521
JVASP-67947,3,Zn,1.3055795,1.3799757,2.6792362
JVASP-37842,0,Bi,2.7458782,1.4509108,4.045261
JVASP-37842,1,Bi,2.7458782,1.4509108,4.045261
JVASP-37842,2,H,0.5878776,0.08853671,0.51655746
JVASP-37842,3,H,0.5878776,0.08853671,0.51655746
JVASP-37842,4,H,1.6264611,0.08853671,1.7008314
JVASP-37842,5,H,0.5878776,0.08853671,0.51655746
JVASP-37842,6,H,0.5878776,0.08853671,0.51655746
JVASP-37842,7,H,1.6264611,0.08853671,1.7008314
JVASP-67558,0,Be,0.09471008,0.3132067,0.40461788
JVASP-67558,1,Cd,2.4380589,0.7613524,1.6820648
JVASP-67558,2,Co,0.3886601,0.69565254,1.0815679
JVASP-67558,3,Co,1.0802277,0.69565254,0.40548483
JVASP-37387,0,Th,2.091864,0.67855686,1.9197366
JVASP-37387,1,Th,2.091864,0.67855686,1.7805138
JVASP-37387,2,Th,2.091864,0.67855686,2.7664757
JVASP-37387,3,U,0.0,0.6573581,0.6573581
JVASP-37885,0,Ca,0.0,0.21412915,0.21412915
JVASP-37885,1,Be,0.0,0.14063893,0.14063893
JVASP-37885,2,O,1.3480358,1.6163309,1.3395467
JVASP-37885,3,O,1.3480358,1.6163309,1.6560295
JVASP-37885,4,O,1.3480358,1.6163309,2.9584386
JVASP-51337,0,Na,0.0014142137,0.53209645,0.5323352
JVASP-51337,1,Na,0.0014142137,0.53210306,0.53234184
JVASP-51337,2,Sr,0.8802511,0.086419754,0.88403046
JVASP-51337,3,Fe,0.5107269,0.30318525,0.51089585
JVASP-38464,0,Li,0.5364383,0.3081092,0.51135904
JVASP-38464,1,Li,0.5364383,0.3081092,0.42232212
JVASP-38464,2,Li,0.5364383,0.3081092,0.8415746
JVASP-38464,3,Cr,0.0,0.16405694,0.16405694
JVASP-1363,0,N,0.0,0.47146967,0.47146967
JVASP-1363,1,Tm,0.020049937,0.6620196,0.65619713
JVASP-18914,0,Se,0.0,1.0673727,1.0673727
JVASP-18914,1,Np,0.012516655,0.8368404,0.8461148
JVASP-18317,0,Bi,0.002,1.0246519,1.0246456
JVASP-18317,1,Np,0.011430952,0.83775914,0.8372971
JVASP-1345,0,Te,0.0014142137,2.5264983,2.5269828
JVASP-1345,1,Yb,0.008717798,2.1011968,2.101084
JVASP-14804,0,As,0.0,0.6624241,0.6624241
JVASP-14804,1,Yb,0.0061644143,2.0723608,2.0746827
JVASP-18916,0,C,0.0,1.3034278,1.3034278
JVASP-18916,1,Ti,0.0029439204,0.27426252,0.2733752
JVASP-18323,0,La,0.0037416576,0.08806987,0.0886407
JVASP-18323,1,Bi,0.0014142137,0.9724545,0.9736724
JVASP-15043,0,As,0.0,0.67340285,0.67340285
JVASP-15043,1,Ce,0.0031622779,0.13777356,0.13929145
JVASP-2011,0,H,0.0016329932,0.15157282,0.15092209
JVASP-2011,1,K,0.0014142137,0.22390884,0.22493783
JVASP-16625,0,Yb,0.0,1.0709379,1.0709379
JVASP-16625,1,Tl,0.0,1.270167,1.270167
JVASP-56721,0,Yb,0.0,1.0184485,1.0184485
JVASP-56721,1,Ru,0.0,0.45987514,0.45987514
JVASP-16611,0,Pu,0.0,0.6707393,0.6707393
JVASP-16611,1,Ru,0.0,0.46192124,0.46192124
JVASP-36354,0,Pa,0.0,0.6403832,0.6403832
JVASP-36354,1,N,0.0,0.37557086,0.37557086
JVASP-78592,0,La,0.0,0.20157291,0.20157291
JVASP-78592,1,Tl,0.0,1.20521,1.20521
JVASP-19741,0,Lu,0.0,0.3358883,0.3358883
JVASP-19741,1,Ir,0.0,1.136541,1.136541
JVASP-16545,0,Hf,0.0,0.46132854,0.46132854
JVASP-16545,1,Tc,0.0,0.13548356,0.13548356
JVASP-16516,0,Ga,0.0,0.38954145,0.38954145
JVASP-16516,1,Ir,0.0,1.1837976,1.1837976
JVASP-17691,0,Dy,0.0,0.56057435,0.56057435
JVASP-17691,1,Th,0.0,0.65578675,0.65578675
JVASP-14502,0,Dy,0.0,0.50539804,0.50539804
JVASP-14502,1,Cu,0.0,1.2557812,1.2557812
JVASP-85326,0,Eu,0.0,0.1303464,0.1303464
JVASP-85326,1,Cd,0.0,0.4302229,0.4302229
JVASP-36873,0,B,0.0,0.24662553,0.24662553
JVASP-36873,1,Sb,0.0,3.692487,3.692487
JVASP-16447,0,Lu,0.0,0.32357568,0.32357568
JVASP-16447,1,Au,0.0,1.5794942,1.5794942
JVASP-20504,0,Zn,0.0,1.2208111,1.2208111
JVASP-20504,1,Ag,0.0,0.85014665,0.85014665
