jid,site_idx,element,frob_true,frob_pred,frob_err
JVASP-30562,0,Co,34.545147,11.413677,23.436508
JVASP-30562,1,Co,34.491962,30.299253,4.2256093
JVASP-30562,2,O,20.294973,54.457535,34.286182
JVASP-30562,3,O,21.392527,41.722374,20.344162
JVASP-30562,4,O,20.314339,48.701546,28.612406
JVASP-30562,5,O,21.414558,42.479515,21.073198
JVASP-30423,0,Co,33.86277,18.23836,17.18481
JVASP-30423,1,Co,34.221386,32.11957,4.1646905
JVASP-30423,2,O,21.222345,49.23667,28.035805
JVASP-30423,3,O,22.19399,41.763355,19.68696
JVASP-30423,4,O,21.23082,49.22425,28.014856
JVASP-30423,5,O,22.20147,41.74842,19.66598
JVASP-10063,0,Co,77.82296,17.411594,89.78106
JVASP-10063,1,Co,77.82296,17.41159,89.78105
JVASP-10063,2,Co,77.89043,31.330355,73.628265
JVASP-10063,3,Co,77.89009,31.330975,73.62936
JVASP-10063,4,O,125.6171,105.67502,28.120277
JVASP-10063,5,O,125.58792,108.26137,20.016327
JVASP-10063,6,O,125.6173,105.674706,28.120636
JVASP-10063,7,O,125.58656,108.26135,20.015211
JVASP-10063,8,O,125.58656,108.26135,20.015213
JVASP-10063,9,O,125.58792,108.26136,20.016333
JVASP-10063,10,O,125.6173,105.67471,28.12063
JVASP-10063,11,O,125.6171,105.67502,28.120277
JVASP-16911,0,Co,19.676342,58.775223,39.09888
JVASP-16911,1,Co,19.676752,58.775223,39.098473
JVASP-16911,2,O,127.027275,22.559658,149.58693
JVASP-16911,3,O,127.02687,22.55966,149.58653
JVASP-16911,4,O,127.02687,22.55966,149.58653
JVASP-16911,5,O,127.02687,22.55966,149.58653
JVASP-17464,0,Co,12.140666,31.631784,43.77245
JVASP-17464,1,Co,12.141074,31.633871,43.774944
JVASP-17464,2,O,28.084541,13.621559,14.462982
JVASP-17464,3,O,28.084541,13.621554,14.462987
JVASP-18883,0,Co,37.45474,0.50427645,37.95902
JVASP-18883,1,O,18.545088,54.35307,35.807983
JVASP-18883,2,O,18.545088,54.35307,35.807983
JVASP-12019,0,Co,24.206778,16.03677,39.437435
JVASP-12019,1,O,28.482164,48.32392,19.90877
JVASP-12019,2,O,28.483343,48.325085,19.908798
JVASP-12047,0,Co,37.322468,0.69552135,38.01799
JVASP-12047,1,Co,37.320427,0.69394916,38.014374
JVASP-12047,2,O,18.584278,54.484943,35.900665
JVASP-12047,3,O,18.589178,54.492493,35.903313
JVASP-12047,4,O,18.589178,54.492504,35.903324
JVASP-12047,5,O,18.584278,54.484943,35.900665
JVASP-22695,0,Co,0.88010794,0.29443452,1.1745423
JVASP-22695,1,Co,1.0118102,0.31058076,1.3223908
JVASP-22695,2,O,0.70492125,0.102122255,0.60279936
JVASP-22695,3,O,0.8273612,0.20399976,0.6233618
JVASP-30539,0,Co,19.649807,58.87937,39.22957
JVASP-30539,1,Co,19.649807,58.87937,39.22957
JVASP-30539,2,O,127.03298,22.62695,149.65993
JVASP-30539,3,O,127.03298,22.626947,149.65993
JVASP-30539,4,O,127.03298,22.626945,149.65993
JVASP-30539,5,O,127.03298,22.626945,149.65993
JVASP-78503,0,Co,24.422356,20.923233,44.865986
JVASP-78503,1,O,29.417143,40.506016,28.587223
JVASP-78503,2,O,29.605547,40.531475,29.085794
JVASP-78516,0,Co,40.25124,11.607732,51.85897
JVASP-78516,1,Co,40.25001,11.608003,51.858017
JVASP-78516,2,Co,40.25001,11.608004,51.85802
JVASP-78516,3,O,16.886782,63.466373,46.579586
JVASP-78516,4,O,16.886782,63.466377,46.579594
JVASP-78516,5,O,16.888006,63.468193,46.58019
JVASP-78516,6,O,16.886782,63.46692,46.58014
JVASP-78516,7,O,16.886782,63.46692,46.58014
JVASP-78516,8,O,16.888006,63.468193,46.58019
JVASP-78655,0,Co,0.00244949,0.0002231335,0.0022334196
JVASP-78655,1,O,0.002581989,2.789438e-05,0.0026015553
JVASP-78656,0,Co,0.12900646,0.28356233,0.15455589
JVASP-78656,1,Co,0.12900646,0.2835559,0.15454943
JVASP-78656,2,O,0.13962092,0.08558006,0.22520098
JVASP-78656,3,O,0.13962092,0.085572265,0.22519316
JVASP-78716,0,Co,11.091698,31.633121,42.72482
JVASP-78716,1,Co,11.092514,31.632683,42.725197
JVASP-78716,2,Co,11.092514,31.632679,42.725193
JVASP-78716,3,O,27.949902,13.621917,14.327985
JVASP-78716,4,O,27.951126,13.620727,14.330401
JVASP-78716,5,O,27.949902,13.621919,14.327985
JVASP-78717,0,Co,11.243601,31.59459,42.673656
JVASP-78717,1,Co,11.243601,31.594591,42.67366
JVASP-78717,2,O,28.366686,13.613223,14.7704
JVASP-78717,3,O,28.366686,13.613226,14.770398
JVASP-7878,0,Co,19.300755,11.701247,31.002003
JVASP-7878,1,Co,19.301163,11.701249,31.00241
JVASP-7878,2,O,2.7556763,0.8995733,3.6552496
JVASP-7878,3,O,2.7556763,0.8995796,3.655256
JVASP-7887,0,Co,0.5633826,0.3978824,0.16550024
JVASP-7887,1,Co,0.5633826,0.39788714,0.1654955
JVASP-7887,2,O,0.77893776,0.11808973,0.66084796
JVASP-7887,3,O,0.77893776,0.118096486,0.6608412
JVASP-78929,0,Co,37.398403,0.5951342,37.993538
JVASP-78929,1,O,18.536514,54.417854,35.881344
JVASP-78929,2,O,18.536514,54.41785,35.881336
JVASP-79254,0,Co,19.446499,11.613322,31.059822
JVASP-79254,1,Co,19.446499,11.613311,31.05981
JVASP-79254,2,O,2.3278322,0.8897458,3.217578
JVASP-79254,3,O,2.3278322,0.8897524,3.2175846
JVASP-79820,0,Co,19.288507,11.678435,30.96694
JVASP-79820,1,Co,19.281158,11.680904,30.962063
JVASP-79820,2,O,2.7642496,0.89418495,3.6584346
JVASP-79820,3,O,2.7597592,0.8988766,3.6586359
JVASP-8253,0,Co,34.694378,1.5795492,33.114994
JVASP-8253,1,Co,34.4097,30.014732,4.3968725
JVASP-8253,2,O,20.537062,56.102333,35.56538
JVASP-8253,3,O,21.68238,41.575,19.893663
JVASP-8253,4,O,20.518852,56.117996,35.59945
JVASP-8253,5,O,21.669495,41.588726,19.919489
JVASP-8265,0,Co,30.628418,0.8592681,29.76915
JVASP-8265,1,Co,30.628418,0.8596859,29.768732
JVASP-8265,2,Co,30.628418,0.85926896,29.76915
JVASP-8265,3,O,23.682482,54.28563,30.603148
JVASP-8265,4,O,23.682482,54.285625,30.603144
JVASP-8265,5,O,23.68044,54.285282,30.60484
JVASP-8265,6,O,23.684116,54.286907,30.60279
JVASP-8265,7,O,23.684116,54.28691,30.602795
JVASP-8265,8,O,23.68044,54.28529,30.604849
JVASP-8268,0,Co,41.00691,15.47311,56.480015
JVASP-8268,1,Co,41.00568,15.473349,56.47903
JVASP-8268,2,Co,41.00568,15.47335,56.47903
JVASP-8268,3,O,13.668153,70.08219,56.414036
JVASP-8268,4,O,13.668153,70.082184,56.414032
JVASP-8268,5,O,13.669377,70.08272,56.413338
JVASP-8268,6,O,13.6697855,70.08398,56.414192
JVASP-8268,7,O,13.6697855,70.08398,56.414192
JVASP-8268,8,O,13.669377,70.08272,56.413338
JVASP-8614,0,Co,0.0,0.0,0.0
JVASP-8614,1,Co,0.0,0.0,0.0
JVASP-8614,2,Co,0.0,0.0,0.0
JVASP-8614,3,Co,0.0,0.0,0.0
JVASP-8614,4,O,0.0,0.0,0.0
JVASP-8614,5,O,0.0,0.0,0.0
JVASP-8614,6,O,0.0,0.0,0.0
JVASP-8614,7,O,0.0,0.0,0.0
JVASP-8638,0,Co,30.618622,0.86577225,29.75285
JVASP-8638,1,Co,30.618622,0.865768,29.752853
JVASP-8638,2,Co,30.61699,0.865792,29.751196
JVASP-8638,3,O,23.673094,54.264427,30.59133
JVASP-8638,4,O,23.673094,54.26443,30.59134
JVASP-8638,5,O,23.673502,54.264977,30.591475
JVASP-8638,6,O,23.67187,54.264854,30.592985
JVASP-8638,7,O,23.67187,54.26485,30.592981
JVASP-8638,8,O,23.673502,54.264977,30.591473
JVASP-12063,0,Co,19.687775,58.51614,38.828365
JVASP-12063,1,Co,19.687775,58.51614,38.828365
JVASP-12063,2,O,127.062386,22.590406,149.65279
JVASP-12063,3,O,127.062386,22.590406,149.65279
JVASP-12063,4,O,127.062386,22.590405,149.65279
JVASP-12063,5,O,127.062386,22.590406,149.65279
JVASP-30584,0,Co,30.412865,0.003506195,30.40936
JVASP-30584,1,Co,30.412865,0.0035023375,30.409365
JVASP-30584,2,Co,30.41409,0.00391932,30.410177
JVASP-30584,3,O,24.086649,55.227516,31.140867
JVASP-30584,4,O,24.085016,55.226254,31.14124
JVASP-30584,5,O,24.085016,55.226254,31.14124
JVASP-30584,6,O,24.086649,55.22752,31.140871
JVASP-30584,7,O,24.083384,55.22592,31.142536
JVASP-30584,8,O,24.083384,55.225918,31.142534
JVASP-30590,0,Co,41.00201,15.48412,56.48613
JVASP-30590,1,Co,41.003235,15.484158,56.48739
JVASP-30590,2,Co,41.003235,15.484163,56.487396
JVASP-30590,3,O,13.665703,70.09885,56.433144
JVASP-30590,4,O,13.665703,70.09848,56.432777
JVASP-30590,5,O,13.664478,70.09794,56.43346
JVASP-30590,6,O,13.664478,70.097946,56.433468
JVASP-30590,7,O,13.665703,70.09848,56.432777
JVASP-30590,8,O,13.665703,70.09884,56.43314
JVASP-30123,0,Co,32.33939,0.09948332,32.438873
JVASP-30123,1,Co,32.33939,0.09903369,32.438423
JVASP-30123,2,Co,32.33939,0.09903461,32.438423
JVASP-30123,3,O,26.23036,55.284115,29.053759
JVASP-30123,4,O,26.23036,55.283497,29.053137
JVASP-30123,5,O,26.229136,55.282787,29.05365
JVASP-30123,6,O,26.229136,55.282795,29.05366
JVASP-30123,7,O,26.23036,55.283497,29.053137
JVASP-30123,8,O,26.23036,55.284115,29.053753
JVASP-4924,0,Co,11.0912895,31.633144,42.724434
JVASP-4924,1,Co,11.092515,31.632711,42.725227
JVASP-4924,2,Co,11.092515,31.63271,42.725224
JVASP-4924,3,O,27.949902,13.621971,14.32793
JVASP-4924,4,O,27.949902,13.621968,14.327934
JVASP-4924,5,O,27.951126,13.620783,14.330345
JVASP-30349,0,Mn,20.890974,15.076463,5.8146353
JVASP-30349,1,Mn,20.690062,15.066662,5.623505
JVASP-30349,2,O,33.263065,23.457973,9.805102
JVASP-30349,3,O,33.107193,23.509806,9.597393
JVASP-30349,4,O,33.106907,23.490557,9.616367
JVASP-30349,5,O,33.264446,23.439053,9.825417
JVASP-29364,0,Mn,30.332956,6.5184474,33.721436
JVASP-29364,1,Mn,30.332956,6.5184417,33.72143
JVASP-29364,2,O,63.911953,36.48561,31.868652
JVASP-29364,3,O,85.30368,52.707603,51.36985
JVASP-29364,4,O,85.30368,52.707596,51.369854
JVASP-29364,5,O,63.911953,36.485615,31.868645
JVASP-18888,0,Mn,13.596143,27.947031,25.755165
JVASP-18888,1,Mn,13.596143,27.947031,25.75517
JVASP-18888,2,O,120.48963,87.43011,33.64973
JVASP-18888,3,O,120.48963,87.43011,33.649734
JVASP-18888,4,O,120.48963,87.430115,33.649727
JVASP-18888,5,O,120.48963,87.430115,33.649727
JVASP-30114,0,Mn,10.662576,13.190541,8.312543
JVASP-30114,1,Mn,10.660293,13.19488,8.324738
JVASP-30114,2,O,41.33548,10.002287,49.968616
JVASP-30114,3,O,31.15091,30.122162,16.030502
JVASP-30114,4,O,41.333,9.999838,49.964718
JVASP-30114,5,O,31.150127,30.123285,16.025486
JVASP-10064,0,Mn,12.782789,32.225616,30.222258
JVASP-10064,1,Mn,12.782789,32.22562,30.222261
JVASP-10064,2,Mn,12.782872,32.227097,30.226585
JVASP-10064,3,Mn,12.784119,32.227085,30.22659
JVASP-10064,4,O,129.47507,83.80964,45.902275
JVASP-10064,5,O,129.47615,83.81037,45.903122
JVASP-10064,6,O,129.47507,83.809654,45.90226
JVASP-10064,7,O,129.47615,83.81038,45.903114
JVASP-10064,8,O,129.47615,83.81039,45.90311
JVASP-10064,9,O,129.47615,83.81037,45.903122
JVASP-10064,10,O,129.47507,83.80965,45.90227
JVASP-10064,11,O,129.47507,83.80964,45.90228
JVASP-22693,0,Mn,14.900443,44.92836,30.31058
JVASP-22693,1,Mn,14.90002,44.93043,30.313179
JVASP-22693,2,O,46.294228,24.061768,22.259773
JVASP-22693,3,O,46.294228,24.061768,22.259771
JVASP-37182,0,Mn,7.1662264,21.243752,27.768982
JVASP-37182,1,Mn,7.1662264,21.24375,27.768982
JVASP-37182,2,Mn,7.1662264,21.243752,27.768984
JVASP-37182,3,Mn,7.1662264,21.24375,27.768982
JVASP-37182,4,O,21.170671,37.783047,20.35133
JVASP-37182,5,O,21.170671,37.783043,20.351326
JVASP-37182,6,O,21.170671,37.783043,20.351328
JVASP-37182,7,O,21.170671,37.783043,20.351324
JVASP-44801,0,Mn,24.437946,6.7240834,31.160316
JVASP-44801,1,Mn,24.43739,6.7240734,31.159784
JVASP-44801,2,Mn,24.43739,6.724075,31.159786
JVASP-44801,3,Mn,24.437946,6.7240825,31.160316
JVASP-44801,4,O,74.89774,53.718456,23.981552
JVASP-44801,5,O,74.89751,53.71846,23.981346
JVASP-44801,6,O,75.48809,53.71891,24.436872
JVASP-44801,7,O,75.48809,53.718906,24.436874
JVASP-44801,8,O,74.89751,53.718468,23.98134
JVASP-44801,9,O,74.89774,53.71845,23.98156
JVASP-78681,0,Mn,0.019390719,0.00023706495,0.019395538
JVASP-78681,1,O,0.0028284274,9.405974e-05,0.0028114114
JVASP-7870,0,Mn,0.0,0.0,0.0
JVASP-7870,1,Mn,0.0,0.0,0.0
JVASP-7870,2,Mn,0.0,0.0,0.0
JVASP-7870,3,Mn,0.0,0.0,0.0
JVASP-7870,4,O,0.0,0.0,0.0
JVASP-7870,5,O,0.0,0.0,0.0
JVASP-7870,6,O,0.0,0.0,0.0
JVASP-7870,7,O,0.0,0.0,0.0
JVASP-8245,0,Mn,20.899433,14.799476,6.099963
JVASP-8245,1,O,33.333622,23.492197,9.841429
JVASP-8245,2,O,33.333622,23.492033,9.841591
JVASP-8264,0,Mn,20.051523,17.673754,2.3777733
JVASP-8264,1,Mn,20.04989,17.674091,2.3758013
JVASP-8264,2,Mn,20.04989,17.67409,2.3758054
JVASP-8264,3,O,32.470436,24.751072,7.7193627
JVASP-8264,4,O,32.470436,24.75107,7.719365
JVASP-8264,5,O,32.470436,24.752209,7.718225
JVASP-8264,6,O,32.472477,24.752815,7.7196627
JVASP-8264,7,O,32.472477,24.752813,7.719663
JVASP-8264,8,O,32.470436,24.752214,7.71822
JVASP-8642,0,Mn,20.90803,14.822073,6.085959
JVASP-8642,1,Mn,20.90762,14.822285,6.0853376
JVASP-8642,2,Mn,20.90762,14.822285,6.0853376
JVASP-8642,3,O,33.33878,23.505766,9.833015
JVASP-8642,4,O,33.33878,23.505766,9.833015
JVASP-8642,5,O,33.33878,23.506754,9.832027
JVASP-8642,6,O,33.339596,23.507305,9.832292
JVASP-8642,7,O,33.339596,23.507301,9.832295
JVASP-8642,8,O,33.33878,23.506754,9.8320265
JVASP-8794,0,Mn,15.646396,10.5571785,5.08922
JVASP-8794,1,O,25.672264,22.710718,2.9615462
JVASP-8794,2,O,25.672264,22.710722,2.9615445
JVASP-30557,0,Mn,15.66204,10.566782,5.095262
JVASP-30557,1,Mn,15.660814,10.567257,5.0935616
JVASP-30557,2,Mn,15.660814,10.567249,5.093569
JVASP-30557,3,O,25.6878,22.719006,2.968795
JVASP-30557,4,O,25.689432,22.72065,2.968784
JVASP-30557,5,O,25.689432,22.720646,2.9687862
JVASP-30557,6,O,25.6878,22.719007,2.9687927
JVASP-30557,7,O,25.688616,22.720098,2.9685173
JVASP-30557,8,O,25.688616,22.720093,2.9685228
JVASP-30113,0,Mn,15.027622,12.257708,2.7699215
JVASP-30113,1,O,24.970098,20.45301,4.517088
JVASP-30113,2,O,24.970098,20.453007,4.5170918
JVASP-5308,0,Mn,20.469162,14.79136,5.6778045
JVASP-5308,1,O,32.912567,23.376524,9.536046
JVASP-5308,2,O,32.912567,23.376524,9.536046
JVASP-30583,0,Mn,15.191735,11.533315,3.658422
JVASP-30583,1,Mn,15.19296,11.532569,3.6603923
JVASP-30583,2,Mn,15.19296,11.532571,3.66039
JVASP-30583,3,O,25.217497,24.015337,1.202159
JVASP-30583,4,O,25.217497,24.014208,1.2032888
JVASP-30583,5,O,25.215864,24.013798,1.2020676
JVASP-30583,6,O,25.215864,24.013798,1.2020673
JVASP-30583,7,O,25.217497,24.014202,1.2032939
JVASP-30583,8,O,25.217497,24.015337,1.202159
JVASP-30623,0,Fe,38.34096,1.1954331,39.536396
JVASP-30623,1,O,30.312542,26.871647,3.4408941
JVASP-30623,2,O,30.312542,26.871643,3.4408987
JVASP-18430,0,O,31.508446,25.522945,5.9854994
JVASP-18430,1,O,31.507393,25.522083,5.98531
JVASP-18430,2,Fe,36.61843,2.4957907,39.11422
JVASP-17458,0,O,0.0,0.0,0.0
JVASP-17458,1,Fe,0.004690416,5.785619e-05,0.0046354528
JVASP-16912,0,Fe,183.50842,5.8381286,177.6703
JVASP-16912,1,Fe,183.50842,5.838128,177.6703
JVASP-16912,2,O,130.03116,23.68814,153.7193
JVASP-16912,3,O,130.03116,23.68814,153.7193
JVASP-16912,4,O,130.03116,23.688145,153.7193
JVASP-16912,5,O,130.03116,23.688143,153.7193
JVASP-18429,0,O,99.06354,101.0325,10.107446
JVASP-18429,1,O,99.065765,101.03249,10.106757
JVASP-18429,2,O,99.06609,101.03156,10.105757
JVASP-18429,3,O,99.06556,101.031555,10.106156
JVASP-18429,4,Fe,2.7368383,13.237217,10.500404
JVASP-18429,5,Fe,2.7355678,13.237222,10.501684
JVASP-10934,0,Fe,34.27966,16.0484,22.195156
JVASP-10934,1,Fe,34.296597,16.05197,22.209972
JVASP-10934,2,Fe,34.29884,16.05214,22.212173
JVASP-10934,3,Fe,34.27966,16.048399,22.195158
JVASP-10934,4,O,96.44156,112.8205,21.38818
JVASP-10934,5,O,96.44193,112.82036,21.388191
JVASP-10934,6,O,96.43901,112.81643,21.383278
JVASP-10934,7,O,96.438515,112.816444,21.383234
JVASP-10934,8,O,96.438515,112.816444,21.383244
JVASP-10934,9,O,96.43901,112.81643,21.383278
JVASP-10934,10,O,96.44193,112.82036,21.388191
JVASP-10934,11,O,96.44156,112.82052,21.38819
JVASP-17253,0,Fe,36.654316,2.488679,39.142994
JVASP-17253,1,O,31.506334,25.532873,5.973462
JVASP-17253,2,O,31.50529,25.532295,5.9729943
JVASP-30542,0,Fe,183.56232,5.75445,177.80788
JVASP-30542,1,Fe,183.56313,5.7544503,177.80867
JVASP-30542,2,O,130.03362,23.61591,153.64952
JVASP-30542,3,O,130.03362,23.615908,153.6495
JVASP-30542,4,O,130.03362,23.615904,153.6495
JVASP-30542,5,O,130.03362,23.615906,153.6495
JVASP-42657,0,Fe,103.39986,16.373007,89.03824
JVASP-42657,1,Fe,103.39986,16.373016,89.03823
JVASP-42657,2,O,52.595413,115.945946,71.63615
JVASP-42657,3,O,52.595413,115.945946,71.63615
JVASP-42657,4,O,52.595413,115.945946,71.63615
JVASP-42657,5,O,52.595413,115.945946,71.63615
JVASP-43552,0,Fe,30.597261,31.011686,61.327877
JVASP-43552,1,Fe,30.597261,31.011688,61.32788
JVASP-43552,2,O,25.114618,29.207716,4.0930963
JVASP-43552,3,O,25.114618,29.20772,4.0931005
JVASP-53025,0,Fe,1.4770423,0.012724032,1.4897664
JVASP-53025,1,Fe,1.4770423,0.012716465,1.4897587
JVASP-53025,2,O,0.04980629,0.20626171,0.25606802
JVASP-53025,3,O,0.04980629,0.20625906,0.25606534
JVASP-78505,0,Fe,41.84086,20.178337,54.344604
JVASP-78505,1,Fe,41.84086,20.17834,54.34461
JVASP-78505,2,O,31.584301,26.367678,9.456549
JVASP-78505,3,O,31.584301,26.36768,9.456548
JVASP-78505,4,O,31.584301,26.367678,9.456551
JVASP-78505,5,O,31.584301,26.367678,9.456551
JVASP-79307,0,Fe,21.664206,27.407608,6.3810306
JVASP-79307,1,Fe,21.496862,27.425587,6.493166
JVASP-79307,2,O,30.65793,12.459491,41.41951
JVASP-79307,3,O,30.647686,12.451468,41.399498
JVASP-8320,0,Fe,32.9685,3.4036117,29.564888
JVASP-8320,1,Fe,32.96768,3.403937,29.563745
JVASP-8320,2,Fe,32.96768,3.403943,29.563738
JVASP-8320,3,O,30.811316,37.356834,6.5455217
JVASP-8320,4,O,30.811316,37.356834,6.5455184
JVASP-8320,5,O,30.809683,37.35566,6.5459785
JVASP-8320,6,O,30.811316,37.35626,6.5449424
JVASP-8320,7,O,30.811316,37.356255,6.544941
JVASP-8320,8,O,30.809683,37.355663,6.5459805
JVASP-101,0,Fe,35.929115,7.7453604,28.183756
JVASP-101,1,Fe,35.93034,7.7431507,28.18719
JVASP-101,2,Fe,35.929523,7.745361,28.184164
JVASP-101,3,Fe,35.93034,7.743153,28.187187
JVASP-101,4,Fe,35.93034,7.744626,28.185713
JVASP-101,5,Fe,35.93034,7.7446265,28.185713
JVASP-101,6,Fe,35.93034,7.743153,28.187187
JVASP-101,7,Fe,35.929115,7.7453594,28.183756
JVASP-101,8,Fe,35.93034,7.7431498,28.18719
JVASP-101,9,Fe,35.929115,7.7453604,28.183756
JVASP-101,10,Fe,35.93034,7.7446265,28.185713
JVASP-101,11,Fe,35.93034,7.744627,28.185713
JVASP-101,12,O,66.688805,68.498985,7.6149244
JVASP-101,13,O,66.688034,68.4988,7.615814
JVASP-101,14,O,66.6882,68.49893,7.6163173
JVASP-101,15,O,66.688034,68.4988,7.6158175
JVASP-101,16,O,66.688805,68.498985,7.6149282
JVASP-101,17,O,66.6882,68.498924,7.616309
JVASP-101,18,O,66.688805,68.498985,7.614928
JVASP-101,19,O,66.6882,68.49893,7.6163173
JVASP-101,20,O,66.68799,68.49822,7.615335
JVASP-101,21,O,66.688034,68.49822,7.615915
JVASP-101,22,O,66.68752,68.49794,7.6154804
JVASP-101,23,O,66.688034,68.498795,7.6158175
JVASP-101,24,O,66.68752,68.49793,7.615479
JVASP-101,25,O,66.68799,68.49823,7.615336
JVASP-101,26,O,66.688034,68.4988,7.6158185
JVASP-101,27,O,66.6882,68.49893,7.616314
JVASP-101,28,O,66.688805,68.498985,7.6149263
JVASP-101,29,O,66.688034,68.49822,7.615912
JVASP-30592,0,Fe,36.57333,2.7429435,39.316277
JVASP-30592,1,Fe,36.57333,2.7429512,39.31628
JVASP-30592,2,Fe,36.57333,2.7430587,39.316387
JVASP-30592,3,O,31.480843,25.331453,6.1493893
JVASP-30592,4,O,31.479618,25.330666,6.148952
JVASP-30592,5,O,31.479618,25.330664,6.148954
JVASP-30592,6,O,31.480843,25.331448,6.149395
JVASP-30592,7,O,31.478392,25.330008,6.1483846
JVASP-30592,8,O,31.478392,25.330004,6.1483884
JVASP-30118,0,Fe,30.508396,0.5720145,31.080408
JVASP-30118,1,Fe,30.508396,0.5720977,31.080492
JVASP-30118,2,Fe,30.508396,0.5720127,31.080408
JVASP-30118,3,O,32.981155,31.983027,0.9981304
JVASP-30118,4,O,32.97993,31.983551,0.9963801
JVASP-30118,5,O,32.981155,31.983303,0.9978517
JVASP-30118,6,O,32.981155,31.983309,0.9978471
JVASP-30118,7,O,32.97993,31.983551,0.9963801
JVASP-30118,8,O,32.981155,31.983025,0.99813235
JVASP-19751,0,S,8.941516,16.807268,8.633971
JVASP-19751,1,S,8.94134,16.807281,8.634392
JVASP-19751,2,S,8.941564,16.807272,8.633897
JVASP-19751,3,Ni,52.50686,17.606215,63.479225
JVASP-19751,4,Ni,52.504414,17.606213,63.477
JVASP-19751,5,Ni,52.50435,17.606226,63.47726
JVASP-14802,0,Ni,0.80466515,17.151484,16.346827
JVASP-14802,1,Ni,0.80466515,17.151485,16.346828
JVASP-14802,2,S,11.840834,12.975964,1.1351297
JVASP-14802,3,S,11.840834,12.975961,1.135127
JVASP-243,0,Ni,142.27739,6.19795,139.37494
JVASP-243,1,Ni,142.27983,5.669968,140.32367
JVASP-243,2,S,139.97487,63.440407,79.40043
JVASP-243,3,S,139.97487,63.44041,79.40042
JVASP-243,4,S,139.97365,70.31914,72.46151
JVASP-243,5,S,139.97365,70.31913,72.46152
JVASP-15832,0,Ni,7.2600813,43.790913,36.53087
JVASP-15832,1,Ni,7.2600813,43.79091,36.53087
JVASP-15832,2,S,21.510977,111.64116,93.237755
JVASP-15832,3,S,21.511875,111.64125,93.23695
JVASP-15832,4,S,21.512493,111.64131,93.23628
JVASP-15832,5,S,21.51177,111.64139,93.23737
JVASP-38638,0,Ni,10.739379,20.691885,31.431265
JVASP-38638,1,Ni,10.739379,20.691889,31.431265
JVASP-38638,2,Ni,47.076744,8.889347,38.187397
JVASP-38638,3,Ni,10.739379,20.691887,31.431265
JVASP-38638,4,Ni,10.739379,20.691885,31.431265
JVASP-38638,5,Ni,47.076744,8.889344,38.1874
JVASP-38638,6,S,28.841108,24.95173,53.79284
JVASP-38638,7,S,28.841108,24.95173,53.79284
JVASP-38656,0,Ni,41.454308,22.148018,33.389263
JVASP-38656,1,Ni,43.17911,10.210226,36.33859
JVASP-38656,2,Ni,41.49225,21.401772,30.14118
JVASP-38656,3,Ni,41.454308,22.148016,33.389263
JVASP-38656,4,Ni,43.17911,10.210224,36.33859
JVASP-38656,5,Ni,41.49225,21.401772,30.141182
JVASP-38656,6,S,23.349752,27.977686,44.213383
JVASP-38656,7,S,23.349752,27.977688,44.213387
JVASP-42475,0,Ni,23.82703,30.72541,37.635277
JVASP-42475,1,Ni,23.82703,30.72541,37.63528
JVASP-42475,2,S,199.89095,73.71031,126.513985
JVASP-42475,3,S,199.89095,73.71031,126.51398
JVASP-42475,4,S,199.89095,73.71031,126.513985
JVASP-42475,5,S,199.89095,73.710304,126.513985
JVASP-42640,0,Ni,27.694622,25.649529,25.299791
JVASP-42640,1,Ni,27.694847,25.660255,25.29964
JVASP-42640,2,S,200.26324,63.385696,139.65086
JVASP-42640,3,S,200.26007,62.639206,139.6346
JVASP-42640,4,S,200.26213,62.637066,139.63855
JVASP-42640,5,S,200.26236,63.388573,139.64636
JVASP-78858,0,Ni,69.90598,21.232584,91.13857
JVASP-78858,1,Ni,69.90598,21.232582,91.138565
JVASP-78858,2,S,169.25157,73.8136,95.43797
JVASP-78858,3,S,169.25157,73.8136,95.43797
JVASP-78858,4,S,169.25157,73.8136,95.43797
JVASP-78858,5,S,169.25157,73.81361,95.437965
JVASP-79312,0,Ni,0.3407169,17.134779,16.794304
JVASP-79312,1,Ni,0.3407169,17.134785,16.79431
JVASP-79312,2,S,12.496073,12.958763,0.46269175
JVASP-79312,3,S,12.496073,12.958768,0.46269643
JVASP-8042,0,S,12.971841,14.489348,27.46119
JVASP-8042,1,S,12.971841,14.489359,27.4612
JVASP-8042,2,Ni,30.055733,16.207176,21.641933
JVASP-8042,3,Ni,30.058987,16.20716,21.639133
JVASP-8042,4,Ni,30.05752,16.207169,21.642542
JVASP-8255,0,Ni,12.944737,19.981709,32.926445
JVASP-8255,1,Ni,12.936987,19.980576,32.91756
JVASP-8255,2,Ni,12.936987,19.980581,32.917564
JVASP-8255,3,S,22.18013,52.41606,74.59619
JVASP-8255,4,S,22.18013,52.416058,74.59619
JVASP-8255,5,S,22.181355,52.412926,74.59428
JVASP-8255,6,S,22.18013,52.415833,74.59596
JVASP-8255,7,S,22.18013,52.41584,74.59597
JVASP-8255,8,S,22.181355,52.412926,74.59428
JVASP-85820,0,Ni,44.895473,33.993435,78.88891
JVASP-85820,1,Ni,44.895473,33.992863,78.888336
JVASP-85820,2,Ni,44.895473,33.992863,78.888336
JVASP-85820,3,S,157.53404,3.4692154,161.00325
JVASP-85820,4,S,157.53404,3.4692152,161.00325
JVASP-85820,5,S,157.53404,3.468983,161.00302
JVASP-85820,6,S,157.53404,3.4695663,161.00362
JVASP-85820,7,S,157.53404,3.4695644,161.00362
JVASP-85820,8,S,157.53404,3.4689865,161.00302
JVASP-85822,0,Ni,43.11003,107.47074,64.57141
JVASP-85822,1,Ni,43.11003,107.47074,64.5714
JVASP-85822,2,S,211.1765,101.06536,303.7991
JVASP-85822,3,S,211.1765,101.06535,303.79907
JVASP-85822,4,S,211.1765,101.06535,303.79907
JVASP-85822,5,S,211.1765,101.06535,303.79907
JVASP-42478,0,Ni,9.303979,22.96583,32.26981
JVASP-42478,1,Ni,9.303979,22.96583,32.26981
JVASP-42478,2,Ni,9.303979,22.965837,32.269817
JVASP-42478,3,Ni,9.303979,22.965836,32.269814
JVASP-42478,4,S,12.489948,17.969145,30.459093
JVASP-42478,5,S,12.489948,17.969145,30.459093
JVASP-30564,0,Ni,12.9431095,19.986559,32.929665
JVASP-30564,1,Ni,12.934531,19.985426,32.919956
JVASP-30564,2,Ni,12.934531,19.985422,32.919952
JVASP-30564,3,S,21.982944,52.392357,74.375305
JVASP-30564,4,S,21.98172,52.392136,74.373856
JVASP-30564,5,S,21.98417,52.38924,74.37341
JVASP-30564,6,S,21.98417,52.38924,74.37341
JVASP-30564,7,S,21.98172,52.392128,74.37385
JVASP-30564,8,S,21.982944,52.39236,74.375305
JVASP-30258,0,V,73.4823,29.70506,82.80653
JVASP-30258,1,V,73.51133,29.671122,82.90034
JVASP-30258,2,O,17.373623,77.46913,68.54899
JVASP-30258,3,O,17.358843,77.462006,68.55281
JVASP-30258,4,F,96.912186,85.11149,66.391815
JVASP-30258,5,F,137.54408,101.51984,40.281136
JVASP-30258,6,F,95.096016,76.21404,52.41246
JVASP-30258,7,F,96.95669,85.19675,66.399994
JVASP-30258,8,F,137.51685,101.52934,40.29011
JVASP-30258,9,F,95.13627,76.26472,52.529583
JVASP-30457,0,V,53.60096,19.024824,34.576134
JVASP-30457,1,V,53.60096,19.024836,34.576122
JVASP-30457,2,O,15.112126,66.62246,51.510334
JVASP-30457,3,O,15.112126,66.62246,51.51033
JVASP-30457,4,F,19.289732,5.7329097,25.02264
JVASP-30457,5,F,19.289732,5.732908,25.02264
JVASP-42337,0,V,95.276146,60.200336,145.96117
JVASP-42337,1,V,95.276146,60.20034,145.96117
JVASP-42337,2,O,47.719692,80.14799,75.31188
JVASP-42337,3,O,47.719692,80.147995,75.31189
JVASP-42337,4,F,106.13364,22.642117,95.309296
JVASP-42337,5,F,122.95488,55.07155,69.72345
JVASP-42337,6,F,106.13364,22.642117,95.309296
JVASP-42337,7,F,106.15568,22.5337,95.43703
JVASP-42337,8,F,106.15568,22.533703,95.43702
JVASP-42337,9,F,122.95488,55.07155,69.72346
JVASP-43002,0,V,53.018017,16.243238,51.984093
JVASP-43002,1,V,48.10613,39.64261,50.16184
JVASP-43002,2,O,30.44408,48.427822,18.753073
JVASP-43002,3,O,24.64685,56.834774,37.452084
JVASP-43002,4,O,24.64685,56.834774,37.452084
JVASP-43002,5,F,113.9248,92.39559,21.654123
JVASP-44226,0,V,96.31449,59.23743,144.89975
JVASP-44226,1,V,96.31449,59.237434,144.89973
JVASP-44226,2,O,47.424484,76.23069,70.74058
JVASP-44226,3,O,47.424484,76.23069,70.74058
JVASP-44226,4,F,124.58021,63.965313,61.516758
JVASP-44226,5,F,105.58705,22.527754,87.948494
JVASP-44226,6,F,124.58021,63.965313,61.516754
JVASP-44226,7,F,105.582756,22.46068,88.00298
JVASP-44226,8,F,105.58705,22.527752,87.948494
JVASP-44226,9,F,105.582756,22.460682,88.002975
JVASP-45936,0,V,132.2333,61.89518,71.24438
JVASP-45936,1,V,81.41096,74.47335,42.87834
JVASP-45936,2,O,8.478328,67.67791,61.80123
JVASP-45936,3,O,8.478328,67.67791,61.80123
JVASP-45936,4,F,121.046455,95.67752,29.750914
JVASP-45936,5,F,121.046455,95.67752,29.750914
JVASP-46152,0,V,16.040579,12.5235815,3.5173466
JVASP-46152,1,V,16.040579,12.523856,3.517072
JVASP-46152,2,O,12.060067,95.23382,83.17375
JVASP-46152,3,O,12.060068,95.23403,83.17397
JVASP-46152,4,F,8.554868,46.990147,38.43531
JVASP-46152,5,F,8.554868,46.992058,38.437218
JVASP-46890,0,V,220.583,22.703375,230.36293
JVASP-46890,1,V,417.56168,49.41724,460.7129
JVASP-46890,2,V,176.1589,25.990616,156.36325
JVASP-46890,3,O,110.60238,48.211044,151.70247
JVASP-46890,4,O,91.20977,55.141914,39.975246
JVASP-46890,5,O,106.05819,37.99602,138.88062
JVASP-46890,6,O,43.271145,40.873917,60.080185
JVASP-46890,7,F,88.436295,45.766136,84.30484
JVASP-46890,8,F,136.41052,36.99156,121.829865
JVASP-47022,0,V,50.313183,34.265236,33.21385
JVASP-47022,1,V,53.40591,22.942833,48.000786
JVASP-47022,2,V,32.18553,11.305379,23.716133
JVASP-47022,3,O,24.091972,53.039394,37.29526
JVASP-47022,4,O,34.132812,57.53936,30.181551
JVASP-47022,5,O,27.812525,47.774387,27.688498
JVASP-47022,6,O,44.679935,54.381004,42.493706
JVASP-47022,7,O,31.307243,62.94596,53.810856
JVASP-47022,8,F,93.60938,61.66021,51.358585
JVASP-48573,0,V,55.475998,11.174089,47.69593
JVASP-48573,1,V,55.482853,11.174039,47.701927
JVASP-48573,2,O,22.054977,31.899162,43.55031
JVASP-48573,3,O,53.406555,50.148777,38.982094
JVASP-48573,4,O,22.055126,31.899155,43.550888
JVASP-48573,5,O,53.40651,50.148613,38.98229
JVASP-48573,6,F,137.0937,70.85785,70.33358
JVASP-48573,7,F,137.0928,70.85784,70.33284
JVASP-48577,0,V,121.69273,33.594868,89.01858
JVASP-48577,1,V,105.492546,12.0442915,98.33144
JVASP-48577,2,O,36.343414,78.65972,79.955635
JVASP-48577,3,O,36.342304,78.65969,79.95431
JVASP-48577,4,F,74.34657,57.73739,28.469551
JVASP-48577,5,F,78.66533,68.538086,41.670654
JVASP-48577,6,F,101.30263,55.458866,57.672157
JVASP-48577,7,F,78.66551,68.53812,41.671143
JVASP-48577,8,F,101.30261,55.458874,57.67202
JVASP-48577,9,F,74.34714,57.737404,28.469597
JVASP-48583,0,V,71.00814,47.830288,37.948616
JVASP-48583,1,O,15.968028,60.879147,48.128937
JVASP-48583,2,O,58.539265,39.18806,34.75972
JVASP-48583,3,F,116.12743,16.27535,118.52748
JVASP-12127,0,V,61.42347,36.46062,50.38333
JVASP-12127,1,V,61.42347,36.460625,50.38333
JVASP-12127,2,V,61.42347,36.460625,50.38333
JVASP-12127,3,V,61.42347,36.460625,50.38333
JVASP-12127,4,O,34.49373,26.235907,59.7077
JVASP-12127,5,O,34.49373,26.235905,59.7077
JVASP-12127,6,O,34.49373,26.235903,59.707695
JVASP-12127,7,O,34.49373,26.235905,59.707695
JVASP-12127,8,F,105.140045,34.552494,75.92977
JVASP-12127,9,F,105.140045,34.552494,75.92977
JVASP-12127,10,F,114.89703,43.914204,74.24815
JVASP-12127,11,F,114.89703,43.914204,74.24816
JVASP-12127,12,F,117.5088,66.27096,53.489056
JVASP-12127,13,F,114.89703,43.9142,74.24815
JVASP-12127,14,F,117.5088,66.27096,53.48905
JVASP-12127,15,F,117.5088,66.27096,53.48905
JVASP-12127,16,F,105.140045,34.55249,75.92978
JVASP-12127,17,F,114.89703,43.914204,74.24815
JVASP-12127,18,F,117.5088,66.27096,53.48906
JVASP-12127,19,F,105.140045,34.55249,75.92978
JVASP-30262,0,V,27.751192,23.22164,27.475243
JVASP-30262,1,V,27.751192,23.22164,27.475246
JVASP-30262,2,O,8.35058,38.704556,31.466505
JVASP-30262,3,O,8.35058,38.704556,31.466503
JVASP-30262,4,F,103.4938,52.354687,52.084496
JVASP-30262,5,F,103.4938,52.354687,52.08449
JVASP-30263,0,V,26.501308,41.104343,46.89648
JVASP-30263,1,V,26.501308,41.104347,46.896484
JVASP-30263,2,O,18.57893,67.351425,84.43338
JVASP-30263,3,O,18.57893,67.351425,84.43338
JVASP-30263,4,F,97.29283,52.555634,48.68154
JVASP-30263,5,F,97.29283,52.555634,48.68154
JVASP-30263,6,F,97.29283,52.555634,48.68154
JVASP-30263,7,F,97.29283,52.555634,48.681538
JVASP-22712,0,Li,0.6466684,22.390152,23.011156
JVASP-22712,1,Li,0.6466684,22.390152,23.011156
JVASP-22712,2,V,52.697186,16.260738,65.11444
JVASP-22712,3,F,94.94975,147.41844,53.010326
JVASP-22712,4,F,94.92669,138.93172,44.92964
JVASP-22712,5,F,94.94957,147.4184,53.01043
JVASP-22712,6,F,94.94994,147.41844,53.01011
JVASP-22712,7,F,94.927345,138.93172,44.929325
JVASP-22712,8,F,94.94993,147.41841,53.010204
JVASP-42597,0,Li,0.62367135,43.523735,43.88144
JVASP-42597,1,V,19.142305,34.60533,51.449715
JVASP-42597,2,F,100.47409,61.542538,46.02082
JVASP-42597,3,F,100.533195,62.85748,47.008938
JVASP-42597,4,F,100.125465,60.582355,46.340485
JVASP-42597,5,F,100.18593,61.797497,47.330494
JVASP-45790,0,Li,0.03660601,14.748126,14.713327
JVASP-45790,1,Li,0.9283631,25.138714,24.276463
JVASP-45790,2,Li,0.9283631,25.138714,24.27646
JVASP-45790,3,Li,0.03660601,14.748126,14.713328
JVASP-45790,4,V,66.20061,13.239824,57.96691
JVASP-45790,5,V,66.20061,13.239825,57.96691
JVASP-45790,6,F,83.01884,94.50496,29.695555
JVASP-45790,7,F,82.95457,95.78784,29.363249
JVASP-45790,8,F,83.02848,93.57021,31.598757
JVASP-45790,9,F,82.979164,94.333824,30.986048
JVASP-45790,10,F,83.02413,95.22369,29.076483
JVASP-45790,11,F,83.13609,93.883766,30.14003
JVASP-45790,12,F,83.02848,93.57021,31.598755
JVASP-45790,13,F,82.95457,95.78784,29.363245
JVASP-45790,14,F,83.01884,94.50497,29.695557
JVASP-45790,15,F,83.13609,93.88376,30.140034
JVASP-45790,16,F,83.02413,95.22369,29.076485
JVASP-45790,17,F,82.979164,94.33383,30.986046
JVASP-46869,0,Li,0.30107254,1.7391932,1.4783748
JVASP-46869,1,Li,0.30107254,1.7392296,1.4787344
JVASP-46869,2,V,8.840984,26.542866,35.382435
JVASP-46869,3,F,17.217718,18.81233,35.79503
JVASP-46869,4,F,17.217669,18.812317,35.795017
JVASP-46869,5,F,103.38753,108.34973,23.195501
JVASP-46869,6,F,103.38294,108.82913,26.270563
JVASP-46885,0,Li,1.2735306,3.4486837,3.286691
JVASP-46885,1,Li,1.2735306,3.4486852,3.286693
JVASP-46885,2,Li,2.662229,41.684254,39.032963
JVASP-46885,3,V,108.077065,16.704878,117.14496
JVASP-46885,4,F,90.234314,76.023254,23.624325
JVASP-46885,5,F,90.234314,76.023254,23.624325
JVASP-46885,6,F,88.15434,75.999794,37.376476
JVASP-46885,7,F,88.15483,75.99988,37.371536
JVASP-46885,8,F,90.234665,76.02395,23.621677
JVASP-46885,9,F,90.234665,76.02395,23.621675
JVASP-46915,0,Li,0.9627118,32.561874,31.599167
JVASP-46915,1,Li,0.9627118,32.56188,31.599169
JVASP-46915,2,V,5.034136,23.881596,28.91573
JVASP-46915,3,V,5.034136,23.881596,28.91573
JVASP-46915,4,F,56.934864,71.51234,40.774044
JVASP-46915,5,F,56.935932,71.512,40.772873
JVASP-46915,6,F,56.93416,71.51206,40.773075
JVASP-46915,7,F,56.93416,71.51206,40.773075
JVASP-46915,8,F,56.935932,71.512,40.772877
JVASP-46915,9,F,56.934864,71.512344,40.774048
JVASP-47083,0,Li,0.8118486,15.872459,16.076523
JVASP-47083,1,Li,0.8118486,15.872458,16.07652
JVASP-47083,2,V,21.155033,9.463195,15.037149
JVASP-47083,3,V,21.155033,9.463195,15.037149
JVASP-47083,4,F,48.50129,83.25966,84.06379
JVASP-47083,5,F,48.50129,83.25966,84.06379
JVASP-47083,6,F,79.92455,91.38646,63.697308
JVASP-47083,7,F,79.92455,91.38645,63.697304
JVASP-47083,8,F,48.50129,83.25966,84.06379
JVASP-47083,9,F,48.50129,83.25966,84.06379
JVASP-47086,0,Li,2.4303021,28.627836,31.058138
JVASP-47086,1,Li,2.4307103,28.627838,31.058548
JVASP-47086,2,V,8.54382,20.248596,11.704776
JVASP-47086,3,V,8.54382,20.248594,11.704773
JVASP-47086,4,F,71.44568,124.52201,70.4386
JVASP-47086,5,F,71.44568,124.52202,70.4386
JVASP-47086,6,F,71.445015,124.52186,70.438736
JVASP-47086,7,F,71.445015,124.52186,70.438736
JVASP-47086,8,F,71.44568,124.52202,70.4386
JVASP-47086,9,F,71.44568,124.52202,70.4386
JVASP-47308,0,Li,0.050146453,13.816449,13.770826
JVASP-47308,1,V,3.4950876,7.353623,8.795544
JVASP-47308,2,F,85.80551,131.19199,46.163826
JVASP-47308,3,F,86.01375,133.24043,47.873596
JVASP-47308,4,F,85.95715,131.34506,45.692722
JVASP-47308,5,F,85.95715,131.34506,45.692722
JVASP-47308,6,F,86.01375,133.24045,47.8736
JVASP-47308,7,F,85.80551,131.19197,46.163822
JVASP-47315,0,Li,0.10900459,3.3285084,3.4375107
JVASP-47315,1,V,9.447273,9.016795,0.43048307
JVASP-47315,2,F,87.57218,133.94183,47.72186
JVASP-47315,3,F,87.5725,133.94186,47.721657
JVASP-47315,4,F,87.57218,133.94182,47.721848
JVASP-47315,5,F,87.57342,133.94194,47.720844
JVASP-47315,6,F,87.5725,133.94188,47.72167
JVASP-47315,7,F,87.57342,133.94194,47.72084
JVASP-47333,0,Li,0.40161008,25.574516,25.522228
JVASP-47333,1,V,83.974,14.625163,85.70416
JVASP-47333,2,F,67.23776,109.13266,58.738525
JVASP-47333,3,F,84.76861,115.66065,51.828674
JVASP-47333,4,F,84.76861,115.66065,51.828674
JVASP-47333,5,F,67.23776,109.132645,58.738518
JVASP-47334,0,Li,1.992676,5.8249726,7.7027674
JVASP-47334,1,V,32.973682,24.688786,10.063297
JVASP-47334,2,F,75.42144,65.94598,38.30593
JVASP-47334,3,F,75.41481,67.78775,34.836918
JVASP-47334,4,F,122.63097,102.72317,20.668236
JVASP-47334,5,F,122.63703,101.90801,22.627213
JVASP-48544,0,Li,1.1382358,61.07302,59.97227
JVASP-48544,1,Li,1.1378298,61.07301,59.97278
JVASP-48544,2,V,9.309256,41.613167,50.26711
JVASP-48544,3,F,21.09434,38.602306,57.249992
JVASP-48544,4,F,25.193089,36.805153,51.727665
JVASP-48544,5,F,25.193089,36.805157,51.727673
JVASP-48544,6,F,21.09434,38.602306,57.249992
JVASP-48666,0,Li,0.8039731,29.290426,29.330605
JVASP-48666,1,Li,0.8039731,29.290422,29.330603
JVASP-48666,2,V,84.196045,32.464443,78.740746
JVASP-48666,3,F,91.50909,104.33524,51.82109
JVASP-48666,4,F,91.50909,104.335236,51.821083
JVASP-48666,5,F,76.54579,121.34237,45.050213
JVASP-48666,6,F,76.54579,121.342384,45.050224
JVASP-48666,7,F,91.51052,104.32472,51.815342
JVASP-48666,8,F,91.51052,104.32472,51.815342
JVASP-48750,0,Li,0.6140071,2.785372,2.1713722
JVASP-48750,1,Li,0.61360085,2.7853265,2.1717331
JVASP-48750,2,V,0.12749118,4.109384,4.231961
JVASP-48750,3,V,0.14240085,4.1094027,4.232524
JVASP-48750,4,F,70.11961,73.39402,49.717453
JVASP-48750,5,F,70.1199,73.40336,49.693443
JVASP-48750,6,F,70.10619,73.39616,49.708473
JVASP-48750,7,F,70.107574,73.39891,49.712303
JVASP-48750,8,F,70.12032,73.39661,49.687614
JVASP-48750,9,F,70.12166,73.390175,49.7155
JVASP-22698,0,Li,0.2841408,5.6695967,5.9537363
JVASP-22698,1,Li,0.2841408,5.6695848,5.9537253
JVASP-22698,2,Ag,40.63134,37.499462,3.1320732
JVASP-22698,3,Ag,40.630936,37.49967,3.1315298
JVASP-22698,4,F,46.122677,28.960825,17.161882
JVASP-22698,5,F,46.12267,28.959335,17.163342
JVASP-22698,6,F,46.123085,28.959375,17.163746
JVASP-22698,7,F,46.12267,28.960781,17.161896
JVASP-40481,0,Li,0.6455385,26.296392,25.869875
JVASP-40481,1,Ag,250.78989,30.876566,229.11548
JVASP-40481,2,F,256.71402,143.08667,131.89345
JVASP-40481,3,F,265.36096,139.59,138.52812
JVASP-40481,4,F,265.36096,139.59,138.52812
JVASP-40481,5,F,256.71402,143.08667,131.89346
JVASP-49814,0,Li,0.21188203,6.91158,7.123461
JVASP-49814,1,Li,0.21188203,6.911585,7.1234655
JVASP-49814,2,Ag,33.2261,43.206497,9.980394
JVASP-49814,3,F,51.71485,33.7476,17.96725
JVASP-49814,4,F,51.71485,33.747597,17.967253
JVASP-49814,5,F,8.072293,14.159972,6.08768
JVASP-50665,0,Li,0.75631255,13.765455,13.924833
JVASP-50665,1,Li,0.75631255,13.76546,13.924837
JVASP-50665,2,Ag,112.59711,31.764019,86.52274
JVASP-50665,3,Ag,112.59711,31.764023,86.52274
JVASP-50665,4,F,144.79669,109.80793,45.256073
JVASP-50665,5,F,210.15318,113.607376,128.66629
JVASP-50665,6,F,159.34308,114.3651,51.488426
JVASP-50665,7,F,159.34308,114.3651,51.488426
JVASP-50665,8,F,210.15318,113.60738,128.66629
JVASP-50665,9,F,144.79669,109.80793,45.256065
JVASP-50692,0,Li,0.2596703,24.740124,24.636124
JVASP-50692,1,Li,0.2596703,24.740122,24.636124
JVASP-50692,2,Ag,31.094336,38.841545,54.03607
JVASP-50692,3,Ag,31.094336,38.841545,54.03607
JVASP-50692,4,F,28.482672,43.848347,22.561174
JVASP-50692,5,F,28.482672,43.848347,22.561172
JVASP-50692,6,F,49.004177,41.593327,44.108837
JVASP-50692,7,F,49.004177,41.593327,44.108837
JVASP-50739,0,Li,0.6822507,0.06891066,0.6133406
JVASP-50739,1,Li,0.6822507,0.06890911,0.6133421
JVASP-50739,2,Ag,17.171286,5.9671593,23.138447
JVASP-50739,3,Ag,17.171286,5.9671593,23.138445
JVASP-50739,4,F,153.44672,123.35007,46.675934
JVASP-50739,5,F,153.44482,123.35029,46.673767
JVASP-50739,6,F,153.44493,123.35023,46.6748
JVASP-50739,7,F,153.44463,123.350204,46.67483
JVASP-50739,8,F,153.44467,123.35029,46.674747
JVASP-50739,9,F,153.44633,123.350105,46.676525
JVASP-50804,0,Li,1.8449217,13.083209,14.92813
JVASP-50804,1,Li,1.8449217,13.083207,14.928129
JVASP-50804,2,Ag,79.07239,18.507496,97.57988
JVASP-50804,3,Ag,79.07239,18.507496,97.57988
JVASP-50804,4,F,65.927246,55.39153,15.230866
JVASP-50804,5,F,65.92814,55.391785,15.23124
JVASP-50804,6,F,65.92814,55.391785,15.231248
JVASP-50804,7,F,65.927246,55.39153,15.230866
JVASP-52214,0,Li,0.8107947,23.425743,24.236538
JVASP-52214,1,Ag,46.16393,36.353653,82.51758
JVASP-52214,2,Ag,103.070694,38.051003,65.01969
JVASP-52214,3,F,123.41623,119.03399,38.328075
JVASP-52214,4,F,123.41696,119.03558,38.328724
JVASP-52214,5,F,123.41476,119.035576,38.32758
JVASP-52214,6,F,123.416336,119.03397,38.327812
JVASP-52261,0,Li,0.6429997,26.500082,26.073528
JVASP-52261,1,Ag,252.22469,30.67182,230.66379
JVASP-52261,2,F,265.3584,140.40617,137.60858
JVASP-52261,3,F,256.5431,144.08012,130.9954
JVASP-52261,4,F,256.52536,143.36804,131.79462
JVASP-52261,5,F,265.3772,140.40712,137.62021
JVASP-52271,0,Li,0.19608162,31.393963,31.255217
JVASP-52271,1,Li,0.19608162,31.393967,31.255219
JVASP-52271,2,Ag,107.69525,20.444746,107.521706
JVASP-52271,3,Ag,107.69525,20.444746,107.521706
JVASP-52271,4,F,54.315784,18.729427,54.21108
JVASP-52271,5,F,56.702057,85.64253,35.316402
JVASP-52271,6,F,54.315784,18.72943,54.211082
JVASP-52271,7,F,56.702057,85.642525,35.316395
JVASP-52282,0,Li,1.2554163,14.865282,15.294241
JVASP-52282,1,Li,2.1854477,13.240521,14.131359
JVASP-52282,2,Ag,239.32393,22.678373,221.81299
JVASP-52282,3,F,232.03792,120.97717,123.46563
JVASP-52282,4,F,266.89352,136.49069,150.91084
JVASP-52282,5,F,26.797815,76.010666,66.91094
JVASP-52282,6,F,270.97336,121.21551,162.07838
JVASP-52282,7,F,242.83162,142.30528,109.62621
JVASP-52285,0,Li,1.3259912,28.398367,27.072376
JVASP-52285,1,Ag,21.24565,22.599977,43.845627
JVASP-52285,2,Ag,21.24565,22.599977,43.845627
JVASP-52285,3,F,203.93634,139.58138,69.445175
JVASP-52285,4,F,266.3115,162.45447,105.06402
JVASP-52285,5,F,266.3115,162.45447,105.06402
JVASP-52285,6,F,203.93634,139.58138,69.445175
JVASP-52285,7,F,203.93845,139.58087,69.44814
JVASP-52285,8,F,266.31223,162.45427,105.06518
JVASP-52514,0,Li,0.1431293,30.920134,30.99015
JVASP-52514,1,Ag,133.43652,15.708587,121.96465
JVASP-52514,2,F,125.3578,102.51832,25.906006
JVASP-52514,3,F,125.3578,102.51832,25.906006
JVASP-52572,0,Li,0.9835283,27.919521,28.849949
JVASP-52572,1,Ag,86.93518,22.784788,103.58377
JVASP-52572,2,F,110.60331,58.872066,57.891888
JVASP-52572,3,F,110.57469,58.828964,57.92504
JVASP-18648,0,Mg,2.889113,4.0278773,3.05448
JVASP-18648,1,Mg,2.8881261,4.028237,3.0551322
JVASP-18648,2,Mg,2.889113,4.027876,3.054479
JVASP-18648,3,Mg,2.8881261,4.028237,3.0551329
JVASP-18648,4,Mg,2.889113,4.027878,3.0544808
JVASP-18648,5,Mg,2.889113,4.027877,3.0544798
JVASP-18648,6,Cd,11.855531,8.221484,3.6340468
JVASP-18648,7,Cd,11.855531,8.221485,3.6340463
JVASP-18649,0,Mg,3.641172,2.0057185,5.646889
JVASP-18649,1,Mg,3.641172,2.005716,5.6468863
JVASP-18649,2,Cd,14.065513,5.601089,8.713446
JVASP-18649,3,Cd,14.065513,5.601088,8.713447
JVASP-18649,4,Cd,14.063547,5.6012564,8.711319
JVASP-18649,5,Cd,14.065513,5.6010885,8.713448
JVASP-18649,6,Cd,14.063547,5.601256,8.71132
JVASP-18649,7,Cd,14.065513,5.601088,8.713448
JVASP-39130,0,Mg,3.74527,34.121677,30.376406
JVASP-39130,1,Mg,3.74527,34.121674,30.376404
JVASP-39130,2,Cd,53.938694,45.966557,17.772346
JVASP-39130,3,Cd,10.399309,3.3813145,7.0179944
JVASP-39130,4,Cd,53.938694,45.966553,17.77235
JVASP-39130,5,Cd,53.93843,45.96638,17.77494
JVASP-38940,0,Mg,3.1892357,38.668587,35.479347
JVASP-38940,1,Mg,3.1892357,38.668587,35.47935
JVASP-38940,2,Mg,3.1892357,38.668583,35.479347
JVASP-38940,3,Cd,0.0,0.0,0.0
JVASP-78305,0,Mg,0.0,0.0,0.0
JVASP-78305,1,Cd,0.0,0.0,0.0
JVASP-78306,0,Mg,4.025739,16.032146,12.006411
JVASP-78306,1,Cd,81.0034,51.650795,29.352606
JVASP-78313,0,Mg,4.219654,0.5475108,4.767165
JVASP-78313,1,Cd,2.1114602,24.098253,26.209713
JVASP-78802,0,Mg,3.0496178,30.224525,27.174911
JVASP-78802,1,Mg,3.0496178,30.224527,27.174913
JVASP-78802,2,Cd,54.256195,15.248801,39.007397
JVASP-78802,3,Cd,54.256195,15.248797,39.0074
JVASP-78803,0,Mg,2.251083,21.050014,18.798935
JVASP-78803,1,Mg,1.4505147,0.074536376,1.5250508
JVASP-78803,2,Mg,1.4505147,0.07453495,1.5250492
JVASP-78803,3,Cd,66.41669,0.021614384,66.39507
JVASP-78806,0,Mg,4.7409635,7.6865277,8.993371
JVASP-78806,1,Mg,4.7409635,7.6865273,8.993369
JVASP-78806,2,Cd,74.96544,32.648605,42.322323
JVASP-78806,3,Cd,74.96544,32.648605,42.322327
JVASP-79178,0,Mg,2.931447,6.9629617,4.085147
JVASP-79178,1,Mg,4.1012845,1.6119927,3.0361552
JVASP-79178,2,Mg,1.8522853,7.2109504,7.964956
JVASP-79178,3,Cd,46.484085,22.491217,24.904863
JVASP-79197,0,Mg,8.106996,7.89535,0.21165244
JVASP-79197,1,Mg,8.106996,7.8953476,0.2116542
JVASP-79197,2,Cd,41.151424,23.276615,17.874813
JVASP-79197,3,Cd,41.151424,23.276615,17.874813
JVASP-79478,0,Mg,4.512777,47.109226,42.596455
JVASP-79478,1,Cd,47.741375,34.851803,12.889571
JVASP-79478,2,Cd,61.952087,59.379375,2.5727146
JVASP-79478,3,Cd,61.952087,59.379368,2.5727193
JVASP-16479,0,Mg,1.3454843,3.480917,3.3974044
JVASP-16479,1,Mg,1.3454843,3.4809134,3.3974016
JVASP-16479,2,Cd,17.16065,19.65082,3.4548683
JVASP-16479,3,Cd,17.16065,19.65082,3.4548676
JVASP-35042,0,Re,84.681305,25.956394,58.724915
JVASP-35042,1,Re,84.681305,25.956398,58.72491
JVASP-35042,2,Re,84.681305,25.956394,58.724915
JVASP-35042,3,Re,84.681305,25.956392,58.724915
JVASP-35042,4,N,22.466719,33.268555,55.73527
JVASP-35042,5,N,22.466719,33.26855,55.73527
JVASP-36239,0,Re,142.77423,42.62953,100.1447
JVASP-36239,1,N,81.40389,78.87469,2.529204
JVASP-36239,2,N,81.40389,78.87469,2.529204
JVASP-35050,0,Re,18.699404,3.0378087,15.661595
JVASP-35050,1,Re,18.699404,3.037808,15.661595
JVASP-35050,2,N,79.31679,55.819572,23.762575
JVASP-35050,3,N,79.31679,55.819572,23.762575
JVASP-35050,4,N,79.31679,55.819565,23.76258
JVASP-35050,5,N,79.31679,55.819576,23.762573
JVASP-35055,0,Re,159.25357,38.30668,120.94689
JVASP-35055,1,Re,159.25357,38.306675,120.9469
JVASP-35055,2,N,76.3114,80.30306,3.99166
JVASP-35055,3,N,76.3114,80.30306,3.99166
JVASP-35055,4,N,76.3114,80.30306,3.99166
JVASP-35055,5,N,76.3114,80.303055,3.991654
JVASP-35053,0,Re,269.71927,8.28247,265.80902
JVASP-35053,1,Re,269.71927,8.282471,265.80902
JVASP-35053,2,N,33.967987,4.673971,34.776257
JVASP-35053,3,N,33.967987,4.6739697,34.776257
JVASP-35053,4,N,38.443672,9.295574,44.841194
JVASP-35053,5,N,38.443672,9.295576,44.841194
JVASP-36367,0,Re,164.81514,37.73248,202.54762
JVASP-36367,1,N,18.983545,8.9478655,27.93141
JVASP-35048,0,Re,216.361,140.868,75.49299
JVASP-35048,1,Re,216.36098,140.86803,75.492966
JVASP-35048,2,Re,216.36098,140.86803,75.492966
JVASP-35048,3,N,2.380904,33.079235,35.460136
JVASP-35048,4,N,2.380904,33.079235,35.460136
JVASP-35048,5,N,2.380904,33.079227,35.460136
JVASP-35051,0,Re,136.48517,36.05728,103.41158
JVASP-35051,1,Re,136.48517,36.05728,103.41158
JVASP-35051,2,N,72.39313,51.920444,24.977577
JVASP-35051,3,N,72.39313,51.92045,24.977577
JVASP-35051,4,N,92.79189,49.07992,45.63543
JVASP-35051,5,N,92.79189,49.07992,45.63543
JVASP-37110,0,Re,739.6422,102.91204,640.2572
JVASP-37110,1,Re,739.6422,102.91204,640.2572
JVASP-37110,2,N,5.25089,16.165379,21.416267
JVASP-37110,3,N,5.25089,16.165377,21.416267
JVASP-37112,0,Re,34.289185,58.816067,93.105255
JVASP-37112,1,Re,34.289185,58.816067,93.105255
JVASP-37112,2,N,18.417713,17.528618,35.94633
JVASP-37112,3,N,18.417713,17.528614,35.946327
JVASP-39476,0,Re,85.51087,24.341217,61.16966
JVASP-39476,1,Re,85.51087,24.341217,61.16966
JVASP-39476,2,Re,162.15132,17.839008,144.31232
JVASP-39476,3,N,15.474651,9.862549,25.3372
JVASP-85202,0,Re,209.98123,53.639866,168.01276
JVASP-85202,1,Re,209.98123,53.639866,168.01276
JVASP-85202,2,N,81.091965,57.701565,24.446014
JVASP-85202,3,N,81.091965,57.701565,24.446018
JVASP-85202,4,N,81.091965,57.701576,24.446009
JVASP-85202,5,N,81.091965,57.701565,24.446018
JVASP-16004,0,O,0.00244949,6.791893e-05,0.002474616
JVASP-16004,1,Al,0.0,0.0,0.0
JVASP-31,0,O,47.242416,43.026043,5.130345
JVASP-31,1,O,47.242455,43.026188,5.130583
JVASP-31,2,Al,7.224336,10.3237915,17.548128
JVASP-31,3,Al,7.2252507,10.323183,17.548433
JVASP-31,4,O,47.242455,43.02616,5.1306405
JVASP-31,5,O,47.242382,43.02625,5.1298223
JVASP-31,6,Al,7.2252507,10.323181,17.548431
JVASP-31,7,Al,7.224336,10.323781,17.548117
JVASP-31,8,O,47.242382,43.026096,5.1299853
JVASP-31,9,O,47.242416,43.02617,5.130246
JVASP-32,0,O,46.815273,43.064648,4.810334
JVASP-32,1,O,46.815998,43.06468,4.810636
JVASP-32,2,Al,7.3879623,10.178596,17.566557
JVASP-32,3,Al,7.3879623,10.178581,17.566544
JVASP-32,4,O,46.815998,43.064686,4.8106327
JVASP-32,5,O,46.815773,43.064705,4.8106093
JVASP-32,6,Al,7.3879623,10.178582,17.566544
JVASP-32,7,Al,7.3879623,10.178595,17.566557
JVASP-32,8,O,46.815773,43.064705,4.81061
JVASP-32,9,O,46.815273,43.06466,4.8103275
JVASP-10076,0,O,59.587082,35.657406,27.497671
JVASP-10076,1,O,59.587082,35.657406,27.497671
JVASP-10076,2,O,81.53848,72.533066,13.665502
JVASP-10076,3,O,81.53848,72.53307,13.665505
JVASP-10076,4,O,21.388144,20.921057,19.090244
JVASP-10076,5,O,21.388144,20.921055,19.09024
JVASP-10076,6,Al,20.437187,44.97055,44.158825
JVASP-10076,7,Al,20.437187,44.970547,44.15882
JVASP-10076,8,Al,10.664163,14.610779,10.884888
JVASP-10076,9,Al,10.664163,14.610779,10.884888
JVASP-18899,0,Al,0.22193693,0.87059176,1.0925263
JVASP-18899,1,Al,0.22193693,0.8705863,1.0925208
JVASP-18899,2,O,85.07514,52.861984,137.83157
JVASP-18899,3,O,85.07461,52.86199,137.83107
JVASP-18899,4,O,85.07558,52.862007,137.83203
JVASP-18899,5,O,85.07514,52.861988,137.83157
JVASP-18899,6,O,85.07558,52.86202,137.83205
JVASP-18899,7,O,85.07461,52.862015,137.8311
JVASP-49795,0,Al,39.96927,19.81058,33.278786
JVASP-49795,1,Al,39.96927,19.81058,33.27879
JVASP-49795,2,Al,39.96927,19.810581,33.278786
JVASP-49795,3,Al,39.96927,19.810581,33.278786
JVASP-49795,4,O,46.87735,37.547577,9.51989
JVASP-49795,5,O,62.900307,39.39123,30.92641
JVASP-49795,6,O,62.900307,39.391228,30.92641
JVASP-49795,7,O,62.900307,39.391228,30.926413
JVASP-49795,8,O,62.900307,39.391228,30.926413
JVASP-49795,9,O,46.87735,37.547577,9.51989
JVASP-49866,0,Al,9.753869,10.224141,19.97801
JVASP-49866,1,Al,14.322167,29.699503,15.3773365
JVASP-49866,2,Al,26.241385,4.702263,21.539122
JVASP-49866,3,Al,26.241385,4.7022605,21.539124
JVASP-49866,4,O,36.915684,25.87107,14.541434
JVASP-49866,5,O,36.91388,25.871122,14.539664
JVASP-49866,6,O,36.916,25.871012,14.541151
JVASP-49866,7,O,36.916,25.871012,14.541152
JVASP-49866,8,O,36.91388,25.871119,14.539664
JVASP-49866,9,O,36.915684,25.87107,14.541436
JVASP-49931,0,Al,8.041385,21.261587,24.978584
JVASP-49931,1,Al,24.592827,8.235297,27.592367
JVASP-49931,2,Al,8.041385,21.26094,24.978046
JVASP-49931,3,Al,24.592827,8.235915,27.592949
JVASP-49931,4,O,40.757877,48.860752,12.182005
JVASP-49931,5,O,79.143776,68.769356,15.313918
JVASP-49931,6,O,79.143776,68.76887,15.314084
JVASP-49931,7,O,61.55135,67.380226,19.585875
JVASP-49931,8,O,61.550686,67.379326,19.58667
JVASP-49931,9,O,40.756878,48.860973,12.182651
JVASP-50170,0,Al,16.118868,19.653038,3.5341713
JVASP-50170,1,Al,23.375483,62.806686,86.18217
JVASP-50170,2,O,103.41378,77.702385,25.711395
JVASP-50170,3,O,10.334397,13.408436,23.742832
JVASP-50170,4,O,11.196209,11.726746,22.922956
JVASP-51662,0,Al,46.76563,24.943954,45.84126
JVASP-51662,1,Al,46.740875,24.994383,45.833046
JVASP-51662,2,Al,46.763332,25.000103,45.848835
JVASP-51662,3,Al,46.742058,24.937334,45.825645
JVASP-51662,4,O,106.44902,75.20562,41.039333
JVASP-51662,5,O,43.178417,40.814796,20.096027
JVASP-51662,6,O,43.237507,40.863804,20.089462
JVASP-51662,7,O,106.46593,75.21544,41.047047
JVASP-51662,8,O,43.17605,40.82564,20.090603
JVASP-51662,9,O,43.22327,40.847904,20.090487
JVASP-85600,0,Al,36.35564,26.929548,55.489155
JVASP-85600,1,Al,23.664415,36.826363,35.907303
JVASP-85600,2,Al,36.35564,26.929548,55.489155
JVASP-85600,3,Al,23.664415,36.826363,35.907303
JVASP-85600,4,O,355.7783,48.065697,312.9119
JVASP-85600,5,O,51.35401,25.91155,36.16503
JVASP-85600,6,O,56.77565,44.400486,34.940315
JVASP-85600,7,O,51.35401,25.911554,36.165024
JVASP-85600,8,O,56.77565,44.400486,34.940315
JVASP-85600,9,O,355.7783,48.065697,312.9119
JVASP-94,0,O,43.859158,43.282265,6.485444
JVASP-94,1,O,43.858723,43.282196,6.4854856
JVASP-94,2,Al,7.4180536,8.779392,16.197445
JVASP-94,3,Al,7.417726,8.779367,16.197094
JVASP-94,4,O,43.858723,43.282196,6.485491
JVASP-94,5,O,43.858448,43.282192,6.4856863
JVASP-94,6,Al,7.417726,8.779368,16.197094
JVASP-94,7,Al,7.4180536,8.779392,16.197445
JVASP-94,8,O,43.858448,43.282196,6.4856796
JVASP-94,9,O,43.859158,43.28227,6.485442
JVASP-19812,0,O,8.305873,24.665577,16.422634
JVASP-19812,1,O,8.306027,24.66557,16.422653
JVASP-19812,2,Cu,23.593126,28.029291,10.832588
JVASP-19812,3,Cu,23.596148,28.02927,10.830524
JVASP-35249,0,Cu,55.302128,45.511826,9.790301
JVASP-35249,1,Cu,55.302128,45.511826,9.790301
JVASP-35249,2,Cu,27.395094,14.982993,42.378086
JVASP-35249,3,O,178.98105,57.636723,139.90775
JVASP-35249,4,O,178.98105,57.636715,139.90776
JVASP-17291,0,O,0.002160247,1.6346703e-05,0.002151908
JVASP-17291,1,Cu,0.023079572,4.178439e-05,0.023053195
JVASP-18421,0,O,34.457027,68.76305,89.44206
JVASP-18421,1,O,34.456997,68.763336,89.442375
JVASP-18421,2,O,34.456997,68.76306,89.4421
JVASP-18421,3,O,34.457027,68.76331,89.44234
JVASP-18421,4,Cu,58.55341,35.648827,86.36138
JVASP-18421,5,Cu,58.568886,35.649147,86.378624
JVASP-18421,6,Cu,58.568886,35.64909,86.37856
JVASP-18421,7,Cu,58.55341,35.648827,86.361374
JVASP-18424,0,O,54.215942,43.73225,10.483692
JVASP-18424,1,O,54.215286,43.731873,10.483413
JVASP-18424,2,Cu,16.725739,39.134014,55.859753
JVASP-1219,0,Cu,23.695606,28.051184,10.703816
JVASP-1219,1,Cu,23.695606,28.051188,10.70382
JVASP-1219,2,Cu,23.695606,28.05118,10.703814
JVASP-1219,3,Cu,23.695606,28.051188,10.70382
JVASP-1219,4,O,8.060058,24.643263,16.645844
JVASP-1219,5,O,8.060058,24.643263,16.645844
JVASP-1219,6,O,8.060058,24.643261,16.645844
JVASP-1219,7,O,8.060058,24.643263,16.645844
JVASP-52966,0,Cu,50.576355,36.831264,13.751047
JVASP-52966,1,Cu,50.57615,36.83126,13.750835
JVASP-52966,2,Cu,15.32502,16.247717,31.570433
JVASP-52966,3,Cu,15.324906,16.247719,31.570335
JVASP-52966,4,Cu,30.404705,29.572897,16.296822
JVASP-52966,5,Cu,30.404705,29.572899,16.296824
JVASP-52966,6,Cu,30.388891,29.585978,16.295736
JVASP-52966,7,Cu,30.388891,29.585978,16.295736
JVASP-52966,8,O,21.465061,19.270897,17.367413
JVASP-54461,0,Cu,43.42114,14.380674,56.847576
JVASP-54461,1,O,98.71774,88.6612,102.047264
JVASP-54461,2,O,98.71774,88.661194,102.047264
JVASP-78687,0,Cu,48.421833,16.265774,63.041412
JVASP-78687,1,O,107.93388,88.123795,111.62613
JVASP-78687,2,O,107.93388,88.1238,111.62613
JVASP-79522,0,Cu,23.287512,28.118408,11.051783
JVASP-79522,1,Cu,23.287512,28.118408,11.0517845
JVASP-79522,2,Cu,23.287512,28.118408,11.051783
JVASP-79522,3,Cu,23.287512,28.118408,11.051786
JVASP-79522,4,O,9.335603,24.61727,15.385516
JVASP-79522,5,O,9.335603,24.617264,15.385511
JVASP-79522,6,O,9.335603,24.61727,15.385517
JVASP-79522,7,O,9.335603,24.61727,15.385516
JVASP-1216,0,Cu,73.12952,58.924957,14.204556
JVASP-1216,1,Cu,73.12952,58.92496,14.2045555
JVASP-1216,2,Cu,73.12952,58.924957,14.204557
JVASP-1216,3,Cu,73.12952,58.924957,14.204556
JVASP-1216,4,O,0.0,0.0,0.0
JVASP-1216,5,O,0.0,0.0,0.0
JVASP-30094,0,Cu,18.55976,39.12816,57.404716
JVASP-30094,1,Cu,18.55976,39.12816,57.404713
JVASP-30094,2,O,39.55836,45.313164,9.580235
JVASP-30094,3,O,39.55836,45.313164,9.580234
JVASP-30094,4,O,39.55836,45.313168,9.580236
JVASP-30094,5,O,39.55836,45.313164,9.580232
JVASP-18556,0,Na,27.208355,27.587856,54.662357
JVASP-18556,1,Na,27.92336,34.33279,61.783997
JVASP-18556,2,Na,39.60425,29.16224,67.849686
JVASP-18556,3,Li,6.2475824,89.235275,83.009514
JVASP-18556,4,Li,2.978989,27.928617,29.690702
JVASP-18556,5,Li,6.1266837,69.128174,63.02179
JVASP-18556,6,N,19.777695,107.046875,90.422585
JVASP-18556,7,N,26.517649,109.966484,87.855316
JVASP-5740,0,Na,27.208355,27.587856,54.662357
JVASP-5740,1,Na,27.92336,34.332787,61.783997
JVASP-5740,2,Na,39.60425,29.162237,67.84968
JVASP-5740,3,Li,6.2475824,89.23526,83.0095
JVASP-5740,4,Li,2.978989,27.928616,29.690702
JVASP-5740,5,Li,6.1266837,69.12817,63.021782
JVASP-5740,6,N,19.777695,107.04687,90.42257
JVASP-5740,7,N,26.517649,109.966484,87.855316
JVASP-15758,0,Na,25.226885,32.80014,58.027027
JVASP-15758,1,Na,25.226885,32.80014,58.027027
JVASP-15758,2,Li,5.796717,115.732864,109.93614
JVASP-15758,3,N,29.442867,154.56085,125.11797
JVASP-13836,0,Na,25.230154,32.804863,58.035015
JVASP-13836,1,Na,25.230154,32.804867,58.03502
JVASP-13836,2,Li,5.797942,115.757416,109.95947
JVASP-13836,3,N,29.412249,154.5812,125.16895
JVASP-4522,0,Na,25.226885,32.800144,58.027027
JVASP-4522,1,Na,25.226885,32.800144,58.027027
JVASP-4522,2,Li,5.796717,115.73288,109.93616
JVASP-4522,3,N,29.442867,154.56084,125.11797
JVASP-51054,0,Na,22.127295,18.197058,9.264711
JVASP-51054,1,Na,28.163857,28.518404,8.93954
JVASP-51054,2,Na,5.1763024,5.752687,10.926583
JVASP-51054,3,Li,1.581505,29.943285,29.113533
JVASP-51054,4,Li,1.3759319,80.47376,79.12707
JVASP-51054,5,Li,3.1542206,54.198025,51.053864
JVASP-51054,6,N,50.85738,50.423443,27.51893
JVASP-51054,7,N,43.885853,40.36302,11.211899
JVASP-54829,0,Na,72.48164,62.769646,9.712029
JVASP-54829,1,Na,72.48164,62.769646,9.712028
JVASP-54829,2,Li,0.9724567,9.565218,10.537664
JVASP-54829,3,Li,0.9724567,9.565219,10.537665
JVASP-54829,4,Li,0.9724567,9.565219,10.537665
JVASP-54829,5,Li,0.9724567,9.565219,10.537665
JVASP-54829,6,N,12.88696,16.834332,29.721272
JVASP-54829,7,N,12.88696,16.834332,29.721272
JVASP-54845,0,Na,61.069454,51.949715,9.119739
JVASP-54845,1,Li,2.9406126,149.51584,146.57523
JVASP-54845,2,Li,2.9406126,149.51585,146.57523
JVASP-54845,3,N,52.2072,134.11191,81.9047
JVASP-55019,0,Na,2.0943139,7.1189055,9.21322
JVASP-55019,1,Na,12.49893,2.0533538,10.445576
JVASP-55019,2,Na,2.0943139,7.1189065,9.213221
JVASP-55019,3,Na,12.49893,2.0533557,10.445575
JVASP-55019,4,Li,0.16411582,21.55796,21.722076
JVASP-55019,5,Li,0.16411582,21.557957,21.722075
JVASP-55019,6,N,1.6876985,6.091118,4.4034195
JVASP-55019,7,N,1.6876985,6.0911217,4.4034233
JVASP-86845,0,Na,20.08808,23.956085,33.91829
JVASP-86845,1,Li,5.6899686,53.832672,48.178925
JVASP-86845,2,Li,5.8369727,50.7765,44.97067
JVASP-86845,3,Li,4.0729766,63.015743,59.014774
JVASP-86845,4,Li,3.0051866,52.842194,49.987873
JVASP-86845,5,Li,5.709265,37.13755,32.812725
JVASP-86845,6,N,29.291662,51.772102,23.229359
JVASP-86845,7,N,33.520382,37.11595,48.931763
JVASP-8695,0,Na,2.946736,40.364105,43.310837
JVASP-8695,1,Li,0.4032989,15.086256,14.689427
JVASP-8695,2,Li,0.4032989,15.086258,14.689429
JVASP-8695,3,Li,0.4032989,15.08626,14.68943
JVASP-8695,4,Li,0.4032989,15.086257,14.689427
JVASP-8695,5,Li,0.4106978,18.319313,18.730011
JVASP-8695,6,N,27.180355,14.383303,41.563656
JVASP-8695,7,N,27.882542,39.1653,67.047844
JVASP-8696,0,Na,26.933393,25.824347,30.138103
JVASP-8696,1,Na,26.774836,4.061264,23.378315
JVASP-8696,2,Na,33.652122,11.694795,41.85268
JVASP-8696,3,Na,31.343615,6.412357,35.48681
JVASP-8696,4,Na,76.779945,67.27724,13.205233
JVASP-8696,5,Li,5.7968597,62.129025,56.35676
JVASP-8696,6,N,3.6967974,31.816046,34.70323
JVASP-8696,7,N,6.717716,84.961945,91.44729
JVASP-22717,0,Li,0.8940346,7.7540655,6.999614
JVASP-22717,1,Fe,77.459,37.211887,91.990875
JVASP-22717,2,F,155.8874,138.8034,29.67696
JVASP-22717,3,F,160.93726,158.18945,25.927965
JVASP-22717,4,F,155.8863,138.80217,29.676752
JVASP-22717,5,F,160.95085,158.2022,25.936646
JVASP-42426,0,Li,0.71892846,10.897192,11.613924
JVASP-42426,1,Li,0.71892846,7.9704103,8.670286
JVASP-42426,2,Fe,51.782555,6.096522,48.415596
JVASP-42426,3,F,19.197954,4.9183836,22.546545
JVASP-42426,4,F,19.197952,4.9183364,22.546635
JVASP-42426,5,F,100.13467,118.35571,19.83355
JVASP-42426,6,F,100.13467,118.355675,19.83301
JVASP-42488,0,Li,0.6161315,22.011759,22.333214
JVASP-42488,1,Li,0.6161315,22.011757,22.333212
JVASP-42488,2,Fe,141.42496,25.37205,141.36507
JVASP-42488,3,Fe,141.42496,25.372051,141.36507
JVASP-42488,4,F,68.54481,71.62927,54.177673
JVASP-42488,5,F,68.31963,74.227974,57.150425
JVASP-42488,6,F,39.99989,27.57689,20.622458
JVASP-42488,7,F,68.31963,74.227974,57.15042
JVASP-42488,8,F,68.54481,71.62928,54.177677
JVASP-42488,9,F,39.99989,27.57689,20.622452
JVASP-43450,0,Li,0.43233553,6.739433,6.3070974
JVASP-43450,1,Li,0.43233553,6.739434,6.307099
JVASP-43450,2,Fe,26.502254,0.3105255,26.19173
JVASP-43450,3,Fe,26.502254,0.3105246,26.19173
JVASP-43450,4,F,64.337906,73.62444,28.893047
JVASP-43450,5,F,64.33885,73.624794,28.892231
JVASP-43450,6,F,64.338486,73.625114,28.89181
JVASP-43450,7,F,64.338486,73.62511,28.891806
JVASP-43450,8,F,64.33885,73.624794,28.89223
JVASP-43450,9,F,64.337906,73.62445,28.893051
JVASP-43580,0,Li,1.4843909,2.6219404,1.1375495
JVASP-43580,1,Li,2.6209545,92.24933,89.62837
JVASP-43580,2,Li,1.4843909,2.6219392,1.1375483
JVASP-43580,3,Fe,67.44547,77.92346,145.36894
JVASP-43580,4,F,160.96207,111.38354,77.22565
JVASP-43580,5,F,160.96207,111.38354,77.22565
JVASP-43580,6,F,160.96207,111.38353,77.22565
JVASP-43580,7,F,160.96194,111.38361,77.22607
JVASP-43580,8,F,160.96207,111.38354,77.225655
JVASP-43580,9,F,160.96194,111.38361,77.22607
JVASP-43647,0,Li,1.0373884,33.589348,32.556583
JVASP-43647,1,Li,1.0373884,33.589348,32.556583
JVASP-43647,2,Fe,84.38824,26.105877,110.48721
JVASP-43647,3,F,23.34966,17.65448,37.01116
JVASP-43647,4,F,19.95078,15.578576,35.148037
JVASP-43647,5,F,19.95078,15.578574,35.14803
JVASP-43647,6,F,23.34966,17.65448,37.01116
JVASP-43739,0,Li,0.6004798,30.512686,30.681047
JVASP-43739,1,Li,0.6004798,30.512686,30.681047
JVASP-43739,2,Fe,78.91566,6.525553,77.99725
JVASP-43739,3,Fe,78.91566,6.5255537,77.99725
JVASP-43739,4,F,43.252346,15.873913,27.952007
JVASP-43739,5,F,58.23632,65.753136,12.183942
JVASP-43739,6,F,58.23632,65.753136,12.183941
JVASP-43739,7,F,58.23632,65.753136,12.183941
JVASP-43739,8,F,43.252346,15.873911,27.952007
JVASP-43739,9,F,58.23632,65.753136,12.183941
JVASP-43740,0,Li,0.9919395,25.248215,26.05056
JVASP-43740,1,Li,0.9919395,25.248213,26.05056
JVASP-43740,2,Fe,88.4169,35.25968,73.89823
JVASP-43740,3,Fe,88.4169,35.259686,73.89823
JVASP-43740,4,F,114.93912,121.81963,21.259285
JVASP-43740,5,F,66.21154,87.52812,54.627785
JVASP-43740,6,F,66.21154,87.52812,54.627785
JVASP-43740,7,F,66.21154,87.528114,54.627785
JVASP-43740,8,F,66.21154,87.528114,54.627785
JVASP-43740,9,F,114.93912,121.819626,21.25928
JVASP-43766,0,Li,0.8520145,14.174846,14.969752
JVASP-43766,1,Li,0.8520145,14.174784,14.969697
JVASP-43766,2,Fe,38.97994,21.954096,57.880276
JVASP-43766,3,F,195.95319,160.02992,38.755062
JVASP-43766,4,F,195.9529,160.0296,38.755337
JVASP-43766,5,F,195.95335,160.02986,38.755108
JVASP-43766,6,F,195.96536,162.77565,38.410336
JVASP-43766,7,F,195.95335,160.02946,38.755657
JVASP-43766,8,F,195.96536,162.77493,38.41116
JVASP-43790,0,Li,0.42108038,19.772732,19.733545
JVASP-43790,1,Li,0.42024994,19.768017,19.728836
JVASP-43790,2,Fe,67.28105,13.106725,73.20677
JVASP-43790,3,Fe,67.269424,13.103733,73.19279
JVASP-43790,4,F,93.866066,107.3989,15.585608
JVASP-43790,5,F,93.863464,107.40221,15.586755
JVASP-43790,6,F,44.282124,22.893673,38.147163
JVASP-43790,7,F,44.290775,22.896965,38.133358
JVASP-43790,8,F,60.210564,57.893875,28.285124
JVASP-43790,9,F,60.208164,57.898193,28.289764
JVASP-43832,0,Li,0.77287,35.34015,35.491867
JVASP-43832,1,Li,1.5450526,21.379066,22.730247
JVASP-43832,2,Fe,72.362305,15.81437,74.558556
JVASP-43832,3,Fe,81.58197,19.725494,88.951004
JVASP-43832,4,F,72.86332,94.333206,39.836258
JVASP-43832,5,F,67.53427,110.84781,63.06466
JVASP-43832,6,F,55.861885,39.32078,44.195095
JVASP-43832,7,F,86.51802,96.98519,12.725141
JVASP-43832,8,F,81.35271,105.61124,29.121603
JVASP-43832,9,F,44.425926,36.76607,60.816406
JVASP-17334,0,Mn,89.51997,9.327938,94.25098
JVASP-17334,1,Mn,69.40706,41.433506,81.9977
JVASP-17334,2,N,59.948017,33.866238,92.236244
JVASP-17334,3,N,6.141853,30.247915,24.109772
JVASP-36312,0,Mn,0.0,0.0,0.0
JVASP-36312,1,N,0.0,0.0,0.0
JVASP-36314,0,Mn,0.0,0.0,0.0
JVASP-36314,1,N,0.0,0.0,0.0
JVASP-35957,0,Mn,3.7286243,59.033672,55.30514
JVASP-35957,1,Mn,3.7286243,59.03367,55.305138
JVASP-35957,2,Mn,5.451671,43.54766,38.096363
JVASP-35957,3,N,29.67312,8.040101,21.63302
JVASP-35957,4,N,29.67312,8.040101,21.633022
JVASP-14279,0,Mn,0.5168423,45.81664,45.299797
JVASP-14279,1,Mn,0.5168423,45.816647,45.299797
JVASP-14279,2,Mn,84.36369,109.923096,25.559402
JVASP-14279,3,Mn,0.5168423,45.816647,45.299797
JVASP-14279,4,Mn,0.5168423,45.81664,45.299797
JVASP-14279,5,Mn,84.36369,109.923096,25.559402
JVASP-14279,6,N,12.786336,33.953354,21.167019
JVASP-14279,7,N,12.786336,33.953354,21.167019
JVASP-14279,8,N,12.786336,33.95335,21.167015
JVASP-14279,9,N,12.786336,33.95335,21.167015
JVASP-37181,0,Mn,2.4797,22.252306,24.732006
JVASP-37181,1,Mn,2.4801085,22.252312,24.73242
JVASP-37181,2,N,2.8254864,5.2465014,8.071988
JVASP-37181,3,N,2.825078,5.2465014,8.071579
JVASP-51507,0,Mn,0.007874008,0.0014336886,0.006442756
JVASP-51507,1,Mn,71.68064,164.76886,93.08821
JVASP-51507,2,Mn,71.66921,164.76923,93.10001
JVASP-51507,3,Mn,71.67697,164.76903,93.09205
JVASP-51507,4,N,0.0028284274,7.3247415e-05,0.0028864918
JVASP-78283,0,Mn,0.0,0.0,0.0
JVASP-78283,1,N,0.0,0.0,0.0
JVASP-78284,0,Mn,0.0,0.0,0.0
JVASP-78284,1,Mn,0.0,0.0,0.0
JVASP-78284,2,Mn,0.0,0.0,0.0
JVASP-78284,3,Mn,0.0,0.0,0.0
JVASP-78284,4,N,0.0,0.0,0.0
JVASP-78284,5,N,0.0,0.0,0.0
JVASP-78284,6,N,0.0,0.0,0.0
JVASP-78284,7,N,0.0,0.0,0.0
JVASP-78381,0,Mn,0.0,0.0,0.0
JVASP-78381,1,Mn,0.0,0.0,0.0
JVASP-78381,2,Mn,0.0,0.0,0.0
JVASP-78381,3,Mn,0.0,0.0,0.0
JVASP-78381,4,N,0.0,0.0,0.0
JVASP-78381,5,N,0.0,0.0,0.0
JVASP-78381,6,N,0.0,0.0,0.0
JVASP-78381,7,N,0.0,0.0,0.0
JVASP-8114,0,Mn,0.0,0.0,0.0
JVASP-8114,1,Mn,0.0,0.0,0.0
JVASP-8114,2,Mn,0.0,0.0,0.0
JVASP-8114,3,Mn,0.0,0.0,0.0
JVASP-8114,4,N,0.0,0.0,0.0
JVASP-8114,5,N,0.0,0.0,0.0
JVASP-8114,6,N,0.0,0.0,0.0
JVASP-8114,7,N,0.0,0.0,0.0
JVASP-35985,0,W,0.0,0.0,0.0
JVASP-35985,1,N,0.0,0.0,0.0
JVASP-13790,0,W,11.005149,9.672863,1.3322868
JVASP-13790,1,W,11.005149,9.672864,1.3322854
JVASP-13790,2,W,280.14853,17.418112,297.56665
JVASP-13790,3,W,280.14853,17.418112,297.56665
JVASP-13790,4,W,109.91636,11.028189,120.94455
JVASP-13790,5,W,109.91636,11.028188,120.94454
JVASP-13790,6,N,3.2823164,27.805414,31.08773
JVASP-13790,7,N,13.327674,36.456852,49.784527
JVASP-13790,8,N,13.327674,36.456852,49.784527
JVASP-16015,0,W,40.19123,8.353985,48.54521
JVASP-16015,1,W,40.19123,8.353989,48.54522
JVASP-16015,2,W,40.19123,8.353977,48.545208
JVASP-16015,3,N,0.0,0.0,0.0
JVASP-16015,4,N,0.18044575,29.241596,29.422043
JVASP-16015,5,N,0.18044575,29.241604,29.422049
JVASP-16015,6,N,0.18044575,29.241604,29.422049
JVASP-19932,0,W,158.06557,35.468136,193.5337
JVASP-19932,1,N,7.680375,27.072725,19.39235
JVASP-37188,0,W,93.5007,52.279575,41.221127
JVASP-37188,1,N,97.65013,76.515495,21.134642
JVASP-37188,2,N,97.65013,76.515495,21.134642
JVASP-37744,0,W,238.45961,20.276545,242.70049
JVASP-37744,1,W,238.45961,20.276545,242.70049
JVASP-37744,2,N,38.242058,41.470673,9.802021
JVASP-37744,3,N,38.242058,41.470676,9.802019
JVASP-37744,4,N,38.242058,41.470676,9.802018
JVASP-37744,5,N,38.242058,41.470673,9.802017
JVASP-78672,0,W,0.0,0.0,0.0
JVASP-78672,1,W,0.0,0.0,0.0
JVASP-78672,2,W,0.0,0.0,0.0
JVASP-78672,3,W,0.0,0.0,0.0
JVASP-78672,4,N,0.0,0.0,0.0
JVASP-78672,5,N,0.0,0.0,0.0
JVASP-78672,6,N,0.0,0.0,0.0
JVASP-78672,7,N,0.0,0.0,0.0
JVASP-78721,0,W,9.350927,32.091774,41.4427
JVASP-78721,1,W,9.350927,32.09333,41.44426
JVASP-78721,2,W,9.350927,32.093327,41.44425
JVASP-78721,3,N,1.1271738,8.142679,7.015506
JVASP-78721,4,N,1.1271738,8.142685,7.0155115
JVASP-78721,5,N,1.1271738,8.1430235,7.0158505
JVASP-78721,6,N,1.1271738,8.143447,7.016273
JVASP-78721,7,N,1.1271738,8.143449,7.016276
JVASP-78721,8,N,1.1271738,8.143025,7.015852
JVASP-79378,0,W,164.06845,24.878332,139.19012
JVASP-79378,1,W,164.06927,24.877422,139.19186
JVASP-79378,2,N,12.55486,16.023731,28.578592
JVASP-79378,3,N,12.554451,16.024225,28.578678
JVASP-79439,0,W,263.80377,39.079643,278.07843
JVASP-79439,1,W,263.80377,39.079647,278.07843
JVASP-79439,2,N,15.48289,42.363388,29.293283
JVASP-79439,3,N,15.48289,42.363388,29.293282
JVASP-18433,0,Li,0.4501933,11.524372,11.974565
JVASP-18433,1,Ni,2.3902369,12.476144,10.085961
JVASP-18433,2,O,44.939274,37.94979,6.9894814
JVASP-18433,3,O,44.945847,37.95567,6.990176
JVASP-30393,0,Li,3.2859914,16.793682,13.507691
JVASP-30393,1,Li,3.2859914,16.79368,13.50769
JVASP-30393,2,Ni,2.9516513,47.020824,44.06919
JVASP-30393,3,O,16.071102,15.4953165,0.57578605
JVASP-30393,4,O,16.071102,15.495317,0.5757847
JVASP-12216,0,Li,0.57848996,14.015103,14.593591
JVASP-12216,1,Li,0.5784883,14.014612,14.5931
JVASP-12216,2,Li,0.5784883,14.014432,14.592919
JVASP-12216,3,Li,0.57848996,14.014291,14.592778
JVASP-12216,4,O,6.972472,6.9131985,0.059284452
JVASP-12216,5,O,6.972472,6.9129333,0.05956009
JVASP-12216,6,O,6.972472,6.9129996,0.059483092
JVASP-12216,7,O,6.972472,6.9134045,0.059089206
JVASP-12216,8,Ni,5.1941433,50.576946,55.771088
JVASP-12216,9,Ni,5.1941433,50.576748,55.770893
JVASP-45183,0,Li,1.1496617,60.604485,61.358418
JVASP-45183,1,Ni,40.64707,40.87703,64.14576
JVASP-45183,2,Ni,12.176553,31.662142,43.009933
JVASP-45183,3,O,72.90444,61.951595,35.67756
JVASP-45183,4,O,53.36739,52.809742,12.285546
JVASP-45183,5,O,53.36739,52.80974,12.2855425
JVASP-45183,6,O,72.90444,61.951607,35.67756
JVASP-7881,0,Li,1.8541375,9.658361,11.207336
JVASP-7881,1,Li,1.8541375,9.658361,11.207336
JVASP-7881,2,Li,1.8541375,9.6583605,11.207335
JVASP-7881,3,Li,1.8541375,9.6583605,11.2073345
JVASP-7881,4,Ni,190.45982,30.78412,161.0213
JVASP-7881,5,Ni,190.45982,30.784117,161.0213
JVASP-7881,6,O,88.01374,75.08561,19.079489
JVASP-7881,7,O,88.01374,75.08561,19.079489
JVASP-7881,8,O,88.01374,75.08561,19.07949
JVASP-7881,9,O,88.01374,75.08561,19.079489
JVASP-79748,0,Li,1.1711661,25.931898,24.930826
JVASP-79748,1,Ni,76.75745,21.291838,66.29988
JVASP-79748,2,O,57.946083,36.93327,24.193533
JVASP-79748,3,O,84.31982,79.27971,36.20759
JVASP-8375,0,Li,1.1503003,61.35057,62.115376
JVASP-8375,1,Ni,13.1014185,30.615135,43.018475
JVASP-8375,2,Ni,41.061623,40.51366,64.80618
JVASP-8375,3,O,55.029663,51.693016,12.763731
JVASP-8375,4,O,73.05215,60.834393,38.465336
JVASP-8375,5,O,55.029663,51.693012,12.763728
JVASP-8375,6,O,73.05215,60.834393,38.46534
JVASP-85546,0,Li,3.5758474,10.34745,13.923298
JVASP-85546,1,Ni,9.253765,40.994488,50.248253
JVASP-85546,2,O,51.13065,9.797468,41.333183
JVASP-85546,3,O,51.13065,9.797468,41.333183
JVASP-8644,0,Li,1.1729752,25.902994,24.8989
JVASP-8644,1,Ni,76.788795,21.262272,66.398575
JVASP-8644,2,O,57.774998,36.760033,24.280155
JVASP-8644,3,O,84.39657,79.325455,36.33174
JVASP-8646,0,Li,1.376032,29.333233,28.535091
JVASP-8646,1,Li,1.376032,29.333231,28.53509
JVASP-8646,2,Ni,43.035736,19.090975,36.68445
JVASP-8646,3,Ni,43.035736,19.090967,36.684452
JVASP-8646,4,O,64.09613,40.346634,25.499195
JVASP-8646,5,O,19.303566,95.623726,88.02018
JVASP-8646,6,O,64.09613,40.346634,25.499195
JVASP-8646,7,O,19.303566,95.623726,88.02019
JVASP-15693,0,Mn,41.063248,43.13988,2.0766344
JVASP-15693,1,Mn,41.063248,43.139877,2.076633
JVASP-15693,2,Mn,56.98493,16.251282,40.733646
JVASP-15693,3,Mn,56.98493,16.251284,40.733646
JVASP-15693,4,Sb,59.401352,13.926693,45.474655
JVASP-15693,5,Sb,59.401352,13.926693,45.47466
JVASP-36321,0,Mn,0.0,0.0,0.0
JVASP-36321,1,Sb,0.0,0.0,0.0
JVASP-17790,0,Mn,11.421971,14.696438,3.2744663
JVASP-17790,1,Mn,11.421971,14.696432,3.2744608
JVASP-17790,2,Mn,2.7744555,15.150949,12.376493
JVASP-17790,3,Mn,2.7744555,15.150946,12.37649
JVASP-17790,4,Sb,42.45701,8.392455,50.84946
JVASP-17790,5,Sb,42.45701,8.392455,50.84946
JVASP-36323,0,Mn,0.0073484695,9.375214e-07,0.007348451
JVASP-36323,1,Sb,0.0,0.0,0.0
JVASP-19786,0,Mn,53.41684,30.818819,22.59802
JVASP-19786,1,Mn,53.41684,30.818819,22.59802
JVASP-19786,2,Mn,53.41684,30.81883,22.59801
JVASP-19786,3,Sb,0.0,0.0,0.0
JVASP-19831,0,Mn,61.58997,53.33907,8.250902
JVASP-19831,1,Mn,61.58997,53.33907,8.250902
JVASP-19831,2,Sb,59.031887,37.778183,21.253704
JVASP-19831,3,Sb,59.031887,37.778175,21.253708
JVASP-36322,0,Mn,0.0073484695,3.434084e-07,0.0073487055
JVASP-36322,1,Sb,0.0,0.0,0.0
JVASP-14403,0,Mn,41.063248,43.139927,2.0766797
JVASP-14403,1,Mn,41.063248,43.139927,2.0766804
JVASP-14403,2,Mn,56.98493,16.251308,40.73362
JVASP-14403,3,Mn,56.98493,16.251314,40.733616
JVASP-14403,4,Sb,59.40217,13.926639,45.475533
JVASP-14403,5,Sb,59.401352,13.926638,45.474712
JVASP-78285,0,Mn,0.0,0.0,0.0
JVASP-78285,1,Mn,0.0,0.0,0.0
JVASP-78285,2,Mn,0.0,0.0,0.0
JVASP-78285,3,Mn,0.0,0.0,0.0
JVASP-78285,4,Sb,0.0,0.0,0.0
JVASP-78285,5,Sb,0.0,0.0,0.0
JVASP-78285,6,Sb,0.0,0.0,0.0
JVASP-78285,7,Sb,0.0,0.0,0.0
JVASP-78448,0,Mn,0.0,0.0,0.0
JVASP-78448,1,Sb,0.0,0.0,0.0
JVASP-14530,0,Cd,0.0028284274,0.00020575132,0.0029220814
JVASP-14530,1,Te,0.0014142137,0.00013452832,0.0015457055
JVASP-16779,0,Cd,17.231873,44.709923,61.876823
JVASP-16779,1,Te,428.02115,65.00148,363.05508
JVASP-36179,0,Cd,0.32168618,3.1866093,3.4517467
JVASP-36179,1,Cd,0.32168618,3.1866093,3.4517462
JVASP-36179,2,Te,2.9725246,13.550863,11.142641
JVASP-36179,3,Te,2.9725246,13.550864,11.142642
JVASP-23,0,Cd,0.002581989,8.3032144e-05,0.0026219795
JVASP-23,1,Te,0.002,0.00016972785,0.0021422207
JVASP-4795,0,Cd,17.231873,44.709915,61.876816
JVASP-4795,1,Te,428.02115,65.00147,363.05508
JVASP-22685,0,Cd,0.7837554,2.3283298,1.5467373
JVASP-22685,1,Cd,0.7837554,2.3283303,1.5467377
JVASP-22685,2,Te,12.860356,3.696717,9.163741
JVASP-22685,3,Te,12.860356,3.6967192,9.163739
JVASP-7757,0,Cd,0.6989211,2.3344502,1.6355292
JVASP-7757,1,Cd,0.6989211,2.334454,1.635533
JVASP-7757,2,Te,12.948002,3.6893046,9.2586975
JVASP-7757,3,Te,12.948002,3.6893024,9.258699
JVASP-7803,0,Cd,121.728874,88.73474,198.82697
JVASP-7803,1,Cd,121.731255,88.7352,198.83034
JVASP-7803,2,Cd,121.728874,88.73474,198.82697
JVASP-7803,3,Te,149.93814,54.123188,149.81335
JVASP-7803,4,Te,149.93687,54.122593,149.81207
JVASP-7803,5,Te,149.93782,54.123188,149.81297
JVASP-79598,0,Cd,0.19228277,3.173078,3.0469432
JVASP-79598,1,Cd,0.19228277,3.1730824,3.046948
JVASP-79598,2,Cd,0.19228277,3.1730773,3.0469427
JVASP-79598,3,Cd,0.19228277,3.1730785,3.0469441
JVASP-79598,4,Te,0.94770986,13.602563,12.81828
JVASP-79598,5,Te,0.94770986,13.602561,12.818279
JVASP-79598,6,Te,0.94770986,13.602564,12.818282
JVASP-79598,7,Te,0.94770986,13.60257,12.818287
JVASP-18509,0,S,35.18631,47.06303,18.461395
JVASP-18509,1,Ag,18.161234,24.286757,16.433264
JVASP-18509,2,Ag,124.22243,66.48478,61.835213
JVASP-18509,3,Ag,124.221016,66.484764,61.833775
JVASP-18509,4,Ag,139.56723,80.71894,63.161938
JVASP-18509,5,Ag,139.56879,80.71888,63.163746
JVASP-18509,6,Ag,139.70415,87.99751,59.926582
JVASP-18509,7,Ag,139.70398,87.99767,59.926437
JVASP-18509,8,Ag,18.16144,24.286753,16.43367
JVASP-14225,0,S,35.09929,47.123924,18.424477
JVASP-14225,1,Ag,18.22765,24.146547,16.357862
JVASP-14225,2,Ag,124.33145,66.486565,61.865353
JVASP-14225,3,Ag,124.33153,66.48657,61.86505
JVASP-14225,4,Ag,139.63081,80.67039,63.2818
JVASP-14225,5,Ag,139.63219,80.67065,63.283302
JVASP-14225,6,Ag,139.76996,87.96436,60.039196
JVASP-14225,7,Ag,139.77005,87.96473,60.039497
JVASP-14225,8,Ag,18.227604,24.146528,16.357086
JVASP-18885,0,Ag,61.251255,42.245457,22.205137
JVASP-18885,1,Ag,61.25287,42.2454,22.20685
JVASP-18885,2,Ag,61.25287,42.2454,22.20685
JVASP-18885,3,Ag,61.251255,42.245457,22.205137
JVASP-18885,4,S,90.848595,30.026302,116.52484
JVASP-18885,5,S,90.84909,30.02634,116.52536
JVASP-34566,0,Ag,165.3749,68.689835,101.18769
JVASP-34566,1,Ag,165.3749,68.689835,101.18769
JVASP-34566,2,Ag,223.3023,104.45576,120.675606
JVASP-34566,3,Ag,223.3023,104.45575,120.67561
JVASP-34566,4,S,21.311241,19.52976,34.483124
JVASP-34566,5,S,21.311241,19.52976,34.483124
JVASP-13818,0,Ag,198.65437,177.88744,53.809963
JVASP-13818,1,Ag,198.65437,177.88744,53.809967
JVASP-13818,2,Ag,200.68794,182.96107,54.087254
JVASP-13818,3,Ag,200.68794,182.96106,54.08725
JVASP-13818,4,S,13.662444,17.92294,25.466232
JVASP-13818,5,S,13.662444,17.92294,25.466234
JVASP-57560,0,Ag,223.29596,103.93651,121.21601
JVASP-57560,1,Ag,164.7933,68.07624,101.34152
JVASP-57560,2,Ag,164.7933,68.07624,101.34152
JVASP-57560,3,Ag,223.29596,103.9365,121.21602
JVASP-57560,4,S,21.974545,19.677685,34.543083
JVASP-57560,5,S,21.974545,19.677683,34.54308
JVASP-8756,0,Ag,223.34996,122.33451,106.544205
JVASP-8756,1,Ag,223.32288,122.33929,106.512955
JVASP-8756,2,Ag,165.55612,78.481316,93.356476
JVASP-8756,3,Ag,165.54489,78.48897,93.33255
JVASP-8756,4,S,21.248686,23.907923,37.036777
JVASP-8756,5,S,21.201288,23.911013,37.018276
JVASP-8761,0,Ag,212.84686,92.35185,123.86447
JVASP-8761,1,Ag,191.39015,79.09796,120.47311
JVASP-8761,2,Ag,152.73518,69.92137,91.73257
JVASP-8761,3,Ag,142.01724,68.60621,93.141945
JVASP-8761,4,Ag,153.15938,74.154465,94.12
JVASP-8761,5,Ag,136.96567,67.13057,75.75183
JVASP-8761,6,S,39.50889,20.767653,43.31533
JVASP-8761,7,S,66.78639,30.645594,74.36466
JVASP-8761,8,S,64.209305,19.663496,74.28353
JVASP-8763,0,Ag,223.3287,122.41689,106.44497
JVASP-8763,1,Ag,165.56985,78.62844,93.246994
JVASP-8763,2,Ag,165.54636,78.62193,93.22092
JVASP-8763,3,Ag,223.49223,122.39914,106.61273
JVASP-8763,4,S,21.16497,23.902596,37.107227
JVASP-8763,5,S,21.118818,23.88367,37.083836
JVASP-18470,0,Cr,11.534573,15.545254,27.027822
JVASP-18470,1,Cr,3.9803765,8.991703,8.965537
JVASP-18470,2,Cr,3.9803765,8.991707,8.96554
JVASP-18470,3,Se,68.429955,36.333023,35.713757
JVASP-18470,4,Se,68.429955,36.333023,35.713757
JVASP-18470,5,Se,46.330173,25.762926,23.424778
JVASP-18470,6,Se,46.330173,25.76293,23.424776
JVASP-20809,0,Cr,6.4577,27.694427,34.152126
JVASP-20809,1,Cr,17.858152,14.647375,32.505527
JVASP-20809,2,Cr,4.3840885,11.562314,15.946402
JVASP-20809,3,Cr,4.3840885,11.562313,15.946402
JVASP-20809,4,Se,76.47951,43.25843,39.251564
JVASP-20809,5,Se,76.478516,43.2584,39.250664
JVASP-20809,6,Se,76.47863,43.258423,39.250805
JVASP-20809,7,Se,76.47951,43.25843,39.251556
JVASP-20809,8,Se,76.478516,43.2584,39.250664
JVASP-20809,9,Se,76.47863,43.258427,39.2508
JVASP-28352,0,Cr,62.620796,50.96271,11.658091
JVASP-28352,1,Se,171.04787,23.38492,147.66295
JVASP-28352,2,Se,171.04787,23.38492,147.66295
JVASP-37900,0,Cr,28.05074,25.122305,53.17305
JVASP-37900,1,Cr,28.05074,25.122305,53.173046
JVASP-37900,2,Cr,69.15808,31.954088,37.20399
JVASP-37900,3,Cr,28.05074,25.122309,53.17305
JVASP-37900,4,Cr,28.05074,25.122303,53.173046
JVASP-37900,5,Cr,69.15808,31.954084,37.203995
JVASP-37900,6,Se,175.53697,101.76472,277.30167
JVASP-37900,7,Se,175.53697,101.76472,277.30167
JVASP-78477,0,Cr,62.288742,51.01959,11.272608
JVASP-78477,1,Cr,62.288742,51.01959,11.272606
JVASP-78477,2,Se,176.37213,26.465176,149.90707
JVASP-78477,3,Se,176.37213,26.46518,149.90707
JVASP-78477,4,Se,176.37213,26.465174,149.90707
JVASP-78477,5,Se,176.37213,26.46518,149.90707
JVASP-78938,0,Cr,8.932064,12.592019,21.524084
JVASP-78938,1,Cr,8.932064,12.592021,21.524084
JVASP-78938,2,Se,13.017813,8.638921,4.378893
JVASP-78938,3,Se,13.017813,8.638926,4.378887
JVASP-195,0,Cr,13.066395,43.791332,56.857727
JVASP-195,1,Cr,13.066395,43.79133,56.857723
JVASP-195,2,Se,74.65555,37.246254,111.9018
JVASP-195,3,Se,74.65555,37.24625,111.9018
JVASP-198,0,Cr,8.39236,12.590223,20.982584
JVASP-198,1,Cr,8.39236,12.590222,20.982584
JVASP-198,2,Se,13.739188,8.654977,5.084212
JVASP-198,3,Se,13.739188,8.654972,5.0842166
JVASP-539,0,Cr,16.668777,62.65739,45.988613
JVASP-539,1,Se,46.414158,38.82877,7.585388
JVASP-539,2,Se,46.414158,38.82876,7.5853977
JVASP-36397,0,Ag,0.0,0.0,0.0
JVASP-36397,1,N,0.0,0.0,0.0
JVASP-36398,0,Ag,7.091273,62.808487,55.717213
JVASP-36398,1,N,8.73488,3.424965,12.159845
JVASP-16921,0,Ag,0.0,0.0,0.0
JVASP-16921,1,N,0.0,0.0,0.0
JVASP-29665,0,Ag,67.0052,16.792242,53.067772
JVASP-29665,1,Ag,67.0052,16.79224,53.067772
JVASP-29665,2,N,39.1955,33.40408,46.233307
JVASP-29665,3,N,39.1955,33.40408,46.233307
JVASP-29665,4,N,39.19444,33.40403,46.23319
JVASP-29665,5,N,26.289413,36.99404,47.88959
JVASP-29665,6,N,39.19444,33.40403,46.23319
JVASP-29665,7,N,26.291397,36.994133,47.890846
JVASP-37095,0,Ag,27.210155,53.33661,26.126455
JVASP-37095,1,Ag,27.210155,53.3366,26.126446
JVASP-37095,2,N,7.876743,7.821838,0.05490624
JVASP-37095,3,N,7.876743,7.821832,0.054911498
JVASP-37963,0,Ag,5.0337014,2.2814736,2.752228
JVASP-37963,1,Ag,5.0337014,2.2814746,2.752227
JVASP-37963,2,Ag,11.50362,36.198208,47.701828
JVASP-37963,3,Ag,5.0337014,2.2814722,2.7522292
JVASP-37963,4,Ag,5.0337014,2.2814717,2.75223
JVASP-37963,5,Ag,11.50362,36.1982,47.70182
JVASP-37963,6,N,4.301304,3.9348722,0.36643174
JVASP-37963,7,N,4.301304,3.9348724,0.36643174
JVASP-78349,0,Ag,0.0,0.0,0.0
JVASP-78349,1,Ag,0.0,0.0,0.0
JVASP-78349,2,Ag,0.0,0.0,0.0
JVASP-78349,3,Ag,0.0,0.0,0.0
JVASP-78349,4,N,0.0,0.0,0.0
JVASP-78349,5,N,0.0,0.0,0.0
JVASP-78349,6,N,0.0,0.0,0.0
JVASP-78349,7,N,0.0,0.0,0.0
JVASP-79149,0,Ag,61.58651,142.70619,84.440216
JVASP-79149,1,Ag,61.58651,142.70619,84.44021
JVASP-79149,2,Ag,61.58651,142.70618,84.44021
JVASP-79149,3,Ag,61.58651,142.70619,84.440216
JVASP-79149,4,N,19.911133,22.20702,19.912922
JVASP-79149,5,N,19.911133,22.20702,19.912918
JVASP-79149,6,N,19.911133,22.207026,19.912924
JVASP-79149,7,N,19.911133,22.20702,19.91292
JVASP-7993,0,N,39.168167,33.273487,46.01185
JVASP-7993,1,N,39.16829,33.273537,46.01091
JVASP-7993,2,N,26.297369,36.70489,47.83187
JVASP-7993,3,N,26.30048,36.704994,47.834316
JVASP-7993,4,N,39.168167,33.273487,46.01185
JVASP-7993,5,N,39.16829,33.273537,46.010906
JVASP-7993,6,Ag,66.34264,16.54874,52.676727
JVASP-7993,7,Ag,66.34264,16.548738,52.676727
JVASP-29376,0,O,41.494328,78.456085,64.87916
JVASP-29376,1,O,41.481678,78.46307,64.87208
JVASP-29376,2,Pb,424.4828,29.766651,437.79288
JVASP-29376,3,O,41.480206,78.457924,64.86856
JVASP-29376,4,Pb,424.55823,29.756365,437.88315
JVASP-29376,5,Pb,424.49118,29.765713,437.79953
JVASP-29376,6,Pb,424.55164,29.756365,437.87595
JVASP-29376,7,O,41.495667,78.457726,64.880005
JVASP-252,0,Pb,264.38242,34.82794,299.21036
JVASP-252,1,Pb,264.38242,34.827938,299.21036
JVASP-252,2,O,4.280892,37.01695,41.297836
JVASP-252,3,O,4.280892,37.01695,41.29784
JVASP-29379,0,Pb,56.061474,245.07274,189.01128
JVASP-29379,1,O,0.00244949,5.057687,5.060136
JVASP-29379,2,Pb,56.369293,230.34024,173.972
JVASP-29379,3,Pb,56.369293,230.3403,173.97206
JVASP-29379,4,Pb,56.369293,230.34024,173.972
JVASP-29379,5,O,0.00244949,5.0576873,5.0601363
JVASP-29744,0,Pb,793.2853,79.93816,713.4078
JVASP-29744,1,Pb,793.2853,79.93817,713.4078
JVASP-29744,2,Pb,2.5915003,14.765809,17.348612
JVASP-29744,3,Pb,2.5915003,14.765807,17.348608
JVASP-29744,4,O,199.60588,105.49618,108.66346
JVASP-29744,5,O,85.337265,84.92542,2.7932231
JVASP-29744,6,O,85.337265,84.92543,2.793228
JVASP-29744,7,O,199.5851,103.959595,111.29247
JVASP-29744,8,O,199.60588,105.496185,108.66346
JVASP-29744,9,O,199.5851,103.959595,111.29246
JVASP-50903,0,Pb,74.23773,21.913439,65.89196
JVASP-50903,1,Pb,148.90616,23.080364,132.14572
JVASP-50903,2,Pb,148.90616,23.080362,132.14572
JVASP-50903,3,Pb,74.23773,21.913437,65.89196
JVASP-50903,4,O,60.129986,47.0985,16.324392
JVASP-50903,5,O,68.152916,40.221874,28.446169
JVASP-50903,6,O,74.12318,58.752377,22.92193
JVASP-50903,7,O,74.12318,58.752377,22.92193
JVASP-50903,8,O,68.152916,40.22188,28.446165
JVASP-50903,9,O,60.129986,47.098503,16.32439
JVASP-78947,0,Pb,10.787696,25.599024,15.401419
JVASP-78947,1,Pb,10.776904,32.01822,21.304642
JVASP-78947,2,O,33.081173,15.491382,18.172628
JVASP-78947,3,O,33.08159,12.539847,21.221495
JVASP-8441,0,Pb,165.71472,76.50625,97.79702
JVASP-8441,1,Pb,165.71472,76.506256,97.79702
JVASP-8441,2,O,164.31505,91.69577,74.19825
JVASP-8441,3,O,164.31505,91.69577,74.19824
JVASP-8441,4,O,164.31505,91.69577,74.19825
JVASP-8441,5,O,164.31505,91.69577,74.19825
JVASP-8454,0,Pb,424.5749,29.761108,437.67834
JVASP-8454,1,Pb,424.5749,29.761108,437.67834
JVASP-8454,2,Pb,424.5749,29.761105,437.67834
JVASP-8454,3,Pb,424.5749,29.761112,437.67834
JVASP-8454,4,O,41.369095,78.22674,64.63545
JVASP-8454,5,O,41.369095,78.22674,64.63545
JVASP-8454,6,O,41.369095,78.22674,64.63546
JVASP-8454,7,O,41.369095,78.22674,64.63546
JVASP-15019,0,O,0.00244949,2.9830939e-05,0.002469318
JVASP-15019,1,Nb,0.008717798,0.00016989278,0.008695746
JVASP-14492,0,Nb,77.65945,18.364515,96.02396
JVASP-14492,1,Nb,77.65944,18.364508,96.02396
JVASP-14492,2,Nb,77.65945,18.36451,96.02396
JVASP-14492,3,O,19.989468,9.6386385,29.628107
JVASP-14492,4,O,19.98947,9.638642,29.628113
JVASP-14492,5,O,19.989468,9.638641,29.628109
JVASP-14944,0,Nb,30.034155,35.766273,56.00377
JVASP-14944,1,Nb,30.034155,35.76628,56.003773
JVASP-14944,2,O,16.270014,20.26841,34.780045
JVASP-14944,3,O,16.270014,20.268412,34.780045
JVASP-14944,4,O,16.270014,20.268414,34.780045
JVASP-14944,5,O,16.270014,20.268412,34.780045
JVASP-18420,0,Nb,20.346693,3.6529403,16.693752
JVASP-18420,1,Nb,20.346693,3.6529412,16.693752
JVASP-18420,2,O,51.17474,16.119015,35.055725
JVASP-18420,3,O,51.18127,16.049883,35.13139
JVASP-18420,4,O,51.18127,16.049883,35.13139
JVASP-18420,5,O,51.17474,16.119015,35.055725
JVASP-51419,0,Nb,462.57474,94.82257,367.75214
JVASP-51419,1,O,50.555836,46.10751,4.4483247
JVASP-7655,0,O,42.615017,42.588345,54.6169
JVASP-7655,1,O,58.11263,50.145893,56.318787
JVASP-7655,2,O,35.70495,31.435545,34.186245
JVASP-7655,3,O,35.70466,31.435535,34.1856
JVASP-7655,4,O,58.112907,50.145878,56.319412
JVASP-7655,5,Nb,222.01053,49.94677,202.7443
JVASP-7655,6,Nb,222.00507,49.94679,202.73833
JVASP-7819,0,O,14.38408,28.486803,14.242044
JVASP-7819,1,O,14.38408,28.486803,14.242045
JVASP-7819,2,O,62.134262,25.210876,59.94034
JVASP-7819,3,O,66.700806,18.227093,84.927
JVASP-7819,4,O,66.700806,18.227087,84.927
JVASP-7819,5,Nb,109.13582,23.347456,124.918274
JVASP-7819,6,Nb,109.13582,23.347454,124.918274
JVASP-12003,0,Nb,20.314844,3.6375084,16.677336
JVASP-12003,1,Nb,20.314844,3.6375067,16.677336
JVASP-12003,2,O,51.140446,16.082623,35.057823
JVASP-12003,3,O,51.140446,16.082626,35.057823
JVASP-12003,4,O,51.140446,16.082623,35.057823
JVASP-12003,5,O,51.140446,16.082624,35.057823
JVASP-19976,0,Ti,35.981373,0.2027626,35.778606
JVASP-19976,1,Ti,35.981373,0.20275964,35.77861
JVASP-19976,2,Ti,35.981373,0.20275559,35.778618
JVASP-19976,3,Ti,35.981373,0.2027553,35.778618
JVASP-19976,4,Ti,35.981373,0.20275573,35.778614
JVASP-19976,5,Ti,35.981373,0.20275636,35.778614
JVASP-19976,6,Au,0.0,0.0,0.0
JVASP-19976,7,Au,0.0,0.0,0.0
JVASP-35760,0,Ti,0.7030035,42.912178,43.615185
JVASP-35760,1,Au,122.7668,138.1806,15.413806
JVASP-35760,2,Au,122.7668,138.18059,15.4137945
JVASP-16797,0,Ti,18.92829,16.373371,2.5564709
JVASP-16797,1,Au,44.324932,19.268486,51.577717
JVASP-16797,2,Au,44.324932,19.26848,51.57771
JVASP-16797,3,Au,44.544647,19.26863,51.721634
JVASP-16797,4,Au,44.544647,19.268627,51.72163
JVASP-37033,0,Ti,23.528982,9.612544,33.14153
JVASP-37033,1,Ti,23.528982,9.612553,33.141537
JVASP-37033,2,Au,207.75104,58.57081,149.18022
JVASP-37033,3,Au,207.75104,58.5708,149.18022
JVASP-37040,0,Ti,10.973335,13.153085,2.2194648
JVASP-37040,1,Ti,10.973335,13.153093,2.2194715
JVASP-37040,2,Au,153.50774,23.010187,132.10033
JVASP-37040,3,Au,153.50774,23.010193,132.10033
JVASP-7702,0,Ti,0.0,0.0,0.0
JVASP-7702,1,Au,0.0,0.0,0.0
JVASP-78509,0,Ti,1.0247031,42.949944,43.974644
JVASP-78509,1,Ti,1.0247031,42.949936,43.974636
JVASP-78509,2,Au,122.45081,138.20471,15.753902
JVASP-78509,3,Au,122.45081,138.20473,15.7539215
JVASP-78509,4,Au,122.45081,138.20471,15.753902
JVASP-78509,5,Au,122.45081,138.20473,15.7539215
JVASP-16451,0,Ti,6.68874,5.1145015,1.5742385
JVASP-16451,1,Ti,6.68874,5.114507,1.5742326
JVASP-16451,2,Ti,6.68874,5.1144996,1.5742401
JVASP-16451,3,Au,0.0,0.0,0.0
JVASP-18619,0,Mn,30.312038,13.79718,44.10922
JVASP-18619,1,Mn,30.312038,13.797181,44.10922
JVASP-18619,2,Au,116.52082,37.43053,79.090294
JVASP-18620,0,Mn,9.002823,15.412486,9.13289
JVASP-18620,1,Mn,9.002823,15.412485,9.13289
JVASP-18620,2,Au,92.98047,19.815027,76.167114
JVASP-18620,3,Au,19.627563,24.417536,25.276625
JVASP-18620,4,Au,19.627563,24.417532,25.276623
JVASP-18620,5,Au,92.98047,19.815025,76.167114
JVASP-18620,6,Au,99.431274,35.572334,97.328186
JVASP-5785,0,Mn,30.312038,13.797175,44.109215
JVASP-5785,1,Mn,30.312038,13.7971735,44.10921
JVASP-5785,2,Au,116.52082,37.430523,79.0903
JVASP-16774,0,Mn,10.302313,17.952663,7.6503553
JVASP-16774,1,Au,43.022587,11.429305,45.03695
JVASP-16774,2,Au,43.020756,11.42929,45.03502
JVASP-16774,3,Au,43.020756,11.429283,45.035007
JVASP-16774,4,Au,43.022587,11.429299,45.036938
JVASP-79142,0,Mn,30.913378,13.715621,44.628998
JVASP-79142,1,Mn,30.913378,13.715623,44.629
JVASP-79142,2,Au,109.43585,36.737354,72.698494
JVASP-16449,0,Mn,0.23270153,6.1217127,6.354414
JVASP-16449,1,Mn,0.23270153,6.1217127,6.3544145
JVASP-16449,2,Au,155.9337,129.993,25.940704
JVASP-16449,3,Au,155.9337,129.99301,25.940683
JVASP-16449,4,Au,155.9337,129.993,25.940704
JVASP-16449,5,Au,155.9337,129.99301,25.940695
JVASP-16803,0,Mn,0.0,0.0,0.0
JVASP-16803,1,Au,0.0,0.0,0.0
JVASP-16804,0,Mn,0.46540305,8.01657,7.551167
JVASP-16804,1,Au,6.1947594,22.14462,15.94986
JVASP-17169,0,N,0.0,0.0,0.0
JVASP-17169,1,Ni,0.016673332,0.00010797163,0.016569808
JVASP-17848,0,Ni,46.9608,34.227703,81.18851
JVASP-17848,1,Ni,46.9608,34.227703,81.18851
JVASP-17848,2,Ni,46.9608,34.2277,81.1885
JVASP-17848,3,Ni,0.0,0.0,0.0
JVASP-17848,4,N,0.0,0.0,0.0
JVASP-20364,0,Ni,77.9953,10.6813965,87.73601
JVASP-20364,1,Ni,77.9953,10.681396,87.73601
JVASP-20364,2,Ni,77.99911,10.68124,87.73965
JVASP-20364,3,Ni,77.99911,10.681241,87.73965
JVASP-20364,4,Ni,77.99924,10.681239,87.73979
JVASP-20364,5,Ni,77.99911,10.68124,87.73965
JVASP-20364,6,N,6.1078024,8.79764,14.905442
JVASP-20364,7,N,6.1078024,8.797642,14.905444
JVASP-20556,0,Ni,77.993835,10.679188,87.73112
JVASP-20556,1,Ni,77.993835,10.67919,87.73112
JVASP-20556,2,Ni,77.993484,10.679032,87.730675
JVASP-20556,3,Ni,77.993484,10.679034,87.730675
JVASP-20556,4,Ni,77.99412,10.679033,87.731316
JVASP-20556,5,Ni,77.99412,10.679034,87.731316
JVASP-20556,6,N,6.1090274,8.796266,14.9052925
JVASP-20556,7,N,6.1090274,8.796266,14.9052925
JVASP-36336,0,Ni,0.0,0.0,0.0
JVASP-36336,1,N,0.0,0.0,0.0
JVASP-36338,0,Ni,0.00489898,7.7263246e-07,0.004898985
JVASP-36338,1,N,0.0,0.0,0.0
JVASP-39385,0,Ni,10.486267,7.087561,3.3987098
JVASP-39385,1,Ni,10.486267,7.087562,3.3987088
JVASP-39385,2,N,6.588311,3.0141377,9.602448
JVASP-39385,3,N,6.587903,3.014139,9.602041
JVASP-8239,0,Ni,52.194683,61.591785,80.723885
JVASP-8239,1,Ni,52.194683,61.59177,80.72388
JVASP-8239,2,N,116.60238,18.401937,133.42798
JVASP-8239,3,N,116.60238,18.401937,133.42798
JVASP-329,0,Ti,70.67023,50.626144,121.296364
JVASP-329,1,Ti,70.67023,50.62615,121.29637
JVASP-329,2,Se,26.35651,19.483706,6.8728037
JVASP-329,3,Se,26.35651,19.483706,6.872804
JVASP-326,0,Ti,29.475119,33.46821,3.9930906
JVASP-326,1,Se,38.080994,19.90827,18.172722
JVASP-326,2,Se,38.080994,19.908272,18.172722
JVASP-332,0,Ti,8.594035,40.966286,49.56032
JVASP-332,1,Ti,8.594035,40.966293,49.560326
JVASP-332,2,Se,14.948011,16.624102,1.6760912
JVASP-332,3,Se,14.948011,16.624105,1.6760958
JVASP-16651,0,Ti,52.916317,14.273489,38.642822
JVASP-16651,1,Ti,32.342037,25.470407,13.315426
JVASP-16651,2,Ti,32.34256,25.470411,13.3163595
JVASP-16651,3,Ti,32.34256,25.47041,13.316357
JVASP-16651,4,Ti,32.342037,25.470407,13.315425
JVASP-16651,5,Se,37.177643,22.148918,52.5215
JVASP-16651,6,Se,37.177834,22.148909,52.521507
JVASP-16651,7,Se,37.177834,22.148907,52.521507
JVASP-16651,8,Se,37.177643,22.14892,52.5215
JVASP-17184,0,Ti,70.67023,50.626137,121.296364
JVASP-17184,1,Ti,70.67023,50.626137,121.296364
JVASP-17184,2,Se,26.35651,19.4837,6.872811
JVASP-17184,3,Se,26.35651,19.483713,6.872797
JVASP-20616,0,Ti,29.475119,33.46821,3.9930954
JVASP-20616,1,Se,38.080994,19.90827,18.172724
JVASP-20616,2,Se,38.080994,19.908276,18.172718
JVASP-79265,0,Ti,12.934531,2.3720338,15.306564
JVASP-79265,1,Ti,12.934531,2.372035,15.306565
JVASP-79265,2,Se,51.804256,44.437645,96.241905
JVASP-79265,3,Se,51.804256,44.437645,96.241905
JVASP-15849,0,Ti,8.594035,40.966297,49.560333
JVASP-15849,1,Ti,8.594035,40.966293,49.560333
JVASP-15849,2,Se,14.948011,16.624098,1.6760879
JVASP-15849,3,Se,14.948011,16.624107,1.6760962
JVASP-587,0,Nb,91.457825,31.961004,59.496822
JVASP-587,1,Te,125.21547,43.567924,81.64755
JVASP-587,2,Te,125.21547,43.567924,81.64755
JVASP-28371,0,Nb,90.29064,31.771338,58.519306
JVASP-28371,1,Te,124.9154,42.912277,82.003136
JVASP-28371,2,Te,124.9154,42.91228,82.00312
JVASP-18752,0,Nb,103.9288,73.425,30.503792
JVASP-18752,1,Nb,49.523964,63.251957,51.47883
JVASP-18752,2,Nb,49.52186,63.251984,51.48122
JVASP-18752,3,Nb,49.52186,63.251984,51.481216
JVASP-18752,4,Nb,49.523964,63.251953,51.478825
JVASP-18752,5,Te,108.86023,26.871098,118.92968
JVASP-18752,6,Te,108.86051,26.871092,118.92992
JVASP-18752,7,Te,108.86051,26.871088,118.92992
JVASP-18752,8,Te,108.86023,26.8711,118.92968
JVASP-37750,0,Nb,10.483816,4.5885,15.072317
JVASP-37750,1,Te,7.1365886,1.0672374,8.203826
JVASP-56595,0,Nb,29.824987,27.20795,57.032936
JVASP-56595,1,Nb,29.824987,27.20796,57.032948
JVASP-56595,2,Nb,29.824987,27.20795,57.032936
JVASP-56595,3,Nb,29.824987,27.20796,57.03295
JVASP-56595,4,Nb,29.824987,27.207962,57.03295
JVASP-56595,5,Nb,29.824987,27.20796,57.032948
JVASP-56595,6,Te,0.0,0.0,0.0
JVASP-56595,7,Te,0.0,0.0,0.0
JVASP-59635,0,Nb,4.666278,87.58293,82.916664
JVASP-59635,1,Nb,4.666278,87.58293,82.916664
JVASP-59635,2,Te,502.21643,184.34576,430.62332
JVASP-59635,3,Te,502.2164,184.34578,430.62332
JVASP-59635,4,Te,502.2164,184.3458,430.62332
JVASP-59635,5,Te,502.21643,184.34576,430.62332
JVASP-59635,6,Te,502.2164,184.34578,430.62332
JVASP-59635,7,Te,502.21643,184.34576,430.62332
JVASP-59635,8,Te,502.2164,184.34576,430.62332
JVASP-59635,9,Te,502.21643,184.34576,430.62332
JVASP-7720,0,Nb,57.640896,52.011543,102.58635
JVASP-7720,1,Nb,71.35089,16.140558,81.39639
JVASP-7720,2,Nb,71.35089,16.140558,81.39639
JVASP-7720,3,Te,209.78577,46.041267,167.91345
JVASP-7720,4,Te,209.78577,46.04127,167.91344
JVASP-7720,5,Te,142.38936,31.499949,116.42165
JVASP-7720,6,Te,142.38936,31.499949,116.42165
JVASP-7720,7,Te,169.8282,47.43815,142.33562
JVASP-7720,8,Te,169.8282,47.43815,142.33562
JVASP-15990,0,Sb,428.1177,81.23386,353.36185
JVASP-15990,1,Sb,428.11813,81.23384,353.36227
JVASP-15990,2,Ho,134.82515,78.45377,180.93439
JVASP-36293,0,Ho,0.0,0.0,0.0
JVASP-36293,1,Sb,0.0,0.0,0.0
JVASP-20368,0,Sb,0.00081649655,0.00012751481,0.0007736849
JVASP-20368,1,Ho,0.010583006,0.00013858387,0.01045354
JVASP-14256,0,Sb,428.1177,81.23386,353.36185
JVASP-14256,1,Sb,428.11813,81.23384,353.36227
JVASP-14256,2,Ho,134.82515,78.45377,180.93439
JVASP-38612,0,Ho,17.19746,16.37847,0.8189963
JVASP-38612,1,Ho,17.19746,16.37847,0.8189963
JVASP-38612,2,Sb,224.60532,46.98595,183.76791
JVASP-38612,3,Sb,224.6048,46.985916,183.76736
JVASP-38612,4,Sb,224.60532,46.98595,183.76791
JVASP-38612,5,Sb,224.60532,46.98595,183.76791
JVASP-38612,6,Sb,224.6048,46.985928,183.76735
JVASP-38612,7,Sb,224.60532,46.98595,183.76791
JVASP-78816,0,Ho,134.15349,78.60806,179.7785
JVASP-78816,1,Ho,134.15349,78.60806,179.7785
JVASP-78816,2,Sb,425.7551,80.86177,351.29086
JVASP-78816,3,Sb,425.7551,80.86177,351.29086
JVASP-78816,4,Sb,425.7551,80.86178,351.29083
JVASP-78816,5,Sb,425.7551,80.86176,351.29086
JVASP-79116,0,Ho,39.842587,42.42221,82.26479
JVASP-79116,1,Ho,39.842587,42.422207,82.264786
JVASP-79116,2,Ho,61.37115,75.92721,14.556054
JVASP-79116,3,Ho,39.842587,42.422207,82.264786
JVASP-79116,4,Ho,39.842587,42.422207,82.264786
JVASP-79116,5,Ho,61.37115,75.92721,14.556053
JVASP-79116,6,Sb,89.873405,47.272907,137.14632
JVASP-79116,7,Sb,89.873405,47.27291,137.14633
JVASP-28348,0,V,50.44807,76.027954,26.605366
JVASP-28348,1,Te,205.33502,112.0595,93.39724
JVASP-28348,2,Te,205.33502,112.0595,93.39724
JVASP-14172,0,V,101.30201,36.921585,138.2236
JVASP-14172,1,V,15.237001,16.018082,29.346598
JVASP-14172,2,V,15.235558,16.018068,29.345036
JVASP-14172,3,V,15.235558,16.018068,29.345036
JVASP-14172,4,V,15.237001,16.018084,29.346598
JVASP-14172,5,Te,140.5707,37.826324,107.22899
JVASP-14172,6,Te,140.57047,37.826244,107.22884
JVASP-14172,7,Te,140.57047,37.82624,107.22884
JVASP-14172,8,Te,140.5707,37.826324,107.22899
JVASP-19598,0,V,10.101014,10.039644,13.98944
JVASP-19598,1,V,10.101014,10.039648,13.98944
JVASP-19598,2,V,17.694637,29.763622,18.04721
JVASP-19598,3,Te,60.03056,73.17547,35.766335
JVASP-19598,4,Te,60.03056,73.17547,35.76634
JVASP-19598,5,Te,50.801586,40.833813,42.30253
JVASP-19598,6,Te,50.801586,40.83381,42.30253
JVASP-16211,0,V,101.30201,36.926334,138.22835
JVASP-16211,1,V,15.235551,16.014885,29.343006
JVASP-16211,2,V,15.235903,16.014837,29.34285
JVASP-16211,3,V,15.235903,16.01484,29.342852
JVASP-16211,4,V,15.235551,16.014885,29.343006
JVASP-16211,5,Te,140.56229,37.821163,107.22448
JVASP-16211,6,Te,140.56311,37.821117,107.22537
JVASP-16211,7,Te,140.56311,37.821114,107.22539
JVASP-16211,8,Te,140.56229,37.821163,107.22448
JVASP-7721,0,V,56.213085,45.395172,35.240105
JVASP-7721,1,V,50.337967,37.844074,39.031303
JVASP-7721,2,V,50.337967,37.844074,39.031307
JVASP-7721,3,Te,216.6496,88.51679,139.20464
JVASP-7721,4,Te,216.6496,88.51679,139.20464
JVASP-7721,5,Te,143.21266,60.296906,98.3409
JVASP-7721,6,Te,143.21266,60.296898,98.340904
JVASP-7721,7,Te,184.97551,78.64767,129.48645
JVASP-7721,8,Te,184.97551,78.64767,129.48645
JVASP-15943,0,V,1.795496,17.953949,19.749426
JVASP-15943,1,V,1.795496,17.953945,19.749424
JVASP-15943,2,Te,40.622746,10.999039,51.621788
JVASP-15943,3,Te,40.622746,10.999038,51.621784
JVASP-573,0,V,41.327385,45.39375,4.0663667
JVASP-573,1,Te,145.12614,38.390686,106.735466
JVASP-573,2,Te,145.12614,38.390682,106.735466
JVASP-17421,0,Nd,18.221346,21.253822,3.0324783
JVASP-17421,1,Nd,18.221346,21.253824,3.0324805
JVASP-17421,2,Al,2.6788144,1.8631414,2.9110582
JVASP-17421,3,Al,2.6788144,1.8631475,2.9110641
JVASP-17421,4,Al,2.6793215,1.8630364,2.9115672
JVASP-17421,5,Al,2.6793215,1.8630323,2.911566
JVASP-17421,6,Al,2.6788144,1.8631412,2.9110577
JVASP-17421,7,Al,2.6788144,1.8631485,2.9110613
JVASP-13751,0,Al,2.334716,5.6859603,3.3512444
JVASP-13751,1,Al,14.529949,17.31993,2.7899792
JVASP-13751,2,Al,14.529949,17.319927,2.789978
JVASP-13751,3,Al,2.334716,5.68596,3.3512437
JVASP-13751,4,Nd,67.44585,3.3945506,70.8404
JVASP-20470,0,Al,2.334716,5.6859584,3.3512425
JVASP-20470,1,Al,14.529949,17.31993,2.7899804
JVASP-20470,2,Al,14.529949,17.319931,2.7899802
JVASP-20470,3,Al,2.334716,5.6859603,3.3512444
JVASP-20470,4,Nd,67.44585,3.394549,70.8404
JVASP-38564,0,Nd,170.153,42.772915,212.92592
JVASP-38564,1,Nd,170.153,42.772915,212.92592
JVASP-38564,2,Nd,170.153,42.77291,212.9259
JVASP-38564,3,Al,0.0,0.0,0.0
JVASP-61788,0,Al,2.8993444,1.8540586,3.145207
JVASP-61788,1,Al,2.8993444,1.8540583,3.145205
JVASP-61788,2,Al,2.8966367,1.8694549,3.1528273
JVASP-61788,3,Al,2.8993444,1.8540553,3.1452036
JVASP-61788,4,Al,2.8993444,1.8540558,3.1452034
JVASP-61788,5,Al,2.8966367,1.8694501,3.1528234
JVASP-61788,6,Nd,18.913746,21.262623,2.349049
JVASP-61788,7,Nd,18.913746,21.262623,2.3490496
JVASP-63362,0,Nd,18.71002,21.262516,2.552499
JVASP-63362,1,Nd,18.71002,21.262516,2.552499
JVASP-63362,2,Al,2.8770113,1.8675805,3.1094546
JVASP-63362,3,Al,2.8767114,1.867491,3.1096883
JVASP-63362,4,Al,2.8769207,1.8675882,3.1094828
JVASP-63362,5,Al,2.8770113,1.867587,3.109456
JVASP-63362,6,Al,2.8767114,1.8674945,3.109689
JVASP-63362,7,Al,2.8769207,1.8675907,3.1094801
JVASP-16851,0,Nd,0.0,0.0,0.0
JVASP-16851,1,Al,0.0,0.0,0.0
JVASP-231,0,Se,116.579994,99.99419,16.585808
JVASP-231,1,Se,112.2907,100.25554,12.035158
JVASP-231,2,Mo,85.74919,87.19453,1.4453652
JVASP-28377,0,Mo,86.87727,83.256676,3.6206005
JVASP-28377,1,Mo,86.87727,83.256676,3.6206005
JVASP-28377,2,Se,117.26198,109.251915,8.010067
JVASP-28377,3,Se,117.26198,109.25193,8.010052
JVASP-28377,4,Se,117.26198,109.25193,8.010052
JVASP-28377,5,Se,117.26198,109.25193,8.010052
JVASP-28414,0,Mo,86.48699,82.38424,4.102757
JVASP-28414,1,Mo,86.48699,82.38424,4.102757
JVASP-28414,2,Se,122.87008,109.11946,13.750617
JVASP-28414,3,Se,113.729805,111.09156,2.6382494
JVASP-28414,4,Se,113.729805,111.09156,2.6382494
JVASP-28414,5,Se,122.87008,109.11946,13.750617
JVASP-28514,0,Mo,86.74746,71.15698,15.590473
JVASP-28514,1,Mo,86.60171,90.09122,3.4895132
JVASP-28514,2,Mo,86.60171,90.090324,3.4886255
JVASP-28514,3,Se,114.58223,109.67664,4.9055843
JVASP-28514,4,Se,113.85106,101.10525,12.745807
JVASP-28514,5,Se,122.95581,111.01386,11.941943
JVASP-28514,6,Se,114.58182,109.6756,4.9062214
JVASP-28514,7,Se,122.95704,111.01025,11.946785
JVASP-28514,8,Se,113.851875,101.10105,12.750823
JVASP-57,0,Mo,87.03405,86.387794,0.64626914
JVASP-57,1,Mo,87.03405,86.38779,0.64627856
JVASP-57,2,Se,114.835754,102.19114,12.64461
JVASP-57,3,Se,114.835754,102.191124,12.644626
JVASP-57,4,Se,114.835754,102.19114,12.64461
JVASP-57,5,Se,114.835754,102.19114,12.64461
JVASP-56,0,Mo,86.871155,56.70683,30.164322
JVASP-56,1,Mo,86.871155,56.706837,30.164318
JVASP-56,2,Se,121.43672,102.15754,19.279175
JVASP-56,3,Se,121.43672,102.15754,19.279175
JVASP-56,4,Se,121.43672,102.15755,19.279171
JVASP-56,5,Se,121.43672,102.15754,19.279175
JVASP-58,0,Mo,88.0763,84.497955,3.5783474
JVASP-58,1,Mo,88.0763,84.497955,3.5783474
JVASP-58,2,Se,117.72248,65.61469,52.107788
JVASP-58,3,Se,117.72248,65.614685,52.1078
JVASP-58,4,Se,117.72248,65.61468,52.1078
JVASP-58,5,Se,117.72248,65.61468,52.107807
JVASP-36373,0,Ca,52.923676,48.85563,4.0680485
JVASP-36373,1,C,91.95221,99.589035,7.6368194
JVASP-36373,2,C,91.95221,99.589035,7.636827
JVASP-36375,0,Ca,65.35973,19.351133,84.71087
JVASP-36375,1,C,45.540913,52.48892,6.9480057
JVASP-36375,2,C,45.540913,52.48892,6.9480057
JVASP-51697,0,Ca,18.089819,20.944914,21.773296
JVASP-51697,1,Ca,18.089819,20.944916,21.773294
JVASP-51697,2,C,93.99761,138.40689,45.14704
JVASP-51697,3,C,93.99761,138.40689,45.14704
JVASP-51697,4,C,93.996,138.41177,45.15351
JVASP-51697,5,C,93.996,138.41179,45.153526
JVASP-52602,0,Ca,18.341911,18.198597,33.261547
JVASP-52602,1,Ca,18.341911,18.198597,33.261547
JVASP-52602,2,C,94.071045,168.05775,74.93804
JVASP-52602,3,C,94.071045,168.05777,74.93804
JVASP-52602,4,C,94.071045,168.05775,74.93804
JVASP-52602,5,C,94.071045,168.05777,74.93804
JVASP-7816,0,C,96.24477,147.05067,51.305946
JVASP-7816,1,C,96.244255,147.0508,51.306587
JVASP-7816,2,C,96.244255,147.05078,51.306576
JVASP-7816,3,C,96.24477,147.05069,51.305954
JVASP-7816,4,Ca,21.257172,20.989635,27.54964
JVASP-7816,5,Ca,21.257172,20.989635,27.549639
JVASP-8004,0,Ca,52.203526,13.550609,65.754135
JVASP-8004,1,Ca,52.203526,13.550605,65.75413
JVASP-8004,2,C,99.41826,141.42775,42.00949
JVASP-8004,3,C,99.41826,141.42775,42.00949
JVASP-8004,4,C,99.41826,141.42776,42.00951
JVASP-8004,5,C,99.41826,141.42775,42.00949
JVASP-8195,0,C,93.642555,159.30916,66.99495
JVASP-8195,1,C,93.642555,159.30916,66.99495
JVASP-8195,2,C,97.14662,150.79506,54.23527
JVASP-8195,3,C,97.14662,150.79504,54.23526
JVASP-8195,4,Ca,21.037483,8.09763,22.755041
JVASP-8195,5,Ca,21.037483,8.09763,22.755037
JVASP-25353,0,Os,0.04294182,0.00019306103,0.043109667
JVASP-14744,0,Os,73.174835,10.412823,62.762012
JVASP-14744,1,Os,73.174835,10.41283,62.762
JVASP-84876,0,Os,74.218315,9.046722,65.171585
JVASP-84876,1,Os,74.218315,9.046719,65.17159
JVASP-84975,0,Os,72.70454,10.47912,62.225414
JVASP-84975,1,Os,72.70494,10.479141,62.225803
JVASP-951,0,Os,73.55655,9.728232,63.828316
JVASP-951,1,Os,73.55655,9.728226,63.828323
JVASP-952,0,Os,73.173195,10.412644,62.760555
JVASP-952,1,Os,73.173195,10.412642,62.76056
JVASP-953,0,Os,76.87642,7.483184,69.393234
JVASP-953,1,Os,76.876015,7.483173,69.39284
JVASP-11993,0,Nb,34.003815,4.560277,38.56409
JVASP-11993,1,Nb,11.546895,18.739372,7.1924767
JVASP-11993,2,Nb,11.546895,18.739372,7.1924767
JVASP-11993,3,Ni,12.507097,18.79398,6.2868896
JVASP-11991,0,Nb,0.0,0.0,0.0
JVASP-11991,1,Ni,13.869011,18.580387,4.711376
JVASP-11991,2,Ni,13.869012,18.580387,4.711376
JVASP-11991,3,Ni,13.869011,18.58039,4.7113786
JVASP-19717,0,Nb,40.023327,7.002484,42.205376
JVASP-19717,1,Nb,40.023327,7.0024858,42.20538
JVASP-19717,2,Ni,62.7468,11.841116,52.006077
JVASP-19717,3,Ni,62.7468,11.841116,52.00607
JVASP-19717,4,Ni,7.752282,7.093143,5.6566167
JVASP-19717,5,Ni,7.752282,7.0931444,5.656614
JVASP-19717,6,Ni,7.752282,7.093143,5.656614
JVASP-19717,7,Ni,7.752282,7.093145,5.656618
JVASP-11953,0,Ni,6.235103,5.8486295,0.38653082
JVASP-11953,1,Ni,60.22494,34.74463,25.480314
JVASP-11953,2,Ni,6.235103,5.848631,0.38652927
JVASP-11953,3,Nb,8.40995,19.112122,10.702171
JVASP-11995,0,Nb,20.652466,16.477543,4.174922
JVASP-11995,1,Nb,20.652466,16.477545,4.1749196
JVASP-11995,2,Nb,20.652466,16.477554,4.1749115
JVASP-11995,3,Ni,0.0,0.0,0.0
JVASP-11955,0,Nb,40.0316,7.005935,42.209633
JVASP-11955,1,Nb,40.0316,7.0059304,42.209625
JVASP-11955,2,Ni,62.754135,11.846291,52.0103
JVASP-11955,3,Ni,62.754135,11.846285,52.010307
JVASP-11955,4,Ni,7.7502384,7.0923715,5.6668725
JVASP-11955,5,Ni,7.7502384,7.0923696,5.6668754
JVASP-11955,6,Ni,7.7502384,7.092369,5.6668725
JVASP-11955,7,Ni,7.7502384,7.0923724,5.666873
JVASP-16584,0,Nb,8.578114,19.112146,10.534035
JVASP-16584,1,Nb,8.578114,19.112152,10.534038
JVASP-16584,2,Ni,6.0975966,5.8486557,0.24894089
JVASP-16584,3,Ni,60.205193,34.74465,25.46054
JVASP-16584,4,Ni,6.0975966,5.848659,0.24893749
JVASP-16584,5,Ni,6.0975966,5.848658,0.24893856
JVASP-16584,6,Ni,60.205193,34.74465,25.46054
JVASP-16584,7,Ni,6.0975966,5.848656,0.2489405
JVASP-5599,0,Te,103.43318,35.89666,139.32983
JVASP-5599,1,Te,103.43318,35.896667,139.32985
JVASP-5599,2,Hf,86.99911,112.742,199.7411
JVASP-5599,3,Hf,86.99911,112.742,199.7411
JVASP-5599,4,Hf,238.83983,136.8749,101.96495
JVASP-219,0,Hf,115.88251,43.99174,71.89076
JVASP-219,1,Te,25.635544,13.028888,12.606655
JVASP-219,2,Te,25.635544,13.028889,12.606654
JVASP-18506,0,Te,103.43771,35.896217,139.33394
JVASP-18506,1,Te,103.43771,35.896217,139.33394
JVASP-18506,2,Hf,87.00496,112.74449,199.74944
JVASP-18506,3,Hf,87.00496,112.74449,199.74945
JVASP-18506,4,Hf,238.84628,136.86612,101.98017
JVASP-18887,0,Hf,115.86453,43.95871,71.90583
JVASP-18887,1,Te,25.457546,12.857324,12.600224
JVASP-18887,2,Te,25.457546,12.857317,12.600229
JVASP-16868,0,Te,100.84666,20.677439,115.90537
JVASP-16868,1,Te,100.84689,20.67744,115.90547
JVASP-16868,2,Te,100.84689,20.677443,115.90547
JVASP-16868,3,Te,100.84666,20.67744,115.90538
JVASP-16868,4,Hf,106.20419,106.731476,40.849762
JVASP-16868,5,Hf,106.202774,106.73146,40.850082
JVASP-16868,6,Hf,106.202774,106.73146,40.850086
JVASP-16868,7,Hf,106.20419,106.731476,40.849762
JVASP-16868,8,Hf,281.26907,93.628,187.64108
JVASP-28444,0,Hf,74.83391,77.19933,141.68239
JVASP-28444,1,Hf,74.8336,77.200645,141.68266
JVASP-28444,2,Te,644.9316,391.86038,336.21967
JVASP-28444,3,Te,644.9316,391.86035,336.2192
JVASP-28444,4,Te,90.50822,15.128093,78.06968
JVASP-28444,5,Te,90.50822,15.127159,78.07033
JVASP-28444,6,Te,645.86035,390.5042,336.06058
JVASP-28444,7,Te,645.86035,390.50427,336.05994
JVASP-18007,0,Pb,0.0,0.0,0.0
JVASP-18007,1,Se,0.0,0.0,0.0
JVASP-21,0,Se,0.0,0.0,0.0
JVASP-21,1,Pb,0.0028284274,3.589662e-05,0.002841606
JVASP-1116,0,Se,0.0,0.0,0.0
JVASP-1116,1,Pb,0.0038297083,0.00010488163,0.0039192936
JVASP-37705,0,Pb,28.7219,82.4422,111.1641
JVASP-37705,1,Pb,28.7219,82.44221,111.1641
JVASP-37705,2,Se,579.61975,205.99745,383.20032
JVASP-37705,3,Se,579.61975,205.99745,383.2004
JVASP-37705,4,Se,579.61975,205.99298,383.20435
JVASP-37705,5,Se,579.61975,205.99333,383.20404
JVASP-79490,0,Pb,204.2554,126.88469,78.42688
JVASP-79490,1,Pb,204.2554,126.88469,78.42688
JVASP-79490,2,Pb,204.2554,126.88469,78.42688
JVASP-79490,3,Pb,204.2554,126.88469,78.42687
JVASP-79490,4,Se,13.250777,41.3627,48.709904
JVASP-79490,5,Se,13.250777,41.36269,48.709892
JVASP-79490,6,Se,13.250777,41.3627,48.709904
JVASP-79490,7,Se,13.250777,41.362686,48.70989
JVASP-8506,0,Pb,275.79434,59.14386,222.58727
JVASP-8506,1,Pb,275.79434,59.143867,222.58727
JVASP-8506,2,Pb,275.79434,59.143867,222.58727
JVASP-8506,3,Pb,275.79434,59.14386,222.58727
JVASP-8506,4,Pb,275.79434,59.14386,222.58727
JVASP-8506,5,Pb,275.79434,59.14386,222.58727
JVASP-8506,6,Pb,275.79434,59.14386,222.58727
JVASP-8506,7,Pb,275.79434,59.14386,222.58727
JVASP-8506,8,Se,20.593351,44.567356,65.151375
JVASP-8506,9,Se,20.593351,44.567368,65.15138
JVASP-8506,10,Se,20.593351,44.567356,65.151375
JVASP-8506,11,Se,20.593351,44.567368,65.15138
JVASP-8506,12,Se,20.593351,44.567364,65.15138
JVASP-8506,13,Se,20.593351,44.567364,65.15138
JVASP-8506,14,Se,20.593351,44.567368,65.15138
JVASP-8506,15,Se,20.593351,44.567364,65.15138
JVASP-36417,0,Ta,0.0,0.0,0.0
JVASP-36417,1,C,0.0,0.0,0.0
JVASP-36405,0,Ta,436.0067,68.99374,367.01297
JVASP-36405,1,C,3.1410625,28.384912,31.525976
JVASP-36420,0,Ta,0.0,0.0,0.0
JVASP-36420,1,C,0.0,0.0,0.0
JVASP-15733,0,Ta,96.92835,8.172094,88.75626
JVASP-15733,1,Ta,96.92835,8.172092,88.75626
JVASP-15733,2,C,0.1971852,8.018735,8.2159195
JVASP-20073,0,C,0.0,0.0,0.0
JVASP-20073,1,Ta,0.02293469,0.00016543953,0.02283871
JVASP-35395,0,Ta,295.1186,126.54448,168.57413
JVASP-35395,1,Ta,295.1186,126.54449,168.57413
JVASP-35395,2,Ta,295.11862,126.54448,168.57413
JVASP-35395,3,Ta,0.0,0.0,0.0
JVASP-35395,4,C,6.564633,15.83021,9.265576
JVASP-35395,5,C,6.564633,15.8302145,9.265582
JVASP-35395,6,C,6.564633,15.830211,9.265578
JVASP-14107,0,Cu,66.52268,256.6106,190.9088
JVASP-14107,1,Br,364.1957,315.4602,78.43966
JVASP-14107,2,Br,364.1957,315.4602,78.43967
JVASP-1948,0,Cu,0.017944358,6.8639514e-05,0.017962791
JVASP-1948,1,Br,0.0014142137,0.00028818523,0.001196893
JVASP-5176,0,Cu,7.2096653,124.03847,116.82881
JVASP-5176,1,Cu,7.2096653,124.03847,116.828804
JVASP-5176,2,Br,127.52534,44.771057,82.75428
JVASP-5176,3,Br,127.52534,44.771057,82.75428
JVASP-56484,0,Cu,0.0,0.0,0.0
JVASP-56484,1,Cu,0.0,0.0,0.0
JVASP-56484,2,Cu,0.0,0.0,0.0
JVASP-56484,3,Cu,0.0,0.0,0.0
JVASP-56484,4,Br,0.0,0.0,0.0
JVASP-56484,5,Br,0.0,0.0,0.0
JVASP-56484,6,Br,0.0,0.0,0.0
JVASP-56484,7,Br,0.0,0.0,0.0
JVASP-8582,0,Cu,86.97771,51.187355,138.16505
JVASP-8582,1,Cu,86.97771,51.18735,138.16505
JVASP-8582,2,Br,330.25613,385.5159,55.259735
JVASP-8582,3,Br,330.25613,385.5158,55.259666
JVASP-8762,0,Cu,1.1594251,3.2429984,4.4024234
JVASP-8762,1,Cu,1.1594251,3.2429955,4.402421
JVASP-8762,2,Br,5.2647696,1.14074,4.1240296
JVASP-8762,3,Br,5.2647696,1.1407388,4.124031
JVASP-13771,0,Ce,176.43184,38.928795,137.50305
JVASP-13771,1,Pd,129.86404,47.223526,112.00013
JVASP-13771,2,Pd,95.4162,23.912458,71.50374
JVASP-13771,3,Pd,95.4162,23.912458,71.50374
JVASP-13771,4,Pd,129.86404,47.223526,112.00013
JVASP-13771,5,Pd,129.86467,47.22309,112.00101
JVASP-20391,0,Ce,0.0,0.0,0.0
JVASP-20391,1,Pd,79.36755,48.82657,30.540987
JVASP-20391,2,Pd,79.36755,48.826572,30.540981
JVASP-20391,3,Pd,79.36755,48.82657,30.540987
JVASP-35736,0,Ce,39.858143,3.5499215,36.562103
JVASP-35736,1,Ce,39.858143,3.5499232,36.5621
JVASP-35736,2,Pd,68.12007,19.09891,49.524723
JVASP-35736,3,Pd,68.12007,19.098913,49.52472
JVASP-18177,0,Ce,176.43184,38.931713,137.50012
JVASP-18177,1,Pd,129.86455,47.212753,112.00056
JVASP-18177,2,Pd,95.4113,23.909008,71.5023
JVASP-18177,3,Pd,95.4113,23.909008,71.5023
JVASP-18177,4,Pd,129.86548,47.21318,112.00129
JVASP-18177,5,Pd,129.86548,47.21318,112.00128
JVASP-78829,0,Ce,299.71057,130.59885,169.11172
JVASP-78829,1,Ce,299.71057,130.59885,169.11174
JVASP-78829,2,Pd,184.35432,115.4334,68.92092
JVASP-78829,3,Pd,184.35432,115.433395,68.92093
JVASP-78829,4,Pd,184.35432,115.4334,68.92092
JVASP-78829,5,Pd,184.35432,115.4334,68.92092
JVASP-78965,0,Ce,0.0,0.0,0.0
JVASP-78965,1,Pd,79.246704,48.643066,30.603643
JVASP-78965,2,Pd,79.24671,48.643063,30.603645
JVASP-78965,3,Pd,79.246704,48.643074,30.603632
JVASP-15069,0,Yb,0.0,0.0,0.0
JVASP-15069,1,Au,0.0,0.0,0.0
JVASP-19803,0,Yb,29.464998,53.049145,23.584152
JVASP-19803,1,Au,147.02385,130.80519,16.218676
JVASP-19803,2,Au,147.02385,130.80519,16.218674
JVASP-14272,0,Yb,34.79471,14.158565,20.636145
JVASP-14272,1,Au,81.229,6.80617,85.36475
JVASP-14272,2,Au,81.229,6.8061705,85.36475
JVASP-14272,3,Au,81.2269,6.8062263,85.362686
JVASP-14272,4,Au,81.2269,6.8062224,85.36268
JVASP-16453,0,Yb,34.791046,14.156455,20.63459
JVASP-16453,1,Au,81.231575,6.8066354,85.36624
JVASP-16453,2,Au,81.231575,6.806636,85.36624
JVASP-16453,3,Au,81.23233,6.806681,85.36707
JVASP-16453,4,Au,81.23233,6.8066807,85.36707
JVASP-37500,0,Yb,46.05857,64.98152,111.04009
JVASP-37500,1,Yb,46.05857,64.98152,111.04009
JVASP-37500,2,Au,146.22057,46.238987,172.20999
JVASP-37500,3,Au,146.22014,46.238384,172.20915
JVASP-37500,4,Au,146.22057,46.23899,172.20999
JVASP-37500,5,Au,146.22057,46.238983,172.20999
JVASP-37500,6,Au,146.22017,46.238377,172.20937
JVASP-37500,7,Au,146.22057,46.238983,172.20999
JVASP-62426,0,Yb,45.69286,59.759773,104.89678
JVASP-62426,1,Yb,45.69286,59.759766,104.896774
JVASP-62426,2,Au,144.88423,46.65273,106.16978
JVASP-62426,3,Au,144.88423,46.65273,106.16978
JVASP-62426,4,Au,144.88423,46.652737,106.16978
JVASP-62426,5,Au,144.88423,46.65273,106.169785
JVASP-62426,6,Au,242.13129,45.004158,284.29346
JVASP-62426,7,Au,242.13129,45.00415,284.29343
JVASP-28372,0,Ga,210.36871,10.568192,199.80052
JVASP-28372,1,Ga,210.36871,10.56819,199.80052
JVASP-28372,2,P,26.793335,24.959265,1.8340708
JVASP-28372,3,P,26.793335,24.959267,1.8340688
JVASP-1393,0,P,0.0,0.0,0.0
JVASP-1393,1,Ga,0.0040824832,1.0750962e-05,0.0040817666
JVASP-39523,0,Ga,43.335793,34.090088,9.25274
JVASP-39523,1,Ga,43.335793,34.090088,9.252741
JVASP-39523,2,P,54.136593,1.1359254,55.23228
JVASP-39523,3,P,54.136593,1.1359285,55.23229
JVASP-78755,0,Ga,19.67022,23.699366,4.029147
JVASP-78755,1,P,67.2336,23.17303,44.060562
JVASP-79624,0,Ga,3.664437,1.3387687,5.003206
JVASP-79624,1,Ga,3.664437,1.3387691,5.003206
JVASP-79624,2,P,5.7832456,0.048007987,5.7352376
JVASP-79624,3,P,5.7832456,0.048010197,5.7352357
JVASP-8184,0,Ga,3.6742356,1.3289802,5.003216
JVASP-8184,1,Ga,3.6742356,1.3289812,5.0032167
JVASP-8184,2,P,5.7652826,0.048242457,5.7170405
JVASP-8184,3,P,5.7652826,0.04824172,5.7170415
JVASP-47210,0,Ba,31.361021,36.467564,43.555855
JVASP-47210,1,Ca,9.160667,52.1518,61.021797
JVASP-47210,2,I,181.54169,34.19117,181.69676
JVASP-47210,3,I,181.09671,34.256176,181.34575
JVASP-47210,4,I,192.42145,93.31598,102.960724
JVASP-47210,5,I,192.09787,93.371735,102.65007
JVASP-50613,0,Ba,14.656978,8.858451,5.798527
JVASP-50613,1,Ca,8.770177,26.519453,35.289627
JVASP-50613,2,I,55.64344,13.981343,41.662098
JVASP-50613,3,I,43.015995,3.065562,39.95043
JVASP-50613,4,I,43.015995,3.0655615,39.950436
JVASP-50613,5,I,55.64344,13.981343,41.662098
JVASP-50615,0,Ba,8.077192,20.924156,29.001348
JVASP-50615,1,Ca,0.59645116,18.18351,18.77996
JVASP-50615,2,Ca,0.59645116,18.183512,18.77996
JVASP-50615,3,I,160.38449,48.87531,112.15104
JVASP-50615,4,I,160.38449,48.87531,112.15104
JVASP-50615,5,I,160.38481,48.876133,112.150665
JVASP-50615,6,I,160.38481,48.876125,112.150665
JVASP-50615,7,I,160.38481,48.876125,112.150665
JVASP-50615,8,I,160.38481,48.876125,112.150665
JVASP-50812,0,Ba,68.50965,52.631905,119.43337
JVASP-50812,1,Ca,12.421053,44.76119,56.597515
JVASP-50812,2,I,74.65993,45.947437,105.121284
JVASP-50812,3,I,95.13866,75.67886,25.461329
JVASP-50812,4,I,74.674324,45.82093,105.38324
JVASP-50812,5,I,94.969925,75.62938,25.36438
JVASP-52288,0,Ba,12.119113,26.301653,38.420662
JVASP-52288,1,Ba,12.119121,26.301462,38.420475
JVASP-52288,2,Ca,6.85124,58.06401,64.91525
JVASP-52288,3,I,197.19402,78.465324,154.2655
JVASP-52288,4,I,197.25381,78.51504,154.28749
JVASP-52288,5,I,197.19519,78.46548,154.2667
JVASP-52288,6,I,197.25475,78.51549,154.2876
JVASP-52288,7,I,197.09358,78.44069,154.17131
JVASP-52288,8,I,197.24008,78.51963,154.23967
JVASP-12162,0,Ba,63.461388,47.245262,109.32374
JVASP-12162,1,Ca,7.80662,32.975464,40.680183
JVASP-12162,2,I,71.629654,36.08205,93.272354
JVASP-12162,3,I,100.741066,65.46671,50.330032
JVASP-12162,4,I,100.741066,65.46671,50.330032
JVASP-12162,5,I,71.629654,36.082058,93.272354
JVASP-18031,0,Ba,0.0,0.0,0.0
JVASP-18031,1,Pb,0.0,0.0,0.0
JVASP-18031,2,O,164.05702,124.41973,39.637295
JVASP-18031,3,O,164.05702,124.419716,39.637302
JVASP-18031,4,O,164.05702,124.419716,39.637302
JVASP-18522,0,Ba,171.68718,204.13322,32.446022
JVASP-18522,1,Ba,171.68718,204.1332,32.446003
JVASP-18522,2,Ba,171.6872,204.1332,32.446003
JVASP-18522,3,Pb,0.0,0.0,0.0
JVASP-18522,4,O,0.0,0.0,0.0
JVASP-12308,0,O,158.55934,128.04103,33.965366
JVASP-12308,1,O,158.55934,128.04103,33.965378
JVASP-12308,2,O,162.26382,151.38304,13.840508
JVASP-12308,3,O,162.26382,151.38303,13.840517
JVASP-12308,4,O,162.27457,129.07976,35.546124
JVASP-12308,5,O,162.27457,129.07974,35.546124
JVASP-12308,6,Ba,77.751686,14.632923,69.04567
JVASP-12308,7,Ba,77.751686,14.632923,69.04567
JVASP-12308,8,Pb,25.02961,22.06758,24.11438
JVASP-12308,9,Pb,25.025486,22.067532,24.11023
JVASP-12352,0,O,158.86882,145.6574,21.779102
JVASP-12352,1,O,158.86865,145.65733,21.77809
JVASP-12352,2,O,158.86865,145.65733,21.77809
JVASP-12352,3,O,158.86882,145.6574,21.779102
JVASP-12352,4,O,167.71658,113.178856,54.537735
JVASP-12352,5,O,167.71658,113.178856,54.53774
JVASP-12352,6,Ba,113.7565,23.060028,90.69648
JVASP-12352,7,Ba,113.7565,23.060028,90.69648
JVASP-12352,8,Pb,34.58859,7.2166286,41.805218
JVASP-12352,9,Pb,34.58859,7.216626,41.805218
JVASP-12417,0,O,162.26619,148.9436,18.341452
JVASP-12417,1,O,162.2666,148.94362,18.341963
JVASP-12417,2,O,162.26619,148.9436,18.341448
JVASP-12417,3,O,162.2666,148.94362,18.34196
JVASP-12417,4,O,158.55736,128.21025,33.523293
JVASP-12417,5,O,158.55736,128.21025,33.523293
JVASP-12417,6,Ba,77.696045,14.942204,73.367966
JVASP-12417,7,Ba,77.696045,14.9422035,73.367966
JVASP-12417,8,Pb,24.96256,25.760117,28.899563
JVASP-12417,9,Pb,24.963516,25.760113,28.901129
JVASP-57196,0,Ba,0.0,0.0,0.0
JVASP-57196,1,Pb,0.0,0.0,0.0
JVASP-57196,2,O,149.12984,170.80759,319.9374
JVASP-57196,3,O,149.12984,170.80759,319.9374
JVASP-57196,4,O,149.12984,170.80762,319.93747
JVASP-17314,0,Cr,43.241497,22.591661,48.204266
JVASP-17314,1,Cr,43.241497,22.591661,48.204266
JVASP-17314,2,As,31.861742,15.992246,34.64716
JVASP-17314,3,As,31.861742,15.992246,34.64716
JVASP-17314,4,As,175.94359,37.86692,141.34972
JVASP-17314,5,As,175.94359,37.866917,141.34972
JVASP-17750,0,Cr,29.060747,43.887283,14.826535
JVASP-17750,1,Cr,29.060747,43.88728,14.826532
JVASP-17750,2,Cr,25.0395,19.460245,5.579255
JVASP-17750,3,Cr,25.0395,19.460245,5.5792556
JVASP-17750,4,As,14.221739,32.777977,18.55624
JVASP-17750,5,As,14.221739,32.777977,18.55624
JVASP-63414,0,Cr,28.175255,27.555544,0.6197327
JVASP-63414,1,Cr,28.175255,27.55554,0.6197366
JVASP-63414,2,As,27.793135,17.377682,45.17082
JVASP-63414,3,As,27.793135,17.377682,45.17082
JVASP-79261,0,Cr,28.791302,27.452906,1.3384
JVASP-79261,1,Cr,28.791302,27.452906,1.3384
JVASP-79261,2,As,27.859272,17.410616,45.269886
JVASP-79261,3,As,27.859272,17.410616,45.269886
JVASP-8440,0,Cr,27.379211,20.79586,9.519994
JVASP-8440,1,Cr,27.379211,20.795862,9.519994
JVASP-8440,2,Cr,27.379211,20.795864,9.519992
JVASP-8440,3,Cr,27.379211,20.795862,9.519993
JVASP-8440,4,As,66.55992,18.869816,59.128647
JVASP-8440,5,As,66.55992,18.86982,59.128643
JVASP-8440,6,As,66.55992,18.86982,59.128643
JVASP-8440,7,As,66.55992,18.869818,59.128643
JVASP-8510,0,Cr,45.997704,22.625832,30.326408
JVASP-8510,1,Cr,45.99734,22.62588,30.32658
JVASP-8510,2,Cr,45.997704,22.625832,30.326408
JVASP-8510,3,Cr,11.0695915,20.84563,31.75885
JVASP-8510,4,Cr,11.06804,20.845945,31.757584
JVASP-8510,5,Cr,11.0695915,20.845633,31.758854
JVASP-8510,6,As,58.202324,12.414467,45.787857
JVASP-8510,7,As,58.202324,12.414464,45.78786
JVASP-8510,8,As,73.89008,5.138275,79.02836
JVASP-19672,0,C,9.780977,16.836922,26.617897
JVASP-19672,1,Y,16.85695,31.341547,48.198498
JVASP-19672,2,Y,16.85695,31.341545,48.198498
JVASP-14651,0,C,83.26549,103.85082,20.585333
JVASP-14651,1,C,83.26549,103.850815,20.585325
JVASP-14651,2,Y,142.46033,10.705903,153.16623
JVASP-37003,0,Y,0.0,0.0,0.0
JVASP-37003,1,C,0.0,0.0,0.0
JVASP-37004,0,Y,0.0,0.0,0.0
JVASP-37004,1,C,0.0,0.0,0.0
JVASP-37005,0,Y,0.0,0.0,0.0
JVASP-37005,1,C,0.0,0.0,0.0
JVASP-78352,0,Y,0.0,0.0,0.0
JVASP-78352,1,Y,0.0,0.0,0.0
JVASP-78352,2,Y,0.0,0.0,0.0
JVASP-78352,3,Y,0.0,0.0,0.0
JVASP-78352,4,C,0.0,0.0,0.0
JVASP-78352,5,C,0.0,0.0,0.0
JVASP-78352,6,C,0.0,0.0,0.0
JVASP-78352,7,C,0.0,0.0,0.0
JVASP-19909,0,Zn,0.008485282,8.1482765e-05,0.008495888
JVASP-19909,1,Te,0.00081649655,0.00013264915,0.0007050288
JVASP-1198,0,Zn,0.010392305,8.910215e-05,0.010359941
JVASP-1198,1,Te,0.002,0.00019154989,0.0021702833
JVASP-54897,0,Zn,0.078,0.074955076,0.12712668
JVASP-54897,1,Zn,0.07792304,0.075536616,0.12753381
JVASP-54897,2,Zn,0.07701948,0.07515955,0.12668756
JVASP-54897,3,Te,0.20703301,0.13256589,0.09925091
JVASP-54897,4,Te,0.2067559,0.13113464,0.09949314
JVASP-54897,5,Te,0.20748976,0.13021648,0.10089246
JVASP-79793,0,Zn,9.66739,101.01586,95.86436
JVASP-79793,1,Zn,9.66739,101.01587,95.86436
JVASP-79793,2,Zn,9.66739,101.01585,95.86434
JVASP-79793,3,Zn,9.66739,101.01585,95.86434
JVASP-79793,4,Te,55.253017,70.09868,31.635347
JVASP-79793,5,Te,55.253017,70.09868,31.635342
JVASP-79793,6,Te,55.253017,70.09869,31.635344
JVASP-79793,7,Te,55.253017,70.09868,31.635338
JVASP-8186,0,Zn,0.5070759,5.422473,4.915433
JVASP-8186,1,Zn,0.5070759,5.4224873,4.915447
JVASP-8186,2,Te,17.62653,10.961827,6.6647015
JVASP-8186,3,Te,17.625713,10.961824,6.6638875
JVASP-8200,0,Zn,47.0509,115.5617,160.1913
JVASP-8200,1,Zn,47.051567,115.563255,160.19333
JVASP-8200,2,Zn,47.051342,115.5617,160.1918
JVASP-8200,3,Te,139.94122,85.3142,103.62406
JVASP-8200,4,Te,139.942,85.31482,103.62521
JVASP-8200,5,Te,139.94122,85.31421,103.62407
JVASP-34251,0,Sr,103.04435,16.71433,88.50332
JVASP-34251,1,Sr,103.04435,16.714333,88.50332
JVASP-34251,2,Hf,12.369107,4.4472036,7.921904
JVASP-34251,3,Hf,12.369107,4.447204,7.921903
JVASP-34251,4,O,11.444749,25.780573,37.21695
JVASP-34251,5,O,11.444749,25.780573,37.21695
JVASP-34251,6,O,18.256048,28.691599,46.947647
JVASP-34251,7,O,18.256048,28.6916,46.94765
JVASP-34251,8,O,11.444749,25.780571,37.216946
JVASP-34251,9,O,11.444749,25.780573,37.21695
JVASP-11082,0,O,13.486586,43.02786,56.062576
JVASP-11082,1,O,13.487058,43.027863,56.06308
JVASP-11082,2,O,13.486586,43.02786,56.062576
JVASP-11082,3,O,13.487058,43.027863,56.06308
JVASP-11082,4,O,15.520575,22.414394,31.75791
JVASP-11082,5,O,15.520575,22.414394,31.757912
JVASP-11082,6,Sr,55.035862,14.896708,58.099438
JVASP-11082,7,Sr,55.035862,14.89671,58.09944
JVASP-11082,8,Hf,41.766754,15.077963,34.5075
JVASP-11082,9,Hf,41.763702,15.077956,34.5049
JVASP-46005,0,Sr,85.87992,30.04973,55.830196
JVASP-46005,1,Sr,85.87992,30.049728,55.830196
JVASP-46005,2,Hf,63.44423,10.209678,73.65391
JVASP-46005,3,O,24.795315,17.845016,23.777819
JVASP-46005,4,O,24.795315,17.845016,23.777813
JVASP-46005,5,O,36.427177,7.6585355,28.768642
JVASP-46005,6,O,36.427177,7.6585374,28.76864
JVASP-7773,0,Sr,0.00489898,0.07106739,0.07596637
JVASP-7773,1,Hf,0.11430952,0.73244065,0.61813116
JVASP-7773,2,O,24.27526,4.515743,19.75956
JVASP-7773,3,O,24.27526,4.515745,19.759558
JVASP-7773,4,O,24.289143,4.541163,19.747978
JVASP-8061,0,Sr,0.0,0.0,0.0
JVASP-8061,1,Hf,0.0,0.0,0.0
JVASP-8061,2,O,24.281792,6.6169124,17.664879
JVASP-8061,3,O,24.281792,6.616909,17.664883
JVASP-8061,4,O,24.281792,6.616907,17.664885
JVASP-9433,0,O,12.172784,28.830624,40.979366
JVASP-9433,1,O,12.1713505,28.830633,40.97798
JVASP-9433,2,O,12.1713505,28.830633,40.97798
JVASP-9433,3,O,12.172784,28.830624,40.979366
JVASP-9433,4,O,19.23291,33.470665,52.70357
JVASP-9433,5,O,19.23291,33.47066,52.70357
JVASP-9433,6,Sr,80.25465,3.5337913,83.78843
JVASP-9433,7,Sr,80.25465,3.5337915,83.78844
JVASP-9433,8,Hf,1.5075822,2.188609,0.6812901
JVASP-9433,9,Hf,1.5075822,2.1886156,0.68129694
JVASP-18357,0,Cl,87.13267,89.88433,14.159724
JVASP-18357,1,Cl,87.131546,89.88431,14.159473
JVASP-18357,2,Cl,87.13248,89.88436,14.159788
JVASP-18357,3,Cl,87.131546,89.88431,14.159474
JVASP-18357,4,Cl,87.13267,89.88433,14.159725
JVASP-18357,5,Cl,87.13248,89.884346,14.159789
JVASP-18357,6,Ti,16.43066,34.742947,51.173603
JVASP-18357,7,Ti,16.43066,34.742943,51.173603
JVASP-5764,0,Ti,3.748421,32.37791,29.666025
JVASP-5764,1,Ti,3.748421,32.37791,29.666027
JVASP-5764,2,Ti,3.748421,32.37792,29.666037
JVASP-5764,3,Ti,3.748421,32.377903,29.666021
JVASP-5764,4,Cl,69.16037,199.78009,130.97708
JVASP-5764,5,Cl,69.16037,199.78009,130.9771
JVASP-5764,6,Cl,69.16037,199.7801,130.9771
JVASP-5764,7,Cl,69.16037,199.7801,130.9771
JVASP-5764,8,Cl,67.73011,194.49332,127.20188
JVASP-5764,9,Cl,67.73011,194.49335,127.2019
JVASP-5764,10,Cl,67.73011,194.49333,127.20188
JVASP-5764,11,Cl,67.73011,194.49332,127.20188
JVASP-5764,12,Cl,68.66113,197.98349,129.63821
JVASP-5764,13,Cl,68.66113,197.98349,129.6382
JVASP-5764,14,Cl,68.66113,197.98349,129.63821
JVASP-5764,15,Cl,68.66113,197.98349,129.6382
JVASP-5764,16,Cl,68.3734,203.67538,136.0726
JVASP-5764,17,Cl,68.3734,203.67538,136.0726
JVASP-5764,18,Cl,68.3734,203.67538,136.0726
JVASP-5764,19,Cl,68.3734,203.67538,136.0726
JVASP-5458,0,Ti,21.603275,27.747463,6.144188
JVASP-5458,1,Cl,22.269943,2.2484121,24.518356
JVASP-5458,2,Cl,22.269943,2.24841,24.518354
JVASP-18485,0,Ti,21.605316,27.747025,6.141708
JVASP-18485,1,Cl,22.276884,2.2652502,24.542133
JVASP-18485,2,Cl,22.276884,2.2652469,24.54213
JVASP-12130,0,Ti,14.318084,70.54149,84.859566
JVASP-12130,1,Ti,14.318084,70.54148,84.859566
JVASP-12130,2,Cl,88.82227,84.4727,27.340937
JVASP-12130,3,Cl,88.82227,84.472694,27.34093
JVASP-12130,4,Cl,88.82207,84.47347,27.34108
JVASP-12130,5,Cl,88.82131,84.4734,27.340878
JVASP-12130,6,Cl,88.82131,84.473404,27.340868
JVASP-12130,7,Cl,88.82207,84.47347,27.341068
JVASP-54879,0,Ti,77.50063,64.43114,141.93176
JVASP-54879,1,Ti,77.50063,64.43114,141.93176
JVASP-54879,2,Cl,77.4619,93.41726,20.565407
JVASP-54879,3,Cl,77.461975,93.4172,20.565311
JVASP-54879,4,Cl,77.4619,93.41726,20.565407
JVASP-54879,5,Cl,77.461975,93.4172,20.56532
JVASP-54879,6,Cl,77.461975,93.4172,20.565313
JVASP-54879,7,Cl,77.461975,93.4172,20.565317
JVASP-14102,0,Si,71.65779,24.289808,47.44437
JVASP-14102,1,Ti,24.982416,9.263473,18.660925
JVASP-14968,0,Si,44.8393,30.635954,17.073076
JVASP-14968,1,Si,44.84017,30.635908,17.073645
JVASP-14968,2,Si,44.84017,30.635902,17.073648
JVASP-14968,3,Si,44.8393,30.635954,17.073076
JVASP-14968,4,Ti,19.760994,8.942589,16.538013
JVASP-14968,5,Ti,19.760994,8.942592,16.538013
JVASP-15734,0,Ti,9.156309,11.690857,8.100461
JVASP-15734,1,Ti,9.156309,11.690859,8.100464
JVASP-15734,2,Ti,9.156309,11.690856,8.100462
JVASP-15734,3,Ti,9.156309,11.690858,8.100463
JVASP-15734,4,Si,17.16807,20.587713,22.125227
JVASP-15734,5,Si,17.16807,20.587713,22.125225
JVASP-15734,6,Si,17.16807,20.587713,22.125227
JVASP-15734,7,Si,17.16807,20.587713,22.125225
JVASP-18243,0,Ti,24.855152,9.263104,18.384758
JVASP-18243,1,Ti,24.854368,9.263793,18.38292
JVASP-18243,2,Si,71.68729,24.289753,47.476875
JVASP-18243,3,Si,71.68729,24.289753,47.476875
JVASP-54844,0,Ti,38.807182,14.497189,24.960512
JVASP-54844,1,Si,31.106524,7.426205,24.246058
JVASP-54844,2,Si,31.106524,7.4262047,24.246058
JVASP-79554,0,Ti,24.861082,9.266658,18.638517
JVASP-79554,1,Ti,24.861082,9.266655,18.638517
JVASP-79554,2,Si,71.614494,24.294594,47.40796
JVASP-79554,3,Si,71.614494,24.294592,47.40796
JVASP-36799,0,Au,693.99915,207.53368,487.74713
JVASP-36799,1,O,35.68316,61.69835,30.320715
JVASP-36799,2,O,35.68316,61.69835,30.320715
JVASP-36799,3,Pb,214.15508,90.507866,125.49983
JVASP-36823,0,Pb,254.97108,96.34116,164.11589
JVASP-36823,1,Pb,232.60617,94.58712,143.01129
JVASP-36823,2,Au,667.2393,181.25148,487.01636
JVASP-36823,3,Au,667.2393,181.25148,487.01636
JVASP-36823,4,O,103.324646,86.14374,40.65812
JVASP-36823,5,O,62.006012,66.23602,19.328741
JVASP-36823,6,O,103.324646,86.14374,40.658123
JVASP-36823,7,O,62.006012,66.23602,19.32874
JVASP-36809,0,Pb,205.39845,139.99442,65.404015
JVASP-36809,1,Au,705.32294,404.48578,300.8372
JVASP-36809,2,O,34.544212,113.37712,78.83291
JVASP-36809,3,O,34.544212,113.37712,78.83291
JVASP-36847,0,Pb,409.3477,26.25587,396.87433
JVASP-36847,1,Pb,409.3477,26.255875,396.87433
JVASP-36847,2,Au,321.75543,128.0669,204.4855
JVASP-36847,3,Au,635.1457,134.76694,506.94775
JVASP-36847,4,O,135.9287,80.71161,59.515766
JVASP-36847,5,O,152.13507,86.22348,87.72107
JVASP-36847,6,O,152.13507,86.22348,87.72107
JVASP-36847,7,O,135.9287,80.71161,59.515766
JVASP-36800,0,Pb,205.44319,136.03078,69.41242
JVASP-36800,1,Pb,205.44319,136.03078,69.41242
JVASP-36800,2,Au,702.4867,403.3741,299.1126
JVASP-36800,3,Au,702.4867,403.3741,299.1126
JVASP-36800,4,O,35.910744,114.176285,78.26554
JVASP-36800,5,O,35.910744,114.176285,78.26554
JVASP-36800,6,O,35.910744,114.176285,78.26554
JVASP-36800,7,O,35.910744,114.17627,78.265526
JVASP-34756,0,Ta,19.146029,72.89697,53.750946
JVASP-34756,1,Ta,19.146029,72.89698,53.750954
JVASP-34756,2,Te,495.7127,183.4051,429.91397
JVASP-34756,3,Te,495.7127,183.40512,429.91394
JVASP-34756,4,Te,495.7127,183.40512,429.914
JVASP-34756,5,Te,495.7127,183.40514,429.91397
JVASP-34756,6,Te,495.7127,183.40512,429.91397
JVASP-34756,7,Te,495.7127,183.40512,429.914
JVASP-34756,8,Te,495.7127,183.40514,429.91397
JVASP-34756,9,Te,495.7127,183.40514,429.91397
JVASP-29730,0,Ta,157.60017,20.03897,140.59534
JVASP-29730,1,Ta,157.6163,19.647163,141.39534
JVASP-29730,2,Ta,108.69481,28.077362,119.775055
JVASP-29730,3,Te,205.06516,51.631775,166.73631
JVASP-29730,4,Te,205.09026,52.495853,165.8491
JVASP-29730,5,Te,112.33416,38.46378,83.44336
JVASP-29730,6,Te,162.6001,53.1767,126.85446
JVASP-29730,7,Te,162.62398,53.797047,123.02891
JVASP-29730,8,Te,112.34965,38.40679,84.44794
JVASP-597,0,Te,118.28717,50.826935,87.067
JVASP-597,1,Te,118.28816,50.826923,87.067955
JVASP-597,2,Te,118.28717,50.826935,87.067
JVASP-597,3,Te,118.28816,50.826923,87.06795
JVASP-597,4,Te,96.13426,42.458557,65.89494
JVASP-597,5,Te,96.13426,42.45855,65.89494
JVASP-597,6,Te,230.16985,40.34836,196.9726
JVASP-597,7,Te,230.16884,40.34833,196.97156
JVASP-597,8,Te,230.16985,40.34836,196.9726
JVASP-597,9,Te,162.30426,51.695316,132.92445
JVASP-597,10,Te,162.30426,51.695316,132.92445
JVASP-597,11,Te,152.76797,56.64954,118.43566
JVASP-597,12,Te,152.76775,56.649544,118.43548
JVASP-597,13,Te,152.76797,56.64954,118.43566
JVASP-597,14,Te,152.76775,56.64954,118.435486
JVASP-597,15,Te,226.71684,75.370766,205.72493
JVASP-597,16,Te,226.71684,75.370766,205.72493
JVASP-597,17,Te,230.16884,40.348335,196.97156
JVASP-597,18,Ta,149.04095,41.215595,131.97523
JVASP-597,19,Ta,149.0385,41.215572,131.97081
JVASP-597,20,Ta,149.04095,41.21559,131.97525
JVASP-597,21,Ta,149.0385,41.215572,131.97081
JVASP-597,22,Ta,174.36272,38.839283,146.54675
JVASP-597,23,Ta,174.36272,38.839283,146.54675
JVASP-597,24,Ta,80.66225,30.076653,74.25524
JVASP-597,25,Ta,80.66225,30.076653,74.25524
JVASP-597,26,Ta,29.844347,19.85813,11.980109
JVASP-537,0,Ta,108.89449,32.327393,115.44838
JVASP-537,1,Ta,157.8397,20.853401,139.01982
JVASP-537,2,Ta,157.8397,20.853401,139.01982
JVASP-537,3,Te,204.96817,55.74831,160.83667
JVASP-537,4,Te,204.96817,55.74831,160.83667
JVASP-537,5,Te,111.30553,40.7257,83.290276
JVASP-537,6,Te,111.30553,40.725693,83.29028
JVASP-537,7,Te,162.61249,58.480713,120.475075
JVASP-537,8,Te,162.61249,58.480713,120.475075
JVASP-29355,0,Ta,176.24802,78.30284,249.95776
JVASP-29355,1,Ta,176.24802,78.30284,249.95776
JVASP-29355,2,Ta,168.28433,84.4779,174.49834
JVASP-29355,3,Ta,168.28433,84.4779,174.49834
JVASP-29355,4,Te,50.166187,87.770065,87.24546
JVASP-29355,5,Te,50.166187,87.770065,87.24545
JVASP-29355,6,Te,106.58106,91.00769,32.340816
JVASP-29355,7,Te,106.58106,91.00769,32.34081
JVASP-29355,8,Te,146.74042,107.43433,87.87985
JVASP-29355,9,Te,146.74042,107.43434,87.87985
JVASP-2106,0,Tl,123.13324,10.331035,118.757904
JVASP-2106,1,Tl,123.13324,10.331034,118.757904
JVASP-2106,2,Tl,123.13324,10.331034,118.757904
JVASP-2106,3,Tl,123.13324,10.331034,118.75791
JVASP-2106,4,F,12.669805,6.549339,12.431554
JVASP-2106,5,F,12.669805,6.54934,12.431553
JVASP-2106,6,F,12.669805,6.5493393,12.431555
JVASP-2106,7,F,12.669805,6.5493407,12.431553
JVASP-22603,0,Tl,124.0765,4.50898,121.86944
JVASP-22603,1,Tl,123.69568,9.962013,118.806465
JVASP-22603,2,Tl,124.0765,4.5089836,121.86944
JVASP-22603,3,Tl,123.69568,9.962013,118.806465
JVASP-22603,4,F,7.4355245,7.3847957,1.1440116
JVASP-22603,5,F,7.386046,7.011712,0.88750607
JVASP-22603,6,F,7.386046,7.0117154,0.88750684
JVASP-22603,7,F,7.4355245,7.3847976,1.1440136
JVASP-37399,0,Tl,310.28503,11.993212,298.2918
JVASP-37399,1,Tl,310.28503,11.993211,298.2918
JVASP-37399,2,Tl,439.09964,23.634333,462.73395
JVASP-37399,3,F,23.517553,23.525877,47.043427
JVASP-79251,0,Tl,123.829056,5.6629243,118.16614
JVASP-79251,1,Tl,123.829056,5.6629224,118.16614
JVASP-79251,2,F,7.323158,9.725422,2.4022644
JVASP-79251,3,F,7.323158,9.725422,2.4022636
JVASP-7988,0,Tl,0.0,0.0,0.0
JVASP-7988,1,Tl,0.0,0.0,0.0
JVASP-7988,2,Tl,0.0,0.0,0.0
JVASP-7988,3,Tl,0.0,0.0,0.0
JVASP-7988,4,F,0.0,0.0,0.0
JVASP-7988,5,F,0.0,0.0,0.0
JVASP-7988,6,F,0.0,0.0,0.0
JVASP-7988,7,F,0.0,0.0,0.0
JVASP-30163,0,Bi,403.2056,5.3964543,397.80914
JVASP-30163,1,Bi,403.2056,5.396451,397.80914
JVASP-30163,2,O,24.98602,17.223282,7.7627373
JVASP-30163,3,O,24.98602,17.223286,7.762734
JVASP-30163,4,F,17.295847,51.189976,33.89413
JVASP-30163,5,F,17.295847,51.189976,33.894127
JVASP-22699,0,Bi,30.78649,4.0068865,26.779613
JVASP-22699,1,Bi,30.78649,4.006887,26.779613
JVASP-22699,2,O,9.161093,4.6961865,13.857268
JVASP-22699,3,O,9.161093,4.696187,13.85727
JVASP-22699,4,F,14.366259,4.6798425,19.046091
JVASP-22699,5,F,14.366259,4.6798406,19.04609
JVASP-8243,0,Bi,30.812132,4.483137,26.328997
JVASP-8243,1,Bi,30.812132,4.483137,26.328997
JVASP-8243,2,O,9.145578,9.238148,18.383726
JVASP-8243,3,O,9.145578,9.238147,18.383724
JVASP-8243,4,F,14.371973,2.7498791,17.121853
JVASP-8243,5,F,14.371973,2.7498815,17.121855
JVASP-8574,0,Bi,252.58649,10.609526,263.19598
JVASP-8574,1,Bi,252.58649,10.609524,263.19598
JVASP-8574,2,O,23.346087,23.981564,0.63547605
JVASP-8574,3,O,23.346087,23.98156,0.63547134
JVASP-8574,4,F,34.017696,22.094025,11.923673
JVASP-8574,5,F,34.017696,22.094023,11.923675
JVASP-12051,0,Bi,230.07323,1.2294302,231.30266
JVASP-12051,1,Bi,230.07323,1.2294267,231.30266
JVASP-12051,2,Bi,230.07323,1.2293506,231.30258
JVASP-12051,3,Bi,230.07323,1.2304245,231.30365
JVASP-12051,4,Bi,230.07323,1.2304276,231.30365
JVASP-12051,5,Bi,230.07323,1.2293512,231.30258
JVASP-12051,6,O,6.674859,7.4831433,14.158003
JVASP-12051,7,O,6.674859,7.483143,14.158003
JVASP-12051,8,O,6.6736345,7.482304,14.155938
JVASP-12051,9,O,6.6736345,7.4792056,14.152841
JVASP-12051,10,O,6.6736345,7.479205,14.15284
JVASP-12051,11,O,6.6736345,7.482306,14.155941
JVASP-12051,12,F,1.8897815,7.967533,6.0777516
JVASP-12051,13,F,1.8897815,7.967536,6.077755
JVASP-12051,14,F,1.8893731,7.966975,6.0776024
JVASP-12051,15,F,1.8897815,7.9679017,6.0781207
JVASP-12051,16,F,1.8897815,7.9679027,6.0781217
JVASP-12051,17,F,1.8893731,7.9669776,6.0776043
JVASP-22700,0,Rb,0.9259092,14.538283,15.46419
JVASP-22700,1,Rb,0.9259092,14.538283,15.46419
JVASP-22700,2,O,0.9210114,7.2502913,8.1713
JVASP-50160,0,Rb,0.63870806,13.070762,13.619437
JVASP-50160,1,Rb,1.1973599,12.957227,14.057275
JVASP-50160,2,Rb,1.1973599,12.957226,14.057273
JVASP-50160,3,Rb,0.63870806,13.070764,13.619439
JVASP-50160,4,O,0.940889,4.002879,4.934163
JVASP-50160,5,O,0.940889,4.0028834,4.9341674
JVASP-8148,0,Rb,16.419458,44.690628,61.019924
JVASP-8148,1,Rb,16.419458,44.690628,61.019928
JVASP-8148,2,Rb,16.419458,44.690628,61.019924
JVASP-8148,3,Rb,16.419458,44.690628,61.019924
JVASP-8148,4,O,368.27127,42.106613,329.75934
JVASP-8148,5,O,368.27127,42.106613,329.75934
JVASP-8148,6,O,368.27127,42.106617,329.7593
JVASP-8148,7,O,368.27127,42.106617,329.7593
JVASP-8771,0,Rb,35.805702,25.905825,51.351143
JVASP-8771,1,Rb,35.805702,25.905823,51.351143
JVASP-8771,2,Rb,35.805702,25.905825,51.351143
JVASP-8771,3,Rb,35.805702,25.905827,51.351143
JVASP-8771,4,O,286.1143,130.10974,160.21753
JVASP-8771,5,O,286.1143,130.10974,160.21753
JVASP-8771,6,O,286.1143,130.10974,160.21753
JVASP-8771,7,O,286.1143,130.10974,160.21753
JVASP-8771,8,O,286.1143,130.10974,160.21753
JVASP-8771,9,O,286.1143,130.10974,160.21753
JVASP-8771,10,O,286.1143,130.10974,160.21753
JVASP-8771,11,O,286.1143,130.10974,160.21753
JVASP-16737,0,Rb,12.869619,53.137787,66.00741
JVASP-16737,1,Rb,12.869619,53.137783,66.0074
JVASP-16737,2,O,280.80542,84.86061,195.94482
JVASP-16737,3,O,280.80542,84.86062,195.94481
JVASP-16737,4,O,280.80542,84.86062,195.94481
JVASP-16737,5,O,280.80542,84.8606,195.94482
JVASP-17867,0,Np,0.0,0.0,0.0
JVASP-17867,1,As,0.0,0.0,0.0
JVASP-17534,0,Np,134.32103,12.282407,122.038635
JVASP-17534,1,Np,134.32103,12.282408,122.038635
JVASP-17534,2,As,104.33765,29.176739,75.160904
JVASP-17534,3,As,104.33765,29.176735,75.16091
JVASP-17534,4,As,276.71396,100.253586,176.46037
JVASP-17534,5,As,276.71396,100.253586,176.46037
JVASP-20612,0,As,0.0,0.0,0.0
JVASP-20612,1,Np,0.012247449,5.263255e-05,0.012200661
JVASP-79050,0,Np,220.38304,18.353914,202.02911
JVASP-79050,1,Np,220.38304,18.353916,202.02911
JVASP-79050,2,As,141.99692,56.232655,85.76427
JVASP-79050,3,As,141.99692,56.232655,85.76427
JVASP-79050,4,As,361.04907,35.846436,325.2026
JVASP-79050,5,As,141.99692,56.23266,85.76427
JVASP-79050,6,As,141.99692,56.232666,85.76426
JVASP-79050,7,As,361.04907,35.846436,325.2026
JVASP-20424,0,Np,0.0,0.0,0.0
JVASP-20424,1,Np,0.0,0.0,0.0
JVASP-20424,2,Np,0.0,0.0,0.0
JVASP-20424,3,Np,0.0,0.0,0.0
JVASP-20424,4,As,0.0,0.0,0.0
JVASP-20424,5,As,0.0,0.0,0.0
JVASP-20424,6,As,0.0,0.0,0.0
JVASP-20424,7,As,0.0,0.0,0.0
JVASP-16011,0,Ba,11.222363,10.993345,22.21571
JVASP-16011,1,Ba,11.222363,10.993343,22.215706
JVASP-16011,2,Hg,17.347563,6.4591594,23.806723
JVASP-20618,0,Ba,0.0,0.0,0.0
JVASP-20618,1,Hg,0.0,0.0,0.0
JVASP-40505,0,Ba,2.693214,3.3277867,0.6345727
JVASP-40505,1,Ba,2.693214,3.3277886,0.6345747
JVASP-40505,2,Hg,65.79783,8.719656,57.571007
JVASP-40505,3,Hg,65.79704,8.718908,57.570896
JVASP-40505,4,Hg,65.79783,8.719656,57.571007
JVASP-40505,5,Hg,65.79783,8.719652,57.57101
JVASP-40505,6,Hg,65.79704,8.718905,57.570896
JVASP-40505,7,Hg,65.79783,8.719653,57.57101
JVASP-7703,0,Ba,46.436066,1.3828664,45.05536
JVASP-7703,1,Ba,46.436066,1.3828663,45.05536
JVASP-7703,2,Hg,346.00998,34.130363,311.881
JVASP-7703,3,Hg,346.00998,34.130363,311.881
JVASP-7703,4,Hg,346.01016,34.13037,311.88123
JVASP-7703,5,Hg,346.01016,34.130367,311.88123
JVASP-20429,0,Ba,0.0,0.0,0.0
JVASP-20429,1,Hg,0.0,0.0,0.0
JVASP-16338,0,Fe,5.1129017,22.41861,17.305706
JVASP-16338,1,Fe,5.1129017,22.4186,17.305698
JVASP-16338,2,Te,38.445965,65.29161,26.845646
JVASP-16338,3,Te,38.445965,65.291626,26.845655
JVASP-18028,0,Fe,1.7309728,55.98946,57.720432
JVASP-18028,1,Fe,1.7309728,55.989456,57.720432
JVASP-18028,2,Te,198.74753,97.026276,101.72125
JVASP-18028,3,Te,198.74753,97.02626,101.72126
JVASP-13849,0,Fe,5.1129017,22.4186,17.305698
JVASP-13849,1,Fe,5.1129017,22.418604,17.305702
JVASP-13849,2,Te,38.445965,65.29161,26.845642
JVASP-13849,3,Te,38.445965,65.29162,26.845646
JVASP-7925,0,Fe,37.131023,10.269392,45.462555
JVASP-7925,1,Fe,37.131023,10.269396,45.462555
JVASP-7925,2,Te,342.67242,49.200798,324.69168
JVASP-7925,3,Te,342.67242,49.200798,324.69168
JVASP-7925,4,Te,342.67242,49.200798,324.69168
JVASP-7925,5,Te,342.67242,49.200798,324.69168
JVASP-5083,0,Fe,1.7293396,55.989784,57.719124
JVASP-5083,1,Fe,1.7293396,55.98979,57.719135
JVASP-5083,2,Te,198.7516,97.0265,101.7251
JVASP-5083,3,Te,198.7516,97.02649,101.72511
JVASP-20653,0,Te,29.335089,63.888584,93.22367
JVASP-20653,1,Te,29.335089,63.888588,93.22368
JVASP-20653,2,Ir,94.5895,53.677258,40.912243
JVASP-602,0,Te,29.335089,63.88859,93.22369
JVASP-602,1,Te,29.335089,63.888588,93.22368
JVASP-602,2,Ir,94.5895,53.677258,40.912243
JVASP-19753,0,Te,206.32555,68.14566,175.09113
JVASP-19753,1,Te,206.32555,68.14566,175.09113
JVASP-19753,2,Te,265.2898,90.5576,235.0932
JVASP-19753,3,Te,273.32382,86.66021,206.8546
JVASP-19753,4,Te,273.32382,86.66021,206.8546
JVASP-19753,5,Te,265.2898,90.5576,235.0932
JVASP-19753,6,Ir,120.306984,17.865408,133.66972
JVASP-19753,7,Ir,158.92517,32.707268,147.72035
JVASP-19753,8,Ir,158.92517,32.707268,147.72035
JVASP-15917,0,Te,74.14115,46.933937,27.207216
JVASP-15917,1,Te,74.14115,46.93394,27.207212
JVASP-15917,2,Ir,83.91095,55.065018,28.845928
JVASP-15917,3,Ir,83.91095,55.06502,28.845924
JVASP-16346,0,Te,318.18723,56.974163,343.67065
JVASP-16346,1,Te,318.18723,56.974163,343.67065
JVASP-16346,2,Te,318.18723,56.974163,343.67065
JVASP-16346,3,Te,318.18723,56.974163,343.67065
JVASP-16346,4,Ir,127.534966,64.86278,191.96327
JVASP-16346,5,Ir,127.534966,64.86278,191.96327
JVASP-78545,0,Mg,2.492764,19.518732,22.011496
JVASP-78545,1,Sb,237.31555,93.34531,143.97025
JVASP-78565,0,Mg,0.0,0.0,0.0
JVASP-78565,1,Sb,0.0,0.0,0.0
JVASP-78581,0,Mg,12.300114,24.871773,37.171886
JVASP-78581,1,Sb,280.96872,11.738153,292.70688
JVASP-79177,0,Mg,9.009898,61.829697,52.885166
JVASP-79177,1,Mg,8.868567,58.07898,49.211216
JVASP-79177,2,Mg,9.713466,60.204792,50.60917
JVASP-79177,3,Sb,9.968269,24.32316,31.60116
JVASP-85880,0,Mg,1.7628183,1.4288437,3.1916614
JVASP-85880,1,Mg,1.5456306,4.350121,2.8044946
JVASP-85880,2,Mg,1.5456306,4.3501253,2.804499
JVASP-85880,3,Sb,46.410484,3.6731427,42.737343
JVASP-85880,4,Sb,46.410484,3.6731427,42.737343
JVASP-24390,0,Ni,43.304436,7.4118285,38.972805
JVASP-24390,1,Ni,43.304436,7.4118342,38.9728
JVASP-24390,2,F,135.5679,209.37932,84.49724
JVASP-24390,3,F,135.5679,209.37935,84.49726
JVASP-24390,4,F,135.5679,209.37932,84.49724
JVASP-24390,5,F,135.5679,209.37932,84.49724
JVASP-22615,0,Ni,43.304436,7.411831,38.972805
JVASP-22615,1,Ni,43.304436,7.4118347,38.9728
JVASP-22615,2,F,135.5679,209.37932,84.49724
JVASP-22615,3,F,135.5679,209.37932,84.49724
JVASP-22615,4,F,135.5679,209.37932,84.49724
JVASP-22615,5,F,135.5679,209.37932,84.49724
JVASP-22629,0,Ni,43.243427,7.214877,39.03639
JVASP-22629,1,Ni,43.243427,7.214871,39.036392
JVASP-22629,2,F,135.63632,209.02615,84.15151
JVASP-22629,3,F,135.63632,209.02615,84.15151
JVASP-22629,4,F,135.63632,209.02615,84.15151
JVASP-22629,5,F,135.63632,209.02615,84.15151
JVASP-54466,0,F,267.91113,242.90265,46.906105
JVASP-54466,1,F,267.91068,242.90259,46.90617
JVASP-54466,2,F,267.9112,242.90262,46.906002
JVASP-54466,3,F,267.91113,242.90262,46.90613
JVASP-54466,4,F,267.91068,242.9026,46.906166
JVASP-54466,5,F,267.9112,242.9026,46.905994
JVASP-54466,6,Ni,6.793405,0.61252993,7.405935
JVASP-54466,7,Ni,23.34098,11.539096,11.801887
JVASP-57160,0,Ni,6.8280787,0.6101073,7.4381857
JVASP-57160,1,Ni,23.387966,11.465743,11.922224
JVASP-57160,2,F,267.98822,243.03107,46.959652
JVASP-57160,3,F,267.9881,243.03105,46.959366
JVASP-57160,4,F,267.98764,243.03105,46.959724
JVASP-57160,5,F,267.98822,243.03105,46.95966
JVASP-57160,6,F,267.9881,243.03105,46.95937
JVASP-57160,7,F,267.98764,243.03105,46.959724
JVASP-47966,0,Fe,125.8771,70.80728,56.770927
JVASP-47966,1,Fe,60.633976,35.96585,32.554115
JVASP-47966,2,O,68.34338,79.48093,13.614565
JVASP-47966,3,O,68.34338,79.480934,13.614564
JVASP-47966,4,F,176.6225,108.47344,81.07035
JVASP-47966,5,F,176.6225,108.47343,81.07036
JVASP-48017,0,Fe,48.072216,11.042241,50.611168
JVASP-48017,1,Fe,48.072216,11.042238,50.61117
JVASP-48017,2,O,89.86262,85.02195,10.205942
JVASP-48017,3,O,89.86262,85.02195,10.205947
JVASP-48017,4,F,145.56244,125.09242,22.493664
JVASP-48017,5,F,145.56244,125.09242,22.493666
JVASP-48131,0,Fe,37.045616,23.780527,31.445213
JVASP-48131,1,Fe,142.2058,36.00352,110.95407
JVASP-48131,2,O,88.10119,119.8858,32.510677
JVASP-48131,3,O,60.94371,95.93699,44.859562
JVASP-48131,4,O,60.94371,95.93699,44.859566
JVASP-48131,5,F,166.51653,144.4035,27.301641
JVASP-48761,0,Fe,19.775824,37.81951,18.093597
JVASP-48761,1,Fe,4.0639367,34.123466,31.636997
JVASP-48761,2,O,29.915245,77.97876,48.696926
JVASP-48761,3,F,95.22491,105.33786,25.446539
JVASP-48761,4,F,95.22491,105.3379,25.44653
JVASP-48761,5,F,89.20326,98.88689,23.220343
JVASP-48973,0,Fe,106.05663,57.99349,56.282867
JVASP-48973,1,Fe,106.05588,57.993507,56.281513
JVASP-48973,2,O,109.34339,103.767426,154.89929
JVASP-48973,3,O,109.343414,103.767456,154.899
JVASP-48973,4,O,109.343414,103.76745,154.89899
JVASP-48973,5,O,109.34339,103.767426,154.89928
JVASP-48973,6,F,252.4277,158.21939,94.44448
JVASP-48973,7,F,252.4277,158.21939,94.44448
JVASP-66694,0,Be,5.219863,39.6072,34.38734
JVASP-66694,1,Be,0.058787756,19.175863,19.117075
JVASP-66694,2,Fe,38.364723,3.1283715,35.236355
JVASP-66694,3,Pt,48.050827,28.509317,19.541506
JVASP-66819,0,Be,6.825097,38.456177,31.631083
JVASP-66819,1,Fe,17.54692,17.612955,0.066120476
JVASP-66819,2,Pt,233.75603,101.2374,132.51863
JVASP-77245,0,Be,5.6488743,14.667486,16.78867
JVASP-77245,1,Be,5.6488743,14.667486,16.788671
JVASP-77245,2,Be,5.6488743,14.667485,16.78867
JVASP-77245,3,Be,5.6488743,14.667482,16.788666
JVASP-77245,4,Fe,69.92898,98.583435,38.25943
JVASP-77245,5,Fe,69.92898,98.58344,38.259445
JVASP-77245,6,Pt,229.29694,75.60148,164.87115
JVASP-77245,7,Pt,229.29694,75.60149,164.87115
JVASP-80128,0,Be,4.5291834,43.012875,47.122524
JVASP-80128,1,Be,4.5291834,43.012875,47.122524
JVASP-80128,2,Fe,24.384638,32.79972,9.116857
JVASP-80128,3,Fe,24.384638,32.79972,9.116857
JVASP-80128,4,Pt,127.669,18.77091,119.61222
JVASP-80128,5,Pt,127.669,18.77091,119.61222
JVASP-80128,6,Pt,127.669,18.770916,119.61222
JVASP-80128,7,Pt,127.669,18.770916,119.61222
JVASP-81816,0,Be,6.536851,19.00094,23.497412
JVASP-81816,1,Be,6.536851,19.000942,23.497414
JVASP-81816,2,Be,6.536851,19.00094,23.497412
JVASP-81816,3,Be,6.536851,19.000938,23.497408
JVASP-81816,4,Fe,54.168365,88.035835,34.38981
JVASP-81816,5,Fe,54.168365,88.035835,34.38981
JVASP-81816,6,Pt,249.23225,62.6404,204.66003
JVASP-81816,7,Pt,249.23225,62.640408,204.66003
JVASP-19693,0,Ag,37.293484,40.93364,3.6401575
JVASP-19693,1,Ag,37.293484,40.933643,3.6401615
JVASP-19693,2,F,75.17036,57.12892,18.041431
JVASP-4549,0,Ag,104.26443,62.40216,153.97704
JVASP-4549,1,Ag,104.26443,62.402164,153.97704
JVASP-4549,2,F,213.80873,137.88406,78.678375
JVASP-4549,3,F,213.80873,137.88406,78.678375
JVASP-4549,4,F,213.80873,137.88406,78.678375
JVASP-4549,5,F,213.80873,137.88406,78.678375
JVASP-14897,0,Ag,0.0,0.0,0.0
JVASP-14897,1,Ag,0.0,0.0,0.0
JVASP-14897,2,Ag,0.0,0.0,0.0
JVASP-14897,3,Ag,0.0,0.0,0.0
JVASP-14897,4,F,0.0,0.0,0.0
JVASP-14897,5,F,0.0,0.0,0.0
JVASP-14897,6,F,0.0,0.0,0.0
JVASP-14897,7,F,0.0,0.0,0.0
JVASP-14911,0,Ag,101.901436,60.36287,151.46756
JVASP-14911,1,Ag,101.901436,60.362873,151.46756
JVASP-14911,2,F,213.29254,137.65872,78.39519
JVASP-14911,3,F,213.29254,137.65872,78.39519
JVASP-14911,4,F,213.29254,137.65872,78.39519
JVASP-14911,5,F,213.29254,137.65872,78.39519
JVASP-12073,0,Ag,108.23795,19.04136,117.0278
JVASP-12073,1,Ag,108.23795,19.041363,117.0278
JVASP-12073,2,Ag,108.23795,19.041363,117.0278
JVASP-12073,3,Ag,108.23795,19.041363,117.0278
JVASP-12073,4,F,207.50227,138.9374,72.71993
JVASP-12073,5,F,207.50227,138.9374,72.71993
JVASP-12073,6,F,207.50227,138.9374,72.71993
JVASP-12073,7,F,207.50227,138.93738,72.71994
JVASP-12073,8,F,207.50227,138.9374,72.71993
JVASP-12073,9,F,207.50227,138.9374,72.71993
JVASP-12073,10,F,207.50227,138.9374,72.71993
JVASP-12073,11,F,207.50227,138.9374,72.71993
JVASP-34250,0,C,4.6359234,31.729801,28.619303
JVASP-34250,1,K,54.303467,52.6561,47.44099
JVASP-34250,2,O,166.77814,109.9172,72.19503
JVASP-34250,3,K,89.05622,82.68717,13.397718
JVASP-34250,4,O,181.93611,125.6587,56.58572
JVASP-34250,5,K,84.08918,74.05524,39.582924
JVASP-34250,6,O,188.95651,166.45506,31.54702
JVASP-34250,7,O,188.95808,166.45119,31.54998
JVASP-34250,8,K,84.09031,74.056465,39.58278
JVASP-34262,0,K,0.08328266,54.626583,54.709866
JVASP-34262,1,K,0.08328266,54.626583,54.709866
JVASP-34262,2,K,0.08328266,54.626583,54.709866
JVASP-34262,3,K,0.08328266,54.626583,54.709866
JVASP-34262,4,C,0.0,0.0,0.0
JVASP-34262,5,O,199.22923,113.000496,86.22875
JVASP-34262,6,O,199.22923,113.000496,86.22875
JVASP-34262,7,O,199.22923,113.000496,86.22875
JVASP-34262,8,O,199.22923,113.000496,86.22875
JVASP-34258,0,O,190.59602,139.97112,54.665802
JVASP-34258,1,K,61.59338,50.565414,49.70553
JVASP-34258,2,O,190.59798,139.96678,54.672325
JVASP-34258,3,K,61.622105,50.57594,49.74932
JVASP-34258,4,C,0.5489778,29.217281,29.735067
JVASP-34258,5,K,61.5922,50.569572,49.708458
JVASP-34258,6,K,61.62047,50.57232,49.745148
JVASP-34258,7,O,190.61128,139.99565,54.657215
JVASP-34258,8,O,190.61406,139.97823,54.67654
JVASP-34229,0,K,59.651936,58.787704,59.39908
JVASP-34229,1,K,59.677856,53.47987,56.309296
JVASP-34229,2,O,192.49423,136.62636,56.31826
JVASP-34229,3,O,192.49432,136.62862,56.316097
JVASP-34229,4,O,192.50269,134.3092,58.532825
JVASP-34229,5,K,59.651505,58.78743,59.3994
JVASP-34229,6,C,0.4140483,31.141005,31.547045
JVASP-34229,7,O,192.48415,138.92876,54.074722
JVASP-34229,8,K,59.62853,63.225407,62.483627
JVASP-34227,0,K,69.39472,82.634895,42.988262
JVASP-34227,1,O,184.97668,113.96583,78.07012
JVASP-34227,2,K,69.395836,81.48593,39.90756
JVASP-34227,3,K,69.401505,83.28805,43.170403
JVASP-34227,4,K,69.40321,82.63261,42.983
JVASP-34227,5,C,0.83189183,18.191229,19.010979
JVASP-34227,6,O,184.9863,111.8336,77.54456
JVASP-34227,7,O,184.97583,116.03552,76.782005
JVASP-34227,8,O,184.98518,113.97166,78.07149
JVASP-36821,0,Na,4.4306574,40.185024,39.21427
JVASP-36821,1,Na,4.4306574,40.18502,39.21427
JVASP-36821,2,Cu,124.758286,95.632996,216.66347
JVASP-36821,3,Cu,124.758286,95.632996,216.66347
JVASP-36821,4,O,150.72165,51.884068,100.29644
JVASP-36821,5,O,150.72165,51.884068,100.29644
JVASP-36821,6,O,150.72165,51.884068,100.29644
JVASP-36821,7,O,150.72165,51.884068,100.29644
JVASP-49871,0,Na,12.417566,9.15976,13.085194
JVASP-49871,1,Cu,85.69817,23.140413,108.83539
JVASP-49871,2,Cu,85.69817,23.140413,108.835396
JVASP-49871,3,O,175.80821,100.96,75.68445
JVASP-49871,4,O,176.61815,84.012695,93.42453
JVASP-49871,5,O,175.80821,100.96,75.68445
JVASP-50332,0,Na,27.551054,12.472139,18.02502
JVASP-50332,1,Na,27.551054,12.4721365,18.02502
JVASP-50332,2,Na,27.551054,12.472138,18.02502
JVASP-50332,3,Na,27.551054,12.472138,18.02502
JVASP-50332,4,Cu,29.341928,32.542755,11.170454
JVASP-50332,5,Cu,29.341928,32.542763,11.170457
JVASP-50332,6,O,64.766335,74.22141,15.3793545
JVASP-50332,7,O,64.766335,74.22143,15.379362
JVASP-50332,8,O,64.766335,74.22143,15.37936
JVASP-50332,9,O,64.766335,74.22143,15.37936
JVASP-55130,0,Na,15.292447,47.8791,32.58665
JVASP-55130,1,Cu,3.1618938,46.477577,43.315723
JVASP-55130,2,O,17.475891,23.854647,6.378754
JVASP-55130,3,O,17.475891,23.854649,6.378756
JVASP-8060,0,Na,19.771036,15.4017725,10.911522
JVASP-8060,1,Na,19.771036,15.401773,10.911523
JVASP-8060,2,Cu,147.75172,54.08001,200.81783
JVASP-8060,3,Cu,147.75172,54.080013,200.81783
JVASP-8060,4,O,149.51208,94.85941,67.10999
JVASP-8060,5,O,149.51208,94.85941,67.11
JVASP-8060,6,O,149.51208,94.85941,67.10999
JVASP-8060,7,O,149.51208,94.85941,67.11
JVASP-17511,0,Sm,15.779613,5.0646257,10.714988
JVASP-17511,1,Sm,15.779613,5.0646267,10.714986
JVASP-17511,2,Sm,25.815989,22.729296,48.545284
JVASP-17511,3,Sm,25.815989,22.729296,48.545284
JVASP-17511,4,In,13.46607,18.911905,5.445836
JVASP-17511,5,In,13.46607,18.911903,5.445833
JVASP-17571,0,Sm,0.0,0.0,0.0
JVASP-17571,1,In,146.50888,37.501465,109.00741
JVASP-17571,2,In,146.50888,37.501465,109.00741
JVASP-17571,3,In,146.50888,37.50147,109.007416
JVASP-17663,0,Sm,0.0,0.0,0.0
JVASP-17663,1,In,0.0,0.0,0.0
JVASP-18001,0,Sm,164.2089,48.345753,212.55464
JVASP-18001,1,Sm,164.2089,48.345753,212.55464
JVASP-18001,2,Sm,164.2089,48.345757,212.55464
JVASP-18001,3,In,0.0,0.0,0.0
JVASP-36056,0,Sm,70.26914,6.237322,74.646095
JVASP-36056,1,Sm,70.26531,6.2375216,74.64214
JVASP-36056,2,Sm,70.26531,6.23752,74.64214
JVASP-36056,3,Sm,70.26914,6.237321,74.6461
JVASP-36056,4,Sm,70.26531,6.2375216,74.64214
JVASP-36056,5,Sm,70.26531,6.2375216,74.64215
JVASP-36056,6,In,1.0079653,3.8278327,2.8198676
JVASP-36056,7,In,1.0079653,3.8278353,2.8198702
JVASP-49783,0,Y,34.375324,3.4796593,30.895664
JVASP-49783,1,Y,34.375324,3.4796593,30.895664
JVASP-49783,2,Cu,8.1625185,52.125904,60.288418
JVASP-49783,3,O,153.31068,115.74092,37.57134
JVASP-49783,4,O,7.155776,29.889984,22.734207
JVASP-49783,5,O,153.31068,115.74092,37.57134
JVASP-49783,6,O,7.155776,29.889984,22.73421
JVASP-8028,0,Y,131.80092,186.11742,54.3165
JVASP-8028,1,Y,131.80092,186.11745,54.316536
JVASP-8028,2,Cu,91.56479,266.9051,175.34032
JVASP-8028,3,Cu,91.56479,266.90512,175.34032
JVASP-8028,4,O,59.776123,51.07999,8.696131
JVASP-8028,5,O,59.776123,51.079987,8.696136
JVASP-8028,6,O,59.776123,51.07999,8.696131
JVASP-8028,7,O,59.776123,51.079987,8.696135
JVASP-8116,0,O,59.869587,50.926735,8.942854
JVASP-8116,1,O,59.869587,50.926735,8.942852
JVASP-8116,2,Cu,91.3581,266.81488,175.4568
JVASP-8116,3,Y,131.38934,186.00786,54.61852
JVASP-8258,0,Y,0.0,0.0,0.0
JVASP-8258,1,Cu,0.0,0.0,0.0
JVASP-8258,2,O,136.21368,118.12308,18.090607
JVASP-8258,3,O,136.21368,118.12309,18.090591
JVASP-8258,4,O,136.21368,118.12308,18.090601
JVASP-8362,0,Y,131.39032,186.00731,54.617
JVASP-8362,1,Cu,91.33859,266.82025,175.48164
JVASP-8362,2,O,59.87298,50.93241,8.940567
JVASP-8362,3,O,59.87298,50.932415,8.940565
JVASP-29425,0,Tl,117.776726,14.262679,127.49723
JVASP-29425,1,Tl,117.89325,14.568487,125.22746
JVASP-29425,2,Tl,110.20955,3.2779996,110.44654
JVASP-29425,3,Tl,118.0605,15.151772,126.46295
JVASP-29425,4,Tl,117.891075,14.568491,125.22545
JVASP-29425,5,Tl,117.779205,14.262675,127.49961
JVASP-29425,6,Tl,110.23382,3.4956124,110.44823
JVASP-29425,7,Tl,110.49382,3.7131495,110.84033
JVASP-29425,8,Tl,110.49574,3.7131271,110.84227
JVASP-29425,9,Tl,110.23267,3.4955812,110.44709
JVASP-29425,10,Tl,118.05954,15.151772,126.46215
JVASP-29425,11,Tl,117.77693,14.262686,127.497475
JVASP-29425,12,Tl,118.059364,15.151781,126.46194
JVASP-29425,13,Tl,110.20564,3.2780156,110.44258
JVASP-29425,14,Tl,117.891045,14.568496,125.22542
JVASP-29425,15,Tl,110.492966,3.7131474,110.83941
JVASP-29425,16,Tl,110.20773,3.277971,110.44474
JVASP-29425,17,Tl,110.23537,3.4955833,110.44984
JVASP-29425,18,S,21.620256,16.622944,38.243202
JVASP-29425,19,S,21.632715,15.952088,37.584805
JVASP-29425,20,S,32.408825,12.722714,44.959408
JVASP-29425,21,S,19.882582,19.912086,39.560562
JVASP-29425,22,S,32.408077,12.722718,44.958614
JVASP-29425,23,S,19.88226,19.912085,39.56023
JVASP-29425,24,S,32.408432,12.722725,44.958996
JVASP-29425,25,S,19.883099,19.912085,39.56106
JVASP-29425,26,S,21.625072,14.620513,36.245586
JVASP-50057,0,Tl,63.367073,25.47705,77.97785
JVASP-50057,1,Tl,63.153862,25.461485,77.882095
JVASP-50057,2,Tl,64.252625,25.404934,78.7068
JVASP-50057,3,Tl,62.949112,25.490202,77.64501
JVASP-50057,4,Tl,63.48442,25.440311,78.090614
JVASP-50057,5,Tl,62.193687,25.505291,77.03971
JVASP-50057,6,S,14.215695,2.530507,11.685345
JVASP-8034,0,S,150.52005,31.563536,119.58513
JVASP-8034,1,S,150.5194,31.563879,119.584015
JVASP-8034,2,S,150.51921,31.563879,119.58385
JVASP-8034,3,S,150.52005,31.563536,119.58513
JVASP-8034,4,Tl,10.212567,7.8104324,18.022999
JVASP-8034,5,Tl,10.211836,7.810433,18.022268
JVASP-8034,6,Tl,145.2218,1.0472257,144.17459
JVASP-8034,7,Tl,145.2218,1.0472271,144.17459
JVASP-12062,0,Tl,47.709938,67.977715,20.267776
JVASP-12062,1,Tl,77.58269,9.314832,68.26785
JVASP-12062,2,Tl,47.709938,67.97753,20.267593
JVASP-12062,3,Tl,77.58269,9.314829,68.26786
JVASP-12062,4,Tl,47.709938,67.97753,20.26759
JVASP-12062,5,Tl,77.58269,9.315232,68.267456
JVASP-12062,6,S,7.7428374,28.262299,36.00514
JVASP-12062,7,S,7.7428374,28.262299,36.00514
JVASP-12062,8,S,7.7428374,28.262127,36.004967
JVASP-12062,9,S,7.7428374,28.263979,36.006813
JVASP-12062,10,S,7.7428374,28.263975,36.006813
JVASP-12062,11,S,7.7428374,28.262123,36.00496
JVASP-16279,0,Tl,0.0,0.0,0.0
JVASP-16279,1,S,0.0,0.0,0.0
JVASP-12922,0,H,37.289337,72.92793,53.283077
JVASP-12922,1,H,37.291847,72.91214,53.268845
JVASP-12922,2,H,48.823208,59.072685,32.898125
JVASP-12922,3,H,50.284233,46.49789,17.20862
JVASP-12922,4,O,99.477066,44.012177,57.636833
JVASP-12922,5,O,99.466774,44.015667,57.62328
JVASP-12922,6,O,139.31122,53.93279,97.46708
JVASP-12922,7,O,133.03552,56.120342,83.19083
JVASP-12922,8,Cd,37.539734,26.103458,27.07476
JVASP-12922,9,Cd,37.55659,26.108,27.085554
JVASP-54670,0,Cd,37.509632,26.9729,26.892132
JVASP-54670,1,Cd,37.724598,28.344444,28.744581
JVASP-54670,2,H,50.309925,48.014584,17.68823
JVASP-54670,3,H,48.836693,58.771282,32.9037
JVASP-54670,4,H,37.318264,72.85369,53.075092
JVASP-54670,5,H,37.337986,72.270584,52.27528
JVASP-54670,6,O,133.02142,57.133095,82.04071
JVASP-54670,7,O,139.29027,54.676003,97.39057
JVASP-54670,8,O,99.347984,44.199757,57.485943
JVASP-54670,9,O,99.42317,45.152966,56.609642
JVASP-29803,0,Cd,51.992867,1.6748383,53.667706
JVASP-29803,1,H,49.046135,92.88612,43.83999
JVASP-29803,2,H,49.046135,92.88612,43.83999
JVASP-29803,3,O,132.42064,104.806335,27.614307
JVASP-29803,4,O,132.42064,104.806335,27.614307
JVASP-29804,0,Cd,126.802734,56.570908,70.23183
JVASP-29804,1,H,43.902206,4.925286,38.97692
JVASP-29804,2,H,50.036953,50.17573,0.13878047
JVASP-29804,3,O,118.6692,48.7139,69.9553
JVASP-29804,4,O,119.557144,53.425255,66.13188
JVASP-29805,0,Cd,51.883865,1.764353,53.64822
JVASP-29805,1,H,49.05593,93.058464,44.002537
JVASP-29805,2,H,49.05593,93.05847,44.00254
JVASP-29805,3,O,132.46635,104.93286,27.533504
JVASP-29805,4,O,132.46635,104.93285,27.533504
JVASP-36623,0,Mg,0.0,0.0,0.0
JVASP-36623,1,V,0.0,0.0,0.0
JVASP-36623,2,O,8.784686,62.787918,54.00323
JVASP-36623,3,O,8.784686,62.787903,54.00322
JVASP-36623,4,O,8.784686,62.78791,54.003223
JVASP-22559,0,Mg,2.7896187,32.523884,35.285133
JVASP-22559,1,Mg,2.7896187,32.523884,35.28513
JVASP-22559,2,V,80.867966,75.51717,42.095245
JVASP-22559,3,V,80.867966,75.51717,42.095245
JVASP-22559,4,O,25.061075,20.785662,43.301075
JVASP-22559,5,O,25.061075,20.785666,43.30108
JVASP-22559,6,O,25.060318,20.785675,43.300407
JVASP-22559,7,O,25.060318,20.785675,43.300407
JVASP-22559,8,O,4.849952,33.553215,29.09023
JVASP-22559,9,O,4.849952,33.55321,29.090229
JVASP-27139,0,Mg,2.0512562,36.868057,38.84812
JVASP-27139,1,Mg,2.0512562,36.868057,38.84812
JVASP-27139,2,V,64.18809,67.95539,41.32642
JVASP-27139,3,V,64.18809,67.95538,41.326416
JVASP-27139,4,O,29.02303,12.755162,40.996807
JVASP-27139,5,O,29.02303,12.755162,40.996807
JVASP-27139,6,O,29.023102,12.7551365,40.99692
JVASP-27139,7,O,29.023102,12.755133,40.996918
JVASP-27139,8,O,5.819403,41.671124,37.583755
JVASP-27139,9,O,5.819403,41.671124,37.58376
JVASP-8263,0,Mg,12.05796,20.181932,12.959603
JVASP-8263,1,V,19.55573,92.85138,112.33115
JVASP-8263,2,V,17.720844,81.705574,96.67527
JVASP-8263,3,O,61.535683,49.751564,105.95075
JVASP-8263,4,O,61.522472,50.00909,105.6378
JVASP-8263,5,O,61.53481,49.751785,105.95008
JVASP-8263,6,O,61.52265,50.008846,105.637665
JVASP-8263,7,O,12.721189,10.956423,15.965672
JVASP-8263,8,O,18.143284,7.2072186,17.145079
JVASP-8324,0,Mg,20.163664,12.652094,30.28979
JVASP-8324,1,V,37.243694,71.42357,47.629566
JVASP-8324,2,V,65.56143,65.26613,25.287924
JVASP-8324,3,O,36.116013,45.258278,76.00315
JVASP-8324,4,O,36.116074,46.564934,77.14981
JVASP-8324,5,O,41.859463,9.633552,45.45383
JVASP-8324,6,O,36.12836,45.90844,76.49017
JVASP-8324,7,O,36.111004,46.121853,76.81468
JVASP-8324,8,O,135.3561,15.289637,128.28989
JVASP-18692,0,Ga,52.99854,9.259854,61.956493
JVASP-18692,1,Ga,52.99854,9.259855,61.956497
JVASP-18692,2,Dy,39.110394,21.061275,30.847881
JVASP-18692,3,Dy,39.110394,21.061272,30.847883
JVASP-37901,0,Dy,130.33653,54.816425,185.15295
JVASP-37901,1,Dy,130.33653,54.81643,185.15295
JVASP-37901,2,Dy,130.33653,54.81643,185.15295
JVASP-37901,3,Ga,0.0,0.0,0.0
JVASP-41304,0,Dy,4.2498684,0.25077766,4.5006385
JVASP-41304,1,Dy,4.2498684,0.25077674,4.5006375
JVASP-41304,2,Ga,2.0794952,25.252813,25.396122
JVASP-41304,3,Ga,2.0794952,25.252815,25.396124
JVASP-41304,4,Ga,2.0781333,25.25136,25.39621
JVASP-41304,5,Ga,2.0794952,25.252811,25.39612
JVASP-41304,6,Ga,2.0794952,25.252813,25.39612
JVASP-41304,7,Ga,2.0781333,25.251358,25.396208
JVASP-56469,0,Dy,0.0,0.0,0.0
JVASP-56469,1,Ga,88.96302,95.83299,6.86998
JVASP-56469,2,Ga,88.96302,95.833015,6.869997
JVASP-56469,3,Ga,88.96302,95.83299,6.8699784
JVASP-7942,0,Dy,15.837178,18.808752,34.645927
JVASP-7942,1,Ga,1.390087,31.436167,30.046082
JVASP-7942,2,Ga,1.390087,31.436167,30.046082
JVASP-36120,0,Hf,0.0,0.0,0.0
JVASP-36120,1,Pd,60.641197,35.35725,25.283953
JVASP-36120,2,Pd,60.6412,35.35725,25.283947
JVASP-36120,3,Pd,60.6412,35.357246,25.283955
JVASP-36007,0,Hf,0.0,0.0,0.0
JVASP-36007,1,Pd,0.0,0.0,0.0
JVASP-36131,0,Hf,43.36848,14.633771,57.87258
JVASP-36131,1,Hf,43.36848,14.633767,57.872578
JVASP-36131,2,Pd,120.71192,17.813936,105.20198
JVASP-36131,3,Pd,120.71192,17.813927,105.20199
JVASP-41361,0,Hf,31.20853,17.217638,45.04819
JVASP-41361,1,Pd,43.340183,19.262682,26.86238
JVASP-41361,2,Pd,43.340183,19.262468,26.862425
JVASP-41361,3,Pd,74.28911,6.6824493,67.86195
JVASP-41361,4,Pd,45.421463,9.922399,35.72963
JVASP-41361,5,Pd,45.421463,9.922063,35.72996
JVASP-16542,0,Hf,83.16426,11.5370455,71.62721
JVASP-16542,1,Hf,83.16426,11.537043,71.62722
JVASP-16542,2,Hf,83.16426,11.537047,71.62721
JVASP-16542,3,Hf,83.16426,11.537047,71.62721
JVASP-16542,4,Pd,69.93293,16.430653,86.36359
JVASP-16542,5,Pd,69.93293,16.43065,86.36359
JVASP-20082,0,Ta,89.03406,8.862124,97.89618
JVASP-20082,1,B,2.9124432,15.267627,12.355184
JVASP-20082,2,B,2.9124432,15.267627,12.355184
JVASP-15898,0,B,3.6460025,19.895847,23.523096
JVASP-15898,1,B,3.6460025,19.895845,23.523094
JVASP-15898,2,B,3.1724231,10.359692,12.949465
JVASP-15898,3,B,3.1724231,10.359691,12.949465
JVASP-15898,4,Ta,52.490192,12.709046,63.298298
JVASP-15898,5,Ta,52.490192,12.709048,63.2983
JVASP-15898,6,Ta,124.09085,32.314014,141.9315
JVASP-20079,0,B,4.3352427,29.094877,32.310448
JVASP-20079,1,B,4.3352427,29.094877,32.310448
JVASP-20079,2,Ta,68.495926,21.302618,87.17041
JVASP-20079,3,Ta,68.495926,21.302616,87.1704
JVASP-19601,0,B,19.976908,115.58994,135.56685
JVASP-19601,1,B,19.976908,115.58996,135.56688
JVASP-19601,2,Ta,73.509476,83.31364,21.267357
JVASP-19601,3,Ta,73.51663,83.31359,21.26152
JVASP-19601,4,Ta,73.509476,83.31363,21.267353
JVASP-19601,5,Ta,73.51663,83.3136,21.261528
JVASP-21887,0,Ta,56.43951,47.148624,9.290889
JVASP-21887,1,Ta,56.43951,47.14862,9.29089
JVASP-21887,2,Ta,37.183605,52.19741,88.43983
JVASP-21887,3,Ta,37.183605,52.197414,88.43983
JVASP-21887,4,Ta,37.183605,52.197414,88.43983
JVASP-21887,5,Ta,37.183605,52.197414,88.43983
JVASP-21887,6,B,2.0597017,21.65887,20.605583
JVASP-21887,7,B,2.0597017,21.658875,20.605587
JVASP-21887,8,B,2.0597017,21.65887,20.605585
JVASP-21887,9,B,2.0597017,21.65887,20.605583
JVASP-36009,0,V,0.0,0.0,0.0
JVASP-36009,1,Co,0.0,0.0,0.0
JVASP-19769,0,V,37.661724,25.696255,11.9654665
JVASP-19769,1,V,37.661724,25.696257,11.9654665
JVASP-19769,2,V,37.661724,25.696253,11.965468
JVASP-19769,3,V,37.661724,25.696249,11.965473
JVASP-19769,4,V,37.661724,25.696245,11.965477
JVASP-19769,5,V,37.661724,25.696253,11.965471
JVASP-19769,6,Co,0.0,0.0,0.0
JVASP-19769,7,Co,0.0,0.0,0.0
JVASP-36654,0,V,0.0,0.0,0.0
JVASP-36654,1,Co,3.8220205,22.449375,26.271395
JVASP-36654,2,Co,3.8220205,22.449385,26.271404
JVASP-36654,3,Co,3.8220205,22.449377,26.271399
JVASP-78408,0,V,0.0,0.0,0.0
JVASP-78408,1,Co,0.0,0.0,0.0
JVASP-30026,0,V,99.39417,0.019207109,99.41338
JVASP-30026,1,Co,38.394016,7.409874,44.417374
JVASP-30026,2,Co,38.394016,7.409872,44.417374
JVASP-30026,3,Co,38.395084,7.409863,44.418365
JVASP-25387,0,Re,87.10557,0.29804796,87.40362
JVASP-25387,1,Re,35.869213,0.32429454,35.544952
JVASP-25387,2,Re,35.869213,0.32379606,35.545452
JVASP-25352,0,Re,0.03931921,1.3472628e-05,0.039317764
JVASP-980,0,Re,70.779236,0.11262575,70.66661
JVASP-980,1,Re,70.779236,0.112624854,70.66661
JVASP-981,0,Re,75.16831,0.11466725,75.05365
JVASP-981,1,Re,75.16831,0.11466657,75.05365
JVASP-982,0,Re,73.98194,0.35437992,73.62756
JVASP-982,1,Re,73.98194,0.35438722,73.627556
JVASP-19701,0,Mn,0.0031622779,0.00011248382,0.0032141544
JVASP-19701,1,Te,0.0,0.0,0.0
JVASP-36328,0,Mn,0.0,0.0,0.0
JVASP-36328,1,Te,0.0,0.0,0.0
JVASP-14699,0,Mn,44.877098,10.235419,34.64168
JVASP-14699,1,Mn,44.877098,10.235418,34.64168
JVASP-14699,2,Te,74.29793,35.163956,109.46188
JVASP-14699,3,Te,74.29793,35.163956,109.46188
JVASP-53303,0,Mn,62.17592,18.574142,80.62328
JVASP-53303,1,Mn,74.84638,66.00677,138.2635
JVASP-53303,2,Mn,74.849335,66.00751,138.26732
JVASP-53303,3,Mn,62.17899,18.57626,80.62873
JVASP-53303,4,Te,47.718357,35.66158,74.03621
JVASP-53303,5,Te,65.53955,52.646603,115.23302
JVASP-53303,6,Te,47.7259,35.670174,74.05473
JVASP-53303,7,Te,65.53492,52.648685,115.23242
JVASP-80098,0,Mn,44.86608,10.215938,34.650143
JVASP-80098,1,Mn,44.86608,10.215938,34.650143
JVASP-80098,2,Te,74.264854,35.164246,109.4291
JVASP-80098,3,Te,74.264854,35.16425,109.429115
JVASP-19699,0,Cd,9.029584,35.85056,28.206194
JVASP-19699,1,Cd,9.029584,35.85056,28.206192
JVASP-19699,2,Au,19.430523,23.609089,19.223293
JVASP-19699,3,Au,19.430523,23.609089,19.223295
JVASP-15047,0,Cd,0.0,0.0,0.0
JVASP-15047,1,Au,0.0,0.0,0.0
JVASP-4340,0,Cd,9.029584,35.849945,28.205513
JVASP-4340,1,Cd,9.029584,35.849945,28.205511
JVASP-4340,2,Au,19.429987,23.608904,19.221586
JVASP-4340,3,Au,19.429987,23.608906,19.221584
JVASP-41341,0,Cd,0.086959764,14.138113,14.225069
JVASP-41341,1,Cd,0.08656019,14.138116,14.224665
JVASP-41341,2,Au,51.62857,25.980057,26.032936
JVASP-41341,3,Au,51.630054,25.978247,26.036125
JVASP-41341,4,Au,51.62857,25.98006,26.032934
JVASP-41341,5,Au,51.62857,25.980053,26.03294
JVASP-41341,6,Au,51.630054,25.978249,26.036121
JVASP-41341,7,Au,51.62857,25.98005,26.032944
JVASP-19648,0,Cd,0.0,0.0,0.0
JVASP-19648,1,Au,66.660416,39.53369,27.12672
JVASP-19648,2,Au,66.660416,39.53369,27.126722
JVASP-19648,3,Au,66.660416,39.533688,27.126726
JVASP-19765,0,V,16.257263,10.4381695,5.819094
JVASP-19765,1,V,16.257263,10.438169,5.819095
JVASP-19765,2,V,16.257263,10.438162,5.8191023
JVASP-19765,3,V,16.257263,10.438159,5.8191047
JVASP-19765,4,V,16.257263,10.438164,5.8191
JVASP-19765,5,V,16.257263,10.43816,5.8191032
JVASP-19765,6,Rh,0.0,0.0,0.0
JVASP-19765,7,Rh,0.0,0.0,0.0
JVASP-39547,0,V,25.957403,9.781108,35.353905
JVASP-39547,1,V,25.957403,9.781109,35.35391
JVASP-39547,2,V,25.957403,9.781109,35.35391
JVASP-39547,3,V,25.957403,9.78111,35.35391
JVASP-39547,4,Rh,30.28888,13.154195,22.110369
JVASP-39547,5,Rh,30.28888,13.154197,22.11037
JVASP-39547,6,Rh,30.28888,13.154197,22.110369
JVASP-39547,7,Rh,30.28888,13.154197,22.110369
JVASP-40039,0,V,16.796152,0.30666384,16.489487
JVASP-40039,1,V,16.796152,0.3066616,16.48949
JVASP-40039,2,Rh,33.78512,11.698719,28.247194
JVASP-40039,3,Rh,33.790154,11.698534,28.249887
JVASP-40039,4,Rh,33.790154,11.698533,28.249887
JVASP-40039,5,Rh,33.78512,11.698719,28.24719
JVASP-40039,6,Rh,33.789997,11.698533,28.24957
JVASP-40039,7,Rh,33.789997,11.698532,28.24957
JVASP-19616,0,V,0.0,0.0,0.0
JVASP-19616,1,Rh,31.275902,34.870197,3.5942967
JVASP-19616,2,Rh,31.275902,34.8702,3.594301
JVASP-19616,3,Rh,31.275902,34.8702,3.5942986
JVASP-19640,0,V,4.6540303,14.1417,18.79573
JVASP-19640,1,Rh,63.201736,39.340923,23.86081
JVASP-18373,0,H,0.0,0.0,0.0
JVASP-18373,1,Br,0.0,0.0,0.0
JVASP-51343,0,H,18.385231,552.1352,534.37103
JVASP-51343,1,H,18.385231,552.1352,534.37103
JVASP-51343,2,H,18.385231,552.1352,534.3711
JVASP-51343,3,H,18.385231,552.1352,534.3711
JVASP-51343,4,Br,710.70374,325.4337,455.59406
JVASP-51343,5,Br,710.70374,325.4337,455.59406
JVASP-51343,6,Br,710.70374,325.4337,455.59406
JVASP-51343,7,Br,710.70374,325.4337,455.59402
JVASP-51393,0,H,11.741221,335.24078,323.49957
JVASP-51393,1,H,11.741221,335.24075,323.4995
JVASP-51393,2,Br,841.58185,483.98608,357.59573
JVASP-51393,3,Br,841.58185,483.98608,357.59573
JVASP-8757,0,H,18.33362,548.22327,530.63367
JVASP-8757,1,H,18.33362,548.22327,530.63367
JVASP-8757,2,H,18.33362,548.22327,530.63367
JVASP-8757,3,H,18.33362,548.22327,530.63367
JVASP-8757,4,Br,710.1343,348.90738,430.16006
JVASP-8757,5,Br,710.1343,348.90735,430.1601
JVASP-8757,6,Br,710.1343,348.90735,430.1601
JVASP-8757,7,Br,710.1343,348.90735,430.1601
JVASP-4705,0,Au,64.38606,22.323685,42.062378
JVASP-4705,1,Au,64.38606,22.323685,42.062378
JVASP-4705,2,Se,117.35995,131.06015,13.700199
JVASP-4705,3,Se,117.35995,131.06015,13.700198
JVASP-1423,0,Se,156.88115,60.128757,183.2178
JVASP-1423,1,Se,156.88115,60.12876,183.2178
JVASP-1423,2,Au,439.07275,40.503857,478.92532
JVASP-1423,3,Au,708.3848,58.951027,761.19824
JVASP-29620,0,Au,433.71222,95.741905,528.81305
JVASP-29620,1,Au,433.71222,95.74191,528.81305
JVASP-29620,2,Au,663.41583,124.6192,786.69775
JVASP-29620,3,Au,663.41583,124.6192,786.69775
JVASP-29620,4,Se,179.5812,63.15271,136.59267
JVASP-29620,5,Se,182.6018,58.52255,145.4268
JVASP-29620,6,Se,182.6018,58.522545,145.4268
JVASP-29620,7,Se,179.5812,63.152718,136.59267
JVASP-16302,0,Au,64.386475,22.323647,42.062824
JVASP-16302,1,Au,64.386475,22.323647,42.062828
JVASP-16302,2,Se,117.35995,131.06024,13.700284
JVASP-16302,3,Se,117.35995,131.06024,13.700281
JVASP-34241,0,O,232.65416,280.9218,52.088116
JVASP-34241,1,K,11.993659,3.7771306,15.770789
JVASP-34241,2,O,232.66086,280.91052,52.069534
JVASP-34241,3,O,232.66008,280.91052,52.070686
JVASP-34241,4,Cl,366.38934,113.97372,252.4156
JVASP-34761,0,K,13.295732,11.281202,17.018799
JVASP-34761,1,K,13.295732,11.281201,17.018797
JVASP-34761,2,Cl,352.48715,71.04944,285.18045
JVASP-34761,3,Cl,352.48715,71.04943,285.18045
JVASP-34761,4,O,230.83096,216.59175,26.691235
JVASP-34761,5,O,230.83096,216.59175,26.691246
JVASP-34761,6,O,230.83096,216.59175,26.691246
JVASP-34761,7,O,230.83096,216.59175,26.691244
JVASP-34761,8,O,232.34424,205.71968,34.92807
JVASP-34761,9,O,232.34424,205.71967,34.928062
JVASP-53363,0,K,100.31875,50.782837,49.783657
JVASP-53363,1,K,100.28745,49.83972,51.136158
JVASP-53363,2,K,100.28745,49.840347,51.13561
JVASP-53363,3,K,106.83286,57.158634,49.67423
JVASP-53363,4,K,106.832855,57.15885,49.67401
JVASP-53363,5,K,100.229195,48.8555,52.326683
JVASP-53363,6,Cl,3.300157,8.810286,7.034107
JVASP-53363,7,Cl,3.300673,8.780732,7.036489
JVASP-53363,8,O,1.8947185,1.6064652,1.9236135
JVASP-53363,9,O,1.8947185,1.6076502,1.9241574
JVASP-8748,0,O,309.73843,129.0792,182.74857
JVASP-8748,1,O,309.73843,129.07918,182.74857
JVASP-8748,2,O,309.73923,129.07918,182.74931
JVASP-8748,3,O,309.73923,129.07918,182.74931
JVASP-8748,4,Cl,648.56726,66.36834,584.6611
JVASP-8748,5,Cl,648.56726,66.36834,584.6611
JVASP-8748,6,K,12.224095,45.28548,37.067265
JVASP-8748,7,K,12.224095,45.28548,37.067265
JVASP-76857,0,Ca,8.649585,69.895874,61.255474
JVASP-76857,1,Ca,8.649585,69.895874,61.255474
JVASP-76857,2,Ca,8.649585,69.895874,61.255474
JVASP-76857,3,Ca,8.649585,69.89587,61.255466
JVASP-76857,4,Tl,224.7535,62.449642,165.17235
JVASP-76857,5,Tl,224.7535,62.449642,165.17235
JVASP-76857,6,Hg,60.563206,124.705055,175.86919
JVASP-76857,7,Hg,60.563206,124.70506,175.86919
JVASP-76876,0,Ca,11.173551,29.654305,35.750748
JVASP-76876,1,Ca,11.173551,29.654305,35.750748
JVASP-76876,2,Tl,583.21155,41.64919,587.58563
JVASP-76876,3,Tl,583.21155,41.64919,587.58563
JVASP-76876,4,Hg,60.63212,99.116646,72.1009
JVASP-76876,5,Hg,60.63212,99.11664,72.1009
JVASP-76876,6,Hg,60.63212,99.11664,72.1009
JVASP-76876,7,Hg,60.63212,99.11665,72.1009
JVASP-81080,0,Ca,8.649585,69.895874,61.255474
JVASP-81080,1,Ca,8.649585,69.895874,61.255474
JVASP-81080,2,Ca,8.649585,69.895874,61.255478
JVASP-81080,3,Ca,8.649585,69.895874,61.255474
JVASP-81080,4,Tl,224.7535,62.449642,165.17235
JVASP-81080,5,Tl,224.7535,62.449642,165.17235
JVASP-81080,6,Hg,60.563206,124.705055,175.86917
JVASP-81080,7,Hg,60.563206,124.705055,175.86917
JVASP-81120,0,Ca,11.089541,29.782503,35.740696
JVASP-81120,1,Ca,11.089541,29.782503,35.740696
JVASP-81120,2,Tl,582.89453,41.941696,587.1293
JVASP-81120,3,Tl,582.89453,41.94169,587.1292
JVASP-81120,4,Hg,60.73729,98.73815,71.97544
JVASP-81120,5,Hg,60.73729,98.73815,71.97544
JVASP-81120,6,Hg,60.73729,98.73815,71.97544
JVASP-81120,7,Hg,60.73729,98.73816,71.97545
JVASP-86171,0,Ba,11.341138,7.5184298,18.859568
JVASP-86171,1,Ba,11.341138,7.5184293,18.859568
JVASP-86171,2,Sb,321.01666,77.774376,398.79102
JVASP-86171,3,Sb,321.01666,77.774376,398.79102
JVASP-86171,4,Au,493.5489,91.476845,402.07208
JVASP-86171,5,Au,493.5489,91.476845,402.07208
JVASP-86773,0,Ba,11.341138,7.5184264,18.859564
JVASP-86773,1,Ba,11.341138,7.5184317,18.85957
JVASP-86773,2,Sb,321.01666,77.774376,398.79102
JVASP-86773,3,Sb,321.01666,77.77437,398.79102
JVASP-86773,4,Au,493.5489,91.47686,402.07202
JVASP-86773,5,Au,493.5489,91.476845,402.07208
JVASP-86905,0,Ba,19.053064,21.293604,26.326895
JVASP-86905,1,Ba,19.053064,21.293604,26.326895
JVASP-86905,2,Sb,269.7571,54.825073,217.40329
JVASP-86905,3,Sb,269.7571,54.82507,217.40329
JVASP-86905,4,Sb,53.640823,12.440964,59.568073
JVASP-86905,5,Sb,53.640823,12.440968,59.568077
JVASP-86905,6,Au,31.388504,40.93895,32.48602
JVASP-86905,7,Au,134.21733,41.94037,94.890816
JVASP-86905,8,Au,134.21733,41.940365,94.890816
JVASP-86905,9,Au,31.388504,40.938953,32.48602
JVASP-16341,0,Ba,36.28184,1.9016688,38.18351
JVASP-16341,1,Ba,36.28184,1.9016699,38.183514
JVASP-16341,2,Sb,212.4026,7.7487,220.15129
JVASP-16341,3,Sb,212.4026,7.7486997,220.15129
JVASP-16341,4,Au,18.707977,1.6913474,17.01663
JVASP-16341,5,Au,18.707977,1.6913475,17.01663
JVASP-34266,0,O,348.0064,49.26201,390.823
JVASP-34266,1,O,348.00568,49.26183,390.8222
JVASP-34266,2,O,348.00598,49.26201,390.82263
JVASP-34266,3,O,348.00558,49.261833,390.82214
JVASP-34266,4,Al,84.86131,163.23296,78.37164
JVASP-34266,5,P,434.42484,38.673847,473.09866
JVASP-4564,0,O,123.03632,124.72399,4.612366
JVASP-4564,1,O,123.03721,124.721466,4.610345
JVASP-4564,2,O,123.03689,124.722595,4.611916
JVASP-4564,3,O,123.03716,124.7226,4.610721
JVASP-4564,4,Al,0.44187102,4.475701,4.917571
JVASP-4564,5,P,2.7303512,8.242639,10.97299
JVASP-4828,0,O,127.382706,98.1622,40.91001
JVASP-4828,1,O,127.382706,98.16222,40.910007
JVASP-4828,2,O,127.382706,98.16221,40.910015
JVASP-4828,3,O,127.382706,98.1622,40.910015
JVASP-4828,4,O,137.07578,79.265305,68.097115
JVASP-4828,5,O,137.07578,79.26531,68.09692
JVASP-4828,6,O,137.07571,79.26531,68.09695
JVASP-4828,7,O,137.07571,79.265305,68.09676
JVASP-4828,8,Al,46.852585,35.67176,81.6041
JVASP-4828,9,Al,46.852585,35.67176,81.6041
JVASP-4828,10,P,25.290247,23.242596,48.426983
JVASP-4828,11,P,25.290247,23.242596,48.42698
JVASP-13743,0,O,127.384636,98.15825,40.89694
JVASP-13743,1,O,127.384636,98.15825,40.896942
JVASP-13743,2,O,127.384636,98.15825,40.89694
JVASP-13743,3,O,127.384636,98.15824,40.896942
JVASP-13743,4,O,137.07832,79.26493,68.086075
JVASP-13743,5,O,137.07861,79.264915,68.08647
JVASP-13743,6,O,137.07812,79.26493,68.08609
JVASP-13743,7,O,137.07812,79.26494,68.085884
JVASP-13743,8,Al,46.884407,35.685974,81.645615
JVASP-13743,9,Al,46.884407,35.685974,81.645615
JVASP-13743,10,P,25.267069,23.238993,48.400146
JVASP-13743,11,P,25.266592,23.238987,48.399666
JVASP-18023,0,U,23.537148,3.689526,19.847622
JVASP-18023,1,Ga,147.32004,98.90919,58.362637
JVASP-18023,2,Ga,147.32004,98.90918,58.36265
JVASP-18023,3,Ga,147.32004,98.909195,58.36263
JVASP-18023,4,Ga,147.32004,98.90919,58.36264
JVASP-18023,5,Ga,108.66671,27.61571,81.051
JVASP-18023,6,Ni,29.70333,29.304537,0.39879248
JVASP-18044,0,U,422.213,13.729967,435.90207
JVASP-18044,1,U,422.2152,13.730147,435.9044
JVASP-18044,2,U,422.213,13.729967,435.90207
JVASP-18044,3,Ga,39.013416,15.037745,42.421265
JVASP-18044,4,Ga,39.014336,15.037569,42.42229
JVASP-18044,5,Ga,39.013416,15.037746,42.421265
JVASP-18044,6,Ni,57.4834,3.4011028,60.884502
JVASP-18044,7,Ni,57.4834,3.4011025,60.884502
JVASP-18044,8,Ni,9.678354,2.1331747,11.811526
JVASP-14384,0,U,175.46921,38.010475,213.47968
JVASP-14384,1,U,175.46921,38.010475,213.47968
JVASP-14384,2,Ga,46.629128,40.254387,21.382536
JVASP-14384,3,Ga,43.557644,15.071078,58.628723
JVASP-14384,4,Ga,46.629128,40.254387,21.382536
JVASP-14384,5,Ga,46.629128,40.254387,21.382536
JVASP-14384,6,Ga,43.557644,15.071082,58.628727
JVASP-14384,7,Ga,46.629128,40.254387,21.382536
JVASP-14384,8,Ni,16.885965,28.5991,11.713136
JVASP-14384,9,Ni,16.885965,28.5991,11.713136
JVASP-18854,0,Ni,16.890469,28.598501,11.708047
JVASP-18854,1,Ga,46.740112,40.2548,21.474953
JVASP-18854,2,Ga,43.5373,15.07168,58.608982
JVASP-18854,3,Ga,46.74191,40.25478,21.474342
JVASP-18854,4,U,175.78358,38.00998,213.79358
JVASP-19954,0,As,0.0,0.0,0.0
JVASP-19954,1,Sm,0.00489898,4.8369457e-05,0.004918209
JVASP-36404,0,Sm,96.20371,4.13298,100.33669
JVASP-36404,1,As,189.91058,13.75389,176.15668
JVASP-39082,0,Sm,128.21936,34.951202,93.26816
JVASP-39082,1,As,99.31619,46.128418,53.187775
JVASP-39082,2,As,99.31619,46.128418,53.187775
JVASP-39082,3,As,371.11487,42.35322,328.76163
JVASP-37217,0,Sm,0.0,0.0,0.0
JVASP-37217,1,As,244.34232,66.865326,177.47699
JVASP-37217,2,As,244.34232,66.865326,177.47699
JVASP-37217,3,As,244.34233,66.865326,177.47699
JVASP-36236,0,Sm,39.054832,18.19731,20.85773
JVASP-36236,1,Hg,347.57364,161.13193,186.44173
JVASP-36236,2,Hg,347.57364,161.13193,186.4417
JVASP-37282,0,Sm,57.70753,61.721462,119.42899
JVASP-37282,1,Sm,57.70753,61.721462,119.42899
JVASP-37282,2,Sm,209.56364,12.596279,222.15993
JVASP-37282,3,Hg,115.39546,7.892655,107.50281
JVASP-37566,0,Sm,71.07432,18.430784,88.19375
JVASP-37566,1,Sm,71.07167,18.430716,88.19092
JVASP-37566,2,Sm,71.07167,18.430716,88.19092
JVASP-37566,3,Sm,71.07432,18.430784,88.19375
JVASP-37566,4,Sm,71.07167,18.430716,88.19092
JVASP-37566,5,Sm,71.07167,18.430716,88.19092
JVASP-37566,6,Hg,5.7122107,6.641847,12.354057
JVASP-37566,7,Hg,5.7122107,6.6418486,12.354059
JVASP-78490,0,Sm,23.325907,48.956867,41.671185
JVASP-78490,1,Sm,23.325907,48.95687,41.671185
JVASP-78490,2,Hg,34.886414,33.83531,8.151563
JVASP-78490,3,Hg,34.886414,33.835316,8.151564
JVASP-78490,4,Hg,34.886414,33.83531,8.151561
JVASP-78490,5,Hg,34.886414,33.835316,8.151562
JVASP-1315,0,S,0.0,0.0,0.0
JVASP-1315,1,Ba,0.002,1.9979077e-05,0.0020190855
JVASP-2088,0,Ba,37.965458,18.081017,56.04647
JVASP-2088,1,Ba,37.965458,18.08102,56.04648
JVASP-2088,2,S,318.24072,201.97163,123.393
JVASP-2088,3,S,318.24072,201.97163,123.393
JVASP-2088,4,S,333.58383,215.92563,117.86817
JVASP-2088,5,S,333.58383,215.92563,117.86817
JVASP-2088,6,S,318.24072,201.97163,123.393
JVASP-2088,7,S,318.24072,201.97163,123.393
JVASP-12975,0,S,334.33688,126.21803,209.95526
JVASP-12975,1,S,334.33734,126.21801,209.95584
JVASP-12975,2,S,334.33716,126.218056,209.9556
JVASP-12975,3,S,334.3362,126.21808,209.95462
JVASP-12975,4,S,19.521168,27.914015,38.58847
JVASP-12975,5,S,19.521566,27.914017,38.588936
JVASP-12975,6,Ba,83.28497,2.589888,80.74529
JVASP-12975,7,Ba,83.286736,2.5898604,80.747086
JVASP-12975,8,Ba,140.09038,24.403202,149.86568
JVASP-12975,9,Ba,140.08948,24.403183,149.86479
JVASP-2100,0,S,330.10007,206.29468,127.16706
JVASP-2100,1,S,330.10107,206.29465,127.16808
JVASP-2100,2,S,330.10107,206.29465,127.16808
JVASP-2100,3,S,330.10007,206.29468,127.16706
JVASP-2100,4,Ba,30.828854,17.733845,36.50601
JVASP-2100,5,Ba,30.828854,17.733845,36.506012
JVASP-18214,0,Mn,38.536266,34.37005,4.166222
JVASP-18214,1,Mn,38.536266,34.370045,4.166222
JVASP-18214,2,Ge,75.81273,21.083185,54.729546
JVASP-18214,3,Ge,75.81273,21.083183,54.72955
JVASP-18214,4,Ba,132.53297,41.013077,91.519905
JVASP-5125,0,Mn,38.536266,34.37004,4.1662273
JVASP-5125,1,Mn,38.536266,34.37005,4.1662197
JVASP-5125,2,Ge,75.81273,21.083187,54.729546
JVASP-5125,3,Ge,75.81273,21.083189,54.729546
JVASP-5125,4,Ba,132.53297,41.013077,91.519905
JVASP-65469,0,Ba,321.9887,3.0889492,318.89975
JVASP-65469,1,Mn,51.191887,6.980771,58.172657
JVASP-65469,2,Ge,214.30585,48.339397,165.96646
JVASP-65469,3,Ge,136.83014,44.62621,92.203926
JVASP-8433,0,Ba,23.337105,38.286854,61.62396
JVASP-8433,1,Ba,23.337105,38.286854,61.62396
JVASP-8433,2,Mn,43.189404,2.5605755,40.628826
JVASP-8433,3,Mn,43.189404,2.5605762,40.628826
JVASP-8433,4,Ge,41.317993,1.6543148,42.972305
JVASP-8433,5,Ge,41.317993,1.654313,42.972305
JVASP-35786,0,Hf,43.223694,42.01597,1.2077289
JVASP-35786,1,Au,84.63967,114.893974,30.254305
JVASP-35786,2,Au,84.63967,114.89398,30.254314
JVASP-18607,0,Hf,37.703995,21.992765,15.711233
JVASP-18607,1,Hf,37.703995,21.992764,15.711236
JVASP-18607,2,Au,295.26746,0.4941188,295.76157
JVASP-36135,0,Hf,136.71092,27.311478,109.399445
JVASP-36135,1,Hf,136.71092,27.311478,109.399445
JVASP-36135,2,Au,188.99365,44.68484,144.3088
JVASP-36135,3,Au,188.99365,44.68484,144.3088
JVASP-38616,0,Hf,40.16265,7.5357766,47.698425
JVASP-38616,1,Hf,40.16265,7.535779,47.698433
JVASP-38616,2,Hf,40.16265,7.5357785,47.698433
JVASP-38616,3,Au,0.0,0.0,0.0
JVASP-14501,0,Nd,0.0,0.0,0.0
JVASP-14501,1,Pd,77.33447,0.78990865,76.54457
JVASP-14501,2,Pd,77.33447,0.7899103,76.54456
JVASP-14501,3,Pd,77.33447,0.78990495,76.54457
JVASP-37136,0,Nd,33.027447,9.999742,40.027596
JVASP-37136,1,Nd,33.027447,9.999736,40.027588
JVASP-37136,2,Pd,62.606068,53.703827,16.877066
JVASP-37136,3,Pd,62.606068,53.70383,16.877068
JVASP-78499,0,Nd,283.75705,291.1655,7.408458
JVASP-78499,1,Nd,283.75705,291.1655,7.4084425
JVASP-78499,2,Pd,178.04361,165.04196,13.001645
JVASP-78499,3,Pd,178.04361,165.04195,13.001664
JVASP-78499,4,Pd,178.04361,165.04195,13.001664
JVASP-78499,5,Pd,178.04361,165.04195,13.001664
JVASP-79045,0,Nd,137.88504,30.511478,168.39651
JVASP-79045,1,Nd,137.88504,30.511478,168.39651
JVASP-79045,2,Nd,178.122,8.068969,170.05304
JVASP-79045,3,Nd,137.88504,30.51148,168.39651
JVASP-79045,4,Nd,137.88504,30.511482,168.39651
JVASP-79045,5,Nd,178.122,8.068966,170.05304
JVASP-79045,6,Pd,73.63901,13.879073,87.51808
JVASP-79045,7,Pd,73.63901,13.879072,87.51808
JVASP-22548,0,N,3.7477193,11.316585,7.5688653
JVASP-22548,1,N,3.7477193,11.316585,7.568865
JVASP-22548,2,O,295.91736,146.81299,168.17754
JVASP-22548,3,O,295.91736,146.813,168.17754
JVASP-22548,4,O,295.91736,146.81299,168.17755
JVASP-22548,5,O,295.91736,146.81299,168.17754
JVASP-22548,6,O,295.91858,146.81297,168.17857
JVASP-22548,7,O,295.91858,146.81299,168.17856
JVASP-22548,8,Rb,16.818197,26.394192,9.575994
JVASP-22548,9,Rb,16.818197,26.394192,9.575994
JVASP-11136,0,Rb,42.77645,21.072763,28.540743
JVASP-11136,1,Rb,42.77645,21.072767,28.540737
JVASP-11136,2,N,5.7497754,36.64779,30.966118
JVASP-11136,3,N,5.7497754,36.64779,30.966118
JVASP-11136,4,O,295.03882,155.07747,166.23447
JVASP-11136,5,O,295.03882,155.07745,166.2345
JVASP-11136,6,O,295.18744,197.9753,123.710526
JVASP-11136,7,O,295.18744,197.9753,123.710526
JVASP-11136,8,O,295.03882,155.07747,166.23448
JVASP-11136,9,O,295.03882,155.07747,166.23448
JVASP-38157,0,Rb,37.573666,6.2398944,40.13648
JVASP-38157,1,Rb,37.573666,6.239896,40.13648
JVASP-38157,2,Rb,37.573666,6.2398963,40.13648
JVASP-38157,3,Rb,37.573666,6.239896,40.13648
JVASP-38157,4,N,119.34893,15.912926,135.26187
JVASP-38157,5,O,3.9526598,21.84666,17.894003
JVASP-52489,0,Rb,8.482583,3.528662,12.011246
JVASP-52489,1,N,3.1377964,31.68663,34.82443
JVASP-52489,2,O,295.84293,124.9596,177.3471
JVASP-52489,3,O,295.84293,124.95961,177.3471
JVASP-52489,4,O,295.84296,124.95961,177.3471
JVASP-15625,0,F,92.20748,96.22114,4.0136566
JVASP-15625,1,F,147.91823,162.45293,17.924664
JVASP-15625,2,F,92.20748,96.22113,4.013653
JVASP-15625,3,F,147.919,162.45294,17.92387
JVASP-15625,4,K,10.2260275,3.2157636,7.0102634
JVASP-15625,5,K,10.2260275,3.2157667,7.0102606
JVASP-15625,6,Cu,49.53282,2.6394823,52.172306
JVASP-34544,0,K,80.241776,0.7365355,79.50523
JVASP-34544,1,K,80.241776,0.73653966,79.50523
JVASP-34544,2,Cu,92.045876,78.7646,49.95912
JVASP-34544,3,Cu,92.05318,78.7646,49.97028
JVASP-34544,4,F,250.7594,203.81096,46.948444
JVASP-34544,5,F,156.43166,128.2846,48.552017
JVASP-34544,6,F,156.43227,128.28459,48.551327
JVASP-34544,7,F,250.7594,203.81097,46.94844
JVASP-34544,8,F,156.43166,128.28462,48.552013
JVASP-34544,9,F,156.43227,128.28458,48.55133
JVASP-57800,0,K,0.0,0.0,0.0
JVASP-57800,1,Cu,0.0,0.0,0.0
JVASP-57800,2,F,172.00479,183.21956,11.214759
JVASP-57800,3,F,172.00479,183.21957,11.214762
JVASP-57800,4,F,172.0048,183.21956,11.214759
JVASP-9428,0,F,175.52176,167.51038,14.760835
JVASP-9428,1,F,175.52023,167.51018,14.75976
JVASP-9428,2,F,175.52023,167.51018,14.75976
JVASP-9428,3,F,175.52176,167.51038,14.760835
JVASP-9428,4,F,175.5038,160.74413,14.759672
JVASP-9428,5,F,175.5038,160.74413,14.7596655
JVASP-9428,6,K,0.008755951,3.501034,3.4925947
JVASP-9428,7,K,0.008755951,3.501034,3.4925947
JVASP-9428,8,Cu,0.56353587,12.695598,12.700549
JVASP-9428,9,Cu,0.5836837,12.695898,12.683029
JVASP-25892,0,Co,140.57071,2.9930158,143.36523
JVASP-25892,1,Co,140.57071,2.9930136,143.36523
JVASP-25892,2,F,89.09583,151.77745,63.334015
JVASP-25892,3,F,89.09583,151.77745,63.334015
JVASP-25892,4,F,89.09583,151.77745,63.334015
JVASP-25892,5,F,89.09583,151.77745,63.334015
JVASP-22514,0,Co,145.60114,15.85135,161.24765
JVASP-22514,1,Co,145.60114,15.851353,161.24765
JVASP-22514,2,F,81.39967,172.08102,91.21044
JVASP-22514,3,F,81.39967,172.08101,91.21042
JVASP-22514,4,F,81.39967,172.08101,91.21042
JVASP-22514,5,F,81.39967,172.08102,91.21044
JVASP-57093,0,Co,16.243856,12.200199,4.0436573
JVASP-57093,1,Co,16.243856,12.200174,4.0436816
JVASP-57093,2,F,254.0213,193.19836,73.890305
JVASP-57093,3,F,254.02086,193.19836,73.89055
JVASP-57093,4,F,254.02087,193.19835,73.88979
JVASP-57093,5,F,254.02086,193.19836,73.89055
JVASP-57093,6,F,254.0213,193.19836,73.89031
JVASP-57093,7,F,254.02087,193.19835,73.889786
JVASP-57501,0,Co,0.0,0.0,0.0
JVASP-57501,1,F,205.21663,118.06276,87.153854
JVASP-57501,2,F,205.21663,118.06274,87.153885
JVASP-57501,3,F,205.21663,118.06274,87.15388
JVASP-20624,0,Ce,44.97141,19.030367,25.94104
JVASP-20624,1,Ga,18.860662,17.77461,36.635273
JVASP-20624,2,Ga,18.860662,17.774607,36.63527
JVASP-17552,0,Ce,229.82256,12.155967,241.97855
JVASP-17552,1,Ce,229.82257,12.155966,241.97855
JVASP-17552,2,Ce,229.82257,12.155965,241.97855
JVASP-17552,3,Ga,0.0,0.0,0.0
JVASP-79474,0,Ce,34.382584,5.023032,38.524063
JVASP-79474,1,Ce,34.382584,5.023035,38.524067
JVASP-79474,2,Ga,34.783997,17.284676,51.79706
JVASP-79474,3,Ga,34.783997,17.284674,51.79706
JVASP-20433,0,Ce,44.922417,18.987906,25.934513
JVASP-20433,1,Ga,18.895365,17.700209,36.595573
JVASP-20433,2,Ga,18.895365,17.70021,36.595573
JVASP-37137,0,Nd,44.480194,33.700054,14.661017
JVASP-37137,1,Nd,44.480194,33.700054,14.661008
JVASP-37137,2,Nd,44.480194,33.700054,14.66101
JVASP-37137,3,Nd,44.480194,33.700054,14.66101
JVASP-37137,4,Au,183.43419,85.81921,106.662704
JVASP-37137,5,Au,183.43419,85.81921,106.662704
JVASP-37137,6,Au,183.43419,85.81921,106.66271
JVASP-37137,7,Au,183.43419,85.81921,106.662704
JVASP-39975,0,Nd,54.89184,53.206486,1.6853586
JVASP-39975,1,Nd,54.89184,53.20648,1.6853633
JVASP-39975,2,Au,125.088615,95.013115,38.179317
JVASP-39975,3,Au,125.088715,95.01278,38.17861
JVASP-39975,4,Au,125.088715,95.01278,38.178616
JVASP-39975,5,Au,125.08905,95.013115,38.17932
JVASP-39975,6,Au,125.08953,95.01278,38.17932
JVASP-39975,7,Au,125.08953,95.01278,38.179325
JVASP-7698,0,Nd,0.0,0.0,0.0
JVASP-7698,1,Au,0.0,0.0,0.0
JVASP-79044,0,Nd,96.10899,22.883541,118.99254
JVASP-79044,1,Nd,96.10899,22.883545,118.99254
JVASP-79044,2,Nd,219.51102,4.431626,215.0794
JVASP-79044,3,Au,37.093437,22.04362,59.13706
JVASP-36760,0,K,18.334667,40.859615,59.131298
JVASP-36760,1,Ag,48.145847,169.83148,182.44391
JVASP-36760,2,O,175.38234,56.15016,124.58562
JVASP-36760,3,O,175.38234,56.15017,124.58562
JVASP-30515,0,K,9.677933,67.8906,58.51711
JVASP-30515,1,K,9.677933,67.89061,58.517117
JVASP-30515,2,Ag,45.148106,191.19067,199.58221
JVASP-30515,3,Ag,45.148106,191.19067,199.58221
JVASP-30515,4,O,170.7023,12.629075,170.29625
JVASP-30515,5,O,170.7023,12.629075,170.29625
JVASP-30515,6,O,170.7023,12.629075,170.29625
JVASP-30515,7,O,170.7023,12.629072,170.29625
JVASP-36842,0,K,23.073196,49.410015,29.408121
JVASP-36842,1,K,23.073196,49.41002,29.40812
JVASP-36842,2,Ag,72.23285,145.92679,121.20069
JVASP-36842,3,Ag,72.23276,145.92677,121.20026
JVASP-36842,4,O,179.7221,69.483795,135.95778
JVASP-36842,5,O,179.7221,69.4838,135.95776
JVASP-36842,6,O,179.72223,69.48383,135.95763
JVASP-36842,7,O,179.72223,69.48383,135.95763
JVASP-38515,0,K,0.0,0.0,0.0
JVASP-38515,1,Ag,0.0,0.0,0.0
JVASP-38515,2,O,205.30235,127.46302,77.839325
JVASP-38515,3,O,205.30235,127.46303,77.83932
JVASP-38515,4,O,205.30235,127.46302,77.839325
JVASP-17178,0,La,0.0,0.0,0.0
JVASP-17178,1,N,0.0,0.0,0.0
JVASP-14881,0,La,0.0,0.0,0.0
JVASP-14881,1,La,0.0,0.0,0.0
JVASP-14881,2,La,0.0,0.0,0.0
JVASP-14881,3,La,0.0,0.0,0.0
JVASP-14881,4,N,0.0,0.0,0.0
JVASP-14881,5,N,0.0,0.0,0.0
JVASP-14881,6,N,0.0,0.0,0.0
JVASP-14881,7,N,0.0,0.0,0.0
JVASP-79466,0,La,197.62238,33.30294,164.31944
JVASP-79466,1,La,197.62238,33.30294,164.31944
JVASP-79466,2,N,24.292406,51.472233,27.179825
JVASP-79466,3,N,24.292406,51.472233,27.179825
JVASP-86635,0,La,83.51903,17.231676,66.287346
JVASP-86635,1,La,83.51903,17.23168,66.287346
JVASP-86635,2,N,7.218646,6.5354085,0.6832379
JVASP-86635,3,N,7.218646,6.535408,0.6832385
JVASP-50674,0,Li,1.5497118,25.740097,24.190386
JVASP-50674,1,Cu,28.819881,22.867544,5.9523354
JVASP-50674,2,Cu,28.819881,22.867546,5.9523354
JVASP-50674,3,P,0.63523436,9.534674,8.899439
JVASP-50674,4,O,111.26442,71.36649,40.036366
JVASP-50674,5,O,111.26618,71.366486,40.038086
JVASP-50674,6,O,111.26449,71.366486,40.03644
JVASP-50674,7,O,111.26449,71.366486,40.03644
JVASP-50751,0,Li,0.7350687,14.641279,14.152751
JVASP-50751,1,Cu,10.598272,9.328128,15.129827
JVASP-50751,2,Cu,57.233948,17.90794,42.383957
JVASP-50751,3,P,17.195335,17.1449,31.466413
JVASP-50751,4,O,113.739685,79.29961,46.703754
JVASP-50751,5,O,113.73822,79.29888,46.70243
JVASP-50751,6,O,103.37101,86.71178,50.040356
JVASP-50751,7,O,103.37101,86.7112,50.040195
JVASP-52209,0,Li,1.949718,16.23858,18.05851
JVASP-52209,1,Cu,6.0955443,8.082201,6.3108706
JVASP-52209,2,P,106.52598,34.783722,140.60239
JVASP-52209,3,P,106.55241,37.754578,143.16173
JVASP-52209,4,O,113.905914,138.50916,31.81352
JVASP-52209,5,O,113.93006,138.84555,36.40764
JVASP-52209,6,O,192.9937,157.7118,48.54889
JVASP-52209,7,O,192.99089,157.18591,50.13495
JVASP-52209,8,O,113.916374,136.98323,30.974163
JVASP-52209,9,O,113.91902,139.59184,36.10903
JVASP-8650,0,Li,1.722809,0.76967585,0.953134
JVASP-8650,1,Cu,164.42363,9.351377,173.775
JVASP-8650,2,P,2.7826204,2.220736,0.5618843
JVASP-8650,3,O,104.91277,91.017586,38.185802
JVASP-8650,4,O,104.91277,91.0176,38.185745
JVASP-8650,5,O,104.91225,91.01756,38.184914
JVASP-8650,6,O,104.91225,91.01758,38.184887
JVASP-20605,0,Sm,0.0,0.0,0.0
JVASP-20605,1,Zn,0.0,0.0,0.0
JVASP-37296,0,Sm,49.775265,59.792446,109.56771
JVASP-37296,1,Sm,49.775265,59.792446,109.56771
JVASP-37296,2,Sm,190.8814,10.001447,200.88284
JVASP-37296,3,Sm,49.775265,59.792442,109.5677
JVASP-37296,4,Sm,49.775265,59.792446,109.56771
JVASP-37296,5,Sm,190.8814,10.001446,200.88284
JVASP-37296,6,Zn,16.776556,16.031591,0.7449637
JVASP-37296,7,Zn,16.776556,16.031593,0.74496216
JVASP-56792,0,Sm,38.37861,15.969371,54.347977
JVASP-56792,1,Zn,6.1870203,12.505067,9.700778
JVASP-56792,2,Zn,6.1870203,12.505067,9.700778
JVASP-56792,3,Zn,36.360226,53.196575,16.83635
JVASP-56792,4,Zn,6.185563,12.504627,9.697559
JVASP-56792,5,Zn,36.360226,53.19657,16.836346
JVASP-20417,0,Sm,0.0,0.0,0.0
JVASP-20417,1,Zn,0.0,0.0,0.0
JVASP-14941,0,Pr,0.0,0.0,0.0
JVASP-14941,1,Ag,0.0,0.0,0.0
JVASP-38397,0,Pr,76.13667,11.37188,87.50855
JVASP-38397,1,Pr,76.13667,11.371876,87.508545
JVASP-38397,2,Pr,176.19914,15.370552,160.8286
JVASP-38397,3,Pr,76.13667,11.37188,87.50855
JVASP-38397,4,Pr,76.13667,11.371878,87.508545
JVASP-38397,5,Pr,176.19914,15.370551,160.8286
JVASP-38397,6,Ag,14.028228,16.802988,30.831215
JVASP-38397,7,Ag,14.028228,16.802986,30.831215
JVASP-78416,0,Pr,0.0,0.0,0.0
JVASP-78416,1,Ag,0.0,0.0,0.0
JVASP-78662,0,Pr,118.59205,11.197821,107.394226
JVASP-78662,1,Ag,109.26684,98.86927,10.397569
JVASP-78662,2,Ag,109.26684,98.86927,10.397569
JVASP-4119,0,Mg,7.876335,40.315792,32.439457
JVASP-4119,1,H,50.37253,42.322773,8.04976
JVASP-4119,2,H,50.37253,42.322773,8.04976
JVASP-4119,3,O,155.31111,73.456154,81.85497
JVASP-4119,4,O,155.31111,73.45615,81.85497
JVASP-54769,0,Mg,20.33444,100.38225,80.04781
JVASP-54769,1,H,38.537823,108.06901,69.53119
JVASP-54769,2,H,50.49011,34.775864,15.714244
JVASP-54769,3,O,153.62709,74.38062,79.246475
JVASP-54769,4,O,136.51904,46.72149,89.797554
JVASP-8705,0,Mg,3.5493119,26.851854,23.302542
JVASP-8705,1,Mg,3.5493119,26.851854,23.302542
JVASP-8705,2,H,52.566048,56.53768,3.9716327
JVASP-8705,3,H,52.566048,56.53768,3.9716327
JVASP-8705,4,O,170.0399,84.06317,85.97674
JVASP-8705,5,O,170.0399,84.06317,85.97674
JVASP-8705,6,O,17.648575,21.806198,4.157626
JVASP-29829,0,Mg,7.8763356,40.26961,32.393276
JVASP-29829,1,H,50.357834,42.3307,8.027134
JVASP-29829,2,H,50.357834,42.330708,8.027129
JVASP-29829,3,O,155.3005,73.459526,81.84098
JVASP-29829,4,O,155.3005,73.459526,81.84098
JVASP-36782,0,Mn,30.190739,44.458775,16.595518
JVASP-36782,1,Ag,164.83252,102.06823,63.961155
JVASP-36782,2,O,51.412025,24.270823,30.876516
JVASP-36782,3,O,51.412025,24.27082,30.876522
JVASP-36850,0,Mn,31.96401,61.98528,30.021267
JVASP-36850,1,Ag,155.5474,134.53844,21.00896
JVASP-36850,2,O,24.608051,34.026848,9.418799
JVASP-36850,3,O,24.608051,34.02685,9.418801
JVASP-36852,0,Mn,31.357552,61.909412,30.551865
JVASP-36852,1,Mn,31.357552,61.90941,30.551857
JVASP-36852,2,Ag,155.90308,134.24496,21.658125
JVASP-36852,3,Ag,155.90308,134.24495,21.658133
JVASP-36852,4,O,22.768824,34.049145,11.280324
JVASP-36852,5,O,22.768824,34.04915,11.280326
JVASP-36852,6,O,22.768824,34.04915,11.280326
JVASP-36852,7,O,22.768824,34.049145,11.280324
JVASP-43501,0,Mn,14.000152,8.994635,22.994728
JVASP-43501,1,Mn,14.000152,8.994635,22.994728
JVASP-43501,2,Ag,7.449803,29.948244,37.390167
JVASP-43501,3,Ag,7.449803,29.948246,37.39017
JVASP-43501,4,O,67.55545,46.588215,28.09158
JVASP-43501,5,O,67.58903,46.628586,28.077602
JVASP-43501,6,O,67.49029,46.62408,27.958866
JVASP-43501,7,O,67.49029,46.62408,27.95887
JVASP-43501,8,O,67.58903,46.62859,28.0776
JVASP-43501,9,O,67.55545,46.58821,28.091578
JVASP-39055,0,Sm,30.253647,11.499987,18.75366
JVASP-39055,1,Sm,30.253647,11.499987,18.75366
JVASP-39055,2,Ag,42.6114,34.76951,30.295538
JVASP-39055,3,Ag,42.6114,34.76951,30.29554
JVASP-39055,4,Ag,42.611534,34.76793,30.294767
JVASP-39055,5,Ag,42.611534,34.767925,30.294764
JVASP-39055,6,Ag,42.6114,34.769512,30.295534
JVASP-39055,7,Ag,42.6114,34.769512,30.295538
JVASP-14568,0,Sm,0.0,0.0,0.0
JVASP-14568,1,Ag,0.0,0.0,0.0
JVASP-37281,0,Sm,67.47446,38.611347,106.08581
JVASP-37281,1,Sm,67.47446,38.611355,106.085815
JVASP-37281,2,Sm,157.84186,14.7977495,143.04411
JVASP-37281,3,Sm,67.47446,38.611355,106.085815
JVASP-37281,4,Sm,67.47446,38.611347,106.08581
JVASP-37281,5,Sm,157.84186,14.797751,143.04411
JVASP-37281,6,Ag,8.857355,18.053734,26.911089
JVASP-37281,7,Ag,8.857355,18.053734,26.911089
JVASP-37451,0,Sm,71.7783,14.614644,60.27261
JVASP-37451,1,Sm,71.78308,14.614724,60.27771
JVASP-37451,2,Sm,71.7783,14.614645,60.27261
JVASP-37451,3,Sm,71.7783,14.614644,60.272614
JVASP-37451,4,Sm,71.78308,14.614724,60.27771
JVASP-37451,5,Sm,71.7783,14.614644,60.272614
JVASP-37451,6,Ag,13.7036705,3.0506017,10.653069
JVASP-37451,7,Ag,13.7036705,3.0505967,10.653073
JVASP-18655,0,Tb,49.528275,37.72767,87.25594
JVASP-18655,1,Tb,49.528275,37.72767,87.25594
JVASP-18655,2,Cd,74.53116,56.710194,50.763027
JVASP-18655,3,Cd,74.532265,56.7096,50.764652
JVASP-18655,4,Cd,74.53116,56.710194,50.76302
JVASP-18655,5,Cd,74.53116,56.710197,50.763027
JVASP-18655,6,Cd,74.532265,56.7096,50.764652
JVASP-18655,7,Cd,74.53116,56.710197,50.763023
JVASP-18949,0,Tb,0.0,0.0,0.0
JVASP-18949,1,Cd,0.0,0.0,0.0
JVASP-18654,0,Tb,10.689166,5.068319,15.757485
JVASP-18654,1,Cd,147.36742,147.55873,0.1913174
JVASP-18654,2,Cd,147.36742,147.55873,0.1913174
JVASP-78530,0,Tb,16.581821,5.0872707,21.66909
JVASP-78530,1,Cd,150.67953,147.57835,3.1011899
JVASP-78530,2,Cd,150.67953,147.57835,3.1011899
JVASP-15008,0,Nb,109.81633,17.996887,91.81945
JVASP-15008,1,Nb,109.81633,17.99689,91.81945
JVASP-15008,2,Nb,109.81634,17.996885,91.81945
JVASP-15008,3,Nb,109.81634,17.996885,91.81946
JVASP-15008,4,Nb,109.81633,17.996895,91.81944
JVASP-15008,5,Nb,109.81633,17.996895,91.81944
JVASP-15008,6,Ga,0.0,0.0,0.0
JVASP-15008,7,Ga,0.0,0.0,0.0
JVASP-20532,0,Ga,147.25613,13.801293,133.45483
JVASP-20532,1,Ga,27.952927,14.167713,13.7852125
JVASP-20532,2,Ga,27.952927,14.167711,13.785214
JVASP-20532,3,Nb,58.90658,3.3442924,55.56229
JVASP-21686,0,Nb,41.264107,47.402607,6.138502
JVASP-21686,1,Nb,41.264107,47.402607,6.138502
JVASP-21686,2,Nb,17.797014,29.517008,17.917496
JVASP-21686,3,Nb,17.797014,29.51701,17.917494
JVASP-21686,4,Nb,17.797014,29.51701,17.917498
JVASP-21686,5,Nb,17.797014,29.517006,17.917494
JVASP-21686,6,Ga,33.38848,7.3362994,26.055994
JVASP-21686,7,Ga,33.38848,7.3363,26.055994
JVASP-21686,8,Ga,33.38848,7.3363004,26.055994
JVASP-21686,9,Ga,33.38848,7.336301,26.055994
JVASP-20261,0,Nb,59.318478,3.3443506,55.974125
JVASP-20261,1,Nb,59.318478,3.34436,55.974113
JVASP-20261,2,Ga,147.1384,13.801215,133.33719
JVASP-20261,3,Ga,28.02951,14.1677475,13.861763
JVASP-20261,4,Ga,28.02951,14.16775,13.86176
JVASP-20261,5,Ga,147.1384,13.801214,133.33719
JVASP-20261,6,Ga,28.02951,14.167748,13.861763
JVASP-20261,7,Ga,28.02951,14.167747,13.861764
JVASP-17642,0,Dy,0.0,0.0,0.0
JVASP-17642,1,In,142.71951,64.12514,78.59438
JVASP-17642,2,In,142.71951,64.12514,78.59438
JVASP-17642,3,In,142.71951,64.12514,78.59438
JVASP-17834,0,Dy,114.25809,69.79205,184.05014
JVASP-17834,1,Dy,114.255226,69.79197,184.04718
JVASP-17834,2,Dy,114.255226,69.79197,184.0472
JVASP-17834,3,In,0.0016329931,0.0005544646,0.0010785417
JVASP-18052,0,Dy,9.58608,50.922516,41.336437
JVASP-18052,1,Dy,9.58608,50.922516,41.336437
JVASP-18052,2,Dy,4.3319254,7.9617243,3.629805
JVASP-18052,3,Dy,4.3319254,7.9617233,3.6298048
JVASP-18052,4,In,17.764925,33.138412,15.373487
JVASP-18052,5,In,17.764925,33.138412,15.373487
JVASP-14882,0,Dy,0.0,0.0,0.0
JVASP-14882,1,In,0.0,0.0,0.0
JVASP-35708,0,Hf,64.044525,25.396385,72.34866
JVASP-35708,1,Hf,64.044525,25.39638,72.348656
JVASP-35708,2,Ir,65.468506,15.848742,58.136143
JVASP-35708,3,Ir,65.468506,15.848746,58.136143
JVASP-36013,0,Hf,0.0,0.0,0.0
JVASP-36013,1,Ir,0.0,0.0,0.0
JVASP-36141,0,Hf,110.71875,14.735259,105.32667
JVASP-36141,1,Hf,110.71875,14.735263,105.32667
JVASP-36141,2,Ir,146.89212,50.17624,99.316605
JVASP-36141,3,Ir,146.89212,50.176235,99.31661
JVASP-20401,0,Hf,0.0,0.0,0.0
JVASP-20401,1,Ir,7.5444283,17.981907,10.437478
JVASP-20401,2,Ir,7.5444283,17.981905,10.437477
JVASP-20401,3,Ir,7.5444283,17.981905,10.437476
JVASP-14024,0,Zr,123.84743,195.54378,319.3912
JVASP-14024,1,Zr,123.84743,195.54378,319.3912
JVASP-14024,2,Br,125.92145,347.67993,223.52939
JVASP-14024,3,Br,125.92145,347.6799,223.52939
JVASP-14024,4,Br,125.92145,347.6799,223.52939
JVASP-14024,5,Br,125.92145,347.6799,223.52939
JVASP-14024,6,Br,125.92031,347.6799,223.53062
JVASP-14024,7,Br,125.92031,347.6799,223.53062
JVASP-12009,0,Zr,21.545216,51.203102,72.74832
JVASP-12009,1,Zr,21.545216,51.203102,72.74832
JVASP-12009,2,Br,52.292297,77.5382,25.245905
JVASP-12009,3,Br,52.292297,77.5382,25.245905
JVASP-79581,0,Zr,21.554876,39.48128,60.856335
JVASP-79581,1,Zr,21.554876,39.48128,60.856335
JVASP-79581,2,Br,52.298977,52.25257,10.949272
JVASP-79581,3,Br,52.298977,52.252575,10.949269
JVASP-79613,0,Zr,57.03637,24.945164,81.98153
JVASP-79613,1,Zr,57.03637,24.94517,81.98154
JVASP-79613,2,Br,71.47734,59.0216,12.455737
JVASP-79613,3,Br,71.47734,59.021606,12.4557295
JVASP-85140,0,Eu,18.29034,25.121622,6.831283
JVASP-85140,1,Zn,23.208916,7.1935554,16.01536
JVASP-85140,2,Ge,32.177723,0.5135102,31.664211
JVASP-85173,0,Eu,29.185942,50.067135,22.791115
JVASP-85173,1,Eu,38.41392,32.843575,10.071589
JVASP-85173,2,Zn,32.208237,26.595295,45.366734
JVASP-85173,3,Zn,32.208237,26.595295,45.366734
JVASP-85173,4,Ge,84.30261,33.787483,94.46656
JVASP-85173,5,Ge,84.30261,33.787483,94.46656
JVASP-85176,0,Eu,32.653336,24.379318,34.29267
JVASP-85176,1,Eu,32.653336,24.379318,34.29267
JVASP-85176,2,Zn,63.555183,64.04572,46.582294
JVASP-85176,3,Zn,63.555183,64.04572,46.58229
JVASP-85176,4,Ge,131.18591,62.63424,77.71945
JVASP-85176,5,Ge,131.18591,62.63424,77.71945
JVASP-85177,0,Eu,65.590805,10.9468,76.537605
JVASP-85177,1,Eu,65.590805,10.9468,76.537605
JVASP-85177,2,Zn,117.653076,58.32623,59.326843
JVASP-85177,3,Zn,117.653076,58.32623,59.326843
JVASP-85177,4,Ge,79.0879,63.107487,15.980411
JVASP-85177,5,Ge,79.0879,63.107487,15.980411
JVASP-51410,0,Sc,114.11708,34.36953,147.51445
JVASP-51410,1,Sc,114.11708,34.369534,147.51447
JVASP-51410,2,F,96.75767,84.14749,54.90766
JVASP-51410,3,F,96.75767,84.1475,54.907665
JVASP-51410,4,F,92.98463,73.19426,30.025568
JVASP-51410,5,F,96.75767,84.147484,54.90766
JVASP-51410,6,F,96.75767,84.147484,54.90766
JVASP-51410,7,F,92.98463,73.19426,30.025574
JVASP-52824,0,Sc,118.54598,38.250862,156.029
JVASP-52824,1,Sc,118.54598,38.250862,156.029
JVASP-52824,2,F,98.57755,85.69479,57.401302
JVASP-52824,3,F,98.57755,85.69479,57.4013
JVASP-52824,4,F,95.59397,71.199936,34.787415
JVASP-52824,5,F,98.57755,85.69478,57.401295
JVASP-52824,6,F,98.57755,85.69478,57.401295
JVASP-52824,7,F,95.59397,71.199936,34.78742
JVASP-57479,0,Sc,0.019646883,1.9870416,2.006638
JVASP-57479,1,Sc,0.02001666,1.9870019,2.0070064
JVASP-57479,2,Sc,0.02001666,1.9870012,2.0070057
JVASP-57479,3,F,69.474884,17.356787,52.243515
JVASP-57479,4,F,69.47266,17.356627,52.241314
JVASP-57479,5,F,69.474884,17.356714,52.24359
JVASP-57479,6,F,69.474884,17.356714,52.24359
JVASP-57479,7,F,69.47313,17.35728,52.24124
JVASP-57479,8,F,69.474884,17.356792,52.24351
JVASP-57479,9,F,69.47397,17.35704,52.24233
JVASP-57479,10,F,69.47266,17.356627,52.241314
JVASP-57479,11,F,69.47397,17.35704,52.24233
JVASP-21618,0,Sc,0.0,0.0,0.0
JVASP-21618,1,F,69.464264,96.66445,166.12871
JVASP-21618,2,F,69.464264,96.66444,166.12871
JVASP-21618,3,F,69.464264,96.66444,166.12871
JVASP-30375,0,Ti,63.46218,26.317886,43.42487
JVASP-30375,1,Mn,19.90691,24.78031,19.981962
JVASP-30375,2,Mn,19.906912,24.780243,19.983152
JVASP-30375,3,O,69.42842,41.699306,28.422047
JVASP-30375,4,O,37.055607,20.658592,21.932316
JVASP-30375,5,O,69.428604,41.699028,28.422573
JVASP-30375,6,O,58.800858,40.133667,23.783009
JVASP-30375,7,O,58.80004,40.13363,23.782354
JVASP-30375,8,O,37.056282,20.658363,21.933226
JVASP-11764,0,O,31.01285,31.255941,11.142717
JVASP-11764,1,O,31.013031,31.255945,11.14322
JVASP-11764,2,O,31.013388,31.255938,11.1434965
JVASP-11764,3,O,31.01285,31.255943,11.142716
JVASP-11764,4,O,31.013388,31.255938,11.1434965
JVASP-11764,5,O,31.013031,31.255945,11.143219
JVASP-11764,6,Ti,32.683434,4.9098644,27.773571
JVASP-11764,7,Ti,32.683434,4.909866,27.77357
JVASP-11764,8,Mn,18.000372,15.696361,2.3040154
JVASP-11764,9,Mn,18.000372,15.696359,2.304017
JVASP-12235,0,O,26.988255,28.068583,12.170896
JVASP-12235,1,O,26.988743,28.068583,12.170981
JVASP-12235,2,O,26.988106,28.06859,12.171112
JVASP-12235,3,O,26.988224,28.068592,12.171282
JVASP-12235,4,O,26.98834,28.068602,12.170543
JVASP-12235,5,O,26.98939,28.068594,12.171136
JVASP-12235,6,Ti,28.272396,11.069624,17.202772
JVASP-12235,7,Ti,28.272396,11.069623,17.202774
JVASP-12235,8,Mn,34.877563,26.875895,8.001668
JVASP-12235,9,Mn,34.877563,26.875877,8.001685
JVASP-43226,0,Ti,11.029077,21.367002,32.39608
JVASP-43226,1,Mn,9.834045,5.3926926,15.226736
JVASP-43226,2,O,104.36862,55.642162,55.007248
JVASP-43226,3,O,49.652424,26.343792,34.1971
JVASP-43226,4,O,104.36977,55.642166,55.00845
JVASP-43226,5,O,49.652657,26.3438,34.19749
JVASP-10197,0,O,99.44723,94.42385,5.02338
JVASP-10197,1,O,99.44689,94.42388,5.0230007
JVASP-10197,2,O,99.44689,94.42388,5.0230036
JVASP-10197,3,O,99.447685,94.42387,5.02381
JVASP-10197,4,O,99.44723,94.42385,5.02338
JVASP-10197,5,O,99.447685,94.423874,5.023808
JVASP-10197,6,Ca,0.0,0.0,0.0
JVASP-10197,7,Ca,0.0,0.0,0.0
JVASP-10197,8,Sn,0.002,4.3518456e-05,0.001959471
JVASP-10197,9,Sn,0.002,4.2110394e-05,0.001961051
JVASP-18521,0,Ca,43.730743,126.57032,82.839584
JVASP-18521,1,Ca,43.730743,126.570305,82.83956
JVASP-18521,2,Ca,43.730743,126.570305,82.83956
JVASP-18521,3,Sn,0.0,0.0,0.0
JVASP-18521,4,O,0.0,0.0,0.0
JVASP-34202,0,Ca,0.00244949,0.0020788165,0.004528306
JVASP-34202,1,Sn,0.00244949,0.00065190747,0.0017975824
JVASP-34202,2,O,37.693974,16.286057,53.98003
JVASP-34202,3,O,37.693974,16.28606,53.980034
JVASP-34202,4,O,37.688667,16.283766,53.97243
JVASP-9584,0,O,87.91454,88.912544,20.579144
JVASP-9584,1,O,87.91422,88.91255,20.578588
JVASP-9584,2,O,87.91419,88.91258,20.578289
JVASP-9584,3,O,87.91454,88.912544,20.579142
JVASP-9584,4,O,87.91419,88.91258,20.578289
JVASP-9584,5,O,87.91422,88.91256,20.578592
JVASP-9584,6,Ca,11.8821,28.506195,40.388294
JVASP-9584,7,Ca,11.8821,28.506195,40.388294
JVASP-9584,8,Sn,39.27443,48.08134,8.806912
JVASP-9584,9,Sn,39.27443,48.08134,8.806912
JVASP-37147,0,Nb,93.30106,43.869614,49.43145
JVASP-37147,1,Nb,93.30106,43.869614,49.43145
JVASP-37147,2,Cr,15.657139,41.087788,25.430649
JVASP-37147,3,Cr,17.671436,4.883878,12.787558
JVASP-37147,4,Cr,17.671436,4.883877,12.7875595
JVASP-37147,5,Cr,15.657139,41.087788,25.43065
JVASP-37147,6,Cr,17.671436,4.883878,12.787558
JVASP-37147,7,Cr,17.671436,4.8838763,12.78756
JVASP-37148,0,Nb,0.0,0.0,0.0
JVASP-37148,1,Cr,2.982662,13.645194,10.662533
JVASP-37148,2,Cr,2.982662,13.645192,10.66253
JVASP-37148,3,Cr,2.982662,13.645196,10.662534
JVASP-37153,0,Nb,61.57364,3.1335793,64.70722
JVASP-37153,1,Nb,94.4858,13.529282,80.95652
JVASP-37153,2,Nb,94.4858,13.529282,80.95652
JVASP-37153,3,Cr,10.780205,5.759865,5.0203414
JVASP-37154,0,Nb,22.252796,20.977385,1.275413
JVASP-37154,1,Nb,22.252796,20.977385,1.275413
JVASP-37154,2,Nb,22.252796,20.977385,1.275413
JVASP-37154,3,Cr,0.0,0.0,0.0
JVASP-20538,0,Hf,89.42352,84.310646,5.1128964
JVASP-20538,1,B,2.8242617,38.520477,41.344738
JVASP-20538,2,B,2.8242617,38.52047,41.34473
JVASP-14667,0,B,0.0,0.0,0.0
JVASP-14667,1,Hf,0.0037416576,3.86457e-05,0.0037800886
JVASP-36042,0,Hf,0.0,0.0,0.0
JVASP-36042,1,B,23.17544,5.177494,28.352932
JVASP-36042,2,B,23.175438,5.1774936,28.352932
JVASP-36042,3,B,23.175438,5.177493,28.352932
JVASP-36042,4,B,23.17544,5.1774917,28.35293
JVASP-36042,5,B,23.17544,5.1774907,28.35293
JVASP-36042,6,B,23.17544,5.1774955,28.352934
JVASP-20272,0,Hf,89.42352,84.310646,5.112898
JVASP-20272,1,B,2.8242617,38.520473,41.344738
JVASP-20272,2,B,2.8242617,38.52047,41.34473
JVASP-10230,0,P,96.13405,69.207695,40.22914
JVASP-10230,1,P,96.13382,69.20768,40.22863
JVASP-10230,2,P,96.13405,69.2077,40.22914
JVASP-10230,3,P,96.13382,69.20768,40.22863
JVASP-10230,4,P,93.07097,65.17113,36.612602
JVASP-10230,5,P,93.07097,65.17113,36.612602
JVASP-10230,6,K,13.373284,10.122219,10.432153
JVASP-10230,7,K,13.373284,10.122218,10.432151
JVASP-10230,8,K,17.765985,11.857644,6.589403
JVASP-10230,9,K,17.765985,11.857645,6.5894012
JVASP-78382,0,K,0.5668603,8.758547,8.615055
JVASP-78382,1,K,0.5668603,8.758545,8.615054
JVASP-78382,2,P,1.7730635,8.252737,9.276722
JVASP-78382,3,P,1.7730635,8.252736,9.276721
JVASP-78396,0,K,0.22780254,0.08012561,0.30792817
JVASP-78396,1,K,0.22780254,0.080685444,0.30848798
JVASP-78396,2,K,0.22780254,0.080684826,0.3084874
JVASP-78396,3,P,0.32578215,0.21520726,0.11057491
JVASP-78396,4,P,0.32700765,0.21446267,0.11254683
JVASP-78396,5,P,0.32578215,0.2152073,0.11057488
JVASP-8149,0,K,20.210741,16.771782,3.4389582
JVASP-8149,1,K,20.210741,16.771782,3.4389594
JVASP-8149,2,K,20.210741,16.771782,3.4389594
JVASP-8149,3,K,20.210741,16.771784,3.4389567
JVASP-8149,4,K,57.261723,4.798438,52.463284
JVASP-8149,5,K,57.261723,4.798438,52.463284
JVASP-8149,6,P,9.502795,2.067644,11.570439
JVASP-8149,7,P,9.502795,2.0676434,11.570439
JVASP-17185,0,Fe,45.559654,40.066334,12.132427
JVASP-17185,1,Fe,45.55956,40.066338,12.131951
JVASP-17185,2,Fe,45.559544,40.0664,12.133033
JVASP-17185,3,Fe,45.559654,40.066338,12.132425
JVASP-17185,4,Fe,45.559544,40.066406,12.133032
JVASP-17185,5,Fe,45.55956,40.066338,12.131951
JVASP-17185,6,C,1.4092731,11.801992,10.392719
JVASP-17185,7,C,1.4092731,11.801991,10.392717
JVASP-20482,0,Fe,33.071495,55.637833,29.771027
JVASP-20482,1,Fe,33.071495,55.637833,29.771025
JVASP-20482,2,Fe,33.071495,55.637836,29.77103
JVASP-20482,3,Fe,33.071495,55.637833,29.771027
JVASP-20482,4,C,7.1977882,14.651282,12.705953
JVASP-20482,5,C,7.1977882,14.651283,12.705954
JVASP-86721,0,Fe,62.79634,79.10362,16.30728
JVASP-86721,1,Fe,62.79634,79.103615,16.307274
JVASP-86721,2,C,73.90478,139.60503,65.70026
JVASP-19638,0,Fe,77.08299,1.3333012,78.41629
JVASP-19638,1,Fe,77.08299,1.3333014,78.41629
JVASP-19638,2,Fe,77.08299,1.3333019,78.41629
JVASP-19638,3,Fe,77.08299,1.3333015,78.41629
JVASP-19638,4,C,0.0,0.0,0.0
JVASP-49813,0,Sc,37.89361,33.20814,4.6854663
JVASP-49813,1,Sc,75.567986,9.057345,66.510635
JVASP-49813,2,Sc,43.308205,22.511366,20.796837
JVASP-49813,3,Sc,75.567986,9.057345,66.510635
JVASP-49813,4,O,15.781425,21.016594,27.031324
JVASP-49813,5,O,15.781291,21.016914,27.030773
JVASP-49813,6,O,15.781041,21.016842,27.03068
JVASP-49813,7,O,15.781041,21.016844,27.030682
JVASP-49813,8,O,15.781291,21.01691,27.030771
JVASP-49813,9,O,15.781425,21.016594,27.031324
JVASP-50097,0,Sc,25.563284,19.672947,5.890338
JVASP-50097,1,Sc,25.563284,19.672941,5.890342
JVASP-50097,2,Sc,25.562466,19.672941,5.889525
JVASP-50097,3,Sc,25.563284,19.672947,5.890338
JVASP-50097,4,O,17.288637,20.980413,14.245222
JVASP-50097,5,O,17.287985,20.980406,14.245989
JVASP-50097,6,O,17.287931,20.980326,14.245757
JVASP-50097,7,O,17.288193,20.980326,14.245039
JVASP-50097,8,O,17.288246,20.98041,14.245275
JVASP-50097,9,O,17.288002,20.980413,14.246137
JVASP-53963,0,Sc,0.0,0.0,0.0
JVASP-53963,1,Sc,0.0,0.0,0.0
JVASP-53963,2,Sc,0.0,0.0,0.0
JVASP-53963,3,Sc,0.0,0.0,0.0
JVASP-53963,4,O,0.0,0.0,0.0
JVASP-53963,5,O,0.0,0.0,0.0
JVASP-53963,6,O,0.0,0.0,0.0
JVASP-53963,7,O,0.0,0.0,0.0
JVASP-7764,0,Sc,57.139248,39.008175,18.131073
JVASP-7764,1,Sc,57.139248,39.008175,18.131073
JVASP-7764,2,O,4.4968553,6.116423,1.6195698
JVASP-7764,3,O,4.4968553,6.1164236,1.6195703
JVASP-7764,4,O,23.802917,42.052494,18.24958
JVASP-35670,0,Ti,1.1594251,8.408927,9.568352
JVASP-35670,1,Ti,1.1594251,8.40893,9.568356
JVASP-35670,2,Ag,6.3449945,15.804038,9.4590435
JVASP-35670,3,Ag,6.3449945,15.804044,9.459049
JVASP-20528,0,Ag,70.63185,11.90425,58.7276
JVASP-20528,1,Ti,9.004324,16.747692,7.7433667
JVASP-37388,0,Ti,7.7812123,6.968443,0.8127698
JVASP-37388,1,Ti,7.7812123,6.968447,0.8127653
JVASP-37388,2,Ti,7.7812123,6.9684415,0.812771
JVASP-37388,3,Ti,7.7812123,6.9684415,0.81277156
JVASP-37388,4,Ag,62.96495,23.413023,39.55193
JVASP-37388,5,Ag,62.96495,23.413027,39.55193
JVASP-54573,0,Ti,0.9365216,25.657852,24.72133
JVASP-54573,1,Ti,0.9365216,25.657846,24.721323
JVASP-54573,2,Ti,0.9365216,25.657848,24.721325
JVASP-54573,3,Ag,0.0,0.0,0.0
JVASP-13840,0,Yb,16.074776,28.722654,12.647877
JVASP-13840,1,Yb,16.074776,28.72265,12.647875
JVASP-13840,2,Cu,66.07744,91.19066,25.11323
JVASP-13840,3,Cu,66.07744,91.19064,25.113214
JVASP-13840,4,Si,26.455713,39.6043,13.148588
JVASP-13840,5,Si,26.455713,39.604305,13.148592
JVASP-4579,0,Yb,16.261755,28.847319,12.5855665
JVASP-4579,1,Yb,16.261755,28.847319,12.5855665
JVASP-4579,2,Cu,66.14113,91.05605,24.91493
JVASP-4579,3,Cu,66.14113,91.05607,24.914946
JVASP-4579,4,Si,26.384272,39.48383,13.099557
JVASP-4579,5,Si,26.384272,39.48382,13.099548
JVASP-16021,0,Yb,16.18868,28.795464,12.60679
JVASP-16021,1,Yb,16.18868,28.795464,12.60679
JVASP-16021,2,Cu,66.10764,91.10635,24.998713
JVASP-16021,3,Cu,66.10764,91.10636,24.998716
JVASP-16021,4,Si,26.407131,39.5162,13.109069
JVASP-16021,5,Si,26.407131,39.51621,13.109075
JVASP-15658,0,Yb,23.616348,42.815563,66.431915
JVASP-15658,1,Yb,23.616348,42.815567,66.431915
JVASP-15658,2,Cu,6.7581425,1.8205996,4.937543
JVASP-15658,3,Cu,6.7581425,1.8205975,4.937545
JVASP-15658,4,Cu,6.7581425,1.8205997,4.9375424
JVASP-15658,5,Cu,6.7581425,1.8205999,4.9375424
JVASP-15658,6,Si,7.0667777,9.850797,2.7840185
JVASP-15658,7,Si,7.0667777,9.850798,2.7840195
JVASP-15658,8,Si,7.0667777,9.850798,2.7840192
JVASP-15658,9,Si,7.0667777,9.8508,2.7840216
JVASP-77302,0,Na,12.136653,17.573484,27.895012
JVASP-77302,1,Na,12.136653,17.573486,27.895014
JVASP-77302,2,Li,0.5055156,16.826077,16.980211
JVASP-77302,3,Li,0.5055156,16.826075,16.98021
JVASP-77302,4,Li,0.5055156,16.826077,16.98021
JVASP-77302,5,Li,0.5055156,16.826077,16.98021
JVASP-77302,6,Tl,248.07167,12.478366,244.10262
JVASP-77302,7,Tl,248.07167,12.478367,244.10262
JVASP-81148,0,Na,28.3699,0.06186443,28.30814
JVASP-81148,1,Na,28.3699,0.06186443,28.30814
JVASP-81148,2,Li,3.1529384,2.708902,0.5990254
JVASP-81148,3,Li,3.1529384,2.708902,0.5990254
JVASP-81148,4,Tl,1549.5577,8.933596,1540.7181
JVASP-81148,5,Tl,1549.5577,8.933596,1540.7181
JVASP-81148,6,Tl,1549.5577,8.933596,1540.7181
JVASP-81148,7,Tl,1549.5577,8.933596,1540.7181
JVASP-81912,0,Na,0.512609,1.8415092,2.0039482
JVASP-81912,1,Li,0.031538334,4.163384,4.183169
JVASP-81912,2,Li,0.031538334,4.1633844,4.183169
JVASP-81912,3,Tl,15.911829,3.8537455,14.609514
JVASP-5575,0,Nb,37.46986,18.084682,52.95532
JVASP-5575,1,Nb,37.46986,18.084684,52.95532
JVASP-5575,2,Nb,37.46986,18.084682,52.95531
JVASP-5575,3,Nb,37.46986,18.08468,52.955315
JVASP-5575,4,Nb,102.21788,39.50375,130.4118
JVASP-5575,5,Nb,102.21788,39.503754,130.4118
JVASP-5575,6,Nb,102.21788,39.503754,130.41182
JVASP-5575,7,Nb,102.21788,39.50375,130.4118
JVASP-5575,8,Te,574.07513,125.46859,518.0815
JVASP-5575,9,Te,574.07513,125.46859,518.0815
JVASP-5575,10,Te,574.07513,125.46859,518.0815
JVASP-5575,11,Te,574.07513,125.46858,518.0815
JVASP-5575,12,Te,724.58594,153.46332,661.5374
JVASP-5575,13,Te,724.58594,153.4633,661.5374
JVASP-5575,14,Te,724.58594,153.4633,661.5374
JVASP-5575,15,Te,724.58594,153.4633,661.5374
JVASP-5575,16,Te,442.00433,112.287636,392.7338
JVASP-5575,17,Te,442.00433,112.287636,392.7338
JVASP-5575,18,Te,442.00433,112.287636,392.73383
JVASP-5575,19,Te,442.00433,112.287636,392.7338
JVASP-5575,20,Te,702.77124,178.8287,630.3969
JVASP-5575,21,Te,702.77124,178.82872,630.3969
JVASP-5575,22,Te,702.77124,178.8287,630.397
JVASP-5575,23,Te,702.77124,178.82869,630.3969
JVASP-5575,24,Te,613.8048,164.11317,501.33624
JVASP-5575,25,Te,613.8048,164.11319,501.33624
JVASP-5575,26,Te,613.8048,164.11316,501.33624
JVASP-5575,27,Te,613.8048,164.11317,501.3362
JVASP-5575,28,Te,138.3001,73.65842,149.57684
JVASP-5575,29,Te,138.3001,73.65842,149.57684
JVASP-5575,30,Te,138.3001,73.65842,149.57684
JVASP-5575,31,Te,138.3001,73.658424,149.57684
JVASP-5575,32,I,407.16034,96.65436,326.90845
JVASP-5575,33,I,407.16034,96.654366,326.90845
JVASP-5575,34,I,407.16034,96.654366,326.90845
JVASP-5575,35,I,407.16034,96.65436,326.90845
JVASP-5713,0,Nb,79.138794,48.020367,118.12516
JVASP-5713,1,Nb,79.13726,48.02044,118.122986
JVASP-5713,2,Nb,79.13726,48.02044,118.122986
JVASP-5713,3,Nb,79.13726,48.020443,118.12299
JVASP-5713,4,Nb,79.13726,48.02044,118.122986
JVASP-5713,5,Nb,79.138794,48.020363,118.12516
JVASP-5713,6,Te,31.088924,140.07838,171.16731
JVASP-5713,7,Te,31.088924,140.07837,171.16728
JVASP-5713,8,I,192.2629,67.147705,125.11519
JVASP-5713,9,I,192.2629,67.147705,125.11519
JVASP-5713,10,I,213.66013,144.76352,73.118835
JVASP-5713,11,I,213.65921,144.7631,73.11824
JVASP-5713,12,I,213.65921,144.7631,73.11824
JVASP-5713,13,I,213.65921,144.7631,73.11824
JVASP-5713,14,I,213.65921,144.7631,73.11824
JVASP-5713,15,I,213.66013,144.76352,73.118835
JVASP-5713,16,I,382.45792,136.95053,254.8635
JVASP-5713,17,I,382.45596,136.95079,254.86139
JVASP-5713,18,I,382.45596,136.9508,254.86139
JVASP-5713,19,I,382.45596,136.95079,254.86139
JVASP-5713,20,I,382.45596,136.95079,254.86139
JVASP-5713,21,I,382.45792,136.95053,254.8635
JVASP-31900,0,Nb,43.696053,107.68734,149.72223
JVASP-31900,1,Nb,43.696053,107.687325,149.72221
JVASP-31900,2,Te,1023.13696,194.87718,910.71405
JVASP-31900,3,Te,630.8824,209.19716,603.7504
JVASP-31900,4,Te,630.8824,209.19716,603.7504
JVASP-31900,5,Te,1044.1122,213.97826,938.07947
JVASP-31900,6,Te,650.4727,203.8232,637.34033
JVASP-31900,7,Te,1044.1122,213.97826,938.07947
JVASP-31900,8,Te,1023.13696,194.87718,910.71405
JVASP-31900,9,Te,650.4727,203.8232,637.34033
JVASP-31900,10,I,479.14053,117.6079,375.87613
JVASP-31900,11,I,973.06433,143.64464,830.52496
JVASP-31900,12,I,479.14053,117.607895,375.87613
JVASP-31900,13,I,1063.7435,122.660805,947.78094
JVASP-31900,14,I,1075.7587,140.8128,939.52313
JVASP-31900,15,I,1075.7587,140.8128,939.52313
JVASP-31900,16,I,1046.879,147.88417,901.6824
JVASP-31900,17,I,973.06433,143.64464,830.52496
JVASP-31900,18,I,453.85904,137.70471,323.83496
JVASP-31900,19,I,1046.879,147.88417,901.6824
JVASP-31900,20,I,1063.7435,122.66082,947.78094
JVASP-31900,21,I,453.85904,137.7047,323.835
JVASP-14719,0,Rh,62.779213,84.44926,45.310474
JVASP-14719,1,Rh,62.779213,84.44926,45.310474
JVASP-14719,2,Rh,62.782364,84.44942,45.30189
JVASP-14719,3,Pb,598.7949,187.1803,411.6146
JVASP-14719,4,Pb,598.7949,187.1803,411.6146
JVASP-14719,5,Pb,976.12695,76.25248,899.87445
JVASP-14656,0,Rh,26.798786,99.79945,73.00068
JVASP-14656,1,Rh,26.798786,99.799446,73.00067
JVASP-14656,2,Pb,252.45589,152.11105,123.31893
JVASP-14656,3,Pb,252.45029,152.11134,123.31637
JVASP-14656,4,Pb,252.45589,152.11107,123.31892
JVASP-14656,5,Pb,252.45029,152.11134,123.31637
JVASP-39454,0,Rh,18.0903,15.861362,2.2289357
JVASP-39454,1,Rh,18.0903,15.8613615,2.2289374
JVASP-39454,2,Rh,8.913693,51.293587,42.379894
JVASP-39454,3,Rh,18.0903,15.861363,2.2289348
JVASP-39454,4,Rh,18.0903,15.8613615,2.228937
JVASP-39454,5,Rh,8.913693,51.293587,42.379894
JVASP-39454,6,Pb,50.767307,12.186063,62.95337
JVASP-39454,7,Pb,50.767307,12.18606,62.953365
JVASP-65573,0,Ba,30.123825,42.47198,12.348155
JVASP-65573,1,Bi,686.5846,28.97693,657.60767
JVASP-65573,2,Bi,839.55853,11.297057,828.2614
JVASP-65573,3,Br,106.40746,31.507084,74.90038
JVASP-65590,0,Ba,30.536156,42.489098,11.952942
JVASP-65590,1,Bi,692.6259,28.977541,663.6484
JVASP-65590,2,Bi,847.3153,11.298362,836.01685
JVASP-65590,3,Br,106.67283,31.541496,75.13133
JVASP-69119,0,Ba,30.629236,42.457966,11.828728
JVASP-69119,1,Bi,692.49286,28.956715,663.53613
JVASP-69119,2,Bi,847.3667,11.273058,836.0937
JVASP-69119,3,Br,106.56668,31.517832,75.04885
JVASP-78538,0,Rb,78.70415,12.8826885,91.58684
JVASP-78538,1,Rb,78.70415,12.882687,91.58684
JVASP-78538,2,Bi,783.62604,18.020063,801.6461
JVASP-78538,3,Bi,783.62604,18.020061,801.6461
JVASP-86208,0,Rb,24.814964,2.1174896,22.697474
JVASP-86208,1,Rb,24.814964,2.1174898,22.697474
JVASP-86208,2,Rb,81.71008,1.847457,83.55754
JVASP-86208,3,Rb,24.814964,2.1174903,22.697474
JVASP-86208,4,Rb,81.71008,1.8474556,83.55753
JVASP-86208,5,Rb,24.814964,2.1174896,22.697474
JVASP-86208,6,Bi,76.41632,3.6669672,80.08329
JVASP-86208,7,Bi,76.41673,3.6669679,80.0837
JVASP-86810,0,Rb,24.814964,2.1174803,22.697485
JVASP-86810,1,Rb,24.814964,2.1174808,22.697485
JVASP-86810,2,Rb,81.71008,1.8474606,83.55755
JVASP-86810,3,Rb,24.814964,2.1174803,22.697485
JVASP-86810,4,Rb,81.71008,1.8474615,83.55755
JVASP-86810,5,Rb,24.814964,2.1174808,22.697485
JVASP-86810,6,Bi,76.41673,3.666966,80.0837
JVASP-86810,7,Bi,76.41673,3.666966,80.0837
JVASP-19941,0,Y,0.0050990195,0.00026787157,0.004870843
JVASP-19941,1,Te,0.0014142137,0.00024525062,0.0014713726
JVASP-41552,0,Y,28.185055,64.679886,92.86494
JVASP-41552,1,Te,47.838127,29.129776,18.70835
JVASP-12182,0,Y,10.350734,45.6265,55.97708
JVASP-12182,1,Y,10.350734,45.626514,55.977097
JVASP-12182,2,Y,10.350734,45.62652,55.977097
JVASP-12182,3,Y,10.350734,45.62652,55.9771
JVASP-12182,4,Te,690.7504,365.1902,327.68427
JVASP-12182,5,Te,690.7504,365.19025,327.68417
JVASP-12182,6,Te,693.6662,365.95096,330.73724
JVASP-12182,7,Te,693.6662,365.95093,330.73727
JVASP-12182,8,Te,62.57066,7.204188,55.374393
JVASP-12182,9,Te,62.57066,7.204192,55.374393
JVASP-12182,10,Te,690.7504,365.19025,327.6842
JVASP-12182,11,Te,690.7504,365.19025,327.6842
JVASP-12182,12,Te,693.6662,365.95093,330.73727
JVASP-12182,13,Te,693.6662,365.95093,330.73727
JVASP-12182,14,Te,62.57066,7.2041845,55.374397
JVASP-12182,15,Te,62.57066,7.2041917,55.374393
JVASP-29673,0,Hg,26.094414,40.274548,66.368965
JVASP-29673,1,Hg,26.09319,23.585062,49.678253
JVASP-29673,2,Hg,26.09523,40.2895,66.384735
JVASP-29673,3,Br,61.555897,77.952896,101.26864
JVASP-29673,4,Br,61.572853,78.0278,100.71663
JVASP-29673,5,Br,61.5724,78.025986,100.715225
JVASP-29673,6,Br,61.55591,77.95298,101.26969
JVASP-29673,7,Br,61.57281,78.02617,100.71597
JVASP-29673,8,Br,61.555862,77.95193,101.26727
JVASP-3648,0,Br,540.4777,139.43974,406.42065
JVASP-3648,1,Br,540.4777,139.43974,406.42062
JVASP-3648,2,Br,534.4881,124.55238,415.473
JVASP-3648,3,Br,534.4881,124.55239,415.47296
JVASP-3648,4,Hg,653.1421,188.70923,839.95544
JVASP-3648,5,Hg,653.1421,188.70921,839.95544
JVASP-1984,0,Br,350.8338,41.04784,309.78598
JVASP-1984,1,Br,350.8338,41.047848,309.78595
JVASP-1984,2,Hg,643.36365,8.34829,651.712
JVASP-1984,3,Hg,643.36365,8.348283,651.712
JVASP-16042,0,Ta,0.0,0.0,0.0
JVASP-16042,1,F,123.40038,28.56759,151.96799
JVASP-16042,2,F,123.40038,28.56758,151.96797
JVASP-16042,3,F,123.40039,28.567587,151.96797
JVASP-30603,0,Ta,648.02814,39.529263,685.933
JVASP-30603,1,F,158.05934,68.12457,114.97217
JVASP-30603,2,F,158.05934,68.12457,114.97217
JVASP-30603,3,F,12.68996,42.720337,34.46088
JVASP-30603,4,F,12.68996,42.720337,34.46088
JVASP-30603,5,F,243.31807,85.80218,172.2095
JVASP-8294,0,Ta,648.055,39.529507,685.95996
JVASP-8294,1,F,158.05957,68.12537,114.97224
JVASP-8294,2,F,158.05957,68.12537,114.972244
JVASP-8294,3,F,12.686841,42.720966,34.464153
JVASP-8294,4,F,12.686841,42.720966,34.464153
JVASP-8294,5,F,243.31807,85.80204,172.2095
JVASP-35059,0,Pa,80.93849,38.331947,42.606537
JVASP-35059,1,Pa,80.93849,38.331944,42.60654
JVASP-35059,2,P,19.148478,20.132359,39.280838
JVASP-35059,3,P,19.148478,20.132355,39.280834
JVASP-35059,4,P,118.29157,15.18631,103.105255
JVASP-35059,5,P,118.29157,15.18631,103.105255
JVASP-35028,0,P,112.1605,89.960045,22.200455
JVASP-35028,1,P,112.1605,89.96004,22.200464
JVASP-35028,2,Pa,608.21893,144.97266,463.24628
JVASP-30440,0,Pa,228.68274,21.123198,207.55954
JVASP-30440,1,Pa,228.68314,21.123198,207.55994
JVASP-30440,2,P,138.5278,41.00734,168.76588
JVASP-30440,3,P,138.5278,41.00734,168.76587
JVASP-30440,4,P,138.52872,41.007263,168.76675
JVASP-30440,5,P,138.52827,41.007343,168.76631
JVASP-30440,6,P,138.52827,41.007343,168.76631
JVASP-30440,7,P,138.52872,41.007263,168.76675
JVASP-17526,0,Np,563.16095,80.82789,643.9889
JVASP-17526,1,Ga,9.325207,10.66516,1.3399538
JVASP-17526,2,Ga,9.325207,10.665165,1.3399583
JVASP-17842,0,Np,0.0,0.0,0.0
JVASP-17842,1,Ga,111.3783,59.526173,51.852127
JVASP-17842,2,Ga,111.3783,59.526173,51.852127
JVASP-17842,3,Ga,111.3783,59.52618,51.852116
JVASP-13755,0,Np,563.16095,80.82789,643.9889
JVASP-13755,1,Ga,9.325207,10.665161,1.339955
JVASP-13755,2,Ga,9.325207,10.665157,1.3399513
JVASP-37761,0,Hf,5.423987,19.907627,14.483639
JVASP-37761,1,Hf,5.423987,19.907627,14.48364
JVASP-37761,2,Tl,140.40802,11.623679,128.78435
JVASP-37761,3,Tl,140.40802,11.623678,128.78435
JVASP-37761,4,Tl,546.7972,42.39299,504.40417
JVASP-37761,5,Tl,140.40802,11.623677,128.78435
JVASP-37761,6,Tl,140.40802,11.623679,128.78435
JVASP-37761,7,Tl,546.7972,42.39299,504.40417
JVASP-38484,0,Hf,49.359665,6.938032,42.421635
JVASP-38484,1,Hf,49.359665,6.9380336,42.42163
JVASP-38484,2,Hf,320.51736,36.333614,284.18375
JVASP-38484,3,Hf,49.359665,6.9380345,42.42163
JVASP-38484,4,Hf,49.359665,6.9380355,42.42163
JVASP-38484,5,Hf,320.51736,36.333614,284.18375
JVASP-38484,6,Tl,115.92129,9.002944,124.924225
JVASP-38484,7,Tl,115.92129,9.002944,124.924225
JVASP-78286,0,Hf,97.265976,33.43255,63.833427
JVASP-78286,1,Hf,97.265976,33.432545,63.833427
JVASP-78286,2,Hf,97.265976,33.43255,63.833427
JVASP-78286,3,Hf,97.265976,33.43255,63.833427
JVASP-78286,4,Tl,73.586754,32.356777,41.229977
JVASP-78286,5,Tl,73.586754,32.356777,41.229977
JVASP-15049,0,B,0.0,0.0,0.0
JVASP-15049,1,Pu,0.013856406,7.249809e-05,0.013923811
JVASP-14795,0,Pu,521.6213,112.28924,633.9106
JVASP-14795,1,B,6.0330935,33.174988,27.141895
JVASP-14795,2,B,6.0330935,33.17499,27.141897
JVASP-26864,0,Pu,0.0,0.0,0.0
JVASP-26864,1,B,19.957626,7.6549873,12.302639
JVASP-26864,2,B,19.957626,7.6549873,12.302639
JVASP-26864,3,B,19.957626,7.654987,12.30264
JVASP-26864,4,B,19.957626,7.6549897,12.302637
JVASP-26864,5,B,19.957626,7.6549873,12.302639
JVASP-26864,6,B,19.957626,7.654988,12.302639
JVASP-67517,0,Na,7.7330394,2.3524222,5.380617
JVASP-67517,1,Be,5.9506273,1.0177585,6.968386
JVASP-67517,2,Be,5.9506273,1.0177594,6.9683867
JVASP-67517,3,Bi,494.52094,5.7563963,500.27734
JVASP-67683,0,Be,8.220496,20.900023,29.120512
JVASP-67683,1,Bi,211.9274,31.333107,180.59428
JVASP-67683,2,Na,15.268486,5.101392,10.167094
JVASP-68139,0,Be,2.5027263,8.880492,6.3779955
JVASP-68139,1,Bi,332.66278,19.687464,352.35022
JVASP-68139,2,Na,4.539722,1.2504483,5.79017
JVASP-68139,3,Na,2.671578,16.753407,19.424984
JVASP-36828,0,Pd,18.30193,198.6855,180.38359
JVASP-36828,1,Au,464.41724,239.05426,225.36299
JVASP-36828,2,O,17.492308,14.701128,2.7911787
JVASP-36828,3,O,17.492308,14.70113,2.7911768
JVASP-36836,0,Pd,171.95056,84.81177,239.083
JVASP-36836,1,Pd,31.166597,88.0172,82.90391
JVASP-36836,2,Au,439.66434,88.81273,354.19678
JVASP-36836,3,Au,439.66434,88.81273,354.19678
JVASP-36836,4,O,49.52397,39.42987,14.143781
JVASP-36836,5,O,127.79678,64.62555,67.51135
JVASP-36836,6,O,127.79678,64.62556,67.51135
JVASP-36836,7,O,49.52397,39.42987,14.143779
JVASP-36840,0,Pd,16.913727,198.99586,182.08212
JVASP-36840,1,Pd,16.913727,198.99585,182.08212
JVASP-36840,2,Au,465.15567,239.97954,225.17612
JVASP-36840,3,Au,465.15567,239.97954,225.17612
JVASP-36840,4,O,15.296656,14.93488,0.36177602
JVASP-36840,5,O,15.296656,14.934879,0.36177757
JVASP-36840,6,O,15.296656,14.934875,0.36178225
JVASP-36840,7,O,15.296656,14.934878,0.36177874
JVASP-4660,0,B,30.299788,72.99728,49.82918
JVASP-4660,1,B,30.299788,72.99728,49.82918
JVASP-4660,2,C,33.297256,30.460836,12.868221
JVASP-4660,3,C,33.297256,30.460836,12.868221
JVASP-4660,4,Dy,444.8239,120.3896,324.48883
JVASP-4660,5,Dy,444.8239,120.3896,324.48883
JVASP-20824,0,Dy,12.802667,11.40642,1.3962457
JVASP-20824,1,Dy,12.802667,11.40642,1.3962456
JVASP-20824,2,B,24.47403,18.40037,40.18917
JVASP-20824,3,B,24.47403,18.400366,40.18917
JVASP-20824,4,B,24.47403,18.400366,40.18917
JVASP-20824,5,B,24.47403,18.40037,40.18917
JVASP-20824,6,C,31.182205,18.08871,26.338705
JVASP-20824,7,C,31.182205,18.088713,26.338705
JVASP-20824,8,C,31.182205,18.088713,26.338705
JVASP-20824,9,C,31.182205,18.08871,26.338705
JVASP-59684,0,Dy,34.581898,10.884729,23.697166
JVASP-59684,1,Dy,34.581898,10.88473,23.697166
JVASP-59684,2,B,20.593191,15.722187,31.381342
JVASP-59684,3,B,20.593191,15.722183,31.381336
JVASP-59684,4,B,20.593191,15.722187,31.381344
JVASP-59684,5,B,20.593191,15.722181,31.381334
JVASP-59684,6,C,35.168407,43.828804,50.227856
JVASP-59684,7,C,35.168407,43.8288,50.227848
JVASP-59684,8,C,35.168407,43.8288,50.22785
JVASP-59684,9,C,35.168407,43.828804,50.227856
JVASP-78275,0,Te,0.0,0.0,0.0
JVASP-78275,1,Te,0.0,0.0,0.0
JVASP-78275,2,Te,0.0,0.0,0.0
JVASP-78275,3,Te,0.0,0.0,0.0
JVASP-78275,4,As,0.0,0.0,0.0
JVASP-78275,5,As,0.0,0.0,0.0
JVASP-78275,6,As,0.0,0.0,0.0
JVASP-78275,7,As,0.0,0.0,0.0
JVASP-8215,0,As,15.761078,15.298812,0.46226674
JVASP-8215,1,As,15.762664,15.304503,0.45816123
JVASP-8215,2,Te,60.710674,37.89738,98.608055
JVASP-8215,3,Te,60.710674,37.900906,98.61158
JVASP-8215,4,Te,101.15011,28.226942,72.923164
JVASP-9156,0,As,111.719376,101.06108,52.025486
JVASP-9156,1,As,111.719376,101.06106,52.025482
JVASP-9156,2,As,37.96587,15.899795,27.66204
JVASP-9156,3,As,37.96587,15.89979,27.662048
JVASP-9156,4,Te,404.8441,95.57629,347.1734
JVASP-9156,5,Te,404.8441,95.57629,347.1734
JVASP-9156,6,Te,425.7642,48.813465,389.9609
JVASP-9156,7,Te,425.7642,48.813465,389.9609
JVASP-9156,8,Te,46.263542,56.69355,67.15551
JVASP-9156,9,Te,46.263542,56.69355,67.15551
JVASP-17268,0,F,273.75903,186.14018,88.23022
JVASP-17268,1,F,273.7587,186.1402,88.22988
JVASP-17268,2,F,273.75885,186.1402,88.22995
JVASP-17268,3,F,273.7587,186.14018,88.22989
JVASP-17268,4,F,273.75903,186.1402,88.23021
JVASP-17268,5,F,273.75885,186.1402,88.22995
JVASP-17268,6,Pd,13.285057,5.402594,7.8824635
JVASP-17268,7,Pd,13.285057,5.4025803,7.8824773
JVASP-19614,0,Pd,88.52201,24.146795,64.51611
JVASP-19614,1,Pd,88.52201,24.146795,64.51611
JVASP-19614,2,F,182.22989,133.0561,61.710514
JVASP-19614,3,F,182.22989,133.0561,61.710514
JVASP-19614,4,F,182.22989,133.0561,61.710514
JVASP-19614,5,F,182.22989,133.0561,61.710514
JVASP-11152,0,F,407.25253,143.71524,263.77863
JVASP-11152,1,F,407.25323,143.7151,263.77948
JVASP-11152,2,F,276.03864,204.32832,92.006714
JVASP-11152,3,F,276.03745,204.32877,92.004616
JVASP-11152,4,F,276.03735,204.3283,92.00583
JVASP-11152,5,F,276.03815,204.32878,92.00524
JVASP-11152,6,F,407.25226,143.71515,263.77847
JVASP-11152,7,F,407.25272,143.71518,263.77893
JVASP-11152,8,Pd,36.07632,22.823809,58.834625
JVASP-11152,9,Pd,36.077297,22.823809,58.83557
JVASP-19589,0,Sb,0.00081649655,0.00015560421,0.0008230936
JVASP-19589,1,Dy,0.0072571808,0.00016553789,0.0071434416
JVASP-35791,0,Dy,131.13385,52.260723,166.93283
JVASP-35791,1,Sb,416.27625,87.13413,334.53824
JVASP-35791,2,Sb,416.27625,87.13413,334.53824
JVASP-36272,0,Dy,0.0,0.0,0.0
JVASP-36272,1,Sb,0.0,0.0,0.0
JVASP-38931,0,Mg,1.4117233,0.8091454,2.2208686
JVASP-38931,1,Mg,1.4117233,0.8091438,2.2208672
JVASP-38931,2,Tl,57.0072,17.97994,39.466133
JVASP-38931,3,Tl,57.007706,17.97957,39.467102
JVASP-38931,4,Tl,57.0072,17.97994,39.466133
JVASP-38931,5,Tl,57.0072,17.97994,39.466133
JVASP-38931,6,Tl,57.007706,17.979568,39.467106
JVASP-38931,7,Tl,57.0072,17.979939,39.466133
JVASP-56750,0,Mg,9.24315,12.458754,11.337162
JVASP-56750,1,Mg,3.2635174,14.289509,11.501751
JVASP-56750,2,Mg,9.24315,12.458753,11.33716
JVASP-56750,3,Mg,3.263686,14.289399,11.501194
JVASP-56750,4,Mg,3.263686,14.289398,11.501193
JVASP-56750,5,Mg,9.243151,12.458536,11.334784
JVASP-56750,6,Tl,386.0151,25.659504,360.35556
JVASP-56750,7,Tl,280.5082,16.35979,264.14844
JVASP-56750,8,Tl,386.0151,25.659504,360.35556
JVASP-16575,0,Mg,0.0,0.0,0.0
JVASP-16575,1,Tl,0.0,0.0,0.0
JVASP-69168,0,Ba,104.93696,18.011202,122.94815
JVASP-69168,1,Tl,152.40807,15.785063,168.19313
JVASP-69168,2,Sb,68.308105,27.390982,40.91712
JVASP-69168,3,Sb,377.23856,32.134087,345.1045
JVASP-69287,0,Ba,104.931244,18.00893,122.94018
JVASP-69287,1,Tl,152.48808,15.793838,168.28192
JVASP-69287,2,Sb,68.28688,27.379358,40.907516
JVASP-69287,3,Sb,377.19528,32.121803,345.0735
JVASP-69360,0,Ba,104.94267,18.01253,122.9552
JVASP-69360,1,Tl,152.54851,15.785934,168.33446
JVASP-69360,2,Sb,68.26973,27.390112,40.879616
JVASP-69360,3,Sb,377.25653,32.130714,345.12582
JVASP-3831,0,Cl,286.77032,123.41713,165.084
JVASP-3831,1,Cl,286.7694,123.41704,165.08325
JVASP-3831,2,Cl,284.69757,126.00163,159.97575
JVASP-3831,3,Cl,284.69757,126.00163,159.97575
JVASP-3831,4,Cl,286.7694,123.41704,165.08325
JVASP-3831,5,Cl,286.77032,123.41714,165.084
JVASP-3831,6,Ir,65.84874,9.67753,59.698193
JVASP-3831,7,Ir,65.84874,9.677531,59.698193
JVASP-39875,0,Ir,367.49738,78.30837,289.18896
JVASP-39875,1,Ir,367.49695,78.30838,289.18857
JVASP-39875,2,Cl,277.7068,162.52385,160.65262
JVASP-39875,3,Cl,277.70682,162.52255,160.65424
JVASP-39875,4,Cl,277.70682,162.52255,160.65424
JVASP-39875,5,Cl,277.7082,162.52385,160.65399
JVASP-39875,6,Cl,277.70673,162.52255,160.65388
JVASP-39875,7,Cl,277.70673,162.52255,160.65388
JVASP-42077,0,Ir,78.37514,17.03809,61.778065
JVASP-42077,1,Ir,78.37514,17.038094,61.778065
JVASP-42077,2,Cl,311.1078,41.85651,319.96237
JVASP-42077,3,Cl,311.1078,41.85651,319.96237
JVASP-42077,4,Cl,311.1078,41.856506,319.96237
JVASP-42077,5,Cl,311.1078,41.856503,319.96237
JVASP-18622,0,Pr,59.690052,52.537033,13.879109
JVASP-18622,1,Pr,59.690052,52.537033,13.879111
JVASP-18622,2,Au,346.12332,139.76917,209.70802
JVASP-18622,3,Au,346.12332,139.76915,209.70802
JVASP-18622,4,Au,346.12323,139.76915,209.70795
JVASP-18622,5,Au,346.12323,139.76915,209.70795
JVASP-37129,0,Pr,47.374348,32.66547,18.682611
JVASP-37129,1,Pr,47.374348,32.66547,18.682611
JVASP-37129,2,Au,173.32071,72.975006,105.23164
JVASP-37129,3,Au,173.32071,72.975006,105.23163
JVASP-7699,0,Pr,0.0,0.0,0.0
JVASP-7699,1,Au,0.0,0.0,0.0
JVASP-1540,0,Al,17.650206,29.053019,11.402814
JVASP-1540,1,Al,17.650206,29.053017,11.402811
JVASP-1540,2,Al,17.650206,29.053024,11.402818
JVASP-1540,3,Al,17.650206,29.053017,11.402811
JVASP-1540,4,Os,336.31006,16.136875,352.44693
JVASP-1540,5,Os,336.31006,16.136883,352.44696
JVASP-17426,0,Al,3.4517155,5.1879406,1.7362252
JVASP-17426,1,Al,1.4224521,19.387974,17.96552
JVASP-17426,2,Al,1.4224521,19.387976,17.965523
JVASP-17426,3,Os,73.79061,19.794567,93.585175
JVASP-17426,4,Os,73.79061,19.794563,93.585175
JVASP-19875,0,Al,0.0,0.0,0.0
JVASP-19875,1,Os,0.0,0.0,0.0
JVASP-14583,0,Zr,39.166527,58.324352,19.157825
JVASP-14583,1,Zr,39.166527,58.324352,19.15783
JVASP-14583,2,Hg,330.57578,66.03968,264.5361
JVASP-14583,3,Hg,330.57578,66.03968,264.5361
JVASP-19776,0,Zr,0.0,0.0,0.0
JVASP-19776,1,Hg,268.32935,63.289135,205.04022
JVASP-19776,2,Hg,268.32935,63.28914,205.0402
JVASP-19776,3,Hg,268.32935,63.289127,205.04022
JVASP-19785,0,Zr,115.32361,11.348635,126.67224
JVASP-19785,1,Zr,115.32361,11.348633,126.67224
JVASP-19785,2,Zr,115.32361,11.348638,126.67224
JVASP-19785,3,Zr,115.32361,11.348639,126.67225
JVASP-19785,4,Zr,115.32361,11.348638,126.67224
JVASP-19785,5,Zr,115.32361,11.348637,126.67224
JVASP-19785,6,Hg,0.0,0.0,0.0
JVASP-19785,7,Hg,0.0,0.0,0.0
JVASP-14549,0,Er,0.0,0.0,0.0
JVASP-14549,1,Tl,324.81213,67.440384,257.37177
JVASP-14549,2,Tl,324.81216,67.44039,257.37177
JVASP-14549,3,Tl,324.81213,67.440384,257.37177
JVASP-14865,0,Er,0.0,0.0,0.0
JVASP-14865,1,Tl,0.0,0.0,0.0
JVASP-19611,0,Er,9.154559,67.80286,58.6483
JVASP-19611,1,Tl,306.95456,44.319702,262.63486
JVASP-54808,0,Tl,335.75677,118.44492,221.54225
JVASP-54808,1,Tl,335.76178,118.44487,221.54741
JVASP-54808,2,Tl,335.76178,118.44487,221.54741
JVASP-54808,3,Tl,335.75677,118.44492,221.54225
JVASP-54808,4,Pd,49.49359,88.98979,39.496204
JVASP-54808,5,Pd,49.49359,88.9898,39.49621
JVASP-54851,0,Tl,44.365158,11.816895,56.18205
JVASP-54851,1,Tl,44.365158,11.816896,56.182056
JVASP-54851,2,Pd,29.681284,37.973984,8.292698
JVASP-54851,3,Pd,21.814339,39.458794,17.644457
JVASP-54851,4,Pd,21.814339,39.458797,17.644459
JVASP-54851,5,Pd,29.681284,37.973984,8.292698
JVASP-54851,6,Pd,21.814339,39.458794,17.644457
JVASP-54851,7,Pd,21.814339,39.458797,17.644457
JVASP-56312,0,Tl,0.034292858,0.045378324,0.011085466
JVASP-56312,1,Pd,19.134949,67.53502,48.40109
JVASP-56312,2,Pd,19.134949,67.53503,48.4011
JVASP-56312,3,Pd,18.883118,67.40437,48.52125
JVASP-37233,0,Sm,22.696156,26.118284,48.81444
JVASP-37233,1,Sm,70.93641,3.9534335,74.88985
JVASP-37233,2,Ag,54.386837,67.97943,13.592591
JVASP-37233,3,Ag,54.386837,67.979416,13.592577
JVASP-37233,4,O,105.400665,129.65236,28.514633
JVASP-37233,5,O,105.400665,129.65236,28.514631
JVASP-37233,6,O,59.57649,97.93368,38.357185
JVASP-37233,7,O,105.400665,129.65236,28.514633
JVASP-37233,8,O,105.400665,129.65236,28.514633
JVASP-50915,0,Sm,303.97064,165.4927,138.52379
JVASP-50915,1,Sm,303.97064,159.21469,144.7977
JVASP-50915,2,Ag,229.43962,266.47598,37.390312
JVASP-50915,3,Ag,229.46576,271.4445,42.193348
JVASP-50915,4,O,83.16385,19.624517,64.514465
JVASP-50915,5,O,83.16386,15.986251,69.138374
JVASP-50915,6,O,83.16386,16.298998,68.88951
JVASP-50915,7,O,83.16385,22.201206,62.50871
JVASP-52263,0,Sm,303.39624,230.72566,72.67059
JVASP-52263,1,Ag,229.19876,422.95807,193.7593
JVASP-52263,2,O,83.2704,16.216183,67.05422
JVASP-52263,3,O,83.2704,16.216179,67.05422
JVASP-3438,0,Li,0.20498292,12.185832,12.39078
JVASP-3438,1,Li,0.20498292,12.18583,12.390779
JVASP-3438,2,Se,314.84598,18.407906,331.7001
JVASP-3438,3,Se,314.84592,18.40789,331.7
JVASP-3438,4,Se,314.8462,18.407858,331.70023
JVASP-3438,5,Se,314.84592,18.407894,331.69998
JVASP-3438,6,In,2.9985332,6.618443,3.6199117
JVASP-3438,7,In,2.9985332,6.6184416,3.6199098
JVASP-7662,0,Li,0.1723949,6.686725,6.5143323
JVASP-7662,1,Se,31.52964,1.969853,29.559788
JVASP-7662,2,Se,31.52964,1.9698542,29.559784
JVASP-7662,3,In,3.1267028,5.5623198,8.689022
JVASP-8808,0,Li,1.0516475,20.068794,19.021683
JVASP-8808,1,Li,1.0516475,20.068802,19.021688
JVASP-8808,2,In,114.20748,20.590845,93.63532
JVASP-8808,3,In,114.20748,20.590849,93.635315
JVASP-8808,4,Se,265.8916,14.365187,253.46672
JVASP-8808,5,Se,265.8916,14.365187,253.46672
JVASP-8808,6,Se,265.8928,14.634991,253.02922
JVASP-8808,7,Se,265.8928,14.63499,253.02922
JVASP-14013,0,Ti,31.375515,24.052423,7.3230934
JVASP-14013,1,Ti,31.375515,24.052418,7.323098
JVASP-14013,2,Ti,31.375515,24.05242,7.3230953
JVASP-14013,3,Ti,31.375515,24.052418,7.323098
JVASP-14013,4,In,288.22287,10.048483,278.1744
JVASP-14013,5,In,288.22287,10.048484,278.17438
JVASP-14013,6,C,3.0969715,23.958298,20.861324
JVASP-14013,7,C,3.0969715,23.958296,20.861324
JVASP-17673,0,Ti,144.38762,121.66741,22.720207
JVASP-17673,1,Ti,144.38762,121.66741,22.72021
JVASP-17673,2,Ti,144.38762,121.66741,22.720207
JVASP-17673,3,In,0.0,0.0,0.0
JVASP-17673,4,C,0.0,0.0,0.0
JVASP-17669,0,Ti,31.375515,24.052387,7.3231277
JVASP-17669,1,Ti,31.375515,24.052382,7.3231325
JVASP-17669,2,Ti,31.375515,24.052387,7.3231277
JVASP-17669,3,Ti,31.375515,24.052385,7.323128
JVASP-17669,4,In,288.22287,10.048471,278.1744
JVASP-17669,5,In,288.22287,10.048475,278.1744
JVASP-17669,6,C,3.0969715,23.95818,20.861206
JVASP-17669,7,C,3.0969715,23.958178,20.861204
JVASP-16810,0,Sn,295.3111,39.34987,256.81662
JVASP-16810,1,Sn,262.51498,39.76984,223.89684
JVASP-16810,2,Sn,260.3719,21.980968,238.79681
JVASP-16810,3,Sn,260.3719,21.980968,238.79681
JVASP-16810,4,Nd,51.69098,13.146041,38.552433
JVASP-16810,5,Nd,51.69098,13.146045,38.552433
JVASP-20534,0,Nd,0.0,0.0,0.0
JVASP-20534,1,Sn,196.33478,48.46702,147.86777
JVASP-20534,2,Sn,196.33478,48.46702,147.86777
JVASP-20534,3,Sn,196.33478,48.467022,147.86775
JVASP-20264,0,Nd,0.0,0.0,0.0
JVASP-20264,1,Sn,196.33884,48.468807,147.87004
JVASP-20264,2,Sn,196.33884,48.4688,147.87004
JVASP-20264,3,Sn,196.33884,48.4688,147.87004
JVASP-2709,0,K,0.04411349,9.7351465,9.691056
JVASP-2709,1,K,0.04411349,9.735146,9.691055
JVASP-2709,2,Pd,5.1369886,22.619448,27.756435
JVASP-2709,3,F,272.01822,160.39175,111.94102
JVASP-2709,4,F,272.01822,160.39175,111.94102
JVASP-2709,5,F,272.01733,160.39198,111.93997
JVASP-2709,6,F,272.01822,160.39174,111.941025
JVASP-2709,7,F,272.01822,160.39175,111.94102
JVASP-2709,8,F,272.01733,160.39198,111.93997
JVASP-16123,0,K,0.0,0.0,0.0
JVASP-16123,1,Pd,0.0,0.0,0.0
JVASP-16123,2,F,212.58142,167.17543,45.405994
JVASP-16123,3,F,212.58144,167.17542,45.40601
JVASP-16123,4,F,212.58144,167.17543,45.405994
JVASP-3963,0,K,8.277316,10.343614,17.064796
JVASP-3963,1,K,8.277316,10.343616,17.064798
JVASP-3963,2,Pd,250.81102,47.276047,205.49864
JVASP-3963,3,F,183.76094,115.419426,71.703705
JVASP-3963,4,F,183.76094,115.41945,71.70373
JVASP-3963,5,F,183.76094,115.419426,71.703705
JVASP-3963,6,F,183.76094,115.41945,71.70372
JVASP-30485,0,Mg,27.219168,15.759654,32.03936
JVASP-30485,1,Mg,18.582277,26.897118,39.982853
JVASP-30485,2,Mg,18.582277,26.897131,39.98287
JVASP-30485,3,Mg,27.219168,15.759645,32.039356
JVASP-30485,4,As,14.012996,41.765274,55.440464
JVASP-30485,5,As,14.012996,41.76527,55.440464
JVASP-39318,0,Mg,5.4893074,56.893524,62.38283
JVASP-39318,1,As,266.17746,12.25455,278.432
JVASP-8147,0,Mg,5.035338,10.762137,5.7268057
JVASP-8147,1,Mg,5.035338,10.76214,5.726808
JVASP-8147,2,Mg,1.1602554,9.576826,10.737069
JVASP-8147,3,As,19.167257,7.9040384,27.071295
JVASP-8147,4,As,19.167257,7.9040365,27.071293
JVASP-33894,0,Ag,181.14311,31.465012,150.54692
JVASP-33894,1,Ag,181.14381,31.465006,150.5476
JVASP-33894,2,N,106.05642,33.139072,138.7018
JVASP-33894,3,N,106.056496,33.139076,138.70184
JVASP-33894,4,O,260.44177,80.805954,204.02042
JVASP-33894,5,O,222.74753,100.0015,171.77876
JVASP-33894,6,O,222.74716,100.00147,171.77827
JVASP-33894,7,O,260.4414,80.805984,204.01985
JVASP-8098,0,Ag,176.823,19.267473,159.69077
JVASP-8098,1,Ag,176.823,19.267479,159.69075
JVASP-8098,2,N,110.83983,50.372963,159.96544
JVASP-8098,3,N,110.83983,50.372963,159.96544
JVASP-8098,4,O,235.41788,98.954384,180.09914
JVASP-8098,5,O,235.41788,98.95437,180.09914
JVASP-8098,6,O,235.41788,98.95437,180.09914
JVASP-8098,7,O,235.41788,98.95437,180.09914
JVASP-8165,0,N,14.282458,32.781826,18.499367
JVASP-8165,1,O,283.54272,104.432816,197.69948
JVASP-8165,2,O,283.54224,104.432846,197.69916
JVASP-8165,3,O,283.54257,104.43283,197.69936
JVASP-8165,4,Ag,67.327934,19.724075,47.603855
JVASP-19956,0,S,0.0,0.0,0.0
JVASP-19956,1,Nd,0.003464102,3.8262035e-05,0.0034867695
JVASP-14904,0,Nd,22.111546,9.392807,12.718738
JVASP-14904,1,Nd,22.111546,9.392815,12.718731
JVASP-14904,2,S,40.273697,14.2133465,54.48704
JVASP-14904,3,S,40.273697,14.213349,54.487045
JVASP-14904,4,S,140.24554,38.19927,102.04627
JVASP-14904,5,S,140.24554,38.19927,102.04627
JVASP-38520,0,Nd,166.96947,68.79799,98.17148
JVASP-38520,1,Nd,166.96947,68.79799,98.17148
JVASP-38520,2,S,255.69444,19.55231,252.26166
JVASP-38520,3,S,255.69444,19.552309,252.26166
JVASP-38520,4,S,255.69408,19.552338,252.26138
JVASP-38520,5,S,255.69444,19.552307,252.26166
JVASP-38520,6,S,255.69444,19.552303,252.26166
JVASP-38520,7,S,255.69408,19.552332,252.26138
JVASP-19706,0,C,82.79763,106.18872,23.39109
JVASP-19706,1,C,82.79763,106.18872,23.391088
JVASP-19706,2,Ho,250.38652,21.195122,271.58163
JVASP-19788,0,C,9.309195,22.676516,13.367321
JVASP-19788,1,Ho,35.59199,73.01567,108.607666
JVASP-19788,2,Ho,35.59199,73.01567,108.607666
JVASP-12068,0,Ho,35.63885,73.0129,108.65175
JVASP-12068,1,Ho,35.63885,73.01289,108.65174
JVASP-12068,2,Ho,35.63885,73.01286,108.65172
JVASP-12068,3,Ho,35.63885,73.01406,108.65291
JVASP-12068,4,Ho,35.63885,73.01406,108.65291
JVASP-12068,5,Ho,35.63885,73.012856,108.6517
JVASP-12068,6,C,9.306428,22.673454,13.367025
JVASP-12068,7,C,9.306428,22.673328,13.3668995
JVASP-12068,8,C,9.306428,22.673328,13.3669
JVASP-15752,0,Dy,92.95201,1.4446867,94.3967
JVASP-15752,1,Dy,92.95201,1.4446901,94.3967
JVASP-15752,2,Se,12.759393,76.78646,64.02707
JVASP-15752,3,Se,12.759393,76.786446,64.027054
JVASP-19845,0,Se,0.0,0.0,0.0
JVASP-19845,1,Dy,0.0028284274,4.8147285e-05,0.0028650109
JVASP-85165,0,Dy,40.183884,31.850138,72.03402
JVASP-85165,1,Dy,40.183884,31.850134,72.03402
JVASP-85165,2,Se,244.26964,160.59737,83.67229
JVASP-85165,3,Se,244.26964,160.59737,83.67229
JVASP-85165,4,Se,85.39411,57.557346,142.95146
JVASP-85165,5,Se,85.39411,57.557358,142.95146
JVASP-32677,0,H,30.983635,66.80431,37.503616
JVASP-32677,1,H,31.642347,69.28373,52.823616
JVASP-32677,2,H,27.147266,118.85761,93.91173
JVASP-32677,3,H,32.005165,80.3794,55.201694
JVASP-32677,4,H,31.709898,115.39421,85.77258
JVASP-32677,5,H,31.641386,69.284164,52.82414
JVASP-32677,6,H,30.573463,61.075706,32.883602
JVASP-32677,7,H,32.005165,80.37927,55.201565
JVASP-32677,8,H,31.376404,76.555336,53.904716
JVASP-32677,9,H,19.53503,155.46353,139.28381
JVASP-32677,10,H,33.139748,40.427345,8.494823
JVASP-32677,11,H,31.709898,115.3942,85.77258
JVASP-32677,12,H,31.166046,75.43757,50.7012
JVASP-32677,13,H,31.817978,69.759636,50.129574
JVASP-32677,14,H,31.165356,75.43791,50.703243
JVASP-32677,15,H,30.893887,54.185577,28.979666
JVASP-32677,16,H,31.658997,72.68837,48.27407
JVASP-32677,17,H,30.983635,66.804184,37.50346
JVASP-32677,18,H,27.147266,118.857666,93.91177
JVASP-32677,19,H,30.573463,61.075478,32.883358
JVASP-32677,20,H,31.376404,76.55521,53.904636
JVASP-32677,21,H,19.53503,155.46358,139.28386
JVASP-32677,22,H,34.565674,66.61657,35.210243
JVASP-32677,23,H,34.565674,66.61646,35.210155
JVASP-32677,24,H,33.139748,40.42765,8.495053
JVASP-32677,25,H,30.893452,54.18517,28.979599
JVASP-32677,26,H,31.658997,72.688255,48.273994
JVASP-32677,27,H,31.817978,69.75946,50.1294
JVASP-32677,28,C,53.78951,86.231735,37.618332
JVASP-32677,29,C,54.608704,71.92818,28.691328
JVASP-32677,30,C,55.38379,83.87675,39.114983
JVASP-32677,31,C,53.790974,86.22971,37.615353
JVASP-32677,32,C,54.608704,71.92842,28.691378
JVASP-32677,33,C,55.38379,83.877,39.11504
JVASP-32677,34,N,26.461403,54.352676,29.043322
JVASP-32677,35,N,26.461403,54.352776,29.043179
JVASP-32677,36,F,213.08736,83.99376,164.51201
JVASP-32677,37,F,102.81813,154.14175,52.34478
JVASP-32677,38,F,192.64162,106.1527,108.99587
JVASP-32677,39,F,230.53699,99.74585,142.0655
JVASP-32677,40,F,239.38676,45.038013,199.15149
JVASP-32677,41,F,239.38676,45.03796,199.15155
JVASP-32677,42,F,230.53699,99.74573,142.06564
JVASP-32677,43,F,192.64162,106.15264,108.99589
JVASP-32677,44,F,213.08736,83.993744,164.51201
JVASP-32677,45,F,102.81813,154.14174,52.34477
JVASP-34311,0,H,24.355452,66.49056,45.13463
JVASP-34311,1,H,24.354666,66.49055,45.13513
JVASP-34311,2,H,30.59239,67.265884,37.081425
JVASP-34311,3,H,24.355053,66.490555,45.13502
JVASP-34311,4,H,30.591782,67.26587,37.08198
JVASP-34311,5,H,30.592651,67.265854,37.08119
JVASP-34311,6,C,46.031082,24.506453,21.524626
JVASP-34311,7,N,42.459583,54.112522,11.652937
JVASP-34311,8,F,28.614378,34.88044,6.266064
JVASP-32431,0,H,29.711058,88.45893,67.622154
JVASP-32431,1,H,30.139185,78.126854,54.06457
JVASP-32431,2,H,30.139185,78.12685,54.06457
JVASP-32431,3,H,31.445705,72.35339,44.274662
JVASP-32431,4,H,30.771145,63.14859,42.10018
JVASP-32431,5,H,31.445705,72.353386,44.27466
JVASP-32431,6,H,30.771145,63.148582,42.100174
JVASP-32431,7,H,29.711058,88.45893,67.622154
JVASP-32431,8,H,31.445705,72.35339,44.27466
JVASP-32431,9,H,30.771145,63.148582,42.100174
JVASP-32431,10,H,30.771145,63.148582,42.100174
JVASP-32431,11,H,8.056581,100.886345,92.90062
JVASP-32431,12,H,30.771145,63.148582,42.100174
JVASP-32431,13,H,30.771145,63.14859,42.10018
JVASP-32431,14,H,29.711058,88.45893,67.622154
JVASP-32431,15,H,31.445705,72.353386,44.27466
JVASP-32431,16,H,30.771145,63.148586,42.10018
JVASP-32431,17,H,29.711058,88.45893,67.622154
JVASP-32431,18,H,30.139185,78.12685,54.064568
JVASP-32431,19,H,30.771145,63.14859,42.10018
JVASP-32431,20,H,30.139185,78.126854,54.06457
JVASP-32431,21,H,30.139185,78.126854,54.06457
JVASP-32431,22,H,30.139185,78.126854,54.06457
JVASP-32431,23,H,30.139185,78.12686,54.064575
JVASP-32431,24,H,8.056581,100.88635,92.90063
JVASP-32431,25,H,30.139185,78.12686,54.06458
JVASP-32431,26,C,57.39095,68.74948,15.698361
JVASP-32431,27,C,57.39095,68.74947,15.6983595
JVASP-32431,28,C,54.96269,74.03955,19.338516
JVASP-32431,29,C,54.96269,74.03955,19.338516
JVASP-32431,30,C,54.96269,74.03955,19.338516
JVASP-32431,31,C,57.39095,68.74948,15.698359
JVASP-32431,32,C,54.96269,74.03955,19.338516
JVASP-32431,33,C,57.39095,68.74947,15.6983595
JVASP-32431,34,N,1.8302939,14.287764,15.9265585
JVASP-32431,35,N,1.8302939,14.287766,15.92656
JVASP-32431,36,F,123.04081,87.583305,38.61302
JVASP-32431,37,F,123.04081,87.583305,38.613026
JVASP-32431,38,F,123.04081,87.583305,38.61302
JVASP-32431,39,F,123.04081,87.583305,38.613026
JVASP-50189,0,Ho,129.448,47.253975,82.78628
JVASP-50189,1,Ho,129.448,47.253975,82.78628
JVASP-50189,2,H,30.063992,20.534733,18.271847
JVASP-50189,3,H,30.063992,20.534733,18.271849
JVASP-50189,4,O,106.511826,45.990322,102.83863
JVASP-50189,5,O,19.786366,37.5716,47.313538
JVASP-50189,6,O,106.511826,45.990326,102.83863
JVASP-50189,7,O,19.786366,37.5716,47.313534
JVASP-50255,0,Ho,236.09653,173.76231,62.334213
JVASP-50255,1,Ho,236.09653,173.7623,62.334217
JVASP-50255,2,H,4.0355344,54.077564,50.042027
JVASP-50255,3,H,4.0355344,54.077557,50.042023
JVASP-50255,4,O,45.668285,120.79823,75.12995
JVASP-50255,5,O,45.668285,120.79824,75.12995
JVASP-50255,6,O,45.668285,120.79823,75.12995
JVASP-50255,7,O,45.668285,120.79823,75.12995
JVASP-54773,0,Ho,38.33336,21.604574,29.175472
JVASP-54773,1,Ho,38.31489,21.599154,29.172878
JVASP-54773,2,H,50.678654,30.167452,44.91887
JVASP-54773,3,H,50.680176,30.168427,44.91653
JVASP-54773,4,O,7.2844644,20.015825,19.987799
JVASP-54773,5,O,7.2864766,20.003513,19.97091
JVASP-54773,6,O,147.58685,59.85464,90.237144
JVASP-54773,7,O,147.59073,59.85564,90.23866
JVASP-15812,0,O,17.112267,26.50573,43.617996
JVASP-15812,1,O,17.112267,26.50573,43.617996
JVASP-15812,2,Rb,121.94509,67.29244,54.65265
JVASP-15812,3,Yb,233.07356,134.076,98.99756
JVASP-37519,0,Yb,178.61516,92.654724,85.960434
JVASP-37519,1,Yb,178.61516,92.654724,85.960434
JVASP-37519,2,Rb,52.653416,78.34487,25.69146
JVASP-37519,3,Rb,12.325832,7.4159203,4.9099126
JVASP-37519,4,O,76.83348,105.67471,123.39574
JVASP-37519,5,O,76.83348,105.67471,123.39574
JVASP-37519,6,O,76.83348,105.67471,123.39574
JVASP-37519,7,O,76.83348,105.674736,123.39575
JVASP-37519,8,O,139.89853,136.50209,3.3964357
JVASP-37567,0,Yb,0.0,0.0,0.0
JVASP-37567,1,Rb,0.0,0.0,0.0
JVASP-37567,2,O,39.013023,111.67839,72.665375
JVASP-37567,3,O,39.013023,111.6784,72.665375
JVASP-37567,4,O,39.013023,111.67841,72.66539
JVASP-14974,0,Sb,192.51945,32.692528,177.02977
JVASP-14974,1,Sb,192.51955,32.69254,177.02974
JVASP-14974,2,Sb,192.51955,32.69254,177.02974
JVASP-14974,3,Sb,192.51945,32.692528,177.02977
JVASP-14974,4,Ta,112.20008,33.248997,83.520546
JVASP-14974,5,Ta,112.19539,33.24901,83.516045
JVASP-14974,6,Ta,112.19539,33.24901,83.516045
JVASP-14974,7,Ta,112.20008,33.248993,83.52055
JVASP-14974,8,Ta,131.47629,10.467688,121.008606
JVASP-14769,0,Ta,76.71313,10.61402,66.099106
JVASP-14769,1,Ta,76.71313,10.61402,66.099106
JVASP-14769,2,Ta,76.71313,10.61402,66.0991
JVASP-14769,3,Ta,76.71313,10.614022,66.0991
JVASP-14769,4,Ta,76.71313,10.614024,66.0991
JVASP-14769,5,Ta,76.71313,10.614022,66.0991
JVASP-14769,6,Sb,0.0,0.0,0.0
JVASP-14769,7,Sb,0.0,0.0,0.0
JVASP-16641,0,Sb,257.1503,59.021027,200.895
JVASP-16641,1,Sb,257.1503,59.021027,200.895
JVASP-16641,2,Sb,90.74842,13.81101,93.50751
JVASP-16641,3,Sb,90.74842,13.811013,93.50751
JVASP-16641,4,Ta,193.54515,17.692455,194.52527
JVASP-16641,5,Ta,193.54515,17.692457,194.52527
JVASP-155,0,Pd,34.93331,111.50549,97.784355
JVASP-155,1,Pd,34.93331,111.50549,97.784355
JVASP-155,2,Pd,34.93331,111.50549,97.784355
JVASP-155,3,Pd,34.93331,111.50549,97.784355
JVASP-155,4,S,231.21678,139.21677,108.90069
JVASP-155,5,S,231.21678,139.21678,108.900665
JVASP-155,6,S,231.21678,139.21677,108.90068
JVASP-155,7,S,231.21678,139.2168,108.900665
JVASP-155,8,S,231.21678,139.21677,108.90068
JVASP-155,9,S,231.21678,139.21678,108.90068
JVASP-155,10,S,231.21678,139.21677,108.90067
JVASP-155,11,S,231.21678,139.21677,108.90069
JVASP-25034,0,Pd,13.628069,46.065533,33.494415
JVASP-25034,1,Pd,13.633553,46.063152,33.484924
JVASP-25034,2,Pd,14.675497,81.66776,79.64841
JVASP-25034,3,Pd,14.675497,81.66776,79.64841
JVASP-25034,4,Pd,13.628721,46.065544,33.493534
JVASP-25034,5,Pd,13.632599,46.063133,33.486088
JVASP-25034,6,S,56.415054,14.644882,66.61746
JVASP-25034,7,S,56.41555,14.644881,66.61808
JVASP-87013,0,Pd,36.598354,11.282405,44.92045
JVASP-87013,1,Pd,36.598354,11.282408,44.92045
JVASP-87013,2,Pd,36.598354,11.282408,44.92045
JVASP-87013,3,Pd,36.598354,11.282408,44.920444
JVASP-87013,4,Pd,36.598354,11.282402,44.920444
JVASP-87013,5,Pd,36.598354,11.282404,44.92045
JVASP-87013,6,Pd,36.598354,11.282405,44.92045
JVASP-87013,7,Pd,36.598354,11.282407,44.92045
JVASP-87013,8,S,17.233793,10.143398,27.37719
JVASP-87013,9,S,17.233793,10.143399,27.377192
JVASP-37082,0,Tb,35.400772,29.740273,6.588894
JVASP-37082,1,Tb,35.400772,29.740273,6.588899
JVASP-37082,2,Au,217.14421,85.82039,134.43582
JVASP-37082,3,Au,217.14421,85.82039,134.43582
JVASP-56437,0,Tb,15.337071,53.85865,38.52158
JVASP-56437,1,Tb,15.337071,53.85865,38.52158
JVASP-56437,2,Au,136.85054,109.785095,27.065447
JVASP-56437,3,Au,136.85054,109.785095,27.065447
JVASP-56437,4,Au,136.85054,109.7851,27.06544
JVASP-56437,5,Au,136.85054,109.785095,27.065447
JVASP-7701,0,Tb,0.0,0.0,0.0
JVASP-7701,1,Au,0.0,0.0,0.0
JVASP-14533,0,Yb,0.0,0.0,0.0
JVASP-14533,1,Pd,67.98558,30.259771,37.725815
JVASP-14533,2,Pd,67.98559,30.259768,37.72582
JVASP-14533,3,Pd,67.98558,30.25978,37.725803
JVASP-14950,0,Yb,0.0,0.0,0.0
JVASP-14950,1,Pd,0.0,0.0,0.0
JVASP-78828,0,Yb,213.887,240.77881,26.891815
JVASP-78828,1,Yb,213.887,240.7788,26.891802
JVASP-78828,2,Pd,103.982475,27.952963,76.02951
JVASP-78828,3,Pd,103.982475,27.952961,76.02952
JVASP-78828,4,Pd,103.982475,27.952953,76.029526
JVASP-78828,5,Pd,103.982475,27.95296,76.02952
JVASP-67396,0,Be,7.1913013,1.6182082,8.809508
JVASP-67396,1,Co,43.804226,10.570685,33.233536
JVASP-67396,2,Ir,209.57875,31.091274,178.48747
JVASP-68182,0,Be,0.048989795,2.1453362,2.194326
JVASP-68182,1,Co,1.060629,14.651221,15.71185
JVASP-68182,2,Ir,15.348502,2.7594275,12.589075
JVASP-68182,3,Ir,79.23691,21.562948,57.673958
JVASP-74848,0,Be,0.4286607,7.4288235,7.0001626
JVASP-74848,1,Be,0.4286607,7.4288244,7.000164
JVASP-74848,2,Co,3.576255,13.951254,10.374999
JVASP-74848,3,Ir,34.93544,24.012722,10.922715
JVASP-2244,0,Se,41.255276,10.364937,30.890339
JVASP-2244,1,Sb,0.64752346,10.071274,10.718797
JVASP-2244,2,Sb,0.64752346,10.071274,10.718797
JVASP-2244,3,Te,2.0165431,52.759403,54.775948
JVASP-2244,4,Te,2.0165431,52.7594,54.775944
JVASP-8174,0,Se,69.91502,106.901726,36.986702
JVASP-8174,1,Se,56.715103,5.140076,51.575027
JVASP-8174,2,Sb,12.35152,86.21353,98.565056
JVASP-8174,3,Sb,11.142488,76.044205,64.90172
JVASP-8174,4,Te,30.40555,85.637695,55.23214
JVASP-12144,0,Sb,2.4556136,113.759254,111.30365
JVASP-12144,1,Sb,2.4556136,113.75927,111.30366
JVASP-12144,2,Sb,2.4556136,113.75717,111.30156
JVASP-12144,3,Sb,2.4543886,113.74972,111.29534
JVASP-12144,4,Sb,2.4543886,113.74971,111.29532
JVASP-12144,5,Sb,2.4556136,113.75718,111.30157
JVASP-12144,6,Te,204.42584,176.79405,27.631777
JVASP-12144,7,Te,204.42584,176.79277,27.633066
JVASP-12144,8,Te,204.42584,176.79276,27.633081
JVASP-12144,9,Se,63.183365,34.844147,28.33922
JVASP-12144,10,Se,63.183365,34.84412,28.339243
JVASP-12144,11,Se,63.183365,34.839783,28.34358
JVASP-12144,12,Se,63.184586,34.849483,28.335106
JVASP-12144,13,Se,63.184586,34.84948,28.33511
JVASP-12144,14,Se,63.183365,34.839783,28.34358
JVASP-13854,0,Sr,30.107903,4.2937956,25.814108
JVASP-13854,1,Sr,30.107903,4.293797,25.814106
JVASP-13854,2,Ag,1.4521407,9.192528,10.644668
JVASP-13854,3,Ag,1.4521407,9.19253,10.644669
JVASP-13854,4,Sb,201.1125,3.287428,204.39993
JVASP-13854,5,Sb,201.11168,3.2874289,204.39911
JVASP-80862,0,Sr,177.25487,11.281492,188.53638
JVASP-80862,1,Sr,177.25487,11.281492,188.53638
JVASP-80862,2,Sr,177.25487,11.281492,188.53638
JVASP-80862,3,Sr,177.25487,11.281492,188.53638
JVASP-80862,4,Ag,5.4821815,16.359922,10.878076
JVASP-80862,5,Ag,5.4821815,16.359922,10.878076
JVASP-80862,6,Sb,34.658722,21.374517,13.303355
JVASP-80862,7,Sb,34.658722,21.374517,13.303355
JVASP-16425,0,Sr,30.154444,4.2981687,25.856276
JVASP-16425,1,Sr,30.154444,4.2981677,25.856276
JVASP-16425,2,Ag,1.4439744,9.191825,10.635799
JVASP-16425,3,Ag,1.4439744,9.191825,10.635799
JVASP-16425,4,Sb,201.24272,3.2694557,204.51218
JVASP-16425,5,Sb,201.24272,3.269456,204.51218
JVASP-37701,0,Y,16.742239,16.538025,25.081589
JVASP-37701,1,Y,16.742401,16.53798,25.083105
JVASP-37701,2,Y,16.742239,16.538023,25.081585
JVASP-37701,3,Y,16.742239,16.538025,25.081587
JVASP-37701,4,Y,16.741587,16.53798,25.082527
JVASP-37701,5,Y,16.742239,16.538025,25.081589
JVASP-37701,6,Sn,8.9234915,1.2921108,7.63138
JVASP-37701,7,Sn,8.9234915,1.2921101,7.631381
JVASP-7718,0,Y,0.0,0.0,0.0
JVASP-7718,1,Sn,196.01389,32.567486,163.4464
JVASP-7718,2,Sn,196.01389,32.567493,163.44638
JVASP-7718,3,Sn,196.01389,32.56749,163.4464
JVASP-78548,0,Y,0.0,0.0,0.0
JVASP-78548,1,Sn,0.0,0.0,0.0
JVASP-14701,0,U,149.83284,31.829227,118.00361
JVASP-14701,1,U,149.83284,31.829227,118.00361
JVASP-14701,2,P,124.58269,32.57152,92.01117
JVASP-14701,3,P,124.58269,32.571526,92.01116
JVASP-14701,4,P,32.666397,2.3954034,30.270992
JVASP-14701,5,P,32.666397,2.3953986,30.270998
JVASP-30449,0,U,189.4521,13.137976,176.31413
JVASP-30449,1,U,189.4521,13.138416,176.31369
JVASP-30449,2,P,114.65762,22.16606,128.8422
JVASP-30449,3,P,114.65796,22.165861,128.8426
JVASP-30449,4,P,114.65854,22.166132,128.84344
JVASP-30449,5,P,114.659004,22.16634,128.84372
JVASP-30449,6,P,114.659225,22.166674,128.84415
JVASP-30449,7,P,114.659225,22.166557,128.84421
JVASP-7949,0,U,0.0,0.0,0.0
JVASP-7949,1,U,0.0,0.0,0.0
JVASP-7949,2,U,0.0,0.0,0.0
JVASP-7949,3,U,0.0,0.0,0.0
JVASP-7949,4,P,0.0,0.0,0.0
JVASP-7949,5,P,0.0,0.0,0.0
JVASP-7949,6,P,0.0,0.0,0.0
JVASP-7949,7,P,0.0,0.0,0.0
JVASP-20610,0,As,0.0,0.0,0.0
JVASP-20610,1,Sn,0.00081649655,4.221067e-05,0.00078677555
JVASP-30466,0,Sn,186.92137,0.16261901,186.75876
JVASP-30466,1,As,11.372981,58.072353,46.699375
JVASP-30466,2,As,11.372981,58.072357,46.699375
JVASP-30466,3,As,131.03789,1.5584784,132.59637
JVASP-56488,0,Sn,25.54328,41.591774,67.135056
JVASP-56488,1,Sn,25.54328,41.591774,67.135056
JVASP-56488,2,Sn,25.54328,41.591774,67.135056
JVASP-56488,3,As,33.584957,23.262367,10.322587
JVASP-56488,4,As,33.584957,23.262367,10.322587
JVASP-56488,5,As,33.584957,23.262365,10.32259
JVASP-56488,6,As,33.584957,23.262365,10.32259
JVASP-36099,0,Ce,177.4043,19.399105,196.80339
JVASP-36099,1,Ce,177.4043,19.399107,196.80342
JVASP-36099,2,Ce,177.4043,19.399103,196.8034
JVASP-36099,3,Cu,0.0,0.0,0.0
JVASP-19820,0,Ce,147.71281,41.071682,106.64112
JVASP-19820,1,Cu,59.71282,69.808586,10.107676
JVASP-19820,2,Cu,38.22306,104.19652,65.97346
JVASP-19820,3,Cu,38.22306,104.19652,65.97346
JVASP-19820,4,Cu,59.71282,69.808586,10.107673
JVASP-19820,5,Cu,59.70949,69.808525,10.110982
JVASP-8022,0,Cu,75.06502,43.592335,37.12716
JVASP-8022,1,Cu,75.06502,43.59233,37.127163
JVASP-8022,2,Cu,75.06353,43.592335,37.124275
JVASP-8022,3,Cu,75.06353,43.592335,37.124275
JVASP-8022,4,Ce,181.35765,12.429806,192.08447
JVASP-8022,5,Ce,181.35765,12.429806,192.08447
JVASP-51007,0,Rb,20.317904,38.464363,42.74798
JVASP-51007,1,Rb,20.317904,38.46436,42.747974
JVASP-51007,2,H,43.20047,50.12963,32.083885
JVASP-51007,3,H,43.20047,50.12963,32.083885
JVASP-51007,4,O,141.19943,27.047749,116.45168
JVASP-51007,5,O,141.19943,27.04775,116.45166
JVASP-51017,0,Rb,20.20411,38.449368,42.70558
JVASP-51017,1,Rb,20.20411,38.449368,42.70558
JVASP-51017,2,H,43.21947,50.03691,32.006226
JVASP-51017,3,H,43.21947,50.03691,32.00623
JVASP-51017,4,O,141.2241,27.021938,116.49896
JVASP-51017,5,O,141.2241,27.021938,116.49897
JVASP-51721,0,Rb,36.482285,38.840984,53.643692
JVASP-51721,1,Rb,36.482285,38.84099,53.643696
JVASP-51721,2,H,53.46467,55.22749,35.83708
JVASP-51721,3,H,53.46467,55.22749,35.837086
JVASP-51721,4,O,175.53265,52.755733,130.10016
JVASP-51721,5,O,175.53265,52.755733,130.10016
JVASP-17601,0,Ni,8.487008,8.070386,0.98306006
JVASP-17601,1,Ni,8.488735,8.070611,0.979092
JVASP-17601,2,Ni,8.487008,8.070385,0.9830588
JVASP-17601,3,Ni,8.487008,8.070388,0.98305804
JVASP-17601,4,Ni,8.488281,8.070609,0.9794746
JVASP-17601,5,Ni,8.487008,8.070387,0.9830599
JVASP-17601,6,Sn,22.0797,4.731993,17.347708
JVASP-17601,7,Sn,22.08011,4.731991,17.34812
JVASP-7955,0,Ni,17.393948,36.252308,21.262072
JVASP-7955,1,Ni,18.669937,26.55767,20.694574
JVASP-7955,2,Ni,18.669937,26.557669,20.694572
JVASP-7955,3,Sn,110.83636,54.86813,62.59215
JVASP-7955,4,Sn,110.83636,54.86813,62.592148
JVASP-7955,5,Sn,175.00194,72.20934,110.46676
JVASP-7955,6,Sn,175.00194,72.20934,110.46675
JVASP-16591,0,Ni,41.83565,22.196707,19.638947
JVASP-16591,1,Ni,41.835655,22.196707,19.638947
JVASP-16591,2,Ni,41.83565,22.196705,19.638948
JVASP-16591,3,Sn,0.0,0.0,0.0
JVASP-18459,0,H,0.08038657,20.196646,20.277025
JVASP-18459,1,H,0.08038657,20.196644,20.277023
JVASP-18459,2,Hf,25.238361,48.66887,23.430544
JVASP-37766,0,Hf,168.0007,6.039475,161.96123
JVASP-37766,1,H,1.2455657,27.628925,28.874493
JVASP-37766,2,H,1.2455657,27.628933,28.874498
JVASP-37766,3,H,5.0157385,43.489647,48.505383
JVASP-38881,0,Hf,0.0,0.0,0.0
JVASP-38881,1,H,5.4395003,43.517273,48.95677
JVASP-38881,2,H,5.4395003,43.51728,48.956783
JVASP-38881,3,H,5.4395003,43.517273,48.95677
JVASP-17762,0,La,0.0,0.0,0.0
JVASP-17762,1,In,0.0,0.0,0.0
JVASP-17808,0,La,0.0,0.0,0.0
JVASP-17808,1,In,145.76097,16.423264,129.3377
JVASP-17808,2,In,145.76097,16.423262,129.3377
JVASP-17808,3,In,145.76097,16.423262,129.3377
JVASP-17873,0,La,163.76472,2.2058718,165.9706
JVASP-17873,1,La,163.76472,2.2058713,165.9706
JVASP-17873,2,La,163.76472,2.2058718,165.9706
JVASP-17873,3,In,0.0,0.0,0.0
JVASP-13970,0,U,2.035526,24.66699,26.702518
JVASP-13970,1,U,2.035526,24.66699,26.702518
JVASP-13970,2,Si,15.227662,39.376846,24.149181
JVASP-13970,3,Si,15.227662,39.37684,24.149178
JVASP-13970,4,S,1.3178256,27.564806,28.882631
JVASP-13970,5,S,1.3178256,27.564806,28.882631
JVASP-15993,0,U,2.0363426,24.66699,26.703333
JVASP-15993,1,U,2.0363426,24.66699,26.703333
JVASP-15993,2,Si,15.227662,39.376846,24.149181
JVASP-15993,3,Si,15.227662,39.376842,24.149181
JVASP-15993,4,S,1.3178256,27.56481,28.882635
JVASP-15993,5,S,1.3178256,27.56481,28.882635
JVASP-49818,0,U,162.3432,23.356997,138.98622
JVASP-49818,1,U,162.3432,23.356997,138.98622
JVASP-49818,2,Si,71.85007,34.10639,37.74367
JVASP-49818,3,Si,71.85007,34.106396,37.74367
JVASP-49818,4,S,10.81613,24.751173,35.567303
JVASP-49818,5,S,10.81613,24.751173,35.567307
JVASP-19971,0,Sn,8.069844,98.86863,90.79879
JVASP-19971,1,Sn,8.069844,98.868614,90.798775
JVASP-19971,2,Au,152.33499,70.34088,81.9941
JVASP-19971,3,Au,152.33499,70.34089,81.9941
JVASP-37538,0,Sn,158.61794,123.21866,35.399273
JVASP-37538,1,Sn,158.61794,123.21865,35.39928
JVASP-37538,2,Au,153.7101,114.95978,65.11388
JVASP-37538,3,Au,153.7099,114.95937,65.11469
JVASP-37538,4,Au,153.7099,114.95938,65.11469
JVASP-37538,5,Au,153.7108,114.95978,65.11467
JVASP-37538,6,Au,153.7099,114.959366,65.1147
JVASP-37538,7,Au,153.7099,114.95938,65.11469
JVASP-8709,0,Sn,7.971255,5.1026278,2.8686273
JVASP-8709,1,Au,83.20352,22.730047,60.473476
JVASP-8709,2,Au,90.208084,21.323183,78.9949
JVASP-8709,3,Au,90.20978,21.323093,78.99641
JVASP-8709,4,Au,90.20846,21.323185,78.99555
JVASP-8709,5,Au,83.20352,22.727285,60.47624
JVASP-15120,0,Cr,123.18484,72.22029,50.964558
JVASP-15120,1,Cr,123.18484,72.220276,50.96456
JVASP-15120,2,Cr,123.184845,72.220276,50.96456
JVASP-15120,3,Ga,0.0,0.0,0.0
JVASP-15120,4,N,0.0,0.0,0.0
JVASP-15967,0,Cr,12.229077,20.944061,8.714983
JVASP-15967,1,Cr,12.229077,20.944063,8.714986
JVASP-15967,2,Cr,12.229077,20.944063,8.714987
JVASP-15967,3,Cr,12.229077,20.944065,8.714988
JVASP-15967,4,Ga,155.83246,29.16947,185.00192
JVASP-15967,5,Ga,155.83246,29.169458,185.0019
JVASP-15967,6,N,6.0232954,42.307014,48.33031
JVASP-15967,7,N,6.0232954,42.307007,48.3303
JVASP-14174,0,Cr,12.229077,20.944065,8.714988
JVASP-14174,1,Cr,12.229077,20.944063,8.714986
JVASP-14174,2,Cr,12.229077,20.944065,8.714988
JVASP-14174,3,Cr,12.229077,20.944065,8.714988
JVASP-14174,4,Ga,155.83246,29.16946,185.00192
JVASP-14174,5,Ga,155.83246,29.169464,185.00192
JVASP-14174,6,N,6.0232954,42.307007,48.3303
JVASP-14174,7,N,6.0232954,42.30702,48.33031
JVASP-36264,0,Lu,59.945137,11.039186,70.98432
JVASP-36264,1,Cd,152.72324,131.20706,21.51617
JVASP-36264,2,Cd,152.72324,131.20708,21.516151
JVASP-7704,0,Cd,86.27166,53.710327,47.232265
JVASP-7704,1,Cd,86.27166,53.71032,47.232265
JVASP-7704,2,Cd,100.3687,48.335297,74.54564
JVASP-7704,3,Cd,100.3687,48.335297,74.54564
JVASP-7704,4,Cd,100.367,48.335423,74.54412
JVASP-7704,5,Cd,100.367,48.335423,74.54412
JVASP-7704,6,Lu,67.58709,32.226532,67.51509
JVASP-7704,7,Lu,67.58709,32.226532,67.51509
JVASP-7989,0,Lu,0.0,0.0,0.0
JVASP-7989,1,Cd,0.0,0.0,0.0
JVASP-15445,0,Ba,0.0,0.0,0.0
JVASP-15445,1,Pr,0.0,0.0,0.0
JVASP-15445,2,O,67.478546,56.88301,124.36156
JVASP-15445,3,O,67.478546,56.883015,124.36156
JVASP-15445,4,O,67.478546,56.883,124.36154
JVASP-58343,0,O,61.265194,29.533636,45.843487
JVASP-58343,1,O,61.264587,29.533644,45.842777
JVASP-58343,2,O,61.265194,29.533632,45.843487
JVASP-58343,3,O,61.264587,29.533644,45.842773
JVASP-58343,4,O,59.155758,25.815592,43.41719
JVASP-58343,5,O,59.155758,25.815594,43.417194
JVASP-58343,6,Ba,115.47451,26.09377,100.99587
JVASP-58343,7,Ba,115.47451,26.093767,100.99587
JVASP-58343,8,Pr,52.091175,45.65089,46.478176
JVASP-58343,9,Pr,52.090744,45.650883,46.478363
JVASP-58344,0,O,64.972046,19.90939,80.24845
JVASP-58344,1,O,64.9734,19.9094,80.2498
JVASP-58344,2,O,64.97234,19.909409,80.24882
JVASP-58344,3,O,64.972046,19.90939,80.24846
JVASP-58344,4,O,64.97234,19.909407,80.24882
JVASP-58344,5,O,64.9734,19.909403,80.2498
JVASP-58344,6,Ba,151.45831,49.98202,101.47629
JVASP-58344,7,Ba,151.45831,49.982018,101.47629
JVASP-58344,8,Pr,55.25752,29.85428,25.40324
JVASP-58344,9,Pr,55.25752,29.85427,25.40325
JVASP-45992,0,Y,124.399376,113.84985,10.666126
JVASP-45992,1,Y,124.399376,113.84985,10.66612
JVASP-45992,2,Y,124.399376,113.84985,10.66612
JVASP-45992,3,Y,124.399376,113.84985,10.666121
JVASP-45992,4,H,3.9477613,8.819285,7.988502
JVASP-45992,5,H,3.9477613,8.819287,7.9885025
JVASP-45992,6,H,3.9477613,8.819286,7.9885025
JVASP-45992,7,H,3.9477613,8.819286,7.9885025
JVASP-45992,8,O,46.27373,88.266884,42.041016
JVASP-45992,9,O,46.27373,88.266884,42.041016
JVASP-45992,10,O,46.27373,88.26689,42.041023
JVASP-45992,11,O,46.27373,88.26689,42.041023
JVASP-45992,12,O,46.27373,88.26689,42.041023
JVASP-45992,13,O,46.27373,88.266884,42.041016
JVASP-45992,14,O,46.27373,88.26689,42.041023
JVASP-45992,15,O,46.27373,88.2669,42.04103
JVASP-50918,0,Y,68.53635,32.889877,36.073093
JVASP-50918,1,Y,68.53635,32.889877,36.073093
JVASP-50918,2,H,30.220503,11.843976,23.687902
JVASP-50918,3,H,30.220503,11.843976,23.687904
JVASP-50918,4,O,107.00943,41.101795,84.258194
JVASP-50918,5,O,20.377464,19.950459,29.757668
JVASP-50918,6,O,107.00943,41.101795,84.258194
JVASP-50918,7,O,20.377464,19.950459,29.75767
JVASP-54770,0,Y,22.996687,11.301857,15.067107
JVASP-54770,1,Y,22.996687,11.301861,15.067103
JVASP-54770,2,H,50.78593,24.840508,35.63768
JVASP-54770,3,H,50.78593,24.840508,35.637676
JVASP-54770,4,O,7.424431,14.196084,12.654556
JVASP-54770,5,O,7.424431,14.196085,12.654557
JVASP-54770,6,O,148.26526,66.0494,83.38992
JVASP-54770,7,O,148.26526,66.04941,83.38991
JVASP-30348,0,Tm,44.543564,34.094376,10.449198
JVASP-30348,1,Tm,44.543564,34.09437,10.449201
JVASP-30348,2,Cl,8.722224,34.390404,25.668179
JVASP-30348,3,Cl,8.722224,34.390404,25.668179
JVASP-30348,4,O,18.576931,20.396172,38.973103
JVASP-30348,5,O,18.576931,20.396172,38.973103
JVASP-44353,0,Tm,146.3121,78.963715,67.34839
JVASP-44353,1,Tm,146.3121,78.963715,67.34839
JVASP-44353,2,Cl,6.25518,23.11634,16.86116
JVASP-44353,3,Cl,6.25518,23.116337,16.861155
JVASP-44353,4,O,4.94552,31.544014,26.598494
JVASP-44353,5,O,4.94552,31.544016,26.598495
JVASP-30183,0,Tm,93.2138,119.7783,70.09937
JVASP-30183,1,Tm,93.2138,119.77831,70.099396
JVASP-30183,2,Cl,28.09915,19.768963,9.958719
JVASP-30183,3,Cl,28.09915,19.768963,9.958719
JVASP-30183,4,O,7.8045692,46.39847,42.976395
JVASP-30183,5,O,7.8045692,46.39847,42.97639
JVASP-13916,0,Al,1.12321,25.447844,24.42217
JVASP-13916,1,Al,1.12321,25.447844,24.422173
JVASP-13916,2,Cl,151.22083,158.61118,38.749493
JVASP-13916,3,Cl,151.22083,158.61118,38.749496
JVASP-13916,4,Cl,151.17276,157.58295,38.42201
JVASP-13916,5,Cl,151.17342,157.58301,38.42191
JVASP-13916,6,Cl,151.17276,157.58295,38.422012
JVASP-13916,7,Cl,151.17342,157.58301,38.421913
JVASP-18426,0,Al,12.86227,18.579285,31.441555
JVASP-18426,1,Cl,48.955093,64.42342,15.468329
JVASP-18426,2,Cl,102.242935,5.5434093,96.69952
JVASP-18426,3,Cl,102.242935,5.543407,96.69953
JVASP-13782,0,Al,12.86227,18.57928,31.441553
JVASP-13782,1,Cl,48.955093,64.423416,15.468325
JVASP-13782,2,Cl,102.242935,5.5434036,96.69953
JVASP-13782,3,Cl,102.242935,5.5434,96.69953
JVASP-2463,0,Al,1.5165389,6.644492,5.1279535
JVASP-2463,1,Al,1.5165389,6.644481,5.1279426
JVASP-2463,2,S,56.16509,25.921848,32.547977
JVASP-2463,3,S,56.16591,25.921839,32.548717
JVASP-2463,4,S,56.16587,25.921831,32.548946
JVASP-2463,5,S,56.165016,25.921839,32.54789
JVASP-2463,6,Ag,56.038555,13.293635,42.74492
JVASP-2463,7,Ag,56.038555,13.293638,42.74492
JVASP-78868,0,Al,5.0532975,22.726377,17.67308
JVASP-78868,1,Ag,141.52989,44.508,97.02188
JVASP-78868,2,S,40.652958,12.228683,28.424274
JVASP-78868,3,S,31.360819,11.72495,19.635868
JVASP-8146,0,Al,2.6601458,5.4308324,8.090979
JVASP-8146,1,Ag,131.64702,30.643148,101.00386
JVASP-8146,2,S,41.79442,8.423776,50.218193
JVASP-8146,3,S,35.31919,1.5148034,36.833996
JVASP-29492,0,Cr,51.273533,65.94614,117.219666
JVASP-29492,1,Ag,1.7086874,48.366787,46.658104
JVASP-29492,2,S,49.54969,17.909595,67.45928
JVASP-29492,3,S,64.734955,17.82209,82.557045
JVASP-1471,0,S,23.88899,11.12303,12.76596
JVASP-1471,1,S,40.96656,17.671251,23.29531
JVASP-1471,2,Cr,14.669822,20.03193,5.3621106
JVASP-1471,3,Ag,138.817,36.948288,101.86871
JVASP-79555,0,Cr,49.34252,27.592197,76.934715
JVASP-79555,1,Ag,30.901539,59.66581,28.76427
JVASP-79555,2,S,7.7783546,9.720525,17.49888
JVASP-79555,3,S,10.506269,20.427263,30.933533
JVASP-20531,0,Ho,0.0,0.0,0.0
JVASP-20531,1,Cu,0.0,0.0,0.0
JVASP-18682,0,Ho,136.5958,63.392616,73.20318
JVASP-18682,1,Cu,39.495163,41.75035,2.25519
JVASP-18682,2,Cu,39.495163,41.750347,2.2551868
JVASP-18682,3,Cu,57.668518,70.97392,18.16505
JVASP-18682,4,Cu,57.659668,70.97379,18.169893
JVASP-18682,5,Cu,57.668518,70.97392,18.165045
JVASP-20260,0,Ho,0.0,0.0,0.0
JVASP-20260,1,Cu,0.0,0.0,0.0
JVASP-18452,0,S,60.377197,65.45939,24.719229
JVASP-18452,1,S,60.377296,65.45937,24.719187
JVASP-18452,2,S,60.377296,65.45938,24.719185
JVASP-18452,3,S,60.377197,65.45939,24.71923
JVASP-18452,4,Fe,3.9346929,10.950856,7.01617
JVASP-18452,5,Fe,3.9346929,10.950857,7.0161705
JVASP-18452,6,Ba,69.89834,4.542175,65.35616
JVASP-53439,0,Ba,70.43299,9.347244,61.173847
JVASP-53439,1,Fe,7.746818,12.249879,8.664433
JVASP-53439,2,Fe,7.388099,12.962297,8.526184
JVASP-53439,3,S,59.145565,65.05267,21.73315
JVASP-53439,4,S,59.12051,66.84698,25.278992
JVASP-53439,5,S,59.152695,62.88082,22.351765
JVASP-53439,6,S,59.11884,67.411545,24.374733
JVASP-53662,0,Ba,133.21068,1.5682814,134.75948
JVASP-53662,1,Fe,10.091891,5.5215635,13.603693
JVASP-53662,2,Fe,9.9902525,3.1148903,12.37613
JVASP-53662,3,S,74.28047,92.596985,32.294945
JVASP-53662,4,S,74.27979,92.59692,32.295353
JVASP-53662,5,S,73.7285,90.58945,28.31631
JVASP-53662,6,S,73.72894,90.589516,28.315504
JVASP-35944,0,Lu,35.514336,3.4659724,32.048363
JVASP-35944,1,Lu,35.514336,3.4659681,32.048367
JVASP-35944,2,S,39.80094,6.723021,33.077923
JVASP-35944,3,S,39.80094,6.723017,33.077927
JVASP-35944,4,S,131.89523,13.113952,118.78127
JVASP-35944,5,S,131.89523,13.113948,118.78128
JVASP-18926,0,S,0.0,0.0,0.0
JVASP-18926,1,Lu,0.0016329931,2.1128847e-06,0.0016309646
JVASP-9140,0,S,25.451063,19.981256,11.840219
JVASP-9140,1,S,25.450914,19.98125,11.840294
JVASP-9140,2,S,25.450647,19.981241,11.839294
JVASP-9140,3,S,25.451063,19.981258,11.840219
JVASP-9140,4,S,25.450647,19.981241,11.839293
JVASP-9140,5,S,25.450914,19.98125,11.840295
JVASP-9140,6,Lu,13.232518,4.693719,17.926237
JVASP-9140,7,Lu,13.232518,4.69371,17.926228
JVASP-9140,8,Lu,13.232518,4.693718,17.926235
JVASP-9140,9,Lu,13.232518,4.6937075,17.926226
JVASP-14179,0,Mg,7.4467196,41.153576,33.706856
JVASP-14179,1,Er,2.7515798,38.85142,36.099854
JVASP-14179,2,Er,2.7515798,38.851418,36.099854
JVASP-42132,0,Er,39.829838,2.664633,39.610214
JVASP-42132,1,Er,130.67093,16.764957,143.2243
JVASP-42132,2,Er,39.829838,2.6647825,39.609768
JVASP-42132,3,Er,130.67093,16.765,143.22403
JVASP-42132,4,Mg,2.839364,11.582088,10.01267
JVASP-42132,5,Mg,2.839364,11.582003,10.014598
JVASP-7990,0,Er,0.0,0.0,0.0
JVASP-7990,1,Mg,0.0,0.0,0.0
JVASP-7856,0,Y,0.00081649655,0.00091195776,9.555151e-05
JVASP-7856,1,Cr,0.017146429,0.001919467,0.019065894
JVASP-7856,2,O,24.556135,27.23181,2.675675
JVASP-7856,3,O,24.556135,27.231808,2.6756744
JVASP-7856,4,O,24.553684,27.231781,2.6780972
JVASP-8249,0,Y,0.0,0.0,0.0
JVASP-8249,1,Cr,0.0,0.0,0.0
JVASP-8249,2,O,24.521841,27.28556,2.763719
JVASP-8249,3,O,24.521841,27.285557,2.7637165
JVASP-8249,4,O,24.521841,27.285564,2.7637231
JVASP-9542,0,Y,129.04034,103.09933,25.941023
JVASP-9542,1,Y,129.04034,103.09933,25.941023
JVASP-9542,2,Cr,95.06102,51.95705,43.103966
JVASP-9542,3,Cr,95.06102,51.95705,43.10397
JVASP-9542,4,O,34.496162,16.107405,18.38876
JVASP-9542,5,O,34.496162,16.107403,18.388762
JVASP-9542,6,O,34.496162,16.107405,18.38876
JVASP-9542,7,O,34.496162,16.107403,18.388762
JVASP-9542,8,O,108.89369,80.07416,28.819536
JVASP-9542,9,O,108.89369,80.074165,28.819534
JVASP-39102,0,Si,0.23515102,3.816008,3.580857
JVASP-39102,1,B,0.0073484695,0.8814566,0.8741082
JVASP-39102,2,O,49.204456,67.981514,19.289165
JVASP-39102,3,O,49.004494,81.97955,32.975063
JVASP-39102,4,O,49.204456,67.98152,19.289175
JVASP-39094,0,Si,0.13227245,51.010284,51.14256
JVASP-39094,1,Si,5.4427657,32.948376,38.391144
JVASP-39094,2,B,2.8389587,68.79031,71.62927
JVASP-39094,3,B,2.8389587,68.79031,71.62927
JVASP-39094,4,O,138.69998,94.466446,47.7292
JVASP-39094,5,O,138.69998,94.46642,47.729218
JVASP-39094,6,O,124.36468,224.11804,99.753365
JVASP-39094,7,O,138.69998,94.46643,47.72921
JVASP-39094,8,O,138.69998,94.46642,47.729218
JVASP-39097,0,Si,0.0,0.0,0.0
JVASP-39097,1,B,0.0,0.0,0.0
JVASP-39097,2,O,62.84574,89.3054,26.459656
JVASP-39097,3,O,62.84574,89.30541,26.459673
JVASP-39097,4,O,62.84574,89.3054,26.459656
JVASP-36644,0,Ca,0.0,0.0,0.0
JVASP-36644,1,Mn,0.0,0.0,0.0
JVASP-36644,2,O,125.72904,109.75574,15.973302
JVASP-36644,3,O,125.72904,109.75574,15.973301
JVASP-36644,4,O,125.72904,109.75575,15.97329
JVASP-48545,0,Ca,9.462906,55.114452,45.73355
JVASP-48545,1,Ca,13.311644,59.234585,48.802494
JVASP-48545,2,Ca,13.311644,59.234585,48.802494
JVASP-48545,3,Mn,31.250904,17.796333,27.981255
JVASP-48545,4,O,69.26614,9.189616,76.421776
JVASP-48545,5,O,72.07225,13.555687,81.49342
JVASP-48545,6,O,72.07225,13.555687,81.49342
JVASP-48545,7,O,69.26614,9.189617,76.421776
JVASP-79151,0,Ca,22.731722,69.98416,47.52468
JVASP-79151,1,Mn,25.199697,88.035645,112.14363
JVASP-79151,2,O,30.67384,26.252615,7.4922976
JVASP-79151,3,O,30.67483,26.253002,7.4930186
JVASP-47085,0,Li,0.9215834,35.950783,36.848297
JVASP-47085,1,Fe,43.188297,50.43058,24.549936
JVASP-47085,2,Si,14.012688,17.248884,26.046339
JVASP-47085,3,Si,14.01057,17.247803,26.041847
JVASP-47085,4,O,67.98605,98.617935,39.91187
JVASP-47085,5,O,67.98776,98.61766,39.907616
JVASP-47085,6,O,116.8387,113.12584,20.736523
JVASP-47085,7,O,116.8387,113.12584,20.736528
JVASP-47085,8,O,67.98776,98.61766,39.907616
JVASP-47085,9,O,67.98605,98.617935,39.91187
JVASP-47125,0,Li,0.053888775,3.7060614,3.75995
JVASP-47125,1,Li,0.053888775,3.70606,3.7599485
JVASP-47125,2,Fe,125.046455,2.6606772,127.70712
JVASP-47125,3,Si,6.2935557,10.385152,16.678707
JVASP-47125,4,O,62.21631,66.04652,18.35068
JVASP-47125,5,O,62.21631,66.046524,18.350674
JVASP-47125,6,O,62.21631,66.04662,18.350985
JVASP-47125,7,O,62.21631,66.046394,18.350346
JVASP-47815,0,Li,1.3782469,9.841965,8.463718
JVASP-47815,1,Fe,81.24712,0.8107624,80.436356
JVASP-47815,2,Si,3.1035032,2.8854241,5.9889274
JVASP-47815,3,O,69.33484,77.29362,14.303408
JVASP-47815,4,O,69.33499,77.29402,14.303465
JVASP-47815,5,O,69.33499,77.29389,14.303282
JVASP-47815,6,O,69.33499,77.29349,14.302823
JVASP-18108,0,Rb,11.628209,15.0149145,26.643124
JVASP-18108,1,In,51.82754,28.34254,23.485004
JVASP-18108,2,In,51.82754,28.34254,23.485004
JVASP-18108,3,In,82.02348,25.830513,56.192974
JVASP-18108,4,In,82.02348,25.830513,56.192974
JVASP-38232,0,Rb,58.101894,4.0890303,62.190926
JVASP-38232,1,Rb,58.101894,4.0890307,62.190926
JVASP-38232,2,Rb,58.101894,4.08903,62.190926
JVASP-38232,3,In,0.0,0.0,0.0
JVASP-54996,0,Rb,7.4933124,4.7516856,12.244998
JVASP-54996,1,Rb,7.4933124,4.7516856,12.244999
JVASP-54996,2,Rb,7.1600356,22.509512,29.669548
JVASP-54996,3,Rb,7.1600356,22.50951,29.669548
JVASP-54996,4,In,41.92138,37.269226,8.204327
JVASP-54996,5,In,124.1956,5.4623904,118.73321
JVASP-54996,6,In,124.1956,5.4623904,118.73321
JVASP-54996,7,In,41.922783,37.269215,8.204859
JVASP-54996,8,In,41.92138,37.269226,8.204329
JVASP-54996,9,In,41.922783,37.269215,8.204861
JVASP-14016,0,Ni,50.93143,26.698156,24.280228
JVASP-14016,1,Ni,50.93143,26.698154,24.28023
JVASP-14016,2,Ce,51.18053,8.571689,46.869633
JVASP-14016,3,Ce,51.18053,8.571687,46.869637
JVASP-20502,0,Ce,121.19708,37.378838,83.81824
JVASP-20502,1,Ni,42.51642,64.218185,21.707144
JVASP-20502,2,Ni,28.54023,74.367256,45.827026
JVASP-20502,3,Ni,28.54023,74.367256,45.827026
JVASP-20502,4,Ni,42.51937,64.21847,21.704472
JVASP-20502,5,Ni,42.51937,64.21847,21.704472
JVASP-20234,0,Ce,121.213005,37.38185,83.83115
JVASP-20234,1,Ni,42.510628,64.21598,21.711016
JVASP-20234,2,Ni,28.529207,74.35905,45.829838
JVASP-20234,3,Ni,28.529207,74.35905,45.829838
JVASP-20234,4,Ni,42.498936,64.21564,21.722366
JVASP-20234,5,Ni,42.510628,64.21598,21.711018
JVASP-69152,0,Ba,55.030235,14.447746,40.58249
JVASP-69152,1,Na,3.2994626,3.15546,0.14400285
JVASP-69152,2,Na,3.2994626,3.1554582,0.14400455
JVASP-69152,3,Mg,4.0963635,22.475527,26.57189
JVASP-69300,0,Ba,54.3354,14.451412,39.883984
JVASP-69300,1,Na,3.2823164,3.0827293,0.19958712
JVASP-69300,2,Na,3.2823164,3.0827305,0.19958565
JVASP-69300,3,Mg,4.111877,22.469418,26.581295
JVASP-81311,0,Ba,127.18436,6.3931336,124.53325
JVASP-81311,1,Ba,127.18436,6.3931336,124.53325
JVASP-81311,2,Ba,127.18436,6.393135,124.53325
JVASP-81311,3,Ba,127.18436,6.393134,124.53325
JVASP-81311,4,Na,9.5509815,11.293988,9.148557
JVASP-81311,5,Na,9.5509815,11.293987,9.148556
JVASP-81311,6,Mg,17.814638,10.972443,15.97323
JVASP-81311,7,Mg,17.814638,10.972441,15.97323
JVASP-66857,0,Be,4.3735995,2.0706153,6.4442034
JVASP-66857,1,Ga,77.45654,15.152398,62.304142
JVASP-66857,2,Fe,38.090794,30.96848,7.1223207
JVASP-67217,0,Be,0.9259071,11.813231,10.887325
JVASP-67217,1,Be,0.9259071,11.813232,10.887326
JVASP-67217,2,Ga,116.85128,40.42974,76.42153
JVASP-67217,3,Fe,24.681059,30.916307,6.2352476
JVASP-68212,0,Be,1.9091623,4.873653,2.9648085
JVASP-68212,1,Fe,2.0012414,7.242733,5.2415032
JVASP-68212,2,Ga,8.533206,17.749763,26.282969
JVASP-68212,3,Ga,114.48016,44.85647,69.623695
JVASP-22684,0,Sc,18.04913,6.7961874,21.684158
JVASP-22684,1,Sc,18.048164,6.7724266,21.43863
JVASP-22684,2,Sc,36.939133,9.897671,44.62023
JVASP-22684,3,Sc,5.489649,4.0311666,7.6740766
JVASP-22684,4,S,20.143751,4.375617,20.807781
JVASP-22684,5,S,20.173557,4.280057,20.76782
JVASP-22684,6,S,19.720331,5.734638,19.904518
JVASP-22684,7,S,20.12957,2.3042614,21.098545
JVASP-22684,8,S,19.751411,4.6284733,19.8044
JVASP-22684,9,S,20.163647,4.9577403,20.789936
JVASP-19725,0,S,0.0,0.0,0.0
JVASP-19725,1,Sc,0.0014142137,2.2864218e-05,0.0014238771
JVASP-41881,0,Sc,5.092313,18.505983,23.568642
JVASP-41881,1,Sc,5.092313,18.50598,23.568636
JVASP-41881,2,S,115.29274,9.59156,111.58313
JVASP-41881,3,S,115.29274,9.591561,111.58313
JVASP-41881,4,S,115.29274,9.59156,111.58312
JVASP-41881,5,S,115.29274,9.59156,111.58312
JVASP-17352,0,Mn,0.0,0.0,0.0
JVASP-17352,1,Al,0.0,0.0,0.0
JVASP-17352,2,O,63.16336,97.913864,34.750507
JVASP-17352,3,O,63.16336,97.913864,34.750504
JVASP-17352,4,O,63.163357,97.91387,34.750515
JVASP-11575,0,Mn,88.95036,2.7019074,91.652275
JVASP-11575,1,Mn,88.95077,2.7019026,91.65267
JVASP-11575,2,Al,21.600824,30.907839,9.307015
JVASP-11575,3,Al,21.600824,30.907839,9.307014
JVASP-11575,4,O,8.761825,42.651707,33.889885
JVASP-11575,5,O,8.761825,42.651703,33.88988
JVASP-11575,6,O,8.761825,42.651707,33.88988
JVASP-11575,7,O,8.761825,42.651703,33.88988
JVASP-11575,8,O,113.65265,115.171455,1.5188136
JVASP-11575,9,O,113.65265,115.171455,1.5188136
JVASP-43051,0,Mn,22.006947,42.383945,23.890526
JVASP-43051,1,Mn,21.98914,42.37933,23.908007
JVASP-43051,2,Al,53.286926,48.595745,16.870577
JVASP-43051,3,Al,53.291935,48.593025,16.876616
JVASP-43051,4,O,54.11748,32.91333,34.092514
JVASP-43051,5,O,63.784527,46.208817,25.85077
JVASP-43051,6,O,60.16627,35.85639,26.625748
JVASP-43051,7,O,60.17112,35.86049,26.629122
JVASP-43051,8,O,63.798714,46.216904,25.853584
JVASP-43051,9,O,54.121353,32.919357,34.091312
JVASP-39156,0,Sc,0.0,0.0,0.0
JVASP-39156,1,Cu,0.0,0.0,0.0
JVASP-39156,2,O,110.14457,116.090675,5.9461045
JVASP-39156,3,O,110.14456,116.09067,5.946103
JVASP-39156,4,O,110.14456,116.090675,5.9461045
JVASP-2262,0,Sc,50.10472,67.668076,17.563356
JVASP-2262,1,Sc,50.10472,67.668076,17.563356
JVASP-2262,2,Cu,84.814804,100.876915,16.062107
JVASP-2262,3,Cu,84.814804,100.8769,16.0621
JVASP-2262,4,O,53.142902,27.66432,25.478582
JVASP-2262,5,O,53.142902,27.664318,25.478584
JVASP-2262,6,O,53.142902,27.664318,25.478586
JVASP-2262,7,O,53.142902,27.664318,25.478584
JVASP-8064,0,O,53.10792,27.434484,25.673433
JVASP-8064,1,O,53.10792,27.434486,25.673435
JVASP-8064,2,Sc,49.85096,67.14368,17.29272
JVASP-8064,3,Cu,84.85866,100.73395,15.87529
JVASP-36609,0,Mn,0.0,0.0,0.0
JVASP-36609,1,Cd,0.0,0.0,0.0
JVASP-36609,2,O,107.15292,77.41422,29.7387
JVASP-36609,3,O,107.15292,77.41424,29.738693
JVASP-36609,4,O,107.15292,77.41422,29.7387
JVASP-46874,0,Mn,52.015976,29.405424,49.137894
JVASP-46874,1,Mn,52.09533,36.368717,42.180443
JVASP-46874,2,Cd,84.41075,54.40642,57.843124
JVASP-46874,3,Cd,18.698318,22.617144,23.019022
JVASP-46874,4,Cd,18.678059,27.339352,21.00287
JVASP-46874,5,O,29.233654,14.129525,38.649452
JVASP-46874,6,O,20.14666,25.651197,42.561256
JVASP-46874,7,O,25.200434,20.987497,38.859104
JVASP-46874,8,O,20.112833,27.68115,44.95949
JVASP-46874,9,O,25.180494,17.395502,37.694084
JVASP-48176,0,Mn,4.2988544,23.6023,19.303446
JVASP-48176,1,Cd,1.5709394,23.001232,24.572172
JVASP-48176,2,O,9.406041,16.208366,6.8023257
JVASP-48176,3,O,8.902263,16.634054,7.731791
JVASP-20644,0,Yb,0.0,0.0,0.0
JVASP-20644,1,Ag,0.0,0.0,0.0
JVASP-55024,0,Yb,99.59959,52.526226,48.6818
JVASP-55024,1,Yb,99.59959,52.526226,48.6818
JVASP-55024,2,Yb,103.20354,60.743973,42.459564
JVASP-55024,3,Yb,99.59959,52.526226,48.6818
JVASP-55024,4,Yb,99.59959,52.526226,48.6818
JVASP-55024,5,Yb,103.20354,60.743965,42.45957
JVASP-55024,6,Ag,36.393444,25.586031,10.996238
JVASP-55024,7,Ag,36.393444,25.58603,10.99624
JVASP-55024,8,Ag,36.393444,25.586031,10.996238
JVASP-55024,9,Ag,36.393444,25.58603,10.996241
JVASP-78276,0,Yb,30.136072,18.852425,11.2836485
JVASP-78276,1,Yb,30.136072,18.852427,11.283648
JVASP-78276,2,Ag,29.356318,49.617752,20.261435
JVASP-78276,3,Ag,29.356318,49.61775,20.26143
JVASP-78276,4,Ag,29.356318,49.61775,20.261429
JVASP-78276,5,Ag,29.356318,49.617744,20.261427
JVASP-66904,0,Be,2.2339387,13.764595,15.99853
JVASP-66904,1,Hf,29.851933,20.486963,50.338894
JVASP-66904,2,Zn,54.81713,21.49525,33.32188
JVASP-67292,0,Hf,102.19924,8.883521,93.31572
JVASP-67292,1,Be,1.5799209,14.633743,16.213665
JVASP-67292,2,Be,2.2078068,5.9901195,3.7823126
JVASP-67292,3,Zn,55.610764,30.370972,25.239792
JVASP-68174,0,Hf,14.166216,52.745014,38.5788
JVASP-68174,1,Be,2.1049283,12.406206,14.511134
JVASP-68174,2,Zn,30.800701,31.956371,1.1556716
JVASP-68174,3,Zn,19.25544,21.268272,2.0128348
JVASP-36663,0,Zr,0.0,0.0,0.0
JVASP-36663,1,Os,99.348854,6.0479774,105.39683
JVASP-36663,2,Os,99.348854,6.0479727,105.39682
JVASP-36663,3,Os,99.348854,6.0479693,105.39682
JVASP-78436,0,Zr,0.0,0.0,0.0
JVASP-78436,1,Os,0.0,0.0,0.0
JVASP-16605,0,Zr,0.0,0.0,0.0
JVASP-16605,1,Os,0.0,0.0,0.0
JVASP-20092,0,O,0.002,4.929393e-05,0.0020301815
JVASP-20092,1,Cd,0.0031622779,5.765073e-05,0.0032165544
JVASP-7774,0,Cd,19.17338,15.800685,3.3726962
JVASP-7774,1,Cd,19.17338,15.800687,3.3726943
JVASP-7774,2,O,8.692015,1.97219,6.719825
JVASP-7774,3,O,8.692015,1.9721882,6.719826
JVASP-78869,0,Cd,98.29189,63.833843,34.45805
JVASP-78869,1,O,16.946795,26.01858,42.965374
JVASP-78869,2,O,16.946795,26.01858,42.96537
JVASP-15629,0,Zr,43.889782,20.656406,28.776482
JVASP-15629,1,Zr,43.890617,20.656311,28.776937
JVASP-15629,2,Zr,43.889782,20.656406,28.776482
JVASP-15629,3,Al,8.903429,17.266348,9.269928
JVASP-15629,4,Al,8.903277,17.266579,9.270599
JVASP-15629,5,Al,8.903429,17.266348,9.269928
JVASP-15629,6,Ni,21.66737,14.055784,35.723156
JVASP-15629,7,Ni,72.77679,13.040516,59.736275
JVASP-15629,8,Ni,72.77679,13.040515,59.73628
JVASP-18571,0,Al,39.314617,45.35789,6.0432715
JVASP-18571,1,Al,24.66139,34.304325,12.001182
JVASP-18571,2,Al,24.6612,34.304306,12.001278
JVASP-18571,3,Al,24.66139,34.304325,12.001182
JVASP-18571,4,Al,24.6612,34.30431,12.001279
JVASP-18571,5,Ni,14.505201,18.886974,33.392174
JVASP-18571,6,Ni,14.505201,18.886974,33.392174
JVASP-18571,7,Zr,17.747526,3.639334,14.108192
JVASP-17164,0,Zr,9.557823,28.161915,22.399134
JVASP-17164,1,Zr,9.557914,28.161936,22.402027
JVASP-17164,2,Zr,9.557823,28.161919,22.399136
JVASP-17164,3,Zr,94.319244,28.697407,66.72411
JVASP-17164,4,Zr,94.31978,28.69739,66.72444
JVASP-17164,5,Zr,94.319244,28.697405,66.72411
JVASP-17164,6,Al,36.987297,44.722248,7.7349534
JVASP-17164,7,Al,36.987297,44.722248,7.734953
JVASP-17164,8,Ni,96.00611,12.574754,83.431366
JVASP-13883,0,O,6.3505263,11.259458,4.9089303
JVASP-13883,1,O,6.3505263,11.259458,4.9089303
JVASP-13883,2,Sb,90.36152,10.011757,80.34977
JVASP-13883,3,Ce,74.586586,8.149436,66.43715
JVASP-13883,4,Ce,74.586586,8.149437,66.43715
JVASP-17681,0,Ce,74.69637,8.155172,66.54121
JVASP-17681,1,Ce,74.69637,8.155172,66.5412
JVASP-17681,2,Ce,74.69637,8.155172,66.54121
JVASP-17681,3,Ce,74.69637,8.155173,66.5412
JVASP-17681,4,Sb,90.33964,9.989991,80.34964
JVASP-17681,5,Sb,90.33964,9.989991,80.34964
JVASP-17681,6,O,6.3368297,11.261921,4.9250913
JVASP-17681,7,O,6.3368297,11.261921,4.9250913
JVASP-17681,8,O,6.3368297,11.261917,4.925088
JVASP-17681,9,O,6.3368297,11.261917,4.925088
JVASP-5008,0,Ce,74.65228,8.149145,66.503136
JVASP-5008,1,Ce,74.65228,8.149145,66.503136
JVASP-5008,2,Ce,74.65228,8.149145,66.503136
JVASP-5008,3,Ce,74.65228,8.149144,66.503136
JVASP-5008,4,Sb,90.34127,10.005688,80.33558
JVASP-5008,5,Sb,90.34127,10.005688,80.33558
JVASP-5008,6,O,6.340096,11.237598,4.8975024
JVASP-5008,7,O,6.340096,11.237598,4.8975024
JVASP-5008,8,O,6.340096,11.2375965,4.8975
JVASP-5008,9,O,6.340096,11.2375965,4.8975005
JVASP-35724,0,Ho,38.14656,17.780201,26.837978
JVASP-35724,1,Ho,38.14656,17.780201,26.837978
JVASP-35724,2,Ga,51.96713,41.854225,93.73785
JVASP-35724,3,Ga,51.96713,41.854225,93.73785
JVASP-15017,0,Ho,0.0,0.0,0.0
JVASP-15017,1,Ga,88.79156,40.589508,48.202053
JVASP-15017,2,Ga,88.79155,40.589516,48.20204
JVASP-15017,3,Ga,88.79156,40.58951,48.202045
JVASP-19643,0,Ho,12.696932,10.896087,23.593018
JVASP-19643,1,Ga,1.2872086,44.973774,43.686565
JVASP-19643,2,Ga,1.2872086,44.973778,43.686573
JVASP-78658,0,Ni,2.7336307,16.253319,13.519688
JVASP-78658,1,Pt,85.7248,30.031475,55.69332
JVASP-8204,0,Ni,2.731181,16.26904,13.537859
JVASP-8204,1,Pt,85.72725,30.040527,55.686718
JVASP-16853,0,Ni,14.062521,6.7973437,20.859865
JVASP-16853,1,Ni,14.062521,6.797343,20.859863
JVASP-16853,2,Ni,14.062521,6.7973437,20.859865
JVASP-16853,3,Pt,0.0,0.0,0.0
JVASP-14704,0,Mn,0.0,0.0,0.0
JVASP-14704,1,Rh,0.0,0.0,0.0
JVASP-14964,0,Mn,5.214147,1.1004769,6.3146243
JVASP-14964,1,Mn,5.214147,1.1004767,6.314624
JVASP-14964,2,Mn,5.214147,1.100476,6.3146234
JVASP-14964,3,Rh,0.0,0.0,0.0
JVASP-78442,0,Mn,9.768565,10.9957485,20.764313
JVASP-78442,1,Rh,84.27307,6.3218184,90.59489
JVASP-67010,0,Be,3.6615806,38.44126,34.779686
JVASP-67010,1,Zn,18.503447,7.6893754,10.81407
JVASP-67010,2,Cr,81.379395,33.83123,47.54817
JVASP-67194,0,Be,1.31211,12.98943,11.677321
JVASP-67194,1,Be,3.0683944,3.47369,0.40529573
JVASP-67194,2,Zn,6.323766,72.89786,66.57409
JVASP-67194,3,Cr,30.219355,14.881217,45.10057
JVASP-74908,0,Be,1.2467903,10.597515,11.844305
JVASP-74908,1,Be,1.2467903,10.59752,11.844309
JVASP-74908,2,Zn,14.682241,22.472338,37.15458
JVASP-74908,3,Cr,22.773724,3.927867,26.701591
JVASP-65175,0,Be,1.3178383,8.102557,6.7847342
JVASP-65175,1,Fe,8.885117,12.915791,21.800907
JVASP-65175,2,Pd,39.63846,7.105455,32.533005
JVASP-67372,0,Be,4.2694607,15.205238,10.935779
JVASP-67372,1,Be,0.18044575,28.984343,28.803898
JVASP-67372,2,Fe,27.80171,2.5033486,25.29836
JVASP-67372,3,Pd,26.786804,0.22691703,26.559889
JVASP-67981,0,Be,0.018832596,6.96103,6.9765515
JVASP-67981,1,Fe,57.354805,6.0042553,51.350548
JVASP-67981,2,Pd,79.464714,23.791348,55.673367
JVASP-67981,3,Pd,2.9214246,0.9238219,1.9976028
JVASP-20068,0,B,9.755043,15.038516,19.32041
JVASP-20068,1,B,9.755043,15.038514,19.320408
JVASP-20068,2,B,9.755043,15.038512,19.320408
JVASP-20068,3,B,9.755043,15.038517,19.32041
JVASP-20068,4,Ru,51.605213,4.29158,52.42079
JVASP-20068,5,Ru,51.605213,4.291582,52.420795
JVASP-21949,0,B,0.6605457,2.9701807,2.3096352
JVASP-21949,1,B,0.6605457,2.9701827,2.3096368
JVASP-21949,2,B,8.898996,28.64645,37.545444
JVASP-21949,3,B,8.898996,28.64646,37.545456
JVASP-21949,4,B,8.898996,28.646465,37.54546
JVASP-21949,5,B,8.898996,28.646456,37.545452
JVASP-21949,6,Ru,77.6672,6.7841825,70.88302
JVASP-21949,7,Ru,77.6672,6.7841806,70.88302
JVASP-21949,8,Ru,77.6672,6.7841835,70.88302
JVASP-21949,9,Ru,77.6672,6.784183,70.88302
JVASP-63228,0,B,8.357659,10.318264,1.9606053
JVASP-63228,1,B,8.357659,10.318267,1.9606076
JVASP-63228,2,B,8.357659,10.318261,1.9606032
JVASP-63228,3,B,8.357659,10.318261,1.960603
JVASP-63228,4,B,18.49773,57.622692,39.12496
JVASP-63228,5,B,18.49773,57.62268,39.124954
JVASP-63228,6,Ru,9.969426,13.926548,3.9571302
JVASP-63228,7,Ru,9.969426,13.926551,3.9571335
JVASP-63228,8,Ru,9.969426,13.926542,3.957126
JVASP-63228,9,Ru,9.969426,13.926548,3.9571314
JVASP-14508,0,Ni,17.575092,36.4119,18.836813
JVASP-14508,1,Ni,17.575092,36.4119,18.836811
JVASP-14508,2,As,38.245518,31.140982,69.3865
JVASP-14508,3,As,38.245518,31.140982,69.3865
JVASP-14509,0,Ni,6.6087418,37.152157,30.543436
JVASP-14509,1,Ni,6.6087418,37.152157,30.543438
JVASP-14509,2,As,72.79312,48.689075,24.104044
JVASP-14509,3,As,72.79312,48.689075,24.104044
JVASP-17510,0,Ni,5.704639,28.510862,29.075876
JVASP-17510,1,Ni,5.704639,28.510866,29.075878
JVASP-17510,2,As,74.63794,71.35746,16.709558
JVASP-17510,3,As,74.63794,71.35746,16.709558
JVASP-17510,4,As,74.63794,71.35747,16.709553
JVASP-17510,5,As,74.63794,71.35747,16.709558
JVASP-35069,0,Sm,7.9167514,1.5477424,6.369009
JVASP-35069,1,Sm,7.9167514,1.547743,6.369008
JVASP-35069,2,Co,37.924633,31.888859,69.81349
JVASP-35069,3,Co,37.924633,31.888863,69.81349
JVASP-35069,4,Si,8.72345,31.768017,23.044565
JVASP-35069,5,Si,8.72345,31.768019,23.044569
JVASP-39076,0,Sm,30.96645,1.6564656,32.622917
JVASP-39076,1,Co,24.236885,9.8368,14.4000845
JVASP-39076,2,Si,70.054276,63.241856,11.0816145
JVASP-39076,3,Si,70.054276,63.241848,11.081616
JVASP-39076,4,Si,40.103046,27.895935,12.20711
JVASP-17365,0,Si,30.360367,43.048107,12.687739
JVASP-17365,1,Si,30.360367,43.048107,12.68774
JVASP-17365,2,Co,33.251446,29.14614,4.105308
JVASP-17365,3,Co,33.251446,29.14614,4.105308
JVASP-17365,4,Sm,70.79973,52.874855,17.924868
JVASP-18201,0,Ti,0.0,0.0,0.0
JVASP-18201,1,Cd,0.0,0.0,0.0
JVASP-18201,2,O,69.60552,104.9685,35.362984
JVASP-18201,3,O,69.60552,104.96851,35.362988
JVASP-18201,4,O,69.60552,104.968506,35.362988
JVASP-36602,0,Ti,0.0,0.0,0.0
JVASP-36602,1,Cd,0.0,0.0,0.0
JVASP-36602,2,O,13.143963,1.9965496,11.147413
JVASP-36602,3,O,13.143963,1.9965528,11.147409
JVASP-36602,4,O,13.143963,1.9965498,11.147412
JVASP-11135,0,O,37.99655,20.17056,24.594786
JVASP-11135,1,O,37.996803,20.170563,24.594736
JVASP-11135,2,O,37.996426,20.170544,24.59447
JVASP-11135,3,O,37.99655,20.170565,24.594782
JVASP-11135,4,O,37.996426,20.170544,24.59447
JVASP-11135,5,O,37.996803,20.170568,24.594736
JVASP-11135,6,Ti,27.854973,4.409353,23.44562
JVASP-11135,7,Ti,27.854973,4.4093513,23.445621
JVASP-11135,8,Cd,30.706755,19.578398,50.285152
JVASP-11135,9,Cd,30.706755,19.578398,50.285152
JVASP-37952,0,Ac,1.0973715,7.5785766,8.675948
JVASP-37952,1,Ac,1.0973715,7.578576,8.675947
JVASP-37952,2,Ac,1.0973715,7.578576,8.675947
JVASP-37952,3,Ac,1.0973715,7.578577,8.675948
JVASP-37952,4,Mg,2.7515936,17.363762,14.612167
JVASP-37952,5,Mg,2.7515936,17.363762,14.612167
JVASP-41237,0,Ac,67.37403,12.172144,79.54617
JVASP-41237,1,Mg,4.7639585,35.049366,31.967157
JVASP-41237,2,Mg,9.239475,41.245758,32.006283
JVASP-41237,3,Mg,4.761647,35.049362,31.9695
JVASP-41237,4,Mg,9.239475,41.245758,32.006283
JVASP-41237,5,Mg,4.761647,35.04936,31.969498
JVASP-78729,0,Ac,2.6348345,0.011281261,2.6461158
JVASP-78729,1,Mg,0.2408665,0.013454696,0.2274118
JVASP-17209,0,Ba,5.4929843,25.897566,20.404587
JVASP-17209,1,Al,3.1414707,27.492718,24.351246
JVASP-17209,2,Ge,12.321344,0.020766238,12.300611
JVASP-18804,0,Al,0.4563091,42.769405,43.225716
JVASP-18804,1,Al,0.4563091,42.769413,43.22572
JVASP-18804,2,Ge,17.346445,4.3991356,12.9473095
JVASP-18804,3,Ge,17.346445,4.3991337,12.947311
JVASP-18804,4,Ba,1.2945478,35.622337,36.916878
JVASP-16297,0,Al,12.813624,18.114603,20.490978
JVASP-16297,1,Al,12.813624,18.114603,20.490978
JVASP-16297,2,Ge,22.428022,2.370669,20.154587
JVASP-16297,3,Ge,22.428022,2.3706703,20.154587
JVASP-16297,4,Ba,23.905048,14.618168,33.637665
JVASP-16297,5,Ba,72.13692,15.874867,87.438354
JVASP-16297,6,Ba,23.905048,14.618169,33.637665
JVASP-67894,0,Be,0.11760953,54.3584,54.24082
JVASP-67894,1,Cr,43.053864,34.09272,8.961143
JVASP-67894,2,V,63.574875,39.877407,23.69747
JVASP-67894,3,V,33.468193,26.938412,6.529783
JVASP-68051,0,Be,4.4866486,4.5825033,0.09585436
JVASP-68051,1,V,29.58004,56.27585,26.69581
JVASP-68051,2,V,9.289282,7.8650556,1.424226
JVASP-68051,3,Cr,9.19865,0.52070045,9.719351
JVASP-74863,0,Be,2.981029,11.384148,14.365176
JVASP-74863,1,Be,2.9540846,34.41403,37.368114
JVASP-74863,2,Be,2.981029,11.384147,14.365175
JVASP-74863,3,Be,2.9540846,34.414024,37.36811
JVASP-74863,4,V,32.8893,6.784506,26.104794
JVASP-74863,5,V,32.8893,6.784507,26.104794
JVASP-74863,6,Cr,56.648533,7.338221,63.986755
JVASP-74863,7,Cr,56.648533,7.338223,63.986755
JVASP-3801,0,F,234.77893,160.90654,77.720604
JVASP-3801,1,F,234.77782,160.90654,77.71942
JVASP-3801,2,F,234.77869,160.90654,77.720474
JVASP-3801,3,F,234.77782,160.90654,77.71942
JVASP-3801,4,F,234.77893,160.90654,77.720604
JVASP-3801,5,F,234.77869,160.90654,77.720474
JVASP-3801,6,Rb,33.386074,19.588625,52.9747
JVASP-3801,7,Bi,82.983284,30.503817,113.4871
JVASP-53161,0,Rb,11.050729,10.968568,15.815098
JVASP-53161,1,Rb,11.042071,10.972691,15.772204
JVASP-53161,2,Bi,1772.3993,51.645565,1726.2158
JVASP-53161,3,Bi,1772.1453,51.66831,1725.939
JVASP-53161,4,F,78.72033,77.060905,22.899021
JVASP-53161,5,F,68.8334,76.436935,18.794863
JVASP-53161,6,F,68.85798,76.47165,18.79741
JVASP-53161,7,F,69.10502,77.04207,16.030416
JVASP-53161,8,F,78.71815,77.02396,22.888731
JVASP-53161,9,F,69.10988,77.07551,16.039589
JVASP-5677,0,Al,19.438772,76.702545,90.4438
JVASP-5677,1,Al,19.438772,76.70254,90.443794
JVASP-5677,2,Al,19.438772,76.70254,90.4438
JVASP-5677,3,Al,19.438772,76.70254,90.443794
JVASP-5677,4,Al,16.525267,64.39029,71.09797
JVASP-5677,5,Al,16.525267,64.39029,71.09797
JVASP-5677,6,Al,16.525267,64.39029,71.09798
JVASP-5677,7,Al,16.525267,64.39029,71.09797
JVASP-5677,8,Al,20.503218,88.93937,105.98114
JVASP-5677,9,Al,20.503218,88.93936,105.98113
JVASP-5677,10,Al,20.503218,88.93936,105.98114
JVASP-5677,11,Al,20.503218,88.93936,105.98114
JVASP-5677,12,Al,15.694422,49.247242,51.449707
JVASP-5677,13,Al,15.694422,49.247242,51.44971
JVASP-5677,14,Al,15.694422,49.247242,51.449707
JVASP-5677,15,Al,15.694422,49.247242,51.449707
JVASP-5677,16,Te,185.64264,18.290848,173.91266
JVASP-5677,17,Te,185.64264,18.290848,173.91266
JVASP-5677,18,Te,185.64264,18.290852,173.91266
JVASP-5677,19,Te,185.64264,18.290848,173.91266
JVASP-5677,20,Te,402.7967,134.57306,291.44354
JVASP-5677,21,Te,402.7967,134.57306,291.44354
JVASP-5677,22,Te,402.7967,134.57306,291.44354
JVASP-5677,23,Te,402.7967,134.57306,291.44354
JVASP-5677,24,Te,110.8299,79.108025,98.866844
JVASP-5677,25,Te,110.8299,79.10802,98.866844
JVASP-5677,26,Te,110.8299,79.10802,98.86684
JVASP-5677,27,Te,110.8299,79.10802,98.866844
JVASP-5677,28,Te,417.6412,100.90804,327.55212
JVASP-5677,29,Te,417.6412,100.908035,327.55212
JVASP-5677,30,Te,417.6412,100.90804,327.55212
JVASP-5677,31,Te,417.6412,100.90804,327.55212
JVASP-5677,32,Te,183.36755,70.60437,154.16342
JVASP-5677,33,Te,183.36755,70.60437,154.16342
JVASP-5677,34,Te,183.36755,70.60437,154.16342
JVASP-5677,35,Te,183.36755,70.60436,154.16342
JVASP-5677,36,Te,115.806625,88.435486,124.47493
JVASP-5677,37,Te,115.806625,88.43549,124.47494
JVASP-5677,38,Te,115.806625,88.43547,124.47492
JVASP-5677,39,Te,115.806625,88.43548,124.47493
JVASP-2931,0,Al,19.772375,102.45068,121.71318
JVASP-2931,1,Al,19.772375,102.45069,121.71319
JVASP-2931,2,Te,44.295673,57.886066,92.93474
JVASP-2931,3,Te,44.295673,57.886074,92.93475
JVASP-2931,4,Te,1175.6628,297.69073,882.55884
JVASP-2931,5,Te,125.18488,78.106514,119.30732
JVASP-2931,6,Te,125.18488,78.106514,119.30731
JVASP-19735,0,U,984.6826,46.68137,1031.364
JVASP-19735,1,B,7.816322,29.58583,37.402153
JVASP-19735,2,B,7.816322,29.585829,37.40215
JVASP-63844,0,B,7.8591886,45.73132,53.585464
JVASP-63844,1,B,7.8591886,45.73132,53.58546
JVASP-63844,2,U,997.96375,50.755093,1048.6709
JVASP-15341,0,Sc,139.32045,187.7807,48.460243
JVASP-15341,1,Sc,139.32045,187.7807,48.460243
JVASP-15341,2,Sc,139.32045,187.78072,48.460266
JVASP-15341,3,Tl,0.0,0.0,0.0
JVASP-15341,4,C,0.0,0.0,0.0
JVASP-16904,0,Sc,19.531008,37.213036,17.68203
JVASP-16904,1,Sc,19.531008,37.213036,17.68203
JVASP-16904,2,Sc,19.531008,37.213036,17.68203
JVASP-16904,3,Sc,19.531008,37.213036,17.682032
JVASP-16904,4,Tl,891.542,8.684312,882.8577
JVASP-16904,5,Tl,891.542,8.684315,882.8577
JVASP-16904,6,C,5.706086,37.545795,31.839708
JVASP-16904,7,C,5.706086,37.54579,31.839705
JVASP-29345,0,Th,23.179815,13.918794,36.883274
JVASP-29345,1,Th,23.179815,13.918796,36.883274
JVASP-29345,2,Te,842.5989,172.07042,687.7677
JVASP-29345,3,Te,842.5989,172.07042,687.7677
JVASP-29345,4,Te,872.01117,188.2228,719.4761
JVASP-29345,5,Te,872.01117,188.2228,719.4761
JVASP-29345,6,I,210.0425,80.18739,148.5724
JVASP-29345,7,I,209.83067,80.13736,148.21342
JVASP-29345,8,I,210.0425,80.187386,148.5724
JVASP-29345,9,I,209.83067,80.13735,148.21344
JVASP-26127,0,Th,23.09487,13.87845,36.755455
JVASP-26127,1,Th,23.09487,13.878454,36.75546
JVASP-26127,2,Te,842.6227,171.90349,687.9448
JVASP-26127,3,Te,842.6227,171.90347,687.9448
JVASP-26127,4,Te,872.1151,188.18379,719.65717
JVASP-26127,5,Te,872.1151,188.18378,719.65717
JVASP-26127,6,I,210.04378,80.111626,148.62912
JVASP-26127,7,I,209.81374,80.07041,148.24583
JVASP-26127,8,I,210.04378,80.111626,148.62912
JVASP-26127,9,I,209.81374,80.07042,148.24582
JVASP-4180,0,Hg,837.8452,257.40094,1094.981
JVASP-4180,1,Hg,837.8452,257.4009,1094.981
JVASP-4180,2,Hg,837.8452,257.40088,1094.981
JVASP-4180,3,Hg,837.8452,257.4009,1094.981
JVASP-4180,4,Cl,308.57947,143.0363,167.44998
JVASP-4180,5,Cl,308.57947,143.0363,167.44997
JVASP-4180,6,Cl,308.57947,143.0363,167.44997
JVASP-4180,7,Cl,308.57947,143.0363,167.44997
JVASP-4180,8,Cl,303.4805,204.35399,100.086464
JVASP-4180,9,Cl,303.4805,204.35399,100.086464
JVASP-4180,10,Cl,303.4805,204.35399,100.08647
JVASP-4180,11,Cl,303.4805,204.35397,100.08648
JVASP-1939,0,Cl,167.55818,33.392136,134.16605
JVASP-1939,1,Cl,167.55818,33.39214,134.16603
JVASP-1939,2,Hg,690.21497,21.821957,668.393
JVASP-1939,3,Hg,690.21497,21.821959,668.393
JVASP-66744,0,Be,0.5299063,11.194593,11.7245
JVASP-66744,1,Be,3.2668028,38.33046,35.063656
JVASP-66744,2,Cu,13.584054,19.746782,6.1627293
JVASP-66744,3,Os,168.97478,40.363777,128.61101
JVASP-80606,0,Be,12.1526985,1.5056576,10.647042
JVASP-80606,1,Be,12.1526985,1.5056576,10.647042
JVASP-80606,2,Cu,27.11301,31.637955,4.5251293
JVASP-80606,3,Os,795.6507,26.468212,769.18243
JVASP-69236,0,Ba,110.57649,17.053133,93.52336
JVASP-69236,1,Ga,32.17405,12.494115,19.679934
JVASP-69236,2,Bi,175.20383,4.302359,179.5062
JVASP-69236,3,Bi,772.1469,2.5349932,774.68195
JVASP-69342,0,Ba,109.203156,17.085451,92.11771
JVASP-69342,1,Ga,31.204052,12.507464,18.696587
JVASP-69342,2,Bi,170.34814,4.2887135,174.63686
JVASP-69342,3,Bi,753.0605,2.5167718,755.57733
JVASP-10126,0,Se,696.3746,138.9686,558.6205
JVASP-10126,1,Se,696.3746,138.9686,558.6204
JVASP-10126,2,Se,696.3747,138.96861,558.62054
JVASP-10126,3,Se,696.3747,138.96861,558.62054
JVASP-10126,4,Se,739.2553,110.83101,628.9999
JVASP-10126,5,Se,739.2553,110.83101,628.9999
JVASP-10126,6,Rb,14.692139,14.427889,12.606092
JVASP-10126,7,Rb,14.692139,14.427889,12.606091
JVASP-10126,8,Rb,24.745546,15.063056,32.70598
JVASP-10126,9,Rb,24.745546,15.063058,32.70598
JVASP-78470,0,Rb,0.0,0.0,0.0
JVASP-78470,1,Rb,0.0,0.0,0.0
JVASP-78470,2,Rb,0.0,0.0,0.0
JVASP-78470,3,Rb,0.0,0.0,0.0
JVASP-78470,4,Se,0.0,0.0,0.0
JVASP-78470,5,Se,0.0,0.0,0.0
JVASP-78470,6,Se,0.0,0.0,0.0
JVASP-78470,7,Se,0.0,0.0,0.0
JVASP-67854,0,Be,0.76751065,115.37537,114.607864
JVASP-67854,1,Se,305.42035,489.6625,184.24217
JVASP-67854,2,Te,703.37836,94.91696,608.46136
JVASP-74859,0,Be,3.6595376,7.9448214,11.604359
JVASP-74859,1,Be,0.80833167,38.287518,37.479187
JVASP-74859,2,Te,69.7876,114.114655,44.327057
JVASP-74859,3,Se,85.19163,110.15033,24.95871
JVASP-4279,0,P,101.140495,148.00882,52.299465
JVASP-4279,1,P,101.140495,148.00883,52.299473
JVASP-4279,2,P,101.140495,148.00883,52.299477
JVASP-4279,3,P,101.140495,148.00882,52.299473
JVASP-4279,4,Br,692.3188,487.15,224.0713
JVASP-4279,5,Br,692.3188,487.15,224.07132
JVASP-4279,6,Br,692.3188,487.15,224.07132
JVASP-4279,7,Br,692.3188,487.15,224.07133
JVASP-4279,8,Br,692.3188,487.15,224.07133
JVASP-4279,9,Br,692.3188,487.15002,224.0713
JVASP-4279,10,Br,692.3188,487.15,224.07132
JVASP-4279,11,Br,692.3188,487.15,224.0713
JVASP-4279,12,Br,682.8574,441.37363,247.99916
JVASP-4279,13,Br,682.8574,441.37363,247.99916
JVASP-4279,14,Br,682.8574,441.3736,247.99916
JVASP-4279,15,Br,682.8574,441.3736,247.99913
JVASP-79523,0,P,0.0,0.0,0.0
JVASP-79523,1,Br,0.0,0.0,0.0
JVASP-5230,0,Sn,8.108275,21.332394,25.123325
JVASP-5230,1,Sn,8.108275,21.332394,25.123325
JVASP-5230,2,Sn,8.108275,21.332397,25.123331
JVASP-5230,3,Sn,8.108275,21.332382,25.123318
JVASP-5230,4,Br,674.051,459.9366,215.447
JVASP-5230,5,Br,674.051,459.9366,215.44702
JVASP-5230,6,Br,674.051,459.9366,215.447
JVASP-5230,7,Br,674.051,459.9366,215.447
JVASP-5230,8,Br,671.52496,453.5365,220.3359
JVASP-5230,9,Br,671.52496,453.53644,220.33594
JVASP-5230,10,Br,671.52496,453.5365,220.3359
JVASP-5230,11,Br,671.52496,453.53653,220.33589
JVASP-5230,12,Br,671.28516,443.93143,228.50456
JVASP-5230,13,Br,671.28516,443.93143,228.50456
JVASP-5230,14,Br,671.28516,443.93143,228.50452
JVASP-5230,15,Br,671.28516,443.93143,228.50456
JVASP-5230,16,Br,657.7161,464.36627,199.53372
JVASP-5230,17,Br,657.7161,464.36627,199.53372
JVASP-5230,18,Br,657.7161,464.36627,199.53372
JVASP-5230,19,Br,657.7161,464.36627,199.5337
JVASP-37353,0,Sn,27.007687,26.553911,52.47065
JVASP-37353,1,Sn,27.007687,26.553913,52.47065
JVASP-37353,2,Br,261.71356,159.41888,104.16694
JVASP-37353,3,Br,261.71356,159.41888,104.16695
JVASP-37353,4,Br,261.71356,159.41888,104.16695
JVASP-37353,5,Br,261.71356,159.41888,104.16695
JVASP-64881,0,Be,5.16679,20.741007,25.907795
JVASP-64881,1,Be,5.966957,1.8443351,7.811292
JVASP-64881,2,Be,5.16679,20.741005,25.907793
JVASP-64881,3,Be,5.966957,1.8443354,7.8112926
JVASP-64881,4,Si,53.413574,9.120133,44.29344
JVASP-64881,5,Si,53.413574,9.120132,44.29344
JVASP-64881,6,Bi,657.2455,29.5958,686.84125
JVASP-64881,7,Bi,657.2455,29.5958,686.84125
JVASP-74892,0,Be,0.41396376,1.8189414,1.4049776
JVASP-74892,1,Si,12.645082,0.276076,12.369007
JVASP-74892,2,Bi,81.00667,7.689631,73.486244
JVASP-74892,3,Bi,81.00667,7.6896305,73.486244
JVASP-31884,0,Ta,206.2961,98.21947,295.76727
JVASP-31884,1,Ta,206.2961,98.21948,295.7673
JVASP-31884,2,Ta,190.49496,77.83352,264.0607
JVASP-31884,3,Ta,190.49496,77.83351,264.0607
JVASP-31884,4,I,426.44482,155.78302,280.6343
JVASP-31884,5,I,377.75043,187.55066,210.27939
JVASP-31884,6,I,343.29126,170.54042,195.40192
JVASP-31884,7,I,239.54558,171.52477,75.29695
JVASP-31884,8,I,239.54558,171.52477,75.29695
JVASP-31884,9,I,448.194,171.76312,295.5694
JVASP-31884,10,I,468.51956,216.54845,292.4149
JVASP-31884,11,I,408.69592,177.49887,237.41188
JVASP-31884,12,I,343.29126,170.54045,195.40189
JVASP-31884,13,I,377.75043,187.55066,210.2794
JVASP-31884,14,I,426.44482,155.78302,280.6343
JVASP-31884,15,I,408.69592,177.49889,237.41187
JVASP-31884,16,I,295.45306,247.3011,62.8298
JVASP-31884,17,I,448.194,171.76312,295.5694
JVASP-31884,18,I,295.45306,247.30112,62.82979
JVASP-31884,19,I,468.51956,216.54846,292.4149
JVASP-8754,0,Ta,301.515,144.84193,422.10574
JVASP-8754,1,Ta,302.6367,123.24403,396.26614
JVASP-8754,2,I,414.3697,101.6393,337.16772
JVASP-8754,3,I,543.9005,175.67014,384.72064
JVASP-8754,4,I,491.69617,167.57521,351.85077
JVASP-8754,5,I,647.31604,159.49713,548.3631
JVASP-8754,6,I,545.2193,183.2377,383.27005
JVASP-15725,0,Rb,19.31096,1.3484311,17.96253
JVASP-15725,1,Rb,19.31096,1.3484336,17.962526
JVASP-15725,2,Te,514.02704,59.801517,573.82855
JVASP-15725,3,Te,514.02704,59.801514,573.82855
JVASP-15725,4,Au,490.98837,16.831411,474.15695
JVASP-15725,5,Au,490.98837,16.831411,474.15695
JVASP-2898,0,Rb,25.355513,25.135233,47.35054
JVASP-2898,1,Rb,25.355513,25.13523,47.350536
JVASP-2898,2,Te,480.252,34.131756,511.84845
JVASP-2898,3,Te,480.252,34.131756,511.84845
JVASP-2898,4,Au,623.31946,37.22553,603.47437
JVASP-2898,5,Au,623.31946,37.22553,603.47437
JVASP-34327,0,Tl,603.23303,35.09236,568.14075
JVASP-34327,1,Tl,541.7696,36.477818,505.29178
JVASP-34327,2,Ni,8.573662,125.40024,121.576004
JVASP-34327,3,Ni,8.578263,125.40035,121.57236
JVASP-34327,4,Ni,8.58576,125.40018,121.58599
JVASP-34327,5,S,27.780441,24.133902,3.6465402
JVASP-34327,6,S,27.780441,24.1339,3.6465445
JVASP-57505,0,Tl,72.11642,4.6785774,67.437836
JVASP-57505,1,Ni,28.422411,18.646538,9.775879
JVASP-57505,2,Ni,28.422411,18.64654,9.775877
JVASP-57505,3,S,23.37312,0.9133264,22.459791
JVASP-57505,4,S,23.37312,0.9133257,22.459791
JVASP-362,0,Zr,14.337498,72.99632,86.88135
JVASP-362,1,Zr,14.337498,72.99634,86.88136
JVASP-362,2,Se,588.8255,396.6153,258.3334
JVASP-362,3,Se,588.8255,396.61526,258.33337
JVASP-362,4,Se,582.3027,325.8981,308.3994
JVASP-362,5,Se,582.3027,325.8981,308.3994
JVASP-362,6,Se,56.815205,21.744492,44.920853
JVASP-362,7,Se,56.815205,21.744488,44.920853
JVASP-365,0,Zr,34.32715,23.818811,10.508337
JVASP-365,1,Se,3.005524,0.81348324,3.8190072
JVASP-365,2,Se,3.005524,0.81347877,3.8190026
JVASP-51471,0,Y,4.4282875,42.219234,37.8255
JVASP-51471,1,Y,4.4282875,42.21907,37.82534
JVASP-51471,2,Pb,603.0178,41.77457,562.80444
JVASP-51471,3,Pb,603.0178,41.775314,562.80383
JVASP-51471,4,Pb,338.0836,8.949087,329.6929
JVASP-51471,5,Pb,338.0836,8.948874,329.69275
JVASP-7962,0,Y,0.0,0.0,0.0
JVASP-7962,1,Pb,416.5774,45.576828,371.00055
JVASP-7962,2,Pb,416.57736,45.576824,371.00055
JVASP-7962,3,Pb,416.57736,45.576824,371.00055
JVASP-29411,0,Tm,146.36815,72.74868,147.48761
JVASP-29411,1,Tm,146.36815,72.74869,147.48763
JVASP-29411,2,Tm,154.7361,48.26036,119.427475
JVASP-29411,3,Tm,154.7361,48.26036,119.42746
JVASP-29411,4,Te,543.69977,53.695118,501.16187
JVASP-29411,5,Te,578.39056,81.045784,520.49365
JVASP-29411,6,Te,517.20135,53.43363,475.47287
JVASP-29411,7,Te,543.69977,53.69511,501.16187
JVASP-29411,8,Te,539.0394,21.162762,532.9537
JVASP-29411,9,Te,517.20135,53.43363,475.47287
JVASP-29411,10,Te,539.0394,21.162758,532.9537
JVASP-29411,11,Te,536.1886,60.28706,503.3785
JVASP-29411,12,Te,578.39056,81.045784,520.49365
JVASP-29411,13,Te,536.1886,60.28706,503.3785
JVASP-29411,14,O,140.84093,115.961174,43.380363
JVASP-29411,15,O,128.6717,171.39415,56.95941
JVASP-29411,16,O,123.056305,116.90496,18.896845
JVASP-29411,17,O,131.75746,113.9844,43.042305
JVASP-29411,18,O,144.42882,114.039825,68.766975
JVASP-29411,19,O,131.07867,151.7664,28.680042
JVASP-29411,20,O,107.81535,147.79834,47.16284
JVASP-29411,21,O,138.56625,122.76802,52.757618
JVASP-29411,22,O,107.81535,147.79832,47.162834
JVASP-29411,23,O,125.49451,127.819954,42.05412
JVASP-29411,24,O,144.42882,114.039795,68.76697
JVASP-29411,25,O,132.88678,113.76706,55.23909
JVASP-29411,26,O,131.75746,113.98439,43.042305
JVASP-29411,27,O,167.5589,150.2032,34.41282
JVASP-29411,28,O,138.56625,122.76802,52.75762
JVASP-29411,29,O,125.49451,127.81997,42.05412
JVASP-29411,30,O,132.88678,113.76705,55.239086
JVASP-29411,31,O,123.056305,116.90495,18.896843
JVASP-29411,32,O,128.6717,171.39417,56.959427
JVASP-29411,33,O,130.83278,101.884766,56.009388
JVASP-29411,34,O,167.5589,150.2032,34.412823
JVASP-29411,35,O,118.87721,100.75336,22.331263
JVASP-29411,36,O,118.87721,100.75336,22.331266
JVASP-29411,37,O,131.07867,151.76642,28.680052
JVASP-29411,38,O,140.84093,115.961174,43.380367
JVASP-29411,39,O,130.83278,101.88478,56.009388
JVASP-49938,0,Tm,25.386513,60.579914,85.96642
JVASP-49938,1,Tm,25.386513,60.57993,85.96643
JVASP-49938,2,Te,202.87408,25.860939,228.73502
JVASP-49938,3,O,27.306503,4.8709054,32.177406
JVASP-49938,4,O,27.306503,4.8709025,32.177406
JVASP-68183,0,Be,1.2974131,0.20593926,1.5033523
JVASP-68183,1,Sn,82.95034,15.584325,67.36601
JVASP-68183,2,Sn,12.401767,26.622347,39.024113
JVASP-68183,3,Pb,27.180355,15.393473,42.573826
JVASP-74866,0,Be,4.813247,41.98604,37.172787
JVASP-74866,1,Be,5.74487,69.09249,63.34762
JVASP-74866,2,Be,4.813247,41.986042,37.172794
JVASP-74866,3,Be,5.74487,69.09249,63.34762
JVASP-74866,4,Sn,223.2522,68.17836,155.07385
JVASP-74866,5,Sn,223.2522,68.17837,155.07384
JVASP-74866,6,Pb,548.6882,60.279232,488.40897
JVASP-74866,7,Pb,548.6882,60.279232,488.40897
JVASP-3897,0,Rh,14.255837,18.014406,3.954523
JVASP-3897,1,Rh,14.255837,18.014406,3.9545264
JVASP-3897,2,Br,531.87946,210.21936,324.61008
JVASP-3897,3,Br,531.87946,210.21936,324.61005
JVASP-3897,4,Br,544.00714,212.976,335.26425
JVASP-3897,5,Br,544.0067,212.97601,335.2638
JVASP-3897,6,Br,544.00714,212.97598,335.26425
JVASP-3897,7,Br,544.0067,212.97603,335.2638
JVASP-39456,0,Rh,6.314785,7.8031034,14.1178875
JVASP-39456,1,Rh,6.314785,7.8031044,14.117889
JVASP-39456,2,Rh,20.751259,11.607484,32.35874
JVASP-39456,3,Rh,6.314785,7.8031054,14.11789
JVASP-39456,4,Rh,6.314785,7.803105,14.117889
JVASP-39456,5,Rh,20.751259,11.607485,32.358746
JVASP-39456,6,Br,1.5529765,9.294307,10.847283
JVASP-39456,7,Br,1.5529765,9.294307,10.847283
JVASP-36969,0,Tl,57.817184,13.949012,71.7662
JVASP-36969,1,Tl,57.817184,13.94901,71.7662
JVASP-36969,2,Ag,3.7739253,22.60971,26.383635
JVASP-36969,3,Ag,3.7739253,22.60971,26.383636
JVASP-36969,4,Br,498.74625,287.5125,211.81319
JVASP-36969,5,Br,498.74588,287.5126,211.81265
JVASP-36969,6,Br,498.74643,287.51248,211.81331
JVASP-36969,7,Br,498.74637,287.5126,211.81317
JVASP-36969,8,Br,498.7459,287.5125,211.81287
JVASP-36969,9,Br,498.74612,287.51248,211.813
JVASP-36880,0,Tl,2.8709166,7.676065,10.539769
JVASP-36880,1,Ag,1.4114418,5.1869636,4.051137
JVASP-36880,2,Br,514.3751,282.6602,231.72554
JVASP-36880,3,Br,523.4347,283.4073,240.03352
JVASP-36880,4,Br,514.4348,282.88284,231.55696
JVASP-2091,0,F,294.29416,143.6668,150.62737
JVASP-2091,1,F,238.90031,231.48619,31.361036
JVASP-2091,2,F,238.90016,231.48604,31.36103
JVASP-2091,3,F,294.29416,143.6668,150.62737
JVASP-2091,4,Pb,513.78864,53.828568,567.61725
JVASP-52662,0,Pb,0.27527803,3.0945086,3.1184192
JVASP-52662,1,Pb,0.30528674,3.0947385,3.1207032
JVASP-52662,2,F,0.06690291,9.035442,8.992622
JVASP-52662,3,F,0.063739054,8.908286,8.945904
JVASP-52662,4,F,0.065984845,9.035286,8.9924755
JVASP-52662,5,F,0.06421837,8.907476,8.945814
JVASP-16118,0,Y,4.3368216,5.044831,9.381653
JVASP-16118,1,Y,4.3368216,5.044834,9.381656
JVASP-16118,2,Si,2.1335056,37.38074,39.514248
JVASP-16118,3,Si,2.1335056,37.380753,39.51426
JVASP-16118,4,Au,500.25928,103.52631,396.73294
JVASP-16118,5,Au,500.25928,103.526306,396.73297
JVASP-85214,0,Y,7.466045,3.4045393,4.061506
JVASP-85214,1,Y,7.466045,3.4045358,4.061509
JVASP-85214,2,Si,4.338046,0.30131596,4.6393623
JVASP-85214,3,Si,4.338046,0.30132166,4.639368
JVASP-85214,4,Si,4.338046,0.30131784,4.6393642
JVASP-85214,5,Si,4.338046,0.3013215,4.639368
JVASP-85214,6,Au,122.1977,53.30907,68.888626
JVASP-85214,7,Au,122.1977,53.309074,68.888626
JVASP-85214,8,Au,122.1977,53.30908,68.88862
JVASP-85214,9,Au,122.1977,53.30908,68.88862
JVASP-29375,0,Cd,103.69862,26.101198,112.29018
JVASP-29375,1,O,55.149563,53.80355,21.352541
JVASP-29375,2,O,55.150238,53.806744,21.353529
JVASP-29375,3,Cl,94.01138,19.06516,79.679184
JVASP-29375,4,O,41.942318,67.18956,34.055702
JVASP-29375,5,Cl,94.01198,19.065556,79.67942
JVASP-29375,6,Bi,501.23468,28.77777,514.7226
JVASP-29375,7,O,41.942577,67.19151,34.05905
JVASP-29375,8,Bi,501.24396,28.7785,514.7318
JVASP-29375,9,Cd,103.6994,26.101103,112.291084
JVASP-26375,0,Cd,103.674866,26.076899,112.27796
JVASP-26375,1,Cd,103.674866,26.076906,112.27796
JVASP-26375,2,Bi,501.32602,28.76574,514.79047
JVASP-26375,3,Bi,501.32602,28.76574,514.79047
JVASP-26375,4,Cl,94.032135,19.053045,79.720604
JVASP-26375,5,Cl,94.032135,19.053043,79.720604
JVASP-26375,6,O,55.136734,53.861526,21.353552
JVASP-26375,7,O,55.136734,53.861526,21.353546
JVASP-26375,8,O,41.933254,67.21032,34.088497
JVASP-26375,9,O,41.933254,67.21032,34.088493
JVASP-5767,0,Pd,64.79076,182.17169,121.913666
JVASP-5767,1,Pd,64.79076,182.17169,121.913666
JVASP-5767,2,Pd,64.79076,182.17172,121.91368
JVASP-5767,3,Pd,64.79076,182.17169,121.913666
JVASP-5767,4,Pd,64.56275,217.57825,157.17853
JVASP-5767,5,Pd,64.56275,217.57828,157.17854
JVASP-5767,6,Pd,64.56275,217.57825,157.17853
JVASP-5767,7,Pd,64.56275,217.57825,157.17853
JVASP-5767,8,Pd,46.45324,191.51709,148.23592
JVASP-5767,9,Pd,46.45324,191.51707,148.23589
JVASP-5767,10,Pd,57.28499,163.09969,109.09937
JVASP-5767,11,Pd,57.28499,163.09969,109.09937
JVASP-5767,12,S,199.27002,106.84861,133.96962
JVASP-5767,13,S,197.94962,108.813484,134.61838
JVASP-5767,14,S,197.94962,108.813484,134.61838
JVASP-5767,15,S,199.27002,106.84861,133.96962
JVASP-5767,16,S,197.94962,108.81348,134.61838
JVASP-5767,17,S,199.27002,106.84861,133.96962
JVASP-5767,18,S,199.27002,106.84861,133.96962
JVASP-5767,19,S,197.16321,87.98571,157.17264
JVASP-5767,20,S,197.16321,87.98571,157.17265
JVASP-5767,21,S,197.16321,87.98571,157.17265
JVASP-5767,22,S,197.16321,87.98571,157.17265
JVASP-5767,23,S,197.94962,108.81349,134.61838
JVASP-5767,24,Cl,222.3633,72.97631,157.66
JVASP-5767,25,Cl,222.3633,72.97631,157.66
JVASP-5767,26,Cl,222.3633,72.97631,157.66
JVASP-5767,27,Cl,209.10085,75.86348,142.64581
JVASP-5767,28,Cl,209.10085,75.86348,142.64581
JVASP-5767,29,Cl,224.6088,88.26527,158.26877
JVASP-5767,30,Cl,229.59912,77.6563,158.48845
JVASP-5767,31,Cl,224.6088,88.265274,158.26878
JVASP-5767,32,Cl,224.6088,88.26527,158.26878
JVASP-5767,33,Cl,229.59912,77.6563,158.48845
JVASP-5767,34,Cl,222.3633,72.97632,157.66
JVASP-5767,35,Cl,224.6088,88.26527,158.26878
JVASP-3972,0,Pd,72.07411,347.209,297.52707
JVASP-3972,1,S,368.43454,291.3965,165.38171
JVASP-3972,2,S,368.43454,291.3965,165.38171
JVASP-3972,3,Cl,486.21942,336.3147,155.45201
JVASP-3972,4,Cl,222.07965,179.52507,85.0292
JVASP-3972,5,Cl,222.07965,179.52507,85.0292
JVASP-3972,6,Cl,484.90784,341.14172,153.31256
JVASP-3972,7,Cl,484.90784,341.14175,153.31255
JVASP-3972,8,Cl,486.21942,336.31473,155.452
JVASP-38740,0,Lu,0.0,0.0,0.0
JVASP-38740,1,Bi,482.1061,47.60483,434.50128
JVASP-38740,2,Bi,482.1061,47.60483,434.50128
JVASP-38740,3,Bi,482.1061,47.604836,434.50125
JVASP-56990,0,Lu,0.0,0.0,0.0
JVASP-56990,1,Lu,0.0,0.0,0.0
JVASP-56990,2,Lu,0.0,0.0,0.0
JVASP-56990,3,Lu,0.0,0.0,0.0
JVASP-56990,4,Bi,0.0,0.0,0.0
JVASP-56990,5,Bi,0.0,0.0,0.0
JVASP-56990,6,Bi,0.0,0.0,0.0
JVASP-56990,7,Bi,0.0,0.0,0.0
JVASP-5524,0,S,225.29489,228.17911,235.76529
JVASP-5524,1,S,225.29489,228.17911,235.76534
JVASP-5524,2,S,225.29489,228.1791,235.7653
JVASP-5524,3,S,225.29489,228.17912,235.76532
JVASP-5524,4,Cl,386.971,304.279,96.28914
JVASP-5524,5,Cl,386.971,304.27896,96.28915
JVASP-5524,6,Cl,386.971,304.27896,96.28915
JVASP-5524,7,Cl,386.971,304.27896,96.28915
JVASP-5524,8,Cl,385.57248,301.6919,87.49741
JVASP-5524,9,Cl,385.57248,301.6919,87.49741
JVASP-5524,10,Cl,385.57248,301.6919,87.49741
JVASP-5524,11,Cl,385.57248,301.6919,87.49741
JVASP-5524,12,O,113.22717,326.55832,227.63423
JVASP-5524,13,O,113.22717,326.55838,227.63426
JVASP-5524,14,O,113.22717,326.55838,227.63426
JVASP-5524,15,O,113.22717,326.55838,227.63426
JVASP-5521,0,O,140.74724,305.11053,169.49026
JVASP-5521,1,O,140.7466,305.11258,169.49283
JVASP-5521,2,O,140.7466,305.11218,169.49239
JVASP-5521,3,O,140.74582,305.1123,169.49333
JVASP-5521,4,S,85.86736,86.253914,171.37515
JVASP-5521,5,S,85.86689,86.256386,171.37715
JVASP-5521,6,Cl,472.05588,273.45602,203.57004
JVASP-5521,7,Cl,472.05664,273.45648,203.57051
JVASP-5521,8,Cl,472.05612,273.45645,203.56998
JVASP-5521,9,Cl,472.05664,273.45618,203.57077
JVASP-19961,0,U,460.55185,36.84742,497.39926
JVASP-19961,1,Hg,79.05729,16.631441,62.425842
JVASP-19961,2,Hg,79.05729,16.631443,62.425842
JVASP-4373,0,U,460.55307,36.848217,497.4013
JVASP-4373,1,Hg,79.053604,16.63004,62.423565
JVASP-4373,2,Hg,79.053604,16.63004,62.423565
JVASP-31190,0,Ba,36.065132,16.061047,52.11015
JVASP-31190,1,Ga,10.113257,16.803713,26.763647
JVASP-31190,2,Ga,10.113851,16.081512,25.88048
JVASP-31190,3,Te,466.36633,86.78408,383.15808
JVASP-31190,4,Te,466.36633,86.78408,383.15808
JVASP-31190,5,Te,466.26886,76.67833,391.45
JVASP-31190,6,Te,466.26886,76.67834,391.45
JVASP-22547,0,Ba,36.05935,16.057585,52.10076
JVASP-22547,1,Ga,10.115885,16.809422,26.772125
JVASP-22547,2,Ga,10.116197,16.086126,25.887602
JVASP-22547,3,Te,466.3786,86.78661,383.16693
JVASP-22547,4,Te,466.3786,86.786606,383.16696
JVASP-22547,5,Te,466.27377,76.682625,391.45056
JVASP-22547,6,Te,466.27377,76.682625,391.45053
JVASP-29438,0,Te,417.5809,41.96945,396.05487
JVASP-29438,1,Te,417.5809,41.969448,396.0549
JVASP-29438,2,Te,417.5809,41.96945,396.05487
JVASP-29438,3,Te,417.5809,41.969448,396.0549
JVASP-29438,4,S,48.04482,67.17892,104.66227
JVASP-29438,5,S,48.04482,67.17892,104.66226
JVASP-29438,6,O,152.99442,151.26717,15.687903
JVASP-29438,7,O,159.85652,182.78708,33.914486
JVASP-29438,8,O,152.99442,151.26717,15.687903
JVASP-29438,9,O,153.57881,212.77103,69.98358
JVASP-29438,10,O,152.99442,151.26717,15.687899
JVASP-29438,11,O,153.57881,212.77103,69.98358
JVASP-29438,12,O,152.99442,151.26717,15.687899
JVASP-29438,13,O,153.57881,212.77103,69.98358
JVASP-29438,14,O,153.57881,212.77103,69.98357
JVASP-29438,15,O,159.85652,182.78708,33.914486
JVASP-29438,16,O,150.74039,206.00377,59.923126
JVASP-29438,17,O,179.05173,165.15204,42.332005
JVASP-29438,18,O,150.74039,206.00377,59.923126
JVASP-29438,19,O,179.05173,165.15204,42.332005
JVASP-29417,0,Te,455.81653,40.175175,448.5716
JVASP-29417,1,Te,455.81653,40.17518,448.57156
JVASP-29417,2,Te,455.81653,40.175182,448.5716
JVASP-29417,3,Te,455.81653,40.17518,448.5716
JVASP-29417,4,S,25.19001,43.499435,26.93549
JVASP-29417,5,S,25.19001,43.49944,26.935488
JVASP-29417,6,O,171.15305,216.44148,52.98318
JVASP-29417,7,O,171.93199,213.55844,44.125114
JVASP-29417,8,O,154.45337,153.62541,16.830065
JVASP-29417,9,O,171.15305,216.44147,52.983173
JVASP-29417,10,O,171.93199,213.55841,44.12509
JVASP-29417,11,O,154.45337,153.62541,16.83006
JVASP-29417,12,O,154.6707,201.96902,57.209213
JVASP-29417,13,O,163.06291,208.57892,50.684483
JVASP-29417,14,O,154.6707,201.96902,57.209213
JVASP-29417,15,O,154.45337,153.62543,16.83007
JVASP-29417,16,O,171.15305,216.44147,52.983162
JVASP-29417,17,O,171.15305,216.44147,52.983162
JVASP-29417,18,O,154.45337,153.62543,16.83007
JVASP-29417,19,O,163.06291,208.5789,50.684467
JVASP-77127,0,Y,243.05838,1.1608907,241.89748
JVASP-77127,1,Y,243.05838,1.1608907,241.89748
JVASP-77127,2,Al,38.841873,3.5667274,35.275146
JVASP-77127,3,Tl,444.06296,7.8605795,436.2024
JVASP-81623,0,Y,72.33789,33.20957,41.360775
JVASP-81623,1,Y,72.33789,33.20957,41.360775
JVASP-81623,2,Y,72.33789,33.209568,41.36078
JVASP-81623,3,Y,72.33789,33.20957,41.360775
JVASP-81623,4,Al,38.656586,55.403057,17.622742
JVASP-81623,5,Al,38.656586,55.40304,17.62273
JVASP-81623,6,Tl,293.66116,37.236336,256.9809
JVASP-81623,7,Tl,293.66116,37.236332,256.9809
JVASP-13100,0,Hg,438.69177,28.9325,409.75928
JVASP-13100,1,Hg,438.69177,28.932499,409.75928
JVASP-13100,2,As,25.168505,68.085625,93.254135
JVASP-13100,3,As,25.168505,68.08562,93.25413
JVASP-13100,4,O,167.4526,179.53185,34.24787
JVASP-13100,5,O,167.4526,179.53185,34.24787
JVASP-13100,6,O,167.45277,179.53214,34.24696
JVASP-13100,7,O,167.4526,179.53185,34.24788
JVASP-13100,8,O,167.45277,179.53215,34.246952
JVASP-13100,9,O,167.4526,179.53185,34.247868
JVASP-61150,0,Hg,110.512405,38.98227,71.53014
JVASP-61150,1,As,26.327116,1.4741373,27.801252
JVASP-61150,2,As,26.327116,1.4741347,27.80125
JVASP-61150,3,O,171.39345,143.19414,32.051117
JVASP-61150,4,O,171.39345,143.19414,32.05111
JVASP-61150,5,O,171.39336,143.1943,32.050972
JVASP-61150,6,O,171.39345,143.19414,32.05112
JVASP-61150,7,O,171.39345,143.19414,32.051113
JVASP-61150,8,O,171.39336,143.1943,32.05096
JVASP-49784,0,Na,23.392464,51.923363,28.719795
JVASP-49784,1,Na,23.392464,51.923367,28.719799
JVASP-49784,2,Sb,453.53592,26.375984,467.28577
JVASP-49784,3,Sb,453.53592,26.375984,467.28577
JVASP-49784,4,O,90.80821,81.392075,32.8257
JVASP-49784,5,O,90.80821,81.392075,32.8257
JVASP-49784,6,O,90.80821,81.39209,32.8257
JVASP-49784,7,O,90.80821,81.392075,32.8257
JVASP-9602,0,O,129.85686,111.97544,30.66565
JVASP-9602,1,O,129.85806,111.97544,30.666277
JVASP-9602,2,O,129.85773,111.97545,30.665464
JVASP-9602,3,O,129.85686,111.97544,30.665648
JVASP-9602,4,O,129.85773,111.97546,30.665466
JVASP-9602,5,O,129.85806,111.97544,30.666271
JVASP-9602,6,Na,1.7341499,45.28515,47.019295
JVASP-9602,7,Na,1.7341499,45.285145,47.019295
JVASP-9602,8,Sb,46.50301,53.85573,7.352719
JVASP-9602,9,Sb,46.50301,53.85573,7.352718
JVASP-67096,0,Be,1.9751053,2.7043114,0.7292061
JVASP-67096,1,Be,1.9751053,2.7043111,0.72920585
JVASP-67096,2,Cu,12.458105,5.5077453,6.95036
JVASP-67096,3,Re,136.35574,16.942446,119.4133
JVASP-67160,0,Be,7.2325335,6.4874735,0.74511933
JVASP-67160,1,Cu,10.861047,28.628994,39.490036
JVASP-67160,2,Re,424.0912,1.2832566,425.37442
JVASP-2649,0,P,102.64665,73.2818,70.28311
JVASP-2649,1,P,102.64665,73.28181,70.28311
JVASP-2649,2,P,131.79486,94.122215,72.90196
JVASP-2649,3,P,131.79408,94.12221,72.90182
JVASP-2649,4,P,131.79486,94.122215,72.901955
JVASP-2649,5,P,131.79408,94.12221,72.90182
JVASP-2649,6,Ba,29.895544,23.2905,37.9664
JVASP-2649,7,Ba,29.895544,23.2905,37.9664
JVASP-36468,0,Ba,411.29953,41.142853,370.1567
JVASP-36468,1,Ba,411.29953,41.14285,370.1567
JVASP-36468,2,Ba,411.29953,41.14285,370.1567
JVASP-36468,3,P,0.0,0.0,0.0
JVASP-36468,4,P,0.0,0.0,0.0
JVASP-65744,0,Ba,102.999405,68.91408,171.91348
JVASP-65744,1,Se,405.19217,0.83908373,404.35306
JVASP-65744,2,Ta,258.51343,132.28056,126.232864
JVASP-65744,3,Ta,258.51343,132.28055,126.23288
JVASP-68974,0,Ba,104.639755,97.370255,202.01001
JVASP-68974,1,Ta,311.21655,160.79628,155.02365
JVASP-68974,2,Ta,311.21655,160.79628,155.02364
JVASP-68974,3,Se,395.2325,13.136586,408.3691
JVASP-77213,0,Sr,170.98605,62.92971,174.8595
JVASP-77213,1,Sr,170.98605,62.92971,174.8595
JVASP-77213,2,Y,171.62582,55.26976,208.26973
JVASP-77213,3,Y,171.62582,55.26977,208.26973
JVASP-77213,4,Pt,369.09555,52.197548,421.20428
JVASP-77213,5,Pt,369.09555,52.197556,421.20428
JVASP-77213,6,Pt,369.09555,52.197556,421.20428
JVASP-77213,7,Pt,369.09555,52.197548,421.20428
JVASP-81771,0,Sr,166.07037,55.447853,112.24926
JVASP-81771,1,Sr,166.07037,55.447845,112.24926
JVASP-81771,2,Y,195.60484,18.42148,178.87222
JVASP-81771,3,Y,195.60484,18.421484,178.87221
JVASP-81771,4,Pt,402.88226,73.60052,475.0776
JVASP-81771,5,Pt,402.88226,73.60052,475.0776
JVASP-81771,6,Pt,402.88226,73.60053,475.0776
JVASP-81771,7,Pt,402.88226,73.60053,475.0776
JVASP-35327,0,Th,396.44135,4.720638,391.7207
JVASP-35327,1,Si,38.786854,97.86966,59.0828
JVASP-35327,2,Si,38.786854,97.86966,59.0828
JVASP-35327,3,Ru,83.38864,92.09031,102.579636
JVASP-35327,4,Ru,83.38864,92.0903,102.579636
JVASP-35327,5,Ru,83.388054,92.090385,102.579315
JVASP-15530,0,Th,388.9455,82.42405,306.52142
JVASP-15530,1,Th,388.9455,82.42406,306.52142
JVASP-15530,2,Si,25.643707,31.129042,5.485334
JVASP-15530,3,Si,25.643707,31.129042,5.485334
JVASP-15530,4,Si,25.643707,31.129042,5.485334
JVASP-15530,5,Si,25.643707,31.129045,5.4853377
JVASP-15530,6,Ru,39.122433,62.188576,23.066143
JVASP-15530,7,Ru,39.122433,62.188576,23.066143
JVASP-15530,8,Ru,39.122433,62.188576,23.066143
JVASP-15530,9,Ru,39.122433,62.188576,23.066143
JVASP-66845,0,Be,9.552194,64.157196,73.70939
JVASP-66845,1,Be,2.0747178,55.031063,57.10578
JVASP-66845,2,Si,40.767673,39.20366,1.5640146
JVASP-66845,3,Pt,392.05228,9.126806,382.92548
JVASP-67295,0,Be,9.610981,64.234146,73.84512
JVASP-67295,1,Be,2.035526,55.09016,57.125683
JVASP-67295,2,Si,40.976696,39.204502,1.772194
JVASP-67295,3,Pt,390.7965,9.110604,381.6859
JVASP-3681,0,Ag,19.105341,28.660973,47.76632
JVASP-3681,1,Ag,3.621659,1.7797636,5.4014225
JVASP-3681,2,I,400.11087,27.848299,391.03284
JVASP-3681,3,I,400.11197,27.848316,391.034
JVASP-3681,4,I,400.112,27.848278,391.034
JVASP-3681,5,I,400.1124,27.848272,391.0344
JVASP-3681,6,Hg,32.255505,2.6657937,34.921295
JVASP-22659,0,Ag,15.688189,29.839252,45.197605
JVASP-22659,1,Ag,15.688189,29.839245,45.197598
JVASP-22659,2,Hg,68.348114,29.966934,98.31504
JVASP-22659,3,I,414.10883,19.266613,407.83694
JVASP-22659,4,I,414.10883,19.266607,407.83694
JVASP-22659,5,I,414.10883,19.26661,407.83694
JVASP-22659,6,I,414.10883,19.26661,407.83694
JVASP-36924,0,Rb,0.65412384,18.148746,18.784761
JVASP-36924,1,Tl,1.3510159,8.171592,8.764959
JVASP-36924,2,Br,377.58984,419.73605,42.733017
JVASP-36924,3,Br,378.53568,427.99884,49.59136
JVASP-36924,4,Br,377.56296,419.7319,42.870277
JVASP-36967,0,Rb,23.118048,55.03067,78.14872
JVASP-36967,1,Rb,23.118048,55.030697,78.14874
JVASP-36967,2,Tl,38.01139,64.63102,102.64241
JVASP-36967,3,Tl,38.01139,64.631035,102.642426
JVASP-36967,4,Br,368.27258,264.90118,112.67983
JVASP-36967,5,Br,368.27368,264.90125,112.68085
JVASP-36967,6,Br,368.273,264.90125,112.68006
JVASP-36967,7,Br,368.27325,264.90128,112.68036
JVASP-36967,8,Br,368.2732,264.90115,112.68059
JVASP-36967,9,Br,368.2731,264.9012,112.68019
JVASP-3660,0,Cu,0.64286596,16.27386,16.584423
JVASP-3660,1,Cu,0.64286596,16.273855,16.584417
JVASP-3660,2,Hg,3.3123014,41.372143,44.642452
JVASP-3660,3,I,413.25906,191.39745,416.5335
JVASP-3660,4,I,413.08997,186.02553,425.33246
JVASP-3660,5,I,413.25906,191.39742,416.5335
JVASP-3660,6,I,413.58643,183.77194,414.18216
JVASP-22642,0,Cu,6.2104445,46.952362,40.80652
JVASP-22642,1,Cu,6.2104445,46.95237,40.80653
JVASP-22642,2,Hg,14.074768,59.73101,45.65624
JVASP-22642,3,I,428.00815,225.50867,434.94946
JVASP-22642,4,I,428.00815,225.50865,434.94946
JVASP-22642,5,I,428.00815,225.50865,434.94946
JVASP-22642,6,I,428.00815,225.50867,434.94946
JVASP-17773,0,Ce,0.0,0.0,0.0
JVASP-17773,1,Tl,372.61392,34.900143,337.7138
JVASP-17773,2,Tl,372.61395,34.90014,337.71378
JVASP-17773,3,Tl,372.61392,34.900143,337.7138
JVASP-18078,0,Ce,197.54073,34.300945,231.84169
JVASP-18078,1,Ce,197.54074,34.300945,231.84169
JVASP-18078,2,Ce,197.54073,34.30095,231.84169
JVASP-18078,3,Tl,0.0,0.0,0.0
JVASP-3615,0,Nd,143.83812,43.709743,100.12838
JVASP-3615,1,Nd,143.83812,43.70974,100.12839
JVASP-3615,2,Br,33.873993,22.514784,11.359211
JVASP-3615,3,Br,33.873993,22.514782,11.359212
JVASP-3615,4,O,3.8595793,42.765446,38.905865
JVASP-3615,5,O,3.8595793,42.76545,38.90587
JVASP-35607,0,Nd,163.83984,87.39267,118.30283
JVASP-35607,1,Nd,163.83984,87.39267,118.30283
JVASP-35607,2,Br,117.153175,26.130224,142.45358
JVASP-35607,3,Br,117.153175,26.130224,142.45358
JVASP-35607,4,O,347.25034,64.808174,286.44348
JVASP-35607,5,O,347.25034,64.80817,286.44348
JVASP-35607,6,O,368.73312,36.02164,366.63394
JVASP-35607,7,O,368.73312,36.02164,366.63394
JVASP-1291,0,O,0.0028284274,3.9329985e-05,0.0028411974
JVASP-1291,1,Yb,0.0050990195,6.902576e-05,0.0051635364
JVASP-41120,0,Yb,316.58078,128.96623,197.98065
JVASP-41120,1,Yb,316.58078,128.96623,197.98067
JVASP-41120,2,O,363.92178,30.44343,344.84183
JVASP-41120,3,O,363.92178,30.443436,344.8418
JVASP-41120,4,O,363.92178,30.443428,344.8418
JVASP-41120,5,O,363.92178,30.443422,344.8418
JVASP-77513,0,Be,2.0059366,59.909054,58.646954
JVASP-77513,1,Be,2.0059366,59.90905,58.646954
JVASP-77513,2,Be,2.0059366,59.90906,58.646957
JVASP-77513,3,Be,2.0059366,59.90906,58.646957
JVASP-77513,4,Zn,138.81459,102.64965,63.447678
JVASP-77513,5,Zn,138.81459,102.64965,63.447685
JVASP-77513,6,Pt,411.58304,98.45507,319.331
JVASP-77513,7,Pt,411.58304,98.45506,319.331
JVASP-81890,0,Be,2.0100484,59.861755,58.595196
JVASP-81890,1,Be,2.0100484,59.861755,58.595196
JVASP-81890,2,Be,2.0100484,59.861755,58.595196
JVASP-81890,3,Be,2.0100484,59.861755,58.595196
JVASP-81890,4,Zn,138.82599,102.648384,63.467808
JVASP-81890,5,Zn,138.82599,102.648384,63.467808
JVASP-81890,6,Pt,411.74527,98.47833,319.47946
JVASP-81890,7,Pt,411.74527,98.47833,319.47946
JVASP-32465,0,C,62.516502,170.57988,229.03642
JVASP-32465,1,C,62.516502,170.57986,229.03642
JVASP-32465,2,S,58.609386,30.402973,59.758213
JVASP-32465,3,S,58.609386,30.402966,59.758217
JVASP-32465,4,S,147.14432,108.69785,71.6552
JVASP-32465,5,S,147.14432,108.69785,71.6552
JVASP-32465,6,N,86.31818,188.93654,117.61612
JVASP-32465,7,N,86.31818,188.93654,117.61612
JVASP-32465,8,F,347.30716,152.4853,220.54445
JVASP-32465,9,F,347.30716,152.4853,220.54445
JVASP-32465,10,F,346.69226,158.12889,201.59235
JVASP-32465,11,F,355.60242,159.47562,200.79404
JVASP-32465,12,F,340.91092,152.87239,197.65688
JVASP-32465,13,F,346.69226,158.12889,201.59236
JVASP-32465,14,F,355.60242,159.47562,200.79404
JVASP-32465,15,F,340.91092,152.8724,197.65688
JVASP-32465,16,F,340.379,148.7576,202.9704
JVASP-32465,17,F,340.379,148.7576,202.9704
JVASP-32689,0,C,108.09917,93.79562,201.65425
JVASP-32689,1,C,108.09917,93.795616,201.65424
JVASP-32689,2,C,108.09917,93.795616,201.65425
JVASP-32689,3,C,108.09917,93.79562,201.65424
JVASP-32689,4,S,22.74718,3.293213,21.930695
JVASP-32689,5,S,22.74718,3.2932246,21.930685
JVASP-32689,6,S,22.74718,3.2932146,21.930683
JVASP-32689,7,S,22.74718,3.29322,21.930681
JVASP-32689,8,N,28.69726,211.00813,182.53409
JVASP-32689,9,N,28.69726,211.00813,182.53409
JVASP-32689,10,N,28.69726,211.00813,182.53409
JVASP-32689,11,N,28.69726,211.00813,182.53409
JVASP-32689,12,F,353.2217,154.0652,199.43103
JVASP-32689,13,F,348.37393,166.54724,197.2047
JVASP-32689,14,F,349.9423,168.70732,187.85231
JVASP-32689,15,F,349.9423,168.70729,187.85233
JVASP-32689,16,F,347.97812,165.63899,195.90178
JVASP-32689,17,F,353.2217,154.06522,199.43102
JVASP-32689,18,F,353.2217,154.0652,199.43103
JVASP-32689,19,F,347.97812,165.63899,195.90178
JVASP-32689,20,F,353.2217,154.0652,199.43103
JVASP-32689,21,F,349.9423,168.70729,187.85233
JVASP-32689,22,F,348.37393,166.54726,197.20468
JVASP-32689,23,F,348.37393,166.54724,197.2047
JVASP-32689,24,F,348.37393,166.54724,197.2047
JVASP-32689,25,F,347.97812,165.63899,195.90178
JVASP-32689,26,F,348.37393,166.54726,197.20468
JVASP-32689,27,F,348.37393,166.54724,197.20468
JVASP-32689,28,F,348.37393,166.54724,197.20468
JVASP-32689,29,F,347.97812,165.63899,195.90178
JVASP-32689,30,F,349.9423,168.70729,187.85233
JVASP-32689,31,F,348.37393,166.54724,197.2047
JVASP-76777,0,Li,2.1868129,14.281963,16.38754
JVASP-76777,1,Li,2.1868129,14.2819605,16.387539
JVASP-76777,2,Li,2.1868129,14.281963,16.38754
JVASP-76777,3,Li,2.1868129,14.281964,16.387543
JVASP-76777,4,Hg,144.46396,94.9612,203.9889
JVASP-76777,5,Hg,144.46396,94.961205,203.9889
JVASP-76777,6,As,363.1992,53.814713,311.35324
JVASP-76777,7,As,363.1992,53.814713,311.35324
JVASP-80934,0,Li,2.1661675,14.281981,16.34465
JVASP-80934,1,Li,2.1661675,14.281981,16.344652
JVASP-80934,2,Hg,164.74359,94.96116,219.29778
JVASP-80934,3,As,348.22952,53.8147,296.05283
JVASP-2325,0,S,48.246555,15.0404625,34.095375
JVASP-2325,1,S,48.246555,15.040464,34.09537
JVASP-2325,2,S,48.246143,15.04046,34.095116
JVASP-2325,3,S,48.246143,15.040462,34.09511
JVASP-2325,4,Rb,30.4567,1.7318882,28.779633
JVASP-2325,5,Rb,30.4567,1.7318879,28.779633
JVASP-2325,6,Pt,337.15326,61.80289,276.49847
JVASP-2325,7,Pt,337.15298,61.80291,276.49814
JVASP-2325,8,Pt,372.18353,61.917038,312.19586
JVASP-2685,0,Rb,45.038136,7.534122,47.06897
JVASP-2685,1,Rb,45.038136,7.534122,47.068966
JVASP-2685,2,Rb,45.038136,7.534121,47.068966
JVASP-2685,3,Rb,45.038136,7.5341215,47.068966
JVASP-2685,4,Pt,334.00903,40.022537,293.99112
JVASP-2685,5,Pt,334.00903,40.022537,293.99112
JVASP-2685,6,S,145.42496,35.064972,112.5007
JVASP-2685,7,S,145.42496,35.064972,112.5007
JVASP-2685,8,S,145.42496,35.06497,112.50071
JVASP-2685,9,S,145.42496,35.06497,112.50071
JVASP-35908,0,K,1.8844742,17.128553,15.244079
JVASP-35908,1,K,1.8844742,17.12855,15.244076
JVASP-35908,2,Cd,10.946769,17.516657,6.5698867
JVASP-35908,3,Cd,10.946769,17.516655,6.569886
JVASP-35908,4,As,19.750235,2.4028761,17.347359
JVASP-35908,5,As,19.750235,2.402879,17.347357
JVASP-4098,0,K,5.4695296,0.72637284,6.1959023
JVASP-4098,1,K,5.4695296,0.7263731,6.1959023
JVASP-4098,2,K,39.526394,4.643624,34.882774
JVASP-4098,3,K,39.526394,4.643624,34.882774
JVASP-4098,4,As,148.142,28.818392,176.96039
JVASP-4098,5,As,148.142,28.818392,176.96039
JVASP-4098,6,Cd,336.71216,24.630806,312.08136
JVASP-65518,0,Ba,334.9775,22.526175,312.45132
JVASP-65518,1,Ir,23.386095,89.0262,112.4123
JVASP-65518,2,Pt,3.8808084,2.6717248,6.552533
JVASP-65518,3,Pt,3.8808084,2.6717284,6.5525365
JVASP-65668,0,Ba,1.7881275,20.211374,18.423246
JVASP-65668,1,Ir,84.312256,50.34845,33.963806
JVASP-65668,2,Pt,131.97673,51.83661,80.38666
JVASP-65668,3,Pt,131.97673,51.836586,80.38667
JVASP-4435,0,Na,17.788353,51.88813,37.8581
JVASP-4435,1,Na,17.788353,51.88813,37.8581
JVASP-4435,2,Na,17.788353,51.888134,37.858105
JVASP-4435,3,Na,17.788353,51.88813,37.8581
JVASP-4435,4,Na,17.788353,51.88813,37.8581
JVASP-4435,5,Na,17.788353,51.888134,37.858105
JVASP-4435,6,Na,17.788353,51.88813,37.8581
JVASP-4435,7,Na,17.788353,51.88813,37.8581
JVASP-4435,8,As,338.3539,11.609171,343.02695
JVASP-4435,9,As,338.3539,11.609169,343.02695
JVASP-4435,10,As,338.3539,11.60917,343.02695
JVASP-4435,11,As,338.3539,11.60917,343.02695
JVASP-4435,12,As,338.3539,11.609171,343.02695
JVASP-4435,13,As,338.3539,11.609171,343.02695
JVASP-4435,14,As,338.3539,11.60917,343.02695
JVASP-4435,15,As,338.3539,11.609173,343.02695
JVASP-4435,16,O,131.97714,126.83599,14.237725
JVASP-4435,17,O,131.97714,126.83599,14.237727
JVASP-4435,18,O,131.97714,126.83599,14.237727
JVASP-4435,19,O,131.97714,126.83599,14.237724
JVASP-4435,20,O,131.97714,126.83599,14.237723
JVASP-4435,21,O,131.97714,126.83599,14.237725
JVASP-4435,22,O,131.97714,126.83599,14.237725
JVASP-4435,23,O,131.97714,126.83599,14.237721
JVASP-4435,24,O,122.01735,90.44669,34.26336
JVASP-4435,25,O,122.01735,90.44669,34.26336
JVASP-4435,26,O,122.01735,90.44669,34.26336
JVASP-4435,27,O,122.01735,90.44669,34.26336
JVASP-4435,28,O,122.01735,90.44669,34.26336
JVASP-4435,29,O,122.01735,90.446686,34.263363
JVASP-4435,30,O,122.01735,90.44669,34.26336
JVASP-4435,31,O,122.01735,90.44669,34.26336
JVASP-38495,0,Na,0.0,0.0,0.0
JVASP-38495,1,As,0.0,0.0,0.0
JVASP-38495,2,O,237.63562,148.07323,89.56239
JVASP-38495,3,O,237.63562,148.07324,89.56238
JVASP-38495,4,O,237.63562,148.07323,89.56239
JVASP-17578,0,Zr,55.818565,37.212257,18.606306
JVASP-17578,1,Zr,55.818565,37.21225,18.606316
JVASP-17578,2,Zr,55.818565,37.212257,18.606306
JVASP-17578,3,Zr,55.818565,37.212254,18.60631
JVASP-17578,4,In,331.55273,74.1928,257.35992
JVASP-17578,5,In,331.55273,74.19281,257.35992
JVASP-17578,6,C,3.0300188,7.1694865,4.1394672
JVASP-17578,7,C,3.0300188,7.169484,4.1394653
JVASP-14086,0,Zr,55.818153,37.212605,18.605555
JVASP-14086,1,Zr,55.81775,37.2126,18.60515
JVASP-14086,2,Zr,55.818153,37.2126,18.605555
JVASP-14086,3,Zr,55.818153,37.2126,18.605556
JVASP-14086,4,In,331.54947,74.19338,257.35608
JVASP-14086,5,In,331.54947,74.19338,257.35608
JVASP-14086,6,C,3.0300188,7.1692204,4.1392016
JVASP-14086,7,C,3.0300188,7.1692157,4.139197
JVASP-14754,0,Tm,0.0,0.0,0.0
JVASP-14754,1,Tl,0.0,0.0,0.0
JVASP-19847,0,Tm,0.0,0.0,0.0
JVASP-19847,1,Tl,328.53534,55.126434,273.4089
JVASP-19847,2,Tl,328.53537,55.126427,273.4089
JVASP-19847,3,Tl,328.53537,55.126423,273.4089
JVASP-67498,0,Be,14.079668,25.016155,10.936487
JVASP-67498,1,Bi,192.06123,28.591282,163.46994
JVASP-67498,2,Re,165.38464,50.7818,114.602844
JVASP-68178,0,Be,3.5199628,8.528137,5.0082526
JVASP-68178,1,Bi,35.222847,14.089224,21.133621
JVASP-68178,2,Re,96.02081,19.162367,76.858444
JVASP-68178,3,Re,326.07117,5.7927737,331.86392
JVASP-56734,0,Y,1.2639375,10.878124,9.614187
JVASP-56734,1,Y,1.2639375,10.878123,9.614186
JVASP-56734,2,Sn,105.39175,50.682247,54.7095
JVASP-56734,3,Sn,105.39175,50.682255,54.709496
JVASP-56734,4,Au,90.79156,32.138573,58.65299
JVASP-56734,5,Au,90.79156,32.138573,58.65299
JVASP-63078,0,Y,8.124958,6.936938,15.061895
JVASP-63078,1,Y,8.124958,6.9369364,15.061894
JVASP-63078,2,Sn,2.7054615,128.01065,125.30519
JVASP-63078,3,Sn,2.7054615,128.01065,125.30519
JVASP-63078,4,Au,324.04544,79.1622,244.88324
JVASP-63078,5,Au,324.04544,79.1622,244.88324
JVASP-35371,0,K,15.453831,19.693636,4.2398047
JVASP-35371,1,K,15.453831,19.693632,4.239801
JVASP-35371,2,Pu,320.0871,57.565567,262.5215
JVASP-35371,3,O,25.39386,76.40015,51.00629
JVASP-35371,4,O,25.39386,76.40015,51.00629
JVASP-35371,5,O,46.87039,118.86746,87.84737
JVASP-35371,6,O,46.87039,118.86745,87.84736
JVASP-40946,0,K,0.0,0.0,0.0
JVASP-40946,1,Pu,0.0,0.0,0.0
JVASP-40946,2,O,19.598368,48.40252,28.804148
JVASP-40946,3,O,19.598368,48.40252,28.804148
JVASP-40946,4,O,19.598368,48.40251,28.804142
JVASP-36920,0,Ni,11.909057,9.960788,19.97954
JVASP-36920,1,Bi,321.88232,9.095906,330.90213
JVASP-36920,2,O,138.07869,98.43749,41.07653
JVASP-36920,3,O,122.90686,102.68,21.875984
JVASP-36920,4,O,121.397125,104.9431,17.718134
JVASP-36946,0,Ni,8.26521,8.111728,16.37658
JVASP-36946,1,Ni,8.256358,8.111049,16.367048
JVASP-36946,2,Bi,54.22897,4.2801867,58.509155
JVASP-36946,3,Bi,54.2675,4.2791896,58.546688
JVASP-36946,4,O,113.670555,98.58443,16.73963
JVASP-36946,5,O,113.67387,98.585434,16.74402
JVASP-36946,6,O,113.66521,98.58527,16.736023
JVASP-36946,7,O,113.67559,98.58484,16.747517
JVASP-36946,8,O,113.6716,98.58487,16.746878
JVASP-36946,9,O,113.66778,98.58379,16.741758
JVASP-14246,0,Nb,19.882507,0.31752515,19.564981
JVASP-14246,1,Nb,19.882507,0.31752738,19.56498
JVASP-14246,2,Nb,19.882507,0.31752595,19.564981
JVASP-14246,3,Nb,19.882507,0.31752735,19.56498
JVASP-14246,4,Sn,312.46304,7.495791,304.96722
JVASP-14246,5,Sn,312.46304,7.4957943,304.96725
JVASP-14246,6,C,2.3784547,56.572674,58.95113
JVASP-14246,7,C,2.3784547,56.572678,58.951134
JVASP-15577,0,Nb,19.87761,0.29312938,19.58448
JVASP-15577,1,Nb,19.87761,0.2931248,19.584486
JVASP-15577,2,Nb,19.87761,0.29312786,19.584482
JVASP-15577,3,Nb,19.87761,0.2931309,19.584478
JVASP-15577,4,Sn,312.48752,7.491189,304.99634
JVASP-15577,5,Sn,312.48752,7.491193,304.99634
JVASP-15577,6,C,2.379271,56.58959,58.968857
JVASP-15577,7,C,2.379271,56.589592,58.96886
JVASP-36854,0,Ni,7.954402,58.94721,66.90161
JVASP-36854,1,Au,307.76144,22.745846,285.01556
JVASP-36854,2,O,52.427067,20.17758,32.24948
JVASP-36854,3,O,52.427067,20.17758,32.249485
JVASP-36838,0,Ni,7.748966,58.786816,66.535774
JVASP-36838,1,Ni,7.748966,58.786808,66.535774
JVASP-36838,2,Au,310.05478,22.691221,287.36356
JVASP-36838,3,Au,310.05478,22.691221,287.36356
JVASP-36838,4,O,53.12331,20.33222,32.79109
JVASP-36838,5,O,53.12331,20.332216,32.791092
JVASP-36838,6,O,53.12331,20.332218,32.791092
JVASP-36838,7,O,53.12331,20.332218,32.791092
JVASP-17628,0,Dy,307.2603,41.858288,265.40204
JVASP-17628,1,Co,32.969303,50.795788,31.711744
JVASP-17628,2,Co,32.969242,50.796257,31.71156
JVASP-17628,3,Co,32.969303,50.795784,31.711744
JVASP-17628,4,B,8.847557,10.29461,1.447053
JVASP-17628,5,B,8.847557,10.29461,1.447053
JVASP-15522,0,Dy,221.84538,21.317022,200.52838
JVASP-15522,1,Dy,221.84538,21.317022,200.52838
JVASP-15522,2,Co,21.565308,1.4475783,20.11773
JVASP-15522,3,Co,21.565308,1.4475791,20.117727
JVASP-15522,4,Co,21.565308,1.4475801,20.117727
JVASP-15522,5,Co,21.565308,1.4475794,20.117727
JVASP-15522,6,B,13.942495,1.4092116,15.351707
JVASP-15522,7,B,13.942495,1.4092104,15.3517065
JVASP-15522,8,B,13.942495,1.4092112,15.3517065
JVASP-15522,9,B,13.942495,1.40921,15.351705
JVASP-15129,0,U,304.10333,8.119175,295.98416
JVASP-15129,1,U,304.10333,8.119177,295.98416
JVASP-15129,2,Te,9.584854,23.39905,13.814197
JVASP-15129,3,Te,9.584854,23.399052,13.814198
JVASP-15129,4,O,3.2251616,90.17896,86.953804
JVASP-15129,5,O,3.2251616,90.17898,86.95382
JVASP-16794,0,U,58.856342,15.558155,43.298187
JVASP-16794,1,U,58.856342,15.558154,43.298187
JVASP-16794,2,U,58.856342,15.558153,43.298187
JVASP-16794,3,U,58.856342,15.558154,43.298187
JVASP-16794,4,Te,11.646508,8.954894,2.6916137
JVASP-16794,5,Te,11.646508,8.954895,2.6916125
JVASP-16794,6,O,3.5640075,54.255013,50.691006
JVASP-16794,7,O,3.5640075,54.255016,50.691006
JVASP-16794,8,O,3.5640075,54.255024,50.691017
JVASP-16794,9,O,3.5640075,54.255013,50.691006
JVASP-18848,0,Dy,6.1482196,23.498365,17.350145
JVASP-18848,1,Dy,6.1482196,23.49836,17.35014
JVASP-18848,2,Sn,103.535034,60.032955,43.50208
JVASP-18848,3,Sn,103.535034,60.032955,43.502083
JVASP-18848,4,Au,81.28264,53.66775,27.61489
JVASP-18848,5,Au,81.28264,53.66775,27.614887
JVASP-63436,0,Dy,15.2431755,10.272238,25.515413
JVASP-63436,1,Dy,15.2431755,10.272236,25.51541
JVASP-63436,2,Sn,12.89289,148.63954,135.74666
JVASP-63436,3,Sn,12.89289,148.63956,135.74667
JVASP-63436,4,Au,301.92776,98.98826,202.93953
JVASP-63436,5,Au,301.92776,98.98824,202.93953
JVASP-35385,0,Rb,17.638777,18.982977,1.3441995
JVASP-35385,1,Rb,17.638777,18.982977,1.3441995
JVASP-35385,2,Np,299.55136,27.07527,272.47607
JVASP-35385,3,O,16.499763,25.067303,8.56754
JVASP-35385,4,O,16.499763,25.067307,8.567545
JVASP-35385,5,O,36.973648,12.003011,37.51402
JVASP-35385,6,O,36.973648,12.003007,37.51402
JVASP-38305,0,Rb,0.0,0.0,0.0
JVASP-38305,1,Np,0.0,0.0,0.0
JVASP-38305,2,O,14.016797,43.247726,57.264526
JVASP-38305,3,O,14.016796,43.247726,57.264526
JVASP-38305,4,O,14.016797,43.247726,57.264526
JVASP-17380,0,Ba,109.074554,14.972267,124.04682
JVASP-17380,1,Ba,109.074554,14.972271,124.04682
JVASP-17380,2,Cu,129.06361,79.409935,49.653683
JVASP-17380,3,Cu,129.06361,79.40994,49.65367
JVASP-17380,4,P,40.180614,5.406277,45.58689
JVASP-17380,5,P,40.180614,5.4062777,45.58689
JVASP-65381,0,Ba,294.5683,23.62898,270.9393
JVASP-65381,1,Cu,29.79641,70.96042,100.75683
JVASP-65381,2,P,14.726333,3.9902337,18.716566
JVASP-65381,3,P,14.726333,3.9902344,18.716566
JVASP-17430,0,Cu,11.173378,9.640396,1.5331396
JVASP-17430,1,Cu,11.1726465,9.6404,1.532398
JVASP-17430,2,Zn,2.4548993,7.8826942,10.337593
JVASP-17430,3,Se,299.17352,30.863745,323.68433
JVASP-17430,4,Se,299.1734,30.863678,323.6846
JVASP-17430,5,Se,299.17325,30.863693,323.68457
JVASP-17430,6,Se,299.17316,30.863619,323.68478
JVASP-17430,7,Sn,13.340508,4.704558,8.635951
JVASP-17907,0,Zn,2.4548993,7.8826904,10.337589
JVASP-17907,1,Cu,11.173378,9.640395,1.5331405
JVASP-17907,2,Cu,11.1726465,9.640398,1.5323994
JVASP-17907,3,Sn,13.340508,4.70456,8.635949
JVASP-17907,4,Se,299.17352,30.863747,323.68433
JVASP-17907,5,Se,299.1734,30.863678,323.6846
JVASP-17907,6,Se,299.17325,30.863693,323.68457
JVASP-17907,7,Se,299.17316,30.863623,323.68478
JVASP-36752,0,Cu,91.795784,123.74719,43.743183
JVASP-36752,1,Pt,200.73184,84.88587,117.0098
JVASP-36752,2,O,59.789608,58.638477,6.6014614
JVASP-36752,3,O,59.789608,58.638477,6.601457
JVASP-36839,0,Cu,33.009647,93.166084,118.21939
JVASP-36839,1,Cu,33.009647,93.166084,118.21939
JVASP-36839,2,Pt,301.8072,129.65277,177.3166
JVASP-36839,3,Pt,301.8072,129.65277,177.3166
JVASP-36839,4,O,44.818832,45.928272,25.115845
JVASP-36839,5,O,44.818832,45.928272,25.115845
JVASP-36839,6,O,44.818832,45.928272,25.115845
JVASP-36839,7,O,44.818832,45.92827,25.115845
JVASP-64973,0,Be,9.0010605,1.2200056,10.221066
JVASP-64973,1,Be,4.430316,20.717268,16.286959
JVASP-64973,2,Mn,25.322824,4.909956,20.41287
JVASP-64973,3,Sn,73.37773,9.956065,83.3338
JVASP-66791,0,Mn,34.973816,71.3006,36.326782
JVASP-66791,1,Be,0.3821204,29.40859,29.02647
JVASP-66791,2,Be,0.3821204,29.408588,29.026468
JVASP-66791,3,Sn,285.41946,55.134926,230.28452
JVASP-65390,0,Ba,281.17285,25.584547,255.58829
JVASP-65390,1,Hf,255.31522,78.56588,176.74934
JVASP-65390,2,Ni,36.085884,2.7382843,38.82417
JVASP-65390,3,Ni,36.085884,2.738287,38.824173
JVASP-65488,0,Ba,279.09567,22.434767,256.6609
JVASP-65488,1,Hf,58.885735,29.281473,29.604263
JVASP-65488,2,Hf,226.74437,44.330944,182.41342
JVASP-65488,3,Ni,44.386387,38.827766,83.21416
JVASP-49808,0,Lu,277.5615,41.953255,235.60825
JVASP-49808,1,Lu,277.5615,41.95325,235.60825
JVASP-49808,2,Al,4.079217,19.239527,15.160311
JVASP-49808,3,Al,4.079217,19.239529,15.160313
JVASP-49808,4,O,33.61573,64.92076,65.50109
JVASP-49808,5,O,33.61573,64.92076,65.50109
JVASP-49808,6,O,33.61611,64.92078,65.50048
JVASP-49808,7,O,33.61611,64.92078,65.50048
JVASP-49808,8,O,33.61573,64.92076,65.50109
JVASP-49808,9,O,33.61573,64.92076,65.50109
JVASP-50117,0,Lu,229.1767,167.45256,61.724148
JVASP-50117,1,Lu,229.1767,167.45256,61.724148
JVASP-50117,2,Al,45.783413,115.32681,69.5434
JVASP-50117,3,Al,45.783413,115.32681,69.5434
JVASP-50117,4,O,22.22912,31.323345,53.552464
JVASP-50117,5,O,22.22912,31.323347,53.552464
JVASP-50117,6,O,92.12653,83.982956,8.143582
JVASP-50117,7,O,92.12653,83.982956,8.143582
JVASP-50117,8,O,22.22912,31.323345,53.552464
JVASP-50117,9,O,22.22912,31.323345,53.552464
JVASP-3291,0,O,5.8460903,29.773922,23.927832
JVASP-3291,1,O,5.8460903,29.773914,23.927824
JVASP-3291,2,F,11.8975315,22.302265,10.404735
JVASP-3291,3,F,11.8975315,22.302263,10.404732
JVASP-3291,4,Tb,27.150534,15.253015,11.897521
JVASP-3291,5,Tb,27.150534,15.253014,11.897523
JVASP-51421,0,Tb,284.105,119.84923,175.50862
JVASP-51421,1,Tb,284.105,119.84922,175.50862
JVASP-51421,2,O,41.17925,77.93773,41.22434
JVASP-51421,3,O,41.17925,77.93773,41.22434
JVASP-51421,4,F,41.62941,68.31898,106.39447
JVASP-51421,5,F,41.62941,68.318985,106.39447
JVASP-52944,0,Li,0.6700672,10.141317,10.078697
JVASP-52944,1,Li,0.6731707,12.225427,12.269163
JVASP-52944,2,Li,0.6709521,9.853387,9.78644
JVASP-52944,3,Li,0.67155194,10.082072,9.912145
JVASP-52944,4,Mo,273.75867,3.684344,277.4076
JVASP-52944,5,O,46.598392,38.868816,58.77297
JVASP-52944,6,O,46.59872,38.665108,59.330887
JVASP-52944,7,O,46.600155,39.026463,58.874615
JVASP-52944,8,O,46.603317,39.925095,59.69884
JVASP-52944,9,O,49.164936,51.595448,2.7819903
JVASP-7895,0,Li,0.13349408,23.367723,23.501215
JVASP-7895,1,O,4.577669,15.072398,10.494729
JVASP-7895,2,O,4.5790052,15.071292,10.492287
JVASP-7895,3,Mo,41.003334,53.99768,12.994353
JVASP-36531,0,Hf,180.34613,47.88285,132.46329
JVASP-36531,1,Zn,78.50247,60.525787,17.976685
JVASP-36531,2,N,42.34433,28.29965,14.044681
JVASP-36531,3,N,13.652231,4.2612276,9.391004
JVASP-36532,0,Hf,147.87285,13.119359,144.64047
JVASP-36532,1,Hf,147.87285,13.119362,144.64047
JVASP-36532,2,Hf,147.87285,13.119362,144.64047
JVASP-36532,3,Hf,147.87285,13.119358,144.64047
JVASP-36532,4,Hf,275.90625,38.367138,243.39313
JVASP-36532,5,Hf,275.90625,38.367146,243.39313
JVASP-36532,6,Zn,77.79196,38.84161,44.137627
JVASP-36532,7,Zn,77.79196,38.84161,44.137627
JVASP-36532,8,N,4.955226,32.029587,34.923443
JVASP-36532,9,N,4.955226,32.029587,34.923443
JVASP-37864,0,Dy,256.9825,95.93443,161.04807
JVASP-37864,1,Dy,256.9829,95.93443,161.04846
JVASP-37864,2,O,271.3063,93.50823,354.86743
JVASP-37864,3,O,271.30548,93.50849,354.86707
JVASP-37864,4,O,271.3063,93.50823,354.86743
JVASP-37864,5,O,271.3063,93.508224,354.8674
JVASP-37864,6,O,271.3058,93.5085,354.86725
JVASP-37864,7,O,271.3063,93.50822,354.8674
JVASP-7767,0,Dy,166.6939,39.20115,127.492744
JVASP-7767,1,Dy,166.6939,39.20115,127.492744
JVASP-7767,2,O,5.700371,18.630531,24.330902
JVASP-7767,3,O,5.700371,18.630527,24.330896
JVASP-7767,4,O,24.080933,0.2908352,24.371769
JVASP-15765,0,Sm,0.0,0.0,0.0
JVASP-15765,1,Rh,46.86282,45.68764,1.1751785
JVASP-15765,2,Rh,46.86282,45.68764,1.1751785
JVASP-15765,3,Rh,46.86282,45.68766,1.1751606
JVASP-15765,4,C,0.0,0.0,0.0
JVASP-16102,0,C,54.357178,85.28272,31.700487
JVASP-16102,1,C,54.357357,85.282715,31.700184
JVASP-16102,2,Rh,266.1166,109.63994,170.82158
JVASP-16102,3,Sm,29.641874,46.783413,36.356937
JVASP-81715,0,Li,0.3637994,29.758944,30.08955
JVASP-81715,1,Li,0.3637994,29.758942,30.089548
JVASP-81715,2,Li,0.3637994,29.758944,30.08955
JVASP-81715,3,Li,0.3637994,29.758944,30.08955
JVASP-81715,4,Ca,43.544502,13.6192045,53.243034
JVASP-81715,5,Ca,43.544502,13.6192045,53.24304
JVASP-81715,6,Tl,275.71866,34.110794,256.22253
JVASP-81715,7,Tl,275.71866,34.110798,256.22253
JVASP-82027,0,Li,0.12588884,68.94102,69.037796
JVASP-82027,1,Li,0.12588884,68.941025,69.0378
JVASP-82027,2,Ca,14.00553,25.352272,11.727588
JVASP-82027,3,Ca,14.00553,25.352268,11.727585
JVASP-82027,4,Tl,257.84912,72.13195,190.85922
JVASP-82027,5,Tl,257.84912,72.131966,190.85922
JVASP-82027,6,Tl,257.84912,72.13195,190.85922
JVASP-82027,7,Tl,257.84912,72.13195,190.85922
JVASP-21948,0,F,265.0899,156.12462,112.49403
JVASP-21948,1,F,265.094,156.12451,112.49841
JVASP-21948,2,F,236.52942,220.5735,34.5854
JVASP-21948,3,F,236.52904,220.57336,34.584362
JVASP-21948,4,F,236.52943,220.57352,34.585476
JVASP-21948,5,F,236.52911,220.5734,34.58406
JVASP-21948,6,F,265.09308,156.12454,112.49737
JVASP-21948,7,F,265.09036,156.12462,112.4943
JVASP-21948,8,Ir,125.76788,17.54027,136.80153
JVASP-21948,9,Ir,125.76881,17.540264,136.80241
JVASP-8001,0,F,251.40573,160.25157,96.14254
JVASP-8001,1,F,251.40607,160.25157,96.1428
JVASP-8001,2,F,251.4071,160.2516,96.14381
JVASP-8001,3,F,251.40607,160.25157,96.1428
JVASP-8001,4,F,251.40573,160.25157,96.14254
JVASP-8001,5,F,251.4071,160.2516,96.1438
JVASP-8001,6,Ir,35.471172,0.3836868,35.85486
JVASP-8001,7,Ir,35.471172,0.38368875,35.85486
JVASP-77067,0,Mn,60.004875,9.908,50.096878
JVASP-77067,1,Cu,52.50181,10.765956,63.267765
JVASP-77067,2,Rh,258.606,21.817015,280.42303
JVASP-77067,3,Rh,258.606,21.817015,280.42303
JVASP-81528,0,Mn,60.49771,10.240231,50.25748
JVASP-81528,1,Cu,52.340454,10.218857,62.559307
JVASP-81528,2,Rh,258.06363,21.522884,279.58652
JVASP-81528,3,Rh,258.06363,21.522886,279.58652
JVASP-17821,0,Li,0.86835515,33.4971,34.361362
JVASP-17821,1,Li,0.86835515,33.4971,34.36136
JVASP-17821,2,Sn,257.33774,29.286156,228.18697
JVASP-17821,3,Sn,257.33774,29.286154,228.18697
JVASP-17821,4,Sn,122.811676,51.79978,140.99382
JVASP-17821,5,Sn,122.811676,51.79978,140.99382
JVASP-17821,6,Ce,20.406954,17.934305,38.341248
JVASP-17821,7,Ce,20.406954,17.934303,38.34124
JVASP-14196,0,Li,0.8679965,33.47806,34.34186
JVASP-14196,1,Li,0.8679965,33.478065,34.34186
JVASP-14196,2,Sn,257.37305,29.247175,228.25813
JVASP-14196,3,Sn,257.37305,29.247177,228.25813
JVASP-14196,4,Sn,122.81932,51.800446,140.95807
JVASP-14196,5,Sn,122.81932,51.800453,140.95808
JVASP-14196,6,Ce,20.331297,17.927362,38.258625
JVASP-14196,7,Ce,20.331297,17.927364,38.258625
JVASP-37880,0,Be,3.6726358,21.869488,23.768843
JVASP-37880,1,Be,3.6726358,21.869488,23.768843
JVASP-37880,2,Be,3.6685584,21.869595,23.766901
JVASP-37880,3,Be,3.6726358,21.869486,23.768843
JVASP-37880,4,Be,3.6726358,21.869488,23.768845
JVASP-37880,5,Be,3.6677625,21.869595,23.766294
JVASP-37880,6,Ru,11.060672,9.133677,20.19435
JVASP-37880,7,Ru,11.060672,9.133671,20.194342
JVASP-79966,0,Be,3.4472523,18.467642,15.020393
JVASP-79966,1,Be,3.4472523,18.467636,15.020387
JVASP-79966,2,Be,7.54688,41.229416,48.77629
JVASP-79966,3,Ru,255.76837,12.031374,267.79974
JVASP-33845,0,Sm,254.13538,6.3862925,247.74908
JVASP-33845,1,Sm,254.13579,6.3865204,247.74927
JVASP-33845,2,Cl,50.482536,60.208717,13.964538
JVASP-33845,3,Cl,50.481598,60.209213,13.966201
JVASP-33845,4,Cl,50.481598,60.209564,13.966604
JVASP-33845,5,Cl,50.482536,60.2087,13.964337
JVASP-33845,6,Cl,50.48157,60.20843,13.965145
JVASP-33845,7,Cl,50.481598,60.209415,13.966345
JVASP-40247,0,Sm,74.03739,40.201443,113.80368
JVASP-40247,1,Sm,74.03739,40.201443,113.80369
JVASP-40247,2,Cl,61.196686,147.02763,89.01321
JVASP-40247,3,Cl,61.196686,147.02763,89.01321
JVASP-40247,4,Cl,61.196686,147.02763,89.0132
JVASP-40247,5,Cl,61.196686,147.02763,89.0132
JVASP-18168,0,Dy,66.691,50.344013,31.700623
JVASP-18168,1,Dy,66.689964,50.342316,31.699827
JVASP-18168,2,Dy,66.691,50.344017,31.700624
JVASP-18168,3,In,72.55839,69.94076,30.92754
JVASP-18168,4,In,72.55529,69.94143,30.9244
JVASP-18168,5,In,72.55529,69.94143,30.9244
JVASP-18168,6,Au,252.55096,98.07611,154.47485
JVASP-18168,7,Au,252.55096,98.07611,154.47485
JVASP-18168,8,Au,170.10605,27.186205,197.29225
JVASP-12394,0,Dy,117.59692,131.87965,28.295942
JVASP-12394,1,Dy,117.59692,131.87967,28.295948
JVASP-12394,2,Dy,117.59692,131.87965,28.295937
JVASP-12394,3,Dy,117.59692,131.87965,28.295948
JVASP-12394,4,In,73.73373,94.808754,21.075024
JVASP-12394,5,In,73.73373,94.808754,21.075022
JVASP-12394,6,Au,247.63275,81.80966,182.99693
JVASP-12394,7,Au,247.63275,81.809654,182.99693
JVASP-12394,8,Au,247.63275,81.809654,182.99693
JVASP-12394,9,Au,247.63275,81.809654,182.99693
JVASP-36971,0,Tl,0.014696939,0.010036784,0.019191576
JVASP-36971,1,Ag,0.0076594166,0.4504273,0.45574084
JVASP-36971,2,Cl,251.04225,143.71132,107.33091
JVASP-36971,3,Cl,251.03085,143.70543,107.325424
JVASP-36971,4,Cl,251.04996,143.71115,107.33881
JVASP-36990,0,Tl,24.725859,3.4213965,21.304462
JVASP-36990,1,Tl,24.725859,3.4213994,21.30446
JVASP-36990,2,Ag,0.87523025,3.6384363,2.763207
JVASP-36990,3,Ag,0.87523025,3.6384337,2.7632043
JVASP-36990,4,Cl,248.86302,147.89062,101.2448
JVASP-36990,5,Cl,248.86304,147.89064,101.24475
JVASP-36990,6,Cl,248.86343,147.89061,101.2452
JVASP-36990,7,Cl,248.86351,147.89064,101.245285
JVASP-36990,8,Cl,248.8637,147.89062,101.24545
JVASP-36990,9,Cl,248.86314,147.89062,101.244934
JVASP-66931,0,Ca,55.71528,89.292404,33.57713
JVASP-66931,1,Ca,55.71528,89.2924,33.57712
JVASP-66931,2,Be,5.0647283,30.91984,35.98457
JVASP-66931,3,Be,5.0647283,30.919828,35.98456
JVASP-66931,4,Pt,216.13562,78.20577,137.92986
JVASP-66931,5,Pt,216.13562,78.205765,137.92986
JVASP-68049,0,Ca,36.303886,56.82259,20.518703
JVASP-68049,1,Be,8.963911,49.163326,40.19942
JVASP-68049,2,Pt,247.60667,71.20088,176.40579
JVASP-35532,0,Th,154.482,15.96484,139.5746
JVASP-35532,1,Th,154.482,15.964841,139.5746
JVASP-35532,2,Fe,31.003521,6.3261294,36.807613
JVASP-35532,3,Fe,31.003521,6.326127,36.80761
JVASP-35532,4,Si,49.115128,58.24399,30.173193
JVASP-35532,5,Si,49.115128,58.244,30.173191
JVASP-35532,6,C,37.902397,32.47555,17.832645
JVASP-56302,0,Th,245.44473,20.77713,259.6979
JVASP-56302,1,Th,245.44473,20.777124,259.6979
JVASP-56302,2,Fe,19.143051,20.616804,27.320686
JVASP-56302,3,Fe,19.143051,20.6168,27.320684
JVASP-56302,4,Fe,19.143051,20.6168,27.320684
JVASP-56302,5,Fe,19.143051,20.6168,27.320684
JVASP-56302,6,Si,16.674553,23.762651,19.66694
JVASP-56302,7,Si,16.674553,23.76265,19.666939
JVASP-56302,8,C,36.93539,25.44909,17.315205
JVASP-56302,9,C,36.93539,25.44909,17.315203
JVASP-36450,0,Sr,184.54701,38.743008,145.804
JVASP-36450,1,Sr,184.54701,38.743004,145.80402
JVASP-36450,2,Sr,184.54701,38.743004,145.804
JVASP-36450,3,Bi,0.0,0.0,0.0
JVASP-36450,4,N,0.0,0.0,0.0
JVASP-22653,0,Sr,243.06206,152.0011,91.06096
JVASP-22653,1,Sr,243.06206,152.00111,91.060936
JVASP-22653,2,Sr,243.06206,152.00111,91.060936
JVASP-22653,3,Bi,0.0,0.0,0.0
JVASP-22653,4,N,0.0,0.0,0.0
JVASP-15030,0,Ir,267.2198,74.28158,197.80028
JVASP-15030,1,Ir,267.2198,74.28158,197.80028
JVASP-15030,2,O,119.5295,89.89289,29.708694
JVASP-15030,3,O,119.5295,89.8929,29.708689
JVASP-15030,4,O,119.5295,89.8929,29.708689
JVASP-15030,5,O,119.5295,89.8929,29.708687
JVASP-35217,0,Ir,0.0,0.0,0.0
JVASP-35217,1,O,162.83228,71.986176,234.81845
JVASP-35217,2,O,162.83228,71.98617,234.81844
JVASP-35217,3,O,162.83228,71.986176,234.81844
JVASP-36917,0,Ba,0.78704894,4.5026784,5.2374344
JVASP-36917,1,Zr,2.9172492,7.436416,7.6344953
JVASP-36917,2,Se,4.9854136,125.12989,123.956314
JVASP-36917,3,Se,9.0391245,125.283875,116.66313
JVASP-36917,4,Se,4.954968,124.86885,126.65638
JVASP-65636,0,Ba,3.8269196,17.68498,21.5119
JVASP-65636,1,Zr,19.74697,13.6870165,6.0599537
JVASP-65636,2,Se,239.57642,5.9725094,233.60391
JVASP-65636,3,Se,232.01567,0.6013757,232.61705
JVASP-35368,0,U,238.95018,17.491201,221.45897
JVASP-35368,1,Tl,56.916344,22.51455,34.401794
JVASP-35368,2,Tl,56.916344,22.51455,34.401794
JVASP-35368,3,O,2.5858448,25.468397,28.054243
JVASP-35368,4,O,2.5858448,25.468397,28.054243
JVASP-35368,5,O,25.175959,55.981083,66.37517
JVASP-35368,6,O,25.175959,55.98108,66.37516
JVASP-41478,0,U,0.0,0.0,0.0
JVASP-41478,1,Tl,0.0,0.0,0.0
JVASP-41478,2,O,0.6221704,68.38132,67.75915
JVASP-41478,3,O,0.6221704,68.38132,67.759155
JVASP-41478,4,O,0.6221704,68.38132,67.75915
JVASP-4471,0,F,237.69911,154.24594,86.710106
JVASP-4471,1,F,237.69917,154.24594,86.710175
JVASP-4471,2,F,237.69911,154.24594,86.71002
JVASP-4471,3,F,237.69917,154.24594,86.71019
JVASP-4471,4,F,237.69911,154.24594,86.710106
JVASP-4471,5,F,237.69911,154.24594,86.71002
JVASP-4471,6,P,1.3262799,9.404036,10.730315
JVASP-4471,7,K,3.330253,24.366966,27.69722
JVASP-53552,0,K,15.237052,8.198401,23.435453
JVASP-53552,1,P,1.1377883,26.667597,25.529808
JVASP-53552,2,F,230.08167,181.08781,49.315224
JVASP-53552,3,F,230.08423,181.08783,49.317616
JVASP-53552,4,F,230.08337,181.08784,49.316833
JVASP-53552,5,F,230.08337,181.08784,49.316826
JVASP-53552,6,F,230.08423,181.08783,49.317623
JVASP-53552,7,F,230.08167,181.08781,49.315224
JVASP-14201,0,Ta,114.10254,10.532674,124.63521
JVASP-14201,1,Ta,114.10254,10.532672,124.63521
JVASP-14201,2,Ta,114.10254,10.532674,124.635216
JVASP-14201,3,Ta,114.10254,10.532672,124.63521
JVASP-14201,4,In,236.37822,3.7917986,232.58641
JVASP-14201,5,In,236.37822,3.7917984,232.58641
JVASP-14201,6,C,2.4674525,16.300257,13.832804
JVASP-14201,7,C,2.4674525,16.300251,13.8328
JVASP-18160,0,Ta,114.10254,10.532675,124.63521
JVASP-18160,1,Ta,114.10254,10.532671,124.63521
JVASP-18160,2,Ta,114.10254,10.532673,124.63521
JVASP-18160,3,Ta,114.10254,10.532671,124.63521
JVASP-18160,4,In,236.37822,3.791797,232.58641
JVASP-18160,5,In,236.37822,3.7917962,232.58641
JVASP-18160,6,C,2.4674525,16.30025,13.832797
JVASP-18160,7,C,2.4674525,16.300253,13.832801
JVASP-35460,0,Pr,10.194777,3.0139256,7.1808515
JVASP-35460,1,In,240.89293,70.65068,170.75386
JVASP-35460,2,In,240.89293,70.65068,170.75386
JVASP-35460,3,In,240.89293,70.65067,170.75386
JVASP-35460,4,In,240.89293,70.65067,170.75386
JVASP-35460,5,In,101.509315,14.813028,86.69628
JVASP-35460,6,Rh,2.4111145,3.6295211,6.0406356
JVASP-17587,0,Pr,49.522606,26.474451,66.41345
JVASP-17587,1,Pr,49.521076,26.47383,66.41076
JVASP-17587,2,Pr,49.522606,26.474451,66.413445
JVASP-17587,3,In,28.072464,11.26087,22.6692
JVASP-17587,4,In,28.072056,11.260947,22.66926
JVASP-17587,5,In,28.072056,11.260944,22.669262
JVASP-17587,6,Rh,124.731285,19.332159,105.39913
JVASP-17587,7,Rh,35.180798,10.671163,45.851963
JVASP-17587,8,Rh,124.731285,19.332159,105.39913
JVASP-77196,0,Ba,233.6037,1.3480314,234.9516
JVASP-77196,1,Ba,233.6037,1.3480314,234.9516
JVASP-77196,2,Ba,233.6037,1.3480314,234.9516
JVASP-77196,3,Ba,233.6037,1.3480314,234.9516
JVASP-77196,4,Zn,78.18743,1.0564209,77.13385
JVASP-77196,5,Zn,78.18743,1.0564209,77.13385
JVASP-77196,6,Ag,18.723124,6.8639727,11.981885
JVASP-77196,7,Ag,18.723124,6.8639727,11.981885
JVASP-81740,0,Ba,148.20558,17.431805,130.96967
JVASP-81740,1,Ba,148.20558,17.431805,130.96967
JVASP-81740,2,Ba,148.20558,17.431803,130.96968
JVASP-81740,3,Ba,148.20558,17.431805,130.96967
JVASP-81740,4,Zn,27.796785,16.951439,44.747875
JVASP-81740,5,Zn,27.796785,16.951439,44.74787
JVASP-81740,6,Ag,78.232216,23.212564,99.93429
JVASP-81740,7,Ag,78.232216,23.212564,99.93428
JVASP-35851,0,Ce,31.457571,23.100151,54.557724
JVASP-35851,1,Ce,31.457571,23.100151,54.557724
JVASP-35851,2,Sb,225.68536,35.719296,261.4047
JVASP-35851,3,Sb,225.68536,35.719296,261.40466
JVASP-35851,4,Au,230.46758,60.51089,169.9567
JVASP-35851,5,Au,230.46758,60.51089,169.9567
JVASP-63353,0,Ce,31.003191,23.168434,54.171623
JVASP-63353,1,Ce,31.003191,23.168434,54.171623
JVASP-63353,2,Sb,225.7956,35.51116,261.30676
JVASP-63353,3,Sb,225.7956,35.51116,261.30676
JVASP-63353,4,Au,230.53006,60.872066,169.65799
JVASP-63353,5,Au,230.53006,60.872063,169.65799
JVASP-12056,0,Ni,68.891495,60.438713,98.1584
JVASP-12056,1,Te,240.3375,52.557896,206.11053
JVASP-12056,2,O,165.19794,42.76741,134.19337
JVASP-12056,3,O,137.79314,54.1588,89.613106
JVASP-12056,4,O,165.19794,42.767414,134.19337
JVASP-12056,5,O,137.79314,54.158794,89.613106
JVASP-12261,0,O,139.60622,86.959435,70.81731
JVASP-12261,1,O,139.60606,86.959435,70.81733
JVASP-12261,2,O,139.60582,86.959435,70.81674
JVASP-12261,3,O,109.2616,79.307236,68.50386
JVASP-12261,4,O,109.26112,79.307236,68.50374
JVASP-12261,5,O,109.26147,79.30724,68.50435
JVASP-12261,6,Ni,5.532271,28.57659,34.108852
JVASP-12261,7,Ni,1.2713985,6.149458,7.4208283
JVASP-12261,8,Ni,6.043884,32.116837,38.160717
JVASP-12261,9,Te,17.712574,9.088863,8.623711
JVASP-66856,0,Be,2.385803,19.065466,16.679665
JVASP-66856,1,Be,2.385803,19.065466,16.679663
JVASP-66856,2,Pb,187.74278,23.630018,164.11276
JVASP-66856,3,Cl,4.422146,28.53732,32.95946
JVASP-67575,0,Be,8.19395,58.48076,50.75848
JVASP-67575,1,Be,8.19395,58.480755,50.758476
JVASP-67575,2,Pb,228.60843,41.463146,270.07156
JVASP-67575,3,Cl,10.879817,6.069383,16.9492
JVASP-15791,0,Zn,23.435453,54.19134,30.755886
JVASP-15791,1,Zn,23.435453,54.19134,30.755888
JVASP-15791,2,Ge,82.121216,69.96773,12.153489
JVASP-15791,3,Ge,82.121216,69.96773,12.153496
JVASP-15791,4,Sr,22.008848,30.760399,8.75155
JVASP-80994,0,Sr,174.73341,28.090818,202.71983
JVASP-80994,1,Sr,174.73341,28.090818,202.71983
JVASP-80994,2,Sr,174.73341,28.090818,202.71983
JVASP-80994,3,Sr,174.73341,28.090818,202.71983
JVASP-80994,4,Zn,129.70026,7.9655743,121.73707
JVASP-80994,5,Zn,129.70026,7.9655743,121.73707
JVASP-80994,6,Ge,228.8674,21.225172,216.20132
JVASP-80994,7,Ge,228.8674,21.225172,216.20132
JVASP-49801,0,Ho,97.922035,1.7513145,96.170715
JVASP-49801,1,Ho,97.922035,1.7513143,96.170715
JVASP-49801,2,B,41.266552,16.061272,57.327827
JVASP-49801,3,B,41.266552,16.061268,57.327824
JVASP-49801,4,O,74.12203,134.26561,86.769165
JVASP-49801,5,O,74.12172,134.2656,86.76867
JVASP-49801,6,O,74.12203,134.26562,86.76917
JVASP-49801,7,O,74.12203,134.26561,86.769165
JVASP-49801,8,O,74.12172,134.2656,86.76867
JVASP-49801,9,O,74.12203,134.26562,86.76917
JVASP-52228,0,Ho,257.8027,11.799245,256.98383
JVASP-52228,1,Ho,257.84985,11.795373,257.0345
JVASP-52228,2,B,41.093155,46.814507,35.819206
JVASP-52228,3,B,41.09354,46.888927,36.47812
JVASP-52228,4,O,84.04267,71.20423,40.644043
JVASP-52228,5,O,84.0473,71.20617,40.644783
JVASP-52228,6,O,57.857224,52.3227,49.283512
JVASP-52228,7,O,84.034836,69.95873,44.68476
JVASP-52228,8,O,84.0354,69.95043,44.684994
JVASP-52228,9,O,57.860252,52.679146,49.315166
JVASP-17797,0,Zr,14.197243,45.977673,31.780432
JVASP-17797,1,Zr,14.197243,45.977665,31.780426
JVASP-17797,2,Zr,14.197243,45.977673,31.78043
JVASP-17797,3,In,0.0,0.0,0.0
JVASP-56545,0,Zr,20.018864,33.93956,53.958424
JVASP-56545,1,Zr,20.018864,33.93956,53.958424
JVASP-56545,2,In,61.896973,0.6895085,62.58648
JVASP-56545,3,In,61.896973,0.68950576,62.58648
JVASP-56545,4,In,223.98299,68.34205,155.64091
JVASP-56545,5,In,61.896973,0.68950665,62.58648
JVASP-56545,6,In,61.896973,0.68950856,62.58648
JVASP-56545,7,In,223.98299,68.34205,155.64091
JVASP-38911,0,Pr,78.52982,37.32979,41.200035
JVASP-38911,1,Pr,78.52982,37.32979,41.200035
JVASP-38911,2,Ge,12.40095,28.649801,41.050755
JVASP-38911,3,Ge,12.40095,28.649801,41.050755
JVASP-38911,4,Ru,52.597893,23.832827,28.765066
JVASP-38911,5,Ru,52.597893,23.832829,28.765064
JVASP-56265,0,Pr,222.62923,90.03272,132.59651
JVASP-56265,1,Pr,222.62923,90.03271,132.59651
JVASP-56265,2,Ge,93.22513,80.32903,12.896093
JVASP-56265,3,Ge,93.22513,80.32903,12.896093
JVASP-56265,4,Ge,93.22513,80.32904,12.896087
JVASP-56265,5,Ge,93.22513,80.32904,12.896087
JVASP-56265,6,Ru,60.9678,45.459198,15.5086
JVASP-56265,7,Ru,60.9678,45.459198,15.5086
JVASP-56265,8,Ru,60.9678,45.459194,15.508605
JVASP-56265,9,Ru,60.9678,45.459198,15.5086
JVASP-36475,0,Sr,219.79926,139.74245,80.0568
JVASP-36475,1,Sr,219.79926,139.74243,80.05681
JVASP-36475,2,Sr,219.79924,139.74243,80.05681
JVASP-36475,3,As,0.0,0.0,0.0
JVASP-36475,4,As,0.0,0.0,0.0
JVASP-17319,0,As,45.805553,29.987566,15.817985
JVASP-17319,1,As,45.805553,29.987564,15.817987
JVASP-17319,2,Sr,44.212605,2.698325,41.51428
JVASP-17319,3,Sr,44.212605,2.698323,41.51428
JVASP-17319,4,Sr,41.79464,31.294575,70.3256
JVASP-17319,5,Sr,41.79559,31.294594,70.32602
JVASP-29284,0,P,4.1505775,0.42588136,4.576459
JVASP-29284,1,P,4.8365464,1.5800003,3.2565463
JVASP-29284,2,S,242.12143,239.38536,114.29819
JVASP-29284,3,S,242.12057,239.38528,114.298515
JVASP-29284,4,S,242.12126,239.38536,114.298515
JVASP-29284,5,S,244.9641,238.20477,108.350624
JVASP-29284,6,S,244.96538,238.20483,108.35147
JVASP-29284,7,S,244.96556,238.20479,108.351364
JVASP-29284,8,Sn,13.952323,12.075007,1.8773185
JVASP-31166,0,P,4.1322002,0.3969849,4.529185
JVASP-31166,1,P,4.859939,1.5626178,3.297321
JVASP-31166,2,S,242.13472,239.3955,114.29542
JVASP-31166,3,S,242.13484,239.39546,114.29608
JVASP-31166,4,S,242.13565,239.39548,114.29613
JVASP-31166,5,S,244.97556,238.21275,108.35772
JVASP-31166,6,S,244.9757,238.2128,108.35758
JVASP-31166,7,S,244.97566,238.21278,108.35731
JVASP-31166,8,Sn,13.954586,12.057151,1.8974367
JVASP-14247,0,Li,1.259396,20.95708,20.294168
JVASP-14247,1,Li,1.259396,20.957079,20.294168
JVASP-14247,2,O,38.746,35.396763,28.832262
JVASP-14247,3,O,28.602365,20.576649,15.703205
JVASP-14247,4,O,28.602365,20.576649,15.703206
JVASP-14247,5,Pr,234.72633,19.76556,224.8394
JVASP-15578,0,Li,1.259396,20.957079,20.294167
JVASP-15578,1,Li,1.259396,20.95708,20.294168
JVASP-15578,2,O,38.746,35.396763,28.832262
JVASP-15578,3,O,28.602365,20.576649,15.703204
JVASP-15578,4,O,28.602365,20.576649,15.703205
JVASP-15578,5,Pr,234.72633,19.765558,224.8394
JVASP-8087,0,Rb,6.2070065,1.1471074,7.3541145
JVASP-8087,1,Rb,6.2070065,1.1471072,7.354114
JVASP-8087,2,Cu,217.0207,354.38077,142.5525
JVASP-8087,3,Cu,217.0207,354.38077,142.5525
JVASP-8087,4,C,77.287994,239.29076,162.33267
JVASP-8087,5,C,77.287994,239.29079,162.33272
JVASP-8087,6,C,77.287994,239.29079,162.33272
JVASP-8087,7,C,77.287994,239.29079,162.3327
JVASP-8102,0,Rb,107.648544,22.52312,130.17168
JVASP-8102,1,Cu,213.12112,197.23546,15.88565
JVASP-8102,2,C,75.3414,161.98409,86.642685
JVASP-8102,3,C,75.3414,161.98409,86.642685
JVASP-18021,0,Ce,20.788923,29.539742,11.392624
JVASP-18021,1,Ce,20.78907,29.539745,11.391711
JVASP-18021,2,Pt,222.42162,56.312855,166.59898
JVASP-18021,3,Pt,222.42162,56.312855,166.59898
JVASP-16485,0,Ce,0.0,0.0,0.0
JVASP-16485,1,Pt,107.2705,63.413883,43.85662
JVASP-16485,2,Pt,107.2705,63.413876,43.856625
JVASP-16485,3,Pt,107.2705,63.41389,43.85661
JVASP-8697,0,O,18.1604,21.206406,3.0460086
JVASP-8697,1,Br,30.510088,30.749516,61.259605
JVASP-8697,2,Br,30.510088,30.749517,61.259605
JVASP-8697,3,Rb,110.24559,17.83715,92.40843
JVASP-8697,4,Rb,110.24559,17.83715,92.40843
JVASP-8697,5,Rb,204.26784,23.775698,182.81367
JVASP-8697,6,Rb,204.26909,23.775677,182.81491
JVASP-8701,0,Rb,212.65001,69.276855,143.37315
JVASP-8701,1,Rb,212.65001,69.276855,143.37315
JVASP-8701,2,Rb,212.65001,69.276855,143.37315
JVASP-8701,3,Br,0.0,0.0,0.0
JVASP-8701,4,O,0.0,0.0,0.0
JVASP-16828,0,Pt,219.55707,53.825344,170.84143
JVASP-16828,1,Pt,219.55707,53.82534,170.84143
JVASP-16828,2,Th,64.46313,25.675077,39.811573
JVASP-16828,3,Th,64.46313,25.67508,39.811573
JVASP-41529,0,Th,207.28032,45.816162,253.09647
JVASP-41529,1,Th,207.28032,45.81616,253.09647
JVASP-41529,2,Pt,180.81625,47.807144,162.96815
JVASP-41529,3,Pt,180.81625,47.807144,162.96814
JVASP-41529,4,Pt,180.81607,47.805843,162.96773
JVASP-41529,5,Pt,180.81625,47.807144,162.96814
JVASP-41529,6,Pt,180.81625,47.807148,162.96814
JVASP-41529,7,Pt,180.81607,47.80585,162.96774
JVASP-4498,0,P,12.92295,22.744425,10.279467
JVASP-4498,1,P,12.92295,22.744421,10.279462
JVASP-4498,2,S,209.18999,161.63309,50.242672
JVASP-4498,3,S,209.18985,161.63301,50.24272
JVASP-4498,4,S,209.19565,163.6577,49.79258
JVASP-4498,5,S,209.19565,163.65771,49.792576
JVASP-4498,6,S,209.18999,161.63309,50.24267
JVASP-4498,7,S,209.18985,161.63301,50.24272
JVASP-4498,8,Fe,29.182041,10.413922,18.77483
JVASP-4498,9,Fe,29.182041,10.4139185,18.774832
JVASP-30172,0,Fe,33.703754,59.51476,25.811007
JVASP-30172,1,P,11.889824,17.650137,29.53996
JVASP-30172,2,P,11.889824,17.65014,29.539965
JVASP-30172,3,S,219.67873,152.03018,73.98393
JVASP-30172,4,S,219.67873,152.03018,73.983925
JVASP-30172,5,S,219.67732,152.0299,73.98262
JVASP-30172,6,S,219.67732,152.02992,73.98262
JVASP-30172,7,S,219.6778,152.03029,73.982666
JVASP-30172,8,S,219.6778,152.03029,73.98267
JVASP-18829,0,Si,10.36434,20.011644,30.375986
JVASP-18829,1,Si,10.364623,20.011475,30.376097
JVASP-18829,2,Ag,36.982162,20.63973,16.34243
JVASP-18829,3,Ag,36.982162,20.639734,16.342428
JVASP-18829,4,Nd,34.568306,3.8726842,30.695621
JVASP-31187,0,Nd,29.769873,8.134977,21.634895
JVASP-31187,1,Nd,29.769873,8.134979,21.634895
JVASP-31187,2,Si,10.97453,43.500977,54.475506
JVASP-31187,3,Si,10.97453,43.50098,54.47551
JVASP-31187,4,Ag,207.38971,72.211266,135.17845
JVASP-31187,5,Ag,207.38971,72.211266,135.17845
JVASP-51929,0,Hf,219.83284,36.0184,190.22855
JVASP-51929,1,Hf,219.83284,36.0184,190.22855
JVASP-51929,2,Hf,219.83284,36.0184,190.22852
JVASP-51929,3,Hf,219.83284,36.0184,190.22855
JVASP-51929,4,Ni,39.609474,22.700018,21.50602
JVASP-51929,5,Ni,39.609474,22.70002,21.506018
JVASP-51929,6,Ni,39.609474,22.70002,21.506018
JVASP-51929,7,Ni,39.609474,22.70002,21.506018
JVASP-51929,8,Sn,107.24601,43.335167,63.910847
JVASP-51929,9,Sn,107.24601,43.335167,63.910847
JVASP-78703,0,Hf,173.2667,8.531685,164.735
JVASP-78703,1,Ni,6.106578,22.469408,16.36283
JVASP-78703,2,Sn,193.67911,71.66135,122.01777
JVASP-35079,0,Sr,13.45668,18.440248,4.9835687
JVASP-35079,1,Sr,13.45668,18.44025,4.983571
JVASP-35079,2,Sn,4.396835,58.48366,62.880497
JVASP-35079,3,Sn,4.396835,58.48367,62.880505
JVASP-35079,4,Hg,203.47789,36.823242,166.65465
JVASP-35079,5,Hg,203.47789,36.823242,166.65465
JVASP-81754,0,Sr,11.211373,4.473855,14.65746
JVASP-81754,1,Sr,11.211373,4.4738555,14.657458
JVASP-81754,2,Sn,59.789967,7.902231,66.195076
JVASP-81754,3,Sn,59.789967,7.9022317,66.195076
JVASP-81754,4,Hg,20.882473,12.249178,8.983097
JVASP-81754,5,Hg,20.882473,12.249179,8.983097
JVASP-81754,6,Hg,20.882473,12.249177,8.983097
JVASP-81754,7,Hg,20.882473,12.249177,8.983096
JVASP-59583,0,O,153.6463,130.83691,22.845684
JVASP-59583,1,O,153.64603,130.83694,22.845335
JVASP-59583,2,O,153.64633,130.83691,22.845654
JVASP-59583,3,O,153.6463,130.83691,22.845676
JVASP-59583,4,O,153.64633,130.83691,22.845661
JVASP-59583,5,O,153.64603,130.83694,22.845331
JVASP-59583,6,Ni,12.858568,15.849069,28.707638
JVASP-59583,7,Ni,12.858568,15.849071,28.70764
JVASP-59583,8,Pr,84.337776,1.1793318,83.15844
JVASP-59583,9,Pr,84.337776,1.1793331,83.15844
JVASP-7859,0,O,12.804305,8.75405,21.558353
JVASP-7859,1,O,12.804305,8.75355,21.557854
JVASP-7859,2,O,101.801544,90.79103,23.59058
JVASP-7859,3,O,101.80056,90.79093,23.59039
JVASP-7859,4,Ni,64.13687,25.1438,38.99308
JVASP-7859,5,Pr,202.24724,6.1146626,196.13258
JVASP-7859,6,Pr,202.24724,6.1144786,196.13277
JVASP-20081,0,As,0.0,0.0,0.0
JVASP-20081,1,Tm,0.0076157735,7.5620694e-05,0.007682027
JVASP-37455,0,Tm,12.453207,17.931448,30.384655
JVASP-37455,1,Tm,12.453207,17.93145,30.384655
JVASP-37455,2,As,204.12444,47.43436,159.26895
JVASP-37455,3,As,204.12444,47.43436,159.26895
JVASP-37455,4,As,204.12453,47.43451,159.26892
JVASP-37455,5,As,204.12444,47.434357,159.26895
JVASP-37455,6,As,204.12444,47.434364,159.26894
JVASP-37455,7,As,204.12453,47.43451,159.26892
JVASP-21088,0,S,28.023565,30.097496,52.597363
JVASP-21088,1,S,28.023565,30.097494,52.597363
JVASP-21088,2,S,28.023565,30.097494,52.597366
JVASP-21088,3,S,28.023565,30.097494,52.597363
JVASP-21088,4,S,54.071198,17.149778,67.163086
JVASP-21088,5,S,54.071198,17.149778,67.16309
JVASP-21088,6,Ag,201.4527,88.836006,118.14662
JVASP-21088,7,Ag,201.4527,88.836006,118.14663
JVASP-21088,8,Ta,90.21306,14.768302,100.51008
JVASP-21088,9,Ta,90.21306,14.768302,100.51008
JVASP-57129,0,Ta,90.33464,14.767477,100.60734
JVASP-57129,1,Ta,90.33464,14.767329,100.60731
JVASP-57129,2,Ag,201.46799,88.833305,118.13381
JVASP-57129,3,Ag,201.46799,88.83332,118.134026
JVASP-57129,4,S,28.027765,30.111366,52.59261
JVASP-57129,5,S,28.006655,30.083347,52.58396
JVASP-57129,6,S,28.006655,30.083364,52.58402
JVASP-57129,7,S,54.08343,17.132751,67.15846
JVASP-57129,8,S,54.08343,17.132607,67.15842
JVASP-57129,9,S,28.027765,30.111374,52.592365
JVASP-46044,0,K,36.51866,38.352642,12.733493
JVASP-46044,1,K,36.51866,38.35264,12.733494
JVASP-46044,2,Nd,193.05777,78.63402,114.5642
JVASP-46044,3,Nd,193.14041,78.681435,114.59938
JVASP-46044,4,O,8.448375,6.063107,13.954925
JVASP-46044,5,O,8.444642,6.065971,13.952181
JVASP-46044,6,O,8.448375,6.0631065,13.954925
JVASP-46044,7,O,8.444642,6.065971,13.952181
JVASP-50936,0,K,31.433485,47.348686,15.915199
JVASP-50936,1,Nd,199.00023,92.94237,106.05786
JVASP-50936,2,O,9.174564,6.4992785,15.673842
JVASP-50936,3,O,9.174564,6.4992785,15.673842
JVASP-17876,0,U,108.35644,56.34639,52.01005
JVASP-17876,1,U,108.35644,56.34639,52.01005
JVASP-17876,2,Ge,196.75525,141.89676,54.858494
JVASP-17876,3,Ge,196.75525,141.89676,54.8585
JVASP-17876,4,S,0.5821621,12.508456,13.090618
JVASP-17876,5,S,0.5821621,12.508459,13.090621
JVASP-51519,0,U,12.098846,39.6851,51.783943
JVASP-51519,1,U,12.098846,39.6851,51.783943
JVASP-51519,2,Ge,38.56477,47.57424,9.009473
JVASP-51519,3,Ge,38.56477,47.57425,9.00948
JVASP-51519,4,S,2.2233202,10.603908,12.827229
JVASP-51519,5,S,2.2233202,10.603908,12.827228
JVASP-38377,0,Pr,61.45293,26.069458,35.644558
JVASP-38377,1,Pr,61.45483,26.06938,35.646507
JVASP-38377,2,Pr,61.45293,26.069456,35.64456
JVASP-38377,3,Pr,61.45293,26.069454,35.64456
JVASP-38377,4,Pr,61.45483,26.069378,35.64651
JVASP-38377,5,Pr,61.45293,26.069456,35.64456
JVASP-38377,6,I,70.61756,2.53793,68.079636
JVASP-38377,7,I,70.61756,2.5379303,68.079636
JVASP-33803,0,Pr,142.81383,41.98413,184.79796
JVASP-33803,1,Pr,142.81383,41.98414,184.79796
JVASP-33803,2,I,195.20355,36.045452,162.58525
JVASP-33803,3,I,195.20355,36.045452,162.58525
JVASP-33803,4,I,195.20456,36.046394,162.5852
JVASP-33803,5,I,195.20367,36.045452,162.58533
JVASP-33803,6,I,195.20367,36.045452,162.58533
JVASP-33803,7,I,195.20456,36.046394,162.5852
JVASP-35062,0,Sm,46.9706,17.866606,29.103992
JVASP-35062,1,Sm,46.9706,17.866604,29.103996
JVASP-35062,2,Fe,8.842658,47.326107,56.168766
JVASP-35062,3,Fe,8.842658,47.326103,56.168762
JVASP-35062,4,Si,10.924724,38.41018,27.485453
JVASP-35062,5,Si,10.924724,38.410175,27.485453
JVASP-56924,0,Sm,193.18716,66.69585,126.491325
JVASP-56924,1,Sm,193.18716,66.69585,126.491325
JVASP-56924,2,Fe,10.302553,2.549692,12.852245
JVASP-56924,3,Fe,10.302553,2.5496962,12.85225
JVASP-56924,4,Fe,10.302553,2.5496953,12.852249
JVASP-56924,5,Fe,10.302553,2.5496948,12.852247
JVASP-56924,6,Si,41.28452,59.781185,18.49667
JVASP-56924,7,Si,41.28452,59.78119,18.496674
JVASP-56924,8,Si,41.28452,59.781185,18.49667
JVASP-56924,9,Si,41.28452,59.781185,18.49667
JVASP-39085,0,Sm,73.20913,81.189804,7.9806814
JVASP-39085,1,Br,113.54406,60.537262,53.006794
JVASP-3918,0,Br,95.24959,69.65965,51.621037
JVASP-3918,1,Br,95.24959,69.65966,51.621037
JVASP-3918,2,Br,190.79851,69.20309,121.5961
JVASP-3918,3,Br,190.79851,69.203094,121.5961
JVASP-3918,4,Br,95.24959,69.65965,51.62104
JVASP-3918,5,Br,95.24959,69.65966,51.621033
JVASP-3918,6,Sm,93.60252,55.241806,141.9736
JVASP-3918,7,Sm,93.60217,55.241806,141.97308
JVASP-46015,0,Y,147.44214,85.76983,61.672306
JVASP-46015,1,Y,147.44214,85.769844,61.672295
JVASP-46015,2,Sc,71.944786,50.554672,21.390108
JVASP-46015,3,Sc,71.944786,50.554676,21.390104
JVASP-46015,4,O,7.844491,19.222813,11.378323
JVASP-46015,5,O,7.844491,19.222815,11.378323
JVASP-46015,6,O,27.62902,4.393606,23.235415
JVASP-46015,7,O,27.62902,4.3936114,23.235409
JVASP-46015,8,O,7.844491,19.222815,11.378323
JVASP-46015,9,O,7.844491,19.222815,11.378323
JVASP-49885,0,Y,108.71856,151.7651,43.04654
JVASP-49885,1,Sc,188.67072,253.47827,64.807556
JVASP-49885,2,O,21.235443,62.789555,41.554108
JVASP-49885,3,O,21.235443,62.78955,41.554108
JVASP-1543,0,O,2.9870827,13.788726,16.775808
JVASP-1543,1,O,2.9870827,13.788725,16.775806
JVASP-1543,2,Rb,127.99637,85.88155,42.11482
JVASP-1543,3,Dy,186.93481,173.00919,13.925636
JVASP-38331,0,Rb,0.0,0.0,0.0
JVASP-38331,1,Dy,0.0,0.0,0.0
JVASP-38331,2,O,50.974697,87.18324,36.208546
JVASP-38331,3,O,50.974697,87.183235,36.208538
JVASP-38331,4,O,50.974697,87.183235,36.208538
JVASP-67468,0,Be,0.7332262,7.023157,6.289944
JVASP-67468,1,Mo,90.04814,10.375811,79.67233
JVASP-67468,2,Re,186.24696,8.711613,194.95857
JVASP-67801,0,Be,2.226586,6.4474673,4.2208815
JVASP-67801,1,Re,50.924896,8.561136,42.363758
JVASP-67801,2,Re,115.36281,7.187097,108.17571
JVASP-67801,3,Mo,62.10028,2.829617,64.9299
JVASP-30673,0,Y,99.023796,25.121222,123.733444
JVASP-30673,1,V,185.41205,33.38667,197.11215
JVASP-30673,2,F,82.975914,33.606663,49.36925
JVASP-30673,3,F,82.975914,33.60666,49.36925
JVASP-30673,4,F,73.918434,47.955223,26.012344
JVASP-30673,5,F,73.918434,47.955223,26.012344
JVASP-30673,6,F,11.625334,36.6205,47.21783
JVASP-8386,0,Y,89.75447,27.175133,116.90609
JVASP-8386,1,V,149.76118,33.962467,162.3052
JVASP-8386,2,F,84.22659,35.589832,48.76614
JVASP-8386,3,F,84.22659,35.589832,48.76614
JVASP-8386,4,F,76.52576,51.68317,24.843407
JVASP-8386,5,F,76.52576,51.683174,24.843403
JVASP-8386,6,F,13.592009,37.30143,50.1538
JVASP-7967,0,Ce,97.260666,13.85904,83.40163
JVASP-7967,1,Al,14.383866,24.68804,10.307149
JVASP-7967,2,Al,14.383866,24.68804,10.307151
JVASP-7967,3,Al,14.383911,24.687647,10.306698
JVASP-7967,4,Ni,9.514229,25.31391,15.799685
JVASP-7967,5,Ni,9.514229,25.31391,15.799685
JVASP-8069,0,Al,53.44441,48.085854,23.980501
JVASP-8069,1,Al,23.645235,15.513176,8.343469
JVASP-8069,2,Al,23.645235,15.513176,8.343469
JVASP-8069,3,Al,23.645864,15.513163,8.344007
JVASP-8069,4,Al,23.645864,15.513161,8.344008
JVASP-8069,5,Ni,22.893839,20.716679,32.94765
JVASP-8069,6,Ni,22.893839,20.716677,32.94765
JVASP-8069,7,Ce,185.22636,14.699978,178.2446
JVASP-65584,0,Ba,182.44617,6.7607555,175.68541
JVASP-65584,1,Na,11.200701,22.640833,33.84153
JVASP-65584,2,Na,11.200701,22.64083,33.84153
JVASP-65584,3,Ge,179.60231,14.957784,194.5601
JVASP-65800,0,Ba,183.60558,6.727083,176.8785
JVASP-65800,1,Na,11.434219,22.641499,34.075714
JVASP-65800,2,Na,11.434219,22.641499,34.075714
JVASP-65800,3,Ge,175.91501,15.005085,190.9201
JVASP-15072,0,P,0.0,0.0,0.0
JVASP-15072,1,Nd,0.0031622779,2.5277643e-05,0.0031403583
JVASP-38160,0,Nd,126.66475,52.702564,73.96218
JVASP-38160,1,Nd,126.66475,52.702568,73.96218
JVASP-38160,2,P,57.621796,38.494537,19.12726
JVASP-38160,3,P,57.621796,38.494537,19.12726
JVASP-38160,4,P,181.33737,36.43675,144.90062
JVASP-38160,5,P,57.621796,38.494534,19.127262
JVASP-38160,6,P,57.621796,38.494534,19.127264
JVASP-38160,7,P,181.33737,36.436745,144.90062
JVASP-68982,0,Ba,113.71022,70.94374,42.766476
JVASP-68982,1,Na,7.7738643,15.019693,22.793558
JVASP-68982,2,Na,7.7738643,15.019698,22.793562
JVASP-68982,3,Pt,180.45473,50.193783,130.26094
JVASP-69113,0,Ba,113.67101,70.97463,42.69638
JVASP-69113,1,Na,7.7673316,15.015832,22.783165
JVASP-69113,2,Na,7.7673316,15.015837,22.783169
JVASP-69113,3,Pt,180.39186,50.213776,130.17809
JVASP-38624,0,Ni,0.0,0.0,0.0
JVASP-38624,1,As,0.0,0.0,0.0
JVASP-38624,2,O,107.30562,149.20569,41.900063
JVASP-38624,3,O,107.30562,149.2057,41.90007
JVASP-38624,4,O,107.30562,149.2057,41.900074
JVASP-63373,0,Ni,0.07838368,37.770912,37.849293
JVASP-63373,1,As,32.417362,11.253206,43.67057
JVASP-63373,2,As,32.417362,11.253204,43.670567
JVASP-63373,3,O,181.92499,186.36203,49.579086
JVASP-63373,4,O,181.9252,186.36203,49.57964
JVASP-63373,5,O,181.9252,186.36203,49.579643
JVASP-63373,6,O,181.9252,186.36203,49.579643
JVASP-63373,7,O,181.92499,186.36203,49.579086
JVASP-63373,8,O,181.9252,186.36203,49.57964
JVASP-81989,0,Li,2.08819,29.692024,27.603834
JVASP-81989,1,Li,2.08819,29.692024,27.603834
JVASP-81989,2,Li,2.08819,29.692024,27.603834
JVASP-81989,3,Li,2.08819,29.692024,27.603834
JVASP-81989,4,Cu,66.94334,34.988033,101.931366
JVASP-81989,5,Cu,66.94334,34.988033,101.931366
JVASP-81989,6,Pd,177.22917,20.046057,197.27524
JVASP-81989,7,Pd,177.22917,20.046057,197.27524
JVASP-82023,0,Li,1.6121987,32.93724,31.325068
JVASP-82023,1,Li,1.6121987,32.93724,31.325068
JVASP-82023,2,Cu,116.38935,34.277164,150.66647
JVASP-82023,3,Cu,116.38935,34.277164,150.66647
JVASP-82023,4,Cu,116.38935,34.277164,150.66647
JVASP-82023,5,Cu,116.38935,34.277164,150.66647
JVASP-82023,6,Pd,143.26274,19.893122,163.15474
JVASP-82023,7,Pd,143.26274,19.893122,163.15474
JVASP-65742,0,Ba,148.63014,15.843076,132.78706
JVASP-65742,1,Tl,176.67027,21.75803,198.4283
JVASP-65742,2,P,47.258003,20.596909,26.661097
JVASP-65742,3,P,47.258003,20.596905,26.661098
JVASP-65771,0,Ba,1.5578755,15.884769,14.326893
JVASP-65771,1,Tl,127.48778,22.420128,105.06764
JVASP-65771,2,P,93.59582,19.253708,74.34212
JVASP-65771,3,P,134.89014,9.504154,125.38598
JVASP-35396,0,Hf,73.50184,10.88957,62.612267
JVASP-35396,1,Ga,148.71231,110.91536,39.146255
JVASP-35396,2,Ga,148.71231,110.915375,39.14624
JVASP-35396,3,Ga,148.71231,110.915375,39.146248
JVASP-35396,4,Ga,148.71231,110.915375,39.14624
JVASP-35396,5,Ga,71.945595,49.772907,22.172688
JVASP-35396,6,Co,8.365007,13.7314415,22.096449
JVASP-35886,0,Hf,146.01408,46.45603,99.55806
JVASP-35886,1,Ga,176.1235,167.64738,92.79061
JVASP-35886,2,Ga,176.1235,167.64737,92.7906
JVASP-35886,3,Ga,176.1235,167.64738,92.7906
JVASP-35886,4,Ga,176.1235,167.64737,92.7906
JVASP-35886,5,Co,12.389519,65.40641,53.016888
JVASP-50348,0,Na,0.16790473,75.48082,75.64873
JVASP-50348,1,Sm,174.91125,111.570404,63.34086
JVASP-50348,2,O,6.7158833,8.257174,14.973057
JVASP-50348,3,O,6.7158833,8.257175,14.97306
JVASP-50889,0,Na,28.877033,96.680244,67.80321
JVASP-50889,1,Na,28.877033,96.68024,67.80321
JVASP-50889,2,Sm,44.686043,6.8513036,37.834736
JVASP-50889,3,Sm,44.686043,6.851306,37.834736
JVASP-50889,4,O,15.793759,16.734806,32.44584
JVASP-50889,5,O,15.793759,16.734806,32.44584
JVASP-50889,6,O,15.793759,16.734808,32.445843
JVASP-50889,7,O,15.793759,16.734806,32.44584
JVASP-42006,0,Pm,41.80789,32.400253,74.208145
JVASP-42006,1,Pm,41.80789,32.400253,74.208145
JVASP-42006,2,Zn,43.681915,26.502146,47.50724
JVASP-42006,3,Zn,43.681915,26.502146,47.50724
JVASP-42006,4,Zn,43.68597,26.502207,47.510746
JVASP-42006,5,Zn,43.681915,26.502151,47.50724
JVASP-42006,6,Zn,43.681915,26.502146,47.50724
JVASP-42006,7,Zn,43.68597,26.502213,47.510754
JVASP-79118,0,Pm,48.95795,3.7742527,52.732204
JVASP-79118,1,Pm,48.95795,3.7742527,52.7322
JVASP-79118,2,Pm,173.95705,34.30354,139.65352
JVASP-79118,3,Pm,48.95795,3.7742522,52.732204
JVASP-79118,4,Pm,48.95795,3.7742522,52.732204
JVASP-79118,5,Pm,173.95705,34.30354,139.65352
JVASP-79118,6,Zn,14.496081,28.241858,13.745776
JVASP-79118,7,Zn,14.496081,28.241858,13.745776
JVASP-66964,0,Ta,37.01179,23.40862,13.603168
JVASP-66964,1,Be,1.1847365,17.40473,16.219995
JVASP-66964,2,Be,1.1847365,17.404736,16.22
JVASP-66964,3,Ru,35.073425,85.209045,50.135616
JVASP-67155,0,Ta,172.94052,52.106277,120.83423
JVASP-67155,1,Ta,172.94052,52.10627,120.83425
JVASP-67155,2,Be,0.017146429,3.0819225,3.099069
JVASP-67155,3,Be,0.017146429,3.081924,3.0990703
JVASP-67155,4,Ru,32.21569,69.142426,101.35812
JVASP-67155,5,Ru,32.21569,69.14242,101.3581
JVASP-11532,0,Zn,152.65317,62.368,102.9856
JVASP-11532,1,Zn,152.61636,62.708847,103.54202
JVASP-11532,2,Zn,171.83841,69.47337,105.60877
JVASP-11532,3,Zn,171.85715,68.830696,106.48972
JVASP-11532,4,Ni,163.98802,64.9087,218.8355
JVASP-11532,5,Ni,163.98996,65.2615,218.90446
JVASP-11532,6,N,10.816123,28.967737,33.50414
JVASP-11532,7,N,10.814375,30.564842,35.141632
JVASP-11532,8,N,35.44106,38.06926,26.917044
JVASP-11532,9,N,35.439083,38.229557,25.40223
JVASP-8298,0,Zn,12.2923565,8.988926,21.281282
JVASP-8298,1,Ni,65.65018,55.402176,88.67984
JVASP-8298,2,Ni,65.65018,55.402164,88.67983
JVASP-8298,3,N,73.56291,14.65617,59.548855
JVASP-8298,4,N,73.56291,14.656172,59.548855
JVASP-17443,0,Sm,17.778399,20.908768,3.1303864
JVASP-17443,1,Ni,61.738167,46.17307,15.565097
JVASP-17443,2,As,46.891804,64.32169,111.2135
JVASP-56909,0,Sm,26.786804,34.825844,8.039041
JVASP-56909,1,Sm,26.786804,34.825848,8.0390415
JVASP-56909,2,Ni,15.304412,4.36086,19.665272
JVASP-56909,3,Ni,15.304412,4.3608623,19.665274
JVASP-56909,4,Ni,15.304412,4.3608623,19.665274
JVASP-56909,5,Ni,15.304412,4.3608613,19.665274
JVASP-56909,6,As,170.27956,74.94435,95.335205
JVASP-56909,7,As,170.27956,74.94435,95.33519
JVASP-56909,8,As,170.27956,74.94435,95.3352
JVASP-56909,9,As,170.27956,74.94435,95.3352
JVASP-37311,0,Sn,54.231705,46.8848,101.1165
JVASP-37311,1,Sn,54.231705,46.8848,101.1165
JVASP-37311,2,Sn,54.2317,46.884796,101.1165
JVASP-37311,3,B,0.0,0.0,0.0
JVASP-37318,0,Sn,169.09071,14.014198,155.07652
JVASP-37318,1,Sn,169.09071,14.014194,155.07654
JVASP-37318,2,B,11.942896,22.00721,33.950104
JVASP-37318,3,B,11.942896,22.00721,33.950104
JVASP-43021,0,Mn,2.0849314,51.377747,53.462658
JVASP-43021,1,Sb,168.30684,29.069569,139.23727
JVASP-43021,2,O,140.14426,69.011475,97.06771
JVASP-43021,3,O,143.57124,134.34358,17.051275
JVASP-43021,4,O,140.14342,69.01137,97.06735
JVASP-43021,5,O,143.57005,134.34352,17.050661
JVASP-30338,0,Mn,57.062386,80.62362,91.20539
JVASP-30338,1,Sb,168.96036,60.82722,114.6391
JVASP-30338,2,O,88.57213,64.43784,42.973225
JVASP-30338,3,O,79.79413,74.29516,28.630594
JVASP-30338,4,O,88.57213,64.43785,42.973225
JVASP-30338,5,O,79.79413,74.295166,28.630589
JVASP-50203,0,Na,0.18582788,53.832607,54.01843
JVASP-50203,1,Ce,166.40872,56.512615,109.89612
JVASP-50203,2,O,10.663017,0.87124777,9.791769
JVASP-50203,3,O,10.663017,0.8712472,9.79177
JVASP-8826,0,Na,50.267166,62.72067,12.529882
JVASP-8826,1,Na,50.267166,62.720673,12.529891
JVASP-8826,2,Ce,84.6756,15.679293,68.99631
JVASP-8826,3,O,18.781725,34.412327,53.186455
JVASP-8826,4,O,18.781725,34.412327,53.186455
JVASP-8826,5,O,12.320117,21.913662,34.23378
JVASP-32138,0,H,27.27198,77.33145,56.215534
JVASP-32138,1,H,27.27198,77.33144,56.215527
JVASP-32138,2,H,27.27198,77.33144,56.215527
JVASP-32138,3,H,27.27198,77.33144,56.215527
JVASP-32138,4,C,39.192905,19.030586,20.502798
JVASP-32138,5,C,39.192905,19.030588,20.502798
JVASP-32138,6,O,147.59981,112.890175,55.79078
JVASP-32138,7,O,147.59981,112.890175,55.79078
JVASP-32138,8,O,165.22408,122.614395,94.76217
JVASP-32138,9,O,165.22408,122.614395,94.76217
JVASP-32138,10,O,165.22408,122.61439,94.76217
JVASP-32138,11,O,165.22408,122.61439,94.76217
JVASP-53615,0,H,15.024097,61.54122,62.91709
JVASP-53615,1,H,15.003006,59.036873,59.969727
JVASP-53615,2,C,54.795216,70.00159,18.152142
JVASP-53615,3,C,49.540714,79.991104,40.86277
JVASP-53615,4,C,54.050438,68.1228,16.098385
JVASP-53615,5,C,48.5221,76.38085,30.588324
JVASP-53615,6,O,149.54436,69.52564,127.96084
JVASP-53615,7,O,149.19002,70.68508,125.878944
JVASP-53615,8,O,148.65254,65.55551,107.111626
JVASP-53615,9,O,148.10509,67.87777,107.60271
JVASP-34176,0,O,167.7979,107.68575,63.54817
JVASP-34176,1,O,129.55035,124.52085,18.854382
JVASP-34176,2,O,121.57872,96.227135,33.693626
JVASP-34176,3,O,117.813736,110.89438,12.775471
JVASP-34176,4,O,121.57819,96.22456,33.694496
JVASP-34176,5,O,117.8153,110.89309,12.777862
JVASP-34176,6,O,129.55045,124.52142,18.853168
JVASP-34176,7,P,58.569874,21.099346,54.87851
JVASP-34176,8,P,58.570427,21.099165,54.87783
JVASP-34176,9,Cr,28.305893,18.476036,24.659195
JVASP-52116,0,O,167.79785,107.70623,63.530773
JVASP-52116,1,O,129.54945,124.52529,18.852083
JVASP-52116,2,O,121.586685,96.22738,33.709084
JVASP-52116,3,O,117.816505,110.896736,12.778957
JVASP-52116,4,O,121.58665,96.22479,33.71092
JVASP-52116,5,O,117.81799,110.89554,12.781099
JVASP-52116,6,O,129.54858,124.52593,18.851889
JVASP-52116,7,P,58.566982,21.105003,54.876442
JVASP-52116,8,P,58.567314,21.10483,54.87577
JVASP-52116,9,Cr,28.33512,18.481337,24.67251
JVASP-35537,0,Tb,67.65409,34.18238,101.83648
JVASP-35537,1,Tb,67.65409,34.182384,101.83648
JVASP-35537,2,O,142.29974,41.848885,174.49733
JVASP-35537,3,O,142.29974,41.848885,174.49733
JVASP-35537,4,O,142.30122,41.848587,174.49861
JVASP-35537,5,O,142.30122,41.848587,174.49861
JVASP-35537,6,O,142.30182,41.848858,174.49896
JVASP-35537,7,O,142.30182,41.84886,174.49896
JVASP-7766,0,Tb,161.88269,51.169865,110.71284
JVASP-7766,1,Tb,161.88269,51.169865,110.71284
JVASP-7766,2,O,6.0624866,38.094418,44.156906
JVASP-7766,3,O,6.0624866,38.094414,44.1569
JVASP-7766,4,O,23.472237,6.56592,16.906317
JVASP-18356,0,U,107.99066,28.605154,79.385506
JVASP-18356,1,U,107.99066,28.605146,79.385506
JVASP-18356,2,Br,118.73526,49.647152,80.233955
JVASP-18356,3,Br,118.73589,49.64661,80.23534
JVASP-18356,4,Br,118.73664,49.64716,80.23516
JVASP-18356,5,Br,118.73589,49.646603,80.235344
JVASP-18356,6,Br,118.7362,49.647236,80.23514
JVASP-18356,7,Br,118.7362,49.647236,80.23514
JVASP-12080,0,Br,136.91412,203.00935,70.590965
JVASP-12080,1,Br,136.91518,203.00937,70.59004
JVASP-12080,2,Br,151.86855,119.95301,54.333523
JVASP-12080,3,Br,151.86855,119.953,54.33352
JVASP-12080,4,Br,52.785816,181.12997,130.71553
JVASP-12080,5,Br,52.785816,181.12997,130.71553
JVASP-12080,6,Br,136.91518,203.00937,70.590034
JVASP-12080,7,Br,136.91412,203.00935,70.590965
JVASP-12080,8,U,180.50537,38.529015,142.903
JVASP-12080,9,U,180.50537,38.52902,142.903
JVASP-18040,0,Tb,38.668583,55.95324,28.210428
JVASP-18040,1,Tb,38.66784,55.954735,28.211803
JVASP-18040,2,Tb,38.66784,55.954735,28.211803
JVASP-18040,3,In,53.67578,45.42306,32.683758
JVASP-18040,4,In,53.67578,45.42306,32.68376
JVASP-18040,5,In,53.676445,45.422234,32.68364
JVASP-18040,6,Pd,158.6412,36.073124,122.56808
JVASP-18040,7,Pd,158.6412,36.073124,122.56808
JVASP-18040,8,Pd,34.60639,0.62887335,35.235264
JVASP-23523,0,Tb,80.249306,121.87133,41.731373
JVASP-23523,1,Tb,80.249306,121.87133,41.731373
JVASP-23523,2,Tb,80.249306,121.87132,41.731373
JVASP-23523,3,Tb,80.249306,121.87132,41.731373
JVASP-23523,4,In,91.01487,105.84903,14.834158
JVASP-23523,5,In,91.01487,105.84902,14.834154
JVASP-23523,6,Pd,117.658615,80.393196,87.221886
JVASP-23523,7,Pd,117.658615,80.393196,87.221886
JVASP-23523,8,Pd,117.658615,80.393196,87.221886
JVASP-23523,9,Pd,117.658615,80.393196,87.22188
JVASP-22778,0,Ta,41.850418,53.98511,78.29922
JVASP-22778,1,Ta,41.850418,53.985115,78.29922
JVASP-22778,2,Ta,41.850418,53.98511,78.29922
JVASP-22778,3,Ta,41.850418,53.98511,78.29922
JVASP-22778,4,Ta,43.608265,79.81237,36.2041
JVASP-22778,5,Ta,43.608265,79.81237,36.2041
JVASP-22778,6,Ga,30.070414,26.766043,24.14508
JVASP-22778,7,Ga,30.070414,26.766043,24.14508
JVASP-22778,8,Ga,30.070414,26.766043,24.145079
JVASP-22778,9,Ga,30.070414,26.766043,24.145079
JVASP-16529,0,Ta,133.9234,3.610548,137.53395
JVASP-16529,1,Ta,133.9234,3.6105475,137.53395
JVASP-16529,2,Ga,157.6704,12.90331,144.76707
JVASP-16529,3,Ga,24.577364,10.583079,13.994284
JVASP-16529,4,Ga,24.577364,10.583077,13.994286
JVASP-16529,5,Ga,157.6704,12.903314,144.76707
JVASP-16529,6,Ga,24.577364,10.583078,13.994285
JVASP-16529,7,Ga,24.577364,10.583081,13.994283
JVASP-18206,0,Pr,36.20896,30.614145,51.89866
JVASP-18206,1,Pr,36.208473,30.613611,51.89755
JVASP-18206,2,Pr,36.20896,30.61415,51.89866
JVASP-18206,3,Ni,74.814766,3.0016935,77.81646
JVASP-18206,4,Ni,28.721497,3.4326715,25.288824
JVASP-18206,5,Ni,74.814766,3.0016944,77.81646
JVASP-18206,6,Sn,108.12631,4.630339,111.397354
JVASP-18206,7,Sn,108.12347,4.630079,111.3945
JVASP-18206,8,Sn,108.12347,4.630078,111.3945
JVASP-56937,0,Pr,25.864162,22.809795,3.054368
JVASP-56937,1,Pr,25.864162,22.809795,3.054366
JVASP-56937,2,Ni,2.403766,9.981647,7.5778813
JVASP-56937,3,Ni,2.403766,9.981647,7.5778813
JVASP-56937,4,Ni,2.403766,9.9816475,7.5778823
JVASP-56937,5,Ni,2.403766,9.981647,7.5778813
JVASP-56937,6,Sn,155.68222,22.856369,132.82585
JVASP-56937,7,Sn,155.68222,22.85637,132.82585
JVASP-56937,8,Sn,155.68222,22.856369,132.82585
JVASP-56937,9,Sn,155.68222,22.856373,132.82585
JVASP-15354,0,Ho,45.277046,54.44044,19.904242
JVASP-15354,1,Ho,45.276592,54.44171,19.905203
JVASP-15354,2,Ho,45.276592,54.44171,19.905203
JVASP-15354,3,In,58.154137,56.523792,35.101406
JVASP-15354,4,In,58.155994,56.522984,35.10301
JVASP-15354,5,In,58.154137,56.523792,35.10141
JVASP-15354,6,Pd,155.40665,45.43069,109.97597
JVASP-15354,7,Pd,32.57209,9.933069,42.505157
JVASP-15354,8,Pd,155.40665,45.43069,109.97596
JVASP-21467,0,Ho,91.02389,109.04374,19.176329
JVASP-21467,1,Ho,91.02389,109.04375,19.176336
JVASP-21467,2,Ho,91.02389,109.04373,19.17632
JVASP-21467,3,Ho,91.02389,109.04373,19.176325
JVASP-21467,4,In,95.7971,104.56941,8.772316
JVASP-21467,5,In,95.7971,104.569405,8.772309
JVASP-21467,6,Pd,119.13712,79.204575,70.62003
JVASP-21467,7,Pd,119.13712,79.204575,70.62004
JVASP-21467,8,Pd,119.13712,79.204575,70.62003
JVASP-21467,9,Pd,119.13712,79.204575,70.62003
JVASP-7982,0,Pr,154.34358,40.634083,113.709496
JVASP-7982,1,Pr,154.34358,40.634083,113.709496
JVASP-7982,2,O,8.792444,24.429424,33.221867
JVASP-7982,3,O,8.792444,24.42942,33.221863
JVASP-7982,4,O,19.550194,11.573725,31.123919
JVASP-16493,0,Pr,0.0,0.0,0.0
JVASP-16493,1,Pr,0.0,0.0,0.0
JVASP-16493,2,Pr,0.0,0.0,0.0
JVASP-16493,3,Pr,0.0,0.0,0.0
JVASP-16493,4,O,0.0,0.0,0.0
JVASP-16493,5,O,0.0,0.0,0.0
JVASP-16493,6,O,0.0,0.0,0.0
JVASP-16493,7,O,0.0,0.0,0.0
JVASP-23360,0,Nd,36.37574,26.233479,62.60922
JVASP-23360,1,Nd,36.37574,26.233479,62.60922
JVASP-23360,2,Ni,9.866544,7.9735556,1.8929889
JVASP-23360,3,Ni,9.866544,7.9735546,1.8929895
JVASP-23360,4,Ni,0.1910602,3.151182,3.342242
JVASP-23360,5,Ni,0.1910602,3.1511805,3.3422406
JVASP-23360,6,Sn,15.65224,18.99914,34.65138
JVASP-23360,7,Sn,15.65224,18.999142,34.651382
JVASP-23360,8,Sn,136.1451,30.86572,105.27937
JVASP-23360,9,Sn,136.1451,30.865713,105.27937
JVASP-56340,0,Nd,24.800808,25.696283,0.8955279
JVASP-56340,1,Ni,1.9402153,4.7379227,2.7978365
JVASP-56340,2,Ni,1.9402153,4.7379227,2.7978363
JVASP-56340,3,Sn,153.01959,26.697834,126.32176
JVASP-56340,4,Sn,153.01959,26.697834,126.32176
JVASP-2580,0,Rb,0.0,0.0,0.0
JVASP-2580,1,Hg,0.0,0.0,0.0
JVASP-2580,2,F,152.17781,128.30954,23.868275
JVASP-2580,3,F,152.17781,128.30954,23.868277
JVASP-2580,4,F,152.17781,128.30952,23.868286
JVASP-2880,0,F,97.21211,27.23064,69.981476
JVASP-2880,1,F,97.21211,27.23064,69.981476
JVASP-2880,2,F,133.43286,103.983116,30.062082
JVASP-2880,3,F,133.43243,103.98276,30.062183
JVASP-2880,4,Rb,34.737484,11.106246,23.631237
JVASP-2880,5,Rb,34.737484,11.106246,23.631237
JVASP-2880,6,Hg,94.18777,28.543758,65.64401
JVASP-1963,0,Bi,67.1446,4.8634925,62.281105
JVASP-1963,1,Te,60.91636,56.80185,117.71821
JVASP-1963,2,I,146.01654,69.09562,76.92091
JVASP-5260,0,Bi,22.742765,4.1442404,26.88553
JVASP-5260,1,Bi,22.742765,4.1442413,26.885532
JVASP-5260,2,Bi,7.147359,5.3764853,12.517517
JVASP-5260,3,Bi,7.147359,5.3764853,12.517517
JVASP-5260,4,Te,60.773197,24.254375,85.02199
JVASP-5260,5,Te,60.773197,24.254372,85.02198
JVASP-5260,6,I,151.71227,37.41413,114.29821
JVASP-5260,7,I,151.71227,37.414135,114.298195
JVASP-40275,0,Pm,151.18987,46.87745,104.31241
JVASP-40275,1,Pm,151.18987,46.877453,104.3124
JVASP-40275,2,Pm,151.18987,46.87744,104.31241
JVASP-40275,3,Si,0.0,0.0,0.0
JVASP-41578,0,Pm,79.541466,4.203467,83.5346
JVASP-41578,1,Pm,79.541466,4.2034674,83.5346
JVASP-41578,2,Si,29.988981,30.25821,19.98269
JVASP-41578,3,Si,29.991318,33.73145,26.472683
JVASP-41578,4,Si,29.986982,30.486084,20.330315
JVASP-41578,5,Si,29.988981,30.258217,19.982695
JVASP-41578,6,Si,29.991318,33.73145,26.472683
JVASP-41578,7,Si,29.986982,30.486084,20.330315
JVASP-49768,0,Na,32.02501,86.01163,53.986614
JVASP-49768,1,Na,32.02501,86.011635,53.98662
JVASP-49768,2,Tm,103.41735,27.729588,75.68776
JVASP-49768,3,Tm,103.41735,27.729582,75.68777
JVASP-49768,4,O,2.5770497,48.92205,48.15361
JVASP-49768,5,O,2.5770497,48.92205,48.15361
JVASP-49768,6,O,2.5770497,48.92205,48.15361
JVASP-49768,7,O,2.5770497,48.92205,48.15361
JVASP-49936,0,Na,4.6781173,100.769196,96.09108
JVASP-49936,1,Tm,150.11697,142.70679,7.4102025
JVASP-49936,2,O,4.358867,14.604937,18.963804
JVASP-49936,3,O,4.358867,14.60494,18.963806
JVASP-36607,0,Ba,0.0,0.0,0.0
JVASP-36607,1,Mn,0.0,0.0,0.0
JVASP-36607,2,O,149.5348,88.91346,60.621357
JVASP-36607,3,O,149.53482,88.91346,60.621357
JVASP-36607,4,O,149.53482,88.91346,60.621357
JVASP-11794,0,Ba,134.28267,39.261856,95.02081
JVASP-11794,1,Ba,134.28267,39.261856,95.020805
JVASP-11794,2,Mn,24.400593,13.615075,10.785518
JVASP-11794,3,Mn,24.400593,13.615077,10.785516
JVASP-11794,4,O,86.9167,60.15671,31.844715
JVASP-11794,5,O,86.917206,60.156708,31.845255
JVASP-11794,6,O,86.916885,60.156868,31.84525
JVASP-11794,7,O,86.91732,60.156868,31.845318
JVASP-11794,8,O,86.917206,60.15671,31.845253
JVASP-11794,9,O,86.9167,60.15671,31.844717
JVASP-52102,0,Ca,14.844724,22.229136,37.07386
JVASP-52102,1,Ca,14.844724,22.229136,37.07386
JVASP-52102,2,Be,3.4488816,6.4921985,9.94108
JVASP-52102,3,Be,3.4488816,6.492198,9.94108
JVASP-52102,4,Be,3.053697,15.085661,18.139359
JVASP-52102,5,Be,3.053697,15.085661,18.139359
JVASP-52102,6,Ge,148.6922,26.453657,122.23854
JVASP-52102,7,Ge,148.6922,26.453661,122.23853
JVASP-52102,8,Ge,19.986204,22.930122,2.9439194
JVASP-52102,9,Ge,19.986204,22.930124,2.9439216
JVASP-66852,0,Be,4.693234,69.55383,64.86061
JVASP-66852,1,Ca,30.86602,17.901108,12.964911
JVASP-66852,2,Ge,105.59506,7.35789,98.23717
JVASP-15217,0,Ce,147.316,76.90218,70.413795
JVASP-15217,1,Ga,69.94978,69.87032,79.47006
JVASP-15217,2,Ga,69.94992,69.870804,79.47128
JVASP-15217,3,Ga,69.94992,69.8708,79.47128
JVASP-15217,4,Pd,45.834854,39.71986,6.1149917
JVASP-15217,5,Pd,45.834854,39.71986,6.1149917
JVASP-55155,0,Ce,44.17165,49.65037,93.82202
JVASP-55155,1,Ga,36.96525,11.583408,25.381842
JVASP-55155,2,Ga,66.05025,41.289516,36.641384
JVASP-55155,3,Ga,36.96525,11.5834055,25.381844
JVASP-55155,4,Ga,66.05025,41.28952,36.641376
JVASP-55155,5,Ga,66.05025,41.289516,36.64138
JVASP-55155,6,Ga,66.05025,41.289524,36.641376
JVASP-55155,7,Pd,22.291172,33.403206,11.112031
JVASP-65527,0,Ba,127.88786,119.77301,247.66086
JVASP-65527,1,Br,128.4398,98.08538,30.354435
JVASP-65527,2,P,146.88284,37.576065,109.30678
JVASP-65527,3,P,146.88284,37.57607,109.30677
JVASP-65746,0,Ba,131.7017,119.0327,250.7344
JVASP-65746,1,P,144.07286,46.003788,100.55349
JVASP-65746,2,P,144.07286,46.0038,100.55349
JVASP-65746,3,Br,108.36625,99.002754,9.363488
JVASP-65698,0,Ba,88.64948,3.1559875,85.4935
JVASP-65698,1,Si,37.445347,9.360115,46.805466
JVASP-65698,2,P,111.75577,31.633114,94.34873
JVASP-65698,3,P,111.75577,31.633116,94.34873
JVASP-69154,0,Ba,146.20677,10.142868,156.34964
JVASP-69154,1,P,135.84625,16.486092,152.33234
JVASP-69154,2,Si,8.164966,14.631901,6.4669356
JVASP-69154,3,Si,8.164966,14.631901,6.4669356
JVASP-38566,0,Nd,127.7077,43.46667,137.06152
JVASP-38566,1,Nd,127.71,43.46577,137.06491
JVASP-38566,2,Nd,127.7077,43.46667,137.06152
JVASP-38566,3,Al,13.314377,28.168737,33.580696
JVASP-38566,4,Al,13.314385,28.168324,33.580154
JVASP-38566,5,Al,13.314377,28.16874,33.5807
JVASP-38566,6,Pd,84.08608,27.825686,56.260395
JVASP-38566,7,Pd,137.97118,8.503227,146.47441
JVASP-38566,8,Pd,137.97118,8.503226,146.47441
JVASP-16819,0,Nd,144.86894,39.94536,104.92359
JVASP-16819,1,Al,21.073414,83.26018,62.26124
JVASP-16819,2,Al,21.07255,83.26073,62.26266
JVASP-16819,3,Al,21.07255,83.26073,62.262657
JVASP-16819,4,Pd,67.4565,11.9257345,55.53076
JVASP-16819,5,Pd,67.4565,11.925739,55.530758
JVASP-15976,0,Ba,74.01379,8.938448,82.95223
JVASP-15976,1,Ba,74.01379,8.938448,82.95223
JVASP-15976,2,Mg,3.1214664,38.600994,35.47953
JVASP-15976,3,Mg,3.1214664,38.600994,35.47953
JVASP-15976,4,Mg,3.1214664,38.600998,35.479534
JVASP-15976,5,Mg,3.1214664,38.600998,35.47953
JVASP-15976,6,Ge,144.03244,70.48118,73.55126
JVASP-15976,7,Ge,144.03244,70.48118,73.55126
JVASP-15976,8,Ge,144.03244,70.481186,73.551254
JVASP-15976,9,Ge,144.03244,70.481186,73.55126
JVASP-49831,0,Ba,45.9957,16.590645,62.58635
JVASP-49831,1,Ba,45.9957,16.590643,62.586346
JVASP-49831,2,Mg,0.52745676,9.522436,8.99498
JVASP-49831,3,Mg,0.52745676,9.522437,8.99498
JVASP-49831,4,Ge,25.164425,20.36558,45.530006
JVASP-49831,5,Ge,25.164425,20.36558,45.530006
JVASP-16682,0,Al,28.243626,64.455154,41.77679
JVASP-16682,1,Co,14.445227,19.402489,18.305069
JVASP-16682,2,Co,14.445227,19.402494,18.305073
JVASP-16682,3,Pr,157.1924,43.23049,146.10153
JVASP-16682,4,Pr,157.1924,43.230495,146.10153
JVASP-58292,0,Al,16.501701,42.87024,27.984335
JVASP-58292,1,Al,16.501701,42.87024,27.984335
JVASP-58292,2,Co,14.702055,36.192028,33.475372
JVASP-58292,3,Co,14.701744,36.192074,33.476265
JVASP-58292,4,Co,14.701744,36.19207,33.476257
JVASP-58292,5,Co,14.702055,36.19203,33.475376
JVASP-58292,6,Pr,162.38568,41.322567,137.04816
JVASP-58292,7,Pr,162.38339,41.32255,137.04561
JVASP-58292,8,Pr,162.38568,41.322567,137.04816
JVASP-58292,9,Pr,162.38339,41.322548,137.04561
JVASP-16613,0,Tb,0.0,0.0,0.0
JVASP-16613,1,Rh,0.0,0.0,0.0
JVASP-16614,0,Tb,142.86037,30.681412,112.178955
JVASP-16614,1,Rh,15.599576,1.4058683,14.193708
JVASP-16614,2,Rh,15.599576,1.4058688,14.193707
JVASP-16614,3,Rh,8.555301,49.269356,50.587337
JVASP-16614,4,Rh,8.555301,49.269356,50.587337
JVASP-16614,5,Rh,8.557312,49.26913,50.58609
JVASP-76945,0,Sr,82.57461,1.7212389,83.43668
JVASP-76945,1,Sr,82.57461,1.7212379,83.43668
JVASP-76945,2,Sr,82.57461,1.7212381,83.43668
JVASP-76945,3,Sr,82.57461,1.7212377,83.43668
JVASP-76945,4,Cd,40.67629,30.954498,49.395508
JVASP-76945,5,Cd,40.67629,30.954493,49.3955
JVASP-76945,6,Ag,92.91529,80.53232,171.99883
JVASP-76945,7,Ag,92.91529,80.53232,171.99883
JVASP-81282,0,Sr,48.770157,45.861923,2.9082365
JVASP-81282,1,Sr,48.770157,45.861923,2.9082355
JVASP-81282,2,Sr,48.770157,45.861923,2.9082355
JVASP-81282,3,Sr,48.770157,45.861923,2.9082355
JVASP-81282,4,Cd,121.24729,174.4588,53.211517
JVASP-81282,5,Cd,121.24729,174.4588,53.211517
JVASP-81282,6,Ag,141.75441,5.006347,146.76077
JVASP-81282,7,Ag,141.75441,5.0063524,146.76077
JVASP-37203,0,Mg,20.541498,20.273808,6.995891
JVASP-37203,1,Mg,20.539082,20.274254,6.9958634
JVASP-37203,2,Mg,20.816965,20.248617,7.9330697
JVASP-37203,3,P,75.22719,8.197103,68.51743
JVASP-37203,4,P,10.585713,6.7567863,5.567534
JVASP-37203,5,P,75.22632,8.197381,68.5162
JVASP-9150,0,Mg,25.767996,13.583975,36.141273
JVASP-9150,1,Mg,25.767996,13.583974,36.141273
JVASP-9150,2,P,151.50143,80.04598,75.36024
JVASP-9150,3,P,151.50143,80.04598,75.36024
JVASP-9150,4,P,151.50143,80.04598,75.36024
JVASP-9150,5,P,151.50143,80.04598,75.36024
JVASP-9150,6,P,100.40838,33.195248,75.507034
JVASP-9150,7,P,100.40838,33.195248,75.50704
JVASP-9150,8,P,100.40838,33.19525,75.507034
JVASP-9150,9,P,100.40838,33.19525,75.50704
JVASP-77477,0,Cd,42.7766,36.74726,6.1894336
JVASP-77477,1,Cd,42.7766,36.747265,6.189432
JVASP-77477,2,Sn,140.85478,5.069518,135.86101
JVASP-77477,3,Sn,140.85478,5.0695224,135.86101
JVASP-77477,4,Pd,34.051914,11.247162,23.662214
JVASP-77477,5,Pd,34.051914,11.247162,23.662212
JVASP-77477,6,Pd,34.051914,11.247164,23.662212
JVASP-77477,7,Pd,34.051914,11.247163,23.662216
JVASP-81793,0,Cd,42.563297,36.483665,6.225097
JVASP-81793,1,Cd,42.563297,36.48367,6.2250943
JVASP-81793,2,Sn,140.1881,4.8096333,135.46967
JVASP-81793,3,Sn,140.1881,4.8096313,135.46967
JVASP-81793,4,Pd,34.119373,11.401827,23.617847
JVASP-81793,5,Pd,34.119373,11.401826,23.617851
JVASP-81793,6,Pd,34.119373,11.401826,23.617851
JVASP-81793,7,Pd,34.119373,11.401827,23.617847
JVASP-86339,0,Cu,22.730457,11.161849,28.138817
JVASP-86339,1,Cu,22.730457,11.16185,28.138811
JVASP-86339,2,F,144.22786,160.69826,38.153313
JVASP-86339,3,F,144.22786,160.69827,38.153324
JVASP-86339,4,F,144.22786,160.69827,38.153324
JVASP-86339,5,F,144.22786,160.69829,38.15333
JVASP-16281,0,Cu,0.0,0.0,0.0
JVASP-16281,1,Cu,0.0,0.0,0.0
JVASP-16281,2,Cu,0.0,0.0,0.0
JVASP-16281,3,Cu,0.0,0.0,0.0
JVASP-16281,4,F,0.0,0.0,0.0
JVASP-16281,5,F,0.0,0.0,0.0
JVASP-16281,6,F,0.0,0.0,0.0
JVASP-16281,7,F,0.0,0.0,0.0
JVASP-35357,0,La,7.7906036,34.229176,42.01978
JVASP-35357,1,La,7.7906036,34.229176,42.01978
JVASP-35357,2,Cu,20.824347,94.66122,73.836876
JVASP-35357,3,Cu,20.824347,94.66122,73.83688
JVASP-35357,4,Pb,139.40413,74.54513,64.859
JVASP-35357,5,Pb,139.40413,74.54513,64.859
JVASP-85186,0,La,10.573223,36.00851,46.58173
JVASP-85186,1,La,10.573223,36.00851,46.58173
JVASP-85186,2,Cu,50.984905,100.48966,49.50476
JVASP-85186,3,Cu,50.984905,100.48966,49.50476
JVASP-85186,4,Pb,53.17842,72.366165,125.544586
JVASP-85186,5,Pb,53.17842,72.366165,125.544586
JVASP-39221,0,Lu,48.83303,13.027165,35.805866
JVASP-39221,1,Lu,48.83303,13.027166,35.805862
JVASP-39221,2,Lu,54.18108,23.979458,30.201622
JVASP-39221,3,Th,69.53774,8.306643,77.84439
JVASP-39274,0,Lu,0.0,0.0,0.0
JVASP-39274,1,Th,138.6452,21.35471,117.29049
JVASP-39274,2,Th,138.6452,21.354713,117.29048
JVASP-39274,3,Th,138.6452,21.35471,117.29049
JVASP-50107,0,Tb,5.856324,46.190353,40.33403
JVASP-50107,1,Tb,5.856324,46.190353,40.33403
JVASP-50107,2,Se,67.544685,11.112199,78.65688
JVASP-50107,3,O,21.190126,13.3207445,7.8693833
JVASP-50107,4,O,21.190126,13.320754,7.869373
JVASP-50967,0,Tb,137.50406,38.42437,99.079926
JVASP-50967,1,Tb,137.50406,38.424366,99.079926
JVASP-50967,2,Tb,137.50406,38.424366,99.079926
JVASP-50967,3,Tb,137.50406,38.424366,99.079926
JVASP-50967,4,Se,63.71414,12.409562,51.307117
JVASP-50967,5,Se,63.71414,12.409562,51.307117
JVASP-50967,6,O,16.098072,80.67759,64.57959
JVASP-50967,7,O,16.098072,80.67759,64.57959
JVASP-50967,8,O,16.098072,80.6776,64.57959
JVASP-50967,9,O,16.098072,80.67759,64.57959
JVASP-36963,0,Rb,37.999256,41.841537,3.8422782
JVASP-36963,1,Rb,37.999256,41.842186,3.842929
JVASP-36963,2,Os,22.214554,49.448414,71.66297
JVASP-36963,3,Os,22.215385,49.448994,71.664375
JVASP-36963,4,O,62.876568,81.81512,38.0239
JVASP-36963,5,O,62.877354,81.81446,38.023525
JVASP-36963,6,O,62.875965,81.81366,38.022636
JVASP-36963,7,O,62.87832,81.81567,38.023182
JVASP-36963,8,O,62.876945,81.8145,38.021812
JVASP-36963,9,O,62.878315,81.81492,38.023163
JVASP-35638,0,Rb,0.008944272,16.107887,16.116293
JVASP-35638,1,Os,0.20460694,3.4936585,3.6184974
JVASP-35638,2,O,136.32758,81.51688,55.067513
JVASP-35638,3,O,136.32758,81.516914,55.067448
JVASP-35638,4,O,136.3631,58.12745,78.28352
JVASP-67105,0,Be,1.2835326,49.175533,47.892
JVASP-67105,1,Be,5.210065,3.469999,1.7400658
JVASP-67105,2,Zn,19.213797,11.074832,8.138965
JVASP-67105,3,In,136.0471,0.818297,136.8654
JVASP-67866,0,Be,1.673818,23.318632,21.644814
JVASP-67866,1,Zn,10.195593,13.015313,2.8197203
JVASP-67866,2,Zn,10.331947,27.772995,17.441048
JVASP-67866,3,In,71.81414,25.5179,46.296246
JVASP-22610,0,Cr,13.111592,0.7255426,12.38605
JVASP-22610,1,Hg,3.360358,9.311037,5.9506817
JVASP-22610,2,F,135.63821,127.19887,53.963135
JVASP-22610,3,F,135.63808,127.19902,53.964645
JVASP-22610,4,F,135.63809,127.198944,53.963486
JVASP-22610,5,F,135.63808,127.19901,53.964638
JVASP-22610,6,F,135.63821,127.19888,53.96313
JVASP-22610,7,F,135.63809,127.198944,53.963486
JVASP-24435,0,Cr,5.714505,0.358691,5.3558145
JVASP-24435,1,Hg,6.5258136,9.716315,3.1905034
JVASP-24435,2,F,139.22357,125.564514,47.88353
JVASP-24435,3,F,139.22319,125.56461,47.884666
JVASP-24435,4,F,139.22313,125.56458,47.884403
JVASP-24435,5,F,139.22319,125.56461,47.884666
JVASP-24435,6,F,139.22357,125.56453,47.88353
JVASP-24435,7,F,139.22313,125.56459,47.8844
JVASP-35789,0,Hf,14.079667,21.074354,6.9946866
JVASP-35789,1,Hf,14.079667,21.074354,6.9946866
JVASP-35789,2,Cd,134.40187,49.811043,84.59083
JVASP-36136,0,Hf,15.165607,24.29898,9.133373
JVASP-36136,1,Hf,15.165607,24.29898,9.133372
JVASP-36136,2,Cd,66.109276,33.96754,32.141743
JVASP-36136,3,Cd,66.109276,33.96754,32.141735
JVASP-57967,0,Zn,144.25748,65.4987,95.83563
JVASP-57967,1,Zn,144.27432,65.50589,95.84447
JVASP-57967,2,Zn,126.68523,73.16152,57.753777
JVASP-57967,3,Zn,126.69147,73.16175,57.7609
JVASP-57967,4,Co,72.13786,65.10703,122.77157
JVASP-57967,5,Co,72.13524,65.106155,122.76911
JVASP-57967,6,N,19.240183,19.903568,32.337406
JVASP-57967,7,N,19.239548,19.899162,32.333813
JVASP-57967,8,N,20.500065,19.147087,24.53436
JVASP-57967,9,N,20.498926,19.149551,24.537859
JVASP-8291,0,Zn,11.787761,31.22045,43.008213
JVASP-8291,1,Co,32.463886,58.020836,59.428024
JVASP-8291,2,Co,32.463886,58.020855,59.428036
JVASP-8291,3,N,99.85726,60.447063,42.37994
JVASP-8291,4,N,99.85726,60.447056,42.379948
JVASP-36626,0,Cd,0.0,0.0,0.0
JVASP-36626,1,Ge,0.0,0.0,0.0
JVASP-36626,2,O,132.92645,143.55661,10.630151
JVASP-36626,3,O,132.92645,143.55661,10.630159
JVASP-36626,4,O,132.92645,143.5566,10.630139
JVASP-10234,0,O,95.19014,90.93919,14.581061
JVASP-10234,1,O,95.19004,90.93919,14.581637
JVASP-10234,2,O,95.188965,90.939186,14.580642
JVASP-10234,3,O,95.19014,90.93919,14.581064
JVASP-10234,4,O,95.188965,90.93918,14.580645
JVASP-10234,5,O,95.19004,90.93919,14.581641
JVASP-10234,6,Ge,15.885689,15.6554575,0.23023944
JVASP-10234,7,Ge,15.885689,15.655454,0.23024377
JVASP-10234,8,Cd,45.732376,40.905952,86.63833
JVASP-10234,9,Cd,45.732376,40.905956,86.638336
JVASP-17321,0,B,2.7235491,21.068026,18.669117
JVASP-17321,1,B,2.7235491,21.068026,18.669117
JVASP-17321,2,B,4.230939,20.601402,23.755901
JVASP-17321,3,B,4.230939,20.6014,23.7559
JVASP-17321,4,Fe,56.328075,10.276064,55.72531
JVASP-17321,5,Fe,56.328075,10.276064,55.725315
JVASP-17321,6,Mo,48.77362,58.88314,71.195404
JVASP-59642,0,Fe,36.739895,33.152115,3.5877805
JVASP-59642,1,Fe,36.739895,33.152115,3.5877829
JVASP-59642,2,B,15.358906,27.01335,26.762846
JVASP-59642,3,B,15.358906,27.01335,26.762846
JVASP-59642,4,B,15.358906,27.013353,26.762848
JVASP-59642,5,B,15.358906,27.013351,26.762848
JVASP-59642,6,Mo,132.3867,21.51456,110.98745
JVASP-59642,7,Mo,132.3867,21.51456,110.98745
JVASP-59642,8,Mo,132.3867,21.51456,110.98745
JVASP-59642,9,Mo,132.3867,21.51456,110.98745
JVASP-17367,0,Hf,31.648634,14.000967,45.6496
JVASP-17367,1,Cu,8.177624,24.242737,32.42036
JVASP-17367,2,Cu,8.177624,24.242735,32.420357
JVASP-17367,3,P,8.857355,10.337028,19.194382
JVASP-17367,4,P,8.857355,10.337028,19.194382
JVASP-56364,0,Hf,131.20079,6.1867375,125.01405
JVASP-56364,1,Cu,58.6959,8.574729,50.12117
JVASP-56364,2,P,53.861015,24.269243,78.13026
JVASP-20387,0,S,0.0,0.0,0.0
JVASP-20387,1,Pu,0.013928388,3.424256e-05,0.013961883
JVASP-85610,0,Pu,130.37572,12.296215,142.67194
JVASP-85610,1,Pu,130.37572,12.296211,142.67194
JVASP-85610,2,S,26.243832,12.825835,13.417996
JVASP-85610,3,S,111.848595,9.155277,102.69332
JVASP-85610,4,S,111.848595,9.155272,102.69332
JVASP-85610,5,S,26.243832,12.825841,13.417991
JVASP-16139,0,P,16.602518,9.087182,9.513006
JVASP-16139,1,P,16.603102,9.087166,9.513736
JVASP-16139,2,Nb,17.61211,11.075969,11.445823
JVASP-16139,3,Nb,17.614317,11.075974,11.449145
JVASP-4654,0,P,129.51553,4.5008917,134.01642
JVASP-4654,1,P,129.51553,4.500892,134.01642
JVASP-4654,2,Nb,23.41484,16.7508,40.16564
JVASP-4654,3,Nb,23.41484,16.7508,40.16564
JVASP-36757,0,Cd,56.368958,45.64679,47.65617
JVASP-36757,1,Cd,56.369267,45.646828,47.655716
JVASP-36757,2,Ag,23.637712,47.519043,70.189026
JVASP-36757,3,Ag,130.94998,75.9235,65.12922
JVASP-36757,4,O,86.16098,74.43499,14.19318
JVASP-36757,5,O,77.593864,65.57979,35.25294
JVASP-36757,6,O,86.16098,74.43499,14.193181
JVASP-36757,7,O,77.593864,65.57979,35.25294
JVASP-36758,0,Cd,46.644012,25.948898,26.01183
JVASP-36758,1,Cd,46.644012,25.948902,26.011826
JVASP-36758,2,Ag,55.010685,55.499664,36.72838
JVASP-36758,3,Ag,55.010685,55.499664,36.728382
JVASP-36758,4,O,50.341217,51.87916,10.439674
JVASP-36758,5,O,50.341217,51.87916,10.439674
JVASP-36758,6,O,100.55131,93.947624,6.9873
JVASP-36758,7,O,100.55131,93.947624,6.9873
JVASP-46163,0,Co,56.43747,19.75736,76.19483
JVASP-46163,1,Co,56.43747,19.75736,76.19483
JVASP-46163,2,Ag,5.2786503,42.43673,47.71538
JVASP-46163,3,Ag,5.2786503,42.43673,47.71538
JVASP-46163,4,O,89.81145,65.55514,33.66269
JVASP-46163,5,O,89.81149,65.55512,33.66288
JVASP-46163,6,O,89.81084,65.55514,33.661697
JVASP-46163,7,O,89.81084,65.555145,33.661694
JVASP-46163,8,O,89.81149,65.55513,33.66287
JVASP-46163,9,O,89.81145,65.55514,33.66269
JVASP-47099,0,Co,12.94204,39.096123,52.038162
JVASP-47099,1,Ag,127.92167,76.07452,51.847153
JVASP-47099,2,O,29.414673,28.556255,57.97093
JVASP-47099,3,O,29.414673,28.556255,57.97093
JVASP-63655,0,Hf,136.11038,44.73549,104.17381
JVASP-63655,1,Hf,136.11038,44.735493,104.17381
JVASP-63655,2,Hf,136.11055,44.735233,104.174164
JVASP-63655,3,As,26.213215,35.16952,61.382736
JVASP-63655,4,As,26.213215,35.16952,61.382736
JVASP-63655,5,As,21.086432,10.78712,10.299312
JVASP-63655,6,Os,31.97958,32.184414,41.188488
JVASP-63655,7,Os,31.97958,32.18441,41.188484
JVASP-63655,8,Os,31.97972,32.184517,41.189804
JVASP-63797,0,Hf,136.14366,44.73009,104.19939
JVASP-63797,1,Hf,136.14366,44.730087,104.19939
JVASP-63797,2,Hf,136.1353,44.72982,104.19152
JVASP-63797,3,As,26.156876,35.163948,61.320827
JVASP-63797,4,As,26.156876,35.163944,61.32082
JVASP-63797,5,As,21.003149,10.799534,10.203616
JVASP-63797,6,Os,32.06553,32.185658,41.299023
JVASP-63797,7,Os,32.06553,32.185658,41.299023
JVASP-63797,8,Os,32.061104,32.185738,41.306942
JVASP-67566,0,La,11.251323,28.526005,39.777325
JVASP-67566,1,Be,6.2290525,53.434948,59.663998
JVASP-67566,2,P,3.5582922,6.0482893,2.4899971
JVASP-67566,3,P,125.28405,11.410503,136.69455
JVASP-68066,0,La,23.081543,4.8900948,27.971638
JVASP-68066,1,Be,1.2692457,39.15893,37.88969
JVASP-68066,2,P,10.238867,11.991698,22.230564
JVASP-3516,0,Ca,7.1543407,42.413918,41.71829
JVASP-3516,1,Ca,7.1543407,42.413918,41.718285
JVASP-3516,2,Br,129.7049,276.29788,152.65398
JVASP-3516,3,Br,129.7049,276.2979,152.65399
JVASP-3516,4,Br,129.7049,276.2979,152.65399
JVASP-3516,5,Br,129.7049,276.2979,152.65399
JVASP-22667,0,Ca,7.1443043,42.119957,41.43245
JVASP-22667,1,Ca,7.1443043,42.11996,41.43245
JVASP-22667,2,Br,129.70685,275.77115,152.1564
JVASP-22667,3,Br,129.70685,275.77115,152.1564
JVASP-22667,4,Br,129.70685,275.77115,152.1564
JVASP-22667,5,Br,129.70685,275.77115,152.15639
JVASP-18261,0,S,120.62229,7.909556,123.532364
JVASP-18261,1,S,120.62181,7.909588,123.53202
JVASP-18261,2,S,120.62217,7.9095817,123.532326
JVASP-18261,3,S,120.62156,7.909575,123.53175
JVASP-18261,4,Fe,83.65261,4.3785367,88.03114
JVASP-18261,5,Cu,6.285957,3.153328,3.1326327
JVASP-18261,6,Cu,6.285957,3.1533258,3.1326346
JVASP-18261,7,Sn,15.779985,4.595378,20.375362
JVASP-51048,0,Fe,98.52338,2.1805043,96.34287
JVASP-51048,1,Cu,7.4761615,3.7441072,5.2377625
JVASP-51048,2,Cu,7.4761615,3.7441096,5.237762
JVASP-51048,3,Sn,14.142537,1.165341,12.977197
JVASP-51048,4,S,124.049774,11.097073,115.57695
JVASP-51048,5,S,124.049774,11.097073,115.57695
JVASP-51048,6,S,124.049774,11.097073,115.57695
JVASP-51048,7,S,124.049774,11.097072,115.57696
JVASP-79389,0,Tc,13.092523,10.362542,23.455065
JVASP-79389,1,Tc,13.092523,10.362545,23.455067
JVASP-79389,2,As,62.0121,0.006777032,62.01888
JVASP-79389,3,As,62.0121,0.00677602,62.018875
JVASP-79389,4,As,17.303196,3.2344868,14.068709
JVASP-79389,5,As,62.0121,0.006775717,62.018875
JVASP-79389,6,As,62.0121,0.006775834,62.018875
JVASP-79389,7,As,17.303196,3.234489,14.0687065
JVASP-79400,0,Tc,32.186295,5.308973,26.877323
JVASP-79400,1,Tc,32.186295,5.3089747,26.877321
JVASP-79400,2,Tc,123.53756,23.877218,99.66034
JVASP-79400,3,As,72.93111,14.88558,87.81669
JVASP-67265,0,Ti,18.546312,11.857046,6.6892676
JVASP-67265,1,Be,7.065566,33.70885,40.774406
JVASP-67265,2,Rh,46.491726,6.8129506,39.678776
JVASP-80557,0,Ti,51.0228,37.949802,20.24266
JVASP-80557,1,Ti,51.0228,37.949802,20.242662
JVASP-80557,2,Be,6.211797,20.414165,25.649353
JVASP-80557,3,Be,6.211797,20.414164,25.649353
JVASP-80557,4,Be,6.211797,20.414164,25.64935
JVASP-80557,5,Be,6.211797,20.414164,25.64935
JVASP-80557,6,Rh,122.32723,31.684977,131.44638
JVASP-80557,7,Rh,122.32723,31.684978,131.44638
JVASP-2724,0,Al,1.6451328,6.86098,5.2158475
JVASP-2724,1,Al,1.6451328,6.8609767,5.215844
JVASP-2724,2,Cu,8.302848,0.6591228,8.961968
JVASP-2724,3,Cu,8.302848,0.65911835,8.961964
JVASP-2724,4,Se,133.34122,9.95807,123.75039
JVASP-2724,5,Se,133.34273,9.958251,123.75172
JVASP-2724,6,Se,133.34137,9.957951,123.75069
JVASP-2724,7,Se,133.34164,9.958158,123.75077
JVASP-8369,0,Al,1.6451328,6.860655,5.215523
JVASP-8369,1,Al,1.6451328,6.8606567,5.215524
JVASP-8369,2,Cu,8.301659,0.6588517,8.960508
JVASP-8369,3,Cu,8.301659,0.658843,8.9605
JVASP-8369,4,Se,133.34059,9.957882,123.74991
JVASP-8369,5,Se,133.3406,9.957976,123.749825
JVASP-8369,6,Se,133.34074,9.9578285,123.75013
JVASP-8369,7,Se,133.34064,9.957954,123.749916
JVASP-65541,0,Ba,91.58153,33.667,57.914524
JVASP-65541,1,In,58.332146,9.485829,48.846317
JVASP-65541,2,Pb,120.54429,22.418205,98.12608
JVASP-65541,3,Pb,120.54429,22.418203,98.12608
JVASP-65599,0,Ba,91.59377,33.653664,57.94011
JVASP-65599,1,In,58.35093,9.440685,48.910244
JVASP-65599,2,Pb,120.563065,22.39763,98.165436
JVASP-65599,3,Pb,120.563065,22.397627,98.16544
JVASP-67574,0,Be,0.042047594,125.288925,125.33057
JVASP-67574,1,Ge,77.42347,16.803158,94.22663
JVASP-67574,2,Te,43.73972,43.35275,87.09247
JVASP-67628,0,Be,3.9404123,26.353212,22.4128
JVASP-67628,1,Ge,4.94307,107.196396,102.25333
JVASP-67628,2,Te,120.28955,90.62591,29.663641
JVASP-67628,3,Te,112.29931,8.072784,120.37209
JVASP-37747,0,Na,9.428903,19.323372,28.752275
JVASP-37747,1,Na,9.428903,19.323368,28.752272
JVASP-37747,2,Na,9.428903,19.323372,28.752275
JVASP-37747,3,Tl,0.0,0.0,0.0
JVASP-79089,0,Na,3.0406332,8.86895,11.909583
JVASP-79089,1,Na,3.0406332,8.86895,11.909583
JVASP-79089,2,Na,8.134755,13.827361,21.962118
JVASP-79089,3,Na,3.0406332,8.868949,11.909582
JVASP-79089,4,Na,3.0406332,8.86895,11.909583
JVASP-79089,5,Na,8.134755,13.827361,21.962118
JVASP-79089,6,Tl,119.334236,10.479808,108.85443
JVASP-79089,7,Tl,119.334236,10.479807,108.85443
JVASP-12626,0,In,107.44196,132.97363,25.531668
JVASP-12626,1,In,107.44196,132.97363,25.531668
JVASP-12626,2,Fe,24.783937,43.331985,68.11592
JVASP-12626,3,Fe,24.783937,43.331985,68.11592
JVASP-12626,4,O,118.517334,118.79158,0.27424753
JVASP-12626,5,O,118.517334,118.79158,0.27424753
JVASP-12626,6,O,35.181614,0.7365459,35.91816
JVASP-12626,7,O,35.181614,0.73655003,35.918163
JVASP-12626,8,O,35.181614,0.7365523,35.918163
JVASP-12626,9,O,35.181614,0.7365479,35.91816
JVASP-8622,0,O,11.091871,2.8960075,13.987879
JVASP-8622,1,O,11.090666,2.8982515,13.988917
JVASP-8622,2,O,23.778631,63.269127,39.490494
JVASP-8622,3,O,23.779024,63.27258,39.493557
JVASP-8622,4,Fe,33.0586,18.564856,51.623455
JVASP-8622,5,Fe,33.05884,18.564629,51.623474
JVASP-8622,6,In,101.8883,135.96358,34.075287
JVASP-15416,0,O,86.29166,72.43791,13.853745
JVASP-15416,1,O,86.29166,72.4379,13.853757
JVASP-15416,2,O,98.45568,136.74532,43.12912
JVASP-15416,3,O,98.45537,136.7453,43.12982
JVASP-15416,4,Sr,32.100662,28.757633,3.3430295
JVASP-15416,5,Sr,32.100662,28.75763,3.343033
JVASP-15416,6,Ru,17.179115,10.364677,27.543793
JVASP-8782,0,O,117.4483,119.86738,51.953354
JVASP-8782,1,O,117.44637,119.86718,51.952053
JVASP-8782,2,O,119.06404,119.653694,60.17983
JVASP-8782,3,O,117.82602,116.26852,42.15029
JVASP-8782,4,O,117.448105,119.86711,51.95388
JVASP-8782,5,O,117.44784,119.866936,51.952904
JVASP-8782,6,Ru,6.6339498,8.359297,6.559578
JVASP-8782,7,Ru,6.6342177,8.359255,6.563193
JVASP-8782,8,Sr,15.348878,2.4204705,13.467814
JVASP-38692,0,Na,0.0,0.0,0.0
JVASP-38692,1,Ru,0.0,0.0,0.0
JVASP-38692,2,O,116.828415,76.510666,40.31775
JVASP-38692,3,O,116.82841,76.51064,40.31777
JVASP-38692,4,O,116.82841,76.51068,40.317738
JVASP-8122,0,O,28.886532,18.599052,10.28748
JVASP-8122,1,O,28.886532,18.599052,10.28748
JVASP-8122,2,Na,9.268372,74.818184,65.54981
JVASP-8122,3,Ru,74.53892,70.00736,4.531563
JVASP-66869,0,Sc,4.9312315,55.729317,60.660545
JVASP-66869,1,Be,3.8469315,11.268205,7.4212856
JVASP-66869,2,Os,109.6012,69.71229,39.888912
JVASP-67927,0,Be,1.5604025,5.689011,7.249353
JVASP-67927,1,Os,115.65185,5.5058026,121.157646
JVASP-67927,2,Sc,6.973697,6.5830655,0.39063132
JVASP-67927,3,Sc,69.35077,30.840397,38.510372
JVASP-15828,0,Ta,60.530308,21.839848,69.40011
JVASP-15828,1,Ta,60.527924,21.839334,69.39621
JVASP-15828,2,Ta,60.527924,21.839567,69.39596
JVASP-15828,3,Ge,122.21829,36.664696,95.750916
JVASP-15828,4,Ge,122.219666,36.66526,95.752266
JVASP-15828,5,Ge,122.21909,36.66494,95.751465
JVASP-15828,6,Ge,122.21909,36.664944,95.751465
JVASP-15828,7,Ge,122.219666,36.66526,95.752266
JVASP-15828,8,Ge,122.21829,36.664696,95.750916
JVASP-13968,0,Ta,60.532253,21.839882,69.40282
JVASP-13968,1,Ta,60.52965,21.839346,69.39756
JVASP-13968,2,Ta,60.528652,21.839577,69.396576
JVASP-13968,3,Ge,122.218575,36.664623,95.75167
JVASP-13968,4,Ge,122.22009,36.665184,95.75328
JVASP-13968,5,Ge,122.21923,36.664867,95.752045
JVASP-13968,6,Ge,122.21923,36.664867,95.75205
JVASP-13968,7,Ge,122.22009,36.665188,95.75328
JVASP-13968,8,Ge,122.218575,36.664623,95.75167
JVASP-16925,0,Al,0.005715476,2.7875566,2.7818415
JVASP-16925,1,Fe,0.03919184,3.1800678,3.2192597
JVASP-16925,2,O,74.33957,102.037865,27.807737
JVASP-16925,3,O,74.33957,102.037865,27.80774
JVASP-16925,4,O,74.3265,100.24174,25.915234
JVASP-11238,0,Al,21.557959,12.021873,9.536084
JVASP-11238,1,Al,21.557959,12.021877,9.536081
JVASP-11238,2,Fe,46.761982,30.353405,77.11539
JVASP-11238,3,Fe,46.761982,30.353401,77.11538
JVASP-11238,4,O,34.165485,35.018227,0.85274345
JVASP-11238,5,O,34.165485,35.01823,0.8527462
JVASP-11238,6,O,34.165485,35.018223,0.85274196
JVASP-11238,7,O,34.165485,35.018234,0.8527485
JVASP-11238,8,O,113.864525,113.056786,0.8077474
JVASP-11238,9,O,113.864525,113.05679,0.8077365
JVASP-17770,0,Pd,45.21508,64.59102,19.375938
JVASP-17770,1,Pd,45.21508,64.59102,19.375937
JVASP-17770,2,Pb,125.67125,91.892975,81.7948
JVASP-17770,3,Pb,125.67129,91.89115,81.79376
JVASP-17770,4,Pb,125.67125,91.892975,81.7948
JVASP-17770,5,Pb,125.67129,91.89049,81.79326
JVASP-17852,0,Pd,63.1307,68.00728,4.8765817
JVASP-17852,1,Pd,63.1307,68.00727,4.876573
JVASP-17852,2,Pd,63.1307,68.00727,4.8765683
JVASP-17852,3,Pb,0.0,0.0,0.0
JVASP-37480,0,Yb,38.667645,7.3438463,31.3238
JVASP-37480,1,Yb,38.667645,7.3438473,31.3238
JVASP-37480,2,Yb,112.19724,0.46443573,111.73281
JVASP-37480,3,Yb,38.667645,7.343852,31.323793
JVASP-37480,4,Yb,38.667645,7.3438525,31.323793
JVASP-37480,5,Yb,112.19724,0.4644387,111.73281
JVASP-37480,6,Ti,9.239475,4.423647,13.663123
JVASP-37480,7,Ti,9.239475,4.423649,13.663124
JVASP-37487,0,Yb,81.13445,8.603588,72.53087
JVASP-37487,1,Yb,81.13445,8.603584,72.53087
JVASP-37487,2,Yb,81.13445,8.60359,72.53086
JVASP-37487,3,Ti,0.0,0.0,0.0
JVASP-20516,0,Nb,111.407684,16.539995,94.8677
JVASP-20516,1,Nb,111.407684,16.539995,94.86769
JVASP-20516,2,Nb,111.407684,16.539988,94.8677
JVASP-20516,3,Nb,111.407684,16.53999,94.8677
JVASP-20516,4,Nb,111.407684,16.54,94.86768
JVASP-20516,5,Nb,111.407684,16.539999,94.86768
JVASP-20516,6,Os,0.0,0.0,0.0
JVASP-20516,7,Os,0.0,0.0,0.0
JVASP-20246,0,Nb,111.407684,16.53999,94.8677
JVASP-20246,1,Nb,111.407684,16.539988,94.8677
JVASP-20246,2,Nb,111.407684,16.53999,94.8677
JVASP-20246,3,Nb,111.407684,16.53999,94.8677
JVASP-20246,4,Nb,111.407684,16.539999,94.86768
JVASP-20246,5,Nb,111.407684,16.539999,94.86768
JVASP-20246,6,Os,0.0,0.0,0.0
JVASP-20246,7,Os,0.0,0.0,0.0
JVASP-8378,0,Mg,4.3511105,12.659483,8.308372
JVASP-8378,1,Cu,110.75395,99.17097,29.271828
JVASP-8378,2,Cu,110.75395,99.171,29.271818
JVASP-8378,3,N,38.127163,53.42972,49.10264
JVASP-8378,4,N,38.127163,53.429718,49.10264
JVASP-9240,0,Mg,44.985355,51.539345,14.607097
JVASP-9240,1,Mg,45.000584,51.54896,14.610172
JVASP-9240,2,Mg,37.395004,20.746567,32.98251
JVASP-9240,3,Mg,37.393764,20.74514,32.975178
JVASP-9240,4,Cu,92.52761,41.85095,62.917686
JVASP-9240,5,Cu,92.51834,41.85031,62.907284
JVASP-9240,6,N,41.273914,57.505764,20.001305
JVASP-9240,7,N,41.279377,57.50482,19.998814
JVASP-9240,8,N,100.73508,62.45023,55.190083
JVASP-9240,9,N,100.74041,62.451202,55.200115
JVASP-79191,0,In,109.97342,93.10768,16.869473
JVASP-79191,1,In,109.97342,93.10767,16.86948
JVASP-79191,2,In,109.97342,93.10767,16.86948
JVASP-79191,3,In,109.97342,93.107666,16.869488
JVASP-79191,4,Cu,47.161873,39.92532,7.241584
JVASP-79191,5,Cu,47.161873,39.92532,7.241584
JVASP-79191,6,Cu,47.161873,39.92532,7.241585
JVASP-79191,7,Cu,47.161873,39.92532,7.241585
JVASP-16741,0,In,61.926777,23.409683,38.51709
JVASP-16741,1,In,61.926777,23.409687,38.51709
JVASP-16741,2,Cu,19.461197,23.95097,4.489779
JVASP-16741,3,Cu,19.461197,23.950968,4.489776
JVASP-16741,4,Cu,15.097432,25.36985,10.272422
JVASP-16741,5,Cu,15.097432,25.369846,10.27242
JVASP-39264,0,Fe,49.593594,6.9877806,42.605812
JVASP-39264,1,Re,109.53832,1.879876,111.418205
JVASP-41398,0,Fe,20.118732,9.5207405,24.666527
JVASP-41398,1,Fe,20.120193,9.52076,24.667295
JVASP-41398,2,Fe,20.118732,9.5207405,24.666527
JVASP-41398,3,Fe,20.119257,9.520739,24.66706
JVASP-41398,4,Fe,20.120193,9.520761,24.667297
JVASP-41398,5,Fe,20.119257,9.52074,24.667063
JVASP-41398,6,Re,39.771957,5.0824976,34.68946
JVASP-41398,7,Re,39.771957,5.0824947,34.689465
JVASP-67864,0,Be,2.9508197,94.3103,91.35949
JVASP-67864,1,Cd,108.312355,41.200344,67.11201
JVASP-67864,2,K,48.795467,7.274902,56.07037
JVASP-74873,0,K,0.26862738,0.65712315,0.92575055
JVASP-74873,1,K,0.26862738,0.6571225,0.92574984
JVASP-74873,2,Be,0.03919184,0.6194018,0.58021
JVASP-74873,3,Be,0.03919184,0.61940217,0.5802103
JVASP-74873,4,Cd,1.1496272,0.28369436,0.86593276
JVASP-74873,5,Cd,0.012247449,0.05770325,0.0699507
JVASP-74873,6,Cd,1.1496272,0.2836933,0.86593384
JVASP-74873,7,Cd,0.012247449,0.057704493,0.06995194
JVASP-18105,0,Li,1.0761424,10.397806,9.321664
JVASP-18105,1,Li,1.0761424,10.397807,9.321664
JVASP-18105,2,Fe,3.2561884,12.46261,15.718799
JVASP-18105,3,Fe,3.2561884,12.462609,15.718797
JVASP-18105,4,As,48.022247,22.829338,25.192905
JVASP-18105,5,As,48.022247,22.829338,25.192905
JVASP-35940,0,Li,0.32007292,14.233529,14.521754
JVASP-35940,1,Li,0.32007292,14.233528,14.521753
JVASP-35940,2,Fe,16.549995,39.63074,56.18073
JVASP-35940,3,Fe,16.549995,39.630745,56.18073
JVASP-35940,4,As,106.44299,15.144985,91.435394
JVASP-35940,5,As,106.44299,15.144986,91.435394
JVASP-30668,0,Y,107.882904,24.075537,131.26102
JVASP-30668,1,Cr,50.004704,37.61435,71.68104
JVASP-30668,2,F,67.78186,34.85194,33.359436
JVASP-30668,3,F,67.78186,34.851936,33.359436
JVASP-30668,4,F,91.57239,44.154827,47.639786
JVASP-30668,5,F,91.57239,44.154827,47.63979
JVASP-30668,6,F,8.088326,37.785675,45.427986
JVASP-8382,0,Y,70.466446,23.588297,94.01046
JVASP-8382,1,Cr,48.059635,38.0255,69.25743
JVASP-8382,2,F,65.70135,27.043682,38.69447
JVASP-8382,3,F,65.70135,27.04368,38.694473
JVASP-8382,4,F,94.041016,38.39871,56.19377
JVASP-8382,5,F,94.041016,38.39871,56.19377
JVASP-8382,6,F,14.293316,36.384483,45.827133
JVASP-17827,0,Ce,18.207466,11.123319,29.330784
JVASP-17827,1,Ce,18.207466,11.123319,29.330784
JVASP-17827,2,Cu,64.76574,23.891434,40.8743
JVASP-17827,3,Cu,64.76574,23.891428,40.87431
JVASP-17827,4,Ge,22.301378,25.046926,2.7455478
JVASP-17827,5,Ge,22.301378,25.046926,2.7455478
JVASP-7954,0,Ce,52.161884,16.705626,68.867516
JVASP-7954,1,Ce,52.161884,16.705626,68.867516
JVASP-7954,2,Cu,14.199692,17.73141,3.531718
JVASP-7954,3,Cu,14.199692,17.73141,3.5317178
JVASP-7954,4,Cu,14.199692,17.731411,3.531719
JVASP-7954,5,Cu,14.199692,17.73141,3.5317178
JVASP-7954,6,Ge,104.977776,59.067116,45.91066
JVASP-7954,7,Ge,104.977776,59.06712,45.91066
JVASP-7954,8,Ge,104.977776,59.06712,45.91066
JVASP-7954,9,Ge,104.977776,59.06712,45.91066
JVASP-14539,0,Sr,58.222332,25.328575,32.893757
JVASP-14539,1,Ag,98.794044,253.65411,154.86006
JVASP-14539,2,Ag,113.25982,289.32828,178.6484
JVASP-14539,3,Ag,113.26141,289.3286,178.64738
JVASP-14539,4,Ag,113.26141,289.3286,178.64742
JVASP-14539,5,Ag,98.794044,253.6541,154.86005
JVASP-8707,0,Ag,66.04746,61.78914,34.77571
JVASP-8707,1,Ag,66.04746,61.78914,34.775707
JVASP-8707,2,Ag,66.047226,61.78913,34.77689
JVASP-8707,3,Ag,66.047226,61.78913,34.77689
JVASP-8707,4,Sr,11.401299,8.044902,3.3699656
JVASP-8707,5,Sr,11.401299,8.044902,3.3699653
JVASP-17641,0,Ca,15.562425,32.972557,17.410131
JVASP-17641,1,Ca,15.562425,32.972557,17.410131
JVASP-17641,2,Mn,15.264403,4.637734,19.902136
JVASP-17641,3,Mn,15.264403,4.6377325,19.902136
JVASP-17641,4,Ge,21.805359,17.370874,39.176235
JVASP-17641,5,Ge,21.805359,17.370876,39.176235
JVASP-17516,0,Ca,22.945902,88.13461,65.18871
JVASP-17516,1,Mn,27.023476,20.076096,6.94738
JVASP-17516,2,Mn,27.023476,20.076094,6.9473825
JVASP-17516,3,Ge,102.65185,69.1677,33.484142
JVASP-17516,4,Ge,102.65185,69.16771,33.48414
JVASP-18145,0,Ni,33.836224,33.154823,60.198513
JVASP-18145,1,Ni,33.836224,33.154823,60.19852
JVASP-18145,2,Y,58.19897,23.804853,57.057186
JVASP-18145,3,Y,58.19897,23.804853,57.057186
JVASP-18145,4,In,102.27079,59.409107,66.08159
JVASP-18145,5,In,102.27079,59.409107,66.08159
JVASP-18145,6,In,102.27079,59.409107,66.08159
JVASP-18145,7,In,102.27079,59.409107,66.08159
JVASP-53281,0,Y,19.11544,27.696611,23.997145
JVASP-53281,1,Y,19.115524,27.696459,23.999767
JVASP-53281,2,Y,19.11544,27.696611,23.997145
JVASP-53281,3,In,43.927853,27.396866,28.912369
JVASP-53281,4,In,43.92497,27.39671,28.909557
JVASP-53281,5,In,43.927853,27.396868,28.912369
JVASP-53281,6,Ni,31.445736,5.7834296,37.229164
JVASP-53281,7,Ni,69.000084,26.035799,42.964287
JVASP-53281,8,Ni,69.000084,26.035799,42.964287
JVASP-37647,0,Hg,101.28886,5.0837855,106.37264
JVASP-37647,1,Hg,101.28886,5.0837846,106.37264
JVASP-37647,2,Hg,101.28886,5.0837855,106.37264
JVASP-37647,3,Bi,0.0,0.0,0.0
JVASP-37648,0,Hg,0.0,0.0,0.0
JVASP-37648,1,Bi,76.35142,8.285729,68.06568
JVASP-37648,2,Bi,76.35142,8.285733,68.06568
JVASP-37648,3,Bi,76.35141,8.285731,68.06568
JVASP-14642,0,V,8.903079,2.7944515,11.69753
JVASP-14642,1,V,8.903079,2.7944527,11.697533
JVASP-14642,2,V,8.903079,2.7944539,11.697533
JVASP-14642,3,V,8.903079,2.79445,11.697529
JVASP-14642,4,V,8.903079,2.7944512,11.69753
JVASP-14642,5,V,8.903079,2.794452,11.69753
JVASP-14642,6,As,0.0,0.0,0.0
JVASP-14642,7,As,0.0,0.0,0.0
JVASP-17558,0,V,26.134031,16.965286,17.910192
JVASP-17558,1,V,26.134031,16.965284,17.910192
JVASP-17558,2,V,26.134031,16.965282,17.910192
JVASP-17558,3,V,26.134031,16.965286,17.910192
JVASP-17558,4,As,105.69732,16.419842,91.90922
JVASP-17558,5,As,105.69732,16.41984,91.90922
JVASP-17558,6,As,105.69732,16.41984,91.90922
JVASP-17558,7,As,105.69732,16.419844,91.90921
JVASP-18565,0,Tl,0.0,0.0,0.0
JVASP-18565,1,Bi,0.0,0.0,0.0
JVASP-18640,0,Tl,44.246357,14.218221,30.028135
JVASP-18640,1,Bi,99.72485,15.354921,115.07978
JVASP-18640,2,Bi,99.72485,15.3549185,115.07977
JVASP-36965,0,Rb,1.8956931,47.20744,45.441692
JVASP-36965,1,Rb,1.8956931,47.20744,45.441692
JVASP-36965,2,Pb,52.341003,43.85295,93.97396
JVASP-36965,3,Pb,52.341003,43.85295,93.97396
JVASP-36965,4,Cl,63.88528,58.036964,12.073744
JVASP-36965,5,Cl,63.88528,58.03696,12.07375
JVASP-36965,6,Cl,63.878277,60.00348,13.035331
JVASP-36965,7,Cl,63.878277,60.00348,13.035328
JVASP-36965,8,Cl,95.37491,109.23088,14.410439
JVASP-36965,9,Cl,95.37491,109.23088,14.410439
JVASP-36966,0,Rb,13.661503,9.476707,19.08099
JVASP-36966,1,Pb,2.3940163,4.415481,3.4216747
JVASP-36966,2,Cl,95.27273,132.31184,37.68302
JVASP-36966,3,Cl,96.95627,132.31284,35.557255
JVASP-36966,4,Cl,98.7251,136.66295,38.34309
JVASP-14532,0,P,0.0,0.0,0.0
JVASP-14532,1,Yb,0.008246211,5.8817168e-05,0.008246015
JVASP-37499,0,Yb,0.0,0.0,0.0
JVASP-37499,1,P,98.19432,20.520752,77.67358
JVASP-37499,2,P,98.19432,20.520754,77.67358
JVASP-37499,3,P,98.19432,20.520748,77.67358
JVASP-15404,0,Ce,4.210673,52.52866,56.73933
JVASP-15404,1,Ce,4.210673,52.528652,56.739326
JVASP-15404,2,Si,30.026663,33.881245,3.8545847
JVASP-15404,3,Si,30.026663,33.88125,3.8545866
JVASP-15404,4,Si,30.026663,33.881245,3.8545845
JVASP-15404,5,Si,30.026663,33.88125,3.8545866
JVASP-15404,6,Ni,0.026944388,12.22966,12.202715
JVASP-15404,7,Ni,0.026944388,12.22966,12.202715
JVASP-15404,8,Ni,0.026944388,12.22966,12.202715
JVASP-15404,9,Ni,0.026944388,12.22966,12.202715
JVASP-17800,0,Si,18.026747,18.75659,2.9821186
JVASP-17800,1,Si,18.027355,18.756577,2.9826567
JVASP-17800,2,Ni,97.21153,9.146287,105.51955
JVASP-17800,3,Ni,97.21576,9.146287,105.52369
JVASP-17800,4,Ce,80.6643,14.138713,90.713036
JVASP-17800,5,Ce,80.668045,14.138725,90.716896
JVASP-66698,0,Be,1.6828029,14.204689,12.52189
JVASP-66698,1,Hg,95.80444,10.887885,106.69233
JVASP-66698,2,Si,5.156176,71.08604,76.24221
JVASP-68136,0,Be,0.75541955,7.29173,8.047005
JVASP-68136,1,Hg,5.05493,1.5066258,3.548304
JVASP-68136,2,Si,7.7477365,13.556758,5.8090215
JVASP-68136,3,Si,36.221424,23.10077,13.120651
JVASP-39440,0,Ru,94.921,49.93709,144.8581
JVASP-39440,1,Ru,94.9214,49.93709,144.85849
JVASP-39440,2,I,15.145195,29.233995,44.379192
JVASP-39440,3,I,15.145195,29.234001,44.379196
JVASP-39482,0,Ru,67.98558,10.993844,56.99174
JVASP-39482,1,Ru,67.98558,10.993847,56.991737
JVASP-39482,2,Ru,67.98559,10.993854,56.991734
JVASP-39482,3,I,0.0,0.0,0.0
JVASP-78922,0,H,50.366577,66.86143,16.494848
JVASP-78922,1,Li,6.2547913,21.89086,15.636068
JVASP-78922,2,Li,1.7363352,13.041966,11.305632
JVASP-78922,3,N,94.15872,74.979675,19.17905
JVASP-8805,0,Li,3.5221324,43.700947,42.9607
JVASP-8805,1,Li,3.5221324,43.700947,42.9607
JVASP-8805,2,Li,3.5221324,43.700943,42.9607
JVASP-8805,3,Li,3.5221324,43.70095,42.960705
JVASP-8805,4,H,43.423477,75.30561,39.48127
JVASP-8805,5,H,43.423477,75.30561,39.481274
JVASP-8805,6,N,83.393654,83.87754,4.154525
JVASP-8805,7,N,83.393654,83.87753,4.1545315
JVASP-38172,0,Rb,13.09482,3.4768126,10.651864
JVASP-38172,1,Rb,13.095258,3.4768791,10.652347
JVASP-38172,2,Rb,13.09482,3.4768136,10.651862
JVASP-38172,3,Rb,13.09482,3.4768138,10.651862
JVASP-38172,4,Rb,13.095258,3.4768777,10.652347
JVASP-38172,5,Rb,13.09482,3.476813,10.651862
JVASP-38172,6,Pr,0.6944307,1.2750809,0.58065087
JVASP-38172,7,Pr,0.6944307,1.2750812,0.5806511
JVASP-38298,0,Rb,3.4325516,0.40030387,3.0322478
JVASP-38298,1,Rb,3.4325516,0.40030497,3.0322466
JVASP-38298,2,Pr,30.937056,8.923051,22.014004
JVASP-38298,3,Pr,30.937056,8.923051,22.014004
JVASP-38298,4,Pr,93.77708,19.361143,74.41593
JVASP-38298,5,Pr,30.937056,8.923051,22.014004
JVASP-38298,6,Pr,30.937056,8.923051,22.014004
JVASP-38298,7,Pr,93.77708,19.361143,74.41593
JVASP-36463,0,Ca,92.9116,126.048294,33.1367
JVASP-36463,1,Ca,92.9116,126.0483,33.136707
JVASP-36463,2,Ca,92.9116,126.048294,33.1367
JVASP-36463,3,Sb,0.0,0.0,0.0
JVASP-36463,4,Sb,0.0,0.0,0.0
JVASP-8219,0,Ca,18.652456,12.001088,6.6513686
JVASP-8219,1,Ca,13.595235,50.437176,42.94055
JVASP-8219,2,Ca,18.651833,12.005054,6.646778
JVASP-8219,3,Ca,13.597274,50.437172,42.93974
JVASP-8219,4,Sb,43.575123,6.110206,37.464916
JVASP-8219,5,Sb,43.612694,6.111681,37.50101
JVASP-35899,0,Hf,75.71046,21.680555,54.029907
JVASP-35899,1,Hf,75.71046,21.680555,54.029907
JVASP-35899,2,V,10.830827,29.714056,18.883228
JVASP-35899,3,V,10.830827,29.714056,18.88323
JVASP-35899,4,Ge,6.7205834,35.465275,28.744692
JVASP-35899,5,Ge,6.7205834,35.465275,28.744692
JVASP-15960,0,V,25.238216,61.55688,36.37103
JVASP-15960,1,V,25.240139,61.5569,36.36923
JVASP-15960,2,Ge,0.20753795,44.436558,44.644085
JVASP-15960,3,Ge,0.20753795,44.436554,44.64408
JVASP-15960,4,Hf,92.095024,43.974373,48.120655
JVASP-15960,5,Hf,92.095024,43.974373,48.120655
JVASP-69064,0,Ba,91.383934,22.697365,114.0813
JVASP-69064,1,Re,88.384125,7.166886,81.21724
JVASP-69064,2,Cl,37.675602,6.5071616,44.182762
JVASP-69064,3,Cl,20.943136,5.523924,15.419213
JVASP-69281,0,Ba,91.40989,22.708752,114.11824
JVASP-69281,1,Re,88.3765,7.1641946,81.212395
JVASP-69281,2,Cl,37.67206,6.493175,44.164772
JVASP-69281,3,Cl,20.967793,5.5076175,15.461106
JVASP-16018,0,Sm,47.474785,19.538584,27.936201
JVASP-16018,1,Sm,47.474785,19.538584,27.936203
JVASP-16018,2,Cu,90.78055,92.075874,1.2954183
JVASP-16018,3,Cu,90.78055,92.075874,1.2954167
JVASP-16018,4,Si,0.5266403,33.645042,34.17168
JVASP-16018,5,Si,0.5266403,33.645042,34.17168
JVASP-15298,0,Sm,28.781504,28.389376,57.17088
JVASP-15298,1,Sm,28.781504,28.389376,57.17088
JVASP-15298,2,Cu,16.36749,12.050767,4.316724
JVASP-15298,3,Cu,16.36749,12.050769,4.316722
JVASP-15298,4,Cu,16.36749,12.050767,4.316724
JVASP-15298,5,Cu,16.36749,12.050768,4.3167224
JVASP-15298,6,Si,17.228893,15.627809,1.6010853
JVASP-15298,7,Si,17.228893,15.627808,1.6010863
JVASP-15298,8,Si,17.228893,15.627808,1.6010865
JVASP-15298,9,Si,17.228893,15.627808,1.6010863
JVASP-12166,0,Ho,9.037393,48.47976,39.442364
JVASP-12166,1,Ho,9.037393,48.479767,39.44237
JVASP-12166,2,Ho,9.036168,48.479424,39.443256
JVASP-12166,3,Ho,9.037393,48.480114,39.442722
JVASP-12166,4,Ho,9.037393,48.48011,39.44272
JVASP-12166,5,Ho,9.036168,48.479416,39.44325
JVASP-12166,6,Br,61.70142,49.691757,12.0096655
JVASP-12166,7,Br,61.70142,49.691757,12.0096655
JVASP-12166,8,Br,61.701015,49.69491,12.006106
JVASP-12166,9,Br,61.70142,49.68989,12.011533
JVASP-12166,10,Br,61.70142,49.68989,12.01153
JVASP-12166,11,Br,61.701015,49.6949,12.006115
JVASP-12166,12,O,21.721666,35.30102,57.022686
JVASP-12166,13,O,21.721666,35.301025,57.02269
JVASP-12166,14,O,21.722485,35.300446,57.02293
JVASP-12166,15,O,21.722076,35.299026,57.021103
JVASP-12166,16,O,21.722076,35.299034,57.021107
JVASP-12166,17,O,21.722485,35.300453,57.022938
JVASP-30162,0,Ho,90.2365,145.35992,104.40692
JVASP-30162,1,Ho,90.2365,145.35992,104.406906
JVASP-30162,2,Br,54.434784,91.36093,44.924385
JVASP-30162,3,Br,54.434784,91.36093,44.924393
JVASP-30162,4,O,6.8385863,47.73486,53.4569
JVASP-30162,5,O,6.8385863,47.73485,53.456894
JVASP-29267,0,C,6.6236315,50.02948,56.646446
JVASP-29267,1,Cl,97.41225,42.03922,59.432884
JVASP-29267,2,Cl,97.41225,42.03922,59.432888
JVASP-29267,3,Cl,14.696987,19.629992,7.722041
JVASP-29267,4,Cl,14.696987,19.629992,7.722042
JVASP-29267,5,Cl,15.000535,17.717245,10.873689
JVASP-29267,6,Cl,15.000535,17.717245,10.87369
JVASP-29267,7,Cl,85.31987,49.904102,35.94258
JVASP-29267,8,Cl,85.31987,49.9041,35.94258
JVASP-29267,9,Sc,28.423779,11.280761,20.280056
JVASP-29267,10,Sc,28.423779,11.280757,20.28006
JVASP-29267,11,Sc,27.145515,30.054054,11.645772
JVASP-29267,12,Sc,27.145515,30.054052,11.645769
JVASP-29267,13,Sc,27.290998,12.484836,34.055508
JVASP-3993,0,Sc,2.2788436,20.865202,18.586359
JVASP-3993,1,Sc,2.2788436,20.865196,18.586355
JVASP-3993,2,C,0.600125,6.6962605,6.096135
JVASP-3993,3,Cl,17.52406,10.800761,28.324818
JVASP-3993,4,Cl,17.52406,10.800759,28.324818
JVASP-76931,0,Li,1.1938931,55.793793,54.603985
JVASP-76931,1,Li,1.1938931,55.793777,54.60397
JVASP-76931,2,Zn,48.23509,96.79441,55.624203
JVASP-76931,3,Zn,48.23509,96.79441,55.624203
JVASP-76931,4,Hg,97.65292,126.39605,47.989708
JVASP-76931,5,Hg,97.65292,126.396034,47.989693
JVASP-76931,6,Hg,97.65292,126.39603,47.989685
JVASP-76931,7,Hg,97.65292,126.39603,47.989685
JVASP-81241,0,Li,1.1917576,56.080963,54.893326
JVASP-81241,1,Li,1.1917576,56.08095,54.89332
JVASP-81241,2,Zn,48.1189,97.01662,55.916756
JVASP-81241,3,Zn,48.1189,97.0166,55.916748
JVASP-81241,4,Hg,97.46821,126.702644,48.228195
JVASP-81241,5,Hg,97.46821,126.70265,48.228203
JVASP-81241,6,Hg,97.46821,126.702644,48.228195
JVASP-81241,7,Hg,97.46821,126.70267,48.22821
JVASP-14520,0,Sn,100.36648,21.598614,81.92054
JVASP-14520,1,Sn,100.36648,21.598616,81.92053
JVASP-14520,2,Sn,100.36648,21.598614,81.92054
JVASP-14520,3,Sn,100.36648,21.598616,81.92053
JVASP-14520,4,Pd,17.225916,18.060863,6.403528
JVASP-14520,5,Pd,17.225916,18.060863,6.4035277
JVASP-14520,6,Pd,17.225916,18.060863,6.403528
JVASP-14520,7,Pd,17.225916,18.060865,6.403528
JVASP-18948,0,Sn,0.0,0.0,0.0
JVASP-18948,1,Pd,67.062126,48.31434,18.747791
JVASP-18948,2,Pd,67.062126,48.31433,18.747799
JVASP-18948,3,Pd,67.062126,48.314335,18.747795
JVASP-37663,0,Pr,0.9381545,8.630457,7.6923027
JVASP-37663,1,Pr,0.9381545,8.630459,7.6923046
JVASP-37663,2,H,1.1504437,17.740952,16.590508
JVASP-37663,3,H,1.1504437,17.74095,16.590508
JVASP-37663,4,H,2.1318724,23.60472,21.472847
JVASP-37663,5,H,1.1504437,17.740952,16.590508
JVASP-37663,6,H,1.1504437,17.740952,16.590508
JVASP-37663,7,H,2.1318724,23.604715,21.472841
JVASP-38405,0,Pr,86.94709,14.801843,72.14524
JVASP-38405,1,Pr,86.94709,14.801841,72.14525
JVASP-38405,2,H,1.6864738,6.040649,4.3541756
JVASP-38405,3,H,1.6864738,6.040643,4.3541703
JVASP-65275,0,Mn,4.9479723,10.638262,5.6902957
JVASP-65275,1,Be,5.976759,15.374404,9.397652
JVASP-65275,2,Pd,86.35432,43.033115,43.3212
JVASP-68224,0,Be,0.049866486,13.793712,13.743906
JVASP-68224,1,Mn,10.5622,8.449685,2.1125147
JVASP-68224,2,Pd,81.94523,19.73886,62.206367
JVASP-68224,3,Pd,46.660328,18.620802,28.039528
JVASP-19946,0,U,0.0,0.0,0.0
JVASP-19946,1,Al,37.936066,35.170258,2.7658052
JVASP-19946,2,Al,37.936066,35.170258,2.7658052
JVASP-19946,3,Al,37.936066,35.170254,2.7658095
JVASP-55099,0,U,85.96835,14.956357,72.28614
JVASP-55099,1,U,85.96835,14.956358,72.28613
JVASP-55099,2,Al,9.00838,24.080196,29.303633
JVASP-55099,3,Al,9.00875,24.080097,29.303759
JVASP-55099,4,Al,9.008374,24.0801,29.303942
JVASP-55099,5,Al,34.403893,17.01482,30.794317
JVASP-55099,6,Al,9.00864,24.080193,29.303879
JVASP-55099,7,Al,24.576324,18.503044,11.666107
JVASP-55099,8,Al,24.576324,18.503044,11.666106
JVASP-55099,9,Al,34.403385,17.01465,30.793066
JVASP-34236,0,Be,1.0822939,7.1266637,6.04438
JVASP-34236,1,O,20.692165,14.7491455,6.8964133
JVASP-34236,2,O,20.692644,14.748844,6.8972173
JVASP-34236,3,Be,1.0831873,7.1266685,6.0434923
JVASP-34236,4,O,20.687986,14.74652,6.8950033
JVASP-34236,5,O,20.68779,14.746794,6.8946652
JVASP-34236,6,Zn,48.015385,11.046617,36.968765
JVASP-34236,7,Zn,48.014004,11.046619,36.967384
JVASP-37873,0,Be,0.0,0.0,0.0
JVASP-37873,1,Zn,0.0,0.0,0.0
JVASP-37873,2,O,84.74581,16.467741,101.213554
JVASP-37873,3,O,84.74581,16.46774,101.21355
JVASP-37873,4,O,84.74581,16.46774,101.21355
JVASP-67568,0,Li,1.3415039,7.8256087,6.4841046
JVASP-67568,1,Ti,84.36206,12.296526,72.06554
JVASP-67568,2,Be,6.383717,9.453656,3.1128724
JVASP-67568,3,Be,6.383717,9.45364,3.1128538
JVASP-68039,0,Li,0.47683403,18.212944,18.689781
JVASP-68039,1,Ti,10.7998,12.235985,1.4361848
JVASP-68039,2,Ti,6.4544053,1.7102251,4.74418
JVASP-68039,3,Be,0.6025745,4.6447153,4.0421405
JVASP-36132,0,Hf,0.0,0.0,0.0
JVASP-36132,1,Os,83.64028,2.5454705,81.09481
JVASP-36132,2,Os,83.640274,2.545474,81.09481
JVASP-36132,3,Os,83.640274,2.5454752,81.09481
JVASP-16541,0,Hf,0.0,0.0,0.0
JVASP-16541,1,Os,0.0,0.0,0.0
JVASP-35275,0,Ho,36.8342,18.338837,18.495365
JVASP-35275,1,Ho,36.8342,18.338839,18.495363
JVASP-35275,2,Cu,2.7647095,14.730808,11.966163
JVASP-35275,3,Cu,2.7647095,14.73081,11.966166
JVASP-35275,4,Sn,82.53188,27.393562,55.13832
JVASP-35275,5,Sn,82.53188,27.393564,55.13832
JVASP-35897,0,Ho,43.12939,30.660782,12.468609
JVASP-35897,1,Ho,43.12939,30.660782,12.468609
JVASP-35897,2,Cu,37.996487,44.236748,6.2402654
JVASP-35897,3,Cu,37.996487,44.236748,6.2402654
JVASP-35897,4,Sn,42.471703,66.52826,24.056559
JVASP-35897,5,Sn,42.471703,66.52826,24.056557
JVASP-16023,0,Y,17.996403,0.4228723,17.573528
JVASP-16023,1,Y,17.996403,0.42287245,17.573528
JVASP-16023,2,Cu,81.76765,65.47708,16.29057
JVASP-16023,3,Cu,81.76765,65.47708,16.29057
JVASP-16023,4,Si,3.4341846,16.162588,12.728404
JVASP-16023,5,Si,3.4341846,16.162586,12.728403
JVASP-15196,0,Si,13.786097,7.705866,6.0802307
JVASP-15196,1,Si,13.786097,7.705865,6.0802317
JVASP-15196,2,Cu,15.554767,0.6430239,14.911742
JVASP-15196,3,Cu,15.554767,0.6430235,14.911743
JVASP-15196,4,Y,15.397071,32.00601,47.40308
JVASP-15566,0,Er,81.1271,74.87167,6.25542
JVASP-15566,1,Er,81.1271,74.87167,6.25542
JVASP-15566,2,Si,4.084116,8.256271,4.1721554
JVASP-15566,3,Si,4.084116,8.256271,4.172156
JVASP-15566,4,Si,4.084116,8.256272,4.172157
JVASP-15566,5,Si,4.084116,8.256272,4.172157
JVASP-15566,6,Rh,2.789969,1.8191266,4.6090956
JVASP-15566,7,Rh,2.789969,1.8191273,4.6090965
JVASP-15566,8,Rh,2.789969,1.819127,4.6090956
JVASP-15566,9,Rh,2.789969,1.8191254,4.6090946
JVASP-56262,0,Er,51.080433,3.3683746,54.44881
JVASP-56262,1,Si,52.06554,5.9359,58.00144
JVASP-56262,2,Si,52.06554,5.9359026,58.00144
JVASP-56262,3,Rh,55.185093,29.850138,31.451626
JVASP-56262,4,Rh,55.18738,29.850307,31.451189
JVASP-56262,5,Rh,55.185093,29.850145,31.451624
JVASP-37699,0,K,0.4498896,2.0082412,2.4581308
JVASP-37699,1,K,0.4498896,2.0082402,2.45813
JVASP-37699,2,Nd,24.268726,8.126011,16.142715
JVASP-37699,3,Nd,24.268726,8.126011,16.142715
JVASP-37699,4,Nd,80.580864,15.3301525,65.25071
JVASP-37699,5,Nd,24.268726,8.126013,16.142714
JVASP-37699,6,Nd,24.268726,8.126011,16.142715
JVASP-37699,7,Nd,80.580864,15.3301525,65.25071
JVASP-38432,0,K,6.024324,6.8651958,1.0659678
JVASP-38432,1,K,6.0241823,6.8649397,1.0659854
JVASP-38432,2,K,6.0241823,6.864939,1.0659846
JVASP-38432,3,K,6.024324,6.865198,1.0659696
JVASP-38432,4,K,6.0241823,6.86494,1.0659862
JVASP-38432,5,K,6.0241823,6.864941,1.0659875
JVASP-38432,6,Nd,8.347045,0.87895894,7.4680853
JVASP-38432,7,Nd,8.346636,0.8789561,7.4676805
JVASP-15295,0,Mn,16.398497,10.520493,5.8780036
JVASP-15295,1,Mn,16.398497,10.52049,5.8780065
JVASP-15295,2,Ge,75.478516,61.920353,13.558165
JVASP-15295,3,Ge,75.478516,61.920357,13.558162
JVASP-15295,4,Tm,75.600655,86.96923,11.368573
JVASP-16634,0,Tm,27.379467,33.447624,50.595894
JVASP-16634,1,Tm,27.372297,33.4474,50.5918
JVASP-16634,2,Tm,27.379467,33.447624,50.595894
JVASP-16634,3,Mn,27.164032,9.59874,27.686401
JVASP-16634,4,Mn,27.163586,9.598611,27.686337
JVASP-16634,5,Mn,27.163586,9.598613,27.686338
JVASP-16634,6,Ge,79.52391,7.626431,87.15034
JVASP-16634,7,Ge,79.52391,7.6264315,87.150345
JVASP-16634,8,Ge,49.86304,5.2714725,55.134514
JVASP-67082,0,Be,7.154959,5.828977,1.3259825
JVASP-67082,1,Be,7.154959,5.828975,1.3259842
JVASP-67082,2,Ga,78.97971,57.94532,21.03439
JVASP-67082,3,Ga,78.97971,57.945324,21.034384
JVASP-67082,4,Ru,58.114147,53.43949,4.6746526
JVASP-67082,5,Ru,58.114147,53.439503,4.6746435
JVASP-67950,0,Be,3.3084452,19.48089,16.172447
JVASP-67950,1,Ga,37.984238,21.037281,16.946955
JVASP-67950,2,Ru,35.18447,1.9376767,37.122147
JVASP-67950,3,Ru,37.865845,10.975933,26.889912
JVASP-35865,0,Er,59.191105,39.342678,19.848427
JVASP-35865,1,Er,59.191105,39.342686,19.84842
JVASP-35865,2,Zn,77.7762,108.192635,30.416433
JVASP-35865,3,Zn,77.7762,108.19262,30.416424
JVASP-35865,4,Ga,45.391087,154.24289,108.85181
JVASP-35865,5,Ga,45.391087,154.24289,108.85181
JVASP-35869,0,Er,66.52692,40.542904,25.984015
JVASP-35869,1,Er,66.52692,40.542908,25.98401
JVASP-35869,2,Zn,44.965282,79.69013,34.724846
JVASP-35869,3,Zn,44.965282,79.690125,34.72484
JVASP-35869,4,Ga,46.54194,97.726074,51.18414
JVASP-35869,5,Ga,46.54194,97.726074,51.18414
JVASP-35544,0,Sr,9.586895,6.99462,2.592275
JVASP-35544,1,Sr,9.586895,6.994619,2.592276
JVASP-35544,2,Sr,9.586895,6.9946184,2.5922766
JVASP-35544,3,Sr,9.586895,6.9946227,2.5922725
JVASP-35544,4,Cu,51.647488,58.905144,7.2576547
JVASP-35544,5,Cu,51.647488,58.90514,7.257649
JVASP-35544,6,Cu,51.807934,58.905155,7.0972276
JVASP-35544,7,Cu,51.807934,58.905148,7.0972185
JVASP-8017,0,Sr,77.23853,27.406864,49.83167
JVASP-8017,1,Cu,55.11812,67.23924,15.38604
JVASP-8017,2,Cu,40.941998,65.29804,24.356045
JVASP-8017,3,Cu,40.941998,65.29804,24.356045
JVASP-8017,4,Cu,55.12293,67.239235,15.382035
JVASP-8017,5,Cu,55.12293,67.239235,15.382038
JVASP-37736,0,K,12.767556,0.06785327,12.83541
JVASP-37736,1,K,12.767556,0.06785321,12.83541
JVASP-37736,2,K,25.788229,7.7924943,33.580723
JVASP-37736,3,K,12.767556,0.06785265,12.83541
JVASP-37736,4,K,12.767556,0.067853376,12.83541
JVASP-37736,5,K,25.788229,7.7924953,33.580723
JVASP-37736,6,In,76.20934,2.3322988,73.877045
JVASP-37736,7,In,76.20934,2.3322985,73.877045
JVASP-37737,0,K,28.632084,5.9520717,34.584156
JVASP-37737,1,K,28.632084,5.9520717,34.584156
JVASP-37737,2,K,28.632086,5.952072,34.584156
JVASP-37737,3,In,0.0,0.0,0.0
JVASP-19858,0,Tb,0.0,0.0,0.0
JVASP-19858,1,Zn,0.0,0.0,0.0
JVASP-14505,0,Zn,60.19355,61.911137,8.459546
JVASP-14505,1,Zn,60.19355,61.91114,8.459556
JVASP-14505,2,Zn,60.193993,61.911137,8.459421
JVASP-14505,3,Zn,60.193993,61.911137,8.459424
JVASP-14505,4,Tb,82.52875,15.905672,79.78729
JVASP-14505,5,Tb,82.52875,15.905673,79.787285
JVASP-36797,0,Cu,25.37909,42.00989,57.917564
JVASP-36797,1,Cu,25.37909,42.009895,57.91757
JVASP-36797,2,Pd,62.32076,33.299084,88.37779
JVASP-36797,3,Pd,62.32076,33.299088,88.3778
JVASP-36797,4,O,32.41001,37.832172,26.857445
JVASP-36797,5,O,32.41001,37.83217,26.857445
JVASP-36797,6,O,32.41001,37.83217,26.857445
JVASP-36797,7,O,32.41001,37.83217,26.857445
JVASP-36763,0,Cu,51.175037,23.861649,47.66927
JVASP-36763,1,Pd,78.259766,18.512306,61.829155
JVASP-36763,2,O,20.452421,37.567047,33.876724
JVASP-36763,3,O,20.452421,37.56705,33.876724
JVASP-82091,0,Ca,37.81284,49.81947,41.988735
JVASP-82091,1,Y,74.36069,73.08862,24.00378
JVASP-82091,2,Zn,12.593012,62.488125,50.371292
JVASP-82091,3,Zn,12.593012,62.488125,50.37129
JVASP-85096,0,Ca,38.870926,49.819546,41.272366
JVASP-85096,1,Ca,38.870926,49.819546,41.27236
JVASP-85096,2,Y,76.00994,73.0885,24.510292
JVASP-85096,3,Y,76.00994,73.08852,24.510288
JVASP-85096,4,Zn,13.560628,62.48818,49.38448
JVASP-85096,5,Zn,13.560628,62.48818,49.38448
JVASP-85096,6,Zn,13.560628,62.48817,49.38447
JVASP-85096,7,Zn,13.560628,62.488167,49.384468
JVASP-66863,0,Zr,13.869012,36.356808,22.487799
JVASP-66863,1,Be,3.2174144,15.2332115,12.015808
JVASP-66863,2,Pd,71.64513,6.603812,65.04131
JVASP-67811,0,Zr,40.134888,17.78844,57.923332
JVASP-67811,1,Be,2.353635,56.884525,54.764015
JVASP-67811,2,Be,2.353635,56.88452,54.764015
JVASP-67811,3,Pd,43.9316,49.438107,5.506508
JVASP-15606,0,Y,80.55743,18.330853,63.427288
JVASP-15606,1,Y,80.557175,18.33063,63.42737
JVASP-15606,2,Y,80.55743,18.330854,63.427288
JVASP-15606,3,Mg,5.28482,28.677145,25.90156
JVASP-15606,4,Mg,5.2811093,28.677086,25.899035
JVASP-15606,5,Mg,5.28482,28.677147,25.901564
JVASP-15606,6,Ga,48.785263,19.211485,67.99675
JVASP-15606,7,Ga,48.785263,19.211485,67.99675
JVASP-15606,8,Ga,22.880682,14.717414,8.16327
JVASP-81395,0,Y,61.19973,11.437787,57.64784
JVASP-81395,1,Y,61.19973,11.437787,57.64784
JVASP-81395,2,Mg,26.87196,20.247246,20.860203
JVASP-81395,3,Ga,40.059208,13.194435,29.661781
JVASP-37211,0,Si,69.39895,33.142525,36.25642
JVASP-37211,1,Si,69.39895,33.14252,36.256424
JVASP-37211,2,B,21.065613,10.238073,31.303686
JVASP-37211,3,B,21.065613,10.238077,31.30369
JVASP-8134,0,Si,0.0,0.0,0.0
JVASP-8134,1,B,25.50572,1.5717744,23.933945
JVASP-8134,2,B,25.50572,1.5717745,23.933945
JVASP-8134,3,B,25.50572,1.5717752,23.933945
JVASP-8134,4,B,25.50572,1.5717752,23.933945
JVASP-8134,5,B,25.50572,1.5717701,23.93395
JVASP-8134,6,B,25.50572,1.5717697,23.93395
JVASP-40437,0,Tc,8.916959,15.173123,6.256164
JVASP-40437,1,Tc,8.917367,15.173131,6.2557635
JVASP-40437,2,Ir,31.110758,9.932084,21.63915
JVASP-40437,3,Ir,31.110758,9.932078,21.639153
JVASP-40437,4,Ir,31.11034,9.931321,21.639088
JVASP-40437,5,Ir,31.110758,9.93208,21.639154
JVASP-40437,6,Ir,31.110758,9.932076,21.639154
JVASP-40437,7,Ir,31.11034,9.931314,21.639091
JVASP-42038,0,Tc,41.459564,15.264809,27.633852
JVASP-42038,1,Tc,41.46038,15.265284,27.634623
JVASP-42038,2,Tc,41.459564,15.264808,27.633852
JVASP-42038,3,Tc,41.4598,15.264812,27.63399
JVASP-42038,4,Tc,41.46038,15.265284,27.634624
JVASP-42038,5,Tc,41.4598,15.26481,27.633991
JVASP-42038,6,Ir,67.73574,1.2543159,68.99005
JVASP-42038,7,Ir,67.73574,1.2543204,68.99006
JVASP-22554,0,O,30.917526,5.736718,36.654243
JVASP-22554,1,O,30.91824,5.737679,36.65592
JVASP-22554,2,Fe,14.213641,27.068396,12.854758
JVASP-22554,3,Cu,67.4508,107.41377,39.962975
JVASP-26975,0,O,31.479359,4.147716,35.627075
JVASP-26975,1,O,31.47998,4.148751,35.62873
JVASP-26975,2,Fe,12.097026,26.566216,14.469196
JVASP-26975,3,Cu,66.74254,106.33093,39.5884
JVASP-11322,0,Ca,10.263385,52.00306,41.75193
JVASP-11322,1,Ca,10.2646055,49.821617,39.5749
JVASP-11322,2,Ti,14.2695875,21.46971,7.6832957
JVASP-11322,3,Ti,14.2696295,21.743708,7.8919744
JVASP-11322,4,F,37.44348,30.86241,7.072579
JVASP-11322,5,F,37.452747,30.917727,8.137331
JVASP-11322,6,F,37.454067,30.925013,8.127049
JVASP-11322,7,F,37.438255,29.386065,8.203013
JVASP-11322,8,F,37.4422,30.860838,7.071804
JVASP-11322,9,F,37.45496,30.216488,7.478315
JVASP-11322,10,F,37.451397,30.202726,7.4861364
JVASP-11322,11,F,37.443714,29.397106,8.197285
JVASP-8319,0,Ca,7.16188,3.3515422,10.513422
JVASP-8319,1,Ti,6.020732,5.2821727,0.7385649
JVASP-8319,2,F,66.53645,93.621315,28.103193
JVASP-8319,3,F,66.53615,93.62133,28.103216
JVASP-8319,4,F,66.5361,93.621346,28.103354
JVASP-8319,5,F,66.53615,93.62133,28.103216
JVASP-8319,6,F,66.53645,93.62131,28.103195
JVASP-8319,7,F,66.5361,93.621346,28.103354
JVASP-35798,0,Al,6.549119,1.1409217,5.4081974
JVASP-35798,1,Tc,9.401959,6.7075324,2.6944287
JVASP-35798,2,Tc,9.401959,6.7075334,2.694428
JVASP-40439,0,Al,10.694473,9.483735,1.2107376
JVASP-40439,1,Al,10.694473,9.483735,1.2107382
JVASP-40439,2,Al,42.911793,40.7913,2.1204956
JVASP-40439,3,Al,10.694473,9.483736,1.2107363
JVASP-40439,4,Al,10.694473,9.483733,1.2107393
JVASP-40439,5,Al,42.911793,40.791294,2.1205
JVASP-40439,6,Tc,65.43077,6.514204,71.94497
JVASP-40439,7,Tc,65.43077,6.5142045,71.94497
JVASP-15992,0,Zr,46.587444,32.331985,45.714935
JVASP-15992,1,Zr,46.587616,32.33189,45.715164
JVASP-15992,2,Zr,46.587616,32.33189,45.715168
JVASP-15992,3,Cu,64.733894,23.895294,40.8386
JVASP-15992,4,Cu,34.136147,12.656021,26.620058
JVASP-15992,5,Cu,34.136147,12.656021,26.620056
JVASP-15992,6,Cu,34.127728,12.655897,26.614323
JVASP-15992,7,Si,26.701889,5.1934657,31.895351
JVASP-15992,8,Si,26.701889,5.193468,31.895357
JVASP-7933,0,Zr,1.0843074,10.343281,11.427588
JVASP-7933,1,Zr,1.0843074,10.343282,11.427589
JVASP-7933,2,Cu,4.9381714,10.70458,5.766409
JVASP-7933,3,Cu,4.9381714,10.70458,5.766409
JVASP-7933,4,Si,48.230453,14.329553,33.9009
JVASP-7933,5,Si,48.230453,14.329551,33.9009
JVASP-7933,6,Si,61.24949,44.27937,16.97012
JVASP-7933,7,Si,61.24949,44.27937,16.97012
JVASP-65707,0,Ba,6.238034,8.513356,2.2753222
JVASP-65707,1,Pd,66.25351,23.610125,42.643547
JVASP-65707,2,Pd,66.25351,23.610126,42.643547
JVASP-65707,3,Rh,38.20796,17.46904,20.738918
JVASP-69328,0,Ba,9.0974045,21.719091,12.621688
JVASP-69328,1,Pd,63.68755,13.254291,50.43326
JVASP-69328,2,Rh,57.164795,26.263187,32.43415
JVASP-69328,3,Rh,57.164795,26.263184,32.434155
JVASP-15476,0,S,46.488945,41.938103,15.107006
JVASP-15476,1,S,65.489655,34.388233,43.08394
JVASP-15476,2,S,46.488945,41.938103,15.107005
JVASP-15476,3,S,65.489655,34.388233,43.08394
JVASP-15476,4,V,28.69562,29.500257,20.003836
JVASP-15476,5,V,28.69562,29.50026,20.003836
JVASP-15476,6,Ni,41.84786,21.771338,48.025352
JVASP-53665,0,V,35.361954,39.81275,4.450801
JVASP-53665,1,V,34.456955,36.547966,2.091017
JVASP-53665,2,V,34.456955,36.547966,2.0910172
JVASP-53665,3,Ni,4.673816,12.378479,7.7046943
JVASP-53665,4,S,58.31444,61.3098,20.625755
JVASP-53665,5,S,58.313206,61.309784,20.625572
JVASP-53665,6,S,58.314735,61.309864,20.625551
JVASP-53665,7,S,58.314735,61.309868,20.625551
JVASP-53665,8,S,58.313206,61.309788,20.625574
JVASP-53665,9,S,58.31444,61.3098,20.625751
JVASP-69103,0,Ba,20.529991,23.13714,2.60715
JVASP-69103,1,Sr,32.923004,20.373686,45.066505
JVASP-69103,2,Sr,32.923004,20.373686,45.066505
JVASP-69103,3,Li,1.060629,13.547017,14.607646
JVASP-69239,0,Ba,62.09048,7.2313075,54.859177
JVASP-69239,1,Sr,7.6807833,7.917931,0.2371481
JVASP-69239,2,Li,0.5192244,4.124607,3.6354816
JVASP-69239,3,Li,0.5192244,4.1246095,3.635484
JVASP-17183,0,Ba,5.505637,5.3558316,0.14982958
JVASP-17183,1,Al,5.4566464,38.961895,33.505245
JVASP-17183,2,Si,1.2406667,31.239782,29.999115
JVASP-16166,0,Al,14.574669,31.071663,18.321598
JVASP-16166,1,Al,14.574669,31.071663,18.321598
JVASP-16166,2,Si,4.892852,31.791683,36.38011
JVASP-16166,3,Si,4.892852,31.791685,36.38011
JVASP-16166,4,Ba,66.050385,16.469624,81.70835
JVASP-16166,5,Ba,29.002565,5.71025,26.35352
JVASP-16166,6,Ba,29.002565,5.710249,26.353521
JVASP-3651,0,F,227.41162,274.8863,53.563114
JVASP-3651,1,F,227.41162,274.88632,53.563137
JVASP-3651,2,F,372.61813,145.03656,228.43799
JVASP-3651,3,F,372.61813,145.03658,228.43799
JVASP-3651,4,F,349.90784,228.04414,130.01154
JVASP-3651,5,F,349.90784,228.04413,130.01155
JVASP-3651,6,Br,1869.6094,286.84824,1592.3702
JVASP-3651,7,Br,1869.6094,286.84824,1592.3702
JVASP-80254,0,K,34.557922,5.702273,37.76678
JVASP-80254,1,K,34.557922,5.7022734,37.76678
JVASP-80254,2,K,34.557922,5.7022734,37.76678
JVASP-80254,3,K,34.557922,5.702273,37.76678
JVASP-80254,4,Rb,81.53433,4.5171323,86.00173
JVASP-80254,5,Rb,81.53433,4.517133,86.00173
JVASP-80254,6,Bi,1607.9141,11.019492,1599.6882
JVASP-80254,7,Bi,1607.9141,11.019494,1599.6882
JVASP-78831,0,U,1424.7616,32.194347,1454.6085
JVASP-78831,1,U,1424.7616,32.19436,1454.6085
JVASP-78831,2,V,65.05129,12.1198225,61.63451
JVASP-78831,3,V,65.05129,12.119822,61.63451
JVASP-78831,4,V,65.05129,12.119822,61.634506
JVASP-78831,5,V,65.05129,12.1198225,61.634506
JVASP-38655,0,K,33.77397,33.92907,0.15509774
JVASP-38655,1,K,33.77397,33.92907,0.15509813
JVASP-38655,2,Pt,1314.4161,115.26634,1199.1499
JVASP-38655,3,C,69.48835,33.796963,35.691387
JVASP-38655,4,C,69.48835,33.796963,35.691387
JVASP-5437,0,C,38.30563,341.77875,380.0183
JVASP-5437,1,C,38.30563,341.77875,380.0183
JVASP-5437,2,Br,1120.9884,265.90802,855.0841
JVASP-5437,3,Br,1120.9884,265.90802,855.0841
JVASP-5437,4,N,95.40315,208.35779,302.57977
JVASP-5437,5,N,95.40315,208.3578,302.57977
JVASP-81217,0,Sr,26.098345,17.806784,42.435833
JVASP-81217,1,Sr,26.098345,17.806786,42.43583
JVASP-81217,2,Hg,188.30856,60.88849,128.00931
JVASP-81217,3,Hg,188.30856,60.88849,128.00931
JVASP-81217,4,Hg,188.30856,60.88849,128.00931
JVASP-81217,5,Hg,188.30856,60.88849,128.00931
JVASP-81217,6,Bi,1052.5905,21.04852,1036.7238
JVASP-81217,7,Bi,1052.5905,21.04852,1036.7238
JVASP-5257,0,Ga,15.347338,17.239727,22.087032
JVASP-5257,1,Ga,15.347338,17.239735,22.08704
JVASP-5257,2,Se,199.00172,103.69975,99.17067
JVASP-5257,3,Se,199.00172,103.699745,99.170685
JVASP-5257,4,Br,935.27686,405.2331,531.35547
JVASP-5257,5,Br,935.27686,405.23312,531.35547
JVASP-5257,6,Br,440.25397,315.25482,139.13824
JVASP-5257,7,Br,440.25397,315.25482,139.13826
JVASP-5257,8,Br,429.9397,296.66705,144.11221
JVASP-5257,9,Br,429.9397,296.66702,144.11223
JVASP-5257,10,Br,421.32782,312.29507,111.96635
JVASP-5257,11,Br,421.32782,312.29507,111.96634
JVASP-5257,12,Br,466.26004,326.4255,149.94807
JVASP-5257,13,Br,466.26004,326.4255,149.94807
JVASP-5257,14,Br,911.242,376.31863,541.1126
JVASP-5257,15,Br,911.242,376.31863,541.1126
JVASP-5257,16,Br,1002.35175,438.88443,568.5957
JVASP-5257,17,Br,1002.35175,438.88443,568.5957
JVASP-33798,0,Se,962.68567,197.3591,766.10675
JVASP-33798,1,Se,962.68567,197.3591,766.10675
JVASP-33798,2,I,848.56085,115.4365,733.3105
JVASP-33798,3,I,848.56085,115.4365,733.3105
JVASP-33798,4,I,848.56085,115.4365,733.3105
JVASP-33798,5,I,848.56085,115.4365,733.3105
JVASP-3999,0,Na,6.06733,2.529698,8.597028
JVASP-3999,1,Na,22.737825,26.141378,48.879208
JVASP-3999,2,Na,6.06733,2.5296981,8.597028
JVASP-3999,3,Na,22.737825,26.141382,48.879208
JVASP-3999,4,P,84.92429,38.107807,123.0321
JVASP-3999,5,P,84.92429,38.107803,123.0321
JVASP-3999,6,Hg,950.7734,0.15933487,950.9327
JVASP-2475,0,O,186.23463,137.35858,48.876064
JVASP-2475,1,O,186.23463,137.35858,48.876064
JVASP-2475,2,K,32.861206,7.8096247,25.05158
JVASP-2475,3,K,32.861206,7.8096223,25.051584
JVASP-2475,4,Hg,935.1814,254.53497,680.64636
JVASP-65626,0,Ba,219.34767,118.3552,337.62955
JVASP-65626,1,Sb,1040.6587,158.81676,902.5983
JVASP-65626,2,Br,391.67868,156.4208,237.2589
JVASP-65626,3,Br,62.474903,49.648327,13.391433
JVASP-13048,0,Te,647.5077,79.95693,573.1699
JVASP-13048,1,Te,647.50684,79.95651,573.16974
JVASP-13048,2,Te,647.5077,79.95694,573.1699
JVASP-13048,3,Te,647.50684,79.95651,573.16974
JVASP-13048,4,Te,899.30743,70.34445,835.55725
JVASP-13048,5,Te,899.30743,70.34445,835.55725
JVASP-13048,6,Tl,83.74399,78.51049,153.13513
JVASP-13048,7,Tl,83.74507,78.50989,153.13611
JVASP-13048,8,Tl,83.74399,78.51049,153.13513
JVASP-13048,9,Tl,83.74507,78.50988,153.1361
JVASP-5815,0,Ga,78.972176,99.06171,172.47339
JVASP-5815,1,Ga,78.972176,99.061714,172.4734
JVASP-5815,2,Pd,142.75966,246.15158,104.63505
JVASP-5815,3,I,725.3769,202.65413,538.82117
JVASP-5815,4,I,725.3768,202.6541,538.821
JVASP-5815,5,I,824.1623,254.39825,573.9418
JVASP-5815,6,I,824.1623,254.39827,573.9417
JVASP-5815,7,I,725.3768,202.6541,538.821
JVASP-5815,8,I,725.3769,202.65408,538.8211
JVASP-5815,9,I,870.0368,264.14258,606.49255
JVASP-5815,10,I,870.0368,264.1426,606.49255
JVASP-29404,0,Hg,755.8774,40.872444,718.57886
JVASP-29404,1,Hg,754.2693,26.484108,734.96857
JVASP-29404,2,Hg,754.2693,26.484106,734.96857
JVASP-29404,3,Hg,848.74585,27.604628,824.4943
JVASP-29404,4,Hg,755.8774,40.87244,718.57886
JVASP-29404,5,Hg,848.74585,27.604628,824.4943
JVASP-29404,6,Hg,754.2693,26.484112,734.96857
JVASP-29404,7,Hg,755.8774,40.87244,718.57886
JVASP-29404,8,Hg,755.8774,40.872444,718.57886
JVASP-29404,9,Hg,754.2693,26.484106,734.96857
JVASP-29404,10,Hg,848.74585,27.604628,824.4943
JVASP-29404,11,Hg,848.74585,27.604628,824.4943
JVASP-29404,12,Sb,232.189,12.374937,229.20532
JVASP-29404,13,Sb,232.189,12.374936,229.20532
JVASP-29404,14,Sb,232.189,12.374937,229.20532
JVASP-29404,15,Sb,232.189,12.374938,229.20532
JVASP-29404,16,As,84.83609,31.225897,110.30092
JVASP-29404,17,As,84.83609,31.225897,110.30092
JVASP-29404,18,As,84.83609,31.225897,110.30092
JVASP-29404,19,As,84.83609,31.225895,110.30092
JVASP-29404,20,S,156.15831,41.3051,125.545746
JVASP-29404,21,S,143.5943,26.890097,121.06329
JVASP-29404,22,S,156.15831,41.305096,125.545746
JVASP-29404,23,S,152.56738,38.009583,122.38573
JVASP-29404,24,S,156.15831,41.305096,125.545746
JVASP-29404,25,S,143.5943,26.890095,121.0633
JVASP-29404,26,S,152.56738,38.00959,122.38573
JVASP-29404,27,S,143.5943,26.890093,121.0633
JVASP-29404,28,S,143.5943,26.890095,121.06329
JVASP-29404,29,S,152.56738,38.00959,122.38573
JVASP-29404,30,S,152.56738,38.00959,122.38573
JVASP-29404,31,S,156.15831,41.305107,125.54574
JVASP-35272,0,Yb,18.620687,8.554934,10.116274
JVASP-35272,1,Yb,18.620687,8.554934,10.116274
JVASP-35272,2,Bi,889.93384,31.354435,860.987
JVASP-35272,3,Bi,889.93384,31.35444,860.987
JVASP-35272,4,Bi,652.4227,29.902308,623.77905
JVASP-35272,5,Bi,652.4227,29.902308,623.77905
JVASP-63069,0,Pu,811.73395,75.7336,736.00037
JVASP-63069,1,B,1.4880652,16.935268,15.447204
JVASP-63069,2,B,1.4880652,16.935268,15.447205
JVASP-63069,3,Rh,57.28368,118.09562,81.326126
JVASP-63069,4,Rh,57.28084,118.096245,81.32913
JVASP-63069,5,Rh,57.28084,118.096245,81.32912
JVASP-79718,0,Li,2.2535346,28.620674,30.74371
JVASP-79718,1,Li,2.2535346,28.620674,30.74371
JVASP-79718,2,Li,2.2535346,28.620674,30.74371
JVASP-79718,3,Li,2.2535346,28.620674,30.74371
JVASP-79718,4,Sn,379.28027,47.99497,331.31448
JVASP-79718,5,Sn,379.28027,47.994976,331.31448
JVASP-79718,6,Bi,804.7552,1.684441,804.6587
JVASP-79718,7,Bi,804.7552,1.6844373,804.6587
JVASP-67582,0,K,22.923141,7.6437063,15.279435
JVASP-67582,1,Be,3.1279984,51.353466,54.481464
JVASP-67582,2,Pb,795.90045,61.58838,734.3121
JVASP-67582,3,Pb,344.7812,105.79407,238.98712
JVASP-24214,0,P,74.56441,67.28392,53.81889
JVASP-24214,1,P,74.56441,67.28391,53.81889
JVASP-24214,2,P,97.17267,73.82587,45.010094
JVASP-24214,3,P,97.1722,73.8256,45.009727
JVASP-24214,4,P,97.1722,73.82561,45.009724
JVASP-24214,5,P,97.17267,73.82587,45.010094
JVASP-24214,6,Au,784.2519,29.730247,812.96234
JVASP-24214,7,Au,784.2519,29.730247,812.96234
JVASP-24214,8,Au,726.9361,65.65593,779.78625
JVASP-24214,9,Au,726.9386,65.656204,779.7891
JVASP-1534,0,S,74.03548,182.12604,108.09057
JVASP-1534,1,S,74.04896,182.14566,108.09671
JVASP-1534,2,Cr,18.08447,54.478825,36.394356
JVASP-1534,3,Au,752.92377,261.88657,491.0372
JVASP-81840,0,Ba,192.19913,9.486413,201.5444
JVASP-81840,1,Na,5.8532662,12.267587,9.677233
JVASP-81840,2,Na,5.8532662,12.267587,9.677233
JVASP-81840,3,Pb,763.6475,11.823033,775.24194
JVASP-80424,0,Ta,721.6258,36.66712,684.9673
JVASP-80424,1,Ta,721.6258,36.66712,684.9673
JVASP-80424,2,Cu,67.878654,36.895844,104.7038
JVASP-80424,3,Os,459.82962,20.766949,480.4857
JVASP-18019,0,Yb,7.6987543,30.707228,38.405975
JVASP-18019,1,Yb,7.6987543,30.707222,38.40597
JVASP-18019,2,Yb,17.861683,13.899971,31.761654
JVASP-18019,3,Li,0.93203753,95.87867,94.94663
JVASP-18019,4,Li,1.7636349,115.0733,113.30966
JVASP-18019,5,Li,0.93203753,95.87867,94.94663
JVASP-18019,6,Pb,699.6114,88.78976,610.82166
JVASP-18019,7,Pb,699.6114,88.78976,610.82166
JVASP-18019,8,Pb,212.29196,54.225956,158.06602
JVASP-29223,0,O,201.54541,290.86365,100.13748
JVASP-29223,1,O,201.54541,290.86368,100.1375
JVASP-29223,2,O,201.54541,290.86365,100.13748
JVASP-29223,3,O,201.54541,290.86365,100.13748
JVASP-29223,4,O,209.49083,216.20628,53.017117
JVASP-29223,5,O,209.49083,216.20628,53.01712
JVASP-29223,6,O,209.49083,216.20628,53.01712
JVASP-29223,7,O,209.49083,216.20628,53.017117
JVASP-29223,8,O,181.66621,263.2504,116.58677
JVASP-29223,9,O,181.66621,263.25046,116.586815
JVASP-29223,10,O,181.66621,263.25046,116.586815
JVASP-29223,11,O,181.66621,263.25046,116.586815
JVASP-29223,12,O,204.34525,293.78012,112.012955
JVASP-29223,13,O,204.34525,293.78012,112.01295
JVASP-29223,14,O,204.34525,293.78012,112.01295
JVASP-29223,15,O,204.34525,293.78012,112.01295
JVASP-29223,16,O,181.48274,241.03253,99.85035
JVASP-29223,17,O,181.48274,241.03256,99.850365
JVASP-29223,18,O,181.48274,241.03256,99.850365
JVASP-29223,19,O,181.48274,241.03253,99.85035
JVASP-29223,20,I,716.77795,73.80576,682.2748
JVASP-29223,21,I,716.77795,73.80577,682.2748
JVASP-29223,22,I,716.77795,73.80578,682.2748
JVASP-29223,23,I,716.77795,73.80578,682.2748
JVASP-29223,24,I,665.1573,109.75893,595.41034
JVASP-29223,25,I,665.1573,109.75893,595.41034
JVASP-29223,26,I,665.1573,109.75893,595.41034
JVASP-29223,27,I,665.1573,109.75893,595.41034
JVASP-35442,0,U,695.10565,34.164032,680.5688
JVASP-35442,1,U,695.10565,34.164032,680.5688
JVASP-35442,2,W,266.17163,39.446724,233.22154
JVASP-35442,3,W,266.17163,39.44672,233.22154
JVASP-35442,4,C,5.9530964,6.567079,10.728898
JVASP-35442,5,C,5.9530964,6.567079,10.728901
JVASP-35442,6,C,16.780527,57.835304,45.221413
JVASP-67725,0,Be,5.675482,94.94894,100.624405
JVASP-67725,1,Br,666.1118,126.93238,539.1794
JVASP-67725,2,P,192.69402,0.80623865,193.50024
JVASP-4219,0,Al,37.40106,93.68606,130.83133
JVASP-4219,1,Al,37.40106,93.68605,130.83133
JVASP-4219,2,Al,37.40106,93.68606,130.83133
JVASP-4219,3,Al,37.40106,93.68605,130.83133
JVASP-4219,4,I,654.2925,494.11002,164.35905
JVASP-4219,5,I,654.2925,494.11002,164.35905
JVASP-4219,6,I,654.2925,494.11002,164.35905
JVASP-4219,7,I,654.2925,494.10992,164.35913
JVASP-4219,8,I,657.0621,486.59396,174.86197
JVASP-4219,9,I,657.0621,486.5939,174.86201
JVASP-4219,10,I,657.0621,486.59396,174.86198
JVASP-4219,11,I,657.0621,486.5939,174.86201
JVASP-4219,12,I,542.12115,370.28943,199.0522
JVASP-4219,13,I,542.12115,370.28943,199.0522
JVASP-4219,14,I,542.12115,370.28943,199.0522
JVASP-4219,15,I,542.12115,370.2894,199.0522
JVASP-8343,0,Mg,5.530131,41.1373,35.607166
JVASP-8343,1,W,641.9367,113.40437,538.526
JVASP-8343,2,W,641.9367,113.404366,538.526
JVASP-8343,3,N,44.10867,7.532659,37.026268
JVASP-8343,4,N,44.10867,7.532667,37.02626
JVASP-16384,0,B,19.737354,8.991144,10.74621
JVASP-16384,1,B,19.737354,8.991144,10.746211
JVASP-16384,2,C,43.452286,140.66064,97.20835
JVASP-16384,3,Ce,19.088505,15.346283,3.7422287
JVASP-16384,4,Ir,623.65155,136.72672,486.92477
JVASP-16384,5,Ir,623.65155,136.72672,486.92477
JVASP-8411,0,Ba,35.745403,7.648271,43.393673
JVASP-8411,1,Cu,35.549442,3.4510596,32.098385
JVASP-8411,2,Re,614.1418,14.300363,628.44214
JVASP-8411,3,O,47.08141,73.26952,43.228996
JVASP-8411,4,O,47.08141,73.26952,43.22899
JVASP-8411,5,O,178.77052,137.77168,44.630554
JVASP-8411,6,O,178.77052,137.77168,44.630543
JVASP-8411,7,O,127.93929,85.15648,42.782818
JVASP-16414,0,V,48.437027,61.843075,13.406048
JVASP-16414,1,V,48.437027,61.843075,13.406048
JVASP-16414,2,Au,608.4185,169.40816,439.0104
JVASP-16414,3,Au,608.4185,169.40814,439.0104
JVASP-16414,4,S,63.43076,20.802496,42.628265
JVASP-16414,5,S,63.431168,20.802456,42.62871
JVASP-16414,6,S,63.43076,20.802456,42.628307
JVASP-16414,7,S,63.431168,20.802486,42.628685
JVASP-39414,0,O,424.22104,186.12292,241.76994
JVASP-39414,1,O,316.7527,138.81027,218.051
JVASP-39414,2,F,345.12103,80.87812,268.4406
JVASP-39414,3,F,604.5703,257.65076,355.21957
JVASP-39414,4,F,599.40515,269.77448,334.31198
JVASP-39414,5,F,261.94174,88.29476,199.49216
JVASP-39414,6,F,321.83615,111.68595,269.57776
JVASP-39414,7,F,514.0269,204.82103,311.90094
JVASP-3561,0,O,171.75974,242.29352,71.760666
JVASP-3561,1,O,171.7596,242.29367,71.76108
JVASP-3561,2,O,171.75926,242.29358,71.76126
JVASP-3561,3,I,596.0463,27.708496,568.33777
JVASP-3561,4,Tl,1.2984906,0.41966367,1.7181541
JVASP-43960,0,Hg,588.583,15.738528,572.8444
JVASP-43960,1,Hg,588.583,15.73853,572.8444
JVASP-43960,2,Bi,5.881225,1.5218025,7.4030275
JVASP-43960,3,Bi,5.881225,1.5218028,7.403028
JVASP-43960,4,O,139.46649,106.410934,47.071712
JVASP-43960,5,O,139.4663,106.41093,47.070595
JVASP-43960,6,O,139.46683,106.410904,47.071224
JVASP-43960,7,O,139.46683,106.41091,47.071224
JVASP-43960,8,O,139.4663,106.41093,47.07059
JVASP-43960,9,O,139.46649,106.41094,47.07171
JVASP-31871,0,Ta,211.3101,35.74267,234.90135
JVASP-31871,1,Ta,211.3101,35.742672,234.90135
JVASP-31871,2,Te,613.80853,244.84787,373.0696
JVASP-31871,3,Te,528.79083,176.3519,365.63202
JVASP-31871,4,Te,613.80853,244.84787,373.0696
JVASP-31871,5,Te,528.79083,176.35188,365.63202
JVASP-31871,6,Br,190.50168,305.6443,150.35847
JVASP-31871,7,Br,190.50168,305.64432,150.35847
JVASP-31871,8,Br,212.922,274.79984,120.24874
JVASP-31871,9,Br,207.55142,187.34317,61.479298
JVASP-31871,10,Br,231.19572,289.63962,94.05106
JVASP-31871,11,Br,231.19572,289.63962,94.05106
JVASP-31871,12,Br,205.42627,299.25125,117.087166
JVASP-31871,13,Br,212.922,274.7998,120.24874
JVASP-31871,14,Br,205.42627,299.25122,117.08718
JVASP-31871,15,Br,207.55142,187.34315,61.479298
JVASP-31871,16,O,11.95585,647.84076,637.79724
JVASP-14158,0,B,0.7739716,21.306578,21.975208
JVASP-14158,1,B,0.7739716,21.30658,21.975212
JVASP-14158,2,B,0.7739716,21.306576,21.975206
JVASP-14158,3,B,0.7739716,21.306576,21.975206
JVASP-14158,4,N,0.601758,2.1093802,2.711138
JVASP-14158,5,N,0.601758,2.1093774,2.7111354
JVASP-14158,6,N,1.1468952,37.494114,37.499416
JVASP-14158,7,N,1.1468952,37.49411,37.499413
JVASP-14158,8,F,577.7255,329.90466,248.48958
JVASP-14158,9,F,577.7255,329.90472,248.48952
JVASP-14158,10,F,577.7255,329.90472,248.48953
JVASP-14158,11,F,577.7255,329.90466,248.48958
JVASP-14158,12,F,577.7255,329.90466,248.48961
JVASP-14158,13,F,577.7255,329.90466,248.48958
JVASP-14158,14,F,577.7255,329.90472,248.48953
JVASP-14158,15,F,577.7255,329.90472,248.48953
JVASP-14158,16,F,577.3738,347.214,231.25478
JVASP-14158,17,F,577.3738,347.214,231.25479
JVASP-14158,18,F,577.3738,347.214,231.25479
JVASP-14158,19,F,577.3738,347.214,231.25478
JVASP-14158,20,F,576.7343,329.90402,251.25342
JVASP-14158,21,F,576.7343,329.90402,251.25343
JVASP-14158,22,F,576.7343,329.90402,251.25342
JVASP-14158,23,F,576.7343,329.90402,251.25342
JVASP-14158,24,F,173.30847,250.89244,79.46271
JVASP-14158,25,F,173.30847,250.89243,79.46269
JVASP-14158,26,F,173.30847,250.89243,79.46271
JVASP-14158,27,F,173.30847,250.89244,79.46271
JVASP-14158,28,F,173.30847,250.89243,79.46269
JVASP-14158,29,F,173.30847,250.89244,79.46271
JVASP-14158,30,F,173.30847,250.89244,79.46271
JVASP-14158,31,F,173.30847,250.89243,79.4627
JVASP-14158,32,F,166.53264,182.41693,17.181662
JVASP-14158,33,F,166.53264,182.41692,17.181644
JVASP-14158,34,F,166.53264,182.41693,17.181664
JVASP-14158,35,F,166.53264,182.41693,17.181662
JVASP-14158,36,F,176.7751,268.43277,94.19317
JVASP-14158,37,F,176.7751,268.43277,94.193184
JVASP-14158,38,F,176.7751,268.4328,94.1932
JVASP-14158,39,F,176.7751,268.4328,94.193184
JVASP-8501,0,S,5.3609896,51.426414,56.787403
JVASP-8501,1,S,5.3609896,51.42641,56.787403
JVASP-8501,2,Pd,124.80047,94.427444,200.90765
JVASP-8501,3,Pd,124.7994,94.42755,200.90665
JVASP-8501,4,Pd,124.7996,94.42756,200.90715
JVASP-8501,5,Pb,562.7034,34.32088,528.3825
JVASP-8501,6,Pb,572.75116,109.209335,463.5418
JVASP-3792,0,Br,574.64557,195.98723,382.80917
JVASP-3792,1,Br,574.64557,195.98904,382.80746
JVASP-3792,2,Br,565.615,195.23314,373.35995
JVASP-3792,3,Br,565.615,195.23318,373.3599
JVASP-3792,4,Br,574.64557,195.98853,382.808
JVASP-3792,5,Br,574.64557,195.98611,382.81058
JVASP-3792,6,Ir,52.908634,5.375887,55.78535
JVASP-3792,7,Ir,52.909046,5.3766217,55.78563
JVASP-77074,0,Hf,145.99734,26.979992,133.78735
JVASP-77074,1,Hf,145.99734,26.979992,133.78735
JVASP-77074,2,Zr,74.995186,13.798216,65.03744
JVASP-77074,3,Zr,74.995186,13.798218,65.03744
JVASP-77074,4,Hg,557.2778,81.96514,475.55258
JVASP-77074,5,Hg,557.2778,81.96514,475.55258
JVASP-77074,6,Hg,557.2778,81.96514,475.55255
JVASP-77074,7,Hg,557.2778,81.96514,475.55255
JVASP-69327,0,Ba,30.870918,7.930332,38.80125
JVASP-69327,1,Cu,22.986012,38.592278,61.578293
JVASP-69327,2,Te,549.67285,46.89763,502.77524
JVASP-69327,3,Te,549.67285,46.89762,502.77524
JVASP-2640,0,Na,6.185517,23.498615,27.57875
JVASP-2640,1,Na,6.185517,23.49862,27.578753
JVASP-2640,2,Na,6.1855307,23.498625,27.578619
JVASP-2640,3,Na,6.1855307,23.498625,27.578619
JVASP-2640,4,Sb,183.9462,35.22538,216.93533
JVASP-2640,5,Sb,183.9462,35.225384,216.93536
JVASP-2640,6,Au,567.26843,48.52776,526.1803
JVASP-2640,7,Au,567.26843,48.52776,526.1803
JVASP-17913,0,Ta,126.2814,46.139713,80.141685
JVASP-17913,1,Ta,126.28222,46.139717,80.1425
JVASP-17913,2,Pb,542.26685,211.95207,754.2189
JVASP-17913,3,Pb,542.26685,211.95207,754.2189
JVASP-17913,4,S,11.588944,60.598606,72.18755
JVASP-17913,5,S,11.588944,60.598614,72.18756
JVASP-17913,6,S,11.588944,60.59862,72.18756
JVASP-17913,7,S,11.588944,60.598606,72.187546
JVASP-4858,0,Tm,77.12341,33.806385,43.317024
JVASP-4858,1,Tm,77.12341,33.80638,43.31703
JVASP-4858,2,Ag,13.107219,17.186516,4.0792975
JVASP-4858,3,Ag,13.107219,17.186514,4.079295
JVASP-4858,4,P,1.4476484,19.917068,21.364716
JVASP-4858,5,P,1.4476484,19.91706,21.36471
JVASP-4858,6,P,1.4476484,19.917065,21.364712
JVASP-4858,7,P,1.4476484,19.917051,21.364697
JVASP-4858,8,Se,540.14557,231.67842,311.3655
JVASP-4858,9,Se,540.14514,231.68448,311.35904
JVASP-4858,10,Se,540.1455,231.68103,311.36285
JVASP-4858,11,Se,540.14514,231.68448,311.35904
JVASP-4858,12,Se,540.1455,231.68103,311.36285
JVASP-4858,13,Se,540.14557,231.67842,311.3655
JVASP-4858,14,Se,540.14557,231.67844,311.3655
JVASP-4858,15,Se,540.14514,231.68448,311.35904
JVASP-4858,16,Se,540.1455,231.68103,311.36285
JVASP-4858,17,Se,540.14514,231.68448,311.35904
JVASP-4858,18,Se,540.1455,231.68102,311.36285
JVASP-4858,19,Se,540.14557,231.6784,311.36554
JVASP-63347,0,U,534.71747,8.608453,526.109
JVASP-63347,1,U,534.71747,8.608453,526.109
JVASP-63347,2,Sn,10.543829,2.1370924,12.680921
JVASP-63347,3,Sn,10.543829,2.137092,12.680921
JVASP-63347,4,Au,87.42474,4.3468857,83.07786
JVASP-63347,5,Au,87.42474,4.346883,83.07786
JVASP-63355,0,Ba,31.729464,10.821587,42.551052
JVASP-63355,1,Ba,31.729464,10.821587,42.551052
JVASP-63355,2,As,228.49574,48.82435,277.3201
JVASP-63355,3,As,228.49574,48.82435,277.3201
JVASP-63355,4,Au,531.8479,117.83586,414.01205
JVASP-63355,5,Au,531.8479,117.83585,414.01205
JVASP-4609,0,P,9.036806,3.6736116,12.710418
JVASP-4609,1,P,9.036806,3.6736083,12.710415
JVASP-4609,2,Mn,9.3466625,27.116222,17.769562
JVASP-4609,3,Mn,9.3466625,27.116226,17.769562
JVASP-4609,4,Se,526.19183,221.14941,310.91656
JVASP-4609,5,Se,526.1913,221.14944,310.9159
JVASP-4609,6,Se,526.1912,221.14929,310.91605
JVASP-4609,7,Se,526.19183,221.1494,310.91656
JVASP-4609,8,Se,526.1913,221.14943,310.91592
JVASP-4609,9,Se,526.1912,221.14928,310.91605
JVASP-17162,0,Cu,18.879253,15.311536,30.413462
JVASP-17162,1,Cu,18.879402,15.310035,30.417007
JVASP-17162,2,Sn,90.47815,14.36208,103.014694
JVASP-17162,3,Te,521.6582,9.472919,528.2105
JVASP-17162,4,Te,521.65686,9.47426,528.2104
JVASP-17162,5,Te,447.05493,51.458862,485.96646
JVASP-18543,0,Ho,516.7615,379.7747,136.98679
JVASP-18543,1,Ho,516.7615,379.77472,136.98679
JVASP-18543,2,Ho,516.7615,379.7747,136.98679
JVASP-18543,3,Al,0.0,0.0,0.0
JVASP-18543,4,C,0.0,0.0,0.0
JVASP-76926,0,Li,0.73267865,11.660478,11.378207
JVASP-76926,1,Ga,73.43711,23.633228,96.8391
JVASP-76926,2,Ga,104.354065,9.1449,107.33405
JVASP-76926,3,Au,515.07837,76.130325,439.02438
JVASP-8691,0,O,236.5749,227.35374,29.266611
JVASP-8691,1,O,236.5745,227.35371,29.26582
JVASP-8691,2,O,236.57472,227.35368,29.266579
JVASP-8691,3,Br,512.11,71.66803,440.44196
JVASP-8691,4,Tl,12.888486,6.976861,19.865349
JVASP-4409,0,P,8.170206,12.614398,4.4441915
JVASP-4409,1,P,8.165197,12.619123,4.4539266
JVASP-4409,2,Fe,25.603655,19.325699,44.92935
JVASP-4409,3,Fe,25.59976,19.321478,44.921238
JVASP-4409,4,Se,511.42276,207.77472,311.77182
JVASP-4409,5,Se,511.42242,207.77454,311.77164
JVASP-4409,6,Se,511.4224,207.77487,311.77133
JVASP-4409,7,Se,511.40604,207.76505,311.75955
JVASP-4409,8,Se,511.40482,207.76494,311.75845
JVASP-4409,9,Se,511.40634,207.76515,311.75974
JVASP-67735,0,Be,1.5872693,17.262526,18.849796
JVASP-67735,1,Be,11.667736,162.18384,173.85158
JVASP-67735,2,Bi,507.31137,50.455246,456.8561
JVASP-67735,3,Cl,120.167885,10.60037,130.76825
JVASP-12138,0,Cu,8.1408825,8.009453,0.13166137
JVASP-12138,1,Cu,8.1408825,8.009454,0.13166046
JVASP-12138,2,Bi,21.006416,12.944612,33.951027
JVASP-12138,3,Bi,21.006416,12.9446125,33.95103
JVASP-12138,4,P,6.364591,64.277245,57.91266
JVASP-12138,5,P,6.364591,64.27723,57.91264
JVASP-12138,6,P,6.364591,64.277245,57.912655
JVASP-12138,7,P,6.364591,64.27725,57.912663
JVASP-12138,8,Se,515.9009,245.75424,287.25143
JVASP-12138,9,Se,515.90094,245.75664,287.24945
JVASP-12138,10,Se,515.9009,245.75424,287.25143
JVASP-12138,11,Se,515.90094,245.75664,287.24945
JVASP-12138,12,Se,515.90094,245.75664,287.24945
JVASP-12138,13,Se,515.9009,245.75424,287.25143
JVASP-12138,14,Se,515.9014,245.7535,287.25293
JVASP-12138,15,Se,515.90094,245.75664,287.24945
JVASP-12138,16,Se,515.9009,245.75426,287.25143
JVASP-12138,17,Se,515.9014,245.7535,287.25293
JVASP-12138,18,Se,515.9014,245.75348,287.25293
JVASP-12138,19,Se,515.9014,245.75351,287.25293
JVASP-35009,0,Nd,15.646523,9.164137,6.4823875
JVASP-35009,1,Nd,15.646523,9.1641445,6.48238
JVASP-35009,2,Sb,498.316,233.96953,264.3465
JVASP-35009,3,Sb,498.316,233.96953,264.3465
JVASP-35009,4,Te,26.37039,2.392699,23.977692
JVASP-35009,5,Te,26.37039,2.3927042,23.977686
JVASP-80456,0,Y,67.33492,69.89503,12.956252
JVASP-80456,1,Y,67.33492,69.895035,12.956255
JVASP-80456,2,Cd,229.35948,156.72148,83.26908
JVASP-80456,3,Ir,498.64636,52.8325,523.50385
JVASP-41602,0,Na,7.128015,8.417687,1.289672
JVASP-41602,1,Na,0.52174133,5.0490127,4.5272713
JVASP-41602,2,Hf,492.2078,15.361565,476.84622
JVASP-41602,3,Hf,492.2078,15.361565,476.84622
JVASP-41602,4,O,44.34633,9.458484,49.14367
JVASP-41602,5,O,44.34633,9.45848,49.14367
JVASP-41602,6,O,10.456056,25.422447,14.966391
JVASP-41602,7,O,44.34633,9.458478,49.14367
JVASP-41602,8,O,44.34633,9.45848,49.14367
JVASP-16323,0,Sm,489.9012,371.97537,117.9258
JVASP-16323,1,Sm,489.9012,371.97546,117.92573
JVASP-16323,2,Sm,489.9012,371.97537,117.9258
JVASP-16323,3,Sn,0.0,0.0,0.0
JVASP-16323,4,C,0.0,0.0,0.0
JVASP-17493,0,Nb,56.719162,13.529758,70.24892
JVASP-17493,1,Nb,56.719162,13.529763,70.248924
JVASP-17493,2,Pb,488.10858,224.23679,712.3454
JVASP-17493,3,Pb,488.10858,224.23679,712.3454
JVASP-17493,4,S,10.096798,56.76055,66.857346
JVASP-17493,5,S,10.096798,56.760555,66.85735
JVASP-17493,6,S,10.096798,56.76055,66.857346
JVASP-17493,7,S,10.096798,56.760555,66.85735
JVASP-15952,0,Er,487.44846,140.88838,346.56006
JVASP-15952,1,Er,487.44846,140.88838,346.56006
JVASP-15952,2,Er,487.44846,140.88838,346.5601
JVASP-15952,3,Ga,0.0,0.0,0.0
JVASP-15952,4,C,0.0,0.0,0.0
JVASP-15886,0,U,483.24023,115.63015,367.61008
JVASP-15886,1,B,6.135155,4.4574833,10.592639
JVASP-15886,2,B,6.135155,4.4574823,10.592638
JVASP-15886,3,Ir,217.75316,306.2378,101.61455
JVASP-15886,4,Ir,217.7516,306.238,101.61552
JVASP-15886,5,Ir,217.75316,306.2378,101.61455
JVASP-7693,0,Sc,57.2062,132.23303,75.02683
JVASP-7693,1,Sc,57.2062,132.23305,75.02685
JVASP-7693,2,Au,481.7987,205.04945,276.74924
JVASP-7693,3,Au,481.7987,205.04945,276.74924
JVASP-7693,4,O,95.96365,59.069298,36.894356
JVASP-7693,5,O,95.96365,59.069298,36.894356
JVASP-7693,6,O,95.96365,59.069298,36.894356
JVASP-7693,7,O,95.96365,59.06929,36.894363
JVASP-80175,0,Hf,13.336119,28.987734,15.6811285
JVASP-80175,1,Hf,13.336119,28.98773,15.681123
JVASP-80175,2,Hf,13.336119,28.987738,15.681129
JVASP-80175,3,Hf,13.336119,28.98774,15.681132
JVASP-80175,4,Zn,134.67606,57.63362,77.043434
JVASP-80175,5,Zn,134.67606,57.63363,77.04342
JVASP-80175,6,Os,478.03278,100.93713,377.10547
JVASP-80175,7,Os,478.03278,100.93713,377.10547
JVASP-67847,0,Hf,250.9388,32.955307,217.98349
JVASP-67847,1,Be,7.956794,8.816309,2.9681308
JVASP-67847,2,Be,7.956794,8.816303,2.9681313
JVASP-67847,3,Hg,475.98077,47.113766,428.86697
JVASP-7638,0,K,52.436226,27.560114,24.876112
JVASP-7638,1,Ag,474.0204,210.77928,263.2411
JVASP-7638,2,C,69.78025,108.44714,38.666897
JVASP-7638,3,C,69.78025,108.44714,38.666897
JVASP-16119,0,Np,471.7954,95.61052,376.18488
JVASP-16119,1,Np,471.7954,95.61053,376.18484
JVASP-16119,2,Si,15.179488,16.262472,1.0829848
JVASP-16119,3,Si,15.179488,16.262472,1.0829836
JVASP-16119,4,Si,15.179488,16.262468,1.08298
JVASP-16119,5,Si,15.179488,16.262468,1.08298
JVASP-16119,6,Os,153.3699,78.97644,74.393456
JVASP-16119,7,Os,153.3699,78.97644,74.393456
JVASP-16119,8,Os,153.3699,78.97644,74.393456
JVASP-16119,9,Os,153.3699,78.97643,74.39346
JVASP-26412,0,Ba,40.66086,15.283181,51.733555
JVASP-26412,1,Ba,40.66086,15.283181,51.733555
JVASP-26412,2,Bi,476.4452,52.655396,429.84744
JVASP-26412,3,Bi,476.4452,52.65539,429.84744
JVASP-26412,4,Cl,13.244364,12.736937,8.049393
JVASP-26412,5,Cl,13.244364,12.736937,8.049393
JVASP-26412,6,O,84.22956,164.76,81.642914
JVASP-26412,7,O,84.22956,164.76,81.64293
JVASP-26412,8,O,84.22956,164.76,81.64293
JVASP-26412,9,O,84.22956,164.76,81.642914
JVASP-12181,0,As,135.3034,93.94777,55.130432
JVASP-12181,1,As,135.3034,93.94778,55.130432
JVASP-12181,2,As,135.3034,93.94778,55.130432
JVASP-12181,3,As,135.3034,93.94777,55.13043
JVASP-12181,4,As,152.53706,118.7868,100.6548
JVASP-12181,5,As,152.53706,118.786804,100.65479
JVASP-12181,6,As,152.53706,118.786804,100.65479
JVASP-12181,7,As,152.53706,118.786804,100.65479
JVASP-12181,8,Se,481.81107,189.15636,304.72263
JVASP-12181,9,Se,481.81107,189.15636,304.72263
JVASP-12181,10,Se,481.81107,189.15634,304.72266
JVASP-12181,11,Se,481.81107,189.15636,304.72263
JVASP-12181,12,Se,469.47806,177.48888,303.70078
JVASP-12181,13,Se,469.47806,177.48888,303.70078
JVASP-12181,14,Se,469.47806,177.48888,303.70078
JVASP-12181,15,Se,469.47806,177.48888,303.70078
JVASP-12181,16,Se,463.28134,178.10846,288.60458
JVASP-12181,17,Se,463.28134,178.10844,288.6046
JVASP-12181,18,Se,463.28134,178.10844,288.6046
JVASP-12181,19,Se,463.28134,178.10844,288.6046
JVASP-35446,0,Pu,357.34164,28.399893,378.80438
JVASP-35446,1,Pu,357.34164,28.399899,378.8044
JVASP-35446,2,W,465.173,46.94318,433.37378
JVASP-35446,3,W,465.173,46.94318,433.37378
JVASP-35446,4,C,4.6566095,29.07081,32.784683
JVASP-35446,5,C,4.6566095,29.070807,32.784683
JVASP-35446,6,C,35.1941,106.51482,78.502174
JVASP-29551,0,Hg,471.9254,82.61726,429.28763
JVASP-29551,1,Hg,471.92535,82.61809,429.28732
JVASP-29551,2,Hg,471.9254,82.61749,429.28757
JVASP-29551,3,Hg,471.92554,82.61784,429.2875
JVASP-29551,4,Hg,471.92535,82.61784,429.2874
JVASP-29551,5,Hg,471.92554,82.618065,429.28745
JVASP-29551,6,As,131.32205,17.119844,114.2022
JVASP-29551,7,As,131.32205,17.11936,114.20268
JVASP-29551,8,Se,270.72284,139.61346,135.958
JVASP-29551,9,Se,99.989395,42.232807,57.756588
JVASP-29551,10,Se,270.72382,139.61163,135.96062
JVASP-29551,11,Se,270.72284,139.6114,135.9598
JVASP-29551,12,Se,270.72382,139.6114,135.96077
JVASP-29551,13,Se,270.72382,139.61368,135.95882
JVASP-29551,14,Se,99.989395,42.23273,57.756664
JVASP-29551,15,Se,270.72382,139.61345,135.95897
JVASP-29551,16,Br,0.475201,23.615818,23.140615
JVASP-29551,17,Br,0.475201,23.615671,23.14047
JVASP-67703,0,Sr,36.91381,5.630226,31.283583
JVASP-67703,1,Be,1.4879657,36.174026,35.00066
JVASP-67703,2,Be,1.4879657,36.174023,35.000656
JVASP-67703,3,Pb,457.8129,38.26604,419.5469
JVASP-18229,0,Nd,455.62958,136.14769,319.48187
JVASP-18229,1,Nd,455.62958,136.14767,319.4819
JVASP-18229,2,Nd,455.62958,136.14767,319.4819
JVASP-18229,3,Tl,0.0,0.0,0.0
JVASP-18229,4,N,0.0,0.0,0.0
JVASP-17702,0,Nd,453.96802,159.60547,294.36255
JVASP-17702,1,Nd,453.96802,159.60548,294.36252
JVASP-17702,2,Nd,453.968,159.60547,294.36255
JVASP-17702,3,Sn,0.0,0.0,0.0
JVASP-17702,4,C,0.0,0.0,0.0
JVASP-15853,0,Ce,451.57568,291.84537,159.73032
JVASP-15853,1,Ce,451.57568,291.8454,159.73027
JVASP-15853,2,Ce,451.57568,291.84537,159.73029
JVASP-15853,3,Al,0.0,0.0,0.0
JVASP-15853,4,C,0.0,0.0,0.0
JVASP-17505,0,Yb,450.38684,453.6876,3.3007338
JVASP-17505,1,Yb,450.38684,453.6875,3.3006651
JVASP-17505,2,Yb,450.38684,453.6875,3.3006651
JVASP-17505,3,In,0.0,0.0,0.0
JVASP-17505,4,C,0.0,0.0,0.0
JVASP-33815,0,Mo,7.862862,56.719006,64.58186
JVASP-33815,1,Mo,7.862862,56.719013,64.58188
JVASP-33815,2,I,448.40533,96.10833,353.0957
JVASP-33815,3,I,448.4043,96.10623,353.0969
JVASP-33815,4,I,448.4043,96.10623,353.0969
JVASP-33815,5,I,448.40533,96.108315,353.0957
JVASP-33815,6,I,448.4043,96.10623,353.0969
JVASP-33815,7,I,448.4043,96.10623,353.0969
JVASP-15747,0,Ho,446.284,330.362,115.92199
JVASP-15747,1,Ho,446.28397,330.36197,115.92202
JVASP-15747,2,Ho,446.284,330.36197,115.92202
JVASP-15747,3,Sn,0.0,0.0,0.0
JVASP-15747,4,C,0.0,0.0,0.0
JVASP-18035,0,Tm,445.05432,347.0727,97.98165
JVASP-18035,1,Tm,445.05432,347.07266,97.98168
JVASP-18035,2,Tm,445.05432,347.07263,97.98171
JVASP-18035,3,In,0.0,0.0,0.0
JVASP-18035,4,C,0.0,0.0,0.0
JVASP-80443,0,Na,24.43935,36.98966,23.842205
JVASP-80443,1,Na,24.43935,36.98966,23.842207
JVASP-80443,2,Na,24.43935,36.989655,23.842205
JVASP-80443,3,Na,24.43935,36.98966,23.842203
JVASP-80443,4,Hg,113.46953,95.5298,207.98158
JVASP-80443,5,Hg,113.46953,95.5298,207.98158
JVASP-80443,6,Sb,443.47092,102.915924,340.59106
JVASP-80443,7,Sb,443.47092,102.91593,340.59106
JVASP-69257,0,Ba,36.227257,28.939098,65.165886
JVASP-69257,1,Sn,250.99919,28.878326,222.12111
JVASP-69257,2,Sn,173.4888,3.9490097,177.43355
JVASP-69257,3,Te,439.93924,3.0677905,443.00195
JVASP-12493,0,O,11.402454,21.375198,25.261156
JVASP-12493,1,O,11.402454,21.375196,25.261156
JVASP-12493,2,F,8.278651,10.744161,15.464676
JVASP-12493,3,F,8.278651,10.744161,15.464675
JVASP-12493,4,Cl,10.205182,20.24279,25.330776
JVASP-12493,5,Cl,10.205182,20.242792,25.330776
JVASP-12493,6,Pb,480.4653,10.425566,484.94565
JVASP-12493,7,Pb,480.4653,10.425565,484.94565
JVASP-12493,8,Pb,480.4653,10.425564,484.94565
JVASP-12493,9,Pb,480.4653,10.425565,484.94565
JVASP-18129,0,Nd,434.71832,152.58914,282.12915
JVASP-18129,1,Nd,434.7183,152.58916,282.12918
JVASP-18129,2,Nd,434.71832,152.58916,282.12915
JVASP-18129,3,Tl,0.0,0.0,0.0
JVASP-18129,4,C,0.0,0.0,0.0
JVASP-69155,0,Ba,249.4634,4.097784,245.3656
JVASP-69155,1,Sc,28.161783,3.609308,31.771091
JVASP-69155,2,Sb,470.2752,21.755045,456.27725
JVASP-69155,3,Sb,470.2752,21.755047,456.27725
JVASP-55022,0,Ba,29.923433,10.718525,19.717594
JVASP-55022,1,Ba,29.923433,10.718526,19.717594
JVASP-55022,2,Bi,162.58801,13.256333,153.3976
JVASP-55022,3,Bi,435.3814,5.774305,432.67682
JVASP-55022,4,Bi,435.3814,5.774305,432.67682
JVASP-55022,5,Bi,162.58801,13.256332,153.3976
JVASP-55022,6,Pd,14.089618,17.739532,29.824999
JVASP-55022,7,Pd,37.18455,8.204013,35.80702
JVASP-55022,8,Pd,14.089618,17.739534,29.825
JVASP-55022,9,Pd,37.18455,8.204013,35.80702
JVASP-35016,0,Np,9.278667,7.196436,2.0822318
JVASP-35016,1,Np,9.278667,7.19644,2.0822272
JVASP-35016,2,Sb,428.03525,190.7516,237.28365
JVASP-35016,3,Sb,428.03525,190.7516,237.28365
JVASP-35016,4,Te,0.12737347,14.773083,14.64571
JVASP-35016,5,Te,0.12737347,14.773085,14.645711
JVASP-36561,0,Na,25.136904,24.367254,48.923416
JVASP-36561,1,Li,2.0461931,42.746254,44.768444
JVASP-36561,2,Li,2.0461931,42.74625,44.768444
JVASP-36561,3,As,427.38205,57.330463,404.04742
JVASP-15955,0,Nd,424.55048,358.17493,66.375534
JVASP-15955,1,Nd,424.55048,358.17502,66.375465
JVASP-15955,2,Nd,424.55048,358.17496,66.37551
JVASP-15955,3,Ga,0.0,0.0,0.0
JVASP-15955,4,C,0.0,0.0,0.0
JVASP-17668,0,Np,151.45224,58.705097,127.76945
JVASP-17668,1,Np,151.45224,58.705097,127.76945
JVASP-17668,2,Np,151.45312,58.70459,127.77025
JVASP-17668,3,Sn,85.71867,50.59757,132.82045
JVASP-17668,4,Sn,85.71869,50.597107,132.81963
JVASP-17668,5,Sn,85.71867,50.59757,132.82045
JVASP-17668,6,Ir,423.53882,45.64757,377.89124
JVASP-17668,7,Ir,1.5419539,25.05459,26.596544
JVASP-17668,8,Ir,423.53882,45.64757,377.89124
JVASP-53166,0,Ca,2.9593697,10.923334,7.9639697
JVASP-53166,1,In,19.454557,71.79623,88.52586
JVASP-53166,2,In,19.454685,71.79622,88.526276
JVASP-53166,3,Te,424.76382,117.39128,324.42407
JVASP-53166,4,Te,424.73145,117.39184,324.38864
JVASP-53166,5,Te,424.76266,117.39172,324.42007
JVASP-53166,6,Te,424.7325,117.3913,324.39334
JVASP-31842,0,Ti,25.697472,86.33212,96.69024
JVASP-31842,1,Ti,25.697472,86.33214,96.69025
JVASP-31842,2,S,218.1285,209.05493,62.155434
JVASP-31842,3,S,218.1285,209.05493,62.155445
JVASP-31842,4,Cl,80.48075,182.61937,104.26029
JVASP-31842,5,Cl,419.75845,264.00027,162.18024
JVASP-31842,6,Cl,416.20517,277.54913,149.84993
JVASP-31842,7,Cl,110.49104,114.2944,50.604057
JVASP-31842,8,Cl,416.20517,277.54913,149.8499
JVASP-31842,9,Cl,77.61176,191.5729,115.84328
JVASP-31842,10,Cl,80.48075,182.61935,104.260284
JVASP-31842,11,Cl,77.61176,191.5729,115.843285
JVASP-31842,12,Cl,110.49104,114.2944,50.604057
JVASP-31842,13,Cl,71.81969,178.17188,108.71699
JVASP-31842,14,Cl,419.75845,264.00027,162.18025
JVASP-31842,15,Cl,71.81969,178.17186,108.71698
JVASP-31842,16,O,137.80786,329.63785,217.58621
JVASP-31842,17,O,137.80786,329.63788,217.58621
JVASP-54846,0,Th,416.01028,88.953575,327.0567
JVASP-54846,1,Ge,66.9304,76.75861,9.828216
JVASP-54846,2,Ge,66.9304,76.75861,9.828216
JVASP-54846,3,Os,112.424416,66.10358,46.32085
JVASP-54846,4,Os,112.424416,66.10357,46.320854
JVASP-15761,0,La,414.33688,50.71748,363.61942
JVASP-15761,1,La,414.33688,50.717476,363.61942
JVASP-15761,2,La,414.33688,50.717476,363.61942
JVASP-15761,3,Tl,0.0,0.0,0.0
JVASP-15761,4,C,0.0,0.0,0.0
JVASP-66960,0,Y,52.40357,16.30156,36.10201
JVASP-66960,1,Be,8.6213875,3.3268144,11.948201
JVASP-66960,2,Be,8.6213875,3.3268158,11.948203
JVASP-66960,3,Bi,413.69757,5.8553996,407.84216
JVASP-56795,0,Tb,47.831635,61.553642,27.51331
JVASP-56795,1,Tb,47.831635,61.553642,27.51331
JVASP-56795,2,Tb,47.83654,61.55251,27.50887
JVASP-56795,3,In,30.778921,47.76026,39.708977
JVASP-56795,4,In,30.777212,47.76099,39.70596
JVASP-56795,5,In,30.777212,47.76099,39.70596
JVASP-56795,6,Pt,118.94354,17.21549,101.72805
JVASP-56795,7,Pt,411.8474,50.103992,361.74344
JVASP-56795,8,Pt,411.8474,50.103992,361.74344
JVASP-8531,0,Dy,53.23705,59.447548,16.461428
JVASP-8531,1,Dy,53.234997,59.4487,16.463036
JVASP-8531,2,Dy,53.234997,59.4487,16.46303
JVASP-8531,3,In,37.394424,61.86167,26.791502
JVASP-8531,4,In,37.394424,61.861675,26.791504
JVASP-8531,5,In,37.394535,61.861,26.791702
JVASP-8531,6,Pt,409.95026,76.9957,332.95456
JVASP-8531,7,Pt,409.95026,76.9957,332.95456
JVASP-8531,8,Pt,129.2114,11.7004795,140.91188
JVASP-8070,0,Na,15.33054,42.546577,27.216036
JVASP-8070,1,Na,15.33054,42.54658,27.21604
JVASP-8070,2,Pd,408.4855,108.090126,300.39536
JVASP-8070,3,C,75.09401,172.24196,97.147964
JVASP-8070,4,C,75.09401,172.24196,97.147964
JVASP-35035,0,Pr,0.385389,51.719757,51.33437
JVASP-35035,1,Pr,0.385389,51.719757,51.33437
JVASP-35035,2,Sb,79.15648,73.078674,152.23515
JVASP-35035,3,Sb,79.15648,73.078674,152.23515
JVASP-35035,4,Pt,405.10602,75.26945,329.83655
JVASP-35035,5,Pt,405.10602,75.269455,329.83655
JVASP-41560,0,Th,402.62012,30.044357,375.89536
JVASP-41560,1,Th,404.31995,30.049212,377.5606
JVASP-41560,2,Th,402.61447,30.043808,375.89035
JVASP-41560,3,Th,402.61432,30.043823,375.8901
JVASP-41560,4,Th,404.32068,30.049234,377.56137
JVASP-41560,5,Th,402.62012,30.044561,375.8952
JVASP-41560,6,O,7.0074296,3.8958943,3.1151328
JVASP-41560,7,O,7.007387,3.8960037,3.1148741
JVASP-41560,8,O,7.007387,3.8959978,3.1148815
JVASP-41560,9,O,7.0074296,3.895903,3.1151154
JVASP-3942,0,Th,403.19742,20.338749,382.85867
JVASP-3942,1,Th,403.19742,20.33875,382.85864
JVASP-3942,2,I,67.43853,44.072186,23.366344
JVASP-3942,3,I,67.43853,44.072186,23.366344
JVASP-3942,4,N,10.522192,16.595255,27.117447
JVASP-3942,5,N,10.522192,16.595255,27.117447
JVASP-35816,0,Tb,400.70468,383.57104,17.133638
JVASP-35816,1,Tb,400.70468,383.57114,17.13357
JVASP-35816,2,Tb,400.70468,383.5711,17.133577
JVASP-35816,3,Al,0.0,0.0,0.0
JVASP-35816,4,N,0.0,0.0,0.0
JVASP-80184,0,Ti,17.220247,59.37204,42.349567
JVASP-80184,1,Ti,17.220247,59.37204,42.349567
JVASP-80184,2,Ti,17.220247,59.37204,42.349567
JVASP-80184,3,Ti,17.220247,59.372032,42.34956
JVASP-80184,4,Os,399.8974,95.138054,307.13998
JVASP-80184,5,Os,399.8974,95.13806,307.13998
JVASP-80184,6,Rh,191.42743,90.07193,103.639275
JVASP-80184,7,Rh,191.42743,90.07193,103.639275
JVASP-4894,0,Ta,185.01253,21.40553,189.01488
JVASP-4894,1,Ta,185.01253,21.405537,189.01488
JVASP-4894,2,Ta,196.91193,19.241259,187.3028
JVASP-4894,3,Ta,196.91193,19.24126,187.3028
JVASP-4894,4,Te,353.48898,13.80642,360.29642
JVASP-4894,5,Te,353.48898,13.806424,360.29642
JVASP-4894,6,Te,148.36827,33.919224,134.23314
JVASP-4894,7,Te,148.36827,33.919224,134.23314
JVASP-4894,8,Te,356.02045,25.409437,343.31476
JVASP-4894,9,Te,356.02045,25.409437,343.31476
JVASP-4894,10,Te,192.09251,52.483936,141.11188
JVASP-4894,11,Te,192.09251,52.483936,141.11188
JVASP-4894,12,Te,172.45569,26.245468,159.77005
JVASP-4894,13,Te,172.45569,26.245468,159.77005
JVASP-4894,14,Te,401.0048,20.969067,420.091
JVASP-4894,15,Te,401.0048,20.969065,420.091
JVASP-4894,16,Te,201.02054,49.67756,153.28722
JVASP-4894,17,Te,201.02054,49.67756,153.28722
JVASP-4894,18,Te,396.09793,36.996147,416.43912
JVASP-4894,19,Te,396.09793,36.996155,416.43912
JVASP-4894,20,Ir,98.91197,44.97064,131.65309
JVASP-4894,21,Ir,98.91197,44.97064,131.65309
JVASP-4894,22,Ir,121.4031,41.454887,150.63026
JVASP-4894,23,Ir,121.4031,41.454887,150.63026
JVASP-4412,0,Cu,26.3898,26.36551,50.027893
JVASP-4412,1,Ag,73.87579,2.0342822,72.46324
JVASP-4412,2,Te,398.1835,112.6075,286.286
JVASP-4412,3,Te,391.02814,135.60526,256.7386
JVASP-36077,0,Pa,418.4263,24.74554,399.61365
JVASP-36077,1,Pa,418.4263,24.745543,399.61365
JVASP-36077,2,Pa,418.42862,24.74587,399.61627
JVASP-36077,3,Pa,418.4263,24.745539,399.61365
JVASP-36077,4,Pa,418.4263,24.745543,399.61365
JVASP-36077,5,Pa,418.42862,24.74587,399.6163
JVASP-36077,6,Mo,98.747505,35.166637,63.580864
JVASP-36077,7,Mo,98.746284,35.166637,63.579643
JVASP-15419,0,Zr,42.461903,46.200638,3.73874
JVASP-15419,1,Zr,42.461903,46.200638,3.73874
JVASP-15419,2,Zr,42.461903,46.200638,3.73874
JVASP-15419,3,Zr,42.461903,46.200634,3.7387369
JVASP-15419,4,Sn,390.5344,78.196785,312.33762
JVASP-15419,5,Sn,390.5344,78.196785,312.33762
JVASP-15419,6,C,2.1016622,16.267977,18.369638
JVASP-15419,7,C,2.1016622,16.267977,18.369638
JVASP-12334,0,Pb,73.6093,21.375591,58.815346
JVASP-12334,1,Pb,73.6093,21.375586,58.815346
JVASP-12334,2,Se,388.569,51.067703,342.17123
JVASP-12334,3,Se,388.569,51.067703,342.17123
JVASP-12334,4,O,159.78256,158.42496,11.526187
JVASP-12334,5,O,159.78256,158.42496,11.526185
JVASP-12334,6,O,159.78256,158.42494,11.526181
JVASP-12334,7,O,159.78256,158.42496,11.526185
JVASP-12334,8,O,161.66187,143.35071,44.03389
JVASP-12334,9,O,161.66187,143.35071,44.03389
JVASP-5212,0,C,46.59514,153.0698,192.32524
JVASP-5212,1,C,46.59514,153.06981,192.32526
JVASP-5212,2,C,46.59514,153.0698,192.32524
JVASP-5212,3,C,46.59514,153.0698,192.32524
JVASP-5212,4,S,306.0524,145.67493,191.7416
JVASP-5212,5,S,306.0524,145.67493,191.7416
JVASP-5212,6,S,306.0524,145.67493,191.7416
JVASP-5212,7,S,306.0524,145.67493,191.7416
JVASP-5212,8,S,169.89146,138.28497,155.71278
JVASP-5212,9,S,169.89146,138.28497,155.71278
JVASP-5212,10,S,169.89146,138.28497,155.71278
JVASP-5212,11,S,169.89146,138.28497,155.71278
JVASP-5212,12,N,86.073425,137.41637,135.82597
JVASP-5212,13,N,86.073425,137.4164,135.82599
JVASP-5212,14,N,86.073425,137.41637,135.82597
JVASP-5212,15,N,86.073425,137.41637,135.82597
JVASP-5212,16,Cl,388.0291,151.44005,242.3368
JVASP-5212,17,Cl,388.0291,151.44005,242.3368
JVASP-5212,18,Cl,388.0291,151.44005,242.3368
JVASP-5212,19,Cl,388.0291,151.44005,242.3368
JVASP-5212,20,O,134.95381,154.88103,117.633194
JVASP-5212,21,O,134.95381,154.88103,117.6332
JVASP-5212,22,O,134.95381,154.88101,117.63318
JVASP-5212,23,O,134.95381,154.88103,117.63319
JVASP-5212,24,O,149.13817,148.36021,176.6338
JVASP-5212,25,O,149.13817,148.36021,176.63379
JVASP-5212,26,O,149.13817,148.36021,176.6338
JVASP-5212,27,O,149.13817,148.36021,176.63379
JVASP-18461,0,U,385.1529,1.5421919,383.61072
JVASP-18461,1,U,385.1529,1.5421941,383.61072
JVASP-18461,2,Br,48.500713,29.590946,18.909765
JVASP-18461,3,Br,48.500713,29.59094,18.909771
JVASP-18461,4,N,4.773239,28.653246,23.880009
JVASP-18461,5,N,4.773239,28.653252,23.880014
JVASP-14218,0,Nb,33.020756,13.377614,19.643143
JVASP-14218,1,Hg,356.2097,5.887687,362.09738
JVASP-14218,2,Hg,383.5268,4.5827336,378.9441
JVASP-14218,3,Hg,383.5268,4.5827346,378.9441
JVASP-14218,4,F,47.515095,40.027008,26.421305
JVASP-14218,5,F,47.515095,40.027008,26.421305
JVASP-14218,6,F,47.51866,40.027054,26.427795
JVASP-14218,7,F,47.515095,40.027008,26.421303
JVASP-14218,8,F,47.515095,40.027016,26.421305
JVASP-14218,9,F,47.51866,40.027054,26.427797
JVASP-2856,0,Na,3.8987446,11.957472,8.058727
JVASP-2856,1,Na,24.616629,0.87429327,23.742334
JVASP-2856,2,Na,3.8987446,11.957931,8.059186
JVASP-2856,3,Na,24.616629,0.8746124,23.742016
JVASP-2856,4,P,64.16041,44.621128,108.78154
JVASP-2856,5,P,64.16041,44.621525,108.78194
JVASP-2856,6,Cd,382.82318,46.409557,429.23276
JVASP-64904,0,K,27.88091,6.508276,34.389183
JVASP-64904,1,K,27.88091,6.508272,34.389183
JVASP-64904,2,Ta,381.08914,4.1789536,385.2681
JVASP-64904,3,Ta,381.08914,4.178949,385.2681
JVASP-64904,4,Be,9.495038,7.883274,17.378313
JVASP-64904,5,Be,8.9234915,7.6512666,16.574759
JVASP-64904,6,Be,9.495038,7.8832736,17.378313
JVASP-64904,7,Be,8.9234915,7.6512647,16.574757
JVASP-8809,0,As,140.8133,43.89261,121.17332
JVASP-8809,1,As,140.8133,43.89261,121.173225
JVASP-8809,2,Na,8.944997,38.210106,45.07256
JVASP-8809,3,Na,8.944997,38.21011,45.07256
JVASP-8809,4,Se,427.69214,63.880127,367.2248
JVASP-8809,5,Se,427.7005,66.45641,365.22015
JVASP-8809,6,Se,427.7019,66.45641,365.22162
JVASP-8809,7,Se,427.69138,63.880135,367.22403
JVASP-5290,0,H,38.9107,174.253,141.84329
JVASP-5290,1,H,38.9107,174.25203,141.84222
JVASP-5290,2,H,38.9107,174.25201,141.8422
JVASP-5290,3,H,38.9107,174.25203,141.84222
JVASP-5290,4,S,338.13724,280.70825,144.53125
JVASP-5290,5,S,338.13724,280.70816,144.53123
JVASP-5290,6,S,338.13724,280.70828,144.5312
JVASP-5290,7,S,338.13724,280.70816,144.53123
JVASP-5290,8,S,395.17477,225.37894,218.10875
JVASP-5290,9,S,395.17477,225.37888,218.10889
JVASP-5290,10,S,395.17477,225.3788,218.10898
JVASP-5290,11,S,395.17477,225.37888,218.1089
JVASP-5290,12,S,395.175,225.37888,218.1091
JVASP-5290,13,S,395.175,225.3788,218.10919
JVASP-5290,14,S,395.175,225.37888,218.1091
JVASP-5290,15,S,395.175,225.37894,218.10898
JVASP-5290,16,S,324.87143,252.8205,127.80276
JVASP-5290,17,S,324.87143,252.82043,127.8028
JVASP-5290,18,S,324.87143,252.8205,127.80273
JVASP-5290,19,S,324.87143,252.82042,127.80277
JVASP-5290,20,S,324.87164,252.82043,127.802734
JVASP-5290,21,S,324.87164,252.82047,127.80267
JVASP-5290,22,S,324.87164,252.82043,127.80275
JVASP-5290,23,S,324.87164,252.82048,127.80272
JVASP-5290,24,S,334.4925,251.93571,120.304016
JVASP-5290,25,S,334.4925,251.93573,120.30398
JVASP-5290,26,S,334.4925,251.93571,120.303894
JVASP-5290,27,S,334.4925,251.93565,120.30402
JVASP-5290,28,S,334.49252,251.93565,120.3042
JVASP-5290,29,S,334.49252,251.93568,120.30408
JVASP-5290,30,S,334.49252,251.9357,120.30415
JVASP-5290,31,S,334.49252,251.93571,120.30419
JVASP-5290,32,N,128.11826,248.88475,139.4665
JVASP-5290,33,N,128.11812,248.88431,139.46608
JVASP-5290,34,N,128.11812,248.88431,139.46606
JVASP-5290,35,N,128.11812,248.88428,139.46606
JVASP-67313,0,Ca,12.899013,10.864442,2.0345702
JVASP-67313,1,Ca,12.899013,10.864441,2.0345714
JVASP-67313,2,Be,4.6964884,4.2210846,0.47540373
JVASP-67313,3,Be,4.6964884,4.2210894,0.47539905
JVASP-67313,4,Pb,374.6617,2.2416248,372.42007
JVASP-67313,5,Pb,374.6617,2.2416246,372.42007
JVASP-16055,0,Sr,23.86048,14.552485,38.412964
JVASP-16055,1,Sr,23.86048,14.552486,38.412964
JVASP-16055,2,As,109.68733,29.267344,138.95468
JVASP-16055,3,As,109.68733,29.26734,138.95468
JVASP-16055,4,Pt,372.50247,94.182816,278.31967
JVASP-16055,5,Pt,372.50247,94.1828,278.31967
JVASP-12488,0,O,45.079487,89.90979,45.842785
JVASP-12488,1,O,45.079487,89.90978,45.842777
JVASP-12488,2,O,45.079487,89.909775,45.842773
JVASP-12488,3,O,45.079487,89.90978,45.842777
JVASP-12488,4,Cl,2.6518285,4.5637345,4.6990266
JVASP-12488,5,Cl,2.6518285,4.563733,4.699024
JVASP-12488,6,Pb,124.40541,15.552204,123.59032
JVASP-12488,7,Pb,124.40541,15.552206,123.590324
JVASP-12488,8,Bi,373.35913,26.99819,358.2043
JVASP-12488,9,Bi,373.35913,26.998192,358.2043
JVASP-85491,0,Eu,13.996386,6.934555,7.0618296
JVASP-85491,1,K,5.321924,40.432327,45.754253
JVASP-85491,2,Cu,20.648893,11.878678,29.028433
JVASP-85491,3,Cu,20.648893,11.878685,29.028446
JVASP-85491,4,Te,3.3745804,45.667236,42.292652
JVASP-85491,5,Te,369.26608,160.8219,211.49571
JVASP-85491,6,Te,176.81479,0.19706586,176.61772
JVASP-85491,7,Te,369.26608,160.8219,211.49571
JVASP-69101,0,Ba,366.87314,9.572231,376.44537
JVASP-69101,1,Ba,366.87314,9.572228,376.44537
JVASP-69101,2,Ta,276.36612,26.49708,249.86903
JVASP-69101,3,Ta,276.36612,26.497078,249.86903
JVASP-69101,4,Ta,276.36612,26.497078,249.86903
JVASP-69101,5,Ta,276.36612,26.497084,249.86903
JVASP-69101,6,P,104.514824,18.610216,123.12504
JVASP-69101,7,P,104.514824,18.610212,123.12504
JVASP-17924,0,Sm,67.10816,47.28193,28.615253
JVASP-17924,1,Sm,67.108475,47.282578,28.61481
JVASP-17924,2,Sm,67.108475,47.282578,28.61481
JVASP-17924,3,Sn,91.03933,34.58812,104.59663
JVASP-17924,4,Sn,91.034485,34.58759,104.59234
JVASP-17924,5,Sn,91.03933,34.58812,104.596634
JVASP-17924,6,Pt,365.2516,31.807533,333.44403
JVASP-17924,7,Pt,3.9571507,10.834727,6.8775764
JVASP-17924,8,Pt,365.2516,31.80753,333.44403
JVASP-65654,0,Ba,57.676502,41.5819,99.2584
JVASP-65654,1,Tl,8.930023,31.288628,40.21865
JVASP-65654,2,Se,363.60223,43.615116,319.98715
JVASP-65654,3,Se,363.60223,43.61512,319.98712
JVASP-85161,0,La,0.0,0.0,0.0
JVASP-85161,1,B,0.0,0.0,0.0
JVASP-85161,2,Pt,362.66818,368.30005,5.631847
JVASP-85161,3,Pt,362.66818,368.3,5.631809
JVASP-85161,4,Pt,362.66818,368.30005,5.631853
JVASP-27032,0,U,11.376246,14.565359,25.941607
JVASP-27032,1,U,11.376246,14.56536,25.941607
JVASP-27032,2,Sb,362.10806,1.1003224,361.00775
JVASP-27032,3,Sb,362.10806,1.1003222,361.00775
JVASP-27032,4,Sb,326.33084,147.27512,179.0557
JVASP-27032,5,Sb,326.33084,147.27512,179.0557
JVASP-27032,6,Au,112.01027,53.26431,165.27458
JVASP-27032,7,Au,112.01027,53.2643,165.27457
JVASP-69332,0,Ba,119.11297,135.46634,254.57932
JVASP-69332,1,Te,358.8429,67.48851,426.33142
JVASP-69332,2,Pd,88.6676,105.20528,193.85864
JVASP-69332,3,Pd,88.6676,105.205284,193.85864
JVASP-67605,0,Be,1.20025,150.59515,151.7954
JVASP-67605,1,Be,15.645707,49.098366,33.452663
JVASP-67605,2,Tl,357.65488,5.666515,351.98837
JVASP-67605,3,Cl,151.27559,0.25130174,151.52689
JVASP-50826,0,B,40.836983,22.535086,49.219593
JVASP-50826,1,B,40.836983,22.535086,49.219597
JVASP-50826,2,Sb,355.27225,24.458014,348.38803
JVASP-50826,3,Sb,355.27225,24.458017,348.38803
JVASP-50826,4,O,120.70099,117.05756,39.182343
JVASP-50826,5,O,84.04872,102.349884,48.018547
JVASP-50826,6,O,109.72803,132.25125,53.420254
JVASP-50826,7,O,109.72803,132.25125,53.42025
JVASP-50826,8,O,84.04872,102.349884,48.018547
JVASP-50826,9,O,120.70099,117.057556,39.18234
JVASP-2388,0,Ba,351.74753,8.374194,343.37335
JVASP-2388,1,Ba,351.74753,8.374193,343.37335
JVASP-2388,2,Ce,250.24232,22.694176,227.54814
JVASP-2388,3,Ce,250.24232,22.694176,227.54816
JVASP-2388,4,N,15.697556,8.560911,24.258467
JVASP-2388,5,N,15.697556,8.560907,24.258463
JVASP-2388,6,N,15.697556,8.560908,24.258465
JVASP-2388,7,N,15.697556,8.56091,24.258465
JVASP-56315,0,Ba,43.35543,13.523843,45.758717
JVASP-56315,1,Ag,166.44568,65.79444,213.44366
JVASP-56315,2,Ag,166.44745,65.79442,213.44504
JVASP-56315,3,Ge,11.409973,38.696724,50.013462
JVASP-56315,4,Se,381.93442,205.7371,192.92175
JVASP-56315,5,Se,381.93463,205.73712,192.92168
JVASP-56315,6,Se,381.9352,205.73695,192.92273
JVASP-56315,7,Se,381.9355,205.73547,192.9254
JVASP-79242,0,Ir,348.96985,168.49371,180.47612
JVASP-79242,1,Ir,348.96985,168.49371,180.47612
JVASP-79242,2,Pb,210.75165,35.45176,246.2034
JVASP-79242,3,Pb,210.75165,35.451763,246.2034
JVASP-67250,0,Be,14.349927,34.352684,20.002754
JVASP-67250,1,Be,14.349927,34.352688,20.00276
JVASP-67250,2,Os,128.9297,98.24266,30.687046
JVASP-67250,3,Os,128.9297,98.24266,30.687046
JVASP-67250,4,Pb,347.9141,187.28181,160.6323
JVASP-67250,5,Pb,347.9141,187.2818,160.63231
JVASP-81273,0,Ti,32.953484,10.010744,39.898895
JVASP-81273,1,Ti,32.953484,10.010744,39.898895
JVASP-81273,2,Ti,32.953484,10.010749,39.898903
JVASP-81273,3,Ti,32.953484,10.010744,39.8989
JVASP-81273,4,Pt,352.12793,86.18007,271.51617
JVASP-81273,5,Pt,352.12793,86.18007,271.51617
JVASP-81273,6,W,301.1578,102.15069,199.77773
JVASP-81273,7,W,301.1578,102.15068,199.77774
JVASP-65357,0,Ba,344.4096,9.212514,353.29807
JVASP-65357,1,Ni,4.2138925,50.498386,54.53551
JVASP-65357,2,Mo,131.83644,4.8088627,127.34446
JVASP-65357,3,Mo,131.83644,4.8088627,127.34446
JVASP-2193,0,Sb,275.712,64.76597,211.65527
JVASP-2193,1,Sb,275.712,64.765976,211.65527
JVASP-2193,2,Sb,275.712,64.76597,211.65527
JVASP-2193,3,Sb,275.712,64.76597,211.65527
JVASP-2193,4,Os,355.41113,8.409407,347.89487
JVASP-2193,5,Os,355.41113,8.409408,347.89487
JVASP-35822,0,Y,0.0,0.0,0.0
JVASP-35822,1,B,0.0,0.0,0.0
JVASP-35822,2,Pt,340.95264,418.80643,77.85382
JVASP-35822,3,Pt,340.95264,418.80646,77.85382
JVASP-35822,4,Pt,340.95264,418.8065,77.85387
JVASP-17840,0,U,68.29177,51.13763,17.15414
JVASP-17840,1,U,68.29177,51.13763,17.15414
JVASP-17840,2,Sb,339.63074,109.61088,230.01985
JVASP-17840,3,Sb,339.63074,109.61088,230.01985
JVASP-17840,4,As,24.663914,37.992496,13.328587
JVASP-17840,5,As,24.663914,37.992504,13.328591
JVASP-65424,0,Ba,189.94487,7.3369107,197.28178
JVASP-65424,1,Ti,42.037476,16.089037,44.61263
JVASP-65424,2,Ti,42.037476,16.089033,44.61262
JVASP-65424,3,Tl,337.2098,2.8895473,334.32025
JVASP-17918,0,La,335.2788,87.64127,247.63753
JVASP-17918,1,La,335.2788,87.64128,247.63751
JVASP-17918,2,La,335.2788,87.64129,247.63751
JVASP-17918,3,In,0.0,0.0,0.0
JVASP-17918,4,N,0.0,0.0,0.0
JVASP-33797,0,Ac,333.78708,64.10009,397.88715
JVASP-33797,1,Ac,333.78708,64.10009,397.88715
JVASP-33797,2,I,145.71346,20.081081,126.09248
JVASP-33797,3,I,145.71346,20.08108,126.09248
JVASP-33797,4,I,145.71365,20.081715,126.09206
JVASP-33797,5,I,145.71346,20.081078,126.09248
JVASP-33797,6,I,145.71346,20.08108,126.09248
JVASP-33797,7,I,145.71365,20.081717,126.09206
JVASP-67202,0,Zr,62.28889,77.49802,15.209127
JVASP-67202,1,Zr,62.28889,77.49802,15.209125
JVASP-67202,2,Be,1.5080692,10.454322,11.962392
JVASP-67202,3,Be,1.5080692,10.454321,11.962391
JVASP-67202,4,Tl,332.96896,83.71136,249.2576
JVASP-67202,5,Tl,332.96896,83.71136,249.2576
JVASP-15774,0,Tb,23.27995,48.11471,24.834759
JVASP-15774,1,Tb,23.27995,48.11471,24.83476
JVASP-15774,2,Cu,9.366849,12.625596,3.2587476
JVASP-15774,3,Cu,9.366849,12.625595,3.2587464
JVASP-15774,4,As,332.18756,136.08746,196.1001
JVASP-15774,5,As,332.18756,136.08748,196.1001
JVASP-15774,6,As,43.88261,15.015304,28.867308
JVASP-15774,7,As,43.88261,15.015302,28.86731
JVASP-16388,0,Y,14.029044,41.672813,27.643772
JVASP-16388,1,Y,14.029044,41.672813,27.64377
JVASP-16388,2,Cu,9.686915,30.042063,20.355146
JVASP-16388,3,Cu,9.686915,30.042063,20.355146
JVASP-16388,4,As,329.56335,112.45982,217.10352
JVASP-16388,5,As,329.56335,112.45984,217.10352
JVASP-16388,6,As,43.1249,4.3173485,47.44225
JVASP-16388,7,As,43.1249,4.317346,47.442245
JVASP-7642,0,Al,6.603536,42.147858,48.751392
JVASP-7642,1,Al,6.603536,42.147858,48.751396
JVASP-7642,2,K,22.312931,4.4058614,17.907068
JVASP-7642,3,K,22.312931,4.405864,17.907066
JVASP-7642,4,Te,348.6805,72.561104,286.75903
JVASP-7642,5,Te,348.67932,72.561134,286.75793
JVASP-7642,6,Te,348.67932,72.56114,286.7579
JVASP-7642,7,Te,348.6805,72.561104,286.75906
JVASP-2295,0,Cu,3.3381438,2.7864215,0.5523454
JVASP-2295,1,Cu,3.3381438,2.7864234,0.55234295
JVASP-2295,2,Ga,0.22394791,6.6293874,6.853313
JVASP-2295,3,Ga,0.22394791,6.6293974,6.853323
JVASP-2295,4,Te,352.77917,14.18213,364.62463
JVASP-2295,5,Te,352.77853,14.182159,364.62402
JVASP-2295,6,Te,352.77902,14.182104,364.62445
JVASP-2295,7,Te,352.77887,14.1821165,364.62433
JVASP-32414,0,Si,27.201403,29.715046,33.648617
JVASP-32414,1,Si,27.201403,29.715042,33.64861
JVASP-32414,2,C,65.07656,124.68511,65.66766
JVASP-32414,3,C,65.07656,124.68512,65.66768
JVASP-32414,4,Cl,247.5588,141.90137,109.53444
JVASP-32414,5,Cl,247.9193,125.08254,128.65448
JVASP-32414,6,Cl,247.9193,125.08255,128.65448
JVASP-32414,7,Cl,247.9201,125.08256,128.65529
JVASP-32414,8,Cl,247.5588,141.90137,109.53443
JVASP-32414,9,Cl,247.9201,125.08255,128.6553
JVASP-32414,10,F,325.65088,344.01028,55.13185
JVASP-32414,11,F,325.65088,344.01028,55.131382
JVASP-32414,12,F,325.30493,246.16188,97.37435
JVASP-32414,13,F,325.65088,344.0103,55.131393
JVASP-32414,14,F,325.30493,246.16188,97.374344
JVASP-32414,15,F,325.65088,344.01028,55.131832
JVASP-8356,0,Mg,3.2166054,3.1015365,0.11509777
JVASP-8356,1,W,324.1074,5.157446,329.26483
JVASP-8356,2,F,116.54201,88.14435,59.17057
JVASP-8356,3,F,116.54197,88.14432,59.17131
JVASP-8356,4,F,116.54189,88.14434,59.170494
JVASP-8356,5,F,116.54197,88.14432,59.17131
JVASP-8356,6,F,116.54201,88.14433,59.17057
JVASP-8356,7,F,116.54189,88.14435,59.17049
JVASP-7981,0,Lu,0.0,0.0,0.0
JVASP-7981,1,Tl,322.36264,40.319298,282.04337
JVASP-7981,2,Tl,322.36264,40.319298,282.04337
JVASP-7981,3,Tl,322.36264,40.319305,282.04337
JVASP-5236,0,P,131.4012,186.64526,58.18498
JVASP-5236,1,P,131.4012,186.64526,58.184982
JVASP-5236,2,P,131.4012,186.64526,58.18498
JVASP-5236,3,P,131.4012,186.64526,58.18498
JVASP-5236,4,Cl,317.52054,442.6526,129.06621
JVASP-5236,5,Cl,317.52054,442.6526,129.06621
JVASP-5236,6,Cl,317.52054,442.65262,129.06621
JVASP-5236,7,Cl,317.52054,442.6526,129.06621
JVASP-5236,8,Cl,319.43216,383.7546,67.880684
JVASP-5236,9,Cl,319.43216,383.7546,67.880684
JVASP-5236,10,Cl,319.43216,383.75464,67.88073
JVASP-5236,11,Cl,319.43216,383.7546,67.880684
JVASP-5236,12,Cl,317.52054,442.6526,129.06621
JVASP-5236,13,Cl,317.52054,442.6526,129.06621
JVASP-5236,14,Cl,317.52054,442.65262,129.06621
JVASP-5236,15,Cl,317.52054,442.6526,129.06621
JVASP-17605,0,Np,55.280087,3.6738436,58.95393
JVASP-17605,1,Np,55.280087,3.673834,58.95392
JVASP-17605,2,As,318.97992,81.88091,237.09901
JVASP-17605,3,As,318.97992,81.88092,237.099
JVASP-17605,4,Se,1.412539,15.154092,16.566631
JVASP-17605,5,Se,1.412539,15.154095,16.566633
JVASP-5254,0,Bi,325.51254,42.505363,292.50372
JVASP-5254,1,Bi,325.51254,42.50536,292.50375
JVASP-5254,2,Bi,325.51254,42.50537,292.50372
JVASP-5254,3,Bi,325.51254,42.505363,292.50372
JVASP-5254,4,S,59.61262,69.822296,13.517839
JVASP-5254,5,S,59.61262,69.822296,13.517835
JVASP-5254,6,S,59.61262,69.82228,13.517821
JVASP-5254,7,S,59.61262,69.82228,13.517821
JVASP-5254,8,Br,208.99298,82.94206,134.96484
JVASP-5254,9,Br,208.99298,82.94207,134.96484
JVASP-5254,10,Br,208.99298,82.94208,134.96484
JVASP-5254,11,Br,208.99298,82.94208,134.96484
JVASP-32441,0,Sb,22.35505,24.906649,15.837893
JVASP-32441,1,S,174.11166,297.838,124.54042
JVASP-32441,2,S,174.11166,297.838,124.54042
JVASP-32441,3,N,15.708829,482.40225,497.97687
JVASP-32441,4,Cl,294.61404,173.64626,125.539406
JVASP-32441,5,Cl,314.92944,193.80879,121.28972
JVASP-32441,6,Cl,294.6142,173.64781,125.538124
JVASP-32441,7,Cl,314.92944,193.80876,121.28973
JVASP-32441,8,Cl,294.61404,173.64626,125.5394
JVASP-32441,9,Cl,294.6142,173.6478,125.53813
JVASP-67729,0,Be,9.205999,14.705953,5.4999533
JVASP-67729,1,Bi,313.41794,27.148355,340.56628
JVASP-67729,2,K,41.450268,29.94464,11.505629
JVASP-18143,0,Tb,51.410038,62.71684,67.81212
JVASP-18143,1,Tb,51.410484,62.717735,67.81201
JVASP-18143,2,Tb,51.410484,62.717728,67.81201
JVASP-18143,3,In,38.132072,64.264336,76.88281
JVASP-18143,4,In,38.133278,64.263466,76.88287
JVASP-18143,5,In,38.132072,64.264336,76.882805
JVASP-18143,6,Ir,139.42986,24.981995,164.41185
JVASP-18143,7,Ir,311.67673,63.099518,248.57724
JVASP-18143,8,Ir,311.67673,63.09951,248.57724
JVASP-67124,0,Be,7.561575,20.007702,12.446127
JVASP-67124,1,Hg,198.9304,48.61273,150.31769
JVASP-67124,2,Re,310.44424,48.493183,261.95105
JVASP-30498,0,Hf,45.610313,23.282938,56.795864
JVASP-30498,1,Te,93.88221,32.035355,71.59677
JVASP-30498,2,Se,287.14377,5.9927697,290.7804
JVASP-30498,3,Se,309.54773,22.9653,311.786
JVASP-30498,4,Se,309.54773,22.9653,311.786
JVASP-30498,5,Se,287.14377,5.9927664,290.7804
JVASP-65513,0,Ba,306.41074,41.74554,264.66522
JVASP-65513,1,Tc,18.299322,11.975873,30.275194
JVASP-65513,2,Pd,42.525593,22.344091,20.181501
JVASP-65513,3,Pd,15.862895,66.362076,82.224976
JVASP-41962,0,Ba,305.3738,33.166336,272.20746
JVASP-41962,1,Ba,6.302537,13.114018,6.8114815
JVASP-41962,2,Ga,27.283234,46.261204,18.97797
JVASP-41962,3,Ga,27.283234,46.261208,18.977974
JVASP-41962,4,O,152.6209,123.16096,40.695927
JVASP-41962,5,O,152.6209,123.16096,40.695927
JVASP-41962,6,O,152.6209,123.16096,40.695923
JVASP-41962,7,O,152.6209,123.16096,40.69592
JVASP-41962,8,O,124.519806,156.50354,31.983734
JVASP-35103,0,Th,85.04874,4.2315454,89.28027
JVASP-35103,1,Th,85.04874,4.231551,89.28029
JVASP-35103,2,Sb,304.5516,172.9366,131.615
JVASP-35103,3,Sb,304.5516,172.93658,131.615
JVASP-35103,4,Te,79.72763,21.284058,58.44357
JVASP-35103,5,Te,79.72763,21.284063,58.443565
JVASP-22680,0,K,13.424837,26.709166,13.284328
JVASP-22680,1,K,13.424837,26.709164,13.2843275
JVASP-22680,2,H,10.545889,30.374681,24.283607
JVASP-22680,3,H,10.545889,30.374681,24.283607
JVASP-22680,4,H,10.545889,30.374607,24.283499
JVASP-22680,5,H,10.545889,30.374609,24.2835
JVASP-22680,6,Pd,303.15292,15.0320425,288.12088
JVASP-8350,0,Ca,13.945661,6.244744,7.7009172
JVASP-8350,1,W,302.0575,16.294641,318.35214
JVASP-8350,2,F,104.08384,62.967045,57.70977
JVASP-8350,3,F,104.08396,62.967106,57.70951
JVASP-8350,4,F,104.08373,62.9671,57.709423
JVASP-8350,5,F,104.08396,62.967102,57.70951
JVASP-8350,6,F,104.08384,62.967052,57.70977
JVASP-8350,7,F,104.08373,62.9671,57.709423
JVASP-80761,0,Sr,74.288956,7.136787,75.341255
JVASP-80761,1,Sr,74.288956,7.136786,75.341255
JVASP-80761,2,Li,0.45197564,70.754425,71.20183
JVASP-80761,3,Li,0.45197564,70.754425,71.20183
JVASP-80761,4,Li,0.45197564,70.75442,71.20182
JVASP-80761,5,Li,0.45197564,70.75442,71.20182
JVASP-80761,6,Tl,329.80685,44.249203,316.41995
JVASP-80761,7,Tl,329.80685,44.2492,316.41995
JVASP-14165,0,Li,0.19410478,37.499638,37.54299
JVASP-14165,1,Li,0.19410478,37.499638,37.54299
JVASP-14165,2,O,157.81126,257.88406,104.94232
JVASP-14165,3,O,157.81177,257.88412,104.941765
JVASP-14165,4,O,164.66315,211.83772,59.40531
JVASP-14165,5,O,164.66315,211.83772,59.405304
JVASP-14165,6,O,157.81177,257.88416,104.94177
JVASP-14165,7,O,157.81126,257.88406,104.94232
JVASP-14165,8,F,297.67563,141.75883,156.48091
JVASP-14165,9,F,297.67563,141.75883,156.48091
JVASP-14165,10,S,111.53582,77.04524,181.34163
JVASP-14165,11,S,111.53582,77.04526,181.34164
JVASP-2841,0,Se,304.8801,35.28831,270.32675
JVASP-2841,1,Se,304.8801,35.28831,270.32675
JVASP-2841,2,Rb,42.69898,41.828876,84.250916
JVASP-2841,3,Rb,42.69898,41.828876,84.25092
JVASP-2841,4,Pt,271.14636,25.73501,252.07196
JVASP-39573,0,Tl,86.30695,7.779242,94.08619
JVASP-39573,1,Tl,86.30695,7.7792416,94.08619
JVASP-39573,2,Tl,295.37827,19.40593,314.78418
JVASP-39573,3,Tl,86.30695,7.7792406,94.08619
JVASP-39573,4,Tl,86.30695,7.7792416,94.08619
JVASP-39573,5,Tl,295.37827,19.405931,314.78418
JVASP-39573,6,H,0.15921684,16.283054,16.123838
JVASP-39573,7,H,0.15921684,16.283058,16.12384
JVASP-80760,0,Mg,4.1634803,21.127968,23.707409
JVASP-80760,1,Mg,4.1634803,21.127968,23.707405
JVASP-80760,2,Ru,70.119095,7.5637555,73.75683
JVASP-80760,3,Ru,70.119095,7.563757,73.75683
JVASP-80760,4,Ru,70.119095,7.5637565,73.75683
JVASP-80760,5,Ru,70.119095,7.5637565,73.75683
JVASP-80760,6,W,302.4605,12.457391,297.1908
JVASP-80760,7,W,302.4605,12.45739,297.1908
JVASP-35336,0,Yb,255.65936,46.4447,209.21468
JVASP-35336,1,B,1.5399125,47.102722,48.64263
JVASP-35336,2,B,1.5399125,47.102726,48.642635
JVASP-35336,3,Ir,313.56274,370.77142,83.762985
JVASP-35336,4,Ir,313.5622,370.77032,83.76327
JVASP-35336,5,Ir,313.56274,370.77142,83.762985
JVASP-17644,0,Fe,17.00888,14.480367,2.5285146
JVASP-17644,1,Fe,17.00888,14.480366,2.528515
JVASP-17644,2,Ge,102.55234,92.35335,10.198988
JVASP-17644,3,Ge,102.55234,92.353355,10.198984
JVASP-17644,4,Th,293.34192,51.91884,241.42308
JVASP-37364,0,Sm,8.587911,1.5344274,10.122338
JVASP-37364,1,Sm,8.587911,1.5344286,10.12234
JVASP-37364,2,Ni,4.8859158,13.466461,18.352375
JVASP-37364,3,Ni,4.8859158,13.466461,18.352377
JVASP-37364,4,Ni,9.477076,11.5769,2.0998242
JVASP-37364,5,Ni,9.477076,11.5769,2.0998242
JVASP-37364,6,Bi,81.52718,14.000292,95.52747
JVASP-37364,7,Bi,81.52718,14.000292,95.52747
JVASP-37364,8,Bi,292.52786,29.344143,263.18372
JVASP-37364,9,Bi,292.52786,29.344143,263.18372
JVASP-8406,0,Ba,291.39374,15.316973,276.07678
JVASP-8406,1,Al,2.1155424,44.47045,42.354908
JVASP-8406,2,Cu,90.940575,0.6110427,91.55162
JVASP-8406,3,Ag,108.471565,10.074847,98.39672
JVASP-8406,4,O,76.06833,79.15315,30.812641
JVASP-8406,5,O,76.06833,79.15315,30.812645
JVASP-8406,6,O,91.55863,121.94823,33.766697
JVASP-8406,7,O,91.55863,121.948235,33.76671
JVASP-8406,8,O,119.09419,91.205666,27.888521
JVASP-26358,0,Ho,36.79052,2.544865,34.245655
JVASP-26358,1,Bi,289.8424,14.64664,275.19577
JVASP-26358,2,Bi,289.8424,14.646641,275.19574
JVASP-26358,3,Cl,1.2451572,6.5399594,5.294802
JVASP-26358,4,O,92.57811,104.234535,16.183434
JVASP-26358,5,O,92.57811,104.234535,16.183434
JVASP-26358,6,O,92.57811,104.23455,16.183441
JVASP-26358,7,O,92.57811,104.23454,16.183441
JVASP-26409,0,Y,22.640635,14.981324,7.6593103
JVASP-26409,1,Bi,288.43967,7.285369,281.1543
JVASP-26409,2,Bi,288.43967,7.28537,281.15427
JVASP-26409,3,Cl,2.9067278,2.8356943,0.071033314
JVASP-26409,4,O,93.89883,106.40489,16.228159
JVASP-26409,5,O,93.89883,106.404884,16.22816
JVASP-26409,6,O,93.89883,106.4049,16.22817
JVASP-26409,7,O,93.89883,106.40491,16.228174
JVASP-29499,0,Cd,108.69212,66.01435,165.57376
JVASP-29499,1,Cd,80.66538,117.0826,42.65517
JVASP-29499,2,Bi,288.433,22.015991,290.01337
JVASP-29499,3,Bi,288.433,22.015995,290.01337
JVASP-29499,4,S,68.99106,55.6122,34.072895
JVASP-29499,5,S,28.20553,69.83407,82.987465
JVASP-29499,6,S,68.99106,55.6122,34.072895
JVASP-29499,7,S,28.20553,69.83406,82.98746
JVASP-29499,8,Br,170.38971,100.778656,107.2142
JVASP-29499,9,Br,170.38971,100.778656,107.2142
JVASP-17928,0,Y,286.26044,402.95297,116.69255
JVASP-17928,1,Y,286.26044,402.95294,116.69252
JVASP-17928,2,Y,286.26044,402.95294,116.692505
JVASP-17928,3,Pb,0.0,0.0,0.0
JVASP-17928,4,C,0.0,0.0,0.0
JVASP-18166,0,U,5.399492,20.457483,15.057991
JVASP-18166,1,U,5.399492,20.457483,15.057991
JVASP-18166,2,Ni,24.663914,27.769129,3.1052165
JVASP-18166,3,Ni,24.663914,27.76913,3.1052182
JVASP-18166,4,As,285.0806,91.54417,193.53644
JVASP-18166,5,As,98.70382,18.982582,117.6864
JVASP-18166,6,As,285.0806,91.544174,193.5364
JVASP-18166,7,As,98.70382,18.982582,117.6864
JVASP-11200,0,Na,8.276781,56.791008,64.54847
JVASP-11200,1,Na,8.276781,56.79101,64.54848
JVASP-11200,2,Na,5.846156,39.843636,43.234356
JVASP-11200,3,Na,5.846156,39.843628,43.23435
JVASP-11200,4,Se,278.1236,62.693108,226.5849
JVASP-11200,5,Se,278.1236,62.693108,226.5849
JVASP-11200,6,Se,265.89722,81.3387,206.38855
JVASP-11200,7,Se,265.89722,81.3387,206.38855
JVASP-11200,8,Pt,296.72748,76.855095,371.7839
JVASP-11200,9,Pt,296.72748,76.855095,371.7839
JVASP-29470,0,Ag,48.05817,123.18134,171.23952
JVASP-29470,1,Ag,48.05817,123.18136,171.23953
JVASP-29470,2,Pb,282.65234,50.33806,332.99042
JVASP-29470,3,Pb,282.65234,50.338062,332.99042
JVASP-29470,4,Br,132.02505,271.43607,139.41101
JVASP-29470,5,Br,132.02505,271.43604,139.41098
JVASP-29470,6,O,10.216822,76.16274,65.94592
JVASP-29470,7,O,10.216822,76.16274,65.94592
JVASP-35499,0,Mn,96.11063,120.21753,216.32814
JVASP-35499,1,N,6.4070487,20.872223,14.465176
JVASP-35499,2,N,6.4070487,20.872225,14.465178
JVASP-35499,3,Cl,175.36061,173.69466,1.6659559
JVASP-35499,4,Cl,175.36061,173.69466,1.6659559
JVASP-35499,5,Cl,281.37238,278.1665,5.878561
JVASP-35499,6,Cl,281.37238,278.1664,5.8786063
JVASP-8407,0,Ba,280.56863,3.6675084,276.90112
JVASP-8407,1,Al,0.725049,12.284055,11.559007
JVASP-8407,2,Cu,69.777794,16.450043,53.32775
JVASP-8407,3,Cu,69.71411,10.147944,59.566166
JVASP-8407,4,O,98.263664,105.61629,13.602808
JVASP-8407,5,O,98.263664,105.61629,13.602811
JVASP-8407,6,O,98.36301,111.15879,13.585775
JVASP-8407,7,O,98.36301,111.15879,13.585774
JVASP-8407,8,O,139.95078,136.73602,3.2147574
JVASP-12745,0,Cl,66.94247,113.227776,78.44971
JVASP-12745,1,Cl,66.94136,113.227684,78.44967
JVASP-12745,2,Cl,66.94136,113.227684,78.44967
JVASP-12745,3,Cl,66.94247,113.22778,78.449715
JVASP-12745,4,Cl,66.942314,113.22778,78.4496
JVASP-12745,5,Cl,66.94287,113.22768,78.44984
JVASP-12745,6,Cl,66.942314,113.22778,78.4496
JVASP-12745,7,Cl,66.94287,113.22768,78.44984
JVASP-12745,8,Pa,279.50702,41.83536,237.67166
JVASP-12745,9,Pa,279.50702,41.83536,237.67166
JVASP-16264,0,Y,278.68335,309.9347,31.251328
JVASP-16264,1,Y,278.68335,309.9347,31.25133
JVASP-16264,2,Y,278.68335,309.9347,31.25133
JVASP-16264,3,Ga,0.0,0.0,0.0
JVASP-16264,4,C,0.0,0.0,0.0
JVASP-2748,0,F,280.69345,200.21552,81.39785
JVASP-2748,1,F,280.69485,200.21555,81.39928
JVASP-2748,2,F,280.6947,200.21552,81.399155
JVASP-2748,3,F,280.69485,200.21553,81.39929
JVASP-2748,4,F,280.69345,200.21552,81.39784
JVASP-2748,5,F,280.6947,200.21552,81.399155
JVASP-2748,6,Zn,9.327241,4.419139,4.9081025
JVASP-2748,7,Pt,8.703605,5.9612465,2.7423587
JVASP-35528,0,Cd,30.19976,28.997719,59.19748
JVASP-35528,1,Ag,11.343587,3.6666877,15.010275
JVASP-35528,2,Ag,11.343587,3.666687,15.010274
JVASP-35528,3,I,320.02466,34.84553,292.65216
JVASP-35528,4,I,320.02466,34.84553,292.65216
JVASP-35528,5,I,320.02466,34.84553,292.65216
JVASP-35528,6,I,320.02466,34.84553,292.65216
JVASP-77442,0,Mn,34.28758,31.787771,65.80601
JVASP-77442,1,Mn,34.28758,31.787775,65.80601
JVASP-77442,2,V,103.705284,73.84222,58.823353
JVASP-77442,3,V,103.705284,73.84222,58.823357
JVASP-77442,4,Os,279.41333,97.315315,189.48694
JVASP-77442,5,Os,279.41333,97.31531,189.48694
JVASP-77442,6,Os,279.41333,97.31531,189.48695
JVASP-77442,7,Os,279.41333,97.31531,189.48694
JVASP-12125,0,Zn,90.03163,13.550136,85.02071
JVASP-12125,1,Zn,90.03163,13.550137,85.02071
JVASP-12125,2,Zn,90.03163,13.550136,85.02071
JVASP-12125,3,Zn,90.03163,13.550136,85.02071
JVASP-12125,4,W,293.3159,15.380928,307.36905
JVASP-12125,5,W,293.3159,15.380927,307.36905
JVASP-12125,6,W,293.3159,15.380927,307.36905
JVASP-12125,7,W,293.3159,15.380923,307.36905
JVASP-12125,8,O,31.328854,45.19375,22.768377
JVASP-12125,9,O,70.38437,51.92999,35.45587
JVASP-12125,10,O,31.328854,45.19374,22.768375
JVASP-12125,11,O,70.38437,51.92999,35.45587
JVASP-12125,12,O,31.328854,45.19374,22.768377
JVASP-12125,13,O,31.328854,45.19375,22.768377
JVASP-12125,14,O,70.38437,51.92999,35.45587
JVASP-12125,15,O,70.38437,51.92999,35.45587
JVASP-12125,16,O,31.328854,45.19375,22.768381
JVASP-12125,17,O,70.38437,51.92999,35.45587
JVASP-12125,18,O,31.328854,45.19375,22.76838
JVASP-12125,19,O,70.38437,51.92998,35.45587
JVASP-12125,20,O,31.328854,45.19375,22.768381
JVASP-12125,21,O,31.328854,45.193745,22.768381
JVASP-12125,22,O,70.38437,51.929985,35.45587
JVASP-12125,23,O,70.38437,51.92999,35.455868
JVASP-16648,0,Sc,37.035004,75.755135,38.86168
JVASP-16648,1,Sc,37.034492,75.75488,38.86176
JVASP-16648,2,Sc,37.035004,75.755135,38.86168
JVASP-16648,3,Sc,42.57869,82.26751,42.42602
JVASP-16648,4,Sc,42.576378,82.26827,42.429035
JVASP-16648,5,Sc,42.57869,82.26751,42.42602
JVASP-16648,6,Te,70.471825,15.437189,85.909004
JVASP-16648,7,Te,70.471825,15.437191,85.90901
JVASP-16648,8,Os,274.33713,15.769803,258.56732
JVASP-2784,0,O,63.890743,27.160542,36.730198
JVASP-2784,1,As,86.0024,13.715209,99.71761
JVASP-2784,2,As,86.0024,13.715209,99.71761
JVASP-2784,3,Ba,90.764496,33.236256,57.52824
JVASP-2784,4,Ba,90.764496,33.236256,57.52824
JVASP-2784,5,Ba,273.07654,107.11458,166.1354
JVASP-2784,6,Ba,273.07516,107.11465,166.13397
JVASP-85169,0,Eu,50.019,33.449177,25.731377
JVASP-85169,1,Eu,50.019,33.449177,25.731379
JVASP-85169,2,Bi,271.99146,24.029724,248.2325
JVASP-85169,3,Bi,271.99146,24.029724,248.2325
JVASP-85169,4,Au,105.11018,42.956596,62.390934
JVASP-85169,5,Au,105.11018,42.9566,62.390926
JVASP-38901,0,Hg,271.4639,48.687183,222.7767
JVASP-38901,1,Os,184.95241,67.75558,117.19682
JVASP-2679,0,F,270.94257,164.93791,112.779755
JVASP-2679,1,F,270.9422,164.93787,112.77953
JVASP-2679,2,F,270.94342,164.9379,112.78063
JVASP-2679,3,F,270.9422,164.93787,112.77953
JVASP-2679,4,F,270.94257,164.93791,112.779755
JVASP-2679,5,F,270.94342,164.9379,112.78063
JVASP-2679,6,Ca,5.6524067,10.150774,4.498368
JVASP-2679,7,Pd,3.084645,5.4146504,8.499295
JVASP-10148,0,F,114.129196,97.32436,19.544092
JVASP-10148,1,F,114.12926,97.32435,19.544115
JVASP-10148,2,F,114.12926,97.32434,19.544123
JVASP-10148,3,F,114.129196,97.324356,19.544096
JVASP-10148,4,F,72.58774,34.795288,37.79245
JVASP-10148,5,F,72.58774,34.795288,37.79245
JVASP-10148,6,Rb,119.1322,49.04828,70.08393
JVASP-10148,7,Rb,119.1322,49.04828,70.08393
JVASP-10148,8,Rb,111.820885,44.504566,67.316315
JVASP-10148,9,Tl,269.98816,16.664064,286.65222
JVASP-64954,0,Y,104.95001,4.3164415,109.26646
JVASP-64954,1,Y,104.95001,4.31644,109.26646
JVASP-64954,2,Hf,268.93356,24.339874,293.27344
JVASP-64954,3,Hf,268.93356,24.339874,293.27344
JVASP-64954,4,Be,3.413772,11.222277,7.8085046
JVASP-64954,5,Be,1.0222538,11.840457,12.862709
JVASP-64954,6,Be,3.413772,11.222276,7.808503
JVASP-64954,7,Be,1.0222538,11.840455,12.862708
JVASP-65495,0,Ba,268.61783,40.445114,228.17744
JVASP-65495,1,Ta,254.85228,58.436462,313.28732
JVASP-65495,2,Ta,254.85228,58.43647,313.28732
JVASP-65495,3,Tl,152.46931,69.11474,83.356995
JVASP-14861,0,Ge,80.314095,29.511173,59.760883
JVASP-14861,1,Ge,80.314095,29.511166,59.76089
JVASP-14861,2,Ge,80.314095,29.511171,59.760883
JVASP-14861,3,Ge,80.314095,29.511173,59.760887
JVASP-14861,4,Ir,287.3865,63.2638,225.7925
JVASP-14861,5,Ir,287.3865,63.263794,225.7925
JVASP-14861,6,Ir,287.3865,63.2638,225.7925
JVASP-14861,7,Ir,287.3865,63.2638,225.7925
JVASP-2217,0,Ge,8.838151,40.774567,49.612713
JVASP-2217,1,Se,275.72296,130.46947,154.31012
JVASP-2217,2,Se,275.7218,130.46936,154.30916
JVASP-2217,3,Se,275.72205,130.46944,154.30916
JVASP-2217,4,Se,275.72156,130.46944,154.30865
JVASP-2217,5,Hg,82.08167,30.386204,112.46788
JVASP-2217,6,Hg,84.23053,11.079147,95.309685
JVASP-36582,0,Mg,10.371958,13.93655,24.308508
JVASP-36582,1,Mg,10.371958,13.93655,24.308508
JVASP-36582,2,Ge,7.796726,6.8335614,0.96316683
JVASP-36582,3,Ge,7.796726,6.8335614,0.96316683
JVASP-36582,4,As,286.7294,57.930332,231.03836
JVASP-36582,5,As,286.7294,57.930332,231.03836
JVASP-36582,6,As,286.7294,57.930332,231.03836
JVASP-36582,7,As,286.7294,57.930332,231.03836
JVASP-54574,0,Pr,48.729702,25.126188,30.494581
JVASP-54574,1,Pr,48.729702,25.126188,30.49458
JVASP-54574,2,Pr,48.73003,25.125734,30.495775
JVASP-54574,3,In,57.80112,33.96784,71.35275
JVASP-54574,4,In,57.80112,33.967842,71.35275
JVASP-54574,5,In,57.800194,33.967354,71.35061
JVASP-54574,6,Au,31.922157,43.394054,75.31621
JVASP-54574,7,Au,264.61838,35.483944,229.13443
JVASP-54574,8,Au,264.61838,35.483948,229.13443
JVASP-81274,0,Li,0.6785087,17.59347,16.91496
JVASP-81274,1,Li,0.6785087,17.593464,16.914955
JVASP-81274,2,Zr,0.25637993,1.4926815,1.7490613
JVASP-81274,3,Zr,0.25637993,1.492679,1.749059
JVASP-81274,4,Zr,0.25637993,1.4926797,1.7490596
JVASP-81274,5,Zr,0.25637993,1.4926825,1.7490622
JVASP-81274,6,Pt,263.82635,188.56648,75.259895
JVASP-81274,7,Pt,263.82635,188.56648,75.25988
JVASP-2268,0,Th,262.8572,47.690716,215.16647
JVASP-2268,1,Th,262.8572,47.690716,215.16647
JVASP-2268,2,Te,14.683874,17.596565,2.9126914
JVASP-2268,3,Te,14.683874,17.596561,2.912688
JVASP-2268,4,O,1.0018413,102.62707,101.62522
JVASP-2268,5,O,1.0018413,102.62705,101.62521
JVASP-17476,0,O,24.341469,51.11889,26.777418
JVASP-17476,1,O,24.341469,51.11889,26.777418
JVASP-17476,2,O,25.364641,27.760265,2.3956275
JVASP-17476,3,O,25.364641,27.760263,2.395624
JVASP-17476,4,Fe,12.564345,36.03017,23.46583
JVASP-17476,5,Fe,12.564345,36.030167,23.465824
JVASP-17476,6,Er,261.7793,149.23322,112.54608
JVASP-26420,0,Y,18.572031,11.626346,30.198378
JVASP-26420,1,Bi,260.65268,22.892185,237.76047
JVASP-26420,2,Bi,260.65268,22.892187,237.76047
JVASP-26420,3,Br,25.210148,16.392954,41.603104
JVASP-26420,4,O,92.58714,102.48169,12.94203
JVASP-26420,5,O,92.58714,102.481705,12.942036
JVASP-26420,6,O,92.58714,102.481705,12.942036
JVASP-26420,7,O,92.58714,102.4817,12.942036
JVASP-26316,0,Nd,110.85737,27.659264,83.19811
JVASP-26316,1,Bi,259.9415,5.764746,254.17673
JVASP-26316,2,Bi,259.9415,5.7647457,254.17673
JVASP-26316,3,Cl,14.420146,4.244839,18.664986
JVASP-26316,4,O,106.80291,141.23213,34.429226
JVASP-26316,5,O,106.80291,141.23215,34.42923
JVASP-26316,6,O,106.80291,141.23216,34.42925
JVASP-26316,7,O,106.80291,141.23215,34.429237
JVASP-26416,0,Dy,35.208965,23.81966,59.028625
JVASP-26416,1,Bi,259.00986,24.198744,234.81113
JVASP-26416,2,Bi,259.00986,24.198748,234.81113
JVASP-26416,3,Br,25.315477,18.609137,43.924614
JVASP-26416,4,O,92.93059,109.33404,19.39872
JVASP-26416,5,O,92.93059,109.33404,19.398718
JVASP-26416,6,O,92.93059,109.33403,19.398712
JVASP-26416,7,O,92.93059,109.334045,19.398727
JVASP-81804,0,Li,2.369056,44.400383,46.637737
JVASP-81804,1,Li,2.369056,44.400383,46.637737
JVASP-81804,2,Li,2.369056,44.400383,46.637737
JVASP-81804,3,Li,2.369056,44.400383,46.637737
JVASP-81804,4,Ag,117.12555,12.726554,126.50617
JVASP-81804,5,Ag,117.12555,12.726558,126.50617
JVASP-81804,6,As,260.58755,28.25737,232.33731
JVASP-81804,7,As,260.58755,28.25737,232.33731
JVASP-10303,0,As,270.6561,7.598516,266.3184
JVASP-10303,1,As,270.6565,7.598376,266.31897
JVASP-10303,2,As,270.6561,7.5985155,266.31842
JVASP-10303,3,As,270.6565,7.5983753,266.31897
JVASP-10303,4,Rb,51.82168,8.462841,45.656105
JVASP-10303,5,Rb,51.821835,8.462625,45.65636
JVASP-10303,6,Rb,51.82168,8.462839,45.656105
JVASP-10303,7,Rb,51.821835,8.462625,45.65636
JVASP-10303,8,Sn,5.3645797,5.423218,10.01137
JVASP-10303,9,Sn,5.3645797,5.423218,10.01137
JVASP-12778,0,I,271.5919,43.356995,275.37073
JVASP-12778,1,I,271.5919,43.356995,275.37073
JVASP-12778,2,I,256.14526,66.94936,199.35284
JVASP-12778,3,I,256.14526,66.94937,199.35284
JVASP-12778,4,I,256.14526,66.94936,199.35284
JVASP-12778,5,I,256.14526,66.94936,199.35284
JVASP-12778,6,Tl,60.097404,13.485743,73.52533
JVASP-12778,7,Tl,60.097404,13.4857435,73.52533
JVASP-12778,8,Pb,21.154335,16.77741,34.60242
JVASP-12778,9,Pb,21.154335,16.777412,34.602425
JVASP-15877,0,Y,0.8622204,20.19423,21.05645
JVASP-15877,1,Y,0.8622204,20.194223,21.056444
JVASP-15877,2,Ge,45.144096,12.020223,33.12387
JVASP-15877,3,Ge,45.144096,12.020225,33.12387
JVASP-15877,4,Au,255.14987,66.42814,188.72174
JVASP-15877,5,Au,255.14987,66.42815,188.72173
JVASP-32943,0,As,5.0925655,21.49329,17.03052
JVASP-32943,1,N,22.359917,50.567738,71.34698
JVASP-32943,2,O,155.5728,70.57198,85.22774
JVASP-32943,3,O,155.5728,70.57198,85.22774
JVASP-32943,4,F,254.52907,185.86694,69.44015
JVASP-32943,5,F,250.92296,175.23584,76.34009
JVASP-32943,6,F,250.92258,175.23589,76.33986
JVASP-32943,7,F,250.92258,175.23589,76.33986
JVASP-32943,8,F,250.92296,175.23584,76.34009
JVASP-32943,9,F,254.52907,185.86693,69.440155
JVASP-67806,0,Be,1.8232373,61.983074,60.15984
JVASP-67806,1,Cl,67.35362,111.685776,44.33216
JVASP-67806,2,Sb,254.10762,136.88087,117.22674
JVASP-65415,0,Ba,253.27197,25.694975,227.57774
JVASP-65415,1,Hf,69.58271,28.66906,40.915047
JVASP-65415,2,Cu,55.430225,9.918148,65.34824
JVASP-65415,3,Cu,10.275595,25.30683,15.039865
JVASP-15158,0,Er,252.8347,75.38871,177.44597
JVASP-15158,1,Er,252.8347,75.38871,177.44597
JVASP-15158,2,Fe,75.33079,37.313675,38.017117
JVASP-15158,3,Fe,75.33079,37.31367,38.017117
JVASP-15158,4,Fe,75.33079,37.313675,38.017117
JVASP-15158,5,Fe,75.33079,37.313675,38.017117
JVASP-15158,6,B,18.959051,29.866533,10.907482
JVASP-15158,7,B,18.959051,29.866537,10.907486
JVASP-15158,8,B,18.959051,29.866533,10.907482
JVASP-15158,9,B,18.959051,29.866533,10.907482
JVASP-36303,0,Mg,3.0496156,3.05378,6.1033955
JVASP-36303,1,Mg,3.0496156,3.0537791,6.1033945
JVASP-36303,2,Sn,6.3743887,3.7567334,2.6176553
JVASP-36303,3,Sn,6.3743887,3.7567317,2.6176572
JVASP-36303,4,As,269.0902,20.415497,248.94336
JVASP-36303,5,As,269.0902,20.415499,248.94333
JVASP-36303,6,As,269.0902,20.415497,248.94336
JVASP-36303,7,As,269.0902,20.415499,248.94333
JVASP-16843,0,Ru,80.22987,25.79138,75.03653
JVASP-16843,1,Ru,80.22987,25.791376,75.03654
JVASP-16843,2,Th,267.14975,16.99661,283.70505
JVASP-16843,3,Th,267.14975,16.996609,283.70505
JVASP-3441,0,Mn,10.337039,14.647271,4.310236
JVASP-3441,1,Ga,5.064813,18.544506,23.609318
JVASP-3441,2,Ga,10.451962,38.821594,49.27356
JVASP-3441,3,Se,268.97034,73.007904,218.0699
JVASP-3441,4,Se,268.97073,73.00676,218.07222
JVASP-3441,5,Se,268.97107,73.0086,218.06975
JVASP-3441,6,Se,268.97028,73.00751,218.07109
JVASP-67384,0,Be,0.9650989,31.890013,32.85511
JVASP-67384,1,Be,0.9650989,31.890013,32.85511
JVASP-67384,2,Ga,82.95442,47.011078,35.943344
JVASP-67384,3,Ga,82.95442,47.011074,35.943348
JVASP-67384,4,Pt,250.32153,16.066906,266.38846
JVASP-67384,5,Pt,250.32153,16.0669,266.38843
JVASP-67626,0,Be,0.50459486,4.6143146,5.1189094
JVASP-67626,1,Be,0.50459486,4.6143146,5.1189094
JVASP-67626,2,Tl,72.16524,14.491506,57.67373
JVASP-67626,3,Tl,72.16524,14.491506,57.67373
JVASP-67626,4,Bi,249.43399,14.38701,235.04698
JVASP-67626,5,Bi,249.43399,14.3870125,235.04697
JVASP-15627,0,Tm,249.0041,41.904594,207.0995
JVASP-15627,1,Co,34.705467,66.02523,52.48697
JVASP-15627,2,Co,34.70475,66.025764,52.48631
JVASP-15627,3,Co,34.705467,66.02524,52.486977
JVASP-15627,4,B,9.641192,26.113207,16.472017
JVASP-15627,5,B,9.641192,26.113209,16.472017
JVASP-67606,0,K,68.634705,15.706939,84.341644
JVASP-67606,1,Be,2.4519393,10.118867,12.570806
JVASP-67606,2,Se,134.4337,134.07352,268.5072
JVASP-67606,3,Se,248.17986,221.66856,26.51129
JVASP-78888,0,Th,247.62505,11.0733,236.55174
JVASP-78888,1,Cd,69.9709,100.09169,30.120783
JVASP-78888,2,Cd,69.9709,100.09169,30.120783
JVASP-54575,0,Y,37.653393,40.261387,10.721328
JVASP-54575,1,Y,37.658195,40.25988,10.719143
JVASP-54575,2,Y,37.653393,40.26139,10.721327
JVASP-54575,3,In,68.025696,61.62301,53.60944
JVASP-54575,4,In,68.03134,61.622143,53.615665
JVASP-54575,5,In,68.025696,61.62301,53.609436
JVASP-54575,6,Au,141.9565,48.306442,190.26294
JVASP-54575,7,Au,247.14127,107.05999,140.08127
JVASP-54575,8,Au,247.14127,107.05999,140.08127
JVASP-12017,0,Nb,246.69914,138.86702,112.49773
JVASP-12017,1,Nb,246.69914,138.86702,112.497734
JVASP-12017,2,Nb,246.69914,138.86702,112.49773
JVASP-12017,3,Nb,246.69914,138.86702,112.49773
JVASP-12017,4,Br,252.52637,118.324066,135.08878
JVASP-12017,5,Br,241.82782,167.06622,81.12907
JVASP-12017,6,Br,241.82782,167.06622,81.12907
JVASP-12017,7,Br,252.52637,118.324066,135.08878
JVASP-12017,8,Br,252.52637,118.324066,135.08878
JVASP-12017,9,Br,241.82782,167.06625,81.12905
JVASP-12017,10,Br,241.82782,167.06622,81.129074
JVASP-12017,11,Br,252.52637,118.324066,135.08878
JVASP-12017,12,O,33.751972,144.27882,177.81915
JVASP-12017,13,O,33.751972,144.27881,177.81912
JVASP-12017,14,O,33.751972,144.27882,177.81915
JVASP-12017,15,O,33.751972,144.27882,177.81915
JVASP-36875,0,Tl,0.01602082,0.9821277,0.98785055
JVASP-36875,1,Cu,0.008831761,4.587107,4.587328
JVASP-36875,2,Cl,245.96074,106.81793,139.14885
JVASP-36875,3,Cl,245.96811,106.82652,139.1594
JVASP-36875,4,Cl,245.98077,106.83214,139.16644
JVASP-18256,0,Fe,70.44681,21.10076,91.54757
JVASP-18256,1,Cu,7.5613227,24.17522,16.613905
JVASP-18256,2,Cu,7.5613227,24.175226,16.61391
JVASP-18256,3,Se,245.36015,51.359276,294.4658
JVASP-18256,4,Se,245.35896,51.359447,294.46478
JVASP-18256,5,Se,245.3598,51.35926,294.46548
JVASP-18256,6,Se,245.35983,51.359367,294.46558
JVASP-18256,7,Sn,9.98369,11.268046,21.251736
JVASP-35091,0,Sr,5.0324783,64.69871,59.666225
JVASP-35091,1,Sr,5.0324783,64.69871,59.666225
JVASP-35091,2,Zn,85.076904,136.34483,51.267933
JVASP-35091,3,Zn,85.076904,136.34483,51.267933
JVASP-35091,4,Pb,245.09349,104.7468,349.8403
JVASP-35091,5,Pb,245.09349,104.7468,349.8403
JVASP-65406,0,Ba,244.18065,14.015251,230.16539
JVASP-65406,1,Mg,7.850614,53.611153,45.76054
JVASP-65406,2,Ir,11.558325,26.322344,37.88067
JVASP-65406,3,Ir,11.558325,26.322353,37.88068
JVASP-55018,0,Nd,243.18112,101.21043,141.9707
JVASP-55018,1,Si,28.964283,33.896725,4.9324455
JVASP-55018,2,Si,28.964283,33.896725,4.9324446
JVASP-55018,3,Os,235.12698,102.84518,132.2818
JVASP-55018,4,Os,235.12698,102.84518,132.2818
JVASP-17662,0,Ce,13.684483,2.174119,11.510364
JVASP-17662,1,In,118.054794,11.69174,106.36305
JVASP-17662,2,In,246.81506,58.694412,189.14352
JVASP-17662,3,In,246.81506,58.69441,189.14352
JVASP-17662,4,In,246.81506,58.694416,189.14352
JVASP-17662,5,In,246.81506,58.69441,189.14352
JVASP-17662,6,Rh,6.5058446,6.7213745,13.227219
JVASP-81103,0,Cd,75.079285,26.27058,57.68237
JVASP-81103,1,Cd,75.079285,26.27058,57.68237
JVASP-81103,2,Pd,58.024883,42.62079,16.411116
JVASP-81103,3,Pd,58.024883,42.62079,16.41112
JVASP-81103,4,Au,253.14851,188.62251,83.89477
JVASP-81103,5,Au,253.14851,188.62254,83.89474
JVASP-81103,6,Au,253.14851,188.62253,83.894745
JVASP-81103,7,Au,253.14851,188.62254,83.89474
JVASP-67430,0,Be,7.0561633,14.231385,7.1752214
JVASP-67430,1,Tc,55.25314,42.79181,12.461332
JVASP-67430,2,W,241.21228,42.21895,198.99333
JVASP-40827,0,Hf,163.37321,137.42757,26.0698
JVASP-40827,1,Hf,163.37321,137.42758,26.069782
JVASP-40827,2,Pt,30.211885,71.76468,99.176186
JVASP-40827,3,Pt,30.211885,71.76468,99.17619
JVASP-40827,4,Pb,248.56995,44.43768,206.01308
JVASP-40827,5,Pb,248.56995,44.437675,206.01306
JVASP-52782,0,Sr,194.76263,73.31703,122.17603
JVASP-52782,1,Fe,95.193985,43.76828,86.39635
JVASP-52782,2,Mo,253.50388,37.651028,227.81885
JVASP-52782,3,O,41.101402,67.99926,40.774567
JVASP-52782,4,O,60.156445,85.12502,68.95699
JVASP-52782,5,O,49.63849,81.13881,44.61434
JVASP-52782,6,O,52.70996,74.64022,56.853664
JVASP-52782,7,O,42.76471,71.238235,42.15529
JVASP-35888,0,Hf,238.86934,40.507732,198.3616
JVASP-35888,1,Hf,238.86934,40.507732,198.3616
JVASP-35888,2,Ga,95.49825,74.230225,21.26803
JVASP-35888,3,Ga,95.49825,74.23022,21.268038
JVASP-35888,4,Cu,26.666376,58.73237,32.066006
JVASP-35888,5,Cu,26.666376,58.73238,32.066013
JVASP-85745,0,Np,198.14702,82.425186,123.738556
JVASP-85745,1,Np,198.14702,82.425186,123.738556
JVASP-85745,2,Np,198.14702,82.425186,123.73856
JVASP-85745,3,Np,198.14702,82.42518,123.738556
JVASP-85745,4,In,65.14255,89.860535,24.717985
JVASP-85745,5,In,65.14255,89.86053,24.717978
JVASP-85745,6,Pt,243.13893,77.99585,196.47408
JVASP-85745,7,Pt,243.13893,77.99585,196.47408
JVASP-85745,8,Pt,243.13893,77.99585,196.47408
JVASP-85745,9,Pt,243.13893,77.99585,196.47408
JVASP-79224,0,Nb,157.36348,35.207714,122.15576
JVASP-79224,1,Nb,157.36348,35.207718,122.15576
JVASP-79224,2,Cu,57.674297,16.126991,73.801285
JVASP-79224,3,Re,237.79391,21.485857,259.2798
JVASP-56893,0,Y,107.265755,97.477135,9.788625
JVASP-56893,1,Si,19.247612,19.239344,0.008306532
JVASP-56893,2,Si,19.247612,19.239346,0.008305748
JVASP-56893,3,Os,237.3183,92.747086,144.57121
JVASP-56893,4,Os,237.3183,92.747086,144.57121
JVASP-35032,0,Pr,0.7568976,5.498028,4.7411366
JVASP-35032,1,Pr,0.7568976,5.498026,4.7411346
JVASP-35032,2,Pb,60.24112,168.04851,228.28963
JVASP-35032,3,Pb,60.24112,168.04851,228.28963
JVASP-35032,4,Au,236.65909,134.56383,102.095276
JVASP-35032,5,Au,236.65909,134.56383,102.09527
JVASP-15157,0,Tb,235.60295,70.92931,164.67363
JVASP-15157,1,B,3.9240825,22.442816,18.518732
JVASP-15157,2,B,3.9240825,22.442816,18.518732
JVASP-15157,3,Ru,128.08495,185.10085,62.625835
JVASP-15157,4,Ru,128.08495,185.10081,62.62581
JVASP-15157,5,Ru,128.07678,185.10002,62.63174
JVASP-5338,0,S,222.67592,112.1842,145.2304
JVASP-5338,1,S,222.67592,112.1842,145.2304
JVASP-5338,2,S,236.45325,165.08267,171.51674
JVASP-5338,3,S,236.45325,165.08267,171.51674
JVASP-5338,4,Cl,166.77763,56.848183,111.21694
JVASP-5338,5,Cl,166.77763,56.84716,111.21798
JVASP-5338,6,Cl,166.77763,56.848183,111.21694
JVASP-5338,7,Cl,166.77763,56.847157,111.21797
JVASP-5338,8,Nb,63.31717,24.634428,77.65399
JVASP-5338,9,Nb,63.31717,24.634426,77.65399
JVASP-26331,0,Dy,23.328941,6.033087,29.362028
JVASP-26331,1,Bi,234.62602,19.703108,214.9229
JVASP-26331,2,Bi,234.62602,19.703108,214.9229
JVASP-26331,3,I,124.91581,34.604717,159.52052
JVASP-26331,4,O,91.574394,149.48332,68.806984
JVASP-26331,5,O,91.574394,149.4833,68.80699
JVASP-26331,6,O,91.574394,149.48334,68.807
JVASP-26331,7,O,91.574394,149.4833,68.80699
JVASP-17565,0,Ce,10.46422,5.5302525,4.933967
JVASP-17565,1,In,139.02896,33.140762,105.8882
JVASP-17565,2,In,235.9935,61.164085,175.47769
JVASP-17565,3,In,235.9935,61.164078,175.4777
JVASP-17565,4,In,235.9935,61.16408,175.4777
JVASP-17565,5,In,235.9935,61.164078,175.4777
JVASP-17565,6,Co,0.25474694,12.183951,11.929204
JVASP-8349,0,Zn,8.709418,25.42359,16.714172
JVASP-8349,1,Co,24.462847,9.789559,14.673288
JVASP-8349,2,F,234.55635,186.49884,49.35502
JVASP-8349,3,F,234.55681,186.49881,49.355335
JVASP-8349,4,F,234.55696,186.49878,49.35572
JVASP-8349,5,F,234.55681,186.49881,49.35534
JVASP-8349,6,F,234.55635,186.49884,49.35502
JVASP-8349,7,F,234.55696,186.49878,49.355717
JVASP-5581,0,Nb,93.67186,61.97606,144.23259
JVASP-5581,1,Nb,93.67186,61.976067,144.2326
JVASP-5581,2,Nb,93.67186,61.97607,144.2326
JVASP-5581,3,Nb,93.67186,61.97606,144.23259
JVASP-5581,4,Nb,103.66506,56.85649,138.99297
JVASP-5581,5,Nb,103.66506,56.8565,138.99298
JVASP-5581,6,Nb,103.66506,56.85649,138.99297
JVASP-5581,7,Nb,103.66506,56.85649,138.99298
JVASP-5581,8,Nb,47.282738,28.308903,39.57498
JVASP-5581,9,Nb,47.282738,28.308899,39.574978
JVASP-5581,10,Nb,47.282738,28.308903,39.57498
JVASP-5581,11,Nb,47.282738,28.308899,39.574978
JVASP-5581,12,Ge,246.16618,134.6965,282.48215
JVASP-5581,13,Ge,246.16618,134.6965,282.48215
JVASP-5581,14,Ge,246.16618,134.6965,282.48215
JVASP-5581,15,Ge,246.16618,134.6965,282.48215
JVASP-5581,16,Te,125.32213,54.25216,107.903244
JVASP-5581,17,Te,125.32213,54.25216,107.90324
JVASP-5581,18,Te,125.32213,54.25216,107.90324
JVASP-5581,19,Te,125.32213,54.25216,107.903244
JVASP-5581,20,Te,125.32213,54.25216,107.90324
JVASP-5581,21,Te,125.32213,54.25216,107.90324
JVASP-5581,22,Te,125.32213,54.25216,107.90324
JVASP-5581,23,Te,125.32213,54.25216,107.903244
JVASP-5581,24,Te,222.33913,65.50114,217.47116
JVASP-5581,25,Te,222.33913,65.50114,217.47113
JVASP-5581,26,Te,222.33913,65.50114,217.47113
JVASP-5581,27,Te,222.33913,65.501144,217.47116
JVASP-5581,28,Te,222.33913,65.50114,217.47116
JVASP-5581,29,Te,222.33913,65.50114,217.47116
JVASP-5581,30,Te,222.33913,65.50114,217.47113
JVASP-5581,31,Te,222.33913,65.50114,217.47115
JVASP-5581,32,Te,204.8415,87.55297,152.81247
JVASP-5581,33,Te,204.8415,87.55296,152.81247
JVASP-5581,34,Te,204.8415,87.55296,152.81247
JVASP-5581,35,Te,204.8415,87.55297,152.81247
JVASP-5581,36,Te,204.8415,87.55296,152.81247
JVASP-5581,37,Te,204.8415,87.55296,152.81247
JVASP-5581,38,Te,204.8415,87.55296,152.81247
JVASP-5581,39,Te,204.8415,87.55296,152.81247
JVASP-67531,0,Be,2.9042783,16.448986,13.544707
JVASP-67531,1,Be,3.576255,25.19147,28.767725
JVASP-67531,2,Sn,231.46371,101.25726,130.20645
JVASP-67531,3,Te,123.787415,114.43335,9.354061
JVASP-53484,0,Tl,27.516342,14.275901,41.792244
JVASP-53484,1,P,0.73647994,22.621956,21.885477
JVASP-53484,2,F,231.30699,182.667,49.101704
JVASP-53484,3,F,231.30632,182.667,49.10093
JVASP-53484,4,F,231.30661,182.66698,49.101192
JVASP-53484,5,F,231.30661,182.66699,49.101173
JVASP-53484,6,F,231.30632,182.667,49.10093
JVASP-53484,7,F,231.30699,182.667,49.101704
JVASP-80575,0,Tl,99.1828,41.407063,57.987434
JVASP-80575,1,Tl,99.1828,41.407063,57.987434
JVASP-80575,2,Tl,99.1828,41.407063,57.987434
JVASP-80575,3,Tl,99.1828,41.407063,57.987434
JVASP-80575,4,Hg,230.65712,62.210014,291.25055
JVASP-80575,5,Hg,230.65712,62.21002,291.25058
JVASP-80575,6,Te,117.31243,7.4979362,112.53998
JVASP-80575,7,Te,117.31243,7.4979367,112.53998
JVASP-32398,0,C,102.55634,249.11719,351.67352
JVASP-32398,1,Cl,244.32709,92.2102,168.00342
JVASP-32398,2,B,46.297527,195.11351,238.34114
JVASP-32398,3,O,40.531536,142.54037,183.07191
JVASP-32398,4,Cl,246.00172,100.10499,169.11472
JVASP-32398,5,B,46.297886,195.11375,238.34201
JVASP-32398,6,Cl,246.00119,100.10479,169.11417
JVASP-32398,7,Cl,246.00185,100.1055,169.11394
JVASP-32398,8,Cl,244.32693,92.210335,168.00299
JVASP-32398,9,Cl,244.3291,92.21038,168.00478
JVASP-32398,10,B,14.521913,119.088066,104.566154
JVASP-32398,11,B,46.297894,195.11382,238.34218
JVASP-5824,0,Ta,177.18044,82.757835,238.75235
JVASP-5824,1,Ta,180.66545,72.27843,221.98273
JVASP-5824,2,Ta,180.67303,72.2787,221.9887
JVASP-5824,3,Br,112.115814,38.422882,75.08576
JVASP-5824,4,Br,264.33685,81.820076,196.34647
JVASP-5824,5,Br,193.14119,129.72241,64.534294
JVASP-5824,6,Br,262.0931,75.582954,198.30919
JVASP-5824,7,Br,262.09088,75.58246,198.308
JVASP-5824,8,Br,193.77629,121.52374,73.388145
JVASP-5824,9,Br,193.77641,121.5254,73.38615
JVASP-5824,10,S,15.869147,124.50877,140.26076
JVASP-41948,0,Rb,119.12849,49.22906,69.89942
JVASP-41948,1,Rb,2.5548177,3.9224858,6.4773035
JVASP-41948,2,Zr,229.2053,28.236052,200.96924
JVASP-41948,3,Zr,229.2053,28.236048,200.96924
JVASP-41948,4,O,47.75947,45.907524,63.14348
JVASP-41948,5,O,47.75947,45.90752,63.143475
JVASP-41948,6,O,47.75947,45.907513,63.14347
JVASP-41948,7,O,47.75947,45.907516,63.14347
JVASP-41948,8,O,23.66697,45.18389,68.85086
JVASP-12897,0,O,5.207211,55.313995,60.521206
JVASP-12897,1,O,5.207211,55.313995,60.521206
JVASP-12897,2,Cl,228.61203,85.6125,147.724
JVASP-12897,3,Cl,228.61198,85.612495,147.724
JVASP-12897,4,Cl,228.61198,85.612495,147.724
JVASP-12897,5,Cl,228.61203,85.6125,147.724
JVASP-12897,6,Pd,169.73466,193.38829,225.38556
JVASP-12897,7,Pd,169.73538,193.38474,225.3833
JVASP-12897,8,Pd,169.73515,193.38828,225.38597
JVASP-12897,9,Pd,169.73567,193.38472,225.38466
JVASP-15676,0,B,22.929016,28.274734,5.3457193
JVASP-15676,1,B,22.929016,28.274736,5.345721
JVASP-15676,2,C,45.01959,131.66936,86.64977
JVASP-15676,3,Rh,227.87474,87.046455,140.82828
JVASP-15676,4,Rh,227.87474,87.046455,140.82828
JVASP-15676,5,Ce,3.3884606,16.655832,20.04429
JVASP-38285,0,Rb,0.0,0.0,0.0
JVASP-38285,1,Te,0.0,0.0,0.0
JVASP-38285,2,O,227.35919,136.04417,91.315025
JVASP-38285,3,O,227.35919,136.04419,91.314995
JVASP-38285,4,O,227.35919,136.04416,91.31503
JVASP-35454,0,Pr,28.857439,1.6362197,30.493658
JVASP-35454,1,Pr,227.08975,6.129854,233.2196
JVASP-35454,2,Al,15.355851,12.645598,28.001448
JVASP-35454,3,N,18.380154,20.915066,39.29522
JVASP-35454,4,O,26.406225,4.8657074,31.126013
JVASP-35454,5,O,26.406225,4.86571,31.126017
JVASP-35454,6,O,9.712227,7.8677144,17.57994
JVASP-8353,0,Mg,2.0776265,33.60554,31.52792
JVASP-8353,1,Co,45.53307,16.174566,29.358503
JVASP-8353,2,F,226.42947,185.92145,41.986816
JVASP-8353,3,F,226.43011,185.92143,41.9875
JVASP-8353,4,F,226.42929,185.92145,41.986538
JVASP-8353,5,F,226.43011,185.92143,41.9875
JVASP-8353,6,F,226.42947,185.92145,41.986816
JVASP-8353,7,F,226.42929,185.92146,41.986523
JVASP-17435,0,Sm,54.654785,44.542732,33.279354
JVASP-17435,1,Sm,54.65626,44.543198,33.27795
JVASP-17435,2,Sm,54.65626,44.543194,33.27795
JVASP-17435,3,Mg,9.339368,25.499022,21.865736
JVASP-17435,4,Mg,9.334631,25.49855,21.866035
JVASP-17435,5,Mg,9.339368,25.499025,21.865738
JVASP-17435,6,Pt,23.219938,29.326744,52.54668
JVASP-17435,7,Pt,225.91888,20.636744,205.28217
JVASP-17435,8,Pt,225.91888,20.636744,205.28217
JVASP-80619,0,K,41.86652,28.16183,57.37888
JVASP-80619,1,K,41.86652,28.161829,57.378876
JVASP-80619,2,Tl,235.23517,50.96641,286.10626
JVASP-80619,3,Tl,235.23517,50.96641,286.10626
JVASP-80619,4,Hg,52.80188,112.35397,67.5453
JVASP-80619,5,Hg,52.80188,112.35399,67.54531
JVASP-80619,6,Hg,52.80188,112.35397,67.5453
JVASP-80619,7,Hg,52.80188,112.35397,67.5453
JVASP-2949,0,N,33.523037,65.40597,98.929
JVASP-2949,1,N,33.523037,65.40595,98.92899
JVASP-2949,2,Zn,224.31921,203.5393,20.77991
JVASP-2949,3,Ba,209.54852,3.095133,212.64366
JVASP-2949,4,Ba,209.54852,3.0951319,212.64368
JVASP-22666,0,Os,90.48779,58.46636,140.91016
JVASP-22666,1,Cl,171.00266,143.7642,29.552502
JVASP-22666,2,Cl,235.32164,114.95903,129.20537
JVASP-22666,3,Cl,235.32164,114.95902,129.20537
JVASP-22666,4,Cl,171.00266,143.7642,29.552504
JVASP-67782,0,Be,1.4771459,14.810789,13.333757
JVASP-67782,1,Ga,162.21745,22.844997,185.06245
JVASP-67782,2,Te,223.21382,58.996796,282.21063
JVASP-78444,0,Sr,116.0409,94.87218,210.91309
JVASP-78444,1,Sr,116.0409,94.875206,210.9161
JVASP-78444,2,Sr,116.0409,94.87249,210.91339
JVASP-78444,3,U,221.79272,38.912315,182.88042
JVASP-78444,4,U,221.79272,38.91288,182.87985
JVASP-78444,5,U,221.79272,38.91276,182.87996
JVASP-81345,0,In,239.72166,36.20993,204.48698
JVASP-81345,1,In,239.72166,36.209934,204.48698
JVASP-81345,2,Fe,26.133053,29.296759,7.0584373
JVASP-81345,3,Fe,26.133053,29.296757,7.058435
JVASP-81345,4,Rh,88.09104,44.2199,46.404655
JVASP-81345,5,Rh,88.09104,44.2199,46.404655
JVASP-81345,6,Rh,88.09104,44.219902,46.40465
JVASP-81345,7,Rh,88.09104,44.2199,46.40466
JVASP-80320,0,Cd,220.6113,27.415089,193.19621
JVASP-80320,1,Cu,21.781843,19.155071,40.936848
JVASP-80320,2,Cu,21.781843,19.155071,40.936848
JVASP-80320,3,Rh,140.23064,12.60949,127.62116
JVASP-15201,0,Si,22.31005,15.592424,6.717624
JVASP-15201,1,Si,22.31005,15.592425,6.7176228
JVASP-15201,2,Ru,133.70218,45.95592,87.74626
JVASP-15201,3,Ru,133.70218,45.955917,87.74626
JVASP-15201,4,Yb,220.34836,65.71656,154.63179
JVASP-5818,0,Ga,39.330906,55.76997,88.68532
JVASP-5818,1,Ga,39.330906,55.76997,88.685326
JVASP-5818,2,Ga,39.330906,55.76997,88.68532
JVASP-5818,3,Ga,39.330906,55.769974,88.685326
JVASP-5818,4,P,4.210319,71.35841,71.06035
JVASP-5818,5,P,4.210319,71.35841,71.06035
JVASP-5818,6,P,4.210319,71.358406,71.06034
JVASP-5818,7,P,4.210319,71.358406,71.06034
JVASP-5818,8,S,245.16312,178.9043,97.46204
JVASP-5818,9,S,245.16312,178.90428,97.46204
JVASP-5818,10,S,245.16312,178.9043,97.46203
JVASP-5818,11,S,245.16312,178.90428,97.46204
JVASP-5818,12,S,242.99257,170.83627,115.62683
JVASP-5818,13,S,242.99257,170.83627,115.62682
JVASP-5818,14,S,242.99257,170.83627,115.62682
JVASP-5818,15,S,242.99257,170.83627,115.62683
JVASP-5818,16,S,245.5765,181.86955,72.78919
JVASP-5818,17,S,245.5765,181.86958,72.78918
JVASP-5818,18,S,245.5765,181.86955,72.78919
JVASP-5818,19,S,245.5765,181.86955,72.78919
JVASP-5818,20,S,240.82076,187.24896,57.85927
JVASP-5818,21,S,240.82076,187.24893,57.85928
JVASP-5818,22,S,240.82076,187.24893,57.85928
JVASP-5818,23,S,240.82076,187.24895,57.859264
JVASP-2436,0,Na,4.7318664,15.242579,18.662525
JVASP-2436,1,Na,4.7318664,15.242574,18.662518
JVASP-2436,2,S,156.97571,28.161146,131.06036
JVASP-2436,3,S,156.97617,28.16099,131.06097
JVASP-2436,4,S,156.97571,28.161144,131.06036
JVASP-2436,5,S,156.97617,28.16099,131.06097
JVASP-2436,6,Sb,245.04897,26.793756,271.57822
JVASP-2436,7,Sb,245.04897,26.793764,271.57822
JVASP-8084,0,K,8.09638,13.223713,21.320093
JVASP-8084,1,K,8.09638,13.223715,21.320093
JVASP-8084,2,Cu,219.54231,174.06166,73.43507
JVASP-8084,3,Cu,219.54231,174.06161,73.4351
JVASP-8084,4,C,78.66239,149.13898,75.03444
JVASP-8084,5,C,78.66239,149.13899,75.03446
JVASP-8084,6,C,78.66239,149.13899,75.03446
JVASP-8084,7,C,78.66239,149.13898,75.03445
JVASP-8211,0,Ga,24.04728,67.0356,91.08288
JVASP-8211,1,Ga,24.04728,67.0356,91.08288
JVASP-8211,2,Se,239.70985,168.71211,125.626396
JVASP-8211,3,Se,239.71043,168.71225,125.625984
JVASP-8211,4,Se,239.70985,168.71211,125.6264
JVASP-8211,5,Se,239.71043,168.71225,125.62598
JVASP-8211,6,Tl,16.503027,26.42178,9.918774
JVASP-8211,7,Tl,16.503027,26.421782,9.918776
JVASP-36094,0,Ce,16.078451,7.497305,8.581146
JVASP-36094,1,Ce,16.078451,7.497306,8.581145
JVASP-36094,2,Cu,12.000051,31.625484,19.625433
JVASP-36094,3,Cu,12.000051,31.625484,19.625433
JVASP-36094,4,Cu,10.712436,1.0352852,11.747722
JVASP-36094,5,Cu,10.712436,1.0352862,11.747722
JVASP-36094,6,Sb,50.297825,0.7693495,51.06717
JVASP-36094,7,Sb,50.297825,0.76935154,51.067177
JVASP-36094,8,Sb,217.99805,46.94778,171.05028
JVASP-36094,9,Sb,217.99805,46.947773,171.05028
JVASP-18074,0,Ho,0.4106978,2.464964,2.054266
JVASP-18074,1,In,223.17546,68.47125,155.51996
JVASP-18074,2,In,120.63248,37.326485,83.30599
JVASP-18074,3,In,223.17546,68.47126,155.51994
JVASP-18074,4,In,223.17546,68.47126,155.51994
JVASP-18074,5,In,223.17546,68.47125,155.51994
JVASP-18074,6,Co,7.938796,9.303934,1.3651377
JVASP-39582,0,U,216.90967,20.211393,196.69827
JVASP-39582,1,U,10.710802,23.025707,12.314905
JVASP-39582,2,Ga,77.1524,3.751128,73.40127
JVASP-39582,3,Ga,77.1524,3.7511272,73.40127
JVASP-39582,4,O,35.62212,103.72355,70.64149
JVASP-39582,5,O,35.62212,103.72355,70.64149
JVASP-39582,6,O,62.74286,118.21836,55.4755
JVASP-39582,7,O,35.62212,103.723564,70.6415
JVASP-39582,8,O,35.62212,103.72355,70.641495
JVASP-17898,0,Zn,8.941216,0.26480728,8.676409
JVASP-17898,1,Fe,72.2567,4.865923,77.12262
JVASP-17898,2,F,217.18015,162.26067,56.82824
JVASP-17898,3,F,217.17973,162.26065,56.827858
JVASP-17898,4,F,217.18016,162.2607,56.828377
JVASP-17898,5,F,217.17973,162.26065,56.827858
JVASP-17898,6,F,217.18015,162.26067,56.82825
JVASP-17898,7,F,217.18016,162.26068,56.82838
JVASP-17302,0,F,217.54424,197.5689,21.332972
JVASP-17302,1,F,217.5441,197.5689,21.332907
JVASP-17302,2,F,217.5447,197.5689,21.333532
JVASP-17302,3,F,217.5441,197.5689,21.332901
JVASP-17302,4,F,217.54424,197.5689,21.332968
JVASP-17302,5,F,217.5447,197.5689,21.333532
JVASP-17302,6,Zn,9.38383,9.60116,0.21733406
JVASP-17302,7,Rh,37.34785,1.4562844,38.80414
JVASP-18480,0,Pu,214.86107,4.937609,209.92346
JVASP-18480,1,Pu,214.86107,4.9376087,209.92346
JVASP-18480,2,Cl,7.5297313,0.13654082,7.3931904
JVASP-18480,3,Cl,7.5297313,0.13654035,7.3931913
JVASP-18480,4,O,0.841808,26.758717,27.600525
JVASP-18480,5,O,0.841808,26.758717,27.600525
JVASP-79719,0,Y,214.63184,14.879236,199.77458
JVASP-79719,1,Y,214.63184,14.879236,199.77458
JVASP-79719,2,Y,214.63184,14.879236,199.77458
JVASP-79719,3,Y,214.63184,14.879236,199.77458
JVASP-79719,4,Zn,52.123066,8.613917,43.69807
JVASP-79719,5,Zn,52.123066,8.613917,43.69807
JVASP-79719,6,Cu,79.024734,8.908983,87.812256
JVASP-79719,7,Cu,79.024734,8.908983,87.812256
JVASP-67629,0,Be,1.5285039,35.337734,36.866215
JVASP-67629,1,Ge,9.607716,10.696118,20.303833
JVASP-67629,2,Pb,213.11705,13.147432,199.96962
JVASP-37119,0,Pu,235.05304,36.981728,264.2107
JVASP-37119,1,Co,88.66702,74.45063,45.135815
JVASP-37119,2,C,37.485912,58.71833,31.281034
JVASP-37119,3,C,37.485912,58.718327,31.28103
JVASP-55216,0,Tm,136.885,149.38054,23.6892
JVASP-55216,1,Tm,136.885,149.38052,23.689196
JVASP-55216,2,Tm,136.885,149.38055,23.689203
JVASP-55216,3,Tm,136.885,149.38052,23.689196
JVASP-55216,4,Pd,118.80374,82.6433,74.452675
JVASP-55216,5,Pd,118.80374,82.6433,74.45267
JVASP-55216,6,Pd,118.80374,82.6433,74.452675
JVASP-55216,7,Pd,118.80374,82.64331,74.452675
JVASP-55216,8,Pb,212.26218,101.9475,110.31467
JVASP-55216,9,Pb,212.26218,101.94751,110.31467
JVASP-15789,0,Ba,20.862305,2.366013,18.496292
JVASP-15789,1,Ba,20.862305,2.366013,18.496292
JVASP-15789,2,Ag,211.69592,61.919514,149.77641
JVASP-15789,3,Ag,211.69592,61.919518,149.77641
JVASP-15789,4,As,141.19063,21.317293,162.50792
JVASP-15789,5,As,141.19063,21.317295,162.50792
JVASP-36999,0,Tl,0.11658473,6.523872,6.6291156
JVASP-36999,1,Tl,0.11658473,6.523871,6.629114
JVASP-36999,2,Pd,0.31844625,5.9475384,5.8410187
JVASP-36999,3,Pd,0.31844625,5.9475327,5.8410134
JVASP-36999,4,F,210.8141,135.41032,75.4062
JVASP-36999,5,F,210.96107,111.460915,101.86126
JVASP-36999,6,F,210.96107,111.460915,101.86126
JVASP-36999,7,F,210.8141,135.41034,75.4062
JVASP-36999,8,F,210.96107,111.46093,101.86126
JVASP-36999,9,F,210.96107,111.46093,101.86126
JVASP-17746,0,Cu,39.791145,8.383772,48.174915
JVASP-17746,1,Cu,39.791145,8.383772,48.17492
JVASP-17746,2,Cu,39.791145,8.383775,48.174915
JVASP-17746,3,As,0.0,0.0,0.0
JVASP-17746,4,S,210.33524,32.73722,177.59802
JVASP-17746,5,S,210.33524,32.73722,177.59802
JVASP-17746,6,S,210.33524,32.737225,177.59802
JVASP-17746,7,S,210.33524,32.737225,177.59802
JVASP-39390,0,Li,2.4654138,12.080355,14.545766
JVASP-39390,1,Hf,209.88983,0.40697297,210.2968
JVASP-16906,0,Lu,41.10796,46.185608,21.413345
JVASP-16906,1,Lu,41.09851,46.18518,21.414919
JVASP-16906,2,Lu,41.10796,46.185604,21.413345
JVASP-16906,3,Ni,31.195478,6.8025565,24.392921
JVASP-16906,4,Ni,31.195478,6.8025584,24.39292
JVASP-16906,5,Ni,35.142834,15.597029,19.545809
JVASP-16906,6,Pb,210.53416,39.769615,186.32404
JVASP-16906,7,Pb,210.52951,39.76917,186.31908
JVASP-16906,8,Pb,210.53416,39.769615,186.32404
JVASP-13822,0,O,0.9562824,195.15794,194.20166
JVASP-13822,1,Cl,136.25606,148.5748,35.376255
JVASP-13822,2,Cl,136.25706,148.57314,35.375935
JVASP-13822,3,Cl,136.25641,148.57446,35.377155
JVASP-13822,4,Cl,136.25609,148.5743,35.37589
JVASP-13822,5,W,208.52924,161.33469,47.19455
JVASP-16201,0,F,208.11523,190.88057,24.056425
JVASP-16201,1,F,208.11395,190.8806,24.055853
JVASP-16201,2,F,208.11519,190.8806,24.055944
JVASP-16201,3,F,208.11395,190.8806,24.055853
JVASP-16201,4,F,208.11523,190.88057,24.056421
JVASP-16201,5,F,208.11519,190.8806,24.055944
JVASP-16201,6,Mg,2.81781,12.164415,9.346607
JVASP-16201,7,Rh,73.3487,2.869961,70.478745
JVASP-31882,0,Fe,8.717734,24.41046,33.128197
JVASP-31882,1,Fe,8.71651,24.41046,33.12697
JVASP-31882,2,N,59.49262,33.07206,68.87729
JVASP-31882,3,N,59.493305,33.072033,68.87894
JVASP-31882,4,N,59.491287,33.07206,68.876144
JVASP-31882,5,N,59.493305,33.07203,68.87893
JVASP-31882,6,N,59.49374,33.072025,68.8792
JVASP-31882,7,N,59.49374,33.072025,68.8792
JVASP-31882,8,Cl,207.0423,8.817384,198.22493
JVASP-31882,9,Cl,207.0423,8.817385,198.22491
JVASP-31882,10,O,100.1978,17.30744,87.12067
JVASP-31882,11,O,100.198135,17.308626,87.12002
JVASP-31882,12,O,100.196396,17.307442,87.119255
JVASP-31882,13,O,100.19782,17.308622,87.11972
JVASP-31882,14,O,100.19782,17.308622,87.11972
JVASP-31882,15,O,100.198135,17.308626,87.12002
JVASP-39308,0,Hg,206.79286,81.89635,124.89652
JVASP-39308,1,Hg,206.79286,81.89635,124.89652
JVASP-39308,2,N,10.9994335,33.65347,44.652905
JVASP-39308,3,N,10.9994335,33.653477,44.65291
JVASP-49993,0,Lu,206.64018,117.88618,88.754
JVASP-49993,1,Tl,59.187428,48.26138,10.92605
JVASP-49993,2,O,12.984337,27.547564,40.531902
JVASP-49993,3,O,12.984337,27.547565,40.531902
JVASP-26528,0,Rb,1.9800048,1.118332,3.0983365
JVASP-26528,1,Rb,1.9800048,1.1183318,3.0983365
JVASP-26528,2,Ir,193.5293,49.33796,144.19133
JVASP-26528,3,F,206.45119,172.42384,34.081417
JVASP-26528,4,F,206.45135,172.42392,34.081577
JVASP-26528,5,F,206.45119,172.42384,34.08142
JVASP-26528,6,F,206.45119,172.42384,34.081417
JVASP-26528,7,F,206.45135,172.42392,34.081577
JVASP-26528,8,F,206.45119,172.42384,34.08142
JVASP-79682,0,Mg,19.330444,77.562744,92.84518
JVASP-79682,1,Pd,12.137479,29.826366,36.622665
JVASP-79682,2,Pd,12.137479,29.826366,36.622665
JVASP-79682,3,Au,206.13356,65.73797,259.07727
JVASP-2547,0,Na,7.199371,22.115816,28.081665
JVASP-2547,1,Na,7.199371,22.115818,28.081665
JVASP-2547,2,Na,7.199612,22.115816,28.081896
JVASP-2547,3,Na,7.199612,22.115812,28.081894
JVASP-2547,4,Ag,210.5946,21.32638,191.33931
JVASP-2547,5,Ag,210.5946,21.32638,191.33931
JVASP-2547,6,Sb,127.35624,13.078633,115.39407
JVASP-2547,7,Sb,127.35624,13.078632,115.39407
JVASP-46537,0,Tl,204.64236,19.995562,224.63792
JVASP-46537,1,Tl,204.64236,19.995564,224.63792
JVASP-46537,2,Co,15.452689,12.116843,3.3358467
JVASP-46537,3,Co,15.452689,12.116842,3.3358474
JVASP-46537,4,O,78.74833,74.708405,54.366425
JVASP-46537,5,O,78.74815,74.70846,54.36606
JVASP-46537,6,O,78.74878,74.70829,54.366093
JVASP-46537,7,O,78.74878,74.70828,54.366093
JVASP-46537,8,O,78.74815,74.70846,54.36606
JVASP-46537,9,O,78.74833,74.7084,54.366425
JVASP-35492,0,Ag,87.42474,30.526773,56.89797
JVASP-35492,1,W,94.632774,11.249502,105.88227
JVASP-35492,2,S,127.16388,91.24088,96.159904
JVASP-35492,3,S,127.16348,91.24166,96.16048
JVASP-35492,4,S,127.16389,91.24137,96.16098
JVASP-35492,5,S,127.16348,91.24117,96.15937
JVASP-35492,6,N,204.2654,125.507256,78.75814
JVASP-81333,0,Li,0.8299409,40.236443,39.504654
JVASP-81333,1,Y,42.86308,7.3242903,46.65595
JVASP-81333,2,Y,42.86308,7.3242903,46.65595
JVASP-81333,3,In,204.12904,39.247616,175.43579
JVASP-16217,0,V,3.4268408,6.697729,3.2708979
JVASP-16217,1,V,3.4272504,6.6977243,3.2704864
JVASP-16217,2,V,3.4268408,6.697721,3.2708898
JVASP-16217,3,V,3.4272504,6.697726,3.2704875
JVASP-16217,4,Ge,202.73569,23.492205,179.2435
JVASP-16217,5,Ge,202.73569,23.492199,179.2435
JVASP-16217,6,C,2.4127474,14.523445,12.110698
JVASP-16217,7,C,2.4127474,14.5234375,12.11069
JVASP-8276,0,Mg,4.8565216,13.083237,8.226715
JVASP-8276,1,Mn,206.31676,94.35828,112.94672
JVASP-8276,2,Mn,206.31676,94.35827,112.946724
JVASP-8276,3,N,88.34828,20.248053,69.363754
JVASP-8276,4,N,88.34828,20.248058,69.363754
JVASP-18058,0,Yb,201.95226,105.994606,95.95765
JVASP-18058,1,Yb,201.95226,105.99461,95.95765
JVASP-18058,2,Ge,75.04338,85.14731,10.103921
JVASP-18058,3,Ge,75.04338,85.147316,10.103929
JVASP-18058,4,Ge,75.04338,85.14731,10.103921
JVASP-18058,5,Ge,75.04338,85.14729,10.103913
JVASP-18058,6,Ru,94.67931,46.275234,48.404076
JVASP-18058,7,Ru,94.67931,46.275246,48.404064
JVASP-18058,8,Ru,94.67931,46.27524,48.40407
JVASP-18058,9,Ru,94.67931,46.27524,48.40407
JVASP-49934,0,Er,201.82938,119.756714,82.07267
JVASP-49934,1,Tl,65.56917,47.08611,18.48306
JVASP-49934,2,O,14.145803,27.577066,41.72287
JVASP-49934,3,O,14.145803,27.577065,41.722866
JVASP-67935,0,K,9.708144,9.830252,19.538397
JVASP-67935,1,K,9.708144,9.830251,19.538395
JVASP-67935,2,Be,3.7869112,4.8392153,8.626126
JVASP-67935,3,Be,3.7869112,4.8392215,8.626132
JVASP-67935,4,Nb,45.23391,18.939749,64.17366
JVASP-67935,5,Nb,201.31375,5.3312554,206.645
JVASP-67935,6,Nb,45.23391,18.939749,64.17366
JVASP-67935,7,Nb,201.31375,5.3312583,206.645
JVASP-76915,0,Sc,107.36313,47.372597,59.990543
JVASP-76915,1,Sc,107.36313,47.372597,59.990543
JVASP-76915,2,Ni,200.81963,57.86603,258.68567
JVASP-76915,3,Pd,113.00389,43.693195,156.6971
JVASP-15628,0,Si,21.799288,21.471846,0.32744303
JVASP-15628,1,Si,21.799288,21.47185,0.3274397
JVASP-15628,2,Ru,83.972755,44.58201,39.39075
JVASP-15628,3,Ru,83.972755,44.582012,39.390747
JVASP-15628,4,Ho,200.10849,83.64011,116.468376
JVASP-15405,0,Ta,124.57125,104.7991,19.772148
JVASP-15405,1,Ta,124.57125,104.799095,19.772156
JVASP-15405,2,Sn,199.73384,156.88583,356.6197
JVASP-15405,3,Sn,199.73384,156.88582,356.61966
JVASP-15405,4,S,20.993351,41.320343,62.313694
JVASP-15405,5,S,20.993351,41.32034,62.313686
JVASP-15405,6,S,20.993351,41.320347,62.313698
JVASP-15405,7,S,20.992943,41.320347,62.31329
JVASP-77541,0,Li,1.8689606,10.413092,12.282053
JVASP-77541,1,Li,1.8689606,10.413088,12.282049
JVASP-77541,2,Ga,199.2905,16.475536,182.81494
JVASP-77541,3,Ga,199.2905,16.47554,182.81494
JVASP-77541,4,Ir,24.993778,41.21871,16.224937
JVASP-77541,5,Ir,24.993778,41.21871,16.224937
JVASP-77541,6,Ir,24.993778,41.21871,16.224937
JVASP-77541,7,Ir,24.993778,41.21871,16.224937
JVASP-49848,0,Ho,198.75404,126.2667,72.48735
JVASP-49848,1,Tl,67.63531,101.653885,34.018578
JVASP-49848,2,O,14.486282,22.09617,36.58245
JVASP-49848,3,O,14.486282,22.09617,36.582455
JVASP-50060,0,Dy,198.36131,117.05653,81.30478
JVASP-50060,1,Tl,69.232376,63.238686,5.9936914
JVASP-50060,2,O,14.9651575,14.84337,29.808529
JVASP-50060,3,O,14.9651575,14.843371,29.808529
JVASP-69083,0,Ba,92.016716,9.415661,101.43238
JVASP-69083,1,V,19.205633,19.783566,38.9892
JVASP-69083,2,Hg,202.38013,19.58004,193.15231
JVASP-69083,3,Hg,202.38013,19.58004,193.15231
JVASP-16607,0,Y,24.838274,43.43494,22.500929
JVASP-16607,1,Y,24.837166,43.434036,22.501629
JVASP-16607,2,Y,24.838274,43.43494,22.500933
JVASP-16607,3,Tl,203.718,42.283676,170.66591
JVASP-16607,4,Tl,203.718,42.28368,170.66591
JVASP-16607,5,Tl,203.71724,42.28305,170.66559
JVASP-16607,6,Pd,150.67137,40.3496,110.32178
JVASP-16607,7,Pd,35.179573,10.707647,24.471926
JVASP-16607,8,Pd,150.67137,40.349606,110.32177
JVASP-32394,0,Sn,204.11565,19.95252,196.81194
JVASP-32394,1,Sn,204.11565,19.952518,196.81195
JVASP-32394,2,O,131.51212,76.39308,113.17414
JVASP-32394,3,O,131.51527,76.3698,113.18159
JVASP-32394,4,O,131.51212,76.39308,113.17414
JVASP-32394,5,O,131.51527,76.3698,113.18159
JVASP-32394,6,O,144.80176,83.64108,114.0613
JVASP-32394,7,O,144.80397,83.68809,114.063
JVASP-32394,8,O,144.80176,83.641075,114.061295
JVASP-32394,9,O,144.80397,83.68808,114.062996
JVASP-32394,10,C,53.363846,101.13788,62.402588
JVASP-32394,11,C,53.36143,101.15886,62.448284
JVASP-32394,12,C,53.363846,101.13788,62.40259
JVASP-32394,13,C,53.36143,101.15886,62.448284
JVASP-17900,0,Mg,2.4697955,11.409173,8.939379
JVASP-17900,1,Fe,60.58818,6.4455533,54.142628
JVASP-17900,2,F,196.33005,167.04794,30.79859
JVASP-17900,3,F,196.33038,167.04793,30.799065
JVASP-17900,4,F,196.33037,167.04791,30.798958
JVASP-17900,5,F,196.33038,167.04793,30.799065
JVASP-17900,6,F,196.33005,167.04793,30.798595
JVASP-17900,7,F,196.33037,167.04791,30.798952
JVASP-1486,0,O,9.863281,4.734522,14.597803
JVASP-1486,1,O,9.863281,4.734523,14.597804
JVASP-1486,2,K,28.22462,48.84326,20.618639
JVASP-1486,3,Pr,195.48148,67.23973,128.24174
JVASP-65376,0,Ba,194.3262,25.37857,219.70476
JVASP-65376,1,Sr,95.78974,31.502314,127.29206
JVASP-65376,2,Hf,36.316135,45.02383,8.707695
JVASP-65376,3,Hf,36.316135,45.02383,8.707695
JVASP-56850,0,Tb,4.8022246,49.747345,44.945118
JVASP-56850,1,Tb,4.8022246,49.747345,44.945118
JVASP-56850,2,Tb,4.8022246,49.747345,44.945118
JVASP-56850,3,Tb,4.8022246,49.747345,44.945118
JVASP-56850,4,Co,42.19328,105.29418,63.100906
JVASP-56850,5,Co,42.19328,105.29418,63.100906
JVASP-56850,6,Co,42.19328,105.29418,63.100906
JVASP-56850,7,Co,42.19328,105.29418,63.100906
JVASP-56850,8,I,193.93344,31.596643,225.53009
JVASP-56850,9,I,193.93344,31.596645,225.53009
JVASP-17171,0,Ce,193.6138,88.06115,105.55265
JVASP-17171,1,Zn,64.69746,65.54949,10.362847
JVASP-17171,2,Zn,64.69882,65.5491,10.364961
JVASP-17171,3,Zn,64.69746,65.54949,10.362847
JVASP-17171,4,Pd,29.686592,26.028025,55.714615
JVASP-17171,5,Pd,29.686592,26.028025,55.714615
JVASP-61084,0,Ce,79.757835,3.991629,75.76621
JVASP-61084,1,Ce,79.757835,3.9916284,75.76621
JVASP-61084,2,Al,9.063112,49.42984,58.492954
JVASP-61084,3,Al,9.063112,49.429836,58.49295
JVASP-61084,4,Al,2.4584713,17.674536,15.216064
JVASP-61084,5,Al,2.4584713,17.674541,15.216071
JVASP-61084,6,Au,193.03285,45.867607,238.90047
JVASP-61084,7,Au,193.03285,45.8676,238.90045
JVASP-61084,8,Au,22.18013,38.506416,60.68655
JVASP-61084,9,Au,22.18013,38.506424,60.68655
JVASP-56886,0,Pr,38.32594,73.988434,112.31438
JVASP-56886,1,Pr,38.32594,73.98842,112.31436
JVASP-56886,2,Pr,38.32594,73.988434,112.31437
JVASP-56886,3,Pr,38.32594,73.98842,112.31436
JVASP-56886,4,Co,40.34269,82.304115,41.961426
JVASP-56886,5,Co,40.34269,82.30412,41.961433
JVASP-56886,6,Co,40.34269,82.304115,41.961426
JVASP-56886,7,Co,40.34269,82.30412,41.961433
JVASP-56886,8,I,192.30455,11.574085,203.87863
JVASP-56886,9,I,192.30455,11.574085,203.87863
JVASP-2340,0,O,116.72913,77.31189,46.961384
JVASP-2340,1,O,116.72913,77.31189,46.961388
JVASP-2340,2,O,192.98721,158.31775,38.11294
JVASP-2340,3,Sr,12.852838,11.881597,1.9903497
JVASP-2340,4,Sr,12.852838,11.881599,1.9903493
JVASP-2340,5,Pd,85.06873,25.29558,107.82064
JVASP-17895,0,Yb,16.392801,10.642648,5.7501535
JVASP-17895,1,In,84.799706,68.74639,16.053314
JVASP-17895,2,In,196.63686,72.83882,124.392624
JVASP-17895,3,In,196.63686,72.838806,124.39264
JVASP-17895,4,In,196.63686,72.83881,124.39263
JVASP-17895,5,In,196.63686,72.83882,124.39263
JVASP-17895,6,Co,3.3321226,18.563004,21.895126
JVASP-36586,0,Ba,0.0,0.0,0.0
JVASP-36586,1,Ge,0.0,0.0,0.0
JVASP-36586,2,O,190.40129,136.35036,54.05093
JVASP-36586,3,O,190.40129,136.35036,54.05093
JVASP-36586,4,O,190.40129,136.35036,54.05093
JVASP-49755,0,Ho,77.63454,19.138554,58.495983
JVASP-49755,1,Ho,77.63454,19.138552,58.495987
JVASP-49755,2,Bi,189.81096,10.649435,179.16153
JVASP-49755,3,Bi,189.81096,10.649434,179.16153
JVASP-49755,4,O,49.057148,51.76148,23.500048
JVASP-49755,5,O,49.057644,51.761497,23.500483
JVASP-49755,6,O,49.05758,51.761505,23.49967
JVASP-49755,7,O,49.05758,51.761497,23.499666
JVASP-49755,8,O,49.057644,51.761497,23.500483
JVASP-49755,9,O,49.057148,51.76148,23.500048
JVASP-8418,0,Ba,189.3578,8.432763,197.79057
JVASP-8418,1,Mn,34.501064,0.39448205,34.895546
JVASP-8418,2,Al,1.8199708,32.502014,30.682041
JVASP-8418,3,Cu,31.64904,14.430997,17.218042
JVASP-8418,4,O,56.767876,53.11249,4.595258
JVASP-8418,5,O,56.767876,53.112495,4.5952616
JVASP-8418,6,O,84.893456,94.33273,26.110455
JVASP-8418,7,O,84.893456,94.33271,26.110445
JVASP-8418,8,O,61.83247,42.106052,19.726418
JVASP-35519,0,Dy,188.60826,38.350098,150.25816
JVASP-35519,1,Ti,43.482525,64.86946,21.386936
JVASP-35519,2,Ti,43.482525,64.86945,21.386927
JVASP-35519,3,Ga,80.97952,74.755844,9.315308
JVASP-35519,4,Ga,80.97952,74.75584,9.315311
JVASP-35519,5,Ga,80.97952,74.75584,9.315317
JVASP-35519,6,Ga,80.97952,74.75584,9.31532
JVASP-2373,0,Ga,17.678234,20.451666,38.1299
JVASP-2373,1,Ga,21.231743,70.0844,91.31614
JVASP-2373,2,Se,197.23984,83.457504,121.904785
JVASP-2373,3,Se,197.23875,83.45752,121.90377
JVASP-2373,4,Se,197.2405,83.45762,121.90539
JVASP-2373,5,Se,197.23929,83.457405,121.90435
JVASP-2373,6,Hg,38.189224,2.3820236,35.807205
JVASP-50487,0,Li,0.92932016,47.86819,48.256943
JVASP-50487,1,Te,198.98647,43.82001,175.63335
JVASP-50487,2,H,27.723688,68.97988,47.329433
JVASP-50487,3,O,187.28337,141.8405,80.515495
JVASP-50487,4,O,196.4862,129.49573,68.28951
JVASP-50487,5,O,194.6267,130.07034,65.4884
JVASP-50487,6,O,191.17664,114.20361,85.01863
JVASP-81251,0,Na,3.8216505,16.551184,20.301685
JVASP-81251,1,Na,3.8216505,16.551182,20.301683
JVASP-81251,2,Na,3.8216505,16.551182,20.301683
JVASP-81251,3,Na,3.8216505,16.551182,20.301683
JVASP-81251,4,Tl,187.6987,27.090221,160.6737
JVASP-81251,5,Tl,187.6987,27.090221,160.6737
JVASP-81251,6,Cd,14.512369,13.5170965,27.98451
JVASP-81251,7,Cd,14.512369,13.517097,27.98451
JVASP-16456,0,Ba,18.445475,21.506336,39.95181
JVASP-16456,1,Ba,18.445475,21.506336,39.951813
JVASP-16456,2,Sn,188.75566,74.28341,132.39554
JVASP-16456,3,Sn,87.55538,58.74671,28.808674
JVASP-16456,4,Sn,188.75566,74.283394,132.39555
JVASP-16456,5,Sn,188.75566,74.28341,132.39554
JVASP-16456,6,Sn,87.55538,58.746704,28.808678
JVASP-16456,7,Sn,188.75566,74.283394,132.39555
JVASP-16456,8,Pd,20.4018,24.7464,45.148205
JVASP-16456,9,Pd,20.4018,24.746407,45.14821
JVASP-8780,0,Ag,19.000187,30.546421,44.05231
JVASP-8780,1,Ag,19.000187,30.54642,44.052307
JVASP-8780,2,Sb,100.74886,37.417564,74.43057
JVASP-8780,3,Sb,100.74886,37.41757,74.43057
JVASP-8780,4,Se,198.86617,19.188202,191.70372
JVASP-8780,5,Se,198.60832,19.257542,191.31403
JVASP-8780,6,Se,198.86617,19.188194,191.7037
JVASP-8780,7,Se,198.60832,19.25754,191.31403
JVASP-67326,0,Be,2.655247,35.670193,38.32544
JVASP-67326,1,Be,4.771606,25.747746,20.97614
JVASP-67326,2,Re,186.06895,33.409653,152.6593
JVASP-67326,3,Ge,90.3037,102.52906,12.225358
JVASP-16561,0,Ho,0.0,0.0,0.0
JVASP-16561,1,Sn,185.5023,47.412693,138.08961
JVASP-16561,2,Sn,185.5023,47.412693,138.08963
JVASP-16561,3,Sn,185.50232,47.412693,138.08961
JVASP-18774,0,Tb,38.012547,46.75641,13.964408
JVASP-18774,1,Tb,38.012547,46.75641,13.964408
JVASP-18774,2,Tb,38.008488,46.75525,13.965322
JVASP-18774,3,Tl,189.66225,44.109898,150.10486
JVASP-18774,4,Tl,189.66225,44.109894,150.10486
JVASP-18774,5,Tl,189.66026,44.109108,150.10345
JVASP-18774,6,Pd,35.64987,23.224318,12.425556
JVASP-18774,7,Pd,148.73302,29.640285,119.092735
JVASP-18774,8,Pd,148.73302,29.64028,119.092735
JVASP-5158,0,Cl,188.66078,113.183945,83.02387
JVASP-5158,1,Cl,188.66078,113.18394,83.02387
JVASP-5158,2,Cl,160.91202,68.80542,97.71115
JVASP-5158,3,Cl,160.9123,68.80549,97.71134
JVASP-5158,4,Cl,160.91202,68.80541,97.71115
JVASP-5158,5,Cl,160.9123,68.80549,97.71134
JVASP-5158,6,Mo,15.197964,35.078472,26.975693
JVASP-5158,7,Mo,15.197964,35.078465,26.975689
JVASP-17359,0,Li,0.3127427,16.389023,16.430933
JVASP-17359,1,Li,0.31006128,16.388958,16.430609
JVASP-17359,2,Li,0.3127427,16.389023,16.430933
JVASP-17359,3,Sm,189.68652,25.566542,197.36961
JVASP-17359,4,Sm,189.68652,25.56654,197.36961
JVASP-17359,5,Sm,189.68654,25.566452,197.36945
JVASP-17359,6,Ge,22.595318,21.304255,1.291063
JVASP-17359,7,Ge,22.595318,21.304253,1.2910645
JVASP-17359,8,Ge,41.697254,55.554314,97.251564
JVASP-8080,0,Zn,4.228443,3.226908,1.0015352
JVASP-8080,1,Zn,4.228443,3.2269063,1.0015371
JVASP-8080,2,As,193.82138,15.190438,179.59071
JVASP-8080,3,As,193.82217,15.190468,179.59145
JVASP-8080,4,As,193.82089,15.190453,179.59018
JVASP-8080,5,As,193.82251,15.19047,179.59181
JVASP-8080,6,Sn,5.3623123,1.045592,6.407904
JVASP-8080,7,Sn,5.3623123,1.0455917,6.407904
JVASP-24028,0,H,42.327427,72.88158,44.212296
JVASP-24028,1,H,42.327007,72.881584,44.21321
JVASP-24028,2,H,42.327427,72.881584,44.2123
JVASP-24028,3,H,42.327007,72.881584,44.21321
JVASP-24028,4,O,197.24313,97.26997,106.6437
JVASP-24028,5,O,197.24313,97.26997,106.64369
JVASP-24028,6,Mg,32.63872,60.74918,38.925945
JVASP-24028,7,Cl,40.953896,51.374866,16.744503
JVASP-24028,8,Cl,40.953896,51.37487,16.744509
JVASP-35484,0,Rb,2.3882592,2.262646,0.12561806
JVASP-35484,1,Rb,2.3882592,2.2626472,0.12561662
JVASP-35484,2,Cr,9.753875,17.799427,8.045567
JVASP-35484,3,Br,183.0124,70.04599,112.966415
JVASP-35484,4,Br,183.0124,70.04599,112.966415
JVASP-35484,5,Cl,148.64922,198.3009,52.788624
JVASP-35484,6,Cl,148.64922,198.3009,52.788624
JVASP-15678,0,Ce,182.6111,23.994726,158.61636
JVASP-15678,1,Cr,79.9934,98.92973,28.996975
JVASP-15678,2,Cr,79.9934,98.92972,28.996965
JVASP-15678,3,Si,27.518383,23.12527,4.393113
JVASP-15678,4,Si,27.518383,23.12527,4.393113
JVASP-15678,5,C,30.61617,45.51306,14.896891
JVASP-35410,0,Si,4.1853614,22.079086,17.893724
JVASP-35410,1,Pt,185.81819,119.54662,66.53646
JVASP-35410,2,Pt,185.81819,119.54662,66.53646
JVASP-35410,3,Pt,185.81819,119.54662,66.53646
JVASP-35410,4,Pt,185.81819,119.54662,66.53646
JVASP-35410,5,Pt,92.98018,47.683224,45.29696
JVASP-35410,6,Pb,173.1634,103.28217,69.88124
JVASP-2322,0,Dy,36.130962,22.454523,56.081253
JVASP-2322,1,Dy,36.130962,22.454521,56.081253
JVASP-2322,2,Ag,52.9449,54.802044,107.74695
JVASP-2322,3,Ag,52.9449,54.802044,107.74695
JVASP-2322,4,Te,203.82372,31.968384,175.39447
JVASP-2322,5,Te,203.82372,31.968386,175.39447
JVASP-2322,6,Te,203.82372,31.968386,175.39447
JVASP-2322,7,Te,203.82372,31.968386,175.39447
JVASP-17943,0,U,180.66457,71.129684,109.53487
JVASP-17943,1,U,180.66457,71.129684,109.534874
JVASP-17943,2,Ge,47.326588,37.457466,9.869123
JVASP-17943,3,Ge,47.326588,37.457466,9.869123
JVASP-17943,4,Ge,47.326588,37.457466,9.869125
JVASP-17943,5,Ge,47.326588,37.457466,9.869125
JVASP-17943,6,Ir,10.873285,19.794207,30.667492
JVASP-17943,7,Ir,10.873285,19.794209,30.667492
JVASP-17943,8,Ir,10.873285,19.794209,30.667492
JVASP-17943,9,Ir,10.873285,19.794205,30.667488
JVASP-85184,0,La,180.31346,123.38643,56.927032
JVASP-85184,1,Al,7.142712,16.011742,23.154453
JVASP-85184,2,Al,7.142712,16.011742,23.154451
JVASP-85184,3,B,24.56838,65.54922,40.98084
JVASP-85184,4,Ru,117.30872,138.03688,35.70061
JVASP-85184,5,Ru,117.30872,138.03688,35.70061
JVASP-67636,0,Ag,15.730623,2.8098445,18.540468
JVASP-67636,1,Be,1.2794509,46.514812,47.794266
JVASP-67636,2,W,179.55984,16.786942,162.7729
JVASP-65030,0,Be,1.1790211,16.831326,18.010345
JVASP-65030,1,Be,4.850806,1.6954191,6.546225
JVASP-65030,2,Cu,7.157409,14.746067,7.5886583
JVASP-65030,3,Ir,179.08057,12.963598,166.11697
JVASP-8768,0,S,8.317651,83.46106,75.1434
JVASP-8768,1,S,8.317651,83.46106,75.1434
JVASP-8768,2,F,184.54459,116.13893,84.29603
JVASP-8768,3,F,184.54459,116.13893,84.29603
JVASP-8768,4,F,184.54459,116.13893,84.29603
JVASP-8768,5,F,184.54459,116.13893,84.29603
JVASP-8768,6,F,184.54459,116.13893,84.29603
JVASP-8768,7,F,184.54459,116.13892,84.29604
JVASP-8768,8,F,184.54459,116.13893,84.29603
JVASP-8768,9,F,184.54459,116.13893,84.29603
JVASP-57227,0,Yb,42.672558,6.5406585,36.1319
JVASP-57227,1,Bi,177.18057,4.8960347,172.28453
JVASP-57227,2,Bi,177.18057,4.896034,172.28453
JVASP-57227,3,Cl,24.053173,0.4791415,24.532314
JVASP-57227,4,O,96.614975,157.072,67.931625
JVASP-57227,5,O,96.614975,157.07199,67.93162
JVASP-57227,6,O,96.614975,157.072,67.931625
JVASP-57227,7,O,96.614975,157.07199,67.9316
JVASP-17686,0,Np,0.0,0.0,0.0
JVASP-17686,1,Ge,176.89317,74.1448,102.74837
JVASP-17686,2,Ge,176.89317,74.14479,102.74837
JVASP-17686,3,Ge,176.89316,74.14479,102.74837
JVASP-18663,0,P,46.565437,15.079172,61.644608
JVASP-18663,1,P,46.565437,15.079171,61.644608
JVASP-18663,2,P,146.20049,52.131924,114.31014
JVASP-18663,3,P,146.20052,52.13193,114.31025
JVASP-18663,4,Cu,5.591976,12.384845,17.97682
JVASP-18663,5,Cu,5.591976,12.384845,17.97682
JVASP-18663,6,U,176.68427,23.852106,152.83215
JVASP-18663,7,U,176.68427,23.852106,152.83217
JVASP-81475,0,Ba,176.60756,5.801348,178.47115
JVASP-81475,1,Ba,176.60756,5.80135,178.47115
JVASP-81475,2,Mg,8.517421,92.68465,86.87076
JVASP-81475,3,Mg,8.517421,92.68465,86.87076
JVASP-81475,4,Hg,108.36943,170.2616,90.86627
JVASP-81475,5,Hg,108.36943,170.2616,90.86627
JVASP-81475,6,Hg,108.36943,170.2616,90.86628
JVASP-81475,7,Hg,108.36943,170.26158,90.866264
JVASP-8391,0,Mg,30.290369,88.27574,59.832653
JVASP-8391,1,Mg,30.290369,88.275734,59.832645
JVASP-8391,2,W,190.27559,56.104496,174.54398
JVASP-8391,3,W,190.27559,56.104496,174.54398
JVASP-8391,4,O,54.96219,41.79816,65.01346
JVASP-8391,5,O,54.96219,41.798157,65.01346
JVASP-8391,6,O,36.793114,56.545948,50.137962
JVASP-8391,7,O,54.96219,41.798157,65.01346
JVASP-8391,8,O,54.96219,41.798157,65.01346
JVASP-8391,9,O,36.793114,56.545948,50.137962
JVASP-80965,0,Mn,46.725475,49.7555,24.802254
JVASP-80965,1,Mn,46.725475,49.7555,24.802256
JVASP-80965,2,Hg,188.4435,64.54131,126.37211
JVASP-80965,3,Hg,188.4435,64.5413,126.372116
JVASP-80965,4,Pd,37.18608,19.562859,30.149471
JVASP-80965,5,Pd,37.18608,19.562855,30.149475
JVASP-80965,6,Pd,37.18608,19.562862,30.149475
JVASP-80965,7,Pd,37.18608,19.56286,30.149471
JVASP-18151,0,Dy,31.29223,12.61927,43.911503
JVASP-18151,1,Dy,31.29223,12.619267,43.9115
JVASP-18151,2,Cu,0.29442826,90.05985,90.35379
JVASP-18151,3,Cu,0.29442826,90.05985,90.35379
JVASP-18151,4,Pb,175.2761,69.576195,105.699905
JVASP-18151,5,Pb,175.2761,69.576195,105.699905
JVASP-26365,0,Rb,80.01993,74.20693,5.812996
JVASP-26365,1,Ge,20.754526,14.041873,6.7126527
JVASP-26365,2,I,38.628452,45.96518,84.59364
JVASP-26365,3,O,186.3252,355.35416,187.55493
JVASP-26365,4,O,186.32642,355.35394,187.55373
JVASP-26365,5,O,186.32652,355.3538,187.55339
JVASP-26365,6,O,186.3252,355.35416,187.5549
JVASP-26365,7,O,186.32642,355.35394,187.55376
JVASP-26365,8,O,186.32652,355.3538,187.55339
JVASP-69131,0,Ba,173.9301,7.251319,166.67877
JVASP-69131,1,Sr,106.97412,10.555023,96.41909
JVASP-69131,2,Ir,45.875668,24.515507,27.52744
JVASP-69131,3,Ir,45.875668,24.515512,27.527431
JVASP-56958,0,Ho,13.180143,12.294539,25.474684
JVASP-56958,1,B,24.47449,31.507765,7.0332756
JVASP-56958,2,B,24.47449,31.507767,7.033277
JVASP-56958,3,Rh,173.45776,78.62995,94.82781
JVASP-56958,4,Rh,173.45776,78.62995,94.82781
JVASP-56958,5,C,49.564125,118.678665,69.11454
JVASP-43323,0,Co,76.799446,75.63871,109.53149
JVASP-43323,1,Co,100.14825,37.259926,65.66972
JVASP-43323,2,O,75.430046,82.84809,18.634678
JVASP-43323,3,O,75.430046,82.8481,18.634686
JVASP-43323,4,F,190.51418,126.267426,69.657776
JVASP-43323,5,F,190.51418,126.26744,69.65776
JVASP-15715,0,B,24.522877,34.53407,10.011193
JVASP-15715,1,B,24.522877,34.53407,10.01119
JVASP-15715,2,C,49.651012,104.85042,55.1994
JVASP-15715,3,Rh,172.66931,73.097595,99.57172
JVASP-15715,4,Rh,172.66931,73.097595,99.57172
JVASP-15715,5,Er,15.402939,16.526907,31.929844
JVASP-35449,0,Al,1.2541388,28.917652,27.663511
JVASP-35449,1,P,13.323591,4.4553466,17.778938
JVASP-35449,2,Pt,174.46414,64.95686,117.6464
JVASP-35449,3,Pt,174.46414,64.95687,117.6464
JVASP-35449,4,Pt,174.46414,64.95688,117.6464
JVASP-35449,5,Pt,174.46414,64.95687,117.6464
JVASP-35449,6,Pt,92.58337,11.021494,81.56187
JVASP-79228,0,Ca,7.8236704,29.634634,21.810963
JVASP-79228,1,Cu,2.3784547,4.185177,6.5636315
JVASP-79228,2,S,172.14838,142.42453,45.53308
JVASP-79228,3,S,172.14838,142.42453,45.533062
JVASP-8317,0,Al,12.205439,22.73477,34.762787
JVASP-8317,1,Ni,117.12687,27.086058,144.01448
JVASP-8317,2,F,122.597206,119.83056,27.784748
JVASP-8317,3,F,122.597206,119.83056,27.784746
JVASP-8317,4,F,171.8574,171.6236,3.3392675
JVASP-8317,5,F,171.8574,171.6236,3.3392677
JVASP-8317,6,F,136.87675,135.86539,22.143652
JVASP-35212,0,K,19.016205,149.57628,168.59248
JVASP-35212,1,Li,0.65972924,157.90056,158.56029
JVASP-35212,2,I,171.4798,41.830917,129.64888
JVASP-35212,3,Cl,40.103863,43.905804,84.00967
JVASP-15611,0,Tm,171.25322,76.27041,94.98281
JVASP-15611,1,B,4.2776256,26.232769,21.955145
JVASP-15611,2,B,4.2776256,26.232767,21.955141
JVASP-15611,3,Ru,130.79926,185.96455,63.6255
JVASP-15611,4,Ru,130.79068,185.96387,63.632122
JVASP-15611,5,Ru,130.79926,185.96454,63.625484
JVASP-16347,0,B,19.550848,14.920398,4.63045
JVASP-16347,1,B,19.550848,14.920398,4.6304493
JVASP-16347,2,C,34.472027,29.695658,4.7763696
JVASP-16347,3,Ni,33.508785,47.204468,13.695681
JVASP-16347,4,Ni,33.508785,47.20446,13.695676
JVASP-16347,5,Ce,170.53247,23.693756,146.83871
JVASP-67915,0,Ta,170.33098,3.735761,166.59521
JVASP-67915,1,Be,2.2290356,13.958778,16.187815
JVASP-67915,2,Zn,17.295847,13.050847,4.245
JVASP-67915,3,Zn,3.9191837,18.972618,22.891802
JVASP-61096,0,Co,165.60959,44.49316,210.10277
JVASP-61096,1,As,30.725174,12.716269,43.44144
JVASP-61096,2,As,30.725174,12.7162695,43.441444
JVASP-61096,3,O,174.7438,185.32907,32.46813
JVASP-61096,4,O,174.744,185.329,32.46823
JVASP-61096,5,O,174.744,185.32898,32.468227
JVASP-61096,6,O,174.744,185.32898,32.46823
JVASP-61096,7,O,174.7438,185.32906,32.468136
JVASP-61096,8,O,174.744,185.329,32.46823
JVASP-8314,0,Zn,8.9335165,22.752895,31.686413
JVASP-8314,1,Mo,169.35281,32.710472,202.06326
JVASP-8314,2,F,123.0456,127.140686,40.98053
JVASP-8314,3,F,123.04517,127.14067,40.980167
JVASP-8314,4,F,123.04544,127.14072,40.979046
JVASP-8314,5,F,123.04517,127.14066,40.980164
JVASP-8314,6,F,123.0456,127.140686,40.98053
JVASP-8314,7,F,123.04544,127.14072,40.979046
JVASP-35787,0,Hf,96.84792,45.46913,51.378788
JVASP-35787,1,Hf,96.84792,45.46913,51.378788
JVASP-35787,2,Hg,168.96089,55.028366,113.932526
JVASP-35855,0,Dy,70.41183,6.0470533,69.742966
JVASP-35855,1,Dy,70.41183,6.0470543,69.742966
JVASP-35855,2,Tl,168.43182,114.51936,54.086235
JVASP-35855,3,Tl,168.43182,114.51938,54.08623
JVASP-35855,4,Zn,53.999,102.46673,48.53838
JVASP-35855,5,Zn,53.999,102.46673,48.53838
JVASP-62820,0,Ce,168.0652,113.422325,54.642887
JVASP-62820,1,Al,8.788769,18.772364,27.561134
JVASP-62820,2,Al,8.788769,18.77236,27.56113
JVASP-62820,3,B,22.31077,70.159935,47.849163
JVASP-62820,4,Ru,95.59689,112.2685,26.947784
JVASP-62820,5,Ru,95.59689,112.26849,26.947786
JVASP-77146,0,Cd,82.406555,23.936914,62.23492
JVASP-77146,1,Cd,82.406555,23.936914,62.23492
JVASP-77146,2,Hg,167.95293,35.14003,134.70355
JVASP-77146,3,Hg,167.95293,35.140022,134.70357
JVASP-77146,4,Pd,38.880272,2.2113006,40.096214
JVASP-77146,5,Pd,38.880272,2.2113,40.09621
JVASP-77146,6,Pd,38.880272,2.2113047,40.096214
JVASP-77146,7,Pd,38.880272,2.2113001,40.09621
JVASP-14548,0,Ge,173.85605,64.99325,117.82629
JVASP-14548,1,Ge,173.8554,64.99325,117.8257
JVASP-14548,2,Ge,150.28157,96.42853,55.784397
JVASP-14548,3,Ge,150.2819,96.428535,55.784855
JVASP-14548,4,Zr,18.392487,15.312721,9.885667
JVASP-14548,5,Zr,18.392487,15.312725,9.885669
JVASP-67954,0,Be,0.4654224,29.71307,29.24767
JVASP-67954,1,Os,167.3418,14.656946,152.68484
JVASP-67954,2,V,71.23443,24.674805,46.559624
JVASP-67954,3,V,2.9924603,19.36467,16.37221
JVASP-15466,0,Zr,29.28855,22.006578,51.295124
JVASP-15466,1,Zr,29.28855,22.006578,51.295124
JVASP-15466,2,Ge,167.12378,42.774014,124.34977
JVASP-15466,3,Ge,167.12378,42.77401,124.34977
JVASP-15466,4,Se,44.98488,12.966063,32.018814
JVASP-15466,5,Se,44.98488,12.966062,32.018818
JVASP-15988,0,Hf,85.358185,37.713745,123.07193
JVASP-15988,1,Hf,85.358185,37.71375,123.07193
JVASP-15988,2,Ge,166.75064,52.229233,114.52142
JVASP-15988,3,Ge,166.75064,52.22924,114.52141
JVASP-15988,4,Se,41.32616,13.991235,27.334927
JVASP-15988,5,Se,41.32616,13.991233,27.334927
JVASP-17344,0,Sr,1.7507669,17.852306,16.101547
JVASP-17344,1,Sr,1.7507669,17.852304,16.101545
JVASP-17344,2,Cu,25.2305,1.5273967,23.703104
JVASP-17344,3,Cu,25.2305,1.5273949,23.703106
JVASP-17344,4,S,37.803764,7.8965106,45.700275
JVASP-17344,5,S,37.803764,7.89651,45.700275
JVASP-17344,6,O,168.0124,18.765217,167.11801
JVASP-17344,7,O,168.01149,18.76524,167.11708
JVASP-37081,0,Ta,166.25952,175.95349,9.693967
JVASP-37081,1,Hg,97.326805,19.261843,116.588646
JVASP-37081,2,S,4.960217,31.378313,26.418097
JVASP-37081,3,S,4.960217,31.378315,26.418098
JVASP-81233,0,Mg,17.994661,39.291042,21.323332
JVASP-81233,1,Mg,17.994661,39.291042,21.323332
JVASP-81233,2,Mg,17.994661,39.291042,21.323332
JVASP-81233,3,Mg,17.994661,39.291042,21.323332
JVASP-81233,4,Ga,171.24297,99.711105,71.532295
JVASP-81233,5,Ga,171.24297,99.711105,71.532295
JVASP-81233,6,Pd,74.72747,36.216766,90.49904
JVASP-81233,7,Pd,74.72747,36.21677,90.49903
JVASP-7787,0,F,167.2542,179.45036,24.754587
JVASP-7787,1,F,167.25462,179.45038,24.754446
JVASP-7787,2,F,167.25284,179.45035,24.755287
JVASP-7787,3,F,167.25462,179.45038,24.754454
JVASP-7787,4,F,167.2542,179.45036,24.754591
JVASP-7787,5,F,167.25284,179.45035,24.755285
JVASP-7787,6,Cd,19.470928,1.9080015,17.562927
JVASP-7787,7,Sn,17.520521,11.120351,6.4001718
JVASP-59718,0,U,174.1574,8.089967,180.78246
JVASP-59718,1,U,174.1574,8.089969,180.78246
JVASP-59718,2,U,174.1574,8.089967,180.78246
JVASP-59718,3,U,174.1574,8.089969,180.78246
JVASP-59718,4,Al,16.19521,5.605524,21.800734
JVASP-59718,5,Al,16.19521,5.6055236,21.800734
JVASP-59718,6,Co,75.10965,20.317722,95.244896
JVASP-59718,7,Co,75.10965,20.317722,95.244896
JVASP-59718,8,Co,75.10965,20.317722,95.244896
JVASP-59718,9,Co,75.10965,20.317722,95.244896
JVASP-54794,0,Sm,33.853172,1.8234668,35.676643
JVASP-54794,1,Sm,33.853172,1.8234662,35.67664
JVASP-54794,2,Ag,30.359385,68.31267,37.953278
JVASP-54794,3,Ag,30.359385,68.31267,37.953285
JVASP-54794,4,Pb,164.75186,61.47533,103.276535
JVASP-54794,5,Pb,164.75186,61.475338,103.27653
JVASP-50167,0,Cd,55.23477,16.380997,71.61577
JVASP-50167,1,Cd,37.856876,28.134604,65.99148
JVASP-50167,2,Bi,164.33629,37.61996,126.71634
JVASP-50167,3,Bi,75.302345,20.442408,54.86
JVASP-50167,4,O,91.792854,87.78811,27.981672
JVASP-50167,5,O,91.763306,87.77208,27.983559
JVASP-50167,6,O,91.78016,87.778595,27.975328
JVASP-50167,7,O,120.276146,86.99348,49.92945
JVASP-50167,8,O,120.28415,86.99856,49.931576
JVASP-50167,9,O,120.28183,86.99221,49.93819
JVASP-14166,0,S,19.922226,39.60602,37.387863
JVASP-14166,1,S,98.41311,70.51193,44.082157
JVASP-14166,2,S,98.41311,70.51193,44.082165
JVASP-14166,3,S,19.922226,39.606018,37.387863
JVASP-14166,4,S,79.76573,68.88972,14.784547
JVASP-14166,5,S,79.76573,68.88972,14.784547
JVASP-14166,6,Pd,57.28915,84.80039,137.96138
JVASP-14166,7,Ta,173.1162,60.14089,226.08208
JVASP-14166,8,Ta,173.1162,60.140884,226.08206
JVASP-43066,0,Co,68.031425,7.089622,75.12105
JVASP-43066,1,Sb,137.25072,1.8554077,135.39531
JVASP-43066,2,O,163.70099,120.34192,47.755466
JVASP-43066,3,O,161.9411,186.15378,54.123226
JVASP-43066,4,O,163.70058,120.34192,47.755173
JVASP-43066,5,O,161.94182,186.15378,54.122807
JVASP-42568,0,Li,1.5074409,12.773777,14.281218
JVASP-42568,1,Li,1.796068,20.513456,18.717388
JVASP-42568,2,Cu,21.07428,2.9344075,24.008686
JVASP-42568,3,Ni,26.796215,6.463436,20.33278
JVASP-42568,4,O,174.23701,156.60352,26.676634
JVASP-42568,5,O,161.37715,168.43405,39.07214
JVASP-42568,6,O,174.23627,156.6035,26.676208
JVASP-42568,7,O,161.37614,168.43405,39.071323
JVASP-67758,0,Be,2.7189336,23.913206,26.63214
JVASP-67758,1,P,27.262005,27.871536,0.6095338
JVASP-67758,2,W,162.77185,1.2028327,161.56903
JVASP-67758,3,W,158.27623,3.2915072,161.56773
JVASP-51052,0,Yb,27.84825,2.110655,25.737595
JVASP-51052,1,Bi,162.32278,17.979868,144.34291
JVASP-51052,2,Bi,162.32278,17.979872,144.34291
JVASP-51052,3,I,80.03054,33.00368,47.02686
JVASP-51052,4,O,124.52883,186.41682,103.441284
JVASP-51052,5,O,124.52883,186.41682,103.44131
JVASP-51052,6,O,124.52883,186.41685,103.44132
JVASP-51052,7,O,124.52883,186.41681,103.441284
JVASP-65776,0,Ba,7.321525,1.1582217,6.1633034
JVASP-65776,1,Ti,20.83291,62.86213,42.029217
JVASP-65776,2,Te,162.05498,30.680702,131.37428
JVASP-65776,3,Te,113.9568,31.134222,82.82257
JVASP-14409,0,Se,161.78627,54.75322,121.93436
JVASP-14409,1,Se,161.78627,54.75322,121.93436
JVASP-14409,2,Se,54.5618,85.62623,37.86896
JVASP-14409,3,Se,179.19083,60.630867,123.180405
JVASP-14409,4,Se,179.19083,60.630863,123.18041
JVASP-14409,5,Se,54.5618,85.62624,37.868973
JVASP-14409,6,Pd,35.815784,156.24643,186.7369
JVASP-14409,7,Ta,136.08052,91.37431,187.508
JVASP-14409,8,Ta,136.08052,91.37432,187.508
JVASP-61484,0,Mn,19.112143,43.903454,24.79131
JVASP-61484,1,As,27.822123,2.1161487,29.93827
JVASP-61484,2,As,27.822123,2.1161482,29.93827
JVASP-61484,3,O,169.48611,163.9232,18.281214
JVASP-61484,4,O,169.48595,163.92308,18.281754
JVASP-61484,5,O,169.48595,163.9231,18.281754
JVASP-61484,6,O,169.48595,163.92308,18.281754
JVASP-61484,7,O,169.48611,163.9232,18.281214
JVASP-61484,8,O,169.48595,163.92308,18.281763
JVASP-68990,0,Ba,3.363966,7.6855454,11.049512
JVASP-68990,1,Y,14.8659525,7.1349096,7.7310433
JVASP-68990,2,Ge,156.28479,6.996488,163.28128
JVASP-68990,3,Ge,161.17888,7.416201,168.59508
JVASP-18370,0,Pu,160.82738,10.423726,171.25111
JVASP-18370,1,Pu,160.82738,10.423728,171.25111
JVASP-18370,2,H,1.8901895,23.505478,21.615288
JVASP-18370,3,H,1.8901895,23.505478,21.615288
JVASP-18370,4,H,8.287848,75.64808,67.36023
JVASP-18370,5,H,8.288257,75.64808,67.359825
JVASP-18370,6,H,1.8901895,23.50548,21.61529
JVASP-18370,7,H,1.8901895,23.505476,21.615286
JVASP-7841,0,La,160.25623,3.056518,157.1997
JVASP-7841,1,La,160.25624,3.0565174,157.1997
JVASP-7841,2,La,160.25624,3.0565171,157.1997
JVASP-7841,3,Sn,0.0,0.0,0.0
JVASP-16603,0,Sm,160.07701,23.302992,136.77402
JVASP-16603,1,Al,22.041319,62.282642,42.676216
JVASP-16603,2,Al,22.041319,62.282646,42.676224
JVASP-16603,3,Al,22.041662,62.28226,42.675472
JVASP-16603,4,Pd,63.940258,4.666426,59.27383
JVASP-16603,5,Pd,63.940258,4.666423,59.273834
JVASP-35239,0,Ba,44.285145,10.728756,33.55639
JVASP-35239,1,Ba,44.285145,10.728756,33.55639
JVASP-35239,2,Cu,29.888674,31.014719,60.90339
JVASP-35239,3,C,69.50509,190.88065,121.37555
JVASP-35239,4,N,6.1465864,48.519905,54.666492
JVASP-35239,5,N,6.1465864,48.51991,54.666496
JVASP-35239,6,O,163.01176,171.54941,12.004679
JVASP-35239,7,O,163.01176,171.54941,12.004662
JVASP-4534,0,P,99.63043,79.16725,71.75055
JVASP-4534,1,P,99.63036,79.16725,71.7509
JVASP-4534,2,P,99.63036,79.16724,71.75088
JVASP-4534,3,P,99.63043,79.16831,71.75023
JVASP-4534,4,P,99.63036,79.16831,71.75059
JVASP-4534,5,P,99.63043,79.16725,71.750565
JVASP-4534,6,P,99.63036,79.16725,71.750916
JVASP-4534,7,P,99.63036,79.16724,71.75088
JVASP-4534,8,Pd,44.182762,113.19093,155.80054
JVASP-4534,9,Pd,44.182762,113.19094,155.80054
JVASP-4534,10,Pd,44.18339,113.190384,155.80072
JVASP-4534,11,Pd,44.182796,113.190384,155.80025
JVASP-4534,12,Pd,44.18339,113.190926,155.80122
JVASP-4534,13,Pd,44.18339,113.190926,155.80122
JVASP-4534,14,Pd,44.182796,113.19137,155.80118
JVASP-4534,15,Pd,44.18339,113.19137,155.80165
JVASP-4534,16,S,173.63213,155.9934,20.484646
JVASP-4534,17,S,173.63213,155.99405,20.48408
JVASP-4534,18,S,173.63213,155.99405,20.484077
JVASP-4534,19,S,173.63213,155.99333,20.484695
JVASP-4534,20,S,173.63213,155.99341,20.48462
JVASP-4534,21,S,173.63213,155.99341,20.484621
JVASP-4534,22,S,173.63213,155.99341,20.484644
JVASP-4534,23,S,173.63213,155.99335,20.484682
JVASP-9896,0,Ti,0.974259,9.62834,10.571943
JVASP-9896,1,Zn,130.35657,26.774853,103.855385
JVASP-9896,2,Zn,158.6418,20.637276,138.05
JVASP-9896,3,W,33.900932,1.07588,34.38656
JVASP-9896,4,O,40.622856,67.23354,30.35536
JVASP-9896,5,O,41.33132,60.208275,25.357042
JVASP-9896,6,O,40.62741,68.44229,32.483994
JVASP-9896,7,O,41.338306,64.33461,27.443264
JVASP-9896,8,O,40.632603,67.7921,30.947683
JVASP-9896,9,O,41.347015,57.647438,23.538107
JVASP-66836,0,Be,0.50707793,14.152588,14.659634
JVASP-66836,1,Cl,158.27298,31.670326,189.94331
JVASP-66836,2,Pd,27.409788,79.74233,52.332546
JVASP-12110,0,Hf,157.96269,17.066109,140.89659
JVASP-12110,1,Hf,157.96269,17.066109,140.89659
JVASP-12110,2,Hf,157.96228,17.06691,140.89539
JVASP-12110,3,Hf,157.96269,17.066113,140.89658
JVASP-12110,4,Hf,157.96269,17.066107,140.89659
JVASP-12110,5,Hf,157.96228,17.066908,140.89539
JVASP-12110,6,N,6.450323,50.632835,57.08316
JVASP-12110,7,N,6.450323,50.632847,57.083168
JVASP-12110,8,N,6.4511395,50.632847,57.08399
JVASP-12110,9,N,6.4495063,50.631958,57.081463
JVASP-12110,10,N,6.4495063,50.631954,57.08146
JVASP-12110,11,N,6.4511395,50.632847,57.08399
JVASP-12110,12,Cl,13.96495,25.699469,11.734519
JVASP-12110,13,Cl,13.96495,25.699469,11.734519
JVASP-12110,14,Cl,13.965766,25.699673,11.733906
JVASP-12110,15,Cl,13.96495,25.699436,11.734487
JVASP-12110,16,Cl,13.96495,25.69944,11.734492
JVASP-12110,17,Cl,13.965766,25.699669,11.733904
JVASP-14244,0,Ba,35.760216,16.707489,50.61417
JVASP-14244,1,Ba,35.760216,16.70749,50.614174
JVASP-14244,2,Ba,35.760216,16.70749,50.61417
JVASP-14244,3,Ba,35.760216,16.70749,50.61417
JVASP-14244,4,Tl,153.60704,21.847141,138.79332
JVASP-14244,5,Tl,153.60704,21.847141,138.79332
JVASP-14244,6,Tl,153.60704,21.847141,138.7933
JVASP-14244,7,Tl,153.60704,21.847141,138.7933
JVASP-14244,8,Tl,153.60704,21.847141,138.7933
JVASP-14244,9,Tl,153.60704,21.847141,138.79332
JVASP-14244,10,Tl,153.60704,21.847141,138.79332
JVASP-14244,11,Tl,153.60704,21.847141,138.7933
JVASP-14244,12,Hg,125.99386,17.4906,120.42528
JVASP-14244,13,Hg,125.99386,17.490602,120.42528
JVASP-14244,14,Hg,125.99386,17.490602,120.42528
JVASP-14244,15,Hg,125.99386,17.4906,120.42528
JVASP-14244,16,Hg,160.14249,15.072981,159.40735
JVASP-14244,17,Hg,160.14249,15.072978,159.40735
JVASP-14244,18,Hg,160.14249,15.07298,159.40735
JVASP-14244,19,Hg,160.14249,15.072981,159.40735
JVASP-2634,0,Th,156.98698,16.824856,140.16214
JVASP-2634,1,Th,156.98698,16.824852,140.16214
JVASP-2634,2,S,14.084566,12.772153,26.856718
JVASP-2634,3,N,4.215572,3.577787,7.793359
JVASP-2634,4,N,4.215572,3.577789,7.793361
JVASP-8091,0,Ca,10.597279,17.637331,20.987492
JVASP-8091,1,Ca,10.597719,17.637465,20.987698
JVASP-8091,2,Ca,10.597279,17.637333,20.987494
JVASP-8091,3,Ag,29.858541,20.188042,29.253428
JVASP-8091,4,Ag,29.858837,20.187937,29.254747
JVASP-8091,5,Ag,29.858541,20.18804,29.253428
JVASP-8091,6,As,126.735374,48.88949,77.84589
JVASP-8091,7,As,156.76,17.209892,139.55011
JVASP-8091,8,As,156.76,17.209892,139.55011
JVASP-35524,0,In,20.690838,67.618706,46.927868
JVASP-35524,1,Si,4.380504,18.649487,14.268983
JVASP-35524,2,Pt,164.05832,109.33348,57.145515
JVASP-35524,3,Pt,164.05832,109.33349,57.145515
JVASP-35524,4,Pt,164.05832,109.33349,57.145508
JVASP-35524,5,Pt,164.05832,109.3335,57.1455
JVASP-35524,6,Pt,98.35191,45.39142,52.960495
JVASP-12553,0,H,29.026169,40.166584,46.372463
JVASP-12553,1,H,29.026169,40.16658,46.372463
JVASP-12553,2,C,62.12674,57.72553,67.4773
JVASP-12553,3,C,62.12674,57.72553,67.4773
JVASP-12553,4,O,160.48785,122.21021,110.280205
JVASP-12553,5,O,160.4877,122.21019,110.27974
JVASP-12553,6,O,160.4877,122.21018,110.27973
JVASP-12553,7,O,160.48785,122.21022,110.280205
JVASP-12553,8,Na,5.571363,4.947238,3.0395398
JVASP-12553,9,Na,5.571363,4.9472375,3.0395393
JVASP-18861,0,Tb,31.408583,2.1607127,33.569294
JVASP-18861,1,Tb,31.408583,2.16071,33.56929
JVASP-18861,2,Ag,23.970707,84.97133,61.000626
JVASP-18861,3,Ag,23.970707,84.97132,61.000614
JVASP-18861,4,Pb,155.79285,67.27897,88.513885
JVASP-18861,5,Pb,155.79285,67.27897,88.513885
JVASP-57570,0,Tb,169.68155,42.895844,128.4151
JVASP-57570,1,Tb,169.68155,42.89586,128.41508
JVASP-57570,2,Cl,90.24704,23.729366,72.994896
JVASP-57570,3,Cl,90.24704,23.729147,72.995
JVASP-57570,4,Cl,90.24729,23.729156,72.99512
JVASP-57570,5,Cl,90.24729,23.729282,72.99507
JVASP-57570,6,F,71.092155,75.43865,31.518654
JVASP-57570,7,F,71.09216,75.43863,31.518198
JVASP-64907,0,Be,9.173339,3.2026062,12.375944
JVASP-64907,1,Be,3.561558,22.34096,18.779402
JVASP-64907,2,Be,9.173339,3.2026067,12.375946
JVASP-64907,3,Be,3.561558,22.340958,18.7794
JVASP-64907,4,Tl,154.97269,25.469267,129.50342
JVASP-64907,5,Tl,154.97269,25.469267,129.50342
JVASP-64907,6,Ir,101.355804,8.0043955,93.35141
JVASP-64907,7,Ir,101.355804,8.004396,93.35141
JVASP-12611,0,Ba,15.947812,16.619146,0.6713358
JVASP-12611,1,Pr,7.5868864,9.088331,1.5014446
JVASP-12611,2,Co,0.80833167,2.1028783,2.91121
JVASP-12611,3,Co,0.80833167,2.1028774,2.9112089
JVASP-12611,4,O,150.33253,72.33687,77.99567
JVASP-12611,5,O,133.52577,125.352066,8.173699
JVASP-12611,6,O,154.68758,94.5313,60.45276
JVASP-12611,7,O,154.68758,94.5313,60.45276
JVASP-12611,8,O,154.68758,94.5313,60.45276
JVASP-12611,9,O,154.68758,94.53129,60.45277
JVASP-3333,0,O,11.00512,74.664314,63.65919
JVASP-3333,1,O,11.00512,74.66431,63.659187
JVASP-3333,2,Te,48.186825,0.42442095,47.7624
JVASP-3333,3,Tb,154.47813,76.040924,78.43721
JVASP-3333,4,Tb,154.47813,76.040924,78.43721
JVASP-63315,0,Yb,46.485195,13.632182,32.853012
JVASP-63315,1,Yb,46.485195,13.632181,32.853012
JVASP-63315,2,Sb,5.1782217,56.83499,62.013214
JVASP-63315,3,Sb,5.1782217,56.83499,62.01321
JVASP-63315,4,Au,154.02269,34.980095,119.042595
JVASP-63315,5,Au,154.02269,34.980095,119.042595
JVASP-7799,0,O,102.527885,66.36911,36.752823
JVASP-7799,1,O,102.5273,66.36913,36.752254
JVASP-7799,2,Zn,153.71385,99.9703,53.743557
JVASP-7799,3,Zn,9.548924,33.037212,42.586136
JVASP-7799,4,Zn,9.548924,33.037216,42.58614
JVASP-7799,5,As,22.342867,4.306472,18.036394
JVASP-7799,6,As,22.342867,4.3064733,18.036392
JVASP-7799,7,Ba,15.745111,6.4082236,9.336887
JVASP-7799,8,Ba,15.745111,6.4082236,9.336887
JVASP-15892,0,Sc,152.7959,213.16544,60.369526
JVASP-15892,1,Sc,152.7959,213.16539,60.369488
JVASP-15892,2,Sc,152.7959,213.1654,60.369503
JVASP-15892,3,B,0.0,0.0,0.0
JVASP-15892,4,Pb,0.0,0.0,0.0
JVASP-20871,0,Sc,40.335106,55.580616,15.271814
JVASP-20871,1,Sc,40.335106,55.580616,15.271812
JVASP-20871,2,Sc,40.335106,55.580616,15.271813
JVASP-20871,3,Sc,40.335106,55.58062,15.271817
JVASP-20871,4,Ni,79.711555,38.214783,44.50178
JVASP-20871,5,Ni,79.711555,38.214783,44.50178
JVASP-20871,6,Ni,79.711555,38.214783,44.501785
JVASP-20871,7,Ni,79.711555,38.214775,44.50179
JVASP-20871,8,Sn,152.39908,60.73706,91.66203
JVASP-20871,9,Sn,152.39908,60.737064,91.66202
JVASP-81158,0,In,152.0476,83.07397,69.09037
JVASP-81158,1,In,152.0476,83.07397,69.09037
JVASP-81158,2,Pd,50.539604,44.57226,93.06058
JVASP-81158,3,Rh,52.814587,54.42117,106.889595
JVASP-18098,0,Sm,172.606,26.037584,150.22223
JVASP-18098,1,Sm,172.60213,26.03777,150.21774
JVASP-18098,2,Sm,172.60213,26.037771,150.21774
JVASP-18098,3,Mg,4.291373,23.084406,21.597824
JVASP-18098,4,Mg,4.291373,23.084406,21.597826
JVASP-18098,5,Mg,4.2942495,23.083878,21.597523
JVASP-18098,6,In,84.01546,22.532442,61.48302
JVASP-18098,7,In,38.65785,18.769188,19.888659
JVASP-18098,8,In,84.01546,22.532444,61.483013
JVASP-17711,0,Mn,151.04697,13.364246,137.68272
JVASP-17711,1,Mn,18.274826,6.5122986,11.762527
JVASP-17711,2,Co,50.22615,10.244266,49.92234
JVASP-17711,3,Co,50.22615,10.244265,49.922344
JVASP-17711,4,C,8.296422,10.647733,18.944155
JVASP-36413,0,Ba,133.4286,30.564701,102.8639
JVASP-36413,1,Si,150.83876,89.72817,61.110584
JVASP-36413,2,C,94.207375,66.63703,27.570343
JVASP-35654,0,Hf,150.56523,21.567646,128.99759
JVASP-35654,1,Hf,150.56523,21.567646,128.99759
JVASP-35654,2,S,28.243841,13.099338,15.1445055
JVASP-35654,3,N,5.9424624,28.629791,34.572254
JVASP-35654,4,N,5.9424624,28.629797,34.572258
JVASP-14060,0,Yb,97.54421,127.122444,70.87065
JVASP-14060,1,Yb,97.54421,127.12245,70.87065
JVASP-14060,2,Yb,97.54421,127.122444,70.87065
JVASP-14060,3,Yb,97.54421,127.12245,70.87065
JVASP-14060,4,Cd,149.94307,172.08324,22.14017
JVASP-14060,5,Cd,149.94307,172.08325,22.140188
JVASP-14060,6,Pd,85.05054,76.49988,68.851265
JVASP-14060,7,Pd,85.05054,76.49987,68.85126
JVASP-14060,8,Pd,85.05054,76.49988,68.851265
JVASP-14060,9,Pd,85.05054,76.49987,68.85126
JVASP-67521,0,Li,0.6785087,8.52575,7.847241
JVASP-67521,1,Be,8.093114,38.74007,46.833183
JVASP-67521,2,Be,2.5327723,17.943779,20.476551
JVASP-67521,3,Ir,149.69403,23.736065,125.95797
JVASP-15672,0,B,21.3144,25.909447,4.595048
JVASP-15672,1,B,21.3144,25.909449,4.5950503
JVASP-15672,2,C,40.157978,32.929214,7.2287636
JVASP-15672,3,Ni,40.406982,59.619904,19.212923
JVASP-15672,4,Ni,40.406982,59.619907,19.212925
JVASP-15672,5,Nd,149.35086,56.90333,92.44752
JVASP-67815,0,Be,4.404184,11.3021145,15.706297
JVASP-67815,1,Mo,21.387312,48.708733,27.321423
JVASP-67815,2,Y,149.15433,5.731414,143.42291
JVASP-3459,0,Se,153.6614,38.764576,135.78183
JVASP-3459,1,Se,153.66125,38.764576,135.78154
JVASP-3459,2,Se,153.66118,38.76452,135.7815
JVASP-3459,3,Se,153.66025,38.76456,135.78075
JVASP-3459,4,In,41.66146,6.4383755,48.09984
JVASP-3459,5,In,32.396194,0.13939449,32.2568
JVASP-3459,6,Hg,21.620287,20.75817,42.378452
JVASP-36925,0,K,6.1145616,3.9404726,2.1740894
JVASP-36925,1,K,6.1145616,3.9404764,2.1740856
JVASP-36925,2,Cr,0.37290213,3.0675042,2.6946163
JVASP-36925,3,Cr,0.37290213,3.0675054,2.6946175
JVASP-36925,4,Cl,148.61885,113.76864,36.774315
JVASP-36925,5,Cl,148.61942,113.768684,36.77527
JVASP-36925,6,Cl,148.61894,113.76868,36.774757
JVASP-36925,7,Cl,148.61937,113.768715,36.775047
JVASP-36925,8,Cl,148.61882,113.76863,36.77449
JVASP-36925,9,Cl,148.61967,113.76868,36.775574
JVASP-34214,0,U,11.578747,27.149405,15.570674
JVASP-34214,1,Bi,148.53911,8.585105,139.954
JVASP-34214,2,Bi,148.53911,8.5851,139.95401
JVASP-34214,3,O,3.788544,16.341488,20.130032
JVASP-34214,4,O,3.788544,16.341492,20.130033
JVASP-34214,5,O,17.047224,25.800024,42.847248
JVASP-34214,6,O,17.047224,25.800024,42.847248
JVASP-34214,7,O,12.783071,24.060162,36.843235
JVASP-34214,8,O,12.783071,24.060158,36.84323
JVASP-34270,0,C,54.324223,49.70306,95.19886
JVASP-34270,1,Pb,143.39565,30.222603,129.9833
JVASP-34270,2,C,54.324974,49.70359,95.19942
JVASP-34270,3,O,153.70654,152.68141,107.30963
JVASP-34270,4,O,153.70395,152.68263,107.30006
JVASP-34270,5,Cl,41.7449,38.12328,17.626389
JVASP-34270,6,Pb,143.39673,30.22265,129.98405
JVASP-34270,7,O,153.70349,152.67987,107.299706
JVASP-34270,8,O,153.70587,152.67805,107.3097
JVASP-34270,9,Cl,41.7449,38.123295,17.626097
JVASP-81177,0,Mg,1.7402626,16.441326,14.706882
JVASP-81177,1,Mg,1.7402626,16.441328,14.706885
JVASP-81177,2,Mg,1.7402626,16.441326,14.706882
JVASP-81177,3,Mg,1.7402626,16.441324,14.706881
JVASP-81177,4,Cd,44.19903,25.396519,62.101223
JVASP-81177,5,Cd,44.19903,25.396511,62.10122
JVASP-81177,6,Pb,166.4137,18.593323,158.67435
JVASP-81177,7,Pb,166.4137,18.593323,158.67435
JVASP-37308,0,Sr,34.246315,83.80941,49.5631
JVASP-37308,1,Ga,49.111042,7.3536596,56.464706
JVASP-37308,2,Sn,147.77486,24.127419,171.90228
JVASP-37308,3,H,4.138413,23.179525,19.041113
JVASP-74924,0,Be,7.894706,23.233866,15.339159
JVASP-74924,1,V,21.81393,54.924473,33.110542
JVASP-74924,2,Ir,147.45193,49.769543,97.68239
JVASP-35450,0,Zn,4.039209,54.573284,50.534077
JVASP-35450,1,P,16.645916,21.21799,4.5720754
JVASP-35450,2,Pt,147.74783,89.77239,59.993267
JVASP-35450,3,Pt,147.74783,89.77239,59.993267
JVASP-35450,4,Pt,147.74783,89.77238,59.99328
JVASP-35450,5,Pt,147.74783,89.77238,59.99328
JVASP-35450,6,Pt,128.8603,35.66085,93.19945
JVASP-18077,0,Pr,146.93265,44.369267,102.56338
JVASP-18077,1,Cr,86.02647,128.02234,55.62169
JVASP-18077,2,Cr,86.02647,128.02232,55.621666
JVASP-18077,3,Si,29.40939,19.988173,9.421218
JVASP-18077,4,Si,29.40939,19.988176,9.421214
JVASP-18077,5,C,37.413506,43.392918,5.9794106
JVASP-31310,0,Er,38.336018,19.907381,25.729836
JVASP-31310,1,Er,38.336018,19.907381,25.729836
JVASP-31310,2,H,50.615314,17.675934,45.78284
JVASP-31310,3,H,50.615314,17.675932,45.78284
JVASP-31310,4,O,7.2376323,14.33243,12.860574
JVASP-31310,5,O,7.2376323,14.332428,12.860572
JVASP-31310,6,O,147.00967,60.81957,88.0271
JVASP-31310,7,O,147.00967,60.819576,88.02709
JVASP-36628,0,Zn,0.0,0.0,0.0
JVASP-36628,1,Ir,0.0,0.0,0.0
JVASP-36628,2,O,146.34314,138.21208,8.131061
JVASP-36628,3,O,146.34314,138.2121,8.131034
JVASP-36628,4,O,146.34314,138.21208,8.131061
JVASP-35437,0,Tm,20.629602,1.578529,19.051073
JVASP-35437,1,Ga,150.24226,113.768555,36.9634
JVASP-35437,2,Ga,150.24226,113.768555,36.9634
JVASP-35437,3,Ga,150.24226,113.76857,36.96339
JVASP-35437,4,Ga,150.24226,113.76857,36.96339
JVASP-35437,5,Ga,67.565094,54.069504,13.495592
JVASP-35437,6,Co,1.3888606,20.89913,22.287992
JVASP-9976,0,C,44.94339,116.847496,71.904106
JVASP-9976,1,C,44.94339,116.84749,71.9041
JVASP-9976,2,O,167.28754,58.425316,110.352844
JVASP-9976,3,O,167.28687,58.425385,110.352066
JVASP-9976,4,O,167.28748,58.425323,110.35275
JVASP-9976,5,O,167.28754,58.425327,110.35283
JVASP-9976,6,O,167.28687,58.425385,110.352066
JVASP-9976,7,O,167.28748,58.42532,110.35276
JVASP-9976,8,Mg,2.362687,11.899505,14.262191
JVASP-9976,9,Ba,98.285286,17.036104,81.24918
JVASP-35065,0,Sm,7.5358553,23.290216,30.826073
JVASP-35065,1,Sm,7.5358553,23.290216,30.826073
JVASP-35065,2,Sb,89.81054,1.9981058,91.80865
JVASP-35065,3,Sb,89.81054,1.9981077,91.80865
JVASP-35065,4,Pd,145.45316,29.206175,116.24698
JVASP-35065,5,Pd,145.45316,29.206175,116.24698
JVASP-32216,0,H,38.489742,33.506943,37.12919
JVASP-32216,1,H,38.490383,33.507484,37.130524
JVASP-32216,2,H,38.499138,32.464577,37.875996
JVASP-32216,3,H,38.495777,32.464172,37.874695
JVASP-32216,4,H,38.499138,32.464577,37.876
JVASP-32216,5,H,38.490383,33.507484,37.130524
JVASP-32216,6,H,38.489742,33.506943,37.12919
JVASP-32216,7,H,38.495777,32.464176,37.874695
JVASP-32216,8,C,51.72697,47.48129,71.92872
JVASP-32216,9,C,51.727318,47.481712,71.928505
JVASP-32216,10,C,51.72697,47.481297,71.92873
JVASP-32216,11,C,51.727318,47.481712,71.92851
JVASP-32216,12,O,160.95917,42.686306,124.48635
JVASP-32216,13,O,136.70609,102.24158,120.556694
JVASP-32216,14,O,160.95848,42.686295,124.4857
JVASP-32216,15,O,136.70566,102.23995,120.55603
JVASP-32216,16,O,160.95848,42.68629,124.4857
JVASP-32216,17,O,160.95917,42.686306,124.48635
JVASP-32216,18,O,138.869,115.99128,110.27496
JVASP-32216,19,O,138.86917,115.98848,110.27486
JVASP-32216,20,O,136.70566,102.23995,120.55604
JVASP-32216,21,O,138.86917,115.98848,110.27486
JVASP-32216,22,O,136.70609,102.241585,120.556694
JVASP-32216,23,O,138.869,115.99128,110.27496
JVASP-32216,24,Zn,49.601475,45.026394,84.025536
JVASP-32216,25,Zn,49.601475,45.026398,84.025536
JVASP-46150,0,Li,0.92822087,43.539978,42.611755
JVASP-46150,1,Co,11.500516,20.12236,31.622875
JVASP-46150,2,C,39.761898,76.153076,36.391182
JVASP-46150,3,C,39.761898,76.15309,36.39119
JVASP-46150,4,O,162.50513,142.77626,39.51659
JVASP-46150,5,O,162.50362,142.77675,39.515217
JVASP-46150,6,O,162.50298,142.77715,39.515312
JVASP-46150,7,O,162.50298,142.77715,39.515312
JVASP-46150,8,O,162.50362,142.77673,39.51522
JVASP-46150,9,O,162.50513,142.77625,39.516594
JVASP-39328,0,Nd,24.73413,34.468033,59.202164
JVASP-39328,1,Nd,62.8139,8.3894615,54.42444
JVASP-39328,2,Cd,144.69626,105.48633,39.209927
JVASP-39328,3,Cd,144.69626,105.486336,39.20992
JVASP-39328,4,O,34.149723,62.937748,53.040203
JVASP-39328,5,O,34.149723,62.937744,53.040207
JVASP-39328,6,O,21.630627,38.376465,60.007088
JVASP-39328,7,O,34.149723,62.93774,53.040203
JVASP-39328,8,O,34.149723,62.937737,53.0402
JVASP-8338,0,Ca,13.458575,21.229239,7.7706647
JVASP-8338,1,Sb,22.236897,11.397072,33.63397
JVASP-8338,2,F,144.65652,164.76453,30.073137
JVASP-8338,3,F,144.6579,164.76462,30.07234
JVASP-8338,4,F,144.65694,164.7646,30.072
JVASP-8338,5,F,144.6579,164.76462,30.072336
JVASP-8338,6,F,144.65652,164.76454,30.073147
JVASP-8338,7,F,144.65694,164.7646,30.072006
JVASP-1207,0,As,164.52687,39.250523,168.4056
JVASP-1207,1,As,164.5272,39.250515,168.40582
JVASP-1207,2,As,164.5272,39.250515,168.4058
JVASP-1207,3,As,164.5281,39.250504,168.40695
JVASP-1207,4,Cd,90.640724,29.427813,116.47424
JVASP-1207,5,Cd,90.639565,29.427818,116.473206
JVASP-77198,0,Ca,1.1021088,5.3909097,4.289574
JVASP-77198,1,Ca,1.1021088,5.3909097,4.2895746
JVASP-77198,2,Ca,1.1021088,5.39091,4.2895746
JVASP-77198,3,Ca,1.1021088,5.39091,4.289575
JVASP-77198,4,Sn,143.36118,12.356123,131.00533
JVASP-77198,5,Sn,143.36118,12.356122,131.00533
JVASP-77198,6,Au,78.73678,5.9585643,84.69487
JVASP-77198,7,Au,78.73678,5.9585633,84.69487
JVASP-7876,0,O,113.65514,113.06427,10.483588
JVASP-7876,1,O,31.709538,34.630764,6.349944
JVASP-7876,2,O,31.709051,34.63025,6.349532
JVASP-7876,3,O,31.710012,34.629883,6.3492107
JVASP-7876,4,O,31.710012,34.630245,6.349394
JVASP-7876,5,Ni,109.28746,61.620426,155.49376
JVASP-7876,6,Ba,150.00388,41.802547,109.401245
JVASP-7876,7,Er,123.950356,15.256032,129.67094
JVASP-7876,8,Er,123.94958,15.256168,129.67108
JVASP-17630,0,Cr,0.29965758,19.68432,19.983974
JVASP-17630,1,Cr,0.29965758,19.68432,19.983974
JVASP-17630,2,Cr,0.29965758,19.68432,19.983974
JVASP-17630,3,Cr,0.29965758,19.68432,19.983974
JVASP-17630,4,Ga,142.47702,24.158014,166.63504
JVASP-17630,5,Ga,142.47702,24.15801,166.63504
JVASP-17630,6,C,2.2641451,46.559597,48.823742
JVASP-17630,7,C,2.2641451,46.5596,48.823746
JVASP-22624,0,Rb,2.6275518,2.607148,0.02074933
JVASP-22624,1,Rb,2.6275518,2.607147,0.020750154
JVASP-22624,2,Ni,65.71321,50.791878,14.921338
JVASP-22624,3,F,142.23584,118.095634,44.688717
JVASP-22624,4,F,142.23718,118.095795,44.689743
JVASP-22624,5,F,91.94521,74.34391,17.601305
JVASP-22624,6,F,91.94521,74.34391,17.601303
JVASP-38750,0,H,12.387246,161.37949,150.32869
JVASP-38750,1,H,12.387246,161.37949,150.32869
JVASP-38750,2,H,12.387337,161.37944,150.32854
JVASP-38750,3,H,12.387246,161.37949,150.32869
JVASP-38750,4,H,12.387246,161.37949,150.3287
JVASP-38750,5,H,12.387337,161.37946,150.32855
JVASP-38750,6,Pt,141.77892,60.02036,81.75856
JVASP-38750,7,Pt,141.77892,60.02036,81.75856
JVASP-65370,0,Ba,155.50536,12.481128,167.97467
JVASP-65370,1,Cu,39.494007,18.228886,25.949814
JVASP-65370,2,Sc,36.738285,16.766306,48.761524
JVASP-65370,3,Sc,36.738285,16.766306,48.761524
JVASP-36616,0,Hg,0.0,0.0,0.0
JVASP-36616,1,Rh,0.0,0.0,0.0
JVASP-36616,2,O,141.31677,149.40443,8.087648
JVASP-36616,3,O,141.31679,149.40443,8.08765
JVASP-36616,4,O,141.31679,149.40442,8.087648
JVASP-65736,0,Ba,66.27503,21.151134,45.123898
JVASP-65736,1,Ba,66.27503,21.151136,45.123894
JVASP-65736,2,Fe,1.3913102,36.508804,37.900116
JVASP-65736,3,Fe,1.3913102,36.508804,37.900112
JVASP-65736,4,Ir,141.03264,10.570847,130.46179
JVASP-65736,5,Ir,141.03264,10.570846,130.46179
JVASP-65736,6,Ir,141.03264,10.570839,130.46179
JVASP-65736,7,Ir,141.03264,10.570847,130.46179
JVASP-85725,0,Eu,89.47525,8.354829,82.06564
JVASP-85725,1,Eu,89.47525,8.354828,82.06564
JVASP-85725,2,Zn,17.95614,26.839737,13.838103
JVASP-85725,3,Zn,39.45302,34.18395,60.847084
JVASP-85725,4,Zn,17.95614,26.839739,13.838104
JVASP-85725,5,Zn,39.45302,34.18395,60.847088
JVASP-85725,6,Sn,152.14348,17.107004,157.60834
JVASP-85725,7,Sn,152.14348,17.107008,157.60834
JVASP-85725,8,Sn,156.58078,19.44194,174.90227
JVASP-85725,9,Sn,156.58078,19.441942,174.90227
JVASP-8778,0,Ag,16.301376,18.637959,34.6167
JVASP-8778,1,Ag,16.301376,18.637968,34.61671
JVASP-8778,2,Bi,58.33404,19.654987,77.60028
JVASP-8778,3,Bi,58.33404,19.654978,77.600266
JVASP-8778,4,Se,152.21161,6.5987196,151.14407
JVASP-8778,5,Se,152.23224,8.367022,152.98062
JVASP-8778,6,Se,152.21161,6.5987206,151.14406
JVASP-8778,7,Se,152.23224,8.367024,152.98062
JVASP-67766,0,Be,1.9938966,37.29185,35.297966
JVASP-67766,1,Sb,139.91486,54.470333,85.44453
JVASP-67766,2,Sn,39.079975,2.4790828,36.600895
JVASP-50143,0,Bi,139.39801,3.2968142,136.1012
JVASP-50143,1,Bi,139.39801,3.296818,136.1012
JVASP-50143,2,Bi,139.39801,3.2968156,136.1012
JVASP-50143,3,Bi,139.39801,3.2968166,136.1012
JVASP-50143,4,Te,10.473202,29.617249,40.09045
JVASP-50143,5,Te,10.473202,29.617247,40.09045
JVASP-50143,6,O,8.680991,0.3641688,9.04516
JVASP-50143,7,O,8.680991,0.3641701,9.045161
JVASP-50143,8,O,8.680991,0.36416632,9.045157
JVASP-50143,9,O,8.680991,0.36417076,9.045162
JVASP-8424,0,Ba,50.564,0.4634799,51.027477
JVASP-8424,1,Al,0.011430952,42.247272,42.235844
JVASP-8424,2,Cu,139.2494,85.222626,54.026775
JVASP-8424,3,Mo,122.63125,24.247852,146.8791
JVASP-8424,4,O,47.867527,62.907845,44.416397
JVASP-8424,5,O,47.867527,62.907852,44.4164
JVASP-8424,6,O,59.54791,66.29509,35.758694
JVASP-8424,7,O,59.54791,66.29509,35.758698
JVASP-8424,8,O,46.792606,38.372253,8.420349
JVASP-34477,0,K,10.227882,13.097267,21.970383
JVASP-34477,1,K,10.227882,13.097271,21.970387
JVASP-34477,2,Th,139.04716,14.494267,127.88381
JVASP-34477,3,Cu,15.21688,10.885171,13.025916
JVASP-34477,4,Cu,15.21688,10.885171,13.025917
JVASP-34477,5,S,64.56331,20.762217,48.44982
JVASP-34477,6,S,64.56331,20.762218,48.449818
JVASP-34477,7,S,76.82095,23.590939,67.3029
JVASP-34477,8,S,76.82095,23.590939,67.3029
JVASP-8296,0,Ti,81.99989,35.50413,84.97079
JVASP-8296,1,Al,14.244408,36.919643,37.29199
JVASP-8296,2,F,90.70576,87.20519,46.78207
JVASP-8296,3,F,90.70576,87.20519,46.78207
JVASP-8296,4,F,117.89444,86.90291,31.867466
JVASP-8296,5,F,117.89444,86.90291,31.867466
JVASP-8296,6,F,139.69728,151.9966,22.401579
JVASP-42353,0,Ba,0.0,0.0,0.0
JVASP-42353,1,Os,0.0,0.0,0.0
JVASP-42353,2,O,137.992,61.568466,76.42354
JVASP-42353,3,O,137.992,61.56846,76.42354
JVASP-42353,4,O,137.992,61.56845,76.423546
JVASP-67114,0,Be,2.8500009,32.747215,29.897236
JVASP-67114,1,Cu,21.483252,14.24342,7.2398324
JVASP-67114,2,Sn,137.64294,30.980036,106.66292
JVASP-35409,0,In,32.309586,76.84451,44.534927
JVASP-35409,1,P,9.908186,25.781223,15.873038
JVASP-35409,2,Pt,137.37973,112.338524,37.017567
JVASP-35409,3,Pt,137.37973,112.33852,37.017574
JVASP-35409,4,Pt,137.37973,112.33852,37.01757
JVASP-35409,5,Pt,137.37973,112.33852,37.01757
JVASP-35409,6,Pt,51.600952,26.82171,24.779242
JVASP-15067,0,Ho,137.14816,105.26614,31.882013
JVASP-15067,1,Fe,49.29108,85.77094,36.47986
JVASP-15067,2,Fe,49.29108,85.770935,36.479855
JVASP-15067,3,Fe,38.45556,124.76754,89.36598
JVASP-15067,4,Fe,38.458023,124.76787,89.364204
JVASP-15067,5,Fe,38.45556,124.76753,89.36597
JVASP-35429,0,Sc,9.573422,0.43367815,9.139744
JVASP-35429,1,Ga,145.58113,91.87112,55.63603
JVASP-35429,2,Ga,145.58113,91.87112,55.63603
JVASP-35429,3,Ga,145.58113,91.87112,55.63603
JVASP-35429,4,Ga,145.58113,91.87112,55.63603
JVASP-35429,5,Ga,61.668354,2.0538995,59.614456
JVASP-35429,6,Fe,21.609398,4.5604563,26.169853
JVASP-35430,0,Sc,7.341937,24.997852,17.655912
JVASP-35430,1,Ga,142.24753,88.3979,53.93618
JVASP-35430,2,Ga,142.24753,88.39791,53.936172
JVASP-35430,3,Ga,142.24753,88.397896,53.936188
JVASP-35430,4,Ga,142.24753,88.397896,53.936184
JVASP-35430,5,Ga,54.345196,2.0256577,52.31954
JVASP-35430,6,Co,6.3515267,13.493164,7.1416373
JVASP-18531,0,B,34.899017,105.41033,71.1809
JVASP-18531,1,B,34.899017,105.41033,71.1809
JVASP-18531,2,N,37.57024,34.214417,16.346323
JVASP-18531,3,N,37.56991,34.213905,16.345242
JVASP-18531,4,N,37.56991,34.213905,16.34524
JVASP-18531,5,N,37.57024,34.214417,16.346321
JVASP-18531,6,Nd,140.4733,19.608047,152.08598
JVASP-18531,7,Nd,140.4733,19.608047,152.08598
JVASP-18531,8,Nd,125.173904,124.825226,43.304188
JVASP-67610,0,Be,4.6181054,0.74036974,5.3584747
JVASP-67610,1,W,79.00094,7.6639137,86.664856
JVASP-67610,2,Zr,136.3631,16.019732,152.38281
JVASP-41550,0,K,25.276693,41.973835,16.697142
JVASP-41550,1,Sr,35.18039,27.7821,62.962486
JVASP-41550,2,C,46.771374,157.66147,110.8901
JVASP-41550,3,O,155.65964,135.2,21.656332
JVASP-41550,4,O,155.66139,135.19925,21.659164
JVASP-41550,5,O,155.65964,135.2,21.65634
JVASP-41550,6,F,15.588552,0.364718,15.223835
JVASP-21888,0,Sc,32.988377,59.13102,26.217905
JVASP-21888,1,Sc,32.988377,59.13102,26.217907
JVASP-21888,2,Sc,32.988377,59.13102,26.217909
JVASP-21888,3,Sc,32.988377,59.13102,26.217907
JVASP-21888,4,In,135.82993,78.56195,57.26796
JVASP-21888,5,In,135.82993,78.56194,57.267967
JVASP-21888,6,Ni,74.454384,59.036915,29.275484
JVASP-21888,7,Ni,74.454384,59.03692,29.275484
JVASP-21888,8,Ni,74.454384,59.03692,29.275488
JVASP-21888,9,Ni,74.454384,59.03692,29.275482
JVASP-15253,0,Yb,0.0,0.0,0.0
JVASP-15253,1,B,0.0,0.0,0.0
JVASP-15253,2,Rh,135.46332,95.31923,40.14408
JVASP-15253,3,Rh,135.46332,95.31924,40.144077
JVASP-15253,4,Rh,135.46332,95.31925,40.144062
JVASP-10188,0,Cd,144.73738,15.394861,132.45746
JVASP-10188,1,Cd,144.73738,15.394862,132.45746
JVASP-10188,2,P,90.77193,56.01471,58.073387
JVASP-10188,3,P,90.77193,56.014713,58.07338
JVASP-10188,4,P,115.69989,107.47611,18.958447
JVASP-10188,5,P,115.69989,107.47611,18.958448
JVASP-10188,6,P,115.69989,107.47612,18.958447
JVASP-10188,7,P,115.69989,107.47611,18.958448
JVASP-10188,8,P,90.77193,56.014713,58.073383
JVASP-10188,9,P,90.77193,56.014706,58.073387
JVASP-35511,0,Zn,0.49316394,0.7164056,0.22324164
JVASP-35511,1,As,27.813955,7.6712346,20.142721
JVASP-35511,2,Pt,141.85773,62.56681,79.31477
JVASP-35511,3,Pt,141.85773,62.56681,79.31477
JVASP-35511,4,Pt,141.85773,62.566807,79.31477
JVASP-35511,5,Pt,141.85773,62.566795,79.31478
JVASP-35511,6,Pt,111.947395,77.81148,34.135914
JVASP-17625,0,Mn,134.72847,50.29662,84.43185
JVASP-17625,1,Mn,134.72847,50.29661,84.43186
JVASP-17625,2,Mn,134.72847,50.296623,84.43184
JVASP-17625,3,Ge,0.0,0.0,0.0
JVASP-17625,4,C,0.0,0.0,0.0
JVASP-7905,0,Sc,134.08916,179.10435,45.01521
JVASP-7905,1,Sc,134.08914,179.10435,45.01521
JVASP-7905,2,Sc,134.08916,179.10439,45.015232
JVASP-7905,3,In,0.0,0.0,0.0
JVASP-7905,4,B,0.0,0.0,0.0
JVASP-18088,0,Fe,7.0981174,27.785501,34.883617
JVASP-18088,1,Fe,7.0981174,27.785501,34.883617
JVASP-18088,2,Ge,100.78863,95.221306,5.5673184
JVASP-18088,3,Ge,100.78863,95.221306,5.567318
JVASP-18088,4,Dy,133.93011,69.77985,64.150276
JVASP-15385,0,U,76.976036,25.225018,51.751015
JVASP-15385,1,U,76.976036,25.22502,51.75101
JVASP-15385,2,P,133.55026,21.150898,112.39937
JVASP-15385,3,P,133.55026,21.150904,112.39937
JVASP-15385,4,S,3.4243867,31.502468,28.078081
JVASP-15385,5,S,3.4243867,31.502472,28.078085
JVASP-26879,0,Ba,102.36499,11.3064995,91.05849
JVASP-26879,1,Y,5.827336,2.5683413,3.2589948
JVASP-26879,2,Fe,7.4905396,23.131966,30.622505
JVASP-26879,3,Cu,13.821654,51.775063,65.59672
JVASP-26879,4,O,89.584145,56.851128,33.350475
JVASP-26879,5,O,89.584145,56.851128,33.350475
JVASP-26879,6,O,133.79697,95.12016,42.940487
JVASP-26879,7,O,133.79697,95.12019,42.94047
JVASP-26879,8,O,38.31247,63.699013,25.386543
JVASP-56971,0,Dy,132.98892,118.29369,14.695227
JVASP-56971,1,Fe,37.730343,121.95829,86.569824
JVASP-56971,2,Fe,49.31435,62.017006,12.702652
JVASP-56971,3,Fe,37.730343,121.958305,86.56984
JVASP-56971,4,Fe,49.31435,62.017002,12.702648
JVASP-56971,5,Fe,37.730064,121.95867,86.57102
JVASP-15121,0,Th,132.7109,63.730103,68.980804
JVASP-15121,1,Th,132.7109,63.7301,68.98081
JVASP-15121,2,Ge,65.30993,65.14596,0.16396882
JVASP-15121,3,Ge,65.30993,65.145966,0.16396104
JVASP-15121,4,Ge,65.30993,65.145966,0.16396104
JVASP-15121,5,Ge,65.30993,65.145966,0.16396104
JVASP-15121,6,Rh,25.768633,9.239182,35.007816
JVASP-15121,7,Rh,25.768633,9.239183,35.007816
JVASP-15121,8,Rh,25.768633,9.239183,35.007816
JVASP-15121,9,Rh,25.768633,9.239182,35.007816
JVASP-18198,0,Ta,132.2994,97.440285,34.859104
JVASP-18198,1,In,72.3616,164.35806,236.71965
JVASP-18198,2,S,5.970631,66.676346,72.64698
JVASP-18198,3,S,5.970631,66.676346,72.64698
JVASP-67245,0,Be,5.7734475,25.24145,19.468
JVASP-67245,1,Be,3.0120559,71.02075,74.03281
JVASP-67245,2,V,11.418705,28.957397,40.3761
JVASP-67245,3,Bi,131.89604,16.079058,115.816986
JVASP-8666,0,Tl,6.8815684,37.63024,30.748674
JVASP-8666,1,Tl,6.8815684,37.63025,30.748678
JVASP-8666,2,Ag,39.26287,137.60788,176.87074
JVASP-8666,3,Ag,39.26287,137.60788,176.87076
JVASP-8666,4,I,136.61998,155.54251,38.33487
JVASP-8666,5,I,136.62004,155.54254,38.334156
JVASP-8666,6,I,136.62004,155.54256,38.33416
JVASP-8666,7,I,136.61998,155.5425,38.33486
JVASP-36641,0,Hg,0.0,0.0,0.0
JVASP-36641,1,Ge,0.0,0.0,0.0
JVASP-36641,2,O,130.99136,144.01498,13.023615
JVASP-36641,3,O,130.99136,144.01501,13.02365
JVASP-36641,4,O,130.99136,144.01498,13.023615
JVASP-80698,0,Al,10.268272,29.306868,36.889862
JVASP-80698,1,Al,10.268272,29.306866,36.889862
JVASP-80698,2,Al,10.268272,29.306866,36.889862
JVASP-80698,3,Al,10.268272,29.30687,36.88987
JVASP-80698,4,Cr,78.912895,150.21986,76.59271
JVASP-80698,5,Cr,78.912895,150.21983,76.59269
JVASP-80698,6,Ir,138.14743,46.414997,166.2756
JVASP-80698,7,Ir,138.14743,46.41499,166.2756
JVASP-51565,0,U,93.4479,32.2643,72.12195
JVASP-51565,1,U,93.4479,32.2643,72.12194
JVASP-51565,2,U,93.4479,32.2643,72.12195
JVASP-51565,3,U,93.4479,32.2643,72.12195
JVASP-51565,4,Sn,92.398834,27.99888,64.399956
JVASP-51565,5,Sn,92.398834,27.998882,64.399956
JVASP-51565,6,Rh,137.65193,25.135801,124.97328
JVASP-51565,7,Rh,137.65193,25.135801,124.97328
JVASP-51565,8,Rh,137.65193,25.135801,124.97328
JVASP-51565,9,Rh,137.65193,25.135801,124.97328
JVASP-85175,0,Eu,50.038177,22.376154,72.41433
JVASP-85175,1,Eu,50.038177,22.376154,72.41433
JVASP-85175,2,Sn,10.321742,49.663025,59.984768
JVASP-85175,3,Sn,10.321742,49.663025,59.984768
JVASP-85175,4,Hg,130.07281,43.057957,87.01485
JVASP-85175,5,Hg,130.07281,43.05796,87.01485
JVASP-17577,0,S,130.60655,14.417169,118.69043
JVASP-17577,1,S,130.6054,14.417049,118.68931
JVASP-17577,2,S,130.60579,14.417052,118.689674
JVASP-17577,3,S,130.60635,14.417177,118.690186
JVASP-17577,4,Fe,80.42059,13.755281,94.17587
JVASP-17577,5,Ag,44.531307,0.20237167,44.328934
JVASP-17577,6,Ag,44.531307,0.20237239,44.328934
JVASP-17577,7,Sn,36.613785,15.152327,21.461458
JVASP-85430,0,Ba,117.179504,7.4658227,109.713684
JVASP-85430,1,Lu,12.3576765,10.01688,2.3407958
JVASP-85430,2,Fe,0.90304524,15.344674,14.441628
JVASP-85430,3,Cu,3.1002376,49.223957,52.324196
JVASP-85430,4,O,38.448822,70.66597,32.217148
JVASP-85430,5,O,129.51228,99.78513,34.02824
JVASP-85430,6,O,86.59474,53.083145,34.587326
JVASP-85430,7,O,129.51228,99.78514,34.028225
JVASP-85430,8,O,86.59474,53.083153,34.587322
JVASP-37367,0,Tm,1.5317476,28.472816,26.941069
JVASP-37367,1,Tm,1.5317476,28.472816,26.941069
JVASP-37367,2,Pu,38.362274,15.760957,22.60132
JVASP-37367,3,Pu,38.362274,15.760955,22.60132
JVASP-37367,4,Pu,129.06525,12.064808,117.000435
JVASP-37367,5,Pu,38.362274,15.760957,22.60132
JVASP-37367,6,Pu,38.362274,15.760956,22.601318
JVASP-37367,7,Pu,129.06525,12.064812,117.000435
JVASP-8625,0,Ba,128.76152,15.076246,113.685265
JVASP-8625,1,Y,7.6007667,10.715354,18.31612
JVASP-8625,2,Fe,16.222971,20.189774,36.412743
JVASP-8625,3,Fe,16.222971,20.189768,36.41274
JVASP-8625,4,O,80.00372,65.379684,15.009928
JVASP-8625,5,O,80.00372,65.379684,15.009928
JVASP-8625,6,O,80.00372,65.37968,15.009934
JVASP-8625,7,O,80.00372,65.37968,15.009932
JVASP-8625,8,O,67.348724,101.077705,33.72898
JVASP-18472,0,Si,23.629883,5.194077,18.58715
JVASP-18472,1,Si,23.629883,5.194076,18.587152
JVASP-18472,2,Ce,113.146484,36.40503,79.67122
JVASP-18472,3,Re,128.43938,17.20799,127.94452
JVASP-18472,4,Re,44.494007,15.346706,50.166878
JVASP-18472,5,Re,128.43938,17.20799,127.94452
JVASP-18472,6,Re,44.494007,15.346705,50.166878
JVASP-14551,0,Ho,128.16466,40.20002,87.96464
JVASP-14551,1,Co,43.55397,28.354208,15.199763
JVASP-14551,2,Co,43.55397,28.354208,15.199763
JVASP-14551,3,Co,60.884743,45.513622,16.075567
JVASP-14551,4,Co,60.88346,45.513203,16.074303
JVASP-14551,5,Co,60.884743,45.513622,16.075567
JVASP-67390,0,Li,3.0006251,2.7699776,0.23065111
JVASP-67390,1,Y,127.6127,3.3097239,130.92242
JVASP-67390,2,Be,8.222945,2.8766398,11.099583
JVASP-3783,0,Ca,51.40009,15.341973,36.058117
JVASP-3783,1,Ca,51.40009,15.341977,36.058113
JVASP-3783,2,Ca,51.40009,15.341972,36.058117
JVASP-3783,3,As,0.0,0.0,0.0
JVASP-3783,4,Br,127.23303,146.94606,19.713036
JVASP-3783,5,Br,127.23303,146.94606,19.713037
JVASP-3783,6,Br,127.233025,146.94604,19.713028
JVASP-13895,0,Ce,76.544106,5.399192,71.14491
JVASP-13895,1,Ce,76.544106,5.399195,71.14491
JVASP-13895,2,Sn,93.58602,96.1709,2.5848742
JVASP-13895,3,Sn,79.027885,50.126587,129.15448
JVASP-13895,4,Sn,93.58602,96.17089,2.5848665
JVASP-13895,5,Sn,79.027885,50.126595,129.15448
JVASP-13895,6,Ir,126.912964,43.513798,83.39917
JVASP-13895,7,Ir,10.713252,44.44291,33.729656
JVASP-13895,8,Ir,10.713252,44.442905,33.729652
JVASP-13895,9,Ir,126.912964,43.513798,83.39916
JVASP-17220,0,Si,30.824453,35.013386,4.188934
JVASP-17220,1,Si,30.824453,35.01339,4.1889358
JVASP-17220,2,Mn,18.47652,9.022926,9.453595
JVASP-17220,3,Mn,18.47652,9.0229225,9.453599
JVASP-17220,4,Yb,126.22361,90.32954,35.894077
JVASP-17480,0,Ce,61.452232,15.657759,45.79669
JVASP-17480,1,Ce,61.452232,15.657759,45.79669
JVASP-17480,2,Ce,61.454914,15.657266,45.799854
JVASP-17480,3,In,68.080345,47.20777,104.42448
JVASP-17480,4,In,68.079285,47.208275,104.424706
JVASP-17480,5,In,68.079285,47.208275,104.424706
JVASP-17480,6,Au,125.737206,78.43816,47.299046
JVASP-17480,7,Au,55.763855,64.91529,9.151433
JVASP-17480,8,Au,125.737206,78.438156,47.29905
JVASP-8415,0,Ba,102.39765,21.178991,81.21866
JVASP-8415,1,Y,2.2029078,1.2999687,0.9029392
JVASP-8415,2,Cr,39.233475,40.639194,1.405716
JVASP-8415,3,Cu,36.24755,40.067867,3.820315
JVASP-8415,4,O,67.95473,24.100004,43.8608
JVASP-8415,5,O,67.95473,24.1,43.860806
JVASP-8415,6,O,126.17765,85.2488,40.97754
JVASP-8415,7,O,126.17765,85.2488,40.97754
JVASP-8415,8,O,84.83971,33.881847,50.957863
JVASP-37956,0,Ac,125.24392,2.2074602,124.37006
JVASP-37956,1,Ac,125.251526,2.2075248,124.377716
JVASP-37956,2,Ac,125.24392,2.2074594,124.37006
JVASP-37956,3,Ac,125.24392,2.2074594,124.37006
JVASP-37956,4,Ac,125.251526,2.2075245,124.377716
JVASP-37956,5,Ac,125.24392,2.2074597,124.37006
JVASP-37956,6,Hg,18.407915,4.434255,22.84217
JVASP-37956,7,Hg,18.407915,4.434255,22.84217
JVASP-2943,0,Ta,0.0,0.0,0.0
JVASP-2943,1,Cu,18.126225,67.24302,85.36925
JVASP-2943,2,Cu,18.126225,67.24301,85.36925
JVASP-2943,3,Cu,18.126225,67.24301,85.36925
JVASP-2943,4,Te,124.98031,1.7790531,126.75937
JVASP-2943,5,Te,124.98031,1.7790554,126.75937
JVASP-2943,6,Te,124.98031,1.7790549,126.75937
JVASP-2943,7,Te,124.98031,1.7790543,126.75937
JVASP-35844,0,Ce,48.175404,12.419729,60.595066
JVASP-35844,1,Ce,48.175404,12.419728,60.595066
JVASP-35844,2,Tl,124.62273,77.720055,46.902725
JVASP-35844,3,Tl,124.62273,77.720055,46.902725
JVASP-35844,4,Cd,48.458256,69.81682,21.358555
JVASP-35844,5,Cd,48.458256,69.81681,21.358555
JVASP-26385,0,Sr,125.70064,112.93197,235.10548
JVASP-26385,1,Sr,125.70002,112.93247,235.10542
JVASP-26385,2,Sr,125.71235,112.92524,235.11067
JVASP-26385,3,I,96.44505,16.028162,96.369965
JVASP-26385,4,O,14.874231,59.213894,71.941284
JVASP-26385,5,Sr,125.71306,112.92538,235.11166
JVASP-26385,6,I,96.46188,16.012583,96.37754
JVASP-26385,7,I,96.443214,16.028355,96.36862
JVASP-26385,8,I,96.4605,16.012848,96.37596
JVASP-26385,9,O,14.874946,59.21399,71.94228
JVASP-17643,0,Co,29.801718,36.8559,66.65762
JVASP-17643,1,Co,29.801718,36.8559,66.65762
JVASP-17643,2,Ni,19.849443,30.02739,10.177955
JVASP-17643,3,Ni,19.849443,30.02739,10.177955
JVASP-17643,4,Sn,123.97725,38.477367,85.499886
JVASP-17643,5,Sn,123.97725,38.47737,85.49988
JVASP-15870,0,Er,0.0,0.0,0.0
JVASP-15870,1,B,0.0,0.0,0.0
JVASP-15870,2,Pd,123.53838,142.82332,19.284937
JVASP-15870,3,Pd,123.53838,142.82332,19.284931
JVASP-15870,4,Pd,123.53838,142.8233,19.28493
JVASP-15114,0,Pr,0.0,0.0,0.0
JVASP-15114,1,B,0.0,0.0,0.0
JVASP-15114,2,Pd,123.328545,192.44913,69.12059
JVASP-15114,3,Pd,123.328545,192.44913,69.120575
JVASP-15114,4,Pd,123.328545,192.44913,69.1206
JVASP-65627,0,Ba,43.837704,12.732172,31.105532
JVASP-65627,1,Pt,14.021695,3.7398582,17.761553
JVASP-65627,2,Br,123.48755,45.44167,165.6166
JVASP-65627,3,Br,123.48755,45.441666,165.61658
JVASP-53186,0,Lu,26.483885,30.880093,57.363976
JVASP-53186,1,Cu,14.128657,6.8745437,7.254115
JVASP-53186,2,Se,122.742714,64.21234,58.53037
JVASP-53186,3,Se,93.1394,78.81972,14.319674
JVASP-16274,0,Yb,122.538994,83.38612,39.152863
JVASP-16274,1,Yb,122.538994,83.38612,39.152863
JVASP-16274,2,Si,5.9334803,16.158716,10.225236
JVASP-16274,3,Si,5.9334803,16.158718,10.225238
JVASP-16274,4,Si,5.9334803,16.15872,10.22524
JVASP-16274,5,Si,5.9334803,16.158718,10.225238
JVASP-16274,6,Rh,11.349302,15.944983,4.5956807
JVASP-16274,7,Rh,11.349302,15.94498,4.5956774
JVASP-16274,8,Rh,11.349302,15.944981,4.595678
JVASP-16274,9,Rh,11.349302,15.944981,4.5956783
JVASP-35476,0,Pr,114.99123,44.58543,72.248886
JVASP-35476,1,Re,126.42869,25.177584,119.161705
JVASP-35476,2,Re,126.42869,25.177584,119.161705
JVASP-35476,3,Re,87.53909,23.54683,81.5423
JVASP-35476,4,Re,87.53909,23.54683,81.54229
JVASP-35476,5,Si,29.346724,4.060138,25.311075
JVASP-35476,6,Si,29.346724,4.060139,25.311075
JVASP-29413,0,Tc,104.14316,30.231941,116.67132
JVASP-29413,1,Tc,104.14316,30.231941,116.67132
JVASP-29413,2,Tc,104.14316,30.231945,116.67132
JVASP-29413,3,Tc,104.14316,30.231943,116.67132
JVASP-29413,4,O,61.553623,28.776794,75.1572
JVASP-29413,5,O,60.980206,55.653763,51.624638
JVASP-29413,6,O,60.980206,55.653767,51.62463
JVASP-29413,7,O,44.66437,34.165558,51.804764
JVASP-29413,8,O,61.553623,28.776796,75.1572
JVASP-29413,9,O,60.980206,55.653767,51.62463
JVASP-29413,10,O,61.553623,28.776794,75.1572
JVASP-29413,11,O,44.66437,34.165558,51.804764
JVASP-29413,12,O,61.553623,28.7768,75.1572
JVASP-29413,13,O,44.66437,34.16556,51.804768
JVASP-29413,14,O,60.980206,55.653767,51.624634
JVASP-29413,15,O,44.66437,34.16556,51.804768
JVASP-29413,16,F,135.76439,80.56202,60.160084
JVASP-29413,17,F,135.76439,80.56201,60.160088
JVASP-29413,18,F,135.76439,80.56202,60.160088
JVASP-29413,19,F,135.76439,80.56202,60.160084
JVASP-15931,0,Y,16.434397,57.55911,66.371124
JVASP-15931,1,Y,16.436731,57.558937,66.37375
JVASP-15931,2,Y,16.434397,57.55911,66.371124
JVASP-15931,3,Al,21.158943,69.27129,50.18962
JVASP-15931,4,Al,21.158888,69.270935,50.18916
JVASP-15931,5,Al,21.158943,69.27129,50.189617
JVASP-15931,6,Ni,12.545071,14.139047,1.5940534
JVASP-15931,7,Ge,121.89396,10.492469,111.4015
JVASP-15931,8,Ge,121.89396,10.492468,111.40149
JVASP-17238,0,Si,0.16666333,1.3476015,1.5142634
JVASP-17238,1,Si,0.16666333,1.3476002,1.5142621
JVASP-17238,2,Sm,23.638655,0.9770097,24.615665
JVASP-17238,3,Au,121.52352,68.642395,52.881123
JVASP-17238,4,Au,121.52352,68.642395,52.88112
JVASP-17742,0,Ho,139.14972,24.26003,115.2553
JVASP-17742,1,Ho,139.15144,24.25973,115.25742
JVASP-17742,2,Ho,139.14972,24.260033,115.2553
JVASP-17742,3,Mg,3.5619018,26.576754,23.521887
JVASP-17742,4,Mg,3.5593023,26.577263,23.522015
JVASP-17742,5,Mg,3.5593023,26.577261,23.522015
JVASP-17742,6,In,77.31488,14.377404,62.937473
JVASP-17742,7,In,49.591145,26.725208,22.865938
JVASP-17742,8,In,77.31488,14.377407,62.93747
JVASP-3432,0,S,130.306,50.068253,81.55729
JVASP-3432,1,S,130.30605,50.068268,81.55729
JVASP-3432,2,S,130.30591,50.06823,81.55708
JVASP-3432,3,S,130.30565,50.06825,81.5569
JVASP-3432,4,Mn,16.742037,10.639951,6.1020885
JVASP-3432,5,Ga,4.080252,0.36713794,4.4473896
JVASP-3432,6,Ga,6.776937,11.995293,18.772228
JVASP-28448,0,Ba,127.10843,24.407148,111.425316
JVASP-28448,1,Ba,127.10843,24.407148,111.425316
JVASP-28448,2,In,87.59732,60.65317,36.688965
JVASP-28448,3,In,87.59732,60.65317,36.688965
JVASP-28448,4,In,87.59732,60.65317,36.688965
JVASP-28448,5,In,87.59732,60.65317,36.688965
JVASP-28448,6,Pd,81.32208,75.44856,25.58539
JVASP-28448,7,Pd,81.32208,75.44857,25.585384
JVASP-15949,0,Zn,0.0,0.0,0.0
JVASP-15949,1,Fe,120.13522,18.393623,101.74159
JVASP-15949,2,Fe,120.13522,18.393623,101.7416
JVASP-15949,3,Fe,120.135216,18.393621,101.7416
JVASP-15949,4,C,0.0,0.0,0.0
JVASP-54940,0,Ba,119.7801,47.207214,72.57288
JVASP-54940,1,Cr,41.430794,22.526064,18.90473
JVASP-54940,2,Cr,41.430794,22.526064,18.90473
JVASP-54940,3,As,19.895224,22.680223,2.7850006
JVASP-54940,4,As,19.895224,22.680225,2.7850018
JVASP-57000,0,Yb,119.59552,54.73177,64.863754
JVASP-57000,1,Yb,119.59552,54.731762,64.863754
JVASP-57000,2,P,47.169006,14.046112,33.122894
JVASP-57000,3,P,47.169006,14.046108,33.1229
JVASP-57000,4,P,47.169006,14.04611,33.122894
JVASP-57000,5,P,47.169006,14.04611,33.122894
JVASP-57000,6,Ru,41.5956,29.709103,11.8864975
JVASP-57000,7,Ru,41.5956,29.7091,11.886499
JVASP-57000,8,Ru,41.5956,29.709103,11.8864975
JVASP-57000,9,Ru,41.5956,29.7091,11.886499
JVASP-10662,0,Na,9.94725,5.1195273,8.136131
JVASP-10662,1,Na,9.94725,5.119527,8.136132
JVASP-10662,2,Na,4.5538626,8.693246,10.042982
JVASP-10662,3,Na,4.5538626,8.693245,10.042981
JVASP-10662,4,S,120.960945,38.965958,82.25266
JVASP-10662,5,S,120.960945,38.965958,82.252655
JVASP-10662,6,S,112.55438,42.46228,76.61848
JVASP-10662,7,S,112.55438,42.46228,76.61847
JVASP-10662,8,Pd,32.767677,54.723976,65.539406
JVASP-10662,9,Pd,32.767677,54.72398,65.539406
JVASP-81122,0,Na,17.95814,41.137093,34.520924
JVASP-81122,1,Na,17.95814,41.137093,34.520927
JVASP-81122,2,Cd,128.47296,34.33969,117.51237
JVASP-81122,3,Cd,128.47296,34.33969,117.51237
JVASP-81122,4,Pd,53.538815,9.15724,47.238487
JVASP-81122,5,Pd,53.538815,9.157243,47.238483
JVASP-81122,6,Pd,53.538815,9.157243,47.238483
JVASP-81122,7,Pd,53.538815,9.157241,47.238487
JVASP-18578,0,N,8.391984,11.709842,17.273548
JVASP-18578,1,N,8.391984,11.709842,17.27355
JVASP-18578,2,Sr,121.29104,36.33691,94.642555
JVASP-18578,3,Sr,121.29104,36.336906,94.64257
JVASP-18578,4,Sr,117.342445,67.79768,51.796097
JVASP-18578,5,Sr,117.342445,67.79768,51.796097
JVASP-18578,6,Au,122.13157,46.712414,75.698784
JVASP-18578,7,Au,122.13157,46.712414,75.698784
JVASP-7953,0,Pu,118.3275,62.46913,180.79663
JVASP-7953,1,Pu,118.3275,62.469128,180.79663
JVASP-7953,2,Si,28.656582,24.77857,3.878012
JVASP-7953,3,Si,28.656582,24.778568,3.8780127
JVASP-7953,4,Si,28.656582,24.778568,3.8780127
JVASP-7953,5,Si,28.656582,24.778568,3.878014
JVASP-7953,6,Ni,2.5825787,2.8316126,5.4141912
JVASP-7953,7,Ni,2.5825787,2.8316126,5.4141912
JVASP-7953,8,Ni,2.5825787,2.831613,5.4141917
JVASP-7953,9,Ni,2.5825787,2.8316114,5.41419
JVASP-8611,0,Pr,0.0,0.0,0.0
JVASP-8611,1,Co,0.0,0.0,0.0
JVASP-8611,2,O,118.07112,80.50333,37.56779
JVASP-8611,3,O,118.07112,80.50333,37.56779
JVASP-8611,4,O,118.07112,80.503334,37.567783
JVASP-12160,0,Al,41.17259,31.317163,68.01652
JVASP-12160,1,Al,41.17259,31.317163,68.01651
JVASP-12160,2,Si,14.467001,8.395497,13.939448
JVASP-12160,3,Si,14.467001,8.395497,13.939447
JVASP-12160,4,Si,16.550581,9.007289,17.78077
JVASP-12160,5,Si,16.550581,9.007288,17.78077
JVASP-12160,6,O,60.24849,37.985386,37.84348
JVASP-12160,7,O,79.011955,59.68393,22.055075
JVASP-12160,8,O,79.011955,59.683926,22.055079
JVASP-12160,9,O,80.06022,57.90424,24.877525
JVASP-12160,10,O,80.06022,57.904236,24.877525
JVASP-12160,11,O,107.09152,98.99144,17.162638
JVASP-12160,12,O,107.09152,98.99145,17.162638
JVASP-12160,13,O,107.46106,93.23092,16.65942
JVASP-12160,14,O,107.46106,93.23092,16.659424
JVASP-12160,15,O,118.070885,119.079445,4.705841
JVASP-12160,16,O,118.070885,119.079445,4.705842
JVASP-9400,0,O,72.69089,112.63336,50.03947
JVASP-9400,1,O,72.69149,112.63339,50.03933
JVASP-9400,2,O,72.690475,112.63336,50.039368
JVASP-9400,3,O,72.69064,112.63338,50.03962
JVASP-9400,4,O,72.690445,112.63335,50.03954
JVASP-9400,5,O,72.690765,112.63339,50.039383
JVASP-9400,6,Ga,7.645473,1.4744035,9.119876
JVASP-9400,7,Ga,7.645473,1.4744112,9.1198845
JVASP-9400,8,La,117.64871,7.538939,110.10978
JVASP-9400,9,La,117.64871,7.538941,110.10977
JVASP-26325,0,O,127.18464,104.419426,37.65864
JVASP-26325,1,O,127.18456,104.41469,37.6593
JVASP-26325,2,Sb,57.188244,59.34874,2.1607912
JVASP-26325,3,O,127.179596,104.41644,37.651432
JVASP-26325,4,Sb,57.187973,59.348587,2.1608853
JVASP-26325,5,Ag,7.08437,56.53382,63.61813
JVASP-26325,6,Ag,7.085063,56.53328,63.61829
JVASP-26325,7,O,127.1794,104.41637,37.651844
JVASP-26325,8,O,127.18482,104.41475,37.659443
JVASP-26325,9,O,127.18464,104.419304,37.658806
JVASP-85744,0,Np,99.81474,51.21686,113.76154
JVASP-85744,1,Np,99.81474,51.21686,113.76154
JVASP-85744,2,Np,99.81474,51.21686,113.76154
JVASP-85744,3,Np,99.81474,51.21686,113.76154
JVASP-85744,4,In,117.04723,67.22663,49.820595
JVASP-85744,5,In,117.04723,67.22663,49.820602
JVASP-85744,6,Rh,120.433685,26.469227,122.6053
JVASP-85744,7,Rh,120.433685,26.469229,122.60531
JVASP-85744,8,Rh,120.433685,26.469229,122.60531
JVASP-85744,9,Rh,120.433685,26.469227,122.6053
JVASP-41532,0,Tm,83.08082,18.510958,89.88365
JVASP-41532,1,Tm,83.08082,18.510956,89.88365
JVASP-41532,2,Tm,83.08082,18.510956,89.88365
JVASP-41532,3,Tm,83.08082,18.510956,89.88365
JVASP-41532,4,Mg,2.9124432,83.06969,80.15725
JVASP-41532,5,Mg,2.9124432,83.069695,80.15726
JVASP-41532,6,Ge,127.38958,56.41767,71.3861
JVASP-41532,7,Ge,127.38958,56.417675,71.3861
JVASP-41532,8,Ge,127.38958,56.417683,71.38609
JVASP-41532,9,Ge,127.38958,56.417675,71.3861
JVASP-16652,0,Si,3.6062968,12.682591,9.076294
JVASP-16652,1,S,117.457016,25.03518,92.59835
JVASP-16652,2,S,117.45673,25.035173,92.598076
JVASP-16652,3,S,117.45613,25.035168,92.597496
JVASP-16652,4,S,117.45639,25.035162,92.597755
JVASP-16652,5,Co,29.12888,15.006098,14.122781
JVASP-16652,6,Cu,14.73327,13.047752,1.6857808
JVASP-16652,7,Cu,14.73327,13.047758,1.6857755
JVASP-39098,0,Si,0.0,0.0,0.0
JVASP-39098,1,Bi,0.0,0.0,0.0
JVASP-39098,2,O,116.091934,114.017815,2.0741217
JVASP-39098,3,O,116.091934,114.017815,2.07412
JVASP-39098,4,O,116.091934,114.017815,2.0741217
JVASP-38478,0,Ho,79.54815,67.21386,12.801343
JVASP-38478,1,Ho,79.54847,67.214,12.801214
JVASP-38478,2,Ho,79.54847,67.214,12.801214
JVASP-38478,3,Ho,50.107834,71.90328,29.802172
JVASP-38478,4,Ho,50.10939,71.903175,29.799103
JVASP-38478,5,Ho,50.10939,71.903175,29.7991
JVASP-38478,6,Co,41.174698,6.683747,34.49095
JVASP-38478,7,Te,115.61673,3.608758,119.22549
JVASP-38478,8,Te,115.61673,3.6087568,119.22549
JVASP-37706,0,Yb,125.29475,25.606426,123.77003
JVASP-37706,1,Yb,125.29475,25.606424,123.77003
JVASP-37706,2,Yb,125.29942,25.607027,123.77406
JVASP-37706,3,Yb,125.29475,25.606426,123.77003
JVASP-37706,4,Yb,125.29475,25.606426,123.77003
JVASP-37706,5,Yb,125.29942,25.607027,123.77406
JVASP-37706,6,W,46.465187,62.16996,15.704771
JVASP-37706,7,W,46.465187,62.169964,15.704776
JVASP-8813,0,Ge,6.3695297,15.200071,8.830669
JVASP-8813,1,Ge,6.373627,15.200849,8.827251
JVASP-8813,2,Mg,12.519699,2.6132827,15.1329775
JVASP-8813,3,Mg,12.519221,2.61285,15.132069
JVASP-8813,4,P,126.28529,67.18747,62.87257
JVASP-8813,5,P,126.28958,67.1912,62.875576
JVASP-8813,6,P,126.29659,67.185486,62.883556
JVASP-8813,7,P,126.283226,67.18531,62.870705
JVASP-14884,0,Al,0.0,0.0,0.0
JVASP-14884,1,Al,0.0,0.0,0.0
JVASP-14884,2,Mo,115.01906,4.8136005,119.83266
JVASP-14884,3,Mo,115.01906,4.813604,119.832664
JVASP-14884,4,Mo,115.01905,4.813599,119.83266
JVASP-14884,5,Mo,115.01905,4.813599,119.83266
JVASP-14884,6,Mo,115.01906,4.8135977,119.83265
JVASP-14884,7,Mo,115.01906,4.8135986,119.83266
JVASP-86501,0,Ti,9.04964,7.1062765,1.9433637
JVASP-86501,1,Ti,9.04964,7.1062765,1.9433635
JVASP-86501,2,Ti,9.04964,7.106277,1.943363
JVASP-86501,3,Ti,9.04964,7.106276,1.9433641
JVASP-86501,4,Sb,114.63979,46.722645,67.91715
JVASP-86501,5,Sb,114.63979,46.72264,67.91715
JVASP-86501,6,P,11.660389,12.133951,0.4735632
JVASP-86501,7,P,11.660389,12.133951,0.47356316
JVASP-23479,0,Ca,26.28461,39.060917,18.975595
JVASP-23479,1,Ca,26.285646,39.06081,18.97479
JVASP-23479,2,Ca,26.28461,39.06092,18.975597
JVASP-23479,3,Ca,26.285646,39.060806,18.974789
JVASP-23479,4,Pd,122.409874,66.24106,59.09667
JVASP-23479,5,Pd,122.409874,66.24089,59.096973
JVASP-23479,6,Pd,122.409874,66.24106,59.096664
JVASP-23479,7,Pd,122.409874,66.24089,59.096977
JVASP-23479,8,In,80.020584,70.346825,35.789715
JVASP-23479,9,In,80.020584,70.346825,35.789715
JVASP-40493,0,Ca,17.8874,17.389143,35.27654
JVASP-40493,1,Ca,17.8874,17.389143,35.27654
JVASP-40493,2,Bi,53.227413,37.393036,15.834393
JVASP-40493,3,Bi,53.227413,37.393036,15.8343935
JVASP-40493,4,O,117.40535,72.64784,64.20107
JVASP-40493,5,O,117.409,72.64383,64.206535
JVASP-40493,6,O,117.408066,72.648346,64.203445
JVASP-40493,7,O,117.408066,72.648346,64.20345
JVASP-40493,8,O,117.409,72.64383,64.20654
JVASP-40493,9,O,117.40535,72.64784,64.201065
JVASP-18605,0,Ga,39.456097,24.821783,35.721806
JVASP-18605,1,Ga,39.456097,24.821785,35.721813
JVASP-18605,2,Ga,39.456097,24.821781,35.72181
JVASP-18605,3,Ga,39.456097,24.821785,35.72181
JVASP-18605,4,Au,121.377205,37.088364,84.91334
JVASP-18605,5,Au,121.377205,37.088356,84.913345
JVASP-18605,6,Au,121.377205,37.08836,84.913345
JVASP-18605,7,Au,121.377205,37.08836,84.91334
JVASP-17338,0,Sn,114.76927,27.071573,131.18379
JVASP-17338,1,Sn,114.55614,27.142042,131.23138
JVASP-17338,2,N,48.334877,17.91999,39.59164
JVASP-17338,3,N,48.26704,17.909458,39.557262
JVASP-38327,0,Rb,0.0,0.0,0.0
JVASP-38327,1,Ca,0.0,0.0,0.0
JVASP-38327,2,O,113.12396,27.488203,85.635765
JVASP-38327,3,O,113.12397,27.488207,85.635765
JVASP-38327,4,O,113.12397,27.488203,85.635765
JVASP-39359,0,Pa,0.0,0.0,0.0
JVASP-39359,1,B,0.0,0.0,0.0
JVASP-39359,2,O,112.82431,87.82644,24.997871
JVASP-39359,3,O,112.82432,87.82644,24.99787
JVASP-39359,4,O,112.82432,87.82645,24.99787
JVASP-8052,0,S,118.62627,61.398796,75.24956
JVASP-8052,1,S,118.62543,61.399315,75.24756
JVASP-8052,2,S,118.62648,61.398705,75.250145
JVASP-8052,3,S,118.626366,61.399235,75.24847
JVASP-8052,4,Co,11.533539,8.749924,2.7836146
JVASP-8052,5,Ga,0.9621964,7.6957903,8.657986
JVASP-8052,6,Ga,0.081902385,13.312405,13.230507
JVASP-1969,0,N,12.641746,31.271091,18.629345
JVASP-1969,1,Ca,23.059534,38.992332,15.9327965
JVASP-1969,2,Ca,23.059534,38.99233,15.932795
JVASP-1969,3,Br,112.07771,12.944788,125.022514
JVASP-62060,0,Ce,119.44396,10.718037,129.23682
JVASP-62060,1,Ce,119.44667,10.71819,129.23987
JVASP-62060,2,Ce,119.44396,10.718037,129.23682
JVASP-62060,3,Al,10.316607,11.599959,10.157031
JVASP-62060,4,Al,10.316248,11.600222,10.156607
JVASP-62060,5,Al,10.316607,11.599961,10.157034
JVASP-62060,6,Cu,27.581257,7.3777084,20.203548
JVASP-62060,7,Cu,27.581257,7.377708,20.20355
JVASP-62060,8,Cu,11.891051,12.148525,0.25764263
JVASP-37875,0,B,0.0,0.0,0.0
JVASP-37875,1,Pb,0.0,0.0,0.0
JVASP-37875,2,O,111.71715,70.2405,41.476646
JVASP-37875,3,O,111.71715,70.240486,41.476654
JVASP-37875,4,O,111.71715,70.2405,41.47665
JVASP-63182,0,Lu,40.805546,26.507648,16.77499
JVASP-63182,1,Lu,40.80317,26.507725,16.77269
JVASP-63182,2,Lu,40.805546,26.50765,16.774988
JVASP-63182,3,As,111.616714,27.04335,138.66006
JVASP-63182,4,As,111.616714,27.043348,138.66006
JVASP-63182,5,As,107.588936,19.1099,126.698845
JVASP-63182,6,Pd,40.616398,17.50255,53.866863
JVASP-63182,7,Pd,40.61748,17.50264,53.86788
JVASP-63182,8,Pd,40.616398,17.50255,53.866863
JVASP-36624,0,Ca,0.0,0.0,0.0
JVASP-36624,1,Os,0.0,0.0,0.0
JVASP-36624,2,O,111.26481,88.385704,22.879103
JVASP-36624,3,O,111.26481,88.38573,22.879086
JVASP-36624,4,O,111.26481,88.385704,22.879103
JVASP-57824,0,F,111.03941,126.829315,21.072083
JVASP-57824,1,F,111.039474,126.82934,21.07237
JVASP-57824,2,F,111.03892,126.82934,21.072702
JVASP-57824,3,F,111.039474,126.82934,21.072372
JVASP-57824,4,F,111.03941,126.82932,21.07209
JVASP-57824,5,F,111.03892,126.82934,21.0727
JVASP-57824,6,Na,2.1363826,17.935472,15.79909
JVASP-57824,7,Cr,23.87795,7.841403,16.036549
JVASP-86674,0,Np,110.70714,67.68123,43.025906
JVASP-86674,1,Np,110.70714,67.68123,43.025906
JVASP-86674,2,Cr,11.266836,34.19393,22.927094
JVASP-86674,3,Cr,11.266836,34.19393,22.927095
JVASP-86674,4,Cr,11.266836,34.19393,22.927095
JVASP-86674,5,Cr,11.266836,34.19393,22.927094
JVASP-86674,6,Ge,81.36307,65.60054,15.7625265
JVASP-86674,7,Ge,81.36307,65.60054,15.7625265
JVASP-86674,8,Ge,81.36307,65.60054,15.7625265
JVASP-86674,9,Ge,81.36307,65.60054,15.762522
JVASP-24273,0,Ba,45.78469,15.713811,61.4985
JVASP-24273,1,Cr,62.477726,38.59054,23.887186
JVASP-24273,2,F,110.39849,102.38871,8.440285
JVASP-24273,3,F,110.39814,102.388794,8.4399185
JVASP-24273,4,F,110.39814,102.3888,8.439908
JVASP-24273,5,F,110.39849,102.38871,8.440285
JVASP-24273,6,F,110.39839,102.38873,8.440029
JVASP-24273,7,F,110.39839,102.38873,8.440029
JVASP-16256,0,Ca,110.05884,285.1755,175.11668
JVASP-16256,1,Ca,110.05884,285.1755,175.11668
JVASP-16256,2,Ca,110.05884,285.1755,175.11665
JVASP-16256,3,Tl,0.0,0.0,0.0
JVASP-16256,4,N,0.0,0.0,0.0
JVASP-69074,0,Ba,91.31208,52.89712,38.41496
JVASP-69074,1,Ge,84.142426,19.9371,104.07952
JVASP-69074,2,P,111.29237,52.400322,60.41781
JVASP-69074,3,P,111.29237,52.40032,60.417812
JVASP-2208,0,Ba,109.39666,28.733053,138.12971
JVASP-2208,1,Ba,109.39666,28.733053,138.12971
JVASP-2208,2,Zr,39.210617,68.14664,28.936018
JVASP-2208,3,Zr,39.210617,68.14664,28.93602
JVASP-2208,4,N,32.31285,67.118126,34.80528
JVASP-2208,5,N,32.31285,67.118126,34.805275
JVASP-2208,6,N,16.965982,143.11867,126.152695
JVASP-2208,7,N,16.965982,143.11867,126.15268
JVASP-23566,0,Pr,113.423454,14.479138,108.94079
JVASP-23566,1,Pr,113.423454,14.479136,108.94079
JVASP-23566,2,Pr,113.423454,14.479136,108.94079
JVASP-23566,3,Pr,113.423454,14.479137,108.94079
JVASP-23566,4,Mg,1.5537928,54.7613,53.207508
JVASP-23566,5,Mg,1.5537928,54.7613,53.207508
JVASP-23566,6,Ge,122.65017,69.872444,53.038807
JVASP-23566,7,Ge,122.65017,69.872444,53.038807
JVASP-23566,8,Ge,122.65017,69.872444,53.03881
JVASP-23566,9,Ge,122.65017,69.872444,53.038807
JVASP-35843,0,Ce,18.71002,15.331768,34.041786
JVASP-35843,1,Ce,18.71002,15.331764,34.041782
JVASP-35843,2,Te,108.598946,7.124308,115.72325
JVASP-35843,3,Te,108.598946,7.1243095,115.72325
JVASP-35843,4,Cl,60.217438,33.31145,93.52889
JVASP-35843,5,Cl,60.217438,33.311455,93.52889
JVASP-46010,0,Sc,22.58434,38.25528,15.680526
JVASP-46010,1,Sc,22.58434,38.25528,15.680526
JVASP-46010,2,Sc,22.58434,38.25528,15.680526
JVASP-46010,3,Sc,22.58434,38.25528,15.680523
JVASP-46010,4,In,108.41809,93.425385,15.021658
JVASP-46010,5,In,108.41809,93.425385,15.021658
JVASP-46010,6,In,108.41809,93.4254,15.02165
JVASP-46010,7,In,108.41809,93.42538,15.021669
JVASP-46010,8,O,31.402868,21.930666,9.872616
JVASP-46010,9,O,31.402868,21.930666,9.872616
JVASP-46010,10,O,45.14167,61.278957,16.199902
JVASP-46010,11,O,45.14167,61.278957,16.199902
JVASP-46010,12,O,45.14167,61.278954,16.199898
JVASP-46010,13,O,45.14167,61.278957,16.199902
JVASP-46010,14,O,31.402868,21.930668,9.872616
JVASP-46010,15,O,31.402868,21.930666,9.872616
JVASP-46010,16,O,45.14167,61.278965,16.199905
JVASP-46010,17,O,45.14167,61.278965,16.199907
JVASP-46010,18,O,45.14167,61.27896,16.199902
JVASP-46010,19,O,45.14167,61.278965,16.199905
JVASP-69261,0,Ba,97.15657,36.476,60.68056
JVASP-69261,1,Ba,97.15657,36.476,60.68056
JVASP-69261,2,Zr,54.415413,62.263073,7.8476562
JVASP-69261,3,Zr,54.415413,62.26306,7.8476477
JVASP-69261,4,Zr,54.415413,62.26306,7.847647
JVASP-69261,5,Zr,54.415413,62.263058,7.8476434
JVASP-69261,6,Pd,107.90166,1.9797244,109.88138
JVASP-69261,7,Pd,107.90166,1.9797235,109.88138
JVASP-8785,0,Ag,81.37954,73.55546,15.823149
JVASP-8785,1,Ag,81.37954,73.55545,15.823151
JVASP-8785,2,Er,52.847622,15.513181,52.16047
JVASP-8785,3,Er,52.847622,15.51318,52.16047
JVASP-8785,4,Se,107.83582,23.41288,106.646996
JVASP-8785,5,Se,107.84829,22.200537,103.5239
JVASP-8785,6,Se,107.83582,23.412884,106.646996
JVASP-8785,7,Se,107.84829,22.200542,103.52391
JVASP-36813,0,Mg,10.69805,30.808886,32.883453
JVASP-36813,1,Mg,10.69805,30.808887,32.883453
JVASP-36813,2,Cu,48.68905,30.14503,68.4632
JVASP-36813,3,Cu,48.68905,30.145033,68.46321
JVASP-36813,4,O,92.27944,68.18038,24.102913
JVASP-36813,5,O,92.27944,68.18038,24.10291
JVASP-36813,6,O,107.54573,89.48002,18.091776
JVASP-36813,7,O,107.54573,89.48001,18.091785
JVASP-79648,0,Yb,113.98913,29.72883,112.00347
JVASP-79648,1,Yb,113.98913,29.728828,112.00347
JVASP-79648,2,Co,65.53996,48.860027,61.419678
JVASP-79648,3,Co,65.53996,48.86003,61.41968
JVASP-79648,4,C,53.201817,30.12317,28.174316
JVASP-79648,5,C,53.201817,30.123167,28.174318
JVASP-79648,6,C,53.201817,30.123167,28.174318
JVASP-79648,7,C,53.201817,30.123167,28.17432
JVASP-2505,0,Rb,0.0,0.0,0.0
JVASP-2505,1,Cd,0.0,0.0,0.0
JVASP-2505,2,F,107.03046,166.4433,59.412853
JVASP-2505,3,F,107.03046,166.44334,59.412888
JVASP-2505,4,F,107.03046,166.4433,59.41285
JVASP-8822,0,P,52.918457,12.360531,55.936977
JVASP-8822,1,P,52.918232,12.363625,55.93702
JVASP-8822,2,H,40.145695,52.794594,22.03718
JVASP-8822,3,H,40.135445,52.765137,22.018852
JVASP-8822,4,N,64.63403,63.026775,12.449176
JVASP-8822,5,N,106.75659,59.991673,58.345367
JVASP-8822,6,N,64.590744,63.37698,16.142849
JVASP-8822,7,N,106.74944,60.005844,58.33428
JVASP-8277,0,Mg,19.020056,38.967182,20.163626
JVASP-8277,1,V,115.13379,85.77335,52.16081
JVASP-8277,2,V,115.13361,85.77805,52.159126
JVASP-8277,3,N,20.220024,6.001469,23.10765
JVASP-8277,4,N,20.218914,6.0032496,23.109911
JVASP-11418,0,Cu,96.66269,17.168217,93.53916
JVASP-11418,1,Cu,96.66269,17.168217,93.53916
JVASP-11418,2,Si,27.075195,14.613345,41.511333
JVASP-11418,3,Si,27.075195,14.613344,41.511333
JVASP-11418,4,O,97.84488,77.931465,22.670515
JVASP-11418,5,O,97.84488,77.931465,22.670517
JVASP-11418,6,O,97.84488,77.93146,22.670527
JVASP-11418,7,O,97.84488,77.931465,22.670519
JVASP-11418,8,O,115.47994,86.516266,29.385212
JVASP-11418,9,O,115.47994,86.516266,29.385212
JVASP-17381,0,Ca,29.404491,70.29465,40.890152
JVASP-17381,1,Ca,29.404491,70.29465,40.890152
JVASP-17381,2,Ge,41.46415,55.06103,13.596881
JVASP-17381,3,Ge,41.46415,55.06103,13.596881
JVASP-17381,4,Ge,41.46415,55.061035,13.596887
JVASP-17381,5,Ge,41.46415,55.061035,13.5968895
JVASP-17381,6,Ir,106.06618,40.29365,65.77252
JVASP-17381,7,Ir,106.06618,40.293655,65.77252
JVASP-17381,8,Ir,106.06618,40.29365,65.77252
JVASP-17381,9,Ir,106.06618,40.293644,65.77253
JVASP-28430,0,Cd,9.58567,52.644157,43.058483
JVASP-28430,1,Cd,9.367665,13.882773,23.250439
JVASP-28430,2,I,7.5358553,57.45512,49.919266
JVASP-28430,3,I,11.244383,51.057693,39.813313
JVASP-28430,4,Br,104.43154,16.778263,87.65328
JVASP-28430,5,Br,105.842445,36.06454,69.777916
JVASP-56468,0,Mn,0.0,0.0,0.0
JVASP-56468,1,Tl,0.0,0.0,0.0
JVASP-56468,2,Cl,105.45054,124.61014,19.159605
JVASP-56468,3,Cl,105.45053,124.610146,19.159615
JVASP-56468,4,Cl,105.45054,124.61015,19.159626
JVASP-53522,0,Li,1.6174797,159.34634,160.96382
JVASP-53522,1,Ti,3.8236535,90.73686,94.560524
JVASP-53522,2,Cl,108.213974,135.84024,28.820944
JVASP-53522,3,Cl,108.213974,135.84024,28.820948
JVASP-53522,4,Cl,105.381134,121.69787,16.316732
JVASP-17754,0,Co,12.484056,17.2205,4.736444
JVASP-17754,1,Co,12.484056,17.220503,4.7364473
JVASP-17754,2,As,3.1096766,8.795656,5.68598
JVASP-17754,3,As,3.1096766,8.795656,5.6859794
JVASP-17754,4,Ba,105.24962,25.392479,79.85714
JVASP-16395,0,Ti,47.3106,36.69692,10.900267
JVASP-16395,1,Ti,47.312798,36.696815,10.902687
JVASP-16395,2,Ti,47.3106,36.69692,10.900264
JVASP-16395,3,In,108.0646,41.420685,77.74754
JVASP-16395,4,In,108.06315,41.420513,77.74578
JVASP-16395,5,In,108.0646,41.420685,77.74754
JVASP-16395,6,Rh,75.391624,8.6252365,66.76638
JVASP-16395,7,Rh,75.391624,8.625233,66.76638
JVASP-35458,0,Ti,21.189188,15.571875,6.2841463
JVASP-35458,1,Ti,21.189188,15.571876,6.284147
JVASP-35458,2,Ni,22.64761,24.067472,8.14576
JVASP-35458,3,Se,97.63637,25.142197,72.81525
JVASP-35458,4,Se,97.63637,25.142197,72.81525
JVASP-35458,5,Se,105.059296,35.152378,76.6703
JVASP-35458,6,Se,105.059296,35.152374,76.67031
JVASP-11485,0,O,24.186174,50.37285,58.345398
JVASP-11485,1,O,24.18614,50.372334,58.345818
JVASP-11485,2,O,24.18619,50.37244,58.345524
JVASP-11485,3,F,82.92663,49.121124,42.29733
JVASP-11485,4,F,82.92619,49.120056,42.2977
JVASP-11485,5,F,82.926476,49.12079,42.297207
JVASP-11485,6,Na,2.3045716,13.555762,11.251191
JVASP-11485,7,Na,3.177516,1.3102432,1.8672733
JVASP-11485,8,Na,12.549126,3.4774332,9.0716915
JVASP-11485,9,Mo,104.75525,29.330847,75.42441
JVASP-9603,0,N,55.402996,36.778564,21.302042
JVASP-9603,1,N,55.402996,36.77857,21.30204
JVASP-9603,2,N,55.40249,36.778584,21.30152
JVASP-9603,3,N,55.40249,36.778584,21.30152
JVASP-9603,4,O,104.46878,74.254715,31.072721
JVASP-9603,5,O,104.46878,74.254715,31.072721
JVASP-9603,6,Si,12.316987,15.52319,11.602038
JVASP-9603,7,Si,12.316987,15.523189,11.602038
JVASP-9603,8,Si,12.317548,15.523171,11.602051
JVASP-9603,9,Si,12.317548,15.5231695,11.60205
JVASP-18236,0,Ce,0.0,0.0,0.0
JVASP-18236,1,Rh,104.20048,76.59345,27.607016
JVASP-18236,2,Rh,104.20048,76.59346,27.607016
JVASP-18236,3,Rh,104.20048,76.59346,27.607014
JVASP-18236,4,C,0.0,0.0,0.0
JVASP-15355,0,Ni,5.7687535,5.2943482,0.4744835
JVASP-15355,1,Ni,5.7687535,5.2943487,0.47448266
JVASP-15355,2,Ge,103.798805,94.93558,8.863228
JVASP-15355,3,Ge,103.798805,94.93558,8.863228
JVASP-15355,4,Nd,22.087223,62.977932,40.89071
JVASP-47539,0,Co,103.525024,2.0635467,105.58858
JVASP-47539,1,Co,103.525024,2.0635455,105.58858
JVASP-47539,2,Sn,66.25509,29.290201,36.96489
JVASP-47539,3,Sn,66.25509,29.290203,36.96488
JVASP-47539,4,O,79.92406,79.57448,15.432609
JVASP-47539,5,O,79.92316,79.57436,15.432324
JVASP-47539,6,O,79.92329,79.574394,15.431697
JVASP-47539,7,O,79.92329,79.574394,15.431697
JVASP-47539,8,O,79.92316,79.57436,15.432321
JVASP-47539,9,O,79.92406,79.57448,15.432608
JVASP-65616,0,Ba,103.336624,27.879147,75.45748
JVASP-65616,1,Ga,11.131298,15.900041,4.768742
JVASP-65616,2,Pt,99.472275,50.97379,65.37766
JVASP-65616,3,Pt,99.472275,50.97379,65.37766
JVASP-15697,0,Sc,4.3294735,9.390408,5.0609345
JVASP-15697,1,Sc,4.3294735,9.390406,5.0609326
JVASP-15697,2,Sn,103.15781,24.807114,78.35069
JVASP-15697,3,Sn,103.15781,24.807104,78.35071
JVASP-15697,4,Au,80.130165,26.798084,53.332077
JVASP-15697,5,Au,80.130165,26.798092,53.33207
JVASP-8315,0,Mg,2.10026,1.6029146,3.7031739
JVASP-8315,1,V,47.823368,0.67871875,48.50209
JVASP-8315,2,F,102.73844,116.56637,23.56789
JVASP-8315,3,F,102.73872,116.56637,23.567257
JVASP-8315,4,F,102.73822,116.566376,23.566505
JVASP-8315,5,F,102.73872,116.56637,23.567259
JVASP-8315,6,F,102.73844,116.566376,23.567894
JVASP-8315,7,F,102.73822,116.56638,23.56651
JVASP-34252,0,O,94.50705,68.87604,41.174553
JVASP-34252,1,B,41.462902,48.33556,27.019266
JVASP-34252,2,O,64.6845,107.38991,53.83856
JVASP-34252,3,Cu,102.42034,25.750238,124.97881
JVASP-34252,4,B,41.463776,48.335087,27.018404
JVASP-34252,5,O,64.68456,107.38958,53.836998
JVASP-34252,6,O,106.917984,119.852684,73.03668
JVASP-34252,7,Ba,96.03702,1.9050442,94.37623
JVASP-34252,8,O,106.918816,119.85382,73.035645
JVASP-15970,0,Cr,102.30294,119.00976,16.706818
JVASP-15970,1,Cr,102.30294,119.00975,16.70681
JVASP-15970,2,Cr,102.30293,119.00974,16.706806
JVASP-15970,3,Sn,0.0,0.0,0.0
JVASP-15970,4,N,0.0,0.0,0.0
JVASP-7900,0,O,10.8220415,6.9657826,15.884501
JVASP-7900,1,O,10.820408,6.965964,15.8827715
JVASP-7900,2,O,10.823832,6.9657183,15.88556
JVASP-7900,3,O,10.82198,6.965806,15.884324
JVASP-7900,4,V,2.7439413,5.6770372,8.420977
JVASP-7900,5,Ag,36.56659,9.485408,27.081182
JVASP-7900,6,Ag,102.05446,29.184818,72.86964
JVASP-7900,7,Ag,36.56659,9.485413,27.081177
JVASP-67089,0,Be,2.4396918,11.268069,8.828378
JVASP-67089,1,Be,1.7097439,38.026047,39.73579
JVASP-67089,2,Bi,101.90776,66.95742,168.86517
JVASP-67089,3,W,13.472194,0.15778336,13.31441
JVASP-37088,0,Sm,103.32927,25.78579,116.511406
JVASP-37088,1,Sm,103.32927,25.785786,116.511406
JVASP-37088,2,Fe,100.887,71.54709,66.1529
JVASP-37088,3,Fe,100.887,71.54709,66.15289
JVASP-37088,4,C,43.020344,64.92017,25.60492
JVASP-37088,5,C,43.020344,64.92018,25.604921
JVASP-37088,6,C,43.020344,64.92018,25.604925
JVASP-37088,7,C,43.020344,64.92019,25.604933
JVASP-12113,0,Fe,14.609505,54.450207,55.93605
JVASP-12113,1,Fe,14.609505,54.450203,55.936047
JVASP-12113,2,O,54.0369,78.645584,24.71831
JVASP-12113,3,O,54.0369,78.64558,24.71831
JVASP-12113,4,Cl,101.65563,85.907,18.301811
JVASP-12113,5,Cl,101.65563,85.90698,18.301819
JVASP-56344,0,Sc,0.0,0.0,0.0
JVASP-56344,1,B,0.0,0.0,0.0
JVASP-56344,2,Rh,100.88305,109.32963,8.446574
JVASP-56344,3,Rh,100.88305,109.32963,8.446574
JVASP-56344,4,Rh,100.88306,109.32963,8.446574
JVASP-7644,0,K,0.0,0.0,0.0
JVASP-7644,1,Cd,0.0,0.0,0.0
JVASP-7644,2,F,100.77936,182.44104,81.66167
JVASP-7644,3,F,100.77936,182.44106,81.66169
JVASP-7644,4,F,100.77936,182.44104,81.66168
JVASP-81787,0,Zn,77.81362,16.173199,64.164474
JVASP-81787,1,Zn,77.81362,16.1732,64.16447
JVASP-81787,2,In,92.04687,17.519852,107.87568
JVASP-81787,3,In,92.04687,17.51985,107.87567
JVASP-81787,4,Rh,100.526505,7.7538233,103.43241
JVASP-81787,5,Rh,100.526505,7.7538233,103.43241
JVASP-81787,6,Rh,100.526505,7.7538238,103.43241
JVASP-81787,7,Rh,100.526505,7.753824,103.43241
JVASP-15813,0,Ba,79.473694,20.214209,99.687904
JVASP-15813,1,Ba,79.473694,20.214214,99.68791
JVASP-15813,2,Ni,44.497433,54.69959,99.19702
JVASP-15813,3,Ni,44.497433,54.69959,99.19702
JVASP-15813,4,S,46.742794,22.306541,24.436255
JVASP-15813,5,S,46.742794,22.306538,24.436258
JVASP-15813,6,S,100.09105,4.9782,95.11285
JVASP-15813,7,S,100.09105,4.978198,95.112854
JVASP-12648,0,B,41.401928,70.12475,28.722826
JVASP-12648,1,B,41.401367,70.125916,28.724546
JVASP-12648,2,O,107.12297,123.21485,40.777225
JVASP-12648,3,O,107.122665,123.21533,40.776573
JVASP-12648,4,O,107.122696,123.21605,40.77944
JVASP-12648,5,O,107.12214,123.21453,40.778336
JVASP-12648,6,O,107.12244,123.21475,40.77554
JVASP-12648,7,O,107.12177,123.21371,40.776638
JVASP-12648,8,Mn,21.923233,15.73632,6.1869164
JVASP-12648,9,Sn,11.758534,11.252214,0.50633156
JVASP-38030,0,Sn,51.08084,54.74371,105.82455
JVASP-38030,1,Sn,51.08084,54.743702,105.82455
JVASP-38030,2,Br,99.66974,23.6489,76.020836
JVASP-38030,3,Br,99.66974,23.648903,76.02083
JVASP-38030,4,F,0.60992295,31.323921,31.933844
JVASP-38030,5,F,0.60992295,31.323915,31.933838
JVASP-65761,0,Ba,99.26557,38.00038,137.26596
JVASP-65761,1,Ga,36.83163,39.221935,46.949383
JVASP-65761,2,Ga,36.83163,39.22194,46.94939
JVASP-65761,3,Co,26.720667,15.586985,11.133682
JVASP-67719,0,Be,8.891583,184.31813,176.1116
JVASP-67719,1,Be,8.891583,184.31813,176.11162
JVASP-67719,2,Hg,32.45982,119.38566,86.925835
JVASP-67719,3,Cl,98.79772,43.6079,142.40561
JVASP-12292,0,Nb,98.746284,43.172302,55.573975
JVASP-12292,1,Nb,98.746284,43.1723,55.573982
JVASP-12292,2,Nb,98.746284,43.172295,55.573986
JVASP-12292,3,Nb,98.746284,43.17229,55.57399
JVASP-12292,4,Cr,27.245674,46.973328,19.727652
JVASP-12292,5,Cr,27.245674,46.973328,19.727652
JVASP-12292,6,Cr,27.245674,46.972927,19.727253
JVASP-12292,7,Cr,27.245674,46.97292,19.727245
JVASP-12292,8,N,16.961082,15.748619,1.2124642
JVASP-12292,9,N,16.961082,15.748618,1.2124645
JVASP-12292,10,N,16.961082,15.749175,1.211907
JVASP-12292,11,N,16.961082,15.749174,1.2119085
JVASP-7801,0,Ge,4.551561,7.4421215,2.8905613
JVASP-7801,1,Ge,4.551561,7.442125,2.890565
JVASP-7801,2,Te,66.54652,26.982803,39.56371
JVASP-7801,3,Te,98.60054,57.86705,156.46759
JVASP-7801,4,Te,98.60054,57.86704,156.46759
JVASP-7801,5,Te,51.198826,0.8479098,50.350918
JVASP-7801,6,Te,66.54652,26.982805,39.563705
JVASP-7801,7,As,3.197809,10.374871,13.5726795
JVASP-7801,8,As,3.197809,10.37487,13.5726795
JVASP-15188,0,Ce,6.687107,52.422085,45.734978
JVASP-15188,1,Ce,6.687107,52.42209,45.73498
JVASP-15188,2,Ni,6.629136,1.9336414,8.5627775
JVASP-15188,3,Ni,6.629136,1.9336414,8.5627775
JVASP-15188,4,Ni,6.629136,1.9336425,8.562778
JVASP-15188,5,Ni,6.629136,1.9336437,8.562779
JVASP-15188,6,Ge,98.24251,92.71942,5.523079
JVASP-15188,7,Ge,98.24251,92.71942,5.523079
JVASP-15188,8,Ge,98.24251,92.71943,5.523077
JVASP-15188,9,Ge,98.24251,92.71943,5.523077
JVASP-80716,0,Na,16.009583,142.57657,136.62888
JVASP-80716,1,Na,16.009583,142.57657,136.62889
JVASP-80716,2,Hg,103.57608,43.05581,78.30767
JVASP-80716,3,Hg,103.57608,43.055805,78.30767
JVASP-80716,4,Hg,103.57608,43.05581,78.30767
JVASP-80716,5,Hg,103.57608,43.05581,78.30767
JVASP-80716,6,Pd,79.83664,74.08748,53.13529
JVASP-80716,7,Pd,79.83664,74.08748,53.13529
JVASP-15376,0,Al,37.65282,7.8407135,39.595493
JVASP-15376,1,Al,37.65271,7.840735,39.595543
JVASP-15376,2,Al,37.65271,7.8407393,39.595543
JVASP-15376,3,Al,37.65282,7.8407145,39.595493
JVASP-15376,4,Mo,97.43861,25.789083,71.64952
JVASP-15376,5,Mo,97.43861,25.789085,71.64952
JVASP-15376,6,Yb,37.945076,0.758585,38.70366
JVASP-25625,0,K,68.36048,25.87875,72.15996
JVASP-25625,1,Rb,93.27886,21.38079,76.822235
JVASP-25625,2,Rb,93.27886,21.380787,76.82224
JVASP-25625,3,V,97.360374,43.83268,137.151
JVASP-25625,4,F,68.13154,40.318886,33.830894
JVASP-25625,5,F,71.45831,52.507683,30.18598
JVASP-25625,6,F,71.45831,52.507687,30.185978
JVASP-25625,7,F,75.30223,49.806877,31.462074
JVASP-25625,8,F,68.13154,40.318886,33.830894
JVASP-25625,9,F,75.30223,49.806877,31.462074
JVASP-14305,0,Np,108.421974,48.338913,131.7338
JVASP-14305,1,Np,108.421974,48.33892,131.7338
JVASP-14305,2,Np,108.421974,48.338905,131.7338
JVASP-14305,3,Np,108.421974,48.33892,131.7338
JVASP-14305,4,In,62.569767,58.859592,3.7101758
JVASP-14305,5,In,62.569767,58.859592,3.7101765
JVASP-14305,6,Ni,51.516304,32.111546,39.159077
JVASP-14305,7,Ni,51.516304,32.111546,39.159077
JVASP-14305,8,Ni,51.516304,32.111546,39.159077
JVASP-14305,9,Ni,51.516304,32.111546,39.15908
JVASP-7750,0,Nd,96.65197,32.244106,64.40786
JVASP-7750,1,Nd,96.65197,32.244106,64.40786
JVASP-7750,2,Te,42.0708,39.412987,81.48379
JVASP-7750,3,Te,42.0708,39.412987,81.48379
JVASP-7750,4,F,4.630352,76.25391,80.88426
JVASP-7750,5,F,4.630352,76.2539,80.884254
JVASP-36634,0,Mn,0.0,0.0,0.0
JVASP-36634,1,Zn,0.0,0.0,0.0
JVASP-36634,2,O,96.472336,75.79357,20.67877
JVASP-36634,3,O,96.472336,75.79358,20.678755
JVASP-36634,4,O,96.472336,75.793564,20.678774
JVASP-35717,0,Dy,57.31954,28.627777,29.010406
JVASP-35717,1,Fe,107.383675,57.781826,62.270237
JVASP-35717,2,C,40.518818,42.634842,4.270361
JVASP-35717,3,C,40.518818,42.634842,4.270361
JVASP-1118,0,Cu,8.580563,21.339096,12.758532
JVASP-1118,1,Cu,8.580563,21.3391,12.758536
JVASP-1118,2,Bi,95.92937,16.331762,112.26112
JVASP-1118,3,Bi,95.92937,16.331764,112.26112
JVASP-1118,4,Se,28.361008,23.277136,51.638145
JVASP-1118,5,Se,28.361008,23.277134,51.63814
JVASP-1118,6,O,0.6997376,36.535187,37.234924
JVASP-1118,7,O,0.6997376,36.535183,37.23492
JVASP-16708,0,Sm,95.78729,44.988422,50.79887
JVASP-16708,1,Sm,95.78729,44.988422,50.79887
JVASP-16708,2,P,54.585247,18.677052,35.908195
JVASP-16708,3,P,54.585247,18.677053,35.908195
JVASP-16708,4,P,54.585247,18.677052,35.908195
JVASP-16708,5,P,54.585247,18.677052,35.908195
JVASP-16708,6,Ru,22.771273,20.518044,2.253229
JVASP-16708,7,Ru,22.771273,20.518042,2.2532313
JVASP-16708,8,Ru,22.771273,20.518047,2.2532265
JVASP-16708,9,Ru,22.771273,20.518045,2.2532275
JVASP-12274,0,S,105.80849,80.25781,56.078354
JVASP-12274,1,S,105.80849,80.25781,56.07835
JVASP-12274,2,S,105.637856,63.522064,63.570583
JVASP-12274,3,S,105.637856,63.52206,63.570583
JVASP-12274,4,S,61.02613,52.847633,55.54108
JVASP-12274,5,S,61.02613,52.84763,55.541084
JVASP-12274,6,Ga,53.673122,36.127663,86.667854
JVASP-12274,7,Ga,53.673122,36.12766,86.667854
JVASP-12274,8,In,35.70007,12.631376,47.309338
JVASP-12274,9,In,35.70007,12.631382,47.309345
JVASP-66980,0,Be,0.6858571,17.619095,16.933239
JVASP-66980,1,Be,0.6858571,17.619102,16.933245
JVASP-66980,2,Nb,95.50315,34.786316,60.716835
JVASP-66980,3,Nb,95.50315,34.786316,60.716835
JVASP-66980,4,In,66.98129,35.062393,31.918903
JVASP-66980,5,In,66.98129,35.062393,31.918903
JVASP-67402,0,Be,3.2790504,77.98926,74.710205
JVASP-67402,1,Be,3.2790504,77.98926,74.710205
JVASP-67402,2,Sb,52.110447,142.49655,194.607
JVASP-67402,3,Pd,95.25086,141.68349,46.432625
JVASP-38636,0,Ni,17.45384,1.7761031,15.677736
JVASP-38636,1,Ag,95.05,16.647163,111.69717
JVASP-38636,2,Te,11.992702,32.476673,20.48397
JVASP-38636,3,Te,21.376698,9.566881,11.809816
JVASP-15610,0,Ca,26.559002,77.65522,51.096222
JVASP-15610,1,Ca,26.559002,77.65522,51.096222
JVASP-15610,2,As,94.95855,42.439457,52.519096
JVASP-15610,3,As,94.95855,42.43946,52.51909
JVASP-15610,4,As,94.95855,42.439457,52.519093
JVASP-15610,5,As,94.95855,42.439457,52.519093
JVASP-15610,6,Ru,37.028934,45.52565,8.4967165
JVASP-15610,7,Ru,37.028934,45.52565,8.4967165
JVASP-15610,8,Ru,37.028934,45.52565,8.4967165
JVASP-15610,9,Ru,37.028934,45.52566,8.496725
JVASP-18252,0,Ca,27.910454,6.591586,34.216843
JVASP-18252,1,Ca,27.909704,6.591588,34.216076
JVASP-18252,2,In,53.880516,60.13345,33.85325
JVASP-18252,3,In,53.880516,60.133446,33.853245
JVASP-18252,4,In,53.880516,60.13345,33.853245
JVASP-18252,5,In,53.880516,60.13345,33.853245
JVASP-18252,6,Au,94.99798,79.497856,100.56235
JVASP-18252,7,Au,94.99798,79.497856,100.56235
JVASP-81812,0,Ca,20.63373,32.77515,12.370536
JVASP-81812,1,Ca,20.63373,32.775146,12.370536
JVASP-81812,2,Hg,94.55899,27.671638,67.396774
JVASP-81812,3,Hg,94.55899,27.671637,67.39678
JVASP-81812,4,Hg,94.55899,27.671638,67.39678
JVASP-81812,5,Hg,94.55899,27.671637,67.39678
JVASP-81812,6,Pd,37.68026,7.2482905,44.899986
JVASP-81812,7,Pd,37.68026,7.248287,44.899982
JVASP-17785,0,Sm,90.027725,72.35087,17.676857
JVASP-17785,1,Sm,90.027725,72.35087,17.676857
JVASP-17785,2,Mn,11.049649,6.6817956,4.367853
JVASP-17785,3,Mn,11.049649,6.6817956,4.367853
JVASP-17785,4,Mn,11.049649,6.681795,4.3678536
JVASP-17785,5,Mn,11.049649,6.6817975,4.3678513
JVASP-17785,6,Ge,94.25472,84.52446,9.7302685
JVASP-17785,7,Ge,94.25472,84.524445,9.730282
JVASP-17785,8,Ge,94.25472,84.52446,9.730272
JVASP-17785,9,Ge,94.25472,84.52445,9.730278
JVASP-37304,0,Sr,42.438637,69.49772,27.05908
JVASP-37304,1,Ga,57.760193,62.870228,120.63042
JVASP-37304,2,Ge,94.07674,14.182649,79.89409
JVASP-37304,3,H,3.3068113,39.897717,36.590904
JVASP-16410,0,Na,4.9972773,1.811619,3.1977723
JVASP-16410,1,Na,4.9972773,1.8116192,3.1977723
JVASP-16410,2,Na,4.9972773,1.8116193,3.1977723
JVASP-16410,3,Na,4.9972773,1.8116195,3.197772
JVASP-16410,4,C,93.50581,42.289665,51.219505
JVASP-16410,5,C,93.50581,42.289665,51.219498
JVASP-16410,6,C,93.50581,42.289665,51.219505
JVASP-16410,7,C,93.50581,42.289665,51.219498
JVASP-7913,0,Ca,45.708366,91.88275,46.174385
JVASP-7913,1,Ge,89.246735,79.15435,10.09238
JVASP-7913,2,Ge,89.246735,79.15435,10.092383
JVASP-7913,3,Ru,93.37996,41.100018,52.27994
JVASP-7913,4,Ru,93.37996,41.100014,52.27995
JVASP-69161,0,Ba,93.04876,0.622169,92.4266
JVASP-69161,1,Fe,25.18402,27.45681,52.64083
JVASP-69161,2,Pt,92.1,26.033466,66.06653
JVASP-69161,3,Pt,92.1,26.033463,66.066536
JVASP-37546,0,Ti,16.742262,29.321404,46.063667
JVASP-37546,1,Ti,16.742262,29.32138,46.063644
JVASP-37546,2,H,2.3735554,58.410255,56.036697
JVASP-37546,3,H,2.372739,58.410076,56.03734
JVASP-37546,4,H,0.43233553,40.140823,40.57316
JVASP-37546,5,H,0.43233553,40.14082,40.573154
JVASP-37546,6,Pd,92.9067,98.11317,191.01987
JVASP-16724,0,Lu,92.68624,40.979305,51.70694
JVASP-16724,1,Lu,92.68624,40.979305,51.70694
JVASP-16724,2,Cr,23.665335,30.143888,6.478553
JVASP-16724,3,Cr,23.665335,30.143896,6.47856
JVASP-16724,4,Cr,23.665335,30.143896,6.4785585
JVASP-16724,5,Cr,23.665335,30.143896,6.4785585
JVASP-16724,6,Si,17.484457,31.961172,14.476713
JVASP-16724,7,Si,17.484457,31.961172,14.476714
JVASP-16724,8,Si,17.484457,31.961172,14.476714
JVASP-16724,9,Si,17.484457,31.96117,14.476711
JVASP-21847,0,Dy,87.400505,131.07355,44.29041
JVASP-21847,1,Dy,87.400505,131.07355,44.29041
JVASP-21847,2,Dy,87.400505,131.07353,44.290398
JVASP-21847,3,Dy,87.400505,131.07355,44.29041
JVASP-21847,4,Cd,84.669876,118.766815,34.096935
JVASP-21847,5,Cd,84.669876,118.76682,34.09694
JVASP-21847,6,Pd,92.830635,79.74759,73.93223
JVASP-21847,7,Pd,92.830635,79.7476,73.932236
JVASP-21847,8,Pd,92.830635,79.74759,73.93223
JVASP-21847,9,Pd,92.830635,79.74759,73.93223
JVASP-79628,0,Li,0.4000858,21.736206,21.336123
JVASP-79628,1,Yb,92.348625,10.118368,102.466995
JVASP-79628,2,S,63.64754,2.8009863,60.846554
JVASP-79628,3,S,63.64754,2.800984,60.846554
JVASP-68975,0,Ba,5.692614,57.005596,62.698208
JVASP-68975,1,Cd,70.92253,34.592117,36.33041
JVASP-68975,2,Ir,93.093216,63.972523,144.44508
JVASP-68975,3,Ir,93.093216,63.972527,144.4451
JVASP-67570,0,K,91.92364,45.72115,137.64478
JVASP-67570,1,Mn,9.546478,13.284156,22.830633
JVASP-67570,2,Mn,16.387087,37.35698,20.969893
JVASP-67570,3,Be,2.994093,3.763633,0.7695401
JVASP-85196,0,La,14.658971,17.106468,31.765438
JVASP-85196,1,La,14.658971,17.106466,31.765436
JVASP-85196,2,Zn,91.58765,58.328712,33.25893
JVASP-85196,3,Zn,91.58765,58.32871,33.258934
JVASP-85196,4,Ga,17.998442,23.755838,5.7573957
JVASP-85196,5,Ga,17.998442,23.755838,5.757396
JVASP-11190,0,B,41.60159,65.03494,23.433355
JVASP-11190,1,B,41.60159,65.03494,23.433355
JVASP-11190,2,O,104.85118,118.457344,42.660954
JVASP-11190,3,O,104.8515,118.457344,42.661972
JVASP-11190,4,O,104.85188,118.45733,42.661392
JVASP-11190,5,O,104.85118,118.45736,42.660965
JVASP-11190,6,O,104.8515,118.457344,42.661964
JVASP-11190,7,O,104.85188,118.45733,42.661392
JVASP-11190,8,Ca,25.85275,16.866352,8.9864
JVASP-11190,9,Sn,1.1058059,2.268026,3.3738317
JVASP-12167,0,Er,91.25096,83.04583,70.96688
JVASP-12167,1,Er,91.25096,83.04584,70.96689
JVASP-12167,2,Cl,27.358452,4.914936,23.096785
JVASP-12167,3,Cl,27.358452,4.9149375,23.096783
JVASP-12167,4,O,7.3868756,34.877613,27.846941
JVASP-12167,5,O,7.3868756,34.877617,27.846947
JVASP-2355,0,P,99.23046,78.80304,24.160618
JVASP-2355,1,P,99.23016,78.803055,24.160334
JVASP-2355,2,P,99.230804,78.80304,24.16091
JVASP-2355,3,P,99.23082,78.80305,24.161125
JVASP-2355,4,Zn,7.5277658,3.1172004,10.644966
JVASP-2355,5,Zn,7.5277658,3.1172006,10.644966
JVASP-2355,6,Ge,1.3389287,5.233568,3.8946395
JVASP-2355,7,Ge,1.3389287,5.2335677,3.8946393
JVASP-69259,0,Ba,90.687454,15.360411,75.32704
JVASP-69259,1,Na,6.7385464,11.073403,17.811949
JVASP-69259,2,Na,6.7385464,11.073402,17.811949
JVASP-69259,3,V,4.1584167,20.702927,16.54451
JVASP-21846,0,Sm,85.35139,121.01331,40.49508
JVASP-21846,1,Sm,85.35139,121.01331,40.49508
JVASP-21846,2,Sm,85.35139,121.013306,40.495068
JVASP-21846,3,Sm,85.35139,121.01331,40.49508
JVASP-21846,4,Cd,68.17665,114.20202,46.02537
JVASP-21846,5,Cd,68.17665,114.20202,46.02537
JVASP-21846,6,Pd,91.01753,83.26877,91.54716
JVASP-21846,7,Pd,91.01753,83.26875,91.54714
JVASP-21846,8,Pd,91.01753,83.26875,91.54714
JVASP-21846,9,Pd,91.01753,83.26875,91.54714
JVASP-81595,0,Zn,55.135635,31.050617,50.747993
JVASP-81595,1,Zn,55.135635,31.05062,50.747993
JVASP-81595,2,Si,93.21085,44.700626,124.40826
JVASP-81595,3,Si,93.21085,44.700634,124.40826
JVASP-81595,4,Tc,66.271835,122.21356,56.051044
JVASP-81595,5,Tc,66.271835,122.21355,56.051033
JVASP-81595,6,Tc,66.271835,122.21356,56.051044
JVASP-81595,7,Tc,66.271835,122.21356,56.051044
JVASP-36595,0,Zn,0.0,0.0,0.0
JVASP-36595,1,Os,0.0,0.0,0.0
JVASP-36595,2,O,90.020386,69.14312,20.877268
JVASP-36595,3,O,90.02038,69.14313,20.877254
JVASP-36595,4,O,90.02038,69.14312,20.877266
JVASP-2661,0,Al,6.7549434,23.586538,30.341482
JVASP-2661,1,Al,7.827485,19.879938,27.707422
JVASP-2661,2,S,91.02228,60.67451,89.223854
JVASP-2661,3,S,91.0216,60.67445,89.223366
JVASP-2661,4,S,91.02294,60.674477,89.224915
JVASP-2661,5,S,91.022766,60.674496,89.224464
JVASP-2661,6,Hg,89.854645,8.529152,81.32549
JVASP-64996,0,Be,0.5927816,6.1782374,6.7710147
JVASP-64996,1,Be,1.0336876,2.4567473,1.4230647
JVASP-64996,2,Cd,14.597326,0.3653012,14.962627
JVASP-64996,3,Tl,89.63417,1.6566999,87.97748
JVASP-62149,0,Ni,12.693919,1.5839113,13.869731
JVASP-62149,1,Ni,12.674758,1.5838491,13.850169
JVASP-62149,2,Ni,12.693919,1.5839111,13.86973
JVASP-62149,3,As,89.46516,26.340034,63.12513
JVASP-62149,4,As,89.46516,26.340033,63.12513
JVASP-62149,5,As,78.50002,2.9589887,75.54104
JVASP-62149,6,Pd,9.288787,28.98174,33.442474
JVASP-62149,7,Pd,9.28806,28.981855,33.443108
JVASP-62149,8,Pd,9.288787,28.98174,33.44247
JVASP-4134,0,Ca,89.27002,48.609577,40.66044
JVASP-4134,1,Ca,8.455638,4.0721507,12.527789
JVASP-4134,2,Ca,8.455638,4.0721545,12.527793
JVASP-4134,3,B,56.049225,199.95921,143.90999
JVASP-4134,4,N,10.669977,20.915007,10.2450285
JVASP-4134,5,N,10.669977,20.915,10.245024
JVASP-4134,6,N,11.693864,51.81956,63.513428
JVASP-56538,0,Tb,89.041664,49.30095,39.74072
JVASP-56538,1,P,49.947075,10.150752,39.796326
JVASP-56538,2,P,49.947075,10.150753,39.79632
JVASP-56538,3,Ru,19.42645,19.507248,0.08107712
JVASP-56538,4,Ru,19.42645,19.507248,0.08107786
JVASP-54803,0,Ga,88.93893,29.942116,74.64202
JVASP-54803,1,Ga,88.93728,29.942142,74.64023
JVASP-54803,2,Ga,88.93893,29.942112,74.64203
JVASP-54803,3,Ga,88.93728,29.942148,74.64021
JVASP-54803,4,Os,90.426994,10.710721,86.095276
JVASP-54803,5,Os,90.426994,10.710716,86.095276
JVASP-65597,0,Ba,59.08414,18.0228,77.10694
JVASP-65597,1,Ba,59.08414,18.0228,77.10694
JVASP-65597,2,V,23.172173,38.549786,15.377613
JVASP-65597,3,V,23.172173,38.54979,15.377614
JVASP-65597,4,V,23.172173,38.54979,15.377614
JVASP-65597,5,V,23.172173,38.549786,15.377611
JVASP-65597,6,Cu,88.688675,26.734512,115.42319
JVASP-65597,7,Cu,88.688675,26.73451,115.42319
JVASP-37327,0,Tb,13.728167,15.331258,1.6031034
JVASP-37327,1,Zr,88.41189,15.149392,73.2625
JVASP-18085,0,Pu,88.288185,12.240182,76.048004
JVASP-18085,1,Pu,88.288185,12.240178,76.048004
JVASP-18085,2,S,13.849415,35.852386,22.002972
JVASP-18085,3,O,1.4750012,3.719114,2.2441132
JVASP-18085,4,O,1.4750012,3.7191224,2.2441213
JVASP-85308,0,La,2.1543934,26.16048,26.3262
JVASP-85308,1,La,2.1543934,26.16048,26.3262
JVASP-85308,2,La,2.1543934,26.160479,26.326199
JVASP-85308,3,La,2.1543934,26.160479,26.326199
JVASP-85308,4,In,88.15224,8.619064,79.533165
JVASP-85308,5,In,88.15224,8.619066,79.533165
JVASP-85308,6,Cu,59.294918,27.796715,52.127922
JVASP-85308,7,Cu,59.294918,27.796715,52.127922
JVASP-85308,8,Cu,59.294918,27.796717,52.127922
JVASP-85308,9,Cu,59.294918,27.796717,52.127922
JVASP-18171,0,Dy,36.837875,4.7736025,32.064274
JVASP-18171,1,Dy,36.837875,4.7736115,32.064266
JVASP-18171,2,Cu,4.869589,39.622643,34.75306
JVASP-18171,3,Cu,4.869589,39.62265,34.753063
JVASP-18171,4,Sn,87.95995,38.935802,49.02415
JVASP-18171,5,Sn,87.95995,38.935806,49.024143
JVASP-35893,0,Hf,87.48597,1.1001074,86.385864
JVASP-35893,1,Hf,87.48597,1.1001067,86.38587
JVASP-35893,2,V,1.0140887,24.02502,25.03911
JVASP-35893,3,V,1.0140887,24.02502,25.039108
JVASP-35893,4,Si,6.3000875,29.600649,23.300562
JVASP-35893,5,Si,6.3000875,29.600655,23.300568
JVASP-37883,0,Ca,0.0,0.0,0.0
JVASP-37883,1,B,0.0,0.0,0.0
JVASP-37883,2,O,87.16836,97.03827,9.869908
JVASP-37883,3,O,87.16836,97.038246,9.869889
JVASP-37883,4,O,87.16836,97.03827,9.869908
JVASP-56363,0,Pr,21.556664,22.141846,0.58518904
JVASP-56363,1,Ni,14.982257,4.90156,10.080697
JVASP-56363,2,Ni,14.982257,4.901561,10.080695
JVASP-56363,3,P,86.9492,31.972614,54.97659
JVASP-56363,4,P,86.9492,31.972773,54.976433
JVASP-3912,0,Ac,69.96559,2.5152168,72.48081
JVASP-3912,1,Ac,69.96559,2.5152152,72.48081
JVASP-3912,2,Br,90.53047,20.261293,72.57994
JVASP-3912,3,Br,90.53138,20.26321,72.579895
JVASP-3912,4,Br,90.531235,20.261293,72.58073
JVASP-3912,5,Br,90.530815,20.263208,72.57929
JVASP-3912,6,Br,90.53015,20.261843,72.579544
JVASP-3912,7,Br,90.531364,20.26184,72.58079
JVASP-43091,0,K,0.78138727,3.3348572,2.55347
JVASP-43091,1,K,0.78138727,3.334859,2.5534718
JVASP-43091,2,Li,0.7797542,20.839483,21.619238
JVASP-43091,3,Li,0.7797542,20.839483,21.619238
JVASP-43091,4,Zn,19.026821,42.508507,23.481686
JVASP-43091,5,Zn,19.026821,42.508503,23.481686
JVASP-43091,6,S,99.15676,24.144316,76.721016
JVASP-43091,7,S,99.15676,24.14432,76.721016
JVASP-43091,8,S,99.15676,24.144323,76.721016
JVASP-43091,9,S,99.15676,24.144312,76.721016
JVASP-9897,0,Mg,14.504678,14.050628,0.45447102
JVASP-9897,1,Mg,10.530365,2.8192906,7.711082
JVASP-9897,2,Cr,2.5344255,2.2580678,0.6551081
JVASP-9897,3,W,86.214386,8.504611,77.714455
JVASP-9897,4,O,41.558563,28.582636,34.236507
JVASP-9897,5,O,55.039608,35.419594,44.292717
JVASP-9897,6,O,41.517105,28.586605,34.004612
JVASP-9897,7,O,41.543594,28.585611,34.18642
JVASP-9897,8,O,55.14394,35.418537,44.17594
JVASP-9897,9,O,55.10123,35.421745,44.3491
JVASP-56374,0,Nd,26.253632,28.042536,1.788904
JVASP-56374,1,Nd,26.253632,28.042536,1.788904
JVASP-56374,2,Ni,14.662645,11.452061,3.2105846
JVASP-56374,3,Ni,14.662645,11.452061,3.2105858
JVASP-56374,4,Ni,14.662645,11.452062,3.2105837
JVASP-56374,5,Ni,14.662645,11.452062,3.2105837
JVASP-56374,6,P,86.006485,27.405205,58.601276
JVASP-56374,7,P,86.006485,27.405205,58.601276
JVASP-56374,8,P,86.006485,27.405203,58.60128
JVASP-56374,9,P,86.006485,27.405203,58.60128
JVASP-81866,0,Li,0.8965081,34.821705,34.282898
JVASP-81866,1,Hg,76.43778,76.9933,46.37238
JVASP-81866,2,Hg,76.43778,76.99329,46.37237
JVASP-81866,3,Au,87.01256,166.11478,174.6389
JVASP-16600,0,Np,0.0,0.0,0.0
JVASP-16600,1,Rh,85.700294,4.209453,89.90975
JVASP-16600,2,Rh,85.700294,4.209456,89.90975
JVASP-16600,3,Rh,85.700294,4.209457,89.909744
JVASP-57480,0,K,13.367258,28.431604,25.50627
JVASP-57480,1,K,13.367258,28.431599,25.506264
JVASP-57480,2,Li,0.65210426,16.090502,15.896105
JVASP-57480,3,Li,0.65210426,16.090502,15.896105
JVASP-57480,4,Mn,85.32636,27.466816,64.23292
JVASP-57480,5,Mn,85.32636,27.466816,64.23292
JVASP-57480,6,O,25.60754,29.65523,19.39933
JVASP-57480,7,O,34.034363,41.538616,37.71525
JVASP-57480,8,O,34.034363,41.53862,37.71525
JVASP-57480,9,O,25.60754,29.65523,19.399328
JVASP-18118,0,Y,77.01799,20.03303,58.883347
JVASP-18118,1,Y,77.01799,20.033031,58.883347
JVASP-18118,2,Y,77.01296,20.03291,58.87878
JVASP-18118,3,Mg,3.3696582,23.830992,21.614187
JVASP-18118,4,Mg,3.3711994,23.830591,21.615023
JVASP-18118,5,Mg,3.3696582,23.83099,21.614185
JVASP-18118,6,In,84.97525,5.651319,79.32394
JVASP-18118,7,In,84.97525,5.65132,79.32394
JVASP-18118,8,In,44.620316,16.625715,27.994598
JVASP-67706,0,Mg,6.422562,38.928463,32.505905
JVASP-67706,1,Be,3.9379628,1.2392875,5.1772504
JVASP-67706,2,Re,84.85277,1.6700952,86.522865
JVASP-67706,3,Re,18.109896,47.738056,29.62816
JVASP-37604,0,Tb,0.0,0.0,0.0
JVASP-37604,1,Ge,0.0,0.0,0.0
JVASP-37604,2,O,84.546585,124.28962,39.74303
JVASP-37604,3,O,84.546585,124.28964,39.74306
JVASP-37604,4,O,84.546585,124.28962,39.743034
JVASP-39379,0,Np,0.0,0.0,0.0
JVASP-39379,1,Os,0.0,0.0,0.0
JVASP-39379,2,O,84.37186,65.12068,19.251179
JVASP-39379,3,O,84.37186,65.120674,19.251186
JVASP-39379,4,O,84.371864,65.12068,19.251177
JVASP-52768,0,K,3.1746175,4.4220347,1.2997255
JVASP-52768,1,K,3.1747687,4.4220357,1.3002336
JVASP-52768,2,Na,2.3349943,1.9770371,0.3579668
JVASP-52768,3,V,15.96338,6.424726,22.388105
JVASP-52768,4,O,42.027676,15.070056,57.097733
JVASP-52768,5,F,84.17717,47.31042,38.2782
JVASP-52768,6,F,84.1781,47.31042,38.279182
JVASP-52768,7,F,84.17803,47.310406,38.27835
JVASP-52768,8,F,84.17797,47.310432,38.278133
JVASP-52768,9,F,44.075394,56.15982,12.084425
JVASP-12093,0,Ta,96.618256,45.719162,108.47694
JVASP-12093,1,Ta,96.618256,45.719162,108.47694
JVASP-12093,2,Ta,96.618256,45.719162,108.47694
JVASP-12093,3,Ta,96.618256,45.719162,108.47694
JVASP-12093,4,Ta,96.618256,45.719162,108.47694
JVASP-12093,5,Ta,96.618256,45.719162,108.47694
JVASP-12093,6,Ta,96.618256,45.71916,108.47693
JVASP-12093,7,Ta,96.618256,45.71916,108.47693
JVASP-12093,8,Ni,27.51092,21.199297,27.267937
JVASP-12093,9,Ni,27.51092,21.199295,27.267935
JVASP-12093,10,Ni,27.51092,21.199297,27.267937
JVASP-12093,11,Ni,27.51092,21.199297,27.267937
JVASP-12093,12,S,57.136387,30.032629,36.404606
JVASP-12093,13,S,57.136387,30.032629,36.404606
JVASP-12093,14,S,25.818197,19.891886,14.834301
JVASP-12093,15,S,25.818197,19.89189,14.8343
JVASP-12093,16,S,25.818197,19.891888,14.834298
JVASP-12093,17,S,25.818197,19.891888,14.834301
JVASP-12093,18,S,79.3773,54.317368,71.85681
JVASP-12093,19,S,79.3773,54.317375,71.85681
JVASP-12093,20,S,79.3773,54.317368,71.85681
JVASP-12093,21,S,79.3773,54.31737,71.85681
JVASP-12093,22,S,57.136387,30.032627,36.404602
JVASP-12093,23,S,57.136387,30.032629,36.404602
JVASP-12093,24,S,25.818197,19.891884,14.834301
JVASP-12093,25,S,25.818197,19.89189,14.834302
JVASP-12093,26,S,25.818197,19.891888,14.834301
JVASP-12093,27,S,25.818197,19.891884,14.834303
JVASP-12093,28,S,79.3773,54.317368,71.85681
JVASP-12093,29,S,79.3773,54.317368,71.85681
JVASP-12093,30,S,79.3773,54.317368,71.85681
JVASP-12093,31,S,79.3773,54.317368,71.85681
JVASP-15171,0,Cu,0.9147109,11.173318,10.258722
JVASP-15171,1,Cu,0.9147109,11.173318,10.258723
JVASP-15171,2,Ge,83.6684,76.35588,7.3125253
JVASP-15171,3,Ge,83.6684,76.35589,7.312519
JVASP-15171,4,Sr,5.5279436,14.335294,19.863235
JVASP-67598,0,Ca,12.5340395,5.861739,18.395779
JVASP-67598,1,La,83.20672,5.8573647,77.34936
JVASP-67598,2,Be,0.3663177,17.894072,18.011404
JVASP-67598,3,Be,0.3663177,17.894072,18.011404
JVASP-50051,0,Na,30.928892,32.38725,1.458358
JVASP-50051,1,Na,30.928892,32.387257,1.4583632
JVASP-50051,2,Ho,82.975655,20.659332,62.31632
JVASP-50051,3,Ho,82.975655,20.659328,62.316322
JVASP-50051,4,O,3.8149498,21.548859,24.142061
JVASP-50051,5,O,3.8149498,21.548857,24.14206
JVASP-50051,6,O,3.8149498,21.548859,24.14206
JVASP-50051,7,O,3.8149498,21.548859,24.142061
JVASP-55103,0,Sm,34.364124,29.493145,4.8709817
JVASP-55103,1,Ni,14.501815,3.203157,17.704971
JVASP-55103,2,Ni,14.501815,3.203157,17.704971
JVASP-55103,3,P,82.82705,33.452126,49.37492
JVASP-55103,4,P,82.82705,33.452126,49.37492
JVASP-35833,0,Ca,10.514435,20.066057,9.551622
JVASP-35833,1,Ca,10.514435,20.066057,9.551623
JVASP-35833,2,Bi,82.72784,45.329205,37.398632
JVASP-35833,3,Bi,82.72784,45.32921,37.398624
JVASP-35833,4,Au,76.57227,8.502404,68.06987
JVASP-35833,5,Au,76.57227,8.502408,68.06987
JVASP-67635,0,Be,4.4866486,13.801892,9.315244
JVASP-67635,1,Be,2.8610039,43.14663,46.007633
JVASP-67635,2,Sn,82.35919,19.367212,62.991985
JVASP-67635,3,Mo,14.644683,28.634495,43.27918
JVASP-38786,0,Ho,41.80299,1.5412732,43.344265
JVASP-38786,1,Ho,41.80299,1.5412707,43.34426
JVASP-38786,2,Mg,6.191684,38.54315,33.161182
JVASP-38786,3,Mg,6.191684,38.54315,33.161182
JVASP-38786,4,Sn,82.093834,1.2515558,80.842285
JVASP-38786,5,Sn,82.093834,1.251757,80.84208
JVASP-78758,0,Na,11.740406,38.03031,26.28991
JVASP-78758,1,Tm,81.84603,54.449123,136.29515
JVASP-81504,0,K,8.815636,18.33496,9.521017
JVASP-81504,1,K,8.815636,18.334957,9.521014
JVASP-81504,2,K,8.815636,18.33496,9.521017
JVASP-81504,3,K,8.815636,18.334957,9.521014
JVASP-81504,4,Fe,82.924904,37.98077,48.37304
JVASP-81504,5,Fe,82.924904,37.98077,48.37304
JVASP-81504,6,Fe,82.924904,37.980774,48.373035
JVASP-81504,7,Fe,82.924904,37.980778,48.373035
JVASP-2199,0,Mg,16.894234,14.3599415,31.254175
JVASP-2199,1,Mg,16.894234,14.35994,31.254175
JVASP-2199,2,Si,2.9706895,0.93151104,2.0391786
JVASP-2199,3,Si,2.9706895,0.9315136,2.039176
JVASP-2199,4,P,91.81685,22.472569,70.85597
JVASP-2199,5,P,91.81761,22.472565,70.85672
JVASP-2199,6,P,91.81719,22.47258,70.85624
JVASP-2199,7,P,91.81788,22.472574,70.857025
JVASP-51433,0,V,81.32306,204.76088,123.43781
JVASP-51433,1,V,81.32306,204.76083,123.437775
JVASP-51433,2,V,81.32306,204.76085,123.437775
JVASP-51433,3,Au,0.0,0.0,0.0
JVASP-51433,4,N,0.0,0.0,0.0
JVASP-2328,0,Nb,0.0,0.0,0.0
JVASP-2328,1,Cu,16.350346,53.932358,70.28271
JVASP-2328,2,Cu,16.350344,53.932365,70.28271
JVASP-2328,3,Cu,16.350346,53.93237,70.282715
JVASP-2328,4,Se,81.20304,2.908907,84.111946
JVASP-2328,5,Se,81.20304,2.9089048,84.11194
JVASP-2328,6,Se,81.20304,2.908905,84.111946
JVASP-2328,7,Se,81.20304,2.9089062,84.111946
JVASP-35376,0,Zr,80.95482,30.141783,50.813038
JVASP-35376,1,V,62.148865,72.98422,10.835358
JVASP-35376,2,V,62.148865,72.984215,10.835353
JVASP-35376,3,Ga,74.920364,69.899,10.446751
JVASP-35376,4,Ga,74.920364,69.89899,10.446751
JVASP-35376,5,Ga,74.920364,69.898994,10.446747
JVASP-35376,6,Ga,74.920364,69.898994,10.446752
JVASP-80264,0,Mn,21.450094,24.132652,18.131374
JVASP-80264,1,Mn,21.450094,24.132652,18.131378
JVASP-80264,2,Ga,86.59759,27.072554,77.45236
JVASP-80264,3,Ga,86.59759,27.072556,77.452354
JVASP-80264,4,Pd,48.29579,54.83222,8.532447
JVASP-80264,5,Pd,48.29579,54.832222,8.532448
JVASP-80264,6,Pd,48.29579,54.832222,8.532447
JVASP-80264,7,Pd,48.29579,54.83222,8.532441
JVASP-27040,0,Mn,30.809702,49.854073,22.372234
JVASP-27040,1,Mn,30.809702,49.854073,22.372236
JVASP-27040,2,Cu,80.867195,89.3758,19.51285
JVASP-27040,3,Cu,80.867195,89.37579,19.512854
JVASP-27040,4,O,40.811626,11.709333,37.40332
JVASP-27040,5,O,40.811626,11.709337,37.40332
JVASP-27040,6,O,40.811626,11.709337,37.40332
JVASP-27040,7,O,40.811626,11.709333,37.40332
JVASP-66763,0,Be,3.4888897,23.975195,27.464087
JVASP-66763,1,Be,3.4888897,23.975199,27.464088
JVASP-66763,2,Te,55.672005,58.659637,114.33164
JVASP-66763,3,Te,55.672005,58.659645,114.33165
JVASP-66763,4,W,80.42491,43.698364,124.123276
JVASP-66763,5,W,80.42491,43.698364,124.123276
JVASP-65601,0,Ba,80.17262,33.504585,113.6772
JVASP-65601,1,Si,40.448936,12.759633,52.5503
JVASP-65601,2,Si,40.448936,12.75963,52.550293
JVASP-65601,3,Rh,42.541103,1.3778089,43.91891
JVASP-39254,0,K,0.0,0.0,0.0
JVASP-39254,1,Re,0.0,0.0,0.0
JVASP-39254,2,O,80.01095,89.83282,9.821862
JVASP-39254,3,O,80.01095,89.83282,9.82186
JVASP-39254,4,O,80.01095,89.83282,9.821872
JVASP-3339,0,K,2.8716185,36.736332,39.607952
JVASP-3339,1,K,2.8716185,36.736332,39.607952
JVASP-3339,2,Ag,0.19840866,18.68967,18.491262
JVASP-3339,3,Ag,0.19840866,18.689669,18.49126
JVASP-3339,4,Se,79.6966,0.5513812,79.14521
JVASP-3339,5,Se,79.6966,0.5513802,79.14521
JVASP-17224,0,Lu,79.37327,94.948586,15.575319
JVASP-17224,1,Lu,79.37327,94.948586,15.575319
JVASP-17224,2,Mn,17.686949,29.659803,11.972855
JVASP-17224,3,Mn,17.686949,29.659803,11.972855
JVASP-17224,4,Mn,17.686949,29.6598,11.972849
JVASP-17224,5,Mn,17.686949,29.6598,11.972851
JVASP-17224,6,Ge,69.83985,64.16434,5.6755137
JVASP-17224,7,Ge,69.83985,64.16434,5.6755085
JVASP-17224,8,Ge,69.83985,64.16433,5.6755185
JVASP-17224,9,Ge,69.83985,64.16433,5.6755185
JVASP-16420,0,Tm,81.29951,56.24473,28.467018
JVASP-16420,1,Tm,81.30482,56.244965,28.473688
JVASP-16420,2,Tm,81.29951,56.244728,28.46702
JVASP-16420,3,Tm,46.159134,53.388615,22.39772
JVASP-16420,4,Tm,46.16715,53.38903,22.39547
JVASP-16420,5,Tm,46.159134,53.38861,22.39772
JVASP-16420,6,Fe,16.529163,8.62301,25.15217
JVASP-16420,7,Sb,23.41957,12.204914,35.624485
JVASP-16420,8,Sb,23.41957,12.204914,35.624485
JVASP-36596,0,Sn,0.0,0.0,0.0
JVASP-36596,1,Hg,0.0,0.0,0.0
JVASP-36596,2,O,78.52819,88.97535,10.447165
JVASP-36596,3,O,78.52819,88.97537,10.447185
JVASP-36596,4,O,78.52819,88.975334,10.447148
JVASP-17769,0,Si,33.50556,28.068394,5.437167
JVASP-17769,1,Si,33.50556,28.068394,5.4371667
JVASP-17769,2,Ni,9.112066,4.1559243,4.9561467
JVASP-17769,3,Ni,9.112066,4.1559234,4.956147
JVASP-17769,4,U,78.37763,56.74491,135.12254
JVASP-15592,0,P,77.89037,33.862053,44.028316
JVASP-15592,1,P,77.89037,33.86205,44.028316
JVASP-15592,2,Ni,14.44858,4.726117,9.722465
JVASP-15592,3,Ni,14.44858,4.7261157,9.722466
JVASP-15592,4,Tb,34.20152,32.82182,1.3797387
JVASP-19913,0,Nb,0.0,0.0,0.0
JVASP-19913,1,Zn,77.73211,16.646091,61.086014
JVASP-19913,2,Zn,77.73211,16.646091,61.086014
JVASP-19913,3,Zn,77.73211,16.646086,61.086018
JVASP-67393,0,Be,3.9637055,30.204086,34.16777
JVASP-67393,1,Nb,77.52512,23.25572,54.269405
JVASP-67393,2,Fe,13.654681,28.478443,14.823763
JVASP-16214,0,Hf,77.38551,7.589353,69.79615
JVASP-16214,1,Hf,77.38551,7.5893545,69.79615
JVASP-16214,2,Hf,77.38551,7.589354,69.79615
JVASP-16214,3,Hf,77.38551,7.589355,69.79615
JVASP-16214,4,P,2.67321,5.620372,2.9471622
JVASP-16214,5,P,2.67321,5.6203737,2.9471636
JVASP-16214,6,P,14.020879,6.409885,20.430763
JVASP-16214,7,P,14.020879,6.4098873,20.430767
JVASP-15449,0,Nd,32.705994,14.883124,17.822872
JVASP-15449,1,Nd,32.705994,14.8831215,17.822874
JVASP-15449,2,Ag,56.91512,60.800137,3.8850179
JVASP-15449,3,Ag,56.91512,60.800144,3.8850234
JVASP-15449,4,Sn,77.19812,74.68358,2.5145442
JVASP-15449,5,Sn,77.19812,74.68359,2.514531
JVASP-44042,0,Mg,6.994518,0.050118282,6.9443994
JVASP-44042,1,Mg,6.994518,0.050117176,6.944401
JVASP-44042,2,Fe,0.10900459,3.1967764,3.3057787
JVASP-44042,3,Fe,0.10900459,3.1967742,3.3057768
JVASP-44042,4,O,79.37625,51.2915,37.384754
JVASP-44042,5,O,79.37755,51.291492,37.38564
JVASP-44042,6,O,79.377075,51.291492,37.385174
JVASP-44042,7,O,79.377075,51.291492,37.385174
JVASP-44042,8,O,79.37755,51.291492,37.38564
JVASP-44042,9,O,79.37625,51.291496,37.384758
JVASP-86953,0,La,76.733536,36.93763,39.795902
JVASP-86953,1,La,76.733536,36.93763,39.795902
JVASP-86953,2,Fe,8.910427,3.4808245,12.391252
JVASP-86953,3,Fe,8.910427,3.4808257,12.391253
JVASP-86953,4,Fe,8.910427,3.4808254,12.391253
JVASP-86953,5,Fe,8.910427,3.480825,12.391253
JVASP-86953,6,P,20.510393,16.931044,3.5793505
JVASP-86953,7,P,20.510393,16.931042,3.5793512
JVASP-86953,8,P,20.510393,16.93104,3.5793538
JVASP-86953,9,P,20.510393,16.93104,3.5793529
JVASP-35535,0,Ag,20.461405,72.0489,51.58749
JVASP-35535,1,P,12.024545,31.09756,19.073017
JVASP-35535,2,Pt,78.89954,110.99597,32.523544
JVASP-35535,3,Pt,78.89954,110.99597,32.523544
JVASP-35535,4,Pt,78.89954,110.99596,32.523525
JVASP-35535,5,Pt,78.89954,110.99596,32.523525
JVASP-35535,6,Pt,8.251514,48.138523,39.887005
JVASP-15378,0,Ho,52.517876,68.270645,15.752767
JVASP-15378,1,Ho,52.517876,68.270645,15.75277
JVASP-15378,2,Co,20.899044,33.31531,12.4162655
JVASP-15378,3,Co,20.899044,33.315308,12.416263
JVASP-15378,4,Co,20.899044,33.315315,12.416267
JVASP-15378,5,Co,20.899044,33.315304,12.416259
JVASP-15378,6,Ge,75.99786,74.743126,1.2547385
JVASP-15378,7,Ge,75.99786,74.743126,1.2547385
JVASP-15378,8,Ge,75.99786,74.743126,1.2547385
JVASP-15378,9,Ge,75.99786,74.743126,1.2547385
JVASP-8511,0,Ta,0.0,0.0,0.0
JVASP-8511,1,Ru,75.86396,116.24729,40.38333
JVASP-8511,2,Ru,75.86396,116.24729,40.383335
JVASP-8511,3,Ru,75.86396,116.24731,40.383343
JVASP-8511,4,C,0.0,0.0,0.0
JVASP-67448,0,Be,1.182287,45.875607,47.05789
JVASP-67448,1,Be,3.186786,82.96552,86.152306
JVASP-67448,2,In,56.16843,17.699865,73.86829
JVASP-67448,3,P,75.624725,8.259582,83.884315
JVASP-16145,0,S,17.144777,7.5334415,9.611335
JVASP-16145,1,S,17.144777,7.533439,9.611338
JVASP-16145,2,Rb,65.755325,64.12107,1.6342561
JVASP-16145,3,Yb,75.46397,82.14317,6.6792073
JVASP-18464,0,H,7.2896295,99.45177,92.24994
JVASP-18464,1,H,7.2896295,99.45177,92.24994
JVASP-18464,2,H,7.28956,99.45171,92.24996
JVASP-18464,3,H,7.28956,99.45171,92.24996
JVASP-18464,4,Li,1.9960326,18.324734,19.209211
JVASP-18464,5,Li,1.9960326,18.324734,19.209211
JVASP-18464,6,Li,1.9960898,18.324747,19.209276
JVASP-18464,7,Li,1.9960898,18.324747,19.209274
JVASP-18464,8,Rh,75.321495,33.9068,109.228294
JVASP-1669,0,S,1.8832515,12.577925,10.694674
JVASP-1669,1,S,1.8832515,12.577921,10.69467
JVASP-1669,2,Rb,75.159904,51.661606,23.498304
JVASP-1669,3,Er,41.573483,59.890137,18.316656
JVASP-67601,0,Be,3.6081135,13.7564745,10.148382
JVASP-67601,1,Ge,74.969086,36.04586,38.923225
JVASP-67601,2,Mg,7.1745567,31.068848,23.894293
JVASP-16514,0,Y,74.84743,108.400154,33.552727
JVASP-16514,1,Fe,49.540928,82.577324,33.036392
JVASP-16514,2,Fe,49.540928,82.577324,33.036392
JVASP-16514,3,Fe,38.598286,132.04689,95.86438
JVASP-16514,4,Fe,38.600723,132.04654,95.86131
JVASP-16514,5,Fe,38.600723,132.04652,95.8613
JVASP-16138,0,C,52.282238,50.142063,13.076187
JVASP-16138,1,C,52.28232,50.14206,13.076133
JVASP-16138,2,Ni,28.237722,45.543926,22.790304
JVASP-16138,3,Pr,77.92831,30.535646,85.729065
JVASP-24643,0,Ac,74.54777,11.560517,86.108284
JVASP-24643,1,Ac,74.54777,11.560516,86.108284
JVASP-24643,2,Cl,41.347298,17.318203,24.52606
JVASP-24643,3,Cl,41.347263,17.31884,24.52543
JVASP-24643,4,Cl,41.347298,17.3182,24.526064
JVASP-24643,5,Cl,41.347263,17.31884,24.52543
JVASP-24643,6,Cl,41.347614,17.318363,24.526358
JVASP-24643,7,Cl,41.347614,17.318367,24.526354
JVASP-51562,0,Dy,47.934067,49.050545,96.98462
JVASP-51562,1,In,75.11268,143.43503,126.361206
JVASP-51562,2,In,75.11268,143.43503,126.36121
JVASP-51562,3,In,75.112404,143.43416,126.35994
JVASP-51562,4,Cu,9.7151165,148.59837,138.88329
JVASP-51562,5,Cu,9.7151165,148.59836,138.88329
JVASP-5302,0,Sm,74.12727,17.099037,57.02824
JVASP-5302,1,Sm,74.12727,17.099037,57.02824
JVASP-5302,2,Fe,3.2284274,27.05758,23.829155
JVASP-5302,3,Fe,3.2284274,27.057575,23.82915
JVASP-5302,4,As,29.482058,15.906825,45.388885
JVASP-5302,5,As,29.482058,15.906825,45.388885
JVASP-5302,6,O,15.728173,39.174263,23.446093
JVASP-5302,7,O,15.728173,39.17426,23.446087
JVASP-56273,0,Ho,73.86603,72.658325,1.2077245
JVASP-56273,1,Ge,36.260166,59.12279,22.862625
JVASP-56273,2,Ge,36.260166,59.12279,22.862625
JVASP-56273,3,Rh,8.802987,7.0704956,1.7325091
JVASP-56273,4,Rh,8.802987,7.070496,1.7325083
JVASP-16176,0,Li,0.48744848,5.587446,6.0748944
JVASP-16176,1,Li,0.48744848,5.587446,6.0748944
JVASP-16176,2,Nb,51.960213,6.331473,45.62874
JVASP-16176,3,F,73.75331,93.7342,30.422945
JVASP-16176,4,F,73.75451,93.73421,30.424063
JVASP-16176,5,F,73.75451,93.73421,30.424063
JVASP-16176,6,F,73.75451,93.73421,30.424067
JVASP-16176,7,F,73.75331,93.7342,30.422945
JVASP-16176,8,F,73.75451,93.73421,30.42406
JVASP-67563,0,Be,4.4580836,20.436644,24.894714
JVASP-67563,1,Si,73.56145,9.282726,82.84417
JVASP-67563,2,Te,0.7601583,61.51481,60.75465
JVASP-15585,0,Er,53.106567,76.10753,23.000963
JVASP-15585,1,Er,53.106567,76.10752,23.000956
JVASP-15585,2,Co,19.909452,37.257275,17.34782
JVASP-15585,3,Co,19.909452,37.25727,17.347816
JVASP-15585,4,Co,19.909452,37.257275,17.34782
JVASP-15585,5,Co,19.909452,37.25727,17.347818
JVASP-15585,6,Ge,73.45122,76.57333,3.1221173
JVASP-15585,7,Ge,73.45122,76.57333,3.1221173
JVASP-15585,8,Ge,73.45122,76.57333,3.1221173
JVASP-15585,9,Ge,73.45122,76.57332,3.1221042
JVASP-8732,0,Ho,67.18807,22.687006,49.13897
JVASP-8732,1,Ho,42.067062,25.275736,28.626871
JVASP-8732,2,Ho,42.067062,25.275736,28.626871
JVASP-8732,3,Ho,67.18831,22.687105,49.139225
JVASP-8732,4,Ho,67.18831,22.687105,49.139225
JVASP-8732,5,Ho,42.067158,25.275782,28.627075
JVASP-8732,6,Co,37.740513,8.879494,28.861021
JVASP-8732,7,Bi,73.32547,8.419335,81.744804
JVASP-8732,8,Bi,73.32547,8.419335,81.744804
JVASP-3258,0,Ho,8.971258,37.04892,28.077663
JVASP-3258,1,Ho,8.971258,37.048923,28.07767
JVASP-3258,2,Se,73.222595,3.653479,76.876076
JVASP-3258,3,O,22.016014,8.38663,13.629384
JVASP-3258,4,O,22.016014,8.386622,13.629392
JVASP-1666,0,S,1.3767936,16.763802,15.387008
JVASP-1666,1,S,1.3767936,16.763798,15.387004
JVASP-1666,2,Rb,73.11305,62.693382,10.419668
JVASP-1666,3,Ho,42.003292,51.183964,9.180679
JVASP-15292,0,Er,44.56959,34.570915,15.504042
JVASP-15292,1,Er,44.56959,34.570915,15.504043
JVASP-15292,2,Er,44.567375,34.57038,15.502046
JVASP-15292,3,In,73.20235,34.804726,58.31246
JVASP-15292,4,In,73.20235,34.804726,58.312466
JVASP-15292,5,In,73.201744,34.804073,58.312023
JVASP-15292,6,Cu,32.74968,23.66185,9.087835
JVASP-15292,7,Cu,16.537733,5.091786,11.445951
JVASP-15292,8,Cu,32.74968,23.66185,9.087837
JVASP-56203,0,Ba,72.89528,5.1172786,67.778
JVASP-56203,1,Li,2.4436564,42.80989,45.253548
JVASP-56203,2,Li,2.4436564,42.809887,45.253544
JVASP-56203,3,Mg,5.3047833,12.01363,6.7088475
JVASP-56203,4,Mg,5.3047833,12.01363,6.7088475
JVASP-56203,5,Ge,33.9068,23.9547,57.861504
JVASP-56203,6,Ge,33.9068,23.9547,57.861504
JVASP-3225,0,Na,7.187756,3.654123,8.914711
JVASP-3225,1,Na,7.187756,3.6541226,8.914712
JVASP-3225,2,Na,7.185421,3.6536689,8.911449
JVASP-3225,3,Sr,72.75195,11.934593,61.313335
JVASP-3225,4,Sr,72.750854,11.935185,61.31173
JVASP-3225,5,Sr,72.750854,11.935186,61.311726
JVASP-3225,6,P,8.716917,29.50254,20.785624
JVASP-3225,7,P,26.420197,22.897913,49.318108
JVASP-3225,8,P,8.716917,29.502544,20.785627
JVASP-15564,0,C,51.153187,61.979607,29.966616
JVASP-15564,1,C,51.153194,61.979607,29.96648
JVASP-15564,2,Ni,25.037458,50.320076,27.767101
JVASP-15564,3,Nd,74.118126,28.11051,60.20427
JVASP-38950,0,Yb,0.0,0.0,0.0
JVASP-38950,1,Mg,0.0,0.0,0.0
JVASP-38950,2,O,72.27056,14.70994,86.9805
JVASP-38950,3,O,72.27056,14.709946,86.98051
JVASP-38950,4,O,72.27056,14.709938,86.9805
JVASP-56861,0,Sr,30.535069,40.585182,17.461319
JVASP-56861,1,Sr,30.535069,40.585182,17.46132
JVASP-56861,2,C,72.16483,170.34387,98.554
JVASP-56861,3,N,6.9837985,15.449755,20.268917
JVASP-56861,4,N,6.9837985,15.449755,20.268917
JVASP-56861,5,Cl,11.494866,25.30599,35.13954
JVASP-56861,6,Cl,11.494866,25.305986,35.139538
JVASP-65108,0,Mg,1.5627745,4.4114313,2.8486571
JVASP-65108,1,Be,3.6815832,19.296751,22.978336
JVASP-65108,2,Be,3.6815832,19.296751,22.978336
JVASP-65108,3,Cl,72.03705,17.899633,54.137413
JVASP-12731,0,Na,0.4967293,7.921038,7.42431
JVASP-12731,1,Na,0.4967293,7.9210405,7.424312
JVASP-12731,2,Cl,73.78134,108.93375,57.99866
JVASP-12731,3,Cl,73.780365,108.93371,57.999542
JVASP-12731,4,Cl,73.781586,108.93375,57.999542
JVASP-12731,5,Cl,73.78134,108.93375,57.99866
JVASP-12731,6,Cl,73.780365,108.933716,57.99955
JVASP-12731,7,Cl,73.781586,108.93375,57.999542
JVASP-12731,8,Mn,3.4915726,15.891943,19.383514
JVASP-12731,9,Mn,3.4915726,15.891945,19.383516
JVASP-8078,0,Fe,34.533257,16.414106,46.06674
JVASP-8078,1,Se,71.49459,23.279995,55.244637
JVASP-8078,2,Se,71.49459,23.279997,55.24464
JVASP-8078,3,Se,62.309937,16.956003,46.620785
JVASP-8078,4,Se,62.309937,16.956003,46.62078
JVASP-8078,5,Ti,29.87541,9.146552,22.039795
JVASP-8078,6,Ti,29.87541,9.146553,22.039795
JVASP-10541,0,P,71.67104,43.970657,46.24524
JVASP-10541,1,P,71.67039,43.970707,46.24453
JVASP-10541,2,P,71.67104,43.970657,46.24524
JVASP-10541,3,P,71.67039,43.970703,46.244534
JVASP-10541,4,K,27.285091,12.978943,34.842236
JVASP-10541,5,K,24.69148,18.035933,7.335773
JVASP-10541,6,K,27.285091,12.978945,34.842236
JVASP-10541,7,K,24.69148,18.035934,7.3357706
JVASP-10541,8,Ni,42.25135,59.566624,20.938732
JVASP-10541,9,Ni,42.25135,59.566624,20.938736
JVASP-81768,0,K,56.64037,8.814739,52.301846
JVASP-81768,1,K,56.64037,8.81474,52.301846
JVASP-81768,2,Na,18.69784,1.4543072,19.931759
JVASP-81768,3,Na,18.69784,1.4543084,19.931759
JVASP-81768,4,Na,18.69784,1.4543083,19.93176
JVASP-81768,5,Na,18.69784,1.4543078,19.931759
JVASP-81768,6,P,74.50972,12.210797,65.66972
JVASP-81768,7,P,74.50972,12.210801,65.66972
JVASP-51043,0,Mn,70.84169,88.405266,17.56357
JVASP-51043,1,Mn,70.84169,88.40527,17.56358
JVASP-51043,2,Mn,70.84169,88.405266,17.563572
JVASP-51043,3,Ga,0.0,0.0,0.0
JVASP-51043,4,N,0.0,0.0,0.0
JVASP-37111,0,Rb,70.64491,58.113358,12.531557
JVASP-37111,1,Y,23.314243,49.28089,25.966648
JVASP-37111,2,S,0.5058201,11.549441,11.043622
JVASP-37111,3,S,0.5058201,11.54944,11.04362
JVASP-15809,0,Cr,24.799582,18.743826,41.393726
JVASP-15809,1,Se,61.074635,17.38208,50.403656
JVASP-15809,2,Se,73.05169,30.51118,54.549683
JVASP-15809,3,Se,61.074635,17.382084,50.403652
JVASP-15809,4,Se,73.05169,30.511185,54.54968
JVASP-15809,5,Nb,21.669567,12.235387,22.656118
JVASP-15809,6,Nb,21.669567,12.23539,22.656115
JVASP-43024,0,Mn,9.624035,26.828268,36.4523
JVASP-43024,1,Nb,54.784904,19.006355,35.778545
JVASP-43024,2,O,31.996237,33.767765,33.44793
JVASP-43024,3,O,70.99668,49.618492,21.68228
JVASP-43024,4,O,31.99763,33.767735,33.44934
JVASP-43024,5,O,70.996445,49.61853,21.682026
JVASP-65520,0,Ba,70.17706,29.19572,40.981342
JVASP-65520,1,Os,48.000202,11.209918,36.790287
JVASP-65520,2,Cl,30.305288,36.46198,58.623432
JVASP-65520,3,Cl,30.305288,36.46198,58.623436
JVASP-81548,0,Sc,60.575676,40.51689,100.8441
JVASP-81548,1,Sc,60.575676,40.51689,100.84409
JVASP-81548,2,Sc,60.575676,40.51688,100.844086
JVASP-81548,3,Sc,60.575676,40.51688,100.844086
JVASP-81548,4,Al,28.27276,35.094482,34.682472
JVASP-81548,5,Al,28.27276,35.09448,34.682465
JVASP-81548,6,Ga,72.422325,19.792109,74.31331
JVASP-81548,7,Ga,72.422325,19.792114,74.31332
JVASP-3306,0,Si,63.333263,28.767506,40.782726
JVASP-3306,1,Si,21.415981,14.342081,29.07203
JVASP-3306,2,Si,71.75624,26.159206,47.886818
JVASP-3306,3,Si,65.622925,29.066763,48.512733
JVASP-3306,4,P,34.72522,17.134748,23.793913
JVASP-3306,5,P,48.844376,11.689265,40.7355
JVASP-3306,6,P,30.827719,14.867303,27.116522
JVASP-3306,7,P,38.686043,19.904036,32.72626
JVASP-3306,8,Ru,26.968594,9.122366,30.006939
JVASP-68154,0,Be,2.1360576,13.761181,11.625244
JVASP-68154,1,Ca,2.0134807,22.680897,24.69438
JVASP-68154,2,Mn,2.564617,10.522619,13.087235
JVASP-68154,3,Mn,69.20952,0.7092348,68.50028
JVASP-67658,0,Be,1.1009233,27.33094,26.663877
JVASP-67658,1,Be,1.1009233,27.33094,26.663877
JVASP-67658,2,Bi,73.75985,11.936952,66.572266
JVASP-67658,3,Cd,19.057032,18.082106,3.0057728
JVASP-36610,0,Zr,0.0,0.0,0.0
JVASP-36610,1,Hg,0.0,0.0,0.0
JVASP-36610,2,O,69.04867,66.08015,2.9685197
JVASP-36610,3,O,69.04867,66.08016,2.9685056
JVASP-36610,4,O,69.04867,66.08013,2.968529
JVASP-21476,0,Be,2.252425,38.714725,40.963886
JVASP-21476,1,Be,2.2533214,38.71476,40.964912
JVASP-21476,2,B,39.829044,31.751247,8.0850725
JVASP-21476,3,O,73.04,68.53169,16.281677
JVASP-21476,4,O,73.06475,64.93308,18.3207
JVASP-21476,5,O,73.06588,64.932945,18.321949
JVASP-21476,6,F,63.961243,39.66808,32.25796
JVASP-21476,7,F,63.961243,39.66803,32.258217
JVASP-21476,8,Rb,60.649887,15.628735,45.085636
JVASP-74881,0,Ti,4.92225,25.06792,20.14567
JVASP-74881,1,Be,9.554235,35.470844,45.025078
JVASP-74881,2,Si,68.720436,38.454006,30.266428
JVASP-15401,0,Cu,8.823025,6.5280876,2.2949543
JVASP-15401,1,Cu,8.823025,6.528089,2.294953
JVASP-15401,2,Ge,68.600525,56.75966,11.840864
JVASP-15401,3,Ge,68.600525,56.75966,11.840864
JVASP-15401,4,Y,15.679276,28.049969,43.729244
JVASP-15971,0,Hf,69.16738,75.43744,92.41958
JVASP-15971,1,Hf,69.164116,75.43765,92.41571
JVASP-15971,2,Hf,69.164116,75.43766,92.41572
JVASP-15971,3,Cu,68.301575,19.541077,48.760494
JVASP-15971,4,Cu,37.5732,43.903896,7.442267
JVASP-15971,5,Cu,37.5732,43.903896,7.44227
JVASP-15971,6,Cu,37.57503,43.903767,7.444013
JVASP-15971,7,Ge,54.1178,12.535106,66.65291
JVASP-15971,8,Ge,54.1178,12.535106,66.65291
JVASP-38033,0,Ge,27.253023,9.387995,36.641018
JVASP-38033,1,Ge,27.253023,9.387995,36.641018
JVASP-38033,2,Cl,68.18645,73.1999,5.0134535
JVASP-38033,3,Cl,68.18645,73.19988,5.0134397
JVASP-38033,4,F,16.868004,45.704685,28.836681
JVASP-38033,5,F,16.868004,45.70469,28.836685
JVASP-16796,0,Sr,0.0,0.0,0.0
JVASP-16796,1,Tc,0.0,0.0,0.0
JVASP-16796,2,O,67.95619,72.42978,4.4735866
JVASP-16796,3,O,67.95619,72.42977,4.4735775
JVASP-16796,4,O,67.95619,72.42979,4.4735904
JVASP-85127,0,La,47.841984,18.876814,57.02609
JVASP-85127,1,La,47.841984,18.876814,57.02609
JVASP-85127,2,Rh,68.55449,19.779562,52.008335
JVASP-85127,3,Rh,68.55449,19.779562,52.008335
JVASP-15680,0,O,15.16999,51.34442,66.51441
JVASP-15680,1,Na,0.3796103,23.00278,22.623173
JVASP-15680,2,Na,0.3796103,23.002779,22.62317
JVASP-15680,3,Ti,68.293724,72.3244,30.761057
JVASP-15680,4,Ti,68.29379,72.32438,30.760555
JVASP-15680,5,Sb,66.50903,5.645517,72.15455
JVASP-15680,6,Sb,66.50903,5.6455154,72.15455
JVASP-2757,0,Ba,67.25197,19.364035,47.88793
JVASP-2757,1,Mg,1.2529157,22.54956,23.802475
JVASP-2757,2,Mg,1.2529157,22.549562,23.802477
JVASP-2757,3,P,3.9110186,3.3538942,0.55712456
JVASP-2757,4,P,3.9110186,3.3538973,0.5571217
JVASP-15324,0,Ge,66.97097,73.71046,6.7394915
JVASP-15324,1,Ge,66.97097,73.710464,6.7394967
JVASP-15324,2,Pd,12.745076,12.383739,0.36134243
JVASP-15324,3,Pd,12.745076,12.383739,0.36134148
JVASP-15324,4,Th,38.79587,78.22318,39.427315
JVASP-39317,0,Ge,0.0,0.0,0.0
JVASP-39317,1,B,0.0,0.0,0.0
JVASP-39317,2,O,66.70206,63.582115,3.119941
JVASP-39317,3,O,66.70206,63.58211,3.119945
JVASP-39317,4,O,66.70206,63.582108,3.1199496
JVASP-67253,0,Be,0.23117238,0.8898962,1.1209862
JVASP-67253,1,Ga,66.599174,16.391546,82.99072
JVASP-67253,2,P,63.28502,24.951546,88.236565
JVASP-80196,0,Li,0.6346227,98.14773,97.565346
JVASP-80196,1,Li,0.6346227,98.14773,97.565346
JVASP-80196,2,Mg,11.386832,52.69559,48.002083
JVASP-80196,3,Mg,11.386832,52.695587,48.00208
JVASP-80196,4,Hg,73.25916,129.11179,58.72171
JVASP-80196,5,Hg,73.25916,129.11177,58.721706
JVASP-80196,6,Hg,73.25916,129.11179,58.72171
JVASP-80196,7,Hg,73.25916,129.11179,58.72171
JVASP-68004,0,Be,1.660754,12.793922,14.454677
JVASP-68004,1,Ga,29.428986,18.841177,10.5878105
JVASP-68004,2,Ga,4.3502936,16.127716,11.777423
JVASP-68004,3,Bi,66.3134,18.52712,47.786278
JVASP-39459,0,Rh,17.364433,5.909838,23.274271
JVASP-39459,1,Rh,17.363209,5.90926,23.272469
JVASP-39459,2,Rh,17.361984,5.9088283,23.270811
JVASP-39459,3,Rh,17.361984,5.908839,23.27082
JVASP-39459,4,S,66.53981,39.46132,30.347858
JVASP-39459,5,S,66.54104,39.46207,30.34883
JVASP-39459,6,S,66.540344,39.462288,30.347967
JVASP-39459,7,S,66.541145,39.461746,30.34964
JVASP-39459,8,S,66.54117,39.461277,30.348377
JVASP-39459,9,S,66.5408,39.46136,30.34905
JVASP-82003,0,Si,65.97475,85.16129,19.238354
JVASP-82003,1,Si,65.97475,85.16129,19.238354
JVASP-82003,2,Si,65.97475,85.16131,19.23836
JVASP-82003,3,Si,65.97475,85.16131,19.238361
JVASP-82003,4,Tc,29.730206,79.83043,81.49326
JVASP-82003,5,Tc,29.730206,79.83043,81.49326
JVASP-82003,6,Rh,45.078438,66.08087,110.40301
JVASP-82003,7,Rh,45.078438,66.08087,110.40301
JVASP-18567,0,Ti,28.836826,23.644428,15.425027
JVASP-18567,1,Ti,28.844257,23.644524,15.425504
JVASP-18567,2,As,15.77973,18.79348,34.57321
JVASP-18567,3,As,15.77973,18.793474,34.573204
JVASP-18567,4,Zr,65.71708,20.545347,45.171734
JVASP-18567,5,Zr,65.71708,20.545345,45.171738
JVASP-16313,0,Sr,65.57366,62.047897,3.525762
JVASP-16313,1,Sr,65.57366,62.047897,3.525762
JVASP-16313,2,Ge,62.30767,68.20253,5.8948607
JVASP-16313,3,Ge,62.30767,68.20253,5.8948603
JVASP-16313,4,Ge,62.30767,68.20253,5.8948607
JVASP-16313,5,Ge,62.30767,68.20253,5.8948607
JVASP-16313,6,Rh,6.6258698,24.72493,18.09906
JVASP-16313,7,Rh,6.6258698,24.724928,18.099058
JVASP-16313,8,Rh,6.6258698,24.724924,18.099056
JVASP-16313,9,Rh,6.6258698,24.72493,18.09906
JVASP-18333,0,Er,61.92553,10.278923,52.412895
JVASP-18333,1,Er,72.28785,31.867254,40.455803
JVASP-18333,2,Er,72.28785,31.867254,40.455803
JVASP-18333,3,Er,61.91749,10.278861,52.404217
JVASP-18333,4,Er,61.91749,10.278862,52.404213
JVASP-18333,5,Er,72.30061,31.867384,40.468407
JVASP-18333,6,Mn,9.248054,16.522287,25.770338
JVASP-18333,7,Bi,25.962143,16.37136,42.3335
JVASP-18333,8,Bi,25.962143,16.37136,42.3335
JVASP-11670,0,O,59.3781,71.90246,12.524359
JVASP-11670,1,O,59.378677,71.902435,12.523756
JVASP-11670,2,O,65.238335,68.6356,20.68056
JVASP-11670,3,O,65.2411,68.635574,20.681948
JVASP-11670,4,O,65.23849,68.63531,20.681925
JVASP-11670,5,O,65.2411,68.635475,20.681917
JVASP-11670,6,Co,18.759665,4.7372117,23.496876
JVASP-11670,7,Sr,37.85935,8.564499,29.294847
JVASP-11670,8,Sr,37.859344,8.564497,29.29485
JVASP-11670,9,Mo,13.234584,8.36111,4.8734775
JVASP-16295,0,Mn,64.99476,171.65826,106.6635
JVASP-16295,1,Mn,64.99476,171.65826,106.663506
JVASP-16295,2,Mn,64.99476,171.65826,106.6635
JVASP-16295,3,Ag,0.0,0.0,0.0
JVASP-16295,4,N,0.0,0.0,0.0
JVASP-58436,0,B,42.18599,20.372927,21.813065
JVASP-58436,1,B,42.18599,20.372925,21.813065
JVASP-58436,2,O,70.43968,99.99607,44.088757
JVASP-58436,3,O,70.44001,99.996025,44.088043
JVASP-58436,4,O,70.43902,99.99598,44.089092
JVASP-58436,5,O,70.43968,99.99607,44.088757
JVASP-58436,6,O,70.44001,99.99602,44.08804
JVASP-58436,7,O,70.43902,99.995995,44.0891
JVASP-58436,8,Ti,11.280835,10.816069,22.096905
JVASP-58436,9,Ti,11.280835,10.816068,22.096903
JVASP-36720,0,V,0.0,0.0,0.0
JVASP-36720,1,Cu,14.224188,63.44233,77.66652
JVASP-36720,2,Cu,14.224188,63.44234,77.66653
JVASP-36720,3,Cu,14.224188,63.442337,77.66652
JVASP-36720,4,Te,64.40933,6.3115115,58.09782
JVASP-36720,5,Te,64.40933,6.3115087,58.09782
JVASP-36720,6,Te,64.40933,6.3115106,58.09782
JVASP-36720,7,Te,64.40933,6.3115096,58.097824
JVASP-29435,0,K,35.73826,14.273793,36.797302
JVASP-29435,1,K,35.73826,14.273788,36.797302
JVASP-29435,2,Na,22.09712,14.737935,27.070415
JVASP-29435,3,Na,22.09712,14.737935,27.070417
JVASP-29435,4,O,52.129074,43.664272,35.097023
JVASP-29435,5,O,52.129074,43.6642,35.096985
JVASP-29435,6,O,52.129074,43.664204,35.096985
JVASP-29435,7,O,52.129074,43.664272,35.097027
JVASP-29435,8,Zn,64.86628,46.350292,49.851795
JVASP-29435,9,Zn,64.86628,46.350296,49.851795
JVASP-10214,0,O,64.688545,25.816126,40.13739
JVASP-10214,1,O,64.688545,25.81613,40.137386
JVASP-10214,2,O,64.68826,25.816267,40.136765
JVASP-10214,3,O,64.68826,25.816267,40.13676
JVASP-10214,4,K,46.42719,51.176437,70.2508
JVASP-10214,5,K,46.42719,51.176437,70.2508
JVASP-10214,6,K,46.42732,51.176987,70.251526
JVASP-10214,7,K,46.42732,51.17698,70.25152
JVASP-10214,8,Zn,48.475872,87.927246,40.645287
JVASP-10214,9,Zn,48.475872,87.92726,40.6453
JVASP-3243,0,O,39.561672,35.681034,3.8806398
JVASP-3243,1,Ca,11.697522,1.7311887,9.966332
JVASP-3243,2,Ca,11.697522,1.7311888,9.966333
JVASP-3243,3,Ca,64.18232,101.94476,49.84192
JVASP-3243,4,Ca,64.18133,101.94482,49.8424
JVASP-3243,5,Sb,42.413532,8.104574,50.51811
JVASP-3243,6,Sb,42.413532,8.104574,50.51811
JVASP-29602,0,Zn,3.0197854,15.631303,18.651089
JVASP-29602,1,Br,63.819103,13.416723,50.402386
JVASP-29602,2,Br,63.819103,13.416724,50.402386
JVASP-44357,0,Li,1.2822846,18.28035,18.181023
JVASP-44357,1,Li,0.54220843,7.56319,7.96039
JVASP-44357,2,Ti,33.09323,8.919545,25.553928
JVASP-44357,3,Fe,29.23484,25.123066,31.810858
JVASP-44357,4,O,65.176865,33.485825,31.767542
JVASP-44357,5,O,42.189144,27.926176,15.450072
JVASP-44357,6,O,65.176865,33.48583,31.76754
JVASP-44357,7,O,42.189144,27.926176,15.450071
JVASP-74851,0,Na,43.34517,46.68807,89.77426
JVASP-74851,1,Na,43.34517,46.68807,89.77426
JVASP-74851,2,Be,15.526498,14.76852,0.75797766
JVASP-74851,3,W,63.28502,13.034242,76.31926
JVASP-53051,0,Cr,10.282958,42.38987,52.67283
JVASP-53051,1,Cr,10.282958,42.38987,52.67283
JVASP-53051,2,As,63.168667,6.507013,56.66165
JVASP-53051,3,Se,32.163025,46.847595,79.01062
JVASP-4062,0,Ca,62.85962,66.40267,129.2623
JVASP-4062,1,Ca,62.85962,66.402664,129.26228
JVASP-4062,2,Ca,62.85962,66.40267,129.2623
JVASP-4062,3,P,0.0,0.0,0.0
JVASP-4062,4,Cl,58.256214,80.291306,22.035084
JVASP-4062,5,Cl,58.256214,80.291306,22.035084
JVASP-4062,6,Cl,58.256214,80.2913,22.035082
JVASP-44642,0,Li,1.1360284,12.5506315,13.277823
JVASP-44642,1,Li,1.7145287,15.568567,17.132013
JVASP-44642,2,Mn,62.501236,38.226887,61.363033
JVASP-44642,3,Sn,69.70184,24.139969,56.956997
JVASP-44642,4,O,42.10022,42.263924,17.470121
JVASP-44642,5,O,33.70623,27.07462,16.147648
JVASP-44642,6,O,42.10022,42.263924,17.470125
JVASP-44642,7,O,33.70623,27.07462,16.147648
JVASP-15398,0,Na,1.037418,15.404649,14.367232
JVASP-15398,1,S,20.45425,8.555607,11.8986435
JVASP-15398,2,S,20.45425,8.555604,11.898646
JVASP-15398,3,Yb,62.01953,18.705124,43.31441
JVASP-36137,0,H,0.17758942,21.916994,21.739407
JVASP-36137,1,H,0.17758942,21.916994,21.739407
JVASP-36137,2,W,61.754086,3.6295617,65.38365
JVASP-36137,3,W,61.754086,3.62956,65.38365
JVASP-29906,0,Tb,61.58507,97.34736,35.762283
JVASP-29906,1,Tb,61.58507,97.34736,35.762283
JVASP-29906,2,H,2.49603,58.139874,55.64384
JVASP-29906,3,H,2.49603,58.13987,55.64384
JVASP-29906,4,H,6.1090274,26.639437,32.748463
JVASP-29906,5,H,6.1090274,26.639442,32.748466
JVASP-29906,6,Br,42.03406,36.036366,5.9976945
JVASP-29906,7,Br,42.03406,36.03637,5.997692
JVASP-18872,0,Ge,61.50826,79.294754,17.786491
JVASP-18872,1,Ge,61.50826,79.294754,17.786491
JVASP-18872,2,Pd,29.794962,11.452861,18.342102
JVASP-18872,3,Pd,29.794962,11.45286,18.342102
JVASP-18872,4,Sm,25.789745,86.15329,60.363552
JVASP-25363,0,C,40.400684,160.06123,119.69479
JVASP-25363,1,C,40.400684,160.06123,119.69479
JVASP-25403,0,C,41.18491,147.10109,105.918594
JVASP-25403,1,C,41.18491,147.10112,105.91861
JVASP-25403,2,C,39.94016,147.78886,107.855156
JVASP-25403,3,C,39.94016,147.78885,107.85515
JVASP-29709,0,C,19.043644,21.324383,34.343735
JVASP-29709,1,C,30.681976,38.677914,23.557266
JVASP-29709,2,C,30.681976,38.677917,23.557264
JVASP-29709,3,C,19.043455,21.324354,34.343636
JVASP-29709,4,C,19.043455,21.324352,34.34363
JVASP-29709,5,C,19.043644,21.324383,34.343735
JVASP-29709,6,C,30.681976,38.677917,23.557264
JVASP-29709,7,C,30.681976,38.677917,23.557264
JVASP-29568,0,C,40.40876,101.26757,63.577118
JVASP-29568,1,C,40.40876,101.26757,63.577118
JVASP-91,0,C,0.0,0.0,0.0
JVASP-91,1,C,0.0,0.0,0.0
JVASP-48,0,C,41.68664,198.59424,156.9076
JVASP-48,1,C,41.68664,198.59424,156.9076
JVASP-48,2,C,39.212654,221.6228,182.41014
JVASP-48,3,C,39.212654,221.62279,182.41014
JVASP-25071,0,C,40.312477,104.67534,64.36286
JVASP-25071,1,C,40.312477,104.67534,64.36286
JVASP-25183,0,C,41.683784,198.5981,156.9143
JVASP-25183,1,C,41.683784,198.5981,156.9143
JVASP-25183,2,C,39.21143,221.6269,182.41548
JVASP-25183,3,C,39.21143,221.6269,182.41548
JVASP-25225,0,C,16.637217,26.233578,42.79018
JVASP-25225,1,C,16.637217,26.233578,42.79018
JVASP-25225,2,C,16.637217,26.233576,42.790176
JVASP-25225,3,C,16.637217,26.233578,42.79018
JVASP-25225,4,C,29.577364,42.708275,59.38985
JVASP-25225,5,C,29.577364,42.70827,59.38985
JVASP-25225,6,C,29.576982,42.70828,59.389664
JVASP-25225,7,C,29.576982,42.70827,59.38966
JVASP-25258,0,C,19.043644,21.329865,34.349327
JVASP-25258,1,C,30.681976,38.67838,23.555788
JVASP-25258,2,C,30.681976,38.678383,23.555792
JVASP-25258,3,C,19.043455,21.32984,34.34925
JVASP-25258,4,C,19.043455,21.329842,34.34925
JVASP-25258,5,C,19.043644,21.32986,34.349323
JVASP-25258,6,C,30.681976,38.678383,23.555788
JVASP-25258,7,C,30.681976,38.678383,23.555788
JVASP-25289,0,C,40.387592,138.86845,98.52501
JVASP-25289,1,C,40.387592,138.86844,98.525
JVASP-25407,0,C,41.68909,198.65134,156.96223
JVASP-25407,1,C,41.68909,198.65137,156.96228
JVASP-25407,2,C,39.217148,221.67673,182.45958
JVASP-25407,3,C,39.217148,221.67674,182.4596
JVASP-28,0,C,0.0,0.0,0.0
JVASP-28,1,C,0.0,0.0,0.0
JVASP-29213,0,C,40.313297,104.67187,64.358574
JVASP-29213,1,C,40.313297,104.671875,64.358574
JVASP-29779,0,C,40.375874,115.28433,74.908455
JVASP-29779,1,C,40.375355,115.28391,74.908554
JVASP-29779,2,C,40.376057,115.28433,74.90827
JVASP-29779,3,C,40.376057,115.28432,74.908264
JVASP-29779,4,C,40.375874,115.28434,74.90847
JVASP-29779,5,C,40.375355,115.28391,74.908554
JVASP-29779,6,C,40.375355,115.28391,74.908554
JVASP-29779,7,C,40.375355,115.28391,74.908554
JVASP-47,0,C,40.841568,45.428326,4.586757
JVASP-47,1,C,40.841568,45.42833,4.5867624
JVASP-47,2,C,40.731747,45.428326,4.696582
JVASP-47,3,C,40.731342,45.428337,4.696998
JVASP-14740,0,C,41.683784,198.59822,156.91444
JVASP-14740,1,C,41.683372,198.5982,156.91484
JVASP-14740,2,C,39.21143,221.62706,182.41563
JVASP-14740,3,C,39.21143,221.62706,182.41563
JVASP-25229,0,C,40.438778,101.26875,63.55223
JVASP-25229,1,C,40.438778,101.26876,63.552242
JVASP-25229,2,C,40.438778,101.26875,63.55223
JVASP-25229,3,C,40.438778,101.26876,63.552242
JVASP-25229,4,C,40.43959,101.268105,63.55096
JVASP-25229,5,C,40.43959,101.268105,63.55096
JVASP-25229,6,C,40.43959,101.268105,63.55096
JVASP-25229,7,C,40.43959,101.26812,63.550972
JVASP-25238,0,C,4.2188745,3.7835045,8.002378
JVASP-25238,1,C,0.62464386,1.4722586,0.84761626
JVASP-25238,2,C,0.3015427,0.9122865,1.2138288
JVASP-25238,3,C,0.43612233,0.6252608,1.0613825
JVASP-25238,4,C,0.3015427,0.91228133,1.2138234
JVASP-25238,5,C,0.43612233,0.62526846,1.0613902
JVASP-25238,6,C,4.2188745,3.7835078,8.002382
JVASP-25238,7,C,4.1677003,3.356991,7.524691
JVASP-25238,8,C,0.62464386,1.4722577,0.84761554
JVASP-25238,9,C,4.1677003,3.3570006,7.5247006
JVASP-25404,0,C,40.42638,44.88454,4.45816
JVASP-25404,1,C,40.42638,44.88454,4.4581633
JVASP-30458,0,C,40.400684,160.06061,119.694176
JVASP-30458,1,C,40.400684,160.06064,119.69419
JVASP-30517,0,C,41.687458,198.68584,156.99837
JVASP-30517,1,C,41.687458,198.68584,156.99837
JVASP-30517,2,C,39.22,221.71072,182.49074
JVASP-30517,3,C,39.22,221.71072,182.49074
JVASP-78350,0,C,26.50103,152.5817,126.08508
JVASP-78350,1,C,26.50103,152.5817,126.08508
JVASP-78350,2,C,26.50103,152.5817,126.08508
JVASP-78350,3,C,26.50103,152.5817,126.085075
JVASP-7843,0,C,40.411682,169.99791,129.58623
JVASP-7843,1,C,40.411682,169.9979,129.58621
JVASP-7843,2,C,40.411682,169.9984,129.5867
JVASP-7843,3,C,40.411682,169.99779,129.5861
JVASP-7843,4,C,40.411682,169.99779,129.5861
JVASP-7843,5,C,40.411682,169.9984,129.5867
JVASP-78578,0,C,26.187494,152.24269,126.05966
JVASP-78578,1,C,26.187494,152.24269,126.05968
JVASP-78578,2,C,26.187494,152.24269,126.05966
JVASP-78578,3,C,26.187494,152.24269,126.05966
JVASP-8067,0,C,4.2408834,3.3472369,7.58812
JVASP-8067,1,C,4.2408834,3.347234,7.5881176
JVASP-8067,2,C,4.2408834,3.3472362,7.5881195
JVASP-8067,3,C,4.2408834,3.3472383,7.5881214
JVASP-843,0,C,40.463535,138.67284,98.217964
JVASP-843,1,C,40.463535,138.67284,98.217964
JVASP-843,2,C,40.463535,138.67284,98.217964
JVASP-843,3,C,40.463535,138.67285,98.21798
JVASP-843,4,C,40.463535,138.67285,98.21798
JVASP-843,5,C,40.463535,138.67282,98.217964
JVASP-843,6,C,40.463535,138.67285,98.21798
JVASP-843,7,C,40.463535,138.67285,98.21798
JVASP-84774,0,C,40.27985,166.79683,126.540886
JVASP-84774,1,C,40.27985,166.79683,126.54089
JVASP-84774,2,C,40.27985,166.79681,126.54088
JVASP-84774,3,C,40.27985,166.79683,126.54089
JVASP-84774,4,C,40.27985,166.79683,126.54089
JVASP-84774,5,C,40.27985,166.79683,126.54089
JVASP-84774,6,C,40.27985,166.79683,126.540886
JVASP-84774,7,C,40.27985,166.79683,126.54089
JVASP-84784,0,C,41.636425,200.52652,158.89009
JVASP-84784,1,C,41.636425,200.52654,158.8901
JVASP-84784,2,C,38.900345,224.62321,185.72287
JVASP-84784,3,C,38.900345,224.62323,185.72289
JVASP-84984,0,C,40.099373,145.418,105.383194
JVASP-84984,1,C,40.100597,148.71606,108.66225
JVASP-84984,2,C,40.099373,145.418,105.38318
JVASP-84984,3,C,40.099373,145.418,105.383194
JVASP-84984,4,C,40.099373,145.418,105.38318
JVASP-84984,5,C,40.100597,148.71606,108.66224
JVASP-84984,6,C,40.099373,145.418,105.383194
JVASP-84984,7,C,40.100597,148.71606,108.66224
JVASP-84984,8,C,40.100597,148.71606,108.66224
JVASP-84984,9,C,40.100597,148.71606,108.66224
JVASP-84984,10,C,40.099373,145.418,105.38318
JVASP-84984,11,C,40.099373,145.418,105.38318
JVASP-84984,12,C,40.099373,145.418,105.38318
JVASP-84984,13,C,40.100597,148.71608,108.66225
JVASP-84984,14,C,40.100597,148.71606,108.66224
JVASP-84984,15,C,40.100597,148.71606,108.66224
JVASP-84999,0,C,41.04732,232.46094,191.41362
JVASP-84999,1,C,41.047733,232.46095,191.41322
JVASP-84999,2,C,39.150192,261.50952,222.35931
JVASP-84999,3,C,39.150192,261.5095,222.3593
JVASP-25054,0,C,19.8673,36.126926,52.799202
JVASP-25054,1,C,30.009747,79.62021,109.18861
JVASP-25054,2,C,19.8673,36.126926,52.799202
JVASP-25054,3,C,30.009747,79.62021,109.18861
JVASP-25054,4,C,19.8673,36.12693,52.79921
JVASP-25054,5,C,30.009747,79.62021,109.18861
JVASP-25054,6,C,19.8673,36.126926,52.799202
JVASP-25054,7,C,30.009747,79.62022,109.188614
JVASP-25055,0,C,6.708245,39.755497,41.831543
JVASP-25055,1,C,6.708245,39.75549,41.831535
JVASP-25055,2,C,6.708245,39.755497,41.831543
JVASP-25055,3,C,6.708245,39.755493,41.83154
JVASP-25055,4,C,6.708245,39.755493,41.83154
JVASP-25055,5,C,6.708245,39.75549,41.831535
JVASP-25055,6,C,6.708245,39.75549,41.83153
JVASP-25055,7,C,6.708245,39.75549,41.831535
JVASP-25116,0,C,23.152575,182.74197,159.5894
JVASP-25116,1,C,23.152575,182.74196,159.5894
JVASP-25116,2,C,23.152575,182.74197,159.5894
JVASP-25116,3,C,23.152575,182.74196,159.5894
JVASP-25116,4,C,23.152575,182.74196,159.5894
JVASP-25116,5,C,23.152575,182.74196,159.5894
JVASP-25116,6,C,23.152575,182.74196,159.5894
JVASP-25116,7,C,23.152575,182.74196,159.58939
JVASP-25152,0,C,40.411682,169.99724,129.58554
JVASP-25152,1,C,40.411682,169.99734,129.58565
JVASP-25152,2,C,40.411682,169.99734,129.58565
JVASP-25152,3,C,40.411682,169.99724,129.58556
JVASP-25152,4,C,40.411682,169.99783,129.58614
JVASP-25152,5,C,40.411682,169.99783,129.58617
JVASP-25182,0,C,4.2408834,3.3472369,7.58812
JVASP-25182,1,C,4.2408834,3.3472383,7.588122
JVASP-25182,2,C,4.2408834,3.3472378,7.588121
JVASP-25182,3,C,4.2408834,3.3472354,7.5881186
JVASP-25274,0,C,0.5339887,0.4185316,0.9525204
JVASP-25274,1,C,4.2825246,3.1736948,7.456219
JVASP-25274,2,C,0.5339887,0.41853058,0.95251936
JVASP-25274,3,C,4.2825246,3.1736975,7.456222
JVASP-25274,4,C,0.5339887,0.41853598,0.95252466
JVASP-25274,5,C,4.2825246,3.1736922,7.456217
JVASP-25274,6,C,0.5339887,0.41853112,0.9525199
JVASP-25274,7,C,4.2825246,3.1736991,7.4562235
JVASP-25411,0,C,0.0,0.0,0.0
JVASP-29,0,C,0.0,0.0,0.0
JVASP-29,1,C,0.0,0.0,0.0
JVASP-29,2,C,0.0,0.0,0.0
JVASP-29,3,C,0.0,0.0,0.0
JVASP-29,4,C,0.0,0.0,0.0
JVASP-29,5,C,0.0,0.0,0.0
JVASP-29,6,C,0.0,0.0,0.0
JVASP-29,7,C,0.0,0.0,0.0
JVASP-30501,0,C,40.498642,44.330757,3.8321178
JVASP-30501,1,C,40.498642,44.330757,3.8321178
JVASP-29885,0,C,40.428013,169.43945,129.01144
JVASP-29885,1,C,40.428013,169.43948,129.01146
JVASP-29885,2,C,40.4276,169.43997,129.01236
JVASP-29885,3,C,40.4276,169.4394,129.0118
JVASP-29885,4,C,40.4276,169.43942,129.01181
JVASP-29885,5,C,40.4276,169.43996,129.01234
JVASP-844,0,C,42.072437,164.35913,122.316666
JVASP-844,1,C,42.072437,164.35915,122.31669
JVASP-844,2,C,42.072437,164.35915,122.31669
JVASP-844,3,C,42.072437,164.35915,122.31669
JVASP-844,4,C,42.072437,164.35916,122.3167
JVASP-844,5,C,42.072437,164.35913,122.316666
JVASP-844,6,C,42.072437,164.35915,122.31668
JVASP-844,7,C,42.072437,164.35915,122.31669
JVASP-30499,0,C,41.184494,171.56909,130.38458
JVASP-30499,1,C,41.184494,171.56909,130.3846
JVASP-30499,2,C,39.934845,180.61761,140.68277
JVASP-30499,3,C,39.934845,180.61761,140.68277
JVASP-49,0,C,43.333515,202.84087,159.50734
JVASP-49,1,C,43.333923,202.84087,159.50693
JVASP-49,2,C,40.777878,225.91002,185.13213
JVASP-49,3,C,40.777473,225.91002,185.13255
JVASP-14732,0,Ti,22.786787,0.04717212,22.833958
JVASP-14732,1,Ti,22.786787,0.047172114,22.833958
JVASP-14816,0,Ti,0.004472136,7.678227e-05,0.0044090725
JVASP-15716,0,Ti,0.00509902,2.5737752e-05,0.005093009
JVASP-1028,0,Ti,20.011106,8.251179,11.759928
JVASP-1028,1,Ti,18.242575,9.489981,27.732555
JVASP-1028,2,Ti,18.242575,9.489981,27.732557
JVASP-1029,0,Ti,20.059689,11.600852,8.458837
JVASP-1029,1,Ti,20.699411,11.026203,31.725615
JVASP-1029,2,Ti,20.699411,11.026199,31.725613
JVASP-14815,0,Ti,20.060097,11.600858,8.459238
JVASP-14815,1,Ti,20.699821,11.026197,31.726019
JVASP-14815,2,Ti,20.699821,11.026196,31.726017
JVASP-84837,0,Ti,19.88006,12.906156,6.973904
JVASP-84837,1,Ti,21.275043,11.642935,32.917976
JVASP-84837,2,Ti,21.275043,11.64294,32.917984
JVASP-84936,0,Ti,20.033968,8.637118,11.39685
JVASP-84936,1,Ti,18.603874,9.678472,28.282347
JVASP-84936,2,Ti,18.603874,9.678472,28.282347
JVASP-1030,0,Ti,20.370365,23.309431,2.9390664
JVASP-1030,1,Ti,28.236494,13.86444,42.100933
JVASP-1030,2,Ti,28.236494,13.864436,42.10093
JVASP-25181,0,Ti,22.787603,0.047151145,22.834755
JVASP-25181,1,Ti,22.787603,0.047153015,22.834757
JVASP-25319,0,Ti,0.0,0.0,0.0
JVASP-25319,1,Ti,0.0,0.0,0.0
JVASP-25319,2,Ti,0.0,0.0,0.0
JVASP-25319,3,Ti,0.0,0.0,0.0
JVASP-25327,0,Ti,0.0,0.0,0.0
JVASP-25327,1,Ti,0.0,0.0,0.0
JVASP-30486,0,Mg,1.2728071,14.000857,12.728065
JVASP-30486,1,Mg,1.2728071,14.001005,12.728211
JVASP-30486,2,Zn,12.039504,22.4814,10.562502
JVASP-30486,3,Zn,12.039504,22.481451,10.562557
JVASP-56853,0,Mg,7.5628266,24.246147,16.86739
JVASP-56853,1,Mg,7.5628266,24.24614,16.867384
JVASP-56853,2,Zn,46.52719,37.180237,9.668784
JVASP-56853,3,Zn,51.11566,36.317963,17.174047
JVASP-56853,4,Zn,46.52719,37.180237,9.668784
JVASP-56853,5,Zn,51.11566,36.317963,17.17405
JVASP-76677,0,Mg,0.44952643,52.848366,52.398884
JVASP-76677,1,Mg,2.3805044,9.403231,11.783728
JVASP-76677,2,Mg,2.3805044,9.403229,11.783726
JVASP-76677,3,Zn,45.016724,58.285225,103.30195
JVASP-78552,0,Mg,0.0,0.0,0.0
JVASP-78552,1,Zn,0.0,0.0,0.0
JVASP-78553,0,Mg,3.2761986,35.995937,32.719746
JVASP-78553,1,Zn,43.05468,20.2597,22.79498
JVASP-78558,0,Mg,0.29312226,0.22739945,0.5205217
JVASP-78558,1,Zn,0.40171632,0.86844563,0.4667293
JVASP-79184,0,Mg,4.7433643,15.424278,20.159882
JVASP-79184,1,Mg,4.0827675,24.156136,28.074215
JVASP-79184,2,Mg,2.2520995,27.813028,29.57412
JVASP-79184,3,Zn,21.695866,15.443812,10.897031
JVASP-79221,0,Mg,1.3741674,27.20607,25.831905
JVASP-79221,1,Mg,1.3741674,27.20607,25.831905
JVASP-79221,2,Zn,43.01304,29.08268,72.09572
JVASP-79221,3,Zn,43.01304,29.08268,72.09572
JVASP-79752,0,Mg,1.9289744,44.084835,42.15586
JVASP-79752,1,Zn,37.41963,34.497944,71.91757
JVASP-79752,2,Zn,37.292255,14.019992,23.272264
JVASP-79752,3,Zn,37.292255,14.019989,23.272266
JVASP-80528,0,Mg,4.6171007,4.9502535,6.101804
JVASP-80528,1,Mg,4.6171007,4.9502535,6.1018014
JVASP-80528,2,Zn,38.193253,10.348691,28.108624
JVASP-80528,3,Zn,38.193253,10.34869,28.108625
JVASP-80742,0,Mg,0.44951752,52.84832,52.398838
JVASP-80742,1,Mg,2.3809106,9.403181,11.784086
JVASP-80742,2,Mg,2.3809106,9.403177,11.784082
JVASP-80742,3,Zn,45.016724,58.285183,103.30191
JVASP-25263,0,Li,0.4996959,34.345966,34.845665
JVASP-25263,1,Li,0.4996959,34.345966,34.84566
JVASP-25263,2,Li,0.4996959,34.345966,34.845665
JVASP-25263,3,Li,0.4996959,34.345966,34.845665
JVASP-15907,0,Li,0.040472213,0.07577804,0.035426874
JVASP-15907,1,Li,0.040472213,0.075777374,0.03542622
JVASP-25185,0,Li,0.00244949,4.339081e-05,0.0024366383
JVASP-21196,0,Li,0.0064807413,0.00011093324,0.0064503434
JVASP-78522,0,Li,0.68953466,10.261661,9.572129
JVASP-78522,1,Li,0.1445199,2.8610299,2.7165098
JVASP-78522,2,Li,0.1445199,2.8610306,2.7165105
JVASP-84885,0,Li,0.008286535,0.3942192,0.4023868
JVASP-84885,1,Li,0.008286535,0.39421985,0.40238744
JVASP-84885,2,Li,0.017378148,0.3942992,0.4114555
JVASP-84885,3,Li,0.008286535,0.394527,0.40269455
JVASP-84885,4,Li,0.008831761,0.39427403,0.4028532
JVASP-84885,5,Li,0.017204652,0.39445904,0.4116081
JVASP-84885,6,Li,0.008831761,0.39427447,0.40285364
JVASP-84885,7,Li,0.008286535,0.39452556,0.4026931
JVASP-84885,8,Li,0.017204652,0.39445904,0.4116081
JVASP-85002,0,Li,0.01,0.04316961,0.03343352
JVASP-85002,1,Li,0.01,0.04316916,0.033433046
JVASP-85002,2,Li,0.0034641018,0.046182867,0.04869332
JVASP-25065,0,Li,0.040472213,0.075911865,0.035559073
JVASP-25065,1,Li,0.040472213,0.075912364,0.035559557
JVASP-25117,0,Li,0.015937379,0.065617576,0.04970138
JVASP-25117,1,Li,0.015937379,0.065547675,0.04963113
JVASP-25117,2,Li,0.0050990195,0.07001566,0.065131746
JVASP-25117,3,Li,0.015937379,0.06554639,0.049629856
JVASP-25117,4,Li,0.015937379,0.06561795,0.049701773
JVASP-25117,5,Li,0.0037416576,0.07002037,0.066350184
JVASP-25117,6,Li,0.015937379,0.06585869,0.049941983
JVASP-25117,7,Li,0.015937379,0.06585577,0.04993906
JVASP-25117,8,Li,0.0037416576,0.07001807,0.066347875
JVASP-913,0,Li,0.0,0.0,0.0
JVASP-913,1,Li,0.0,0.0,0.0
JVASP-25393,0,Li,0.014764823,0.06338627,0.048708573
JVASP-25393,1,Li,0.018384777,0.06338352,0.045017198
JVASP-25393,2,Li,0.014764823,0.06338475,0.048707057
JVASP-25393,3,Li,0.018384777,0.063382104,0.04501579
JVASP-25163,0,Sm,0.26622295,0.047964294,0.3141398
JVASP-25359,0,Sm,30.932219,4.802945,26.129272
JVASP-25359,1,Sm,33.8683,4.1753173,29.692986
JVASP-25359,2,Sm,33.8683,4.1753187,29.692982
JVASP-14811,0,Sm,28.175255,3.749024,24.426231
JVASP-14811,1,Sm,28.175255,3.7490256,24.426231
JVASP-1005,0,Sm,21.826586,3.3112478,18.515339
JVASP-1005,1,Sm,21.826586,3.3112469,18.515339
JVASP-1005,2,Sm,18.199709,3.3112497,14.888459
JVASP-1005,3,Sm,18.199709,3.311251,14.888457
JVASP-14812,0,Sm,21.829445,3.3118668,18.517578
JVASP-14812,1,Sm,21.829445,3.311868,18.517578
JVASP-14812,2,Sm,18.20216,3.311869,14.89029
JVASP-14812,3,Sm,18.20216,3.3118699,14.890289
JVASP-8176,0,Sm,31.019114,4.803525,26.215588
JVASP-8176,1,Sm,34.10792,4.175595,29.932325
JVASP-8176,2,Sm,34.10792,4.1755943,29.932325
JVASP-8176,3,Sm,31.019114,4.8026466,26.216467
JVASP-8176,4,Sm,34.10792,4.175189,29.932732
JVASP-8176,5,Sm,34.10792,4.175143,29.932777
JVASP-8176,6,Sm,31.019114,4.8026457,26.216467
JVASP-8176,7,Sm,34.10792,4.1751437,29.932777
JVASP-8176,8,Sm,34.10792,4.17519,29.93273
JVASP-84872,0,Sm,22.58756,3.5450187,19.042543
JVASP-84872,1,Sm,22.58756,3.5450177,19.042543
JVASP-84872,2,Sm,18.634493,3.5450177,15.089476
JVASP-84872,3,Sm,18.634493,3.5450175,15.089477
JVASP-84971,0,Sm,19.305655,2.0901027,17.215551
JVASP-84971,1,Sm,19.305655,2.0901017,17.215553
JVASP-84971,2,Sm,16.870861,2.0901031,14.780759
JVASP-84971,3,Sm,16.870861,2.0901022,14.78076
JVASP-1004,0,Sm,18.720226,1.83219,16.888035
JVASP-1004,1,Sm,18.720226,1.8321894,16.888035
JVASP-1004,2,Sm,16.429953,1.8321936,14.597759
JVASP-1004,3,Sm,16.429953,1.8321913,14.597761
JVASP-25317,0,Sm,28.175255,3.7490232,24.426233
JVASP-25317,1,Sm,28.175255,3.7490246,24.426231
JVASP-16079,0,Cr,0.0060000005,8.9947374e-05,0.0059121563
JVASP-14625,0,Cr,0.0,0.0,0.0
JVASP-14625,1,Cr,0.0,0.0,0.0
JVASP-14625,2,Cr,8.587912,28.877203,20.28929
JVASP-14625,3,Cr,8.587912,28.8772,20.289288
JVASP-14625,4,Cr,8.587911,28.877203,20.28929
JVASP-14625,5,Cr,8.587911,28.877203,20.289293
JVASP-14625,6,Cr,8.587912,28.877214,20.289303
JVASP-14625,7,Cr,8.587912,28.877214,20.289303
JVASP-14827,0,Cr,10.269489,19.104881,29.37437
JVASP-14827,1,Cr,10.269489,19.104881,29.37437
JVASP-25361,0,Cr,10.269487,19.105219,29.374706
JVASP-25361,1,Cr,10.269487,19.105219,29.374706
JVASP-78338,0,Cr,0.0,0.0,0.0
JVASP-78338,1,Cr,0.0,0.0,0.0
JVASP-78428,0,Cr,43.653168,39.74502,18.026083
JVASP-78428,1,Cr,43.653168,39.745014,18.026085
JVASP-78428,2,Cr,43.653168,39.74502,18.026083
JVASP-78428,3,Cr,43.653168,39.74502,18.026083
JVASP-861,0,Cr,0.0,0.0,0.0
JVASP-861,1,Cr,0.0,0.0,0.0
JVASP-25153,0,Cr,0.0,0.0,0.0
JVASP-25153,1,Cr,0.0,0.0,0.0
JVASP-25153,2,Cr,8.587912,28.877207,20.289295
JVASP-25153,3,Cr,8.587912,28.877201,20.28929
JVASP-25153,4,Cr,8.587911,28.877205,20.289293
JVASP-25153,5,Cr,8.587911,28.877207,20.289293
JVASP-25153,6,Cr,8.587912,28.87721,20.289299
JVASP-25153,7,Cr,8.587912,28.877216,20.289305
JVASP-25343,0,Cr,0.0,0.0,0.0
JVASP-25343,1,Cr,0.0,0.0,0.0
JVASP-25343,2,Cr,0.0,0.0,0.0
JVASP-25343,3,Cr,0.0,0.0,0.0
JVASP-17835,0,Fe,34.983593,8.575243,42.07092
JVASP-17835,1,Fe,34.983593,8.575241,42.070923
JVASP-17835,2,Fe,34.983593,8.575239,42.07092
JVASP-17835,3,Fe,34.983593,8.575243,42.07092
JVASP-17835,4,B,2.647158,3.439307,5.9717793
JVASP-17835,5,B,2.647158,3.439307,5.97178
JVASP-17835,6,B,2.647158,3.4393063,5.9717793
JVASP-17835,7,B,2.647158,3.4393096,5.9717817
JVASP-36150,0,Fe,39.384876,7.8049974,43.524315
JVASP-36150,1,Fe,39.384876,7.8049965,43.524315
JVASP-36150,2,B,1.8981165,8.54085,10.380277
JVASP-36150,3,B,1.8981165,8.540848,10.380276
JVASP-20238,0,B,13.411846,13.742114,27.153961
JVASP-20238,1,B,13.411846,13.742112,27.15396
JVASP-20238,2,Fe,19.152386,26.736649,45.153564
JVASP-20238,3,Fe,19.151247,26.736645,45.15243
JVASP-20238,4,Fe,19.152386,26.736649,45.153564
JVASP-20238,5,Fe,19.151247,26.736643,45.15243
JVASP-20507,0,B,13.411846,13.742114,27.153961
JVASP-20507,1,B,13.411846,13.742112,27.15396
JVASP-20507,2,Fe,19.152386,26.736649,45.153564
JVASP-20507,3,Fe,19.151247,26.736643,45.15243
JVASP-20507,4,Fe,19.152386,26.736645,45.15356
JVASP-20507,5,Fe,19.151247,26.736643,45.15243
JVASP-56195,0,Fe,51.322933,11.005926,62.32886
JVASP-56195,1,B,13.018222,13.2682705,0.25004846
JVASP-56195,2,B,13.018222,13.2682705,0.25004923
JVASP-63698,0,B,10.772856,27.091354,37.864212
JVASP-63698,1,B,10.772856,21.094513,31.867369
JVASP-63698,2,Fe,60.091423,67.238655,24.112074
JVASP-63698,3,Fe,60.091423,67.238655,24.112076
JVASP-63698,4,Fe,60.08578,67.23865,24.11359
JVASP-63698,5,Fe,60.08578,67.23866,24.11246
JVASP-86154,0,Fe,61.0756,78.61014,18.34483
JVASP-86154,1,Fe,61.0756,78.61016,18.344856
JVASP-86154,2,B,10.833276,39.95117,50.784447
JVASP-86756,0,Fe,61.0756,78.61015,18.344843
JVASP-86756,1,Fe,61.0756,78.61017,18.344868
JVASP-86756,2,B,10.833276,39.95118,50.78446
JVASP-25392,0,Kr,0.11881077,0.0019770712,0.11683398
JVASP-25392,1,Kr,0.121260054,0.0019762404,0.11928383
JVASP-25392,2,Kr,0.11881077,0.001976252,0.116834804
JVASP-25392,3,Kr,0.121260054,0.0019753955,0.11928515
JVASP-25382,0,Kr,0.0,0.0,0.0
JVASP-84820,0,Kr,0.00489898,0.060052462,0.05515348
JVASP-84820,1,Kr,0.005715476,0.06005003,0.054334555
JVASP-84868,0,Kr,0.0,0.0,0.0
JVASP-84868,1,Kr,0.0,0.0,0.0
JVASP-84868,2,Kr,0.0,0.0,0.0
JVASP-84868,3,Kr,0.0,0.0,0.0
JVASP-84919,0,Kr,0.05021952,0.014887863,0.035334297
JVASP-84919,1,Kr,0.05021952,0.014886953,0.0353352
JVASP-25213,0,Kr,0.017204652,0.014804295,0.0027383713
JVASP-25213,1,Kr,0.017204652,0.014807219,0.0027358523
JVASP-907,0,Kr,0.0,0.0,0.0
JVASP-907,1,Kr,0.0,0.0,0.0
JVASP-907,2,Kr,0.0,0.0,0.0
JVASP-907,3,Kr,0.0,0.0,0.0
JVASP-25391,0,Kr,0.060016666,0.010146643,0.07016275
JVASP-25391,1,Kr,0.014696939,0.0082417885,0.0064551607
JVASP-25391,2,Kr,0.014696939,0.008019873,0.0066770916
JVASP-25391,3,Kr,0.060016666,0.010046912,0.070062965
JVASP-25391,4,Kr,0.014696939,0.0080185635,0.0066784024
JVASP-25391,5,Kr,0.014696939,0.008243038,0.0064539094
JVASP-25391,6,Kr,0.060016666,0.01004735,0.0700634
JVASP-25391,7,Kr,0.014696939,0.008030129,0.0066668177
JVASP-25391,8,Kr,0.014696939,0.00803158,0.006665366
JVASP-16065,0,Ag,0.9475446,1.2080909,0.26054755
JVASP-16065,1,Ag,0.9475446,1.2080839,0.2605405
JVASP-16065,2,Ag,3.3006876,1.2081085,2.092579
JVASP-16065,3,Ag,3.3006876,1.2081094,2.0925782
JVASP-25121,0,Ag,1.0324602,2.522513,1.4900533
JVASP-25121,1,Ag,1.0324602,2.5225387,1.4900789
JVASP-16261,0,Ag,1.031239,2.5224087,1.4911764
JVASP-16261,1,Ag,1.0316457,2.5223985,1.4907568
JVASP-812,0,Ag,0.0,0.0,0.0
JVASP-812,1,Ag,0.0,0.0,0.0
JVASP-812,2,Ag,0.0,0.0,0.0
JVASP-812,3,Ag,0.0,0.0,0.0
JVASP-814,0,Ag,0.0,0.0,0.0
JVASP-814,1,Ag,0.0,0.0,0.0
JVASP-814,2,Ag,0.0,0.0,0.0
JVASP-814,3,Ag,0.0,0.0,0.0
JVASP-25401,0,Ag,1.6705526,2.159718,3.8302703
JVASP-25401,1,Ag,0.38212302,2.2180338,2.6001546
JVASP-25401,2,Ag,0.38212302,2.217555,2.5996757
JVASP-25401,3,Ag,1.6705526,2.1604555,3.831008
JVASP-25401,4,Ag,0.38212302,2.2175546,2.5996752
JVASP-25401,5,Ag,0.38212302,2.2180307,2.6001515
JVASP-25401,6,Ag,1.6705526,2.1604552,3.8310077
JVASP-25401,7,Ag,0.38212302,2.2179873,2.6001081
JVASP-25401,8,Ag,0.38212302,2.217996,2.600117
JVASP-25341,0,Ag,0.94672805,1.2078483,0.26112184
JVASP-25341,1,Ag,0.94672805,1.2078536,0.2611271
JVASP-25341,2,Ag,3.3006876,1.2078435,2.092844
JVASP-25341,3,Ag,3.3006876,1.2078421,2.0928454
JVASP-17670,0,B,13.861404,38.163616,52.02502
JVASP-17670,1,B,13.861404,38.163612,52.025017
JVASP-17670,2,Mn,23.808672,46.734844,60.827076
JVASP-17670,3,Mn,23.811655,46.735527,60.833103
JVASP-17670,4,Mn,23.811655,46.735523,60.833103
JVASP-17670,5,Mn,23.808672,46.734837,60.827072
JVASP-16044,0,Mn,14.27878,24.057274,25.614279
JVASP-16044,1,Mn,14.27878,24.057274,25.614275
JVASP-16044,2,Mn,14.27878,24.05727,25.614275
JVASP-16044,3,Mn,14.27878,24.05727,25.614277
JVASP-16044,4,B,2.3140879,25.628284,24.751194
JVASP-16044,5,B,2.3140879,25.628286,24.751198
JVASP-16044,6,B,2.3140879,25.628286,24.751196
JVASP-16044,7,B,2.3140879,25.628288,24.751198
JVASP-14798,0,Mn,25.022762,16.254395,41.277157
JVASP-14798,1,B,12.22622,25.119057,12.892838
JVASP-14798,2,B,12.22622,25.11906,12.892839
JVASP-19590,0,B,17.369001,14.605806,17.291906
JVASP-19590,1,B,17.368526,14.605803,17.291668
JVASP-19590,2,B,17.369001,14.605807,17.291904
JVASP-19590,3,B,17.368526,14.6058035,17.29167
JVASP-19590,4,Mn,46.351578,42.352806,82.821014
JVASP-15887,0,B,7.3675556,16.017176,18.708988
JVASP-15887,1,B,7.3675556,16.017178,18.70899
JVASP-15887,2,B,6.1210504,6.4021106,0.39475545
JVASP-15887,3,B,6.1210504,6.4021106,0.3947561
JVASP-15887,4,Mn,13.734032,20.010458,33.638924
JVASP-15887,5,Mn,13.734032,20.010456,33.638924
JVASP-15887,6,Mn,11.022668,65.22043,67.297455
JVASP-78264,0,Mn,25.025211,16.256943,41.282158
JVASP-78264,1,B,12.226628,25.117416,12.89079
JVASP-78264,2,B,12.226628,25.117422,12.890794
JVASP-14824,0,In,26.20327,43.312595,17.10933
JVASP-78323,0,In,36.188763,52.41215,16.223389
JVASP-78323,1,In,36.188763,52.412148,16.223385
JVASP-84779,0,In,14.95087,28.69824,13.74737
JVASP-84779,1,In,14.95087,28.69824,13.747371
JVASP-84890,0,In,13.61753,25.371883,11.7543545
JVASP-84890,1,In,13.61753,25.37188,11.75435
JVASP-898,0,In,26.588394,43.1925,16.604107
JVASP-898,1,In,26.588394,43.1925,16.604105
JVASP-25375,0,In,0.6564648,0.18175456,0.47471157
JVASP-25375,1,In,0.6564648,0.18176071,0.4747054
JVASP-5173,0,Pb,20.285448,2.1882417,18.097208
JVASP-5173,1,I,14.438108,5.6213593,20.059467
JVASP-5173,2,I,14.438108,5.6213512,20.05946
JVASP-29322,0,Pb,20.27253,4.0530915,16.21944
JVASP-29322,1,Pb,20.193819,4.0543814,16.139439
JVASP-29322,2,I,17.167875,5.969231,23.137106
JVASP-29322,3,I,17.167875,5.9692383,23.137114
JVASP-29322,4,I,18.866098,5.9724617,24.83856
JVASP-29322,5,I,18.866098,5.9724627,24.83856
JVASP-29527,0,Pb,20.412823,3.674288,16.738535
JVASP-29527,1,Pb,20.099289,3.1845195,16.914768
JVASP-29527,2,Pb,20.034378,3.2633939,16.770983
JVASP-29527,3,I,18.154394,6.7566805,24.911074
JVASP-29527,4,I,15.871469,4.2670355,20.138504
JVASP-29527,5,I,15.692656,6.3248906,22.017546
JVASP-29527,6,I,16.084574,7.004758,23.089333
JVASP-29527,7,I,15.344012,4.368355,19.712368
JVASP-29527,8,I,18.249107,6.642558,24.891665
JVASP-29539,0,Pb,20.214006,4.1678734,16.046133
JVASP-29539,1,Pb,20.214006,4.1678734,16.046133
JVASP-29539,2,I,16.73124,6.3612823,23.092522
JVASP-29539,3,I,19.237068,6.34795,25.585018
JVASP-29539,4,I,19.237068,6.3479443,25.585012
JVASP-29539,5,I,16.73124,6.3612876,23.092525
JVASP-29586,0,Pb,18.582167,4.0404177,14.541749
JVASP-29586,1,Pb,18.582167,4.040421,14.541746
JVASP-29586,2,I,16.260284,3.9290519,20.189337
JVASP-29586,3,I,16.260284,3.9290533,20.189339
JVASP-29586,4,I,18.87197,10.666403,29.538372
JVASP-29586,5,I,18.87197,10.666397,29.538364
JVASP-161,0,I,19.992474,9.761872,29.754347
JVASP-161,1,I,19.992474,9.761874,29.754349
JVASP-161,2,Pb,16.9952,5.8175983,11.177602
JVASP-15944,0,Ni,3.0190258,1.4185927,4.4376087
JVASP-15944,1,Ni,3.0190258,1.4185978,4.437614
JVASP-78336,0,Ni,0.0,0.0,0.0
JVASP-78336,1,Ni,0.0,0.0,0.0
JVASP-78336,2,Ni,0.0,0.0,0.0
JVASP-78336,3,Ni,0.0,0.0,0.0
JVASP-942,0,Ni,0.03622154,0.0004938936,0.0367051
JVASP-25058,0,Ni,0.0,0.0,0.0
JVASP-25058,1,Ni,0.0,0.0,0.0
JVASP-25070,0,Ni,3.0190258,1.4185897,4.437606
JVASP-25070,1,Ni,3.0190258,1.4185967,4.437613
JVASP-944,0,Ni,0.0,0.0,0.0
JVASP-944,1,Ni,0.0,0.0,0.0
JVASP-944,2,Ni,0.0,0.0,0.0
JVASP-944,3,Ni,0.0,0.0,0.0
JVASP-14857,0,Cu,31.753607,34.168148,2.4145572
JVASP-14857,1,Zr,3.4628959,5.1755123,8.638407
JVASP-14857,2,Zr,3.4628959,5.175511,8.638406
JVASP-20625,0,Zr,0.0,0.0,0.0
JVASP-20625,1,Cu,0.0,0.0,0.0
JVASP-55158,0,Zr,34.807262,39.70773,73.83934
JVASP-55158,1,Zr,34.807262,39.707714,73.839325
JVASP-55158,2,Zr,34.91258,64.91813,99.8307
JVASP-55158,3,Cu,0.017146429,11.811062,11.828208
JVASP-78780,0,Zr,0.0,0.0,0.0
JVASP-78780,1,Cu,0.0,0.0,0.0
JVASP-79629,0,Zr,23.440737,32.657436,54.481083
JVASP-79629,1,Zr,23.440737,32.657436,54.481083
JVASP-79629,2,Cu,52.043922,55.896843,14.668188
JVASP-79629,3,Cu,52.043922,55.896843,14.668185
JVASP-11949,0,Mg,0.0,0.0,0.0
JVASP-11949,1,Ni,0.0,0.0,0.0
JVASP-35775,0,Mg,3.6301436,11.027892,14.658036
JVASP-35775,1,Ni,3.93633,16.496437,20.432768
JVASP-11989,0,Mg,34.886833,45.904682,11.585516
JVASP-11989,1,Mg,2.1036925,12.947446,10.850543
JVASP-11989,2,Mg,2.1027434,12.947595,10.851735
JVASP-11989,3,Ni,42.453033,30.757202,15.791037
JVASP-11989,4,Ni,42.46175,36.253773,10.817574
JVASP-11989,5,Ni,42.437847,30.757143,15.77202
JVASP-78473,0,Mg,7.93553,15.362297,23.297827
JVASP-78473,1,Mg,7.93553,15.362299,23.29783
JVASP-78473,2,Ni,0.24658197,12.062981,12.309563
JVASP-78473,3,Ni,0.24658197,12.06298,12.309561
JVASP-78473,4,Ni,0.24658197,12.062977,12.309559
JVASP-78473,5,Ni,0.24658197,12.062977,12.309559
JVASP-79172,0,Mg,3.2383947,2.1350214,5.372503
JVASP-79172,1,Mg,3.2438262,2.1373184,5.3807483
JVASP-79172,2,Mg,3.3305445,2.0682,5.3987136
JVASP-79172,3,Ni,0.6335787,0.100963846,0.5399618
JVASP-25161,0,Pb,19.507738,2.902855,16.604881
JVASP-25161,1,Pb,19.507738,2.9028506,16.604885
JVASP-17815,0,Pb,19.505287,2.904111,16.601175
JVASP-17815,1,Pb,19.505287,2.9041119,16.601175
JVASP-78365,0,Pb,26.654123,31.076357,4.422235
JVASP-78365,1,Pb,26.654123,31.076359,4.4222374
JVASP-78365,2,Pb,26.654123,31.073668,4.4195466
JVASP-78365,3,Pb,26.653305,31.073874,4.4205685
JVASP-78365,4,Pb,26.653305,31.073868,4.4205623
JVASP-78365,5,Pb,26.654123,31.073668,4.4195466
JVASP-962,0,Pb,0.0,0.0,0.0
JVASP-962,1,Pb,0.0,0.0,0.0
JVASP-962,2,Pb,0.0,0.0,0.0
JVASP-962,3,Pb,0.0,0.0,0.0
JVASP-25166,0,Pb,0.0,0.0,0.0
JVASP-25166,1,Pb,0.0,0.0,0.0
JVASP-17954,0,Ca,1.2369931,8.856025,10.093018
JVASP-17954,1,Ca,1.2369931,8.856025,10.093018
JVASP-17954,2,In,53.04615,38.822212,14.223938
JVASP-17954,3,In,53.04615,38.82221,14.223943
JVASP-17954,4,In,53.04615,38.822205,14.223947
JVASP-17954,5,In,53.04615,38.82221,14.223943
JVASP-17994,0,Ca,0.016062379,0.18194824,0.1978885
JVASP-17994,1,In,0.33269608,0.2606746,0.59336346
JVASP-17651,0,Ca,0.0,0.0,0.0
JVASP-17651,1,In,0.0,0.0,0.0
JVASP-55193,0,Ca,52.455414,2.9015882,49.553825
JVASP-55193,1,Ca,52.455414,2.901588,49.553825
JVASP-55193,2,In,61.198868,5.2749104,66.47378
JVASP-55193,3,In,61.198868,5.274911,66.47378
JVASP-55193,4,In,61.198868,5.274911,66.47378
JVASP-55193,5,In,61.198868,5.274911,66.47378
JVASP-14547,0,Li,0.0,0.0,0.0
JVASP-14547,1,Ag,0.0,0.0,0.0
JVASP-38577,0,Li,0.22616956,21.98798,22.21415
JVASP-38577,1,Li,0.22616956,21.987982,22.214153
JVASP-38577,2,Li,0.8205791,10.602156,11.422735
JVASP-38577,3,Li,0.22616956,21.987976,22.214148
JVASP-38577,4,Li,0.22616956,21.987976,22.214146
JVASP-38577,5,Li,0.8205791,10.602155,11.422733
JVASP-38577,6,Ag,13.498322,0.66414046,14.162462
JVASP-38577,7,Ag,13.498322,0.6641435,14.162465
JVASP-41991,0,Li,0.0032659862,2.4429028,2.446169
JVASP-41991,1,Li,0.0032659862,2.4429078,2.4461737
JVASP-41991,2,Ag,33.14813,7.0207796,40.168907
JVASP-41991,3,Ag,33.14813,7.02078,40.168907
JVASP-41991,4,Ag,60.60364,24.013264,84.61691
JVASP-41991,5,Ag,33.14813,7.0207744,40.168903
JVASP-41991,6,Ag,33.14813,7.02078,40.168907
JVASP-41991,7,Ag,60.60364,24.01327,84.61691
JVASP-79464,0,Li,0.48581547,16.561857,17.047674
JVASP-79464,1,Li,0.48581547,16.561861,17.047676
JVASP-79464,2,Li,0.48581547,16.56186,17.047674
JVASP-79464,3,Li,0.48581547,16.561857,17.047672
JVASP-79464,4,Ag,47.12736,19.342196,66.46956
JVASP-79464,5,Ag,47.12736,19.342197,66.46956
JVASP-79464,6,Ag,47.12736,19.342194,66.46956
JVASP-79464,7,Ag,47.12736,19.342196,66.46956
JVASP-38583,0,Nd,7.5183005,2.1964817,5.321819
JVASP-38583,1,Nd,7.5183005,2.1964824,5.3218184
JVASP-38583,2,Nd,35.33144,2.995608,32.33583
JVASP-38583,3,Nd,7.5183005,2.1964812,5.3218193
JVASP-38583,4,Nd,7.5183005,2.1964822,5.3218184
JVASP-38583,5,Nd,35.33144,2.995608,32.33583
JVASP-38583,6,Ho,7.7550845,1.3279703,9.083055
JVASP-38583,7,Ho,7.7550845,1.3279705,9.083055
JVASP-38585,0,Nd,21.948244,4.6409426,17.3073
JVASP-38585,1,Nd,21.948244,4.640942,17.3073
JVASP-38585,2,Nd,21.948244,4.640941,17.307302
JVASP-38585,3,Ho,0.0,0.0,0.0
JVASP-38915,0,Nd,0.0,0.0,0.0
JVASP-38915,1,Ho,5.959609,12.714555,6.754946
JVASP-38915,2,Ho,5.959609,12.71456,6.754951
JVASP-38915,3,Ho,5.959609,12.714553,6.754945
JVASP-39313,0,Nd,50.23046,17.716213,32.514248
JVASP-39313,1,Nd,50.23046,17.716213,32.514248
JVASP-39313,2,Ho,62.036983,9.8558,52.97038
JVASP-39313,3,Ho,62.036983,9.855802,52.97038
JVASP-39313,4,Ho,62.03664,9.855811,52.970097
JVASP-39313,5,Ho,62.03664,9.85581,52.970097
JVASP-39313,6,Ho,62.03664,9.85581,52.970097
JVASP-39313,7,Ho,62.03664,9.85581,52.970097
JVASP-36039,0,Pt,0.0,0.0,0.0
JVASP-36039,1,C,0.0,0.0,0.0
JVASP-35796,0,Pt,0.0,0.0,0.0
JVASP-35796,1,C,0.0,0.0,0.0
JVASP-35797,0,Pt,0.0,0.0,0.0
JVASP-35797,1,C,0.0,0.0,0.0
JVASP-36368,0,Pt,49.934074,103.63983,53.705757
JVASP-36368,1,C,9.006774,33.594852,24.588076
JVASP-18594,0,Ag,31.040932,34.360344,3.319412
JVASP-18594,1,Ag,31.040932,34.360348,3.3194149
JVASP-18594,2,Tb,0.7515371,19.834103,20.585615
JVASP-20646,0,Tb,0.0,0.0,0.0
JVASP-20646,1,Ag,0.0,0.0,0.0
JVASP-37523,0,Tb,48.136555,20.89385,27.242706
JVASP-37523,1,Tb,48.136555,20.893845,27.24271
JVASP-37523,2,Ag,12.312768,36.136658,23.823887
JVASP-37523,3,Ag,12.312768,36.136658,23.823893
JVASP-37523,4,Ag,41.917305,14.864654,56.781956
JVASP-37523,5,Ag,12.312768,36.136658,23.823887
JVASP-37523,6,Ag,12.312768,36.136654,23.823885
JVASP-37523,7,Ag,41.917305,14.864653,56.781956
JVASP-20744,0,Tb,0.0,0.0,0.0
JVASP-20744,1,Ag,0.0,0.0,0.0
JVASP-55129,0,Na,17.651562,87.11278,69.46121
JVASP-55129,1,Nb,44.9485,28.523855,16.424644
JVASP-55129,2,O,2.371737,3.7808104,6.152547
JVASP-55129,3,O,2.371737,3.780813,6.1525497
JVASP-8033,0,Na,0.0,0.0,0.0
JVASP-8033,1,Nb,0.0,0.0,0.0
JVASP-8033,2,O,9.122716,10.28306,19.405777
JVASP-8033,3,O,9.122716,10.283063,19.405779
JVASP-8033,4,O,9.122716,10.28306,19.405777
JVASP-9598,0,Na,15.366759,18.809248,6.892452
JVASP-9598,1,Na,15.366759,18.809248,6.8924537
JVASP-9598,2,Nb,2.482966,8.14962,5.666654
JVASP-9598,3,Nb,2.482966,8.149617,5.6666512
JVASP-9598,4,O,12.4334135,24.4401,19.054632
JVASP-9598,5,O,12.4334135,24.4401,19.054632
JVASP-9598,6,O,12.4334135,24.440102,19.054636
JVASP-9598,7,O,12.4334135,24.4401,19.054632
JVASP-9598,8,O,10.588327,22.467815,11.879488
JVASP-9598,9,O,10.588327,22.467815,11.879488
JVASP-9604,0,O,22.638266,27.537195,16.069666
JVASP-9604,1,O,22.638908,27.537186,16.069328
JVASP-9604,2,O,22.638475,27.537199,16.069695
JVASP-9604,3,O,22.638365,27.537191,16.069815
JVASP-9604,4,O,22.63902,27.53719,16.069374
JVASP-9604,5,O,22.637865,27.537186,16.069118
JVASP-9604,6,Na,9.60939,21.168633,11.559241
JVASP-9604,7,Na,9.60939,21.168625,11.559235
JVASP-9604,8,Nb,36.968872,6.803313,30.16556
JVASP-9604,9,Nb,36.968872,6.803303,30.165571
JVASP-1870,0,Li,0.60005,24.812872,24.212824
JVASP-1870,1,O,4.7985163,4.2870173,9.085533
JVASP-1870,2,O,4.7985163,4.287012,9.085528
JVASP-1870,3,V,3.6725447,38.50958,42.182125
JVASP-43067,0,Li,0.34417146,23.04821,22.704056
JVASP-43067,1,Li,0.34417146,23.04821,22.704056
JVASP-43067,2,V,6.030644,11.52869,17.559334
JVASP-43067,3,O,3.5958521,12.229467,8.633616
JVASP-43067,4,O,3.5958521,12.229467,8.633616
JVASP-43461,0,Li,0.4453725,34.23914,34.105915
JVASP-43461,1,V,7.971526,17.605696,23.17395
JVASP-43461,2,V,39.962418,32.010284,47.88651
JVASP-43461,3,V,39.962467,32.016743,47.88988
JVASP-43461,4,O,18.61137,24.741879,7.0907
JVASP-43461,5,O,31.098059,38.069298,14.69458
JVASP-43461,6,O,18.61137,24.741879,7.0907006
JVASP-43461,7,O,31.098059,38.0693,14.694579
JVASP-78960,0,Li,0.5919685,24.810957,24.218996
JVASP-78960,1,V,3.688932,38.502647,42.191578
JVASP-78960,2,O,4.807532,4.287192,9.094724
JVASP-78960,3,O,4.807532,4.287187,9.094719
JVASP-36428,0,Zr,0.0,0.0,0.0
JVASP-36428,1,C,0.0,0.0,0.0
JVASP-15060,0,C,0.0,0.0,0.0
JVASP-15060,1,Zr,0.008,0.00011700435,0.007934067
JVASP-36426,0,Zr,0.0,0.0,0.0
JVASP-36426,1,C,0.0,0.0,0.0
JVASP-36542,0,Zr,15.080284,2.5405405,12.539743
JVASP-36542,1,Zr,15.080284,2.540541,12.539743
JVASP-36542,2,C,35.735603,54.268684,90.00429
JVASP-36542,3,C,35.735603,54.268684,90.00429
JVASP-14960,0,V,33.577606,18.862646,14.71496
JVASP-14960,1,V,33.577606,18.862648,14.714958
JVASP-14960,2,V,33.577606,18.86265,14.714956
JVASP-14960,3,V,33.577606,18.862652,14.714955
JVASP-14960,4,V,33.577606,18.862656,14.714949
JVASP-14960,5,V,33.577606,18.862658,14.714948
JVASP-14960,6,Si,0.0,0.0,0.0
JVASP-14960,7,Si,0.0,0.0,0.0
JVASP-54901,0,V,19.955175,20.29641,40.251583
JVASP-54901,1,V,19.955175,20.29642,40.251595
JVASP-54901,2,V,19.955175,20.296412,40.251587
JVASP-54901,3,V,19.955175,20.296413,40.25159
JVASP-54901,4,V,19.955175,20.296415,40.25159
JVASP-54901,5,V,19.955175,20.296412,40.251587
JVASP-54901,6,Si,0.0,0.0,0.0
JVASP-54901,7,Si,0.0,0.0,0.0
JVASP-16320,0,V,28.348705,15.622151,21.418678
JVASP-16320,1,V,28.34938,15.622108,21.419779
JVASP-16320,2,V,28.342155,15.622133,21.415073
JVASP-16320,3,Si,27.15936,18.83991,10.864787
JVASP-16320,4,Si,27.158775,18.839912,10.864419
JVASP-16320,5,Si,27.158775,18.83991,10.864332
JVASP-16320,6,Si,27.15936,18.839914,10.864786
JVASP-16320,7,Si,27.158775,18.839914,10.864417
JVASP-16320,8,Si,27.158775,18.83991,10.864331
JVASP-16412,0,V,28.346846,15.621827,21.417885
JVASP-16412,1,V,28.344084,15.621953,21.416222
JVASP-16412,2,V,28.346842,15.621788,21.418526
JVASP-16412,3,Si,27.159412,18.839996,10.864856
JVASP-16412,4,Si,27.15936,18.83986,10.864845
JVASP-16412,5,Si,27.159412,18.83999,10.864769
JVASP-16412,6,Si,27.159412,18.839996,10.864856
JVASP-16412,7,Si,27.15936,18.839857,10.864846
JVASP-16412,8,Si,27.159412,18.839987,10.864771
JVASP-11948,0,Nb,0.0,0.0,0.0
JVASP-11948,1,Co,0.0,0.0,0.0
JVASP-11986,0,Nb,14.161725,6.098437,20.260162
JVASP-11986,1,Nb,14.159276,6.099934,20.25921
JVASP-11986,2,Co,22.662567,4.293523,19.237484
JVASP-11986,3,Co,22.663498,4.292936,19.238277
JVASP-11986,4,Co,22.661535,4.2921286,19.235912
JVASP-11986,5,Co,22.661674,4.293063,19.236673
JVASP-11986,6,Co,22.661545,4.2922525,19.235874
JVASP-11986,7,Co,22.662596,4.292703,19.236835
JVASP-35682,0,Nb,0.0,0.0,0.0
JVASP-35682,1,Co,19.308512,14.884588,34.1931
JVASP-35682,2,Co,19.308512,14.884589,34.1931
JVASP-35682,3,Co,19.308512,14.88459,34.1931
JVASP-78467,0,Nb,0.0,0.0,0.0
JVASP-78467,1,Co,0.0,0.0,0.0
JVASP-36145,0,Fe,0.0,0.0,0.0
JVASP-36145,1,Co,17.796358,16.545506,1.2508535
JVASP-36145,2,Co,17.796358,16.545506,1.2508533
JVASP-36145,3,Co,17.796358,16.545506,1.2508523
JVASP-20389,0,Fe,0.0,0.0,0.0
JVASP-20389,1,Co,0.0,0.0,0.0
JVASP-78768,0,Fe,0.0,0.0,0.0
JVASP-78768,1,Co,0.0,0.0,0.0
JVASP-79278,0,Fe,11.855531,9.064349,20.91988
JVASP-79278,1,Fe,16.355337,35.304874,19.147879
JVASP-79278,2,Fe,16.355337,35.30487,19.147877
JVASP-79278,3,Co,16.200926,3.0294895,13.171434
JVASP-36648,0,Mg,1.2762039,3.8969746,2.6208012
JVASP-36648,1,Mg,1.2762039,3.8969717,2.620798
JVASP-36648,2,Te,3.2431245,1.1797607,4.422885
JVASP-36648,3,Te,3.2431245,1.1797599,4.4228845
JVASP-36238,0,Mg,0.0073484695,7.173698e-06,0.0073484257
JVASP-36238,1,Te,0.0,0.0,0.0
JVASP-1273,0,Mg,0.52425945,0.0962573,0.4280217
JVASP-1273,1,Mg,0.52425945,0.096252516,0.42802656
JVASP-1273,2,Te,3.9346974,0.51785386,4.452551
JVASP-1273,3,Te,3.9346974,0.5178561,4.4525533
JVASP-7762,0,Mg,0.0,0.0,0.0
JVASP-7762,1,Mg,0.0,0.0,0.0
JVASP-7762,2,Mg,0.0,0.0,0.0
JVASP-7762,3,Mg,0.0,0.0,0.0
JVASP-7762,4,Te,0.0,0.0,0.0
JVASP-7762,5,Te,0.0,0.0,0.0
JVASP-7762,6,Te,0.0,0.0,0.0
JVASP-7762,7,Te,0.0,0.0,0.0
JVASP-14818,0,Nb,0.00972968,0.00025204683,0.009904725
JVASP-16082,0,Nb,0.011135529,0.00012011618,0.011246977
JVASP-934,0,Nb,0.0,0.0,0.0
JVASP-934,1,Nb,0.0,0.0,0.0
JVASP-25346,0,Nb,0.0,0.0,0.0
JVASP-25346,1,Nb,0.0,0.0,0.0
JVASP-25346,2,Nb,0.0,0.0,0.0
JVASP-25346,3,Nb,0.0,0.0,0.0
JVASP-14955,0,Al,39.766167,18.10522,21.660944
JVASP-14955,1,Al,7.362251,7.721438,15.083689
JVASP-14955,2,Al,7.362251,7.721438,15.08369
JVASP-14955,3,V,56.56215,20.35127,76.91342
JVASP-36199,0,Al,14.622637,3.4962392,18.118876
JVASP-36199,1,Al,14.622637,3.4962356,18.118872
JVASP-36199,2,Al,14.622637,3.496238,18.118876
JVASP-36199,3,V,0.0,0.0,0.0
JVASP-19691,0,Al,0.0,0.0,0.0
JVASP-19691,1,Al,0.0,0.0,0.0
JVASP-19691,2,V,51.821407,7.551658,59.373062
JVASP-19691,3,V,51.821407,7.5516615,59.373062
JVASP-19691,4,V,51.821404,7.551662,59.373066
JVASP-19691,5,V,51.821404,7.551659,59.373062
JVASP-19691,6,V,51.821407,7.551658,59.373062
JVASP-19691,7,V,51.821407,7.5516553,59.373062
JVASP-35826,0,B,17.943737,2.2587523,20.20249
JVASP-35826,1,C,25.642485,12.542203,13.100282
JVASP-35826,2,C,6.9475694,14.205816,7.2582464
JVASP-35826,3,C,7.4652276,7.479229,0.014004964
JVASP-35826,4,C,7.8359175,8.800315,0.9643977
JVASP-35826,5,C,7.9020543,35.98063,43.882687
JVASP-37915,0,B,26.779047,0.175617,26.60343
JVASP-37915,1,B,26.779047,0.17561741,26.60343
JVASP-37915,2,C,55.03636,20.066214,75.10257
JVASP-37915,3,C,55.03636,20.066214,75.10257
JVASP-62645,0,B,23.651972,34.154236,57.108368
JVASP-62645,1,C,30.28747,26.671768,7.161515
JVASP-62645,2,C,30.28747,26.671766,7.161517
JVASP-62645,3,C,26.850225,35.890957,50.25984
JVASP-62645,4,C,6.5858145,15.581057,20.68106
JVASP-62645,5,C,3.1559098,27.15215,29.534971
JVASP-62645,6,C,7.2718143,15.809384,17.835192
JVASP-62645,7,C,7.2718143,15.809382,17.835192
JVASP-35765,0,Sc,7.1606755,7.425277,14.585952
JVASP-35765,1,Ag,53.12453,25.757088,27.367445
JVASP-35765,2,Ag,53.12453,25.757088,27.367443
JVASP-18593,0,Sc,15.195266,6.848526,8.34674
JVASP-18593,1,Ag,37.93903,3.9230216,38.146652
JVASP-18593,2,Ag,37.93827,3.9230065,38.14592
JVASP-18593,3,Ag,37.93827,3.9230065,38.14592
JVASP-18593,4,Ag,37.93903,3.923021,38.146652
JVASP-16438,0,Sc,0.0,0.0,0.0
JVASP-16438,1,Ag,0.0,0.0,0.0
JVASP-19794,0,Pd,50.96,49.23761,1.7223902
JVASP-19794,1,Zn,23.22116,7.4869637,15.734199
JVASP-41548,0,Zn,0.53400934,2.2462332,1.7122515
JVASP-41548,1,Pd,4.5474777,30.944109,35.491585
JVASP-41548,2,Pd,4.5474777,30.944109,35.491585
JVASP-41548,3,Pd,46.946922,57.49241,10.545487
JVASP-79936,0,Zn,23.817205,31.202854,7.38565
JVASP-79936,1,Zn,23.817205,31.202852,7.385648
JVASP-79936,2,Zn,45.009373,48.835743,3.826367
JVASP-79936,3,Pd,38.024246,3.5393286,34.484917
JVASP-36666,0,Rh,4.383694,1.856517,6.2391973
JVASP-36666,1,Zr,0.34464476,5.8277698,5.493942
JVASP-7997,0,Zr,0.0,0.0,0.0
JVASP-7997,1,Rh,48.5595,0.77058506,49.330086
JVASP-7997,2,Rh,48.5595,0.77058685,49.330086
JVASP-7997,3,Rh,48.5595,0.7705859,49.330086
JVASP-8024,0,Zr,0.0,0.0,0.0
JVASP-8024,1,Rh,0.0,0.0,0.0
JVASP-10666,0,B,39.56897,20.78242,47.00713
JVASP-10666,1,B,39.56973,20.782393,47.007572
JVASP-10666,2,B,39.56973,20.782393,47.007576
JVASP-10666,3,B,39.56897,20.782417,47.007126
JVASP-10666,4,C,39.43765,12.762292,27.776026
JVASP-10666,5,C,39.437664,12.762288,27.775906
JVASP-10666,6,C,39.43765,12.762292,27.776026
JVASP-10666,7,C,39.437664,12.762288,27.775904
JVASP-10666,8,Ca,4.555088,5.251536,0.6964515
JVASP-10666,9,Ca,4.555088,5.251536,0.69645154
JVASP-62718,0,Ca,1.8077234,7.6486626,9.456386
JVASP-62718,1,Ca,1.8077234,7.6486626,9.456386
JVASP-62718,2,B,24.415964,9.879727,19.360867
JVASP-62718,3,B,24.415964,9.879731,19.360863
JVASP-62718,4,B,24.415964,9.879723,19.360868
JVASP-62718,5,B,24.415964,9.879723,19.360868
JVASP-62718,6,C,46.66942,31.53026,46.76223
JVASP-62718,7,C,46.66942,31.530258,46.76223
JVASP-62718,8,C,46.66942,31.530262,46.762234
JVASP-62718,9,C,46.66942,31.530262,46.76223
JVASP-63225,0,Ca,1.8142555,7.6310596,9.445315
JVASP-63225,1,Ca,1.8142555,7.6310596,9.445315
JVASP-63225,2,B,24.414421,9.847433,19.394693
JVASP-63225,3,B,24.414421,9.847433,19.394695
JVASP-63225,4,B,24.414421,9.847433,19.394697
JVASP-63225,5,B,24.414421,9.84743,19.394697
JVASP-63225,6,C,46.66741,31.551374,46.794434
JVASP-63225,7,C,46.66741,31.551378,46.794434
JVASP-63225,8,C,46.66741,31.551374,46.794434
JVASP-63225,9,C,46.66741,31.551374,46.794434
JVASP-14714,0,Nb,1.2427077,7.7493415,8.992049
JVASP-14714,1,Ru,45.414356,18.582745,26.83161
JVASP-16587,0,Nb,0.0,0.0,0.0
JVASP-16587,1,Ru,0.0,0.0,0.0
JVASP-16588,0,Nb,0.0,0.0,0.0
JVASP-16588,1,Ru,9.89104,21.92396,12.03292
JVASP-16588,2,Ru,9.89104,21.923958,12.032918
JVASP-16588,3,Ru,9.89104,21.92396,12.032919
JVASP-39144,0,Sc,0.0,0.0,0.0
JVASP-39144,1,Ru,44.213287,37.457443,6.755843
JVASP-39144,2,Ru,44.213287,37.45745,6.755836
JVASP-39144,3,Ru,44.213287,37.457443,6.7558455
JVASP-79009,0,Sc,2.242916,4.174806,1.9318901
JVASP-79009,1,Sc,2.242916,4.1748047,1.9318888
JVASP-79009,2,Ru,17.011707,18.268833,1.2571257
JVASP-79009,3,Ru,17.011707,18.268833,1.2571254
JVASP-79009,4,Ru,28.842741,36.897057,8.054315
JVASP-79009,5,Ru,17.011707,18.268835,1.2571281
JVASP-79009,6,Ru,17.011707,18.268835,1.2571288
JVASP-79009,7,Ru,28.842741,36.897057,8.054317
JVASP-8729,0,Sc,0.0,0.0,0.0
JVASP-8729,1,Ru,0.0,0.0,0.0
JVASP-2259,0,O,6.2985578,20.080297,13.781741
JVASP-2259,1,O,6.2985578,20.080297,13.781741
JVASP-2259,2,F,13.044113,24.916077,11.8719635
JVASP-2259,3,F,13.044113,24.916077,11.871963
JVASP-2259,4,Y,16.679342,15.917207,0.76214004
JVASP-2259,5,Y,16.679342,15.917212,0.76213443
JVASP-51415,0,Y,15.538899,15.802229,0.54877096
JVASP-51415,1,Y,15.538899,15.802225,0.54876864
JVASP-51415,2,O,6.480301,20.238148,13.758967
JVASP-51415,3,O,6.480301,20.238152,13.758971
JVASP-51415,4,F,12.978365,25.16427,12.19045
JVASP-51415,5,F,12.978365,25.16427,12.190449
JVASP-7646,0,Y,42.363926,20.528788,21.835138
JVASP-7646,1,Y,42.363926,20.52879,21.835136
JVASP-7646,2,O,3.5321643,3.6527314,0.12056702
JVASP-7646,3,O,3.5321643,3.6527262,0.1205621
JVASP-7646,4,F,5.161075,5.099291,10.260366
JVASP-7646,5,F,5.161075,5.099296,10.260371
JVASP-1408,0,Al,0.0,0.0,0.0
JVASP-1408,1,Sb,0.0,0.0,0.0
JVASP-35259,0,Al,4.578271,31.434105,34.58901
JVASP-35259,1,Al,4.578271,31.434101,34.589005
JVASP-35259,2,Sb,43.62698,6.0983424,47.541725
JVASP-35259,3,Sb,43.62698,6.098343,47.541725
JVASP-35748,0,Al,1.1969839,1.1062897,2.3032737
JVASP-35748,1,Al,1.1969839,1.1062891,2.3032732
JVASP-35748,2,Sb,17.2885,2.2857985,19.574297
JVASP-35748,3,Sb,17.2885,2.285804,19.574303
JVASP-67279,0,Li,2.5290983,36.964386,34.435287
JVASP-67279,1,Be,3.1500695,10.691184,7.5411515
JVASP-67279,2,Fe,30.979921,9.843809,40.82373
JVASP-67288,0,Li,0.600125,6.07222,5.4720955
JVASP-67288,1,Be,2.1628995,5.0718956,2.9089959
JVASP-67288,2,Be,1.080225,21.764757,20.68453
JVASP-67288,3,Fe,25.798025,19.540531,6.2574935
JVASP-67585,0,Be,0.0069761495,1.8311546,1.8246244
JVASP-67585,1,Fe,38.531292,13.001022,51.532314
JVASP-67585,2,Li,0.4131545,0.39564383,0.80879474
JVASP-14852,0,Zn,0.008485282,7.088539e-05,0.008488634
JVASP-14852,1,Y,0.0014142137,9.591394e-05,0.0014277012
JVASP-1396,0,Y,0.0,0.0,0.0
JVASP-1396,1,Zn,0.0,0.0,0.0
JVASP-18797,0,Y,24.659014,1.4702836,26.129297
JVASP-18797,1,Zn,3.2522528,36.211784,37.784973
JVASP-18797,2,Zn,36.106705,84.96472,48.858017
JVASP-18797,3,Zn,36.106705,84.964714,48.85801
JVASP-18797,4,Zn,3.2539845,36.211163,37.78821
JVASP-18797,5,Zn,3.2539845,36.211163,37.78821
JVASP-14920,0,Li,0.040422767,13.840502,13.800085
JVASP-14920,1,Li,0.040422767,13.840499,13.800082
JVASP-14920,2,Nd,12.690807,27.519325,40.210133
JVASP-14920,3,As,7.224362,1.7168821,5.5074797
JVASP-14920,4,As,7.224362,1.7168844,5.5074778
JVASP-61379,0,As,7.346785,1.734251,5.612716
JVASP-61379,1,As,7.346785,1.7342491,5.6127186
JVASP-61379,2,Li,0.040422767,13.830157,13.789741
JVASP-61379,3,Li,0.040422767,13.830153,13.789737
JVASP-61379,4,Nd,12.836629,27.498041,40.33462
JVASP-8172,0,Li,0.34171042,26.62974,26.288036
JVASP-8172,1,Li,0.120024994,4.908479,4.7884545
JVASP-8172,2,Li,0.120024994,4.9084773,4.788452
JVASP-8172,3,Nd,34.223045,18.255325,15.967721
JVASP-8172,4,As,12.251531,10.59136,22.842892
JVASP-8172,5,As,12.251531,10.591355,22.842886
JVASP-39320,0,Li,0.067769215,17.555338,17.623108
JVASP-39320,1,In,3.6399417,3.5685089,7.2084503
JVASP-39320,2,In,3.6399417,3.5685065,7.208448
JVASP-39320,3,In,32.426346,27.214268,5.212078
JVASP-40271,0,Li,0.0,0.0,0.0
JVASP-40271,1,In,14.104162,23.191603,9.0874405
JVASP-40271,2,In,14.104162,23.191603,9.0874405
JVASP-40271,3,In,14.104162,23.191603,9.08744
JVASP-8484,0,Li,0.07299315,3.551702,3.4787126
JVASP-8484,1,Li,0.07299315,3.5517023,3.4787128
JVASP-8484,2,Li,0.33424243,25.268906,25.60315
JVASP-8484,3,In,6.7820244,0.7571033,7.539128
JVASP-8484,4,In,6.7820244,0.75710243,7.539127
JVASP-13969,0,S,23.587973,8.278053,15.309918
JVASP-13969,1,S,23.913921,11.718306,12.195614
JVASP-13969,2,K,29.179892,18.37787,10.802023
JVASP-13969,3,Sn,9.076875,20.232649,11.155775
JVASP-14923,0,S,23.587582,8.277905,15.309678
JVASP-14923,1,S,23.912785,11.718152,12.1946335
JVASP-14923,2,K,29.180605,18.377758,10.802847
JVASP-14923,3,Sn,9.0769415,20.232908,11.155967
JVASP-57449,0,K,29.529436,53.764637,24.235203
JVASP-57449,1,Sn,16.243055,0.3973462,16.640402
JVASP-57449,2,S,30.31193,21.851143,8.460787
JVASP-57449,3,S,30.31193,21.851143,8.460787
JVASP-19821,0,Mg,4.0747275,14.030256,18.104982
JVASP-19821,1,B,26.246283,5.116868,31.363153
JVASP-19821,2,B,26.246283,5.1168675,31.363152
JVASP-1150,0,Mg,4.2400703,14.56245,18.802519
JVASP-1150,1,B,26.396927,5.4895077,31.886435
JVASP-1150,2,B,26.396927,5.489509,31.886435
JVASP-1151,0,Mg,4.0747275,14.030258,18.104984
JVASP-1151,1,B,26.246283,5.116865,31.363146
JVASP-1151,2,B,26.246283,5.116864,31.363146
JVASP-39152,0,Mg,0.020412415,0.74525946,0.76567185
JVASP-39152,1,Cr,0.6221704,4.015685,4.6378555
JVASP-79168,0,Mg,21.809113,5.4579854,17.309
JVASP-79168,1,Mg,22.399027,9.625698,13.698663
JVASP-79168,2,Mg,15.146791,6.5780683,14.751439
JVASP-79168,3,Cr,23.941349,10.040152,14.914179
JVASP-38942,0,Mg,16.067837,2.061749,18.129585
JVASP-38942,1,Mg,4.116776,16.546946,12.430169
JVASP-38942,2,Mg,4.116776,16.546946,12.430169
JVASP-38942,3,Mg,16.067837,2.0617478,18.129583
JVASP-38942,4,Mg,4.116776,16.546947,12.430171
JVASP-38942,5,Mg,4.116776,16.54695,12.430172
JVASP-38942,6,Cr,8.381337,9.778071,1.396734
JVASP-38942,7,Cr,8.381337,9.778071,1.3967341
JVASP-38204,0,Rb,11.756735,9.852027,1.9047073
JVASP-38204,1,Rb,11.756735,9.852027,1.9047078
JVASP-38204,2,Rb,11.756735,9.852027,1.9047077
JVASP-38204,3,Sr,0.0,0.0,0.0
JVASP-38288,0,Rb,0.0,0.0,0.0
JVASP-38288,1,Sr,17.173372,20.635078,3.4617052
JVASP-38288,2,Sr,17.173372,20.635078,3.4617052
JVASP-38288,3,Sr,17.173372,20.635078,3.4617052
JVASP-38295,0,Rb,1.2239283,1.7146187,0.49069032
JVASP-38295,1,Rb,1.2239283,1.7146175,0.4906892
JVASP-38295,2,Sr,4.868769,10.282977,5.4142075
JVASP-38295,3,Sr,4.868769,10.282977,5.4142075
JVASP-38295,4,Sr,21.551426,19.042618,2.5088093
JVASP-38295,5,Sr,4.868769,10.282974,5.4142056
JVASP-38295,6,Sr,4.868769,10.282977,5.4142075
JVASP-38295,7,Sr,21.551426,19.042616,2.5088103
JVASP-15824,0,Li,0.10051866,19.542004,19.642433
JVASP-15824,1,V,11.090065,10.984246,22.07431
JVASP-15824,2,S,5.3251905,0.4613946,5.786585
JVASP-15824,3,S,5.3251905,0.46139488,5.7865853
JVASP-22706,0,Li,0.16166632,25.233225,25.07156
JVASP-22706,1,Li,0.16166633,25.233223,25.071556
JVASP-22706,2,Li,0.16166633,25.233227,25.07156
JVASP-22706,3,V,0.0,0.0,0.0
JVASP-22706,4,S,8.49728,18.229782,9.732501
JVASP-22706,5,S,8.49728,18.22978,9.732501
JVASP-22706,6,S,8.49728,18.22978,9.732501
JVASP-22706,7,S,8.49728,18.229778,9.732499
JVASP-49843,0,Li,0.25842986,29.137865,28.879442
JVASP-49843,1,V,19.60939,2.8240917,22.433481
JVASP-49843,2,S,8.270702,11.744766,20.015469
JVASP-49843,3,S,8.270702,11.744766,20.015469
JVASP-38182,0,K,2.206174,2.0685527,0.13762093
JVASP-38182,1,K,2.206174,2.0685525,0.13762112
JVASP-38182,2,Sr,5.980021,5.67594,0.304081
JVASP-38182,3,Sr,5.980021,5.6759405,0.3040804
JVASP-38182,4,Sr,16.47037,13.896912,2.5734575
JVASP-38182,5,Sr,5.980021,5.67594,0.30408078
JVASP-38182,6,Sr,5.980021,5.675941,0.30407983
JVASP-38182,7,Sr,16.47037,13.896912,2.5734575
JVASP-38514,0,K,2.9960678,2.9319227,0.24359562
JVASP-38514,1,K,2.997291,2.9319541,0.24366862
JVASP-38514,2,K,2.997291,2.9319541,0.24366866
JVASP-38514,3,K,2.9960678,2.9319232,0.24359572
JVASP-38514,4,K,2.997291,2.9319546,0.24366878
JVASP-38514,5,K,2.997291,2.9319546,0.24366851
JVASP-38514,6,Sr,0.32700765,0.41666898,0.7436761
JVASP-38514,7,Sr,0.32700765,0.41666946,0.7436766
JVASP-39293,0,K,3.0047076,8.103175,5.0984674
JVASP-39293,1,K,3.0047076,8.103175,5.098468
JVASP-39293,2,K,3.986953,5.1018114,1.1148586
JVASP-39293,3,K,3.0047076,8.103175,5.0984674
JVASP-39293,4,K,3.0047076,8.103176,5.098469
JVASP-39293,5,K,3.986953,5.101812,1.1148587
JVASP-39293,6,Sr,0.3151677,2.6762507,2.9914181
JVASP-39293,7,Sr,0.3151677,2.6762507,2.9914184
JVASP-3690,0,K,0.0,0.0,0.0
JVASP-3690,1,Mg,0.0,0.0,0.0
JVASP-3690,2,H,6.184962,34.255054,40.440014
JVASP-3690,3,H,6.184962,34.255047,40.44001
JVASP-3690,4,H,6.184962,34.255047,40.440006
JVASP-35658,0,K,0.0,0.0,0.0
JVASP-35658,1,Mg,0.0,0.0,0.0
JVASP-35658,2,H,4.5723805,49.09595,44.523575
JVASP-35658,3,H,4.5723805,49.09596,44.523575
JVASP-35658,4,H,4.5723805,49.09595,44.52357
JVASP-3720,0,H,5.940672,57.347076,63.117226
JVASP-3720,1,H,5.9406695,57.347046,63.117218
JVASP-3720,2,H,2.880304,29.043573,31.923878
JVASP-3720,3,H,2.880304,29.043573,31.923878
JVASP-3720,4,Mg,5.5965796,17.055182,22.651758
JVASP-3720,5,K,1.7409235,15.828461,14.087539
JVASP-3720,6,K,1.7409235,15.828461,14.087539
JVASP-11946,0,Co,0.0,0.0,0.0
JVASP-11946,1,Ni,0.0,0.0,0.0
JVASP-11947,0,Co,0.82792753,1.5019394,0.6740119
JVASP-11947,1,Co,0.82792753,1.5019407,0.67401314
JVASP-11947,2,Co,0.82792753,1.5019397,0.6740122
JVASP-11947,3,Ni,0.0,0.0,0.0
JVASP-78447,0,Co,0.0,0.0,0.0
JVASP-78447,1,Ni,0.0,0.0,0.0
JVASP-17404,0,Sn,0.004,0.00012504557,0.0041039046
JVASP-17404,1,Sb,0.0,0.0,0.0
JVASP-19782,0,Sn,0.0,0.0,0.0
JVASP-19782,1,Sb,0.0,0.0,0.0
JVASP-16282,0,Sn,0.0,0.0,0.0
JVASP-16282,1,Sn,0.0,0.0,0.0
JVASP-16282,2,Sn,0.0,0.0,0.0
JVASP-16282,3,Sn,0.0,0.0,0.0
JVASP-16282,4,Sb,0.0,0.0,0.0
JVASP-16282,5,Sb,0.0,0.0,0.0
JVASP-16282,6,Sb,0.0,0.0,0.0
JVASP-16282,7,Sb,0.0,0.0,0.0
JVASP-20652,0,Zr,0.0,0.0,0.0
JVASP-20652,1,Co,0.0,0.0,0.0
JVASP-78775,0,Zr,0.0,0.0,0.0
JVASP-78775,1,Co,0.0,0.0,0.0
JVASP-20748,0,Zr,0.0,0.0,0.0
JVASP-20748,1,Co,0.0,0.0,0.0
JVASP-38001,0,Na,57.859398,48.443157,106.30255
JVASP-38001,1,Na,57.859398,48.443172,106.30257
JVASP-38001,2,Na,57.859398,48.443157,106.30255
JVASP-38001,3,Br,0.0,0.0,0.0
JVASP-38001,4,O,0.0,0.0,0.0
JVASP-4002,0,O,9.033556,56.52899,47.495434
JVASP-4002,1,Na,31.392466,2.3758216,29.016645
JVASP-4002,2,Na,60.742523,40.20457,25.717382
JVASP-4002,3,Na,31.392466,2.3758268,29.01664
JVASP-4002,4,Na,60.74101,40.204617,25.715986
JVASP-4002,5,Br,2.2951312,40.699093,42.99423
JVASP-4002,6,Br,2.2951312,40.699097,42.99423
JVASP-86267,0,Eu,46.393337,9.670759,56.064095
JVASP-86267,1,Eu,46.393337,9.670758,56.064095
JVASP-86267,2,Cl,62.7147,79.54895,24.537718
JVASP-86267,3,Cl,62.71532,79.54943,24.538475
JVASP-86267,4,Cl,62.716057,79.549774,24.537783
JVASP-86267,5,Cl,62.7147,79.54894,24.537716
JVASP-86267,6,Cl,62.71532,79.54943,24.538475
JVASP-86267,7,Cl,62.715855,79.549774,24.538315
JVASP-86869,0,Eu,46.39456,9.670813,56.065372
JVASP-86869,1,Eu,46.39456,9.67081,56.06537
JVASP-86869,2,Cl,62.715645,79.549095,24.537228
JVASP-86869,3,Cl,62.71491,79.54832,24.536798
JVASP-86869,4,Cl,62.716637,79.54876,24.53658
JVASP-86869,5,Cl,62.715645,79.54911,24.537241
JVASP-86869,6,Cl,62.716057,79.54832,24.53678
JVASP-86869,7,Cl,62.716637,79.54876,24.536583
JVASP-35691,0,Sr,56.680378,15.58365,41.09673
JVASP-35691,1,Sr,59.31766,17.711279,41.60638
JVASP-35691,2,S,0.6442158,3.2791562,3.9233718
JVASP-35691,3,O,0.33313063,3.1903846,2.8572538
JVASP-35180,0,Sr,47.5054,17.727331,29.77807
JVASP-35180,1,Sr,0.0,0.0,0.0
JVASP-35180,2,Sr,47.5054,17.727335,29.778067
JVASP-35180,3,Sr,47.5054,17.727335,29.778067
JVASP-35180,4,S,0.27107686,1.6346724,1.3635955
JVASP-35180,5,S,0.27107686,1.6346716,1.3635948
JVASP-35180,6,S,0.27107686,1.6346726,1.3635957
JVASP-35180,7,O,0.0,0.0,0.0
JVASP-38385,0,Ge,36.53577,86.109406,122.64518
JVASP-38385,1,Ge,36.53577,86.10941,122.64519
JVASP-38385,2,Ge,36.535774,86.1094,122.64517
JVASP-38385,3,B,0.0,0.0,0.0
JVASP-38482,0,Ge,59.16356,46.75718,13.540576
JVASP-38482,1,Ge,59.16356,46.757175,13.540578
JVASP-38482,2,Ge,59.16377,46.75735,13.540779
JVASP-38482,3,Ge,59.16356,46.757175,13.54058
JVASP-38482,4,Ge,59.16356,46.757175,13.540578
JVASP-38482,5,Ge,59.16377,46.75735,13.540779
JVASP-38482,6,B,14.603858,0.05356467,14.550299
JVASP-38482,7,B,14.603858,0.05355979,14.550303
JVASP-36877,0,Ca,1.0619172,9.451381,10.512297
JVASP-36877,1,Tl,57.888695,17.878399,75.76493
JVASP-36877,2,Cl,25.44856,118.53421,94.96529
JVASP-36877,3,Cl,25.440605,118.523476,94.960365
JVASP-36877,4,Cl,25.525759,118.384186,94.62204
JVASP-37000,0,Ca,10.874718,12.716598,15.335777
JVASP-37000,1,Ca,10.874718,12.716599,15.335779
JVASP-37000,2,Tl,25.245243,20.508135,14.898137
JVASP-37000,3,Tl,25.245243,20.508133,14.898138
JVASP-37000,4,Cl,30.824406,58.239243,38.649124
JVASP-37000,5,Cl,30.824406,58.239246,38.649128
JVASP-37000,6,Cl,30.824406,58.239243,38.649128
JVASP-37000,7,Cl,30.824406,58.239246,38.649128
JVASP-37000,8,Cl,34.229317,103.18727,77.6358
JVASP-37000,9,Cl,34.229317,103.18726,77.635796
JVASP-2598,0,Mg,56.6518,45.93617,10.71563
JVASP-2598,1,Mg,56.651802,45.936165,10.715635
JVASP-2598,2,Mg,56.6518,45.936165,10.715633
JVASP-2598,3,N,0.0,0.0,0.0
JVASP-2598,4,F,57.046986,19.440178,37.606808
JVASP-2598,5,F,57.046986,19.440178,37.606804
JVASP-2598,6,F,57.046986,19.440178,37.606808
JVASP-8131,0,N,1.7162075,2.6534436,0.93723667
JVASP-8131,1,N,1.7162075,2.6534443,0.93723726
JVASP-8131,2,F,18.372337,35.30316,16.930824
JVASP-8131,3,F,18.372337,35.30316,16.930824
JVASP-8131,4,Mg,47.077682,14.175704,52.595165
JVASP-8131,5,Mg,47.07706,14.175693,52.594334
JVASP-8131,6,Mg,47.077682,14.175704,52.59517
JVASP-8131,7,Mg,47.07706,14.175694,52.594334
JVASP-29546,0,Cr,1.3840259,35.340473,36.434658
JVASP-29546,1,Cr,1.3840259,35.340477,36.43466
JVASP-29546,2,I,25.87636,38.7065,14.413722
JVASP-29546,3,I,25.87636,38.7065,14.413723
JVASP-29546,4,I,39.784866,44.175014,8.869978
JVASP-29546,5,I,39.78487,44.17501,8.870668
JVASP-4201,0,Cr,0.70667815,43.725418,44.432095
JVASP-4201,1,Cr,0.70667815,43.724365,44.43104
JVASP-4201,2,Cr,0.70667815,43.72435,44.43103
JVASP-4201,3,I,56.375004,43.744946,12.630061
JVASP-4201,4,I,56.375004,43.74459,12.630415
JVASP-4201,5,I,56.375004,43.744602,12.630403
JVASP-4201,6,I,56.375004,43.744946,12.630062
JVASP-4201,7,I,56.375004,43.74831,12.626694
JVASP-4201,8,I,56.375004,43.74831,12.626694
JVASP-39315,0,Li,0.0,0.0,0.0
JVASP-39315,1,Ho,3.831002,15.79874,19.629742
JVASP-39315,2,Ho,3.831002,15.798741,19.629744
JVASP-39315,3,Ho,3.831002,15.798741,19.629744
JVASP-39319,0,Li,0.7160675,26.544966,25.828897
JVASP-39319,1,Li,0.7160675,26.544964,25.828896
JVASP-39319,2,Ho,20.269526,44.704216,24.434687
JVASP-39319,3,Ho,20.269526,44.704212,24.434683
JVASP-39319,4,Ho,55.983086,26.002197,29.98089
JVASP-39319,5,Ho,20.269526,44.704216,24.434687
JVASP-39319,6,Ho,20.269526,44.704216,24.43469
JVASP-39319,7,Ho,55.983086,26.002195,29.98089
JVASP-17612,0,Mn,46.96162,36.44709,10.514529
JVASP-17612,1,Mn,46.961617,36.44709,10.514529
JVASP-17612,2,Mn,46.96162,36.447094,10.514524
JVASP-17612,3,Ge,0.0,0.0,0.0
JVASP-17718,0,Mn,37.995262,42.51367,4.5184135
JVASP-17718,1,Mn,37.995262,42.513668,4.518409
JVASP-17718,2,Mn,48.804855,13.814759,34.990097
JVASP-17718,3,Mn,48.804855,13.814761,34.990097
JVASP-17718,4,Ge,55.44624,30.630322,24.815922
JVASP-17718,5,Ge,55.44624,30.630316,24.815926
JVASP-78941,0,Tl,53.89581,44.467102,98.21555
JVASP-78941,1,Sb,14.979121,23.942636,9.158097
JVASP-78941,2,Te,21.44391,46.96878,25.612894
JVASP-78941,3,Te,21.44391,46.968784,25.612898
JVASP-8063,0,Sb,15.075475,23.130701,8.055224
JVASP-8063,1,Te,18.555407,45.74674,27.191332
JVASP-8063,2,Te,18.555407,45.746735,27.191328
JVASP-8063,3,Tl,55.02344,45.939117,100.962555
JVASP-50620,0,Li,1.2027044,24.442762,23.24006
JVASP-50620,1,Co,28.73823,18.381773,47.120003
JVASP-50620,2,S,54.235783,43.453014,10.782772
JVASP-50620,3,S,3.067986,8.000662,11.068648
JVASP-50866,0,Li,0.041665334,14.193742,14.15224
JVASP-50866,1,Li,0.041665334,14.193741,14.152239
JVASP-50866,2,Co,33.425766,21.732656,12.037444
JVASP-50866,3,Co,33.425766,21.732653,12.037448
JVASP-50866,4,S,32.84277,3.8331285,30.452045
JVASP-50866,5,S,32.84277,3.8331285,30.452045
JVASP-50866,6,S,32.84277,3.8331294,30.452045
JVASP-50866,7,S,32.84277,3.8331258,30.452044
JVASP-37206,0,Mg,27.37223,3.753612,31.125843
JVASP-37206,1,Mg,27.37223,3.7536118,31.125843
JVASP-37206,2,Mg,27.37223,3.7536116,31.125843
JVASP-37206,3,Ta,0.0,0.0,0.0
JVASP-38928,0,Mg,17.74676,3.4288826,17.551374
JVASP-38928,1,Mg,17.74676,3.428883,17.551374
JVASP-38928,2,Ta,53.23946,3.2510803,50.237324
JVASP-38928,3,Ta,53.23946,3.2510784,50.237324
JVASP-65109,0,Be,0.48254946,8.118549,7.635999
JVASP-65109,1,Be,0.48254946,8.118549,7.6359997
JVASP-65109,2,In,52.214138,10.288191,62.50233
JVASP-65109,3,In,52.214138,10.288189,62.50233
JVASP-65109,4,Sn,25.316292,34.504303,59.820595
JVASP-65109,5,Sn,25.316292,34.504307,59.8206
JVASP-67649,0,Be,0.7413556,22.955366,22.28143
JVASP-67649,1,Be,0.7413556,22.955362,22.28143
JVASP-67649,2,In,36.467888,13.086604,44.021652
JVASP-67649,3,Sn,40.28722,7.6672473,45.72346
JVASP-3633,0,Pr,37.436775,0.05244575,37.38433
JVASP-3633,1,Pr,37.436775,0.05244382,37.384335
JVASP-3633,2,Cl,54.239044,37.14996,18.099249
JVASP-3633,3,Cl,54.238056,37.14962,18.098532
JVASP-3633,4,Cl,54.239044,37.149963,18.099243
JVASP-3633,5,Cl,54.237473,37.149616,18.09787
JVASP-3633,6,Cl,54.2388,37.149704,18.099169
JVASP-3633,7,Cl,54.239357,37.149704,18.099716
JVASP-38380,0,Pr,47.890324,35.972134,30.719086
JVASP-38380,1,Pr,47.888134,35.97213,30.71881
JVASP-38380,2,Pr,47.890324,35.972134,30.719086
JVASP-38380,3,Pr,47.890324,35.972134,30.719086
JVASP-38380,4,Pr,47.888134,35.97213,30.71881
JVASP-38380,5,Pr,47.890324,35.972134,30.719086
JVASP-38380,6,Cl,29.017881,16.03427,45.05215
JVASP-38380,7,Cl,29.017881,16.034267,45.05215
JVASP-18701,0,Dy,50.68566,9.568103,41.117554
JVASP-18701,1,Zn,2.843074,31.656633,32.97525
JVASP-18701,2,Zn,35.598434,69.51252,33.91408
JVASP-18701,3,Zn,35.598434,69.51251,33.914078
JVASP-18701,4,Zn,2.843074,31.656635,32.97525
JVASP-18701,5,Zn,2.8403544,31.657366,32.970715
JVASP-14489,0,Dy,0.0,0.0,0.0
JVASP-14489,1,Zn,0.0,0.0,0.0
JVASP-34173,0,O,48.946606,96.506714,51.259457
JVASP-34173,1,O,48.94637,96.50672,51.259304
JVASP-34173,2,O,48.94637,96.50672,51.259304
JVASP-34173,3,O,48.946606,96.506714,51.259457
JVASP-34173,4,O,49.438152,105.529526,56.09137
JVASP-34173,5,O,49.438152,105.52952,56.091366
JVASP-34173,6,Co,14.91892,5.319701,20.23862
JVASP-34173,7,Sr,49.7289,0.6749326,49.053967
JVASP-34173,8,Sr,49.7289,0.67493314,49.053967
JVASP-34173,9,Re,41.77891,1.4433901,40.33552
JVASP-52113,0,O,48.96009,96.50606,51.261066
JVASP-52113,1,O,48.959404,96.50607,51.26138
JVASP-52113,2,O,48.959404,96.50607,51.26138
JVASP-52113,3,O,48.96009,96.506065,51.261078
JVASP-52113,4,O,49.450512,105.52904,56.07852
JVASP-52113,5,O,49.450512,105.52904,56.078526
JVASP-52113,6,Co,15.041727,5.3398533,20.38158
JVASP-52113,7,Sr,49.96222,0.7188607,49.24336
JVASP-52113,8,Sr,49.96222,0.7188615,49.24336
JVASP-52113,9,Re,42.00551,1.4229696,40.582542
JVASP-67772,0,Be,4.8042655,31.409336,36.213604
JVASP-67772,1,Cd,49.05185,55.30192,6.250076
JVASP-67772,2,Ru,30.002983,6.460595,36.46358
JVASP-67772,3,Ru,9.241925,66.66209,57.420162
JVASP-74850,0,Be,6.380921,26.707865,20.326946
JVASP-74850,1,Be,7.3035617,47.756668,55.06023
JVASP-74850,2,Cd,45.34414,35.223225,10.1209135
JVASP-74850,3,Ru,45.138382,14.258678,30.879705
JVASP-18526,0,Ce,48.25903,83.27615,131.53519
JVASP-18526,1,Ce,48.25903,83.27616,131.53519
JVASP-18526,2,Si,36.31246,102.35896,66.0465
JVASP-18526,3,Si,36.31246,102.35896,66.0465
JVASP-18526,4,I,34.881958,25.788958,9.093003
JVASP-18526,5,I,34.881958,25.788961,9.0929985
JVASP-12097,0,Ce,48.260666,83.28584,131.54651
JVASP-12097,1,Ce,48.260666,83.28584,131.54651
JVASP-12097,2,Si,36.336548,102.30582,65.96927
JVASP-12097,3,Si,36.336548,102.305824,65.96928
JVASP-12097,4,I,34.859913,25.616135,9.243777
JVASP-12097,5,I,34.859913,25.616133,9.243781
JVASP-17452,0,P,5.7567973,48.93956,43.182766
JVASP-17452,1,Zr,34.403954,3.4169524,30.987001
JVASP-17452,2,Zr,34.403954,3.4169517,30.987001
JVASP-17452,3,Te,46.67772,25.89456,20.783157
JVASP-17452,4,Te,46.67772,25.894558,20.78316
JVASP-12069,0,Zr,34.256115,3.4178045,30.83831
JVASP-12069,1,Zr,34.256115,3.417805,30.838308
JVASP-12069,2,Zr,34.256523,3.4168081,30.839714
JVASP-12069,3,Zr,34.256115,3.418035,30.83808
JVASP-12069,4,Zr,34.256115,3.4180386,30.838076
JVASP-12069,5,Zr,34.256523,3.4168088,30.839714
JVASP-12069,6,Te,46.13818,25.89461,20.243568
JVASP-12069,7,Te,46.13818,25.894608,20.243572
JVASP-12069,8,Te,46.137367,25.895428,20.241938
JVASP-12069,9,Te,46.13818,25.896505,20.241674
JVASP-12069,10,Te,46.13818,25.896502,20.241678
JVASP-12069,11,Te,46.137367,25.895426,20.241938
JVASP-12069,12,P,5.581571,48.938347,43.356773
JVASP-12069,13,P,5.582387,48.939693,43.357307
JVASP-12069,14,P,5.582387,48.939693,43.35731
JVASP-17282,0,B,11.292099,12.744443,19.23618
JVASP-17282,1,B,11.292099,12.744447,19.23618
JVASP-17282,2,Ni,45.914207,14.685632,55.553352
JVASP-17282,3,Ni,45.914207,14.685632,55.553345
JVASP-8008,0,B,11.307913,32.214928,43.522842
JVASP-8008,1,B,11.307913,32.214928,43.522842
JVASP-8008,2,Ni,35.59075,27.344852,14.533725
JVASP-8008,3,Ni,35.602974,27.344915,14.5475855
JVASP-8008,4,Ni,35.59075,27.344852,14.533724
JVASP-8008,5,Ni,35.602974,27.344913,14.547587
JVASP-17940,0,Dy,49.88853,27.039816,28.146894
JVASP-17940,1,Dy,49.89059,27.039543,28.148777
JVASP-17940,2,Dy,49.88853,27.039816,28.14689
JVASP-17940,3,Mn,42.24581,24.899853,17.954632
JVASP-17940,4,Mn,42.24472,24.899931,17.953463
JVASP-17940,5,Mn,42.24472,24.89993,17.953466
JVASP-17940,6,Ga,6.4143972,0.20233145,6.616729
JVASP-17940,7,Ga,6.4143972,0.20233065,6.6167274
JVASP-17940,8,Si,15.9225,43.970654,28.048155
JVASP-5059,0,Dy,49.889614,27.040161,28.147263
JVASP-5059,1,Dy,49.8885,27.03989,28.146181
JVASP-5059,2,Dy,49.889614,27.04016,28.147266
JVASP-5059,3,Mn,42.246994,24.90011,17.95537
JVASP-5059,4,Mn,42.244453,24.900198,17.953266
JVASP-5059,5,Mn,42.244453,24.900196,17.953268
JVASP-5059,6,Ga,6.4131727,0.20273294,6.6159053
JVASP-5059,7,Ga,6.4131727,0.20273286,6.6159053
JVASP-5059,8,Si,15.923316,43.9721,28.048784
JVASP-19824,0,Tm,0.0,0.0,0.0
JVASP-19824,1,Al,28.389587,66.42069,38.03111
JVASP-19824,2,Al,28.389587,66.4207,38.031113
JVASP-19824,3,Al,28.389587,66.420715,38.031128
JVASP-37376,0,Tm,43.83729,18.99331,24.843983
JVASP-37376,1,Tm,43.83729,18.99331,24.843983
JVASP-37376,2,Al,3.074084,22.448881,19.924755
JVASP-37376,3,Al,3.0741212,22.449127,19.924961
JVASP-37376,4,Al,3.074084,22.448883,19.924757
JVASP-37376,5,Al,3.074084,22.448881,19.924755
JVASP-37376,6,Al,3.0741212,22.449121,19.924955
JVASP-37376,7,Al,3.074084,22.44888,19.924753
JVASP-39245,0,Hg,43.535595,2.3528297,45.888428
JVASP-39245,1,Hg,43.535595,2.3528306,45.888424
JVASP-39245,2,Hg,43.535595,2.3528318,45.888428
JVASP-39245,3,C,0.0,0.0,0.0
JVASP-39250,0,Hg,21.646141,9.246776,30.892918
JVASP-39250,1,Hg,21.646141,9.246778,30.89292
JVASP-39250,2,Hg,40.228786,9.348551,49.57734
JVASP-39250,3,C,1.68035,23.728893,22.048542
JVASP-16544,0,Hf,0.0,0.0,0.0
JVASP-16544,1,Rh,0.0,0.0,0.0
JVASP-19597,0,Hf,0.0,0.0,0.0
JVASP-19597,1,Rh,42.29697,4.963366,37.333607
JVASP-19597,2,Rh,42.29697,4.963365,37.333607
JVASP-19597,3,Rh,42.29697,4.963366,37.333607
JVASP-79277,0,Mn,7.3149924,19.061926,11.746938
JVASP-79277,1,Ga,13.2433195,1.9675622,15.210882
JVASP-79277,2,Ni,17.871597,21.205118,39.076714
JVASP-79277,3,Ni,17.871597,21.205114,39.07671
JVASP-79619,0,Mn,41.41352,18.164927,23.248596
JVASP-79619,1,Ga,26.334465,8.422336,34.7568
JVASP-79619,2,Ni,36.258892,22.639183,25.675732
JVASP-79619,3,Ni,36.258892,22.639189,25.675732
JVASP-1858,0,Na,18.725767,37.31507,18.589304
JVASP-1858,1,Co,11.87875,3.0004947,14.879245
JVASP-1858,2,O,40.23962,33.864418,6.375201
JVASP-1858,3,O,40.240696,33.865932,6.3747625
JVASP-40651,0,Na,21.573881,53.82818,32.2543
JVASP-40651,1,Na,21.573881,53.828186,32.254307
JVASP-40651,2,Co,10.722641,18.33487,29.05751
JVASP-40651,3,Co,10.722641,18.334862,29.057505
JVASP-40651,4,O,41.073044,33.514885,7.5581565
JVASP-40651,5,O,41.073044,33.51489,7.558155
JVASP-40651,6,O,41.073044,33.514885,7.558157
JVASP-40651,7,O,41.073044,33.514885,7.558157
JVASP-15605,0,Sr,39.876465,2.6929002,37.183567
JVASP-15605,1,Mn,30.207108,24.150702,6.056408
JVASP-15605,2,Mn,30.207108,24.150702,6.056408
JVASP-15605,3,P,3.0410416,16.500355,13.459313
JVASP-15605,4,P,3.0410416,16.500353,13.459312
JVASP-14398,0,Sr,39.876465,2.6928983,37.183567
JVASP-14398,1,Mn,30.207108,24.150705,6.0564017
JVASP-14398,2,Mn,30.207108,24.150703,6.0564055
JVASP-14398,3,P,3.0410416,16.50035,13.459309
JVASP-14398,4,P,3.0410416,16.500357,13.459315
JVASP-37639,0,Zn,17.575089,30.400555,12.825465
JVASP-37639,1,Zn,17.575089,30.40055,12.825462
JVASP-37639,2,Zn,17.57509,30.400553,12.825463
JVASP-37639,3,Cd,0.0,0.0,0.0
JVASP-37639,4,S,18.449558,14.301858,4.147699
JVASP-37639,5,S,18.449558,14.301854,4.1477027
JVASP-37639,6,S,18.449558,14.301856,4.1477013
JVASP-37639,7,S,18.449558,14.301855,4.1477013
JVASP-39536,0,Zn,16.366674,18.46435,2.097675
JVASP-39536,1,Cd,39.43107,33.310776,6.1202927
JVASP-39536,2,S,21.580881,21.579756,10.021715
JVASP-39536,3,S,21.580881,21.579756,10.021716
JVASP-35242,0,Ni,0.10712609,0.5121147,0.40672567
JVASP-35242,1,Cl,0.74130607,0.2965342,0.444773
JVASP-2020,0,Ni,6.288268,0.50369525,6.791962
JVASP-2020,1,Cl,38.553276,46.39228,7.839005
JVASP-2020,2,Cl,38.553276,46.392273,7.8390017
JVASP-19900,0,P,0.0,0.0,0.0
JVASP-19900,1,Zr,0.0028284274,3.761866e-05,0.0028658672
JVASP-16494,0,Zr,37.74296,6.444502,31.298462
JVASP-16494,1,Zr,37.74296,6.444504,31.298458
JVASP-16494,2,Zr,37.74296,6.4445047,31.298458
JVASP-16494,3,Zr,37.74296,6.4445047,31.298458
JVASP-16494,4,P,4.739763,3.5762446,8.316008
JVASP-16494,5,P,4.739763,3.5762434,8.316007
JVASP-16494,6,P,12.203358,10.32335,22.526707
JVASP-16494,7,P,12.203358,10.32335,22.526707
JVASP-42261,0,Ti,34.466003,19.83286,54.298866
JVASP-42261,1,V,8.127038,16.469992,24.597029
JVASP-42261,2,O,34.11869,10.817354,36.42368
JVASP-42261,3,O,13.462947,23.017824,31.584969
JVASP-42261,4,O,34.117992,10.817367,36.423103
JVASP-42261,5,O,13.462213,23.017748,31.584435
JVASP-52735,0,Ti,31.281374,26.49168,36.995636
JVASP-52735,1,V,12.189686,15.920403,18.846699
JVASP-52735,2,O,38.04496,29.604454,8.921856
JVASP-52735,3,O,27.482864,35.045094,13.87795
JVASP-52735,4,O,27.482864,35.045097,13.877953
JVASP-52735,5,O,38.04496,29.604454,8.921856
JVASP-18755,0,Nd,17.986603,4.7192593,13.2673435
JVASP-18755,1,Zn,8.031262,29.982052,31.41316
JVASP-18755,2,Zn,36.89789,52.55509,15.657201
JVASP-18755,3,Zn,36.89789,52.555096,15.657207
JVASP-18755,4,Zn,8.029749,29.982073,31.409258
JVASP-18755,5,Zn,8.031262,29.982058,31.413166
JVASP-19610,0,Nd,0.0,0.0,0.0
JVASP-19610,1,Zn,0.0,0.0,0.0
JVASP-68988,0,K,6.0771837,12.4957485,6.4185643
JVASP-68988,1,K,8.83531,8.520565,17.355875
JVASP-68988,2,Ba,36.192844,11.613046,47.805885
JVASP-68988,3,Zn,12.075168,0.7727411,11.302426
JVASP-69369,0,K,6.0828996,12.486762,6.403862
JVASP-69369,1,K,8.903895,8.541714,17.445608
JVASP-69369,2,Ba,36.20754,11.54982,47.757362
JVASP-69369,3,Zn,12.124158,0.80413556,11.320022
JVASP-36979,0,Na,5.1373124,21.462215,16.324903
JVASP-36979,1,Na,5.1373124,21.462214,16.324902
JVASP-36979,2,Mo,1.9808073,33.07172,31.090927
JVASP-36979,3,Mo,1.9808073,33.07171,31.09091
JVASP-36979,4,O,25.38827,41.070755,16.513147
JVASP-36979,5,O,25.38831,41.070747,16.51242
JVASP-36979,6,O,25.387049,41.070747,16.513517
JVASP-36979,7,O,25.38759,41.070744,16.513226
JVASP-36979,8,O,25.387373,41.07076,16.513535
JVASP-36979,9,O,25.387062,41.070766,16.51346
JVASP-55132,0,Na,24.79509,68.06586,43.270767
JVASP-55132,1,Mo,35.076397,63.215115,28.138731
JVASP-55132,2,O,4.465473,4.9880958,0.52262366
JVASP-55132,3,O,4.465473,4.9880924,0.5226204
JVASP-20287,0,Hf,0.0,0.0,0.0
JVASP-20287,1,Co,0.0,0.0,0.0
JVASP-79551,0,Hf,15.799116,5.810402,21.560484
JVASP-79551,1,Hf,15.799116,5.810404,21.560484
JVASP-79551,2,Hf,15.799116,5.8104043,21.560484
JVASP-79551,3,Hf,15.799116,5.8104043,21.560486
JVASP-79551,4,Co,36.795082,19.263096,22.379171
JVASP-79551,5,Co,36.795082,19.263096,22.379171
JVASP-79551,6,Co,36.795082,19.263096,22.379171
JVASP-79551,7,Co,36.795082,19.263096,22.379173
JVASP-20495,0,Si,33.142193,18.603693,15.763049
JVASP-20495,1,Si,33.14207,18.603687,15.762864
JVASP-20495,2,Si,33.14207,18.603687,15.762865
JVASP-20495,3,Si,33.142193,18.603693,15.763049
JVASP-20495,4,Ce,31.838749,3.4525847,28.386164
JVASP-20495,5,Ce,31.838749,3.4525828,28.386166
JVASP-20230,0,Si,33.142014,18.603695,15.762912
JVASP-20230,1,Si,33.14207,18.603687,15.762864
JVASP-20230,2,Si,33.14207,18.603685,15.762864
JVASP-20230,3,Si,33.142014,18.603693,15.762915
JVASP-20230,4,Ce,31.838749,3.4525836,28.386166
JVASP-20230,5,Ce,31.838749,3.4525843,28.386164
JVASP-37468,0,Yb,31.636793,19.081303,12.5554905
JVASP-37468,1,Yb,31.636793,19.081303,12.555491
JVASP-37468,2,Yb,31.636791,19.0813,12.555492
JVASP-37468,3,Rb,0.0,0.0,0.0
JVASP-37541,0,Yb,23.00561,6.7866044,16.219004
JVASP-37541,1,Yb,23.00561,6.7866035,16.219004
JVASP-37541,2,Yb,29.645359,21.329575,8.3157835
JVASP-37541,3,Yb,23.00561,6.786604,16.219004
JVASP-37541,4,Yb,23.00561,6.786604,16.219004
JVASP-37541,5,Yb,29.645359,21.329576,8.315783
JVASP-37541,6,Rb,0.7903687,3.8771265,4.6674953
JVASP-37541,7,Rb,0.7903687,3.877128,4.667496
JVASP-45967,0,Dy,27.162392,9.018922,18.143469
JVASP-45967,1,Dy,27.162392,9.018924,18.143467
JVASP-45967,2,Dy,27.162392,9.018921,18.14347
JVASP-45967,3,Dy,27.162392,9.018922,18.14347
JVASP-45967,4,S,18.496098,7.6460676,26.142164
JVASP-45967,5,S,18.496098,7.646072,26.14217
JVASP-45967,6,O,16.391985,5.653554,10.738432
JVASP-45967,7,O,16.391985,5.653553,10.738432
JVASP-45967,8,O,16.391985,5.6535535,10.738432
JVASP-45967,9,O,16.391985,5.653555,10.73843
JVASP-7752,0,Dy,30.767225,16.779615,13.98761
JVASP-7752,1,Dy,30.767225,16.779606,13.987619
JVASP-7752,2,S,16.851265,3.3431191,13.508145
JVASP-7752,3,O,17.987827,9.9933,7.994528
JVASP-7752,4,O,17.987827,9.993305,7.994523
JVASP-36410,0,Be,0.29768103,4.8232317,4.525623
JVASP-36410,1,B,30.081367,17.128885,12.95248
JVASP-36410,2,B,30.081367,17.128887,12.952479
JVASP-24607,0,Be,1.9628577,78.028145,79.991
JVASP-24607,1,Be,1.9628577,78.028145,79.991
JVASP-24607,2,Be,1.2508727,40.293808,39.042934
JVASP-24607,3,Be,1.2508727,40.293816,39.042942
JVASP-24607,4,Be,6.4283595,25.362846,22.777266
JVASP-24607,5,Be,6.4283595,25.362852,22.77727
JVASP-24607,6,Be,6.4283595,25.362852,22.77727
JVASP-24607,7,Be,6.4283595,25.36285,22.777267
JVASP-24607,8,B,7.355818,33.951862,26.596045
JVASP-24607,9,B,7.355818,33.951862,26.596045
JVASP-15704,0,Ca,6.8267283,4.0027747,10.829503
JVASP-15704,1,Mn,29.163218,20.822256,8.340965
JVASP-15704,2,Mn,29.163218,20.822256,8.340965
JVASP-15704,3,P,2.8054821,11.817418,14.6229
JVASP-15704,4,P,2.8054821,11.81742,14.622902
JVASP-14404,0,Ca,6.827136,4.002792,10.829927
JVASP-14404,1,Mn,29.162807,20.822311,8.340495
JVASP-14404,2,Mn,29.162807,20.822313,8.340493
JVASP-14404,3,P,2.8054821,11.817409,14.62289
JVASP-14404,4,P,2.8054821,11.817412,14.622894
JVASP-77419,0,Sr,28.578568,13.707416,16.23668
JVASP-77419,1,Sr,28.578568,13.707415,16.236681
JVASP-77419,2,Li,2.1672392,14.994733,17.159828
JVASP-77419,3,Mg,5.583526,20.298841,24.964123
JVASP-81664,0,Sr,30.391565,13.707436,17.919321
JVASP-81664,1,Sr,30.391565,13.707436,17.91932
JVASP-81664,2,Sr,30.391565,13.707437,17.919321
JVASP-81664,3,Sr,30.391565,13.707437,17.919321
JVASP-81664,4,Li,2.1185613,14.994706,17.111094
JVASP-81664,5,Li,2.1185613,14.994707,17.111094
JVASP-81664,6,Mg,5.2178354,20.298813,24.656446
JVASP-81664,7,Mg,5.2178354,20.298813,24.656446
JVASP-36650,0,Mg,4.526658,0.8357781,3.6908796
JVASP-36650,1,Si,1.7048448,21.77054,23.475386
JVASP-36650,2,N,13.410956,9.052057,4.3588986
JVASP-36650,3,N,13.410956,9.052053,4.3589025
JVASP-7813,0,N,29.102276,38.706493,9.646734
JVASP-7813,1,N,29.101444,38.70651,9.647549
JVASP-7813,2,N,29.101831,38.706512,9.647264
JVASP-7813,3,N,29.102276,38.706497,9.646749
JVASP-7813,4,Mg,26.702894,8.40326,18.299633
JVASP-7813,5,Mg,26.702894,8.403256,18.299637
JVASP-7813,6,Si,2.979757,14.194872,17.17463
JVASP-7813,7,Si,2.979757,14.194872,17.17463
JVASP-15656,0,Sm,26.082167,18.4644,44.546562
JVASP-15656,1,Sm,26.082167,18.464401,44.54657
JVASP-15656,2,Ti,1.3194585,16.250898,14.931439
JVASP-15656,3,Ti,1.3194585,16.2509,14.931442
JVASP-15656,4,Ge,16.78962,21.994303,5.2046833
JVASP-15656,5,Ge,16.78962,21.99431,5.20469
JVASP-16247,0,Ti,12.743517,31.047113,32.75642
JVASP-16247,1,Ti,12.74134,31.047087,32.75442
JVASP-16247,2,Ge,0.7805562,20.04785,19.267298
JVASP-16247,3,Ge,0.7805562,20.047852,19.267298
JVASP-16247,4,Sm,4.9786353,12.131179,17.109812
JVASP-16247,5,Sm,4.9786353,12.131178,17.109812
JVASP-50027,0,Ce,24.390175,22.637318,29.119532
JVASP-50027,1,Ce,24.346571,22.633623,29.094997
JVASP-50027,2,Sm,16.936628,19.263515,6.1199837
JVASP-50027,3,Sm,16.98895,19.275204,6.10987
JVASP-50027,4,O,9.948325,9.839829,19.358803
JVASP-50027,5,O,9.962631,9.831912,19.365396
JVASP-50027,6,O,9.9625845,9.834038,19.367577
JVASP-50027,7,O,9.948355,9.8419,19.361383
JVASP-50891,0,Ce,16.708788,44.339462,27.630676
JVASP-50891,1,Sm,8.739782,42.070805,33.331028
JVASP-50891,2,O,0.32292828,1.981381,2.3043063
JVASP-50891,3,O,0.32292828,1.9813793,2.3043044
JVASP-38302,0,Rb,0.0,0.0,0.0
JVASP-38302,1,Na,0.0,0.0,0.0
JVASP-38302,2,O,22.984379,21.525576,1.4588039
JVASP-38302,3,O,22.984379,21.525581,1.4587972
JVASP-38302,4,O,22.984379,21.525578,1.4588001
JVASP-8173,0,Rb,1.063895,27.372696,26.3088
JVASP-8173,1,Rb,1.063895,27.372694,26.308798
JVASP-8173,2,Na,6.4984965,12.448491,5.949994
JVASP-8173,3,Na,6.4984965,12.448492,5.9499955
JVASP-8173,4,O,3.1402457,2.5054157,0.63482994
JVASP-8173,5,O,3.1402457,2.5054154,0.6348303
JVASP-38220,0,Nd,0.0,0.0,0.0
JVASP-38220,1,Y,10.061687,4.514398,14.576085
JVASP-38220,2,Y,10.061687,4.514399,14.576086
JVASP-38220,3,Y,10.061687,4.5143986,14.576086
JVASP-38227,0,Nd,21.597967,0.118553095,21.71652
JVASP-38227,1,Nd,21.597967,0.11855404,21.716522
JVASP-38227,2,Y,8.976563,2.024149,11.000712
JVASP-38227,3,Y,8.976563,2.0241485,11.000711
JVASP-38227,4,Y,12.691624,5.389865,18.081488
JVASP-38227,5,Y,8.976563,2.0241482,11.000711
JVASP-38227,6,Y,8.976563,2.0241482,11.000711
JVASP-38227,7,Y,12.691624,5.3898664,18.08149
JVASP-19970,0,Er,2.7165077,20.648571,23.365059
JVASP-19970,1,B,7.05698,5.3103924,1.7465879
JVASP-19970,2,B,7.05698,5.3103914,1.7465887
JVASP-19660,0,Er,0.0,0.0,0.0
JVASP-19660,1,B,20.350359,1.705059,18.6453
JVASP-19660,2,B,20.350359,1.7050568,18.645304
JVASP-19660,3,B,20.350359,1.7050564,18.645304
JVASP-19660,4,B,20.350359,1.7050568,18.645304
JVASP-19660,5,B,20.350359,1.7050554,18.645304
JVASP-19660,6,B,20.350359,1.7050534,18.645308
JVASP-8075,0,Ge,0.0,0.0,0.0
JVASP-8075,1,Ge,0.0,0.0,0.0
JVASP-8075,2,Mo,19.196651,17.271194,36.467846
JVASP-8075,3,Mo,19.196651,17.271193,36.467842
JVASP-8075,4,Mo,19.196651,17.271193,36.467842
JVASP-8075,5,Mo,19.196651,17.271193,36.467842
JVASP-8075,6,Mo,19.196651,17.271194,36.467846
JVASP-8075,7,Mo,19.196651,17.271194,36.467846
JVASP-15927,0,Ge,2.616055,16.464828,13.848775
JVASP-15927,1,Ge,2.616055,16.464827,13.848771
JVASP-15927,2,Ge,2.616055,16.464828,13.848774
JVASP-15927,3,Ge,2.616055,16.46483,13.848775
JVASP-15927,4,Mo,15.343603,4.110065,11.233539
JVASP-15927,5,Mo,15.343603,4.1100655,11.233539
JVASP-35763,0,Ga,0.0,0.0,0.0
JVASP-35763,1,Bi,0.0,0.0,0.0
JVASP-37780,0,Ga,17.881275,20.830091,38.71137
JVASP-37780,1,Ga,17.881275,20.830097,38.71137
JVASP-37780,2,Ga,17.881275,20.830095,38.71137
JVASP-37780,3,Bi,0.0,0.0,0.0
JVASP-15748,0,Sm,16.469143,12.585213,3.8839314
JVASP-15748,1,Al,0.92182463,23.725683,24.647507
JVASP-15748,2,Al,0.92182463,23.72568,24.647505
JVASP-15748,3,Si,7.3043785,4.584073,2.720306
JVASP-15748,4,Si,7.3043785,4.5840745,2.7203043
JVASP-16856,0,Al,3.6292799,20.607399,17.27581
JVASP-16856,1,Al,3.6296902,20.607403,17.275515
JVASP-16856,2,Si,2.4125803,16.691763,18.73282
JVASP-16856,3,Si,2.4131465,16.69175,18.733381
JVASP-16856,4,Sm,15.857564,23.302504,16.516241
JVASP-16856,5,Sm,15.847251,23.302505,16.509928
JVASP-67619,0,Be,3.3762143,7.2848964,3.9086835
JVASP-67619,1,Fe,2.0273614,12.064641,14.092003
JVASP-67619,2,V,11.36155,12.456972,1.0954247
JVASP-74841,0,Be,7.090054,15.970688,8.880645
JVASP-74841,1,V,13.1672325,37.300037,24.132805
JVASP-74841,2,Fe,15.257873,7.443074,22.700947
JVASP-38424,0,Li,0.1837607,2.607882,2.7915971
JVASP-38424,1,Li,0.1837607,2.6078832,2.7915983
JVASP-38424,2,Zn,5.0227246,10.505533,12.45236
JVASP-38424,3,Zn,5.0239215,10.505508,12.455016
JVASP-38424,4,Zn,5.0239215,10.505509,12.455018
JVASP-38424,5,Zn,5.0227246,10.505534,12.45236
JVASP-38424,6,Zn,5.0239215,10.505509,12.455017
JVASP-38424,7,Zn,5.0239215,10.505509,12.455017
JVASP-79432,0,Li,0.106144555,26.172672,26.278816
JVASP-79432,1,Li,0.106144555,26.172672,26.278816
JVASP-79432,2,Li,0.64993125,14.190367,14.840297
JVASP-79432,3,Zn,14.1629505,10.684921,24.84787
JVASP-1072,0,Si,4.278034,5.226332,0.9482994
JVASP-1072,1,Si,4.278034,5.2263308,0.9482967
JVASP-1072,2,Ge,11.551794,0.8371298,10.714664
JVASP-1072,3,Ge,11.551794,0.83712906,10.714665
JVASP-1073,0,Si,4.5111437,5.761348,1.2502042
JVASP-1073,1,Si,4.5111437,5.761348,1.2502042
JVASP-1073,2,Ge,12.1666155,0.69733226,11.469283
JVASP-1073,3,Ge,12.1666155,0.69732594,11.46929
JVASP-38199,0,Nd,0.0,0.0,0.0
JVASP-38199,1,Th,11.583637,27.46256,15.878923
JVASP-38199,2,Th,11.583637,27.46256,15.878922
JVASP-38199,3,Th,11.583637,27.46256,15.878922
JVASP-39430,0,Nd,2.4274445,12.773767,15.201213
JVASP-39430,1,Nd,2.4274445,12.773767,15.201211
JVASP-39430,2,Nd,2.7483275,24.490623,27.23895
JVASP-39430,3,Nd,2.4274445,12.773767,15.201212
JVASP-39430,4,Nd,2.4274445,12.773767,15.201211
JVASP-39430,5,Nd,2.7483275,24.490625,27.23895
JVASP-39430,6,Th,5.1226997,0.91298634,6.035686
JVASP-39430,7,Th,5.1226997,0.9129867,6.0356865
JVASP-67446,0,Na,1.9375485,9.580247,7.6427
JVASP-67446,1,Be,7.461973,47.844475,55.30644
JVASP-67446,2,Br,0.15309474,55.35181,55.198715
JVASP-67684,0,Be,4.3968396,48.514107,44.117275
JVASP-67684,1,Br,9.823271,38.117424,47.940693
JVASP-67684,2,Na,1.9367309,7.6541224,5.717393
JVASP-38949,0,Tb,0.0,0.0,0.0
JVASP-38949,1,Y,5.0459485,18.631195,23.677141
JVASP-38949,2,Y,5.0459485,18.631195,23.677145
JVASP-38949,3,Y,5.045949,18.631195,23.677141
JVASP-78998,0,Tb,4.385403,2.9338677,1.4515356
JVASP-78998,1,Tb,4.385403,2.9338665,1.4515369
JVASP-78998,2,Y,1.7726141,9.21587,10.988484
JVASP-78998,3,Y,1.7726141,9.215871,10.988485
JVASP-78998,4,Y,6.9638987,15.723766,22.687666
JVASP-78998,5,Y,1.7726141,9.21587,10.988484
JVASP-78998,6,Y,1.7726141,9.21587,10.988484
JVASP-78998,7,Y,6.9638987,15.723767,22.687666
JVASP-66870,0,Mg,3.2602708,27.931267,24.670994
JVASP-66870,1,Be,1.5725725,16.211111,17.783684
JVASP-66870,2,Be,1.2476068,23.563677,22.31607
JVASP-66870,3,Cu,6.0649366,10.792068,16.857006
JVASP-66944,0,Mg,3.2529223,27.948551,24.69563
JVASP-66944,1,Be,1.5725725,16.208906,17.781479
JVASP-66944,2,Be,1.2492397,23.572334,22.323093
JVASP-66944,3,Cu,6.090248,10.775493,16.865742
JVASP-18409,0,H,0.0014142137,9.935827e-05,0.0013772709
JVASP-18409,1,Ni,0.021786846,8.4207226e-05,0.021850752
JVASP-50851,0,Ni,5.3321323,16.073637,10.741507
JVASP-50851,1,Ni,5.320293,16.076591,10.756302
JVASP-50851,2,H,0.053888775,44.114273,44.16816
JVASP-38623,0,Ni,2.2919059,8.5210905,6.2291846
JVASP-38623,1,Ni,2.2919059,8.521088,6.2291813
JVASP-38623,2,Ag,0.25474694,19.699263,19.444515
JVASP-38623,3,Ag,0.25474694,19.699263,19.444515
JVASP-38623,4,Ag,1.4884733,42.22924,43.717712
JVASP-38623,5,Ag,0.25474694,19.699268,19.44452
JVASP-38623,6,Ag,0.25474694,19.699263,19.444517
JVASP-38623,7,Ag,1.4884733,42.22923,43.717705
JVASP-38627,0,Ni,0.0,0.0,0.0
JVASP-38627,1,Ag,1.4427495,35.112606,36.55535
JVASP-38627,2,Ag,1.4427495,35.11261,36.55536
JVASP-38627,3,Ag,1.4427495,35.112602,36.55535
JVASP-14817,0,Rh,0.021725561,3.6919522e-05,0.02172197
JVASP-984,0,Rh,0.0,0.0,0.0
JVASP-984,1,Rh,0.0,0.0,0.0
JVASP-984,2,Rh,0.0,0.0,0.0
JVASP-984,3,Rh,0.0,0.0,0.0
JVASP-14575,0,N,0.0,0.0,0.0
JVASP-14575,1,Ce,0.008,5.39243e-05,0.008008068
JVASP-78358,0,Ce,0.0,0.0,0.0
JVASP-78358,1,Ce,0.0,0.0,0.0
JVASP-78358,2,Ce,0.0,0.0,0.0
JVASP-78358,3,Ce,0.0,0.0,0.0
JVASP-78358,4,N,0.0,0.0,0.0
JVASP-78358,5,N,0.0,0.0,0.0
JVASP-78358,6,N,0.0,0.0,0.0
JVASP-78358,7,N,0.0,0.0,0.0
JVASP-35994,0,Ho,0.0,0.0,0.0
JVASP-35994,1,Bi,0.0,0.0,0.0
JVASP-18308,0,Ho,0.005291503,0.00017335477,0.0051367795
JVASP-18308,1,Bi,0.0014142137,2.0871868e-05,0.0014150944
JVASP-14987,0,As,0.0,0.0,0.0
JVASP-14987,1,Dy,0.0037416576,6.1353814e-05,0.0037964352
JVASP-36430,0,Dy,0.0,0.0,0.0
JVASP-36430,1,As,0.0,0.0,0.0
JVASP-1993,0,K,0.00244949,0.00012414833,0.0025014488
JVASP-1993,1,Br,0.002,0.00015932391,0.002125141
JVASP-54807,0,K,0.0,0.0,0.0
JVASP-54807,1,Br,0.0,0.0,0.0
JVASP-20370,0,Sc,0.00081649655,1.9424422e-06,0.0008162171
JVASP-20370,1,As,0.0,0.0,0.0
JVASP-16886,0,Sc,0.0,0.0,0.0
JVASP-16886,1,As,0.0,0.0,0.0
JVASP-78345,0,I,0.0,0.0,0.0
JVASP-78345,1,N,0.0,0.0,0.0
JVASP-78387,0,I,0.0,0.0,0.0
JVASP-78387,1,N,0.0,0.0,0.0
JVASP-20525,0,Er,0.0,0.0,0.0
JVASP-20525,1,Cu,0.0,0.0,0.0
JVASP-20254,0,Er,0.0,0.0,0.0
JVASP-20254,1,Cu,0.0,0.0,0.0
JVASP-78388,0,Br,0.0,0.0,0.0
JVASP-78388,1,Br,0.0,0.0,0.0
JVASP-78388,2,Br,0.0,0.0,0.0
JVASP-78388,3,Br,0.0,0.0,0.0
JVASP-78388,4,N,0.0,0.0,0.0
JVASP-78388,5,N,0.0,0.0,0.0
JVASP-78388,6,N,0.0,0.0,0.0
JVASP-78388,7,N,0.0,0.0,0.0
JVASP-78420,0,Br,0.0,0.0,0.0
JVASP-78420,1,N,0.0,0.0,0.0
JVASP-17502,0,Ni,2.8977463,22.982317,25.880062
JVASP-17502,1,Ni,2.8977463,22.98231,25.880054
JVASP-17502,2,As,54.082287,11.090722,42.99156
JVASP-17502,3,As,54.082287,11.090722,42.99156
JVASP-17502,4,Rh,61.087822,58.996403,2.0914207
JVASP-17502,5,Rh,61.087822,58.996403,2.0914207
JVASP-38562,0,Nd,60.877575,2.3327448,58.54483
JVASP-38562,1,Nd,60.877575,2.3327467,58.544834
JVASP-38562,2,Sc,9.418218,8.6443615,16.457733
JVASP-38562,3,Sc,9.416876,8.643678,16.455593
JVASP-38562,4,Sc,9.418218,8.6443615,16.457733
JVASP-38562,5,Sc,9.418218,8.6443615,16.457731
JVASP-38562,6,Sc,9.41762,8.643679,16.456144
JVASP-38562,7,Sc,9.418218,8.644363,16.457733
JVASP-41748,0,Sc,14.875599,15.638649,25.421093
JVASP-41748,1,Sc,14.876381,15.638915,25.421701
JVASP-41748,2,Sc,14.875599,15.63865,25.421093
JVASP-41748,3,Sc,14.875067,15.638651,25.420305
JVASP-41748,4,Sc,14.876381,15.638911,25.421701
JVASP-41748,5,Sc,14.875067,15.638649,25.420301
JVASP-41748,6,Tc,60.739998,18.575836,79.315834
JVASP-41748,7,Tc,60.73959,18.575836,79.31542
JVASP-16161,0,Sc,3.2637267,32.509155,33.962646
JVASP-16161,1,Sc,3.2655666,32.508804,33.964146
JVASP-16161,2,Sc,3.2637267,32.509155,33.962646
JVASP-16161,3,Fe,17.005507,22.790277,9.836399
JVASP-16161,4,Fe,17.007635,22.790094,9.836779
JVASP-16161,5,Fe,17.005507,22.790276,9.836397
JVASP-16161,6,Ge,60.50852,36.088654,24.419865
JVASP-16161,7,Ge,52.935925,42.84509,95.78101
JVASP-16161,8,Ge,52.935925,42.84509,95.78101
JVASP-67308,0,Be,0.29069343,13.520113,13.229441
JVASP-67308,1,Ca,36.0026,43.768894,7.766293
JVASP-67308,2,Zr,60.340733,67.39256,7.0518317
JVASP-67920,0,Be,1.8730448,12.927981,14.801024
JVASP-67920,1,Ru,34.20794,1.4577984,35.665737
JVASP-67920,2,Sc,11.704478,13.281677,24.986156
JVASP-67920,3,Sc,59.653236,40.617294,19.035942
JVASP-24907,0,Sr,17.646206,9.219242,8.426965
JVASP-24907,1,Sr,17.646206,9.220554,8.4256525
JVASP-24907,2,Fe,67.51351,57.52454,62.508675
JVASP-24907,3,Fe,67.51454,57.524548,62.512104
JVASP-24907,4,Se,28.60181,28.028843,56.63065
JVASP-24907,5,Se,28.601812,28.029173,56.63099
JVASP-24907,6,O,37.56515,21.067825,16.497326
JVASP-24907,7,F,12.026534,57.470036,45.443504
JVASP-24907,8,F,12.026534,57.46995,45.44342
JVASP-17820,0,Ce,60.37945,1.4217197,60.96232
JVASP-17820,1,Ce,60.380245,1.4216994,60.963177
JVASP-17820,2,Co,44.01826,33.98237,14.514402
JVASP-17820,3,Co,44.0186,33.98236,14.514273
JVASP-17820,4,C,35.70818,42.19501,34.37007
JVASP-17820,5,C,35.70832,42.195026,34.370186
JVASP-17820,6,C,36.200134,34.62457,36.15906
JVASP-17820,7,C,36.199368,34.624565,36.159054
JVASP-37778,0,Tl,44.52515,5.0089417,49.419014
JVASP-37778,1,Tl,44.52489,5.009139,49.41895
JVASP-37778,2,Tl,44.52489,5.009139,49.41895
JVASP-37778,3,Tl,44.52515,5.0089436,49.419014
JVASP-37778,4,Tl,44.52489,5.00914,49.41895
JVASP-37778,5,Tl,44.52489,5.009139,49.41895
JVASP-37778,6,Pb,59.196815,2.3959517,56.800865
JVASP-37778,7,Pb,59.196815,2.3959506,56.80087
JVASP-63765,0,B,6.858714,33.425877,38.703396
JVASP-63765,1,B,6.858714,33.425877,38.703396
JVASP-63765,2,Ni,38.653732,7.170091,36.646988
JVASP-63765,3,W,60.15711,20.105095,49.892326
JVASP-63765,4,W,60.15711,20.105099,49.892326
JVASP-79001,0,Tb,19.932314,8.506486,11.425828
JVASP-79001,1,Tb,19.932314,8.506485,11.425829
JVASP-79001,2,Tb,58.92003,13.862869,45.05716
JVASP-79001,3,Tb,19.932314,8.506486,11.425828
JVASP-79001,4,Tb,19.932314,8.506488,11.425825
JVASP-79001,5,Tb,58.92003,13.86287,45.05716
JVASP-79001,6,Yb,16.191128,3.1460457,19.337173
JVASP-79001,7,Yb,16.191128,3.1460462,19.337173
JVASP-8125,0,Na,0.20167466,1.6175593,1.4158846
JVASP-8125,1,Na,0.20167466,1.6175578,1.4158831
JVASP-8125,2,Cu,4.408265,24.775969,20.367704
JVASP-8125,3,Cu,4.408265,24.775974,20.367708
JVASP-8125,4,Se,58.665283,22.689442,81.35473
JVASP-8125,5,Se,58.665283,22.689445,81.35473
JVASP-26526,0,Ba,56.11794,2.9337013,58.531197
JVASP-26526,1,Ba,56.113766,4.3520517,60.34058
JVASP-26526,2,Fe,59.208702,41.397778,30.961977
JVASP-26526,3,Fe,59.21532,41.389763,31.075
JVASP-26526,4,S,27.225574,23.01638,50.239292
JVASP-26526,5,S,27.226103,22.521076,49.744743
JVASP-26526,6,O,40.862087,15.699411,25.163715
JVASP-26526,7,F,21.256376,5.3280044,26.556135
JVASP-26526,8,F,21.25686,7.193978,27.952888
JVASP-37964,0,Ac,0.0,0.0,0.0
JVASP-37964,1,Er,58.268463,15.469205,42.79926
JVASP-37964,2,Er,58.268463,15.469205,42.79926
JVASP-37964,3,Er,58.268463,15.469204,42.79926
JVASP-67712,0,Be,5.1145353,30.349947,25.235413
JVASP-67712,1,Mo,58.194977,46.23492,11.960054
JVASP-67712,2,Tl,28.587996,6.2791557,34.86715
JVASP-69073,0,Ba,57.659355,25.135855,82.79521
JVASP-69073,1,Cu,57.935333,16.692894,41.24244
JVASP-69073,2,Rh,57.76222,30.764494,79.31414
JVASP-69073,3,Rh,57.76222,30.764494,79.31414
JVASP-38597,0,K,5.4140162,6.6239185,6.210686
JVASP-38597,1,K,5.413284,6.624044,6.210043
JVASP-38597,2,K,5.4140162,6.623918,6.2106857
JVASP-38597,3,K,5.413999,6.623918,6.210176
JVASP-38597,4,K,5.413284,6.624045,6.210043
JVASP-38597,5,K,5.413999,6.623918,6.210175
JVASP-38597,6,Co,57.747944,1.5198165,59.26776
JVASP-38597,7,Co,57.748764,1.5198163,59.268578
JVASP-17887,0,Si,11.934477,3.6537693,8.280708
JVASP-17887,1,Si,11.934477,3.65377,8.280707
JVASP-17887,2,Nd,57.4993,65.07596,7.5766554
JVASP-17887,3,Pt,0.28794098,12.15508,11.867146
JVASP-17887,4,Pt,0.28794098,12.155081,11.867146
JVASP-35971,0,Lu,37.03506,22.500782,14.534279
JVASP-35971,1,Cu,20.09644,3.1222847,16.974155
JVASP-35971,2,S,47.425797,53.393356,5.9675612
JVASP-35971,3,S,57.236004,36.023796,21.212206
JVASP-15185,0,Sr,57.00534,27.543339,29.462002
JVASP-15185,1,Sr,57.00534,27.54334,29.462
JVASP-15185,2,Fe,12.667128,11.94904,24.616169
JVASP-15185,3,Fe,12.667128,11.9490385,24.616167
JVASP-15185,4,Fe,12.667128,11.949041,24.616169
JVASP-15185,5,Fe,12.667128,11.949042,24.616169
JVASP-15185,6,P,13.227245,24.33899,11.111745
JVASP-15185,7,P,13.227245,24.338991,11.111748
JVASP-15185,8,P,13.227245,24.338991,11.111747
JVASP-15185,9,P,13.227245,24.338991,11.111747
JVASP-14537,0,Y,0.0,0.0,0.0
JVASP-14537,1,Pt,56.764473,73.26529,16.500816
JVASP-14537,2,Pt,56.764473,73.2653,16.50082
JVASP-14537,3,Pt,56.764473,73.26529,16.500814
JVASP-1654,0,S,2.5299134,1.776667,4.3065805
JVASP-1654,1,S,2.5299134,1.776669,4.3065825
JVASP-1654,2,Rb,51.947098,66.74921,14.802108
JVASP-1654,3,Pr,56.5404,64.364334,7.823935
JVASP-37310,0,Sr,35.612724,58.54526,22.932537
JVASP-37310,1,Ga,56.46319,33.167393,89.63058
JVASP-37310,2,Ga,56.46319,33.16739,89.63058
JVASP-37310,3,H,5.9604254,82.25922,76.29879
JVASP-37310,4,H,5.9604254,82.25922,76.29879
JVASP-80135,0,Na,5.367544,37.357132,34.338696
JVASP-80135,1,Na,5.367544,37.357132,34.3387
JVASP-80135,2,Cd,63.679398,38.26774,33.609898
JVASP-80135,3,Cd,63.679398,38.26774,33.609898
JVASP-80135,4,In,41.936768,32.135063,20.611172
JVASP-80135,5,In,41.936768,32.135067,20.611174
JVASP-80135,6,In,41.936768,32.135067,20.611172
JVASP-80135,7,In,41.936768,32.135067,20.611176
JVASP-81639,0,Li,0.3559354,7.5739527,7.470741
JVASP-81639,1,Li,0.3559354,7.573953,7.4707417
JVASP-81639,2,Li,0.3559354,7.5739536,7.470742
JVASP-81639,3,Li,0.3559354,7.5739527,7.470741
JVASP-81639,4,Sn,14.546696,37.550102,23.244232
JVASP-81639,5,Sn,14.546696,37.550102,23.244232
JVASP-81639,6,Pb,56.14392,22.295244,35.67762
JVASP-81639,7,Pb,56.14392,22.29524,35.67762
JVASP-35966,0,Lu,13.26113,24.229034,37.490166
JVASP-35966,1,Tl,55.905926,16.35296,39.552963
JVASP-35966,2,Se,32.135674,4.966102,37.101776
JVASP-35966,3,Se,32.135674,4.9661016,37.101776
JVASP-1717,0,Se,1.4822329,17.157923,18.640154
JVASP-1717,1,Se,1.4822329,17.15792,18.640152
JVASP-1717,2,Rb,55.71706,30.72779,24.98927
JVASP-1717,3,Tb,24.135235,23.724724,0.41057456
JVASP-37497,0,Yb,2.5327723,8.518534,11.051306
JVASP-37497,1,Yb,2.5327723,8.518535,11.051308
JVASP-37497,2,Pu,16.977415,26.226074,9.24866
JVASP-37497,3,Pu,16.977415,26.226076,9.248663
JVASP-37497,4,Pu,55.46624,10.790199,66.25644
JVASP-37497,5,Pu,16.977415,26.226074,9.248659
JVASP-37497,6,Pu,16.977415,26.226074,9.24866
JVASP-37497,7,Pu,55.46624,10.790199,66.25644
JVASP-37646,0,Sc,0.0,0.0,0.0
JVASP-37646,1,H,6.513193,71.606064,78.11926
JVASP-37646,2,H,6.513193,71.60609,78.11928
JVASP-37646,3,H,6.513193,71.606064,78.11926
JVASP-37646,4,H,0.0,0.0,0.0
JVASP-37646,5,Pd,55.32336,24.243637,79.567
JVASP-37646,6,Pd,55.32336,24.243633,79.56699
JVASP-37646,7,Pd,55.32336,24.243637,79.567
JVASP-167,0,Mg,0.10165628,17.056528,16.954874
JVASP-167,1,I,55.191494,7.3641324,47.827366
JVASP-167,2,I,55.191494,7.364127,47.82737
JVASP-56898,0,Co,13.693872,20.822485,34.516357
JVASP-56898,1,Co,13.693872,20.822487,34.516357
JVASP-56898,2,C,54.906128,49.862988,5.043139
JVASP-56898,3,C,54.906128,49.86298,5.04315
JVASP-56898,4,N,5.3839784,10.44516,5.061182
JVASP-56898,5,N,5.3839784,10.445158,5.0611796
JVASP-56898,6,N,5.3839784,10.445162,5.0611835
JVASP-56898,7,N,5.3839784,10.445153,5.061175
JVASP-25647,0,Yb,54.666897,23.427013,31.239883
JVASP-25647,1,Yb,54.666897,23.427013,31.239883
JVASP-25647,2,Cl,22.34996,12.772106,9.577855
JVASP-25647,3,Cl,22.34996,12.772103,9.577857
JVASP-25647,4,F,6.0600376,7.137502,1.0774648
JVASP-25647,5,F,6.0600376,7.1375027,1.077465
JVASP-42094,0,Li,0.0,0.0,0.0
JVASP-42094,1,Tc,0.0,0.0,0.0
JVASP-42094,2,O,54.365604,56.751728,2.3861222
JVASP-42094,3,O,54.365604,56.751724,2.3861184
JVASP-42094,4,O,54.365604,56.751728,2.3861222
JVASP-80616,0,Al,33.269314,42.8837,11.672122
JVASP-80616,1,Al,33.269314,42.883698,11.672121
JVASP-80616,2,Al,33.269314,42.8837,11.672123
JVASP-80616,3,Al,33.269314,42.8837,11.672123
JVASP-80616,4,Tc,54.37275,4.208597,56.703102
JVASP-80616,5,Tc,54.37275,4.208596,56.703102
JVASP-80616,6,Ir,57.328934,9.651519,54.754272
JVASP-80616,7,Ir,57.328934,9.651517,54.754276
JVASP-36897,0,K,0.0037416576,0.26362807,0.26597327
JVASP-36897,1,Hf,0.2312704,5.3970475,5.176945
JVASP-36897,2,O,53.6806,8.311379,45.69905
JVASP-36897,3,O,53.67088,4.3127775,49.358105
JVASP-36897,4,O,53.677044,8.30985,45.696552
JVASP-38083,0,Sr,58.109924,15.479607,69.48201
JVASP-38083,1,Sr,58.109924,15.479609,69.48202
JVASP-38083,2,Tc,16.450748,50.20779,39.281887
JVASP-38083,3,Tc,16.450748,50.207794,39.28189
JVASP-38083,4,N,37.226673,67.28027,96.51923
JVASP-38083,5,N,37.225567,67.28009,96.51777
JVASP-38083,6,N,30.388174,28.166748,10.423673
JVASP-38083,7,N,37.226673,67.28027,96.51923
JVASP-38083,8,N,37.225567,67.2801,96.51777
JVASP-38083,9,N,30.388174,28.166746,10.423672
JVASP-22687,0,Sr,52.953068,9.095308,62.048378
JVASP-22687,1,Sr,52.953068,9.095314,62.048386
JVASP-22687,2,H,0.31598416,2.7908735,2.4748895
JVASP-22687,3,N,16.671228,11.873576,28.544806
JVASP-38277,0,Rb,8.5658655,13.605047,5.039182
JVASP-38277,1,Zn,56.059258,18.559057,48.99466
JVASP-38277,2,Zn,56.059258,18.559053,48.99466
JVASP-38277,3,Zn,56.059258,18.559055,48.99466
JVASP-38277,4,Zn,56.059258,18.559053,48.99466
JVASP-38277,5,As,4.8573384,85.63533,80.777985
JVASP-38277,6,As,18.034777,31.275154,13.240377
JVASP-38277,7,As,18.034777,31.275154,13.240377
JVASP-37080,0,Sm,48.698303,37.86389,10.834414
JVASP-37080,1,Tl,52.61953,62.231678,9.612151
JVASP-37080,2,S,14.030678,6.6838484,20.714525
JVASP-37080,3,S,14.030678,6.683854,20.714533
JVASP-87077,0,P,52.4159,2.04637,50.369534
JVASP-87077,1,P,52.4159,2.0463696,50.369534
JVASP-87077,2,Rh,2.8363278,5.584892,2.748574
JVASP-87077,3,Rh,2.8363278,5.5848927,2.748575
JVASP-87077,4,Eu,37.975266,29.698767,8.276503
JVASP-67204,0,Y,52.17168,8.386635,43.785046
JVASP-67204,1,Ti,48.855072,20.409542,69.26462
JVASP-67204,2,Be,8.327044,22.724962,31.052006
JVASP-10586,0,O,15.566811,28.989433,15.562228
JVASP-10586,1,O,15.566689,28.98943,15.562393
JVASP-10586,2,O,15.567615,28.989435,15.5617075
JVASP-10586,3,O,15.56747,28.989426,15.561487
JVASP-10586,4,O,15.567209,28.989437,15.562191
JVASP-10586,5,O,15.567248,28.989431,15.561972
JVASP-10586,6,Ag,51.987736,26.572105,25.41563
JVASP-10586,7,Ag,51.987736,26.572102,25.415636
JVASP-10586,8,Ta,10.258576,10.742053,21.000626
JVASP-10586,9,Ta,10.258576,10.742052,21.000628
JVASP-15558,0,Ge,51.90084,72.60907,20.708231
JVASP-15558,1,Ge,51.90084,72.60907,20.708233
JVASP-15558,2,Pd,28.131676,5.0381975,23.093477
JVASP-15558,3,Pd,28.131676,5.038198,23.093477
JVASP-15558,4,Tb,19.87097,84.3084,64.43743
JVASP-8227,0,La,2.1836977,0.27278873,2.0044186
JVASP-8227,1,V,2.070216,5.815992,6.1754107
JVASP-8227,2,Cr,1.7053717,5.6434674,6.0774727
JVASP-8227,3,O,59.05586,63.662304,62.89705
JVASP-8227,4,O,58.939663,64.46332,64.21349
JVASP-8227,5,O,58.91209,63.96372,63.00821
JVASP-8227,6,O,59.335663,64.20757,63.068283
JVASP-8227,7,O,59.152428,64.75771,63.902164
JVASP-8227,8,O,58.95121,64.19204,64.068245
JVASP-67742,0,Na,51.698933,33.043594,18.65534
JVASP-67742,1,Mn,47.241676,4.5785923,51.820263
JVASP-67742,2,Be,13.761512,66.75392,65.70929
JVASP-67742,3,Be,13.761512,66.753914,65.70929
JVASP-36676,0,Cu,0.0,0.0,0.0
JVASP-36676,1,Ni,51.54216,43.500126,95.04229
JVASP-36676,2,Ni,51.542164,43.500126,95.04229
JVASP-36676,3,Ni,51.54216,43.500134,95.042305
JVASP-36676,4,N,0.0,0.0,0.0
JVASP-67686,0,Na,51.250675,7.368058,58.618736
JVASP-67686,1,Be,12.8891735,32.834938,44.430374
JVASP-67686,2,Be,12.8891735,32.834923,44.43036
JVASP-67686,3,Co,41.554775,4.825731,46.380505
JVASP-15698,0,Ca,9.895122,36.08244,26.187317
JVASP-15698,1,Ca,9.895122,36.082436,26.187313
JVASP-15698,2,P,50.969795,67.31176,16.34196
JVASP-15698,3,P,50.969795,67.31176,16.34196
JVASP-15698,4,P,50.969795,67.31176,16.34196
JVASP-15698,5,P,50.969795,67.31176,16.34196
JVASP-15698,6,Pd,22.97948,47.600285,24.620808
JVASP-15698,7,Pd,22.97948,47.600285,24.620808
JVASP-15698,8,Pd,22.97948,47.600285,24.620808
JVASP-15698,9,Pd,22.97948,47.60029,24.620811
JVASP-12142,0,Fe,1.2982303,62.46358,63.761814
JVASP-12142,1,I,50.784046,76.25942,25.475376
JVASP-12142,2,I,50.784046,76.25944,25.475388
JVASP-65038,0,Be,11.052097,14.143406,25.195503
JVASP-65038,1,Be,0.8197626,57.589134,58.408897
JVASP-65038,2,Re,50.433357,8.411208,42.022152
JVASP-65038,3,Si,18.848824,39.929436,21.080614
JVASP-54977,0,Sr,28.044487,33.39829,61.44277
JVASP-54977,1,Mg,13.998718,0.2910892,14.289808
JVASP-54977,2,In,54.251263,63.714924,79.89576
JVASP-54977,3,In,54.249657,63.71491,79.89453
JVASP-54977,4,In,30.92524,7.4489365,38.374176
JVASP-2697,0,Na,9.615064,45.292995,54.90806
JVASP-2697,1,Na,9.615064,45.292995,54.90806
JVASP-2697,2,Nb,49.808743,49.984722,0.17598067
JVASP-2697,3,Nb,49.808743,49.984722,0.17598146
JVASP-2697,4,Se,30.433277,30.938227,0.5049489
JVASP-2697,5,Se,30.433277,30.938227,0.5049485
JVASP-2697,6,Se,30.433277,30.938229,0.5049513
JVASP-2697,7,Se,30.433277,30.938229,0.50495124
JVASP-79649,0,Y,9.123124,33.33442,24.211296
JVASP-79649,1,Tl,49.67116,8.23005,57.901207
JVASP-79649,2,Se,31.065653,22.549683,8.51597
JVASP-79649,3,Se,31.065653,22.549688,8.515965
JVASP-38633,0,Pm,52.323162,15.237979,39.530663
JVASP-38633,1,Pm,52.323612,15.238034,39.530903
JVASP-38633,2,Pm,52.323612,15.238033,39.530903
JVASP-38633,3,Pm,52.32423,15.238032,39.531605
JVASP-38633,4,Pm,52.32423,15.238034,39.531605
JVASP-38633,5,Pm,52.32332,15.23798,39.530666
JVASP-38633,6,Sc,1.5946184,10.229648,8.63503
JVASP-38633,7,Sc,1.5946184,10.22965,8.635032
JVASP-17382,0,Ca,9.861882,85.0592,75.19731
JVASP-17382,1,Ge,49.08709,81.32051,32.23342
JVASP-17382,2,Ge,49.08709,81.3205,32.233414
JVASP-17382,3,Pd,32.80455,14.462841,18.341707
JVASP-17382,4,Pd,32.80455,14.462842,18.341705
JVASP-18170,0,Ge,48.93214,68.617004,19.684864
JVASP-18170,1,Ge,48.93214,68.617004,19.684862
JVASP-18170,2,Pd,29.684553,13.6080265,16.076529
JVASP-18170,3,Pd,29.684553,13.608026,16.076529
JVASP-18170,4,Dy,19.955929,86.74462,66.7887
JVASP-19968,0,Sb,43.335148,24.938492,18.396654
JVASP-19968,1,Sb,43.335148,24.938496,18.396652
JVASP-19968,2,Pd,48.579506,104.58198,56.002476
JVASP-19968,3,Pd,48.579506,104.58199,56.002483
JVASP-54664,0,Sc,0.0,0.0,0.0
JVASP-54664,1,Ir,48.430084,280.14316,231.71307
JVASP-54664,2,Ir,48.437027,280.15567,231.71866
JVASP-54664,3,Ir,48.43621,280.15356,231.71733
JVASP-54664,4,C,0.00244949,0.0028554678,0.00058652693
JVASP-1807,0,S,1.1830596,4.2607317,3.0776722
JVASP-1807,1,S,1.1830596,4.2607346,3.077675
JVASP-1807,2,K,19.175163,78.971664,59.7965
JVASP-1807,3,Sm,48.019794,65.98719,17.967396
JVASP-7722,0,C,46.89298,25.106237,28.808033
JVASP-7722,1,Si,50.74098,58.931087,17.175655
JVASP-7722,2,Si,50.74098,58.931084,17.175653
JVASP-7722,3,Fe,40.470634,8.8475065,34.981716
JVASP-7722,4,Fe,40.470634,8.8475065,34.981716
JVASP-7722,5,Dy,30.75313,26.613789,32.948513
JVASP-7722,6,Dy,30.75313,26.613789,32.948513
JVASP-16386,0,Na,0.786421,23.966568,23.18015
JVASP-16386,1,Se,43.19946,13.392534,29.806927
JVASP-16386,2,Se,43.19946,13.39253,29.806929
JVASP-16386,3,Yb,47.654007,0.6400027,47.014004
JVASP-10974,0,O,47.41012,102.41248,57.236183
JVASP-10974,1,O,47.41008,102.412476,57.23607
JVASP-10974,2,O,47.41008,102.412476,57.236076
JVASP-10974,3,O,47.41012,102.41249,57.236183
JVASP-10974,4,O,43.36497,105.47762,62.112656
JVASP-10974,5,O,43.36497,105.47762,62.112656
JVASP-10974,6,Ga,6.1848,21.120512,14.935711
JVASP-10974,7,Sr,37.20612,8.694634,28.511486
JVASP-10974,8,Sr,37.20612,8.694634,28.511486
JVASP-10974,9,Ta,14.282679,12.22475,2.0579464
JVASP-54950,0,Hf,47.209873,62.01388,14.804019
JVASP-54950,1,Co,0.6219003,8.635171,8.013274
JVASP-54950,2,Co,0.6219003,8.635168,8.013272
JVASP-54950,3,Si,9.179051,15.418129,6.239077
JVASP-54950,4,Si,9.179051,15.418129,6.239078
JVASP-50950,0,Y,47.233936,38.062714,14.73392
JVASP-50950,1,Y,47.233936,38.062714,14.733921
JVASP-50950,2,Y,47.233936,38.062714,14.733921
JVASP-50950,3,Y,47.233936,38.062714,14.73392
JVASP-50950,4,Mg,12.044957,32.151833,20.106874
JVASP-50950,5,Mg,12.044957,32.151833,20.106874
JVASP-50950,6,Ni,39.874416,38.958294,5.658553
JVASP-50950,7,Ni,39.874416,38.958294,5.658552
JVASP-50950,8,Ni,39.874416,38.958294,5.65855
JVASP-50950,9,Ni,39.874416,38.958294,5.658554
JVASP-7680,0,Se,10.452325,3.8429055,14.29523
JVASP-7680,1,Se,10.452325,3.8429067,14.295231
JVASP-7680,2,Rb,46.258926,36.367435,82.626366
JVASP-7680,3,Ce,46.744396,52.51213,5.767738
JVASP-25900,0,Na,6.1964107,18.591146,19.953299
JVASP-25900,1,Na,6.1964107,18.591146,19.953299
JVASP-25900,2,Zr,44.913338,21.151037,34.722145
JVASP-25900,3,Cu,21.702936,20.058325,37.27154
JVASP-25900,4,Cu,21.702936,20.058323,37.271538
JVASP-25900,5,S,51.59787,29.58743,42.65791
JVASP-25900,6,S,51.59787,29.587427,42.657906
JVASP-25900,7,S,33.42905,18.807865,26.044783
JVASP-25900,8,S,33.42905,18.807865,26.04478
JVASP-15962,0,B,45.365925,89.97124,44.605312
JVASP-15962,1,C,17.045162,38.367767,21.322607
JVASP-15962,2,C,17.045162,38.367775,21.322613
JVASP-15962,3,Sc,46.369015,41.929836,4.4391813
JVASP-15962,4,Sc,46.369015,41.929832,4.439183
JVASP-30285,0,Co,42.120087,23.109638,24.894243
JVASP-30285,1,Co,42.11939,23.59259,22.076433
JVASP-30285,2,Ni,19.39767,34.510426,45.005554
JVASP-30285,3,O,51.444653,57.5051,30.733927
JVASP-30285,4,O,46.67197,41.13253,25.343588
JVASP-30285,5,O,19.279608,45.436985,26.376356
JVASP-30285,6,O,46.675358,41.471806,26.313162
JVASP-30285,7,O,51.446747,56.32894,28.577036
JVASP-30285,8,O,19.278814,45.757584,26.586334
JVASP-16068,0,Ca,12.43606,32.180958,19.744896
JVASP-16068,1,Ca,12.43606,32.180954,19.744896
JVASP-16068,2,P,46.19738,3.6718204,49.869198
JVASP-16068,3,P,46.19738,3.6718187,49.869198
JVASP-16068,4,P,46.19738,3.6718192,49.869198
JVASP-16068,5,P,46.19738,3.671818,49.869198
JVASP-16068,6,Rh,7.015339,11.66799,4.652651
JVASP-16068,7,Rh,7.015339,11.667988,4.6526494
JVASP-16068,8,Rh,7.015339,11.667987,4.6526484
JVASP-16068,9,Rh,7.015339,11.667987,4.652647
JVASP-35860,0,Er,45.641415,19.541525,26.099894
JVASP-35860,1,Er,45.641415,19.541529,26.09989
JVASP-35860,2,Cu,35.73275,59.16343,23.430687
JVASP-35860,3,Cu,35.73275,59.16343,23.430687
JVASP-35860,4,Sn,46.079834,85.20224,39.12246
JVASP-35860,5,Sn,46.079834,85.20224,39.12246
JVASP-8197,0,C,46.968994,55.76151,30.253714
JVASP-8197,1,Si,48.588398,62.917652,25.174007
JVASP-8197,2,Si,48.588398,62.917652,25.174007
JVASP-8197,3,Fe,40.38374,14.240732,31.598532
JVASP-8197,4,Fe,40.38374,14.240734,31.598526
JVASP-8197,5,Tm,29.373426,34.706665,24.277374
JVASP-8197,6,Tm,29.373426,34.70666,24.277374
JVASP-69000,0,Ba,1.0781716,6.5944414,6.3987303
JVASP-69000,1,Y,6.6163263,2.780857,7.427271
JVASP-69000,2,Pt,16.516678,18.9264,34.246548
JVASP-69000,3,Pt,45.75234,11.431945,56.084366
JVASP-36674,0,Cd,0.0,0.0,0.0
JVASP-36674,1,Ni,45.528664,56.39844,101.92711
JVASP-36674,2,Ni,45.528664,56.39845,101.927124
JVASP-36674,3,Ni,45.528664,56.39844,101.92711
JVASP-36674,4,N,0.0,0.0,0.0
JVASP-19710,0,Mn,2.011031,15.038707,13.027676
JVASP-19710,1,Mn,2.011031,15.038709,13.027677
JVASP-19710,2,Mn,2.011031,15.038708,13.027677
JVASP-19710,3,Mn,2.011031,15.038706,13.027674
JVASP-19710,4,Si,45.327805,37.646427,7.681379
JVASP-19710,5,Si,45.327805,37.646427,7.6813803
JVASP-19710,6,Si,45.327805,37.646427,7.681378
JVASP-19710,7,Si,45.327805,37.646427,7.6813803
JVASP-37874,0,B,0.0,0.0,0.0
JVASP-37874,1,Os,0.0,0.0,0.0
JVASP-37874,2,O,45.172676,95.043594,49.870914
JVASP-37874,3,O,45.172676,95.0436,49.870926
JVASP-37874,4,O,45.172676,95.04358,49.870907
JVASP-80146,0,Mg,5.4582353,30.230274,33.591354
JVASP-80146,1,Mg,5.4582353,30.23028,33.59136
JVASP-80146,2,Zn,46.657307,23.241728,59.756424
JVASP-80146,3,Zn,46.657307,23.241726,59.756424
JVASP-80146,4,Ni,22.375582,24.610079,43.672947
JVASP-80146,5,Ni,22.375582,24.610077,43.672947
JVASP-80146,6,Ni,22.375582,24.610077,43.672947
JVASP-80146,7,Ni,22.375582,24.610071,43.672943
JVASP-18155,0,Y,0.0,0.0,0.0
JVASP-18155,1,Rh,44.91139,58.300083,13.38869
JVASP-18155,2,Rh,44.91139,58.300083,13.388695
JVASP-18155,3,Rh,44.911392,58.300083,13.38869
JVASP-18155,4,C,0.0,0.0,0.0
JVASP-38307,0,Rb,0.0,0.0,0.0
JVASP-38307,1,Mo,0.0,0.0,0.0
JVASP-38307,2,O,44.699104,22.573427,22.125677
JVASP-38307,3,O,44.699104,22.573421,22.125683
JVASP-38307,4,O,44.699104,22.573425,22.125677
JVASP-22682,0,Sr,44.47049,3.9310522,40.539436
JVASP-22682,1,Sr,44.47049,3.9310532,40.539436
JVASP-22682,2,Mg,11.472187,9.655668,1.8165282
JVASP-22682,3,H,3.6830063,4.094118,7.613466
JVASP-22682,4,H,3.6833181,4.0941095,7.613879
JVASP-22682,5,H,3.6830063,4.094118,7.6134663
JVASP-22682,6,H,3.6830063,4.094119,7.613467
JVASP-22682,7,H,3.6833181,4.0941114,7.6138806
JVASP-22682,8,H,3.6830063,4.0941186,7.6134667
JVASP-38899,0,Zn,0.0,0.0,0.0
JVASP-38899,1,Mo,44.20267,20.983387,23.219286
JVASP-38899,2,Mo,44.20267,20.983393,23.21928
JVASP-38899,3,Mo,44.202675,20.983385,23.21929
JVASP-5428,0,Ge,4.9624987,18.16378,23.12628
JVASP-5428,1,Te,8.4242115,88.5873,97.01152
JVASP-5428,2,Te,44.12816,23.093494,21.034666
JVASP-5428,3,Te,8.4242115,88.5873,97.01152
JVASP-5428,4,Te,44.12816,23.093489,21.034672
JVASP-5428,5,Bi,35.17774,13.99358,21.184156
JVASP-5428,6,Bi,35.17774,13.99358,21.184156
JVASP-53444,0,Na,5.8169928,1.0506926,4.7663007
JVASP-53444,1,Na,0.30394736,10.813261,11.1172
JVASP-53444,2,Na,5.8169928,1.0506907,4.7663026
JVASP-53444,3,Y,21.548088,15.105165,6.442924
JVASP-53444,4,Cl,44.31449,105.473495,64.86944
JVASP-53444,5,Cl,44.315254,105.473404,64.86889
JVASP-53444,6,Cl,44.314457,105.4734,64.86931
JVASP-53444,7,Cl,44.314457,105.4734,64.86931
JVASP-53444,8,Cl,44.315254,105.473404,64.86889
JVASP-53444,9,Cl,44.31449,105.473495,64.86944
JVASP-35911,0,K,0.7740388,3.0281754,3.8022141
JVASP-35911,1,K,0.7740388,3.0281754,3.8022141
JVASP-35911,2,Mn,34.3247,28.263128,6.06157
JVASP-35911,3,Mn,34.3247,28.263128,6.06157
JVASP-35911,4,Bi,43.809124,18.88254,62.691666
JVASP-35911,5,Bi,43.809124,18.88254,62.691666
JVASP-18231,0,Mn,43.59847,75.65504,32.056572
JVASP-18231,1,Mn,43.598465,75.65504,32.056572
JVASP-18231,2,Mn,43.59847,75.65504,32.05657
JVASP-18231,3,Ir,0.0,0.0,0.0
JVASP-18231,4,N,0.0,0.0,0.0
JVASP-38643,0,Na,4.9565425,1.8702658,3.0862768
JVASP-38643,1,Na,4.9565425,1.8702655,3.086277
JVASP-38643,2,Dy,43.582615,17.717892,37.435
JVASP-38643,3,Dy,43.582615,17.717892,37.435
JVASP-38643,4,Dy,43.580193,17.717918,37.43322
JVASP-38643,5,Dy,43.582615,17.717892,37.435005
JVASP-38643,6,Dy,43.582615,17.717892,37.435
JVASP-38643,7,Dy,43.580574,17.717918,37.433277
JVASP-36205,0,Tm,10.733665,62.08535,72.81901
JVASP-36205,1,Tl,30.984005,43.583122,12.599119
JVASP-36205,2,Te,43.357193,16.980328,26.376867
JVASP-36205,3,Te,43.357193,16.980331,26.376863
JVASP-20952,0,Li,0.36211693,6.571927,6.2098107
JVASP-20952,1,Li,0.36211693,6.5719285,6.2098126
JVASP-20952,2,Zr,26.95296,15.198706,42.151665
JVASP-20952,3,F,45.32273,81.849075,37.56017
JVASP-20952,4,F,45.323235,81.849075,37.55981
JVASP-20952,5,F,45.32273,81.84908,37.560177
JVASP-20952,6,F,45.323235,81.84908,37.55982
JVASP-20952,7,F,45.323235,81.84908,37.55982
JVASP-20952,8,F,45.323235,81.849075,37.55981
JVASP-1519,0,Sc,6.9883947,2.214604,9.202998
JVASP-1519,1,Cu,20.763105,12.03692,32.800022
JVASP-1519,2,S,43.014263,59.069363,16.055098
JVASP-1519,3,S,40.628464,74.981674,34.353214
JVASP-36646,0,Lu,10.983515,1.958824,9.024692
JVASP-36646,1,Tl,33.393894,17.758904,51.152798
JVASP-36646,2,Te,42.806057,3.0637379,39.74232
JVASP-36646,3,Te,42.806057,3.063743,39.742313
JVASP-67167,0,Ti,20.033562,9.723081,10.31048
JVASP-67167,1,Be,5.9163337,6.5573053,0.6409711
JVASP-67167,2,Be,2.9173424,1.0951521,4.0124946
JVASP-67167,3,Tc,42.676643,18.577682,24.09896
JVASP-35943,0,Li,0.16983128,1.989786,2.1596172
JVASP-35943,1,Y,2.8985636,29.419632,26.521069
JVASP-35943,2,Cu,42.622345,39.886086,2.7362695
JVASP-35943,3,Cu,42.622345,39.886086,2.7362695
JVASP-35943,4,P,0.55360276,10.748731,10.1951475
JVASP-35943,5,P,0.55360276,10.74873,10.195147
JVASP-1705,0,Se,3.899161,15.12863,19.02779
JVASP-1705,1,Se,3.899161,15.128627,19.027788
JVASP-1705,2,Rb,42.53536,15.416687,27.118673
JVASP-1705,3,Pr,33.674377,46.74164,13.067265
JVASP-15432,0,Si,42.421898,57.50723,15.085335
JVASP-15432,1,Si,42.421898,57.50723,15.085333
JVASP-15432,2,Ni,21.86065,19.928123,26.345743
JVASP-15432,3,Ni,21.858532,19.928173,26.344816
JVASP-15432,4,Ni,32.447205,42.434174,18.255196
JVASP-15432,5,Ni,32.447006,42.4341,18.255276
JVASP-15432,6,Ni,21.858532,19.928171,26.344818
JVASP-15432,7,Ni,32.447006,42.434097,18.25527
JVASP-15432,8,B,4.2706857,22.98549,27.256174
JVASP-56208,0,K,16.49222,9.079977,7.4122443
JVASP-56208,1,Co,9.735461,13.808074,4.0726123
JVASP-56208,2,Co,9.735461,13.808074,4.0726132
JVASP-56208,3,As,42.24093,1.6672751,43.908203
JVASP-56208,4,As,42.24093,1.6672755,43.908203
JVASP-53086,0,Al,41.62985,46.29018,11.800606
JVASP-53086,1,Al,14.965315,81.19362,94.001434
JVASP-53086,2,Al,36.81695,69.46692,64.54108
JVASP-53086,3,Al,42.690548,101.059906,60.667507
JVASP-53086,4,C,27.425907,23.176336,44.70509
JVASP-53086,5,O,21.004011,19.821321,13.077495
JVASP-38125,0,La,41.725258,8.506119,33.21914
JVASP-38125,1,La,41.725258,8.50612,33.21914
JVASP-38125,2,Os,2.418113,8.261093,5.8430996
JVASP-38125,3,Os,2.418113,8.261112,5.843119
JVASP-38125,4,N,19.792929,15.769681,5.761283
JVASP-38125,5,N,19.792028,15.769645,5.7603226
JVASP-38125,6,N,19.792929,15.769681,5.761281
JVASP-38125,7,N,19.793177,15.769643,5.761028
JVASP-38125,8,N,19.793177,15.769644,5.761027
JVASP-38125,9,N,19.792028,15.769645,5.760322
JVASP-35815,0,Tb,0.8163345,23.546236,23.005713
JVASP-35815,1,Cu,28.594416,14.058771,42.555244
JVASP-35815,2,Cu,28.594416,14.058768,42.555244
JVASP-35815,3,S,41.489975,43.629505,2.5978405
JVASP-35815,4,S,41.489975,43.629505,2.5978398
JVASP-50088,0,Li,0.24292934,10.094386,10.014184
JVASP-50088,1,Fe,7.576311,16.142136,23.714327
JVASP-50088,2,Cu,41.14535,14.482859,55.62282
JVASP-50088,3,S,16.072378,34.865364,18.813362
JVASP-50088,4,S,26.290407,6.932985,33.17049
JVASP-86964,0,La,40.87953,1.4392565,39.440277
JVASP-86964,1,La,40.87953,1.4392562,39.440277
JVASP-86964,2,O,2.150652,5.164872,7.3155246
JVASP-86964,3,O,2.150652,5.1648707,7.3155227
JVASP-86964,4,F,0.72423244,6.6984835,7.4227157
JVASP-86964,5,F,0.72423244,6.6984854,7.4227176
JVASP-65132,0,Li,0.44090816,1.5348059,1.0938977
JVASP-65132,1,Be,0.27189335,6.4656835,6.1937895
JVASP-65132,2,Be,0.4286607,17.581192,17.15253
JVASP-65132,3,Ni,40.30554,32.807785,73.11332
JVASP-21037,0,Na,10.979837,4.3694777,6.6103597
JVASP-21037,1,Na,10.979837,4.369477,6.6103606
JVASP-21037,2,Th,26.077267,20.761734,46.839
JVASP-21037,3,F,41.10052,15.544982,31.14371
JVASP-21037,4,F,41.10172,15.545227,31.145164
JVASP-21037,5,F,41.10172,15.545226,31.145164
JVASP-21037,6,F,27.232227,37.66354,30.868927
JVASP-21037,7,F,27.232227,37.66354,30.868927
JVASP-21037,8,F,27.23163,37.66325,30.869768
JVASP-85168,0,Eu,34.516983,0.33235762,34.184628
JVASP-85168,1,Eu,34.516983,0.33235973,34.184628
JVASP-85168,2,H,3.5358386,18.358074,14.822236
JVASP-85168,3,H,3.5358386,18.358076,14.822239
JVASP-85168,4,H,1.0071487,38.460083,37.452934
JVASP-85168,5,Cl,39.980576,6.4882455,46.46882
JVASP-51369,0,In,42.50519,35.83604,7.4613557
JVASP-51369,1,In,42.50519,35.83604,7.461358
JVASP-51369,2,H,2.418256,53.272533,55.29594
JVASP-51369,3,H,2.418256,53.272526,55.29594
JVASP-51369,4,O,18.952858,57.88934,40.942272
JVASP-51369,5,O,18.952858,57.88934,40.942272
JVASP-51369,6,O,18.952858,57.88934,40.942272
JVASP-51369,7,O,18.952858,57.889343,40.942276
JVASP-15315,0,Mg,4.65648,11.9504175,7.2939377
JVASP-15315,1,Mg,4.65648,11.9504175,7.2939377
JVASP-15315,2,Cu,6.8569384,2.2553964,9.112335
JVASP-15315,3,Cu,6.8569384,2.2553942,9.112332
JVASP-15315,4,As,39.533947,9.100664,48.634613
JVASP-15315,5,As,39.533947,9.100665,48.634613
JVASP-77465,0,Li,0.1300769,20.447313,20.560055
JVASP-77465,1,Li,0.1300769,20.447313,20.560055
JVASP-77465,2,In,39.258186,11.450153,50.68441
JVASP-77465,3,In,39.258186,11.450154,50.684414
JVASP-77465,4,Hg,9.39251,57.132927,47.803547
JVASP-77465,5,Hg,9.39251,57.13292,47.80354
JVASP-77465,6,Hg,9.39251,57.132927,47.803547
JVASP-77465,7,Hg,9.39251,57.13293,47.803547
JVASP-14156,0,Li,0.77611727,17.738619,16.967104
JVASP-14156,1,Li,0.77611727,17.73862,16.967104
JVASP-14156,2,F,39.982624,47.437363,22.662075
JVASP-14156,3,F,39.982513,46.652946,22.332327
JVASP-14156,4,F,39.98465,46.03278,21.030682
JVASP-14156,5,F,39.9831,46.647713,22.280876
JVASP-14156,6,F,39.982513,46.652946,22.332327
JVASP-14156,7,F,39.982624,47.437363,22.662071
JVASP-14156,8,F,39.98465,46.03278,21.030682
JVASP-14156,9,F,39.9831,46.647713,22.280876
JVASP-14156,10,Y,33.288074,3.6066015,32.118645
JVASP-14156,11,Y,33.288074,3.6066043,32.118645
JVASP-81266,0,Be,2.7552254,35.402973,35.081448
JVASP-81266,1,Be,2.7552254,35.402973,35.081448
JVASP-81266,2,Fe,19.9206,31.269377,25.047768
JVASP-81266,3,Fe,19.9206,31.269377,25.047768
JVASP-81266,4,Co,39.392765,26.921879,15.60219
JVASP-81266,5,Co,39.392765,26.921877,15.602192
JVASP-81266,6,Co,39.392765,26.921877,15.60219
JVASP-81266,7,Co,39.392765,26.921879,15.602189
JVASP-15374,0,La,38.640774,21.567238,17.075285
JVASP-15374,1,Co,4.4641786,8.376081,3.9124117
JVASP-15374,2,Co,4.4641786,8.3760805,3.912412
JVASP-15374,3,P,8.456655,18.620613,10.164156
JVASP-15374,4,P,8.456655,18.620613,10.164156
JVASP-54799,0,Er,41.282475,26.755417,30.75405
JVASP-54799,1,Er,41.283607,26.755634,30.75507
JVASP-54799,2,Er,41.283607,26.755634,30.75507
JVASP-54799,3,Mn,41.783894,34.739178,7.7762184
JVASP-54799,4,Mn,41.78457,34.73909,7.777388
JVASP-54799,5,Mn,41.783894,34.73917,7.776225
JVASP-54799,6,Ga,16.136013,4.325876,11.810137
JVASP-54799,7,Ga,16.136013,4.325876,11.810137
JVASP-54799,8,Si,17.587336,45.59764,28.010307
JVASP-62158,0,Ti,30.080166,19.63099,12.109992
JVASP-62158,1,Ti,30.080166,19.630991,12.109991
JVASP-62158,2,Ti,30.075626,19.631327,12.10568
JVASP-62158,3,Cr,36.497257,40.106052,72.452515
JVASP-62158,4,Cr,36.497257,40.106056,72.452515
JVASP-62158,5,Cr,36.497654,40.10664,72.45256
JVASP-62158,6,As,2.5401208,18.78432,21.32444
JVASP-62158,7,As,2.5401208,18.78432,21.32444
JVASP-62158,8,As,38.13488,15.182683,53.317562
JVASP-82096,0,Li,0.29123646,27.43606,27.577515
JVASP-82096,1,Li,0.29123646,27.436058,27.577513
JVASP-82096,2,Zn,31.956797,48.6119,30.515263
JVASP-82096,3,Zn,31.956797,48.6119,30.51526
JVASP-82096,4,Cd,40.302837,52.348804,28.816893
JVASP-82096,5,Cd,40.302837,52.3488,28.816893
JVASP-82096,6,Cd,40.302837,52.348797,28.816887
JVASP-82096,7,Cd,40.302837,52.348797,28.816887
JVASP-35414,0,Zn,4.492364,12.950136,17.442501
JVASP-35414,1,Pd,38.60999,27.24678,11.3967
JVASP-35414,2,Pd,38.60999,27.24678,11.3967
JVASP-35414,3,Pd,38.60999,27.246784,11.396698
JVASP-35414,4,Pd,38.60999,27.246784,11.396698
JVASP-35414,5,Pd,27.242409,52.77382,25.531408
JVASP-35414,6,Se,19.657154,27.666786,47.32394
JVASP-40446,0,Tc,42.28407,1.3430086,42.074364
JVASP-40446,1,Tc,42.284634,1.34304,42.07481
JVASP-40446,2,Tc,42.28407,1.3430086,42.074364
JVASP-40446,3,Tc,42.28407,1.343008,42.074364
JVASP-40446,4,Tc,42.284634,1.3430406,42.074806
JVASP-40446,5,Tc,42.28407,1.3430104,42.07436
JVASP-40446,6,Ni,7.3937855,2.3688624,5.024923
JVASP-40446,7,Ni,7.3937855,2.3688633,5.024922
JVASP-15959,0,V,17.477787,50.06423,32.718056
JVASP-15959,1,V,17.478172,50.064243,32.71772
JVASP-15959,2,Ge,3.6211212,32.517666,28.896547
JVASP-15959,3,Ge,3.6211212,32.517666,28.896547
JVASP-15959,4,Zr,37.350563,31.05678,6.2937818
JVASP-15959,5,Zr,37.350563,31.056778,6.293784
JVASP-1813,0,S,0.17481992,27.322693,27.147875
JVASP-1813,1,S,0.17481992,27.322695,27.147875
JVASP-1813,2,K,23.245321,50.367622,27.1223
JVASP-1813,3,Dy,37.074093,35.342087,1.7320375
JVASP-37219,0,Sm,0.0,0.0,0.0
JVASP-37219,1,Ga,0.0,0.0,0.0
JVASP-37219,2,O,36.82971,124.1945,87.36479
JVASP-37219,3,O,36.829712,124.194496,87.36478
JVASP-37219,4,O,36.829712,124.194496,87.36479
JVASP-32781,0,Al,37.193653,9.569498,42.763264
JVASP-32781,1,Al,37.193653,9.569533,42.763313
JVASP-32781,2,Al,37.193653,9.569421,42.7632
JVASP-32781,3,Al,37.193653,9.569785,42.763477
JVASP-32781,4,B,26.977617,39.86969,63.62343
JVASP-32781,5,B,26.28273,34.776733,60.149143
JVASP-32781,6,B,26.976986,39.869644,63.62288
JVASP-32781,7,B,26.977617,39.8698,63.62355
JVASP-32781,8,B,26.976986,39.86964,63.622887
JVASP-32781,9,B,26.28273,34.776672,60.14909
JVASP-32781,10,B,27.846405,40.691822,64.84951
JVASP-32781,11,B,27.846405,40.691795,64.84947
JVASP-32781,12,B,27.846405,40.69183,64.8495
JVASP-32781,13,B,27.846405,40.691982,64.849655
JVASP-32781,14,B,26.28273,34.77666,60.149067
JVASP-32781,15,B,26.282894,34.77732,60.149956
JVASP-32781,16,H,16.194939,57.592087,55.823433
JVASP-32781,17,H,22.861336,3.9395812,23.25531
JVASP-32781,18,H,16.278389,39.23032,40.949802
JVASP-32781,19,H,16.20472,57.74471,53.55071
JVASP-32781,20,H,22.725431,28.142403,26.178946
JVASP-32781,21,H,16.278389,39.230297,40.9499
JVASP-32781,22,H,16.450712,56.524155,54.433445
JVASP-32781,23,H,16.194939,57.592083,55.823456
JVASP-32781,24,H,16.450712,56.525196,54.434162
JVASP-32781,25,H,22.457869,23.155272,41.89012
JVASP-32781,26,H,22.726175,28.143068,26.17837
JVASP-32781,27,H,22.76928,11.905673,29.957989
JVASP-32781,28,H,23.242374,14.776316,22.79825
JVASP-32781,29,H,22.861336,3.9398806,23.255535
JVASP-32781,30,H,22.76646,12.099814,33.52429
JVASP-32781,31,H,22.769897,11.905383,29.957537
JVASP-32781,32,H,22.76646,12.09982,33.52429
JVASP-32781,33,H,22.769897,11.905474,29.95756
JVASP-32781,34,H,22.457869,23.155464,41.890324
JVASP-32781,35,H,22.457869,23.155262,41.890102
JVASP-32781,36,H,22.861336,3.939679,23.25539
JVASP-32781,37,H,22.725431,28.142414,26.178947
JVASP-32781,38,H,16.202887,57.743088,53.55021
JVASP-32781,39,H,22.76646,12.099839,33.524284
JVASP-32781,40,H,16.450571,56.52417,54.434
JVASP-32781,41,H,15.995155,46.875546,45.399025
JVASP-32781,42,H,15.995155,46.875454,45.39892
JVASP-32781,43,H,22.76646,12.09883,33.523243
JVASP-32781,44,H,22.76928,11.905651,29.95799
JVASP-32781,45,H,23.242374,14.77629,22.798573
JVASP-32781,46,H,16.278389,39.230274,40.949883
JVASP-32781,47,H,23.242374,14.776232,22.798355
JVASP-32781,48,H,23.242374,14.776395,22.798557
JVASP-32781,49,H,16.202887,57.743076,53.55017
JVASP-32781,50,H,22.457869,23.155254,41.89008
JVASP-32781,51,H,22.725431,28.142555,26.179089
JVASP-32781,52,H,15.995155,46.87547,45.398933
JVASP-32781,53,H,16.194563,57.592037,55.823807
JVASP-32781,54,H,16.450571,56.52414,54.433975
JVASP-32781,55,H,16.194563,57.59208,55.823856
JVASP-32781,56,H,15.911053,52.806023,53.663868
JVASP-32781,57,H,15.911053,52.80601,53.663857
JVASP-32781,58,H,16.202887,57.7431,53.55019
JVASP-32781,59,H,15.911053,52.805992,53.663845
JVASP-32781,60,H,16.278389,39.23037,40.94987
JVASP-32781,61,H,22.861336,3.9396179,23.255308
JVASP-32781,62,H,15.911053,52.806156,53.664017
JVASP-32781,63,H,15.995155,46.875477,45.398937
JVASP-14936,0,Li,0.21066087,22.889626,23.100283
JVASP-14936,1,Li,0.21066087,22.889626,23.100283
JVASP-14936,2,Ga,19.234617,4.3751893,14.859429
JVASP-14936,3,Ga,19.234617,4.3751903,14.859428
JVASP-14936,4,Ge,36.612522,4.642389,31.970135
JVASP-14936,5,Ge,36.612522,4.64239,31.970135
JVASP-37409,0,U,36.448406,9.024854,27.423555
JVASP-37409,1,U,36.448406,9.024853,27.423555
JVASP-37409,2,Ag,2.226586,12.493126,14.719711
JVASP-37409,3,Ag,2.226586,12.493127,14.719712
JVASP-37409,4,Ag,16.955368,5.683628,22.638996
JVASP-37409,5,Ag,2.226586,12.493126,14.719711
JVASP-37409,6,Ag,2.226586,12.493125,14.719711
JVASP-37409,7,Ag,16.955368,5.6836276,22.638996
JVASP-37520,0,Sr,32.550045,68.1628,35.612755
JVASP-37520,1,Al,17.457514,75.07825,92.53576
JVASP-37520,2,Ge,36.099354,0.6802405,35.419113
JVASP-37520,3,H,5.007982,5.359651,10.367634
JVASP-17180,0,Hf,30.61863,35.019756,4.401184
JVASP-17180,1,Hf,30.61863,35.019756,4.401184
JVASP-17180,2,Hf,30.61863,35.01976,4.401188
JVASP-17180,3,Hf,30.61863,35.019756,4.401184
JVASP-17180,4,C,6.727524,29.340683,22.61316
JVASP-17180,5,C,6.727524,29.34068,22.613155
JVASP-17180,6,S,35.978104,30.158909,66.13702
JVASP-17180,7,S,35.978104,30.158907,66.13702
JVASP-41282,0,Hf,35.8442,16.914177,52.758377
JVASP-41282,1,Hf,35.8442,16.914179,52.758377
JVASP-41282,2,In,3.9118352,6.3868504,10.298685
JVASP-41282,3,In,3.9118352,6.3868494,10.298685
JVASP-41282,4,Rh,6.236401,25.173992,18.93759
JVASP-41282,5,Rh,6.236401,25.173994,18.937593
JVASP-41282,6,Rh,6.236401,25.173992,18.937592
JVASP-41282,7,Rh,6.236401,25.173992,18.93759
JVASP-14934,0,Cr,4.585494,45.918213,41.332726
JVASP-14934,1,Cu,35.43398,72.51187,107.945854
JVASP-14934,2,Se,24.77918,32.73711,7.9579296
JVASP-14934,3,Se,16.841196,199.25188,216.09308
JVASP-36014,0,K,35.146503,20.362057,14.784449
JVASP-36014,1,Zr,27.755577,27.585297,55.34087
JVASP-36014,2,S,5.294572,29.958168,24.663595
JVASP-36014,3,S,5.294572,29.958168,24.663595
JVASP-77026,0,Li,0.12918977,15.285452,15.262315
JVASP-77026,1,Pd,8.014295,17.855116,17.370394
JVASP-77026,2,Pb,34.976204,4.38403,32.93768
JVASP-77026,3,Pb,34.976204,4.3840303,32.93768
JVASP-56525,0,Sr,34.614147,51.20518,16.591038
JVASP-56525,1,Al,23.801691,33.794533,57.59623
JVASP-56525,2,Si,13.575889,10.256312,23.8322
JVASP-56525,3,H,4.763033,28.801882,33.564915
JVASP-8389,0,Ca,6.076471,23.778294,18.532059
JVASP-8389,1,W,38.97862,22.921654,25.474232
JVASP-8389,2,O,25.35734,27.787731,23.095867
JVASP-8389,3,O,24.785124,32.56134,12.756989
JVASP-8389,4,O,24.769094,32.572258,12.747159
JVASP-2703,0,Na,7.9314475,1.1360183,9.067466
JVASP-2703,1,Na,7.9314475,1.136019,9.067467
JVASP-2703,2,Na,24.705553,23.838545,48.5441
JVASP-2703,3,Na,24.705147,23.838545,48.54369
JVASP-2703,4,Na,7.9314475,1.1360195,9.067468
JVASP-2703,5,Na,7.9314475,1.1360182,9.067466
JVASP-2703,6,Sb,33.96748,4.428278,29.539206
JVASP-2703,7,Sb,33.9683,4.428278,29.540022
JVASP-21913,0,Mg,9.128431,30.20725,21.07882
JVASP-21913,1,Mg,9.128431,30.207249,21.07882
JVASP-21913,2,Sc,36.86393,21.668505,20.298107
JVASP-21913,3,Sc,36.86393,21.668503,20.29811
JVASP-21913,4,Sc,36.86393,21.668503,20.29811
JVASP-21913,5,Sc,36.86393,21.668503,20.29811
JVASP-21913,6,Ga,28.655249,20.107834,48.617966
JVASP-21913,7,Ga,28.655249,20.107838,48.617966
JVASP-21913,8,Ga,28.655249,20.107838,48.617966
JVASP-21913,9,Ga,28.655249,20.107838,48.61797
JVASP-66708,0,Be,3.1304479,28.501041,31.63149
JVASP-66708,1,Be,2.055122,14.064917,16.120039
JVASP-66708,2,Co,33.49759,18.723824,14.773766
JVASP-66708,3,Ru,4.426228,24.621645,20.195417
JVASP-8097,0,Nd,31.951962,12.727946,19.224014
JVASP-8097,1,Nd,31.951962,12.727943,19.224018
JVASP-8097,2,S,33.153027,11.056581,22.096447
JVASP-8097,3,S,33.153027,11.056588,22.09644
JVASP-8097,4,F,16.303804,29.24551,12.941706
JVASP-8097,5,F,16.303804,29.2455,12.941696
JVASP-18169,0,Y,33.028923,7.9802847,41.009205
JVASP-18169,1,Y,33.028923,7.9802856,41.009205
JVASP-18169,2,Ti,5.4713435,4.914746,10.386089
JVASP-18169,3,Ti,5.4713435,4.9147463,10.38609
JVASP-18169,4,Si,5.240275,0.48228335,4.7579913
JVASP-18169,5,Si,5.240275,0.48228365,4.7579913
JVASP-15373,0,Sc,21.293095,50.873055,62.900093
JVASP-15373,1,Sc,21.294344,50.873165,62.903477
JVASP-15373,2,Ge,16.328896,31.092867,47.42176
JVASP-15373,3,Ge,16.328896,31.092869,47.42176
JVASP-15373,4,Tb,32.72573,4.5281067,28.197622
JVASP-15373,5,Tb,32.72573,4.528108,28.19762
JVASP-81376,0,Na,5.223543,30.584108,25.410881
JVASP-81376,1,Na,5.223543,30.584105,25.410875
JVASP-81376,2,Y,32.807644,17.577103,49.718258
JVASP-81376,3,Y,32.807644,17.577106,49.718258
JVASP-81376,4,Au,33.57307,23.97421,13.059283
JVASP-81376,5,Au,33.57307,23.97421,13.059282
JVASP-81376,6,Au,33.57307,23.97421,13.059279
JVASP-81376,7,Au,33.57307,23.974209,13.059281
JVASP-35466,0,Ti,34.992657,17.474087,33.986782
JVASP-35466,1,Nb,23.768812,9.414573,26.698406
JVASP-35466,2,Nb,23.768812,9.414574,26.698406
JVASP-35466,3,Se,36.374504,13.531625,23.644909
JVASP-35466,4,Se,36.374504,13.531625,23.644909
JVASP-35466,5,Se,27.942226,28.644686,49.49413
JVASP-35466,6,Se,27.942226,28.644686,49.49413
JVASP-14891,0,B,4.885437,44.92301,45.07567
JVASP-14891,1,B,4.885437,44.92301,45.07567
JVASP-14891,2,Al,15.18948,41.21232,26.561369
JVASP-14891,3,Al,15.18948,41.21232,26.561369
JVASP-14891,4,Mo,32.72779,22.109247,54.826912
JVASP-14891,5,Mo,32.72779,22.10925,54.826916
JVASP-8679,0,Li,0.1413577,23.93656,23.809998
JVASP-8679,1,Li,0.14048487,23.93656,23.810717
JVASP-8679,2,Mg,1.4068342,11.960436,13.345533
JVASP-8679,3,Br,32.070217,125.60339,142.30423
JVASP-8679,4,Br,32.070217,125.6018,142.3024
JVASP-8679,5,Br,19.102161,130.13405,149.1705
JVASP-8679,6,Br,19.102161,130.13405,149.17052
JVASP-81698,0,Mn,32.20622,25.765745,8.123239
JVASP-81698,1,Mn,32.20622,25.765745,8.123239
JVASP-81698,2,Be,11.230151,76.8481,65.6206
JVASP-81698,3,Be,11.230151,76.8481,65.6206
JVASP-81698,4,Ir,12.298783,19.642344,10.958918
JVASP-81698,5,Ir,12.298783,19.64234,10.958917
JVASP-81698,6,Ir,12.298783,19.642345,10.958921
JVASP-81698,7,Ir,12.298783,19.64235,10.958923
JVASP-15808,0,Sr,8.521775,29.499754,20.97798
JVASP-15808,1,Cd,15.222354,8.7972355,6.425119
JVASP-15808,2,Cd,15.222354,8.797235,6.42512
JVASP-15808,3,Sb,31.401234,14.3912525,45.792484
JVASP-15808,4,Sb,31.401234,14.3912525,45.792484
JVASP-15521,0,Y,31.328974,52.05467,20.725693
JVASP-15521,1,Y,31.328974,52.05466,20.725687
JVASP-15521,2,Co,27.021955,15.125045,11.89691
JVASP-15521,3,Co,27.021955,15.125046,11.89691
JVASP-15521,4,Co,27.021955,15.125046,11.896908
JVASP-15521,5,Co,27.021955,15.125045,11.89691
JVASP-15521,6,Si,24.985613,30.47434,5.4887276
JVASP-15521,7,Si,24.985613,30.474337,5.4887233
JVASP-15521,8,Si,24.985613,30.47434,5.488728
JVASP-15521,9,Si,24.985613,30.47434,5.4887276
JVASP-81458,0,Sr,21.165531,22.100616,15.580641
JVASP-81458,1,Sr,21.165531,22.100615,15.58064
JVASP-81458,2,Sr,21.165531,22.10061,15.580639
JVASP-81458,3,Sr,21.165531,22.100613,15.58064
JVASP-81458,4,Pd,15.765273,21.979595,37.151463
JVASP-81458,5,Pd,15.765273,21.979595,37.151463
JVASP-81458,6,Au,35.746185,16.890049,52.571888
JVASP-81458,7,Au,35.746185,16.890045,52.57188
JVASP-37859,0,As,26.021338,18.787033,44.808372
JVASP-37859,1,As,26.021338,18.787025,44.808365
JVASP-37859,2,Au,31.658987,19.048231,24.97546
JVASP-37859,3,Au,31.661095,19.047834,24.97751
JVASP-37859,4,Au,31.661095,19.047834,24.977507
JVASP-37859,5,Au,31.658987,19.048231,24.975471
JVASP-37859,6,Au,31.660633,19.047834,24.97731
JVASP-37859,7,Au,31.660633,19.047834,24.977312
JVASP-1960,0,N,13.93887,31.059765,17.120895
JVASP-1960,1,Cl,30.609577,1.4910567,29.118523
JVASP-1960,2,Ca,22.475574,23.075665,0.6000926
JVASP-1960,3,Ca,22.475574,23.075665,0.60009235
JVASP-35929,0,Li,0.039217345,7.3197813,7.280589
JVASP-35929,1,Li,0.039217345,7.31978,7.280588
JVASP-35929,2,Li,0.3196592,40.338573,40.018913
JVASP-35929,3,Ho,30.515335,20.321302,10.194033
JVASP-35929,4,Sb,16.524258,22.540466,6.016208
JVASP-35929,5,Sb,16.524258,22.540464,6.0162077
JVASP-38446,0,Li,0.01959592,21.926342,21.94594
JVASP-38446,1,Li,0.01959592,21.926344,21.94594
JVASP-38446,2,Li,0.5029619,30.369848,30.87281
JVASP-38446,3,Li,0.01959592,21.926342,21.94594
JVASP-38446,4,Li,0.01959592,21.926342,21.945938
JVASP-38446,5,Li,0.5029619,30.36984,30.872803
JVASP-38446,6,Cd,30.292023,1.8201303,32.112152
JVASP-38446,7,Cd,30.292023,1.8201299,32.112152
JVASP-18568,0,Al,9.8970995,40.459633,50.35673
JVASP-18568,1,Al,9.8970995,40.459633,50.35673
JVASP-18568,2,Ca,15.751729,47.956024,63.707756
JVASP-18568,3,Zn,29.940819,28.5783,1.3625208
JVASP-18568,4,Zn,29.940819,28.5783,1.3625218
JVASP-17444,0,Ti,12.208488,39.03641,27.292385
JVASP-17444,1,Ti,12.216542,39.03655,27.285086
JVASP-17444,2,Ti,12.216542,39.036552,27.285086
JVASP-17444,3,Ge,13.78532,52.128914,65.91424
JVASP-17444,4,Ge,15.70858,28.864527,44.573105
JVASP-17444,5,Ge,13.78532,52.12891,65.91423
JVASP-17444,6,Pd,30.645924,28.083033,41.106007
JVASP-17444,7,Pd,30.64531,28.082811,41.10591
JVASP-17444,8,Pd,30.645924,28.083035,41.106007
JVASP-28378,0,Mg,14.150702,14.1857195,0.035017844
JVASP-28378,1,Mg,14.150702,14.185722,0.035020374
JVASP-28378,2,Co,21.559591,2.1582742,23.717867
JVASP-28378,3,Co,21.559591,2.1582727,23.717865
JVASP-28378,4,Ge,29.41429,12.538993,16.875296
JVASP-28378,5,Ge,29.41429,12.538991,16.875298
JVASP-18687,0,Zn,20.276876,6.0630393,26.339916
JVASP-18687,1,Cu,32.8749,32.633957,23.249435
JVASP-18687,2,Cu,32.8749,32.63396,23.249435
JVASP-18687,3,Ni,21.584906,25.916794,4.331888
JVASP-1894,0,Na,2.6389117,11.667773,9.028862
JVASP-1894,1,S,29.15515,3.2319436,32.387093
JVASP-1894,2,S,29.15515,3.2319415,32.38709
JVASP-1894,3,In,12.62833,3.1130917,9.515239
JVASP-16040,0,Si,7.8616295,9.417885,17.279514
JVASP-16040,1,Si,7.8616295,9.417884,17.279512
JVASP-16040,2,Sc,31.133015,3.2279105,30.630035
JVASP-16040,3,Sc,31.134357,3.2279484,30.631628
JVASP-16040,4,Sm,17.61214,14.489073,32.10121
JVASP-16040,5,Sm,17.61214,14.489073,32.10121
JVASP-20484,0,Ho,0.0,0.0,0.0
JVASP-20484,1,Al,28.497364,30.459929,1.9625657
JVASP-20484,2,Al,28.497362,30.459927,1.9625633
JVASP-20484,3,Al,28.497364,30.459927,1.9625636
JVASP-37989,0,In,28.321001,1.0392131,29.360214
JVASP-37989,1,In,28.321001,1.0392133,29.360214
JVASP-37989,2,Tc,27.302013,6.4081254,33.710136
JVASP-37989,3,Tc,27.302013,6.408125,33.710136
JVASP-37989,4,Tc,2.7654738,24.562084,27.327559
JVASP-37989,5,Tc,27.302013,6.408125,33.710136
JVASP-37989,6,Tc,27.302013,6.408125,33.710136
JVASP-37989,7,Tc,2.7654738,24.562086,27.327559
JVASP-2730,0,O,22.873648,8.086003,30.352972
JVASP-2730,1,O,22.874395,8.086072,30.353733
JVASP-2730,2,O,22.874395,8.086071,30.353731
JVASP-2730,3,O,22.873648,8.086006,30.352974
JVASP-2730,4,Na,28.128246,98.94763,70.81939
JVASP-2730,5,Na,28.128246,98.94764,70.81939
JVASP-2730,6,Nd,21.396585,9.40457,30.801153
JVASP-2730,7,Nd,21.396585,9.404574,30.801159
JVASP-15495,0,Cr,11.323444,25.399212,17.084042
JVASP-15495,1,Cr,11.320037,25.399025,17.088007
JVASP-15495,2,Cr,11.320037,25.399025,17.088005
JVASP-15495,3,Ni,14.897146,10.889798,25.67494
JVASP-15495,4,Ni,14.912281,10.889823,25.689026
JVASP-15495,5,Ni,14.912281,10.889822,25.689026
JVASP-15495,6,As,13.974339,28.032066,42.00641
JVASP-15495,7,As,13.974339,28.032063,42.006405
JVASP-15495,8,As,27.93643,12.667281,40.60371
JVASP-2829,0,O,25.885733,21.163858,45.55804
JVASP-2829,1,O,25.886154,21.163794,45.5584
JVASP-2829,2,O,25.886154,21.163795,45.5584
JVASP-2829,3,O,25.885733,21.163858,45.55804
JVASP-2829,4,Na,27.717045,80.246185,52.52914
JVASP-2829,5,Na,27.717045,80.246185,52.529137
JVASP-2829,6,Pr,10.863631,12.620255,23.483887
JVASP-2829,7,Pr,10.863631,12.620252,23.483883
JVASP-37948,0,Ag,27.509403,34.78479,7.275387
JVASP-37948,1,Ag,27.509405,34.784782,7.2753797
JVASP-37948,2,Ag,27.509403,34.784782,7.2753773
JVASP-37948,3,Ge,0.0,0.0,0.0
JVASP-79137,0,Ag,12.974947,36.061977,23.087032
JVASP-79137,1,Ag,12.974947,36.061974,23.087025
JVASP-79137,2,Ag,27.22771,52.920887,25.693176
JVASP-79137,3,Ag,12.974947,36.061977,23.087034
JVASP-79137,4,Ag,12.974947,36.061974,23.087025
JVASP-79137,5,Ag,27.22771,52.92088,25.693169
JVASP-79137,6,Pd,4.1077943,1.7850136,2.3227808
JVASP-79137,7,Pd,4.1077943,1.7850132,2.322781
JVASP-80193,0,Ca,28.693747,7.822728,29.382076
JVASP-80193,1,Ca,28.693747,7.8227286,29.382076
JVASP-80193,2,Ca,28.693747,7.822729,29.382076
JVASP-80193,3,Ca,28.693747,7.822728,29.382076
JVASP-80193,4,Mg,19.886276,2.7355487,22.621763
JVASP-80193,5,Mg,19.886276,2.7355473,22.621761
JVASP-80193,6,Al,22.003284,10.918484,32.864147
JVASP-80193,7,Al,22.003284,10.91848,32.864143
JVASP-67029,0,Sc,0.5756318,14.089098,14.664728
JVASP-67029,1,Be,2.704238,15.448534,18.152771
JVASP-67029,2,Fe,26.654123,31.41756,4.7634397
JVASP-67199,0,Zr,25.068893,43.933926,18.865034
JVASP-67199,1,Mn,26.287926,4.360549,21.927376
JVASP-67199,2,Be,5.157422,19.11753,24.274935
JVASP-79259,0,Ca,14.350745,26.998201,12.647455
JVASP-79259,1,Al,26.138504,15.809051,41.947556
JVASP-79259,2,Si,3.9914436,29.33728,33.328724
JVASP-79259,3,H,5.023904,43.354465,48.378372
JVASP-35829,0,K,3.19985,1.2501861,1.9496639
JVASP-35829,1,K,3.19985,1.2501878,1.9496623
JVASP-35829,2,Cd,25.798025,5.271638,20.526386
JVASP-35829,3,Cd,25.798025,5.271638,20.526388
JVASP-35829,4,Sb,5.0353346,4.617385,0.41794944
JVASP-35829,5,Sb,5.0353346,4.6173835,0.4179509
JVASP-85702,0,Sr,20.970081,87.5376,66.56752
JVASP-85702,1,Al,25.4453,61.555233,87.000534
JVASP-85702,2,Al,25.4453,61.55523,87.000534
JVASP-85702,3,H,6.760592,53.53507,46.774475
JVASP-85702,4,H,6.760592,53.535072,46.77448
JVASP-3384,0,O,25.18792,56.501957,81.68987
JVASP-3384,1,O,25.187258,56.502373,81.68964
JVASP-3384,2,K,17.332865,9.853083,7.479783
JVASP-3384,3,K,17.332865,9.853388,7.4794774
JVASP-3384,4,Ni,13.102664,146.3555,159.45816
JVASP-18149,0,Nb,25.068893,7.850236,17.218658
JVASP-18149,1,Nb,25.068893,7.8502345,17.21866
JVASP-18149,2,Nb,25.068893,7.850236,17.218658
JVASP-18149,3,Nb,25.068893,7.8502355,17.218658
JVASP-18149,4,Nb,25.068893,7.8502445,17.218649
JVASP-18149,5,Nb,25.068893,7.8502436,17.218649
JVASP-18149,6,Pb,0.0,0.0,0.0
JVASP-18149,7,Pb,0.0,0.0,0.0
JVASP-64969,0,Be,0.73484695,12.867474,12.132627
JVASP-64969,1,Be,1.1643242,8.421048,7.2567244
JVASP-64969,2,Be,0.73484695,12.867472,12.132625
JVASP-64969,3,Be,1.1643242,8.42105,7.256726
JVASP-64969,4,Cd,24.84191,15.861132,8.980776
JVASP-64969,5,Cd,24.84191,15.861132,8.980776
JVASP-64969,6,Cu,7.915934,1.4599577,6.4559765
JVASP-64969,7,Cu,7.915934,1.4599609,6.455973
JVASP-18728,0,Pa,0.0,0.0,0.0
JVASP-18728,1,Ir,24.705555,46.47442,21.768866
JVASP-18728,2,Ir,24.705553,46.474415,21.76886
JVASP-18728,3,Ir,24.705555,46.47443,21.768875
JVASP-42256,0,Nb,20.58264,29.859867,50.442505
JVASP-42256,1,V,16.82573,40.202293,23.376562
JVASP-42256,2,O,24.38614,38.091385,59.276886
JVASP-42256,3,O,27.701021,35.542397,61.013973
JVASP-42256,4,O,24.38689,38.091434,59.27761
JVASP-42256,5,O,27.70116,35.5424,61.014175
JVASP-17977,0,Si,24.240686,24.537159,0.2964734
JVASP-17977,1,Si,24.240686,24.53716,0.2964751
JVASP-17977,2,Co,18.175322,19.941042,1.7657218
JVASP-17977,3,Co,18.175322,19.941042,1.7657219
JVASP-17977,4,Np,8.029545,56.076317,48.046787
JVASP-16069,0,P,22.472784,21.019201,43.491985
JVASP-16069,1,P,22.472784,21.0192,43.491985
JVASP-16069,2,Sr,23.939596,24.834183,0.8945966
JVASP-16069,3,Rh,18.523216,29.91392,11.390714
JVASP-16069,4,Rh,18.523216,29.91392,11.390714
JVASP-3000,0,Ba,23.828636,7.2616844,16.566954
JVASP-3000,1,Mg,0.21314783,6.7342215,6.947328
JVASP-3000,2,Mg,0.21314783,6.7342234,6.94733
JVASP-3000,3,Sb,13.273376,4.852453,8.420924
JVASP-3000,4,Sb,13.273376,4.852451,8.420926
JVASP-15741,0,Ce,6.6405673,4.2303576,2.4102116
JVASP-15741,1,Al,4.7458863,9.747925,5.0020385
JVASP-15741,2,Al,4.7458863,9.74793,5.0020432
JVASP-15741,3,Ge,23.681667,2.855688,26.537355
JVASP-15741,4,Ge,23.681667,2.855687,26.537355
JVASP-52281,0,Mg,2.2860894,14.103772,12.632553
JVASP-52281,1,Mg,2.6986282,14.436013,12.494843
JVASP-52281,2,Mg,2.6986282,14.436012,12.494843
JVASP-52281,3,Zn,4.167633,7.228867,9.44031
JVASP-52281,4,O,23.302208,16.45918,6.8747854
JVASP-52281,5,O,23.515507,15.925086,9.800946
JVASP-52281,6,O,23.515507,15.925086,9.800947
JVASP-52281,7,O,23.302208,16.45918,6.874787
JVASP-36608,0,Ca,0.0,0.0,0.0
JVASP-36608,1,V,0.0,0.0,0.0
JVASP-36608,2,O,23.255457,77.21522,53.95976
JVASP-36608,3,O,23.255457,77.21523,53.959774
JVASP-36608,4,O,23.255457,77.21522,53.95976
JVASP-15983,0,Ca,5.2566047,6.2555456,0.9989409
JVASP-15983,1,Ca,5.2566047,6.2555375,0.99893284
JVASP-15983,2,Ge,22.994993,26.993383,3.9983895
JVASP-15983,3,Ge,22.994993,26.993383,3.9983892
JVASP-15983,4,Ge,22.994993,26.993387,3.9983943
JVASP-15983,5,Ge,22.994993,26.99339,3.9983962
JVASP-15983,6,Au,15.511803,67.49524,51.983437
JVASP-15983,7,Au,15.511803,67.49524,51.98344
JVASP-15983,8,Au,15.511803,67.49523,51.983433
JVASP-15983,9,Au,15.511803,67.49524,51.983437
JVASP-68998,0,Ba,22.890482,20.486609,2.4038749
JVASP-68998,1,Sr,15.199083,10.731522,4.4675617
JVASP-68998,2,Y,9.612615,5.4943533,15.106967
JVASP-68998,3,Y,9.612615,5.494353,15.106967
JVASP-8807,0,Li,0.27471927,24.679176,24.404469
JVASP-8807,1,Li,0.27471927,24.679167,24.40446
JVASP-8807,2,S,9.465286,16.155285,8.009935
JVASP-8807,3,S,9.465286,16.155283,8.009933
JVASP-8807,4,S,9.465286,16.15528,8.00993
JVASP-8807,5,S,9.465286,16.155289,8.009938
JVASP-8807,6,Sm,22.651657,10.774484,11.877174
JVASP-8807,7,Sm,22.651657,10.774495,11.877163
JVASP-38678,0,Na,2.7189336,2.7658334,0.046899647
JVASP-38678,1,Na,2.7189336,2.7658324,0.046898723
JVASP-38678,2,Pd,22.527956,14.717278,37.245235
JVASP-38678,3,Pd,22.527956,14.717276,37.24523
JVASP-38678,4,Pd,19.676752,36.401306,16.724556
JVASP-38678,5,Pd,22.527956,14.717277,37.24523
JVASP-38678,6,Pd,22.527956,14.717277,37.24523
JVASP-38678,7,Pd,19.676752,36.40131,16.724558
JVASP-68194,0,Be,0.9619359,8.847324,7.8855042
JVASP-68194,1,Rh,22.248716,10.0280285,32.27674
JVASP-68194,2,Si,10.733664,2.3773177,13.110981
JVASP-68194,3,Si,5.7783465,21.328787,15.550441
JVASP-77090,0,Y,2.1361105,1.113969,1.6144645
JVASP-77090,1,Y,2.1361105,1.1139691,1.614465
JVASP-77090,2,Y,2.1361105,1.113969,1.6144654
JVASP-77090,3,Y,2.1361105,1.1139688,1.6144646
JVASP-77090,4,Hg,21.950958,1.0781492,22.787992
JVASP-77090,5,Hg,21.950958,1.0781498,22.787994
JVASP-77090,6,Au,20.759298,1.2914947,21.776562
JVASP-77090,7,Au,20.759298,1.2914946,21.776562
JVASP-18075,0,Ce,21.697578,4.0998507,25.797432
JVASP-18075,1,Ce,21.697578,4.099852,25.797432
JVASP-18075,2,Mn,21.272186,17.730825,3.5413609
JVASP-18075,3,Mn,21.272186,17.730825,3.541362
JVASP-18075,4,Ge,13.401159,6.6393743,20.040531
JVASP-18075,5,Ge,13.401159,6.6393776,20.040537
JVASP-35473,0,Hg,21.307295,40.902824,19.595528
JVASP-35473,1,P,0.73484695,0.06667781,0.8015248
JVASP-35473,2,Pd,8.784579,38.690388,30.340408
JVASP-35473,3,Pd,8.784579,38.690388,30.340408
JVASP-35473,4,Pd,8.784579,38.690388,30.340406
JVASP-35473,5,Pd,8.784579,38.690384,30.340406
JVASP-35473,6,Pd,15.61468,30.359407,14.744727
JVASP-2220,0,Nd,20.989677,13.91491,7.0747676
JVASP-2220,1,Nd,20.989677,13.914915,7.074763
JVASP-2220,2,S,10.371548,25.652897,36.024445
JVASP-2220,3,O,14.741846,24.924528,10.182682
JVASP-2220,4,O,14.741846,24.924522,10.182675
JVASP-15453,0,Si,7.3514104,15.544435,8.193024
JVASP-15453,1,Si,7.3514104,15.544434,8.193023
JVASP-15453,2,Y,5.5441847,89.24478,83.7006
JVASP-15453,3,Pd,20.706263,29.106852,8.40059
JVASP-15453,4,Pd,20.706263,29.106855,8.400592
JVASP-67578,0,Be,0.83447397,4.469054,5.3035164
JVASP-67578,1,Ca,20.42548,13.580138,34.005615
JVASP-67578,2,Na,2.2706783,21.66988,23.940557
JVASP-3003,0,Ca,0.4286607,35.326088,34.897427
JVASP-3003,1,Zn,20.258913,5.916241,14.342671
JVASP-3003,2,Zn,20.258913,5.916245,14.3426695
JVASP-3003,3,P,9.259888,8.1287155,1.1311718
JVASP-3003,4,P,9.259888,8.128719,1.1311681
JVASP-67607,0,Be,5.719566,59.54058,65.26014
JVASP-67607,1,Ge,20.085815,14.275907,34.361725
JVASP-67607,2,Na,15.775531,12.056667,3.7188647
JVASP-54303,0,Ce,19.881693,11.168878,31.05057
JVASP-54303,1,Ce,19.881693,11.168876,31.050568
JVASP-54303,2,Fe,2.616055,34.821564,37.43762
JVASP-54303,3,Fe,2.616055,34.821564,37.43762
JVASP-54303,4,As,11.484841,5.9376626,5.5471787
JVASP-54303,5,As,11.484841,5.9376636,5.547178
JVASP-54303,6,O,8.85164,31.987865,23.136227
JVASP-54303,7,O,8.85164,31.987867,23.136229
JVASP-10108,0,Sc,11.8045,32.903778,21.09928
JVASP-10108,1,Sc,11.8045,32.903778,21.09928
JVASP-10108,2,Sc,11.8045,32.903778,21.09928
JVASP-10108,3,Sc,11.8045,32.903774,21.099274
JVASP-10108,4,S,17.26278,33.388474,16.125696
JVASP-10108,5,S,17.26278,33.38847,16.125689
JVASP-10108,6,O,19.8029,14.7597065,5.0431943
JVASP-10108,7,O,19.8029,14.759702,5.0431986
JVASP-10108,8,O,19.8029,14.759698,5.0432024
JVASP-10108,9,O,19.8029,14.7597065,5.0431943
JVASP-17775,0,Na,7.52075,30.52785,23.007097
JVASP-17775,1,Na,7.52075,30.527847,23.007095
JVASP-17775,2,Mn,16.80595,11.393142,28.199091
JVASP-17775,3,Mn,16.80595,11.393143,28.199093
JVASP-17775,4,As,19.542847,23.23105,3.6882043
JVASP-17775,5,As,19.542847,23.231049,3.6882036
JVASP-15361,0,Nd,17.838818,89.16878,71.329956
JVASP-15361,1,Nd,17.838818,89.168785,71.32997
JVASP-15361,2,Si,15.848198,22.972647,7.1244483
JVASP-15361,3,Si,15.848198,22.972643,7.1244445
JVASP-15361,4,Si,15.848198,22.972641,7.1244435
JVASP-15361,5,Si,15.848198,22.972649,7.1244493
JVASP-15361,6,Pd,19.208899,41.095722,21.886824
JVASP-15361,7,Pd,19.208899,41.095715,21.886818
JVASP-15361,8,Pd,19.208899,41.095722,21.886824
JVASP-15361,9,Pd,19.208899,41.095722,21.886824
JVASP-3183,0,Sr,0.6417663,21.036667,20.3949
JVASP-3183,1,Sr,0.6417663,21.036665,20.394897
JVASP-3183,2,Cu,4.013897,2.9444988,1.0693984
JVASP-3183,3,Cu,4.013897,2.9444985,1.0693986
JVASP-3183,4,S,1.8371173,9.281789,11.118906
JVASP-3183,5,S,1.8371173,9.281782,11.118899
JVASP-3183,6,F,18.959051,6.210751,12.7483
JVASP-3183,7,F,18.959051,6.210747,12.748303
JVASP-15349,0,Si,11.833338,27.857075,16.023737
JVASP-15349,1,Si,11.833338,27.857075,16.023737
JVASP-15349,2,Pd,18.828753,28.459225,9.630472
JVASP-15349,3,Pd,18.828753,28.459225,9.630474
JVASP-15349,4,Sm,18.279985,85.14923,66.86924
JVASP-65641,0,K,2.7936473,3.8218052,6.615451
JVASP-65641,1,Ba,18.524368,3.2049503,15.319462
JVASP-65641,2,In,9.921665,1.9977508,11.919416
JVASP-65641,3,In,9.921665,1.9977502,11.9194145
JVASP-14918,0,Li,0.055539776,18.367126,18.311605
JVASP-14918,1,Li,0.055539776,18.36712,18.3116
JVASP-14918,2,Pr,18.314837,17.673515,35.98835
JVASP-14918,3,P,1.195351,2.9483314,1.7529801
JVASP-14918,4,P,1.195351,2.94833,1.7529789
JVASP-16189,0,Pr,0.0,0.0,0.0
JVASP-16189,1,Ga,0.0,0.0,0.0
JVASP-16189,2,O,18.120508,17.788263,35.90877
JVASP-16189,3,O,18.120508,17.788269,35.90878
JVASP-16189,4,O,18.120508,17.788267,35.908775
JVASP-29362,0,La,18.015997,4.23522,13.780777
JVASP-29362,1,La,18.015997,4.2352204,13.780777
JVASP-29362,2,Fe,8.634452,12.453962,3.8195105
JVASP-29362,3,Fe,8.634452,12.453962,3.8195105
JVASP-29362,4,P,7.6546555,14.497434,22.15209
JVASP-29362,5,P,7.6546555,14.497433,22.15209
JVASP-29362,6,O,17.794725,6.355201,11.439526
JVASP-29362,7,O,17.794725,6.3552017,11.439524
JVASP-28384,0,Sm,6.8006,13.145506,6.3449063
JVASP-28384,1,Sm,6.8006,13.145506,6.3449063
JVASP-28384,2,Co,17.678783,17.100142,34.778927
JVASP-28384,3,Co,17.678783,17.100143,34.778927
JVASP-28384,4,P,13.397892,1.0106974,14.408588
JVASP-28384,5,P,13.397892,1.0106993,14.408591
JVASP-18771,0,V,17.363615,30.881332,13.517716
JVASP-18771,1,V,17.363615,30.881325,13.51771
JVASP-18771,2,V,17.363615,30.881336,13.517721
JVASP-18771,3,V,17.363615,30.881336,13.517721
JVASP-18771,4,V,17.363615,30.881342,13.517726
JVASP-18771,5,V,17.363615,30.881334,13.517719
JVASP-18771,6,Pb,0.0,0.0,0.0
JVASP-18771,7,Pb,0.0,0.0,0.0
JVASP-12158,0,Y,0.20086314,19.23236,19.43322
JVASP-12158,1,Y,0.20086314,19.23236,19.433218
JVASP-12158,2,Y,0.20209405,19.23209,19.434174
JVASP-12158,3,Y,0.20086314,19.233585,19.434444
JVASP-12158,4,Y,0.20086314,19.233585,19.434443
JVASP-12158,5,Y,0.20209405,19.232092,19.434175
JVASP-12158,6,Ge,1.6313627,35.982803,37.614166
JVASP-12158,7,Ge,1.6313627,35.982285,37.613644
JVASP-12158,8,Ge,1.6313627,35.982277,37.61364
JVASP-12158,9,I,16.969656,19.810152,2.8404949
JVASP-12158,10,I,16.969656,19.810158,2.8405018
JVASP-12158,11,I,16.969656,19.809906,2.8402498
JVASP-12158,12,I,16.969656,19.805439,2.8357828
JVASP-12158,13,I,16.969656,19.805433,2.8357754
JVASP-12158,14,I,16.969656,19.809906,2.8402498
JVASP-79188,0,Mg,14.300829,6.5450797,19.505154
JVASP-79188,1,Mg,15.121974,9.077762,14.768686
JVASP-79188,2,Mg,10.70706,3.80742,10.786288
JVASP-79188,3,Fe,17.39342,5.095524,12.852653
JVASP-39138,0,Sc,0.0,0.0,0.0
JVASP-39138,1,V,0.0,0.0,0.0
JVASP-39138,2,O,16.558552,30.018394,46.576942
JVASP-39138,3,O,16.558552,30.018396,46.57695
JVASP-39138,4,O,16.558552,30.018394,46.576942
JVASP-16029,0,Zr,16.198477,6.691374,22.889849
JVASP-16029,1,Cu,10.444646,12.715916,23.16055
JVASP-16029,2,Cu,10.444646,12.715918,23.160551
JVASP-16029,3,P,10.855323,6.839976,17.6953
JVASP-16029,4,P,10.855323,6.8399734,17.695295
JVASP-49889,0,Ba,0.0,0.0,0.0
JVASP-49889,1,Ta,0.0,0.0,0.0
JVASP-49889,2,O,16.012316,9.621367,25.633682
JVASP-49889,3,O,16.012316,9.6213665,25.633682
JVASP-49889,4,O,16.012316,9.621369,25.633684
JVASP-28429,0,Tb,7.042283,18.194206,11.151924
JVASP-28429,1,Tb,7.042283,18.194208,11.151926
JVASP-28429,2,Ga,14.963525,26.649084,11.685561
JVASP-28429,3,Ga,14.963525,26.649082,11.685558
JVASP-28429,4,I,15.702045,16.591215,0.8891702
JVASP-28429,5,I,15.702045,16.591213,0.8891671
JVASP-16239,0,Tb,15.568958,14.709497,0.85947806
JVASP-16239,1,Al,0.72668195,17.878077,18.60476
JVASP-16239,2,Al,0.72668195,17.878067,18.60475
JVASP-16239,3,Si,6.581779,2.0952437,8.677023
JVASP-16239,4,Si,6.581779,2.095246,8.677025
JVASP-38378,0,Pu,0.0,0.0,0.0
JVASP-38378,1,Ir,0.0,0.0,0.0
JVASP-38378,2,O,15.355851,87.266365,102.622215
JVASP-38378,3,O,15.355851,87.266365,102.622215
JVASP-38378,4,O,15.355851,87.26636,102.622215
JVASP-1828,0,Li,0.29757017,7.0408845,6.743315
JVASP-1828,1,S,3.2118902,1.3554629,1.8564276
JVASP-1828,2,S,3.2118902,1.3554585,1.8564318
JVASP-1828,3,Er,14.950504,5.1151958,20.065699
JVASP-1690,0,Na,1.7014077,14.416307,12.7149
JVASP-1690,1,S,0.24068236,0.7601959,0.51951605
JVASP-1690,2,S,0.24068236,0.76020247,0.5195226
JVASP-1690,3,Y,14.465856,11.924512,2.541344
JVASP-22147,0,F,4.041321,39.148014,35.106693
JVASP-22147,1,F,4.041321,39.148014,35.10669
JVASP-22147,2,F,5.3256984,59.17741,54.25285
JVASP-22147,3,F,5.326933,59.177498,54.251904
JVASP-22147,4,F,5.3256984,59.17741,54.25285
JVASP-22147,5,F,5.326933,59.177498,54.251904
JVASP-22147,6,Na,0.92960024,36.53517,35.60557
JVASP-22147,7,Rb,14.260238,17.168257,2.90802
JVASP-22147,8,Rb,14.260238,17.168259,2.9080212
JVASP-22147,9,Ho,5.3318796,39.776894,34.44502
JVASP-8260,0,Y,0.06205374,9.102902,9.164957
JVASP-8260,1,V,0.27270985,24.786247,24.513538
JVASP-8260,2,O,13.94014,11.92912,25.859735
JVASP-8260,3,O,13.94014,11.929113,25.85973
JVASP-8260,4,O,13.865745,10.918707,24.784452
JVASP-14908,0,Zr,5.0900397,55.4582,60.548237
JVASP-14908,1,Zr,5.0900397,55.4582,60.548237
JVASP-14908,2,Si,13.63386,23.277351,9.643492
JVASP-14908,3,Si,13.63386,23.277353,9.643493
JVASP-14908,4,Si,13.63386,23.277353,9.643493
JVASP-14908,5,Si,13.63386,23.277351,9.643492
JVASP-14908,6,Ni,6.0281944,4.5366173,1.4915768
JVASP-14908,7,Ni,6.0281944,4.536621,1.491573
JVASP-14908,8,Ni,6.0281944,4.5366197,1.4915744
JVASP-14908,9,Ni,6.0281944,4.53662,1.4915742
JVASP-37765,0,Na,13.204317,16.564806,3.385711
JVASP-37765,1,Na,13.199581,16.564884,3.3906596
JVASP-37765,2,Na,13.199581,16.564884,3.3906596
JVASP-37765,3,Na,13.204317,16.564806,3.3857114
JVASP-37765,4,Na,13.199581,16.564882,3.390659
JVASP-37765,5,Na,13.199581,16.56488,3.3906565
JVASP-37765,6,Rh,0.20828345,6.8183775,6.6101727
JVASP-37765,7,Rh,0.20828345,6.81838,6.6101756
JVASP-39580,0,Zn,3.230877,9.827549,13.058427
JVASP-39580,1,Zn,3.230877,9.827549,13.058426
JVASP-39580,2,Zn,12.579763,31.225824,43.805588
JVASP-39580,3,Zn,3.230877,9.827548,13.058424
JVASP-39580,4,Zn,3.230877,9.827549,13.058426
JVASP-39580,5,Zn,12.579763,31.225822,43.805588
JVASP-39580,6,B,5.321924,4.7944446,0.5274799
JVASP-39580,7,B,5.321924,4.794444,0.5274802
JVASP-85074,0,K,12.20916,7.239701,9.453973
JVASP-85074,1,K,12.20916,7.2397,9.453973
JVASP-85074,2,Rb,9.966224,4.157995,5.8121257
JVASP-85074,3,Rb,9.966224,4.157995,5.8121257
JVASP-85074,4,Rb,9.966224,4.1579947,5.8121257
JVASP-85074,5,Rb,9.966224,4.1579947,5.8121257
JVASP-85074,6,Na,3.541156,8.160508,11.108185
JVASP-85074,7,Na,3.541156,8.160508,11.108185
JVASP-38238,0,Rb,7.393377,0.3334645,7.726841
JVASP-38238,1,Rb,7.393377,0.33346447,7.726841
JVASP-38238,2,Rb,11.880025,9.844008,2.0360165
JVASP-38238,3,Rb,7.393377,0.3334632,7.72684
JVASP-38238,4,Rb,7.393377,0.3334637,7.7268405
JVASP-38238,5,Rb,11.880025,9.844008,2.0360165
JVASP-38238,6,Lu,1.3847781,3.9002507,2.5154724
JVASP-38238,7,Lu,1.3847781,3.9002497,2.5154717
JVASP-15269,0,B,7.9347286,8.308878,16.243584
JVASP-15269,1,B,7.9347286,8.308882,16.243587
JVASP-15269,2,Al,11.542186,7.856295,3.6861672
JVASP-15269,3,Fe,6.383632,6.550396,2.00036
JVASP-15269,4,Fe,6.383632,6.5503974,2.000364
JVASP-37072,0,Tb,11.264388,23.062529,11.7981415
JVASP-37072,1,Na,1.2345437,7.0006146,5.7660723
JVASP-37072,2,Se,0.4531556,23.524714,23.071558
JVASP-37072,3,Se,0.4531556,23.524708,23.071552
JVASP-36668,0,Ca,10.915335,15.137647,4.2223125
JVASP-36668,1,Be,1.066353,4.2506866,5.3170333
JVASP-36668,2,Be,1.066353,4.250689,5.3170357
JVASP-36668,3,P,3.2847657,10.332486,7.0477204
JVASP-36668,4,P,3.2847657,10.332489,7.047723
JVASP-66714,0,Be,6.699354,3.0076451,9.706999
JVASP-66714,1,Be,0.118392,1.3915042,1.273112
JVASP-66714,2,Nb,2.5915601,10.820297,13.411858
JVASP-66714,3,Ir,10.70182,5.3911963,5.3106246
JVASP-67836,0,Be,7.2055855,36.645744,29.440163
JVASP-67836,1,Br,10.463404,46.982433,57.445835
JVASP-67836,2,Li,2.3833535,1.1672887,1.2160648
JVASP-34996,0,Mg,4.3429456,15.965559,11.622614
JVASP-34996,1,Mg,4.3429456,15.965561,11.622616
JVASP-34996,2,Mg,10.122517,32.340855,42.46337
JVASP-34996,3,Mg,10.122517,32.340862,42.46338
JVASP-34996,4,Ge,6.730382,32.28062,39.011
JVASP-34996,5,Ge,6.730382,32.280617,39.011
JVASP-22731,0,Sr,9.884123,0.8798699,9.004256
JVASP-22731,1,Mg,2.2671263,18.391449,20.658466
JVASP-22731,2,Mg,2.2671263,18.391447,20.658464
JVASP-22731,3,As,3.152088,9.215265,12.367352
JVASP-22731,4,As,3.152088,9.215268,12.367354
JVASP-37218,0,Sm,0.0,0.0,0.0
JVASP-37218,1,Be,0.0,0.0,0.0
JVASP-37218,2,O,9.698346,29.132114,38.83046
JVASP-37218,3,O,9.698347,29.132122,38.830467
JVASP-37218,4,O,9.698347,29.132122,38.830467
JVASP-15393,0,As,5.0892744,4.204225,0.88504976
JVASP-15393,1,Se,3.6052377,6.4647355,2.8594978
JVASP-15393,2,Se,3.6052377,6.4647355,2.8594978
JVASP-15393,3,Ag,9.469727,14.111653,23.581379
JVASP-79681,0,Ca,0.6882398,20.586412,21.100033
JVASP-79681,1,Ca,0.6882398,20.586412,21.100033
JVASP-79681,2,Sb,8.866607,5.735027,12.235851
JVASP-79681,3,Sb,8.866607,5.7350283,12.235851
JVASP-79681,4,Pd,2.1146939,9.517688,8.0070305
JVASP-79681,5,Pd,2.1146939,9.517689,8.007031
JVASP-79681,6,Pd,2.1146939,9.517689,8.007031
JVASP-79681,7,Pd,2.1146939,9.51769,8.007031
JVASP-1744,0,K,8.61807,1.4168434,10.034912
JVASP-1744,1,Te,0.5198327,37.95917,38.479004
JVASP-1744,2,Te,0.5198327,37.959175,38.479008
JVASP-1744,3,Nd,0.14091133,12.607472,12.748292
JVASP-8636,0,Sm,0.0,0.0,0.0
JVASP-8636,1,V,0.0,0.0,0.0
JVASP-8636,2,O,8.134755,40.690933,48.825687
JVASP-8636,3,O,8.134755,40.690933,48.825687
JVASP-8636,4,O,8.134755,40.69093,48.825684
JVASP-3177,0,Mg,7.9212418,50.275623,58.196865
JVASP-3177,1,Be,2.183723,33.680176,35.863895
JVASP-3177,2,Be,2.183723,33.680172,35.86389
JVASP-3177,3,N,8.044124,17.999483,9.95536
JVASP-3177,4,N,8.044124,17.999485,9.95536
JVASP-17390,0,Zn,0.0,0.0,0.0
JVASP-17390,1,Ni,7.898788,9.384519,17.283306
JVASP-17390,2,Ni,7.8987875,9.384519,17.283308
JVASP-17390,3,Ni,7.898788,9.3845215,17.28331
JVASP-17390,4,C,0.0,0.0,0.0
JVASP-17531,0,Ce,7.5297313,11.536978,4.0072465
JVASP-17531,1,Ce,7.5297313,11.536979,4.0072474
JVASP-17531,2,Ti,5.80529,3.2525032,9.057794
JVASP-17531,3,Ti,5.80529,3.2525036,9.057794
JVASP-17531,4,Ge,1.3896772,1.4294348,0.039757546
JVASP-17531,5,Ge,1.3896772,1.4294379,0.03976071
JVASP-37155,0,Na,0.34173968,41.57421,41.23251
JVASP-37155,1,Sm,7.455023,48.750286,56.205307
JVASP-37155,2,Te,0.48377475,23.65853,24.142303
JVASP-37155,3,Te,0.48377475,23.658535,24.14231
JVASP-68168,0,Be,0.6543485,15.101275,14.447277
JVASP-68168,1,Sn,7.047182,11.525424,18.572605
JVASP-68168,2,Zn,0.5462472,2.1587508,2.7049892
JVASP-68168,3,Zn,1.6542257,29.590984,31.245207
JVASP-66797,0,Be,0.0581263,19.363104,19.305134
JVASP-66797,1,Mg,3.9787884,4.9015675,0.9227819
JVASP-66797,2,Zn,6.93124,10.492814,17.424053
JVASP-80697,0,K,1.6022435,2.7543159,1.3297975
JVASP-80697,1,K,1.6022435,2.7543156,1.3297975
JVASP-80697,2,K,1.6022435,2.7543154,1.3297971
JVASP-80697,3,K,1.6022435,2.7543156,1.3297974
JVASP-80697,4,Na,0.1256848,2.830248,2.8261712
JVASP-80697,5,Na,0.1256848,2.8302488,2.8261716
JVASP-80697,6,Hg,6.59376,1.4675673,5.159472
JVASP-80697,7,Hg,6.59376,1.4675676,5.1594715
JVASP-35824,0,Yb,0.0,0.0,0.0
JVASP-35824,1,H,6.291106,59.53557,53.24446
JVASP-35824,2,H,6.291106,59.53557,53.244465
JVASP-35824,3,H,6.291106,59.53557,53.244465
JVASP-35824,4,Pd,0.0,0.0,0.0
JVASP-85223,0,La,5.7109857,28.92202,34.633007
JVASP-85223,1,La,5.7109857,28.922022,34.63301
JVASP-85223,2,Ge,2.37723,41.77429,44.151524
JVASP-85223,3,I,6.034318,16.108107,10.073788
JVASP-85223,4,I,6.034318,16.108109,10.07379
JVASP-3903,0,S,1.3901132,15.540774,16.930887
JVASP-3903,1,Te,5.5582314,26.89999,21.341759
JVASP-3903,2,Te,5.5582314,26.899986,21.341755
JVASP-3903,3,Bi,5.6278276,10.502417,16.130245
JVASP-3903,4,Bi,5.6278276,10.502413,16.130241
JVASP-38000,0,Li,5.205166,18.775955,13.570789
JVASP-38000,1,Li,5.205166,18.775957,13.570789
JVASP-38000,2,Li,5.205166,18.775959,13.570794
JVASP-38000,3,Cl,0.0,0.0,0.0
JVASP-38000,4,O,0.0,0.0,0.0
JVASP-12564,0,H,5.1910934,33.318974,32.162365
JVASP-12564,1,H,5.1906953,33.318977,32.162712
JVASP-12564,2,H,5.190702,33.318974,32.162624
JVASP-12564,3,H,5.1907573,33.31897,32.16317
JVASP-12564,4,H,5.190241,33.318977,32.163334
JVASP-12564,5,H,5.1903067,33.318993,32.16289
JVASP-12564,6,Li,0.35613012,1.9296236,2.2857528
JVASP-12564,7,Li,0.35613012,1.9296175,2.2857468
JVASP-12564,8,Mg,4.15728,0.062925525,4.094355
JVASP-12564,9,Mg,4.15728,0.062930636,4.0943494
JVASP-67462,0,Be,3.1165679,25.992884,29.109451
JVASP-67462,1,Ta,4.3682566,18.725878,14.357622
JVASP-67462,2,Tc,4.3698897,38.912724,43.282616
JVASP-38441,0,Pr,3.3435535,0.5088579,3.8524113
JVASP-38441,1,Pr,3.3435535,0.5088587,3.8524122
JVASP-38441,2,Nd,2.2086232,3.993739,1.7851158
JVASP-38441,3,Nd,2.2086232,3.9937375,1.7851144
JVASP-38441,4,Nd,4.12984,7.442341,3.3125012
JVASP-38441,5,Nd,2.2086232,3.9937387,1.7851155
JVASP-38441,6,Nd,2.2086232,3.993738,1.7851148
JVASP-38441,7,Nd,4.12984,7.442341,3.3125012
JVASP-12077,0,H,0.4207636,43.551826,43.131065
JVASP-12077,1,H,0.4207636,43.55183,43.131065
JVASP-12077,2,Cl,2.0830314,31.724365,29.641335
JVASP-12077,3,Cl,2.0830314,31.72437,29.641338
JVASP-12077,4,Lu,3.776196,11.433382,7.6572
JVASP-12077,5,Lu,3.776196,11.433382,7.6572
JVASP-18790,0,Ta,3.334572,6.9850736,10.319646
JVASP-18790,1,Ta,3.334572,6.985075,10.319648
JVASP-18790,2,Ta,3.334572,6.985074,10.319646
JVASP-18790,3,Ta,3.334572,6.9850736,10.319646
JVASP-18790,4,Ta,3.334572,6.9850693,10.319642
JVASP-18790,5,Ta,3.334572,6.9850698,10.319642
JVASP-18790,6,Sn,0.0,0.0,0.0
JVASP-18790,7,Sn,0.0,0.0,0.0
JVASP-67947,0,Be,0.3429519,14.4263315,14.083405
JVASP-67947,1,Bi,0.09797959,16.491537,16.589518
JVASP-67947,2,Zn,3.147595,0.9109982,2.236597
JVASP-67947,3,Zn,1.3055795,7.505598,8.811176
JVASP-37842,0,Bi,2.7458782,34.03325,31.28737
JVASP-37842,1,Bi,2.7458782,34.033253,31.287374
JVASP-37842,2,H,0.5878776,33.909866,33.321987
JVASP-37842,3,H,0.5878776,33.909866,33.32199
JVASP-37842,4,H,1.6264611,21.553596,19.927137
JVASP-37842,5,H,0.5878776,33.909866,33.32199
JVASP-37842,6,H,0.5878776,33.909866,33.32199
JVASP-37842,7,H,1.6264611,21.5536,19.92714
JVASP-67558,0,Be,0.09471008,4.07792,3.9848778
JVASP-67558,1,Cd,2.4380589,3.995922,1.5578632
JVASP-67558,2,Co,0.3886601,8.894316,8.505664
JVASP-67558,3,Co,1.0802277,1.9694855,3.0497115
JVASP-37387,0,Th,2.091864,28.290249,30.382113
JVASP-37387,1,Th,2.091864,28.290249,30.382114
JVASP-37387,2,Th,2.091864,28.290247,30.382113
JVASP-37387,3,U,0.0,0.0,0.0
JVASP-37885,0,Ca,0.0,0.0,0.0
JVASP-37885,1,Be,0.0,0.0,0.0
JVASP-37885,2,O,1.3480358,47.82699,49.175022
JVASP-37885,3,O,1.3480358,47.82698,49.17502
JVASP-37885,4,O,1.3480358,47.82698,49.175014
JVASP-51337,0,Na,0.0014142137,0.38388643,0.3826215
JVASP-51337,1,Na,0.0014142137,0.3835179,0.3822517
JVASP-51337,2,Sr,0.8802511,0.27568677,1.1555827
JVASP-51337,3,Fe,0.5107269,0.7944756,1.3034502
JVASP-38464,0,Li,0.5364383,15.729463,15.193025
JVASP-38464,1,Li,0.5364383,15.729463,15.193025
JVASP-38464,2,Li,0.5364383,15.7294655,15.1930275
JVASP-38464,3,Cr,0.0,0.0,0.0
JVASP-1363,0,N,0.0,0.0,0.0
JVASP-1363,1,Tm,0.020049937,0.00046072135,0.019697534
JVASP-18914,0,Se,0.0,0.0,0.0
JVASP-18914,1,Np,0.012516655,0.00016284187,0.012670576
JVASP-18317,0,Bi,0.002,7.529049e-05,0.0020573072
JVASP-18317,1,Np,0.011430952,4.58151e-05,0.011453787
JVASP-1345,0,Te,0.0014142137,0.0002550244,0.0015941358
JVASP-1345,1,Yb,0.008717798,0.000107682994,0.008819377
JVASP-14804,0,As,0.0,0.0,0.0
JVASP-14804,1,Yb,0.0061644143,6.489326e-05,0.0062016067
JVASP-18916,0,C,0.0,0.0,0.0
JVASP-18916,1,Ti,0.0029439204,5.0868843e-05,0.0029723537
JVASP-18323,0,La,0.0037416576,3.7909926e-05,0.0037787433
JVASP-18323,1,Bi,0.0014142137,1.6754613e-05,0.0014008862
JVASP-15043,0,As,0.0,0.0,0.0
JVASP-15043,1,Ce,0.0031622779,2.9844014e-05,0.003190544
JVASP-2011,0,H,0.0016329932,2.041846e-05,0.0016224216
JVASP-2011,1,K,0.0014142137,2.8658706e-05,0.0014212022
JVASP-16625,0,Yb,0.0,0.0,0.0
JVASP-16625,1,Tl,0.0,0.0,0.0
JVASP-56721,0,Yb,0.0,0.0,0.0
JVASP-56721,1,Ru,0.0,0.0,0.0
JVASP-16611,0,Pu,0.0,0.0,0.0
JVASP-16611,1,Ru,0.0,0.0,0.0
JVASP-36354,0,Pa,0.0,0.0,0.0
JVASP-36354,1,N,0.0,0.0,0.0
JVASP-78592,0,La,0.0,0.0,0.0
JVASP-78592,1,Tl,0.0,0.0,0.0
JVASP-19741,0,Lu,0.0,0.0,0.0
JVASP-19741,1,Ir,0.0,0.0,0.0
JVASP-16545,0,Hf,0.0,0.0,0.0
JVASP-16545,1,Tc,0.0,0.0,0.0
JVASP-16516,0,Ga,0.0,0.0,0.0
JVASP-16516,1,Ir,0.0,0.0,0.0
JVASP-17691,0,Dy,0.0,0.0,0.0
JVASP-17691,1,Th,0.0,0.0,0.0
JVASP-14502,0,Dy,0.0,0.0,0.0
JVASP-14502,1,Cu,0.0,0.0,0.0
JVASP-85326,0,Eu,0.0,0.0,0.0
JVASP-85326,1,Cd,0.0,0.0,0.0
JVASP-36873,0,B,0.0,0.0,0.0
JVASP-36873,1,Sb,0.0,0.0,0.0
JVASP-16447,0,Lu,0.0,0.0,0.0
JVASP-16447,1,Au,0.0,0.0,0.0
JVASP-20504,0,Zn,0.0,0.0,0.0
JVASP-20504,1,Ag,0.0,0.0,0.0
