jid,site_idx,element,frob_true,frob_pred,frob_err
JVASP-36608,0,Ca,0.0,0.024569701,0.024569701
JVASP-36608,1,V,0.0,0.057742164,0.057742164
JVASP-36608,2,O,23.255457,0.039593723,23.222242
JVASP-36608,3,O,23.255457,0.039593704,23.28601
JVASP-36608,4,O,23.255457,0.039593715,23.258173
JVASP-2730,0,O,22.873648,0.07516238,22.917696
JVASP-2730,1,O,22.874395,0.07516235,22.830309
JVASP-2730,2,O,22.874395,0.07516235,22.830309
JVASP-2730,3,O,22.873648,0.0751624,22.917696
JVASP-2730,4,Na,28.128246,0.051666155,28.105465
JVASP-2730,5,Na,28.128246,0.051666167,28.105465
JVASP-2730,6,Nd,21.396585,11.807164,30.263725
JVASP-2730,7,Nd,21.396585,11.80717,30.26373
JVASP-18671,0,Co,28.811064,2.0396383,27.458736
JVASP-18671,1,Co,28.811064,2.039638,27.458736
JVASP-18671,2,Th,151.31448,0.04012763,151.30527
JVASP-18671,3,Th,151.31448,0.04012762,151.30527
JVASP-19841,0,Th,89.667656,0.025953015,89.64355
JVASP-19841,1,Co,24.772915,0.41842416,24.356836
JVASP-19841,2,Co,24.772915,0.41842374,24.356836
JVASP-19841,3,Co,39.538612,0.058436107,39.555832
JVASP-19841,4,Co,39.539036,0.05843737,39.563534
JVASP-19841,5,Co,39.538612,0.058436126,39.55425
JVASP-78518,0,Th,59.482594,0.030164689,59.452858
JVASP-78518,1,Th,59.482594,0.030164687,59.452858
JVASP-78518,2,Co,17.610199,0.010441197,17.610916
JVASP-78518,3,Co,17.610199,0.010441197,17.610916
JVASP-78518,4,Co,17.610199,0.010441197,17.610916
JVASP-78518,5,Co,17.610199,0.010441197,17.610916
JVASP-41948,0,Rb,119.12849,0.068047084,119.06221
JVASP-41948,1,Rb,2.5548177,0.030212423,2.5271041
JVASP-41948,2,Zr,229.2053,0.4405358,228.7758
JVASP-41948,3,Zr,229.2053,0.44053602,228.7758
JVASP-41948,4,O,47.75947,0.30104604,48.045567
JVASP-41948,5,O,47.75947,0.30104607,48.045567
JVASP-41948,6,O,47.75947,0.30104607,47.919018
JVASP-41948,7,O,47.75947,0.30104604,47.919018
JVASP-41948,8,O,23.66697,0.040292602,23.691193
JVASP-17505,0,Yb,450.38684,0.9016085,449.98965
JVASP-17505,1,Yb,450.38684,0.9016081,451.28104
JVASP-17505,2,Yb,450.38684,0.9016084,449.8912
JVASP-17505,3,In,0.0,0.056295566,0.056295566
JVASP-17505,4,C,0.0,0.030581515,0.030581515
JVASP-86722,0,Pr,19.971914,0.067001775,19.914877
JVASP-86722,1,Pr,19.971914,0.06700184,19.914877
JVASP-86722,2,Pr,19.971914,0.06700183,19.914877
JVASP-86722,3,Pr,19.971914,0.06700182,19.914877
JVASP-86722,4,Ni,24.13482,19.765366,4.4758406
JVASP-86722,5,Ni,24.13482,19.765366,4.4758406
JVASP-86722,6,Ni,24.13482,19.765362,4.4758453
JVASP-86722,7,Ni,24.13482,19.765366,4.475841
JVASP-86722,8,I,144.36803,0.3212385,144.68692
JVASP-86722,9,I,144.36803,0.3212386,144.68692
JVASP-15853,0,Ce,451.57568,0.13462052,451.66016
JVASP-15853,1,Ce,451.57568,0.13462049,451.6235
JVASP-15853,2,Ce,451.57568,0.13462053,451.4434
JVASP-15853,3,Al,0.0,0.1211527,0.1211527
JVASP-15853,4,C,0.0,0.055138554,0.055138554
JVASP-79475,0,Ca,25.132242,0.107168354,25.18757
JVASP-79475,1,Zr,29.494417,0.33146185,29.661201
JVASP-79475,2,N,3.5481973,0.15978988,3.4722655
JVASP-79475,3,N,3.5481973,0.1597899,3.4722655
JVASP-58094,0,Y,134.53088,103.4243,31.476263
JVASP-58094,1,Y,134.53088,103.42431,31.476257
JVASP-58094,2,Mo,69.6786,0.2059904,69.47633
JVASP-58094,3,Mo,69.6786,0.20599051,69.47633
JVASP-58094,4,O,36.682335,0.1685277,36.795265
JVASP-58094,5,O,36.682335,0.16852774,36.795265
JVASP-58094,6,O,36.682335,0.16852765,36.795265
JVASP-58094,7,O,36.682335,0.1685277,36.795265
JVASP-58094,8,O,34.67008,0.8904006,33.815205
JVASP-58094,9,O,34.67008,0.89040047,33.815205
JVASP-8330,0,Y,0.034292858,0.01473346,0.025011811
JVASP-8330,1,Mo,0.2155551,0.0817782,0.13470156
JVASP-8330,2,O,6.681003,0.12976433,6.6073327
JVASP-8330,3,O,6.681003,0.12976432,6.6280975
JVASP-8330,4,O,6.625053,0.1297785,6.753044
JVASP-67361,0,Zr,74.98378,0.057686795,75.04087
JVASP-67361,1,Be,1.2043325,0.14787556,1.0583616
JVASP-67361,2,Be,1.2043325,0.14787549,1.0583616
JVASP-67361,3,Ru,59.306225,0.064197525,59.369247
JVASP-38289,0,Rb,0.0,0.2210021,0.2210021
JVASP-38289,1,Sr,0.0,1.2999057,1.2999057
JVASP-38289,2,O,32.703136,10.728178,22.026297
JVASP-38289,3,O,32.703136,10.728182,39.006317
JVASP-38289,4,O,32.703136,10.728182,39.33341
JVASP-35079,0,Sr,13.45668,0.026267465,13.453019
JVASP-35079,1,Sr,13.45668,0.026267476,13.453019
JVASP-35079,2,Sn,4.396835,0.121901155,4.4927473
JVASP-35079,3,Sn,4.396835,0.121901125,4.4927473
JVASP-35079,4,Hg,203.47789,60.846172,142.64488
JVASP-35079,5,Hg,203.47789,60.846165,142.6449
JVASP-81754,0,Sr,11.211373,0.101382,11.258617
JVASP-81754,1,Sr,11.211373,0.10138201,11.258617
JVASP-81754,2,Sn,59.789967,0.15024838,59.846996
JVASP-81754,3,Sn,59.789967,0.15024844,59.846996
JVASP-81754,4,Hg,20.882473,0.18313408,20.829395
JVASP-81754,5,Hg,20.882473,0.18313408,20.829395
JVASP-81754,6,Hg,20.882473,0.18313403,20.829395
JVASP-81754,7,Hg,20.882473,0.18313412,20.829395
JVASP-69236,0,Ba,110.57649,86.71883,23.938585
JVASP-69236,1,Ga,32.17405,0.8949653,31.280394
JVASP-69236,2,Bi,175.20383,77.35739,97.865204
JVASP-69236,3,Bi,772.1469,17.678967,754.5187
JVASP-69342,0,Ba,109.203156,86.688156,22.599596
JVASP-69342,1,Ga,31.204052,0.89369434,30.311663
JVASP-69342,2,Bi,170.34814,77.36899,92.998344
JVASP-69342,3,Bi,753.0605,17.625328,735.4856
JVASP-43213,0,Li,0.9805805,0.009821963,0.98482525
JVASP-43213,1,Li,1.4891938,0.008729655,1.493046
JVASP-43213,2,Mn,55.86391,0.05789324,55.834137
JVASP-43213,3,Cu,10.419074,0.09226812,10.370815
JVASP-43213,4,O,112.13949,0.08120122,112.14149
JVASP-43213,5,O,120.35516,0.06723966,120.3576
JVASP-43213,6,O,112.13949,0.08120119,112.142944
JVASP-43213,7,O,120.35516,0.067239635,120.35802
JVASP-74880,0,Ti,0.4776505,0.044822395,0.43520483
JVASP-74880,1,Be,2.8863153,0.05551918,2.9404979
JVASP-74880,2,Be,5.9710393,0.2240095,6.1938686
JVASP-74880,3,Br,154.6224,0.06835161,154.55734
JVASP-26418,0,Pr,123.994804,2.6879308,126.67905
JVASP-26418,1,Bi,254.83269,240.1993,15.895904
JVASP-26418,2,Bi,254.83269,240.1993,15.895904
JVASP-26418,3,Cl,16.715319,0.18121095,16.895348
JVASP-26418,4,O,109.10292,0.20340046,109.03335
JVASP-26418,5,O,109.10292,0.20340039,109.162605
JVASP-26418,6,O,109.10292,0.20340033,109.162605
JVASP-26418,7,O,109.10292,0.20340042,109.03335
JVASP-35511,0,Zn,0.49316394,0.008795209,0.49043345
JVASP-35511,1,As,27.813955,0.14449379,27.669783
JVASP-35511,2,Pt,141.85773,0.16298263,141.7607
JVASP-35511,3,Pt,141.85773,0.16298264,141.7607
JVASP-35511,4,Pt,141.85773,0.16298266,141.71916
JVASP-35511,5,Pt,141.85773,0.16298263,141.71916
JVASP-35511,6,Pt,111.947395,0.06187897,112.00893
JVASP-5341,0,F,77.51823,0.04327313,77.5113
JVASP-5341,1,F,64.41642,0.029266166,64.424736
JVASP-5341,2,F,105.86083,0.08503168,105.78442
JVASP-5341,3,F,45.694344,0.0421144,45.700092
JVASP-5341,4,F,45.693428,0.042114463,45.723843
JVASP-5341,5,F,45.694344,0.042114433,45.700092
JVASP-5341,6,F,45.693428,0.042114466,45.723843
JVASP-5341,7,F,77.51883,0.043271262,77.543
JVASP-5341,8,F,64.41642,0.029266156,64.424736
JVASP-5341,9,F,77.51883,0.043271236,77.543
JVASP-5341,10,F,77.51823,0.04327314,77.5113
JVASP-5341,11,F,64.4141,0.029266037,64.416275
JVASP-5341,12,F,64.4141,0.029266007,64.416275
JVASP-5341,13,Na,12.097272,0.045755126,12.142118
JVASP-5341,14,Na,11.430084,0.031419095,11.425287
JVASP-5341,15,Na,12.481511,0.014982771,12.471565
JVASP-5341,16,Na,11.430084,0.031419057,11.425287
JVASP-5341,17,Na,12.097272,0.045755178,12.142118
JVASP-5341,18,Zr,96.49607,0.06778292,96.482765
JVASP-5341,19,Zr,96.49607,0.06778294,96.482765
JVASP-29492,0,Cr,51.273533,1.4053229,52.56196
JVASP-29492,1,Ag,1.7086874,0.39677313,2.0826828
JVASP-29492,2,S,49.54969,0.08326815,49.47995
JVASP-29492,3,S,64.734955,0.05932354,64.7367
JVASP-1471,0,S,23.88899,0.4965094,24.319489
JVASP-1471,1,S,40.96656,5.144727,45.576027
JVASP-1471,2,Cr,14.669822,8.643247,22.773287
JVASP-1471,3,Ag,138.817,8.995109,130.68372
JVASP-79555,0,Cr,49.34252,4.047799,53.383133
JVASP-79555,1,Ag,30.901539,15.104423,15.967045
JVASP-79555,2,S,7.7783546,0.29328632,7.5481977
JVASP-79555,3,S,10.506269,0.088830665,10.560871
JVASP-78999,0,Sr,0.84507394,0.943796,0.13118723
JVASP-78999,1,Sr,0.84507394,0.94379586,0.1311871
JVASP-78999,2,Sr,5.5268655,0.9077526,6.430813
JVASP-78999,3,Sr,0.84507394,0.9437958,0.13118702
JVASP-78999,4,Sr,0.84507394,0.9437959,0.13118717
JVASP-78999,5,Sr,5.5268655,0.90775263,6.430813
JVASP-78999,6,Li,0.45887107,0.038046673,0.4252365
JVASP-78999,7,Li,0.45887107,0.03804663,0.42523652
JVASP-67896,0,Be,3.875139,0.17774476,4.0516095
JVASP-67896,1,K,5.997167,0.26977712,5.73104
JVASP-67896,2,Ni,28.171583,0.17114414,28.341608
JVASP-67896,3,Ni,10.7312155,0.17115235,10.901254
JVASP-15617,0,P,0.60880536,31.299067,30.807959
JVASP-15617,1,P,0.60880536,31.299072,30.807964
JVASP-15617,2,Co,6.850752,2.4978168,5.292308
JVASP-15617,3,Co,6.850752,2.4978168,5.292308
JVASP-15617,4,Sr,32.69218,11.478851,25.082525
JVASP-15526,0,C,43.965435,0.62439704,43.955845
JVASP-15526,1,C,43.96548,0.62439895,43.932655
JVASP-15526,2,Ni,10.754381,0.07967072,10.726312
JVASP-15526,3,Ho,49.796345,0.10363611,49.768078
JVASP-3327,0,O,10.696218,2.6089952,8.7083435
JVASP-3327,1,O,10.696218,2.6089952,8.7083435
JVASP-3327,2,Te,43.724365,22.54492,29.514887
JVASP-3327,3,Sm,158.54909,92.25822,103.607666
JVASP-3327,4,Sm,158.54909,92.25822,103.607666
JVASP-20505,0,Er,0.0,0.095937334,0.095937334
JVASP-20505,1,Pt,59.425438,0.03850247,59.45864
JVASP-20505,2,Pt,59.425438,0.03850257,59.39267
JVASP-20505,3,Pt,59.425438,0.0385025,59.42503
JVASP-20236,0,Er,0.0,0.095937334,0.095937334
JVASP-20236,1,Pt,59.425438,0.038502384,59.45864
JVASP-20236,2,Pt,59.425438,0.038502377,59.39267
JVASP-20236,3,Pt,59.425438,0.03850247,59.42503
JVASP-14056,0,K,13.972221,0.3079805,13.929377
JVASP-14056,1,K,13.973023,0.30798572,13.816151
JVASP-14056,2,K,8.027243,0.08048963,8.077038
JVASP-14056,3,K,8.027243,0.08048782,8.077038
JVASP-14056,4,Se,634.4642,2.4048007,634.2783
JVASP-14056,5,Se,634.46405,2.4047437,635.5392
JVASP-14056,6,Se,634.46436,2.4047382,633.087
JVASP-14056,7,Se,634.4645,2.4048202,634.2274
JVASP-14056,8,Se,634.4642,2.4048002,634.2783
JVASP-14056,9,Se,634.46405,2.404846,635.5392
JVASP-14056,10,Se,634.46436,2.4048302,633.0869
JVASP-14056,11,Se,634.4645,2.404799,634.2274
JVASP-14056,12,Se,735.0845,4.469255,737.95874
JVASP-14056,13,Se,735.0844,4.469348,734.5801
JVASP-14056,14,Se,735.08496,4.469284,736.65424
JVASP-14056,15,Se,735.08484,4.469239,732.2023
JVASP-14056,16,Se,735.0845,4.4693174,737.9588
JVASP-14056,17,Se,735.0844,4.4692883,734.5801
JVASP-14056,18,Se,735.08453,4.4693027,736.6538
JVASP-14056,19,Se,735.08484,4.469356,732.2023
JVASP-14056,20,Se,655.9077,0.99404895,655.93005
JVASP-14056,21,Se,655.9085,0.9940676,656.1688
JVASP-14056,22,Se,655.9085,0.99405086,656.1688
JVASP-14056,23,Se,655.9077,0.99404055,655.93
JVASP-14056,24,Au,656.60815,158.74771,740.5813
JVASP-14056,25,Au,656.6093,158.74759,607.81006
JVASP-14056,26,Au,656.60815,158.74745,740.5812
JVASP-14056,27,Au,656.6093,158.74759,607.81006
JVASP-3063,0,K,32.39435,2.6955981,34.67266
JVASP-3063,1,K,32.39435,2.6955988,34.67266
JVASP-3063,2,Se,344.75647,27.965694,361.13516
JVASP-3063,3,Se,344.75647,27.965694,361.13516
JVASP-3063,4,Au,710.7166,83.699745,699.3612
JVASP-3063,5,Au,710.7166,83.699745,701.389
JVASP-4044,0,K,6.0175796,12.57616,18.58789
JVASP-4044,1,K,6.0175796,12.57616,18.58789
JVASP-4044,2,Au,422.791,13.752307,431.6303
JVASP-4044,3,Au,422.791,13.752306,431.37045
JVASP-4044,4,Se,462.83917,70.35602,503.20068
JVASP-4044,5,Se,462.83917,70.35602,503.1051
JVASP-4044,6,Se,462.83917,70.35602,503.1051
JVASP-4044,7,Se,462.83917,70.35602,503.20068
JVASP-63450,0,K,6.0036993,12.626436,18.624279
JVASP-63450,1,K,6.011048,12.618256,18.623446
JVASP-63450,2,Au,422.79962,13.533442,431.22946
JVASP-63450,3,Au,422.79962,13.533442,431.4921
JVASP-63450,4,Se,462.8891,70.436424,503.2957
JVASP-63450,5,Se,462.8891,70.43642,503.2957
JVASP-63450,6,Se,462.8891,70.436424,503.20065
JVASP-63450,7,Se,462.8891,70.436424,503.20065
JVASP-16460,0,Sc,15.545687,0.034515716,15.51252
JVASP-16460,1,Be,4.023287,0.079496644,4.101418
JVASP-16460,2,Be,4.023287,0.07949668,4.101418
JVASP-16460,3,Be,0.6275221,0.082751,0.70386964
JVASP-16460,4,Be,0.6275221,0.08275102,0.70239186
JVASP-16460,5,Be,0.6288195,0.0827505,0.7075058
JVASP-38083,0,Sr,58.109924,2.453485,60.27805
JVASP-38083,1,Sr,58.109924,2.4534853,60.27805
JVASP-38083,2,Tc,16.450748,26.633337,11.4667015
JVASP-38083,3,Tc,16.450748,26.633333,11.466697
JVASP-38083,4,N,37.226673,0.04859229,37.2372
JVASP-38083,5,N,37.225567,0.048591346,37.26534
JVASP-38083,6,N,30.388174,0.16237536,30.483606
JVASP-38083,7,N,37.226673,0.048592273,37.2372
JVASP-38083,8,N,37.225567,0.048591387,37.26534
JVASP-38083,9,N,30.388174,0.16237532,30.43956
JVASP-39171,0,Li,0.0,0.0631177,0.0631177
JVASP-39171,1,Sm,0.0,0.281097,0.281097
JVASP-39171,2,O,27.497156,0.21417762,27.441431
JVASP-39171,3,O,27.497156,0.21417755,27.703209
JVASP-39171,4,O,27.497156,0.21417765,27.348099
JVASP-13733,0,Tl,466.0979,0.04987494,466.12488
JVASP-13733,1,Tl,466.09982,0.049876206,466.12003
JVASP-13733,2,Tl,466.0979,0.04987497,466.12778
JVASP-13733,3,Pt,2.2865987,0.12737612,2.171881
JVASP-13733,4,Pt,104.54871,0.08648995,104.54799
JVASP-13733,5,Pt,104.54871,0.08648999,104.54799
JVASP-54885,0,Tl,293.33463,0.068700016,293.30698
JVASP-54885,1,Tl,293.33673,0.068699986,293.33078
JVASP-54885,2,Tl,293.33463,0.06869999,293.30698
JVASP-54885,3,Tl,293.33673,0.06870002,293.33078
JVASP-54885,4,Pt,204.54825,245.41583,297.15805
JVASP-54885,5,Pt,204.54825,245.4158,297.15802
JVASP-16609,0,Tl,466.04855,0.049890704,466.0688
JVASP-16609,1,Tl,466.04932,0.049889486,466.07922
JVASP-16609,2,Tl,466.04932,0.049889494,466.0763
JVASP-16609,3,Pt,2.290273,0.12715214,2.175865
JVASP-16609,4,Pt,104.60178,0.08696723,104.60219
JVASP-16609,5,Pt,104.60178,0.08696732,104.60219
JVASP-7953,0,Pu,118.3275,1.844674,120.153275
JVASP-7953,1,Pu,118.3275,1.8446745,120.153275
JVASP-7953,2,Si,28.656582,33.894722,7.1257358
JVASP-7953,3,Si,28.656582,33.894722,7.125736
JVASP-7953,4,Si,28.656582,33.894722,7.1257358
JVASP-7953,5,Si,28.656582,33.894722,7.1257377
JVASP-7953,6,Ni,2.5825787,4.4907246,7.059904
JVASP-7953,7,Ni,2.5825787,4.4907246,7.059904
JVASP-7953,8,Ni,2.5825787,4.4907246,7.059904
JVASP-7953,9,Ni,2.5825787,4.4907246,7.059904
JVASP-80906,0,Ti,34.438717,0.05361125,34.389988
JVASP-80906,1,Ti,34.438717,0.053611238,34.389988
JVASP-80906,2,Cd,87.41918,0.013952824,87.43051
JVASP-80906,3,Cd,87.41918,0.013952777,87.43051
JVASP-80906,4,Au,201.72974,0.052674316,201.68857
JVASP-80906,5,Au,201.72974,0.05267429,201.68857
JVASP-80906,6,Au,201.72974,0.052674364,201.68857
JVASP-80906,7,Au,201.72974,0.052674416,201.68857
JVASP-31901,0,Sb,101.13359,0.30007792,100.89282
JVASP-31901,1,I,1616.7275,8.336796,1612.7733
JVASP-31901,2,I,1843.9832,2.7147772,1844.3334
JVASP-31901,3,I,1616.7275,8.336797,1612.7733
JVASP-31901,4,Br,1011.00745,0.47408617,1010.69104
JVASP-31901,5,Br,1011.00745,0.47408602,1010.69104
JVASP-31901,6,Cl,262.05975,0.039044935,262.07794
JVASP-31901,7,Cl,342.61322,0.107560314,342.53052
JVASP-31901,8,Cl,262.05975,0.039044928,262.07794
JVASP-31901,9,Cl,305.58548,0.061806675,305.53372
JVASP-31901,10,Cl,305.58548,0.06180673,305.53372
JVASP-31901,11,Cl,342.61322,0.10756028,342.53052
JVASP-2346,0,S,114.523705,0.2590414,114.48653
JVASP-2346,1,S,114.52393,0.2590464,114.69862
JVASP-2346,2,S,114.52384,0.25904053,114.33272
JVASP-2346,3,S,114.523994,0.2590465,114.58482
JVASP-2346,4,Ga,17.641476,1.7242279,16.710342
JVASP-2346,5,Ga,11.917826,0.2285665,12.068423
JVASP-2346,6,Cd,35.689735,6.14613,32.83777
JVASP-8605,0,H,2.89117,0.11764581,2.905043
JVASP-8605,1,Li,1.944955,0.06798472,1.9081233
JVASP-8605,2,O,51.44343,0.37134993,51.527687
JVASP-8605,3,O,29.252789,0.46786505,28.88102
JVASP-8605,4,O,29.252789,0.46786505,28.88102
JVASP-8605,5,Nd,161.8057,1.1523668,162.53053
JVASP-8605,6,Nd,161.8057,1.1523668,162.53053
JVASP-35649,0,Er,415.70782,0.114944115,415.59427
JVASP-35649,1,Er,415.7078,0.11494407,415.7508
JVASP-35649,2,Er,415.7078,0.11494405,415.77838
JVASP-35649,3,Al,0.0,0.10251835,0.10251835
JVASP-35649,4,N,0.0,0.12692304,0.12692304
JVASP-67854,0,Be,0.76751065,0.8849925,0.15772423
JVASP-67854,1,Se,305.42035,1.4356531,303.99973
JVASP-67854,2,Te,703.37836,1.6541382,701.7608
JVASP-74859,0,Be,3.6595376,1.1332551,2.535372
JVASP-74859,1,Be,0.80833167,0.84350055,0.103074156
JVASP-74859,2,Te,69.7876,21.130854,48.77998
JVASP-74859,3,Se,85.19163,5.807118,79.39168
JVASP-18856,0,Y,31.38398,0.47541478,31.706577
JVASP-18856,1,Y,31.38398,0.47541443,31.706577
JVASP-18856,2,Zr,30.69229,0.59993064,31.023676
JVASP-18856,3,Zr,30.696253,0.59993035,31.078882
JVASP-18856,4,Sb,27.396538,0.1556712,27.52133
JVASP-18856,5,Sb,27.396538,0.15567116,27.52133
JVASP-54574,0,Pr,48.729702,0.035785165,48.747925
JVASP-54574,1,Pr,48.729702,0.035785213,48.74873
JVASP-54574,2,Pr,48.73003,0.035785083,48.713287
JVASP-54574,3,In,57.80112,0.67312086,57.81747
JVASP-54574,4,In,57.80112,0.67312086,57.856945
JVASP-54574,5,In,57.800194,0.6731114,57.78734
JVASP-54574,6,Au,31.922157,138.71913,106.80831
JVASP-54574,7,Au,264.61838,346.35992,81.92695
JVASP-54574,8,Au,264.61838,346.35995,81.92699
JVASP-67265,0,Ti,18.546312,0.07859757,18.61792
JVASP-67265,1,Be,7.065566,0.6960543,6.373567
JVASP-67265,2,Rh,46.491726,4.650273,41.85985
JVASP-80557,0,Ti,51.0228,0.692446,51.645912
JVASP-80557,1,Ti,51.0228,0.69244605,51.645912
JVASP-80557,2,Be,6.211797,0.43068302,5.791445
JVASP-80557,3,Be,6.211797,0.4306828,5.791445
JVASP-80557,4,Be,6.211797,0.43068284,5.791445
JVASP-80557,5,Be,6.211797,0.43068287,5.791445
JVASP-80557,6,Rh,122.32723,163.55528,252.53368
JVASP-80557,7,Rh,122.32723,163.55528,252.53368
JVASP-17497,0,Sm,473.88806,18.860601,464.5812
JVASP-17497,1,Sm,473.8881,18.860598,492.68765
JVASP-17497,2,Sm,473.88806,18.860598,464.97327
JVASP-17497,3,Pb,0.0,0.19174497,0.19174497
JVASP-17497,4,C,0.0,0.04131673,0.04131673
JVASP-19901,0,P,0.0,0.28361908,0.28361908
JVASP-19901,1,Th,0.0037416576,0.18156569,0.1786674
JVASP-16045,0,Pr,397.5081,9.597563,392.7085
JVASP-16045,1,Pr,397.5081,9.597564,392.9316
JVASP-16045,2,Pr,397.5081,9.597563,407.06158
JVASP-16045,3,Ga,0.0,0.050890915,0.050890915
JVASP-16045,4,C,0.0,0.044502497,0.044502497
JVASP-80716,0,Na,16.009583,0.051449724,15.9920845
JVASP-80716,1,Na,16.009583,0.05144968,15.9920845
JVASP-80716,2,Hg,103.57608,0.09005625,103.602905
JVASP-80716,3,Hg,103.57608,0.09005622,103.602905
JVASP-80716,4,Hg,103.57608,0.09005625,103.602905
JVASP-80716,5,Hg,103.57608,0.09005627,103.602905
JVASP-80716,6,Pd,79.83664,0.05455368,79.81385
JVASP-80716,7,Pd,79.83664,0.054553695,79.81385
JVASP-17646,0,Rb,42.63337,0.18814291,42.69571
JVASP-17646,1,Rb,42.63337,0.18814279,42.69571
JVASP-17646,2,Mn,25.339155,1.3330954,24.008533
JVASP-17646,3,Mn,25.339155,1.3330945,24.008533
JVASP-17646,4,As,14.643867,0.85111487,13.819605
JVASP-17646,5,As,14.643867,0.8511152,13.819605
JVASP-84812,0,Rb,43.338825,0.19136946,43.373043
JVASP-84812,1,Rb,43.338825,0.19136943,43.373043
JVASP-84812,2,Mn,27.40081,1.5723368,25.831207
JVASP-84812,3,Mn,27.40081,1.5723372,25.831207
JVASP-84812,4,As,15.951894,0.6261125,15.361093
JVASP-84812,5,As,15.951894,0.6261123,15.3610935
JVASP-84911,0,Rb,42.63337,0.16749832,42.70554
JVASP-84911,1,Rb,42.63337,0.16749837,42.70554
JVASP-84911,2,Mn,28.072786,0.78101075,27.29461
JVASP-84911,3,Mn,28.072786,0.78101057,27.29461
JVASP-84911,4,As,11.77878,1.0158006,10.783801
JVASP-84911,5,As,11.77878,1.0158007,10.783801
JVASP-4999,0,Rb,42.645615,0.18814087,42.707947
JVASP-4999,1,Rb,42.645615,0.18814085,42.707947
JVASP-4999,2,Mn,25.339155,1.3330439,24.008585
JVASP-4999,3,Mn,25.339155,1.3330442,24.008585
JVASP-4999,4,As,14.647948,0.8510998,13.823703
JVASP-4999,5,As,14.647948,0.85109967,13.823703
JVASP-54785,0,Sr,86.08977,0.011939126,86.08316
JVASP-54785,1,Pt,282.53036,0.015786385,282.53424
JVASP-54785,2,Pt,233.99731,0.010866794,234.00195
JVASP-54785,3,Pt,282.5308,0.01578616,282.525
JVASP-54785,4,Pt,233.99731,0.010866792,234.00195
JVASP-54785,5,Pt,282.53036,0.015786374,282.53558
JVASP-16519,0,Ga,92.146126,0.11215697,92.2404
JVASP-16519,1,Ga,92.146126,0.11215704,92.2404
JVASP-16519,2,Ga,154.90941,0.13308972,154.78685
JVASP-16519,3,Ni,2.7397566,0.060219377,2.7923224
JVASP-16519,4,Ni,2.7397566,0.0602194,2.7923224
JVASP-19846,0,Ga,0.0,1.2753042,1.2753042
JVASP-19846,1,Ni,28.555334,0.06532443,28.550747
JVASP-19846,2,Ni,28.555334,0.065324426,28.61047
JVASP-19846,3,Ni,28.555334,0.065324366,28.504908
JVASP-20522,0,Ga,0.0,0.12828276,0.12828276
JVASP-20522,1,Ni,0.0,0.06622689,0.06622689
JVASP-16520,0,Ni,20.157984,0.056152813,20.202766
JVASP-16520,1,Ni,20.157984,0.05615287,20.202766
JVASP-16520,2,Ni,37.16172,0.04494645,37.13183
JVASP-16520,3,Ni,33.479538,0.039787002,33.443558
JVASP-16520,4,Ni,37.16345,0.04494645,37.18688
JVASP-16520,5,Ga,23.830204,0.22184835,23.715757
JVASP-16520,6,Ga,23.830204,0.22184831,23.715757
JVASP-16520,7,Ga,78.41657,0.48018095,78.20036
JVASP-54812,0,Ga,66.09458,0.29014042,65.82246
JVASP-54812,1,Ga,66.09458,0.29014048,65.82246
JVASP-54812,2,Ni,29.257114,0.05066759,29.29896
JVASP-54812,3,Ni,25.004393,0.049081188,25.02592
JVASP-54812,4,Ni,25.004393,0.04908117,25.02592
JVASP-54812,5,Ni,29.257114,0.050667576,29.29896
JVASP-36963,0,Rb,37.999256,0.24293186,38.17436
JVASP-36963,1,Rb,37.999256,0.24293113,38.17436
JVASP-36963,2,Os,22.214554,0.038978845,22.203442
JVASP-36963,3,Os,22.215385,0.038981095,22.204273
JVASP-36963,4,O,62.876568,0.30421206,62.6317
JVASP-36963,5,O,62.877354,0.30421638,62.744534
JVASP-36963,6,O,62.875965,0.30421463,62.855663
JVASP-36963,7,O,62.87832,0.30421165,62.63345
JVASP-36963,8,O,62.876945,0.3042199,62.856632
JVASP-36963,9,O,62.878315,0.30421537,62.74549
JVASP-35638,0,Rb,0.008944272,0.091501705,0.08293058
JVASP-35638,1,Os,0.20460694,0.016264731,0.2181856
JVASP-35638,2,O,136.32758,0.12078433,136.40216
JVASP-35638,3,O,136.32758,0.120784424,136.37103
JVASP-35638,4,O,136.3631,0.120790385,136.2451
JVASP-5599,0,Te,103.43318,5.111956,107.87302
JVASP-5599,1,Te,103.43318,5.1119576,107.87302
JVASP-5599,2,Hf,86.99911,0.22133842,87.18127
JVASP-5599,3,Hf,86.99911,0.22133838,87.18127
JVASP-5599,4,Hf,238.83983,0.12479127,238.72566
JVASP-219,0,Hf,115.88251,0.08380648,115.95942
JVASP-219,1,Te,25.635544,2.7640274,22.935057
JVASP-219,2,Te,25.635544,2.7640269,22.935057
JVASP-18506,0,Te,103.43771,5.1140943,107.879425
JVASP-18506,1,Te,103.43771,5.1140943,107.879425
JVASP-18506,2,Hf,87.00496,0.22141415,87.187195
JVASP-18506,3,Hf,87.00496,0.2214142,87.187195
JVASP-18506,4,Hf,238.84628,0.124735706,238.73218
JVASP-18887,0,Hf,115.86453,0.08357164,115.94118
JVASP-18887,1,Te,25.457546,2.7740693,22.747103
JVASP-18887,2,Te,25.457546,2.774069,22.747103
JVASP-16868,0,Te,100.84666,0.9374817,101.54044
JVASP-16868,1,Te,100.84689,0.937483,100.76197
JVASP-16868,2,Te,100.84689,0.93748313,100.76197
JVASP-16868,3,Te,100.84666,0.93748087,101.54044
JVASP-16868,4,Hf,106.20419,0.059219595,106.18556
JVASP-16868,5,Hf,106.202774,0.059219528,106.172714
JVASP-16868,6,Hf,106.202774,0.05921955,106.172714
JVASP-16868,7,Hf,106.20419,0.05921957,106.18556
JVASP-16868,8,Hf,281.26907,0.23777537,281.17856
JVASP-28444,0,Hf,74.83391,0.42766562,74.98907
JVASP-28444,1,Hf,74.8336,0.42767495,74.98878
JVASP-28444,2,Te,644.9316,28.01755,631.97
JVASP-28444,3,Te,644.9316,28.017937,631.96985
JVASP-28444,4,Te,90.50822,15.805662,77.51488
JVASP-28444,5,Te,90.50822,15.805975,77.51463
JVASP-28444,6,Te,645.86035,27.558702,629.6994
JVASP-28444,7,Te,645.86035,27.559103,629.6993
JVASP-18732,0,Y,0.0,0.3144244,0.3144244
JVASP-18732,1,Ir,0.0,0.104333565,0.104333565
JVASP-37406,0,Tb,19.162447,0.036863234,19.195742
JVASP-37406,1,Tb,19.162447,0.036865555,19.188732
JVASP-37406,2,Ag,42.769104,0.090842165,42.843403
JVASP-37406,3,Ag,42.769104,0.09084049,42.814575
JVASP-37406,4,Se,115.79544,0.87311697,115.26746
JVASP-37406,5,Se,115.79544,0.8731187,115.4744
JVASP-37406,6,Se,116.98317,0.57063127,117.059105
JVASP-37406,7,Se,116.98317,0.5706397,116.96196
JVASP-1504,0,N,7.272899,0.046905752,7.227675
JVASP-1504,1,N,7.272899,0.046905756,7.227675
JVASP-1504,2,Na,13.009485,0.055465702,12.96472
JVASP-1504,3,Ta,51.902977,0.07659908,51.960983
JVASP-35844,0,Ce,48.175404,0.24799035,48.350468
JVASP-35844,1,Ce,48.175404,0.24799038,48.350334
JVASP-35844,2,Tl,124.62273,37.90351,86.72143
JVASP-35844,3,Tl,124.62273,37.90352,86.72142
JVASP-35844,4,Cd,48.458256,87.249504,38.804104
JVASP-35844,5,Cd,48.458256,87.249504,38.804104
JVASP-19690,0,Ho,0.0,0.04844063,0.04844063
JVASP-19690,1,Pb,397.65018,0.21401252,397.75803
JVASP-19690,2,Pb,397.65015,0.21401282,397.47046
JVASP-19690,3,Pb,397.65018,0.21401273,397.72208
JVASP-39410,0,Ho,60.52281,0.14688379,60.53221
JVASP-39410,1,Ho,60.52281,0.14688371,60.53221
JVASP-39410,2,Ho,17.398726,0.18780968,17.530304
JVASP-39410,3,Ho,60.52281,0.14688379,60.53221
JVASP-39410,4,Ho,60.52281,0.14688376,60.53221
JVASP-39410,5,Ho,17.398726,0.18780965,17.530304
JVASP-39410,6,Pb,215.11092,23.48314,191.63396
JVASP-39410,7,Pb,215.11092,23.483145,191.63394
JVASP-14975,0,N,0.0,0.06549196,0.06549196
JVASP-14975,1,Nd,0.007483315,6.852058,6.8545623
JVASP-36331,0,Nd,0.0,0.010669379,0.010669379
JVASP-36331,1,N,0.0,0.01026607,0.01026607
JVASP-3162,0,S,169.50821,0.036376633,169.51317
JVASP-3162,1,S,169.50876,0.036376532,169.49869
JVASP-3162,2,S,169.50876,0.036376588,169.49869
JVASP-3162,3,S,169.50821,0.03637658,169.51317
JVASP-3162,4,K,17.50723,0.048727717,17.547297
JVASP-3162,5,K,17.50723,0.048727654,17.547297
JVASP-3162,6,Sb,285.5174,0.07074595,285.474
JVASP-3162,7,Sb,285.5174,0.07074593,285.474
JVASP-17545,0,Dy,549.65076,1.1581314,549.16364
JVASP-17545,1,Dy,549.6508,1.1581315,550.786
JVASP-17545,2,Dy,549.65076,1.158131,549.00464
JVASP-17545,3,Sn,0.0,0.20427306,0.20427306
JVASP-17545,4,C,0.0,0.05742703,0.05742703
JVASP-18402,0,Mo,64.671425,0.11291797,64.55938
JVASP-18402,1,Mo,64.671425,0.11291798,64.55938
JVASP-18402,2,H,0.015937379,0.012191767,0.02001937
JVASP-18402,3,H,0.015937379,0.01219178,0.020019226
JVASP-38450,0,Mo,18.743496,0.15190108,18.891628
JVASP-38450,1,Mo,18.743496,0.15190116,18.891628
JVASP-38450,2,Mo,234.11324,0.06435279,234.16202
JVASP-38450,3,Mo,18.743496,0.15190107,18.891628
JVASP-38450,4,Mo,18.743496,0.15190099,18.891628
JVASP-38450,5,Mo,234.11324,0.06435285,234.16202
JVASP-38450,6,H,0.78057075,0.036179397,0.81075805
JVASP-38450,7,H,0.78057075,0.036179375,0.810758
JVASP-7822,0,Ca,19.365896,0.06099829,19.38859
JVASP-7822,1,Ca,19.365896,0.060998272,19.386295
JVASP-7822,2,Ca,19.364529,0.060998883,19.348497
JVASP-7822,3,Cd,45.645676,7.9097037,39.989437
JVASP-7822,4,Cd,45.647346,7.909578,40.04831
JVASP-7822,5,Cd,45.647346,7.909577,39.760616
JVASP-7822,6,Ge,154.33867,0.92348295,153.42863
JVASP-7822,7,Ge,154.33867,0.92348284,153.42863
JVASP-7822,8,Ge,95.089195,1.1096659,96.1862
JVASP-17946,0,Pr,26.276426,0.10301513,26.190868
JVASP-17946,1,Pr,26.276426,0.10301511,26.192871
JVASP-17946,2,Pr,26.277725,0.103012815,26.17513
JVASP-17946,3,Sn,115.22952,0.05954964,115.230095
JVASP-17946,4,Sn,115.22952,0.059549615,115.237854
JVASP-17946,5,Sn,115.23331,0.059551038,115.1859
JVASP-17946,6,Pd,144.5995,51.843452,92.8608
JVASP-17946,7,Pd,1.0920644,34.30515,35.392822
JVASP-17946,8,Pd,144.5995,51.843468,92.860794
JVASP-8444,0,Sr,8.433594,0.23936257,8.603232
JVASP-8444,1,Sr,8.433594,0.23936276,8.603232
JVASP-8444,2,Mn,39.453934,0.03971564,39.478855
JVASP-8444,3,Mn,39.453934,0.03971563,39.478855
JVASP-8444,4,Sn,46.13777,9.351444,36.836185
JVASP-8444,5,Sn,46.13777,9.351445,36.836185
JVASP-39210,0,Mn,0.0,0.012952567,0.012952567
JVASP-39210,1,Be,6.5891275,0.08146619,6.556029
JVASP-39210,2,Be,6.5891275,0.08146617,6.5420256
JVASP-39210,3,Be,6.5891275,0.08146625,6.67009
JVASP-38150,0,Mn,8.500814,0.13376327,8.410421
JVASP-38150,1,Mn,8.500101,0.13376176,8.405395
JVASP-38150,2,Mn,8.500814,0.13376337,8.425941
JVASP-38150,3,Mn,8.500814,0.13376337,8.410421
JVASP-38150,4,Mn,8.500101,0.13376163,8.405395
JVASP-38150,5,Mn,8.500814,0.13376339,8.425941
JVASP-38150,6,Be,0.96387655,0.106528826,1.0695024
JVASP-38150,7,Be,0.96387655,0.106528975,1.0695026
JVASP-1510,0,Rb,30.181377,0.10434277,30.093912
JVASP-1510,1,Te,0.904995,0.055740457,0.85430884
JVASP-1510,2,Te,0.904995,0.055740517,0.8543088
JVASP-1510,3,Nd,3.2577426,0.07835485,3.1851797
JVASP-2394,0,O,188.19118,23.584208,168.53935
JVASP-2394,1,O,188.19118,23.584206,168.53935
JVASP-2394,2,Na,18.155851,0.12517032,18.051867
JVASP-2394,3,Na,18.155851,0.12517032,18.051867
JVASP-2394,4,Hg,909.30444,3.2850037,906.58026
JVASP-14653,0,Sn,111.07946,0.11425096,111.09967
JVASP-14653,1,Sn,111.07946,0.11425098,111.06437
JVASP-14653,2,Sn,111.07946,0.11425093,111.08241
JVASP-14653,3,Sn,111.07946,0.11425098,111.0716
JVASP-14653,4,Rh,15.2284775,0.08149607,15.2178545
JVASP-14653,5,Rh,15.2284775,0.08149613,15.244316
JVASP-14653,6,Rh,15.2284775,0.08149606,15.232247
JVASP-14653,7,Rh,15.2284775,0.081496105,15.220352
JVASP-14785,0,Rh,27.782677,122.23242,123.21639
JVASP-14785,1,Rh,27.782677,122.23239,123.216354
JVASP-14785,2,Sn,115.60992,0.040246814,115.60463
JVASP-14785,3,Sn,115.60831,0.04024744,115.62681
JVASP-14785,4,Sn,115.60831,0.040247466,115.62681
JVASP-14785,5,Sn,115.60992,0.0402468,115.60463
JVASP-37349,0,Sn,21.620012,0.09633563,21.713009
JVASP-37349,1,Rh,24.211575,0.3598351,24.5518
JVASP-37349,2,Rh,24.211575,0.3598351,24.5518
JVASP-37349,3,Rh,6.4119477,0.3251553,6.1091266
JVASP-17983,0,Tb,0.0,0.12090055,0.12090055
JVASP-17983,1,Pb,403.66693,0.4052928,403.2963
JVASP-17983,2,Pb,403.66693,0.4052926,403.8184
JVASP-17983,3,Pb,403.66693,0.40529248,403.88654
JVASP-17884,0,U,0.0,0.03574374,0.03574374
JVASP-17884,1,In,184.22368,0.4012263,184.46645
JVASP-17884,2,In,184.22368,0.4012259,184.37657
JVASP-17884,3,In,184.22366,0.401226,183.82866
JVASP-32188,0,H,33.22225,0.26062277,33.404785
JVASP-32188,1,H,33.22006,0.2606222,33.046707
JVASP-32188,2,H,33.22255,0.26062277,33.30443
JVASP-32188,3,H,33.22092,0.26062238,33.13691
JVASP-32188,4,H,33.22225,0.26062292,33.404785
JVASP-32188,5,H,33.22006,0.2606223,33.046707
JVASP-32188,6,H,33.22255,0.26062277,33.30443
JVASP-32188,7,H,33.22092,0.2606224,33.13691
JVASP-32188,8,N,0.6951719,0.18850207,0.5959582
JVASP-32188,9,N,0.6951719,0.18850215,0.5959582
JVASP-32188,10,O,240.36414,0.19623074,240.32022
JVASP-32188,11,O,240.36414,0.19623055,240.32022
JVASP-32188,12,O,240.36235,0.19624987,240.4981
JVASP-32188,13,O,240.36256,0.19624744,240.3695
JVASP-32188,14,O,240.36392,0.19623356,240.24994
JVASP-32188,15,O,240.36256,0.19624738,240.3695
JVASP-32188,16,O,240.36235,0.19624971,240.4981
JVASP-32188,17,O,240.36392,0.19623332,240.24994
JVASP-32188,18,I,16.6712,0.45528415,16.41256
JVASP-32188,19,I,16.6712,0.45528433,16.41256
JVASP-35492,0,Ag,87.42474,23.308481,64.24201
JVASP-35492,1,W,94.632774,15.929979,110.526344
JVASP-35492,2,S,127.16388,4.544273,125.141785
JVASP-35492,3,S,127.16348,4.544269,125.34388
JVASP-35492,4,S,127.16389,4.5442705,124.75765
JVASP-35492,5,S,127.16348,4.5442724,124.73414
JVASP-35492,6,N,204.2654,0.5064984,204.76875
JVASP-80209,0,Sc,32.556175,0.055179972,32.54697
JVASP-80209,1,Sc,32.556175,0.055179927,32.54697
JVASP-80209,2,Al,35.22905,1.0563204,35.389626
JVASP-80209,3,Hg,81.44338,0.04821639,81.42875
JVASP-85679,0,Li,1.935777,0.0415449,1.9255406
JVASP-85679,1,Li,1.935777,0.041544855,1.9269699
JVASP-85679,2,H,41.52897,1.365083,42.27542
JVASP-85679,3,H,41.52897,1.3650832,42.34863
JVASP-85679,4,H,41.52897,1.3650831,42.348694
JVASP-85679,5,H,41.52897,1.3650832,42.275307
JVASP-85679,6,I,100.00771,0.18237658,100.18944
JVASP-85679,7,I,100.00771,0.18237658,100.18944
JVASP-85679,8,O,181.44379,20.289309,200.16765
JVASP-85679,9,O,181.44379,20.289309,200.1663
JVASP-80871,0,Sr,4.8405113,0.20977461,4.87265
JVASP-80871,1,Sr,4.8405113,0.20977455,4.87265
JVASP-80871,2,Ca,1.8199483,0.15035146,1.8273393
JVASP-80871,3,Ca,1.8199483,0.1503515,1.8273393
JVASP-80871,4,Ag,2.5329826,0.114511296,2.5571783
JVASP-80871,5,Ag,2.5329826,0.11451132,2.5571783
JVASP-80871,6,Ag,2.5329826,0.11451126,2.5571783
JVASP-80871,7,Ag,2.5329826,0.11451127,2.5571785
JVASP-22622,0,Al,16.64188,0.2509066,16.637075
JVASP-22622,1,Fe,126.1937,0.35789737,126.20306
JVASP-22622,2,F,86.4433,0.724172,86.6002
JVASP-22622,3,F,86.4433,0.7241723,86.6002
JVASP-22622,4,F,129.158,0.039733805,129.14389
JVASP-22622,5,F,129.158,0.03973382,129.14389
JVASP-22622,6,F,134.24834,0.03537893,134.23929
JVASP-8374,0,Al,1.4956523,0.13064279,1.5221562
JVASP-8374,1,Fe,131.91344,1.4769791,131.69412
JVASP-8374,2,F,93.20346,0.46807235,93.29171
JVASP-8374,3,F,93.20346,0.46807247,93.29171
JVASP-8374,4,F,135.8685,0.03262095,135.85838
JVASP-8374,5,F,135.8685,0.032620955,135.85838
JVASP-8374,6,F,140.77615,0.03650872,140.77371
JVASP-3177,0,Mg,7.9212418,0.08478918,8.00499
JVASP-3177,1,Be,2.183723,0.1074531,2.0768201
JVASP-3177,2,Be,2.183723,0.10745311,2.0768201
JVASP-3177,3,N,8.044124,0.11066167,7.934341
JVASP-3177,4,N,8.044124,0.11066166,7.934341
JVASP-37948,0,Ag,27.509403,0.061367635,27.540071
JVASP-37948,1,Ag,27.509405,0.061367612,27.44854
JVASP-37948,2,Ag,27.509403,0.06136767,27.539703
JVASP-37948,3,Ge,0.0,0.06953048,0.06953048
JVASP-47966,0,Fe,125.8771,0.043175586,125.869026
JVASP-47966,1,Fe,60.633976,0.13451175,60.58079
JVASP-47966,2,O,68.34338,0.7163092,68.52897
JVASP-47966,3,O,68.34338,0.71630895,68.52897
JVASP-47966,4,F,176.6225,0.10225197,176.59657
JVASP-47966,5,F,176.6225,0.102251984,176.59657
JVASP-48017,0,Fe,48.072216,0.091991074,48.024773
JVASP-48017,1,Fe,48.072216,0.09199109,48.015827
JVASP-48017,2,O,89.86262,0.050231636,89.83987
JVASP-48017,3,O,89.86262,0.050231572,89.84354
JVASP-48017,4,F,145.56244,0.20668972,145.51845
JVASP-48017,5,F,145.56244,0.20668983,145.55775
JVASP-48131,0,Fe,37.045616,0.22313681,37.193333
JVASP-48131,1,Fe,142.2058,0.068471275,142.18317
JVASP-48131,2,O,88.10119,0.6777746,88.34494
JVASP-48131,3,O,60.94371,0.39815667,60.963387
JVASP-48131,4,O,60.94371,0.39815664,61.00524
JVASP-48131,5,F,166.51653,0.18870679,166.48003
JVASP-48761,0,Fe,19.775824,0.16041863,19.631853
JVASP-48761,1,Fe,4.0639367,0.103789896,4.1468396
JVASP-48761,2,O,29.915245,0.9328388,30.117373
JVASP-48761,3,F,95.22491,0.06670399,95.20261
JVASP-48761,4,F,95.22491,0.06670229,95.20381
JVASP-48761,5,F,89.20326,0.037675276,89.19028
JVASP-48973,0,Fe,106.05663,0.18980059,106.02441
JVASP-48973,1,Fe,106.05588,0.18980074,106.017334
JVASP-48973,2,O,109.34339,0.47514224,109.57261
JVASP-48973,3,O,109.343414,0.47514236,109.64309
JVASP-48973,4,O,109.343414,0.4751425,109.64309
JVASP-48973,5,O,109.34339,0.4751422,109.57261
JVASP-48973,6,F,252.4277,0.09862952,252.4192
JVASP-48973,7,F,252.4277,0.09862947,252.4192
JVASP-66780,0,Be,13.125999,0.65078396,13.767872
JVASP-66780,1,Be,13.125999,0.6507835,13.767871
JVASP-66780,2,Bi,232.38554,31.559723,200.97733
JVASP-66780,3,Bi,232.38554,31.559723,200.97733
JVASP-66780,4,Mo,112.291954,0.2216652,112.08863
JVASP-66780,5,Mo,112.291954,0.22166523,112.08863
JVASP-67555,0,Be,3.4758258,1.0988394,4.5719676
JVASP-67555,1,Bi,150.48685,111.1142,39.468414
JVASP-67555,2,Mo,34.22835,1.130102,33.10241
JVASP-67555,3,Mo,157.55118,23.680601,133.87726
JVASP-38584,0,Hf,113.04885,0.7635486,113.79565
JVASP-38584,1,Hf,113.04885,0.7635488,113.79565
JVASP-38584,2,Hf,524.537,0.56572,523.9912
JVASP-38584,3,Hf,113.04885,0.7635486,113.79565
JVASP-38584,4,Hf,113.04885,0.7635489,113.79565
JVASP-38584,5,Hf,524.537,0.5657198,523.9912
JVASP-38584,6,Bi,39.047318,2.9865518,42.024338
JVASP-38584,7,Bi,39.047318,2.98655,42.024338
JVASP-77074,0,Hf,145.99734,0.11732184,146.04916
JVASP-77074,1,Hf,145.99734,0.11732186,146.04916
JVASP-77074,2,Zr,74.995186,0.44523144,75.22523
JVASP-77074,3,Zr,74.995186,0.44523117,75.22523
JVASP-77074,4,Hg,557.2778,0.14870939,557.21594
JVASP-77074,5,Hg,557.2778,0.14870942,557.21594
JVASP-77074,6,Hg,557.2778,0.1487094,557.21594
JVASP-77074,7,Hg,557.2778,0.14870939,557.21594
JVASP-17374,0,Yb,56.83097,0.043773297,56.86343
JVASP-17374,1,Yb,56.83097,0.043773312,56.864803
JVASP-17374,2,Yb,56.838524,0.043773267,56.863758
JVASP-17374,3,Si,80.02851,0.07334722,80.101135
JVASP-17374,4,Si,80.02851,0.073347196,80.101135
JVASP-17374,5,Si,22.29648,0.07649763,22.36992
JVASP-17374,6,Ag,21.606321,0.08169519,21.533243
JVASP-17374,7,Ag,21.606848,0.081695475,21.542883
JVASP-17374,8,Ag,21.606848,0.08169544,21.541506
JVASP-16296,0,Yb,31.243242,0.23471582,31.00956
JVASP-16296,1,Yb,31.243242,0.23471577,31.00956
JVASP-16296,2,Si,8.380521,0.04769631,8.353476
JVASP-16296,3,Si,8.380521,0.04769631,8.353476
JVASP-16296,4,Si,8.380521,0.047696374,8.353476
JVASP-16296,5,Si,8.380521,0.04769637,8.353476
JVASP-16296,6,Ag,13.753884,0.26756373,13.493169
JVASP-16296,7,Ag,13.753884,0.26756385,13.493169
JVASP-16296,8,Ag,13.753884,0.2675637,13.493169
JVASP-16296,9,Ag,13.753884,0.26756382,13.493169
JVASP-33823,0,Lu,206.24214,0.035724763,206.25114
JVASP-33823,1,Lu,206.24214,0.03572474,206.25114
JVASP-33823,2,Cl,60.28141,0.097574,60.363613
JVASP-33823,3,Cl,60.281815,0.09757464,60.32218
JVASP-33823,4,Cl,60.281815,0.09757467,60.329166
JVASP-33823,5,Cl,60.28141,0.097573996,60.363613
JVASP-33823,6,Cl,60.281815,0.09757467,60.32218
JVASP-33823,7,Cl,60.281815,0.097574696,60.329166
JVASP-8781,0,Bi,52.654232,0.9099144,53.557095
JVASP-8781,1,Te,44.976307,0.030662727,45.005077
JVASP-8781,2,Br,45.14042,0.12241899,45.023037
JVASP-56889,0,Ta,142.7228,132.18439,10.967136
JVASP-56889,1,Pb,486.15634,1.1023643,485.12427
JVASP-56889,2,Se,41.093864,0.42518735,41.50972
JVASP-56889,3,Se,41.093864,0.4251879,41.50972
JVASP-5425,0,O,235.75613,1.1029724,235.4574
JVASP-5425,1,O,235.7568,1.1029358,235.98918
JVASP-5425,2,O,235.7568,1.1029354,235.98918
JVASP-5425,3,O,235.75613,1.1029724,235.4574
JVASP-5425,4,O,236.52484,2.598057,237.8393
JVASP-5425,5,O,236.52504,2.5980716,235.46974
JVASP-5425,6,O,236.52443,2.598073,237.93808
JVASP-5425,7,O,236.5234,2.5981085,235.14621
JVASP-5425,8,O,236.5234,2.5981085,235.14621
JVASP-5425,9,O,236.52443,2.5980735,237.93808
JVASP-5425,10,O,236.52504,2.5980716,235.46974
JVASP-5425,11,O,236.52484,2.598057,237.8393
JVASP-5425,12,Cl,353.1755,0.44803748,352.93442
JVASP-5425,13,Cl,353.17462,0.4480766,353.34845
JVASP-5425,14,Cl,353.17462,0.44807622,353.34845
JVASP-5425,15,Cl,353.1755,0.44803792,352.93442
JVASP-5425,16,Ag,28.413366,14.373435,32.15701
JVASP-5425,17,Ag,28.413366,14.3734455,32.157013
JVASP-5425,18,Ag,82.12486,46.648182,95.30994
JVASP-5425,19,Ag,82.12486,46.648182,95.30994
JVASP-34273,0,Ag,109.21181,12.98569,97.89557
JVASP-34273,1,O,328.03516,0.8147581,328.13107
JVASP-34273,2,O,312.73282,0.9397913,312.22864
JVASP-34273,3,O,328.05756,0.8091847,328.0745
JVASP-34273,4,Cl,709.58453,0.4208431,709.42194
JVASP-34273,5,Cl,709.58514,0.42256954,709.44025
JVASP-34273,6,Ag,108.9715,12.992866,96.86844
JVASP-34273,7,O,312.81583,0.93553483,312.0804
JVASP-36773,0,Ag,150.3473,0.291355,150.51321
JVASP-36773,1,Cl,146.95642,0.0737017,146.91704
JVASP-36773,2,O,187.76344,1.5274854,187.3203
JVASP-36773,3,O,196.41432,1.8737166,195.55263
JVASP-36798,0,Ag,41.187794,0.4073018,41.523846
JVASP-36798,1,Ag,41.187794,0.40730196,41.523846
JVASP-36798,2,Cl,106.99523,0.1305604,107.06534
JVASP-36798,3,Cl,106.99523,0.13056037,107.06534
JVASP-36798,4,O,171.99767,1.4547455,172.4377
JVASP-36798,5,O,190.13727,0.29916275,190.30832
JVASP-36798,6,O,190.13727,0.29916263,190.30832
JVASP-36798,7,O,171.99767,1.4547453,172.4377
JVASP-36801,0,Ag,198.0612,0.6309785,198.12323
JVASP-36801,1,Ag,198.06046,0.63097477,197.7212
JVASP-36801,2,Cl,192.01256,0.200213,191.85912
JVASP-36801,3,Cl,192.01256,0.20021306,191.85912
JVASP-36801,4,O,167.89526,2.1296558,168.80849
JVASP-36801,5,O,167.89487,2.1296089,168.90446
JVASP-36801,6,O,167.89487,2.1296086,168.90446
JVASP-36801,7,O,167.89526,2.1296558,168.80849
JVASP-29971,0,Ag,113.68487,26.786201,111.67703
JVASP-29971,1,Ag,34.625942,3.0463405,36.612957
JVASP-29971,2,Cl,595.8894,0.30667046,595.74567
JVASP-29971,3,Cl,634.9321,0.33723155,634.9296
JVASP-29971,4,O,271.94553,2.1040049,271.61688
JVASP-29971,5,O,285.163,2.4385843,284.11838
JVASP-29971,6,O,214.55074,4.4693656,213.54713
JVASP-29971,7,O,139.24963,6.7878838,137.10208
JVASP-16313,0,Sr,65.57366,50.262085,15.852523
JVASP-16313,1,Sr,65.57366,50.262085,15.852519
JVASP-16313,2,Ge,62.30767,44.443336,18.23418
JVASP-16313,3,Ge,62.30767,44.443336,18.23418
JVASP-16313,4,Ge,62.30767,44.443344,18.234173
JVASP-16313,5,Ge,62.30767,44.443344,18.234173
JVASP-16313,6,Rh,6.6258698,8.732892,15.354796
JVASP-16313,7,Rh,6.6258698,8.732892,15.354796
JVASP-16313,8,Rh,6.6258698,8.732889,15.354794
JVASP-16313,9,Rh,6.6258698,8.732891,15.3547945
JVASP-61785,0,Sm,12.201724,1.6067997,10.611486
JVASP-61785,1,Sm,12.201724,1.6067988,10.611487
JVASP-61785,2,Sb,377.10303,143.53688,233.62622
JVASP-61785,3,Sb,377.10303,143.53687,233.62625
JVASP-61785,4,Sb,233.86913,25.281761,208.724
JVASP-61785,5,Sb,233.86913,25.28176,208.724
JVASP-61785,6,Au,36.014847,43.738464,79.54343
JVASP-61785,7,Au,36.014847,43.73847,79.54343
JVASP-2871,0,N,46.654408,0.19866374,46.80647
JVASP-2871,1,N,46.654408,0.19866379,46.80647
JVASP-2871,2,Ca,57.629475,0.11140288,57.713478
JVASP-2871,3,Ca,57.629475,0.11140292,57.713478
JVASP-2871,4,Zn,234.272,0.1145891,234.1921
JVASP-78888,0,Th,247.62505,37.51761,285.06268
JVASP-78888,1,Cd,69.9709,109.47909,39.542522
JVASP-78888,2,Cd,69.9709,109.47909,39.542522
JVASP-8202,0,As,71.28387,0.13027099,71.40417
JVASP-8202,1,As,71.28387,0.13027096,71.40417
JVASP-8202,2,Sr,1.8074886,0.112838395,1.7071041
JVASP-8202,3,Sn,75.23176,0.07256532,75.30161
JVASP-8202,4,Sn,75.23176,0.07256525,75.30161
JVASP-17633,0,U,0.0,0.15895061,0.15895061
JVASP-17633,1,Ga,121.504486,0.05144178,121.5332
JVASP-17633,2,Ga,121.50449,0.051441815,121.45468
JVASP-17633,3,Ga,121.504486,0.051441774,121.5256
JVASP-17781,0,U,3.3905559,0.10723346,3.2869222
JVASP-17781,1,Ga,33.55842,8.413822,41.958294
JVASP-17781,2,Ga,33.55842,8.413821,41.958294
JVASP-39584,0,U,1039.1372,0.12610823,1039.2628
JVASP-39584,1,Ga,127.17996,0.15966684,127.33706
JVASP-25353,0,Os,0.04294182,1.6322021,1.6222813
JVASP-14744,0,Os,73.174835,1.6383746,74.71407
JVASP-14744,1,Os,73.174835,1.638373,74.71407
JVASP-84876,0,Os,74.218315,2.1237013,76.24207
JVASP-84876,1,Os,74.218315,2.1237063,76.24208
JVASP-84975,0,Os,72.70454,1.5919831,74.19751
JVASP-84975,1,Os,72.70494,1.5919825,74.19792
JVASP-951,0,Os,73.55655,1.8769414,75.33381
JVASP-951,1,Os,73.55655,1.8769426,75.33381
JVASP-952,0,Os,73.173195,1.6383581,74.71242
JVASP-952,1,Os,73.173195,1.638358,74.71242
JVASP-953,0,Os,76.87642,2.7385778,79.51639
JVASP-953,1,Os,76.876015,2.7385774,79.515976
JVASP-5281,0,Si,1.5842348,0.067861415,1.618637
JVASP-5281,1,Si,1.5842348,0.06786136,1.6191537
JVASP-5281,2,Si,1.5842348,0.067861386,1.618637
JVASP-5281,3,Si,1.5842348,0.06786139,1.6191537
JVASP-5281,4,H,15.961144,0.5396434,15.738046
JVASP-5281,5,H,15.961144,0.5396436,15.7298975
JVASP-5281,6,H,15.961144,0.5396434,15.738046
JVASP-5281,7,H,15.961144,0.5396434,15.7298975
JVASP-5281,8,H,15.845794,0.6482029,15.5868025
JVASP-5281,9,H,15.845794,0.6482028,15.5873785
JVASP-5281,10,H,15.845794,0.6482029,15.5868025
JVASP-5281,11,H,15.845794,0.6482029,15.5873785
JVASP-5281,12,H,15.843531,0.23183358,15.924157
JVASP-5281,13,H,15.843531,0.23183353,15.921128
JVASP-5281,14,H,15.843531,0.23183356,15.924157
JVASP-5281,15,H,15.843531,0.2318335,15.921128
JVASP-5281,16,H,15.879869,0.36453804,16.062063
JVASP-5281,17,H,15.879869,0.36453828,16.062696
JVASP-5281,18,H,15.879869,0.36453816,16.062063
JVASP-5281,19,H,15.879869,0.3645381,16.062696
JVASP-5722,0,Si,14.012306,1.0743065,15.079885
JVASP-5722,1,Si,14.012306,1.0743065,15.079885
JVASP-5722,2,H,15.597126,0.512364,15.090958
JVASP-5722,3,H,15.597126,0.51236403,15.090958
JVASP-29215,0,Si,4.040442,1.7289017,2.316451
JVASP-29215,1,Si,4.040442,1.7289017,2.316451
JVASP-29215,2,Si,1.718734,3.8838043,2.1755903
JVASP-29215,3,Si,1.718734,3.8838031,2.1755893
JVASP-29215,4,Si,14.394837,4.7277937,19.10564
JVASP-29215,5,Si,14.394837,4.727793,19.10564
JVASP-29215,6,H,15.56814,0.38644937,15.188265
JVASP-29215,7,H,15.56814,0.38644946,15.188265
JVASP-33859,0,Si,0.36987296,0.06002852,0.38037622
JVASP-33859,1,H,37.594864,0.038090542,37.558647
JVASP-33859,2,H,37.594864,0.038093988,37.558594
JVASP-33859,3,H,37.337143,0.080221236,37.258793
JVASP-33859,4,H,37.337143,0.080221415,37.258595
JVASP-33859,5,H,15.686879,0.9423883,15.671348
JVASP-33859,6,H,15.68844,0.94239146,15.67213
JVASP-33859,7,H,15.686879,0.9423797,15.767493
JVASP-33859,8,H,15.686879,0.94239557,15.74779
JVASP-12058,0,Si,1.9179504,3.969045,2.0648296
JVASP-12058,1,Si,1.9179504,3.9690444,2.0648289
JVASP-12058,2,Si,4.133922,1.80272,2.3376775
JVASP-12058,3,Si,4.133922,1.8027197,2.3376777
JVASP-12058,4,Si,14.182546,8.916686,23.039188
JVASP-12058,5,Si,14.182546,8.916686,23.039188
JVASP-12058,6,H,15.434235,0.27441597,15.16619
JVASP-12058,7,H,15.434235,0.2744159,15.16619
JVASP-18210,0,Sm,140.7738,12.269525,128.52893
JVASP-18210,1,Sm,140.7738,12.269526,128.52893
JVASP-18210,2,Cu,31.256304,0.68756706,30.580692
JVASP-18210,3,Cu,31.256304,0.68756694,30.580692
JVASP-18210,4,Se,19.566525,0.51889485,19.071526
JVASP-18210,5,Se,19.566525,0.51889485,19.071526
JVASP-18210,6,F,32.19936,9.749045,22.508348
JVASP-18210,7,F,32.19936,9.749044,22.508348
JVASP-5122,0,Sm,140.7485,12.208911,128.5642
JVASP-5122,1,Sm,140.7485,12.208911,128.5642
JVASP-5122,2,Cu,31.258757,0.6832632,30.587511
JVASP-5122,3,Cu,31.258757,0.68326265,30.587511
JVASP-5122,4,Se,19.543663,0.5139308,19.053553
JVASP-5122,5,Se,19.543663,0.51393086,19.053553
JVASP-5122,6,F,32.20834,9.732517,22.533783
JVASP-5122,7,F,32.20834,9.732518,22.533781
JVASP-18546,0,Y,0.0,0.02701799,0.02701799
JVASP-18546,1,B,0.0,0.045968685,0.045968685
JVASP-18546,2,Rh,91.59622,0.09579933,91.569046
JVASP-18546,3,Rh,91.59622,0.09579931,91.687126
JVASP-18546,4,Rh,91.59622,0.095799334,91.53257
JVASP-61699,0,Y,101.95389,0.018669816,101.938126
JVASP-61699,1,B,8.443391,0.36646247,8.805366
JVASP-61699,2,B,8.443391,0.3664624,8.805366
JVASP-61699,3,Rh,101.037094,0.05205368,100.98558
JVASP-61699,4,Rh,101.044136,0.052061763,101.038086
JVASP-61699,5,Rh,101.044136,0.052061882,101.03218
JVASP-18115,0,Tm,27.255472,0.13670263,27.391739
JVASP-18115,1,Tm,27.255472,0.13670261,27.391739
JVASP-18115,2,Tm,28.79865,0.80355275,28.0055
JVASP-18115,3,Tm,28.79865,0.803552,28.0055
JVASP-18115,4,In,20.532032,1.178535,19.35946
JVASP-18115,5,In,20.532032,1.1785349,19.35946
JVASP-17992,0,Tm,0.0,0.18988591,0.18988591
JVASP-17992,1,In,138.97997,0.38788313,139.20381
JVASP-17992,2,In,138.97997,0.3878831,139.14108
JVASP-17992,3,In,138.97997,0.38788316,138.59581
JVASP-17851,0,Tm,0.0,0.8302512,0.8302512
JVASP-17851,1,In,0.0,0.12889856,0.12889856
JVASP-2634,0,Th,156.98698,38.230232,118.86516
JVASP-2634,1,Th,156.98698,38.230232,118.86516
JVASP-2634,2,S,14.084566,5.7180076,19.781057
JVASP-2634,3,N,4.215572,0.11420641,4.1070595
JVASP-2634,4,N,4.215572,0.11420637,4.1070595
JVASP-15139,0,Er,187.44843,0.010716767,187.45042
JVASP-15139,1,B,4.1869946,0.008085499,4.189226
JVASP-15139,2,B,4.1869946,0.008085517,4.1892266
JVASP-15139,3,Ru,129.95027,0.1460683,129.96834
JVASP-15139,4,Ru,129.95398,0.14607163,129.9538
JVASP-15139,5,Ru,129.95027,0.14606829,129.96738
JVASP-37987,0,Ac,92.77693,38.225986,80.49453
JVASP-37987,1,Ac,92.77693,38.225986,80.553856
JVASP-37987,2,Ac,92.77693,38.22599,80.49453
JVASP-37987,3,Ac,92.77693,38.225986,80.553856
JVASP-37987,4,Ac,92.77817,38.22601,81.10156
JVASP-37987,5,Ac,92.77817,38.22601,81.10156
JVASP-37987,6,Sc,8.914918,2.551463,6.430975
JVASP-37987,7,Sc,8.914918,2.5514631,6.430975
JVASP-15299,0,Y,22.574495,1.1994567,21.44787
JVASP-15299,1,Y,22.574495,1.1994556,21.447872
JVASP-15299,2,Si,1.3464028,0.4371042,0.9319988
JVASP-15299,3,Si,1.3464028,0.4371033,0.9319997
JVASP-15299,4,Si,1.3464028,0.4371042,0.9319988
JVASP-15299,5,Si,1.3464028,0.43710375,0.9319992
JVASP-15299,6,Pt,1.9571424,1.0737976,0.93945444
JVASP-15299,7,Pt,1.9571424,1.0737976,0.93945444
JVASP-15299,8,Pt,1.9571424,1.0737977,0.9394543
JVASP-15299,9,Pt,1.9571424,1.0737977,0.9394543
JVASP-19837,0,Mo,26.390802,0.11009797,26.44386
JVASP-19837,1,Mo,26.390802,0.110098004,26.44386
JVASP-19837,2,Mo,26.390802,0.11009797,26.281046
JVASP-19837,3,Mo,26.390802,0.110098004,26.281046
JVASP-19837,4,Mo,26.390802,0.11009799,26.447847
JVASP-19837,5,Mo,26.390802,0.11009796,26.447847
JVASP-19837,6,Os,0.0,0.014147091,0.014147091
JVASP-19837,7,Os,0.0,0.014147125,0.014147125
JVASP-19745,0,Tb,49.756485,0.17629597,49.600636
JVASP-19745,1,Si,23.872726,0.14247967,23.736473
JVASP-19745,2,Si,23.872726,0.14247967,23.736473
JVASP-20511,0,Tb,43.5368,0.40231907,43.339176
JVASP-20511,1,Tb,43.5368,0.40231916,43.339176
JVASP-20511,2,Tb,43.5368,0.40231967,43.34217
JVASP-20511,3,Tb,43.5368,0.40231943,43.34217
JVASP-20511,4,Si,36.447147,0.06632711,36.493343
JVASP-20511,5,Si,36.447147,0.06632712,36.493343
JVASP-20511,6,Si,36.447147,0.06632712,36.48417
JVASP-20511,7,Si,36.447147,0.066327095,36.48417
JVASP-14412,0,Si,14.737065,0.29106158,14.966856
JVASP-14412,1,Si,14.737065,0.29106155,14.966856
JVASP-14412,2,Si,20.538084,0.08328925,20.521824
JVASP-14412,3,Si,20.538084,0.08328923,20.521824
JVASP-14412,4,Si,15.907875,0.23229358,16.072515
JVASP-14412,5,Si,15.907875,0.23229367,16.072515
JVASP-14412,6,Tb,260.79745,1.3907795,262.05762
JVASP-14412,7,Tb,260.79745,1.3907797,262.05762
JVASP-14412,8,Tb,26.971283,0.3505244,26.786846
JVASP-14412,9,Tb,26.971283,0.35052434,26.786846
JVASP-20242,0,Tb,43.5368,0.40231907,43.339176
JVASP-20242,1,Tb,43.5368,0.40231922,43.339176
JVASP-20242,2,Tb,43.5368,0.40231928,43.34217
JVASP-20242,3,Tb,43.5368,0.40231967,43.34217
JVASP-20242,4,Si,36.447147,0.066327125,36.493343
JVASP-20242,5,Si,36.447147,0.06632712,36.493343
JVASP-20242,6,Si,36.447147,0.06632712,36.48417
JVASP-20242,7,Si,36.447147,0.06632711,36.48417
JVASP-76869,0,Y,228.05269,0.0760488,228.04587
JVASP-76869,1,Y,228.05269,0.0760488,228.04587
JVASP-76869,2,Tl,479.88083,0.08550676,479.87268
JVASP-76869,3,Cu,50.48474,0.15947184,50.438484
JVASP-23865,0,Sr,4.293139,1.8467914,2.4765537
JVASP-23865,1,Sr,4.293139,1.8467926,2.4765525
JVASP-23865,2,Cl,19.732273,0.052973878,19.688013
JVASP-23865,3,Cl,19.732273,0.05297391,19.688013
JVASP-23865,4,F,5.699146,9.304032,3.6437595
JVASP-23865,5,F,5.699146,9.304031,3.6437583
JVASP-22525,0,Sr,4.293139,1.8467925,2.4765527
JVASP-22525,1,Sr,4.293139,1.8467913,2.476554
JVASP-22525,2,Cl,19.732273,0.052973907,19.688013
JVASP-22525,3,Cl,19.732273,0.052973907,19.688013
JVASP-22525,4,F,5.699146,9.304032,3.6437595
JVASP-22525,5,F,5.699146,9.30403,3.6437573
JVASP-65533,0,Ba,79.459,68.9947,10.570982
JVASP-65533,1,Sn,377.84848,0.59672356,377.26337
JVASP-65533,2,Sn,377.84848,0.5967246,377.26337
JVASP-65533,3,Se,89.724815,21.163843,68.62833
JVASP-65689,0,Ba,79.43042,68.95891,10.57797
JVASP-65689,1,Sn,377.75784,0.5972239,377.1722
JVASP-65689,2,Sn,377.75784,0.5972231,377.1722
JVASP-65689,3,Se,89.676636,21.148064,68.59597
JVASP-65697,0,Ba,79.402664,68.96301,10.5464
JVASP-65697,1,Sn,377.76273,0.59704196,377.1773
JVASP-65697,2,Sn,377.76273,0.59704155,377.1773
JVASP-65697,3,Se,89.60724,21.128084,68.54658
JVASP-39061,0,Sm,7.723242,5.134517,2.6084514
JVASP-39061,1,Ho,7.9281816,1.2658778,6.6662436
JVASP-39061,2,Ho,7.9281816,1.2658781,6.666243
JVASP-39061,3,Ho,16.761042,1.2438806,17.991806
JVASP-37335,0,Sm,10.09598,16.231577,22.89626
JVASP-37335,1,Sm,10.09598,16.231577,6.228724
JVASP-37335,2,Sm,10.09598,16.231579,23.089893
JVASP-37335,3,Ho,0.0,6.2660403,6.2660403
JVASP-37454,0,Sm,38.927685,19.360151,20.984549
JVASP-37454,1,Sm,38.927723,19.36081,21.48592
JVASP-37454,2,Sm,38.927723,19.36081,20.926455
JVASP-37454,3,Sm,38.927685,19.360155,20.984547
JVASP-37454,4,Sm,38.927723,19.360813,21.485916
JVASP-37454,5,Sm,38.927723,19.360817,20.926449
JVASP-37454,6,Ho,37.59232,7.377714,30.258945
JVASP-37454,7,Ho,37.59232,7.377714,30.258945
JVASP-39026,0,Sm,2.750777,16.318895,19.061436
JVASP-39026,1,Sm,2.750777,16.318895,19.061436
JVASP-39026,2,Sm,21.104803,16.275358,5.0725274
JVASP-39026,3,Sm,2.750777,16.3189,19.061438
JVASP-39026,4,Sm,2.750777,16.318895,19.061434
JVASP-39026,5,Sm,21.104803,16.275362,5.0725255
JVASP-39026,6,Ho,3.905303,6.3058047,10.203172
JVASP-39026,7,Ho,3.905303,6.3058033,10.20317
JVASP-29808,0,Mn,47.389145,0.064551674,47.42187
JVASP-29808,1,H,46.373478,0.01741784,46.359447
JVASP-29808,2,H,46.366707,0.017415853,46.352684
JVASP-29808,3,O,132.15549,0.029609382,132.13007
JVASP-29808,4,O,132.15181,0.029601242,132.1264
JVASP-29860,0,Mn,45.941753,0.043554608,45.958057
JVASP-29860,1,H,46.282215,0.011740818,46.283733
JVASP-29860,2,H,46.282597,0.011740817,46.284115
JVASP-29860,3,O,136.8182,0.01520743,136.80951
JVASP-29860,4,O,136.81691,0.015207447,136.8082
JVASP-54765,0,Mn,9.958631,0.044588096,9.950882
JVASP-54765,1,Mn,9.958631,0.044588085,9.949736
JVASP-54765,2,H,26.819849,0.050690025,26.804932
JVASP-54765,3,H,26.819849,0.050690033,26.821651
JVASP-54765,4,O,66.95941,0.09608032,66.947495
JVASP-54765,5,O,71.930466,0.10119165,71.95634
JVASP-54765,6,O,71.930466,0.10119164,71.934166
JVASP-54765,7,O,66.95941,0.09608026,66.96179
JVASP-79451,0,Mn,30.57305,0.47351143,30.480078
JVASP-79451,1,H,22.014563,0.1315856,21.95479
JVASP-79451,2,O,80.02344,0.41392305,80.27012
JVASP-79451,3,O,40.396168,0.6535926,40.691315
JVASP-8641,0,Mn,25.413048,36.080505,10.702845
JVASP-8641,1,H,48.563583,0.35378134,48.212727
JVASP-8641,2,H,48.563583,0.3537814,48.212727
JVASP-8641,3,O,141.36496,0.07054125,141.43138
JVASP-8641,4,O,141.36496,0.0705412,141.43138
JVASP-29807,0,Mn,85.05975,0.02243551,85.03987
JVASP-29807,1,H,29.359585,0.17187212,29.19067
JVASP-29807,2,H,47.53031,0.05365173,47.47892
JVASP-29807,3,O,143.7479,0.014569304,143.75197
JVASP-29807,4,O,125.06401,0.07496947,124.99281
JVASP-2574,0,O,144.53989,0.07543653,144.59688
JVASP-2574,1,O,144.53989,0.07543646,144.59688
JVASP-2574,2,O,144.53989,0.075436436,144.59702
JVASP-2574,3,O,144.53989,0.07543657,144.59702
JVASP-2574,4,Cu,112.27573,0.075523436,112.21733
JVASP-2574,5,Cu,112.27573,0.075523436,112.21733
JVASP-2574,6,Rb,35.774673,0.052431077,35.794796
JVASP-2574,7,Rb,35.77419,0.05243105,35.794315
JVASP-38323,0,Rb,0.0,0.01155817,0.01155817
JVASP-38323,1,Cu,0.0,0.15401752,0.15401752
JVASP-38323,2,O,152.56973,0.08813897,152.48688
JVASP-38323,3,O,152.56973,0.08813896,152.58978
JVASP-38323,4,O,152.56973,0.08813895,152.6326
JVASP-17197,0,Y,19.7286,0.09984773,19.828217
JVASP-17197,1,Y,19.7286,0.09984771,19.828217
JVASP-17197,2,Cu,7.9608517,0.5027108,8.456094
JVASP-17197,3,Cu,7.9608517,0.50271064,8.456094
JVASP-17197,4,Sn,91.880356,0.17495283,92.04737
JVASP-17197,5,Sn,91.880356,0.17495285,92.04737
JVASP-15648,0,Pr,242.81628,192.3446,50.852898
JVASP-15648,1,Pr,242.81628,192.3446,50.852898
JVASP-15648,2,Si,31.140364,13.983642,17.4533
JVASP-15648,3,Si,31.140364,13.98364,17.453304
JVASP-15648,4,Si,31.140364,13.98364,17.453304
JVASP-15648,5,Si,31.140364,13.98364,17.453304
JVASP-15648,6,Os,237.79565,122.52766,115.70953
JVASP-15648,7,Os,237.79565,122.52765,115.70954
JVASP-15648,8,Os,237.79565,122.527664,115.70952
JVASP-15648,9,Os,237.79565,122.52766,115.70953
JVASP-18198,0,Ta,132.2994,181.24059,49.030293
JVASP-18198,1,In,72.3616,0.04266169,72.40407
JVASP-18198,2,S,5.970631,0.027253216,5.9443264
JVASP-18198,3,S,5.970631,0.027253212,5.9443264
JVASP-66721,0,Be,6.7569203,0.37615383,6.3839617
JVASP-66721,1,Fe,12.7994,0.5718093,12.232782
JVASP-66721,2,Tc,81.33531,0.080295146,81.38373
JVASP-22421,0,K,18.94404,0.18644574,18.850414
JVASP-22421,1,K,18.94404,0.1864458,18.794855
JVASP-22421,2,Al,30.247116,0.11120787,30.138609
JVASP-22421,3,F,67.541245,0.10300523,67.50905
JVASP-22421,4,F,67.541245,0.103005245,67.493515
JVASP-22421,5,F,67.541245,0.10300523,67.493515
JVASP-22421,6,F,122.898254,0.3009932,122.60224
JVASP-22421,7,F,67.541245,0.1030052,67.50905
JVASP-22558,0,K,10.327866,0.16217564,10.167499
JVASP-22558,1,Al,26.686375,0.03491689,26.659698
JVASP-22558,2,F,63.08171,0.050648715,63.114056
JVASP-22558,3,F,63.08171,0.05064874,63.11406
JVASP-22558,4,F,135.03008,0.900622,135.57388
JVASP-22558,5,F,135.03008,0.90062183,135.43347
JVASP-15274,0,C,46.866894,0.14134635,46.83312
JVASP-15274,1,C,46.867264,0.1413457,46.832497
JVASP-15274,2,Co,102.782845,0.9677964,102.32042
JVASP-15274,3,Dy,59.848377,0.18871431,59.907806
JVASP-17679,0,Dy,91.61255,0.120832674,91.4995
JVASP-17679,1,Dy,91.61255,0.12083269,91.4995
JVASP-17679,2,Co,119.99254,0.19593382,119.987404
JVASP-17679,3,Co,119.99254,0.1959338,120.149826
JVASP-17679,4,C,47.64322,1.1361346,46.969044
JVASP-17679,5,C,47.64322,1.1361343,47.166794
JVASP-15018,0,Th,123.07298,0.57275206,123.643814
JVASP-15018,1,Fe,38.43077,1.8270533,39.05497
JVASP-15018,2,Fe,67.72758,1.3063651,66.43387
JVASP-15018,3,Fe,67.72758,1.3063653,66.43387
JVASP-15018,4,Fe,38.434456,1.8270735,38.822216
JVASP-15018,5,Fe,38.434456,1.8270723,38.912983
JVASP-78519,0,Th,405.64285,0.113412365,405.67978
JVASP-78519,1,Th,405.64285,0.1134124,405.67978
JVASP-78519,2,Fe,44.21737,0.019333517,44.20014
JVASP-78519,3,Fe,44.21737,0.019333504,44.20014
JVASP-78519,4,Fe,44.21737,0.01933349,44.20014
JVASP-78519,5,Fe,44.21737,0.0193335,44.20014
JVASP-41506,0,Zn,34.86604,0.07124333,34.93354
JVASP-41506,1,Zn,34.86604,0.07124332,34.93354
JVASP-41506,2,Zn,70.83516,0.072428375,70.76685
JVASP-41506,3,Zn,34.86604,0.07124329,34.93354
JVASP-41506,4,Zn,34.86604,0.071243286,34.93354
JVASP-41506,5,Zn,70.83516,0.07242835,70.76685
JVASP-41506,6,Ir,126.494095,0.03800016,126.52966
JVASP-41506,7,Ir,126.494095,0.038000174,126.52966
JVASP-35975,0,Li,0.19272432,0.088642515,0.13895318
JVASP-35975,1,Sc,0.70178634,0.10940197,0.62119967
JVASP-35975,2,S,3.274968,0.3697873,2.9558494
JVASP-35975,3,S,3.274968,0.36978716,2.9558494
JVASP-14202,0,S,65.97361,15.86532,53.026054
JVASP-14202,1,S,65.97361,15.865321,53.02605
JVASP-14202,2,S,65.97361,15.865323,52.715897
JVASP-14202,3,S,65.97361,15.865325,52.715897
JVASP-14202,4,S,62.45882,14.97841,73.7654
JVASP-14202,5,S,62.45882,14.978415,73.7654
JVASP-14202,6,Fe,50.75795,1.4064894,49.82863
JVASP-14202,7,Fe,50.75795,1.4064888,49.877934
JVASP-14202,8,U,283.18954,51.065098,306.1992
JVASP-14202,9,U,283.18954,51.065105,306.1992
JVASP-35393,0,Co,23.021084,2.617262,22.198416
JVASP-35393,1,Co,23.021084,2.6172621,22.198416
JVASP-35393,2,Ni,23.337337,0.5743218,22.891626
JVASP-35393,3,Se,93.82247,6.536698,98.66501
JVASP-35393,4,Se,93.82247,6.5366993,98.66501
JVASP-35393,5,Se,111.7502,1.7721894,110.556076
JVASP-35393,6,Se,111.7502,1.7721893,110.556076
JVASP-35481,0,Co,21.03637,0.4827662,21.51213
JVASP-35481,1,Ni,8.402441,2.1784124,7.182893
JVASP-35481,2,Ni,8.402441,2.1784127,7.182893
JVASP-35481,3,Se,85.38235,0.9881304,85.47154
JVASP-35481,4,Se,85.38235,0.9881308,85.47154
JVASP-35481,5,Se,71.866516,0.75720644,71.37858
JVASP-35481,6,Se,71.866516,0.7572068,71.37858
JVASP-49765,0,Ho,70.317505,33.63901,36.775066
JVASP-49765,1,Ho,70.317505,33.639008,36.77507
JVASP-49765,2,Cu,4.776508,0.47020885,4.307094
JVASP-49765,3,O,151.60977,0.21383382,151.57704
JVASP-49765,4,O,6.0085983,1.5533211,4.4626884
JVASP-49765,5,O,151.60977,0.21383382,151.45782
JVASP-49765,6,O,6.0085983,1.5533212,4.4626884
JVASP-49817,0,Ho,249.93246,93.25816,156.88857
JVASP-49817,1,Cu,90.90669,86.750786,4.3200583
JVASP-49817,2,O,59.22213,4.7882032,54.46589
JVASP-49817,3,O,59.22213,4.788203,54.46589
JVASP-4879,0,Mg,1.2168221,0.026235647,1.2297525
JVASP-4879,1,Al,30.55171,0.6089522,29.964571
JVASP-4879,2,Al,30.55171,0.608952,29.964571
JVASP-4879,3,S,93.70854,0.92358977,92.85134
JVASP-4879,4,S,93.70854,0.9235895,92.85134
JVASP-4879,5,S,97.27221,0.04860091,97.228386
JVASP-4879,6,S,97.27221,0.04860093,97.228386
JVASP-45967,0,Dy,27.162392,67.88209,40.740482
JVASP-45967,1,Dy,27.162392,67.88209,40.740482
JVASP-45967,2,Dy,27.162392,67.88208,40.740482
JVASP-45967,3,Dy,27.162392,67.88208,40.740482
JVASP-45967,4,S,18.496098,0.2949051,18.777006
JVASP-45967,5,S,18.496098,0.29490522,18.777006
JVASP-45967,6,O,16.391985,2.7388687,19.11867
JVASP-45967,7,O,16.391985,2.7388694,19.11867
JVASP-45967,8,O,16.391985,2.7388694,19.11867
JVASP-45967,9,O,16.391985,2.7388697,19.11867
JVASP-7752,0,Dy,30.767225,55.413532,24.662422
JVASP-7752,1,Dy,30.767225,55.413532,24.662422
JVASP-7752,2,S,16.851265,0.05702783,16.814884
JVASP-7752,3,O,17.987827,2.4783785,20.454533
JVASP-7752,4,O,17.987827,2.478379,20.454535
JVASP-82108,0,Sc,5.375241,0.05602643,5.3476267
JVASP-82108,1,Sc,5.375241,0.056026597,5.3476267
JVASP-82108,2,Sc,5.375241,0.056026574,5.3476267
JVASP-82108,3,Sc,5.375241,0.056026634,5.3476267
JVASP-82108,4,Al,41.1088,0.27111235,41.14473
JVASP-82108,5,Al,41.1088,0.27111244,41.14473
JVASP-82108,6,Au,152.37367,0.09834728,152.36018
JVASP-82108,7,Au,152.37367,0.098347254,152.36018
JVASP-85110,0,Sc,5.9319954,0.05468664,5.982807
JVASP-85110,1,Sc,5.9319954,0.05468659,5.982807
JVASP-85110,2,Sc,5.9319954,0.05468664,5.982807
JVASP-85110,3,Sc,5.9319954,0.054686666,5.982807
JVASP-85110,4,Al,41.448124,0.26906878,41.182037
JVASP-85110,5,Al,41.448124,0.2690688,41.182037
JVASP-85110,6,Au,158.36115,0.098131955,158.45859
JVASP-85110,7,Au,158.36115,0.09813191,158.45859
JVASP-16933,0,Ti,0.055521768,0.082723744,0.02960785
JVASP-16933,1,Al,0.0016329931,0.08752103,0.08914596
JVASP-16933,2,O,26.73006,0.07413662,26.703203
JVASP-16933,3,O,26.73006,0.07413665,26.685331
JVASP-16933,4,O,26.723118,0.07415582,26.794834
JVASP-43075,0,Ti,11.109672,0.16786245,11.099044
JVASP-43075,1,Ti,11.109672,0.16786247,11.099044
JVASP-43075,2,Al,6.5311384,0.2976084,6.8247766
JVASP-43075,3,Al,6.5311384,0.29760852,6.8247766
JVASP-43075,4,O,41.59156,0.05469134,41.593483
JVASP-43075,5,O,38.19534,0.04302756,38.193752
JVASP-43075,6,O,35.4692,0.038368933,35.480057
JVASP-43075,7,O,35.4692,0.038368996,35.480057
JVASP-43075,8,O,38.19534,0.04302746,38.193752
JVASP-43075,9,O,41.59156,0.054691337,41.593483
JVASP-64907,0,Be,9.173339,0.3556399,9.526932
JVASP-64907,1,Be,3.561558,0.36109942,3.2028947
JVASP-64907,2,Be,9.173339,0.35563976,9.526932
JVASP-64907,3,Be,3.561558,0.36109948,3.2028947
JVASP-64907,4,Tl,154.97269,0.1302723,154.84398
JVASP-64907,5,Tl,154.97269,0.13027225,154.84398
JVASP-64907,6,Ir,101.355804,0.07997802,101.27992
JVASP-64907,7,Ir,101.355804,0.079978056,101.27992
JVASP-35321,0,U,166.80658,0.012320103,166.81139
JVASP-35321,1,Al,18.993345,1.4302726,17.573816
JVASP-35321,2,Al,18.993345,1.4302723,17.573816
JVASP-35321,3,Cu,12.483877,0.11470717,12.422888
JVASP-35321,4,Cu,12.507086,0.11470656,12.451789
JVASP-35321,5,Cu,12.507086,0.114706546,12.4548025
JVASP-3231,0,Ba,59.065773,27.782804,31.495491
JVASP-3231,1,Ba,59.065773,27.7828,31.495495
JVASP-3231,2,Li,3.9461277,5.034149,1.1266713
JVASP-3231,3,Li,3.9461277,5.034154,1.1266758
JVASP-3231,4,P,7.263962,5.512604,12.774883
JVASP-3231,5,P,7.263962,5.512604,12.774883
JVASP-7661,0,Ba,143.64543,36.386166,107.40145
JVASP-7661,1,Li,4.30498,2.77,1.5734597
JVASP-7661,2,P,14.924741,5.817481,20.736189
JVASP-38949,0,Tb,0.0,0.13666846,0.13666846
JVASP-38949,1,Y,5.0459485,2.45971,4.2757435
JVASP-38949,2,Y,5.0459485,2.4597092,4.4661226
JVASP-38949,3,Y,5.045949,2.4597106,7.503805
JVASP-78998,0,Tb,4.385403,0.13602771,4.511108
JVASP-78998,1,Tb,4.385403,0.13602757,4.511108
JVASP-78998,2,Y,1.7726141,2.4656413,0.70004225
JVASP-78998,3,Y,1.7726141,2.465641,0.700042
JVASP-78998,4,Y,6.9638987,2.4632459,9.425109
JVASP-78998,5,Y,1.7726141,2.4656405,0.70004165
JVASP-78998,6,Y,1.7726141,2.4656415,0.70004255
JVASP-78998,7,Y,6.9638987,2.4632454,9.425108
JVASP-18669,0,Sc,59.12109,0.01104526,59.122192
JVASP-18669,1,Sc,59.122795,0.0110452855,59.121483
JVASP-18669,2,Sc,59.12109,0.011045231,59.122192
JVASP-18669,3,Sc,59.122795,0.011045278,59.121483
JVASP-18669,4,Co,42.0499,0.029112892,42.045677
JVASP-18669,5,Co,42.0499,0.029112827,42.045677
JVASP-20627,0,Sc,0.0,0.011138876,0.011138876
JVASP-20627,1,Co,0.0,0.010654551,0.010654551
JVASP-20435,0,Sc,0.0,0.011138876,0.011138876
JVASP-20435,1,Co,0.0,0.010654551,0.010654551
JVASP-36881,0,Rb,10.904918,0.12075627,10.847328
JVASP-36881,1,Sr,1.1977729,0.04141321,1.1824763
JVASP-36881,2,Cl,13.412004,0.084494285,13.493609
JVASP-36881,3,Cl,15.153809,0.13143386,15.148806
JVASP-36881,4,Cl,15.123584,0.07384165,15.159509
JVASP-36994,0,Rb,9.889017,0.15267104,9.792703
JVASP-36994,1,Rb,9.889333,0.15267041,9.793022
JVASP-36994,2,Sr,7.762071,0.089859374,7.817348
JVASP-36994,3,Sr,7.7618957,0.08986041,7.81717
JVASP-36994,4,Cl,15.632246,0.06918445,15.641365
JVASP-36994,5,Cl,15.632063,0.06918253,15.623678
JVASP-36994,6,Cl,15.63143,0.06918328,15.650309
JVASP-36994,7,Cl,15.631298,0.069183454,15.640418
JVASP-36994,8,Cl,15.63143,0.06918552,15.650308
JVASP-36994,9,Cl,15.632368,0.06918452,15.623983
JVASP-36666,0,Rh,4.383694,0.025413381,4.3691287
JVASP-36666,1,Zr,0.34464476,0.065555856,0.32408196
JVASP-7997,0,Zr,0.0,0.048305966,0.048305966
JVASP-7997,1,Rh,48.5595,0.08637638,48.484978
JVASP-7997,2,Rh,48.5595,0.086376406,48.59145
JVASP-7997,3,Rh,48.5595,0.08637629,48.60222
JVASP-8024,0,Zr,0.0,0.037662297,0.037662297
JVASP-8024,1,Rh,0.0,0.009051116,0.009051116
JVASP-4597,0,K,37.17958,0.27458036,37.452206
JVASP-4597,1,K,37.17958,0.27458042,37.452206
JVASP-4597,2,Hf,52.92082,0.07627978,52.846725
JVASP-4597,3,F,106.0156,0.12692359,105.918205
JVASP-4597,4,F,106.01813,0.12692381,105.92357
JVASP-4597,5,F,106.0156,0.12692364,105.94242
JVASP-4597,6,F,93.09676,0.032769352,93.11453
JVASP-4597,7,F,93.09811,0.032770272,93.11988
JVASP-4597,8,F,93.09676,0.032769367,93.11666
JVASP-15482,0,Si,0.14956604,0.4383644,0.58478224
JVASP-15482,1,Si,0.14956604,0.43836406,0.5847819
JVASP-15482,2,Yb,68.69349,28.42427,54.176014
JVASP-15482,3,Pt,18.118958,0.81182593,18.604961
JVASP-15482,4,Pt,18.118958,0.81182605,18.604961
JVASP-35401,0,Rb,21.042555,0.25074813,20.824068
JVASP-35401,1,Rb,21.042555,0.2507481,20.948397
JVASP-35401,2,Pd,149.10861,16.695127,165.73001
JVASP-35401,3,Cl,226.9884,0.5954885,227.24895
JVASP-35401,4,Cl,226.9884,0.5954889,227.24895
JVASP-35401,5,Cl,226.9884,0.59548813,227.22849
JVASP-35401,6,Cl,226.9884,0.5954885,227.22849
JVASP-81345,0,In,239.72166,4.3466635,237.1908
JVASP-81345,1,In,239.72166,4.3466635,237.1908
JVASP-81345,2,Fe,26.133053,0.9987544,26.256151
JVASP-81345,3,Fe,26.133053,0.99875486,26.256151
JVASP-81345,4,Rh,88.09104,0.8644059,88.41742
JVASP-81345,5,Rh,88.09104,0.8644062,88.41742
JVASP-81345,6,Rh,88.09104,0.86440575,88.41742
JVASP-81345,7,Rh,88.09104,0.86440575,88.41742
JVASP-80458,0,Sc,30.254105,0.021150729,30.251507
JVASP-80458,1,Sc,30.254105,0.021150703,30.251507
JVASP-80458,2,Ga,112.14683,0.025996633,112.14635
JVASP-80458,3,Hg,49.980602,0.1521847,49.984135
JVASP-3369,0,O,84.62704,0.6322443,84.30376
JVASP-3369,1,O,84.62716,0.63224566,85.18296
JVASP-3369,2,O,84.62719,0.6322453,84.49886
JVASP-3369,3,O,84.627106,0.63223493,84.56621
JVASP-3369,4,K,74.03909,1.2093245,74.32968
JVASP-3369,5,K,74.03909,1.2093246,74.32968
JVASP-3369,6,K,46.16987,1.5066347,45.860886
JVASP-3369,7,Mn,12.075366,4.2406197,13.67095
JVASP-79450,0,K,70.3656,0.05867537,70.34056
JVASP-79450,1,K,70.3656,0.05867536,70.34057
JVASP-79450,2,Mn,88.30749,0.07836594,88.30451
JVASP-79450,3,Mn,88.30749,0.07836598,88.30451
JVASP-79450,4,O,33.982956,0.8029608,33.472424
JVASP-79450,5,O,33.982956,0.80296063,33.472424
JVASP-79450,6,O,33.982956,0.80296075,33.472424
JVASP-79450,7,O,33.982956,0.8029608,33.472424
JVASP-7912,0,Sr,108.84961,44.964886,64.052155
JVASP-7912,1,Sr,108.84961,44.964878,64.05216
JVASP-7912,2,Ge,110.25235,74.76933,35.737858
JVASP-7912,3,Ge,110.25235,74.769325,35.73786
JVASP-7912,4,Ge,110.25235,74.76934,35.73785
JVASP-7912,5,Ge,110.25235,74.76933,35.737858
JVASP-7912,6,Ru,94.31923,79.34291,15.40437
JVASP-7912,7,Ru,94.31923,79.3429,15.404378
JVASP-7912,8,Ru,94.31923,79.34291,15.40437
JVASP-7912,9,Ru,94.31923,79.34291,15.40437
JVASP-37620,0,Sm,0.0,0.012031925,0.012031925
JVASP-37620,1,Pu,0.0,6.7406516,6.7406516
JVASP-37620,2,O,59.42625,0.08452931,59.39123
JVASP-37620,3,O,59.42625,0.08452929,59.379772
JVASP-37620,4,O,59.426254,0.084529296,59.507854
JVASP-49783,0,Y,34.375324,63.671608,29.346155
JVASP-49783,1,Y,34.375324,63.671608,29.346155
JVASP-49783,2,Cu,8.1625185,1.522461,6.64811
JVASP-49783,3,O,153.31068,0.22476342,153.26895
JVASP-49783,4,O,7.155776,5.3527822,1.8882093
JVASP-49783,5,O,153.31068,0.22476332,153.15923
JVASP-49783,6,O,7.155776,5.352783,1.8882083
JVASP-8028,0,Y,131.80092,93.29238,38.805244
JVASP-8028,1,Y,131.80092,93.29238,38.805244
JVASP-8028,2,Cu,91.56479,83.14081,8.503888
JVASP-8028,3,Cu,91.56479,83.14081,8.503888
JVASP-8028,4,O,59.776123,9.119538,50.692764
JVASP-8028,5,O,59.776123,9.119539,50.692764
JVASP-8028,6,O,59.776123,9.119539,50.692764
JVASP-8028,7,O,59.776123,9.119539,50.692764
JVASP-8116,0,O,59.869587,9.287629,51.98484
JVASP-8116,1,O,59.869587,9.287629,51.98484
JVASP-8116,2,Cu,91.3581,83.75934,51.396725
JVASP-8116,3,Y,131.38934,93.24003,71.41592
JVASP-8258,0,Y,0.0,0.13496268,0.13496268
JVASP-8258,1,Cu,0.0,0.18351206,0.18351206
JVASP-8258,2,O,136.21368,0.079957426,136.2889
JVASP-8258,3,O,136.21368,0.0799575,136.19757
JVASP-8258,4,O,136.21368,0.079957455,136.1546
JVASP-8362,0,Y,131.39032,93.241325,62.589943
JVASP-8362,1,Cu,91.33859,83.7166,42.9893
JVASP-8362,2,O,59.87298,9.279366,51.515434
JVASP-8362,3,O,59.87298,9.279364,51.515434
JVASP-17219,0,Nd,124.68275,0.10066384,124.66808
JVASP-17219,1,Nd,124.68275,0.100663856,124.66808
JVASP-17219,2,Nd,124.68275,0.10066391,124.68433
JVASP-17219,3,Nd,124.68275,0.10066379,124.68433
JVASP-17219,4,Cu,51.744465,1.2132049,52.624622
JVASP-17219,5,Cu,51.744465,1.2132051,52.624622
JVASP-17219,6,Cu,51.744465,1.2132047,52.624077
JVASP-17219,7,Cu,51.744465,1.2132049,52.624077
JVASP-7707,0,Nd,122.81864,0.010510625,122.81801
JVASP-7707,1,Cu,38.485157,0.124965355,38.36193
JVASP-7707,2,Cu,38.485157,0.12496538,38.36193
JVASP-7707,3,Cu,53.50069,0.15016018,53.55583
JVASP-7707,4,Cu,53.495747,0.15015987,53.545837
JVASP-7707,5,Cu,53.495747,0.1501599,53.541473
JVASP-14713,0,Ni,22.840675,0.08673857,22.862143
JVASP-14713,1,Ni,22.840675,0.086738616,22.862143
JVASP-14713,2,Zn,16.281757,0.025436608,16.288551
JVASP-14713,3,Zn,16.281757,0.025436616,16.288551
JVASP-19728,0,Zn,0.0,0.019117901,0.019117901
JVASP-19728,1,Ni,0.0,0.045877036,0.045877036
JVASP-56934,0,Zn,0.0028284274,10.288173,10.288067
JVASP-56934,1,Ni,0.018384777,3.7786837,3.7724943
JVASP-78987,0,Zn,0.0,0.116528206,0.116528206
JVASP-78987,1,Ni,9.802041,0.041960634,9.843114
JVASP-78987,2,Ni,9.802041,0.041960623,9.785518
JVASP-78987,3,Ni,9.802041,0.041960616,9.777632
JVASP-79360,0,Zn,0.46297947,0.2022685,0.65235084
JVASP-79360,1,Ni,2.7017884,0.043156404,2.675231
JVASP-79360,2,Ni,2.7017884,0.04315637,2.675231
JVASP-79360,3,Ni,9.094956,0.039720315,9.0722
JVASP-79370,0,Zn,21.787395,0.07720275,21.861807
JVASP-79370,1,Zn,21.787395,0.077202775,21.861807
JVASP-79370,2,Zn,33.06811,0.07899637,32.992004
JVASP-79370,3,Ni,16.911285,0.17805319,17.088385
JVASP-29747,0,Ga,65.03926,0.21107875,65.24665
JVASP-29747,1,Ga,65.03926,0.21107882,65.24665
JVASP-29747,2,Fe,26.566383,0.12163292,26.677866
JVASP-29747,3,Fe,26.566383,0.12163287,26.677866
JVASP-29747,4,S,77.61975,2.44786,75.28238
JVASP-29747,5,S,131.98308,2.430977,134.31934
JVASP-29747,6,S,77.61975,2.4478598,75.28238
JVASP-29747,7,S,131.98308,2.4309776,134.31934
JVASP-29747,8,S,44.14219,0.25949097,44.39772
JVASP-8445,0,Ga,66.94456,0.4715166,67.407104
JVASP-8445,1,Ga,66.94456,0.47151637,67.407104
JVASP-8445,2,Fe,56.89185,0.2906379,56.607643
JVASP-8445,3,S,141.10368,0.33140698,141.40865
JVASP-8445,4,S,141.10368,0.33140692,141.40865
JVASP-8445,5,S,86.727455,2.4824426,84.28013
JVASP-8445,6,S,86.727455,2.4824417,84.28013
JVASP-10222,0,O,145.5827,0.24141884,145.58586
JVASP-10222,1,O,145.5827,0.2414188,145.58586
JVASP-10222,2,O,145.58263,0.2414188,145.39528
JVASP-10222,3,O,145.58263,0.24141884,145.39528
JVASP-10222,4,O,176.54227,0.14783072,176.65346
JVASP-10222,5,O,176.54227,0.14783074,176.65346
JVASP-10222,6,Cd,115.686325,0.040201746,115.70558
JVASP-10222,7,Pt,240.79385,0.18158267,240.86877
JVASP-10222,8,Pt,281.36533,0.09030742,281.4057
JVASP-10222,9,Pt,240.79352,0.18158261,240.63785
JVASP-85702,0,Sr,20.970081,0.025940126,20.949184
JVASP-85702,1,Al,25.4453,0.028926942,25.465376
JVASP-85702,2,Al,25.4453,0.0289269,25.465376
JVASP-85702,3,H,6.760592,0.45166004,6.3107357
JVASP-85702,4,H,6.760592,0.4516601,6.3107357
JVASP-35510,0,Zr,28.475319,0.09042718,28.386478
JVASP-35510,1,Ga,147.35931,0.09807832,147.36783
JVASP-35510,2,Ga,147.35931,0.09807838,147.36783
JVASP-35510,3,Ga,147.35931,0.09807828,147.39906
JVASP-35510,4,Ga,147.35931,0.09807837,147.39906
JVASP-35510,5,Ga,70.116646,0.049381264,70.068436
JVASP-35510,6,Co,9.908186,0.7858357,10.690288
JVASP-3522,0,Cl,172.17346,7.5443883,176.82689
JVASP-3522,1,Cl,172.17253,7.5443926,168.55125
JVASP-3522,2,Cl,172.17287,7.544386,176.57887
JVASP-3522,3,Cl,172.17232,7.5443916,168.23634
JVASP-3522,4,Zn,1.8796366,0.04668536,1.9201808
JVASP-3522,5,Zn,1.8796366,0.046685345,1.9201807
JVASP-12129,0,Zn,4.631985,0.061194286,4.5769396
JVASP-12129,1,Zn,4.631985,0.06119433,4.576939
JVASP-12129,2,Cl,172.81686,1.0109631,172.62228
JVASP-12129,3,Cl,172.81686,1.0109637,172.62228
JVASP-12129,4,Cl,172.81686,1.0109637,172.77435
JVASP-12129,5,Cl,172.81686,1.0109649,172.77435
JVASP-15217,0,Ce,147.316,0.010661516,147.3177
JVASP-15217,1,Ga,69.94978,0.486585,70.4354
JVASP-15217,2,Ga,69.94992,0.48658,70.42455
JVASP-15217,3,Ga,69.94992,0.48657998,70.424
JVASP-15217,4,Pd,45.834854,0.008497626,45.836414
JVASP-15217,5,Pd,45.834854,0.008497625,45.836414
JVASP-55155,0,Ce,44.17165,0.08015438,44.09694
JVASP-55155,1,Ga,36.96525,1.3296422,38.286198
JVASP-55155,2,Ga,66.05025,0.12665372,65.9712
JVASP-55155,3,Ga,36.96525,1.3296423,38.286198
JVASP-55155,4,Ga,66.05025,0.1266537,66.142006
JVASP-55155,5,Ga,66.05025,0.12665373,65.9712
JVASP-55155,6,Ga,66.05025,0.12665375,66.142006
JVASP-55155,7,Pd,22.291172,0.23989865,22.055458
JVASP-16920,0,Al,0.00244949,0.07377655,0.07597796
JVASP-16920,1,Ni,0.03674235,0.1135178,0.07721856
JVASP-16920,2,O,132.50024,0.2806236,132.28122
JVASP-16920,3,O,132.50024,0.28062358,132.46158
JVASP-16920,4,O,132.48392,0.2805781,132.74211
JVASP-11284,0,Al,22.792503,0.09356885,22.874119
JVASP-11284,1,Al,22.792503,0.09356861,22.874119
JVASP-11284,2,Ni,40.76523,0.084005795,40.68573
JVASP-11284,3,Ni,40.76523,0.08400585,40.68573
JVASP-11284,4,O,59.558933,0.22866324,59.769478
JVASP-11284,5,O,59.558933,0.2286634,59.769478
JVASP-11284,6,O,59.558933,0.22866319,59.769478
JVASP-11284,7,O,59.558933,0.22866336,59.769478
JVASP-11284,8,O,233.74503,0.62086624,233.15776
JVASP-11284,9,O,233.74503,0.6208661,233.15776
JVASP-15894,0,Yb,0.0,0.014219212,0.014219212
JVASP-15894,1,B,0.0,0.118177556,0.118177556
JVASP-15894,2,Pd,118.88518,0.024983678,118.86699
JVASP-15894,3,Pd,118.88518,0.024983678,118.896225
JVASP-15894,4,Pd,118.88517,0.024983672,118.892296
JVASP-14924,0,Hf,67.946396,0.018493203,67.93007
JVASP-14924,1,Co,28.452843,0.0203688,28.436863
JVASP-14924,2,Co,28.452509,0.020368755,28.4423
JVASP-14924,3,Co,28.452509,0.020368723,28.443855
JVASP-14924,4,B,12.293989,0.06407272,12.356421
JVASP-14924,5,B,12.293989,0.06407272,12.356421
JVASP-67092,0,Be,1.5448115,1.4518118,2.9916148
JVASP-67092,1,Be,1.5448115,1.4518121,2.9916148
JVASP-67092,2,Te,268.8119,1.1516972,267.69235
JVASP-67092,3,Mo,81.44798,0.019643713,81.43747
JVASP-8724,0,Mg,40.218174,0.029958941,40.241585
JVASP-8724,1,Mg,40.218174,0.029958941,40.241585
JVASP-8724,2,Mg,13.796751,0.05184206,13.750106
JVASP-8724,3,Mg,13.796751,0.051842064,13.750106
JVASP-8724,4,Mg,13.796751,0.0518421,13.750106
JVASP-8724,5,Mg,13.796751,0.051842082,13.750106
JVASP-8724,6,Ir,29.501654,0.019790359,29.488045
JVASP-8724,7,Ir,29.501654,0.019790322,29.488045
JVASP-35275,0,Ho,36.8342,0.102242194,36.93614
JVASP-35275,1,Ho,36.8342,0.10224216,36.93614
JVASP-35275,2,Cu,2.7647095,0.23613293,2.9965374
JVASP-35275,3,Cu,2.7647095,0.236133,2.9965374
JVASP-35275,4,Sn,82.53188,0.16591503,82.68967
JVASP-35275,5,Sn,82.53188,0.16591503,82.68967
JVASP-35897,0,Ho,43.12939,0.16905656,43.297104
JVASP-35897,1,Ho,43.12939,0.16905655,43.297104
JVASP-35897,2,Cu,37.996487,58.237473,20.245718
JVASP-35897,3,Cu,37.996487,58.237465,20.245714
JVASP-35897,4,Sn,42.471703,0.60570484,43.07103
JVASP-35897,5,Sn,42.471703,0.6057061,43.07103
JVASP-15794,0,Sr,11.545337,0.07817128,11.4960165
JVASP-15794,1,Ag,6.9700074,0.021929055,6.9700303
JVASP-15794,2,Ag,6.9700074,0.021929046,6.9700303
JVASP-15794,3,Sn,88.39309,0.052440703,88.35143
JVASP-15794,4,Sn,88.39309,0.052440688,88.35143
JVASP-37772,0,Li,1.1320604,0.08440835,1.1623969
JVASP-37772,1,Li,1.1334523,0.0844084,1.1568305
JVASP-37772,2,Li,1.1320604,0.0844083,1.1610343
JVASP-37772,3,Li,1.1325194,0.08440834,1.1628757
JVASP-37772,4,Li,1.1334523,0.08440843,1.1568304
JVASP-37772,5,Li,1.1325194,0.08440834,1.1615138
JVASP-37772,6,Re,13.3966675,0.07796874,13.330415
JVASP-37772,7,Re,13.396259,0.07796869,13.330006
JVASP-68088,0,Be,0.6054354,0.06851685,0.5391304
JVASP-68088,1,Se,0.8940638,0.13884845,1.0323929
JVASP-68088,2,Zn,4.815697,0.02984915,4.7914677
JVASP-68088,3,Zn,41.991604,0.030065512,42.01613
JVASP-17430,0,Cu,11.173378,0.07388759,11.198846
JVASP-17430,1,Cu,11.1726465,0.07388754,11.19811
JVASP-17430,2,Zn,2.4548993,0.20399843,2.3631406
JVASP-17430,3,Se,299.17352,0.742255,299.77963
JVASP-17430,4,Se,299.1734,0.7422535,299.0544
JVASP-17430,5,Se,299.17325,0.7422529,298.99768
JVASP-17430,6,Se,299.17316,0.74225265,299.00784
JVASP-17430,7,Sn,13.340508,0.13937064,13.250726
JVASP-17907,0,Zn,2.4548993,0.20399839,2.3631406
JVASP-17907,1,Cu,11.173378,0.07388757,11.198846
JVASP-17907,2,Cu,11.1726465,0.073887646,11.19811
JVASP-17907,3,Sn,13.340508,0.13937056,13.250726
JVASP-17907,4,Se,299.17352,0.7422551,299.77963
JVASP-17907,5,Se,299.1734,0.7422535,299.0544
JVASP-17907,6,Se,299.17325,0.7422528,298.99768
JVASP-17907,7,Se,299.17316,0.74225265,299.00784
JVASP-67351,0,Be,0.097163096,0.36270604,0.26640195
JVASP-67351,1,Be,0.097163096,0.36270598,0.26640186
JVASP-67351,2,Be,0.097163096,0.3627061,0.26640198
JVASP-67351,3,Be,0.097163096,0.36270604,0.26640195
JVASP-67351,4,Ga,66.62857,0.124695785,66.534584
JVASP-67351,5,Ga,66.62857,0.12469601,66.534584
JVASP-67351,6,Ni,33.922165,0.056338884,33.91863
JVASP-67351,7,Ni,33.922165,0.05633889,33.91863
JVASP-21197,0,Yb,0.0050990195,10.595857,10.599497
JVASP-14814,0,Yb,0.007659417,1.0156648,1.0165496
JVASP-25045,0,Yb,5.143954,10.051296,5.007736
JVASP-25045,1,Yb,5.143954,10.051294,5.0077343
JVASP-14621,0,Yb,5.2300744,10.049736,4.9224706
JVASP-14621,1,Yb,5.2300744,10.049738,4.922473
JVASP-1053,0,Yb,0.0,10.595885,10.595885
JVASP-1053,1,Yb,0.0,10.595885,10.595885
JVASP-1053,2,Yb,0.0,10.595885,10.595885
JVASP-1053,3,Yb,0.0,10.595885,10.595885
JVASP-25372,0,Yb,5.982888,10.224052,16.171106
JVASP-25372,1,Yb,8.400532,10.138113,2.152375
JVASP-25372,2,Yb,8.400532,10.138148,2.1524038
JVASP-25372,3,Yb,5.982888,10.223852,16.170906
JVASP-25372,4,Yb,8.400532,10.138102,2.152367
JVASP-25372,5,Yb,8.400532,10.1381,2.1523654
JVASP-25372,6,Yb,5.982888,10.223853,16.170908
JVASP-25372,7,Yb,8.400532,10.138147,2.152403
JVASP-25372,8,Yb,8.400532,10.138113,2.152375
JVASP-25324,0,Yb,0.0,1.0160923,1.0160923
JVASP-25324,1,Yb,0.0,1.0160939,1.0160939
JVASP-65630,0,Ba,28.247515,4.54202,23.721638
JVASP-65630,1,Sr,8.04739,5.290663,13.335297
JVASP-65630,2,Cd,23.89722,0.10508084,23.982475
JVASP-65630,3,Cd,29.016655,0.09398485,28.928022
JVASP-65772,0,Ba,28.258947,4.489905,23.785088
JVASP-65772,1,Sr,8.032693,5.2747607,13.304687
JVASP-65772,2,Cd,23.926615,0.10877917,24.016186
JVASP-65772,3,Cd,29.080341,0.093907,28.991816
JVASP-53602,0,Zn,3.0188386,0.3022079,2.78775
JVASP-53602,1,Zn,3.0191002,0.30226946,2.788978
JVASP-53602,2,Ge,5.9354973,0.2054655,5.73473
JVASP-53602,3,S,170.26793,0.2801484,170.27481
JVASP-53602,4,S,170.291,0.2801794,170.29184
JVASP-53602,5,S,170.28574,0.2801417,170.25398
JVASP-53602,6,S,170.27728,0.2801478,170.27058
JVASP-37366,0,Th,351.72223,0.13210925,351.62744
JVASP-37366,1,Th,351.72223,0.13210928,351.6912
JVASP-37366,2,Th,351.72223,0.13210922,351.84805
JVASP-37366,3,Be,0.0,0.07504638,0.07504638
JVASP-35865,0,Er,59.191105,0.11415298,59.303688
JVASP-35865,1,Er,59.191105,0.114153,59.303688
JVASP-35865,2,Zn,77.7762,62.36165,15.488555
JVASP-35865,3,Zn,77.7762,62.36165,15.488555
JVASP-35865,4,Ga,45.391087,0.32727274,45.08131
JVASP-35865,5,Ga,45.391087,0.32727268,45.08131
JVASP-35869,0,Er,66.52692,0.094338425,66.62053
JVASP-35869,1,Er,66.52692,0.09433841,66.62053
JVASP-35869,2,Zn,44.965282,15.342258,29.640219
JVASP-35869,3,Zn,44.965282,15.342257,29.640219
JVASP-35869,4,Ga,46.54194,0.20270896,46.367947
JVASP-35869,5,Ga,46.54194,0.20270877,46.367947
JVASP-17317,0,Np,35.076694,1.0834827,34.00244
JVASP-17317,1,Np,35.076694,1.0834824,34.00244
JVASP-17317,2,As,307.10477,0.20382564,307.3019
JVASP-17317,3,As,307.10477,0.20382552,307.3019
JVASP-17317,4,S,8.573215,0.06921576,8.601763
JVASP-17317,5,S,8.573215,0.06921571,8.601763
JVASP-14864,0,Y,0.00244949,0.034679465,0.03625741
JVASP-14864,1,Sb,0.0,0.009592957,0.009592957
JVASP-17904,0,Y,0.00244949,0.034679487,0.03625743
JVASP-17904,1,Sb,0.0,0.009592957,0.009592957
JVASP-35647,0,Y,44.508694,1.5539128,45.540142
JVASP-35647,1,Sb,285.93747,2.5421004,284.25372
JVASP-35647,2,Sb,285.93747,2.5420992,284.1078
JVASP-37006,0,Y,0.0,0.12709334,0.12709334
JVASP-37006,1,Sb,0.0,0.08132839,0.08132839
JVASP-56275,0,Sm,89.89325,0.10641729,89.83249
JVASP-56275,1,Al,16.973207,0.22250143,17.024363
JVASP-56275,2,Al,16.973207,0.22250174,17.024363
JVASP-56275,3,Zn,5.348318,46.350754,49.991333
JVASP-56275,4,Zn,5.348318,46.350746,49.991325
JVASP-30463,0,Zn,13.84819,0.023143742,13.867617
JVASP-30463,1,Zn,13.84819,0.023143703,13.867617
JVASP-30463,2,H,3.8432493,0.013184779,3.8541014
JVASP-30463,3,H,3.8432493,0.013184758,3.8541014
JVASP-3240,0,F,197.61652,0.0748942,197.65466
JVASP-3240,1,F,197.61685,0.07489422,197.61232
JVASP-3240,2,F,197.61761,0.07489421,197.58548
JVASP-3240,3,F,197.61685,0.07489424,197.61232
JVASP-3240,4,F,197.61652,0.07489422,197.65466
JVASP-3240,5,F,197.61761,0.07489421,197.58548
JVASP-3240,6,Zn,10.156293,0.033381917,10.183628
JVASP-3240,7,Pb,29.629944,0.033050336,29.622314
JVASP-79524,0,Yb,108.707466,0.1676448,108.712715
JVASP-79524,1,Yb,108.707466,0.16764478,108.712715
JVASP-79524,2,Ni,131.64464,0.07082557,131.63788
JVASP-79524,3,Ni,131.64464,0.070825525,131.63788
JVASP-79524,4,C,62.34062,0.050844967,62.326622
JVASP-79524,5,C,62.34062,0.050844964,62.322132
JVASP-79524,6,C,62.34062,0.05084501,62.326622
JVASP-79524,7,C,62.34062,0.050845016,62.322132
JVASP-39098,0,Si,0.0,0.107008755,0.107008755
JVASP-39098,1,Bi,0.0,0.13050586,0.13050586
JVASP-39098,2,O,116.091934,0.08546628,116.12393
JVASP-39098,3,O,116.091934,0.08546641,116.14388
JVASP-39098,4,O,116.091934,0.0854664,116.008026
JVASP-66930,0,Mn,17.321568,0.41253012,16.91141
JVASP-66930,1,Be,1.6485672,0.06986529,1.5836279
JVASP-66930,2,Pb,412.60883,1.0886047,411.52457
JVASP-67284,0,Be,9.16681,0.100500084,9.093865
JVASP-67284,1,Tl,139.33432,0.087054394,139.41734
JVASP-67284,2,Pd,11.421971,49.91763,61.316647
JVASP-39308,0,Hg,206.79286,0.21720728,206.62997
JVASP-39308,1,Hg,206.79286,0.21720736,206.62997
JVASP-39308,2,N,10.9994335,0.07499126,11.0717945
JVASP-39308,3,N,10.9994335,0.074991286,11.0717945
JVASP-65058,0,Be,4.1559677,0.9228587,3.2397733
JVASP-65058,1,Be,4.1559677,0.92285866,3.2397735
JVASP-65058,2,Mo,3.7991586,0.04244238,3.77239
JVASP-65058,3,Mo,3.7991586,0.04244238,3.77239
JVASP-65058,4,W,161.86963,0.30840355,162.1721
JVASP-65058,5,W,161.86963,0.30840364,162.1721
JVASP-14201,0,Ta,114.10254,0.2879327,113.83241
JVASP-14201,1,Ta,114.10254,0.28793317,113.83241
JVASP-14201,2,Ta,114.10254,0.287933,113.83241
JVASP-14201,3,Ta,114.10254,0.28793323,113.83241
JVASP-14201,4,In,236.37822,0.46258804,235.95801
JVASP-14201,5,In,236.37822,0.46258786,235.95801
JVASP-14201,6,C,2.4674525,0.022454286,2.453685
JVASP-14201,7,C,2.4674525,0.02245433,2.453685
JVASP-18160,0,Ta,114.10254,0.28793314,113.83241
JVASP-18160,1,Ta,114.10254,0.28793302,113.83241
JVASP-18160,2,Ta,114.10254,0.28793284,113.83241
JVASP-18160,3,Ta,114.10254,0.28793275,113.83241
JVASP-18160,4,In,236.37822,0.46258765,235.95801
JVASP-18160,5,In,236.37822,0.46258762,235.95801
JVASP-18160,6,C,2.4674525,0.022454329,2.453685
JVASP-18160,7,C,2.4674525,0.022454318,2.453685
JVASP-15068,0,Nd,31.434301,0.38181344,31.813295
JVASP-15068,1,Nd,31.434301,0.3818134,31.813295
JVASP-15068,2,Nd,30.235277,1.9088662,32.14255
JVASP-15068,3,Nd,30.235277,1.9088655,32.14255
JVASP-15068,4,Tl,17.842083,4.599344,13.257811
JVASP-15068,5,Tl,17.842083,4.5993447,13.257811
JVASP-19743,0,Nd,155.68958,1.1960213,156.33232
JVASP-19743,1,Nd,155.68958,1.1960217,154.50275
JVASP-19743,2,Nd,155.68958,1.1960216,156.2406
JVASP-19743,3,Tl,0.0,2.0301454,2.0301454
JVASP-54963,0,Nd,0.0,0.14463498,0.14463498
JVASP-54963,1,Tl,0.0,0.063275,0.063275
JVASP-56192,0,Nd,0.0,0.11692059,0.11692059
JVASP-56192,1,Tl,343.33517,0.10217439,343.31464
JVASP-56192,2,Tl,343.33517,0.10217435,343.32693
JVASP-56192,3,Tl,343.33517,0.102174275,343.364
JVASP-56717,0,Yb,227.76703,249.43124,211.5483
JVASP-56717,1,Si,19.13922,18.736519,14.2074795
JVASP-56717,2,Si,19.13922,18.736519,14.2074795
JVASP-56717,3,Os,378.02078,109.68483,317.7221
JVASP-56717,4,Os,378.02078,109.68483,317.7221
JVASP-17364,0,Hf,124.489845,0.052826628,124.47186
JVASP-17364,1,Hf,124.48654,0.052827485,124.51676
JVASP-17364,2,Hf,124.489845,0.052826643,124.495865
JVASP-17364,3,P,22.161352,0.49019665,21.673933
JVASP-17364,4,P,22.161352,0.4901966,21.673933
JVASP-17364,5,P,15.46363,0.3854878,15.087169
JVASP-17364,6,Ru,27.445496,6.2903614,33.350548
JVASP-17364,7,Ru,27.446087,6.2903333,33.40544
JVASP-17364,8,Ru,27.445496,6.290361,33.48148
JVASP-86498,0,Ho,202.12291,180.4578,22.641516
JVASP-86498,1,Ho,202.12291,180.4578,22.641516
JVASP-86498,2,Si,15.762466,17.27277,3.0917413
JVASP-86498,3,Si,15.762466,17.27277,3.0917413
JVASP-86498,4,Si,15.762466,17.27277,3.091741
JVASP-86498,5,Si,15.762466,17.27277,3.091741
JVASP-86498,6,Os,230.7452,110.000465,121.189026
JVASP-86498,7,Os,230.7452,110.00047,121.189026
JVASP-86498,8,Os,230.7452,110.00047,121.18902
JVASP-86498,9,Os,230.7452,110.000465,121.189026
JVASP-65649,0,Ba,41.54253,0.22572355,41.32085
JVASP-65649,1,Na,7.4399166,0.15955022,7.2824483
JVASP-65649,2,Sr,15.400778,0.7161954,15.546879
JVASP-65649,3,Sr,15.400778,0.7161955,15.447699
JVASP-77330,0,Ba,183.0323,0.79581976,183.26486
JVASP-77330,1,Na,9.488568,0.10806883,9.486435
JVASP-77330,2,Na,9.488568,0.10806883,9.486435
JVASP-77330,3,Sr,110.470314,0.49754652,110.56739
JVASP-15321,0,Ca,2.4066238,0.0547702,2.4546878
JVASP-15321,1,Ca,2.4066238,0.054770187,2.4546878
JVASP-15321,2,Cu,100.92632,69.160934,31.789288
JVASP-15321,3,Cu,100.92632,69.160934,31.78928
JVASP-15321,4,As,50.00919,1.2761538,48.740288
JVASP-15321,5,As,50.00919,1.2761539,48.740288
JVASP-18482,0,Ca,6.638604,0.039804846,6.6674085
JVASP-18482,1,Cu,3.3408556,0.48566037,3.7453957
JVASP-18482,2,Cu,40.444233,1.4266973,41.68225
JVASP-18482,3,Cu,3.3408556,0.48566037,3.7453957
JVASP-18482,4,Cu,40.444233,1.426697,41.68225
JVASP-18482,5,As,18.427588,0.91657794,19.242752
JVASP-18482,6,As,18.427588,0.91657776,19.242752
JVASP-19707,0,Ge,77.54222,0.034282293,77.55254
JVASP-19707,1,Ge,77.54222,0.034282316,77.55254
JVASP-19707,2,Ge,77.54222,0.034282338,77.52976
JVASP-19707,3,Ge,77.54222,0.034282353,77.52976
JVASP-19707,4,Pd,33.102367,0.083725356,33.062233
JVASP-19707,5,Pd,33.102367,0.08372544,33.062233
JVASP-19707,6,Pd,33.102367,0.08372536,33.06322
JVASP-19707,7,Pd,33.102367,0.08372535,33.06322
JVASP-14708,0,Ge,96.73362,0.3584476,97.08889
JVASP-14708,1,Ge,96.73362,0.35844758,97.08889
JVASP-14708,2,Ge,3.0140972,0.46214604,3.474001
JVASP-14708,3,Pd,33.93571,0.05494557,33.888973
JVASP-14708,4,Pd,33.936413,0.05494094,33.951027
JVASP-14708,5,Pd,33.93571,0.05494551,33.918064
JVASP-14708,6,Pd,9.713609,0.08188023,9.65248
JVASP-14708,7,Pd,9.71248,0.081880115,9.652633
JVASP-14708,8,Pd,9.713609,0.08188019,9.661389
JVASP-5506,0,Au,264.1976,3.6768482,266.1759
JVASP-5506,1,Au,264.1976,3.6768494,266.23083
JVASP-5506,2,Au,264.1976,3.6768491,266.1759
JVASP-5506,3,Au,264.1976,3.6768482,266.23083
JVASP-5506,4,Se,170.69336,0.07202427,170.66808
JVASP-5506,5,Se,170.69336,0.072024256,170.64867
JVASP-5506,6,Se,170.69336,0.07202431,170.66808
JVASP-5506,7,Se,170.69336,0.07202433,170.64867
JVASP-5506,8,Cl,427.3827,0.36399093,427.25522
JVASP-5506,9,Cl,427.3827,0.36399093,427.25208
JVASP-5506,10,Cl,427.3827,0.3639909,427.25522
JVASP-5506,11,Cl,427.3827,0.36399102,427.25208
JVASP-5506,12,Cl,333.41956,0.070031084,333.38406
JVASP-5506,13,Cl,333.41956,0.070031054,333.40286
JVASP-5506,14,Cl,333.41956,0.070031054,333.38406
JVASP-5506,15,Cl,333.41956,0.07003107,333.40286
JVASP-5506,16,Cl,294.08456,0.30795944,294.23724
JVASP-5506,17,Cl,294.08456,0.30795932,294.249
JVASP-5506,18,Cl,294.08456,0.3079595,294.23724
JVASP-5506,19,Cl,294.08456,0.30795932,294.249
JVASP-5506,20,Cl,334.68542,0.05467951,334.655
JVASP-5506,21,Cl,334.68542,0.05467946,334.68872
JVASP-5506,22,Cl,334.68542,0.05467951,334.655
JVASP-5506,23,Cl,334.68542,0.054679554,334.68872
JVASP-5506,24,Cl,418.217,1.0989658,417.67795
JVASP-5506,25,Cl,418.217,1.0989661,417.51147
JVASP-5506,26,Cl,418.217,1.0989664,417.67795
JVASP-5506,27,Cl,418.217,1.098966,417.51147
JVASP-5506,28,Cl,415.78107,0.26340157,415.71365
JVASP-5506,29,Cl,415.78107,0.2634015,415.66647
JVASP-5506,30,Cl,415.78107,0.2634015,415.71365
JVASP-5506,31,Cl,415.78107,0.26340148,415.66647
JVASP-5506,32,Cl,420.28265,0.11313458,420.22165
JVASP-5506,33,Cl,420.28265,0.11313474,420.2011
JVASP-5506,34,Cl,420.28265,0.11313456,420.22165
JVASP-5506,35,Cl,420.28265,0.11313456,420.2011
JVASP-85150,0,La,0.0,0.010431811,0.010431811
JVASP-85150,1,Pt,360.25055,0.08885588,360.19464
JVASP-85150,2,Pt,360.25055,0.08885593,360.3375
JVASP-85150,3,Pt,360.25055,0.0888559,360.21954
JVASP-85150,4,C,0.0,0.05687491,0.05687491
JVASP-17494,0,Ni,12.478807,0.16771221,12.358077
JVASP-17494,1,Ni,12.473464,0.16771223,12.499898
JVASP-17494,2,Ni,12.474284,0.16771206,12.507916
JVASP-17494,3,Se,4.8783603,0.034755398,4.899937
JVASP-17494,4,Se,4.8783603,0.03475542,4.899937
JVASP-17494,5,Pb,568.0791,0.1346786,568.15717
JVASP-17494,6,Pb,802.7348,0.30478898,802.91205
JVASP-17530,0,Sr,8.213139,0.7266787,7.492133
JVASP-14618,0,Sr,3.6423914,0.9737045,2.6787295
JVASP-14618,1,Sr,3.6423914,0.97370434,2.67873
JVASP-21208,0,Sr,0.0034641018,0.97763723,0.97545356
JVASP-25122,0,Sr,16.302101,1.4409398,15.877506
JVASP-25122,1,Sr,16.302101,1.4409401,15.877506
JVASP-25356,0,Sr,7.214972,0.9757763,6.247701
JVASP-25356,1,Sr,0.09676777,0.9757763,1.0717727
JVASP-25356,2,Sr,7.214972,0.9757762,6.247701
JVASP-25356,3,Sr,0.09676777,0.9757763,1.0717727
JVASP-25367,0,Sr,0.0037416576,1.1238629,1.1226683
JVASP-16271,0,Sr,18.943129,1.4183686,18.158195
JVASP-16271,1,Sr,18.943129,1.4183688,18.158195
JVASP-16271,2,Sr,18.943129,1.4183687,18.158195
JVASP-16271,3,Sr,18.943129,1.4183687,18.158195
JVASP-25093,0,Sr,3.6423914,0.97370434,2.67873
JVASP-25093,1,Sr,3.6423914,0.97370446,2.6787295
JVASP-25155,0,Sr,5.021454,0.7266789,4.300819
JVASP-25220,0,Sr,8.888041,1.1319745,8.233662
JVASP-25220,1,Sr,8.888041,1.131974,8.233662
JVASP-25220,2,Sr,8.888041,1.1319742,8.254336
JVASP-25220,3,Sr,8.888041,1.1319743,8.254336
JVASP-25220,4,Sr,8.888041,1.1319742,8.233662
JVASP-25220,5,Sr,8.888041,1.1319742,8.233662
JVASP-25220,6,Sr,8.888041,1.1319742,8.254336
JVASP-25220,7,Sr,8.888041,1.1319743,8.254336
JVASP-1011,0,Sr,0.0,0.97763735,0.97763735
JVASP-1011,1,Sr,0.0,0.97763735,0.97763735
JVASP-1011,2,Sr,0.0,0.97763735,0.97763735
JVASP-1011,3,Sr,0.0,0.97763735,0.97763735
JVASP-25297,0,Sr,6.788761,0.72403204,6.0705023
JVASP-15561,0,Pr,358.31992,0.010594407,358.3214
JVASP-15561,1,B,6.2274194,0.04019607,6.2650375
JVASP-15561,2,B,6.2274194,0.04019607,6.2650375
JVASP-15561,3,Rh,79.68662,0.20754968,79.81491
JVASP-15561,4,Rh,79.68662,0.20754963,79.81914
JVASP-15561,5,Rh,79.68658,0.20754828,79.78539
JVASP-56397,0,Tl,52.272602,0.013507275,52.27765
JVASP-56397,1,Tl,52.270344,0.013507309,52.268494
JVASP-56397,2,Sn,10.348497,0.108135246,10.374516
JVASP-56397,3,Hg,62.532417,0.6568571,62.604946
JVASP-56397,4,Te,492.94626,0.23600803,492.96927
JVASP-56397,5,Te,492.94583,0.23599666,492.80655
JVASP-56397,6,Te,492.94556,0.23599699,492.8492
JVASP-56397,7,Te,492.9456,0.23601042,493.13342
JVASP-34231,0,Sc,0.0,0.33844995,0.33844995
JVASP-34231,1,Bi,0.0,0.08286383,0.08286383
JVASP-34231,2,O,92.40373,0.10364699,92.37506
JVASP-34231,3,O,92.40373,0.10364705,92.50297
JVASP-34231,4,O,92.40373,0.103646986,92.333275
JVASP-50884,0,Sc,24.60962,1.4460909,23.168783
JVASP-50884,1,Sc,24.610037,1.4491456,23.16604
JVASP-50884,2,Bi,178.41476,8.661724,169.80714
JVASP-50884,3,Bi,178.41106,8.701032,169.76477
JVASP-50884,4,O,54.85549,0.69342065,54.9247
JVASP-50884,5,O,54.8615,0.6359224,55.04799
JVASP-50884,6,O,54.86925,0.63510907,54.918182
JVASP-50884,7,O,54.862984,0.6356788,55.09113
JVASP-50884,8,O,54.868355,0.635547,54.890392
JVASP-50884,9,O,54.856865,0.63477904,54.92734
JVASP-67957,0,Be,4.8573394,0.0484039,4.809355
JVASP-67957,1,W,131.86093,0.048455965,131.81738
JVASP-67957,2,Zn,46.99183,0.03412298,47.01936
JVASP-67957,3,Zn,96.293526,0.037497688,96.26204
JVASP-15962,0,B,45.365925,0.20947626,45.271755
JVASP-15962,1,C,17.045162,38.870647,52.986935
JVASP-15962,2,C,17.045162,38.870647,52.98694
JVASP-15962,3,Sc,46.369015,1.0605506,45.630497
JVASP-15962,4,Sc,46.369015,1.0605512,45.630497
JVASP-81103,0,Cd,75.079285,0.09433443,75.17053
JVASP-81103,1,Cd,75.079285,0.094334446,75.17053
JVASP-81103,2,Pd,58.024883,0.06353966,58.005222
JVASP-81103,3,Pd,58.024883,0.063539654,58.005222
JVASP-81103,4,Au,253.14851,108.947685,152.86977
JVASP-81103,5,Au,253.14851,108.94769,152.86977
JVASP-81103,6,Au,253.14851,108.947685,152.86977
JVASP-81103,7,Au,253.14851,108.94771,152.86977
JVASP-67261,0,Be,1.848151,0.4507665,1.4016832
JVASP-67261,1,Tl,281.2712,0.038785826,281.3046
JVASP-67261,2,Cr,30.863571,0.27835783,31.132647
JVASP-82067,0,Hf,117.01686,0.088185206,117.019554
JVASP-82067,1,Hf,117.01686,0.08818514,117.019554
JVASP-82067,2,V,37.89411,0.22160293,38.01933
JVASP-82067,3,Rh,57.557537,3.8326364,57.791077
JVASP-85034,0,Hf,68.941635,0.14050724,68.93067
JVASP-85034,1,Hf,68.941635,0.14050801,68.93067
JVASP-85034,2,V,58.53486,0.01503879,58.539993
JVASP-85034,3,Rh,113.6401,0.15956791,113.56334
JVASP-15172,0,Si,19.71404,27.035223,17.89555
JVASP-15172,1,Si,19.71404,27.035227,17.895552
JVASP-15172,2,Co,24.592558,6.225557,21.060186
JVASP-15172,3,Co,24.592558,6.225556,21.060186
JVASP-15172,4,Tm,57.491364,1.0714014,57.018208
JVASP-35506,0,Sr,15.754302,4.1211405,11.639859
JVASP-35506,1,Sr,15.754302,4.121141,11.639859
JVASP-35506,2,Sr,131.3536,0.13628735,131.26967
JVASP-35506,3,Sr,131.3536,0.13628739,131.33224
JVASP-35506,4,Bi,96.51561,90.50845,6.626083
JVASP-35506,5,Bi,96.51561,90.50846,6.626074
JVASP-35506,6,O,48.67708,0.36121225,49.017773
JVASP-67738,0,Sr,146.83466,30.644733,116.277565
JVASP-67738,1,Sr,146.83466,30.64474,116.27756
JVASP-67738,2,Be,4.556867,2.9200568,7.4751234
JVASP-67738,3,Be,4.556867,2.9200568,7.4751234
JVASP-67738,4,Pd,98.56992,5.652855,92.967705
JVASP-67738,5,Pd,98.56992,5.652853,92.967705
JVASP-66756,0,Be,5.263953,0.5320796,4.7354627
JVASP-66756,1,Be,4.6295357,0.47830895,4.154806
JVASP-66756,2,V,1.7375047,0.022826238,1.743834
JVASP-66756,3,Re,58.123943,0.18583496,58.30682
JVASP-39452,0,Ru,15.064363,0.0127597805,15.054802
JVASP-39452,1,Ru,15.064363,0.01275979,15.054802
JVASP-39452,2,Au,36.07037,0.02133797,36.090603
JVASP-39452,3,Au,36.07037,0.021337993,36.090603
JVASP-39452,4,Au,76.813545,0.017074294,76.79742
JVASP-39452,5,Au,36.07037,0.021337967,36.090603
JVASP-39452,6,Au,36.07037,0.021337967,36.090603
JVASP-39452,7,Au,76.813545,0.017074302,76.79742
JVASP-39453,0,Ru,58.29785,0.0071653305,58.29365
JVASP-39453,1,Ru,58.29785,0.0071653347,58.29365
JVASP-39453,2,Au,46.83334,0.03456904,46.809917
JVASP-39453,3,Au,46.834705,0.03456921,46.81249
JVASP-39453,4,Au,46.834705,0.03456921,46.810757
JVASP-39453,5,Au,46.83334,0.03456904,46.809917
JVASP-39453,6,Au,46.83417,0.034569234,46.81195
JVASP-39453,7,Au,46.83417,0.034569208,46.810223
JVASP-17864,0,Fe,111.15213,0.8946003,111.51169
JVASP-17864,1,Fe,111.15213,0.8946006,111.68356
JVASP-17864,2,Fe,111.20929,0.89423907,110.32392
JVASP-17864,3,Fe,0.01959592,0.23700693,0.21744052
JVASP-17864,4,P,0.032659862,0.51427823,0.5461252
JVASP-19829,0,Fe,22.078674,0.33730122,22.208952
JVASP-19829,1,Fe,22.080757,0.33729765,22.280098
JVASP-19829,2,Fe,22.078674,0.33730114,22.192038
JVASP-19829,3,Fe,5.422311,0.6403098,5.8840566
JVASP-19829,4,Fe,5.4208894,0.6403124,5.799662
JVASP-19829,5,Fe,5.422311,0.64030975,5.870481
JVASP-19829,6,P,55.010643,0.05040275,54.971237
JVASP-19829,7,P,55.010643,0.050402783,54.971237
JVASP-19829,8,P,29.833559,1.7823218,31.612753
JVASP-29559,0,Fe,40.439182,0.7796697,40.477962
JVASP-29559,1,Fe,40.439182,0.7796699,40.50287
JVASP-29559,2,P,111.03814,0.14861667,111.034065
JVASP-29559,3,P,81.47943,0.11972389,81.45347
JVASP-29559,4,P,111.03814,0.1486167,111.03282
JVASP-29559,5,P,81.47974,0.11972422,81.55082
JVASP-29559,6,P,111.037674,0.14861669,110.92711
JVASP-29559,7,P,111.037674,0.14861669,110.92784
JVASP-29559,8,P,81.47943,0.11972388,81.43975
JVASP-29559,9,P,81.47974,0.11972417,81.52405
JVASP-7631,0,Fe,52.079544,0.67676383,51.595642
JVASP-7631,1,Fe,52.079544,0.67676395,51.595642
JVASP-7631,2,Fe,52.079544,0.67676395,51.595066
JVASP-7631,3,Fe,52.079544,0.67676383,51.595066
JVASP-7631,4,P,62.378593,0.055398334,62.362434
JVASP-7631,5,P,62.378593,0.055398345,62.362434
JVASP-7631,6,P,62.378593,0.055398293,62.34875
JVASP-7631,7,P,62.378593,0.055398248,62.34875
JVASP-7937,0,Fe,140.48877,0.77460414,139.85031
JVASP-7937,1,Fe,140.48877,0.7746041,139.84283
JVASP-7937,2,P,102.96323,0.070697464,102.98136
JVASP-7937,3,P,102.96323,0.07069749,102.98136
JVASP-7937,4,P,102.96323,0.07069749,102.98249
JVASP-7937,5,P,102.96323,0.070697464,102.98249
JVASP-18236,0,Ce,0.0,0.010744206,0.010744206
JVASP-18236,1,Rh,104.20048,0.10299881,104.13061
JVASP-18236,2,Rh,104.20048,0.10299881,104.29889
JVASP-18236,3,Rh,104.20048,0.10299882,104.172005
JVASP-18236,4,C,0.0,0.054397058,0.054397058
JVASP-86339,0,Cu,22.730457,0.049033742,22.70193
JVASP-86339,1,Cu,22.730457,0.04903371,22.738092
JVASP-86339,2,F,144.22786,0.091825515,144.22295
JVASP-86339,3,F,144.22786,0.091825515,144.24945
JVASP-86339,4,F,144.22786,0.09182554,144.24945
JVASP-86339,5,F,144.22786,0.0918255,144.22295
JVASP-16281,0,Cu,0.0,0.44962436,0.44962436
JVASP-16281,1,Cu,0.0,0.44962424,0.44962424
JVASP-16281,2,Cu,0.0,0.44962427,0.44962427
JVASP-16281,3,Cu,0.0,0.44962424,0.44962424
JVASP-16281,4,F,0.0,0.103848934,0.103848934
JVASP-16281,5,F,0.0,0.10384891,0.10384891
JVASP-16281,6,F,0.0,0.103848904,0.103848904
JVASP-16281,7,F,0.0,0.103848904,0.103848904
JVASP-4894,0,Ta,185.01253,40.831783,153.99442
JVASP-4894,1,Ta,185.01253,40.831783,154.34421
JVASP-4894,2,Ta,196.91193,20.332483,181.15097
JVASP-4894,3,Ta,196.91193,20.332483,181.48862
JVASP-4894,4,Te,353.48898,58.205185,353.02765
JVASP-4894,5,Te,353.48898,58.205185,351.4892
JVASP-4894,6,Te,148.36827,11.029411,138.51755
JVASP-4894,7,Te,148.36827,11.029413,138.64021
JVASP-4894,8,Te,356.02045,67.88451,346.81412
JVASP-4894,9,Te,356.02045,67.88451,349.64758
JVASP-4894,10,Te,192.09251,5.8433013,186.9187
JVASP-4894,11,Te,192.09251,5.843301,187.00194
JVASP-4894,12,Te,172.45569,10.030624,163.0962
JVASP-4894,13,Te,172.45569,10.030624,163.18147
JVASP-4894,14,Te,401.0048,63.8929,394.9459
JVASP-4894,15,Te,401.0048,63.89289,397.0281
JVASP-4894,16,Te,201.02054,4.3040404,197.27586
JVASP-4894,17,Te,201.02054,4.3040404,197.33156
JVASP-4894,18,Te,396.09793,63.63851,391.35962
JVASP-4894,19,Te,396.09793,63.63851,388.93066
JVASP-4894,20,Ir,98.91197,18.802631,81.211006
JVASP-4894,21,Ir,98.91197,18.802631,81.173164
JVASP-4894,22,Ir,121.4031,19.065878,104.72816
JVASP-4894,23,Ir,121.4031,19.065876,104.80235
JVASP-18592,0,Ag,0.0,0.1159858,0.1159858
JVASP-18592,1,Pt,6.2461987,0.15426183,6.144634
JVASP-18592,2,Pt,6.2461987,0.15426184,6.3960543
JVASP-18592,3,Pt,6.2461987,0.15426183,6.2008343
JVASP-7733,0,Ag,44.459053,0.054153327,44.495655
JVASP-7733,1,Ag,44.459057,0.05415329,44.40771
JVASP-7733,2,Ag,44.459053,0.05415331,44.47385
JVASP-7733,3,Pt,0.0,0.15116882,0.15116882
JVASP-3705,0,Sr,6.646282,9.936704,3.5310385
JVASP-3705,1,Sr,6.646282,9.936704,3.5310385
JVASP-3705,2,H,0.11186002,0.32424173,0.22344849
JVASP-3705,3,H,0.11186002,0.3242416,0.22344837
JVASP-3705,4,Cl,14.406265,0.02938979,14.433574
JVASP-3705,5,Cl,14.406265,0.029389786,14.433574
JVASP-21585,0,Si,66.867,6.1320453,71.424095
JVASP-21585,1,Si,66.867,6.132045,71.424095
JVASP-21585,2,Si,30.441578,9.903289,37.108006
JVASP-21585,3,Si,30.441578,9.903288,37.108006
JVASP-21585,4,Si,60.712234,4.282181,63.94842
JVASP-21585,5,Si,60.712234,4.282181,63.94842
JVASP-21585,6,Ni,32.329876,6.311051,38.312023
JVASP-21585,7,Ni,32.329876,6.311051,38.312023
JVASP-21585,8,Sm,47.40212,0.80373925,47.903778
JVASP-21585,9,Sm,47.40212,0.80373913,47.903778
JVASP-15289,0,Sm,22.367107,3.6770818,18.712484
JVASP-15289,1,Sm,22.367107,3.6770818,18.712484
JVASP-15289,2,Si,29.771914,30.20563,4.751779
JVASP-15289,3,Si,29.771914,30.20563,4.751779
JVASP-15289,4,Si,29.771914,30.20563,4.751779
JVASP-15289,5,Si,29.771914,30.20563,4.751779
JVASP-15289,6,Ni,2.2184212,5.6180005,3.428794
JVASP-15289,7,Ni,2.2184212,5.6180024,3.4287956
JVASP-15289,8,Ni,2.2184212,5.618002,3.428795
JVASP-15289,9,Ni,2.2184212,5.618002,3.428795
JVASP-65109,0,Be,0.48254946,0.12325469,0.3611256
JVASP-65109,1,Be,0.48254946,0.123255014,0.36112526
JVASP-65109,2,In,52.214138,0.071909316,52.145767
JVASP-65109,3,In,52.214138,0.071909316,52.145767
JVASP-65109,4,Sn,25.316292,0.3985425,24.922108
JVASP-65109,5,Sn,25.316292,0.39854285,24.922108
JVASP-67649,0,Be,0.7413556,0.016048407,0.7284753
JVASP-67649,1,Be,0.7413556,0.016048145,0.7285842
JVASP-67649,2,In,36.467888,0.03425939,36.45758
JVASP-67649,3,Sn,40.28722,0.13284291,40.19927
JVASP-36235,0,Sr,53.751602,0.20430359,53.954693
JVASP-36235,1,C,92.40578,9.268837,101.66953
JVASP-36235,2,C,92.40578,9.268837,101.66953
JVASP-7658,0,C,96.32007,0.5791995,96.3723
JVASP-7658,1,C,96.31884,0.5792009,96.30574
JVASP-7658,2,C,96.31884,0.5792013,96.30574
JVASP-7658,3,C,96.32007,0.5791997,96.3723
JVASP-7658,4,Sr,36.409462,0.10055824,36.31934
JVASP-7658,5,Sr,36.409462,0.10055826,36.31934
JVASP-8012,0,Sr,78.65556,0.15812005,78.81307
JVASP-8012,1,Sr,78.65556,0.15812005,78.81307
JVASP-8012,2,C,99.18229,0.19820932,99.37828
JVASP-8012,3,C,99.18229,0.19820921,99.37828
JVASP-8012,4,C,99.18229,0.19820936,99.37828
JVASP-8012,5,C,99.18229,0.19820929,99.37828
JVASP-35448,0,Ga,10.319699,0.045948382,10.364983
JVASP-35448,1,P,12.264595,0.053352535,12.213669
JVASP-35448,2,Pt,183.42648,0.13207942,183.37909
JVASP-35448,3,Pt,183.42648,0.13207947,183.37909
JVASP-35448,4,Pt,183.42648,0.13207942,183.32466
JVASP-35448,5,Pt,183.42648,0.13207942,183.32466
JVASP-35448,6,Pt,119.760445,0.08352969,119.84356
JVASP-1921,0,Br,0.0014142137,5.7919607,5.7931166
JVASP-1921,1,Rb,0.002,0.05357586,0.054181647
JVASP-79031,0,Rb,67.983955,3.276434,71.258026
JVASP-79031,1,Rb,67.983955,3.2764337,71.258026
JVASP-79031,2,Br,494.35767,0.502151,494.8433
JVASP-79031,3,Br,494.35767,0.5021504,494.8433
JVASP-79031,4,Br,268.30078,3.6355264,264.67514
JVASP-79031,5,Br,494.35767,0.5021504,494.8433
JVASP-79031,6,Br,494.35767,0.50215054,494.8433
JVASP-79031,7,Br,268.30078,3.6355255,264.67514
JVASP-8591,0,Rb,0.0,10.986286,10.986286
JVASP-8591,1,Br,0.0,0.33876616,0.33876616
JVASP-15481,0,Pr,29.722107,1.8031058,31.484676
JVASP-15481,1,Pr,29.722107,1.8031065,31.484676
JVASP-15481,2,Cu,11.152527,5.400835,16.534906
JVASP-15481,3,Cu,11.152527,5.4008355,16.534906
JVASP-15481,4,Cu,11.152527,5.400833,16.534904
JVASP-15481,5,Cu,11.152527,5.4008336,16.534906
JVASP-15481,6,Ge,85.36227,56.086903,29.555208
JVASP-15481,7,Ge,85.36227,56.086906,29.555204
JVASP-15481,8,Ge,85.36227,56.08691,29.555199
JVASP-15481,9,Ge,85.36227,56.08691,29.555199
JVASP-18886,0,Ag,43.00351,0.064186454,42.9995
JVASP-18886,1,Ag,43.00384,0.06418643,42.989887
JVASP-18886,2,Ag,43.00384,0.06418638,42.989887
JVASP-18886,3,Ag,43.00351,0.06418642,42.9995
JVASP-18886,4,Te,170.98903,0.09656826,170.96317
JVASP-18886,5,Te,170.98903,0.09656828,170.97641
JVASP-18488,0,Ag,0.00489898,0.047735784,0.04671531
JVASP-18488,1,Te,460.21872,0.028712204,460.22452
JVASP-18488,2,Te,460.21768,0.02871226,460.21298
JVASP-18488,3,Te,460.21817,0.028712234,460.2171
JVASP-65130,0,Be,1.0116392,0.3140975,0.7009519
JVASP-65130,1,Be,1.0116392,0.31409758,0.70095176
JVASP-65130,2,Nb,68.85597,0.114922374,68.967064
JVASP-65130,3,Nb,68.85597,0.11492236,68.967064
JVASP-65130,4,Cd,41.930367,0.087331995,41.845596
JVASP-65130,5,Cd,41.930367,0.08733202,41.845596
JVASP-36524,0,Zr,75.49879,1.08688,74.49319
JVASP-36524,1,Zr,75.49879,1.0868807,74.424835
JVASP-36524,2,Zr,75.49879,1.0868806,74.49319
JVASP-36524,3,Zr,75.49879,1.0868808,74.424835
JVASP-36524,4,Zr,124.22464,0.0994228,124.15482
JVASP-36524,5,Zr,124.22464,0.09942282,124.15482
JVASP-36524,6,Zn,66.30876,0.7422597,66.88463
JVASP-36524,7,Zn,66.30876,0.7422597,66.88463
JVASP-36524,8,N,3.2947402,0.144036,3.3283162
JVASP-36524,9,N,3.2947402,0.144036,3.2990932
JVASP-36529,0,Zr,90.22287,0.12214438,90.1237
JVASP-36529,1,Zn,72.75842,0.10718123,72.84728
JVASP-36529,2,N,16.210722,0.08405674,16.129026
JVASP-36529,3,N,42.99222,0.09701958,43.08753
JVASP-8031,0,Si,1.0693915,0.1765923,1.1509668
JVASP-8031,1,Si,1.0693915,0.1765924,1.1509668
JVASP-8031,2,As,162.00517,0.27892473,161.85213
JVASP-8031,3,As,162.00522,0.27892464,161.84341
JVASP-8031,4,As,162.0055,0.27892447,162.16685
JVASP-8031,5,As,162.00531,0.27892482,162.17009
JVASP-8031,6,Cd,59.44567,0.03518477,59.43944
JVASP-8031,7,Cd,59.44567,0.035184924,59.43944
JVASP-19778,0,S,0.0,0.39136094,0.39136094
JVASP-19778,1,Tb,0.0069282036,3.3520837,3.3487291
JVASP-81398,0,Mg,20.168829,0.1068055,20.09524
JVASP-81398,1,Mg,20.168829,0.10680565,20.09524
JVASP-81398,2,Zr,52.48651,0.07850004,52.462555
JVASP-81398,3,Zr,52.48651,0.07849999,52.462555
JVASP-81398,4,Cd,141.69315,0.15716746,141.75438
JVASP-81398,5,Cd,141.69315,0.1571674,141.75438
JVASP-81398,6,Cd,141.69315,0.1571674,141.75438
JVASP-81398,7,Cd,141.69315,0.15716743,141.75438
JVASP-39573,0,Tl,86.30695,0.10896869,86.39242
JVASP-39573,1,Tl,86.30695,0.10896858,86.39242
JVASP-39573,2,Tl,295.37827,0.14755966,295.50336
JVASP-39573,3,Tl,86.30695,0.10896878,86.39242
JVASP-39573,4,Tl,86.30695,0.108968556,86.39242
JVASP-39573,5,Tl,295.37827,0.14755951,295.50336
JVASP-39573,6,H,0.15921684,1.1914467,1.3480213
JVASP-39573,7,H,0.15921684,1.191447,1.3480216
JVASP-38597,0,K,5.4140162,1.6816913,4.505891
JVASP-38597,1,K,5.413284,1.681668,4.6140065
JVASP-38597,2,K,5.4140162,1.681691,4.5183854
JVASP-38597,3,K,5.413999,1.681691,4.50573
JVASP-38597,4,K,5.413284,1.6816684,4.6140065
JVASP-38597,5,K,5.413999,1.681691,4.5182247
JVASP-38597,6,Co,57.747944,1.6894145,59.43082
JVASP-38597,7,Co,57.748764,1.689414,59.431633
JVASP-26974,0,Ce,34.149155,0.38426965,34.49379
JVASP-26974,1,Ce,34.149155,0.3842699,34.49379
JVASP-26974,2,Ag,20.21564,0.48086473,19.750431
JVASP-26974,3,Ag,20.21564,0.48086438,19.750431
JVASP-26974,4,Sb,385.5995,156.70473,228.97278
JVASP-26974,5,Sb,385.5995,156.70474,228.97276
JVASP-26974,6,Sb,236.0459,36.286808,272.31415
JVASP-26974,7,Sb,236.0459,36.286797,272.31412
JVASP-2940,0,Rb,22.380135,0.601676,22.006165
JVASP-2940,1,Rb,31.55048,0.0599747,31.5914
JVASP-2940,2,Rb,31.55048,0.05997473,31.5914
JVASP-2940,3,Sb,16.086721,0.30580768,16.247927
JVASP-2940,4,Sb,16.086721,0.30580762,16.247927
JVASP-2940,5,Au,591.24896,32.359734,576.3358
JVASP-2940,6,Au,591.24805,32.359707,577.1009
JVASP-2940,7,Au,591.24713,32.359703,601.041
JVASP-4534,0,P,99.63043,0.14636476,99.65376
JVASP-4534,1,P,99.63036,0.14636476,99.71856
JVASP-4534,2,P,99.63036,0.1463613,99.61767
JVASP-4534,3,P,99.63043,0.14636832,99.617744
JVASP-4534,4,P,99.63036,0.14636838,99.66736
JVASP-4534,5,P,99.63043,0.14636451,99.71862
JVASP-4534,6,P,99.63036,0.14636444,99.653694
JVASP-4534,7,P,99.63036,0.14636141,99.66736
JVASP-4534,8,Pd,44.182762,16.501282,33.081993
JVASP-4534,9,Pd,44.182762,16.501282,32.73648
JVASP-4534,10,Pd,44.18339,16.50117,33.86894
JVASP-4534,11,Pd,44.182796,16.50117,33.309418
JVASP-4534,12,Pd,44.18339,16.501286,33.08242
JVASP-4534,13,Pd,44.18339,16.501284,32.736916
JVASP-4534,14,Pd,44.182796,16.50135,33.868057
JVASP-4534,15,Pd,44.18339,16.50135,33.31013
JVASP-4534,16,S,173.63213,5.159669,170.9137
JVASP-4534,17,S,173.63213,5.159672,170.49551
JVASP-4534,18,S,173.63213,5.159673,170.57303
JVASP-4534,19,S,173.63213,5.1596675,170.45709
JVASP-4534,20,S,173.63213,5.1596704,170.57303
JVASP-4534,21,S,173.63213,5.1596694,170.49551
JVASP-4534,22,S,173.63213,5.1596684,170.45709
JVASP-4534,23,S,173.63213,5.1596665,170.9137
JVASP-66949,0,Y,12.377273,0.012329711,12.371271
JVASP-66949,1,Be,0.14576007,0.702764,0.8469456
JVASP-66949,2,Pb,121.4702,29.79058,91.68657
JVASP-67837,0,Y,72.30649,0.08938085,72.395424
JVASP-67837,1,Be,5.740238,0.20105809,5.76571
JVASP-67837,2,Be,5.740238,0.20105805,5.7130527
JVASP-67837,3,Pb,475.00995,0.508576,475.51105
JVASP-7932,0,Hf,34.62431,0.10171612,34.72198
JVASP-7932,1,Hf,34.62431,0.10171626,34.592857
JVASP-7932,2,Cu,43.24901,1.8307252,45.06983
JVASP-7932,3,Sb,226.06912,0.084630124,226.14928
JVASP-7932,4,Sb,115.400215,0.12628454,115.297874
JVASP-7932,5,Sb,115.400215,0.12628454,115.27589
JVASP-1561,0,O,2.6756377,0.054953787,2.7127419
JVASP-1561,1,O,2.6756377,0.054953784,2.7127419
JVASP-1561,2,Na,10.794385,0.07289498,10.856609
JVASP-1561,3,Sc,31.381514,28.92747,17.160885
JVASP-16143,0,Lu,3.154948,0.15238854,3.003094
JVASP-16143,1,Lu,3.154948,0.15238847,3.003094
JVASP-16143,2,Ge,56.828163,0.12549977,56.703438
JVASP-16143,3,Ge,56.828163,0.12549976,56.703438
JVASP-16143,4,Au,148.48195,108.76729,39.76368
JVASP-16143,5,Au,148.48195,108.76729,39.76368
JVASP-65767,0,Ba,194.71239,37.22901,157.51912
JVASP-65767,1,Na,12.291539,0.12779842,12.171784
JVASP-65767,2,Na,12.291539,0.12779851,12.171784
JVASP-65767,3,Si,69.479774,0.21603586,69.69484
JVASP-65795,0,Ba,194.63727,37.24876,157.42422
JVASP-65795,1,Na,12.302154,0.12771256,12.182467
JVASP-65795,2,Na,12.302154,0.12771246,12.182467
JVASP-65795,3,Si,69.450386,0.21589322,69.665306
JVASP-65094,0,Be,8.952068,0.46543887,8.490511
JVASP-65094,1,Be,5.782429,0.52341354,6.302816
JVASP-65094,2,Ni,17.69838,1.16779,16.546906
JVASP-65094,3,Se,112.75981,0.16244508,112.604034
JVASP-67707,0,Be,10.7410145,1.3339071,12.070149
JVASP-67707,1,Ni,6.6430182,0.22907338,6.418862
JVASP-67707,2,Se,154.18314,0.070070714,154.11899
JVASP-68150,0,Be,1.3962091,0.6049104,0.7997823
JVASP-68150,1,Ni,96.87569,0.15896256,97.029884
JVASP-68150,2,Se,134.71541,7.822275,126.901276
JVASP-68150,3,Se,92.509056,1.7965751,90.71809
JVASP-35686,0,Lu,246.44193,107.815544,138.76558
JVASP-35686,1,Ag,215.40771,217.63875,4.107437
JVASP-35686,2,O,76.6874,61.634907,15.309052
JVASP-35686,3,O,76.6874,61.634907,15.309052
JVASP-87009,0,La,160.13416,9.553139,150.62318
JVASP-87009,1,La,160.13416,9.55314,150.62318
JVASP-87009,2,Se,37.057922,33.40815,70.44241
JVASP-87009,3,Se,37.057922,33.40815,70.44241
JVASP-87009,4,F,59.80797,47.1195,106.92333
JVASP-87009,5,F,59.80797,47.119503,106.92333
JVASP-67605,0,Be,1.20025,15.075739,16.270542
JVASP-67605,1,Be,15.645707,4.745704,10.913017
JVASP-67605,2,Tl,357.65488,12.431928,345.25632
JVASP-67605,3,Cl,151.27559,0.8798742,152.12918
JVASP-33813,0,Ho,124.296906,0.07062835,124.36438
JVASP-33813,1,Ho,124.29732,0.07062842,124.36479
JVASP-33813,2,I,227.33008,2.013875,226.25507
JVASP-33813,3,I,227.33008,2.0138752,226.28873
JVASP-33813,4,I,227.329,2.0138948,226.50493
JVASP-33813,5,I,227.33008,2.013875,226.25507
JVASP-33813,6,I,227.33008,2.0138748,226.28873
JVASP-33813,7,I,227.3294,2.013895,226.50536
JVASP-35097,0,Th,290.89404,3.1511142,287.75262
JVASP-35097,1,Th,216.80312,12.583953,204.23825
JVASP-35097,2,H,42.332493,0.29506993,42.610157
JVASP-35097,3,N,7.000642,0.0856833,6.916087
JVASP-35097,4,N,3.6276941,0.092504695,3.5399168
JVASP-35097,5,N,82.507385,0.13594267,82.37207
JVASP-17303,0,F,208.6602,0.02585355,208.64662
JVASP-17303,1,F,208.6604,0.02585355,208.67549
JVASP-17303,2,F,208.65942,0.025853556,208.65744
JVASP-17303,3,F,208.6604,0.025853556,208.67549
JVASP-17303,4,F,208.6602,0.025853546,208.64662
JVASP-17303,5,F,208.65942,0.02585355,208.65744
JVASP-17303,6,Rh,55.02388,3.521611,52.772717
JVASP-17303,7,Cd,10.652275,5.1217766,14.305666
JVASP-14262,0,Tm,68.26096,0.057214208,68.23731
JVASP-14262,1,Tm,66.58688,0.044435665,66.61528
JVASP-14262,2,Tm,66.58688,0.044435665,66.61528
JVASP-14262,3,Tm,66.58688,0.044435684,66.60816
JVASP-14262,4,Tm,68.26096,0.05721429,68.2365
JVASP-14262,5,Tm,68.26096,0.0572142,68.23731
JVASP-14262,6,Tm,66.58688,0.044435672,66.60816
JVASP-14262,7,Tm,68.26096,0.057214268,68.2365
JVASP-14262,8,S,36.12908,0.14048234,36.14581
JVASP-14262,9,S,36.12908,0.14048229,36.146324
JVASP-14262,10,S,36.12908,0.14048232,36.146324
JVASP-14262,11,S,36.12908,0.14048217,36.14581
JVASP-14262,12,S,23.53883,0.1613552,23.567846
JVASP-14262,13,S,28.749166,0.08464873,28.681757
JVASP-14262,14,S,28.749166,0.08464875,28.681757
JVASP-14262,15,S,23.53883,0.16135527,23.567846
JVASP-14262,16,S,23.53883,0.16135505,23.564568
JVASP-14262,17,S,28.749166,0.08464872,28.699463
JVASP-14262,18,S,23.53883,0.16135511,23.564568
JVASP-14262,19,S,28.749166,0.08464884,28.699463
JVASP-19966,0,S,0.0,0.6434947,0.6434947
JVASP-19966,1,Tm,0.008286536,7.3111243,7.315605
JVASP-11361,0,S,23.950377,0.12087158,23.970402
JVASP-11361,1,S,23.951769,0.12087156,23.966627
JVASP-11361,2,S,23.950762,0.12087166,23.877907
JVASP-11361,3,S,23.950377,0.12087161,23.970402
JVASP-11361,4,S,23.950762,0.12087166,23.877907
JVASP-11361,5,S,23.951769,0.12087158,23.966627
JVASP-11361,6,Tm,16.20393,0.0525275,16.165115
JVASP-11361,7,Tm,16.20393,0.05252748,16.165115
JVASP-11361,8,Tm,16.20393,0.05252748,16.165115
JVASP-11361,9,Tm,16.20393,0.05252751,16.165115
JVASP-38562,0,Nd,60.877575,0.20958151,61.085346
JVASP-38562,1,Nd,60.877575,0.20958148,61.085346
JVASP-38562,2,Sc,9.418218,0.39955387,9.068711
JVASP-38562,3,Sc,9.416876,0.39952305,9.04472
JVASP-38562,4,Sc,9.418218,0.39955392,9.079633
JVASP-38562,5,Sc,9.418218,0.39955378,9.068711
JVASP-38562,6,Sc,9.41762,0.3995232,9.04546
JVASP-38562,7,Sc,9.418218,0.3995538,9.079633
JVASP-67851,0,Be,1.9947011,0.535948,1.4648081
JVASP-67851,1,Nb,44.452526,0.030782118,44.477104
JVASP-67851,2,Nb,109.38931,0.06311974,109.44877
JVASP-67851,3,Cu,13.705711,0.61065525,14.305897
JVASP-79744,0,Ca,104.3201,0.17281455,104.23467
JVASP-79744,1,Ca,104.3201,0.17281455,104.23467
JVASP-79744,2,Ca,104.3201,0.17281462,104.23467
JVASP-79744,3,Ca,104.3201,0.17281455,104.23467
JVASP-79744,4,P,35.476437,0.04590616,35.451355
JVASP-79744,5,P,35.476437,0.04590616,35.451355
JVASP-79744,6,Au,50.923737,0.32851297,51.141045
JVASP-79744,7,Au,50.923737,0.328513,51.141045
JVASP-16301,0,Ca,0.60992295,0.12083752,0.49390742
JVASP-16301,1,Ca,0.60992295,0.12083755,0.49390736
JVASP-16301,2,P,80.04443,0.18808404,79.86354
JVASP-16301,3,P,80.04443,0.18808395,79.86354
JVASP-16301,4,Au,632.58075,378.80524,253.92543
JVASP-16301,5,Au,632.58075,378.80524,253.92543
JVASP-65268,0,Be,4.6246443,0.5491994,4.077379
JVASP-65268,1,Cu,2.305788,0.5209984,2.8179603
JVASP-65268,2,Si,41.382908,0.17267416,41.211967
JVASP-67593,0,Be,0.36497673,0.42779517,0.07382007
JVASP-67593,1,Cu,17.71471,0.7037129,18.414936
JVASP-67593,2,Si,12.44749,0.02130125,12.450851
JVASP-51854,0,H,28.58636,0.9791638,27.610851
JVASP-51854,1,C,76.5686,0.26695728,76.8268
JVASP-51854,2,N,117.06601,0.123907894,116.94851
JVASP-53954,0,H,28.58881,0.9791943,27.613274
JVASP-53954,1,H,28.58881,0.9791943,27.613274
JVASP-53954,2,C,76.56941,0.26689824,76.827545
JVASP-53954,3,C,76.56941,0.26689836,76.827545
JVASP-53954,4,N,117.066826,0.124137424,116.9491
JVASP-53954,5,N,117.066826,0.12413741,116.9491
JVASP-78707,0,H,28.445948,0.96189356,28.97582
JVASP-78707,1,H,28.445948,0.96189326,28.97582
JVASP-78707,2,C,76.36586,0.25044808,76.20444
JVASP-78707,3,C,76.36586,0.25044808,76.20444
JVASP-78707,4,N,117.36105,0.1365782,117.399185
JVASP-78707,5,N,117.36105,0.13657805,117.399185
JVASP-69032,0,Ba,171.95581,11.117249,160.86546
JVASP-69032,1,Li,1.0263362,0.03899671,1.0598172
JVASP-69032,2,Li,1.0263362,0.03899674,1.0598173
JVASP-69032,3,Cl,3.9028537,0.072557546,3.8327136
JVASP-65454,0,Ba,259.472,89.69424,169.7934
JVASP-65454,1,Zn,5.8844905,0.590852,5.3157563
JVASP-65454,2,Pt,1.3504853,60.22755,58.87775
JVASP-65454,3,Pt,1.3504853,60.22756,58.877758
JVASP-65485,0,Ba,263.9913,89.50779,174.49907
JVASP-65485,1,Zn,6.5776963,0.5954545,6.0041313
JVASP-65485,2,Pt,10.80225,60.355247,49.559475
JVASP-65485,3,Pt,10.80225,60.355255,49.559486
JVASP-46114,0,Li,0.77625126,0.14367042,0.7278894
JVASP-46114,1,Mn,59.099056,0.10008376,59.138298
JVASP-46114,2,C,41.288895,0.017415827,41.285503
JVASP-46114,3,C,41.288895,0.017415827,41.285503
JVASP-46114,4,O,158.45743,0.08280155,158.45236
JVASP-46114,5,O,158.45734,0.08280096,158.52843
JVASP-46114,6,O,158.45648,0.08280046,158.38951
JVASP-46114,7,O,158.45648,0.08280046,158.38951
JVASP-46114,8,O,158.45734,0.082800955,158.52843
JVASP-46114,9,O,158.45743,0.08280154,158.45236
JVASP-16386,0,Na,0.786421,0.03145574,0.7661808
JVASP-16386,1,Se,43.19946,0.14529237,43.07087
JVASP-16386,2,Se,43.19946,0.14529237,43.07087
JVASP-16386,3,Yb,47.654007,0.059461676,47.598877
JVASP-36425,0,Tc,0.0,0.1829665,0.1829665
JVASP-36425,1,C,0.0,0.19313836,0.19313836
JVASP-36422,0,Tc,0.0,0.056990642,0.056990642
JVASP-36422,1,C,0.0,0.061590426,0.061590426
JVASP-78296,0,Tc,0.0,0.057000075,0.057000075
JVASP-78296,1,Tc,0.0,0.057000075,0.057000075
JVASP-78296,2,Tc,0.0,0.057000093,0.057000093
JVASP-78296,3,Tc,0.0,0.057000075,0.057000075
JVASP-78296,4,C,0.0,0.06159783,0.06159783
JVASP-78296,5,C,0.0,0.061597835,0.061597835
JVASP-78296,6,C,0.0,0.06159787,0.06159787
JVASP-78296,7,C,0.0,0.06159785,0.06159785
JVASP-37219,0,Sm,0.0,0.034355234,0.034355234
JVASP-37219,1,Ga,0.0,0.035694227,0.035694227
JVASP-37219,2,O,36.82971,0.033699997,36.845097
JVASP-37219,3,O,36.829712,0.033700008,36.846367
JVASP-37219,4,O,36.829712,0.033699986,36.7977
JVASP-7654,0,K,44.25983,0.04253582,44.218037
JVASP-7654,1,Au,1426.6343,0.21860541,1426.8356
JVASP-7654,2,C,63.97169,0.019365048,63.95556
JVASP-7654,3,C,63.97169,0.0193651,63.95556
JVASP-15189,0,Al,9.2419815,0.3513483,9.268334
JVASP-15189,1,Al,28.970642,0.7785913,28.635313
JVASP-15189,2,Al,9.2419815,0.35134858,9.268334
JVASP-15189,3,Si,24.016506,0.14401563,24.08466
JVASP-15189,4,Si,24.016506,0.14401568,24.08466
JVASP-15189,5,Ho,59.6466,0.06949755,59.5959
JVASP-15189,6,Ho,59.6466,0.069497555,59.5959
JVASP-16253,0,Ho,43.980907,0.11895149,44.09916
JVASP-16253,1,Ho,43.980907,0.11895155,44.09916
JVASP-16253,2,Ho,43.980907,0.11895154,44.09916
JVASP-16253,3,Ho,43.980907,0.11895156,44.09916
JVASP-16253,4,Al,23.77487,0.04932058,23.808634
JVASP-16253,5,Al,23.77487,0.04932057,23.808634
JVASP-16253,6,Si,43.935028,0.023831394,43.940147
JVASP-16253,7,Si,43.935028,0.023831395,43.940147
JVASP-16253,8,Si,43.935028,0.023831394,43.940147
JVASP-16253,9,Si,43.935028,0.023831397,43.940147
JVASP-3546,0,K,5.11096,0.17123869,4.988673
JVASP-3546,1,K,5.11096,0.1712387,4.9763703
JVASP-3546,2,Pd,148.18759,31.753704,179.91066
JVASP-3546,3,Cl,222.60187,0.17218082,222.52765
JVASP-3546,4,Cl,222.60187,0.1721808,222.52742
JVASP-3546,5,Cl,222.60187,0.1721808,222.52742
JVASP-3546,6,Cl,222.60187,0.17218083,222.52765
JVASP-35276,0,Pr,30.156893,0.40774372,29.770815
JVASP-35276,1,Pr,30.156893,0.4077438,29.770813
JVASP-35276,2,Ni,44.021008,12.155547,31.86837
JVASP-35276,3,Ni,44.021008,12.15555,31.868368
JVASP-35276,4,Sb,33.90339,73.7121,107.61417
JVASP-35276,5,Sb,33.90339,73.7121,107.61416
JVASP-39145,0,Li,0.13962092,0.10083559,0.23513106
JVASP-39145,1,Sm,4.988794,0.23491971,4.777243
JVASP-39145,2,Cu,40.8134,32.096397,8.777436
JVASP-39145,3,Cu,40.8134,32.096394,8.777441
JVASP-39145,4,P,0.6303354,0.36107105,0.984185
JVASP-39145,5,P,0.6303354,0.36107114,0.9841851
JVASP-35695,0,Mg,1.3023129,0.046992403,1.2568295
JVASP-35695,1,Mg,1.3023129,0.046992417,1.2568295
JVASP-35695,2,Se,1.4831662,0.19963722,1.2841772
JVASP-35695,3,Se,1.4831662,0.19963707,1.2841774
JVASP-1774,0,Mg,0.007659417,0.046666212,0.05259439
JVASP-1774,1,Se,0.0,0.20045985,0.20045985
JVASP-7678,0,Mg,0.007916228,0.0983594,0.094618395
JVASP-7678,1,Se,0.00081649655,8.544819,8.5440035
JVASP-78422,0,Mg,0.0,0.09835849,0.09835849
JVASP-78422,1,Mg,0.0,0.09835869,0.09835869
JVASP-78422,2,Mg,0.0,0.09835865,0.09835865
JVASP-78422,3,Mg,0.0,0.09835862,0.09835862
JVASP-78422,4,Se,0.0,8.544803,8.544803
JVASP-78422,5,Se,0.0,8.544804,8.544804
JVASP-78422,6,Se,0.0,8.544803,8.544803
JVASP-78422,7,Se,0.0,8.544803,8.544803
JVASP-14723,0,Tm,0.0,0.0829946,0.0829946
JVASP-14723,1,Au,0.0,0.24542244,0.24542244
JVASP-36645,0,Tm,31.899153,0.013935696,31.905287
JVASP-36645,1,Tm,31.899153,0.013935699,31.905287
JVASP-36645,2,Au,232.13655,0.028850388,232.15887
JVASP-36645,3,Au,232.13655,0.028850375,232.15887
JVASP-14783,0,Tm,9.021234,0.06822802,9.069584
JVASP-14783,1,Au,156.39922,0.07738772,156.45383
JVASP-14783,2,Au,156.39922,0.07738765,156.45383
JVASP-36291,0,Ir,124.48756,0.2016476,124.29854
JVASP-36291,1,N,26.640652,0.11532543,26.526329
JVASP-16907,0,Ir,325.85767,0.008684583,325.858
JVASP-16907,1,Ir,325.85767,0.008684564,325.85846
JVASP-16907,2,N,64.3408,0.063521706,64.34369
JVASP-16907,3,N,64.3408,0.063521676,64.34369
JVASP-16907,4,N,64.3408,0.06352171,64.34903
JVASP-16907,5,N,64.3408,0.0635217,64.34903
JVASP-35906,0,Ir,144.3468,1.3798783,142.97113
JVASP-35906,1,Ir,144.3468,1.3798779,144.99202
JVASP-35906,2,Ir,144.3468,1.3798779,145.08713
JVASP-35906,3,N,45.19063,0.16209836,45.351795
JVASP-35906,4,N,45.190636,0.16209835,45.103607
JVASP-35906,5,N,45.190636,0.16209835,45.116943
JVASP-36281,0,Ir,0.0,0.7945074,0.7945074
JVASP-36281,1,N,0.0,0.09890499,0.09890499
JVASP-36282,0,Ir,0.0,0.10746804,0.10746804
JVASP-36282,1,N,0.0,0.07806615,0.07806615
JVASP-36285,0,Ir,0.0,0.26290375,0.26290375
JVASP-36285,1,N,0.0,0.089656845,0.089656845
JVASP-36298,0,Ir,29.212614,6.272613,22.9553
JVASP-36298,1,N,33.915634,0.060930453,33.972256
JVASP-36298,2,N,33.915634,0.06093046,33.972256
JVASP-35905,0,Ir,87.73873,0.53590775,87.52225
JVASP-35905,1,Ir,87.73873,0.5359081,87.52225
JVASP-35905,2,N,18.842457,0.087665565,18.76415
JVASP-35905,3,N,18.842457,0.087665565,18.76415
JVASP-35905,4,N,18.842457,0.08766557,18.759174
JVASP-35905,5,N,18.842457,0.08766559,18.759174
JVASP-78788,0,Ir,122.812325,0.21154821,122.9487
JVASP-78788,1,Ir,122.812325,0.21154813,122.9487
JVASP-78788,2,N,19.160038,0.082061894,19.230755
JVASP-78788,3,N,19.160038,0.082061894,19.235785
JVASP-78788,4,N,19.160038,0.08206191,19.230755
JVASP-78788,5,N,19.160038,0.0820619,19.235785
JVASP-79452,0,Ir,392.33322,1.2442808,393.1742
JVASP-79452,1,Ir,392.33322,1.2442813,393.24698
JVASP-79452,2,N,10.670794,0.07121781,10.604886
JVASP-79452,3,N,10.670794,0.07121783,10.604886
JVASP-79591,0,Ir,77.53615,0.0810387,77.46091
JVASP-79591,1,Ir,77.53615,0.081038676,77.46091
JVASP-79591,2,N,10.07965,0.023509007,10.0589485
JVASP-79591,3,N,10.07965,0.023508994,10.0589485
JVASP-39315,0,Li,0.0,0.13312596,0.13312596
JVASP-39315,1,Ho,3.831002,0.27149162,4.0946817
JVASP-39315,2,Ho,3.831002,0.27149156,3.751561
JVASP-39315,3,Ho,3.831002,0.27149147,3.661997
JVASP-39319,0,Li,0.7160675,0.16913195,0.8812617
JVASP-39319,1,Li,0.7160675,0.16913192,0.8812617
JVASP-39319,2,Ho,20.269526,0.31556454,20.570335
JVASP-39319,3,Ho,20.269526,0.3155645,20.570335
JVASP-39319,4,Ho,55.983086,0.3675652,56.338215
JVASP-39319,5,Ho,20.269526,0.31556454,20.570335
JVASP-39319,6,Ho,20.269526,0.31556442,20.570335
JVASP-39319,7,Ho,55.983086,0.3675652,56.338215
JVASP-3054,0,Rb,16.928423,0.12602071,16.954237
JVASP-3054,1,Rb,16.928423,0.12602063,16.954237
JVASP-3054,2,Ca,26.866005,0.074389026,26.802404
JVASP-3054,3,Ca,26.866005,0.074388996,26.802404
JVASP-3054,4,As,37.59967,0.5356956,38.13425
JVASP-3054,5,As,37.59967,0.53569585,38.134254
JVASP-35521,0,Si,3.0937057,0.033461407,3.0648086
JVASP-35521,1,Sb,103.471344,0.05381263,103.42089
JVASP-35521,2,Pt,174.77924,0.08823678,174.80392
JVASP-35521,3,Pt,174.77924,0.088236734,174.80392
JVASP-35521,4,Pt,174.77924,0.08823683,174.82108
JVASP-35521,5,Pt,174.77924,0.088236794,174.82108
JVASP-35521,6,Pt,106.65324,0.117547825,106.76555
JVASP-80168,0,Na,9.56638,0.007999161,9.568922
JVASP-80168,1,Na,9.56638,0.007999144,9.568922
JVASP-80168,2,Li,0.43496513,0.029593373,0.42776895
JVASP-80168,3,Li,0.43496513,0.029593386,0.42776895
JVASP-80168,4,Li,0.43496513,0.029593373,0.42776895
JVASP-80168,5,Li,0.43496513,0.029593388,0.42776895
JVASP-80168,6,Hg,40.32123,0.09195884,40.39218
JVASP-80168,7,Hg,40.32123,0.091958836,40.39218
JVASP-81188,0,Na,13.191563,0.0074082813,13.187756
JVASP-81188,1,Na,13.191563,0.0074083074,13.187756
JVASP-81188,2,Li,1.3011103,0.054367803,1.2546911
JVASP-81188,3,Li,1.3011103,0.05436779,1.2546911
JVASP-81188,4,Hg,51.36461,0.08033675,51.440506
JVASP-81188,5,Hg,51.36461,0.080336735,51.440506
JVASP-81188,6,Hg,51.36461,0.08033671,51.440506
JVASP-81188,7,Hg,51.36461,0.08033676,51.440506
JVASP-10206,0,In,96.50255,49.45248,47.066406
JVASP-10206,1,In,96.50255,49.45248,47.066406
JVASP-10206,2,Ga,43.731964,0.15099578,43.876133
JVASP-10206,3,Ga,43.731964,0.15099573,43.876133
JVASP-10206,4,O,25.190554,0.35691962,25.527372
JVASP-10206,5,O,25.190554,0.3569196,25.527372
JVASP-10206,6,O,25.190554,0.35691968,25.527372
JVASP-10206,7,O,25.190554,0.35691977,25.527372
JVASP-10206,8,O,146.94366,0.7739279,146.20401
JVASP-10206,9,O,146.94366,0.77392805,146.20401
JVASP-12135,0,Tb,67.664444,12.681871,79.59942
JVASP-12135,1,Tb,67.664444,12.681872,79.59942
JVASP-12135,2,Cl,1.401632,4.9292917,6.2766533
JVASP-12135,3,Cl,1.401632,4.9292912,6.276653
JVASP-57020,0,Tb,61.594463,0.075740345,61.662903
JVASP-57020,1,Tb,61.594868,0.07574027,61.66331
JVASP-57020,2,Cl,66.09189,0.110903904,66.076775
JVASP-57020,3,Cl,66.09265,0.11090189,66.05123
JVASP-57020,4,Cl,66.09265,0.1109019,66.05123
JVASP-57020,5,Cl,66.092415,0.110901296,66.060715
JVASP-57020,6,Cl,66.09189,0.11090391,66.076775
JVASP-57020,7,Cl,66.092415,0.110901296,66.060715
JVASP-8587,0,Cl,50.464527,0.055353813,50.44355
JVASP-8587,1,Cl,50.464527,0.055353828,50.44355
JVASP-8587,2,Cl,92.08246,0.19614975,91.89087
JVASP-8587,3,Cl,92.08246,0.19614975,91.89087
JVASP-8587,4,Cl,50.464527,0.055353828,50.451836
JVASP-8587,5,Cl,50.464527,0.055353813,50.451836
JVASP-8587,6,Tb,100.51345,0.3779458,100.73449
JVASP-8587,7,Tb,100.51345,0.3779459,100.73449
JVASP-8667,0,Tb,66.96255,11.197235,77.49135
JVASP-8667,1,Tb,66.96255,11.197232,77.49135
JVASP-8667,2,Cl,0.8843374,4.6336746,5.4805527
JVASP-8667,3,Cl,0.8843374,4.6336756,5.480553
JVASP-34327,0,Tl,603.23303,0.039001405,603.2079
JVASP-34327,1,Tl,541.7696,0.06909082,541.80927
JVASP-34327,2,Ni,8.573662,0.15450387,8.516526
JVASP-34327,3,Ni,8.578263,0.154504,8.515257
JVASP-34327,4,Ni,8.58576,0.15450376,8.546811
JVASP-34327,5,S,27.780441,0.02646034,27.79688
JVASP-34327,6,S,27.780441,0.026460348,27.79688
JVASP-57505,0,Tl,72.11642,0.19453952,71.960815
JVASP-57505,1,Ni,28.422411,4.7019987,24.602066
JVASP-57505,2,Ni,28.422411,4.701999,24.602066
JVASP-57505,3,S,23.37312,9.444362,31.755148
JVASP-57505,4,S,23.37312,9.44436,31.755148
JVASP-19741,0,Lu,0.0,0.1861293,0.1861293
JVASP-19741,1,Ir,0.0,0.20079109,0.20079109
JVASP-2448,0,Ga,0.62147135,0.13392052,0.7022854
JVASP-2448,1,Ga,0.62147135,0.13392048,0.7022854
JVASP-2448,2,Se,244.90706,0.3357948,244.69867
JVASP-2448,3,Se,244.90752,0.33579496,245.0976
JVASP-2448,4,Se,244.90862,0.3357949,245.08519
JVASP-2448,5,Se,244.90822,0.3357948,244.6924
JVASP-2448,6,Ag,46.863316,0.08548784,46.897182
JVASP-2448,7,Ag,46.863316,0.08548774,46.897182
JVASP-29599,0,Mn,3.459971,5.549924,3.0016696
JVASP-29599,1,Br,44.624283,0.870769,45.420444
JVASP-29599,2,Br,44.624283,0.8707674,45.42044
JVASP-2041,0,Mn,3.1512723,0.1748476,3.3195148
JVASP-2041,1,Br,38.41943,2.316064,40.722553
JVASP-2041,2,Br,38.41943,2.316064,40.722553
JVASP-67582,0,K,22.923141,0.3950498,22.536283
JVASP-67582,1,Be,3.1279984,0.78624296,2.3480613
JVASP-67582,2,Pb,795.90045,23.116787,819.00397
JVASP-67582,3,Pb,344.7812,0.30878454,344.47736
JVASP-81525,0,Ca,119.12395,0.09076179,119.05696
JVASP-81525,1,Ca,119.12395,0.09076179,119.05696
JVASP-81525,2,Ca,119.12395,0.09076177,119.05696
JVASP-81525,3,Ca,119.12395,0.0907618,119.05696
JVASP-81525,4,Pb,416.99844,0.33285856,417.09708
JVASP-81525,5,Pb,416.99844,0.33285883,417.09708
JVASP-81525,6,Au,718.074,86.50032,654.7378
JVASP-81525,7,Au,718.074,86.50033,654.7378
JVASP-18049,0,Ce,0.0,0.010608492,0.010608492
JVASP-18049,1,B,18.113161,0.17214319,18.281967
JVASP-18049,2,B,18.113161,0.17214307,18.281967
JVASP-18049,3,B,18.113161,0.17214313,18.007992
JVASP-18049,4,B,18.113161,0.17214307,18.007992
JVASP-18049,5,B,18.113161,0.17214315,18.050777
JVASP-18049,6,B,18.113161,0.17214318,18.050777
JVASP-7754,0,Er,35.559242,35.22207,1.6094297
JVASP-7754,1,Er,35.559242,35.222065,1.6094313
JVASP-7754,2,S,18.990892,0.10587091,18.9572
JVASP-7754,3,O,18.869644,4.435506,23.289085
JVASP-7754,4,O,18.869644,4.4355063,23.289085
JVASP-16038,0,Li,0.3151677,0.16452545,0.47872302
JVASP-16038,1,Li,0.3151677,0.16452545,0.47872302
JVASP-16038,2,Ni,7.749369,4.9929395,2.850736
JVASP-16038,3,Ni,7.749369,4.9929385,2.850737
JVASP-16038,4,Ni,7.749369,4.9929395,2.850736
JVASP-16038,5,Ni,7.749369,4.9929385,2.850737
JVASP-16038,6,P,36.46964,7.3764772,29.182522
JVASP-16038,7,P,36.46964,7.3764753,29.182522
JVASP-16038,8,P,36.46964,7.3764772,29.18252
JVASP-16038,9,P,36.46964,7.3764777,29.18252
JVASP-49832,0,Li,0.5029619,0.059567958,0.5588997
JVASP-49832,1,Li,0.5029619,0.05956795,0.55889964
JVASP-49832,2,Ni,15.161525,0.042363398,15.153792
JVASP-49832,3,Ni,15.161525,0.042363394,15.153792
JVASP-49832,4,P,23.103588,0.1780225,22.929914
JVASP-49832,5,P,23.103588,0.17802246,22.929914
JVASP-64904,0,K,27.88091,1.1969272,29.07248
JVASP-64904,1,K,27.88091,1.1969272,29.07248
JVASP-64904,2,Ta,381.08914,0.06619905,381.14493
JVASP-64904,3,Ta,381.08914,0.06619912,381.14493
JVASP-64904,4,Be,9.495038,1.4658265,8.039242
JVASP-64904,5,Be,8.9234915,0.9812489,9.899689
JVASP-64904,6,Be,9.495038,1.4658262,8.039242
JVASP-64904,7,Be,8.9234915,0.9812491,9.899689
JVASP-50095,0,Na,5.8714275,0.13362278,6.002664
JVASP-50095,1,Lu,152.395,88.28185,64.21741
JVASP-50095,2,O,3.5260408,1.1872555,2.3688033
JVASP-50095,3,O,3.5260408,1.1872559,2.3688028
JVASP-50893,0,Na,32.725636,0.04885813,32.73983
JVASP-50893,1,Na,32.725636,0.04885813,32.73983
JVASP-50893,2,Lu,123.50709,49.128616,108.11188
JVASP-50893,3,Lu,123.50709,49.128605,108.111885
JVASP-50893,4,O,6.168811,0.06042892,6.16499
JVASP-50893,5,O,6.168811,0.060429003,6.16499
JVASP-50893,6,O,6.168811,0.060428917,6.192636
JVASP-50893,7,O,6.168811,0.06042892,6.192636
JVASP-55216,0,Tm,136.885,0.68430525,136.99092
JVASP-55216,1,Tm,136.885,0.68430394,136.99092
JVASP-55216,2,Tm,136.885,0.684305,137.02705
JVASP-55216,3,Tm,136.885,0.6843044,137.02705
JVASP-55216,4,Pd,118.80374,95.27015,40.022957
JVASP-55216,5,Pd,118.80374,95.27016,39.43222
JVASP-55216,6,Pd,118.80374,95.27014,39.432224
JVASP-55216,7,Pd,118.80374,95.27016,40.022953
JVASP-55216,8,Pb,212.26218,0.121670455,212.21495
JVASP-55216,9,Pb,212.26218,0.121670455,212.21495
JVASP-37029,0,Ti,29.606152,0.12442852,29.635601
JVASP-37029,1,Ti,29.606152,0.12442859,29.635601
JVASP-37029,2,Ti,29.606152,0.124428585,29.635601
JVASP-37029,3,Ti,29.606152,0.12442849,29.635601
JVASP-37029,4,Mo,81.95368,3.9107883,81.35877
JVASP-37029,5,Mo,81.95368,3.910787,81.35877
JVASP-37029,6,Mo,81.95368,3.9107895,81.35877
JVASP-37029,7,Mo,81.95368,3.910789,81.35877
JVASP-79461,0,Ti,5.414326,0.7745497,5.7974195
JVASP-79461,1,Mo,26.56,0.7756573,27.22763
JVASP-79461,2,Mo,26.56,0.77565724,27.22763
JVASP-79461,3,Mo,52.373676,0.1750573,52.201347
JVASP-67840,0,Be,6.6250634,0.5025884,7.108263
JVASP-67840,1,Si,50.51828,1.4363736,49.08506
JVASP-67840,2,Tl,460.45016,0.58502877,459.89276
JVASP-31165,0,Br,460.94897,0.7886733,460.79852
JVASP-31165,1,Br,460.94888,0.78867984,460.92987
JVASP-31165,2,F,262.38583,55.26601,274.45724
JVASP-31165,3,F,262.38626,55.26602,240.49712
JVASP-31165,4,O,214.80446,25.45321,202.35902
JVASP-31165,5,O,220.55219,21.490746,233.64838
JVASP-31165,6,O,214.80418,25.453217,233.64682
JVASP-31165,7,O,220.55177,21.490755,222.91167
JVASP-29601,0,Cl,163.97124,0.14002165,163.99158
JVASP-29601,1,Cl,163.97127,0.1400442,163.946
JVASP-29601,2,Cl,163.97127,0.14004025,163.946
JVASP-29601,3,Cl,163.97127,0.14002644,163.94717
JVASP-29601,4,Cl,163.97127,0.14003046,163.94717
JVASP-29601,5,Cl,163.97124,0.14002171,163.99158
JVASP-29601,6,Cr,0.10900459,9.783893,9.892443
JVASP-29601,7,Cr,0.10778683,9.784301,9.891618
JVASP-22632,0,Cr,2.9529843,36.7835,34.92858
JVASP-22632,1,Cr,2.9529843,36.783497,34.928577
JVASP-22632,2,Cl,160.2148,0.11348955,160.28853
JVASP-22632,3,Cl,160.21382,0.11348946,160.22928
JVASP-22632,4,Cl,160.21382,0.1134894,160.22928
JVASP-22632,5,Cl,160.2137,0.11348916,160.12297
JVASP-22632,6,Cl,160.2148,0.11348963,160.28853
JVASP-22632,7,Cl,160.2137,0.11348911,160.12297
JVASP-5365,0,Cl,161.99031,0.17435269,162.07054
JVASP-5365,1,Cl,161.9909,0.17435199,161.98245
JVASP-5365,2,Cl,161.2598,0.15702401,161.17189
JVASP-5365,3,Cl,161.2598,0.15702392,161.17189
JVASP-5365,4,Cl,161.9909,0.17435195,161.98245
JVASP-5365,5,Cl,161.99031,0.17435262,162.07054
JVASP-5365,6,Cr,3.712439,5.0492153,2.5640943
JVASP-5365,7,Cr,3.712439,5.049215,2.564094
JVASP-8556,0,Cr,13.096765,0.042791367,13.113273
JVASP-8556,1,Cr,13.096765,0.042791385,13.123705
JVASP-8556,2,Cl,145.0352,0.02862357,145.04199
JVASP-8556,3,Cl,145.0352,0.028623598,145.04199
JVASP-8556,4,Cl,145.0352,0.028623587,145.0333
JVASP-8556,5,Cl,145.0352,0.028623583,145.0333
JVASP-1711,0,Se,0.78937066,0.37808102,1.1315961
JVASP-1711,1,Se,0.78937066,0.3780811,1.1315962
JVASP-1711,2,Rb,49.888027,0.092417434,49.971844
JVASP-1711,3,Sm,31.029903,0.10316979,30.943449
JVASP-15203,0,Sm,0.0,0.00916107,0.00916107
JVASP-15203,1,B,0.0,0.10067434,0.10067434
JVASP-15203,2,Pd,124.277306,0.0402938,124.31036
JVASP-15203,3,Pd,124.277306,0.040293828,124.26452
JVASP-15203,4,Pd,124.277306,0.040293846,124.257065
JVASP-28426,0,Zr,34.0079,0.03346322,34.040207
JVASP-28426,1,Zr,34.0079,0.033463188,34.040207
JVASP-28426,2,H,3.3153844,0.24469148,3.0746496
JVASP-28426,3,H,3.3153844,0.24469146,3.0746496
JVASP-28426,4,Cl,7.714668,0.17349164,7.885448
JVASP-28426,5,Cl,7.714668,0.17349163,7.885448
JVASP-35494,0,Lu,189.01488,0.015630642,189.00288
JVASP-35494,1,Ti,43.431904,0.058013257,43.485237
JVASP-35494,2,Ti,43.431904,0.058013313,43.485237
JVASP-35494,3,Ga,86.20394,0.2521909,86.04257
JVASP-35494,4,Ga,86.20394,0.25219092,86.04257
JVASP-35494,5,Ga,86.20394,0.25219077,86.045334
JVASP-35494,6,Ga,86.20394,0.2521909,86.045334
JVASP-11322,0,Ca,10.263385,1.4037752,11.665799
JVASP-11322,1,Ca,10.2646055,1.40361,11.666855
JVASP-11322,2,Ti,14.2695875,0.11009882,14.160076
JVASP-11322,3,Ti,14.2696295,0.11009824,14.160121
JVASP-11322,4,F,37.44348,0.10593329,37.42655
JVASP-11322,5,F,37.452747,0.107744366,37.43512
JVASP-11322,6,F,37.454067,0.10773936,37.43643
JVASP-11322,7,F,37.438255,0.06878384,37.446575
JVASP-11322,8,F,37.4422,0.10593873,37.425262
JVASP-11322,9,F,37.45496,0.10500578,37.455334
JVASP-11322,10,F,37.451397,0.10501584,37.451748
JVASP-11322,11,F,37.443714,0.06870136,37.45205
JVASP-8319,0,Ca,7.16188,7.470561,13.019272
JVASP-8319,1,Ti,6.020732,0.022489423,6.039551
JVASP-8319,2,F,66.53645,0.1098317,66.57305
JVASP-8319,3,F,66.53615,0.10983176,66.478424
JVASP-8319,4,F,66.5361,0.10983186,66.554924
JVASP-8319,5,F,66.53615,0.1098318,66.478424
JVASP-8319,6,F,66.53645,0.10983174,66.57305
JVASP-8319,7,F,66.5361,0.10983192,66.554924
JVASP-1432,0,O,31.55748,0.052293062,31.528635
JVASP-1432,1,O,31.55748,0.052293096,31.528635
JVASP-1432,2,Na,0.013190906,0.11246572,0.101584114
JVASP-1432,3,Tl,84.716095,5.5484166,80.03811
JVASP-35385,0,Rb,17.638777,0.028306242,17.665794
JVASP-35385,1,Rb,17.638777,0.028306251,17.665794
JVASP-35385,2,Np,299.55136,0.26697683,299.2867
JVASP-35385,3,O,16.499763,0.05296901,16.454363
JVASP-35385,4,O,16.499763,0.052969027,16.454363
JVASP-35385,5,O,36.973648,0.041951776,37.002007
JVASP-35385,6,O,36.973648,0.04195178,37.0125
JVASP-38305,0,Rb,0.0,0.010457306,0.010457306
JVASP-38305,1,Np,0.0,0.04542838,0.04542838
JVASP-38305,2,O,14.016797,0.040498678,14.046359
JVASP-38305,3,O,14.016796,0.040498633,13.981666
JVASP-38305,4,O,14.016797,0.04049865,14.022465
JVASP-54989,0,Tm,11.275818,0.50206167,10.821318
JVASP-54989,1,Tm,11.275818,0.5020618,10.821318
JVASP-54989,2,Si,1.675451,2.4523773,0.77997065
JVASP-54989,3,Si,1.675451,2.4523764,0.7799697
JVASP-54989,4,Si,1.675451,2.4523764,0.77996975
JVASP-54989,5,Si,1.675451,2.4523776,0.7799709
JVASP-54989,6,Pd,20.894146,16.387062,4.8695807
JVASP-54989,7,Pd,20.894146,16.387062,4.8695807
JVASP-54989,8,Pd,20.894146,16.38706,4.8695827
JVASP-54989,9,Pd,20.894146,16.387062,4.8695807
JVASP-21200,0,Tl,0.00509902,0.14399944,0.14048317
JVASP-14822,0,Tl,41.05304,1.0568721,42.106647
JVASP-14822,1,Tl,41.05304,1.0568721,42.106647
JVASP-7806,0,Tl,14.68714,0.55011284,14.141528
JVASP-7806,1,Tl,14.68714,0.5501129,14.141528
JVASP-78715,0,Tl,14.68714,0.55011344,14.141527
JVASP-78715,1,Tl,14.68714,0.55011326,14.141527
JVASP-84886,0,Tl,35.264076,0.70232797,35.9605
JVASP-84886,1,Tl,35.264076,0.70232743,35.9605
JVASP-85003,0,Tl,42.08713,0.47627267,42.558132
JVASP-85003,1,Tl,42.08713,0.4762726,42.558132
JVASP-1032,0,Tl,0.0,0.14399989,0.14399989
JVASP-1032,1,Tl,0.0,0.14399986,0.14399986
JVASP-25046,0,Tl,14.68714,0.5500935,14.141547
JVASP-25046,1,Tl,14.68714,0.55009305,14.141548
JVASP-25373,0,Tl,16.738588,0.9931251,17.7283
JVASP-25373,1,Tl,15.168466,0.9931243,16.158192
JVASP-25373,2,Tl,16.738588,0.9931248,17.7283
JVASP-25373,3,Tl,15.168466,0.9931238,16.158192
JVASP-25371,0,Tl,14.460563,1.5017494,15.959059
JVASP-25371,1,Tl,57.579746,0.8358023,58.411827
JVASP-25371,2,Tl,57.579746,0.8359608,58.411983
JVASP-25371,3,Tl,14.46138,1.5016729,15.9598
JVASP-25371,4,Tl,57.579746,0.835943,58.411964
JVASP-25371,5,Tl,57.579746,0.8359434,58.411964
JVASP-25371,6,Tl,14.46138,1.5016725,15.959799
JVASP-25371,7,Tl,57.579746,0.83596116,58.411983
JVASP-25371,8,Tl,57.579746,0.8358013,58.411827
JVASP-25337,0,Tl,41.051815,1.0568693,42.105415
JVASP-25337,1,Tl,41.052223,1.056868,42.105827
JVASP-15343,0,Mn,25.14207,0.060909465,25.109097
JVASP-15343,1,Mn,25.140718,0.060909133,25.155254
JVASP-15343,2,Mn,25.14207,0.060909435,25.107939
JVASP-15343,3,Fe,13.820915,1.0610694,14.868944
JVASP-15343,4,Fe,13.821953,1.061063,14.846996
JVASP-15343,5,Fe,13.820915,1.0610693,14.8722315
JVASP-15343,6,As,40.733788,0.08083597,40.716446
JVASP-15343,7,As,40.733788,0.08083596,40.716446
JVASP-15343,8,As,65.018036,1.3678921,66.3851
JVASP-57036,0,Sr,14.836546,1.3427491,13.733188
JVASP-57036,1,Sr,14.836546,1.3427927,13.733151
JVASP-57036,2,Co,148.79752,1.0251514,147.95497
JVASP-57036,3,Cl,4.3541417,0.27764532,4.6155524
JVASP-57036,4,Cl,4.354811,0.277645,4.6162314
JVASP-57036,5,O,98.61759,0.6636784,98.502014
JVASP-57036,6,O,98.728714,0.66491854,98.955894
JVASP-8609,0,O,94.427,0.5820082,94.28259
JVASP-8609,1,O,94.42834,0.58200765,94.63127
JVASP-8609,2,Cl,4.1907034,0.09639376,4.2771955
JVASP-8609,3,Cl,4.1907034,0.09639375,4.2771955
JVASP-8609,4,Co,128.27289,0.48966798,127.892525
JVASP-8609,5,Sr,14.931373,0.07186579,14.904925
JVASP-8609,6,Sr,14.931219,0.07186633,14.90477
JVASP-8303,0,Al,16.742313,0.0313307,16.748587
JVASP-8303,1,V,73.508865,0.19586433,73.51266
JVASP-8303,2,F,103.84448,0.40056345,103.92474
JVASP-8303,3,F,103.84448,0.40056345,103.92474
JVASP-8303,4,F,133.56284,0.04317626,133.54382
JVASP-8303,5,F,133.56284,0.04317627,133.54382
JVASP-8303,6,F,138.06665,0.046915416,138.08131
JVASP-5053,0,In,26.008682,0.0499093,25.97567
JVASP-5053,1,In,26.008682,0.049909264,25.97567
JVASP-5053,2,Ag,20.877,4.8691077,16.065079
JVASP-5053,3,Ag,20.877,4.8691077,16.065079
JVASP-5053,4,P,1.6815748,0.6916517,1.0077221
JVASP-5053,5,P,1.6815748,0.6916511,1.0077227
JVASP-5053,6,P,1.6815748,0.6916516,1.0077223
JVASP-5053,7,P,1.6815748,0.69165164,1.0077223
JVASP-5053,8,Se,523.88965,16.783682,519.5339
JVASP-5053,9,Se,523.88885,16.783554,519.1399
JVASP-5053,10,Se,523.8894,16.783718,518.29755
JVASP-5053,11,Se,523.88965,16.783686,519.7239
JVASP-5053,12,Se,523.88885,16.783552,519.3372
JVASP-5053,13,Se,523.8894,16.783718,518.29047
JVASP-5053,14,Se,523.88965,16.783684,519.5338
JVASP-5053,15,Se,523.88885,16.783552,519.1399
JVASP-5053,16,Se,523.8894,16.783718,518.29755
JVASP-5053,17,Se,523.88965,16.783682,519.72394
JVASP-5053,18,Se,523.88885,16.783554,519.3372
JVASP-5053,19,Se,523.8894,16.78372,518.29047
JVASP-16221,0,Ti,102.30538,0.028168317,102.2985
JVASP-16221,1,Ti,102.30539,0.028168326,102.3278
JVASP-16221,2,Ti,102.30538,0.028168345,102.28988
JVASP-16221,3,Tl,0.0,0.04037274,0.04037274
JVASP-16221,4,N,0.0,0.024783678,0.024783678
JVASP-14718,0,Mg,0.0,0.010259024,0.010259024
JVASP-14718,1,Au,0.0,0.010594621,0.010594621
JVASP-13855,0,Mg,3.5121608,0.059257377,3.570944
JVASP-13855,1,Mg,3.5121608,0.05925734,3.570944
JVASP-13855,2,Mg,17.947002,0.030710798,17.919527
JVASP-13855,3,Mg,17.947002,0.030710788,17.919527
JVASP-13855,4,Mg,3.5121608,0.059257373,3.570944
JVASP-13855,5,Mg,3.5121608,0.05925737,3.570944
JVASP-13855,6,Au,261.02744,96.65936,164.3735
JVASP-13855,7,Au,261.02744,96.659386,164.37347
JVASP-16448,0,Mg,3.5121608,0.05925739,3.570944
JVASP-16448,1,Mg,3.5121608,0.05925736,3.570944
JVASP-16448,2,Mg,17.947002,0.030710788,17.919527
JVASP-16448,3,Mg,17.947002,0.030710801,17.919527
JVASP-16448,4,Mg,3.5121608,0.059257384,3.570944
JVASP-16448,5,Mg,3.5121608,0.05925742,3.570944
JVASP-16448,6,Au,261.02744,96.659386,164.37347
JVASP-16448,7,Au,261.02744,96.65937,164.37349
JVASP-76801,0,Li,1.1505026,0.011504588,1.1608582
JVASP-76801,1,Li,1.1505026,0.011504582,1.1608582
JVASP-76801,2,Al,2.4563115,0.5572048,2.2459803
JVASP-76801,3,Al,2.4563115,0.5572049,2.2459803
JVASP-76801,4,Al,2.4563115,0.5572046,2.2459803
JVASP-76801,5,Al,2.4563115,0.5572048,2.2459803
JVASP-76801,6,Ru,6.7795224,0.12583882,6.8339663
JVASP-76801,7,Ru,6.7795224,0.12583885,6.8339663
JVASP-37634,0,Sr,0.0,0.047934644,0.047934644
JVASP-37634,1,Tl,0.0,0.46791852,0.46791852
JVASP-37634,2,O,224.67781,0.10295772,224.57954
JVASP-37634,3,O,224.67781,0.10295772,224.70763
JVASP-37634,4,O,224.67781,0.10295772,224.74634
JVASP-41,0,Si,10.406545,4.4566784,10.138582
JVASP-41,1,Si,10.406545,4.456676,10.709549
JVASP-41,2,Si,10.4060755,4.4564505,10.344213
JVASP-41,3,O,108.86511,1.1842599,108.69013
JVASP-41,4,O,108.86635,1.1842759,108.88952
JVASP-41,5,O,108.86578,1.1842927,109.08397
JVASP-41,6,O,108.86578,1.1842933,109.11522
JVASP-41,7,O,108.86565,1.1842757,108.95482
JVASP-41,8,O,108.86511,1.1842604,108.59258
JVASP-26341,0,O,107.333694,0.5212592,107.316284
JVASP-26341,1,Si,0.9758842,0.46741256,1.0917189
JVASP-26341,2,O,107.33112,0.52127516,107.608604
JVASP-26341,3,O,107.3244,0.52126604,106.92373
JVASP-26341,4,O,107.32529,0.52125174,107.460724
JVASP-26341,5,Si,0.9765319,0.46741265,1.0907698
JVASP-28392,0,Si,0.016370706,0.16768214,0.16429774
JVASP-28392,1,Si,0.017549928,0.1676913,0.15641095
JVASP-28392,2,O,153.48177,0.17837946,153.48338
JVASP-28392,3,O,153.4785,0.17838338,153.48505
JVASP-28392,4,O,153.48584,0.17837599,153.4829
JVASP-28392,5,O,153.4785,0.1783846,153.47363
JVASP-34219,0,Si,10.416615,4.4527607,10.616866
JVASP-34219,1,Si,10.416337,4.452548,10.510821
JVASP-34219,2,Si,10.416615,4.4527626,10.097529
JVASP-34219,3,O,108.86364,1.1816589,108.72948
JVASP-34219,4,O,108.86351,1.1816916,108.923294
JVASP-34219,5,O,108.86408,1.1816761,109.00484
JVASP-34219,6,O,108.86408,1.1816756,109.07792
JVASP-34219,7,O,108.86498,1.1816914,108.94896
JVASP-34219,8,O,108.86364,1.181659,108.6319
JVASP-4516,0,Si,7.1603966,0.6054442,7.3651004
JVASP-4516,1,Si,7.1603966,0.60544425,7.2940326
JVASP-4516,2,Si,7.1603966,0.6054442,7.371887
JVASP-4516,3,Si,7.1603966,0.6054442,7.2790346
JVASP-4516,4,O,107.728325,0.7792454,107.59806
JVASP-4516,5,O,107.728325,0.77924556,107.65063
JVASP-4516,6,O,107.728325,0.7792452,107.937
JVASP-4516,7,O,107.728325,0.7792453,107.896935
JVASP-4516,8,O,107.728325,0.7792454,107.89782
JVASP-4516,9,O,107.728325,0.7792453,107.61634
JVASP-4516,10,O,107.728325,0.7792455,107.579445
JVASP-4516,11,O,107.728325,0.7792453,107.885124
JVASP-51622,0,Si,78.43685,0.070296705,78.5046
JVASP-51622,1,Si,78.43632,0.07029788,78.49912
JVASP-51622,2,Si,78.436066,0.070296615,78.502266
JVASP-51622,3,O,366.3905,0.82250047,366.68216
JVASP-51622,4,O,366.39087,0.8224946,366.7591
JVASP-51622,5,O,366.39072,0.82250047,366.6182
JVASP-51622,6,O,366.39206,0.82249576,366.62604
JVASP-51622,7,O,366.39206,0.82249576,366.70233
JVASP-51622,8,O,366.39087,0.82249457,366.74698
JVASP-58260,0,Si,9.894801,0.03707595,9.889138
JVASP-58260,1,Si,9.894801,0.03708144,9.90892
JVASP-58260,2,Si,9.894085,0.03707887,9.868966
JVASP-58260,3,O,112.95251,0.469145,113.049126
JVASP-58260,4,O,112.95224,0.46914303,112.87452
JVASP-58260,5,O,112.95185,0.46914238,112.99817
JVASP-58260,6,O,112.95251,0.46914506,112.985985
JVASP-58260,7,O,112.95224,0.46914315,112.82335
JVASP-58260,8,O,112.95185,0.46914235,112.98613
JVASP-58345,0,Si,9.896261,0.037166677,9.910347
JVASP-58345,1,Si,9.896157,0.037161347,9.870992
JVASP-58345,2,Si,9.896261,0.0371613,9.890563
JVASP-58345,3,O,112.95256,0.4692047,112.98605
JVASP-58345,4,O,112.95284,0.46920466,112.823975
JVASP-58345,5,O,112.95256,0.46920207,112.98686
JVASP-58345,6,O,112.95256,0.46920475,113.049194
JVASP-58345,7,O,112.95284,0.46920466,112.87517
JVASP-58345,8,O,112.95256,0.46920204,112.9989
JVASP-58348,0,Si,24.730757,0.067706,24.78273
JVASP-58348,1,Si,24.730757,0.06770601,24.779594
JVASP-58348,2,O,136.275,0.11618656,136.31778
JVASP-58348,3,O,136.275,0.116186485,136.31572
JVASP-58348,4,O,136.275,0.11618652,136.31778
JVASP-58348,5,O,136.275,0.116186574,136.31572
JVASP-58349,0,Si,10.397128,4.339703,10.0545225
JVASP-58349,1,Si,10.397609,4.3397818,10.460885
JVASP-58349,2,Si,10.397128,4.3397007,10.560637
JVASP-58349,3,O,108.87496,1.1647425,108.93694
JVASP-58349,4,O,108.87465,1.1647068,108.739105
JVASP-58349,5,O,108.87469,1.1647338,109.013664
JVASP-58349,6,O,108.87456,1.1647067,108.645836
JVASP-58349,7,O,108.87496,1.1647426,108.95942
JVASP-58349,8,O,108.87469,1.1647336,109.0841
JVASP-78526,0,Si,46.14711,0.07398864,46.14914
JVASP-78526,1,Si,61.327507,0.55234647,61.050842
JVASP-78526,2,Si,46.14711,0.07398862,46.14914
JVASP-78526,3,Si,61.327507,0.55234635,61.050842
JVASP-78526,4,O,119.34385,12.111579,126.24985
JVASP-78526,5,O,119.34385,12.11158,126.24985
JVASP-8150,0,O,90.46865,0.48494714,90.56977
JVASP-8150,1,O,90.468864,0.4849463,90.39013
JVASP-8150,2,O,90.468864,0.48494667,90.39013
JVASP-8150,3,O,90.46865,0.48494706,90.56977
JVASP-8150,4,Si,58.136734,0.06318632,58.119057
JVASP-8150,5,Si,58.136734,0.063186325,58.119057
JVASP-99,0,Si,10.417971,0.48079163,10.372316
JVASP-99,1,Si,10.417269,0.48079094,10.298623
JVASP-99,2,Si,10.416844,0.48079088,10.33934
JVASP-99,3,O,111.48779,0.5932995,111.53449
JVASP-99,4,O,111.48825,0.59330183,111.612755
JVASP-99,5,O,111.48711,0.5933015,111.32862
JVASP-99,6,O,111.48762,0.59329927,111.54461
JVASP-99,7,O,111.48729,0.59330136,111.38006
JVASP-99,8,O,111.48825,0.59330165,111.55129
JVASP-4,0,Si,9.925403,18.773058,19.246758
JVASP-4,1,Si,9.925639,18.773058,19.461931
JVASP-4,2,Si,9.925804,18.773468,18.990913
JVASP-4,3,O,101.53636,8.176763,101.99002
JVASP-4,4,O,101.53586,8.176807,101.56058
JVASP-4,5,O,101.53679,8.176914,102.369194
JVASP-4,6,O,101.53679,8.176914,102.66401
JVASP-4,7,O,101.53586,8.176809,102.21216
JVASP-4,8,O,101.53636,8.176764,101.0383
JVASP-51468,0,Yb,3.089623,0.17754757,3.266834
JVASP-51468,1,In,225.09373,0.25205228,225.19688
JVASP-51468,2,In,225.09373,0.25205222,225.19688
JVASP-51468,3,In,225.09373,0.25205216,225.12398
JVASP-51468,4,In,225.09373,0.25205222,225.12398
JVASP-51468,5,In,55.676903,0.27040783,55.40729
JVASP-51468,6,Ir,12.071085,0.15495028,12.218085
JVASP-67498,0,Be,14.079668,1.0795987,15.149074
JVASP-67498,1,Bi,192.06123,16.066254,176.09134
JVASP-67498,2,Re,165.38464,0.7087788,166.08917
JVASP-68178,0,Be,3.5199628,0.25039986,3.7690644
JVASP-68178,1,Bi,35.222847,0.04654566,35.20162
JVASP-68178,2,Re,96.02081,0.031375792,96.04724
JVASP-68178,3,Re,326.07117,0.04720453,326.02414
JVASP-85353,0,Eu,138.54723,68.84716,69.73717
JVASP-85353,1,Eu,138.54723,68.84716,69.73717
JVASP-85353,2,I,69.34587,4.770565,64.58733
JVASP-85353,3,I,69.34587,4.770565,64.58733
JVASP-85353,4,O,7.712627,0.6555816,7.0662737
JVASP-85353,5,O,7.712627,0.6555813,7.066274
JVASP-81225,0,Tl,366.5223,0.06713355,366.51624
JVASP-81225,1,Sn,242.78131,0.18407893,242.76129
JVASP-81225,2,Pb,461.10254,0.14756514,461.1497
JVASP-81225,3,Pb,461.10147,0.14755666,461.14862
JVASP-66847,0,Be,0.3323863,0.35923597,0.048521314
JVASP-66847,1,Mg,11.01209,0.030082744,11.013274
JVASP-66847,2,Ti,32.361027,0.037760817,32.385746
JVASP-29226,0,H,18.335857,1.6483288,17.298288
JVASP-29226,1,H,18.336786,1.6483268,17.214695
JVASP-29226,2,H,18.335857,1.6483288,17.298288
JVASP-29226,3,H,18.336786,1.6483263,17.214695
JVASP-29226,4,H,18.405346,2.5058713,19.68251
JVASP-29226,5,H,18.404942,2.5058649,19.592981
JVASP-29226,6,H,18.405346,2.5058713,19.68251
JVASP-29226,7,H,18.404942,2.5058637,19.592981
JVASP-29226,8,O,109.281494,7.8491387,107.6759
JVASP-29226,9,O,109.28179,7.849143,112.19687
JVASP-29226,10,O,99.65507,0.9117867,100.00029
JVASP-29226,11,O,99.6545,0.9117845,99.43062
JVASP-29226,12,O,99.65507,0.9117869,100.00029
JVASP-29226,13,O,99.6545,0.9117849,99.43062
JVASP-29226,14,O,109.28179,7.849144,112.19687
JVASP-29226,15,O,109.281494,7.849137,107.6759
JVASP-29226,16,P,21.51466,0.17973301,21.480925
JVASP-29226,17,P,21.515202,0.17973295,21.515074
JVASP-29226,18,P,21.51466,0.17973301,21.480925
JVASP-29226,19,P,21.515202,0.17973296,21.515074
JVASP-29226,20,Cd,17.461597,105.34164,118.568405
JVASP-29226,21,Cd,17.461597,105.34162,118.5684
JVASP-15680,0,O,15.16999,20.691841,34.623116
JVASP-15680,1,Na,0.3796103,0.0857172,0.3168651
JVASP-15680,2,Na,0.3796103,0.08571724,0.31686506
JVASP-15680,3,Ti,68.293724,0.8452194,69.013756
JVASP-15680,4,Ti,68.29379,0.8452157,68.99054
JVASP-15680,5,Sb,66.50903,0.08024945,66.57197
JVASP-15680,6,Sb,66.50903,0.08024945,66.57197
JVASP-35723,0,K,50.1337,1.6364034,48.502064
JVASP-35723,1,Ti,21.20115,0.07148397,21.228245
JVASP-35723,2,S,11.093739,0.6239795,10.483836
JVASP-35723,3,S,9.075359,0.47072536,8.612659
JVASP-35704,0,K,41.90832,1.5701623,40.34927
JVASP-35704,1,Ti,18.404242,0.10374699,18.495218
JVASP-35704,2,S,13.0815,0.07906503,13.062734
JVASP-35704,3,S,13.0815,0.07906504,13.062734
JVASP-16071,0,P,28.957031,0.46229336,28.577703
JVASP-16071,1,P,28.957031,0.4622942,28.577703
JVASP-16071,2,Rh,18.935396,3.425308,21.11592
JVASP-16071,3,Rh,18.935396,3.4253068,21.11592
JVASP-16071,4,Ba,100.762856,44.49543,70.90844
JVASP-28566,0,Te,209.61716,182.86772,29.505455
JVASP-28566,1,Te,215.2018,206.79578,15.737184
JVASP-28566,2,Mo,105.084595,115.79178,12.991285
JVASP-28566,3,Mo,28.81107,36.483074,8.008863
JVASP-28566,4,Mo,106.11716,115.80095,12.183651
JVASP-28566,5,S,69.14862,66.205315,5.228898
JVASP-28566,6,S,69.07949,65.6839,5.4926376
JVASP-28566,7,S,72.52164,77.49144,6.871753
JVASP-28566,8,S,72.55559,77.49731,6.857707
JVASP-34040,0,Mo,75.060936,82.49282,7.55337
JVASP-34040,1,Mo,75.06339,82.49015,7.5499873
JVASP-34040,2,S,57.20416,57.08102,1.1207588
JVASP-34040,3,S,57.19191,57.086113,1.1224394
JVASP-34040,4,Te,236.00589,219.7847,16.861359
JVASP-34040,5,Te,235.9618,219.79675,16.805563
JVASP-28423,0,Te,220.58635,205.1687,16.137697
JVASP-28423,1,Te,212.8178,206.46149,7.6614375
JVASP-28423,2,Mo,110.031075,108.82579,2.1571379
JVASP-28423,3,Mo,44.4513,45.772118,1.4808387
JVASP-28423,4,S,79.040955,79.37578,1.7563221
JVASP-28423,5,S,71.5545,86.907814,15.413313
JVASP-28507,0,Te,215.79886,209.0159,8.252179
JVASP-28507,1,Te,211.46324,201.20152,11.115528
JVASP-28507,2,Te,211.46324,201.20122,11.138842
JVASP-28507,3,Te,215.79886,209.01343,8.299625
JVASP-28507,4,Mo,60.430138,60.950863,1.2091908
JVASP-28507,5,Mo,60.430138,60.948498,1.2234683
JVASP-28507,6,Mo,113.033745,115.200516,2.9206116
JVASP-28507,7,S,74.98991,69.51298,5.703003
JVASP-28507,8,S,74.98991,69.51239,5.7050457
JVASP-28556,0,Te,205.80305,207.57457,15.101252
JVASP-28556,1,Te,205.75511,193.00313,19.175514
JVASP-28556,2,Te,205.2406,214.9484,18.052158
JVASP-28556,3,Te,212.37119,182.92064,32.658157
JVASP-28556,4,Mo,112.2815,116.8014,9.585279
JVASP-28556,5,Mo,60.438473,58.78792,4.7947984
JVASP-28556,6,Mo,62.2553,61.65042,4.720239
JVASP-28556,7,S,75.10245,68.85221,8.3764925
JVASP-28556,8,S,74.92506,65.18152,11.148548
JVASP-28561,0,Te,209.9923,201.01529,9.928799
JVASP-28561,1,Te,209.99353,201.0104,9.918076
JVASP-28561,2,Mo,105.65384,109.562416,4.2989388
JVASP-28561,3,Mo,105.65466,109.562584,4.2912073
JVASP-28561,4,Mo,27.53104,32.33553,4.819751
JVASP-28561,5,S,76.05992,77.66669,2.3192303
JVASP-28561,6,S,68.79882,85.5404,16.794271
JVASP-28561,7,S,68.79882,85.54074,16.794113
JVASP-28561,8,S,76.061554,77.66584,2.307507
JVASP-34052,0,Mo,72.81125,82.75423,10.04998
JVASP-34052,1,Mo,72.81165,82.75264,10.048012
JVASP-34052,2,S,63.252907,76.21855,13.059195
JVASP-34052,3,S,63.252907,76.218834,13.059481
JVASP-34052,4,Te,220.49416,208.1344,13.239782
JVASP-34052,5,Te,220.49374,208.13618,13.23773
JVASP-34069,0,Mo,45.292305,43.074837,2.3043506
JVASP-34069,1,Mo,110.66142,114.75684,4.5094714
JVASP-34069,2,S,72.15462,66.320915,6.0162053
JVASP-34069,3,S,72.15462,66.321205,6.0131526
JVASP-34069,4,Te,213.87,210.2776,5.666893
JVASP-34069,5,Te,213.86917,210.27995,5.6967115
JVASP-34080,0,Mo,68.56124,61.124374,7.544935
JVASP-34080,1,Mo,84.74019,93.9059,9.342876
JVASP-34080,2,S,61.178497,64.31918,3.4580152
JVASP-34080,3,Te,243.40477,201.7336,41.96525
JVASP-34080,4,Te,219.05185,215.13615,6.2061214
JVASP-34080,5,Te,195.29913,205.01048,10.686273
JVASP-67473,0,Be,2.373556,1.0318365,3.3996496
JVASP-67473,1,In,15.991901,0.057890218,15.986572
JVASP-67473,2,W,235.33308,0.12031661,235.2152
JVASP-67833,0,Be,1.2761842,0.91136295,2.181486
JVASP-67833,1,In,148.79018,0.14218354,148.93216
JVASP-67833,2,W,75.465515,0.26506665,75.20267
JVASP-67833,3,W,105.403984,0.1490959,105.25558
JVASP-68131,0,Be,4.87694,0.2524515,5.1277437
JVASP-68131,1,In,114.01313,0.10115502,113.914024
JVASP-68131,2,W,158.01494,0.17827854,158.19203
JVASP-68131,3,W,86.24898,0.12616985,86.37463
JVASP-79737,0,Y,80.918045,0.027829815,80.92364
JVASP-79737,1,Y,80.918045,0.027829815,80.92364
JVASP-79737,2,Ag,196.35841,91.53736,240.28731
JVASP-79737,3,Hg,556.9577,32.662346,573.18884
JVASP-18276,0,V,29.36694,1.1847234,28.29975
JVASP-18276,1,V,29.36694,1.1847234,28.29975
JVASP-18276,2,V,29.144602,1.1375092,29.505962
JVASP-18276,3,Se,28.585196,24.174248,46.25834
JVASP-18276,4,Se,28.585196,24.174248,46.25834
JVASP-18276,5,Se,22.380617,36.905766,43.132507
JVASP-18276,6,Se,22.380617,36.905766,43.132507
JVASP-5491,0,V,37.675606,0.6942001,37.583076
JVASP-5491,1,V,37.674675,0.6942011,37.482178
JVASP-5491,2,V,37.675606,0.69420004,37.583076
JVASP-5491,3,V,37.674675,0.694201,37.482178
JVASP-5491,4,Se,396.96408,43.564228,382.28793
JVASP-5491,5,Se,396.96457,43.564217,421.89468
JVASP-5491,6,Se,526.2251,50.004078,527.0756
JVASP-5491,7,Se,526.2252,50.00404,534.12744
JVASP-5491,8,Se,526.2251,50.004078,527.0756
JVASP-5491,9,Se,526.2252,50.00404,534.12744
JVASP-5491,10,Se,447.708,42.302288,442.61957
JVASP-5491,11,Se,447.70834,42.30231,429.19562
JVASP-5491,12,Se,447.708,42.30229,442.61957
JVASP-5491,13,Se,447.70834,42.30231,429.19562
JVASP-5491,14,Se,515.46606,57.468746,522.9903
JVASP-5491,15,Se,515.4664,57.46874,496.01306
JVASP-5491,16,Se,515.46606,57.468746,522.9903
JVASP-5491,17,Se,515.4664,57.46874,496.01306
JVASP-5491,18,Se,396.96457,43.564217,421.89468
JVASP-5491,19,Se,396.96408,43.564228,382.28793
JVASP-5491,20,Se,607.2303,56.881355,586.1014
JVASP-5491,21,Se,607.2303,56.88136,586.1014
JVASP-18513,0,V,3.2990544,0.03427663,3.2664633
JVASP-18513,1,V,3.2990544,0.03427664,3.2664633
JVASP-18513,2,Se,19.007631,2.9532454,16.106478
JVASP-18513,3,Se,19.007631,2.9532447,16.106478
JVASP-29732,0,V,19.331383,0.03552228,19.298208
JVASP-29732,1,V,19.330566,0.035522256,19.29739
JVASP-29732,2,Se,8.953035,0.07444507,8.89429
JVASP-29732,3,Se,8.950163,0.07448034,8.891357
JVASP-18940,0,V,54.74732,43.135895,11.637628
JVASP-18940,1,Se,108.00739,58.96425,49.07196
JVASP-18940,2,Se,108.00739,58.96425,49.07196
JVASP-56277,0,V,11.79307,10.405371,1.7132374
JVASP-56277,1,V,11.79307,10.405371,1.7132372
JVASP-56277,2,Se,1.8456906,17.323317,19.166496
JVASP-56277,3,Se,1.8456906,17.32332,19.166498
JVASP-78714,0,V,54.81917,43.07507,11.770088
JVASP-78714,1,Se,109.46035,58.971085,50.51764
JVASP-78714,2,Se,109.46035,58.971085,50.517643
JVASP-79817,0,V,3.3031375,0.03431823,3.270497
JVASP-79817,1,V,3.3031375,0.034318242,3.2704968
JVASP-79817,2,Se,19.003141,2.9567368,16.098494
JVASP-79817,3,Se,19.003141,2.9567375,16.098492
JVASP-10,0,V,55.269062,41.469692,13.819473
JVASP-10,1,Se,109.83267,58.856033,51.00489
JVASP-10,2,Se,109.83267,58.856037,51.004887
JVASP-2466,0,Ca,13.755926,0.09323275,13.664045
JVASP-2466,1,Mg,20.678595,0.03426596,20.6799
JVASP-2466,2,Mg,20.678595,0.034265958,20.6799
JVASP-2466,3,N,9.4832,0.021508591,9.501171
JVASP-2466,4,N,9.4832,0.02150855,9.501171
JVASP-21724,0,Mn,51.035904,1.9705389,49.537697
JVASP-21724,1,Mn,51.035904,1.9705392,49.554142
JVASP-21724,2,Se,62.777534,31.813898,83.81671
JVASP-21724,3,Se,62.777534,31.813894,83.81671
JVASP-21724,4,Se,67.66228,19.461885,56.59027
JVASP-21724,5,Se,67.66228,19.461885,56.590275
JVASP-21724,6,Se,67.66228,19.461885,55.86342
JVASP-21724,7,Se,67.66228,19.461885,55.863422
JVASP-21724,8,Th,213.27051,1.1496484,213.55333
JVASP-21724,9,Th,213.27051,1.1496481,213.55333
JVASP-65693,0,Ba,201.57013,0.924015,202.45107
JVASP-65693,1,Zn,60.788918,5.9635544,63.7243
JVASP-65693,2,Zn,60.788918,5.96355,63.440945
JVASP-65693,3,Os,97.98531,0.13359673,97.85273
JVASP-5743,0,Nb,26.261776,8.020869,20.266443
JVASP-5743,1,Nb,26.261776,8.020866,19.441505
JVASP-5743,2,Nb,26.26097,8.0207615,19.661411
JVASP-5743,3,Nb,26.261776,8.020867,20.266443
JVASP-5743,4,Nb,26.26097,8.020762,19.661411
JVASP-5743,5,Nb,26.261776,8.020867,19.441504
JVASP-5743,6,Cl,34.05403,0.7787752,33.278683
JVASP-5743,7,Cl,34.05403,0.77877575,33.278683
JVASP-5743,8,Cl,54.02799,0.041476317,54.026
JVASP-5743,9,Cl,54.02799,0.041476328,54.026
JVASP-5743,10,Cl,114.56082,0.07178678,114.558266
JVASP-5743,11,Cl,114.560486,0.07178537,114.53173
JVASP-5743,12,Cl,114.56082,0.07178677,114.55235
JVASP-5743,13,Cl,114.560486,0.07178542,114.53173
JVASP-5743,14,Cl,114.56082,0.071786776,114.558266
JVASP-5743,15,Cl,114.56082,0.07178678,114.55235
JVASP-5743,16,Cl,117.35322,0.23691504,117.41153
JVASP-5743,17,Cl,117.35336,0.23690645,117.34187
JVASP-5743,18,Cl,117.35322,0.23691498,117.37437
JVASP-5743,19,Cl,117.35336,0.23690644,117.34187
JVASP-5743,20,Cl,117.35322,0.23691487,117.41153
JVASP-5743,21,Cl,117.35322,0.236915,117.37437
JVASP-13817,0,Cl,140.65048,0.05979172,140.60893
JVASP-13817,1,Cl,140.65048,0.059791707,140.60893
JVASP-13817,2,Cl,103.05176,0.16912805,103.01458
JVASP-13817,3,Cl,103.05176,0.169128,103.01458
JVASP-13817,4,Cl,48.44181,0.15050806,48.467472
JVASP-13817,5,Cl,48.442398,0.15051341,48.44273
JVASP-13817,6,Cl,48.44181,0.15050821,48.467472
JVASP-13817,7,Cl,48.442398,0.15051357,48.44273
JVASP-13817,8,Nb,60.279617,12.589189,63.061264
JVASP-13817,9,Nb,60.279617,12.589188,63.061264
JVASP-40727,0,Mn,32.857697,0.31134135,32.75546
JVASP-40727,1,Mn,32.857697,0.31134135,32.75546
JVASP-40727,2,O,95.19197,0.8473618,95.259834
JVASP-40727,3,O,95.19197,0.84736186,95.259834
JVASP-40727,4,F,97.34928,2.9548206,95.8135
JVASP-40727,5,F,97.34928,2.9548218,95.81349
JVASP-43324,0,Mn,51.108696,0.0392549,51.13446
JVASP-43324,1,Mn,49.54023,0.21582185,49.730602
JVASP-43324,2,O,104.99015,0.59176767,105.21767
JVASP-43324,3,O,104.99015,0.59176755,105.21767
JVASP-43324,4,F,123.20383,0.08853247,123.193535
JVASP-43324,5,F,123.20383,0.08853251,123.193535
JVASP-44770,0,Mn,60.050423,0.016612563,60.050762
JVASP-44770,1,Mn,40.258553,0.041553218,40.28893
JVASP-44770,2,O,149.94075,0.5708338,150.15097
JVASP-44770,3,O,115.33715,0.4777997,115.55018
JVASP-44770,4,O,115.33715,0.47779968,115.45577
JVASP-44770,5,F,141.05232,0.19269292,141.0226
JVASP-48586,0,Mn,57.934856,0.072275,57.904087
JVASP-48586,1,Mn,57.934895,0.07227362,57.9275
JVASP-48586,2,Mn,107.060715,0.66477245,107.00289
JVASP-48586,3,Mn,107.06477,0.66481733,107.02589
JVASP-48586,4,O,24.02971,0.1443612,24.093567
JVASP-48586,5,O,24.030693,0.14436787,23.954517
JVASP-48586,6,F,66.45673,0.28688774,66.532776
JVASP-48586,7,F,66.45434,0.2868843,66.53149
JVASP-48586,8,F,55.82852,1.1541672,56.361423
JVASP-48586,9,F,55.826694,1.1542807,56.323853
JVASP-30259,0,Mn,28.198662,0.071715645,28.1626
JVASP-30259,1,Mn,28.198662,0.071715645,28.1626
JVASP-30259,2,O,18.808054,0.16812912,18.886616
JVASP-30259,3,O,18.808054,0.16812913,18.886616
JVASP-30259,4,F,114.36675,0.12089334,114.330986
JVASP-30259,5,F,114.36675,0.12089332,114.330986
JVASP-68164,0,Be,2.1016784,0.045263257,2.146442
JVASP-68164,1,Pd,20.30872,0.041774817,20.30186
JVASP-68164,2,Tc,8.5029955,0.35004076,8.852522
JVASP-68164,3,Tc,5.2647696,0.35005227,5.6143203
JVASP-15175,0,Yb,270.91354,0.010687255,270.91544
JVASP-15175,1,B,3.5983005,0.016932804,3.582766
JVASP-15175,2,B,3.5983005,0.01693281,3.582766
JVASP-15175,3,Ru,151.95491,0.13886832,151.95526
JVASP-15175,4,Ru,151.95491,0.1388683,151.95354
JVASP-15175,5,Ru,151.95023,0.13887128,151.93338
JVASP-67390,0,Li,3.0006251,0.06807341,2.9337707
JVASP-67390,1,Y,127.6127,0.05364778,127.56142
JVASP-67390,2,Be,8.222945,0.88943607,9.105386
JVASP-17880,0,Dy,462.47098,5.5486255,459.94662
JVASP-17880,1,Dy,462.471,5.548625,468.0082
JVASP-17880,2,Dy,462.47098,5.5486236,459.50842
JVASP-17880,3,Ga,0.0,0.012694219,0.012694219
JVASP-17880,4,C,0.0,0.026438517,0.026438517
JVASP-65500,0,Ba,223.97644,3.4938347,220.5116
JVASP-65500,1,Sc,20.132357,0.0498491,20.170269
JVASP-65500,2,Sc,20.132357,0.04984918,20.170269
JVASP-65500,3,Be,0.18044575,0.12105367,0.3011757
JVASP-36848,0,Co,6.777738,0.19603038,6.5820465
JVASP-36848,1,Co,6.777738,0.19603038,6.5820465
JVASP-36848,2,Au,218.63657,0.057922333,218.69044
JVASP-36848,3,Au,218.63657,0.057922363,218.69044
JVASP-36848,4,O,55.69854,0.60980564,56.27739
JVASP-36848,5,O,55.69854,0.60980546,56.27739
JVASP-36848,6,O,55.69854,0.6098058,56.27739
JVASP-36848,7,O,55.69854,0.60980546,56.27739
JVASP-36851,0,Co,6.634296,0.19624034,6.4557147
JVASP-36851,1,Au,220.15733,0.057786908,220.21077
JVASP-36851,2,O,55.58384,0.61081433,56.114998
JVASP-36851,3,O,55.58384,0.6108143,56.114994
JVASP-34489,0,Sr,1.9558778,0.19427721,1.9770228
JVASP-34489,1,Sr,1.9558778,0.1942772,1.9770228
JVASP-34489,2,Fe,0.4508148,0.17415376,0.46907786
JVASP-34489,3,W,1.403287,1.1143757,1.7958479
JVASP-34489,4,O,62.626766,0.11391769,62.60073
JVASP-34489,5,O,62.626766,0.11391764,62.60073
JVASP-34489,6,O,62.632065,0.11756876,62.597027
JVASP-34489,7,O,62.632065,0.11756869,62.597027
JVASP-34489,8,O,62.6132,0.11759247,62.67519
JVASP-34489,9,O,62.6132,0.11759247,62.67519
JVASP-40512,0,Al,8.640166,0.09201263,8.552005
JVASP-40512,1,Al,8.640166,0.09201268,8.552005
JVASP-40512,2,Al,38.372074,0.09628897,38.464558
JVASP-40512,3,Al,8.640166,0.092012614,8.552005
JVASP-40512,4,Al,8.640166,0.09201262,8.552005
JVASP-40512,5,Al,38.372074,0.096288875,38.464558
JVASP-40512,6,Cr,26.742712,0.032451432,26.769184
JVASP-40512,7,Cr,26.742712,0.032451414,26.769184
JVASP-7842,0,Al,17.50242,0.29117605,17.218246
JVASP-7842,1,Al,17.50242,0.29117575,17.218246
JVASP-7842,2,Cr,9.847766,0.027327511,9.828688
JVASP-7842,3,Cr,9.847766,0.027327547,9.828688
JVASP-7842,4,Cr,9.847766,0.02732753,9.828688
JVASP-7842,5,Cr,9.847766,0.02732753,9.828688
JVASP-14807,0,Pa,288.34494,89.24604,292.1069
JVASP-16330,0,Pa,0.017029386,131.79852,131.81206
JVASP-25284,0,Pa,292.8765,89.24663,382.11554
JVASP-25284,1,Pa,292.8765,89.24662,382.11554
JVASP-958,0,Pa,0.0,131.79674,131.79674
JVASP-958,1,Pa,0.0,131.79672,131.79672
JVASP-958,2,Pa,0.0,131.79672,131.79672
JVASP-958,3,Pa,0.0,131.79674,131.79674
JVASP-67313,0,Ca,12.899013,0.015469035,12.8979025
JVASP-67313,1,Ca,12.899013,0.015469037,12.8979025
JVASP-67313,2,Be,4.6964884,0.20458665,4.872487
JVASP-67313,3,Be,4.6964884,0.20458671,4.872487
JVASP-67313,4,Pb,374.6617,27.770761,402.42978
JVASP-67313,5,Pb,374.6617,27.770761,402.42978
JVASP-18555,0,B,11.520475,0.37619677,11.872089
JVASP-18555,1,B,44.214684,0.9646523,43.39917
JVASP-18555,2,B,11.520475,0.3761969,11.872089
JVASP-18555,3,C,22.571241,21.703823,43.22987
JVASP-18555,4,C,22.571241,21.70382,43.229866
JVASP-18555,5,Y,89.067566,11.947709,78.29393
JVASP-18555,6,Y,89.067566,11.947711,78.29393
JVASP-63234,0,Y,25.9303,0.05303781,25.879179
JVASP-63234,1,Y,25.9303,0.053037737,25.879179
JVASP-63234,2,B,20.821297,0.18225978,20.700195
JVASP-63234,3,B,20.821297,0.18225949,20.700195
JVASP-63234,4,B,20.821297,0.18225968,20.640083
JVASP-63234,5,B,20.821297,0.1822596,20.640083
JVASP-63234,6,C,35.610622,0.3298518,35.293114
JVASP-63234,7,C,35.610622,0.32985193,35.293114
JVASP-63234,8,C,35.610622,0.32985187,35.293976
JVASP-63234,9,C,35.610622,0.3298518,35.293976
JVASP-4519,0,Tl,183.3039,0.15049258,183.16786
JVASP-4519,1,Tl,183.3039,0.15049244,183.16786
JVASP-4519,2,Pd,38.71255,3.9533403,34.77466
JVASP-4519,3,Pd,44.868282,11.313904,43.192696
JVASP-4519,4,Pd,44.868282,11.313904,43.855213
JVASP-4519,5,Pd,44.868378,11.31398,43.84454
JVASP-4519,6,Se,76.60751,16.16523,70.2373
JVASP-4519,7,Se,76.60658,16.165308,70.08759
JVASP-4519,8,Se,76.60658,16.165308,71.34361
JVASP-4519,9,Se,76.60658,16.165308,71.34361
JVASP-4519,10,Se,76.60751,16.165234,70.2373
JVASP-4519,11,Se,76.60658,16.16531,70.08759
JVASP-35433,0,Tl,10.438092,0.028334014,10.4651985
JVASP-35433,1,Pd,24.806114,0.051705614,24.774994
JVASP-35433,2,Pd,24.806114,0.05170564,24.774994
JVASP-35433,3,Pd,24.806114,0.05170564,24.766966
JVASP-35433,4,Pd,24.806114,0.051705644,24.766966
JVASP-35433,5,Pd,7.5705566,0.03473835,7.6022043
JVASP-35433,6,Se,27.231794,0.25853553,27.489248
JVASP-25438,0,Tl,145.47696,2.5379863,145.58496
JVASP-25438,1,Tl,145.47696,2.5379868,145.58496
JVASP-25438,2,Tl,145.47696,2.537986,145.66371
JVASP-25438,3,Tl,145.47696,2.5379872,145.66373
JVASP-25438,4,Pd,17.488428,10.189279,11.674076
JVASP-25438,5,Pd,17.488428,10.18928,11.856582
JVASP-25438,6,Se,202.78711,47.182045,201.38289
JVASP-25438,7,Se,202.78711,47.182045,201.38289
JVASP-25438,8,Se,202.78711,47.182045,200.62788
JVASP-25438,9,Se,202.78711,47.182045,200.62788
JVASP-4131,0,N,27.206144,0.013914751,27.201527
JVASP-4131,1,N,27.206144,0.013914003,27.201532
JVASP-4131,2,Se,25.148003,0.3831023,25.261496
JVASP-4131,3,Se,78.52613,0.3665836,78.44137
JVASP-4131,4,Se,25.148003,0.38310322,25.261496
JVASP-4131,5,Tb,166.11679,0.044057302,166.1139
JVASP-4131,6,Tb,166.11716,0.044058103,166.11426
JVASP-4131,7,Tb,206.3351,0.19335313,206.33548
JVASP-4131,8,Tb,206.33488,0.19335496,206.33525
JVASP-65654,0,Ba,57.676502,65.31522,122.98259
JVASP-65654,1,Tl,8.930023,4.6088037,4.3754277
JVASP-65654,2,Se,363.60223,81.56074,445.15408
JVASP-65654,3,Se,363.60223,81.56074,445.15408
JVASP-80347,0,Li,0.8550603,0.06535381,0.86634874
JVASP-80347,1,Li,0.85579324,0.06535352,0.8670742
JVASP-80347,2,Ga,109.03696,0.03826494,109.045166
JVASP-80347,3,Ag,39.85841,0.13310166,39.851364
JVASP-35327,0,Th,396.44135,39.02321,435.37094
JVASP-35327,1,Si,38.786854,20.518776,59.15338
JVASP-35327,2,Si,38.786854,20.51878,59.15339
JVASP-35327,3,Ru,83.38864,83.48942,27.58322
JVASP-35327,4,Ru,83.38864,83.48942,26.739428
JVASP-35327,5,Ru,83.388054,83.48657,26.00159
JVASP-15530,0,Th,388.9455,174.94504,214.3031
JVASP-15530,1,Th,388.9455,174.94504,214.3031
JVASP-15530,2,Si,25.643707,20.54629,6.13399
JVASP-15530,3,Si,25.643707,20.54629,6.13399
JVASP-15530,4,Si,25.643707,20.54629,6.13399
JVASP-15530,5,Si,25.643707,20.54629,6.13399
JVASP-15530,6,Ru,39.122433,78.95936,40.0428
JVASP-15530,7,Ru,39.122433,78.95936,40.042805
JVASP-15530,8,Ru,39.122433,78.95936,40.042805
JVASP-15530,9,Ru,39.122433,78.95936,40.0428
JVASP-35477,0,Cd,8.719367,0.033355083,8.751365
JVASP-35477,1,As,33.132618,0.13425516,32.999054
JVASP-35477,2,Pt,103.73063,0.052933585,103.70769
JVASP-35477,3,Pt,103.73063,0.05293356,103.70769
JVASP-35477,4,Pt,103.73063,0.052933525,103.68912
JVASP-35477,5,Pt,103.73063,0.05293353,103.68912
JVASP-35477,6,Pt,75.50144,0.1645734,75.66271
JVASP-10273,0,S,29.913355,10.228756,23.306301
JVASP-10273,1,S,29.914085,10.228758,34.983593
JVASP-10273,2,S,29.913355,10.228756,23.306301
JVASP-10273,3,S,29.914085,10.22876,34.983593
JVASP-10273,4,K,17.996958,3.0284934,16.63119
JVASP-10273,5,K,17.997532,3.0284896,16.87812
JVASP-10273,6,K,17.996958,3.0284934,16.63119
JVASP-10273,7,K,17.997532,3.0284898,16.87812
JVASP-10273,8,Mn,23.428875,0.31206936,23.330502
JVASP-10273,9,Mn,23.428875,0.3120696,23.330502
JVASP-4234,0,Br,462.80252,0.07561438,462.87033
JVASP-4234,1,Br,462.80252,0.0756144,462.87033
JVASP-4234,2,Br,461.2397,0.075589046,461.23135
JVASP-4234,3,Br,461.2397,0.07558906,461.23135
JVASP-4234,4,Br,461.2397,0.07558906,461.19894
JVASP-4234,5,Br,461.2397,0.0755891,461.19894
JVASP-4234,6,Ru,84.58419,0.052456234,84.57154
JVASP-4234,7,Ru,84.58419,0.052456275,84.57149
JVASP-14103,0,Ru,80.2461,0.052430626,80.29012
JVASP-14103,1,Ru,80.2461,0.052430604,80.29012
JVASP-14103,2,Br,454.12354,0.07557648,454.10342
JVASP-14103,3,Br,454.1244,0.07557647,454.0843
JVASP-14103,4,Br,454.12354,0.07557646,454.10342
JVASP-14103,5,Br,454.1244,0.075576425,454.0843
JVASP-14103,6,Br,454.12354,0.07557642,454.1135
JVASP-14103,7,Br,454.12354,0.07557643,454.1135
JVASP-20651,0,Sb,0.0,0.020010306,0.020010306
JVASP-20651,1,Sm,0.0035590262,0.014892679,0.013839739
JVASP-20746,0,Sm,0.0,0.01489261,0.01489261
JVASP-20746,1,Sm,0.0,0.014892603,0.014892603
JVASP-20746,2,Sm,0.0,0.014892617,0.014892617
JVASP-20746,3,Sm,0.0,0.014892621,0.014892621
JVASP-20746,4,Sb,0.0,0.02001025,0.02001025
JVASP-20746,5,Sb,0.0,0.020010233,0.020010233
JVASP-20746,6,Sb,0.0,0.020010253,0.020010253
JVASP-20746,7,Sb,0.0,0.020010212,0.020010212
JVASP-2517,0,Nd,147.18576,38.456547,108.73201
JVASP-2517,1,Nd,147.18576,38.456554,108.73201
JVASP-2517,2,Zn,10.025762,0.11770083,9.966079
JVASP-2517,3,Zn,10.025762,0.11770079,9.966079
JVASP-2517,4,As,7.906953,0.31797355,7.5895553
JVASP-2517,5,As,7.906953,0.31797355,7.5895553
JVASP-2517,6,O,8.289074,0.18281904,8.300464
JVASP-2517,7,O,8.289074,0.18281904,8.300464
JVASP-65656,0,Ba,102.63362,112.24859,9.871017
JVASP-65656,1,Na,8.876951,0.14322713,8.744219
JVASP-65656,2,Na,8.876951,0.1432271,8.744219
JVASP-65656,3,Ga,46.917526,0.19251804,47.108246
JVASP-32138,0,H,27.27198,0.2704992,27.30125
JVASP-32138,1,H,27.27198,0.27049893,27.31522
JVASP-32138,2,H,27.27198,0.270499,27.31522
JVASP-32138,3,H,27.27198,0.270499,27.301249
JVASP-32138,4,C,39.192905,0.25729287,39.321
JVASP-32138,5,C,39.192905,0.25729293,39.321
JVASP-32138,6,O,147.59981,0.1476182,147.47264
JVASP-32138,7,O,147.59981,0.14761817,147.47264
JVASP-32138,8,O,165.22408,0.46356028,165.20425
JVASP-32138,9,O,165.22408,0.46356013,165.2261
JVASP-32138,10,O,165.22408,0.46356028,165.2261
JVASP-32138,11,O,165.22408,0.46356016,165.20425
JVASP-53615,0,H,15.024097,0.16641213,15.068806
JVASP-53615,1,H,15.003006,0.1678874,14.935158
JVASP-53615,2,C,54.795216,4.1802197,55.64243
JVASP-53615,3,C,49.540714,1.6357862,49.51079
JVASP-53615,4,C,54.050438,3.3656046,54.488087
JVASP-53615,5,C,48.5221,2.37271,49.265125
JVASP-53615,6,O,149.54436,0.23088872,149.62325
JVASP-53615,7,O,149.19002,0.22108741,149.12582
JVASP-53615,8,O,148.65254,0.21625493,148.62286
JVASP-53615,9,O,148.10509,0.22639786,148.12236
JVASP-67064,0,Ta,53.61198,0.020358605,53.61984
JVASP-67064,1,Be,3.93633,0.033936508,3.903376
JVASP-67064,2,Be,0.13063945,0.0581046,0.07528989
JVASP-67064,3,Ni,26.296906,0.14754549,26.441998
JVASP-80104,0,Zn,1.3496733,0.061939415,1.2928417
JVASP-80104,1,Zn,1.3496733,0.061939437,1.2928417
JVASP-80104,2,Zn,15.208066,0.06299359,15.149954
JVASP-80104,3,Sb,81.84643,0.0809904,81.76575
JVASP-68084,0,Be,3.7730372,0.0095406985,3.7663634
JVASP-68084,1,Tc,48.264748,0.07171015,48.33363
JVASP-68084,2,Zn,43.204918,0.029201748,43.22759
JVASP-68084,3,Zn,86.7993,0.031874508,86.773575
JVASP-16632,0,Pr,0.32741514,0.24418582,0.5710225
JVASP-16632,1,B,10.069853,0.22590995,9.879734
JVASP-16632,2,Pt,320.96478,112.13089,235.62367
JVASP-16632,3,Pt,451.8786,11.108292,462.9702
JVASP-16632,4,Pt,320.96478,112.13093,236.65388
JVASP-39279,0,Fe,0.0,0.051501617,0.051501617
JVASP-39279,1,Pb,0.0,0.13254373,0.13254373
JVASP-39279,2,O,123.9205,0.094557285,123.82858
JVASP-39279,3,O,123.920494,0.09455725,123.96058
JVASP-39279,4,O,123.9205,0.09455734,123.9724
JVASP-3549,0,O,237.59163,0.037086003,237.55936
JVASP-3549,1,O,237.59253,0.037085798,237.61938
JVASP-3549,2,O,237.59225,0.03708609,237.60196
JVASP-3549,3,K,8.438621,0.019669602,8.440975
JVASP-3549,4,Br,510.50513,0.31986192,510.54263
JVASP-3966,0,K,117.29627,1.2785401,118.05928
JVASP-3966,1,K,117.296265,1.2785401,116.032814
JVASP-3966,2,K,117.29627,1.2785399,117.80723
JVASP-3966,3,Br,0.0,0.023185948,0.023185948
JVASP-3966,4,O,0.0,0.025160287,0.025160287
JVASP-4008,0,O,15.093199,0.15690309,15.210257
JVASP-4008,1,K,62.715958,4.1158423,59.61793
JVASP-4008,2,K,116.09664,0.7107777,116.332756
JVASP-4008,3,K,62.715958,4.1158414,59.617935
JVASP-4008,4,K,116.097946,0.71077675,116.48521
JVASP-4008,5,Br,24.680473,0.18090615,24.826265
JVASP-4008,6,Br,24.680473,0.18090618,24.826265
JVASP-77506,0,Ti,6.917935,0.04447404,6.9574237
JVASP-77506,1,Ti,6.917935,0.04447403,6.9574237
JVASP-77506,2,Ti,6.917935,0.04447404,6.9574237
JVASP-77506,3,Ti,6.917935,0.044474043,6.9574237
JVASP-77506,4,Mn,14.5610485,10.246635,10.675924
JVASP-77506,5,Mn,14.5610485,10.246635,10.675925
JVASP-77506,6,Pt,288.2575,5.271415,283.00034
JVASP-77506,7,Pt,288.2575,5.2714176,283.00034
JVASP-19695,0,Al,13.366416,0.15074834,13.267268
JVASP-19695,1,Al,13.366416,0.1507488,13.267268
JVASP-19695,2,Al,13.3628235,0.1503092,13.26822
JVASP-19695,3,Al,13.3628235,0.15030925,13.26822
JVASP-19695,4,Au,196.57251,0.02382114,196.55327
JVASP-19695,5,Au,196.57251,0.023821145,196.55327
JVASP-19695,6,Au,196.6614,0.02379146,196.6424
JVASP-19695,7,Au,196.6614,0.023791483,196.6424
JVASP-78301,0,Al,0.15513435,0.026486205,0.18082146
JVASP-78301,1,Al,0.15513435,0.026486246,0.1808215
JVASP-78301,2,Au,217.936,0.04950317,217.98508
JVASP-78301,3,Au,217.936,0.04950316,217.98508
JVASP-78301,4,Au,217.936,0.04950313,217.98508
JVASP-78301,5,Au,217.936,0.049503174,217.98508
JVASP-16354,0,Al,0.0,0.01045184,0.01045184
JVASP-16354,1,Au,0.0,0.010721131,0.010721131
JVASP-82008,0,Hf,632.40045,0.04933379,632.4083
JVASP-82008,1,Sc,147.24599,0.012152633,147.25136
JVASP-82008,2,Au,199.60568,0.22867306,199.66452
JVASP-82008,3,Au,199.60568,0.22867306,199.66452
JVASP-35417,0,Er,18.269112,0.04825759,18.31663
JVASP-35417,1,Ga,150.46281,0.08295406,150.46924
JVASP-35417,2,Ga,150.46281,0.08295409,150.46924
JVASP-35417,3,Ga,150.46281,0.08295408,150.50206
JVASP-35417,4,Ga,150.46281,0.082954116,150.50206
JVASP-35417,5,Ga,68.49508,0.16700725,68.32924
JVASP-35417,6,Co,0.5911435,0.6902065,1.2793969
JVASP-13857,0,Er,60.492783,0.104979664,60.405888
JVASP-13857,1,Er,60.492783,0.104979664,60.412113
JVASP-13857,2,Er,60.492783,0.104979634,60.412113
JVASP-13857,3,Er,60.492783,0.10497971,60.405888
JVASP-13857,4,Ga,72.81058,0.27466342,73.055145
JVASP-13857,5,Ga,72.81058,0.2746632,73.05563
JVASP-13857,6,Ga,72.81058,0.27466342,73.055145
JVASP-13857,7,Ga,72.81058,0.2746635,73.05563
JVASP-13857,8,Co,43.548153,4.4029274,42.7382
JVASP-13857,9,Co,43.548153,4.4029284,42.7382
JVASP-13857,10,Co,43.548153,4.4029284,42.76719
JVASP-13857,11,Co,43.548153,4.4029284,42.76719
JVASP-12184,0,Si,0.595226,11.863894,12.457536
JVASP-12184,1,Si,0.595226,11.863898,12.4575405
JVASP-12184,2,Sb,5.6298623,191.1818,187.55162
JVASP-12184,3,Sb,5.6300874,191.18187,187.5584
JVASP-12184,4,Sb,5.6300874,191.18187,187.54211
JVASP-12184,5,Sb,5.6298623,191.1818,187.55162
JVASP-12184,6,Sb,5.6300874,191.18187,187.5584
JVASP-12184,7,Sb,5.6300874,191.18187,187.54211
JVASP-66744,0,Be,0.5299063,0.10513732,0.42539728
JVASP-66744,1,Be,3.2668028,0.1325162,3.1354008
JVASP-66744,2,Cu,13.584054,0.41363353,13.1712675
JVASP-66744,3,Os,168.97478,0.06080732,168.91464
JVASP-80606,0,Be,12.1526985,0.113168076,12.170415
JVASP-80606,1,Be,12.1526985,0.113168105,12.170415
JVASP-80606,2,Cu,27.11301,0.035703097,27.121672
JVASP-80606,3,Os,795.6507,0.062214658,795.65784
JVASP-14880,0,Na,3.0419338,0.078941114,3.046004
JVASP-14880,1,Na,3.0419338,0.07894104,3.046004
JVASP-14880,2,Na,2.2992651,0.061606366,2.3133829
JVASP-14880,3,Na,2.2992651,0.061606336,2.3133829
JVASP-14880,4,Hg,37.07836,0.20076343,36.88744
JVASP-14880,5,Hg,37.07836,0.20076491,36.88744
JVASP-14880,6,Hg,37.07988,0.20076337,37.19192
JVASP-14880,7,Hg,37.07988,0.20076485,37.191925
JVASP-16550,0,Na,6.8071327,0.1243148,6.6864824
JVASP-16550,1,Hg,154.38644,194.89723,40.616722
JVASP-16550,2,Hg,154.38644,194.89723,40.61673
JVASP-56273,0,Ho,73.86603,38.889885,55.41274
JVASP-56273,1,Ge,36.260166,47.812172,35.10698
JVASP-56273,2,Ge,36.260166,47.812183,35.106983
JVASP-56273,3,Rh,8.802987,4.2134953,7.1761403
JVASP-56273,4,Rh,8.802987,4.2134957,7.17614
JVASP-40461,0,Ta,34.05852,0.2403411,33.81921
JVASP-40461,1,Ta,34.05852,0.2403412,33.81921
JVASP-40461,2,Sn,20.643482,0.03894658,20.677826
JVASP-40461,3,Sn,20.643482,0.038946576,20.677826
JVASP-40461,4,Ru,22.446308,0.02778845,22.462814
JVASP-40461,5,Ru,22.446308,0.027788434,22.462814
JVASP-40461,6,Ru,22.446308,0.027788412,22.462814
JVASP-40461,7,Ru,22.446308,0.02778841,22.462814
JVASP-3117,0,N,72.172325,0.14567228,72.22867
JVASP-3117,1,N,72.17274,0.14567205,72.24876
JVASP-3117,2,N,72.17271,0.14567207,72.137245
JVASP-3117,3,N,72.17314,0.14567195,72.05801
JVASP-3117,4,Na,20.7641,0.056536566,20.753544
JVASP-3117,5,Na,20.7641,0.056536544,20.753544
JVASP-3117,6,P,4.266201,0.24592851,4.222715
JVASP-3117,7,P,4.266201,0.24592854,4.222715
JVASP-3498,0,Se,187.18788,0.11777786,187.23824
JVASP-3498,1,Se,187.18843,0.11777779,187.27374
JVASP-3498,2,Se,187.1882,0.11777849,187.12515
JVASP-3498,3,Se,187.18832,0.11777859,187.13957
JVASP-3498,4,Cd,7.15651,0.017491864,7.168252
JVASP-3498,5,In,22.6571,0.09947661,22.718395
JVASP-3498,6,In,34.090748,0.10187667,34.028362
JVASP-22645,0,Cd,17.895973,0.01411832,17.89071
JVASP-22645,1,In,9.379496,0.057119414,9.417148
JVASP-22645,2,In,9.379496,0.057119414,9.417148
JVASP-22645,3,Se,195.95734,0.0989101,195.9474
JVASP-22645,4,Se,195.95818,0.09891015,195.92734
JVASP-22645,5,Se,195.95694,0.09891013,195.98807
JVASP-22645,6,Se,195.9576,0.09891021,195.92519
JVASP-22637,0,Cd,14.7500105,0.016426785,14.736319
JVASP-22637,1,In,33.17702,0.06371189,33.20301
JVASP-22637,2,In,33.17702,0.06371189,33.190563
JVASP-22637,3,Se,196.44957,0.12206712,196.42815
JVASP-22637,4,Se,196.44957,0.122067146,196.42159
JVASP-22637,5,Se,196.44957,0.12206714,196.42987
JVASP-22637,6,Se,196.44957,0.12206714,196.42589
JVASP-67815,0,Be,4.404184,1.624346,2.8002093
JVASP-67815,1,Mo,21.387312,0.035792794,21.381918
JVASP-67815,2,Y,149.15433,0.1289507,149.02736
JVASP-35909,0,K,0.85323894,5.977967,5.1252294
JVASP-35909,1,K,0.85323894,5.9779673,5.12523
JVASP-35909,2,Mg,8.027794,0.39913616,8.422511
JVASP-35909,3,Mg,8.027794,0.39913598,8.422511
JVASP-35909,4,P,3.6162634,1.9210908,5.5330925
JVASP-35909,5,P,3.6162634,1.921091,5.5330925
JVASP-14169,0,Er,30.899088,0.096389405,30.820503
JVASP-14169,1,Er,30.899088,0.0963895,30.820503
JVASP-14169,2,Cu,35.409824,2.705546,32.80182
JVASP-14169,3,Cu,35.409824,2.7055464,32.80182
JVASP-14169,4,Ge,46.37619,0.023255857,46.378918
JVASP-14169,5,Ge,46.37619,0.023255855,46.378918
JVASP-86489,0,Cu,8.40961,0.27323577,8.313832
JVASP-86489,1,Cu,8.40961,0.27323592,8.313832
JVASP-86489,2,Ge,63.57366,44.891285,45.073547
JVASP-86489,3,Ge,63.57366,44.891285,45.073547
JVASP-86489,4,Er,28.741455,2.0958698,29.949955
JVASP-7645,0,Lu,0.0,0.23850168,0.23850168
JVASP-7645,1,Lu,0.0,0.23850171,0.23850171
JVASP-915,0,Lu,68.22932,0.12564033,68.349266
JVASP-915,1,Lu,68.22932,0.12564047,68.349266
JVASP-916,0,Lu,82.264885,0.09600142,82.35429
JVASP-916,1,Lu,82.264885,0.09600142,82.35429
JVASP-25068,0,Lu,0.0,0.23850162,0.23850162
JVASP-25068,1,Lu,0.0,0.23850162,0.23850162
JVASP-25378,0,Lu,47.998978,0.0835811,48.074734
JVASP-25378,1,Lu,40.743587,0.074517444,40.809555
JVASP-25378,2,Lu,40.743587,0.074525446,40.809563
JVASP-25378,3,Lu,47.998978,0.08357405,48.074726
JVASP-25378,4,Lu,40.743587,0.07452544,40.809563
JVASP-25378,5,Lu,40.743587,0.074525476,40.809563
JVASP-25378,6,Lu,47.998978,0.08357417,48.074726
JVASP-25378,7,Lu,40.743587,0.07452545,40.809563
JVASP-25378,8,Lu,40.743587,0.07451747,40.809555
JVASP-36624,0,Ca,0.0,0.028434359,0.028434359
JVASP-36624,1,Os,0.0,0.0142724,0.0142724
JVASP-36624,2,O,111.26481,0.13353264,111.13332
JVASP-36624,3,O,111.26481,0.13353258,111.31801
JVASP-36624,4,O,111.26481,0.13353255,111.34321
JVASP-54849,0,K,17.032997,0.15931363,17.083595
JVASP-54849,1,K,17.032997,0.15931357,17.083595
JVASP-54849,2,Sn,44.65186,0.0995152,44.591568
JVASP-54849,3,Sn,44.651527,0.0995152,44.59116
JVASP-54849,4,Se,319.97476,24.90927,334.73917
JVASP-54849,5,Se,319.9747,24.909252,334.7366
JVASP-54849,6,Se,319.97528,24.909197,304.35147
JVASP-54849,7,Se,319.9746,24.909195,304.35065
JVASP-51719,0,K,18.037683,6.3428683,21.216475
JVASP-51719,1,P,48.939335,5.1744037,52.026638
JVASP-51719,2,H,22.882654,0.16243517,22.901669
JVASP-51719,3,H,22.882654,0.16243502,22.90054
JVASP-51719,4,S,226.29189,18.935638,244.5199
JVASP-51719,5,O,108.48524,1.8934374,107.55911
JVASP-51719,6,O,143.81204,0.46380523,143.89247
JVASP-51719,7,O,143.81204,0.46380487,143.89955
JVASP-1789,0,Li,1.1098613,0.011972755,1.1104801
JVASP-1789,1,O,45.23935,0.07717247,45.308113
JVASP-1789,2,O,45.23935,0.07717248,45.308113
JVASP-1789,3,Rh,17.135204,0.017900003,17.120836
JVASP-67726,0,Be,8.798568,1.0481836,9.842117
JVASP-67726,1,Te,7.7338557,1.2862937,6.4569926
JVASP-67726,2,Tl,35.351852,2.033053,37.369793
JVASP-65776,0,Ba,7.321525,0.953963,8.247198
JVASP-65776,1,Ti,20.83291,0.15097162,20.7017
JVASP-65776,2,Te,162.05498,0.9908461,163.02072
JVASP-65776,3,Te,113.9568,0.09384143,113.86355
JVASP-8425,0,Ba,146.11615,2.2321553,148.34001
JVASP-8425,1,Al,0.48989797,1.0791166,1.5650055
JVASP-8425,2,Cr,78.01217,0.19450028,77.81879
JVASP-8425,3,Cu,64.43383,0.49447164,64.92705
JVASP-8425,4,O,31.419378,2.8397918,33.04263
JVASP-8425,5,O,31.419378,2.8397913,33.200527
JVASP-8425,6,O,85.28965,2.3584554,86.98124
JVASP-8425,7,O,85.28965,2.3584552,87.161064
JVASP-8425,8,O,73.40631,0.52055705,73.871025
JVASP-17320,0,Lu,220.71985,0.057596713,220.66275
JVASP-17320,1,Co,36.805447,0.030568149,36.77533
JVASP-17320,2,Co,36.80533,0.030568011,36.77653
JVASP-17320,3,Co,36.80533,0.030568037,36.77613
JVASP-17320,4,B,10.07965,0.06583687,10.143917
JVASP-17320,5,B,10.07965,0.06583689,10.143917
JVASP-4489,0,P,5.8801913,1.2340325,5.0335336
JVASP-4489,1,P,5.8801913,1.2340324,5.0335336
JVASP-4489,2,S,213.65378,6.8350735,210.49294
JVASP-4489,3,S,213.65381,6.835074,211.16216
JVASP-4489,4,S,211.83258,13.623006,211.0382
JVASP-4489,5,S,211.83258,13.623004,211.0382
JVASP-4489,6,S,213.65378,6.835074,210.49294
JVASP-4489,7,S,213.65381,6.835074,211.16216
JVASP-4489,8,Cd,21.36692,4.8706117,24.258907
JVASP-4489,9,Cd,21.36692,4.8706107,24.258907
JVASP-4633,0,P,7.0021105,0.8146727,6.5775104
JVASP-4633,1,P,6.979322,0.8127617,6.5560575
JVASP-4633,2,S,212.40685,7.3975706,212.93748
JVASP-4633,3,S,212.4071,7.3975735,209.39685
JVASP-4633,4,S,212.44618,7.4001274,210.00676
JVASP-4633,5,S,212.44595,7.400136,212.9744
JVASP-4633,6,S,212.44588,7.400135,209.43576
JVASP-4633,7,S,212.4075,7.3975697,209.97017
JVASP-4633,8,Cd,15.892627,5.107643,19.748594
JVASP-4633,9,Cd,15.88066,5.1054463,19.73511
JVASP-61084,0,Ce,79.757835,0.03446288,79.7273
JVASP-61084,1,Ce,79.757835,0.03446289,79.7273
JVASP-61084,2,Al,9.063112,1.2851644,7.7924495
JVASP-61084,3,Al,9.063112,1.2851648,7.792449
JVASP-61084,4,Al,2.4584713,1.9917382,0.5385333
JVASP-61084,5,Al,2.4584713,1.9917381,0.5385334
JVASP-61084,6,Au,193.03285,127.483315,320.48972
JVASP-61084,7,Au,193.03285,127.48333,320.48972
JVASP-61084,8,Au,22.18013,229.41562,207.23943
JVASP-61084,9,Au,22.18013,229.41562,207.23943
JVASP-16694,0,Al,9.248344,0.07493958,9.209746
JVASP-16694,1,Al,28.7387,0.4197559,28.563795
JVASP-16694,2,Al,9.248344,0.07493958,9.209746
JVASP-16694,3,Si,23.947104,0.11901574,24.005129
JVASP-16694,4,Si,23.947104,0.11901568,24.005129
JVASP-16694,5,Er,61.723248,0.0591539,61.680813
JVASP-16694,6,Er,61.723248,0.059153896,61.680813
JVASP-16254,0,Al,23.839518,0.10958671,23.87957
JVASP-16254,1,Si,43.518036,0.026328938,43.52458
JVASP-16254,2,Si,43.518036,0.026328934,43.52458
JVASP-16254,3,Er,44.596138,0.039126657,44.607597
JVASP-16254,4,Er,44.596138,0.039126653,44.607597
JVASP-16638,0,Yb,261.51978,0.122427404,261.46027
JVASP-16638,1,Yb,261.51978,0.12242739,261.60858
JVASP-16638,2,Yb,261.51978,0.122427545,261.49054
JVASP-16638,3,Sn,0.0,0.3178948,0.3178948
JVASP-16638,4,O,0.0,0.0917414,0.0917414
JVASP-40734,0,Li,0.83804417,0.009095046,0.83964545
JVASP-40734,1,Li,0.21240999,0.007963819,0.21388537
JVASP-40734,2,V,37.95046,0.021886725,37.942894
JVASP-40734,3,Fe,30.637115,0.04958431,30.665995
JVASP-40734,4,O,61.20224,0.030777343,61.21155
JVASP-40734,5,O,94.99153,0.019043371,94.98476
JVASP-40734,6,O,61.20224,0.03077736,61.214893
JVASP-40734,7,O,94.99153,0.019043393,94.98864
JVASP-30194,0,Tm,176.9593,93.9691,83.08528
JVASP-30194,1,Tm,176.9593,93.9691,83.08528
JVASP-30194,2,Br,96.60542,0.24347976,96.84462
JVASP-30194,3,Br,96.60542,0.24347973,96.84462
JVASP-30194,4,O,12.921875,2.0426803,10.889351
JVASP-30194,5,O,12.921875,2.0426807,10.88935
JVASP-30189,0,Tm,99.45942,0.9252723,98.54966
JVASP-30189,1,Tm,99.45942,0.9252719,98.54966
JVASP-30189,2,Br,59.396633,0.061996657,59.38973
JVASP-30189,3,Br,59.396633,0.061996657,59.38973
JVASP-30189,4,O,7.596116,0.13524972,7.509709
JVASP-30189,5,O,7.596116,0.13524964,7.5097094
JVASP-85683,0,Eu,28.02951,0.04501064,28.074123
JVASP-85683,1,Mg,11.651406,0.03574616,11.624088
JVASP-85683,2,Mg,11.651406,0.035746176,11.624087
JVASP-85683,3,H,5.6920652,0.365041,5.924116
JVASP-85683,4,H,5.6920652,0.36504078,5.8199577
JVASP-85683,5,H,5.6920652,0.365041,5.924116
JVASP-85683,6,H,5.6920652,0.3650411,5.819958
JVASP-85683,7,H,2.3261988,0.08330645,2.2437096
JVASP-85683,8,H,14.821862,0.045884687,14.777391
JVASP-85706,0,Eu,132.45126,0.026191048,132.43446
JVASP-85706,1,Eu,132.45126,0.026191106,132.43446
JVASP-85706,2,Mg,18.742271,0.020412514,18.724083
JVASP-85706,3,H,5.4625497,0.18883942,5.4126444
JVASP-85706,4,H,5.4627323,0.18883839,5.3934326
JVASP-85706,5,H,5.4627323,0.18883859,5.379068
JVASP-85706,6,H,5.4625497,0.18883955,5.4126444
JVASP-85706,7,H,5.4627323,0.18883865,5.3934326
JVASP-85706,8,H,5.4627323,0.18883842,5.379068
JVASP-65114,0,Be,5.512169,0.24822153,5.2650704
JVASP-65114,1,Cr,7.015339,0.098675124,7.1108265
JVASP-65114,2,P,81.16874,0.07092824,81.10103
JVASP-65148,0,Be,3.837534,0.36850107,3.4717202
JVASP-65148,1,Be,3.837534,0.3685013,3.47172
JVASP-65148,2,Cr,46.713406,0.056793965,46.671032
JVASP-65148,3,Cr,46.713406,0.056793872,46.671032
JVASP-65148,4,P,4.028594,0.18713827,3.8422506
JVASP-65148,5,P,4.028594,0.18713833,3.8422506
JVASP-67654,0,Be,2.0575714,0.3320779,1.7276137
JVASP-67654,1,Cr,5.842033,0.047242276,5.799526
JVASP-67654,2,P,57.817757,0.103904694,57.71573
JVASP-67654,3,P,21.303211,0.17065777,21.473364
JVASP-35363,0,Dy,199.25888,0.15376759,199.1054
JVASP-35363,1,B,8.617308,0.30385327,8.913818
JVASP-35363,2,B,8.617308,0.3038532,8.913818
JVASP-35363,3,Rh,104.805916,2.59355,103.08267
JVASP-35363,4,Rh,104.80554,2.5935438,103.005
JVASP-35363,5,Rh,104.81407,10.897696,97.29844
JVASP-15156,0,Dy,0.0,0.02540294,0.02540294
JVASP-15156,1,B,0.0,0.046732493,0.046732493
JVASP-15156,2,Rh,97.20554,0.10257923,97.136345
JVASP-15156,3,Rh,97.20554,0.10257923,97.30321
JVASP-15156,4,Rh,97.20554,0.10257923,97.17717
JVASP-4606,0,Sc,23.146454,0.30412763,22.856466
JVASP-4606,1,Sc,23.146454,0.30412745,22.856466
JVASP-4606,2,Ag,10.679776,26.284143,15.621074
JVASP-4606,3,Ag,10.679776,26.284142,15.621074
JVASP-4606,4,P,5.069219,0.067374736,5.064189
JVASP-4606,5,P,5.069219,0.06737466,5.0641894
JVASP-4606,6,P,5.069219,0.067374766,5.064189
JVASP-4606,7,P,5.069219,0.06737469,5.0641894
JVASP-4606,8,S,213.27496,10.369336,208.55907
JVASP-4606,9,S,213.27496,10.369337,208.57448
JVASP-4606,10,S,213.27492,10.369252,209.56343
JVASP-4606,11,S,213.27466,10.369269,209.66441
JVASP-4606,12,S,213.27492,10.369252,209.72641
JVASP-4606,13,S,213.27466,10.36927,209.51674
JVASP-4606,14,S,213.27496,10.369335,208.55907
JVASP-4606,15,S,213.27496,10.369333,208.57448
JVASP-4606,16,S,213.27492,10.369249,209.56343
JVASP-4606,17,S,213.27466,10.369269,209.66441
JVASP-4606,18,S,213.27492,10.369251,209.72641
JVASP-4606,19,S,213.27466,10.369268,209.51674
JVASP-36828,0,Pd,18.30193,75.14194,59.22761
JVASP-36828,1,Au,464.41724,258.08936,270.63028
JVASP-36828,2,O,17.492308,58.749924,43.891277
JVASP-36828,3,O,17.492308,58.749916,43.891273
JVASP-36836,0,Pd,171.95056,0.06724816,172.00487
JVASP-36836,1,Pd,31.166597,0.6709918,30.863777
JVASP-36836,2,Au,439.66434,86.916565,366.12704
JVASP-36836,3,Au,439.66434,86.916565,366.12704
JVASP-36836,4,O,49.52397,0.16379943,49.437645
JVASP-36836,5,O,127.79678,0.96085954,127.6972
JVASP-36836,6,O,127.79678,0.96085954,127.6972
JVASP-36836,7,O,49.52397,0.1637993,49.437645
JVASP-36840,0,Pd,16.913727,75.031075,58.154007
JVASP-36840,1,Pd,16.913727,75.031075,58.154007
JVASP-36840,2,Au,465.15567,258.3545,206.89891
JVASP-36840,3,Au,465.15567,258.3545,206.89893
JVASP-36840,4,O,15.296656,58.611736,43.329945
JVASP-36840,5,O,15.296656,58.611736,43.32995
JVASP-36840,6,O,15.296656,58.611732,43.329945
JVASP-36840,7,O,15.296656,58.611725,43.32994
JVASP-15603,0,Ge,58.602146,42.47878,42.385296
JVASP-15603,1,Ge,58.602146,42.47878,42.385296
JVASP-15603,2,Rh,23.11277,4.236802,20.791689
JVASP-15603,3,Rh,23.11277,4.2368026,20.791689
JVASP-15603,4,Ce,67.150665,35.14409,50.053013
JVASP-17779,0,Yb,6.852039,0.09364149,6.945263
JVASP-17779,1,Ga,46.28474,0.20612569,46.080235
JVASP-17779,2,Ga,134.91664,0.05261708,134.9306
JVASP-17779,3,Ga,134.91664,0.052617084,134.92888
JVASP-17779,4,Ga,134.91664,0.052617073,134.9306
JVASP-17779,5,Ga,134.91664,0.052617077,134.92888
JVASP-17779,6,Co,11.372981,0.7979457,10.579279
JVASP-16762,0,Al,29.477621,1.6175945,28.601913
JVASP-16762,1,Al,29.477621,1.6176075,28.709888
JVASP-16762,2,Al,29.478382,1.6176069,28.602722
JVASP-16762,3,Al,29.477621,1.6175947,28.612997
JVASP-16762,4,Al,29.477621,1.6176071,28.546059
JVASP-16762,5,Al,29.478382,1.6176074,28.777254
JVASP-16762,6,W,19.866772,0.04318048,19.89201
JVASP-16762,7,W,19.867735,0.04318046,19.900574
JVASP-16762,8,W,19.867735,0.04318007,19.899372
JVASP-34251,0,Sr,103.04435,0.12978035,103.13546
JVASP-34251,1,Sr,103.04435,0.1297803,103.13204
JVASP-34251,2,Hf,12.369107,4.104013,8.27984
JVASP-34251,3,Hf,12.369107,4.1040154,8.279838
JVASP-34251,4,O,11.444749,0.12239631,11.541423
JVASP-34251,5,O,11.444749,0.12239642,11.540359
JVASP-34251,6,O,18.256048,0.022029262,18.25698
JVASP-34251,7,O,18.256048,0.022029277,18.25698
JVASP-34251,8,O,11.444749,0.122396454,11.540359
JVASP-34251,9,O,11.444749,0.12239636,11.541423
JVASP-11082,0,O,13.486586,0.2047371,13.426645
JVASP-11082,1,O,13.487058,0.20473702,13.61201
JVASP-11082,2,O,13.486586,0.20473704,13.426646
JVASP-11082,3,O,13.487058,0.2047371,13.61201
JVASP-11082,4,O,15.520575,0.24916817,15.437265
JVASP-11082,5,O,15.520575,0.24916804,15.437265
JVASP-11082,6,Sr,55.035862,0.13356741,55.008163
JVASP-11082,7,Sr,55.035862,0.13356744,55.008163
JVASP-11082,8,Hf,41.766754,0.38723922,41.640976
JVASP-11082,9,Hf,41.763702,0.3872389,41.908405
JVASP-46005,0,Sr,85.87992,0.23129596,85.65155
JVASP-46005,1,Sr,85.87992,0.2312959,85.65155
JVASP-46005,2,Hf,63.44423,0.04200598,63.408573
JVASP-46005,3,O,24.795315,0.068754666,24.78333
JVASP-46005,4,O,24.795315,0.06875466,24.77591
JVASP-46005,5,O,36.427177,0.15724067,36.302906
JVASP-46005,6,O,36.427177,0.15724073,36.302906
JVASP-7773,0,Sr,0.00489898,0.059796046,0.05494096
JVASP-7773,1,Hf,0.11430952,0.09209683,0.20490995
JVASP-7773,2,O,24.27526,0.08102514,24.261019
JVASP-7773,3,O,24.27526,0.081025146,24.215153
JVASP-7773,4,O,24.289143,0.08101545,24.363724
JVASP-8061,0,Sr,0.0,0.06141635,0.06141635
JVASP-8061,1,Hf,0.0,0.1060052,0.1060052
JVASP-8061,2,O,24.281792,0.08902635,24.263475
JVASP-8061,3,O,24.281792,0.089026354,24.364872
JVASP-8061,4,O,24.281792,0.08902634,24.217283
JVASP-9433,0,O,12.172784,0.17494546,12.253448
JVASP-9433,1,O,12.1713505,0.17494513,12.196032
JVASP-9433,2,O,12.1713505,0.1749452,12.196032
JVASP-9433,3,O,12.172784,0.17494555,12.253448
JVASP-9433,4,O,19.23291,0.03326513,19.235657
JVASP-9433,5,O,19.23291,0.033265095,19.235657
JVASP-9433,6,Sr,80.25465,0.1425773,80.29774
JVASP-9433,7,Sr,80.25465,0.14257734,80.29774
JVASP-9433,8,Hf,1.5075822,14.380364,14.057477
JVASP-9433,9,Hf,1.5075822,14.380335,14.057447
JVASP-17850,0,Nd,10.99086,0.88293076,11.82882
JVASP-17850,1,Nd,10.99086,0.88293123,11.82882
JVASP-17850,2,Mn,8.068619,0.5728582,8.637977
JVASP-17850,3,Mn,8.068619,0.5728579,8.637976
JVASP-17850,4,Ge,10.21029,0.26620284,9.958508
JVASP-17850,5,Ge,10.21029,0.2661994,9.958511
JVASP-18084,0,Nd,86.24409,65.15487,21.92949
JVASP-18084,1,Nd,86.24409,65.15487,21.92949
JVASP-18084,2,Mn,9.004324,9.999897,1.3085059
JVASP-18084,3,Mn,9.004324,9.999896,1.3085052
JVASP-18084,4,Mn,9.004324,9.999897,1.3085059
JVASP-18084,5,Mn,9.004324,9.999897,1.3085059
JVASP-18084,6,Ge,101.00635,81.99152,19.644684
JVASP-18084,7,Ge,101.00635,81.99152,19.644684
JVASP-18084,8,Ge,101.00635,81.99153,19.644676
JVASP-18084,9,Ge,101.00635,81.99152,19.644684
JVASP-18465,0,B,39.609894,0.11402864,39.525463
JVASP-18465,1,O,74.950195,14.043031,72.694496
JVASP-18465,2,O,74.950195,14.043034,74.63239
JVASP-18465,3,O,74.95003,14.0430355,73.1735
JVASP-18465,4,Ag,139.33467,78.724785,168.83994
JVASP-18465,5,Ag,139.33519,78.72481,169.429
JVASP-18465,6,Ag,139.33533,78.72481,133.07234
JVASP-12809,0,B,39.610546,0.1140096,39.526867
JVASP-12809,1,O,74.95828,14.049857,72.70375
JVASP-12809,2,O,74.95777,14.049855,74.64341
JVASP-12809,3,O,74.95819,14.049863,73.18299
JVASP-12809,4,Ag,139.34767,78.7795,168.88907
JVASP-12809,5,Ag,139.34741,78.779526,169.47748
JVASP-12809,6,Ag,139.34488,78.77944,133.09459
JVASP-37957,0,Ag,0.0,0.06324022,0.06324022
JVASP-37957,1,B,0.0,0.019846233,0.019846233
JVASP-37957,2,O,58.381134,0.3546222,58.687767
JVASP-37957,3,O,58.381138,0.35462216,58.37013
JVASP-37957,4,O,58.381138,0.354622,58.0872
JVASP-42153,0,Ag,32.55127,1.6953048,34.244827
JVASP-42153,1,Ag,32.55127,1.6953056,34.244827
JVASP-42153,2,B,40.213272,0.11132423,40.102818
JVASP-42153,3,B,40.213272,0.111324176,40.102818
JVASP-42153,4,O,138.178,0.124583445,138.20241
JVASP-42153,5,O,138.17772,0.12458331,138.1732
JVASP-42153,6,O,138.178,0.12458349,138.18758
JVASP-42153,7,O,138.178,0.12458338,138.18758
JVASP-42153,8,O,138.17772,0.12458326,138.1732
JVASP-42153,9,O,138.178,0.1245835,138.20241
JVASP-16743,0,Fe,11.616707,0.06790088,11.683305
JVASP-16743,1,Fe,11.616707,0.06790091,11.683305
JVASP-16743,2,N,4.1216745,0.007951373,4.122861
JVASP-16743,3,N,4.1216745,0.007951373,4.122861
JVASP-14763,0,Fe,44.68931,0.029060978,44.708397
JVASP-14763,1,Fe,44.689304,0.029060967,44.667732
JVASP-14763,2,Fe,44.68931,0.029061016,44.69181
JVASP-14763,3,Fe,0.0,0.023276163,0.023276163
JVASP-14763,4,N,0.0,0.03274493,0.03274493
JVASP-14875,0,Fe,9.735311,0.10516581,9.667716
JVASP-14875,1,Fe,9.735544,0.10516396,9.653629
JVASP-14875,2,Fe,9.735544,0.10516397,9.66064
JVASP-14875,3,Fe,9.735544,0.10516389,9.66064
JVASP-14875,4,Fe,9.735311,0.10516583,9.667716
JVASP-14875,5,Fe,9.735544,0.105163954,9.653629
JVASP-14875,6,N,3.0708437,0.02701752,3.0500798
JVASP-14875,7,N,3.0708437,0.027017502,3.0500798
JVASP-14875,8,N,3.543187,0.18086325,3.722428
JVASP-15718,0,N,0.0,0.1045224,0.1045224
JVASP-15718,1,Fe,0.010954452,0.3438319,0.3513869
JVASP-19983,0,Fe,10.879774,0.14530988,10.882353
JVASP-19983,1,Fe,10.875375,0.14530908,10.84418
JVASP-19983,2,Fe,10.8757,0.1453128,10.851613
JVASP-19983,3,Fe,10.879774,0.14530982,10.889272
JVASP-19983,4,Fe,10.8757,0.14531271,10.860443
JVASP-19983,5,Fe,10.875375,0.14530891,10.842289
JVASP-19983,6,N,3.0369592,0.03473126,3.0111556
JVASP-19983,7,N,3.038592,0.034696233,3.012833
JVASP-36277,0,Fe,0.00244949,0.07837502,0.07814101
JVASP-36277,1,N,0.0,0.061752323,0.061752323
JVASP-36295,0,Fe,0.0,0.1458239,0.1458239
JVASP-36295,1,N,0.0,0.011274207,0.011274207
JVASP-14778,0,N,13.626969,0.039996803,13.621122
JVASP-14778,1,Fe,6.8753247,0.06726815,6.877519
JVASP-14778,2,Fe,31.391392,0.35241988,31.353476
JVASP-14778,3,Fe,31.391392,0.3524199,31.353476
JVASP-14778,4,Fe,17.114311,0.2774608,17.226458
JVASP-14778,5,Fe,17.111782,0.2774567,17.116056
JVASP-14778,6,Fe,17.111782,0.2774565,17.116056
JVASP-14778,7,Fe,17.114311,0.27746066,17.226458
JVASP-14778,8,Fe,6.8753247,0.06726815,6.877519
JVASP-8300,0,Fe,0.0,0.14581409,0.14581409
JVASP-8300,1,N,0.0,0.011272813,0.011272813
JVASP-4783,0,Fe,11.617114,0.06790067,11.683716
JVASP-4783,1,Fe,11.617114,0.06790067,11.683716
JVASP-4783,2,N,4.1216745,0.007951363,4.122861
JVASP-4783,3,N,4.1216745,0.007951364,4.122861
JVASP-21970,0,Rb,14.543845,0.09668938,14.640167
JVASP-21970,1,Rb,14.543845,0.0966894,14.640167
JVASP-21970,2,Hf,109.02679,0.049090613,109.049446
JVASP-21970,3,F,29.053686,0.07739716,29.07979
JVASP-21970,4,F,29.054247,0.07739721,29.064785
JVASP-21970,5,F,29.053686,0.07739706,29.064938
JVASP-21970,6,F,29.053686,0.07739715,29.07979
JVASP-21970,7,F,29.054247,0.07739706,29.064785
JVASP-21970,8,F,29.053686,0.07739702,29.064938
JVASP-3045,0,P,38.45482,0.077020235,38.46399
JVASP-3045,1,P,38.45482,0.077020265,38.46399
JVASP-3045,2,K,16.300922,0.16919534,16.276293
JVASP-3045,3,K,16.300957,0.16919512,16.154186
JVASP-3045,4,K,16.300922,0.1691955,16.276293
JVASP-3045,5,K,16.300957,0.16919525,16.154186
JVASP-3045,6,Ag,258.9929,0.28387654,259.17047
JVASP-3045,7,Ag,258.9929,0.2838765,258.976
JVASP-1345,0,Te,0.0014142137,0.010160721,0.0115638655
JVASP-1345,1,Yb,0.008717798,0.010392275,0.017448884
JVASP-35486,0,Dy,179.55109,0.049797505,179.5666
JVASP-35486,1,Dy,179.55109,0.049797527,179.5666
JVASP-35486,2,Cr,9.314467,6.392066,11.883369
JVASP-35486,3,Cr,9.314467,6.3920665,11.883369
JVASP-35486,4,C,20.0723,1.1775303,19.946877
JVASP-35486,5,C,20.0723,1.1775309,19.946877
JVASP-35486,6,C,24.840244,0.09176559,24.806175
JVASP-37968,0,Ac,144.36493,39.80577,136.44269
JVASP-37968,1,Ac,144.36623,39.80584,135.69861
JVASP-37968,2,Ac,144.36623,39.805843,135.75325
JVASP-37968,3,Ac,144.36493,39.805775,136.44269
JVASP-37968,4,Ac,144.36668,39.80584,135.69899
JVASP-37968,5,Ac,144.36668,39.80584,135.75363
JVASP-37968,6,In,2.363758,0.13807961,2.4098294
JVASP-37968,7,In,2.3633494,0.13807957,2.4094527
JVASP-8422,0,Ba,111.76042,0.19240491,111.56843
JVASP-8422,1,Y,51.858147,0.26840863,51.609142
JVASP-8422,2,Cu,108.62425,0.59043175,109.20327
JVASP-8422,3,Mo,135.41025,0.10236178,135.31064
JVASP-8422,4,O,8.91603,0.3639914,9.255557
JVASP-8422,5,O,8.91603,0.36399126,9.056787
JVASP-8422,6,O,90.58829,0.5196924,90.92628
JVASP-8422,7,O,90.58829,0.5196925,90.68363
JVASP-8422,8,O,91.69502,0.4355517,92.098
JVASP-18015,0,Ti,103.71629,0.19357361,103.64819
JVASP-18015,1,Ti,103.71629,0.19357362,103.90717
JVASP-18015,2,Ti,103.71629,0.19357355,103.593765
JVASP-18015,3,In,0.0,0.09700659,0.09700659
JVASP-18015,4,N,0.0,0.051023845,0.051023845
JVASP-35609,0,Ti,18.9566,0.24168651,18.730455
JVASP-35609,1,Ti,18.9566,0.2416865,18.730455
JVASP-35609,2,Ti,18.9566,0.24168666,18.730455
JVASP-35609,3,Ti,18.9566,0.24168687,18.730455
JVASP-35609,4,In,273.13403,0.103747785,273.2364
JVASP-35609,5,In,273.13403,0.10374781,273.2364
JVASP-35609,6,N,0.76383287,0.1623394,0.60291165
JVASP-35609,7,N,0.76383287,0.16233939,0.60291165
JVASP-65796,0,Ba,35.21468,14.36727,20.898417
JVASP-65796,1,Na,9.0974045,0.14442913,9.234279
JVASP-65796,2,Na,7.5101357,0.089793526,7.426479
JVASP-65796,3,Sb,92.52948,0.06745415,92.50697
JVASP-16613,0,Tb,0.0,0.13169608,0.13169608
JVASP-16613,1,Rh,0.0,0.26977563,0.26977563
JVASP-16614,0,Tb,142.86037,0.15815468,142.70274
JVASP-16614,1,Rh,15.599576,0.07447293,15.668346
JVASP-16614,2,Rh,15.599576,0.07447292,15.668346
JVASP-16614,3,Rh,8.555301,0.11412291,8.501068
JVASP-16614,4,Rh,8.555301,0.11412293,8.5047035
JVASP-16614,5,Rh,8.557312,0.114126,8.507023
JVASP-44357,0,Li,1.2822846,0.006168885,1.2813332
JVASP-44357,1,Li,0.54220843,0.006992955,0.54206395
JVASP-44357,2,Ti,33.09323,0.022560429,33.079628
JVASP-44357,3,Fe,29.23484,0.041992735,29.211937
JVASP-44357,4,O,65.176865,0.048896693,65.19597
JVASP-44357,5,O,42.189144,0.0129396925,42.181286
JVASP-44357,6,O,65.176865,0.048896667,65.19597
JVASP-44357,7,O,42.189144,0.012939693,42.181286
JVASP-29345,0,Th,23.179815,0.33126962,23.104065
JVASP-29345,1,Th,23.179815,0.33126956,23.104065
JVASP-29345,2,Te,842.5989,4.014373,841.51807
JVASP-29345,3,Te,842.5989,4.014373,841.51807
JVASP-29345,4,Te,872.01117,2.1243732,871.34326
JVASP-29345,5,Te,872.01117,2.124373,871.34326
JVASP-29345,6,I,210.0425,12.332588,202.5469
JVASP-29345,7,I,209.83067,12.325692,218.02063
JVASP-29345,8,I,210.0425,12.332588,202.5469
JVASP-29345,9,I,209.83067,12.325693,218.02063
JVASP-26127,0,Th,23.09487,0.33133048,23.018206
JVASP-26127,1,Th,23.09487,0.33133054,23.018206
JVASP-26127,2,Te,842.6227,4.0191317,841.5406
JVASP-26127,3,Te,842.6227,4.0191317,841.5406
JVASP-26127,4,Te,872.1151,2.1227603,871.44775
JVASP-26127,5,Te,872.1151,2.1227598,871.44775
JVASP-26127,6,I,210.04378,12.327461,202.55414
JVASP-26127,7,I,209.81374,12.320054,218.00194
JVASP-26127,8,I,210.04378,12.32746,202.55414
JVASP-26127,9,I,209.81374,12.320052,218.00194
JVASP-43671,0,Li,1.1004338,0.024303956,1.1160283
JVASP-43671,1,Li,0.6958635,0.016366774,0.7068606
JVASP-43671,2,Ti,50.329227,0.024752323,50.329933
JVASP-43671,3,Ni,31.137642,0.0264457,31.148335
JVASP-43671,4,O,45.652046,0.0119966315,45.659714
JVASP-43671,5,O,14.333219,0.07213469,14.35953
JVASP-43671,6,O,45.652046,0.011996629,45.659714
JVASP-43671,7,O,14.333219,0.072134614,14.35953
JVASP-37736,0,K,12.767556,1.1202664,11.657073
JVASP-37736,1,K,12.767556,1.1202663,11.657074
JVASP-37736,2,K,25.788229,1.1261697,26.905636
JVASP-37736,3,K,12.767556,1.1202663,11.657074
JVASP-37736,4,K,12.767556,1.1202664,11.657073
JVASP-37736,5,K,25.788229,1.1261697,26.905636
JVASP-37736,6,In,76.20934,0.101167776,76.30832
JVASP-37736,7,In,76.20934,0.10116776,76.30832
JVASP-37737,0,K,28.632084,1.0885997,28.017883
JVASP-37737,1,K,28.632084,1.0885997,28.198542
JVASP-37737,2,K,28.632086,1.0885997,29.71169
JVASP-37737,3,In,0.0,0.10920549,0.10920549
JVASP-16394,0,Yb,12.431162,0.10530433,12.33023
JVASP-16394,1,Yb,23.137882,0.11408061,23.028006
JVASP-16394,2,Yb,23.137882,0.11408061,23.028006
JVASP-16394,3,Ag,101.86448,151.29402,49.4473
JVASP-16394,4,Ag,101.86448,151.29402,49.44731
JVASP-16394,5,Ag,168.98663,97.32788,71.66154
JVASP-16394,6,Sn,201.8453,10.082885,191.79001
JVASP-16394,7,Sn,62.328903,0.29451087,62.602184
JVASP-16394,8,Sn,201.8453,10.082886,191.79001
JVASP-15953,0,Er,445.5132,0.88977724,445.03708
JVASP-15953,1,Er,445.5132,0.8897773,445.10428
JVASP-15953,2,Er,445.5132,0.8897775,446.39963
JVASP-15953,3,In,0.0,0.049700964,0.049700964
JVASP-15953,4,C,0.0,0.063972116,0.063972116
JVASP-67943,0,Be,1.6574881,0.65285957,1.0085529
JVASP-67943,1,Cr,17.237059,0.061658956,17.295088
JVASP-67943,2,Cu,0.51602584,0.4301042,0.09213281
JVASP-67943,3,Cu,22.190744,0.47725227,22.667137
JVASP-14958,0,S,0.0,10.073838,10.073838
JVASP-14958,1,Se,0.00081649655,65.48216,65.48257
JVASP-16771,0,As,198.71425,0.0537867,198.69273
JVASP-16771,1,As,198.71425,0.05378669,198.69273
JVASP-16771,2,As,66.740845,0.15807663,66.751396
JVASP-16771,3,As,66.740845,0.15807666,66.751396
JVASP-16771,4,Ta,173.01387,1.5941424,174.35135
JVASP-16771,5,Ta,173.01387,1.5941428,174.35135
JVASP-20518,0,As,23.315805,0.13978127,23.217556
JVASP-20518,1,As,23.31548,0.13978122,23.210035
JVASP-20518,2,Ta,22.16676,0.098096155,22.151604
JVASP-20518,3,Ta,22.186935,0.09809613,22.142384
JVASP-16039,0,As,96.35937,0.08233861,96.39067
JVASP-16039,1,As,96.359344,0.08233696,96.32573
JVASP-16039,2,As,96.359344,0.082336955,96.32573
JVASP-16039,3,As,96.35937,0.08233863,96.39067
JVASP-16039,4,Ta,140.94151,0.049737744,140.90475
JVASP-16039,5,Ta,140.94147,0.049737763,140.95569
JVASP-16039,6,Ta,140.94147,0.0497378,140.95569
JVASP-16039,7,Ta,140.94151,0.0497377,140.90475
JVASP-16039,8,Ta,229.26262,0.22651656,229.38033
JVASP-20249,0,Ta,22.117794,0.09809701,22.098246
JVASP-20249,1,Ta,22.117794,0.09809694,22.051605
JVASP-20249,2,Ta,22.117794,0.09809696,22.098246
JVASP-20249,3,Ta,22.117794,0.09809694,22.051605
JVASP-20249,4,As,23.238121,0.13977699,23.107658
JVASP-20249,5,As,23.238121,0.139777,23.09864
JVASP-20249,6,As,23.238121,0.139777,23.107658
JVASP-20249,7,As,23.238121,0.13977695,23.09864
JVASP-52768,0,K,3.1746175,0.08007227,3.1542006
JVASP-52768,1,K,3.1747687,0.08007221,3.1554441
JVASP-52768,2,Na,2.3349943,0.0577648,2.3512468
JVASP-52768,3,V,15.96338,0.110585555,15.994169
JVASP-52768,4,O,42.027676,0.11688463,42.060726
JVASP-52768,5,F,84.17717,0.11197522,84.233154
JVASP-52768,6,F,84.1781,0.11197513,84.15992
JVASP-52768,7,F,84.17803,0.11197506,84.12278
JVASP-52768,8,F,84.17797,0.11197524,84.23036
JVASP-52768,9,F,44.075394,0.15263851,44.04662
JVASP-16265,0,Sm,582.4454,4.4200554,580.45984
JVASP-16265,1,Sm,582.4454,4.420054,586.8558
JVASP-16265,2,Sm,582.4454,4.4200525,580.0459
JVASP-16265,3,Ga,0.0,0.33275184,0.33275184
JVASP-16265,4,C,0.0,0.045727395,0.045727395
JVASP-79566,0,Y,5.09739,0.08876295,5.0156407
JVASP-79566,1,Tl,26.877026,0.13243578,26.746305
JVASP-79566,2,Te,42.741146,0.01656739,42.729836
JVASP-79566,3,Te,42.741146,0.01656736,42.72984
JVASP-3288,0,Al,0.67473996,0.03678104,0.69347733
JVASP-3288,1,Al,0.67473996,0.036781013,0.69347733
JVASP-3288,2,Ag,28.494848,0.01005142,28.494448
JVASP-3288,3,Ag,28.494848,0.010051419,28.494448
JVASP-3288,4,Te,253.1624,0.010135814,253.15533
JVASP-3288,5,Te,253.16219,0.0101358155,253.1597
JVASP-3288,6,Te,253.16225,0.010135815,253.16591
JVASP-3288,7,Te,253.16272,0.0101358155,253.1686
JVASP-67469,0,Be,6.8781743,0.46790704,6.4133654
JVASP-67469,1,Fe,35.97443,0.7287051,35.251526
JVASP-67469,2,Mo,66.56243,0.06587698,66.61034
JVASP-65651,0,Ba,134.784,0.11255447,134.75215
JVASP-65651,1,Ba,134.784,0.11255441,134.75215
JVASP-65651,2,Zr,31.70783,0.14325637,31.590902
JVASP-65651,3,Zr,31.70783,0.14325665,31.590902
JVASP-65651,4,Zr,31.70783,0.14325646,31.590902
JVASP-65651,5,Zr,31.70783,0.14325662,31.590902
JVASP-65651,6,Co,13.71061,0.21606052,13.919323
JVASP-65651,7,Co,13.71061,0.21606049,13.919323
JVASP-69254,0,Ba,37.418404,17.595928,54.968746
JVASP-69254,1,Hg,21.184004,57.42386,36.244484
JVASP-69254,2,Se,706.92523,36.76664,743.6836
JVASP-69254,3,Se,706.92523,36.76664,743.6836
JVASP-31243,0,F,57.23054,0.08480906,57.23392
JVASP-31243,1,F,57.23155,0.08480901,57.201538
JVASP-31243,2,F,57.230618,0.08480901,57.224552
JVASP-31243,3,F,57.22977,0.084809005,57.253334
JVASP-31243,4,F,32.06113,0.16104238,32.060413
JVASP-31243,5,K,10.582386,0.09568444,10.566341
JVASP-31243,6,K,10.582812,0.09568465,10.588149
JVASP-31243,7,Na,4.9877343,0.057080775,4.9928365
JVASP-31243,8,O,40.335327,0.111295134,40.336998
JVASP-31243,9,Ti,87.578995,0.034165364,87.57927
JVASP-3801,0,F,234.77893,0.102123104,234.72871
JVASP-3801,1,F,234.77782,0.1021231,234.77924
JVASP-3801,2,F,234.77869,0.10212305,234.8254
JVASP-3801,3,F,234.77782,0.102123104,234.77924
JVASP-3801,4,F,234.77893,0.102123104,234.72871
JVASP-3801,5,F,234.77869,0.10212308,234.8254
JVASP-3801,6,Rb,33.386074,0.087173365,33.39259
JVASP-3801,7,Bi,82.983284,5.4534464,83.39343
JVASP-53161,0,Rb,11.050729,0.05047031,11.072213
JVASP-53161,1,Rb,11.042071,0.05023466,11.06381
JVASP-53161,2,Bi,1772.3993,137.87965,1804.8357
JVASP-53161,3,Bi,1772.1453,137.88565,1804.5591
JVASP-53161,4,F,78.72033,2.0685241,77.14453
JVASP-53161,5,F,68.8334,0.08582153,68.82724
JVASP-53161,6,F,68.85798,0.08536261,68.85169
JVASP-53161,7,F,69.10502,0.06723593,69.06996
JVASP-53161,8,F,78.71815,2.0630248,77.14636
JVASP-53161,9,F,69.10988,0.06708728,69.07483
JVASP-28382,0,Pr,9.009223,0.17038177,8.841453
JVASP-28382,1,Pr,9.009223,0.17038174,8.841453
JVASP-28382,2,Co,26.326298,1.7359751,24.591759
JVASP-28382,3,Co,26.326298,1.7359751,24.591759
JVASP-28382,4,P,16.56345,0.061693087,16.546442
JVASP-28382,5,P,16.56345,0.061693124,16.546442
JVASP-15509,0,P,27.482086,37.361927,26.089476
JVASP-15509,1,P,27.482086,37.36192,26.089474
JVASP-15509,2,Co,3.5233388,3.1414742,2.8641615
JVASP-15509,3,Co,3.5233388,3.1414742,2.8641615
JVASP-15509,4,Pr,9.203439,6.1259418,6.963236
JVASP-15497,0,Sc,9.617922,0.044706613,9.658565
JVASP-15497,1,Sc,9.617922,0.044706784,9.6585655
JVASP-15497,2,Cr,74.639626,0.027717974,74.62727
JVASP-15497,3,Cr,74.639626,0.027717981,74.62727
JVASP-15497,4,C,9.59955,3.157841,6.450487
JVASP-15497,5,C,9.59955,3.1578398,6.450488
JVASP-15497,6,C,9.59955,3.1578403,6.4504876
JVASP-15497,7,C,9.59955,3.1578405,6.4504876
JVASP-16114,0,Mg,18.57039,0.05390471,18.604946
JVASP-16114,1,Mg,18.57039,0.0539047,18.604946
JVASP-16114,2,P,22.138834,0.054587703,22.130999
JVASP-16114,3,Ni,56.29084,0.038730364,56.30654
JVASP-16114,4,Ni,56.283897,0.0387304,56.287247
JVASP-16114,5,Ni,56.28616,0.038730215,56.273907
JVASP-18257,0,Ce,156.92085,11.5985,145.33293
JVASP-18257,1,Ce,156.92085,11.598496,145.33293
JVASP-18257,2,Zn,11.644875,0.15904982,11.802491
JVASP-18257,3,Zn,11.644875,0.15904982,11.802491
JVASP-18257,4,Sb,91.77503,0.22737962,91.54859
JVASP-18257,5,Sb,91.77503,0.22737962,91.54859
JVASP-18257,6,O,0.75934184,0.23215406,0.6817168
JVASP-18257,7,O,0.75934184,0.23215406,0.6817168
JVASP-29370,0,O,52.936634,0.12026935,52.8494
JVASP-29370,1,Cl,65.75627,0.04063973,65.75123
JVASP-29370,2,O,52.936634,0.12048533,52.84914
JVASP-29370,3,Cl,65.758995,0.04063838,65.754
JVASP-29370,4,Yb,23.029558,22.412563,8.246457
JVASP-29370,5,Yb,23.035934,22.411116,8.24723
JVASP-79056,0,Np,56.840412,0.45614523,56.399048
JVASP-79056,1,Fe,18.153168,0.08818574,18.239388
JVASP-79056,2,Fe,18.153168,0.0881857,18.239388
JVASP-79056,3,Fe,30.044624,0.08760096,29.959028
JVASP-18328,0,Na,1.9285648,0.01799633,1.921508
JVASP-18328,1,Na,1.9285648,0.017996328,1.921508
JVASP-18328,2,Mn,34.76234,0.18616492,34.576515
JVASP-18328,3,Mn,34.76234,0.18616489,34.576515
JVASP-18328,4,Bi,92.44537,0.3985441,92.0482
JVASP-18328,5,Bi,92.44537,0.39854422,92.0482
JVASP-17854,0,Mn,105.51177,0.19101293,105.61867
JVASP-17854,1,Mn,105.51177,0.19101286,105.32164
JVASP-17854,2,Mn,105.51177,0.19101293,105.595276
JVASP-17854,3,Sn,0.0,0.17364609,0.17364609
JVASP-17854,4,C,0.0,0.13250047,0.13250047
JVASP-20085,0,V,31.337547,0.099165946,31.42102
JVASP-20085,1,V,31.337547,0.099166,31.42102
JVASP-20085,2,P,24.807205,0.02628182,24.825762
JVASP-20085,3,P,24.807205,0.026281763,24.825762
JVASP-16198,0,P,88.95724,0.14316213,89.08752
JVASP-16198,1,P,88.95724,0.1431621,89.08752
JVASP-16198,2,P,30.55165,0.1698521,30.515013
JVASP-16198,3,P,30.55165,0.16985208,30.515013
JVASP-16198,4,V,38.999226,0.19738805,38.855095
JVASP-16198,5,V,38.999226,0.19738811,38.855095
JVASP-56205,0,V,1.4133619,0.16295417,1.5740476
JVASP-56205,1,V,1.4133619,0.16295414,1.5740474
JVASP-56205,2,P,26.83865,0.14047933,26.705717
JVASP-56205,3,P,26.83865,0.14047934,26.705717
JVASP-35038,0,Pr,33.39716,0.8751458,32.522625
JVASP-35038,1,Pr,33.39716,0.8751458,32.522625
JVASP-35038,2,Te,113.77553,90.561874,23.40201
JVASP-35038,3,Te,113.77553,90.56188,23.401999
JVASP-35038,4,Cl,62.306034,0.9399996,63.244865
JVASP-35038,5,Cl,62.306034,0.93999934,63.24486
JVASP-65279,0,Be,2.0012414,0.018779127,1.9834061
JVASP-65279,1,In,130.47125,0.047221802,130.5166
JVASP-65279,2,Zr,57.722225,0.06629272,57.66032
JVASP-67903,0,Zr,19.050499,0.10534747,19.153843
JVASP-67903,1,Zr,6.930423,0.21652743,7.143329
JVASP-67903,2,Be,1.9114184,0.13679023,1.775883
JVASP-67903,3,In,121.82537,0.06633262,121.88931
JVASP-2745,0,F,266.89633,0.046632808,266.91003
JVASP-2745,1,F,266.895,0.04663263,266.88126
JVASP-2745,2,F,266.89478,0.046632845,266.89142
JVASP-2745,3,F,266.895,0.046632595,266.88126
JVASP-2745,4,F,266.89633,0.046632785,266.91003
JVASP-2745,5,F,266.89478,0.046632815,266.89142
JVASP-2745,6,Ca,8.538443,0.06046215,8.568779
JVASP-2745,7,Pt,13.377339,26.081112,36.005184
JVASP-19970,0,Er,2.7165077,0.092382595,2.6261454
JVASP-19970,1,B,7.05698,0.17979585,6.8805466
JVASP-19970,2,B,7.05698,0.17979594,6.880546
JVASP-19660,0,Er,0.0,0.01076327,0.01076327
JVASP-19660,1,B,20.350359,0.109796,20.307121
JVASP-19660,2,B,20.350359,0.10979613,20.307121
JVASP-19660,3,B,20.350359,0.10979605,20.450106
JVASP-19660,4,B,20.350359,0.1097961,20.450106
JVASP-19660,5,B,20.350359,0.109796,20.294373
JVASP-19660,6,B,20.350359,0.10979606,20.294373
JVASP-1612,0,Na,2.733069,0.12648195,2.8504977
JVASP-1612,1,S,0.4978373,0.17125903,0.38136268
JVASP-1612,2,S,0.4978373,0.17125908,0.38136262
JVASP-1612,3,Lu,22.734322,0.1647772,22.850332
JVASP-36118,0,K,1.0500146,0.06327276,1.1121072
JVASP-36118,1,Na,0.16166632,0.03236886,0.1898247
JVASP-36118,2,H,0.90304524,0.26858982,0.6755491
JVASP-36118,3,H,0.9046782,0.10580148,0.9325421
JVASP-16752,0,Si,43.21536,1.927956,44.950127
JVASP-16752,1,Si,43.21536,1.9279565,44.950127
JVASP-16752,2,Si,27.471014,2.6746883,29.615704
JVASP-16752,3,Si,27.471014,2.6746879,29.615704
JVASP-16752,4,Ni,6.1130347,7.3873844,11.947191
JVASP-16752,5,Ni,6.1130347,7.387386,11.947192
JVASP-16752,6,Er,80.18424,0.42226666,80.40581
JVASP-16752,7,Er,80.18424,0.42226642,80.40581
JVASP-21782,0,Si,60.868267,2.2363033,62.389553
JVASP-21782,1,Si,60.868267,2.2363038,62.389553
JVASP-21782,2,Si,31.215546,2.5565214,33.163128
JVASP-21782,3,Si,31.215546,2.5565217,33.163128
JVASP-21782,4,Si,57.369663,2.0103889,58.778965
JVASP-21782,5,Si,57.369663,2.010388,58.778965
JVASP-21782,6,Ni,26.770166,5.2286396,31.814886
JVASP-21782,7,Ni,26.770166,5.2286396,31.814886
JVASP-21782,8,Er,44.70967,0.65332156,45.201794
JVASP-21782,9,Er,44.70967,0.6533217,45.201794
JVASP-15467,0,Si,22.377434,28.54078,19.400154
JVASP-15467,1,Si,22.377434,28.54078,19.400154
JVASP-15467,2,Ni,2.5051167,5.2509127,3.927421
JVASP-15467,3,Ni,2.5051167,5.250913,3.9274216
JVASP-15467,4,Er,15.408916,2.3686488,14.312723
JVASP-77491,0,Ca,82.18722,0.13967976,82.18726
JVASP-77491,1,Y,220.4927,0.035581384,220.49634
JVASP-77491,2,In,277.86322,0.093437776,277.89517
JVASP-77491,3,In,277.86322,0.093437776,277.89517
JVASP-11068,0,Be,19.659962,1.8208611,20.215322
JVASP-11068,1,Be,19.660553,1.8208611,20.34592
JVASP-11068,2,Be,19.660553,1.8208611,20.34592
JVASP-11068,3,Be,19.659962,1.8208611,20.215322
JVASP-11068,4,N,49.565887,1.7425157,49.15859
JVASP-11068,5,N,49.56605,1.7425145,48.934002
JVASP-11068,6,N,49.565887,1.7425158,49.15859
JVASP-11068,7,N,49.56605,1.7425148,48.934002
JVASP-11068,8,Ba,211.67442,0.31685582,211.74533
JVASP-11068,9,Ba,211.67442,0.31685576,211.74533
JVASP-80619,0,K,41.86652,0.5401393,41.613743
JVASP-80619,1,K,41.86652,0.54013956,41.613743
JVASP-80619,2,Tl,235.23517,0.027656034,235.22736
JVASP-80619,3,Tl,235.23517,0.027655974,235.22736
JVASP-80619,4,Hg,52.80188,0.18969129,52.624565
JVASP-80619,5,Hg,52.80188,0.18969136,52.624565
JVASP-80619,6,Hg,52.80188,0.18969138,52.624565
JVASP-80619,7,Hg,52.80188,0.18969128,52.624565
JVASP-3924,0,U,794.85815,0.11742454,794.7749
JVASP-3924,1,O,14.498772,0.36599734,14.242944
JVASP-3924,2,O,14.498772,0.3659974,14.242944
JVASP-3924,3,F,71.14488,0.19296218,71.277626
JVASP-3924,4,F,71.14488,0.19296214,71.277626
JVASP-85552,0,U,1032.7072,4.261371,1032.6125
JVASP-85552,1,U,1032.7072,4.261373,1032.6125
JVASP-85552,2,O,19.466791,0.6656698,18.841858
JVASP-85552,3,O,19.466791,0.6656698,18.841858
JVASP-85552,4,O,19.466791,0.6656696,18.841858
JVASP-85552,5,O,19.466791,0.6656698,18.841858
JVASP-85552,6,F,58.950226,0.034078456,58.93905
JVASP-85552,7,F,58.950226,0.034078423,58.93905
JVASP-85552,8,F,58.950226,0.034078494,58.93905
JVASP-85552,9,F,58.950226,0.034078475,58.93905
JVASP-58395,0,La,31.102398,0.02102708,31.1073
JVASP-58395,1,La,31.102398,0.021027084,31.1073
JVASP-58395,2,F,2.1665738,0.047733918,2.127512
JVASP-58395,3,F,2.1665738,0.047733966,2.127512
JVASP-58395,4,F,23.109304,0.031281646,23.138374
JVASP-58395,5,F,23.10971,0.031281665,23.138784
JVASP-58395,6,F,2.1661654,0.047733944,2.1271095
JVASP-58395,7,F,2.1661654,0.047733985,2.1271095
JVASP-35087,0,Tb,42.494602,0.20774274,42.70145
JVASP-35087,1,Tb,42.494602,0.2077427,42.70143
JVASP-35087,2,Cu,41.063248,93.176926,52.117237
JVASP-35087,3,Cu,41.063248,93.176926,52.117237
JVASP-35087,4,Sn,30.409191,2.3805006,28.041431
JVASP-35087,5,Sn,30.409191,2.380502,28.04143
JVASP-65448,0,Ba,425.86337,57.773098,368.09872
JVASP-65448,1,Cr,54.17455,0.15376566,54.036713
JVASP-65448,2,Cr,54.17455,0.15376572,54.036713
JVASP-65448,3,W,280.18243,0.020429092,280.19302
JVASP-13822,0,O,0.9562824,0.5311107,0.7980304
JVASP-13822,1,Cl,136.25606,0.109464854,136.22441
JVASP-13822,2,Cl,136.25706,0.1095,136.22916
JVASP-13822,3,Cl,136.25641,0.109471925,136.28238
JVASP-13822,4,Cl,136.25609,0.109466374,136.28287
JVASP-13822,5,W,208.52924,0.3612285,208.39896
JVASP-77410,0,Y,8.676412,0.012157011,8.670452
JVASP-77410,1,Y,8.676412,0.012157017,8.670452
JVASP-77410,2,Sc,16.805786,0.04466524,16.764896
JVASP-77410,3,Sc,16.805786,0.044665214,16.764896
JVASP-77410,4,Au,23.674032,0.06157212,23.625233
JVASP-77410,5,Au,23.674032,0.061572134,23.625233
JVASP-77410,6,Au,23.674032,0.061572142,23.625233
JVASP-77410,7,Au,23.674032,0.06157209,23.625233
JVASP-81645,0,Y,8.925361,0.012829418,8.92883
JVASP-81645,1,Y,8.925361,0.012829418,8.92883
JVASP-81645,2,Sc,16.01764,0.0577163,15.96638
JVASP-81645,3,Sc,16.01764,0.057716317,15.96638
JVASP-81645,4,Au,55.70279,0.10851228,55.678154
JVASP-81645,5,Au,55.70279,0.10851233,55.678154
JVASP-81645,6,Au,55.70279,0.108512305,55.678154
JVASP-81645,7,Au,55.70279,0.10851231,55.678154
JVASP-20394,0,As,0.0,0.050974783,0.050974783
JVASP-20394,1,U,0.00663325,0.29221597,0.29668567
JVASP-17963,0,U,0.0,0.06988568,0.06988568
JVASP-17963,1,As,0.0,0.29559675,0.29559675
JVASP-19797,0,U,119.25341,0.4873193,119.72891
JVASP-19797,1,U,119.25341,0.4873192,119.72891
JVASP-19797,2,As,250.6816,0.16737324,250.82954
JVASP-19797,3,As,250.6816,0.16737317,250.82954
JVASP-19797,4,As,64.457504,0.18912208,64.27829
JVASP-19797,5,As,64.457504,0.18912214,64.27829
JVASP-16909,0,Al,0.0,0.116373,0.116373
JVASP-16909,1,Mo,0.0073484695,0.037987255,0.031123841
JVASP-16909,2,O,12.115584,0.123182885,12.165875
JVASP-16909,3,O,12.115584,0.12318295,12.187773
JVASP-16909,4,O,12.117626,0.12318508,11.99608
JVASP-4412,0,Cu,26.3898,0.2449253,26.469358
JVASP-4412,1,Ag,73.87579,0.2630092,73.850784
JVASP-4412,2,Te,398.1835,0.06263224,398.15152
JVASP-4412,3,Te,391.02814,0.70846933,390.70474
JVASP-66885,0,Ti,36.850124,0.08546476,36.927853
JVASP-66885,1,Ti,36.850124,0.08546476,36.927853
JVASP-66885,2,Be,0.6262529,0.25871083,0.37064844
JVASP-66885,3,Be,0.6262529,0.25871077,0.37064847
JVASP-66885,4,Cd,67.49161,0.083780676,67.40976
JVASP-66885,5,Cd,67.49161,0.08378068,67.40976
JVASP-26329,0,Sm,87.94077,11.973425,99.86131
JVASP-26329,1,Bi,269.50348,193.87985,76.03318
JVASP-26329,2,Bi,269.50348,193.87987,76.03316
JVASP-26329,3,Cl,10.116393,0.120866135,10.121289
JVASP-26329,4,O,101.92806,0.25790977,101.998184
JVASP-26329,5,O,101.92806,0.2579096,101.85121
JVASP-26329,6,O,101.92806,0.2579096,101.85121
JVASP-26329,7,O,101.92806,0.25790966,101.998184
JVASP-66689,0,Na,24.884367,0.019333502,24.875353
JVASP-66689,1,Na,24.884367,0.019333517,24.875353
JVASP-66689,2,Zr,88.28615,0.023927236,88.30324
JVASP-66689,3,Zr,88.28615,0.023927307,88.30324
JVASP-66689,4,Be,2.3719225,0.02205142,2.3515031
JVASP-66689,5,Be,2.3719225,0.022051433,2.3515031
JVASP-65334,0,Ba,287.8665,93.66792,194.22743
JVASP-65334,1,Mo,29.902554,0.12336685,29.800634
JVASP-65334,2,Ir,33.500854,2.7350316,30.780449
JVASP-65334,3,Ir,64.97272,18.17155,46.81709
JVASP-18066,0,Th,0.0,0.10058523,0.10058523
JVASP-18066,1,Pb,563.14746,0.6480765,563.51556
JVASP-18066,2,Pb,563.1475,0.64807665,562.5372
JVASP-18066,3,Pb,563.14746,0.6480768,563.3904
JVASP-17542,0,Pb,487.19858,2.5165236,485.82266
JVASP-17542,1,Pb,487.19858,2.5165226,485.82266
JVASP-17542,2,Th,85.24224,0.2956658,85.14102
JVASP-17542,3,Th,85.24224,0.29566574,85.14102
JVASP-78945,0,Th,177.67375,0.12718903,177.79137
JVASP-78945,1,Th,177.67375,0.12718903,177.79137
JVASP-78945,2,Th,177.67375,0.12718898,177.79137
JVASP-78945,3,Th,177.67375,0.12718895,177.79137
JVASP-78945,4,Pb,529.5348,5.1116047,524.4381
JVASP-78945,5,Pb,529.5348,5.111605,524.4381
JVASP-78945,6,Pb,529.5348,5.1116085,524.4381
JVASP-78945,7,Pb,529.5348,5.111608,524.4381
JVASP-35898,0,Ho,28.715368,0.29212785,28.43171
JVASP-35898,1,Ho,28.715368,0.29212797,28.43171
JVASP-35898,2,Fe,2.4290774,0.8475724,3.2716293
JVASP-35898,3,Fe,2.4290774,0.84757227,3.271629
JVASP-35898,4,Si,8.9210415,3.703981,5.2284393
JVASP-35898,5,Si,8.9210415,3.703981,5.2284393
JVASP-15159,0,Si,35.28856,33.01726,24.108135
JVASP-15159,1,Si,35.28856,33.01726,24.108135
JVASP-15159,2,Fe,14.417003,9.339416,9.809588
JVASP-15159,3,Fe,14.417003,9.3394165,9.809588
JVASP-15159,4,Ho,153.68451,66.64234,117.11533
JVASP-13881,0,Fe,0.33068115,0.10950064,0.22172059
JVASP-13881,1,Se,2.4053988,0.18179995,2.226269
JVASP-20076,0,Fe,2.9614546,0.27245808,2.695763
JVASP-20076,1,Fe,2.9614546,0.27245802,2.695763
JVASP-20076,2,Se,11.964941,6.465376,5.5102086
JVASP-20076,3,Se,11.964941,6.4653754,5.510209
JVASP-29575,0,Fe,21.204248,0.6110111,21.809792
JVASP-29575,1,Fe,17.885344,0.16255346,17.737185
JVASP-29575,2,Fe,21.204248,0.611011,21.809792
JVASP-29575,3,Se,6.887948,7.3073277,1.4166986
JVASP-29575,4,Se,6.887948,7.307329,1.4166989
JVASP-29575,5,Se,36.28701,30.222258,6.2711816
JVASP-29575,6,Se,36.28701,30.222254,6.271187
JVASP-35726,0,Fe,0.32414916,0.11088096,0.21382388
JVASP-35726,1,Fe,0.32414916,0.11088092,0.21382391
JVASP-35726,2,Se,1.2565882,0.18313362,1.076357
JVASP-35726,3,Se,1.2565882,0.18313326,1.0763574
JVASP-45,0,Fe,4.5862613,0.2673653,4.851983
JVASP-45,1,Fe,4.5862613,0.2673653,4.851983
JVASP-45,2,Se,81.52801,10.729034,70.81941
JVASP-45,3,Se,81.52801,10.729036,70.81941
JVASP-15057,0,Fe,46.697384,0.43283406,47.032623
JVASP-15057,1,Fe,33.727974,0.57712233,33.680008
JVASP-15057,2,Fe,33.727974,0.5771223,33.680008
JVASP-15057,3,Se,42.06805,10.726149,48.867947
JVASP-15057,4,Se,42.06805,10.726152,48.86795
JVASP-15057,5,Se,16.46519,3.8757622,18.112406
JVASP-15057,6,Se,16.46519,3.875764,18.112408
JVASP-17603,0,Fe,0.3363966,0.1095007,0.2274315
JVASP-17603,1,Fe,0.3363966,0.10950069,0.2274315
JVASP-17603,2,Se,1.2606708,0.18179968,1.0817531
JVASP-17603,3,Se,1.2606708,0.18179987,1.0817529
JVASP-44,0,Fe,3.8677442,0.27339643,4.1388335
JVASP-44,1,Fe,3.8677442,0.27339643,4.1388335
JVASP-44,2,Se,81.35,4.7183194,76.66138
JVASP-44,3,Se,81.35,4.71832,76.66138
JVASP-78452,0,Fe,0.0,0.091623776,0.091623776
JVASP-78452,1,Se,0.0,0.077667594,0.077667594
JVASP-79206,0,Fe,2.9124436,0.27258238,2.6468859
JVASP-79206,1,Fe,2.9124436,0.27258232,2.6468859
JVASP-79206,2,Se,11.9233,6.4870095,5.4470487
JVASP-79206,3,Se,11.9233,6.4870095,5.4470487
JVASP-79499,0,Fe,2.7385294,0.2675083,3.0044546
JVASP-79499,1,Fe,2.7385294,0.26750812,3.0044544
JVASP-79499,2,Se,80.876434,10.694672,70.20204
JVASP-79499,3,Se,80.876434,10.694669,70.20204
JVASP-79599,0,Fe,86.07214,2.1377568,86.20087
JVASP-79599,1,Fe,86.07214,2.137756,86.30321
JVASP-79599,2,Se,163.3141,43.024906,153.62218
JVASP-79599,3,Se,163.3141,43.024906,153.62218
JVASP-8133,0,Fe,41.733265,1.7396815,42.309155
JVASP-8133,1,Fe,41.733265,1.7396818,42.281597
JVASP-8133,2,Se,282.46152,23.905882,286.21088
JVASP-8133,3,Se,282.46152,23.905878,286.21088
JVASP-8133,4,Se,282.46152,23.90588,286.73944
JVASP-8133,5,Se,282.46152,23.905882,286.73944
JVASP-84813,0,Fe,7.6277113,0.30664942,7.932657
JVASP-84813,1,Fe,7.6277113,0.30664945,7.932657
JVASP-84813,2,Se,84.45106,8.886026,75.58044
JVASP-84813,3,Se,84.45106,8.886026,75.58044
JVASP-84912,0,Fe,4.3119183,0.26259634,4.5728183
JVASP-84912,1,Fe,4.3119183,0.26259637,4.5728183
JVASP-84912,2,Se,80.3947,12.627105,67.79158
JVASP-84912,3,Se,80.3947,12.627107,67.79158
JVASP-46,0,Fe,10.850423,0.38647175,11.234883
JVASP-46,1,Fe,10.850423,0.38647178,11.234883
JVASP-46,2,Se,90.14694,5.383126,84.76937
JVASP-46,3,Se,90.14694,5.383126,84.76937
JVASP-29330,0,Al,12.507554,0.93942183,12.832847
JVASP-29330,1,Al,11.388864,0.8560448,10.879725
JVASP-29330,2,H,48.968884,0.012021415,48.95844
JVASP-29330,3,H,49.001427,0.023954015,48.989014
JVASP-29330,4,H,48.06249,0.016029488,48.058796
JVASP-29330,5,H,48.562412,0.02589507,48.551296
JVASP-29330,6,O,76.259865,0.123327285,76.271996
JVASP-29330,7,O,75.79809,0.12967443,75.87985
JVASP-29330,8,O,98.37692,0.26189917,98.62569
JVASP-29330,9,O,101.45648,0.2929793,101.29908
JVASP-29330,10,O,98.44182,0.29723877,98.32648
JVASP-29330,11,O,154.94148,0.07273444,154.96777
JVASP-29330,12,O,159.47162,0.07860578,159.52661
JVASP-29330,13,O,155.52489,0.08474226,155.56442
JVASP-29330,14,O,153.71065,0.124314144,153.71056
JVASP-29330,15,Si,18.522036,0.15152313,18.474825
JVASP-29330,16,Si,20.20244,0.15310657,20.103155
JVASP-35746,0,Ba,4.626271,3.695252,1.1795999
JVASP-35746,1,Ba,4.626271,3.695252,1.1795999
JVASP-35746,2,Br,55.667103,0.10739441,55.5618
JVASP-35746,3,N,11.581187,0.11421979,11.468303
JVASP-13953,0,Co,18.022223,4.339589,22.059763
JVASP-13953,1,Co,18.022223,4.339591,22.059765
JVASP-13953,2,Sn,106.3574,1.8556967,108.02528
JVASP-13953,3,Sn,106.3574,1.8556964,108.02528
JVASP-13953,4,Sn,98.602974,14.629889,111.28613
JVASP-13953,5,Sn,98.602974,14.629887,111.28613
JVASP-13953,6,Er,118.24984,0.6359001,118.73941
JVASP-13953,7,Er,118.24984,0.6359001,118.73941
JVASP-78988,0,Zn,0.0,0.052629,0.052629
JVASP-78988,1,Si,0.30618623,0.0718253,0.35049114
JVASP-78988,2,Si,0.30618623,0.071825296,0.34397548
JVASP-78988,3,Si,0.30618623,0.071825296,0.23571903
JVASP-64993,0,Be,5.1414857,0.17484936,5.3154974
JVASP-64993,1,Be,5.7685547,0.16560543,5.6038084
JVASP-64993,2,Co,9.38971,0.47302747,8.918358
JVASP-64993,3,Te,143.17513,0.034743138,143.20728
JVASP-65290,0,Be,8.013915,0.42222482,7.593895
JVASP-65290,1,Co,29.188936,1.0698048,28.12442
JVASP-65290,2,Te,83.03607,0.2880606,82.75219
JVASP-15880,0,P,0.0,0.23998025,0.23998025
JVASP-15880,1,Np,0.010862781,0.34599134,0.34907264
JVASP-30446,0,Np,177.94604,0.1834505,178.1126
JVASP-30446,1,Np,177.94685,0.18345022,178.1134
JVASP-30446,2,P,115.36663,0.17616332,115.41402
JVASP-30446,3,P,115.366646,0.17616764,115.394196
JVASP-30446,4,P,115.366646,0.17616758,115.402756
JVASP-30446,5,P,115.36663,0.17616332,115.41402
JVASP-30446,6,P,115.366646,0.17616764,115.394196
JVASP-30446,7,P,115.366646,0.1761676,115.402756
JVASP-36636,0,Sr,0.0,0.13651109,0.13651109
JVASP-36636,1,Ge,0.0,0.10799795,0.10799795
JVASP-36636,2,O,164.7143,0.06699713,164.75452
JVASP-36636,3,O,164.71431,0.06699721,164.74
JVASP-36636,4,O,164.71431,0.0669972,164.6484
JVASP-18261,0,S,120.62229,0.3869269,120.84747
JVASP-18261,1,S,120.62181,0.38692766,120.75826
JVASP-18261,2,S,120.62217,0.38692772,120.47258
JVASP-18261,3,S,120.62156,0.38692704,120.42664
JVASP-18261,4,Fe,83.65261,1.1846144,84.40493
JVASP-18261,5,Cu,6.285957,1.3676322,7.1778336
JVASP-18261,6,Cu,6.285957,1.3676319,7.1778336
JVASP-18261,7,Sn,15.779985,1.286035,15.091249
JVASP-51048,0,Fe,98.52338,1.4235804,99.928444
JVASP-51048,1,Cu,7.4761615,1.2163527,8.655027
JVASP-51048,2,Cu,7.4761615,1.216352,8.617783
JVASP-51048,3,Sn,14.142537,1.5667174,12.586041
JVASP-51048,4,S,124.049774,0.34994766,124.06298
JVASP-51048,5,S,124.049774,0.34994754,124.04317
JVASP-51048,6,S,124.049774,0.3499476,124.01337
JVASP-51048,7,S,124.049774,0.34994763,124.09731
JVASP-78859,0,Ni,49.094334,0.19606513,49.28783
JVASP-78859,1,Br,324.42477,0.1058939,324.52896
JVASP-78859,2,O,90.19031,2.8543334,93.00923
JVASP-16843,0,Ru,80.22987,32.23052,107.053444
JVASP-16843,1,Ru,80.22987,32.23052,107.053444
JVASP-16843,2,Th,267.14975,0.088417634,267.1276
JVASP-16843,3,Th,267.14975,0.088417694,267.1276
JVASP-14804,0,As,0.0,0.17607503,0.17607503
JVASP-14804,1,Yb,0.0061644143,0.022824973,0.022065144
JVASP-74851,0,Na,43.34517,0.04416169,43.308727
JVASP-74851,1,Na,43.34517,0.044161715,43.304302
JVASP-74851,2,Be,15.526498,0.028372759,15.553671
JVASP-74851,3,W,63.28502,0.010445403,63.28432
JVASP-2005,0,H,0.0,0.17460135,0.17460135
JVASP-2005,1,Na,0.0058309524,0.1175886,0.11704368
JVASP-36326,0,Na,0.0,0.010750802,0.010750802
JVASP-36326,1,H,0.0,0.010753074,0.010753074
JVASP-38423,0,Pr,0.0,13.89295,13.89295
JVASP-38423,1,Sm,6.7352805,25.241785,22.58568
JVASP-38423,2,Sm,6.7352805,25.241783,22.727753
JVASP-38423,3,Sm,6.7352805,25.241785,31.951078
JVASP-79039,0,Pr,7.145978,13.904235,6.8303757
JVASP-79039,1,Pr,7.145978,13.904234,6.8303742
JVASP-79039,2,Sm,4.911227,25.269426,20.387959
JVASP-79039,3,Sm,4.911227,25.269424,20.387955
JVASP-79039,4,Sm,10.763874,25.269072,35.996056
JVASP-79039,5,Sm,4.911227,25.269424,20.387955
JVASP-79039,6,Sm,4.911227,25.269417,20.387949
JVASP-79039,7,Sm,10.763874,25.269068,35.996056
JVASP-16389,0,Dy,23.843334,0.055824853,23.836458
JVASP-16389,1,Dy,23.843334,0.055824857,23.836458
JVASP-16389,2,Cu,9.721208,2.3421814,7.4063287
JVASP-16389,3,Cu,9.721208,2.34218,7.4063296
JVASP-16389,4,As,329.24326,4.3887897,324.86172
JVASP-16389,5,As,329.24326,4.3887897,324.86172
JVASP-16389,6,As,44.55785,1.0454879,43.579987
JVASP-16389,7,As,44.55785,1.0454867,43.579987
JVASP-15645,0,Si,22.486538,29.064634,19.220293
JVASP-15645,1,Si,22.486538,29.064632,19.220291
JVASP-15645,2,Co,27.260803,6.3502784,23.624287
JVASP-15645,3,Co,27.260803,6.350277,23.624287
JVASP-15645,4,Ho,58.35308,1.6508925,57.538307
JVASP-28417,0,Te,165.25972,169.58968,5.82049
JVASP-28417,1,Te,153.24376,167.9712,15.11853
JVASP-28417,2,W,215.97682,183.77034,32.491512
JVASP-28417,3,W,163.7141,181.77748,18.412258
JVASP-28417,4,Se,121.23137,106.04315,15.362138
JVASP-28417,5,Se,109.54731,90.82559,18.817015
JVASP-28573,0,Te,160.02028,168.63994,9.340618
JVASP-28573,1,Te,158.21785,169.37,11.714793
JVASP-28573,2,Te,174.351,170.46635,5.677376
JVASP-28573,3,Te,163.17113,169.66566,7.4632897
JVASP-28573,4,W,220.07727,187.34892,33.036007
JVASP-28573,5,W,182.1555,187.54393,6.669711
JVASP-28573,6,W,182.21999,184.51671,4.508132
JVASP-28573,7,Se,129.27591,104.85234,24.543768
JVASP-28573,8,Se,117.23258,88.71433,28.58596
JVASP-28571,0,Te,149.84366,159.4736,18.134834
JVASP-28571,1,Te,146.63383,165.93274,24.932533
JVASP-28571,2,W,196.3123,179.04404,25.8981
JVASP-28571,3,W,174.35068,172.56627,17.154423
JVASP-28571,4,W,196.62808,180.41965,24.62414
JVASP-28571,5,Se,104.75374,92.313446,15.703745
JVASP-28571,6,Se,107.09176,93.75611,16.633844
JVASP-28571,7,Se,107.85855,97.87345,14.257655
JVASP-28571,8,Se,108.14951,98.11696,14.254073
JVASP-28576,0,Te,170.13666,171.45589,4.2700753
JVASP-28576,1,Te,164.46979,163.10638,3.8116536
JVASP-28576,2,Te,164.46979,163.1058,3.932386
JVASP-28576,3,Te,170.13666,171.454,4.1987643
JVASP-28576,4,W,198.93533,189.04863,10.751189
JVASP-28576,5,W,198.93575,189.04688,10.675375
JVASP-28576,6,W,198.2519,185.16399,13.775179
JVASP-28576,7,Se,119.060715,98.118484,21.05024
JVASP-28576,8,Se,119.060715,98.11777,21.048159
JVASP-28572,0,Te,147.34293,164.6019,17.56376
JVASP-28572,1,Te,147.34335,164.59717,17.551691
JVASP-28572,2,W,195.3517,179.08907,16.722118
JVASP-28572,3,W,195.35294,179.08829,16.73097
JVASP-28572,4,W,174.03992,170.46968,4.96129
JVASP-28572,5,Se,113.90455,105.84555,8.348646
JVASP-28572,6,Se,102.58463,92.30639,10.441862
JVASP-28572,7,Se,102.58463,92.30438,10.437417
JVASP-28572,8,Se,113.90536,105.84486,8.346614
JVASP-3909,0,Sn,0.86062187,0.054055054,0.80755705
JVASP-3909,1,Sb,2.3612256,0.06666459,2.4264162
JVASP-3909,2,Sb,2.3612256,0.066664584,2.426416
JVASP-3909,3,Te,53.12775,0.03971453,53.166256
JVASP-3909,4,Te,53.12775,0.03971458,53.166256
JVASP-3909,5,Te,92.90598,0.015572275,92.89127
JVASP-3909,6,Te,92.90598,0.015572259,92.89127
JVASP-38604,0,K,1.8028245,0.7630342,2.5628529
JVASP-38604,1,K,1.8028245,0.76303434,1.510029
JVASP-38604,2,K,1.8028245,0.7630342,1.6275103
JVASP-38604,3,Ag,0.0,0.18450873,0.18450873
JVASP-66856,0,Be,2.385803,1.1051388,3.484528
JVASP-66856,1,Be,2.385803,1.1051388,3.4845278
JVASP-66856,2,Pb,187.74278,0.120002955,187.62373
JVASP-66856,3,Cl,4.422146,0.105428845,4.5267725
JVASP-67575,0,Be,8.19395,0.009641019,8.195115
JVASP-67575,1,Be,8.19395,0.0096410755,8.193948
JVASP-67575,2,Pb,228.60843,0.022980176,228.60008
JVASP-67575,3,Cl,10.879817,0.038527988,10.9176655
JVASP-40993,0,Sr,21.430584,1.6984808,23.120882
JVASP-40993,1,Sr,21.430584,1.6984808,23.120882
JVASP-40993,2,Mn,111.5318,0.5241777,111.017265
JVASP-40993,3,Zn,11.652223,14.883375,26.53459
JVASP-40993,4,Zn,11.652223,14.883379,26.534592
JVASP-40993,5,As,37.389828,3.8924549,41.279816
JVASP-40993,6,As,37.389828,3.8924546,41.279816
JVASP-40993,7,O,56.505,3.527748,57.2619
JVASP-40993,8,O,56.505,3.5277462,57.065018
JVASP-65584,0,Ba,182.44617,75.72364,106.742775
JVASP-65584,1,Na,11.200701,0.13070513,11.092429
JVASP-65584,2,Na,11.200701,0.13070503,11.09243
JVASP-65584,3,Ge,179.60231,0.23768112,179.83928
JVASP-65800,0,Ba,183.60558,75.53644,108.08918
JVASP-65800,1,Na,11.434219,0.1307989,11.325892
JVASP-65800,2,Na,11.434219,0.13079901,11.325892
JVASP-65800,3,Ge,175.91501,0.23770203,176.152
JVASP-65357,0,Ba,344.4096,53.199093,291.22705
JVASP-65357,1,Ni,4.2138925,0.13825957,4.3155336
JVASP-65357,2,Mo,131.83644,0.0549645,131.88077
JVASP-65357,3,Mo,131.83644,0.054964494,131.88077
JVASP-35434,0,Sm,40.08215,0.38229823,40.145023
JVASP-35434,1,Sm,40.08215,0.38229823,40.145023
JVASP-35434,2,Re,181.16037,1.5115077,181.03728
JVASP-35434,3,Re,181.16037,1.5115082,181.03728
JVASP-35434,4,Si,42.96511,0.6385447,43.13441
JVASP-35434,5,Si,42.96511,0.6385448,43.13441
JVASP-35434,6,C,48.680893,0.051234663,48.706882
JVASP-13883,0,O,6.3505263,2.7520955,4.2713227
JVASP-13883,1,O,6.3505263,2.7520957,4.2713227
JVASP-13883,2,Sb,90.36152,1.5423889,89.23526
JVASP-13883,3,Ce,74.586586,65.07999,44.96669
JVASP-13883,4,Ce,74.586586,65.07999,44.96669
JVASP-17681,0,Ce,74.69637,65.07177,9.92803
JVASP-17681,1,Ce,74.69637,65.07177,9.92803
JVASP-17681,2,Ce,74.69637,65.07177,9.92803
JVASP-17681,3,Ce,74.69637,65.07176,9.92803
JVASP-17681,4,Sb,90.33964,1.5383053,88.8071
JVASP-17681,5,Sb,90.33964,1.5383052,88.8071
JVASP-17681,6,O,6.3368297,2.7509985,3.6208537
JVASP-17681,7,O,6.3368297,2.750999,3.620853
JVASP-17681,8,O,6.3368297,2.7509983,3.6208537
JVASP-17681,9,O,6.3368297,2.7509975,3.6208544
JVASP-5008,0,Ce,74.65228,65.050934,9.905143
JVASP-5008,1,Ce,74.65228,65.05094,9.905135
JVASP-5008,2,Ce,74.65228,65.05095,9.905134
JVASP-5008,3,Ce,74.65228,65.05094,9.905135
JVASP-5008,4,Sb,90.34127,1.540387,88.806656
JVASP-5008,5,Sb,90.34127,1.5403875,88.806656
JVASP-5008,6,O,6.340096,2.751131,3.6239853
JVASP-5008,7,O,6.340096,2.7511308,3.6239858
JVASP-5008,8,O,6.340096,2.7511306,3.6239858
JVASP-5008,9,O,6.340096,2.7511306,3.6239858
JVASP-38899,0,Zn,0.0,0.12929691,0.12929691
JVASP-38899,1,Mo,44.20267,0.083855405,44.15665
JVASP-38899,2,Mo,44.20267,0.08385535,44.167576
JVASP-38899,3,Mo,44.202675,0.08385534,44.283916
JVASP-5770,0,As,25.868433,0.052436557,25.91612
JVASP-5770,1,As,25.868433,0.052436586,25.91612
JVASP-5770,2,Cl,386.65427,0.6481001,386.01385
JVASP-5770,3,Cl,386.65427,0.64810026,386.01385
JVASP-5770,4,Cl,429.2847,0.10838074,429.22974
JVASP-5770,5,Cl,429.2847,0.10838077,429.26846
JVASP-5770,6,Cl,429.2847,0.10838091,429.26846
JVASP-5770,7,Cl,429.2847,0.10838091,429.22974
JVASP-5770,8,Cl,435.3248,0.09349849,435.32205
JVASP-5770,9,Cl,435.3248,0.09349845,435.32205
JVASP-5770,10,Cl,386.65427,0.6480995,386.01385
JVASP-5770,11,Cl,386.65427,0.6480999,386.01385
JVASP-4273,0,As,182.25623,28.448303,170.34962
JVASP-4273,1,As,182.25623,28.448305,170.44685
JVASP-4273,2,As,182.25623,28.4483,170.44727
JVASP-4273,3,As,182.25623,28.448303,170.36693
JVASP-4273,4,Cl,299.49704,0.41225725,299.41946
JVASP-4273,5,Cl,299.49704,0.4122574,299.45248
JVASP-4273,6,Cl,299.49704,0.41225734,299.40323
JVASP-4273,7,Cl,299.49704,0.41225737,299.39014
JVASP-4273,8,Cl,303.53366,0.22465162,303.64502
JVASP-4273,9,Cl,303.53366,0.2246517,303.6687
JVASP-4273,10,Cl,303.53366,0.22465162,303.644
JVASP-4273,11,Cl,303.53366,0.22465162,303.66977
JVASP-4273,12,Cl,298.22488,0.27867988,298.20612
JVASP-4273,13,Cl,298.22488,0.27867967,298.18594
JVASP-4273,14,Cl,298.22488,0.2786799,298.18768
JVASP-4273,15,Cl,298.22488,0.27867973,298.23758
JVASP-26316,0,Nd,110.85737,1.0281748,111.882774
JVASP-26316,1,Bi,259.9415,221.36351,38.949097
JVASP-26316,2,Bi,259.9415,221.36351,38.949097
JVASP-26316,3,Cl,14.420146,0.1745228,14.59371
JVASP-26316,4,O,106.80291,0.23650044,106.725876
JVASP-26316,5,O,106.80291,0.2365004,106.725876
JVASP-26316,6,O,106.80291,0.23650043,106.87009
JVASP-26316,7,O,106.80291,0.23650047,106.87009
JVASP-37989,0,In,28.321001,0.060495667,28.263214
JVASP-37989,1,In,28.321001,0.060495697,28.263214
JVASP-37989,2,Tc,27.302013,0.037535276,27.273273
JVASP-37989,3,Tc,27.302013,0.03753525,27.273273
JVASP-37989,4,Tc,2.7654738,0.02595725,2.7713509
JVASP-37989,5,Tc,27.302013,0.03753523,27.273273
JVASP-37989,6,Tc,27.302013,0.037535276,27.273273
JVASP-37989,7,Tc,2.7654738,0.025957253,2.7713506
JVASP-36522,0,C,5.827336,24.815006,18.991106
JVASP-36522,1,C,5.827336,24.815006,28.302416
JVASP-36522,2,C,5.827336,24.815014,28.06312
JVASP-36522,3,N,0.0,0.27842036,0.27842036
JVASP-36544,0,C,14.746744,0.013638391,14.736334
JVASP-36544,1,C,14.746744,0.01363839,14.744471
JVASP-36544,2,C,14.746744,0.013638389,14.759438
JVASP-36544,3,N,0.0,0.01051821,0.01051821
JVASP-36539,0,C,49.060017,0.15744734,49.214348
JVASP-36539,1,C,49.060017,0.15744731,49.214348
JVASP-36539,2,C,36.621983,0.17195141,36.79119
JVASP-36539,3,C,36.621983,0.1719514,36.78074
JVASP-36539,4,C,75.77741,0.08103693,75.85122
JVASP-36539,5,C,75.77741,0.08103687,75.85122
JVASP-36539,6,N,4.960217,0.04813846,5.006475
JVASP-36539,7,N,118.76677,0.048321288,118.72046
JVASP-28383,0,C,19.85638,0.20941137,19.661442
JVASP-28383,1,C,19.85638,0.2094115,19.661442
JVASP-28383,2,N,164.22943,0.07599929,164.17113
JVASP-28383,3,N,164.22943,0.075999275,164.17911
JVASP-28383,4,N,164.22943,0.075999275,164.16869
JVASP-28383,5,N,164.22943,0.07599929,164.16223
JVASP-36406,0,C,2.131056,0.06751985,2.193609
JVASP-36406,1,N,220.91069,0.029323248,220.89232
JVASP-36406,2,N,220.91069,0.029323261,220.8963
JVASP-28374,0,C,18.202566,0.1252463,18.324512
JVASP-28374,1,C,18.202566,0.12524642,18.324512
JVASP-28374,2,N,143.09348,0.030806316,143.1153
JVASP-28374,3,N,143.09348,0.030806303,143.1153
JVASP-28374,4,N,136.42923,0.024409134,136.4081
JVASP-28374,5,N,136.42923,0.02440913,136.4081
JVASP-29635,0,C,36.24272,1.332544,35.592205
JVASP-29635,1,C,36.24242,1.3325406,36.050434
JVASP-29635,2,C,36.242275,1.3325478,35.990314
JVASP-29635,3,N,138.2909,0.027319493,138.29951
JVASP-29635,4,N,138.29077,0.027319537,138.27504
JVASP-29635,5,N,98.2618,0.123261325,98.229774
JVASP-29635,6,N,138.29126,0.027319489,138.28154
JVASP-28362,0,C,36.698593,0.06181773,36.749344
JVASP-28362,1,C,45.71012,4.855501,49.94856
JVASP-28362,2,C,45.71012,4.8555017,49.948566
JVASP-28362,3,N,103.47173,0.01907656,103.46031
JVASP-28361,0,C,87.314514,1.4259229,88.72325
JVASP-28361,1,C,87.314514,1.4259219,88.72324
JVASP-28361,2,C,40.80115,25.080324,15.764012
JVASP-28361,3,C,40.80115,25.080328,15.7640085
JVASP-28361,4,C,40.80115,25.080328,15.763913
JVASP-28361,5,C,40.80115,25.080328,15.763913
JVASP-28361,6,N,115.38077,0.096591555,115.28656
JVASP-28361,7,N,115.38077,0.09659155,115.28656
JVASP-85272,0,C,7.797543,0.15201995,7.7381487
JVASP-85272,1,C,7.797543,0.15201992,7.709097
JVASP-85272,2,C,7.7975426,0.15201992,7.947655
JVASP-85272,3,N,177.84274,0.05440093,177.8435
JVASP-85272,4,N,177.84274,0.05440094,177.85501
JVASP-85272,5,N,177.84274,0.054400925,177.83022
JVASP-85272,6,N,177.84274,0.05440096,177.84229
JVASP-65782,0,Ba,24.122574,3.014943,21.138767
JVASP-65782,1,Sc,38.83748,0.27456367,39.10553
JVASP-65782,2,Pb,857.47815,6.9193683,864.38385
JVASP-65782,3,Pb,740.50116,1.0578799,741.5548
JVASP-69078,0,Ba,26.593294,2.5347512,24.088234
JVASP-69078,1,Sc,39.736443,0.25352457,39.98378
JVASP-69078,2,Pb,864.27313,6.5876627,870.84656
JVASP-69078,3,Pb,743.2536,1.0506471,744.3001
JVASP-8736,0,Er,394.2168,0.10452699,394.11337
JVASP-8736,1,Er,394.2168,0.10452697,394.27933
JVASP-8736,2,Er,394.2168,0.104526944,394.25778
JVASP-8736,3,In,0.0,0.09500568,0.09500568
JVASP-8736,4,N,0.0,0.02612683,0.02612683
JVASP-15390,0,B,4.933377,0.19797473,4.753865
JVASP-15390,1,B,4.933377,0.19797483,4.753865
JVASP-15390,2,C,2.771471,0.022853855,2.792634
JVASP-15390,3,C,2.771471,0.022853876,2.792634
JVASP-15390,4,Mo,53.41109,0.036345642,53.37535
JVASP-15390,5,Mo,53.41189,0.036345694,53.37615
JVASP-15390,6,Mo,85.515175,0.088048436,85.44334
JVASP-15390,7,Mo,85.51593,0.08804847,85.44409
JVASP-15425,0,Si,2.8707204,10.70186,8.780406
JVASP-15425,1,Si,2.8707204,10.7018585,8.780404
JVASP-15425,2,Y,47.945423,46.968193,38.10456
JVASP-15425,3,Ir,32.379173,53.944225,40.141663
JVASP-15425,4,Ir,32.379173,53.94422,40.14166
JVASP-57745,0,Y,39.091404,29.7183,68.76606
JVASP-57745,1,Y,39.091404,29.718302,68.76607
JVASP-57745,2,Si,16.857388,0.36501208,16.495308
JVASP-57745,3,Si,16.857388,0.3650121,16.495308
JVASP-57745,4,Si,27.021955,9.195557,36.121952
JVASP-57745,5,Si,27.021955,9.195556,36.121952
JVASP-57745,6,Ir,79.111176,61.141773,140.16241
JVASP-57745,7,Ir,79.111176,61.141773,140.16241
JVASP-57745,8,Ir,184.03752,47.508118,136.65465
JVASP-57745,9,Ir,184.03752,47.50812,136.65463
JVASP-76800,0,Li,1.0813476,3.4856648,4.287535
JVASP-76800,1,Li,1.0813476,3.4856646,4.287535
JVASP-76800,2,Os,355.33258,8.863368,346.72537
JVASP-76800,3,Os,355.33258,8.863371,346.72537
JVASP-76800,4,Os,355.33258,8.86337,346.72537
JVASP-76800,5,Os,355.33258,8.863371,346.72537
JVASP-76800,6,W,559.73584,0.6936734,560.4039
JVASP-76800,7,W,559.73584,0.6936732,560.4039
JVASP-80979,0,Li,0.76963145,0.3340442,0.8618918
JVASP-80979,1,Os,246.73688,0.35066518,246.8775
JVASP-80979,2,Os,246.73688,0.35066518,246.8775
JVASP-80979,3,W,375.9551,0.27971414,375.9779
JVASP-67577,0,Sc,37.86666,0.11018362,37.975464
JVASP-67577,1,Be,6.723562,0.026353205,6.7279644
JVASP-67577,2,Be,6.723562,0.026353285,6.726363
JVASP-67577,3,Sb,241.1588,0.019544741,241.14108
JVASP-67799,0,Hf,152.86285,0.030807158,152.89297
JVASP-67799,1,Be,7.16566,0.07118347,7.1861033
JVASP-67799,2,Be,7.16566,0.07118339,7.181588
JVASP-67799,3,In,184.52823,0.06322125,184.46635
JVASP-15452,0,Pr,89.47496,65.11054,25.10696
JVASP-15452,1,Pr,89.47496,65.11054,25.106962
JVASP-15452,2,Si,20.108679,6.5147586,13.674907
JVASP-15452,3,Si,20.108679,6.5147586,13.674907
JVASP-15452,4,Si,20.108679,6.5147586,13.674906
JVASP-15452,5,Si,20.108679,6.5147586,13.674906
JVASP-15452,6,Rh,18.412815,8.716316,9.708747
JVASP-15452,7,Rh,18.412815,8.716316,9.708747
JVASP-15452,8,Rh,18.412815,8.716313,9.70875
JVASP-15452,9,Rh,18.412815,8.716316,9.708747
JVASP-2148,0,Na,30.2018,0.02825512,30.180794
JVASP-2148,1,Na,30.200983,0.028255133,30.179977
JVASP-2148,2,Na,10.970856,0.026355257,10.945202
JVASP-2148,3,Na,10.970856,0.026355257,10.945202
JVASP-2148,4,Na,10.971265,0.026355267,10.94561
JVASP-2148,5,Na,10.971265,0.02635521,10.94561
JVASP-2148,6,P,11.407273,0.070151426,11.337557
JVASP-2148,7,P,11.407273,0.070151456,11.337557
JVASP-18327,0,Yb,2.9120371,0.23623577,2.67639
JVASP-18327,1,Yb,2.9120371,0.2362358,2.67639
JVASP-18327,2,Cu,48.962852,61.59753,12.678701
JVASP-18327,3,Cu,48.962852,61.59753,12.678701
JVASP-18327,4,Bi,273.8305,6.1881614,267.67804
JVASP-18327,5,Bi,273.8305,6.1881623,267.67804
JVASP-18326,0,Yb,25.840895,0.12031459,25.72109
JVASP-18326,1,Yb,25.840895,0.12031462,25.72109
JVASP-18326,2,Cu,0.1837607,0.800447,0.9836341
JVASP-18326,3,Cu,0.1837607,0.8004469,0.98363405
JVASP-18326,4,Bi,74.30282,0.8510317,75.14913
JVASP-18326,5,Bi,74.30282,0.8510318,75.14913
JVASP-23864,0,Li,0.0,0.04062118,0.04062118
JVASP-23864,1,Li,0.0,0.04062117,0.04062117
JVASP-23864,2,Li,0.0,0.04062117,0.04062117
JVASP-23864,3,Li,0.0,0.040621173,0.040621173
JVASP-23864,4,Cl,0.0,0.31531322,0.31531322
JVASP-23864,5,Cl,0.0,0.31531268,0.31531268
JVASP-23864,6,Cl,0.0,0.31531298,0.31531298
JVASP-23864,7,Cl,0.0,0.31531307,0.31531307
JVASP-38125,0,La,41.725258,0.17667669,41.635395
JVASP-38125,1,La,41.725258,0.17667674,41.635395
JVASP-38125,2,Os,2.418113,0.16946201,2.5007105
JVASP-38125,3,Os,2.418113,0.16946192,2.5007105
JVASP-38125,4,N,19.792929,0.04824147,19.787699
JVASP-38125,5,N,19.792028,0.048241414,19.778477
JVASP-38125,6,N,19.792929,0.048241485,19.787699
JVASP-38125,7,N,19.793177,0.048241436,19.790653
JVASP-38125,8,N,19.793177,0.048241444,19.790653
JVASP-38125,9,N,19.792028,0.048241436,19.778477
JVASP-16208,0,Si,53.174168,0.12912326,53.18239
JVASP-16208,1,Si,53.174168,0.12912335,53.18239
JVASP-16208,2,Hf,77.29768,0.017889678,77.31061
JVASP-16208,3,Hf,77.2931,0.017889692,77.288574
JVASP-16208,4,Hf,77.29768,0.0178897,77.31061
JVASP-16208,5,Hf,77.2931,0.017889678,77.288574
JVASP-20065,0,Si,52.63728,0.05717683,52.591206
JVASP-20065,1,Si,52.63728,0.057176795,52.591206
JVASP-20065,2,Si,53.77225,0.086779274,53.84157
JVASP-20065,3,Si,53.77225,0.08677932,53.84157
JVASP-20065,4,Hf,20.98408,0.12224735,20.98853
JVASP-20065,5,Hf,20.98408,0.12224729,20.98853
JVASP-20395,0,Hf,13.284953,0.030970648,13.294581
JVASP-20395,1,Hf,13.284953,0.030970538,13.302737
JVASP-20395,2,Hf,13.284953,0.030970622,13.294581
JVASP-20395,3,Hf,13.284953,0.030970486,13.302737
JVASP-20395,4,Hf,53.36295,0.15600502,53.20733
JVASP-20395,5,Hf,53.36295,0.15600504,53.20733
JVASP-20395,6,Si,22.85704,0.08490978,22.878302
JVASP-20395,7,Si,22.85704,0.08490987,22.884043
JVASP-20395,8,Si,22.85704,0.0849098,22.884043
JVASP-20395,9,Si,22.85704,0.084909715,22.878302
JVASP-19606,0,Hf,39.971924,0.1332565,39.97165
JVASP-19606,1,Hf,39.971924,0.13325644,39.97165
JVASP-19606,2,Hf,39.971924,0.13325647,39.974354
JVASP-19606,3,Hf,39.971924,0.1332565,39.974354
JVASP-19606,4,Si,23.402042,0.03076753,23.416677
JVASP-19606,5,Si,23.402042,0.030767512,23.416677
JVASP-19606,6,Si,23.402042,0.030767478,23.412582
JVASP-19606,7,Si,23.402042,0.030767519,23.412582
JVASP-67586,0,Be,0.39681986,0.59092855,0.98556435
JVASP-67586,1,In,45.39476,0.09618489,45.305634
JVASP-67586,2,Tl,17.413424,0.10073851,17.31351
JVASP-8127,0,O,114.9565,0.22226039,115.021355
JVASP-8127,1,O,114.95832,0.22226019,114.820335
JVASP-8127,2,O,114.957565,0.22226028,115.034515
JVASP-8127,3,K,23.78883,0.3125428,23.958233
JVASP-8127,4,K,43.686768,0.4799084,43.430653
JVASP-8127,5,Sn,252.37698,0.2602286,252.51761
JVASP-8127,6,Sn,252.37698,0.26022854,252.51761
JVASP-37759,0,K,0.0,0.0465694,0.0465694
JVASP-37759,1,Ca,0.006480741,0.2551846,0.26155847
JVASP-37759,2,O,105.951454,0.070205964,106.0176
JVASP-37759,3,O,105.94778,0.07019752,105.902016
JVASP-37759,4,O,105.949005,0.07020038,105.92868
JVASP-21948,0,F,265.0899,0.053918816,265.07846
JVASP-21948,1,F,265.094,0.053919278,265.12466
JVASP-21948,2,F,236.52942,0.023357805,236.52657
JVASP-21948,3,F,236.52904,0.023357904,236.5238
JVASP-21948,4,F,236.52943,0.023357863,236.52219
JVASP-21948,5,F,236.52911,0.02335793,236.52997
JVASP-21948,6,F,265.09308,0.053919353,265.121
JVASP-21948,7,F,265.09036,0.053918906,265.08853
JVASP-21948,8,Ir,125.76788,0.033598457,125.75036
JVASP-21948,9,Ir,125.76881,0.033598427,125.74976
JVASP-8001,0,F,251.40573,0.05119465,251.40086
JVASP-8001,1,F,251.40607,0.051194716,251.3896
JVASP-8001,2,F,251.4071,0.051194735,251.4424
JVASP-8001,3,F,251.40607,0.051194716,251.3896
JVASP-8001,4,F,251.40573,0.0511947,251.40086
JVASP-8001,5,F,251.4071,0.051194713,251.4424
JVASP-8001,6,Ir,35.471172,0.1190467,35.406662
JVASP-8001,7,Ir,35.471172,0.11904675,35.406662
JVASP-16861,0,Pr,13.938821,0.03849668,13.909509
JVASP-16861,1,Al,1.5529765,0.47328928,1.0845569
JVASP-16861,2,Al,1.5529765,0.47328886,1.0845573
JVASP-16861,3,Si,8.492381,0.08616484,8.411936
JVASP-16861,4,Si,8.492381,0.08616488,8.411936
JVASP-55011,0,Pr,5.0545225,0.264723,4.7969217
JVASP-55011,1,Pr,5.0545225,0.26472306,4.7969217
JVASP-55011,2,Al,0.78628623,0.35434094,1.1380395
JVASP-55011,3,Al,0.78628623,0.35434097,1.1380395
JVASP-55011,4,Si,2.7646573,0.16120207,2.6080754
JVASP-55011,5,Si,34.43901,0.1546768,34.28929
JVASP-55011,6,Si,34.43901,0.15467677,34.28929
JVASP-55011,7,Si,2.7646573,0.16120206,2.6080754
JVASP-80850,0,Li,0.060216278,0.07905226,0.105971806
JVASP-80850,1,Li,0.060216278,0.07905221,0.10597176
JVASP-80850,2,Zr,5.7542443,0.30673665,5.75697
JVASP-80850,3,Zr,5.7542443,0.30673668,5.75697
JVASP-80850,4,Hg,10.564951,0.024344426,10.572812
JVASP-80850,5,Hg,10.564951,0.024344428,10.572812
JVASP-80850,6,Hg,10.564951,0.024344428,10.572812
JVASP-80850,7,Hg,10.564951,0.024344431,10.572812
JVASP-29963,0,In,304.1817,0.065260984,304.19254
JVASP-29963,1,P,231.18005,0.06247192,231.15164
JVASP-29963,2,F,146.05171,0.36066836,146.2879
JVASP-29963,3,F,146.05109,0.3606418,145.96808
JVASP-29963,4,F,146.05109,0.36061195,145.9178
JVASP-12248,0,Ti,23.549397,0.08380305,23.469315
JVASP-12248,1,Ti,23.549397,0.08380307,23.469315
JVASP-12248,2,Ti,23.548168,0.08380274,23.468086
JVASP-12248,3,Ti,23.549395,0.0838029,23.469315
JVASP-12248,4,Ti,23.549395,0.08380293,23.469315
JVASP-12248,5,Ti,23.548168,0.08380279,23.468086
JVASP-12248,6,Fe,14.58957,0.256673,14.343543
JVASP-12248,7,Fe,14.58957,0.25667262,14.343544
JVASP-12248,8,Fe,14.590386,0.25667596,14.34435
JVASP-12248,9,Fe,14.590386,0.25667375,14.344353
JVASP-12248,10,Fe,14.590386,0.25667378,14.344353
JVASP-12248,11,Fe,14.590386,0.25667593,14.34435
JVASP-12248,12,O,38.23183,0.052316416,38.24408
JVASP-12248,13,O,38.232082,0.052317627,38.22332
JVASP-12248,14,O,38.23147,0.052318174,38.25045
JVASP-12248,15,O,38.23183,0.05231628,38.24408
JVASP-12248,16,O,38.23147,0.05231833,38.25045
JVASP-12248,17,O,38.232082,0.05231759,38.22332
JVASP-12248,18,O,38.23173,0.052319366,38.24398
JVASP-12248,19,O,38.231747,0.05231904,38.222984
JVASP-12248,20,O,38.2321,0.05231829,38.251083
JVASP-12248,21,O,38.23178,0.052319888,38.24403
JVASP-12248,22,O,38.23165,0.05231939,38.250633
JVASP-12248,23,O,38.232864,0.052319057,38.224102
JVASP-12248,24,O,38.23178,0.052319877,38.24403
JVASP-12248,25,O,38.232864,0.052319128,38.224102
JVASP-12248,26,O,38.23165,0.05231934,38.250633
JVASP-12248,27,O,38.23173,0.05231919,38.24398
JVASP-12248,28,O,38.2321,0.052318275,38.251083
JVASP-12248,29,O,38.231747,0.05231897,38.222984
JVASP-44766,0,Ti,8.960014,0.124442354,8.8836
JVASP-44766,1,Fe,9.24172,0.23800589,9.104677
JVASP-44766,2,O,120.897255,0.18444107,120.92833
JVASP-44766,3,O,56.478283,0.8629164,56.020912
JVASP-44766,4,O,120.897255,0.1844412,120.94197
JVASP-44766,5,O,56.478283,0.86291665,56.030415
JVASP-4921,0,O,36.51038,0.10403496,36.53611
JVASP-4921,1,O,36.51038,0.10403498,36.555473
JVASP-4921,2,O,18.183973,0.093306206,18.178308
JVASP-4921,3,O,36.51079,0.104035236,36.555885
JVASP-4921,4,O,36.51079,0.10403521,36.536522
JVASP-4921,5,O,18.183973,0.093305774,18.178308
JVASP-4921,6,Ti,19.229467,0.06586015,19.170666
JVASP-4921,7,Ti,19.229467,0.06586014,19.173925
JVASP-4921,8,Fe,108.73526,0.075821966,108.739586
JVASP-4921,9,Fe,108.73526,0.075820506,108.73957
JVASP-10020,0,Ba,84.37662,0.16987473,84.37761
JVASP-10020,1,Ba,84.37662,0.16987486,84.37761
JVASP-10020,2,Se,385.36453,9.890517,380.13052
JVASP-10020,3,Se,385.36453,9.890516,380.13052
JVASP-10020,4,O,168.10284,0.60076207,168.03423
JVASP-10020,5,O,168.10284,0.6007621,168.08427
JVASP-10020,6,O,168.10284,0.6007621,168.03423
JVASP-10020,7,O,168.10284,0.600762,168.08427
JVASP-10020,8,O,167.78305,0.7402473,167.55678
JVASP-10020,9,O,167.78305,0.74024725,167.55678
JVASP-38182,0,K,2.206174,1.0106107,1.2113051
JVASP-38182,1,K,2.206174,1.0106105,1.2113053
JVASP-38182,2,Sr,5.980021,0.54990035,6.5259566
JVASP-38182,3,Sr,5.980021,0.54990053,6.5259566
JVASP-38182,4,Sr,16.47037,0.5337929,15.9409075
JVASP-38182,5,Sr,5.980021,0.54990053,6.5259566
JVASP-38182,6,Sr,5.980021,0.54990065,6.5259566
JVASP-38182,7,Sr,16.47037,0.53379273,15.9409075
JVASP-38514,0,K,2.9960678,0.020690694,3.008651
JVASP-38514,1,K,2.997291,0.020690652,2.9985614
JVASP-38514,2,K,2.997291,0.020690668,2.997222
JVASP-38514,3,K,2.9960678,0.020690715,3.008651
JVASP-38514,4,K,2.997291,0.020690652,2.9985614
JVASP-38514,5,K,2.997291,0.020690685,2.997222
JVASP-38514,6,Sr,0.32700765,0.012865546,0.33597004
JVASP-38514,7,Sr,0.32700765,0.012865554,0.33597004
JVASP-39293,0,K,3.0047076,0.022560801,3.0256214
JVASP-39293,1,K,3.0047076,0.022560848,3.0256214
JVASP-39293,2,K,3.986953,0.0225431,3.966079
JVASP-39293,3,K,3.0047076,0.022560805,3.0256214
JVASP-39293,4,K,3.0047076,0.02256082,3.0256214
JVASP-39293,5,K,3.986953,0.022543097,3.966079
JVASP-39293,6,Sr,0.3151677,0.013342681,0.30572608
JVASP-39293,7,Sr,0.3151677,0.013342681,0.30572608
JVASP-35429,0,Sc,9.573422,0.031926803,9.601561
JVASP-35429,1,Ga,145.58113,0.09007994,145.58734
JVASP-35429,2,Ga,145.58113,0.090079896,145.58734
JVASP-35429,3,Ga,145.58113,0.09007988,145.60576
JVASP-35429,4,Ga,145.58113,0.09007993,145.60576
JVASP-35429,5,Ga,61.668354,0.041904673,61.627235
JVASP-35429,6,Fe,21.609398,0.31161195,21.917341
JVASP-17668,0,Np,151.45224,0.08877763,151.37576
JVASP-17668,1,Np,151.45224,0.08877763,151.37352
JVASP-17668,2,Np,151.45312,0.08877526,151.37297
JVASP-17668,3,Sn,85.71867,0.099365,85.68031
JVASP-17668,4,Sn,85.71869,0.09937257,85.63941
JVASP-17668,5,Sn,85.71867,0.09936502,85.70251
JVASP-17668,6,Ir,423.53882,58.735085,364.87247
JVASP-17668,7,Ir,1.5419539,17.933474,16.40065
JVASP-17668,8,Ir,423.53882,58.735085,364.87247
JVASP-17835,0,Fe,34.983593,0.07251218,34.97165
JVASP-17835,1,Fe,34.983593,0.07251221,34.97165
JVASP-17835,2,Fe,34.983593,0.072512135,34.969864
JVASP-17835,3,Fe,34.983593,0.07251222,34.969864
JVASP-17835,4,B,2.647158,0.026926186,2.6702065
JVASP-17835,5,B,2.647158,0.026926165,2.6702065
JVASP-17835,6,B,2.647158,0.026926152,2.6697402
JVASP-17835,7,B,2.647158,0.026926149,2.6697402
JVASP-36150,0,Fe,39.384876,0.06363996,39.360363
JVASP-36150,1,Fe,39.384876,0.06364,39.360363
JVASP-36150,2,B,1.8981165,0.015393341,1.8951381
JVASP-36150,3,B,1.8981165,0.015393371,1.895138
JVASP-20238,0,B,13.411846,0.08957074,13.428124
JVASP-20238,1,B,13.411846,0.089570716,13.428124
JVASP-20238,2,Fe,19.152386,0.052347496,19.126368
JVASP-20238,3,Fe,19.151247,0.05234745,19.173471
JVASP-20238,4,Fe,19.152386,0.052347437,19.126368
JVASP-20238,5,Fe,19.151247,0.052347437,19.173471
JVASP-20507,0,B,13.411846,0.089570716,13.428124
JVASP-20507,1,B,13.411846,0.089570686,13.428124
JVASP-20507,2,Fe,19.152386,0.052347463,19.126368
JVASP-20507,3,Fe,19.151247,0.052347496,19.173471
JVASP-20507,4,Fe,19.152386,0.052347496,19.126368
JVASP-20507,5,Fe,19.151247,0.052347496,19.173471
JVASP-56195,0,Fe,51.322933,0.05970019,51.26432
JVASP-56195,1,B,13.018222,0.026760625,13.043316
JVASP-56195,2,B,13.018222,0.026760638,13.043316
JVASP-63698,0,B,10.772856,0.077467695,10.696686
JVASP-63698,1,B,10.772856,0.07746784,10.696686
JVASP-63698,2,Fe,60.091423,0.087512136,60.085407
JVASP-63698,3,Fe,60.091423,0.08751209,60.085407
JVASP-63698,4,Fe,60.08578,0.087511875,60.082424
JVASP-63698,5,Fe,60.08578,0.08751209,60.082424
JVASP-86154,0,Fe,61.0756,0.092532106,61.084362
JVASP-86154,1,Fe,61.0756,0.092532165,61.05679
JVASP-86154,2,B,10.833276,0.043004405,10.793123
JVASP-86756,0,Fe,61.0756,0.09253226,61.084362
JVASP-86756,1,Fe,61.0756,0.09253219,61.05679
JVASP-86756,2,B,10.833276,0.043004423,10.793123
JVASP-1960,0,N,13.93887,0.03753144,13.907628
JVASP-1960,1,Cl,30.609577,0.113964185,30.679348
JVASP-1960,2,Ca,22.475574,0.20522532,22.646717
JVASP-1960,3,Ca,22.475574,0.20522532,22.646717
JVASP-22589,0,K,0.0,0.019407189,0.019407189
JVASP-22589,1,V,0.0,0.02196487,0.02196487
JVASP-22589,2,F,88.28696,0.04609459,88.26419
JVASP-22589,3,F,88.28696,0.046094608,88.263916
JVASP-22589,4,F,88.28696,0.046094567,88.33278
JVASP-25743,0,K,0.0,0.018797878,0.018797878
JVASP-25743,1,V,0.0,0.016121358,0.016121358
JVASP-25743,2,F,91.41415,0.035954524,91.395004
JVASP-25743,3,F,91.41415,0.035954535,91.39765
JVASP-25743,4,F,91.41414,0.035954524,91.44979
JVASP-63745,0,Pr,3.3411038,1.2922027,2.1712773
JVASP-63745,1,Pr,3.3411038,1.2922027,2.171277
JVASP-63745,2,Ni,1.7097439,0.93993026,2.6491773
JVASP-63745,3,Ni,1.7097439,0.93993056,2.6491773
JVASP-63745,4,Ni,0.34619454,3.8972595,3.552998
JVASP-63745,5,Ni,0.34619454,3.8972592,3.5529978
JVASP-63745,6,As,119.758,16.589273,136.16995
JVASP-63745,7,As,119.758,16.589273,136.16995
JVASP-63745,8,As,14.540987,27.355173,13.118558
JVASP-63745,9,As,14.540987,27.355177,13.11856
JVASP-8798,0,Nb,71.52731,1.5602281,70.000786
JVASP-8798,1,S,17.308537,17.412043,5.5884027
JVASP-8798,2,S,18.649786,22.282717,8.731861
JVASP-8798,3,S,18.649786,22.282717,8.731861
JVASP-8798,4,S,17.308537,17.41204,5.5884027
JVASP-8798,5,Ti,38.621574,3.895072,34.854866
JVASP-67112,0,Mn,32.827244,5.0258536,37.84737
JVASP-67112,1,Be,2.9491856,0.60214484,2.352165
JVASP-67112,2,Be,2.9491856,0.6021446,2.3521655
JVASP-67112,3,Si,99.58727,0.31814355,99.27681
JVASP-12167,0,Er,91.25096,18.2967,73.00771
JVASP-12167,1,Er,91.25096,18.296696,73.00772
JVASP-12167,2,Cl,27.358452,0.7784423,27.330006
JVASP-12167,3,Cl,27.358452,0.77844286,27.330006
JVASP-12167,4,O,7.3868756,0.19756801,7.4896607
JVASP-12167,5,O,7.3868756,0.19756788,7.4896607
JVASP-18755,0,Nd,17.986603,0.010722931,17.98862
JVASP-18755,1,Zn,8.031262,0.010591989,8.026458
JVASP-18755,2,Zn,36.89789,0.030016616,36.86874
JVASP-18755,3,Zn,36.89789,0.030016612,36.86874
JVASP-18755,4,Zn,8.029749,0.010591988,8.034971
JVASP-18755,5,Zn,8.031262,0.010591989,8.026852
JVASP-19610,0,Nd,0.0,0.2197299,0.2197299
JVASP-19610,1,Zn,0.0,0.17814325,0.17814325
JVASP-35396,0,Hf,73.50184,0.06709399,73.56849
JVASP-35396,1,Ga,148.71231,0.1165132,148.73413
JVASP-35396,2,Ga,148.71231,0.116513275,148.73413
JVASP-35396,3,Ga,148.71231,0.116513185,148.75255
JVASP-35396,4,Ga,148.71231,0.116513275,148.75255
JVASP-35396,5,Ga,71.945595,0.13806204,71.80822
JVASP-35396,6,Co,8.365007,0.5702823,8.932198
JVASP-35886,0,Hf,146.01408,0.062344596,146.07268
JVASP-35886,1,Ga,176.1235,0.08290821,176.16776
JVASP-35886,2,Ga,176.1235,0.082908146,176.14732
JVASP-35886,3,Ga,176.1235,0.08290812,176.16776
JVASP-35886,4,Ga,176.1235,0.0829081,176.14732
JVASP-35886,5,Co,12.389519,0.14852297,12.243344
JVASP-35538,0,Lu,174.47981,0.09780149,174.38815
JVASP-35538,1,Lu,174.47981,0.09780146,174.38815
JVASP-35538,2,Al,23.64697,0.59545165,23.368753
JVASP-35538,3,Al,23.64697,0.595452,23.368753
JVASP-35538,4,Al,23.64697,0.59545213,23.367674
JVASP-35538,5,Al,23.64697,0.59545213,23.367674
JVASP-35538,6,Ni,30.358341,2.678386,27.710604
JVASP-35538,7,Ni,30.358341,2.6783893,27.7106
JVASP-18317,0,Bi,0.002,0.08441818,0.08453909
JVASP-18317,1,Np,0.011430952,0.030561699,0.032919753
JVASP-17415,0,Al,26.213125,1.3540534,25.516525
JVASP-17415,1,Al,26.213438,1.3540504,25.51687
JVASP-17415,2,Al,26.213438,1.3540504,25.513462
JVASP-17415,3,Al,26.213125,1.3540534,25.513115
JVASP-17415,4,Co,24.111834,1.1589185,24.129723
JVASP-17415,5,Co,24.111834,1.1589162,24.129723
JVASP-17415,6,Y,96.733536,0.048552245,96.68612
JVASP-17415,7,Y,96.733536,0.048552148,96.68612
JVASP-17712,0,Sn,0.0,0.013381917,0.013381917
JVASP-17712,1,Pt,255.54056,0.08382236,255.49007
JVASP-17712,2,Pt,255.54056,0.083822384,255.62297
JVASP-17712,3,Pt,255.54056,0.08382235,255.50867
JVASP-17712,4,C,0.0,0.052961584,0.052961584
JVASP-13846,0,Yb,428.0985,0.01059025,428.10184
JVASP-13846,1,Co,37.07459,0.09171351,36.98703
JVASP-13846,2,Co,37.07487,0.09171295,36.98668
JVASP-13846,3,Co,37.07487,0.09171295,36.987434
JVASP-13846,4,B,0.9455031,0.008973146,0.9411571
JVASP-13846,5,B,0.9455031,0.008973139,0.9411571
JVASP-26409,0,Y,22.640635,19.585415,42.18265
JVASP-26409,1,Bi,288.43967,222.3625,66.53199
JVASP-26409,2,Bi,288.43967,222.36252,66.531975
JVASP-26409,3,Cl,2.9067278,0.27367353,2.7654154
JVASP-26409,4,O,93.89883,0.18601201,93.81834
JVASP-26409,5,O,93.89883,0.18601215,93.97963
JVASP-26409,6,O,93.89883,0.18601216,93.97963
JVASP-26409,7,O,93.89883,0.1860123,93.81834
JVASP-16660,0,Al,31.802477,0.7388676,31.682608
JVASP-16660,1,Al,34.42488,0.84580755,34.193264
JVASP-16660,2,Al,22.662497,0.8715054,23.33278
JVASP-16660,3,Al,22.662497,0.87150484,23.33278
JVASP-16660,4,Ti,21.263422,0.02675674,21.270939
JVASP-16660,5,Ti,21.263422,0.026756741,21.270939
JVASP-20524,0,Ti,27.266087,0.04457451,27.227419
JVASP-20524,1,Al,29.407757,1.2712492,28.146881
JVASP-20462,0,Ti,14.317858,0.040856216,14.31361
JVASP-20462,1,Ti,14.317858,0.040856224,14.310455
JVASP-20462,2,Ti,14.315818,0.04085611,14.284613
JVASP-20462,3,Ti,14.315818,0.0408561,14.284613
JVASP-20462,4,Ti,14.317858,0.04085622,14.310455
JVASP-20462,5,Ti,14.317858,0.040856212,14.31361
JVASP-20462,6,Al,1.2418914,0.83420056,2.0715566
JVASP-20462,7,Al,1.2418914,0.8342003,2.0715563
JVASP-37038,0,Ti,0.0,0.027462788,0.027462788
JVASP-37038,1,Al,21.444466,0.61358154,22.051018
JVASP-37038,2,Al,21.444464,0.6135815,21.215628
JVASP-37038,3,Al,21.444464,0.61358154,21.080193
JVASP-78464,0,Ti,28.499813,0.044534244,28.461193
JVASP-78464,1,Al,29.697613,1.2723386,28.435644
JVASP-78676,0,Ti,27.613098,0.04430515,27.574774
JVASP-78676,1,Al,29.46736,1.2724185,28.205317
JVASP-20204,0,Ti,14.317999,0.040855177,14.310599
JVASP-20204,1,Ti,14.3162775,0.04085517,14.285073
JVASP-20204,2,Ti,14.317999,0.04085519,14.313754
JVASP-20204,3,Ti,14.317999,0.04085514,14.313754
JVASP-20204,4,Ti,14.3162775,0.0408551,14.285074
JVASP-20204,5,Ti,14.317999,0.040855158,14.310599
JVASP-20204,6,Al,1.2418914,0.8342003,2.0715563
JVASP-20204,7,Al,1.2418914,0.83420056,2.0715568
JVASP-20253,0,Ti,27.266087,0.044574488,27.227419
JVASP-20253,1,Al,29.407757,1.2712488,28.146881
JVASP-26272,0,Ti,29.468994,0.026215017,29.48051
JVASP-26272,1,Ti,29.468994,0.026215037,29.48051
JVASP-26272,2,Al,40.625603,0.7137244,41.332424
JVASP-26272,3,Al,10.75571,0.59405553,10.168342
JVASP-26272,4,Al,10.75571,0.5940558,10.168342
JVASP-26272,5,Al,40.625603,0.7137246,41.332424
JVASP-26272,6,Al,10.75571,0.5940556,10.168342
JVASP-26272,7,Al,10.75571,0.59405535,10.168344
JVASP-53086,0,Al,41.62985,0.12222536,41.69339
JVASP-53086,1,Al,14.965315,0.16751398,14.889061
JVASP-53086,2,Al,36.81695,0.08967078,36.791576
JVASP-53086,3,Al,42.690548,1.1826719,42.83125
JVASP-53086,4,C,27.425907,0.13656394,27.399391
JVASP-53086,5,O,21.004011,0.11159913,20.93177
JVASP-26358,0,Ho,36.79052,4.8616004,41.633545
JVASP-26358,1,Bi,289.8424,224.9652,65.25478
JVASP-26358,2,Bi,289.8424,224.96516,65.2548
JVASP-26358,3,Cl,1.2451572,0.11004998,1.2378509
JVASP-26358,4,O,92.57811,0.28643134,92.66267
JVASP-26358,5,O,92.57811,0.28643122,92.66267
JVASP-26358,6,O,92.57811,0.28643128,92.49755
JVASP-26358,7,O,92.57811,0.28643137,92.49755
JVASP-15269,0,B,7.9347286,0.012228896,7.9345565
JVASP-15269,1,B,7.9347286,0.012228891,7.9345565
JVASP-15269,2,Al,11.542186,0.07135059,11.60606
JVASP-15269,3,Fe,6.383632,0.07318387,6.4148707
JVASP-15269,4,Fe,6.383632,0.0731839,6.4148707
JVASP-16751,0,Pr,83.32282,0.12575854,83.209335
JVASP-16751,1,Pr,83.32282,0.12575857,83.21218
JVASP-16751,2,Pr,83.32351,0.12575649,83.21335
JVASP-16751,3,Sn,105.87439,0.13053063,105.97985
JVASP-16751,4,Sn,105.873535,0.13053013,105.93598
JVASP-16751,5,Sn,105.87439,0.13053061,105.98778
JVASP-16751,6,Rh,157.01842,210.82704,53.82844
JVASP-16751,7,Rh,157.01842,210.82704,53.828445
JVASP-16751,8,Rh,7.2729435,32.61563,39.87107
JVASP-36455,0,Sr,249.78754,0.8657765,250.30183
JVASP-36455,1,Sr,249.78754,0.86577636,250.13536
JVASP-36455,2,Sr,249.78754,0.8657765,248.92766
JVASP-36455,3,P,0.0,0.06786433,0.06786433
JVASP-36455,4,N,0.0,0.04876103,0.04876103
JVASP-36471,0,Sr,290.64993,0.19268836,290.5834
JVASP-36471,1,Sr,290.64993,0.19268833,290.5294
JVASP-36471,2,Sr,290.64993,0.1926883,290.83704
JVASP-36471,3,P,0.0,1.0573618,1.0573618
JVASP-36471,4,N,0.0,0.08231282,0.08231282
JVASP-17238,0,Si,0.16666333,0.27679443,0.43075016
JVASP-17238,1,Si,0.16666333,0.27679443,0.43075022
JVASP-17238,2,Sm,23.638655,0.3422635,23.517534
JVASP-17238,3,Au,121.52352,86.03974,98.63871
JVASP-17238,4,Au,121.52352,86.03974,98.63871
JVASP-67951,0,Be,0.5169081,0.12614763,0.64195186
JVASP-67951,1,Ni,0.82058275,0.065001845,0.88360363
JVASP-67951,2,Pd,60.902477,0.19279407,60.710464
JVASP-67951,3,Pd,32.44431,0.19294427,32.252113
JVASP-12153,0,Y,68.25357,3.5946994,67.1245
JVASP-12153,1,Y,68.25357,3.5947018,67.1245
JVASP-12153,2,Y,68.25357,3.5946994,67.1245
JVASP-12153,3,Y,68.25357,3.5947003,67.1245
JVASP-12153,4,C,68.41807,0.46435,68.388954
JVASP-12153,5,C,68.41807,0.46435073,68.388954
JVASP-12153,6,C,68.41807,0.4643502,68.388954
JVASP-12153,7,C,68.41807,0.46435028,68.388954
JVASP-12153,8,Br,38.74723,1.527769,37.857803
JVASP-12153,9,Br,38.74723,1.5277683,37.857803
JVASP-12153,10,Br,38.74723,1.527768,37.857803
JVASP-12153,11,Br,38.74723,1.5277677,37.857803
JVASP-35093,0,Tb,3.1806624,0.5059703,2.6966488
JVASP-35093,1,Tb,3.1806624,0.50597024,2.696649
JVASP-35093,2,Sb,88.24041,46.625473,134.84848
JVASP-35093,3,Sb,88.24041,46.625465,134.84846
JVASP-35093,4,Pd,134.07405,108.835625,25.252768
JVASP-35093,5,Pd,134.07405,108.835625,25.252768
JVASP-67703,0,Sr,36.91381,6.638898,30.292093
JVASP-67703,1,Be,1.4879657,1.9845525,2.1871004
JVASP-67703,2,Be,1.4879657,1.9845527,2.1829782
JVASP-67703,3,Pb,457.8129,67.848816,390.00864
JVASP-15698,0,Ca,9.895122,0.20230554,9.699612
JVASP-15698,1,Ca,9.895122,0.20230572,9.699612
JVASP-15698,2,P,50.969795,7.675399,43.387
JVASP-15698,3,P,50.969795,7.675401,43.386997
JVASP-15698,4,P,50.969795,7.675402,43.386997
JVASP-15698,5,P,50.969795,7.6754003,43.386997
JVASP-15698,6,Pd,22.97948,54.978333,32.01709
JVASP-15698,7,Pd,22.97948,54.978333,32.01709
JVASP-15698,8,Pd,22.97948,54.978344,32.017097
JVASP-15698,9,Pd,22.97948,54.978348,32.0171
JVASP-80817,0,Na,9.618128,0.01350605,9.605566
JVASP-80817,1,Na,9.618128,0.013506037,9.605566
JVASP-80817,2,Mg,9.078582,0.024480984,9.060099
JVASP-80817,3,Mg,9.078582,0.024480997,9.060099
JVASP-80817,4,Mg,9.078582,0.024481,9.060099
JVASP-80817,5,Mg,9.078582,0.02448098,9.060099
JVASP-80817,6,Tl,191.63055,0.033750784,191.64645
JVASP-80817,7,Tl,191.63055,0.033750765,191.64645
JVASP-67107,0,Hf,189.94894,0.052102868,189.9998
JVASP-67107,1,Be,2.4347928,0.16230328,2.2750266
JVASP-67107,2,Be,2.4347928,0.16230345,2.2750263
JVASP-67107,3,Co,22.51571,0.09708758,22.420376
JVASP-67433,0,Hf,163.48262,0.06727946,163.54556
JVASP-67433,1,Be,10.325824,0.5856235,10.908045
JVASP-67433,2,Co,84.40819,0.5264521,84.932655
JVASP-18670,0,Zr,34.94645,0.11972232,34.94644
JVASP-18670,1,Zr,34.94436,0.119721174,34.935303
JVASP-18670,2,Zr,34.94645,0.119722284,34.949406
JVASP-18670,3,Co,16.404234,0.41692764,16.816923
JVASP-18670,4,Co,66.48324,0.008503359,66.48963
JVASP-18670,5,Co,66.48324,0.008503379,66.48963
JVASP-18670,6,Sn,54.828144,0.046681013,54.851814
JVASP-18670,7,Sn,54.83385,0.046681188,54.85952
JVASP-18670,8,Sn,54.83385,0.046681166,54.860546
JVASP-17636,0,Na,9.112918,0.2991113,9.395991
JVASP-17636,1,Na,9.112918,0.2991114,9.395991
JVASP-17636,2,Mn,13.077009,4.298164,8.789612
JVASP-17636,3,Mn,13.077009,4.298164,8.789611
JVASP-17636,4,P,7.705278,4.2501106,11.927079
JVASP-17636,5,P,7.705278,4.250111,11.92708
JVASP-14306,0,Na,9.112918,0.29911137,9.395991
JVASP-14306,1,Na,9.112918,0.2991113,9.395991
JVASP-14306,2,Mn,13.077009,4.298164,8.789611
JVASP-14306,3,Mn,13.077009,4.2981644,8.789611
JVASP-14306,4,P,7.705278,4.2501097,11.927078
JVASP-14306,5,P,7.705278,4.250109,11.927078
JVASP-5161,0,Ni,8.068619,0.86742187,7.209928
JVASP-5161,1,Ni,8.068619,0.8674224,7.209927
JVASP-5161,2,Bi,129.77805,11.269688,118.554504
JVASP-5161,3,Bi,129.77805,11.269686,118.55451
JVASP-37133,0,Ni,22.052763,0.15575373,22.207455
JVASP-37133,1,Ni,22.052763,0.1557537,22.20746
JVASP-37133,2,Bi,141.8818,29.820894,171.60931
JVASP-37133,3,Bi,141.8818,29.820898,171.60931
JVASP-38634,0,Ni,45.251873,0.05319542,45.256157
JVASP-38634,1,Ni,45.251873,0.053195406,45.20479
JVASP-38634,2,Ni,45.251873,0.0531954,45.294727
JVASP-38634,3,Bi,0.0,24.370993,24.370993
JVASP-84815,0,Ni,6.945529,0.4223838,6.5264807
JVASP-84815,1,Ni,6.9447126,0.422384,6.5256643
JVASP-84815,2,Bi,253.62874,5.4663224,248.22595
JVASP-84815,3,Bi,253.62874,5.466323,248.22595
JVASP-84914,0,Ni,9.016575,0.89542866,8.130157
JVASP-84914,1,Ni,9.016575,0.8954288,8.1301565
JVASP-84914,2,Bi,116.34301,14.152281,102.23876
JVASP-84914,3,Bi,116.34301,14.152284,102.23875
JVASP-30988,0,Er,135.38261,0.096086524,135.37622
JVASP-30988,1,Er,135.38261,0.09608651,135.4079
JVASP-30988,2,Er,135.38261,0.0960865,135.4079
JVASP-30988,3,Er,135.38261,0.096086666,135.37622
JVASP-30988,4,Pd,119.58422,131.01543,36.56288
JVASP-30988,5,Pd,119.58422,131.01543,37.988884
JVASP-30988,6,Pd,119.58422,131.01543,36.56288
JVASP-30988,7,Pd,119.58422,131.01543,37.988884
JVASP-30988,8,Pb,210.19316,0.17984566,210.3355
JVASP-30988,9,Pb,210.19316,0.1798458,210.3355
JVASP-7876,0,O,113.65514,0.104840614,113.582664
JVASP-7876,1,O,31.709538,0.11112162,31.781208
JVASP-7876,2,O,31.709051,0.11112086,31.780724
JVASP-7876,3,O,31.710012,0.11111814,31.718826
JVASP-7876,4,O,31.710012,0.11111928,31.718826
JVASP-7876,5,Ni,109.28746,17.789389,101.93616
JVASP-7876,6,Ba,150.00388,0.19905986,149.92918
JVASP-7876,7,Er,123.950356,46.62246,157.97754
JVASP-7876,8,Er,123.94958,46.6217,157.9763
JVASP-3414,0,In,182.13257,0.10956923,182.21672
JVASP-3414,1,In,182.13257,0.1095692,182.21672
JVASP-3414,2,In,182.13257,0.10956925,182.23299
JVASP-3414,3,In,182.13257,0.10956926,182.23299
JVASP-3414,4,S,67.636345,0.085237466,67.61097
JVASP-3414,5,S,67.636345,0.08523745,67.61097
JVASP-3414,6,S,67.636345,0.08523749,67.61612
JVASP-3414,7,S,67.636345,0.08523747,67.61612
JVASP-12428,0,S,73.782196,0.13530552,73.85715
JVASP-12428,1,S,73.78186,0.13530543,73.86842
JVASP-12428,2,S,73.78317,0.1353054,73.721085
JVASP-12428,3,S,73.782196,0.13530558,73.85715
JVASP-12428,4,S,73.78317,0.13530543,73.721085
JVASP-12428,5,S,73.78186,0.13530542,73.86842
JVASP-12428,6,In,39.948208,0.111043625,39.87584
JVASP-12428,7,In,39.948208,0.11104363,39.87584
JVASP-12428,8,In,39.948208,0.111043625,39.87584
JVASP-12428,9,In,39.948208,0.1110436,39.87584
JVASP-51076,0,In,183.15625,0.13119347,183.09793
JVASP-51076,1,In,183.15625,0.13119347,183.10297
JVASP-51076,2,In,183.15625,0.1311935,183.09793
JVASP-51076,3,In,183.15625,0.13119347,183.10297
JVASP-51076,4,S,67.00607,0.14804552,67.06199
JVASP-51076,5,S,67.00607,0.14804555,67.08258
JVASP-51076,6,S,67.00607,0.14804558,67.06199
JVASP-51076,7,S,67.00607,0.14804551,67.08258
JVASP-53347,0,In,111.19171,0.16850668,111.10828
JVASP-53347,1,In,111.0501,0.16843127,110.96483
JVASP-53347,2,In,108.85286,0.17120194,108.8988
JVASP-53347,3,In,108.77241,0.17128028,108.84526
JVASP-53347,4,S,201.5642,0.10028373,201.52876
JVASP-53347,5,S,87.34811,0.095190175,87.33019
JVASP-53347,6,S,87.309364,0.09517892,87.293816
JVASP-53347,7,S,93.510056,0.08145923,93.56563
JVASP-53347,8,S,201.54225,0.10030399,201.53484
JVASP-53347,9,S,93.54221,0.0814715,93.57141
JVASP-65210,0,Be,0.6801578,0.1744015,0.5076155
JVASP-65210,1,Pt,38.52394,0.12270748,38.63752
JVASP-65210,2,Rh,0.62870234,0.1991157,0.81837887
JVASP-152,0,Si,9.768999,0.48320666,10.038111
JVASP-152,1,Si,9.768999,0.4832075,10.038112
JVASP-152,2,Si,9.768999,0.48320708,10.080376
JVASP-152,3,Si,9.768999,0.4832073,10.080376
JVASP-152,4,Si,4.432529,0.1772168,4.411332
JVASP-152,5,Si,4.432529,0.17721681,4.411332
JVASP-152,6,Si,4.432529,0.17721692,4.499539
JVASP-152,7,Si,4.432529,0.17721671,4.499539
JVASP-152,8,P,42.892704,0.13836454,42.980988
JVASP-152,9,P,42.892704,0.13836433,42.980988
JVASP-152,10,P,42.892704,0.13836443,42.93122
JVASP-152,11,P,42.892704,0.13836439,42.93122
JVASP-152,12,P,108.9046,1.2804475,110.09667
JVASP-152,13,P,108.9046,1.280447,110.09667
JVASP-152,14,P,108.9046,1.2804488,110.00074
JVASP-152,15,P,108.9046,1.2804468,110.00073
JVASP-152,16,P,103.648796,2.7268898,104.13822
JVASP-152,17,P,103.648796,2.7268898,104.13822
JVASP-152,18,P,103.648796,2.7268894,104.16521
JVASP-152,19,P,103.648796,2.7268898,104.16521
JVASP-152,20,P,55.044067,0.589131,54.735344
JVASP-152,21,P,55.044067,0.5891312,54.735344
JVASP-152,22,P,55.044067,0.5891311,54.70957
JVASP-152,23,P,55.044067,0.58913124,54.70957
JVASP-16013,0,Si,0.0,7.8375225,7.8375225
JVASP-16013,1,P,0.0,1.1069611,1.1069611
JVASP-65087,0,Be,6.204558,0.5199496,5.6893506
JVASP-65087,1,Be,3.9191837,0.52661926,3.397865
JVASP-65087,2,V,26.226686,0.020229323,26.230991
JVASP-65087,3,Mo,52.897545,0.09918959,52.992462
JVASP-65240,0,Be,4.1665826,0.36745396,3.801271
JVASP-65240,1,Mo,17.304012,0.02812771,17.319395
JVASP-65240,2,V,18.370358,0.02501317,18.371494
JVASP-67961,0,Be,1.362735,0.33576608,1.6961703
JVASP-67961,1,Mo,3.3149762,0.06845247,3.2512603
JVASP-67961,2,V,5.986553,0.06336231,6.0480137
JVASP-67961,3,V,9.008407,0.064394675,8.945934
JVASP-67579,0,Be,4.316821,0.3246324,3.9939137
JVASP-67579,1,Re,40.48925,0.048590537,40.450905
JVASP-67579,2,Sc,40.236134,0.10689131,40.135292
JVASP-17535,0,Th,0.0,0.4517371,0.4517371
JVASP-17535,1,As,0.0,10.365964,10.365964
JVASP-15738,0,Th,145.84506,0.13531974,145.9712
JVASP-15738,1,Th,145.84506,0.1353198,145.9712
JVASP-15738,2,As,297.45706,13.1835785,284.28995
JVASP-15738,3,As,297.45706,13.183579,284.28995
JVASP-15738,4,As,100.37274,5.4616942,105.82127
JVASP-15738,5,As,100.37274,5.4616923,105.82127
JVASP-19960,0,As,0.0,0.12943403,0.12943403
JVASP-19960,1,Th,0.011045362,0.06954941,0.06827742
JVASP-42833,0,Li,0.7503617,0.12589957,0.86943483
JVASP-42833,1,Li,0.7503617,0.12589958,0.86943483
JVASP-42833,2,Fe,69.780655,0.16963619,69.63909
JVASP-42833,3,Fe,69.780655,0.1696362,69.63909
JVASP-42833,4,O,126.19894,0.66731125,125.55253
JVASP-42833,5,O,126.19894,0.66731113,125.55253
JVASP-42833,6,F,128.97911,0.04947144,128.93698
JVASP-42833,7,F,128.97911,0.049471438,128.93698
JVASP-42833,8,F,128.97911,0.049471423,128.93698
JVASP-42833,9,F,128.97911,0.049471486,128.93698
JVASP-43106,0,Li,0.12615071,0.021947786,0.14659534
JVASP-43106,1,Fe,74.07504,0.159839,74.23276
JVASP-43106,2,O,35.908707,0.12226931,36.025993
JVASP-43106,3,F,35.53842,0.113641046,35.427143
JVASP-44740,0,Li,0.68346226,0.040671293,0.6538909
JVASP-44740,1,Li,0.6760947,0.0454928,0.66377175
JVASP-44740,2,Li,0.49054462,0.045263346,0.4605089
JVASP-44740,3,Fe,178.70456,0.055032585,178.73407
JVASP-44740,4,O,79.571014,0.12754081,79.664276
JVASP-44740,5,F,59.358173,0.0765272,59.32351
JVASP-44740,6,F,61.21164,0.07941059,61.18353
JVASP-44740,7,F,90.755486,0.043406576,90.73311
JVASP-44740,8,F,66.84111,0.06748246,66.79004
JVASP-43960,0,Hg,588.583,0.22993387,588.8068
JVASP-43960,1,Hg,588.583,0.22993425,588.8068
JVASP-43960,2,Bi,5.881225,0.4643933,6.342194
JVASP-43960,3,Bi,5.881225,0.46439335,6.3421946
JVASP-43960,4,O,139.46649,0.30558762,139.57509
JVASP-43960,5,O,139.4663,0.30558762,139.6432
JVASP-43960,6,O,139.46683,0.30558774,139.54276
JVASP-43960,7,O,139.46683,0.3055878,139.54276
JVASP-43960,8,O,139.4663,0.3055876,139.6432
JVASP-43960,9,O,139.46649,0.30558765,139.57509
JVASP-35941,0,Li,0.13798793,0.07684368,0.21378139
JVASP-35941,1,Li,0.13798793,0.076843664,0.21378139
JVASP-35941,2,Mn,23.460396,0.09621306,23.365967
JVASP-35941,3,Mn,23.460396,0.09621301,23.365967
JVASP-35941,4,Sb,59.2948,0.071415074,59.35725
JVASP-35941,5,Sb,59.2948,0.071415104,59.35725
JVASP-19886,0,Rh,9.125574,0.6897186,9.773477
JVASP-19886,1,Rh,9.125574,0.68971866,9.773477
JVASP-19886,2,Se,20.411598,51.934895,31.528854
JVASP-19886,3,Se,20.411598,51.934887,31.52885
JVASP-39457,0,Rh,6.8290205,0.5169761,6.6380463
JVASP-39457,1,Rh,6.8339663,0.5169755,6.426543
JVASP-39457,2,Rh,6.8290205,0.5169762,6.6500773
JVASP-39457,3,Rh,6.8290205,0.51697606,6.6380463
JVASP-39457,4,Rh,6.833609,0.5169756,6.4261513
JVASP-39457,5,Rh,6.8290205,0.5169762,6.6500773
JVASP-39457,6,Se,28.984814,0.29932496,28.689665
JVASP-39457,7,Se,28.984814,0.29932496,28.689665
JVASP-8313,0,V,49.61478,0.057546645,49.57911
JVASP-8313,1,Zn,5.7657175,0.09685426,5.826699
JVASP-8313,2,F,120.19251,0.09940946,120.25048
JVASP-8313,3,F,120.19353,0.09940916,120.163536
JVASP-8313,4,F,120.193825,0.09940933,120.159836
JVASP-8313,5,F,120.19353,0.09940919,120.163536
JVASP-8313,6,F,120.19251,0.09940951,120.25048
JVASP-8313,7,F,120.193825,0.09940935,120.159836
JVASP-38209,0,K,0.0,0.9749657,0.9749657
JVASP-38209,1,Pr,64.77349,15.090767,58.517956
JVASP-38209,2,Pr,64.77349,15.090765,58.92496
JVASP-38209,3,Pr,64.77349,15.090765,79.834236
JVASP-38436,0,K,5.814043,0.24814363,5.690324
JVASP-38436,1,K,5.8158174,0.24814524,5.7376246
JVASP-38436,2,K,5.814043,0.24814373,5.697539
JVASP-38436,3,K,5.814043,0.24814363,5.690324
JVASP-38436,4,K,5.8158174,0.24814504,5.7376246
JVASP-38436,5,K,5.814043,0.2481434,5.697539
JVASP-38436,6,Pr,4.671994,0.093646884,4.76403
JVASP-38436,7,Pr,4.671178,0.093646884,4.763213
JVASP-18074,0,Ho,0.4106978,0.011063167,0.4061966
JVASP-18074,1,In,223.17546,0.021854738,223.16574
JVASP-18074,2,In,120.63248,0.00976139,120.62785
JVASP-18074,3,In,223.17546,0.021854758,223.17262
JVASP-18074,4,In,223.17546,0.021854756,223.16574
JVASP-18074,5,In,223.17546,0.021854753,223.17262
JVASP-18074,6,Co,7.938796,0.081102,7.859506
JVASP-20491,0,Al,3.1673567,0.49229866,2.8228939
JVASP-20491,1,Al,12.139109,1.3017635,12.868946
JVASP-20491,2,Al,12.139109,1.3017629,12.868946
JVASP-20491,3,Al,3.1673567,0.492299,2.8228939
JVASP-20491,4,Sm,78.88912,0.030430827,78.877335
JVASP-37401,0,Sm,76.42962,1.0427105,75.982796
JVASP-37401,1,Sm,76.430305,1.0427217,75.925255
JVASP-37401,2,Sm,76.42962,1.0427097,76.039734
JVASP-37401,3,Sm,76.42962,1.0427091,75.982796
JVASP-37401,4,Sm,76.430305,1.0427214,75.925255
JVASP-37401,5,Sm,76.42962,1.04271,76.039734
JVASP-37401,6,Al,4.1706643,0.13902579,4.033847
JVASP-37401,7,Al,4.1706643,0.13902575,4.033847
JVASP-40581,0,Sm,30.720276,0.09851318,30.626228
JVASP-40581,1,Sm,30.720276,0.09851318,30.626228
JVASP-40581,2,Al,2.0763469,0.080106534,2.137567
JVASP-40581,3,Al,2.076304,0.080136925,2.1328344
JVASP-40581,4,Al,2.0763469,0.08010645,2.1395009
JVASP-40581,5,Al,2.0763469,0.08010652,2.137567
JVASP-40581,6,Al,2.076304,0.08013693,2.1328344
JVASP-40581,7,Al,2.0763469,0.080106474,2.139501
JVASP-16427,0,Sm,0.0,0.10734327,0.10734327
JVASP-16427,1,Al,0.0,0.10677654,0.10677654
JVASP-16428,0,Sm,174.33752,0.827306,174.8205
JVASP-16428,1,Sm,174.33752,0.8273061,173.55429
JVASP-16428,2,Sm,174.33752,0.82730585,174.641
JVASP-16428,3,Al,0.0,0.144098,0.144098
JVASP-8417,0,Ba,110.97985,0.23901713,110.74118
JVASP-8417,1,Y,3.9649072,2.104599,6.064107
JVASP-8417,2,Mn,1.8052739,0.10428929,1.9091487
JVASP-8417,3,Cu,21.92375,1.6849552,23.604998
JVASP-8417,4,O,93.7985,0.28412408,94.02252
JVASP-8417,5,O,93.7985,0.28412396,93.71555
JVASP-8417,6,O,125.68121,0.9506765,126.22589
JVASP-8417,7,O,125.68121,0.9506767,125.9232
JVASP-8417,8,O,90.44986,0.5298833,90.94912
JVASP-8058,0,Na,14.382179,0.009900959,14.381915
JVASP-8058,1,Na,14.382179,0.009900959,14.381915
JVASP-8058,2,Pt,1292.0238,0.01766265,1292.0394
JVASP-8058,3,C,69.6194,0.07162936,69.54791
JVASP-8058,4,C,69.6194,0.07162933,69.54791
JVASP-14903,0,B,5.4427295,0.013367398,5.434704
JVASP-14903,1,B,5.4427295,0.013367369,5.4347043
JVASP-14903,2,Al,10.260883,0.085944586,10.338048
JVASP-14903,3,Cr,15.008295,0.05793983,14.959942
JVASP-14903,4,Cr,15.008295,0.057939854,14.959942
JVASP-51506,0,Al,12.1493025,0.06945284,12.217742
JVASP-51506,1,Cr,18.494473,0.052486796,18.445782
JVASP-51506,2,Cr,18.494473,0.05248672,18.445782
JVASP-51506,3,Cr,20.972713,0.07259765,20.999905
JVASP-51506,4,B,4.0346565,0.05772227,3.978227
JVASP-51506,5,B,9.67127,0.04961291,9.626935
JVASP-51506,6,B,4.0346565,0.057722248,3.978227
JVASP-51506,7,B,9.67127,0.04961291,9.626935
JVASP-38299,0,Rb,0.0,0.01288705,0.01288705
JVASP-38299,1,Pd,0.0,0.040494923,0.040494923
JVASP-38299,2,O,213.71309,0.065562315,213.72462
JVASP-38299,3,O,213.71309,0.06556235,213.76154
JVASP-38299,4,O,213.71309,0.065562345,213.6531
JVASP-14556,0,Ga,0.0,0.01793272,0.01793272
JVASP-14556,1,Rh,0.0,0.009722683,0.009722683
JVASP-8378,0,Mg,4.3511105,0.27079597,4.6123643
JVASP-8378,1,Cu,110.75395,0.791917,111.09264
JVASP-8378,2,Cu,110.75395,0.7919169,111.2864
JVASP-8378,3,N,38.127163,0.12940155,38.253624
JVASP-8378,4,N,38.127163,0.1294016,38.25015
JVASP-9240,0,Mg,44.985355,0.029797414,45.01188
JVASP-9240,1,Mg,45.000584,0.029807473,45.027126
JVASP-9240,2,Mg,37.395004,0.030819451,37.406487
JVASP-9240,3,Mg,37.393764,0.03081786,37.40525
JVASP-9240,4,Cu,92.52761,0.28940594,92.262115
JVASP-9240,5,Cu,92.51834,0.28963107,92.25262
JVASP-9240,6,N,41.273914,0.04531499,41.308617
JVASP-9240,7,N,41.279377,0.04530854,41.314083
JVASP-9240,8,N,100.73508,0.034872185,100.73201
JVASP-9240,9,N,100.74041,0.034883622,100.73734
JVASP-16120,0,Ca,135.30002,0.13936658,135.35605
JVASP-16120,1,Ca,135.30002,0.13936658,135.38144
JVASP-16120,2,Ca,135.30002,0.13936654,135.16267
JVASP-16120,3,Au,0.0,0.097805835,0.097805835
JVASP-16120,4,N,0.0,0.044046417,0.044046417
JVASP-18517,0,N,18.316147,0.020802643,18.32501
JVASP-18517,1,N,18.316147,0.020802632,18.32501
JVASP-18517,2,Ca,62.239613,0.017680898,62.25725
JVASP-18517,3,Ca,62.239613,0.017680893,62.25725
JVASP-18517,4,Ca,47.397324,0.1389344,47.427567
JVASP-18517,5,Ca,47.397324,0.13893439,47.427567
JVASP-18517,6,Au,133.74744,80.23571,120.75227
JVASP-18517,7,Au,133.74744,80.23569,120.752266
JVASP-52252,0,Ag,14.88555,0.11289703,14.957058
JVASP-52252,1,Ag,14.88555,0.11289724,14.957058
JVASP-52252,2,C,39.97567,0.09077475,39.889095
JVASP-52252,3,C,39.97567,0.09077475,39.889095
JVASP-52252,4,O,126.901764,0.22722815,126.84974
JVASP-52252,5,O,126.90185,0.22722715,126.801956
JVASP-52252,6,O,126.901764,0.2272279,126.864944
JVASP-52252,7,O,126.901764,0.22722815,126.864944
JVASP-52252,8,O,126.90185,0.22722675,126.801956
JVASP-52252,9,O,126.901764,0.22722782,126.84974
JVASP-80564,0,Li,0.50519764,0.06669379,0.56626785
JVASP-80564,1,Li,0.50519764,0.06669381,0.5662679
JVASP-80564,2,Mg,9.341383,0.049454156,9.35882
JVASP-80564,3,Mg,9.341383,0.049454197,9.35882
JVASP-80564,4,Zn,30.139725,0.278722,29.923466
JVASP-80564,5,Zn,30.139725,0.27872193,29.923466
JVASP-80564,6,Zn,30.139725,0.27872196,29.923466
JVASP-80564,7,Zn,30.139725,0.27872205,29.923466
JVASP-2259,0,O,6.2985578,0.31746116,6.0464115
JVASP-2259,1,O,6.2985578,0.31746113,6.0464115
JVASP-2259,2,F,13.044113,2.1482503,11.257962
JVASP-2259,3,F,13.044113,2.148251,11.257962
JVASP-2259,4,Y,16.679342,16.458908,8.455516
JVASP-2259,5,Y,16.679342,16.458904,8.455515
JVASP-51415,0,Y,15.538899,16.369791,21.401436
JVASP-51415,1,Y,15.538899,16.36979,21.401434
JVASP-51415,2,O,6.480301,0.3162527,6.4523635
JVASP-51415,3,O,6.480301,0.3162528,6.4523635
JVASP-51415,4,F,12.978365,2.1345422,12.965019
JVASP-51415,5,F,12.978365,2.134542,12.965019
JVASP-7646,0,Y,42.363926,10.387284,32.02941
JVASP-7646,1,Y,42.363926,10.387286,32.029408
JVASP-7646,2,O,3.5321643,0.40602624,3.931232
JVASP-7646,3,O,3.5321643,0.40602618,3.931232
JVASP-7646,4,F,5.161075,0.51857084,5.6359887
JVASP-7646,5,F,5.161075,0.5185707,5.6359887
JVASP-350,0,Zr,68.6445,0.09174852,68.583046
JVASP-350,1,Zr,68.6445,0.09174842,68.583046
JVASP-350,2,O,12.869761,0.0946826,12.8289175
JVASP-350,3,O,12.869761,0.094682604,12.847897
JVASP-350,4,O,12.869761,0.09468261,12.847897
JVASP-350,5,O,12.869761,0.09468265,12.8289175
JVASP-18889,0,O,0.0028284274,0.82342315,0.8245826
JVASP-18889,1,Zr,0.0058309524,1.0324148,1.0352193
JVASP-17283,0,O,2.2300234,9.208404,10.747125
JVASP-17283,1,O,2.2300234,9.208404,10.747125
JVASP-17283,2,Zr,50.308807,0.5470922,49.991154
JVASP-17283,3,Zr,50.308987,0.547093,50.08354
JVASP-17283,4,Zr,50.311424,0.547092,50.267223
JVASP-17283,5,Zr,50.308807,0.5470923,49.991154
JVASP-17283,6,Zr,50.308987,0.5470936,50.08354
JVASP-17283,7,Zr,50.311424,0.5470918,50.267223
JVASP-43392,0,Zr,93.4545,0.08889445,93.39065
JVASP-43392,1,Zr,93.4545,0.08889449,93.38147
JVASP-43392,2,O,10.350011,0.053841997,10.348855
JVASP-43392,3,O,10.350011,0.053841963,10.339187
JVASP-43392,4,O,10.350011,0.053841982,10.339187
JVASP-43392,5,O,10.350011,0.053841993,10.348855
JVASP-43398,0,Zr,80.1336,0.13427687,80.03397
JVASP-43398,1,Zr,80.139915,0.13426489,80.040306
JVASP-43398,2,Zr,162.95242,0.034621477,162.95206
JVASP-43398,3,O,18.98936,0.16695988,19.004265
JVASP-43398,4,O,9.436088,0.032965064,9.453016
JVASP-43398,5,O,9.429637,0.032977235,9.442052
JVASP-43398,6,O,9.43659,0.032961983,9.453519
JVASP-43398,7,O,9.429399,0.03297957,9.441809
JVASP-43398,8,O,18.987783,0.1669396,19.002716
JVASP-49796,0,Zr,33.359035,0.026025629,33.37121
JVASP-49796,1,Zr,33.359035,0.026025614,33.37121
JVASP-49796,2,O,5.344752,0.03817784,5.3214035
JVASP-49796,3,O,5.344881,0.10312091,5.2447667
JVASP-49796,4,O,5.344752,0.038177826,5.3214035
JVASP-49796,5,O,5.344881,0.103120916,5.2447667
JVASP-113,0,Zr,71.72991,3.8516686,69.10228
JVASP-113,1,Zr,71.72991,3.8516698,69.06697
JVASP-113,2,Zr,71.72991,3.8516681,69.06697
JVASP-113,3,Zr,71.72991,3.8516707,69.10228
JVASP-113,4,O,11.493825,0.118174985,11.518673
JVASP-113,5,O,11.493825,0.118174925,11.530586
JVASP-113,6,O,15.429381,0.033422202,15.414972
JVASP-113,7,O,15.429381,0.033422206,15.400163
JVASP-113,8,O,15.429381,0.033422172,15.400163
JVASP-113,9,O,15.429381,0.033422254,15.414972
JVASP-113,10,O,11.493825,0.11817501,11.530586
JVASP-113,11,O,11.493825,0.11817487,11.518673
JVASP-15924,0,Zr,0.0,0.7050731,0.7050731
JVASP-15924,1,Zr,0.0,0.7050725,0.7050725
JVASP-15924,2,Zr,0.0,0.70507306,0.70507306
JVASP-15924,3,Zr,0.0,0.705073,0.705073
JVASP-15924,4,O,0.0,0.14949334,0.14949334
JVASP-15924,5,O,0.0,0.1494934,0.1494934
JVASP-15924,6,O,0.0,0.14949338,0.14949338
JVASP-15924,7,O,0.0,0.1494934,0.1494934
JVASP-16326,0,Zr,239.49641,0.7341474,239.52385
JVASP-16326,1,Zr,239.49641,0.7341473,239.40675
JVASP-16326,2,Zr,239.49641,0.73414713,239.62071
JVASP-16326,3,Zr,239.49641,0.73414713,239.4388
JVASP-16326,4,O,0.0,13.162716,13.162716
JVASP-16326,5,O,0.0,13.162718,13.162718
JVASP-19592,0,Zr,42.28711,0.5284447,41.836525
JVASP-19592,1,Zr,42.28711,0.528445,41.93465
JVASP-19592,2,Zr,42.28711,0.52844465,41.861736
JVASP-19592,3,Zr,42.28862,0.5284298,41.95125
JVASP-19592,4,Zr,42.28711,0.52844465,41.858852
JVASP-19592,5,Zr,42.28927,0.52842987,41.850945
JVASP-19592,6,O,5.007165,10.536044,15.536045
JVASP-19592,7,O,5.007165,10.536041,15.536043
JVASP-69218,0,Ba,246.45949,14.471274,260.8964
JVASP-69218,1,Zr,74.546135,0.07019223,74.525085
JVASP-69218,2,Bi,887.2231,45.31611,919.9874
JVASP-69218,3,Bi,887.2231,45.316116,919.3532
JVASP-15226,0,Er,60.079147,0.21534178,60.176872
JVASP-15226,1,Er,60.078022,0.21534085,60.142593
JVASP-15226,2,Er,60.079147,0.2153417,60.18148
JVASP-15226,3,In,42.260838,0.29659772,41.984406
JVASP-15226,4,In,42.259884,0.29660842,41.98705
JVASP-15226,5,In,42.259884,0.2966081,41.986584
JVASP-15226,6,Pt,404.24664,399.6384,7.661003
JVASP-15226,7,Pt,404.24664,399.6384,7.6609974
JVASP-15226,8,Pt,130.93993,41.433975,89.52516
JVASP-15715,0,B,24.522877,0.6976497,24.920078
JVASP-15715,1,B,24.522877,0.6976499,24.920078
JVASP-15715,2,C,49.651012,4.021572,46.884766
JVASP-15715,3,Rh,172.66931,107.01734,121.55471
JVASP-15715,4,Rh,172.66931,107.017334,121.55471
JVASP-15715,5,Er,15.402939,0.16154101,15.506696
JVASP-8019,0,Ce,0.0,0.06302015,0.06302015
JVASP-8019,1,Ag,0.0,0.20143327,0.20143327
JVASP-16672,0,Ce,246.35907,0.24910197,246.60442
JVASP-16672,1,Ag,46.13859,0.23808768,45.937782
JVASP-79298,0,Mn,44.27454,9.785721,46.184418
JVASP-79298,1,In,83.0809,0.6276355,83.23645
JVASP-79298,2,In,225.04887,0.53139836,225.27
JVASP-79298,3,W,289.16953,4.635806,288.36075
JVASP-50060,0,Dy,198.36131,138.31934,60.221493
JVASP-50060,1,Tl,69.232376,0.49366376,69.72165
JVASP-50060,2,O,14.9651575,0.25097764,14.822768
JVASP-50060,3,O,14.9651575,0.2509776,14.82277
JVASP-19876,0,Er,21.424461,1.8501086,19.59356
JVASP-19876,1,Er,21.424461,1.8501074,19.59356
JVASP-19876,2,Er,21.283617,0.17251964,21.451885
JVASP-19876,3,Er,21.283617,0.17251964,21.451885
JVASP-19876,4,In,19.922926,1.7018838,18.329771
JVASP-19876,5,In,19.922926,1.7018803,18.329775
JVASP-16506,0,Er,0.0,0.05527821,0.05527821
JVASP-16506,1,In,0.0,0.071098216,0.071098216
JVASP-19658,0,Er,0.0,3.9154859,3.9154859
JVASP-19658,1,In,140.53131,28.109232,128.61227
JVASP-19658,2,In,140.53131,28.10923,129.01338
JVASP-19658,3,In,140.53131,28.10923,168.6178
JVASP-69373,0,Ba,38.937904,0.93792075,39.867203
JVASP-69373,1,Mn,31.500439,0.17695062,31.676456
JVASP-69373,2,Cr,31.067795,0.55884856,31.153303
JVASP-69373,3,Cr,31.067795,0.5588489,31.348139
JVASP-36381,0,Rh,0.0,0.05914245,0.05914245
JVASP-36381,1,N,0.0,0.076406494,0.076406494
JVASP-36384,0,Rh,22.436104,0.051424593,22.391117
JVASP-36384,1,N,10.653647,0.064028405,10.716018
JVASP-36386,0,Rh,0.0,20.613008,20.613008
JVASP-36386,1,N,0.0,0.038477242,0.038477242
JVASP-17665,0,Rh,134.17612,0.09179435,134.24486
JVASP-17665,1,Rh,134.17612,0.09179434,134.25343
JVASP-17665,2,N,34.256046,0.06984919,34.27579
JVASP-17665,3,N,34.256046,0.06984921,34.27579
JVASP-17665,4,N,34.256046,0.06984921,34.284122
JVASP-17665,5,N,34.256046,0.06984917,34.284122
JVASP-37109,0,Rh,37.498013,0.074106775,37.42734
JVASP-37109,1,Rh,37.498013,0.0741068,37.427338
JVASP-37109,2,N,12.698971,0.017971737,12.682808
JVASP-37109,3,N,12.698971,0.017971706,12.682808
JVASP-1183,0,P,0.0,0.0738207,0.0738207
JVASP-1183,1,In,0.004546061,0.011662763,0.011789922
JVASP-17590,0,P,63.542503,0.1002151,63.479458
JVASP-17590,1,P,63.541695,0.10021517,63.622734
JVASP-17590,2,P,63.54183,0.10021493,63.543877
JVASP-17590,3,P,63.54183,0.10021489,63.543877
JVASP-17590,4,P,63.542503,0.10021512,63.479458
JVASP-17590,5,P,63.541695,0.10021509,63.622734
JVASP-17590,6,In,69.06127,0.16751121,69.04219
JVASP-17590,7,In,69.06127,0.1675113,69.04219
JVASP-17716,0,P,0.0,0.06669349,0.06669349
JVASP-17716,1,In,0.003464102,0.18387248,0.18398862
JVASP-266,0,P,0.0,0.07382077,0.07382077
JVASP-266,1,In,0.004546061,0.011662756,0.011789915
JVASP-82129,0,In,4.5433955,0.011843666,4.5511103
JVASP-82129,1,In,4.5433955,0.011843706,4.5511103
JVASP-82129,2,P,3.9110186,0.07469134,3.8388236
JVASP-82129,3,P,3.9110186,0.074691385,3.8388236
JVASP-85122,0,In,4.6062655,0.011859332,4.614022
JVASP-85122,1,In,4.6062655,0.011859332,4.614022
JVASP-85122,2,P,3.8848906,0.07480518,3.8125768
JVASP-85122,3,P,3.8848906,0.07480514,3.8125768
JVASP-2349,0,K,4.9283733,0.6506335,5.5722084
JVASP-2349,1,K,4.9283733,0.65063345,5.5722084
JVASP-2349,2,Li,0.32823163,0.14354134,0.18587007
JVASP-2349,3,Li,0.32823163,0.14354138,0.18587002
JVASP-2349,4,Te,24.497349,0.118330024,24.607437
JVASP-2349,5,Te,24.497349,0.11833014,24.607437
JVASP-81247,0,Li,2.049422,0.07574319,2.1239223
JVASP-81247,1,Li,2.049422,0.075743206,2.1239223
JVASP-81247,2,Li,2.049422,0.0757432,2.1239223
JVASP-81247,3,Li,2.049422,0.075743206,2.1239223
JVASP-81247,4,Pt,503.33557,199.47127,316.41943
JVASP-81247,5,Pt,503.33557,199.47124,316.41946
JVASP-81247,6,Au,474.61566,165.93193,315.3829
JVASP-81247,7,Au,474.61566,165.93195,315.38287
JVASP-17212,0,Er,11.446875,0.046297856,11.401784
JVASP-17212,1,Er,11.446875,0.04629782,11.401784
JVASP-17212,2,Sn,101.74773,0.20278148,101.54857
JVASP-17212,3,Sn,101.74773,0.20278148,101.54857
JVASP-17212,4,Au,73.891304,184.32686,110.44743
JVASP-17212,5,Au,73.891304,184.3269,110.447464
JVASP-18250,0,U,36.57088,0.54798967,37.10953
JVASP-18250,1,U,36.57088,0.5479899,37.10953
JVASP-18250,2,As,277.93054,0.07520829,277.9503
JVASP-18250,3,As,277.93054,0.07520825,277.9503
JVASP-18250,4,Se,20.139706,13.564754,6.627022
JVASP-18250,5,Se,20.139706,13.564756,6.6270185
JVASP-86764,0,Ho,8.349496,0.02941355,8.321427
JVASP-86764,1,Ho,8.349496,0.02941354,8.321427
JVASP-86764,2,Sn,102.70221,0.06851103,102.63618
JVASP-86764,3,Sn,102.70221,0.06851099,102.63618
JVASP-86764,4,Au,77.408775,56.918056,20.517723
JVASP-86764,5,Au,77.408775,56.918037,20.51774
JVASP-66919,0,Be,2.5711524,0.6365931,3.2039275
JVASP-66919,1,Hf,19.114185,0.07057,19.17946
JVASP-66919,2,Tc,95.19207,0.050205965,95.1475
JVASP-65259,0,Li,0.6719767,0.029319907,0.6990143
JVASP-65259,1,Li,0.6719767,0.0293199,0.6990143
JVASP-65259,2,Be,6.191493,0.04384055,6.234633
JVASP-65259,3,Be,6.191493,0.043840513,6.234633
JVASP-65259,4,Pb,538.76117,0.07093046,538.82874
JVASP-65259,5,Pb,538.76117,0.07093046,538.82874
JVASP-19956,0,S,0.0,0.33052403,0.33052403
JVASP-19956,1,Nd,0.003464102,0.6284192,0.6293092
JVASP-14904,0,Nd,22.111546,0.1263307,22.020596
JVASP-14904,1,Nd,22.111546,0.1263306,22.020596
JVASP-14904,2,S,40.273697,0.5100473,39.79728
JVASP-14904,3,S,40.273697,0.5100473,39.79728
JVASP-14904,4,S,140.24554,0.40239292,139.86983
JVASP-14904,5,S,140.24554,0.40239295,139.86983
JVASP-38520,0,Nd,166.96947,0.17839454,167.11288
JVASP-38520,1,Nd,166.96947,0.17839448,167.11288
JVASP-38520,2,S,255.69444,4.9930305,252.67825
JVASP-38520,3,S,255.69444,4.993027,252.34814
JVASP-38520,4,S,255.69408,4.993039,252.77988
JVASP-38520,5,S,255.69444,4.993028,252.67825
JVASP-38520,6,S,255.69444,4.993028,252.34814
JVASP-38520,7,S,255.69408,4.993038,252.77988
JVASP-15815,0,Th,26.856205,0.14334896,26.7134
JVASP-15815,1,Zn,59.25765,36.544163,22.748117
JVASP-15815,2,Zn,59.25765,36.544163,22.748114
JVASP-14529,0,Zn,32.523155,0.69947046,32.39047
JVASP-14529,1,Zn,32.523155,0.6994706,32.39047
JVASP-14529,2,Th,566.8793,0.15667452,566.778
JVASP-14529,3,Th,566.8871,0.15667349,566.90063
JVASP-14529,4,Th,566.8793,0.1566746,566.778
JVASP-14529,5,Th,566.8871,0.15667349,566.90063
JVASP-14764,0,Th,244.7522,0.20635998,244.95833
JVASP-14764,1,Th,244.7522,0.20636009,244.95833
JVASP-14764,2,Zn,13.204382,15.064307,1.8719113
JVASP-14764,3,Zn,39.987923,36.08966,76.07664
JVASP-14764,4,Zn,39.987923,36.089657,76.07664
JVASP-14764,5,Zn,13.204382,15.064302,1.8719065
JVASP-14764,6,Zn,13.204382,15.064311,1.8719146
JVASP-14764,7,Zn,39.987923,36.08966,76.07664
JVASP-14764,8,Zn,39.987923,36.08966,76.07664
JVASP-14764,9,Zn,13.204382,15.064309,1.8719134
JVASP-37979,0,Ac,123.66078,24.395247,113.82512
JVASP-37979,1,Ac,123.66078,24.395248,113.812546
JVASP-37979,2,Ac,123.662476,24.395021,114.22853
JVASP-37979,3,Ac,123.66078,24.395247,113.82512
JVASP-37979,4,Ac,123.66078,24.395247,113.812546
JVASP-37979,5,Ac,123.662476,24.395016,114.22852
JVASP-37979,6,Tl,5.5395207,10.334208,4.8113403
JVASP-37979,7,Tl,5.53993,10.334209,4.8109484
JVASP-14855,0,Re,0.0,0.12252123,0.12252123
JVASP-14855,1,O,55.765083,0.048834186,55.78555
JVASP-14855,2,O,55.765083,0.048834175,55.718006
JVASP-14855,3,O,55.765083,0.048834264,55.791733
JVASP-50008,0,Re,0.12665965,0.056737114,0.081454866
JVASP-50008,1,Re,0.12665965,0.05673709,0.08145488
JVASP-50008,2,O,55.75395,0.1256557,55.731247
JVASP-50008,3,O,55.75395,0.12565589,55.733273
JVASP-50008,4,O,55.754852,0.125656,55.798607
JVASP-50008,5,O,55.754852,0.12565592,55.798607
JVASP-50008,6,O,55.75395,0.12565592,55.733273
JVASP-50008,7,O,55.75395,0.12565584,55.731247
JVASP-16866,0,Re,147.85701,0.14938104,147.77843
JVASP-16866,1,Re,147.85701,0.14938104,147.77654
JVASP-16866,2,O,65.417404,0.23581985,65.41732
JVASP-16866,3,O,65.417404,0.23581958,65.4095
JVASP-16866,4,O,65.417404,0.23581988,65.41732
JVASP-16866,5,O,65.417404,0.23581962,65.4095
JVASP-36949,0,Zn,9.570819,0.0633114,9.529597
JVASP-36949,1,Zn,9.570819,0.063309975,9.529599
JVASP-36949,2,Ag,7.002541,0.21870355,6.874133
JVASP-36949,3,Ag,7.002541,0.21869399,6.8741393
JVASP-36949,4,F,72.39763,0.026612794,72.41727
JVASP-36949,5,F,72.395355,0.026609823,72.391396
JVASP-36949,6,F,72.39583,0.026614226,72.38149
JVASP-36949,7,F,72.39721,0.026613098,72.416855
JVASP-36949,8,F,72.39583,0.026622858,72.38148
JVASP-36949,9,F,72.395355,0.02661822,72.391396
JVASP-7792,0,Zn,0.0,0.067407496,0.067407496
JVASP-7792,1,Ag,0.0,0.053559832,0.053559832
JVASP-7792,2,F,90.393524,0.050674256,90.37238
JVASP-7792,3,F,90.393524,0.050674237,90.36471
JVASP-7792,4,F,90.39352,0.05067426,90.4435
JVASP-36661,0,Zr,9.099038,0.44059473,8.672225
JVASP-36661,1,Zr,9.099038,0.4405952,8.672225
JVASP-36661,2,Cd,44.36679,0.18255456,44.185753
JVASP-36661,3,Cd,44.36679,0.18255456,44.185753
JVASP-35752,0,Zr,9.733456,0.35646662,10.074709
JVASP-35752,1,Zr,9.733456,0.3564667,10.07471
JVASP-35752,2,Cd,128.84805,0.08971932,128.76515
JVASP-51439,0,Zr,23.924183,0.080922715,23.885502
JVASP-51439,1,Zr,117.072975,0.93042916,116.96503
JVASP-51439,2,Zr,117.0818,0.9298475,117.92539
JVASP-51439,3,Cd,55.036774,0.70090216,54.673206
JVASP-51439,4,Cd,237.56009,0.11954285,237.60712
JVASP-16483,0,Zr,0.0,0.46329856,0.46329856
JVASP-16483,1,Cd,112.39239,0.08748903,112.37319
JVASP-16483,2,Cd,112.39239,0.087489046,112.32836
JVASP-16483,3,Cd,112.39238,0.08748905,112.47566
JVASP-36986,0,Tl,38.906837,0.38764122,38.653004
JVASP-36986,1,Tl,38.906837,0.38764128,38.653004
JVASP-36986,2,Ge,103.40579,13.265595,113.44866
JVASP-36986,3,Ge,103.40579,13.265594,113.44866
JVASP-36986,4,Cl,155.19397,0.1287559,155.22931
JVASP-36986,5,Cl,155.19397,0.12875594,155.1653
JVASP-36986,6,Cl,168.1548,1.9308945,169.28372
JVASP-36986,7,Cl,168.1548,1.9308934,169.28372
JVASP-36986,8,Cl,155.19397,0.1287559,155.22931
JVASP-36986,9,Cl,155.19397,0.12875588,155.1653
JVASP-36987,0,Tl,34.776375,0.64977,34.849056
JVASP-36987,1,Ge,20.11153,0.13336588,20.121218
JVASP-36987,2,Cl,135.82916,0.4872292,135.349
JVASP-36987,3,Cl,134.99898,0.52720517,135.20615
JVASP-36987,4,Cl,135.63306,0.49570727,135.93147
JVASP-39444,0,S,377.63376,0.91162485,376.8127
JVASP-39444,1,S,377.63376,0.9116247,376.8127
JVASP-39444,2,Br,724.39417,0.13149449,724.52
JVASP-39444,3,Br,724.39417,0.13149439,724.52
JVASP-39444,4,Br,676.8667,0.09785521,676.9541
JVASP-39444,5,Br,724.39417,0.1314944,724.52
JVASP-39444,6,Br,724.39417,0.13149448,724.52
JVASP-39444,7,Br,676.8667,0.09785517,676.9541
JVASP-3954,0,S,324.83112,2.1074157,325.75723
JVASP-3954,1,S,324.8316,2.107416,325.2272
JVASP-3954,2,S,324.83112,2.1074154,325.60132
JVASP-3954,3,S,324.8316,2.1074154,325.34805
JVASP-3954,4,Br,854.0225,0.098486915,854.0332
JVASP-3954,5,Br,854.02313,0.09848695,854.02875
JVASP-3954,6,Br,854.0225,0.09848692,854.04913
JVASP-3954,7,Br,854.02313,0.098486915,854.0088
JVASP-67658,0,Be,1.1009233,0.7295338,1.6918195
JVASP-67658,1,Be,1.1009233,0.7295342,1.6740118
JVASP-67658,2,Bi,73.75985,0.1312142,73.86432
JVASP-67658,3,Cd,19.057032,0.08582528,19.042543
JVASP-16918,0,Y,0.0,0.024376862,0.024376862
JVASP-16918,1,Sb,0.0,34.74008,34.74008
JVASP-16918,2,O,46.05204,0.078597724,46.108833
JVASP-16918,3,O,46.05204,0.078597754,46.067955
JVASP-16918,4,O,46.05204,0.078597724,45.979443
JVASP-11497,0,Y,168.46733,52.241726,116.31866
JVASP-11497,1,Y,168.46733,52.24173,116.31866
JVASP-11497,2,Sb,12.796135,97.1688,84.384186
JVASP-11497,3,Sb,12.796135,97.16881,84.384186
JVASP-11497,4,O,27.870295,0.23520131,27.736029
JVASP-11497,5,O,27.870295,0.23520137,27.736029
JVASP-11497,6,O,27.870295,0.23520103,27.736029
JVASP-11497,7,O,27.870295,0.23520127,27.736029
JVASP-11497,8,O,97.38926,0.26000535,97.24002
JVASP-11497,9,O,97.38926,0.26000547,97.24002
JVASP-37229,0,Sm,0.0,1.0746462,1.0746462
JVASP-37229,1,Tm,9.805307,4.887946,8.506111
JVASP-37229,2,Tm,9.805307,4.887946,8.505742
JVASP-37229,3,Tm,9.805306,4.887945,14.676736
JVASP-37340,0,Sm,6.8700023,14.535123,21.388037
JVASP-37340,1,Sm,6.8700023,14.535123,21.388037
JVASP-37340,2,Sm,27.380398,14.570711,12.922585
JVASP-37340,3,Sm,6.8700023,14.535122,21.388037
JVASP-37340,4,Sm,6.8700023,14.535123,21.388037
JVASP-37340,5,Sm,27.380398,14.570709,12.9225855
JVASP-37340,6,Tm,7.065145,4.0821095,11.142866
JVASP-37340,7,Tm,7.065145,4.08211,11.142866
JVASP-37372,0,Sm,66.28442,2.0568213,64.23674
JVASP-37372,1,Sm,66.28442,2.0568225,64.23674
JVASP-37372,2,Tm,66.836525,9.485413,58.055508
JVASP-37372,3,Tm,66.834694,9.485876,58.239876
JVASP-37372,4,Tm,66.834694,9.485879,57.988792
JVASP-37372,5,Tm,66.836525,9.485417,58.0555
JVASP-37372,6,Tm,66.834694,9.485877,58.239876
JVASP-37372,7,Tm,66.834694,9.48587,57.988804
JVASP-37393,0,Sm,20.627151,14.402722,30.63992
JVASP-37393,1,Sm,20.627151,14.402727,30.31523
JVASP-37393,2,Sm,20.627151,14.402721,6.398109
JVASP-37393,3,Tm,0.0,4.001257,4.001257
JVASP-37493,0,Sm,44.77468,18.165085,29.026583
JVASP-37493,1,Sm,44.77468,18.165085,28.447458
JVASP-37493,2,Sm,44.77416,18.165094,28.461262
JVASP-37493,3,Sm,44.77468,18.165087,29.026583
JVASP-37493,4,Sm,44.77468,18.165085,28.447456
JVASP-37493,5,Sm,44.77416,18.165089,28.461264
JVASP-37493,6,Tm,39.303288,5.088044,34.23709
JVASP-37493,7,Tm,39.303288,5.0880446,34.23709
JVASP-74922,0,Be,0.8712019,0.6572812,0.23495668
JVASP-74922,1,In,26.360401,0.11631121,26.46789
JVASP-74922,2,In,26.360401,0.11631114,26.45427
JVASP-74922,3,Sb,120.7378,0.14346053,120.83494
JVASP-74845,0,Be,0.952035,0.32597288,0.6381438
JVASP-74845,1,Be,0.952035,0.32597324,0.6381434
JVASP-74845,2,In,51.388664,0.05695533,51.420334
JVASP-74845,3,In,37.4478,0.08873455,37.525223
JVASP-74845,4,In,51.388664,0.056955293,51.420334
JVASP-74845,5,In,37.4478,0.08873454,37.525223
JVASP-74845,6,Sb,5.389694,0.082545735,5.312207
JVASP-74845,7,Sb,5.389694,0.08254572,5.312207
JVASP-8801,0,Ho,60.210903,72.08456,132.25027
JVASP-8801,1,Ta,238.11327,2.091512,239.52678
JVASP-8801,2,O,45.825397,0.3362556,45.858494
JVASP-8801,3,O,84.67159,0.1418599,84.71406
JVASP-8801,4,O,45.825397,0.33625543,45.654243
JVASP-8801,5,O,84.67159,0.14185993,84.63508
JVASP-7791,0,O,14.875839,0.16268313,14.743931
JVASP-7791,1,O,14.875839,0.1626831,14.743931
JVASP-7791,2,O,4.500525,0.44821736,4.860558
JVASP-7791,3,O,4.500525,0.4482173,4.860558
JVASP-7791,4,Cd,10.919114,97.57401,88.685394
JVASP-7791,5,U,114.59949,46.07515,82.00345
JVASP-56721,0,Yb,0.0,0.051595107,0.051595107
JVASP-56721,1,Ru,0.0,0.009053752,0.009053752
JVASP-46902,0,Li,0.44876054,0.010112615,0.44907567
JVASP-46902,1,Li,0.6110663,0.010459789,0.6106818
JVASP-46902,2,Mn,26.266405,0.06211867,26.312857
JVASP-46902,3,Co,58.83105,0.07875863,58.835663
JVASP-46902,4,O,32.466953,0.056470003,32.453144
JVASP-46902,5,O,32.564358,0.052333493,32.567104
JVASP-46902,6,O,32.564358,0.052333474,32.567104
JVASP-46902,7,O,32.466953,0.056470007,32.453144
JVASP-2367,0,Si,0.08761659,0.65775716,0.62537354
JVASP-2367,1,Si,0.08761659,0.6577572,0.62537366
JVASP-2367,2,P,65.22037,1.0012025,64.731636
JVASP-2367,3,P,65.219025,1.0012027,65.87923
JVASP-2367,4,P,65.21913,1.0012026,65.718025
JVASP-2367,5,P,65.21942,1.0012028,64.62202
JVASP-2367,6,Cd,67.0778,3.0515947,65.51659
JVASP-2367,7,Cd,67.0778,3.0515954,65.51659
JVASP-18462,0,U,380.52414,46.009495,334.56323
JVASP-18462,1,U,380.52414,46.0095,334.56323
JVASP-18462,2,I,20.730032,0.5957311,20.134563
JVASP-18462,3,I,20.730032,0.5957311,20.134563
JVASP-18462,4,N,5.7954926,0.01617152,5.7942615
JVASP-18462,5,N,5.7954926,0.016171524,5.7942615
JVASP-66788,0,Be,4.89653,0.63276863,4.268323
JVASP-66788,1,Be,4.89653,0.63276887,4.2683225
JVASP-66788,2,Cu,2.5825787,0.27678865,2.3177404
JVASP-66788,3,Se,204.55118,0.123948574,204.6705
JVASP-67952,0,Be,2.9720476,0.9975939,1.9864746
JVASP-67952,1,Cu,7.2994795,0.7579551,7.8411117
JVASP-67952,2,Se,165.24992,22.239803,143.02673
JVASP-67952,3,Se,70.08235,26.541012,96.61673
JVASP-8598,0,H,36.341198,0.015231195,36.348785
JVASP-8598,1,H,36.341206,0.015231197,36.33354
JVASP-8598,2,H,36.341198,0.015231176,36.348785
JVASP-8598,3,H,36.341206,0.015231167,36.33354
JVASP-8598,4,O,194.30156,0.09505085,194.24977
JVASP-8598,5,O,194.30156,0.09505087,194.24977
JVASP-8598,6,F,115.312485,0.16204603,115.27637
JVASP-8598,7,F,115.312485,0.162046,115.27637
JVASP-8598,8,Cu,177.38646,0.024417922,177.38762
JVASP-19930,0,Zn,0.0,0.009379474,0.009379474
JVASP-19930,1,Cu,0.0,0.104838975,0.104838975
JVASP-37206,0,Mg,27.37223,0.030058417,27.364458
JVASP-37206,1,Mg,27.37223,0.030058414,27.399786
JVASP-37206,2,Mg,27.37223,0.030058382,27.352474
JVASP-37206,3,Ta,0.0,0.08574701,0.08574701
JVASP-38928,0,Mg,17.74676,0.05949663,17.690899
JVASP-38928,1,Mg,17.74676,0.05949664,17.690899
JVASP-38928,2,Ta,53.23946,0.04642492,53.265503
JVASP-38928,3,Ta,53.23946,0.046424914,53.265503
JVASP-2211,0,Al,6.4386535,0.39247295,6.6428757
JVASP-2211,1,Al,5.6401954,0.2614899,5.5206137
JVASP-2211,2,Se,160.07785,1.4296174,159.96408
JVASP-2211,3,Se,160.07893,1.4296203,160.53073
JVASP-2211,4,Se,160.07884,1.4296192,160.82472
JVASP-2211,5,Se,160.0789,1.4296186,158.84962
JVASP-2211,6,Cd,26.86077,0.1852698,26.790442
JVASP-16777,0,C,8.669799,0.054332122,8.619412
JVASP-16777,1,Dy,38.830547,2.438358,40.84424
JVASP-16777,2,Dy,38.830547,2.4383569,40.844234
JVASP-78645,0,Dy,244.7081,2.6983385,247.40445
JVASP-78645,1,Dy,244.7081,2.6983387,247.40445
JVASP-78645,2,C,83.2802,0.33732146,83.60911
JVASP-78645,3,C,83.2802,0.33732146,83.60911
JVASP-78645,4,C,83.2802,0.33732155,83.60911
JVASP-78645,5,C,83.2802,0.3373214,83.60911
JVASP-8236,0,Al,0.0,0.15197861,0.15197861
JVASP-8236,1,Sn,0.0,0.083061546,0.083061546
JVASP-8236,2,O,73.78435,0.10897729,73.85174
JVASP-8236,3,O,73.78435,0.10897732,73.823204
JVASP-8236,4,O,73.78435,0.10897729,73.67822
JVASP-15131,0,U,183.43738,43.259525,140.22058
JVASP-15131,1,U,183.43738,43.25952,140.22058
JVASP-15131,2,Se,38.81951,1.703473,40.501408
JVASP-15131,3,N,0.6487069,0.17999174,0.47352427
JVASP-15131,4,N,0.6487069,0.17999184,0.47352418
JVASP-18262,0,Ti,41.603767,0.021674,41.62378
JVASP-18262,1,Ti,41.603767,0.02167395,41.62378
JVASP-18262,2,Ga,96.67809,0.04360528,96.65349
JVASP-18262,3,Ga,96.67809,0.04360534,96.65349
JVASP-18262,4,Pt,332.7779,0.04279069,332.73935
JVASP-18262,5,Pt,332.7779,0.042790662,332.73935
JVASP-50307,0,Na,30.536156,0.11512764,30.429508
JVASP-50307,1,Na,30.536156,0.11512769,30.429508
JVASP-50307,2,Dy,74.55022,1.9859843,76.52635
JVASP-50307,3,Dy,74.55022,1.9859866,76.52635
JVASP-50307,4,O,5.974188,0.053989448,5.974191
JVASP-50307,5,O,5.974188,0.053989407,5.9741917
JVASP-50307,6,O,5.974188,0.053989388,5.9925594
JVASP-50307,7,O,5.974188,0.053989474,5.9925594
JVASP-65706,0,Ba,5.8820415,28.313381,22.43703
JVASP-65706,1,Sr,5.366832,3.0664015,8.4277725
JVASP-65706,2,In,8.144766,0.63143724,8.195687
JVASP-65706,3,In,8.144766,0.6314372,8.247772
JVASP-17503,0,Dy,52.60851,5.206266,47.407814
JVASP-17503,1,Dy,52.60851,5.2062635,47.407818
JVASP-17503,2,Co,22.050306,4.273927,17.78062
JVASP-17503,3,Co,22.050306,4.273928,17.78062
JVASP-17503,4,Co,22.050306,4.2739277,17.78062
JVASP-17503,5,Co,22.050306,4.2739277,17.78062
JVASP-17503,6,Ge,78.62536,93.10702,15.08267
JVASP-17503,7,Ge,78.62536,93.107,15.082656
JVASP-17503,8,Ge,78.62536,93.10702,15.082663
JVASP-17503,9,Ge,78.62536,93.10702,15.08267
JVASP-21716,0,As,155.12843,22.506542,170.49222
JVASP-21716,1,As,155.12843,22.506786,170.4924
JVASP-21716,2,As,97.766624,47.137928,88.42519
JVASP-21716,3,As,97.766624,47.137768,88.42518
JVASP-21716,4,As,88.95572,45.127087,78.46176
JVASP-21716,5,As,88.95572,45.127167,78.46176
JVASP-21716,6,W,124.825264,0.39838633,124.60842
JVASP-21716,7,W,124.825264,0.39838794,124.60842
JVASP-21716,8,W,209.54405,1.5225923,210.69666
JVASP-21716,9,W,209.54405,1.5226029,210.69666
JVASP-33877,0,As,110.59406,2.6995654,107.94894
JVASP-33877,1,As,110.59406,2.6995652,107.92823
JVASP-33877,2,As,110.594574,2.699554,107.993065
JVASP-33877,3,As,110.593925,2.6995661,107.9488
JVASP-33877,4,As,110.593925,2.699566,107.92809
JVASP-33877,5,As,110.594574,2.6995535,107.993065
JVASP-33877,6,W,484.20328,0.21335284,484.36108
JVASP-33877,7,W,484.20328,0.2133531,484.36108
JVASP-16118,0,Y,4.3368216,0.024934454,4.3303757
JVASP-16118,1,Y,4.3368216,0.024934439,4.3303757
JVASP-16118,2,Si,2.1335056,0.05824189,2.0858402
JVASP-16118,3,Si,2.1335056,0.05824195,2.0858402
JVASP-16118,4,Au,500.25928,263.59955,236.79057
JVASP-16118,5,Au,500.25928,263.59955,236.79057
JVASP-85214,0,Y,7.466045,0.1580074,7.6228833
JVASP-85214,1,Y,7.466045,0.1580073,7.6228833
JVASP-85214,2,Si,4.338046,0.46839753,3.8778114
JVASP-85214,3,Si,4.338046,0.46839738,3.8778117
JVASP-85214,4,Si,4.338046,0.46839753,3.8778114
JVASP-85214,5,Si,4.338046,0.4683975,3.8778117
JVASP-85214,6,Au,122.1977,74.894714,47.357162
JVASP-85214,7,Au,122.1977,74.89472,47.357155
JVASP-85214,8,Au,122.1977,74.894714,47.357166
JVASP-85214,9,Au,122.1977,74.894714,47.357162
JVASP-8531,0,Dy,53.23705,0.13687764,53.289528
JVASP-8531,1,Dy,53.234997,0.13687703,53.300266
JVASP-8531,2,Dy,53.234997,0.13687703,53.302937
JVASP-8531,3,In,37.394424,0.057399467,37.385788
JVASP-8531,4,In,37.394424,0.057399444,37.384884
JVASP-8531,5,In,37.394535,0.05739993,37.35247
JVASP-8531,6,Pt,409.95026,395.71924,15.350574
JVASP-8531,7,Pt,409.95026,395.71924,15.350574
JVASP-8531,8,Pt,129.2114,43.81677,85.39814
JVASP-17411,0,S,50.599457,0.07881529,50.65705
JVASP-17411,1,S,50.599457,0.0788153,50.65705
JVASP-17411,2,Yb,66.59266,0.02016205,66.595474
JVASP-17411,3,Tl,33.85749,0.02718289,33.88189
JVASP-19594,0,Ta,0.0,0.26722285,0.26722285
JVASP-19594,1,Rh,32.373272,0.40786144,32.68467
JVASP-19594,2,Rh,32.373272,0.40786153,31.991524
JVASP-19594,3,Rh,32.373272,0.4078614,32.4475
JVASP-85744,0,Np,99.81474,0.3944879,100.19537
JVASP-85744,1,Np,99.81474,0.3944878,100.19537
JVASP-85744,2,Np,99.81474,0.39448783,100.18131
JVASP-85744,3,Np,99.81474,0.3944878,100.18131
JVASP-85744,4,In,117.04723,0.37698984,116.671165
JVASP-85744,5,In,117.04723,0.3769899,116.671165
JVASP-85744,6,Rh,120.433685,77.49229,68.75606
JVASP-85744,7,Rh,120.433685,77.49227,69.31293
JVASP-85744,8,Rh,120.433685,77.492256,68.756065
JVASP-85744,9,Rh,120.433685,77.49227,69.31293
JVASP-7769,0,Er,177.0238,10.029873,167.03581
JVASP-7769,1,Er,177.0238,10.029872,167.03581
JVASP-7769,2,O,4.791202,0.24334371,5.0271
JVASP-7769,3,O,4.791202,0.24334371,5.0271
JVASP-7769,4,O,25.036234,0.57258725,24.475634
JVASP-37842,0,Bi,2.7458782,0.26109225,2.487802
JVASP-37842,1,Bi,2.7458782,0.26109236,2.487802
JVASP-37842,2,H,0.5878776,0.19019438,0.40966803
JVASP-37842,3,H,0.5878776,0.1901945,0.40966788
JVASP-37842,4,H,1.6264611,0.19463222,1.8120185
JVASP-37842,5,H,0.5878776,0.19019473,0.40966767
JVASP-37842,6,H,0.5878776,0.19019465,0.40966776
JVASP-37842,7,H,1.6264611,0.19463204,1.8120184
JVASP-15963,0,Tm,487.5309,0.03611949,487.55002
JVASP-15963,1,Tm,487.5309,0.036119495,487.52615
JVASP-15963,2,Tm,487.5309,0.036119502,487.51657
JVASP-15963,3,Ga,0.0,0.024472723,0.024472723
JVASP-15963,4,C,0.0,0.10083255,0.10083255
JVASP-1507,0,Na,1.9511658,0.16156444,2.0984125
JVASP-1507,1,S,0.060266078,0.13686189,0.09945668
JVASP-1507,2,S,0.060266078,0.13686185,0.099456646
JVASP-1507,3,Ho,25.333735,0.19760303,25.15577
JVASP-35380,0,Ti,23.52241,0.61382437,23.843702
JVASP-35380,1,Mo,41.3652,8.870535,37.44915
JVASP-35380,2,Mo,41.3652,8.870536,37.44915
JVASP-35380,3,S,29.479832,27.50997,53.857845
JVASP-35380,4,S,29.479832,27.50997,53.857845
JVASP-35380,5,S,36.14839,32.96559,59.310307
JVASP-35380,6,S,36.14839,32.965588,59.310307
JVASP-8780,0,Ag,19.000187,0.18099804,18.938162
JVASP-8780,1,Ag,19.000187,0.18099804,18.938162
JVASP-8780,2,Sb,100.74886,0.08288194,100.73254
JVASP-8780,3,Sb,100.74886,0.08288189,100.73254
JVASP-8780,4,Se,198.86617,0.6909193,198.88615
JVASP-8780,5,Se,198.60832,0.6889379,198.5614
JVASP-8780,6,Se,198.86617,0.6909193,198.88615
JVASP-8780,7,Se,198.60832,0.6889379,198.5614
JVASP-35938,0,Li,1.2698984,0.018548314,1.26468
JVASP-35938,1,Li,1.2698984,0.018548297,1.2646799
JVASP-35938,2,Be,10.593907,0.049335413,10.554927
JVASP-35938,3,Be,10.593907,0.049335442,10.554927
JVASP-35938,4,B,18.976582,0.024881737,18.962317
JVASP-35938,5,B,18.976582,0.02488175,18.962317
JVASP-2409,0,O,185.1124,0.043540742,185.14218
JVASP-2409,1,O,185.1124,0.043540716,185.14218
JVASP-2409,2,Rb,59.188908,0.051092107,59.145893
JVASP-2409,3,Rb,59.188908,0.051092084,59.145893
JVASP-2409,4,Hg,940.10803,0.021712128,940.0937
JVASP-56720,0,Sr,25.034243,0.10547952,25.074156
JVASP-56720,1,Sr,25.034243,0.10547954,25.074156
JVASP-56720,2,Bi,148.29807,100.746704,215.56964
JVASP-56720,3,Bi,148.29807,100.7467,215.56964
JVASP-56720,4,Bi,372.08142,106.36967,270.8954
JVASP-56720,5,Bi,372.08142,106.36966,270.8954
JVASP-56720,6,Pd,20.625599,28.379387,48.40743
JVASP-56720,7,Pd,20.625599,28.379387,48.40743
JVASP-56720,8,Pd,43.28724,0.9226212,42.52528
JVASP-56720,9,Pd,43.28724,0.92262137,42.52528
JVASP-76777,0,Li,2.1868129,0.062782064,2.2440321
JVASP-76777,1,Li,2.1868129,0.062782064,2.2440321
JVASP-76777,2,Li,2.1868129,0.062782094,2.2440321
JVASP-76777,3,Li,2.1868129,0.06278202,2.2440321
JVASP-76777,4,Hg,144.46396,6.1828837,140.77036
JVASP-76777,5,Hg,144.46396,6.182882,140.77036
JVASP-76777,6,As,363.1992,1.5523235,361.69537
JVASP-76777,7,As,363.1992,1.5523232,361.69537
JVASP-80934,0,Li,2.1661675,0.06278203,2.1811414
JVASP-80934,1,Li,2.1661675,0.062782034,2.1811414
JVASP-80934,2,Hg,164.74359,6.1828947,163.82875
JVASP-80934,3,As,348.22952,1.5523258,348.3469
JVASP-17592,0,Ge,118.814545,0.16269247,118.97534
JVASP-17592,1,Ge,118.814545,0.16269253,118.97534
JVASP-17592,2,Ge,47.31067,0.06364211,47.251034
JVASP-17592,3,Pt,96.54853,0.24026868,96.633865
JVASP-17592,4,Pt,96.5492,0.24027082,96.737625
JVASP-17592,5,Pt,96.54853,0.24026872,96.6467
JVASP-17592,6,Pt,69.00904,0.11658069,69.04357
JVASP-17592,7,Pt,69.00782,0.11658076,69.05893
JVASP-17592,8,Pt,69.00904,0.11658081,69.06612
JVASP-19748,0,Ge,112.57017,0.071080014,112.57201
JVASP-19748,1,Ge,112.57017,0.07108014,112.57201
JVASP-19748,2,Ge,112.57017,0.07108008,112.583984
JVASP-19748,3,Ge,112.57017,0.07108013,112.583984
JVASP-19748,4,Pt,262.37698,0.075281695,262.33667
JVASP-19748,5,Pt,262.37698,0.07528172,262.33508
JVASP-59669,0,Ge,40.468575,0.057594668,40.44375
JVASP-59669,1,Ge,40.468575,0.057594664,40.443962
JVASP-59669,2,Ge,64.579025,0.013157236,64.57815
JVASP-59669,3,Ge,64.579025,0.013157253,64.57815
JVASP-59669,4,Pt,296.2923,0.121808335,296.23703
JVASP-59669,5,Pt,296.2923,0.12180836,296.23703
JVASP-59669,6,Pt,196.18399,0.3482343,195.88625
JVASP-59669,7,Pt,196.18399,0.34823424,195.88625
JVASP-59669,8,Pt,196.18399,0.34823424,195.88474
JVASP-59669,9,Pt,196.18399,0.34823424,195.88474
JVASP-7825,0,Ge,51.804665,0.14544396,51.926926
JVASP-7825,1,Ge,51.804665,0.145444,51.926926
JVASP-7825,2,Pt,139.62236,0.20058043,139.54288
JVASP-7825,3,Pt,139.62236,0.20058046,139.54288
JVASP-7825,4,Pt,147.98802,0.22588198,148.07394
JVASP-7825,5,Pt,147.98802,0.22588193,148.07394
JVASP-7825,6,Pt,138.34444,0.16880958,138.31194
JVASP-7825,7,Pt,138.34444,0.1688096,138.31194
JVASP-19774,0,Nb,32.966457,0.0142555,32.97693
JVASP-19774,1,Au,146.7416,2.7505238,149.44135
JVASP-19774,2,Au,146.7416,2.7505224,149.44133
JVASP-15046,0,Nb,69.72064,0.015804604,69.73499
JVASP-15046,1,Nb,69.72064,0.0158046,69.73499
JVASP-15046,2,Nb,69.72064,0.015804594,69.71897
JVASP-15046,3,Nb,69.72064,0.015804602,69.71897
JVASP-15046,4,Nb,69.72064,0.015804606,69.70796
JVASP-15046,5,Nb,69.72064,0.015804606,69.70796
JVASP-15046,6,Au,0.0,1.3192585,1.3192585
JVASP-15046,7,Au,0.0,1.3192601,1.3192601
JVASP-20400,0,Nb,59.276463,0.06835356,59.211338
JVASP-20400,1,Nb,19.03856,0.079426035,18.965036
JVASP-20400,2,Nb,19.03856,0.07942608,18.965036
JVASP-20400,3,Au,107.89212,0.08073113,107.96388
JVASP-20400,4,Au,107.89212,0.08073115,107.96388
JVASP-16925,0,Al,0.005715476,0.17863041,0.18432054
JVASP-16925,1,Fe,0.03919184,0.17351583,0.2126191
JVASP-16925,2,O,74.33957,0.23433149,74.35256
JVASP-16925,3,O,74.33957,0.23433149,74.132774
JVASP-16925,4,O,74.3265,0.23438941,74.52081
JVASP-11238,0,Al,21.557959,0.12041013,21.439775
JVASP-11238,1,Al,21.557959,0.12041009,21.439775
JVASP-11238,2,Fe,46.761982,0.20870474,46.55458
JVASP-11238,3,Fe,46.761982,0.2087047,46.55458
JVASP-11238,4,O,34.165485,0.15195413,34.290184
JVASP-11238,5,O,34.165485,0.15195405,34.290184
JVASP-11238,6,O,34.165485,0.15195403,34.290184
JVASP-11238,7,O,34.165485,0.15195408,34.290184
JVASP-11238,8,O,113.864525,0.643242,113.258
JVASP-11238,9,O,113.864525,0.6432422,113.258
JVASP-37407,0,Te,0.0,0.16773432,0.16773432
JVASP-37407,1,Pd,0.0,0.022043781,0.022043781
JVASP-37407,2,O,184.91443,0.07547018,184.84482
JVASP-37407,3,O,184.91443,0.07547026,184.9283
JVASP-37407,4,O,184.91443,0.07547026,184.97015
JVASP-41940,0,Ru,30.91601,0.16207342,30.762924
JVASP-41940,1,Ru,30.914804,0.16207321,30.756258
JVASP-41940,2,Ru,30.91601,0.1620735,30.760235
JVASP-41940,3,Ru,30.91601,0.16207357,30.762922
JVASP-41940,4,Ru,30.914804,0.16207321,30.756258
JVASP-41940,5,Ru,30.91601,0.16207345,30.760235
JVASP-41940,6,W,87.56314,0.052052025,87.52658
JVASP-41940,7,W,87.56314,0.052052032,87.52658
JVASP-38094,0,Y,4.499359,0.067074224,4.5280595
JVASP-38094,1,Tc,18.276516,10.31127,13.726474
JVASP-38094,2,N,49.58539,0.042994104,49.600025
JVASP-38094,3,N,49.586235,0.042993944,49.591877
JVASP-38094,4,N,17.128052,0.010855183,17.128168
JVASP-85615,0,Pu,262.09732,1.089202,262.5913
JVASP-85615,1,Pu,262.09732,1.0892025,262.69516
JVASP-85615,2,Pu,262.09732,1.0892031,262.5913
JVASP-85615,3,Pu,262.09732,1.0892032,262.69516
JVASP-85615,4,Ni,85.33141,10.706593,88.62972
JVASP-85615,5,Ni,85.33141,10.706591,89.56939
JVASP-85615,6,Ni,85.33141,10.706591,89.56939
JVASP-85615,7,Ni,85.33141,10.706591,88.62973
JVASP-85615,8,Sn,218.2332,0.09199093,218.25362
JVASP-85615,9,Sn,218.2332,0.091990955,218.25362
JVASP-15689,0,B,22.639994,0.4496241,22.962364
JVASP-15689,1,B,22.639994,0.44962403,22.962364
JVASP-15689,2,C,34.998936,0.026352061,35.0122
JVASP-15689,3,Ni,27.310759,20.467005,17.149939
JVASP-15689,4,Ni,27.310759,20.467007,17.149939
JVASP-15689,5,Tm,159.43561,0.017159155,159.42494
JVASP-81313,0,Na,22.643553,0.035804987,22.662039
JVASP-81313,1,Na,22.643553,0.035804953,22.662039
JVASP-81313,2,Zn,109.51779,0.029992571,109.499054
JVASP-81313,3,Zn,109.51779,0.029992573,109.499054
JVASP-81313,4,Pd,10.918316,0.083977394,10.937476
JVASP-81313,5,Pd,10.918316,0.08397736,10.937476
JVASP-81313,6,Pd,10.918316,0.083977446,10.937476
JVASP-81313,7,Pd,10.918316,0.08397752,10.937476
JVASP-17388,0,Sc,31.609108,0.6218279,31.123043
JVASP-17388,1,Sc,31.609833,0.6218279,31.281313
JVASP-17388,2,Ge,11.985645,0.0872607,11.919599
JVASP-17388,3,Ge,11.985645,0.08726073,11.919599
JVASP-17388,4,Ce,12.585932,0.12555437,12.682363
JVASP-17388,5,Ce,12.585932,0.12555441,12.682363
JVASP-69250,0,Ba,113.84619,32.32459,81.544464
JVASP-69250,1,Tc,15.554611,55.667694,71.21308
JVASP-69250,2,Br,114.69618,0.9106687,115.60262
JVASP-69250,3,Br,271.81454,0.087976284,271.8645
JVASP-16831,0,Zr,104.98076,0.123987675,104.85743
JVASP-16831,1,Zr,104.98081,0.12399196,104.85781
JVASP-16831,2,Zr,104.98076,0.123987615,104.85742
JVASP-16831,3,Zr,40.025753,0.056632277,40.076633
JVASP-16831,4,Zr,40.026363,0.0566346,40.081898
JVASP-16831,5,Zr,40.025753,0.056632318,40.077724
JVASP-16831,6,Al,35.847466,0.18776333,35.99509
JVASP-16831,7,Al,35.847466,0.18776312,35.99509
JVASP-16831,8,Co,77.102585,0.14629732,76.96636
JVASP-16388,0,Y,14.029044,0.20937735,14.220122
JVASP-16388,1,Y,14.029044,0.20937732,14.220122
JVASP-16388,2,Cu,9.686915,6.8495255,2.9302099
JVASP-16388,3,Cu,9.686915,6.849522,2.9302127
JVASP-16388,4,As,329.56335,3.5956175,325.98312
JVASP-16388,5,As,329.56335,3.5956159,325.98312
JVASP-16388,6,As,43.1249,0.5071401,42.683323
JVASP-16388,7,As,43.1249,0.5071409,42.683323
JVASP-2991,0,Ca,0.6858586,0.05840756,0.7430961
JVASP-2991,1,Mg,3.5513518,0.031192563,3.5317132
JVASP-2991,2,Mg,3.5513518,0.031192567,3.5317132
JVASP-2991,3,As,11.484025,0.11954573,11.602277
JVASP-2991,4,As,11.484025,0.11954578,11.602277
JVASP-67895,0,Be,2.4388824,0.17612813,2.6140046
JVASP-67895,1,Ni,2.974499,0.05862483,3.028869
JVASP-67895,2,Tc,3.764049,0.26478302,4.02841
JVASP-67895,3,Tc,17.543245,0.27235767,17.271347
JVASP-69359,0,Ba,29.127972,0.04488283,29.162899
JVASP-69359,1,Na,1.3867451,0.17567097,1.212652
JVASP-69359,2,Na,1.3867451,0.17567094,1.212652
JVASP-69359,3,Ca,2.983147,0.02921116,2.957168
JVASP-11670,0,O,59.3781,0.07290121,59.389004
JVASP-11670,1,O,59.378677,0.07290135,59.38958
JVASP-11670,2,O,65.238335,0.2141512,65.105606
JVASP-11670,3,O,65.2411,0.21415289,65.32123
JVASP-11670,4,O,65.23849,0.21415055,65.10576
JVASP-11670,5,O,65.2411,0.21414946,65.32122
JVASP-11670,6,Co,18.759665,0.22271094,18.698029
JVASP-11670,7,Sr,37.85935,0.12131346,37.88724
JVASP-11670,8,Sr,37.859344,0.1213134,37.887238
JVASP-11670,9,Mo,13.234584,0.32697093,13.162796
JVASP-36599,0,Ti,0.0,0.06572584,0.06572584
JVASP-36599,1,Hg,0.0,0.049262814,0.049262814
JVASP-36599,2,O,20.076017,0.121588856,20.194593
JVASP-36599,3,O,20.076017,0.12158882,20.033764
JVASP-36599,4,O,20.076017,0.121588826,20.000265
JVASP-10146,0,O,54.405125,0.08255603,54.431274
JVASP-10146,1,O,54.40378,0.08255621,54.41496
JVASP-10146,2,O,54.4046,0.082556136,54.46093
JVASP-10146,3,O,54.405125,0.08255603,54.431274
JVASP-10146,4,O,54.4046,0.0825562,54.46093
JVASP-10146,5,O,54.40378,0.0825562,54.41496
JVASP-10146,6,Ti,4.529402,0.05432671,4.5538406
JVASP-10146,7,Ti,4.529402,0.054326687,4.5538406
JVASP-10146,8,Hg,369.06937,0.07870965,369.0234
JVASP-10146,9,Hg,369.06937,0.078709655,369.0234
JVASP-16611,0,Pu,0.0,0.016192213,0.016192213
JVASP-16611,1,Ru,0.0,0.015263372,0.015263372
JVASP-29361,0,Sn,122.743385,0.74023306,123.020226
JVASP-29361,1,Sn,122.743385,0.7402328,123.020226
JVASP-29361,2,Sn,122.743385,0.74023294,123.07567
JVASP-29361,3,Sn,122.743385,0.74023306,123.07567
JVASP-29361,4,S,19.963413,23.08601,18.528652
JVASP-29361,5,S,19.963413,23.086008,18.528652
JVASP-29361,6,S,19.963413,23.086012,19.394863
JVASP-29361,7,S,19.963413,23.086012,19.394863
JVASP-29361,8,O,163.21037,0.8793978,163.86104
JVASP-29361,9,O,163.21037,0.879398,163.86104
JVASP-29361,10,O,163.21037,0.8793977,163.87422
JVASP-29361,11,O,163.21037,0.8793981,163.87422
JVASP-29361,12,O,169.0393,0.5023673,169.3305
JVASP-29361,13,O,169.0393,0.50236726,169.3305
JVASP-29361,14,O,169.0393,0.5023673,169.27174
JVASP-29361,15,O,169.0393,0.50236684,169.27174
JVASP-29361,16,O,164.84467,0.3744518,164.59557
JVASP-29361,17,O,164.84467,0.37445182,164.65237
JVASP-29361,18,O,164.84467,0.37445164,164.66148
JVASP-29361,19,O,164.84467,0.37445152,164.58723
JVASP-29361,20,O,164.84467,0.3744518,164.59557
JVASP-29361,21,O,164.84467,0.37445182,164.65237
JVASP-29361,22,O,164.84467,0.37445182,164.66148
JVASP-29361,23,O,164.84467,0.37445185,164.58723
JVASP-32834,0,In,55.387463,0.029853644,55.409637
JVASP-32834,1,In,55.387463,0.029853722,55.409637
JVASP-32834,2,Cl,6.7275023,0.052634396,6.691943
JVASP-32834,3,Cl,6.7275023,0.052634347,6.6919427
JVASP-82128,0,In,55.624992,0.029897578,55.618523
JVASP-82128,1,In,55.624992,0.029897582,55.61854
JVASP-82128,2,In,55.624992,0.029897578,55.618523
JVASP-82128,3,In,55.624992,0.029897539,55.61854
JVASP-82128,4,Cl,6.811255,0.05252766,6.7842503
JVASP-82128,5,Cl,6.811255,0.052527666,6.7843328
JVASP-82128,6,Cl,6.811255,0.05252767,6.7842503
JVASP-82128,7,Cl,6.811255,0.052527674,6.7843328
JVASP-85121,0,In,55.624992,0.029897574,55.618523
JVASP-85121,1,In,55.624992,0.029897548,55.61854
JVASP-85121,2,In,55.624992,0.029897502,55.618523
JVASP-85121,3,In,55.624992,0.029897546,55.61854
JVASP-85121,4,Cl,6.811255,0.05252764,6.7842507
JVASP-85121,5,Cl,6.811255,0.052527633,6.784333
JVASP-85121,6,Cl,6.811255,0.052527692,6.7842503
JVASP-85121,7,Cl,6.811255,0.052527692,6.7843328
JVASP-33805,0,In,81.72273,0.06059572,81.780426
JVASP-33805,1,In,81.72232,0.060595702,81.780014
JVASP-33805,2,Cl,165.81563,0.032979023,165.83865
JVASP-33805,3,Cl,165.81534,0.03298041,165.83315
JVASP-33805,4,Cl,165.81534,0.032980468,165.82942
JVASP-33805,5,Cl,165.81537,0.03297901,165.8384
JVASP-33805,6,Cl,165.81625,0.032980427,165.83406
JVASP-33805,7,Cl,165.81625,0.032980442,165.83034
JVASP-32778,0,Bi,305.29788,3.4280438,305.22217
JVASP-32778,1,Bi,305.29788,3.428046,304.8507
JVASP-32778,2,Bi,305.29788,3.428044,304.8507
JVASP-32778,3,Bi,305.29788,3.4280453,305.22217
JVASP-32778,4,Se,104.46013,19.516825,103.07139
JVASP-32778,5,Se,104.46013,19.516825,102.73995
JVASP-32778,6,Se,104.46013,19.516829,103.07139
JVASP-32778,7,Se,104.46013,19.516823,102.73995
JVASP-32778,8,Br,212.45581,0.1538841,212.42456
JVASP-32778,9,Br,212.45581,0.15388419,212.43796
JVASP-32778,10,Br,212.45581,0.15388416,212.42456
JVASP-32778,11,Br,212.45581,0.15388405,212.43796
JVASP-12183,0,V,7.8053074,0.10315923,7.9082904
JVASP-12183,1,Br,57.683037,2.4910507,60.164776
JVASP-12183,2,Br,57.683037,2.4910522,60.164776
JVASP-11549,0,V,193.39374,0.08987825,193.44678
JVASP-11549,1,V,193.39374,0.08987825,193.44678
JVASP-11549,2,Zn,113.02369,0.056976445,113.06667
JVASP-11549,3,Zn,113.02369,0.056976497,113.06667
JVASP-11549,4,Zn,77.948235,0.03429636,77.94608
JVASP-11549,5,Zn,77.948235,0.034296375,77.94608
JVASP-11549,6,N,73.441956,0.05999172,73.46638
JVASP-11549,7,N,73.441956,0.05999176,73.46638
JVASP-11549,8,N,64.12831,0.069368415,64.141304
JVASP-11549,9,N,64.12831,0.06936838,64.141304
JVASP-8312,0,V,273.9887,0.13216585,273.95108
JVASP-8312,1,V,273.9887,0.13216583,273.96277
JVASP-8312,2,Zn,22.736162,0.22218707,22.955448
JVASP-8312,3,N,113.7828,0.0629819,113.73771
JVASP-8312,4,N,113.7828,0.062981874,113.75892
JVASP-36287,0,Lu,0.0,2.6872404,2.6872404
JVASP-36287,1,Sb,0.0,0.09767729,0.09767729
JVASP-28351,0,Lu,127.31535,4.2329693,125.62625
JVASP-28351,1,Sb,428.17267,16.461279,412.64258
JVASP-28351,2,Sb,428.17233,16.461302,412.33356
JVASP-39288,0,Lu,29.695572,0.9708151,28.725384
JVASP-39288,1,Lu,29.695572,0.9708151,28.725384
JVASP-39288,2,Sb,214.89409,127.98607,222.58618
JVASP-39288,3,Sb,214.89337,127.98613,222.5511
JVASP-39288,4,Sb,214.89337,127.98612,222.70256
JVASP-39288,5,Sb,214.89409,127.98607,222.58618
JVASP-39288,6,Sb,214.89363,127.986145,222.55159
JVASP-39288,7,Sb,214.89363,127.986145,222.70305
JVASP-8079,0,Lu,0.0,0.037658237,0.037658237
JVASP-8079,1,Lu,0.0,0.03765835,0.03765835
JVASP-8079,2,Lu,0.0,0.037658338,0.037658338
JVASP-8079,3,Lu,0.0,0.037658244,0.037658244
JVASP-8079,4,Sb,0.0,0.069569655,0.069569655
JVASP-8079,5,Sb,0.0,0.069569685,0.069569685
JVASP-8079,6,Sb,0.0,0.069569714,0.069569714
JVASP-8079,7,Sb,0.0,0.06956961,0.06956961
JVASP-21450,0,Sm,15.601616,0.038353533,15.635871
JVASP-21450,1,Sm,15.601616,0.038353495,15.635871
JVASP-21450,2,B,25.849735,0.26685095,25.589857
JVASP-21450,3,B,25.849735,0.26685092,25.593351
JVASP-21450,4,B,25.849735,0.266851,25.593351
JVASP-21450,5,B,25.849735,0.26685092,25.589857
JVASP-21450,6,C,33.153015,17.411985,16.513203
JVASP-21450,7,C,33.153015,17.411982,16.43645
JVASP-21450,8,C,33.153015,17.411983,16.513205
JVASP-21450,9,C,33.153015,17.411983,16.436447
JVASP-15012,0,Sc,0.0,0.01641548,0.01641548
JVASP-15012,1,Pd,59.276836,0.043443922,59.30782
JVASP-15012,2,Pd,59.27684,0.043443933,59.262234
JVASP-15012,3,Pd,59.27684,0.043443896,59.260494
JVASP-15058,0,Sc,0.0,0.072506495,0.072506495
JVASP-15058,1,Pd,0.0,0.008429336,0.008429336
JVASP-19715,0,Se,0.0014142137,0.6852076,0.6840321
JVASP-19715,1,Sm,0.0070710676,0.15423588,0.14919399
JVASP-13981,0,Sm,91.13327,0.028719783,91.15288
JVASP-13981,1,Sm,91.13327,0.028719753,91.15288
JVASP-13981,2,Se,3.5505354,0.050526697,3.500684
JVASP-13981,3,Se,3.549719,0.05052663,3.4998677
JVASP-35074,0,Sm,34.03811,0.52828497,33.521904
JVASP-35074,1,Sm,34.03811,0.52828467,33.521904
JVASP-35074,2,Se,252.29173,46.50125,205.8028
JVASP-35074,3,Se,252.29173,46.50125,205.8028
JVASP-35074,4,Se,86.65968,41.28123,45.40466
JVASP-35074,5,Se,86.65968,41.281223,45.404663
JVASP-16285,0,Sm,91.13327,0.02871976,91.15288
JVASP-16285,1,Sm,91.13327,0.02871978,91.15288
JVASP-16285,2,Se,3.549719,0.050526597,3.4998677
JVASP-16285,3,Se,3.5505354,0.050526626,3.500684
JVASP-69144,0,Ba,85.699486,29.992258,115.661644
JVASP-69144,1,Cr,21.1344,0.057801854,21.104622
JVASP-69144,2,Cr,21.1344,0.057801835,21.146324
JVASP-69144,3,Cd,46.71912,0.06320459,46.768524
JVASP-22386,0,Li,0.18678865,0.043474052,0.17624329
JVASP-22386,1,F,256.28925,0.039022975,256.29373
JVASP-22386,2,F,256.28882,0.03902292,256.29977
JVASP-22386,3,F,256.2887,0.03902289,256.2736
JVASP-22386,4,F,256.28882,0.03902284,256.29977
JVASP-22386,5,F,256.2887,0.039022878,256.2736
JVASP-22386,6,F,256.28925,0.039022982,256.29373
JVASP-22386,7,As,3.5871186,0.1511417,3.6738975
JVASP-68938,0,Ba,210.83086,0.047519244,210.78793
JVASP-68938,1,Be,1.2271943,0.3378907,0.89350677
JVASP-68938,2,Co,20.146355,0.3296855,19.858376
JVASP-68938,3,Co,20.146355,0.32968566,19.83634
JVASP-36446,0,Be,0.4616001,1.013984,0.5551515
JVASP-36446,1,Be,0.4616001,1.013984,0.5551515
JVASP-36446,2,Ge,4.19516,0.40145892,3.8263724
JVASP-36446,3,Ge,4.19516,0.40145966,3.8263717
JVASP-36446,4,P,118.24449,1.1253724,118.112495
JVASP-36446,5,P,118.24449,1.1253725,118.16619
JVASP-36446,6,P,118.24449,1.1253725,118.116455
JVASP-36446,7,P,118.24449,1.1253726,118.20864
JVASP-14836,0,Y,0.00509902,1.5116574,1.5138338
JVASP-1049,0,Y,39.20653,4.8907814,34.33046
JVASP-1049,1,Y,39.20653,4.8907804,34.33046
JVASP-1050,0,Y,43.02284,2.3423748,40.682964
JVASP-1050,1,Y,43.02284,2.3423765,40.68296
JVASP-14598,0,Y,39.948727,2.3423734,37.608864
JVASP-14598,1,Y,39.948727,2.3423736,37.608864
JVASP-78421,0,Y,44.536213,2.3537922,42.184895
JVASP-78421,1,Y,44.536213,2.3537934,42.184895
JVASP-84874,0,Y,40.188778,1.4073688,38.788906
JVASP-84874,1,Y,40.188778,1.4073691,38.788906
JVASP-84973,0,Y,38.930965,4.226081,34.713562
JVASP-84973,1,Y,38.930965,4.226081,34.713562
JVASP-1051,0,Y,43.692772,0.83345443,42.87182
JVASP-1051,1,Y,43.692772,0.83345413,42.87182
JVASP-25418,0,Y,0.0,1.5117022,1.5117022
JVASP-25418,1,Y,0.0,1.5117022,1.5117022
JVASP-25418,2,Y,0.0,1.5117022,1.5117022
JVASP-25418,3,Y,0.0,1.5117022,1.5117022
JVASP-14089,0,Ga,11.182737,0.058511164,11.136993
JVASP-14089,1,Co,14.701137,0.15689375,14.57737
JVASP-14089,2,Co,14.701137,0.15689375,14.546096
JVASP-14089,3,Ni,37.21183,0.06011533,37.266922
JVASP-17749,0,Ga,11.182737,0.058511224,11.136993
JVASP-17749,1,Co,14.701137,0.15689366,14.57737
JVASP-17749,2,Co,14.701137,0.15689386,14.546096
JVASP-17749,3,Ni,37.21183,0.060115233,37.266922
JVASP-79468,0,Ga,20.689205,0.072956264,20.72278
JVASP-79468,1,Ga,20.689205,0.07295634,20.722782
JVASP-79468,2,Co,8.792851,0.12581752,8.9112215
JVASP-79468,3,Co,8.792851,0.12581748,8.9112215
JVASP-79468,4,Co,8.792851,0.12581748,8.9112215
JVASP-79468,5,Co,8.792851,0.12581755,8.9112215
JVASP-79468,6,Ni,24.38712,0.038939584,24.401155
JVASP-79468,7,Ni,24.38712,0.038939655,24.401155
JVASP-18199,0,Th,152.42596,0.15684745,152.57312
JVASP-18199,1,Th,152.42732,0.15684769,152.58359
JVASP-18199,2,Th,152.42596,0.15684748,152.5739
JVASP-18199,3,Co,81.96237,89.88939,8.094297
JVASP-18199,4,Co,40.420254,2.2919092,42.707687
JVASP-18199,5,Co,81.96237,89.88938,8.094295
JVASP-18199,6,Sn,100.96229,0.09203369,100.97404
JVASP-18199,7,Sn,100.966064,0.092033975,101.038124
JVASP-18199,8,Sn,100.966064,0.09203396,101.0305
JVASP-65646,0,Ba,92.70339,74.164444,18.635406
JVASP-65646,1,Tl,99.21087,0.03634936,99.22086
JVASP-65646,2,Sn,118.789635,0.17077522,118.637146
JVASP-65646,3,Sn,118.789635,0.17077515,118.637146
JVASP-7638,0,K,52.436226,0.056398414,52.38036
JVASP-7638,1,Ag,474.0204,0.17344405,473.84827
JVASP-7638,2,C,69.78025,0.012986105,69.77898
JVASP-7638,3,C,69.78025,0.012986105,69.77898
JVASP-1804,0,S,2.5957859,0.14886019,2.4652135
JVASP-1804,1,S,2.5957859,0.14886019,2.4652135
JVASP-1804,2,K,15.2218485,0.026960945,15.2008705
JVASP-1804,3,Pr,50.157154,0.075250976,50.08773
JVASP-79211,0,K,15.210106,0.027291698,15.185921
JVASP-79211,1,Pr,50.25618,0.075249605,50.18222
JVASP-79211,2,S,2.571964,0.14885919,2.4267416
JVASP-79211,3,S,2.571964,0.1488592,2.4267416
JVASP-14305,0,Np,108.421974,0.12790646,108.49847
JVASP-14305,1,Np,108.421974,0.12790656,108.47137
JVASP-14305,2,Np,108.421974,0.12790641,108.47137
JVASP-14305,3,Np,108.421974,0.12790646,108.49847
JVASP-14305,4,In,62.569767,0.07606615,62.521614
JVASP-14305,5,In,62.569767,0.07606621,62.521614
JVASP-14305,6,Ni,51.516304,18.239801,35.19563
JVASP-14305,7,Ni,51.516304,18.239801,34.809353
JVASP-14305,8,Ni,51.516304,18.239807,34.80935
JVASP-14305,9,Ni,51.516304,18.239803,35.19563
JVASP-14854,0,Ce,0.0,0.056091983,0.056091983
JVASP-14854,1,Cd,0.0,0.1122373,0.1122373
JVASP-54597,0,Ce,187.99956,3.941643,191.92513
JVASP-54597,1,Cd,64.4375,69.23248,4.9302936
JVASP-54597,2,Cd,64.4375,69.2325,4.9303017
JVASP-78373,0,Ce,0.0,0.056092948,0.056092948
JVASP-78373,1,Cd,0.0,0.1122321,0.1122321
JVASP-16468,0,Ce,20.45324,0.05681261,20.48316
JVASP-16468,1,Cd,4.0677857,0.11070306,3.997707
JVASP-58244,0,O,188.59183,0.051706396,188.60643
JVASP-58244,1,O,188.59186,0.05170637,188.5671
JVASP-58244,2,O,188.59186,0.051706366,188.5671
JVASP-58244,3,O,188.59183,0.051706355,188.60643
JVASP-58244,4,O,172.498,0.049755774,172.50125
JVASP-58244,5,O,172.498,0.049755745,172.50125
JVASP-58244,6,Cu,110.913086,14.727618,106.89051
JVASP-58244,7,Te,115.99483,10.4708185,112.8209
JVASP-58244,8,Ba,5.009579,0.07302335,4.983459
JVASP-58244,9,Ba,5.009579,0.073023364,4.983459
JVASP-35353,0,U,503.9899,0.011160421,503.98712
JVASP-35353,1,Ni,16.607542,13.277878,3.5803938
JVASP-35353,2,Ni,16.607542,13.27788,3.5803926
JVASP-35353,3,B,15.871877,0.3573633,16.226974
JVASP-35353,4,B,15.871877,0.35736358,16.226974
JVASP-35353,5,C,21.200333,0.05049095,21.16013
JVASP-37526,0,Yb,0.0,3.0684772,3.0684772
JVASP-37526,1,Dy,44.712986,2.680047,43.328575
JVASP-37526,2,Dy,44.712986,2.6800463,43.54893
JVASP-37526,3,Dy,44.712986,2.6800468,47.385933
JVASP-35832,0,Ca,22.25688,0.080956884,22.210772
JVASP-35832,1,Ca,22.25688,0.080957025,22.210772
JVASP-35832,2,H,1.2443416,0.8129326,2.0551023
JVASP-35832,3,H,1.2443416,0.8129327,2.0551026
JVASP-35832,4,H,0.36048394,0.1880114,0.54613465
JVASP-35832,5,Br,60.656715,0.02024064,60.640667
JVASP-3735,0,Ca,17.40689,3.2853966,14.124114
JVASP-3735,1,Ca,17.40689,3.2853956,14.124114
JVASP-3735,2,H,0.03919184,0.23099282,0.2669145
JVASP-3735,3,H,0.03919184,0.23099269,0.26691434
JVASP-3735,4,Br,47.00816,0.1521898,47.159657
JVASP-3735,5,Br,47.00816,0.15218982,47.159657
JVASP-32189,0,H,32.95564,0.2503103,33.051292
JVASP-32189,1,H,32.955795,0.25031042,33.09838
JVASP-32189,2,H,32.95564,0.25031057,33.051292
JVASP-32189,3,H,32.955795,0.25031045,33.09838
JVASP-32189,4,H,32.955524,0.25031024,32.774586
JVASP-32189,5,H,32.955524,0.25031027,32.774586
JVASP-32189,6,H,32.956154,0.2503105,32.906376
JVASP-32189,7,H,32.956154,0.25031045,32.906376
JVASP-32189,8,N,0.41665813,0.1862379,0.33801794
JVASP-32189,9,N,0.41665813,0.18623799,0.33801794
JVASP-32189,10,O,39.777462,0.5550388,39.66617
JVASP-32189,11,O,39.776764,0.5550387,39.50039
JVASP-32189,12,O,39.777462,0.55503875,39.66617
JVASP-32189,13,O,39.77696,0.55503875,39.817398
JVASP-32189,14,O,39.776764,0.55503845,39.50039
JVASP-32189,15,O,39.777725,0.5550382,40.2161
JVASP-32189,16,O,39.77696,0.5550387,39.817398
JVASP-32189,17,O,39.777725,0.5550384,40.2161
JVASP-32189,18,Re,23.385096,0.16604924,23.447762
JVASP-32189,19,Re,23.385096,0.16604915,23.447762
JVASP-35418,0,Rb,10.418497,0.06708653,10.363719
JVASP-35418,1,Rb,10.418497,0.067086555,10.363719
JVASP-35418,2,Mg,4.3527436,0.20550534,4.548686
JVASP-35418,3,Cl,51.778946,10.115143,41.83871
JVASP-35418,4,Cl,51.778946,10.11514,41.838715
JVASP-35418,5,Cl,93.065506,0.08018933,93.058846
JVASP-35418,6,Cl,93.065506,0.08018932,92.99479
JVASP-21680,0,Ca,28.761908,0.15203989,28.911627
JVASP-21680,1,Ca,28.761908,0.15203987,28.911627
JVASP-21680,2,Ca,17.238491,0.03099261,17.251223
JVASP-21680,3,Ca,17.238491,0.030992618,17.247581
JVASP-21680,4,Ca,17.238491,0.030992622,17.247581
JVASP-21680,5,Ca,17.238491,0.030992605,17.251223
JVASP-21680,6,Hg,76.79691,0.64309543,76.334656
JVASP-21680,7,Hg,76.79691,0.6430954,76.346016
JVASP-21680,8,Hg,76.79691,0.64309543,76.346016
JVASP-21680,9,Hg,76.79691,0.64309555,76.334656
JVASP-40907,0,Ca,0.8887568,0.16445445,0.72608036
JVASP-40907,1,Ca,0.8887568,0.16445446,0.7260803
JVASP-40907,2,Hg,91.00717,0.40704206,91.112114
JVASP-40907,3,Hg,91.007355,0.4070429,91.358955
JVASP-40907,4,Hg,91.00717,0.40704203,91.019325
JVASP-40907,5,Hg,91.00717,0.40704206,91.112114
JVASP-40907,6,Hg,91.007355,0.40704265,91.358955
JVASP-40907,7,Hg,91.00717,0.40704212,91.019325
JVASP-54988,0,Ca,8.989628,0.18197867,9.092506
JVASP-54988,1,Ca,8.989628,0.18197867,9.070286
JVASP-54988,2,Ca,8.989628,0.18197872,8.808848
JVASP-54988,3,Hg,0.0,0.5662015,0.5662015
JVASP-16465,0,Ca,0.0,0.10762482,0.10762482
JVASP-16465,1,Hg,0.0,0.081644,0.081644
JVASP-16466,0,Ca,1.5370549,0.01216902,1.5428641
JVASP-16466,1,Hg,417.72742,245.57216,172.20982
JVASP-16466,2,Hg,417.72742,245.57219,172.20981
JVASP-67823,0,Be,1.0892082,0.3441209,1.4313807
JVASP-67823,1,Ge,28.419796,0.12366516,28.54273
JVASP-67823,2,In,82.72744,0.05843103,82.67154
JVASP-35657,0,In,8.552802,0.010416185,8.551183
JVASP-35657,1,In,8.552802,0.010416184,8.551183
JVASP-35657,2,Au,67.1548,0.010493261,67.15586
JVASP-35657,3,Au,67.1548,0.010493261,67.15586
JVASP-35657,4,Au,176.04973,0.010343297,176.04836
JVASP-56285,0,In,49.41564,0.03279536,49.42863
JVASP-56285,1,In,49.41564,0.03279539,49.42863
JVASP-56285,2,Au,52.23823,0.039965674,52.198994
JVASP-56285,3,Au,52.23823,0.039965674,52.198994
JVASP-56285,4,Au,39.92185,0.03993091,39.915096
JVASP-56285,5,Au,39.92185,0.039930947,39.915096
JVASP-56285,6,Au,39.92185,0.03993093,39.915394
JVASP-56285,7,Au,39.92185,0.039930925,39.915394
JVASP-69011,0,Ba,186.97528,93.23147,93.790215
JVASP-69011,1,Re,134.13258,80.16865,214.08649
JVASP-69011,2,Re,134.13258,80.16864,214.11484
JVASP-69011,3,Ge,83.49085,4.334227,87.81998
JVASP-18351,0,Tm,0.005887841,0.010917833,0.014266974
JVASP-18351,1,Bi,0.0014142137,0.03680218,0.03666308
JVASP-78993,0,Tm,40.801968,1.2036394,42.00175
JVASP-78993,1,Tm,40.801968,1.2036389,42.00175
JVASP-78993,2,Bi,105.39992,94.07998,11.478058
JVASP-78993,3,Bi,105.39992,94.079994,11.478041
JVASP-78993,4,Bi,793.3162,64.0877,857.3949
JVASP-78993,5,Bi,105.39992,94.079994,11.478038
JVASP-78993,6,Bi,105.39992,94.07998,11.478057
JVASP-78993,7,Bi,793.3162,64.08769,857.3949
JVASP-17897,0,Ca,3.9158986,0.14724898,3.8426063
JVASP-17897,1,Fe,62.228558,0.36869332,62.421688
JVASP-17897,2,F,187.8137,0.08726115,187.83658
JVASP-17897,3,F,187.81488,0.08726128,187.76688
JVASP-17897,4,F,187.81435,0.087261155,187.83502
JVASP-17897,5,F,187.81488,0.08726124,187.76688
JVASP-17897,6,F,187.8137,0.08726111,187.83658
JVASP-17897,7,F,187.81435,0.08726113,187.83502
JVASP-18373,0,H,0.0,0.33656612,0.33656612
JVASP-18373,1,Br,0.0,3.0361896,3.0361896
JVASP-51343,0,H,18.385231,0.19400994,18.315273
JVASP-51343,1,H,18.385231,0.19401,18.29658
JVASP-51343,2,H,18.385231,0.19400993,18.315273
JVASP-51343,3,H,18.385231,0.19400991,18.29658
JVASP-51343,4,Br,710.70374,24.929136,702.8683
JVASP-51343,5,Br,710.70374,24.929138,702.9222
JVASP-51343,6,Br,710.70374,24.929132,702.8683
JVASP-51343,7,Br,710.70374,24.929138,702.9222
JVASP-51393,0,H,11.741221,0.17183338,11.612047
JVASP-51393,1,H,11.741221,0.1718335,11.612047
JVASP-51393,2,Br,841.58185,11.19499,830.4006
JVASP-51393,3,Br,841.58185,11.194989,830.4006
JVASP-8757,0,H,18.33362,0.41540575,18.562204
JVASP-8757,1,H,18.33362,0.4154055,18.53597
JVASP-8757,2,H,18.33362,0.4154055,18.562233
JVASP-8757,3,H,18.33362,0.41540566,18.535913
JVASP-8757,4,Br,710.1343,3.9531777,712.5858
JVASP-8757,5,Br,710.1343,3.953177,712.47626
JVASP-8757,6,Br,710.1343,3.9531782,712.47675
JVASP-8757,7,Br,710.1343,3.95318,712.5859
JVASP-69047,0,Ba,155.65773,0.04251183,155.61818
JVASP-69047,1,Li,2.7891533,0.070242524,2.857837
JVASP-69047,2,Ni,20.961918,0.13189603,20.835657
JVASP-69047,3,Ni,20.961918,0.13189611,20.835657
JVASP-69064,0,Ba,91.383934,22.547731,68.86379
JVASP-69064,1,Re,88.384125,0.14152645,88.34352
JVASP-69064,2,Cl,37.675602,0.08532099,37.65212
JVASP-69064,3,Cl,20.943136,0.15403293,21.046888
JVASP-69281,0,Ba,91.40989,22.541483,68.89574
JVASP-69281,1,Re,88.3765,0.14167874,88.33575
JVASP-69281,2,Cl,37.67206,0.08526351,37.6487
JVASP-69281,3,Cl,20.967793,0.1539475,21.071669
JVASP-59590,0,Ba,48.84119,0.07652867,48.76502
JVASP-59590,1,Pr,19.892307,0.043924708,19.935682
JVASP-59590,2,Mn,6.6944556,0.014994281,6.695057
JVASP-59590,3,Mn,6.6944556,0.0149942795,6.695057
JVASP-59590,4,O,106.10128,0.031197295,106.10771
JVASP-59590,5,O,106.77657,0.04541914,106.74893
JVASP-59590,6,O,106.77657,0.04541914,106.820145
JVASP-59590,7,O,106.77657,0.04541915,106.74893
JVASP-59590,8,O,118.7733,0.03714175,118.75862
JVASP-59590,9,O,106.77657,0.045419168,106.820145
JVASP-1128,0,K,0.0,0.056642205,0.056642205
JVASP-1128,1,Ta,0.0,0.12941965,0.12941965
JVASP-1128,2,O,16.815746,0.13279857,16.860046
JVASP-1128,3,O,16.815746,0.13279848,16.68654
JVASP-1128,4,O,16.815746,0.13279852,16.901453
JVASP-81634,0,Si,151.40973,0.050487895,151.37898
JVASP-81634,1,Si,151.40973,0.050487872,151.37898
JVASP-81634,2,Si,151.40973,0.05048788,151.37898
JVASP-81634,3,Si,151.40973,0.050487872,151.37898
JVASP-81634,4,Tc,435.05646,0.1160407,435.122
JVASP-81634,5,Tc,435.05646,0.116040565,435.122
JVASP-81634,6,Ir,1128.7933,0.10458947,1128.7423
JVASP-81634,7,Ir,1128.7933,0.10458945,1128.7423
JVASP-38451,0,Pr,0.0,0.018350864,0.018350864
JVASP-38451,1,Nb,0.0,0.27209806,0.27209806
JVASP-38451,2,O,24.703104,0.09557616,24.793861
JVASP-38451,3,O,24.703104,0.09557615,24.678705
JVASP-38451,4,O,24.703104,0.09557614,24.637033
JVASP-50935,0,Al,19.704514,0.30696362,20.008097
JVASP-50935,1,Al,19.704514,0.3069636,20.008097
JVASP-50935,2,In,81.77009,44.263016,37.522907
JVASP-50935,3,In,81.77009,44.263023,37.522903
JVASP-50935,4,O,111.80451,0.44498914,111.38287
JVASP-50935,5,O,111.80451,0.4449889,111.38287
JVASP-50935,6,O,5.881225,0.4050682,6.266818
JVASP-50935,7,O,5.881225,0.4050684,6.266818
JVASP-50935,8,O,5.881225,0.40506825,6.266818
JVASP-50935,9,O,5.881225,0.40506825,6.266818
JVASP-51350,0,Li,0.8752485,0.0074207014,0.8697491
JVASP-51350,1,Li,0.8752485,0.0074207005,0.8697491
JVASP-51350,2,H,43.597393,0.013583945,43.610035
JVASP-51350,3,H,43.597393,0.013583949,43.610035
JVASP-51350,4,O,92.542274,0.015367468,92.53025
JVASP-51350,5,O,92.542274,0.015367493,92.53025
JVASP-51350,6,O,234.30554,0.018940764,234.28755
JVASP-51350,7,O,234.30554,0.01894072,234.28755
JVASP-54760,0,Li,0.37845212,0.018606676,0.39423546
JVASP-54760,1,Li,0.37845212,0.018606713,0.39425147
JVASP-54760,2,H,53.21027,0.0146499,53.201607
JVASP-54760,3,H,53.21772,0.014686879,53.209
JVASP-54760,4,O,164.52977,0.11239234,164.42192
JVASP-54760,5,O,164.53246,0.112378575,164.4246
JVASP-66730,0,Sr,118.49529,1.7125746,116.813194
JVASP-66730,1,Sc,20.911293,0.07133274,20.937866
JVASP-66730,2,Be,9.278271,1.2961417,7.9929996
JVASP-67623,0,Be,0.45887542,0.86802584,1.325718
JVASP-67623,1,Sc,36.703156,25.345072,11.433
JVASP-67623,2,Sr,87.775826,0.50254947,87.3368
JVASP-35540,0,Tm,82.243004,0.2532975,82.03284
JVASP-35540,1,Tm,82.243004,0.25329742,82.03284
JVASP-35540,2,Si,27.202684,2.6932294,24.854164
JVASP-35540,3,Si,27.202684,2.6932294,24.854164
JVASP-35540,4,Si,42.597042,4.6298313,40.601048
JVASP-35540,5,Si,42.597042,4.6298327,40.601048
JVASP-35540,6,Ni,5.3299603,4.3655114,7.5188766
JVASP-35540,7,Ni,5.3299603,4.3655105,7.518875
JVASP-15389,0,Tm,14.6920395,1.477928,13.254759
JVASP-15389,1,Tm,14.6920395,1.4779272,13.25476
JVASP-15389,2,Si,20.989677,32.9658,12.641532
JVASP-15389,3,Si,20.989677,32.9658,12.641532
JVASP-15389,4,Si,20.989677,32.965794,12.641526
JVASP-15389,5,Si,20.989677,32.9658,12.641532
JVASP-15389,6,Ni,2.0747178,4.8366036,2.8023844
JVASP-15389,7,Ni,2.0747178,4.836604,2.802385
JVASP-15389,8,Ni,2.0747178,4.836603,2.8023841
JVASP-15389,9,Ni,2.0747178,4.8366036,2.8023844
JVASP-17398,0,Fe,44.416595,0.1649179,44.470543
JVASP-17398,1,Fe,44.416595,0.16491795,44.524788
JVASP-17398,2,Fe,44.416595,0.16491777,44.254913
JVASP-17398,3,Pd,0.0,0.052811403,0.052811403
JVASP-17398,4,N,0.0,0.038496412,0.038496412
JVASP-49842,0,Tm,201.86449,132.54514,69.39653
JVASP-49842,1,Tl,63.367077,0.07397026,63.417534
JVASP-49842,2,O,13.991486,0.2325482,14.118397
JVASP-49842,3,O,13.991486,0.23254824,14.118397
JVASP-36709,0,Y,148.08803,31.452497,117.28954
JVASP-36709,1,Y,148.08803,31.452497,117.28954
JVASP-36709,2,W,303.11188,0.92329246,302.97586
JVASP-36709,3,W,303.11188,0.92329246,302.97586
JVASP-36709,4,N,17.119783,0.09015475,17.130318
JVASP-36709,5,N,33.732296,0.048266385,33.724224
JVASP-36709,6,N,17.119783,0.09015475,17.130318
JVASP-36709,7,N,33.732296,0.048266355,33.724224
JVASP-36709,8,N,22.858019,0.054284785,22.904047
JVASP-36709,9,N,22.858019,0.05428476,22.904047
JVASP-36681,0,Y,101.63488,20.408846,97.37069
JVASP-36681,1,Y,101.6353,20.408852,83.92971
JVASP-36681,2,W,68.763855,0.12224896,68.737335
JVASP-36681,3,W,68.76361,0.122248694,68.79124
JVASP-36681,4,N,37.202442,0.03504984,37.195843
JVASP-36681,5,N,25.248081,0.034781758,25.249832
JVASP-36681,6,N,25.248072,0.034781788,25.222263
JVASP-36681,7,N,34.15554,0.028800612,34.133198
JVASP-36681,8,N,37.20242,0.035049807,37.19472
JVASP-36681,9,N,34.15569,0.028800603,34.14011
JVASP-38043,0,Y,133.5174,3.9665701,134.48051
JVASP-38043,1,Y,133.5174,3.9665666,134.40112
JVASP-38043,2,W,280.58118,0.28568345,280.862
JVASP-38043,3,W,280.58118,0.28568336,280.86218
JVASP-38043,4,N,26.681839,0.086212195,26.726917
JVASP-38043,5,N,17.680914,0.07007835,17.663548
JVASP-38043,6,N,22.204205,0.017780995,22.206661
JVASP-38043,7,N,26.681839,0.08621222,26.708889
JVASP-38043,8,N,22.204205,0.017781,22.205189
JVASP-38043,9,N,17.680914,0.07007834,17.683016
JVASP-38113,0,Y,86.15131,0.10947194,86.0992
JVASP-38113,1,Y,86.15131,0.109471984,86.0992
JVASP-38113,2,W,238.50505,24.795467,226.64111
JVASP-38113,3,W,238.50543,24.795467,226.64151
JVASP-38113,4,N,25.22714,0.04969718,25.224478
JVASP-38113,5,N,25.227497,0.049697123,25.216354
JVASP-38113,6,N,25.227516,0.049697127,25.218739
JVASP-38113,7,N,25.228197,0.049697142,25.248543
JVASP-38113,8,N,25.227003,0.049697153,25.242268
JVASP-38113,9,N,25.227571,0.049697172,25.263466
JVASP-38141,0,Y,60.835712,7.541537,68.35488
JVASP-38141,1,Y,60.835712,7.5415382,68.35488
JVASP-38141,2,W,205.33525,0.33684668,205.2813
JVASP-38141,3,W,205.33525,0.3368468,205.2813
JVASP-38141,4,N,17.016958,0.060473204,17.04689
JVASP-38141,5,N,17.016958,0.06047319,16.997644
JVASP-38141,6,N,9.130706,0.09454524,9.047452
JVASP-38141,7,N,17.016958,0.060473226,17.04689
JVASP-38141,8,N,17.016958,0.06047322,16.997644
JVASP-38141,9,N,9.130706,0.09454519,9.047452
JVASP-15272,0,Mg,1.6362598,0.12916285,1.5127991
JVASP-15272,1,Al,9.326024,0.06080727,9.271214
JVASP-15272,2,Al,9.326024,0.060807228,9.271214
JVASP-15272,3,Si,14.233169,0.06736716,14.294751
JVASP-15272,4,Si,14.233169,0.06736719,14.294751
JVASP-36668,0,Ca,10.915335,0.075438954,10.988722
JVASP-36668,1,Be,1.066353,2.3044848,3.3680046
JVASP-36668,2,Be,1.066353,2.3044853,3.368005
JVASP-36668,3,P,3.2847657,0.8722758,4.1386924
JVASP-36668,4,P,3.2847657,0.8722765,4.138693
JVASP-15261,0,Ti,4.944704,0.11076264,4.8575916
JVASP-15261,1,Ti,4.944704,0.11076266,4.857591
JVASP-15261,2,Ti,4.944704,0.11076251,4.8575916
JVASP-15261,3,Ti,4.944704,0.11076267,4.857591
JVASP-15261,4,C,6.0828996,1.076838,5.0186553
JVASP-15261,5,C,6.0828996,1.0768379,5.0186553
JVASP-15261,6,S,23.658396,0.10542917,23.556616
JVASP-15261,7,S,23.658396,0.105429195,23.556616
JVASP-37960,0,Ag,3.321508,0.08512209,3.2368493
JVASP-37960,1,Ag,3.321508,0.08512216,3.236849
JVASP-37960,2,Ag,15.139479,0.08471576,15.223744
JVASP-37960,3,Ag,3.321508,0.08512207,3.2368493
JVASP-37960,4,Ag,3.321508,0.08512211,3.2368493
JVASP-37960,5,Ag,15.139479,0.084715694,15.223744
JVASP-37960,6,P,19.29708,0.10038957,19.197195
JVASP-37960,7,P,19.29708,0.10038957,19.197195
JVASP-24017,0,H,9.722817,0.010764538,9.719079
JVASP-24017,1,Li,0.15415792,0.011711926,0.15753524
JVASP-24017,2,F,124.95693,0.11202799,124.866844
JVASP-24017,3,F,124.95693,0.112027965,124.866844
JVASP-51363,0,Li,0.55691534,0.010947912,0.559539
JVASP-51363,1,H,10.337892,0.018610198,10.331228
JVASP-51363,2,F,125.59711,0.022044921,125.584496
JVASP-51363,3,F,125.59711,0.022044905,125.584496
JVASP-18087,0,Pu,319.2649,130.1641,189.18877
JVASP-18087,1,Pu,319.2649,130.16408,189.18877
JVASP-18087,2,O,2.5009294,0.5811924,1.952588
JVASP-18087,3,O,6.3931684,0.13198526,6.4345155
JVASP-18087,4,O,6.3931684,0.13198529,6.4345155
JVASP-19839,0,O,0.002160247,1.3049585,1.3057413
JVASP-19839,1,Pu,0.014719602,0.27230603,0.27261424
JVASP-40292,0,Pu,495.04202,30.465261,499.38632
JVASP-40292,1,Pu,495.044,30.465189,500.23627
JVASP-40292,2,Pu,495.03503,30.465137,499.59708
JVASP-40292,3,Pu,495.03503,30.464685,499.597
JVASP-40292,4,Pu,495.0445,30.464355,500.2366
JVASP-40292,5,Pu,495.04236,30.464054,499.38638
JVASP-40292,6,O,4.494814,1.6440116,6.110623
JVASP-40292,7,O,4.494814,1.6439965,6.110651
JVASP-40292,8,O,4.494814,1.6440461,6.110658
JVASP-40292,9,O,4.494814,1.6440268,6.110638
JVASP-57665,0,Be,0.0,0.08670793,0.08670793
JVASP-57665,1,Be,0.0,0.086707965,0.086707965
JVASP-57665,2,Be,0.0,0.08670793,0.08670793
JVASP-57665,3,Be,0.0,0.08670787,0.08670787
JVASP-57665,4,O,0.0,0.10881864,0.10881864
JVASP-57665,5,O,0.0,0.10881865,0.10881865
JVASP-57665,6,O,0.0,0.10881865,0.10881865
JVASP-57665,7,O,0.0,0.10881861,0.10881861
JVASP-58368,0,Be,3.3576262,0.08221652,3.421802
JVASP-58368,1,Be,3.3576262,0.08221654,3.4188907
JVASP-58368,2,Be,3.3576262,0.08221657,3.4188907
JVASP-58368,3,Be,3.3576262,0.08221655,3.421802
JVASP-58368,4,O,12.15501,0.07484552,12.149924
JVASP-58368,5,O,12.15501,0.0748456,12.148464
JVASP-58368,6,O,12.15501,0.074845575,12.148464
JVASP-58368,7,O,12.15501,0.07484551,12.149924
JVASP-20778,0,Be,0.50377834,0.0081512965,0.49835137
JVASP-20778,1,Be,0.50377834,0.008151257,0.49835145
JVASP-20778,2,O,1.5346054,0.052803192,1.5782455
JVASP-20778,3,O,1.5346054,0.052803013,1.5782453
JVASP-22522,0,Be,0.0,0.006251055,0.006251055
JVASP-22522,1,Be,0.0,0.0062510436,0.0062510436
JVASP-22522,2,Be,0.0,0.0062510497,0.0062510497
JVASP-22522,3,Be,0.0,0.006251068,0.006251068
JVASP-22522,4,O,0.0,0.06568835,0.06568835
JVASP-22522,5,O,0.0,0.06568857,0.06568857
JVASP-22522,6,O,0.0,0.06568838,0.06568838
JVASP-22522,7,O,0.0,0.065688394,0.065688394
JVASP-34236,0,Be,1.0822939,0.126551,1.159057
JVASP-34236,1,O,20.692165,0.29844463,20.552315
JVASP-34236,2,O,20.692644,0.29844093,20.486805
JVASP-34236,3,Be,1.0831873,0.12655105,1.1599466
JVASP-34236,4,O,20.687986,0.29844606,20.600147
JVASP-34236,5,O,20.68779,0.29844669,20.769907
JVASP-34236,6,Zn,48.015385,0.01909048,47.99904
JVASP-34236,7,Zn,48.014004,0.019090444,47.997658
JVASP-37873,0,Be,0.0,0.15760389,0.15760389
JVASP-37873,1,Zn,0.0,0.2972258,0.2972258
JVASP-37873,2,O,84.74581,0.26978877,84.50099
JVASP-37873,3,O,84.74581,0.26978877,84.77391
JVASP-37873,4,O,84.74581,0.2697888,84.96319
JVASP-17997,0,Nd,0.0,0.024175674,0.024175674
JVASP-17997,1,In,147.52133,0.14355916,147.58315
JVASP-17997,2,In,147.52133,0.14355917,147.49397
JVASP-17997,3,In,147.52133,0.1435592,147.48708
JVASP-18037,0,Nd,25.724133,3.7152708,22.022356
JVASP-18037,1,Nd,25.724133,3.715272,22.022356
JVASP-18037,2,Nd,55.856937,2.008512,57.85947
JVASP-18037,3,Nd,55.856937,2.0085118,57.859467
JVASP-18037,4,In,7.41583,7.412111,0.24389018
JVASP-18037,5,In,7.41583,7.4121056,0.24388999
JVASP-18113,0,Nd,163.63327,0.96564317,164.15186
JVASP-18113,1,Nd,163.63327,0.96564305,162.6802
JVASP-18113,2,Nd,163.63327,0.9656434,164.07211
JVASP-18113,3,In,0.0,0.10845006,0.10845006
JVASP-37079,0,Sm,22.041733,0.25341067,21.791286
JVASP-37079,1,Tl,43.573975,0.052585084,43.623577
JVASP-37079,2,Se,28.93664,0.3032142,29.234346
JVASP-37079,3,Se,28.93664,0.30321446,29.234346
JVASP-80269,0,Na,9.888718,0.01300275,9.891885
JVASP-80269,1,Ca,30.855627,0.024525618,30.859747
JVASP-80269,2,Hg,83.06975,0.073028326,83.0619
JVASP-80269,3,Hg,83.06975,0.07302834,83.0619
JVASP-16922,0,Y,0.012247449,0.011673998,0.008895621
JVASP-16922,1,Ti,0.048989795,0.15499137,0.107992485
JVASP-16922,2,O,38.941578,0.11580507,38.872963
JVASP-16922,3,O,38.941578,0.11580512,38.897427
JVASP-16922,4,O,38.92729,0.11580192,39.04028
JVASP-2388,0,Ba,351.74753,19.849075,331.91507
JVASP-2388,1,Ba,351.74753,19.849073,331.91507
JVASP-2388,2,Ce,250.24232,13.924244,236.3529
JVASP-2388,3,Ce,250.24232,13.92424,236.3529
JVASP-2388,4,N,15.697556,0.08181939,15.622573
JVASP-2388,5,N,15.697556,0.0818194,15.622573
JVASP-2388,6,N,15.697556,0.08181942,15.622573
JVASP-2388,7,N,15.697556,0.08181937,15.622573
JVASP-85139,0,Eu,0.0,20.945839,20.945839
JVASP-85139,1,Se,0.0,64.03758,64.03758
JVASP-18875,0,Ba,138.31044,26.524134,164.81323
JVASP-18875,1,Ba,138.31044,26.524132,164.81323
JVASP-18875,2,Pt,460.46365,0.7726067,459.6991
JVASP-18875,3,Pt,460.46365,0.7726062,459.6991
JVASP-19843,0,Ba,147.46907,0.14667836,147.3228
JVASP-19843,1,Pt,272.0579,0.022937123,272.07928
JVASP-19843,2,Pt,272.0579,0.022937123,272.07928
JVASP-19843,3,Pt,285.79425,0.02069659,285.7853
JVASP-19843,4,Pt,285.7957,0.020696878,285.81042
JVASP-19843,5,Pt,285.79425,0.020696605,285.78558
JVASP-32744,0,Pd,83.31495,3.294107,82.84958
JVASP-32744,1,Se,769.5422,21.613047,767.96173
JVASP-32744,2,Se,769.5422,21.613049,767.96173
JVASP-32744,3,Se,429.95697,2.5142508,430.56866
JVASP-32744,4,Se,773.32965,12.061356,776.9114
JVASP-32744,5,Se,773.32965,12.061356,776.9114
JVASP-32744,6,Se,429.95697,2.5142512,430.56866
JVASP-32744,7,Br,424.05872,0.4328258,424.06625
JVASP-32744,8,Br,424.05872,0.43282583,424.06625
JVASP-4080,0,Pd,67.19863,0.3380077,66.974915
JVASP-4080,1,Se,664.2123,0.4864636,664.34467
JVASP-4080,2,Se,664.2123,0.48646367,664.34467
JVASP-4080,3,Br,397.44128,0.19513212,397.48663
JVASP-4080,4,Br,397.44128,0.19513206,397.48663
JVASP-4080,5,Br,939.1797,0.28354555,938.99475
JVASP-4080,6,Br,904.0877,0.3686922,904.2643
JVASP-4080,7,Br,904.0877,0.36869207,904.2643
JVASP-4080,8,Br,939.1797,0.28354535,938.99475
JVASP-16622,0,Ta,0.0,0.024355385,0.024355385
JVASP-16622,1,Tc,0.0,0.05751538,0.05751538
JVASP-15978,0,Ca,7.5928783,0.10787255,7.53782
JVASP-15978,1,Ge,23.506254,20.838009,16.7929
JVASP-15978,2,Ge,23.506254,20.838013,16.792902
JVASP-15978,3,Ag,4.488653,0.07880734,4.5105267
JVASP-15978,4,Ag,4.488653,0.0788074,4.5105267
JVASP-17996,0,Nd,79.415726,0.37494776,79.07411
JVASP-17996,1,Nd,79.415726,0.37494782,79.07411
JVASP-17996,2,Ge,14.236434,0.06473296,14.225917
JVASP-17996,3,Ge,14.236434,0.06473296,14.225917
JVASP-17996,4,Ru,56.414196,14.664832,41.943016
JVASP-17996,5,Ru,56.414196,14.6648245,41.943024
JVASP-18212,0,Ge,90.49707,69.19542,70.33663
JVASP-18212,1,Ge,90.49707,69.19542,70.33663
JVASP-18212,2,Ru,62.10243,51.856724,47.98051
JVASP-18212,3,Ru,62.10243,51.85672,47.980507
JVASP-18212,4,Nd,224.2312,60.416496,190.1819
JVASP-67448,0,Be,1.182287,0.13969319,1.043478
JVASP-67448,1,Be,3.186786,0.09353878,3.0940497
JVASP-67448,2,In,56.16843,0.06260503,56.10785
JVASP-67448,3,P,75.624725,0.07051873,75.69367
JVASP-80951,0,Na,1.1424731,0.03242304,1.1187787
JVASP-80951,1,Na,1.1424731,0.03242303,1.1187787
JVASP-80951,2,Na,1.1424731,0.03242303,1.1187787
JVASP-80951,3,Na,1.1424731,0.032423027,1.1187787
JVASP-80951,4,Tl,211.92213,0.16000508,211.88887
JVASP-80951,5,Tl,211.92213,0.1600051,211.88887
JVASP-80951,6,Pb,362.9368,0.04473616,362.89572
JVASP-80951,7,Pb,362.9368,0.04473619,362.89572
JVASP-32484,0,Os,583.8132,0.108130485,583.7587
JVASP-32484,1,Os,583.8132,0.108130485,583.7546
JVASP-32484,2,C,98.29461,0.64317673,98.5013
JVASP-32484,3,C,98.29461,0.64317656,98.4644
JVASP-32484,4,C,98.29461,0.64317673,98.5013
JVASP-32484,5,C,98.29461,0.64317614,98.55662
JVASP-32484,6,C,98.29461,0.64317626,98.451546
JVASP-32484,7,C,98.29461,0.64317614,98.55662
JVASP-32484,8,C,98.29461,0.64317656,98.4644
JVASP-32484,9,C,98.29461,0.64317596,98.451546
JVASP-32484,10,Cl,334.0559,0.2609279,334.198
JVASP-32484,11,Cl,334.0559,0.2609279,334.198
JVASP-32484,12,Cl,334.0559,0.26092786,334.19162
JVASP-32484,13,Cl,334.0559,0.26092786,334.19162
JVASP-32484,14,O,40.54578,0.23907219,40.5905
JVASP-32484,15,O,40.54578,0.2390722,40.57556
JVASP-32484,16,O,40.54578,0.23907213,40.60529
JVASP-32484,17,O,40.54578,0.23907217,40.5905
JVASP-32484,18,O,40.54578,0.23907211,40.57556
JVASP-32484,19,O,40.54578,0.23907217,40.630177
JVASP-32484,20,O,40.54578,0.2390722,40.630177
JVASP-32484,21,O,40.54578,0.23907211,40.60529
JVASP-14583,0,Zr,39.166527,0.034653623,39.146774
JVASP-14583,1,Zr,39.166527,0.034653615,39.146774
JVASP-14583,2,Hg,330.57578,0.049239885,330.55426
JVASP-14583,3,Hg,330.57578,0.049239844,330.55426
JVASP-19776,0,Zr,0.0,0.021126205,0.021126205
JVASP-19776,1,Hg,268.32935,0.082949035,268.24683
JVASP-19776,2,Hg,268.32935,0.08294902,268.36963
JVASP-19776,3,Hg,268.32935,0.08294904,268.37158
JVASP-19785,0,Zr,115.32361,0.0745862,115.3176
JVASP-19785,1,Zr,115.32361,0.0745862,115.3176
JVASP-19785,2,Zr,115.32361,0.074586205,115.3294
JVASP-19785,3,Zr,115.32361,0.07458618,115.3294
JVASP-19785,4,Zr,115.32361,0.074586175,115.323906
JVASP-19785,5,Zr,115.32361,0.0745862,115.323906
JVASP-19785,6,Hg,0.0,1.9812822,1.9812822
JVASP-19785,7,Hg,0.0,1.9812828,1.9812828
JVASP-39141,0,Mn,53.452766,0.09326956,53.526054
JVASP-39141,1,Mn,53.452766,0.09326961,53.463383
JVASP-39141,2,Mn,53.452766,0.09326963,53.368988
JVASP-39141,3,Tl,0.0,0.1703247,0.1703247
JVASP-38264,0,Mn,0.4556402,0.037712343,0.4535317
JVASP-38264,1,Mn,0.4556402,0.037712347,0.45353168
JVASP-38264,2,Tl,60.414703,0.16023672,60.429573
JVASP-38264,3,Tl,60.41866,0.16023502,60.370644
JVASP-38264,4,Tl,60.41866,0.1602349,60.357895
JVASP-38264,5,Tl,60.414703,0.16023685,60.429573
JVASP-38264,6,Tl,60.41866,0.16023499,60.370644
JVASP-38264,7,Tl,60.41866,0.16023502,60.357895
JVASP-86375,0,La,122.47694,0.010667132,122.478645
JVASP-86375,1,Cu,57.313396,0.11318636,57.35383
JVASP-86375,2,Cu,37.53843,0.024491949,37.521694
JVASP-86375,3,Cu,37.53843,0.024491949,37.521694
JVASP-86375,4,Cu,57.322933,0.11318572,57.363403
JVASP-86375,5,Cu,57.322933,0.11318571,57.359318
JVASP-16239,0,Tb,15.568958,0.14832501,15.715492
JVASP-16239,1,Al,0.72668195,0.13144885,0.6001076
JVASP-16239,2,Al,0.72668195,0.13144876,0.60010767
JVASP-16239,3,Si,6.581779,0.048101265,6.6252146
JVASP-16239,4,Si,6.581779,0.048101254,6.6252146
JVASP-38622,0,Nd,76.26395,3.7661884,74.06059
JVASP-38622,1,Nd,76.26205,3.7662795,74.37194
JVASP-38622,2,Nd,76.26205,3.7662795,74.4344
JVASP-38622,3,Nd,76.26395,3.7661881,74.06059
JVASP-38622,4,Nd,76.2616,3.7662787,74.37152
JVASP-38622,5,Nd,76.2616,3.7662797,74.43399
JVASP-38622,6,Zr,0.69157404,0.098398164,0.74860674
JVASP-38622,7,Zr,0.6919812,0.098398186,0.7490397
JVASP-19709,0,Sm,128.77213,0.013250115,128.76347
JVASP-19709,1,Co,39.782574,0.35589096,39.429394
JVASP-19709,2,Co,39.782574,0.3558908,39.429394
JVASP-19709,3,Co,54.128433,0.081513226,54.13769
JVASP-19709,4,Co,54.130653,0.08151422,54.150204
JVASP-19709,5,Co,54.128433,0.08151323,54.140785
JVASP-76916,0,Be,9.548947,0.41255665,9.14285
JVASP-76916,1,Be,9.548947,0.41255674,9.14285
JVASP-76916,2,Be,9.548947,0.4125568,9.14285
JVASP-76916,3,Be,9.548947,0.4125569,9.14285
JVASP-76916,4,Os,184.5264,0.088009655,184.60535
JVASP-76916,5,Os,184.5264,0.08800973,184.60535
JVASP-76916,6,Pt,227.97356,94.592804,133.62976
JVASP-76916,7,Pt,227.97356,94.5928,133.62978
JVASP-81210,0,Be,9.549043,0.41309717,9.142384
JVASP-81210,1,Be,9.549043,0.41309732,9.142384
JVASP-81210,2,Be,9.549043,0.41309714,9.142384
JVASP-81210,3,Be,9.549043,0.41309708,9.142384
JVASP-81210,4,Os,184.57423,0.08794245,184.6531
JVASP-81210,5,Os,184.57423,0.08794238,184.6531
JVASP-81210,6,Pt,227.98634,94.56702,133.66177
JVASP-81210,7,Pt,227.98634,94.56702,133.66177
JVASP-79189,0,Mg,18.357836,0.019879915,18.357618
JVASP-79189,1,Mg,14.364087,0.03506644,14.370189
JVASP-79189,2,Mg,10.353086,0.029034324,10.349965
JVASP-79189,3,V,8.921001,0.043933615,8.913653
JVASP-15410,0,Ti,145.72423,0.022174867,145.71953
JVASP-15410,1,Ti,145.72423,0.022174917,145.73926
JVASP-15410,2,Ti,145.72423,0.022174899,145.71388
JVASP-15410,3,Tl,0.0,0.010847618,0.010847618
JVASP-15410,4,C,0.0,0.010525405,0.010525405
JVASP-21491,0,B,41.593094,0.13654396,41.48091
JVASP-21491,1,B,41.593094,0.13654397,41.48091
JVASP-21491,2,O,75.55393,0.7159872,75.70301
JVASP-21491,3,O,75.55385,0.7159845,75.74637
JVASP-21491,4,O,75.5538,0.71598345,75.26825
JVASP-21491,5,O,75.55393,0.7159865,75.70301
JVASP-21491,6,O,75.55385,0.71598434,75.74637
JVASP-21491,7,O,75.5538,0.7159838,75.26825
JVASP-21491,8,Lu,95.94478,5.635527,99.93191
JVASP-21491,9,Lu,95.94478,5.635528,99.93191
JVASP-58436,0,B,42.18599,0.098901264,42.11403
JVASP-58436,1,B,42.18599,0.098901235,42.11403
JVASP-58436,2,O,70.43968,0.065006614,70.415085
JVASP-58436,3,O,70.44001,0.06500703,70.473
JVASP-58436,4,O,70.43902,0.06500685,70.42859
JVASP-58436,5,O,70.43968,0.065006554,70.415085
JVASP-58436,6,O,70.44001,0.06500712,70.473
JVASP-58436,7,O,70.43902,0.065006725,70.42859
JVASP-58436,8,Ti,11.280835,0.16225722,11.174469
JVASP-58436,9,Ti,11.280835,0.16225725,11.174469
JVASP-35927,0,Li,0.040472213,0.056835692,0.0958736
JVASP-35927,1,Li,0.040472213,0.056835685,0.095873594
JVASP-35927,2,Li,0.44703692,0.08425937,0.5308892
JVASP-35927,3,Ce,20.513252,0.087098226,20.59979
JVASP-35927,4,Bi,76.52247,0.04057688,76.545265
JVASP-35927,5,Bi,76.52247,0.04057681,76.545265
JVASP-15138,0,Dy,218.9848,0.010727519,218.98683
JVASP-15138,1,B,4.022062,0.01452256,4.008596
JVASP-15138,2,B,4.022062,0.014522544,4.008596
JVASP-15138,3,Ru,128.6259,0.09145642,128.63889
JVASP-15138,4,Ru,128.61143,0.091459095,128.60902
JVASP-15138,5,Ru,128.6259,0.0914565,128.63666
JVASP-3819,0,K,11.819944,1.209081,12.050385
JVASP-3819,1,K,11.819944,1.2090809,12.050506
JVASP-3819,2,K,11.819571,1.209081,11.006256
JVASP-3819,3,K,11.819571,1.2090813,11.006299
JVASP-3819,4,Ag,193.08368,0.89532584,193.24908
JVASP-3819,5,Ag,193.08368,0.89532584,193.20132
JVASP-3819,6,Bi,365.25998,72.83797,355.26462
JVASP-3819,7,Bi,365.25998,72.83796,355.26086
JVASP-81135,0,Li,0.24354465,0.08853494,0.22523753
JVASP-81135,1,Li,0.24354465,0.08853492,0.22523753
JVASP-81135,2,Li,0.24354465,0.08853491,0.22523753
JVASP-81135,3,Li,0.24354465,0.0885349,0.22523753
JVASP-81135,4,In,90.828026,0.47664747,91.03061
JVASP-81135,5,In,90.828026,0.47664824,91.03061
JVASP-81135,6,Pb,694.0706,0.54640996,694.17816
JVASP-81135,7,Pb,694.0706,0.54640925,694.17816
JVASP-68044,0,Hf,116.6447,0.101608716,116.74577
JVASP-68044,1,Hf,81.22263,0.09743241,81.31947
JVASP-68044,2,Be,2.3931515,0.3399261,2.0560286
JVASP-68044,3,Cu,21.587353,0.41113,21.177555
JVASP-22763,0,Nd,44.99899,0.11255544,45.05767
JVASP-22763,1,Nd,44.99899,0.11255544,45.07123
JVASP-22763,2,Nd,44.99899,0.112555444,45.07123
JVASP-22763,3,Nd,44.99899,0.11255546,45.05767
JVASP-22763,4,Mg,8.914509,0.07377614,8.846858
JVASP-22763,5,Mg,8.914509,0.07377612,8.846858
JVASP-22763,6,Cu,41.592533,51.012344,13.077224
JVASP-22763,7,Cu,41.592533,51.012344,12.631099
JVASP-22763,8,Cu,41.592533,51.012344,13.077224
JVASP-22763,9,Cu,41.592533,51.012333,12.631091
JVASP-17594,0,Sr,4.6830163,0.31456354,4.3701878
JVASP-17594,1,Sr,4.6830163,0.31456345,4.3701878
JVASP-17594,2,In,55.510338,2.113033,53.399227
JVASP-17594,3,In,55.510338,2.113033,53.399227
JVASP-17594,4,In,55.510338,2.1130333,53.399227
JVASP-17594,5,In,55.510338,2.113033,53.399227
JVASP-18221,0,Sr,13.701629,0.07153343,13.630769
JVASP-18221,1,Sr,13.701629,0.07153341,13.630769
JVASP-18221,2,In,93.55745,0.044633035,93.5924
JVASP-18221,3,In,93.55745,0.04463289,93.5924
JVASP-18221,4,In,44.769325,0.04037138,44.766193
JVASP-18221,5,In,44.769325,0.040371373,44.766193
JVASP-18221,6,In,93.55745,0.044632964,93.5924
JVASP-18221,7,In,93.55745,0.044632915,93.5924
JVASP-18221,8,In,44.769325,0.040371373,44.766193
JVASP-18221,9,In,44.769325,0.04037139,44.766193
JVASP-56739,0,Sr,13.525235,0.1369099,13.585177
JVASP-56739,1,Sr,13.525235,0.13690992,13.585177
JVASP-56739,2,In,122.7642,0.049552646,122.787125
JVASP-56739,3,In,90.15237,0.84349984,90.75123
JVASP-56739,4,In,122.7642,0.049552597,122.787125
JVASP-56739,5,In,22.101755,0.53824604,21.943727
JVASP-56739,6,In,90.15237,0.84349984,90.75123
JVASP-56739,7,In,134.49562,0.055411372,134.51083
JVASP-56739,8,In,22.101755,0.538247,21.943727
JVASP-56739,9,In,134.49562,0.055411384,134.51083
JVASP-7865,0,Na,35.13652,0.03597452,35.154102
JVASP-7865,1,Na,35.13652,0.03597455,35.150566
JVASP-7865,2,Na,35.13652,0.035974495,35.154102
JVASP-7865,3,Na,35.13652,0.035974562,35.150566
JVASP-7865,4,Na,37.509037,0.023253072,37.487198
JVASP-7865,5,Ni,14.665912,0.050277904,14.619333
JVASP-7865,6,S,5.335805,0.013110821,5.326959
JVASP-7865,7,O,22.88395,0.13490199,22.75011
JVASP-7865,8,O,22.88395,0.13490209,22.75011
JVASP-26323,0,Pr,93.54846,0.4803527,94.019196
JVASP-26323,1,Bi,209.03291,263.5844,54.810844
JVASP-26323,2,Bi,209.03291,263.5844,54.810844
JVASP-26323,3,I,62.21704,0.22215228,62.436962
JVASP-26323,4,O,106.30763,0.13277805,106.24918
JVASP-26323,5,O,106.30763,0.1327781,106.24918
JVASP-26323,6,O,106.30763,0.13277802,106.348175
JVASP-26323,7,O,106.30763,0.13277805,106.348175
JVASP-28431,0,Al,9.900837,0.044267938,9.866937
JVASP-28431,1,Al,11.400742,0.3430669,11.063003
JVASP-28431,2,Fe,10.39074,0.6810389,11.068939
JVASP-28431,3,S,2.250673,0.22959955,2.471459
JVASP-28431,4,S,50.595436,2.9146683,47.699787
JVASP-28431,5,S,16.357693,0.30199486,16.620134
JVASP-28431,6,S,69.13154,0.14902128,68.98366
JVASP-39029,0,Sm,48.526024,1.4553784,49.96301
JVASP-39029,1,Sm,48.526024,1.455378,49.96301
JVASP-39029,2,Sm,141.22778,1.3434439,139.90474
JVASP-39029,3,Sm,48.526024,1.4553784,49.96301
JVASP-39029,4,Sm,48.526024,1.4553772,49.96301
JVASP-39029,5,Sm,141.22778,1.3434441,139.90474
JVASP-39029,6,Ti,9.728557,0.109045975,9.624891
JVASP-39029,7,Ti,9.728557,0.10904597,9.624891
JVASP-37700,0,Rb,8.9259405,0.047219492,8.96693
JVASP-37700,1,Rb,8.9259405,0.04721954,8.96693
JVASP-37700,2,Rb,26.365492,0.054103952,26.317255
JVASP-37700,3,Rb,8.9259405,0.047219556,8.96693
JVASP-37700,4,Rb,8.9259405,0.047219466,8.96693
JVASP-37700,5,Rb,26.365492,0.054103903,26.317255
JVASP-37700,6,Cd,3.736288,0.06919631,3.8038278
JVASP-37700,7,Cd,3.736288,0.06919629,3.8038278
JVASP-38249,0,Rb,25.551445,0.051208608,25.591757
JVASP-38249,1,Rb,25.551445,0.05120861,25.557087
JVASP-38249,2,Rb,25.551445,0.051208615,25.505568
JVASP-38249,3,Cd,0.0,0.06604249,0.06604249
JVASP-8163,0,Li,0.20515847,0.2619207,0.3997937
JVASP-8163,1,Li,0.20515847,0.2619207,0.3997937
JVASP-8163,2,O,110.64024,0.23365483,110.68044
JVASP-8163,3,O,110.64138,0.23365489,110.66618
JVASP-8163,4,O,110.64138,0.23365492,110.66618
JVASP-8163,5,O,110.64024,0.23365487,110.68044
JVASP-8163,6,Tl,139.24031,6.4389677,142.86243
JVASP-8163,7,Tl,139.24031,6.4389696,142.86243
JVASP-35731,0,Cr,0.0,0.14102033,0.14102033
JVASP-35731,1,Fe,2.12779,0.13088708,2.2072916
JVASP-35731,2,Fe,2.12779,0.13088706,1.9979117
JVASP-35731,3,Fe,2.12779,0.13088708,2.184051
JVASP-36177,0,Cr,1.685249,0.068704315,1.733561
JVASP-36177,1,Cr,1.685249,0.068704285,1.6204238
JVASP-36177,2,Cr,1.685249,0.06870433,1.7039208
JVASP-36177,3,Fe,0.0,0.061569802,0.061569802
JVASP-78842,0,Cr,1.6868818,0.06866797,1.7351695
JVASP-78842,1,Cr,1.6868818,0.068668,1.622094
JVASP-78842,2,Cr,1.6868818,0.068668015,1.7055364
JVASP-78842,3,Fe,0.0,0.06155365,0.06155365
JVASP-79460,0,Cr,28.683525,0.025144482,28.671522
JVASP-79460,1,Cr,4.9185753,0.02511677,4.9071403
JVASP-79460,2,Cr,4.9185753,0.025116768,4.9071403
JVASP-79460,3,Cr,28.683525,0.02514447,28.671522
JVASP-79460,4,Cr,4.9185753,0.025116768,4.9071403
JVASP-79460,5,Cr,4.9185753,0.025116784,4.9071403
JVASP-79460,6,Fe,6.9704313,0.029986529,6.9510565
JVASP-79460,7,Fe,6.9704313,0.029986566,6.9510565
JVASP-79539,0,Cr,28.632086,0.025173344,28.62003
JVASP-79539,1,Cr,4.59361,0.02514453,4.582135
JVASP-79539,2,Cr,4.59361,0.025144532,4.582135
JVASP-79539,3,Cr,28.632086,0.025173334,28.620031
JVASP-79539,4,Cr,4.59361,0.025144529,4.582135
JVASP-79539,5,Cr,4.59361,0.025144545,4.582135
JVASP-79539,6,Fe,6.940221,0.029966602,6.920885
JVASP-79539,7,Fe,6.940221,0.029966585,6.920885
JVASP-4723,0,Ge,25.460632,0.090866685,25.385088
JVASP-4723,1,Ge,25.460632,0.09086668,25.385998
JVASP-4723,2,Ge,25.460632,0.090866685,25.385088
JVASP-4723,3,Ge,25.460632,0.090866685,25.385998
JVASP-4723,4,O,169.11687,0.08067377,169.12529
JVASP-4723,5,O,169.11687,0.08067378,169.10791
JVASP-4723,6,O,169.11687,0.080673754,169.12132
JVASP-4723,7,O,169.11687,0.080673754,169.10237
JVASP-4723,8,O,169.11687,0.080673724,169.10237
JVASP-4723,9,O,169.11687,0.080673814,169.12132
JVASP-4723,10,O,169.11687,0.08067379,169.10791
JVASP-4723,11,O,169.11687,0.08067371,169.12529
JVASP-37693,0,Ge,0.0,0.034923278,0.034923278
JVASP-37693,1,Ge,0.0,0.24339561,0.24339561
JVASP-37693,2,O,125.110954,0.045035735,125.13971
JVASP-37693,3,O,125.110954,0.045035735,125.12535
JVASP-37693,4,O,125.110954,0.04503562,125.06781
JVASP-7992,0,Ge,22.45877,0.07608828,22.504728
JVASP-7992,1,Ge,22.459831,0.07608795,22.503628
JVASP-7992,2,Ge,22.459831,0.07608801,22.495678
JVASP-7992,3,O,166.55252,0.9158624,166.65857
JVASP-7992,4,O,166.55139,0.91585857,166.67851
JVASP-7992,5,O,166.55127,0.9158579,166.50072
JVASP-7992,6,O,166.5515,0.9158626,166.70053
JVASP-7992,7,O,166.55191,0.9158579,166.44011
JVASP-7992,8,O,166.55139,0.9158587,166.69672
JVASP-8065,0,Ge,44.123074,0.17173718,44.28695
JVASP-8065,1,Ge,44.123074,0.17173718,44.285084
JVASP-8065,2,O,165.79565,0.15603277,165.85983
JVASP-8065,3,O,165.79565,0.15603288,165.85382
JVASP-8065,4,O,165.79565,0.15603285,165.85983
JVASP-8065,5,O,165.79565,0.15603277,165.85382
JVASP-8456,0,Ge,129.52705,0.20237358,129.45007
JVASP-8456,1,Ge,129.52754,0.20237358,129.45776
JVASP-8456,2,Ge,129.52692,0.20236917,129.34882
JVASP-8456,3,O,338.0072,1.6127453,339.46387
JVASP-8456,4,O,338.00693,1.6127795,339.53363
JVASP-8456,5,O,338.00705,1.6127683,339.3347
JVASP-8456,6,O,338.00705,1.6127679,339.35135
JVASP-8456,7,O,338.00693,1.6127791,339.5072
JVASP-8456,8,O,338.0072,1.612746,339.47366
JVASP-2475,0,O,186.23463,0.06825111,186.1727
JVASP-2475,1,O,186.23463,0.06825113,186.1727
JVASP-2475,2,K,32.861206,0.08395099,32.78894
JVASP-2475,3,K,32.861206,0.083950974,32.788944
JVASP-2475,4,Hg,935.1814,0.06172319,935.2342
JVASP-15123,0,Nd,115.15786,129.37518,16.102285
JVASP-15123,1,Nd,115.15786,129.37518,16.102293
JVASP-15123,2,Mn,6.133522,15.431325,9.351766
JVASP-15123,3,Mn,6.133522,15.431321,9.351763
JVASP-15123,4,Mn,6.133522,15.431323,9.351764
JVASP-15123,5,Mn,6.133522,15.431323,9.351764
JVASP-15123,6,Si,35.458,27.733616,9.192552
JVASP-15123,7,Si,35.458,27.73362,9.192548
JVASP-15123,8,Si,35.458,27.733618,9.192549
JVASP-15123,9,Si,35.458,27.733616,9.192552
JVASP-16160,0,Si,53.008873,26.255451,29.015854
JVASP-16160,1,Si,53.008873,26.255451,29.015854
JVASP-16160,2,Si,33.23469,2.9667869,32.297447
JVASP-16160,3,Si,33.23469,2.9667866,32.297447
JVASP-16160,4,Mn,5.513643,11.583471,16.531775
JVASP-16160,5,Mn,5.513643,11.583474,16.531776
JVASP-16160,6,Nd,43.60882,69.63666,48.788376
JVASP-16160,7,Nd,43.60882,69.63665,48.788364
JVASP-8521,0,Nd,5.8730597,0.83985573,5.0858874
JVASP-8521,1,Nd,5.8730597,0.83985555,5.085888
JVASP-8521,2,Mn,8.275193,2.0791433,10.348916
JVASP-8521,3,Mn,8.275193,2.0791433,10.348917
JVASP-8521,4,Si,8.725899,4.458988,4.309965
JVASP-8521,5,Si,8.725899,4.4589887,4.309964
JVASP-12912,0,Ga,54.70791,0.03530549,54.730034
JVASP-12912,1,Ga,54.70778,0.035305686,54.693733
JVASP-12912,2,Ga,54.70729,0.03530551,54.723938
JVASP-12912,3,Ga,54.708035,0.03530572,54.70882
JVASP-12912,4,Se,116.84904,0.12370036,116.8712
JVASP-12912,5,Se,116.84886,0.12370028,116.79446
JVASP-12912,6,Se,116.848724,0.12370037,116.862144
JVASP-12912,7,Se,116.84872,0.12370017,116.79877
JVASP-12912,8,Te,701.5062,0.019390019,701.5057
JVASP-12912,9,Te,701.50696,0.019390048,701.5068
JVASP-19693,0,Ag,37.293484,0.22831947,37.06534
JVASP-19693,1,Ag,37.293484,0.22831951,37.06534
JVASP-19693,2,F,75.17036,0.036977537,75.13768
JVASP-4549,0,Ag,104.26443,0.090311654,104.28286
JVASP-4549,1,Ag,104.26443,0.090311706,104.28781
JVASP-4549,2,F,213.80873,0.05078946,213.81927
JVASP-4549,3,F,213.80873,0.05078948,213.78868
JVASP-4549,4,F,213.80873,0.050789442,213.78868
JVASP-4549,5,F,213.80873,0.050789494,213.81927
JVASP-14897,0,Ag,0.0,0.059946507,0.059946507
JVASP-14897,1,Ag,0.0,0.059946433,0.059946433
JVASP-14897,2,Ag,0.0,0.059946474,0.059946474
JVASP-14897,3,Ag,0.0,0.05994644,0.05994644
JVASP-14897,4,F,0.0,0.1480672,0.1480672
JVASP-14897,5,F,0.0,0.14806719,0.14806719
JVASP-14897,6,F,0.0,0.14806722,0.14806722
JVASP-14897,7,F,0.0,0.1480672,0.1480672
JVASP-14911,0,Ag,101.901436,0.080936536,101.920135
JVASP-14911,1,Ag,101.901436,0.08093652,101.91559
JVASP-14911,2,F,213.29254,0.063709475,213.27538
JVASP-14911,3,F,213.29254,0.06370947,213.30353
JVASP-14911,4,F,213.29254,0.06370947,213.30353
JVASP-14911,5,F,213.29254,0.06370948,213.27538
JVASP-12073,0,Ag,108.23795,0.14214271,108.17258
JVASP-12073,1,Ag,108.23795,0.14214264,108.17191
JVASP-12073,2,Ag,108.23795,0.14214262,108.17499
JVASP-12073,3,Ag,108.23795,0.14214264,108.17458
JVASP-12073,4,F,207.50227,0.05399326,207.51587
JVASP-12073,5,F,207.50227,0.053993274,207.51974
JVASP-12073,6,F,207.50227,0.053993236,207.53204
JVASP-12073,7,F,207.50227,0.05399324,207.51604
JVASP-12073,8,F,207.50227,0.05399325,207.51604
JVASP-12073,9,F,207.50227,0.05399326,207.53204
JVASP-12073,10,F,207.50227,0.053993266,207.51974
JVASP-12073,11,F,207.50227,0.05399326,207.51587
JVASP-5449,0,Pb,49.015205,14.214115,59.80403
JVASP-5449,1,Pb,49.015205,14.214114,59.80403
JVASP-5449,2,Pb,49.015205,14.214114,59.781773
JVASP-5449,3,Pb,49.015205,14.214111,59.78177
JVASP-5449,4,Br,67.80316,0.17735,67.784584
JVASP-5449,5,Br,67.80316,0.17735004,67.784584
JVASP-5449,6,Br,67.80316,0.17734993,67.86238
JVASP-5449,7,Br,67.80316,0.1773499,67.86238
JVASP-5449,8,Br,90.43758,0.16086084,90.360085
JVASP-5449,9,Br,90.43758,0.16086076,90.360085
JVASP-5449,10,Br,90.43758,0.16086087,90.40305
JVASP-5449,11,Br,90.43758,0.16086078,90.40305
JVASP-22721,0,Pb,63.309982,0.0796006,63.373833
JVASP-22721,1,Pb,63.30924,0.07960105,63.37264
JVASP-22721,2,Br,234.05673,0.05364314,234.04535
JVASP-22721,3,Br,234.05673,0.05364275,234.04535
JVASP-22721,4,Br,234.05673,0.053644307,234.04422
JVASP-22721,5,Br,234.05673,0.053644292,234.04422
JVASP-64969,0,Be,0.73484695,0.17600541,0.56021786
JVASP-64969,1,Be,1.1643242,0.18375975,1.3471644
JVASP-64969,2,Be,0.73484695,0.17600536,0.5602179
JVASP-64969,3,Be,1.1643242,0.18375972,1.3471644
JVASP-64969,4,Cd,24.84191,0.05715515,24.788746
JVASP-64969,5,Cd,24.84191,0.05715519,24.788746
JVASP-64969,6,Cu,7.915934,0.38312003,7.533313
JVASP-64969,7,Cu,7.915934,0.38312003,7.533313
JVASP-35042,0,Re,84.681305,0.1280177,84.806435
JVASP-35042,1,Re,84.681305,0.12801768,84.806435
JVASP-35042,2,Re,84.681305,0.1280177,84.806435
JVASP-35042,3,Re,84.681305,0.12801765,84.806435
JVASP-35042,4,N,22.466719,0.11136013,22.35737
JVASP-35042,5,N,22.466719,0.111360095,22.35737
JVASP-36239,0,Re,142.77423,0.12893568,142.89508
JVASP-36239,1,N,81.40389,0.095782824,81.30849
JVASP-36239,2,N,81.40389,0.09578289,81.30849
JVASP-35050,0,Re,18.699404,0.05687964,18.754347
JVASP-35050,1,Re,18.699404,0.05687967,18.754347
JVASP-35050,2,N,79.31679,0.06074911,79.34966
JVASP-35050,3,N,79.31679,0.060749132,79.34966
JVASP-35050,4,N,79.31679,0.060749143,79.34604
JVASP-35050,5,N,79.31679,0.060749136,79.34604
JVASP-35055,0,Re,159.25357,0.12844801,159.37106
JVASP-35055,1,Re,159.25357,0.12844813,159.37106
JVASP-35055,2,N,76.3114,0.093433104,76.21838
JVASP-35055,3,N,76.3114,0.09343306,76.21838
JVASP-35055,4,N,76.3114,0.093433104,76.21838
JVASP-35055,5,N,76.3114,0.09343312,76.21838
JVASP-35053,0,Re,269.71927,0.21748737,269.8396
JVASP-35053,1,Re,269.71927,0.21748729,269.83438
JVASP-35053,2,N,33.967987,0.06309486,33.969383
JVASP-35053,3,N,33.967987,0.06309479,33.98556
JVASP-35053,4,N,38.443672,0.062971726,38.4313
JVASP-35053,5,N,38.443672,0.062971726,38.421646
JVASP-36367,0,Re,164.81514,0.13666178,164.6813
JVASP-36367,1,N,18.983545,0.048737705,18.936893
JVASP-35048,0,Re,216.361,0.07693842,216.36421
JVASP-35048,1,Re,216.36098,0.07693842,216.41928
JVASP-35048,2,Re,216.36098,0.076938435,216.29948
JVASP-35048,3,N,2.380904,0.08286457,2.4622138
JVASP-35048,4,N,2.380904,0.0828646,2.3350074
JVASP-35048,5,N,2.380904,0.08286458,2.347755
JVASP-35051,0,Re,136.48517,0.10416756,136.50401
JVASP-35051,1,Re,136.48517,0.10416747,136.50401
JVASP-35051,2,N,72.39313,0.10171597,72.39591
JVASP-35051,3,N,72.39313,0.101716,72.39591
JVASP-35051,4,N,92.79189,0.079863146,92.79352
JVASP-35051,5,N,92.79189,0.07986316,92.79352
JVASP-37110,0,Re,739.6422,0.29861584,739.83374
JVASP-37110,1,Re,739.6422,0.2986158,739.7904
JVASP-37110,2,N,5.25089,0.022206359,5.2500567
JVASP-37110,3,N,5.25089,0.022206357,5.2500567
JVASP-37112,0,Re,34.289185,0.027597718,34.266376
JVASP-37112,1,Re,34.289185,0.027597697,34.266376
JVASP-37112,2,N,18.417713,0.007312462,18.415049
JVASP-37112,3,N,18.417713,0.007312463,18.415049
JVASP-39476,0,Re,85.51087,0.25194955,85.76109
JVASP-39476,1,Re,85.51087,0.2519496,85.76109
JVASP-39476,2,Re,162.15132,0.11083586,162.25667
JVASP-39476,3,N,15.474651,0.13066769,15.345391
JVASP-85202,0,Re,209.98123,0.12248983,210.0003
JVASP-85202,1,Re,209.98123,0.12248983,210.0003
JVASP-85202,2,N,81.091965,0.08929915,81.111565
JVASP-85202,3,N,81.091965,0.08929919,81.11001
JVASP-85202,4,N,81.091965,0.08929919,81.111565
JVASP-85202,5,N,81.091965,0.08929922,81.11001
JVASP-66759,0,Li,0.77240574,0.06155166,0.7118327
JVASP-66759,1,Li,0.77240574,0.06155168,0.7118327
JVASP-66759,2,Be,1.7701646,0.26280892,1.5097837
JVASP-66759,3,Be,1.7701646,0.2628088,1.509784
JVASP-66759,4,Cd,73.02909,0.016140943,73.02594
JVASP-66759,5,Cd,73.02909,0.016140936,73.02594
JVASP-66747,0,Li,1.1994334,0.072526924,1.2715254
JVASP-66747,1,Hf,229.16853,0.06558273,229.23137
JVASP-66747,2,Be,0.69728804,0.02131103,0.6765964
JVASP-66747,3,Be,1.054097,0.072857216,1.1266483
JVASP-15440,0,Er,56.867355,0.2776541,56.605038
JVASP-15440,1,Er,56.867355,0.2776542,56.605038
JVASP-15440,2,Ti,0.44580713,0.84587735,1.2903244
JVASP-15440,3,Ti,0.44580713,0.84587646,1.2903235
JVASP-15440,4,Ge,13.259905,0.80547196,14.057747
JVASP-15440,5,Ge,13.259905,0.8054717,14.057747
JVASP-38938,0,Mg,4.7948775,0.29619542,4.5070467
JVASP-38938,1,Mg,4.795285,0.29619542,4.5074577
JVASP-38938,2,Zr,18.562433,0.092733175,18.4792
JVASP-38938,3,Zr,18.562433,0.092733055,18.479937
JVASP-38938,4,Zr,18.56234,0.092735834,18.478817
JVASP-38938,5,Zr,18.56234,0.092735834,18.478817
JVASP-38938,6,Zr,18.56204,0.092733055,18.479544
JVASP-38938,7,Zr,18.56204,0.09273323,18.47881
JVASP-78475,0,Mg,25.55308,0.02947634,25.537436
JVASP-78475,1,Mg,25.555527,0.02947572,25.539886
JVASP-78475,2,Mg,25.555527,0.029475698,25.539886
JVASP-78475,3,Zr,67.73043,0.16288087,67.57303
JVASP-78475,4,Zr,67.73043,0.16288061,67.57303
JVASP-78475,5,Zr,67.73206,0.16288093,67.57466
JVASP-78475,6,Zr,67.73125,0.162888,67.57384
JVASP-78475,7,Zr,67.73125,0.16288781,67.57384
JVASP-78475,8,Zr,67.73206,0.16288066,67.57466
JVASP-78550,0,Mg,0.0,0.047617357,0.047617357
JVASP-78550,1,Zr,0.0,0.016829718,0.016829718
JVASP-78560,0,Mg,22.192379,0.1728679,22.356718
JVASP-78560,1,Zr,60.962902,0.030381951,60.943096
JVASP-78566,0,Mg,8.213955,0.05529341,8.165332
JVASP-78566,1,Zr,16.460571,0.049775537,16.433619
JVASP-79160,0,Mg,23.56,0.079820946,23.496721
JVASP-79160,1,Mg,19.779284,0.09059193,19.843037
JVASP-79160,2,Mg,12.567549,0.09371943,12.583033
JVASP-79160,3,Zr,56.160995,0.11752601,56.04422
JVASP-80499,0,Mg,10.192367,0.05853623,10.160501
JVASP-80499,1,Mg,10.192367,0.058536217,10.160501
JVASP-80499,2,Zr,35.96447,0.05941556,35.96153
JVASP-80499,3,Zr,35.96447,0.059415463,35.96153
JVASP-80149,0,Cu,51.292316,0.108752824,51.218315
JVASP-80149,1,Cu,51.292316,0.108752824,51.218315
JVASP-80149,2,Si,146.59216,0.054471914,146.5581
JVASP-80149,3,Si,146.59216,0.05447193,146.5581
JVASP-80149,4,Ir,820.20557,0.08309093,820.1733
JVASP-80149,5,Ir,820.20557,0.08309093,820.1733
JVASP-80149,6,Ir,820.20557,0.08309096,820.1733
JVASP-80149,7,Ir,820.20557,0.08309093,820.1733
JVASP-36190,0,Ba,63.000877,25.764746,88.73222
JVASP-36190,1,Ga,53.8504,0.17525858,53.99887
JVASP-36190,2,Si,46.63706,0.17376462,46.810356
JVASP-36190,3,H,3.5346136,0.20671374,3.3706107
JVASP-2008,0,Ho,68.06847,7.2644663,60.820107
JVASP-2008,1,H,5.8065157,0.12892866,5.822741
JVASP-2008,2,Se,52.07248,0.080353744,51.992855
JVASP-15783,0,Ca,35.618847,0.13924456,35.75596
JVASP-15783,1,Ca,35.618847,0.13924454,35.75596
JVASP-15783,2,Ga,212.82637,0.084890425,212.88675
JVASP-15783,3,Ga,212.82637,0.084890455,212.88675
JVASP-15783,4,N,31.901337,0.13073814,31.776741
JVASP-15783,5,N,31.901337,0.13073844,31.776741
JVASP-15134,0,C,45.58457,0.15806141,45.542545
JVASP-15134,1,C,45.58511,0.15806073,45.549377
JVASP-15134,2,Ni,13.351747,0.07230153,13.336577
JVASP-15134,3,Tb,52.051964,0.13100031,52.033733
JVASP-64989,0,Be,3.4586828,0.8591311,4.3125963
JVASP-64989,1,Be,2.385808,0.844539,1.5509256
JVASP-64989,2,Mg,5.5268664,0.027372288,5.5397778
JVASP-64989,3,Sb,74.97235,0.022956239,74.95015
JVASP-67834,0,Be,3.5958605,0.5689882,3.031747
JVASP-67834,1,Mg,12.930039,0.027105635,12.926776
JVASP-67834,2,Sb,164.11581,1.3677937,162.75864
JVASP-66854,0,Be,5.267222,0.04520468,5.3120117
JVASP-66854,1,Br,41.469044,0.025552709,41.48968
JVASP-66854,2,In,76.00114,0.020407796,75.98883
JVASP-18818,0,Ca,1.0324621,0.018442186,1.0171133
JVASP-18818,1,Ca,1.0324621,0.018442187,1.0171133
JVASP-18818,2,Zn,33.065662,0.43912894,32.632862
JVASP-18818,3,Zn,33.065662,0.43912917,32.632862
JVASP-18818,4,Sn,43.82015,0.06387139,43.759705
JVASP-18818,5,Sn,43.82015,0.06387134,43.759705
JVASP-80964,0,Ca,0.6120676,0.15158653,0.6033809
JVASP-80964,1,Ca,0.6120676,0.15158658,0.6033809
JVASP-80964,2,Ca,0.6120676,0.15158656,0.6033809
JVASP-80964,3,Ca,0.6120676,0.15158658,0.6033809
JVASP-80964,4,Zn,0.86086386,0.1440052,0.90002847
JVASP-80964,5,Zn,0.86086386,0.14400522,0.90002847
JVASP-80964,6,Sn,2.883535,0.055292975,2.8678143
JVASP-80964,7,Sn,2.883535,0.055293024,2.867814
JVASP-14203,0,Ru,88.07753,0.27286687,88.34946
JVASP-14203,1,Ru,88.07753,0.2728669,88.34946
JVASP-14203,2,Cl,226.05614,0.061113402,226.06606
JVASP-14203,3,Cl,226.05582,0.061113395,225.99858
JVASP-14203,4,Cl,226.05614,0.06111341,226.06606
JVASP-14203,5,Cl,226.05582,0.06111339,225.99858
JVASP-14203,6,Cl,226.05614,0.06111341,226.06978
JVASP-14203,7,Cl,226.05614,0.06111339,226.06978
JVASP-18306,0,Ru,88.066505,0.27255717,88.33812
JVASP-18306,1,Ru,88.066505,0.2725571,88.33812
JVASP-18306,2,Cl,226.05225,0.06107814,226.06221
JVASP-18306,3,Cl,226.05302,0.061078213,225.99583
JVASP-18306,4,Cl,226.05225,0.061078146,226.06221
JVASP-18306,5,Cl,226.05302,0.061078154,225.99583
JVASP-18306,6,Cl,226.05225,0.061078176,226.06593
JVASP-18306,7,Cl,226.05225,0.061078142,226.06593
JVASP-39486,0,Ru,2.9091773,0.11750883,3.0242975
JVASP-39486,1,Ru,2.9091773,0.11750879,3.0242975
JVASP-39486,2,Ru,8.605058,0.11269993,8.494284
JVASP-39486,3,Ru,2.9091773,0.11750884,3.0242975
JVASP-39486,4,Ru,2.9091773,0.117508784,3.0242975
JVASP-39486,5,Ru,8.605058,0.11269982,8.494284
JVASP-39486,6,Cl,20.395267,0.11466062,20.283674
JVASP-39486,7,Cl,20.395267,0.11466064,20.283672
JVASP-8049,0,As,181.43532,0.09594248,181.49312
JVASP-8049,1,As,181.43556,0.09594248,181.38478
JVASP-8049,2,As,181.4363,0.09594245,181.38066
JVASP-8049,3,As,181.43536,0.09594248,181.4868
JVASP-8049,4,Cd,15.506149,0.029673226,15.490326
JVASP-8049,5,Cd,15.506149,0.029673226,15.490326
JVASP-8049,6,Sn,2.264028,0.02682637,2.244614
JVASP-8049,7,Sn,2.264028,0.026826387,2.244614
JVASP-17579,0,Dy,29.610657,0.030143505,29.616777
JVASP-17579,1,Dy,29.610657,0.030143501,29.616777
JVASP-17579,2,Cu,47.02653,1.9877111,45.16058
JVASP-17579,3,Cu,47.02653,1.9877126,45.160576
JVASP-17579,4,Ge,37.862988,0.040034313,37.826946
JVASP-17579,5,Ge,37.862988,0.04003431,37.826946
JVASP-18148,0,Cu,8.825923,1.9350684,7.6228294
JVASP-18148,1,Cu,8.825923,1.9350692,7.622829
JVASP-18148,2,Ge,67.32008,62.220997,51.34243
JVASP-18148,3,Ge,67.32008,62.22099,51.34243
JVASP-18148,4,Dy,28.393826,0.7155067,28.681578
JVASP-81633,0,Na,19.111172,0.07824259,19.036161
JVASP-81633,1,Na,19.111172,0.07824259,19.036161
JVASP-81633,2,In,12.427255,0.08835359,12.382577
JVASP-81633,3,In,12.427255,0.08835359,12.382577
JVASP-81633,4,In,12.427255,0.08835353,12.382577
JVASP-81633,5,In,12.427255,0.08835355,12.382577
JVASP-81633,6,Bi,1189.7869,0.1334102,1189.7845
JVASP-81633,7,Bi,1189.7869,0.13341016,1189.7845
JVASP-11118,0,Se,59.113503,5.6355333,55.021236
JVASP-11118,1,Se,59.113503,5.6355333,55.021236
JVASP-11118,2,Se,54.31425,1.6322364,54.048958
JVASP-11118,3,Se,54.31425,1.6322372,54.048958
JVASP-11118,4,Se,54.31425,1.6322366,54.1302
JVASP-11118,5,Se,54.31425,1.6322371,54.1302
JVASP-11118,6,Nd,102.78599,0.040850695,102.822014
JVASP-11118,7,Nd,102.78599,0.04085075,102.822014
JVASP-11118,8,Lu,82.50199,0.035396095,82.50948
JVASP-11118,9,Lu,82.50199,0.035396103,82.52918
JVASP-65601,0,Ba,80.17262,19.009768,61.26532
JVASP-65601,1,Si,40.448936,18.11634,38.56104
JVASP-65601,2,Si,40.448936,18.116343,38.50369
JVASP-65601,3,Rh,42.541103,18.243376,24.305405
JVASP-68996,0,Ba,8.487482,6.169421,2.4883199
JVASP-68996,1,Si,41.501945,1.1758056,41.14512
JVASP-68996,2,Si,41.501945,1.175806,41.063328
JVASP-68996,3,Ir,47.262085,3.1177628,44.16066
JVASP-8282,0,Ca,78.61882,0.07510988,78.54599
JVASP-8282,1,V,153.76547,0.13232149,153.7873
JVASP-8282,2,V,153.76547,0.1323215,153.84666
JVASP-8282,3,N,30.18957,0.13191816,30.25921
JVASP-8282,4,N,30.18957,0.13191815,30.254934
JVASP-26529,0,Cr,17.966421,0.1111107,17.949638
JVASP-26529,1,Cr,17.966421,0.111110836,17.974741
JVASP-26529,2,F,100.59262,0.035549987,100.57332
JVASP-26529,3,F,100.59262,0.035549935,100.61171
JVASP-26529,4,F,100.59262,0.035549942,100.61171
JVASP-26529,5,F,100.59262,0.035549972,100.57332
JVASP-29393,0,Cr,8.218363,0.051989045,8.202319
JVASP-29393,1,Cr,8.218363,0.051989097,8.191319
JVASP-29393,2,F,118.00145,0.03772692,118.00451
JVASP-29393,3,F,118.00145,0.037726976,117.9907
JVASP-29393,4,F,118.00145,0.037726983,117.9907
JVASP-29393,5,F,118.00145,0.03772689,118.00451
JVASP-57591,0,Cr,4.703593,0.05108648,4.684035
JVASP-57591,1,Cr,4.703593,0.051086448,4.684035
JVASP-57591,2,F,156.77411,0.11414076,156.84962
JVASP-57591,3,F,156.77306,0.114140555,156.74997
JVASP-57591,4,F,156.77306,0.11414056,156.74997
JVASP-57591,5,F,156.77411,0.114140734,156.84962
JVASP-57591,6,F,156.773,0.114140555,156.73178
JVASP-57591,7,F,156.773,0.1141406,156.73178
JVASP-8238,0,Cr,0.99759007,5.4400663,4.89051
JVASP-8238,1,F,91.15696,0.08901602,91.181366
JVASP-8238,2,F,91.156624,0.0890156,91.11599
JVASP-8238,3,F,91.156395,0.089015774,91.17292
JVASP-8238,4,F,91.156624,0.08901564,91.11599
JVASP-8238,5,F,91.15696,0.089015976,91.181366
JVASP-8238,6,F,91.156395,0.08901576,91.17292
JVASP-14009,0,Ge,118.39285,0.7444017,118.575356
JVASP-14009,1,Ge,118.39351,0.74440193,118.57601
JVASP-14009,2,Dy,41.013924,0.2220509,40.879005
JVASP-14009,3,Dy,41.013924,0.22205117,40.879005
JVASP-17604,0,Dy,40.986057,0.22202317,41.14017
JVASP-17604,1,Dy,40.986057,0.22202273,41.14017
JVASP-17604,2,Dy,40.986057,0.22202298,41.14017
JVASP-17604,3,Dy,40.986057,0.22202303,41.14017
JVASP-17604,4,Ge,118.24834,0.74439764,118.68731
JVASP-17604,5,Ge,118.24834,0.74439764,118.68731
JVASP-17604,6,Ge,118.24834,0.7443977,118.68731
JVASP-17604,7,Ge,118.24834,0.74439764,118.68731
JVASP-1786,0,O,61.414913,1.3963118,60.213512
JVASP-1786,1,O,61.414913,1.3963122,60.213512
JVASP-1786,2,Cu,93.50617,11.475382,84.03389
JVASP-1786,3,Sm,303.96143,98.93126,226.42993
JVASP-44468,0,Sm,168.5445,0.07200228,168.61401
JVASP-44468,1,Sm,168.5445,0.07200228,168.61401
JVASP-44468,2,Cu,5.2088604,0.3553156,4.8564286
JVASP-44468,3,Cu,5.2088604,0.3553156,4.8564286
JVASP-44468,4,O,151.61905,0.23194292,151.58405
JVASP-44468,5,O,151.61905,0.23194303,151.59393
JVASP-44468,6,O,151.61823,0.23194213,151.66554
JVASP-44468,7,O,151.61823,0.23194209,151.66554
JVASP-44468,8,O,151.61905,0.23194313,151.59393
JVASP-44468,9,O,151.61905,0.23194292,151.58405
JVASP-30668,0,Y,107.882904,0.074157275,107.857735
JVASP-30668,1,Cr,50.004704,0.06888781,49.98463
JVASP-30668,2,F,67.78186,0.100918196,67.82009
JVASP-30668,3,F,67.78186,0.10091818,67.82009
JVASP-30668,4,F,91.57239,0.09179484,91.536934
JVASP-30668,5,F,91.57239,0.0917948,91.536934
JVASP-30668,6,F,8.088326,0.11160201,8.118205
JVASP-8382,0,Y,70.466446,0.09865138,70.43185
JVASP-8382,1,Cr,48.059635,0.09413471,48.05925
JVASP-8382,2,F,65.70135,0.08621188,65.736824
JVASP-8382,3,F,65.70135,0.08621188,65.736824
JVASP-8382,4,F,94.041016,0.09220079,94.00661
JVASP-8382,5,F,94.041016,0.09220076,94.00661
JVASP-8382,6,F,14.293316,0.10010887,14.3353615
JVASP-65575,0,Ba,120.38997,101.836235,222.21426
JVASP-65575,1,Br,280.67886,101.6704,382.3395
JVASP-65575,2,Rh,42.016914,36.104675,5.97958
JVASP-65575,3,Rh,42.016914,36.104675,5.9795794
JVASP-68950,0,Ba,132.43819,107.48265,239.90851
JVASP-68950,1,Rh,41.30113,36.633297,19.017021
JVASP-68950,2,Rh,41.30113,36.633297,19.684126
JVASP-68950,3,Br,282.8499,108.8759,391.71597
JVASP-1735,0,Lu,12.13723,0.01022182,12.136628
JVASP-1735,1,B,7.410931,0.12285301,7.2911296
JVASP-1735,2,B,7.410931,0.122853056,7.2911296
JVASP-50197,0,Ga,24.85966,4.9644017,26.82093
JVASP-50197,1,Ga,24.85966,4.9644136,26.820936
JVASP-50197,2,Bi,192.0963,3.0627189,193.26344
JVASP-50197,3,Bi,192.0963,3.0627298,193.26344
JVASP-50197,4,O,57.91063,0.6321905,57.642155
JVASP-50197,5,O,57.91153,0.6322021,57.91065
JVASP-50197,6,O,57.911476,0.6321995,58.153835
JVASP-50197,7,O,57.91127,0.63220096,58.03229
JVASP-50197,8,O,57.911503,0.6321947,57.777157
JVASP-50197,9,O,57.911148,0.63219756,57.898327
JVASP-8569,0,Ga,0.0,0.10290661,0.10290661
JVASP-8569,1,Bi,0.0,0.53887606,0.53887606
JVASP-8569,2,O,23.927433,0.07010282,23.980986
JVASP-8569,3,O,23.927433,0.07010282,23.862843
JVASP-8569,4,O,23.927433,0.07010273,23.93863
JVASP-17792,0,Rh,81.94957,135.03136,176.27539
JVASP-17792,1,Rh,81.94934,135.03133,176.27464
JVASP-17792,2,In,88.475586,0.08951372,88.55744
JVASP-17792,3,In,88.475586,0.089513615,88.55744
JVASP-17792,4,In,88.475586,0.08951364,88.55872
JVASP-17792,5,In,88.475586,0.08951356,88.55872
JVASP-17792,6,Sm,183.81372,0.07088662,183.74413
JVASP-17792,7,Sm,183.81372,0.07088661,183.74413
JVASP-17836,0,Sm,44.473213,0.15246256,44.619156
JVASP-17836,1,Sm,44.473564,0.15245807,44.61161
JVASP-17836,2,Sm,44.473564,0.15245803,44.61225
JVASP-17836,3,In,25.617094,0.13353957,25.656988
JVASP-17836,4,In,25.615759,0.13353671,25.54245
JVASP-17836,5,In,25.617094,0.1335395,25.646576
JVASP-17836,6,Rh,127.82417,223.85426,96.04189
JVASP-17836,7,Rh,44.51662,58.317204,13.849371
JVASP-17836,8,Rh,127.82417,223.85426,96.0419
JVASP-192,0,Cr,84.46969,5.8371644,90.29119
JVASP-192,1,S,93.98926,9.673465,84.36849
JVASP-192,2,S,93.98926,9.673465,84.36849
JVASP-14759,0,Cr,21.76984,0.34052515,21.874641
JVASP-14759,1,Cr,21.76984,0.34052518,21.874641
JVASP-14759,2,S,1.190452,0.080081135,1.2152157
JVASP-14759,3,S,1.190452,0.080081135,1.2152157
JVASP-18505,0,Cr,14.4500475,57.39064,43.21316
JVASP-18505,1,Cr,14.4500475,57.390633,43.213154
JVASP-18505,2,S,19.441938,52.151104,33.284744
JVASP-18505,3,S,19.441938,52.151104,33.28474
JVASP-18505,4,S,19.441938,52.151104,33.28474
JVASP-18505,5,S,19.441938,52.1511,33.284737
JVASP-30601,0,Cr,71.66097,8.03097,68.34021
JVASP-30601,1,S,93.12086,2.2101736,94.30406
JVASP-30601,2,S,93.12086,2.2101722,94.30406
JVASP-34496,0,Cr,8.029789,0.29046816,7.7486286
JVASP-34496,1,Cr,16.159033,0.10566087,16.218023
JVASP-34496,2,Cr,13.694111,0.48719254,13.915993
JVASP-34496,3,Cr,8.029789,0.29046804,7.7486286
JVASP-34496,4,S,37.776,4.3619976,40.24072
JVASP-34496,5,S,37.776134,4.36199,37.620163
JVASP-34496,6,S,37.776157,4.361991,36.44678
JVASP-34496,7,S,37.776157,4.361992,36.446777
JVASP-34496,8,S,37.776134,4.36199,37.620163
JVASP-34496,9,S,37.776,4.3619976,40.24072
JVASP-598,0,Cr,71.63743,8.013287,68.32369
JVASP-598,1,S,93.12988,2.199767,94.30803
JVASP-598,2,S,93.12988,2.1997674,94.30803
JVASP-15831,0,Cr,3.026431,0.099091835,3.0684369
JVASP-15831,1,Cr,3.026431,0.09909174,3.0684369
JVASP-15831,2,S,16.029728,0.33328506,16.132275
JVASP-15831,3,S,16.029295,0.33328554,15.981861
JVASP-15831,4,S,16.030428,0.3332847,16.153595
JVASP-15831,5,S,16.02947,0.3332855,15.948486
JVASP-42479,0,Cr,3.8245804,1.341888,4.6879573
JVASP-42479,1,Cr,24.757065,0.10047976,24.812471
JVASP-42479,2,Cr,3.6087427,1.4343497,4.6605477
JVASP-42479,3,Cr,3.8298497,1.3414783,4.692826
JVASP-42479,4,S,35.99396,5.8113236,35.850945
JVASP-42479,5,S,35.993492,5.8118124,33.728733
JVASP-42479,6,S,35.99525,5.8113575,33.72983
JVASP-42479,7,S,35.993042,5.811686,35.84961
JVASP-42479,8,S,35.99267,5.811752,38.888466
JVASP-42479,9,S,35.994694,5.8112183,38.890057
JVASP-79252,0,Cr,21.773018,0.34459594,21.755743
JVASP-79252,1,Cr,21.772778,0.34459588,21.755445
JVASP-79252,2,S,1.1760706,0.32749143,0.87645054
JVASP-79252,3,S,1.1760706,0.3274912,0.8764507
JVASP-79825,0,Cr,21.768616,0.34046948,21.873001
JVASP-79825,1,Cr,21.768616,0.34046948,21.873001
JVASP-79825,2,S,1.1880026,0.080051206,1.2126464
JVASP-79825,3,S,1.1880026,0.08005128,1.2126467
JVASP-8213,0,S,23.491768,2.977012,21.95658
JVASP-8213,1,S,23.491768,2.9770126,21.95658
JVASP-8213,2,S,33.972248,4.3090878,35.07203
JVASP-8213,3,S,33.972248,4.309086,35.07203
JVASP-8213,4,Cr,6.0028296,0.45258042,5.714084
JVASP-8213,5,Cr,6.0028296,0.45258024,5.714084
JVASP-8213,6,Cr,19.988712,0.14501265,19.916674
JVASP-8285,0,Cr,71.63287,8.011634,79.63989
JVASP-8285,1,Cr,71.635735,8.012651,79.64377
JVASP-8285,2,Cr,71.635735,8.012652,79.64377
JVASP-8285,3,S,93.12838,2.1998258,90.93707
JVASP-8285,4,S,93.12838,2.199826,90.93707
JVASP-8285,5,S,93.12838,2.199742,90.93716
JVASP-8285,6,S,93.12878,2.199607,90.93769
JVASP-8285,7,S,93.12878,2.1996078,90.93769
JVASP-8285,8,S,93.12838,2.1997406,90.93716
JVASP-189,0,Cr,75.436935,63.575348,12.015166
JVASP-189,1,S,43.19226,47.98182,4.8528504
JVASP-189,2,S,43.19226,47.98182,4.8528504
JVASP-538,0,Cr,21.76984,0.34052515,21.874641
JVASP-538,1,Cr,21.76984,0.3405252,21.874641
JVASP-538,2,S,1.190452,0.08008116,1.2152158
JVASP-538,3,S,1.190452,0.08008117,1.2152157
JVASP-16121,0,Si,15.417101,2.0470805,14.210614
JVASP-16121,1,Si,15.417101,2.0470805,14.210614
JVASP-16121,2,Pd,3.2029786,16.138771,18.485983
JVASP-16121,3,Pd,3.2029786,16.13877,18.485981
JVASP-16121,4,Np,82.88421,0.74541813,83.15245
JVASP-37647,0,Hg,101.28886,0.07290737,101.30325
JVASP-37647,1,Hg,101.28886,0.072907396,101.2268
JVASP-37647,2,Hg,101.28886,0.07290732,101.33656
JVASP-37647,3,Bi,0.0,8.339526,8.339526
JVASP-37648,0,Hg,0.0,0.15558492,0.15558492
JVASP-37648,1,Bi,76.35142,0.10244682,76.32021
JVASP-37648,2,Bi,76.35142,0.102446824,76.28563
JVASP-37648,3,Bi,76.35141,0.10244687,76.44851
JVASP-40476,0,Li,0.00081649655,0.116025314,0.11560396
JVASP-40476,1,Li,0.00081649655,0.11602536,0.115604
JVASP-40476,2,Cu,0.097183675,0.08068997,0.12157309
JVASP-40476,3,Cu,0.097183675,0.080689944,0.10298385
JVASP-40476,4,S,0.14599314,0.102589786,0.23093839
JVASP-40476,5,S,0.14599314,0.10258999,0.22860326
JVASP-43079,0,Li,0.41153616,0.107138336,0.30700365
JVASP-43079,1,Li,0.41153616,0.107138276,0.3070037
JVASP-43079,2,Cu,105.7008,0.07220571,105.67564
JVASP-43079,3,Cu,105.7008,0.07220575,105.67564
JVASP-43079,4,S,60.58078,0.1471473,60.449482
JVASP-43079,5,S,60.58078,0.14714739,60.449482
JVASP-50835,0,Li,0.06615134,0.09265973,0.031168465
JVASP-50835,1,Li,0.06615134,0.09265972,0.030254386
JVASP-50835,2,Li,0.06615134,0.09265972,0.030254385
JVASP-50835,3,Li,0.06615134,0.09265978,0.031168502
JVASP-50835,4,Cu,6.386743,0.0784853,6.4388247
JVASP-50835,5,Cu,6.386743,0.078485265,6.43919
JVASP-50835,6,Cu,6.386743,0.07848524,6.43919
JVASP-50835,7,Cu,6.386743,0.07848523,6.4388247
JVASP-50835,8,S,42.81668,0.15798558,42.94252
JVASP-50835,9,S,42.81668,0.15798561,42.94252
JVASP-50835,10,S,42.81668,0.15798551,42.94252
JVASP-50835,11,S,42.81668,0.15798561,42.94252
JVASP-50909,0,Li,0.17398852,0.14575502,0.25244176
JVASP-50909,1,Li,0.17398852,0.14575496,0.2547747
JVASP-50909,2,Li,0.17391568,0.14573239,0.25227237
JVASP-50909,3,Li,0.17391568,0.14573234,0.2544867
JVASP-50909,4,Li,0.17398852,0.14575495,0.2524417
JVASP-50909,5,Li,0.17398852,0.14575502,0.25477472
JVASP-50909,6,Li,0.17391568,0.14573234,0.25227237
JVASP-50909,7,Li,0.17391568,0.14573237,0.25448674
JVASP-50909,8,Cu,6.4940133,0.13479885,6.378691
JVASP-50909,9,Cu,6.491651,0.13480632,6.3756022
JVASP-50909,10,Cu,6.4940133,0.13479884,6.378691
JVASP-50909,11,Cu,6.491651,0.13480632,6.3756022
JVASP-50909,12,S,92.61667,0.16221939,92.70937
JVASP-50909,13,S,92.88455,0.16213861,92.77023
JVASP-50909,14,S,92.88455,0.16213864,92.77022
JVASP-50909,15,S,92.73728,0.15853046,92.80605
JVASP-50909,16,S,92.61667,0.16221951,92.70937
JVASP-50909,17,S,92.88455,0.16213855,92.77023
JVASP-50909,18,S,92.88455,0.1621386,92.77022
JVASP-50909,19,S,92.73728,0.15853028,92.80605
JVASP-79300,0,Li,0.77295923,0.119828664,0.78093386
JVASP-79300,1,Cu,38.768818,0.095592774,38.716343
JVASP-79300,2,S,200.7713,0.24349858,200.86378
JVASP-79300,3,S,200.7713,0.24349861,200.86378
JVASP-9895,0,Mg,10.872151,0.20805289,10.674934
JVASP-9895,1,Mg,5.567359,0.2680693,5.3073444
JVASP-9895,2,Fe,21.983335,0.56288844,21.428589
JVASP-9895,3,W,93.09458,0.076319404,93.02414
JVASP-9895,4,O,44.76218,0.37410837,44.930805
JVASP-9895,5,O,73.014626,0.41663703,72.86364
JVASP-9895,6,O,44.77445,0.37416703,44.875877
JVASP-9895,7,O,44.75292,0.37427086,44.896637
JVASP-9895,8,O,73.02943,0.41651264,72.96379
JVASP-9895,9,O,72.98237,0.41643357,72.80955
JVASP-2646,0,N,56.564117,0.054834034,56.555634
JVASP-2646,1,N,56.563225,0.054834023,56.544464
JVASP-2646,2,N,56.563583,0.05483397,56.59365
JVASP-2646,3,N,56.564426,0.05483396,56.52441
JVASP-2646,4,Ca,69.98757,0.034470048,69.996376
JVASP-2646,5,Ca,69.98757,0.03447003,69.996376
JVASP-2646,6,Ge,55.918232,0.15963547,55.878113
JVASP-2646,7,Ge,55.918232,0.15963556,55.878113
JVASP-16665,0,Ca,120.73453,0.16225508,120.80265
JVASP-16665,1,Ca,120.73453,0.16225511,120.8272
JVASP-16665,2,Ca,120.734535,0.16225508,120.5739
JVASP-16665,3,Ge,0.0,0.019977743,0.019977743
JVASP-16665,4,N,0.0,0.012866065,0.012866065
JVASP-33847,0,Sm,150.01532,0.04204385,150.0449
JVASP-33847,1,Sm,150.01532,0.042040806,150.0449
JVASP-33847,2,I,210.08162,1.8362614,209.35043
JVASP-33847,3,I,210.08067,1.8361562,209.12514
JVASP-33847,4,I,210.08174,1.8362416,209.17168
JVASP-33847,5,I,210.08162,1.8362703,209.35043
JVASP-33847,6,I,210.08067,1.8362421,209.1251
JVASP-33847,7,I,210.08174,1.8361969,209.17169
JVASP-37277,0,Sm,74.809044,3.1195583,71.693695
JVASP-37277,1,I,179.19977,0.24155173,179.43668
JVASP-37285,0,Sm,48.57583,10.586377,38.02808
JVASP-37285,1,Sm,48.57583,10.586375,38.02808
JVASP-37285,2,Sm,197.17819,10.353369,207.50272
JVASP-37285,3,Sm,48.57583,10.586379,38.028076
JVASP-37285,4,Sm,48.57583,10.586378,38.02808
JVASP-37285,5,Sm,197.17819,10.353371,207.50272
JVASP-37285,6,I,72.75964,0.14093187,72.627174
JVASP-37285,7,I,72.75964,0.14093189,72.627174
JVASP-37417,0,Sm,83.84039,6.3585944,86.09632
JVASP-37417,1,Sm,83.83419,6.3588123,85.3518
JVASP-37417,2,Sm,83.83419,6.358812,85.53033
JVASP-37417,3,Sm,83.84039,6.358594,86.09632
JVASP-37417,4,Sm,83.83419,6.358814,85.3518
JVASP-37417,5,Sm,83.83419,6.358813,85.53033
JVASP-37417,6,I,65.97619,0.108536825,65.95942
JVASP-37417,7,I,65.97619,0.108536765,65.95942
JVASP-65583,0,Ba,103.63792,21.615313,125.24073
JVASP-65583,1,Ga,11.41173,0.17827776,11.461605
JVASP-65583,2,Ga,11.41173,0.17827773,11.28723
JVASP-65583,3,Cl,53.96389,0.08446842,54.021175
JVASP-65640,0,Ba,92.11796,35.967094,128.08191
JVASP-65640,1,Ba,92.11796,35.967102,128.08191
JVASP-65640,2,Ga,0.2604624,0.21269202,0.4598604
JVASP-65640,3,Ga,0.2604624,0.21269208,0.45986047
JVASP-65640,4,Ga,0.2604624,0.21269211,0.4598605
JVASP-65640,5,Ga,0.2604624,0.21269226,0.45986065
JVASP-65640,6,Cl,54.73466,0.22512133,54.94609
JVASP-65640,7,Cl,54.73466,0.22512154,54.94609
JVASP-69255,0,Ba,12.446673,19.260445,6.8645315
JVASP-69255,1,Ga,114.488335,0.36081174,114.808235
JVASP-69255,2,Cl,43.780117,0.054000866,43.79269
JVASP-69255,3,Cl,43.780117,0.054000918,43.7978
JVASP-14521,0,Pr,120.38221,0.015855376,120.371506
JVASP-14521,1,Ni,3.9216697,4.1216283,0.41686836
JVASP-14521,2,Ni,3.9216697,4.1216264,0.41686738
JVASP-14521,3,Ni,18.158188,5.8376036,19.291285
JVASP-14521,4,Ni,18.139242,5.837329,20.004246
JVASP-14521,5,Ni,18.158188,5.8376045,19.64224
JVASP-16656,0,Pr,34.50075,0.20503467,34.635765
JVASP-16656,1,Pr,34.50075,0.20503455,34.635765
JVASP-16656,2,Pr,34.50075,0.20503436,34.635765
JVASP-16656,3,Pr,34.50075,0.20503438,34.635765
JVASP-16656,4,Ni,33.0095,1.5222379,34.305805
JVASP-16656,5,Ni,33.0095,1.5222365,34.305805
JVASP-16656,6,Ni,33.0095,1.5222372,34.305805
JVASP-16656,7,Ni,33.0095,1.5222377,34.305805
JVASP-14848,0,Ho,0.0,0.49368593,0.49368593
JVASP-14848,1,Cd,0.0,0.64645386,0.64645386
JVASP-36302,0,Ho,39.033844,0.45623866,38.60141
JVASP-36302,1,Cd,145.85732,99.72304,46.183647
JVASP-36302,2,Cd,145.85732,99.72304,46.183647
JVASP-16476,0,Cd,86.11096,65.11479,71.02057
JVASP-16476,1,Cd,86.11096,65.11479,71.02057
JVASP-16476,2,Cd,98.67748,0.65511495,99.12732
JVASP-16476,3,Cd,98.67748,0.65511554,99.12732
JVASP-16476,4,Cd,98.67749,0.65511686,98.18782
JVASP-16476,5,Cd,98.67749,0.6551161,98.18782
JVASP-16476,6,Ho,66.68709,0.23890918,66.52102
JVASP-16476,7,Ho,66.68709,0.23890929,66.52102
JVASP-16475,0,Ho,35.593536,0.45948502,35.15821
JVASP-16475,1,Cd,147.51929,99.398544,48.1688
JVASP-16475,2,Cd,147.51929,99.39854,48.168816
JVASP-32416,0,H,30.916851,0.012008819,30.923372
JVASP-32416,1,H,31.035994,0.042932563,31.015503
JVASP-32416,2,H,31.282053,0.13761324,31.357409
JVASP-32416,3,H,31.282053,0.13761327,31.357409
JVASP-32416,4,H,29.998638,0.096567415,30.047815
JVASP-32416,5,H,31.167288,0.055144675,31.1987
JVASP-32416,6,H,31.119938,0.014321094,31.115244
JVASP-32416,7,H,29.998638,0.096567415,30.047823
JVASP-32416,8,H,31.12159,0.014295906,31.116932
JVASP-32416,9,H,30.915936,0.014407113,30.915846
JVASP-32416,10,H,31.164892,0.054309193,31.195856
JVASP-32416,11,H,31.164892,0.05430919,31.188478
JVASP-32416,12,H,31.035648,0.038065545,31.01872
JVASP-32416,13,H,31.035648,0.038065534,31.017565
JVASP-32416,14,H,30.916851,0.012008811,30.914162
JVASP-32416,15,H,31.035994,0.042932566,31.016624
JVASP-32416,16,H,31.167288,0.055144683,31.191313
JVASP-32416,17,H,30.915936,0.014407108,30.925089
JVASP-32416,18,H,31.12159,0.014295889,31.115583
JVASP-32416,19,H,31.119938,0.014321075,31.113903
JVASP-32416,20,C,53.801846,0.06168134,53.83551
JVASP-32416,21,C,55.322304,0.030663256,55.30821
JVASP-32416,22,C,55.322304,0.030663256,55.30605
JVASP-32416,23,C,53.801846,0.061681475,53.83551
JVASP-32416,24,C,55.32607,0.030537961,55.30989
JVASP-32416,25,C,55.32607,0.030538017,55.312035
JVASP-32416,26,N,27.955048,0.083610244,27.915705
JVASP-32416,27,N,27.955048,0.083610214,27.91571
JVASP-32416,28,Cl,4.701725,0.18534526,4.755165
JVASP-32416,29,Cl,4.701725,0.18534523,4.755159
JVASP-32416,30,O,244.09975,0.010940378,244.09404
JVASP-32416,31,O,243.69377,0.09806157,243.6277
JVASP-32416,32,O,243.68578,0.098114856,243.65273
JVASP-32416,33,O,244.09975,0.0109403785,244.09404
JVASP-32416,34,O,247.95854,0.035655685,247.97289
JVASP-32416,35,O,243.68578,0.09811484,243.61969
JVASP-32416,36,O,243.69377,0.09806159,243.66074
JVASP-32416,37,O,247.95854,0.035655648,247.97289
JVASP-56213,0,Sr,18.887014,0.1498116,18.873331
JVASP-56213,1,Sr,18.887014,0.14981163,18.873331
JVASP-56213,2,Zn,34.24435,27.201017,29.850685
JVASP-56213,3,Zn,34.24435,27.201021,29.850687
JVASP-56213,4,Zn,34.24515,27.201113,45.959576
JVASP-56213,5,Zn,34.24515,27.201113,45.959576
JVASP-22268,0,Ho,41.571922,0.9379159,42.438137
JVASP-22268,1,Ho,41.571922,0.9379156,42.438133
JVASP-22268,2,Si,11.420339,0.12928507,11.293791
JVASP-22268,3,Si,24.134007,0.6779324,23.457167
JVASP-22268,4,Si,11.420339,0.12928535,11.293791
JVASP-22268,5,Si,24.134007,0.6779324,23.457167
JVASP-22268,6,Pt,36.58068,8.020976,28.831564
JVASP-22268,7,Pt,38.905247,6.176586,32.734062
JVASP-22268,8,Pt,38.905247,6.1765847,32.734062
JVASP-22268,9,Pt,36.58068,8.020981,28.831558
JVASP-36346,0,Pd,0.0,0.09792804,0.09792804
JVASP-36346,1,C,0.0,0.03328289,0.03328289
JVASP-36348,0,Pd,0.0,0.15417373,0.15417373
JVASP-36348,1,C,0.0,0.34188184,0.34188184
JVASP-1609,0,O,55.043484,0.28698155,54.808376
JVASP-1609,1,O,55.043484,0.28698155,54.808376
JVASP-1609,2,Na,6.355467,0.08669015,6.433533
JVASP-1609,3,Rh,6.7609024,0.08058866,6.6879687
JVASP-36689,0,Sr,75.740654,0.085626416,75.76437
JVASP-36689,1,Sr,92.79062,0.15857281,92.738235
JVASP-36689,2,W,369.10913,0.51463705,368.87274
JVASP-36689,3,W,256.33017,0.24249734,256.46582
JVASP-36689,4,N,49.74401,0.084646925,49.693165
JVASP-36689,5,N,121.57171,0.061479624,121.54878
JVASP-36689,6,N,41.515316,0.05883357,41.511494
JVASP-36689,7,N,93.48913,0.037688185,93.46036
JVASP-36689,8,N,43.34226,0.026269604,43.327396
JVASP-36689,9,N,34.97851,0.06372274,34.979958
JVASP-38050,0,Sr,114.730835,0.07499248,114.689316
JVASP-38050,1,Sr,114.730835,0.074992426,114.689316
JVASP-38050,2,W,220.87956,0.2139843,221.05502
JVASP-38050,3,W,220.87956,0.21398443,221.05502
JVASP-38050,4,N,42.39765,0.06657156,42.36624
JVASP-38050,5,N,92.47046,0.05570745,92.50051
JVASP-38050,6,N,92.47046,0.05570742,92.50051
JVASP-38050,7,N,11.1678705,0.06167805,11.154073
JVASP-38050,8,N,11.1678705,0.061678052,11.154073
JVASP-38050,9,N,42.39765,0.06657156,42.36624
JVASP-39266,0,Lu,0.0,2.0447657,2.0447657
JVASP-39266,1,U,0.0,0.015895177,0.015895177
JVASP-39266,2,O,105.69711,0.092452615,105.78438
JVASP-39266,3,O,105.69711,0.09245266,105.673805
JVASP-39266,4,O,105.69711,0.09245265,105.63321
JVASP-2832,0,F,275.7585,0.077674575,275.81305
JVASP-2832,1,F,275.7593,0.077674635,275.7296
JVASP-2832,2,F,275.75827,0.07767461,275.74066
JVASP-2832,3,F,275.7593,0.07767463,275.7296
JVASP-2832,4,F,275.7585,0.07767458,275.81305
JVASP-2832,5,F,275.75827,0.07767459,275.74066
JVASP-2832,6,Pd,11.878104,0.03510633,11.872065
JVASP-2832,7,Pt,28.186218,0.06598986,28.241505
JVASP-29238,0,In,53.442097,0.13598387,53.53621
JVASP-29238,1,In,78.51751,0.061152745,78.56181
JVASP-29238,2,In,53.442097,0.13598385,53.53621
JVASP-29238,3,In,78.51751,0.06115281,78.56181
JVASP-29238,4,In,121.716255,0.14031649,121.730705
JVASP-29238,5,In,48.34536,0.0651385,48.281162
JVASP-29238,6,In,48.34536,0.06513848,48.281162
JVASP-29238,7,In,121.716255,0.14031643,121.730705
JVASP-29238,8,Bi,209.26625,2.646353,209.59291
JVASP-29238,9,Bi,310.05634,1.8441142,308.455
JVASP-29238,10,Bi,209.26625,2.6463535,209.59291
JVASP-29238,11,Bi,310.05634,1.8441138,308.455
JVASP-29238,12,S,30.739695,0.12444922,30.723843
JVASP-29238,13,S,63.484295,0.511979,63.316856
JVASP-29238,14,S,30.739695,0.124449275,30.723843
JVASP-29238,15,S,118.27019,0.108866304,118.28576
JVASP-29238,16,S,43.896,0.18346946,43.99483
JVASP-29238,17,S,80.73713,0.19414671,80.54684
JVASP-29238,18,S,37.344276,0.08448436,37.334972
JVASP-29238,19,S,116.220055,0.18234353,116.156075
JVASP-29238,20,S,76.00045,0.7193123,75.77215
JVASP-29238,21,S,118.27019,0.10886632,118.28576
JVASP-29238,22,S,116.220055,0.18234345,116.156075
JVASP-29238,23,S,80.73713,0.19414671,80.54684
JVASP-29238,24,S,49.713345,0.09241188,49.736332
JVASP-29238,25,S,76.00045,0.71931213,75.77215
JVASP-29238,26,S,63.484295,0.51197875,63.316856
JVASP-29238,27,S,37.344276,0.084484406,37.334972
JVASP-29238,28,S,43.896,0.18346949,43.99483
JVASP-29238,29,S,49.713345,0.092411675,49.736332
JVASP-19824,0,Tm,0.0,0.09128945,0.09128945
JVASP-19824,1,Al,28.389587,0.84167784,27.90774
JVASP-19824,2,Al,28.389587,0.8416775,29.224236
JVASP-19824,3,Al,28.389587,0.84167796,28.055895
JVASP-37376,0,Tm,43.83729,0.11743904,43.72016
JVASP-37376,1,Tm,43.83729,0.11743904,43.72016
JVASP-37376,2,Al,3.074084,1.856075,4.2894187
JVASP-37376,3,Al,3.0741212,1.8560874,4.383033
JVASP-37376,4,Al,3.074084,1.8560752,4.2469482
JVASP-37376,5,Al,3.074084,1.856075,4.2894187
JVASP-37376,6,Al,3.0741212,1.8560879,4.383033
JVASP-37376,7,Al,3.074084,1.8560745,4.246948
JVASP-22365,0,F,179.98856,0.07448899,180.02597
JVASP-22365,1,F,179.98552,0.07448771,179.96996
JVASP-22365,2,F,179.98552,0.07448774,179.96996
JVASP-22365,3,F,179.98856,0.074488945,180.02597
JVASP-22365,4,F,194.25742,0.07333958,194.23642
JVASP-22365,5,F,194.25742,0.073339604,194.23642
JVASP-22365,6,Cu,66.08444,0.45901868,66.33674
JVASP-22365,7,Cu,66.09164,0.45902187,65.886086
JVASP-22365,8,Rb,1.1424999,0.012947525,1.141823
JVASP-22365,9,Rb,1.1424999,0.012947531,1.141823
JVASP-34358,0,Rb,0.012247449,0.0108306995,0.01914752
JVASP-34358,1,Cu,0.058787756,0.21893412,0.27741846
JVASP-34358,2,F,178.04524,0.017719049,178.0334
JVASP-34358,3,F,177.97746,0.017736616,177.98781
JVASP-34358,4,F,177.97746,0.017736595,177.97902
JVASP-35384,0,Rb,7.666903,0.059663672,7.7261195
JVASP-35384,1,Rb,7.666903,0.059663646,7.7261195
JVASP-35384,2,Cu,58.192528,0.21706054,58.40846
JVASP-35384,3,F,102.67445,0.057954475,102.619606
JVASP-35384,4,F,102.67445,0.057954416,102.619606
JVASP-35384,5,F,149.26321,0.017397296,149.2525
JVASP-35384,6,F,149.26321,0.017397322,149.25945
JVASP-7967,0,Ce,97.260666,0.010690568,97.26219
JVASP-7967,1,Al,14.383866,0.6493701,13.754296
JVASP-7967,2,Al,14.383866,0.6493704,13.758185
JVASP-7967,3,Al,14.383911,0.6493666,13.737382
JVASP-7967,4,Ni,9.514229,0.078906655,9.437285
JVASP-7967,5,Ni,9.514229,0.07890662,9.437285
JVASP-8069,0,Al,53.44441,2.0758073,54.20798
JVASP-8069,1,Al,23.645235,1.2418824,23.574516
JVASP-8069,2,Al,23.645235,1.2418834,23.574516
JVASP-8069,3,Al,23.645864,1.2418816,23.485075
JVASP-8069,4,Al,23.645864,1.2418817,23.485075
JVASP-8069,5,Ni,22.893839,5.5574217,23.38147
JVASP-8069,6,Ni,22.893839,5.5574193,23.381468
JVASP-8069,7,Ce,185.22636,0.034924757,185.23216
JVASP-34340,0,Ca,0.48744848,0.06386665,0.42395586
JVASP-34340,1,F,68.23892,0.013288155,68.24957
JVASP-34340,2,F,68.23892,0.013288152,68.24063
JVASP-57562,0,Ca,40.649143,0.13815081,40.599834
JVASP-57562,1,Ca,40.649143,0.13815075,40.601048
JVASP-57562,2,F,61.733646,0.055225622,61.72782
JVASP-57562,3,F,37.2463,0.048063215,37.23736
JVASP-57562,4,F,37.2463,0.048063252,37.24001
JVASP-57562,5,F,61.733646,0.055225648,61.70502
JVASP-56231,0,Ce,54.426167,1.3402637,53.344234
JVASP-56231,1,Si,9.91591,0.7290093,10.548605
JVASP-56231,2,Si,9.91591,0.7290089,10.548605
JVASP-56231,3,Au,167.65675,109.82513,201.98383
JVASP-56231,4,Au,168.887,67.83268,172.98409
JVASP-56231,5,Au,167.65675,109.82513,201.98383
JVASP-56231,6,Au,168.887,67.83268,172.98409
JVASP-63031,0,Ce,1.9399959,0.16284713,2.1024013
JVASP-63031,1,Ce,1.9399959,0.16284691,2.102401
JVASP-63031,2,Si,10.817763,0.8851772,11.69906
JVASP-63031,3,Si,10.817763,0.8851772,11.69906
JVASP-63031,4,Si,10.817763,0.8851772,11.69906
JVASP-63031,5,Si,10.817763,0.8851773,11.69906
JVASP-63031,6,Au,136.90851,86.19964,50.77326
JVASP-63031,7,Au,136.90851,86.19962,50.773273
JVASP-63031,8,Au,136.90851,86.19963,50.77327
JVASP-63031,9,Au,136.90851,86.19963,50.77327
JVASP-63849,0,Au,140.29942,86.45499,53.906696
JVASP-63849,1,Au,140.29942,86.45499,53.906696
JVASP-63849,2,Ce,1.8379338,0.15601647,1.9934534
JVASP-63849,3,Si,10.594043,0.8846583,11.474739
JVASP-63849,4,Si,10.594043,0.8846583,11.474739
JVASP-78758,0,Na,11.740406,0.12411876,11.850965
JVASP-78758,1,Tm,81.84603,0.124727316,81.934235
JVASP-22718,0,F,172.36679,0.090122715,172.32222
JVASP-22718,1,F,172.36427,0.090124115,172.41599
JVASP-22718,2,F,172.36322,0.09012398,172.34163
JVASP-22718,3,F,172.36679,0.09012283,172.32222
JVASP-22718,4,F,172.36427,0.09012415,172.41599
JVASP-22718,5,F,172.36322,0.09012402,172.34163
JVASP-22718,6,Ge,12.518934,0.023961216,12.50469
JVASP-22718,7,Rb,13.323183,0.24019514,13.083289
JVASP-22718,8,Rb,13.323183,0.24019511,13.083289
JVASP-16109,0,Nd,1.9546949,0.26908076,1.7117717
JVASP-16109,1,Nd,1.9546949,0.2690807,1.7117718
JVASP-16109,2,As,85.51781,31.495508,117.0056
JVASP-16109,3,As,85.51781,31.495514,117.00561
JVASP-16109,4,Pd,186.93771,108.7893,78.155014
JVASP-16109,5,Pd,186.93771,108.78932,78.15499
JVASP-16110,0,Nd,2.1482067,0.2504435,1.9232891
JVASP-16110,1,Nd,2.1482067,0.25044355,1.9232891
JVASP-16110,2,As,75.711685,30.921848,106.62679
JVASP-16110,3,As,75.711685,30.921852,106.62679
JVASP-16110,4,Pd,187.31004,110.23739,77.07937
JVASP-16110,5,Pd,187.31004,110.23739,77.07937
JVASP-16709,0,As,160.88795,27.535614,143.4385
JVASP-16709,1,As,160.88795,27.535616,143.4385
JVASP-16709,2,Pd,21.65321,16.03744,16.031013
JVASP-16709,3,Pd,21.65321,16.03744,16.031013
JVASP-16709,4,Nd,34.094345,1.0993967,33.657154
JVASP-3975,0,Li,0.37714985,0.062443834,0.36642593
JVASP-3975,1,Li,0.37714985,0.062443867,0.36642593
JVASP-3975,2,Br,75.3602,0.2351008,75.39316
JVASP-3975,3,Br,75.3602,0.23510076,75.39316
JVASP-3975,4,Br,86.10533,0.09064236,86.03792
JVASP-3975,5,Br,86.10533,0.09064236,86.07165
JVASP-3975,6,Rb,12.490116,0.176227,12.638549
JVASP-3975,7,Rb,12.490116,0.17622691,12.638548
JVASP-79202,0,K,17.59836,0.03876446,17.636274
JVASP-79202,1,Ce,66.90128,0.059335493,66.84316
JVASP-79202,2,S,5.6534224,0.14887702,5.5075903
JVASP-79202,3,S,5.6534224,0.14887701,5.5075903
JVASP-8124,0,S,5.643353,0.1487992,5.5123763
JVASP-8124,1,S,5.643353,0.14879921,5.5123763
JVASP-8124,2,K,17.581892,0.03717306,17.614279
JVASP-8124,3,Ce,66.868164,0.059564225,66.81291
JVASP-2865,0,O,47.61874,28.888494,30.309462
JVASP-2865,1,Ca,25.035646,0.050561406,25.011236
JVASP-2865,2,Ca,25.035646,0.050561357,25.011236
JVASP-2865,3,Ca,81.609665,0.06498957,81.605156
JVASP-2865,4,Ca,81.6095,0.06498956,81.65716
JVASP-2865,5,As,55.845165,0.1030061,55.858925
JVASP-2865,6,As,55.845165,0.103006154,55.858925
JVASP-61629,0,Ca,26.937038,0.021323523,26.955044
JVASP-61629,1,As,20.488348,0.9787402,21.463835
JVASP-61629,2,As,20.488348,0.9787402,21.463835
JVASP-61629,3,O,160.02864,0.9141868,159.77687
JVASP-61629,4,O,160.02864,0.914187,159.76257
JVASP-61629,5,O,160.0286,0.914187,160.0669
JVASP-61629,6,O,160.02864,0.9141866,159.76257
JVASP-61629,7,O,160.02864,0.9141869,159.77687
JVASP-61629,8,O,160.0286,0.914187,160.0669
JVASP-62464,0,Ca,26.928465,0.021250362,26.946383
JVASP-62464,1,As,20.49488,0.97876483,21.470392
JVASP-62464,2,As,20.49488,0.9787647,21.470392
JVASP-62464,3,O,160.03731,0.9142913,160.12495
JVASP-62464,4,O,160.03596,0.9142914,159.70883
JVASP-62464,5,O,160.03596,0.9142915,159.7955
JVASP-62464,6,O,160.03596,0.9142915,159.70883
JVASP-62464,7,O,160.03731,0.9142912,160.12495
JVASP-62464,8,O,160.03596,0.9142914,159.7955
JVASP-63205,0,Ca,26.946838,0.021308616,26.964828
JVASP-63205,1,As,20.488756,0.97784287,21.463348
JVASP-63205,2,As,20.488756,0.97784287,21.463348
JVASP-63205,3,O,160.03476,0.9141362,160.12256
JVASP-63205,4,O,160.03325,0.9141354,159.79294
JVASP-63205,5,O,160.03325,0.9141354,159.70624
JVASP-63205,6,O,160.03325,0.9141352,159.79294
JVASP-63205,7,O,160.03476,0.9141363,160.12256
JVASP-63205,8,O,160.03325,0.9141353,159.70624
JVASP-86460,0,Ca,26.904787,0.021270618,26.922726
JVASP-86460,1,As,20.485083,0.98115057,21.462988
JVASP-86460,2,As,20.485083,0.98115075,21.462988
JVASP-86460,3,O,160.02005,0.91456085,159.76822
JVASP-86460,4,O,160.02005,0.9145609,159.75394
JVASP-86460,5,O,160.02129,0.91455984,160.05959
JVASP-86460,6,O,160.02005,0.91456085,159.75394
JVASP-86460,7,O,160.02129,0.9145598,160.05959
JVASP-86460,8,O,160.02005,0.9145608,159.76822
JVASP-12611,0,Ba,15.947812,0.06764417,15.880599
JVASP-12611,1,Pr,7.5868864,0.035999134,7.622143
JVASP-12611,2,Co,0.80833167,0.15211095,0.65722066
JVASP-12611,3,Co,0.80833167,0.15211098,0.6572206
JVASP-12611,4,O,150.33253,0.037781287,150.33879
JVASP-12611,5,O,133.52577,0.039086044,133.52647
JVASP-12611,6,O,154.68758,0.04631881,154.64758
JVASP-12611,7,O,154.68758,0.04631883,154.72495
JVASP-12611,8,O,154.68758,0.04631888,154.72495
JVASP-12611,9,O,154.68758,0.046318814,154.64758
JVASP-17676,0,Mn,4.836634,21.031372,24.956575
JVASP-17676,1,Mn,4.836634,21.031372,24.956575
JVASP-17676,2,Ge,83.08426,87.28035,64.55768
JVASP-17676,3,Ge,83.08426,87.28034,64.55768
JVASP-17676,4,U,364.50854,101.95349,298.37378
JVASP-3351,0,Rb,42.638268,0.009297584,42.63864
JVASP-3351,1,Rb,42.638268,0.009297583,42.63864
JVASP-3351,2,Y,0.20087808,0.034316253,0.2321772
JVASP-3351,3,Y,0.20087808,0.03431625,0.2321772
JVASP-3351,4,Te,6.6107645,0.07459288,6.6813245
JVASP-3351,5,Te,6.6107645,0.07459288,6.6813245
JVASP-3351,6,Te,6.6111727,0.07459287,6.6817346
JVASP-3351,7,Te,6.6107645,0.07459288,6.6813245
JVASP-35237,0,I,0.0,2.7564158,2.7564158
JVASP-35237,1,Cl,0.0,0.023928009,0.023928009
JVASP-35237,2,O,212.94394,0.076806605,212.95772
JVASP-35237,3,O,212.94394,0.076806664,212.87326
JVASP-35237,4,O,212.94394,0.076806605,213.00085
JVASP-18598,0,Ba,10.014739,0.079969324,9.942802
JVASP-18598,1,Au,304.839,140.72853,164.16869
JVASP-18598,2,Au,304.839,140.72855,164.16867
JVASP-18599,0,Ba,151.57565,0.09543362,151.48062
JVASP-18599,1,Au,280.33185,0.61457443,279.77304
JVASP-18599,2,Au,312.2811,4.641765,313.7794
JVASP-18599,3,Au,312.28162,4.641438,313.13647
JVASP-18599,4,Au,312.2811,4.641769,313.884
JVASP-18599,5,Au,280.33185,0.6145745,279.77304
JVASP-56604,0,Ba,77.52055,50.139847,91.27685
JVASP-56604,1,Ba,77.52055,50.139854,89.73114
JVASP-56604,2,Ba,77.52055,50.139854,91.27685
JVASP-56604,3,Ba,77.52055,50.139847,89.73114
JVASP-56604,4,Au,110.80706,92.76986,195.73592
JVASP-56604,5,Au,110.80706,92.76986,196.06532
JVASP-56604,6,Au,110.80706,92.76986,196.06532
JVASP-56604,7,Au,110.80706,92.76986,195.73592
JVASP-69312,0,Ba,242.56561,46.67024,289.2282
JVASP-69312,1,Hf,170.1489,0.11256425,170.23488
JVASP-69312,2,Bi,933.89844,47.648808,965.49646
JVASP-69312,3,Bi,933.89844,47.648804,965.91956
JVASP-17917,0,Li,0.9687797,1.5778297,0.61518174
JVASP-17917,1,Li,1.7444485,9.404646,7.666691
JVASP-17917,2,Li,0.9687797,1.5778301,0.615182
JVASP-17917,3,Ca,5.1786294,0.017188463,5.1661663
JVASP-17917,4,Ca,5.1786294,0.017188463,5.1661663
JVASP-17917,5,Ca,8.40624,0.040312793,8.368124
JVASP-17917,6,Pb,676.7046,77.909256,598.80914
JVASP-17917,7,Pb,676.7046,77.90926,598.80914
JVASP-17917,8,Pb,214.00212,66.43298,147.5839
JVASP-4492,0,Lu,110.439575,52.62407,158.14673
JVASP-4492,1,Lu,110.439575,52.62407,158.14673
JVASP-4492,2,Ta,329.61295,3.7927902,331.3967
JVASP-4492,3,Ta,329.61295,3.7927907,331.3967
JVASP-4492,4,O,21.362923,0.19009168,21.519129
JVASP-4492,5,O,21.362923,0.19009152,21.506115
JVASP-4492,6,O,21.362923,0.19009164,21.519129
JVASP-4492,7,O,21.362923,0.1900916,21.506115
JVASP-4492,8,O,13.66421,0.20073244,13.747128
JVASP-4492,9,O,13.66421,0.20073253,13.756951
JVASP-4492,10,O,13.66421,0.20073254,13.747128
JVASP-4492,11,O,13.66421,0.20073251,13.756951
JVASP-39380,0,Lu,238.92813,85.03119,323.9275
JVASP-39380,1,Lu,238.92813,85.03119,323.9275
JVASP-39380,2,Ta,14.803083,20.315283,35.111107
JVASP-39380,3,Ta,146.14473,19.956127,126.26292
JVASP-39380,4,O,51.42323,0.49397016,51.082497
JVASP-39380,5,O,51.42323,0.4939702,51.082497
JVASP-39380,6,O,114.883514,7.5933013,122.42517
JVASP-39380,7,O,51.42323,0.49396962,51.394608
JVASP-39380,8,O,51.42323,0.49396944,51.394608
JVASP-17696,0,Pr,53.93119,0.05417452,53.89323
JVASP-17696,1,Pr,53.934757,0.054177105,53.90998
JVASP-17696,2,Pr,53.934757,0.054177113,53.90652
JVASP-17696,3,Sn,91.985214,0.0950761,92.04296
JVASP-17696,4,Sn,91.98455,0.09507892,91.96092
JVASP-17696,5,Sn,91.985214,0.09507603,92.03459
JVASP-17696,6,Pt,375.80685,409.19968,33.7847
JVASP-17696,7,Pt,0.9479536,75.867035,76.81489
JVASP-17696,8,Pt,375.80685,409.19968,33.784706
JVASP-13951,0,Ba,45.52622,9.081909,36.451794
JVASP-13951,1,Ba,45.52622,9.081909,36.451794
JVASP-13951,2,Ag,0.6540153,0.05365837,0.62162817
JVASP-13951,3,Ag,0.6540153,0.053658362,0.62162817
JVASP-13951,4,Bi,361.12827,18.57314,342.608
JVASP-13951,5,Bi,361.12827,18.573135,342.608
JVASP-77364,0,Ba,9.763188,16.552267,17.04238
JVASP-77364,1,Ba,9.763188,16.552269,17.042381
JVASP-77364,2,Ba,9.763188,16.552269,17.042381
JVASP-77364,3,Ba,9.763188,16.552269,17.042381
JVASP-77364,4,Ag,4.5690413,1.1529969,4.7012997
JVASP-77364,5,Ag,4.5690413,1.1529969,4.7012997
JVASP-77364,6,Bi,21.541965,87.22456,84.630104
JVASP-77364,7,Bi,21.541965,87.22457,84.63011
JVASP-81536,0,Ba,48.838585,15.833499,45.892067
JVASP-81536,1,Ba,48.838585,15.833499,45.892067
JVASP-81536,2,Ba,48.838585,15.833499,45.892067
JVASP-81536,3,Ba,48.838585,15.833499,45.892067
JVASP-81536,4,Ag,23.72047,0.2997067,23.871374
JVASP-81536,5,Ag,23.72047,0.29970655,23.871374
JVASP-81536,6,Bi,106.58582,99.02254,113.52991
JVASP-81536,7,Bi,106.58582,99.022545,113.52991
JVASP-64948,0,Be,5.0933123,0.29422292,4.801744
JVASP-64948,1,Be,8.412369,0.33998042,8.749793
JVASP-64948,2,Sn,126.09565,0.054223526,126.06958
JVASP-64948,3,Zr,19.741255,0.066213444,19.80326
JVASP-67754,0,Be,2.2078094,0.5028365,1.7103417
JVASP-67754,1,Sn,200.58954,0.08225358,200.66623
JVASP-67754,2,Zr,40.608456,0.029189186,40.632057
JVASP-29624,0,Yb,7.343162,0.0964534,7.2487493
JVASP-29624,1,I,19.193384,0.05630351,19.24711
JVASP-29624,2,I,19.193384,0.0563035,19.24711
JVASP-16245,0,Al,6.6491513,1.3361089,7.162581
JVASP-16245,1,Al,6.648201,1.3361094,6.969216
JVASP-16245,2,Ge,28.228086,21.785034,33.15856
JVASP-16245,3,Ge,28.227016,21.785011,33.5813
JVASP-16245,4,Pr,18.226551,0.40874428,18.194063
JVASP-16245,5,Pr,18.227686,0.4087444,18.033953
JVASP-76892,0,Mg,6.9144516,0.08679457,6.969269
JVASP-76892,1,Mg,6.9144516,0.08679453,6.969269
JVASP-76892,2,Mg,6.9144516,0.086794525,6.969269
JVASP-76892,3,Mg,6.9144516,0.08679453,6.969269
JVASP-76892,4,Zn,11.927069,0.12781127,11.950321
JVASP-76892,5,Zn,11.927069,0.12781136,11.950321
JVASP-76892,6,Ga,33.64467,0.061106265,33.587887
JVASP-76892,7,Ga,33.64467,0.06110631,33.587887
JVASP-2026,0,Ni,9.178814,2.9411795,6.681732
JVASP-2026,1,Br,60.04013,0.06809992,60.05086
JVASP-2026,2,Br,60.04013,0.06809993,60.05086
JVASP-17476,0,O,24.341469,0.7699935,23.649952
JVASP-17476,1,O,24.341469,0.7699934,23.649952
JVASP-17476,2,O,25.364641,0.40337718,25.72122
JVASP-17476,3,O,25.364641,0.40337723,25.72122
JVASP-17476,4,Fe,12.564345,0.15236542,12.701755
JVASP-17476,5,Fe,12.564345,0.15236534,12.701755
JVASP-17476,6,Er,261.7793,14.816637,247.86746
JVASP-16233,0,Nb,12.750819,0.29159456,12.464248
JVASP-16233,1,Nb,12.750819,0.2915946,12.464248
JVASP-16233,2,Nb,12.750819,0.29159442,12.464248
JVASP-16233,3,Nb,12.750819,0.29159462,12.464248
JVASP-16233,4,As,54.694656,0.101088986,54.793594
JVASP-16233,5,As,54.694656,0.101089016,54.793594
JVASP-16233,6,C,5.0386004,1.8898493,3.1567078
JVASP-16233,7,C,5.0386004,1.8898501,3.156707
JVASP-15432,0,Si,42.421898,3.4098673,39.024582
JVASP-15432,1,Si,42.421898,3.4098666,39.024582
JVASP-15432,2,Ni,21.86065,0.53058344,22.049953
JVASP-15432,3,Ni,21.858532,0.53061473,22.06014
JVASP-15432,4,Ni,32.447205,0.06929976,32.483696
JVASP-15432,5,Ni,32.447006,0.069298856,32.435837
JVASP-15432,6,Ni,21.858532,0.53061414,22.032448
JVASP-15432,7,Ni,32.447006,0.06929888,32.44082
JVASP-15432,8,B,4.2706857,0.04660636,4.3153105
JVASP-58243,0,Ba,0.0,0.0476351,0.0476351
JVASP-58243,1,Li,0.0,0.009080194,0.009080194
JVASP-58243,2,F,8.089032,0.015783058,8.09016
JVASP-58243,3,F,8.089032,0.015783079,8.0781
JVASP-58243,4,F,8.089032,0.015783047,8.098866
JVASP-54625,0,Ti,6.778365,0.08342377,6.775551
JVASP-54625,1,Cd,12.690084,12.747229,22.784456
JVASP-54625,2,F,93.15983,0.074576005,93.188126
JVASP-54625,3,F,93.15958,0.074576154,93.1622
JVASP-54625,4,F,93.15958,0.07457612,93.1622
JVASP-54625,5,F,93.15998,0.07457606,93.12701
JVASP-54625,6,F,93.15983,0.07457587,93.188126
JVASP-54625,7,F,93.15998,0.07457611,93.12701
JVASP-80392,0,Sr,61.76983,0.15140484,61.90277
JVASP-80392,1,Sr,61.76983,0.15140471,61.90277
JVASP-80392,2,Ca,25.1086,0.062345784,25.112146
JVASP-80392,3,Ca,25.1086,0.062345788,25.112146
JVASP-80392,4,Mg,1.1514747,0.06702103,1.1711752
JVASP-80392,5,Mg,1.1514747,0.0670211,1.1711754
JVASP-80392,6,Mg,1.1514747,0.067021064,1.1711754
JVASP-80392,7,Mg,1.1514747,0.06702104,1.1711754
JVASP-8796,0,K,16.249098,7.9908757,8.278791
JVASP-8796,1,K,16.249098,7.990877,8.2787895
JVASP-8796,2,As,59.133133,7.837352,51.298435
JVASP-8796,3,As,59.133133,7.837352,51.298435
JVASP-8796,4,As,59.133133,7.8373528,51.298435
JVASP-8796,5,As,59.133133,7.8373513,51.298435
JVASP-8796,6,Rh,38.270824,1.0464624,37.332905
JVASP-8796,7,Rh,38.270824,1.0464624,37.332905
JVASP-8796,8,Rh,38.270824,1.0464624,37.332905
JVASP-8796,9,Rh,38.270824,1.0464624,37.332905
JVASP-66907,0,Be,6.7385464,0.59728205,7.3321247
JVASP-66907,1,Be,8.784686,0.5083528,8.279451
JVASP-66907,2,Si,48.805267,0.56556463,49.359722
JVASP-66907,3,Cl,11.971473,3.6120813,15.561763
JVASP-66970,0,Be,5.5346327,0.5907006,4.948162
JVASP-66970,1,Si,68.32443,0.23925413,68.12204
JVASP-66970,2,Cl,0.7046366,18.918694,19.6171
JVASP-67789,0,Be,2.58095,0.14478253,2.4368916
JVASP-67789,1,Cl,20.200943,0.14514107,20.339314
JVASP-67789,2,Si,20.311987,0.06875605,20.379856
JVASP-67635,0,Be,4.4866486,0.38166407,4.8654094
JVASP-67635,1,Be,2.8610039,0.124379866,2.7379677
JVASP-67635,2,Sn,82.35919,0.06315521,82.409485
JVASP-67635,3,Mo,14.644683,0.071942456,14.714663
JVASP-40827,0,Hf,163.37321,0.38179487,163.31265
JVASP-40827,1,Hf,163.37321,0.3817948,163.31265
JVASP-40827,2,Pt,30.211885,127.01735,105.88077
JVASP-40827,3,Pt,30.211885,127.01735,105.88077
JVASP-40827,4,Pb,248.56995,0.028342647,248.54231
JVASP-40827,5,Pb,248.56995,0.028342713,248.54231
JVASP-66751,0,Na,22.586744,0.018713068,22.603325
JVASP-66751,1,Be,0.6091065,0.20031215,0.8085842
JVASP-66751,2,Be,0.37232244,0.2446426,0.6158898
JVASP-66751,3,Pd,69.42507,0.10394816,69.526306
JVASP-36359,0,Ni,0.0073484695,0.023277776,0.024119105
JVASP-36359,1,C,0.0,0.046974495,0.046974495
JVASP-14894,0,C,2.085362,0.10413124,2.1446688
JVASP-14894,1,C,2.085362,0.10413123,2.1446688
JVASP-14894,2,Ni,36.316334,2.7010756,35.35638
JVASP-14894,3,Ni,36.311615,2.7010732,38.02946
JVASP-14894,4,Ni,36.316254,2.7010746,35.168747
JVASP-14894,5,Ni,36.316334,2.701075,35.35638
JVASP-14894,6,Ni,36.316254,2.7010736,35.168747
JVASP-14894,7,Ni,36.311615,2.7010727,38.02946
JVASP-17909,0,Li,0.5250073,0.090839945,0.61348945
JVASP-17909,1,Li,0.5250073,0.09083994,0.6134894
JVASP-17909,2,Mn,13.786546,0.034094162,13.768602
JVASP-17909,3,Mn,13.786546,0.03409416,13.768602
JVASP-17909,4,As,30.544321,0.26820582,30.285381
JVASP-17909,5,As,30.544321,0.26820585,30.28538
JVASP-11822,0,Ba,43.57969,0.075401254,43.504642
JVASP-11822,1,La,15.071711,0.023995185,15.093999
JVASP-11822,2,Mn,5.045949,0.038086783,5.012024
JVASP-11822,3,Mn,5.045949,0.038086716,5.012024
JVASP-11822,4,O,108.94956,0.05269307,108.915115
JVASP-11822,5,O,108.94956,0.052693047,109.000206
JVASP-11822,6,O,108.94956,0.052693058,108.915115
JVASP-11822,7,O,108.94956,0.052693054,109.000206
JVASP-11822,8,O,120.35813,0.035255823,120.35291
JVASP-11822,9,O,107.27377,0.048215196,107.269745
JVASP-35497,0,Y,17.172573,1.106449,18.235073
JVASP-35497,1,Y,17.172573,1.106449,18.235073
JVASP-35497,2,Fe,38.594322,0.85793275,39.34229
JVASP-35497,3,Fe,38.594322,0.8579327,39.34229
JVASP-35497,4,Si,51.703667,2.786684,52.429157
JVASP-35497,5,Si,51.703667,2.786684,52.429157
JVASP-35497,6,C,46.803783,0.13095565,46.762775
JVASP-7936,0,Nd,9.365215,0.52950597,9.841282
JVASP-7936,1,Nd,9.365215,0.52950597,9.841282
JVASP-7936,2,Cu,2.7173004,7.843602,10.551172
JVASP-7936,3,Cu,2.7173004,7.8436017,10.551172
JVASP-7936,4,Sb,85.6064,125.70996,40.131104
JVASP-7936,5,Sb,85.6064,125.70998,40.13111
JVASP-7936,6,Sb,421.13834,149.69055,271.50284
JVASP-7936,7,Sb,421.13834,149.69055,271.50284
JVASP-18322,0,Na,4.4417415,0.16004562,4.2833304
JVASP-18322,1,Bi,806.74677,0.26039466,807.0067
JVASP-18469,0,Na,6.9920697,0.03751284,7.0245275
JVASP-18469,1,Na,6.9920697,0.037512846,7.0245275
JVASP-18469,2,Na,21.796785,3.4419193,18.36065
JVASP-18469,3,Na,21.796785,3.4419162,18.360653
JVASP-18469,4,Na,6.9920697,0.037512846,7.0245275
JVASP-18469,5,Na,6.9920697,0.03751287,7.0245275
JVASP-18469,6,Bi,57.94758,0.26225892,58.20607
JVASP-18469,7,Bi,57.94758,0.26225892,58.20607
JVASP-66966,0,Be,1.4174501,0.16667458,1.2516716
JVASP-66966,1,Nb,29.358767,0.030935947,29.329126
JVASP-66966,2,Rh,1.6019663,0.06992607,1.5430857
JVASP-68222,0,Be,1.2541388,0.13036622,1.124414
JVASP-68222,1,Nb,48.983265,0.14237195,48.841427
JVASP-68222,2,Rh,15.512619,0.22832546,15.291302
JVASP-68222,3,Rh,32.35613,0.04146587,32.37397
JVASP-40491,0,Ge,54.180195,0.7108189,54.194603
JVASP-40491,1,Ge,39.688454,0.105484016,39.75555
JVASP-40491,2,Ge,39.688454,0.105484016,39.740055
JVASP-40491,3,Ge,54.180195,0.710819,54.152508
JVASP-40491,4,N,113.091255,0.07066782,113.092094
JVASP-40491,5,N,100.31663,0.20153101,100.46142
JVASP-40491,6,N,100.31663,0.20153089,100.42413
JVASP-40491,7,N,113.091255,0.07066772,113.12624
JVASP-40491,8,O,153.39006,1.0075076,153.68358
JVASP-40491,9,O,153.39006,1.0075072,153.65858
JVASP-43776,0,Ge,40.882366,0.2618298,40.750534
JVASP-43776,1,Ge,76.141846,0.18715791,76.15781
JVASP-43776,2,Ge,40.882366,0.2618433,40.939964
JVASP-43776,3,Ge,76.141846,0.18715543,76.1286
JVASP-43776,4,N,97.48032,0.07855082,97.49739
JVASP-43776,5,N,102.67417,0.057626747,102.65167
JVASP-43776,6,N,97.48032,0.078551605,97.48581
JVASP-43776,7,N,102.67409,0.057627287,102.68876
JVASP-43776,8,O,154.15755,0.3270329,154.12675
JVASP-43776,9,O,154.1575,0.3270319,154.13765
JVASP-43925,0,Ge,67.44199,0.22360896,67.41665
JVASP-43925,1,Ge,67.44287,0.2236111,67.328026
JVASP-43925,2,Ge,72.41728,0.67981863,72.25463
JVASP-43925,3,Ge,72.41332,0.6798258,72.319336
JVASP-43925,4,N,101.65143,0.06747959,101.67845
JVASP-43925,5,N,101.65231,0.06748002,101.70278
JVASP-43925,6,N,98.14652,0.09127963,98.08416
JVASP-43925,7,N,98.14652,0.091278754,98.09854
JVASP-43925,8,O,148.62265,1.0367525,148.30244
JVASP-43925,9,O,148.62265,1.0367376,148.27148
JVASP-9583,0,N,101.135635,0.042216845,101.13746
JVASP-9583,1,N,101.135635,0.04221685,101.15812
JVASP-9583,2,N,101.135895,0.0422169,101.102104
JVASP-9583,3,N,101.135895,0.0422169,101.11856
JVASP-9583,4,O,153.70575,0.80248356,154.17331
JVASP-9583,5,O,153.70575,0.80248356,154.20515
JVASP-9583,6,Ge,30.303785,0.13346763,30.309439
JVASP-9583,7,Ge,30.303785,0.13346763,30.32079
JVASP-9583,8,Ge,30.303596,0.1334677,30.363571
JVASP-9583,9,Ge,30.303596,0.13346758,30.350956
JVASP-20070,0,V,0.0,0.20235077,0.20235077
JVASP-20070,1,Ir,56.710587,0.27569857,56.436974
JVASP-20070,2,Ir,56.710587,0.27569848,56.81922
JVASP-20070,3,Ir,56.710587,0.2756985,56.87657
JVASP-20544,0,V,9.073727,0.117516786,9.123322
JVASP-20544,1,V,9.073727,0.117516816,9.123322
JVASP-20544,2,V,9.073727,0.1175168,9.141441
JVASP-20544,3,V,9.073727,0.1175168,9.141441
JVASP-20544,4,V,9.073727,0.117516786,8.957568
JVASP-20544,5,V,9.073727,0.117516786,8.957568
JVASP-20544,6,Ir,0.0,0.12106434,0.12106434
JVASP-20544,7,Ir,0.0,0.12106436,0.12106436
JVASP-37697,0,V,33.803734,0.24549845,33.654205
JVASP-37697,1,V,35.849087,0.065690756,35.820362
JVASP-37697,2,V,33.799385,0.2455209,33.64987
JVASP-37697,3,V,35.84312,0.065683365,35.81442
JVASP-37697,4,Ir,71.834,0.3807149,71.79723
JVASP-37697,5,Ir,71.834,0.3807151,71.79166
JVASP-37697,6,Ir,71.8246,0.3806744,71.787865
JVASP-37697,7,Ir,71.8246,0.38067445,71.7823
JVASP-78935,0,V,36.175583,0.038080048,36.208576
JVASP-78935,1,V,36.175583,0.03808015,36.208576
JVASP-78935,2,V,36.175583,0.038080044,36.208576
JVASP-78935,3,V,36.175583,0.038080074,36.208576
JVASP-78935,4,Ir,100.25907,0.20444478,100.15996
JVASP-78935,5,Ir,100.25907,0.20444481,100.15996
JVASP-78935,6,Ir,100.25907,0.20444481,100.15996
JVASP-78935,7,Ir,100.25907,0.20444484,100.15996
JVASP-19656,0,V,8.274376,0.20688044,8.477519
JVASP-19656,1,Ir,149.77486,0.15236858,149.9255
JVASP-20275,0,V,9.073727,0.117516786,9.123322
JVASP-20275,1,V,9.073727,0.1175168,9.123322
JVASP-20275,2,V,9.073727,0.117516786,9.141441
JVASP-20275,3,V,9.073727,0.117516786,9.141441
JVASP-20275,4,V,9.073727,0.11751676,8.957568
JVASP-20275,5,V,9.073727,0.1175168,8.957568
JVASP-20275,6,Ir,0.0,0.12106426,0.12106426
JVASP-20275,7,Ir,0.0,0.12106436,0.12106436
JVASP-3912,0,Ac,69.96559,0.19143815,69.778404
JVASP-3912,1,Ac,69.96559,0.19143812,69.778404
JVASP-3912,2,Br,90.53047,15.783438,88.71589
JVASP-3912,3,Br,90.53138,15.783521,87.97587
JVASP-3912,4,Br,90.531235,15.783437,88.71659
JVASP-3912,5,Br,90.530815,15.783522,87.97536
JVASP-3912,6,Br,90.53015,15.783156,88.1115
JVASP-3912,7,Br,90.531364,15.783158,88.11268
JVASP-18340,0,Sr,0.0,0.062372338,0.062372338
JVASP-18340,1,Bi,606.7484,0.40786257,607.1294
JVASP-18340,2,Bi,606.7484,0.40786254,606.6782
JVASP-18340,3,Bi,606.7484,0.40786293,606.43774
JVASP-36488,0,Sr,169.85333,0.30456722,170.03381
JVASP-36488,1,Sr,169.85333,0.30456728,169.9742
JVASP-36488,2,Sr,169.85333,0.30456713,169.5524
JVASP-36488,3,Bi,0.0,0.058727708,0.058727708
JVASP-36488,4,Bi,0.0,2.1889079,2.1889079
JVASP-36898,0,Li,0.3806468,0.049266137,0.3762992
JVASP-36898,1,Sn,184.54349,2.1462085,184.69247
JVASP-36898,2,Cl,117.59053,0.067822695,117.55939
JVASP-36898,3,Cl,117.55308,0.07132672,117.56477
JVASP-36898,4,Cl,117.58908,0.0672485,117.62975
JVASP-36959,0,Li,0.30978057,0.06570283,0.3379013
JVASP-36959,1,Li,0.30978057,0.06570278,0.33790126
JVASP-36959,2,Sn,66.23179,0.099741064,66.30131
JVASP-36959,3,Sn,66.23179,0.099741116,66.30131
JVASP-36959,4,Cl,87.39988,0.09157242,87.46911
JVASP-36959,5,Cl,87.40061,0.0915737,87.35303
JVASP-36959,6,Cl,87.4004,0.091571406,87.38351
JVASP-36959,7,Cl,87.40085,0.091571294,87.32212
JVASP-36959,8,Cl,87.39967,0.09157237,87.42554
JVASP-36959,9,Cl,87.40012,0.09157368,87.457726
JVASP-2529,0,Na,2.1980088,0.19914605,2.3868442
JVASP-2529,1,Na,2.1980088,0.19914605,2.3868442
JVASP-2529,2,Mg,0.013063945,0.12050722,0.10838948
JVASP-2529,3,Mg,0.013063945,0.12050719,0.108389445
JVASP-2529,4,Sb,14.251947,0.17946486,14.074644
JVASP-2529,5,Sb,14.251947,0.17946489,14.074644
JVASP-36617,0,Cd,0.0,0.037005786,0.037005786
JVASP-36617,1,Si,0.0,0.12553886,0.12553886
JVASP-36617,2,O,111.322784,0.125339,111.432625
JVASP-36617,3,O,111.32278,0.12533894,111.31877
JVASP-36617,4,O,111.32278,0.12533899,111.21704
JVASP-22548,0,N,3.7477193,0.05756665,3.7592695
JVASP-22548,1,N,3.7477193,0.05756667,3.7592695
JVASP-22548,2,O,295.91736,0.19569914,295.83255
JVASP-22548,3,O,295.91736,0.19569924,295.9301
JVASP-22548,4,O,295.91736,0.19569923,295.9301
JVASP-22548,5,O,295.91736,0.19569916,295.83255
JVASP-22548,6,O,295.91858,0.19569913,295.99344
JVASP-22548,7,O,295.91858,0.19569907,295.99344
JVASP-22548,8,Rb,16.818197,0.07891092,16.822535
JVASP-22548,9,Rb,16.818197,0.07891099,16.822535
JVASP-11136,0,Rb,42.77645,0.17056751,42.631695
JVASP-11136,1,Rb,42.77645,0.17056714,42.631695
JVASP-11136,2,N,5.7497754,0.06962613,5.70314
JVASP-11136,3,N,5.7497754,0.069626115,5.70314
JVASP-11136,4,O,295.03882,0.5324391,295.296
JVASP-11136,5,O,295.03882,0.53243923,295.31125
JVASP-11136,6,O,295.18744,0.38785562,294.8067
JVASP-11136,7,O,295.18744,0.38785547,294.8067
JVASP-11136,8,O,295.03882,0.53243893,295.296
JVASP-11136,9,O,295.03882,0.532439,295.31125
JVASP-38157,0,Rb,37.573666,0.04808677,37.61365
JVASP-38157,1,Rb,37.573666,0.04808681,37.57486
JVASP-38157,2,Rb,37.573666,0.04808679,37.61365
JVASP-38157,3,Rb,37.573666,0.04808674,37.57486
JVASP-38157,4,N,119.34893,0.08021092,119.27115
JVASP-38157,5,O,3.9526598,0.04923858,3.914851
JVASP-52489,0,Rb,8.482583,0.0222845,8.48434
JVASP-52489,1,N,3.1377964,0.053760424,3.1416345
JVASP-52489,2,O,295.84293,0.15369365,295.779
JVASP-52489,3,O,295.84293,0.15369366,295.81454
JVASP-52489,4,O,295.84296,0.15369375,295.934
JVASP-35963,0,Lu,33.951157,0.11378595,33.84196
JVASP-35963,1,Tl,63.434437,0.06647568,63.49716
JVASP-35963,2,S,14.986794,0.042340465,14.951516
JVASP-35963,3,S,14.986794,0.042340416,14.951516
JVASP-36896,0,Rb,0.0037416576,0.10919083,0.10942217
JVASP-36896,1,Ag,0.009486834,0.10483893,0.10727321
JVASP-36896,2,Br,543.8203,4.1515274,545.7452
JVASP-36896,3,Br,543.7546,4.150544,545.98303
JVASP-36896,4,Br,543.77856,4.150901,539.64923
JVASP-15787,0,Cd,99.88691,0.058135185,99.908134
JVASP-15787,1,Cd,99.88691,0.058135223,99.908134
JVASP-15787,2,Cd,86.986664,68.14266,72.539276
JVASP-15787,3,Cd,86.986664,68.14266,72.539276
JVASP-15787,4,Cd,99.8867,0.058135238,99.84239
JVASP-15787,5,Cd,99.8867,0.058135282,99.84239
JVASP-15787,6,Er,67.335495,0.37373424,67.10696
JVASP-15787,7,Er,67.335495,0.3737342,67.10696
JVASP-19871,0,Er,0.0,0.091286495,0.091286495
JVASP-19871,1,Cd,0.0,0.21902546,0.21902546
JVASP-78492,0,Er,48.706882,0.12499096,48.584637
JVASP-78492,1,Cd,154.99759,103.47387,51.682816
JVASP-78492,2,Cd,154.99759,103.47388,51.682808
JVASP-78528,0,Er,49.473976,0.12478119,49.351936
JVASP-78528,1,Cd,154.57504,103.273384,51.461178
JVASP-78528,2,Cd,154.57504,103.273384,51.461178
JVASP-16472,0,Er,43.689102,0.1243306,43.567493
JVASP-16472,1,Cd,146.97511,102.51506,44.635757
JVASP-16472,2,Cd,146.97511,102.51507,44.635754
JVASP-37505,0,Yb,0.0,18.04639,18.04639
JVASP-37505,1,Pr,7.3394876,18.553726,16.087082
JVASP-37505,2,Pr,7.3394876,18.553726,16.302252
JVASP-37505,3,Pr,7.339488,18.553726,25.879892
JVASP-77046,0,Ca,1.6886326,0.09152915,1.6737065
JVASP-77046,1,Ca,1.6886326,0.09152915,1.6737065
JVASP-77046,2,Ca,1.6886326,0.09152916,1.6737065
JVASP-77046,3,Ca,1.6886326,0.09152913,1.6737065
JVASP-77046,4,Hg,25.553995,0.16584496,25.500294
JVASP-77046,5,Hg,25.553995,0.16584507,25.500292
JVASP-77046,6,Au,22.749088,4.049704,23.419554
JVASP-77046,7,Au,22.749088,4.049704,23.419554
JVASP-81491,0,Ca,68.94119,0.03682225,68.94858
JVASP-81491,1,Ca,68.94119,0.036822256,68.94858
JVASP-81491,2,Hg,220.20601,0.069517024,220.19557
JVASP-81491,3,Au,506.7,0.13877334,506.66882
JVASP-15354,0,Ho,45.277046,0.10081764,45.319458
JVASP-15354,1,Ho,45.276592,0.100816,45.345284
JVASP-15354,2,Ho,45.276592,0.10081604,45.3454
JVASP-15354,3,In,58.154137,0.21207134,58.009064
JVASP-15354,4,In,58.155994,0.21206157,57.98431
JVASP-15354,5,In,58.154137,0.21207139,58.05588
JVASP-15354,6,Pd,155.40665,143.1448,12.307027
JVASP-15354,7,Pd,32.57209,14.565996,18.186226
JVASP-15354,8,Pd,155.40665,143.14482,12.307012
JVASP-21467,0,Ho,91.02389,0.074102364,91.00744
JVASP-21467,1,Ho,91.02389,0.07410241,91.04916
JVASP-21467,2,Ho,91.02389,0.07410238,91.04916
JVASP-21467,3,Ho,91.02389,0.07410239,91.00744
JVASP-21467,4,In,95.7971,0.54549646,96.2695
JVASP-21467,5,In,95.7971,0.5454964,96.2695
JVASP-21467,6,Pd,119.13712,41.86457,77.37372
JVASP-21467,7,Pd,119.13712,41.86457,77.33521
JVASP-21467,8,Pd,119.13712,41.86457,77.33521
JVASP-21467,9,Pd,119.13712,41.86457,77.37372
JVASP-36595,0,Zn,0.0,0.036343437,0.036343437
JVASP-36595,1,Os,0.0,0.018327698,0.018327698
JVASP-36595,2,O,90.020386,0.10454669,89.91727
JVASP-36595,3,O,90.02038,0.104546584,90.06704
JVASP-36595,4,O,90.02038,0.10454675,90.07694
JVASP-18443,0,P,87.54945,0.09610231,87.57719
JVASP-18443,1,P,87.54945,0.09610231,87.57719
JVASP-18443,2,S,54.30288,12.071421,58.88421
JVASP-18443,3,S,54.30288,12.071423,58.88421
JVASP-18443,4,Nb,71.35959,0.3635217,71.1347
JVASP-18443,5,Nb,71.35959,0.36352175,71.1347
JVASP-55014,0,Li,0.10410572,0.048601683,0.15118809
JVASP-55014,1,Li,0.10410572,0.048601653,0.15118806
JVASP-55014,2,Li,0.10410572,0.048616413,0.15120335
JVASP-55014,3,Li,0.10287857,0.048606444,0.15000695
JVASP-55014,4,Li,0.10410572,0.048597403,0.15118414
JVASP-55014,5,Li,0.10410572,0.048597403,0.15118413
JVASP-55014,6,Li,0.10287857,0.048606426,0.15000694
JVASP-55014,7,Li,0.10410572,0.048616413,0.15120335
JVASP-55014,8,Zn,124.010315,0.06910601,123.94724
JVASP-55014,9,Zn,124.00053,0.069048434,123.93752
JVASP-55014,10,Zn,124.00053,0.06904844,123.93752
JVASP-55014,11,Zn,124.010315,0.069106005,123.94724
JVASP-55014,12,Si,5.6289277,0.094699726,5.7231164
JVASP-55014,13,Si,5.6521974,0.09468237,5.7463694
JVASP-55014,14,Si,5.6521974,0.094682395,5.7463694
JVASP-55014,15,Si,5.6289277,0.09469975,5.7231164
JVASP-22728,0,Ca,15.316976,0.20876738,15.278511
JVASP-22728,1,Ca,15.317439,0.20876753,15.300518
JVASP-22728,2,Sn,18.590652,0.11603323,18.624323
JVASP-22728,3,S,118.92561,0.32710513,118.71823
JVASP-22728,4,S,118.92561,0.32710522,118.71823
JVASP-22728,5,S,139.50305,0.32470468,139.76508
JVASP-22728,6,S,139.50305,0.32470447,139.76508
JVASP-40150,0,Ca,51.81896,0.52692467,52.341022
JVASP-40150,1,Ca,51.81896,0.52692395,52.341022
JVASP-40150,2,Sn,35.62007,0.06488673,35.557186
JVASP-40150,3,Sn,35.620483,0.06488674,35.557587
JVASP-40150,4,S,159.06421,0.105238244,159.08401
JVASP-40150,5,S,159.06395,0.10523758,159.09448
JVASP-40150,6,S,159.0639,0.10523645,159.10785
JVASP-40150,7,S,159.06395,0.105237596,159.09448
JVASP-40150,8,S,159.0639,0.10523804,159.10785
JVASP-40150,9,S,159.06421,0.10523648,159.08401
JVASP-40153,0,Ca,25.956367,0.22108412,26.157852
JVASP-40153,1,Ca,25.956367,0.22108415,26.157852
JVASP-40153,2,Sn,161.36089,0.18830764,161.47562
JVASP-40153,3,S,124.68223,0.039409604,124.66246
JVASP-40153,4,S,124.68223,0.03940948,124.66246
JVASP-40153,5,S,174.72269,0.24267599,174.82881
JVASP-40153,6,S,174.72269,0.2426759,174.82881
JVASP-40193,0,Ca,30.066671,0.07212269,30.103827
JVASP-40193,1,Ca,30.066671,0.07212261,30.103827
JVASP-40193,2,Sn,90.28166,0.12059348,90.16591
JVASP-40193,3,S,146.2941,0.28878826,146.52048
JVASP-40193,4,S,146.2941,0.28878838,146.45135
JVASP-40193,5,S,142.96448,2.3917491,145.34558
JVASP-40193,6,S,142.96448,2.3917496,145.34558
JVASP-40194,0,Ca,0.0,0.116358,0.116358
JVASP-40194,1,Sn,0.0,0.27321064,0.27321064
JVASP-40194,2,S,162.09743,0.06776452,162.16356
JVASP-40194,3,S,162.09744,0.06776451,162.06146
JVASP-40194,4,S,162.09744,0.06776448,162.06732
JVASP-40196,0,Ca,4.8961916,0.16038187,4.790969
JVASP-40196,1,Ca,4.8961916,0.16038187,4.790969
JVASP-40196,2,Sn,5.9705305,0.11498751,5.888378
JVASP-40196,3,Sn,5.9705305,0.11498751,5.888378
JVASP-40196,4,S,141.77315,0.079132095,141.74167
JVASP-40196,5,S,141.77484,0.07913645,141.79163
JVASP-40196,6,S,141.7738,0.079138964,141.78122
JVASP-40196,7,S,141.77315,0.07913216,141.74167
JVASP-40196,8,S,141.77484,0.07913646,141.79163
JVASP-40196,9,S,141.7738,0.07913897,141.78122
JVASP-40201,0,Ca,28.348354,0.028032623,28.348146
JVASP-40201,1,Ca,28.348354,0.028032627,28.348146
JVASP-40201,2,Ca,28.348354,0.028032621,28.348146
JVASP-40201,3,Ca,28.348354,0.028032623,28.348146
JVASP-40201,4,Sn,27.606417,0.1631732,27.764776
JVASP-40201,5,Sn,27.606417,0.16317321,27.764654
JVASP-40201,6,Sn,27.606417,0.1631732,27.764776
JVASP-40201,7,Sn,27.606417,0.1631732,27.764654
JVASP-40201,8,S,95.71089,0.45065466,96.07875
JVASP-40201,9,S,95.75938,0.071674906,95.70377
JVASP-40201,10,S,95.75938,0.071674876,95.72929
JVASP-40201,11,S,95.71089,0.45065448,96.07874
JVASP-40201,12,S,95.75938,0.07167482,95.70377
JVASP-40201,13,S,95.75938,0.071674734,95.72929
JVASP-40201,14,S,95.71089,0.45065466,96.07875
JVASP-40201,15,S,95.75938,0.07167463,95.70377
JVASP-40201,16,S,95.75938,0.071674764,95.72929
JVASP-40201,17,S,95.71089,0.45065442,96.07874
JVASP-40201,18,S,95.75938,0.07167488,95.70377
JVASP-40201,19,S,95.75938,0.0716747,95.72929
JVASP-40205,0,Ca,27.254116,0.2536311,27.360415
JVASP-40205,1,Ca,27.254002,0.25362974,27.338165
JVASP-40205,2,Sn,36.769493,0.10300852,36.79924
JVASP-40205,3,Sn,36.693947,0.102985024,36.713936
JVASP-40205,4,S,160.69221,0.18378499,160.5833
JVASP-40205,5,S,160.6927,0.18378033,160.58156
JVASP-40205,6,S,169.28242,0.12187806,169.27968
JVASP-40205,7,S,169.28307,0.12187798,169.24962
JVASP-40205,8,S,169.28766,0.121876,169.28162
JVASP-40205,9,S,169.28856,0.121875934,169.25003
JVASP-40207,0,Ca,9.380888,0.08036258,9.305081
JVASP-40207,1,Ca,9.380888,0.08036264,9.305081
JVASP-40207,2,Sn,36.632935,0.13307269,36.71623
JVASP-40207,3,Sn,36.632935,0.13307269,36.680016
JVASP-40207,4,S,184.35612,0.5259594,184.72661
JVASP-40207,5,S,184.35612,0.52595955,184.72661
JVASP-40207,6,S,134.44972,0.16763285,134.61227
JVASP-40207,7,S,134.44972,0.16763283,134.61227
JVASP-40207,8,S,134.44972,0.1676328,134.60133
JVASP-40207,9,S,134.44972,0.16763279,134.60133
JVASP-40212,0,Ca,47.950787,0.18059392,48.11582
JVASP-40212,1,Sn,144.86942,0.15524691,144.7743
JVASP-40212,2,S,127.48929,0.17824887,127.40769
JVASP-40212,3,S,289.3641,0.024144085,289.36526
JVASP-40212,4,S,289.3641,0.024144033,289.36465
JVASP-40213,0,Ca,22.16625,0.077583596,22.091599
JVASP-40213,1,Ca,11.82532,0.06886111,11.89119
JVASP-40213,2,Sn,25.056646,0.08536019,25.140839
JVASP-40213,3,S,183.3758,0.05736267,183.36824
JVASP-40213,4,S,183.37549,0.05736358,183.38995
JVASP-40213,5,S,183.3758,0.057363603,183.35194
JVASP-40213,6,S,183.3758,0.0573627,183.36523
JVASP-19735,0,U,984.6826,0.029022008,984.7108
JVASP-19735,1,B,7.816322,0.113851205,7.7052712
JVASP-19735,2,B,7.816322,0.11385112,7.7052717
JVASP-63844,0,B,7.8591886,0.08936338,7.772041
JVASP-63844,1,B,7.8591886,0.08936333,7.772041
JVASP-63844,2,U,997.96375,0.033304106,997.99634
JVASP-51744,0,Na,3.5117536,0.07613755,3.4359667
JVASP-51744,1,Na,3.5117536,0.07613748,3.4359667
JVASP-51744,2,H,10.394429,0.36678004,10.586246
JVASP-51744,3,H,10.394429,0.36677998,10.586246
JVASP-51744,4,H,10.394429,0.36678,10.577335
JVASP-51744,5,H,10.394429,0.36678004,10.577335
JVASP-51744,6,Pd,315.5898,0.041999746,315.5491
JVASP-51748,0,Na,20.730211,0.012210294,20.739399
JVASP-51748,1,H,1.9883345,0.18461569,2.1155133
JVASP-51748,2,H,1.9883345,0.18461572,2.1155133
JVASP-51748,3,Pd,62.05701,0.052620694,62.056114
JVASP-51748,4,Pd,78.153824,0.02105371,78.15589
JVASP-51748,5,Pd,78.153824,0.021053715,78.15658
JVASP-56344,0,Sc,0.0,0.07544484,0.07544484
JVASP-56344,1,B,0.0,0.039046366,0.039046366
JVASP-56344,2,Rh,100.88305,0.10701105,100.808205
JVASP-56344,3,Rh,100.88305,0.10701105,100.85731
JVASP-56344,4,Rh,100.88306,0.10701103,100.983734
JVASP-14177,0,Ca,23.490189,0.08234146,23.517357
JVASP-14177,1,Ca,23.490189,0.082341455,23.525887
JVASP-14177,2,Ca,23.490189,0.08234143,23.517357
JVASP-14177,3,Ca,23.490189,0.08234143,23.525887
JVASP-14177,4,S,6.821794,0.16083503,6.876134
JVASP-14177,5,S,6.821794,0.16083518,6.8605547
JVASP-14177,6,S,6.821794,0.1608352,6.876134
JVASP-14177,7,S,6.821794,0.1608351,6.8605547
JVASP-14177,8,O,162.4657,0.5525793,162.69453
JVASP-14177,9,O,162.4657,0.5525793,162.6916
JVASP-14177,10,O,162.4657,0.5525792,162.69453
JVASP-14177,11,O,162.4657,0.5525791,162.6916
JVASP-14177,12,O,161.25056,0.5841232,161.50784
JVASP-14177,13,O,161.25056,0.58412325,161.45956
JVASP-14177,14,O,161.25056,0.584123,161.50784
JVASP-14177,15,O,161.25056,0.5841232,161.45955
JVASP-14177,16,O,163.82246,0.89248425,163.44467
JVASP-14177,17,O,163.82246,0.8924843,163.39552
JVASP-14177,18,O,163.82246,0.89248425,163.44467
JVASP-14177,19,O,163.82246,0.8924843,163.39552
JVASP-14177,20,O,163.7851,0.7408631,163.50151
JVASP-14177,21,O,163.7851,0.74086297,163.52246
JVASP-14177,22,O,163.7851,0.740863,163.50151
JVASP-14177,23,O,163.7851,0.74086285,163.52246
JVASP-35834,0,Ca,3.350902,0.04850055,3.389325
JVASP-35834,1,Ca,3.350902,0.04850055,3.389325
JVASP-35834,2,Co,35.60905,3.747354,31.866966
JVASP-35834,3,Co,35.60905,3.747354,31.866966
JVASP-35834,4,Si,9.816738,9.775394,1.4964131
JVASP-35834,5,Si,9.816738,9.775396,1.4964136
JVASP-8540,0,F,249.78983,0.11263113,249.80914
JVASP-8540,1,F,249.78964,0.11263019,249.79851
JVASP-8540,2,F,249.78914,0.11263086,249.7596
JVASP-8540,3,F,249.78964,0.11263028,249.79851
JVASP-8540,4,F,249.78983,0.11263112,249.80914
JVASP-8540,5,F,249.78914,0.11263097,249.7596
JVASP-8540,6,As,5.87105,0.11834229,5.874937
JVASP-8540,7,In,3.2926817,0.1667263,3.2969587
JVASP-38573,0,Na,12.899829,0.013487488,12.889045
JVASP-38573,1,F,180.60089,0.02568819,180.6202
JVASP-38573,2,F,180.60089,0.025688225,180.6202
JVASP-38573,3,F,263.02704,0.027196323,263.00705
JVASP-20326,0,Na,0.0,0.11018376,0.11018376
JVASP-20326,1,Na,0.0,0.11018377,0.11018377
JVASP-20326,2,Na,0.0,0.110183746,0.110183746
JVASP-20326,3,Na,0.0,0.110183775,0.110183775
JVASP-20326,4,F,0.0,0.09275139,0.09275139
JVASP-20326,5,F,0.0,0.09275133,0.09275133
JVASP-20326,6,F,0.0,0.092751294,0.092751294
JVASP-20326,7,F,0.0,0.09275136,0.09275136
JVASP-16753,0,Er,29.16785,0.097207196,29.11299
JVASP-16753,1,Er,29.167963,0.09720628,29.160366
JVASP-16753,2,Er,29.167963,0.09720629,29.161201
JVASP-16753,3,Al,20.505991,0.62849265,19.89006
JVASP-16753,4,Al,20.506784,0.62848294,19.880823
JVASP-16753,5,Al,20.505991,0.6284926,19.893492
JVASP-16753,6,Ni,8.814489,1.582303,7.237264
JVASP-16753,7,Ge,110.02251,0.023216065,110.00787
JVASP-16753,8,Ge,110.02251,0.023216037,110.00787
JVASP-52496,0,Li,0.14454065,0.051605202,0.18792355
JVASP-52496,1,Bi,323.15103,2.8215263,321.39374
JVASP-52496,2,F,238.12556,0.0960102,238.14474
JVASP-52496,3,F,169.474,0.041056942,169.47423
JVASP-52496,4,F,169.48138,0.09685216,169.49574
JVASP-52496,5,F,169.47324,0.09673038,169.49149
JVASP-52496,6,F,169.47917,0.09676596,169.42705
JVASP-20506,0,Y,11.384005,0.02530619,11.388337
JVASP-20506,1,Ga,2.4874592,1.7487491,0.7610098
JVASP-20506,2,Ga,2.4874592,1.7487493,0.7610098
JVASP-37431,0,Y,0.0,0.023604386,0.023604386
JVASP-37431,1,Ga,87.92444,0.05234517,87.95399
JVASP-37431,2,Ga,87.92444,0.052345205,87.94565
JVASP-37431,3,Ga,87.92443,0.05234519,87.8737
JVASP-16533,0,Y,20.991581,0.05882398,20.973858
JVASP-16533,1,Y,20.991581,0.058824,20.973858
JVASP-16533,2,Y,20.991581,0.058824006,20.973858
JVASP-16533,3,Y,20.991581,0.058823995,20.973858
JVASP-16533,4,Ga,53.37261,0.51833373,52.973583
JVASP-16533,5,Ga,53.37261,0.5183336,52.973583
JVASP-16533,6,Ga,53.37261,0.5183336,52.973583
JVASP-16533,7,Ga,53.37261,0.5183335,52.973583
JVASP-20237,0,Y,11.384005,0.0253062,11.388337
JVASP-20237,1,Ga,2.4874592,1.7487483,0.76101065
JVASP-20237,2,Ga,2.4874592,1.7487489,0.7610101
JVASP-8529,0,U,183.67418,1.4227909,185.03105
JVASP-8529,1,U,183.67418,1.4227911,185.03105
JVASP-8529,2,Cu,19.370565,2.1489556,17.24338
JVASP-8529,3,Cu,19.370565,2.148957,17.243378
JVASP-8529,4,Cu,19.370565,2.1489553,17.24338
JVASP-8529,5,Cu,19.370565,2.1489558,17.243378
JVASP-8529,6,Si,34.64395,15.775086,19.284698
JVASP-8529,7,Si,34.64395,15.775088,19.284697
JVASP-8529,8,Si,34.64395,15.775086,19.284698
JVASP-8529,9,Si,34.64395,15.775088,19.284697
JVASP-80165,0,Ca,125.80673,0.1771495,125.77904
JVASP-80165,1,Ca,125.80673,0.17714947,125.77904
JVASP-80165,2,Cd,189.30898,0.108179174,189.3983
JVASP-80165,3,Ag,152.32141,0.17596805,152.29114
JVASP-38460,0,Na,0.0,0.13407461,0.13407461
JVASP-38460,1,Li,0.0,0.020307882,0.020307882
JVASP-38460,2,O,46.345974,0.12269349,46.46662
JVASP-38460,3,O,46.345974,0.1226935,46.295742
JVASP-38460,4,O,46.345974,0.122693524,46.275818
JVASP-50053,0,Na,11.028828,0.038496275,11.064807
JVASP-50053,1,Na,11.028828,0.038496334,11.064807
JVASP-50053,2,Li,5.7526264,0.058248594,5.695302
JVASP-50053,3,Li,5.7526264,0.0582486,5.695302
JVASP-50053,4,O,41.03875,0.17649134,40.86414
JVASP-50053,5,O,41.03875,0.17649134,40.86414
JVASP-67188,0,Be,3.1145444,0.11413534,3.0015626
JVASP-67188,1,Ga,66.240326,0.029100247,66.24887
JVASP-67188,2,Co,67.929245,0.8106188,67.12418
JVASP-67939,0,Be,1.2338187,0.101155385,1.1342547
JVASP-67939,1,Co,4.5258408,0.47642455,4.9991093
JVASP-67939,2,Ga,3.9240825,0.0747584,3.9897997
JVASP-67939,3,Ga,94.28984,0.077849105,94.35837
JVASP-30375,0,Ti,63.46218,0.19798571,63.552734
JVASP-30375,1,Mn,19.90691,0.11758878,19.924007
JVASP-30375,2,Mn,19.906912,0.11758725,19.924007
JVASP-30375,3,O,69.42842,0.40353203,69.71616
JVASP-30375,4,O,37.055607,0.7032581,37.51318
JVASP-30375,5,O,69.428604,0.40354052,69.71635
JVASP-30375,6,O,58.800858,0.44119614,58.62374
JVASP-30375,7,O,58.80004,0.44120178,58.622925
JVASP-30375,8,O,37.056282,0.7032695,37.51387
JVASP-11764,0,O,31.01285,0.2522047,30.939228
JVASP-11764,1,O,31.013031,0.25220492,30.95131
JVASP-11764,2,O,31.013388,0.25220466,31.213137
JVASP-11764,3,O,31.01285,0.25220478,30.939228
JVASP-11764,4,O,31.013388,0.25220445,31.213137
JVASP-11764,5,O,31.013031,0.2522047,30.95131
JVASP-11764,6,Ti,32.683434,0.07646467,32.710773
JVASP-11764,7,Ti,32.683434,0.076464735,32.710773
JVASP-11764,8,Mn,18.000372,5.696865,15.070247
JVASP-11764,9,Mn,18.000372,5.696864,15.070248
JVASP-12235,0,O,26.988255,0.13422085,27.06544
JVASP-12235,1,O,26.988743,0.13422087,26.958927
JVASP-12235,2,O,26.988106,0.13422072,26.9582
JVASP-12235,3,O,26.988224,0.13422081,26.944496
JVASP-12235,4,O,26.98834,0.13422066,26.951555
JVASP-12235,5,O,26.98939,0.134221,27.08727
JVASP-12235,6,Ti,28.272396,0.3364032,28.431513
JVASP-12235,7,Ti,28.272396,0.33640262,28.43151
JVASP-12235,8,Mn,34.877563,0.016725577,34.86839
JVASP-12235,9,Mn,34.877563,0.016725566,34.86839
JVASP-43226,0,Ti,11.029077,0.046156075,11.022835
JVASP-43226,1,Mn,9.834045,0.058066692,9.803465
JVASP-43226,2,O,104.36862,0.14492159,104.37406
JVASP-43226,3,O,49.652424,0.6049707,49.367947
JVASP-43226,4,O,104.36977,0.14492181,104.38918
JVASP-43226,5,O,49.652657,0.60497105,49.382027
JVASP-14637,0,C,0.0,6.4838853,6.4838853
JVASP-14637,1,Pu,0.012083046,0.3909417,0.39305916
JVASP-37904,0,Be,0.0,0.56601644,0.56601644
JVASP-37904,1,Ni,23.170542,0.07914771,23.217611
JVASP-37904,2,Ni,23.170542,0.07914771,23.162687
JVASP-37904,3,Ni,23.17054,0.07914771,23.13165
JVASP-79930,0,Be,2.7728224,0.0787115,2.8506427
JVASP-79930,1,Be,2.7728224,0.07871159,2.8506427
JVASP-79930,2,Be,5.214964,0.07521789,5.140699
JVASP-79930,3,Be,2.7728224,0.07871158,2.8506427
JVASP-79930,4,Be,2.7728224,0.078711525,2.8506427
JVASP-79930,5,Be,5.214964,0.075217865,5.140699
JVASP-79930,6,Ni,31.325708,0.011193745,31.326128
JVASP-79930,7,Ni,31.325708,0.011193743,31.326128
JVASP-19602,0,Be,0.0,0.11617056,0.11617056
JVASP-19602,1,Ni,0.0,0.037803482,0.037803482
JVASP-22708,0,Rb,186.45555,5.356839,183.57556
JVASP-22708,1,Rb,94.37884,2.4934154,96.853714
JVASP-22708,2,Rb,94.37884,2.4934158,96.853714
JVASP-22708,3,Rb,186.45555,5.3568406,183.76802
JVASP-22708,4,I,33.001972,3.14599,36.144135
JVASP-22708,5,I,33.001972,3.1459904,36.144135
JVASP-22708,6,O,10.12864,0.058824286,10.071648
JVASP-3768,0,O,176.43826,0.08916545,176.50465
JVASP-3768,1,O,176.43777,0.08916547,176.35922
JVASP-3768,2,O,176.43794,0.089165434,176.45702
JVASP-3768,3,Rb,7.052273,0.010355327,7.052449
JVASP-3768,4,I,593.2391,0.22958957,593.25464
JVASP-2718,0,F,162.1794,0.07810617,162.17735
JVASP-2718,1,F,162.17935,0.07810621,162.16393
JVASP-2718,2,F,162.17935,0.078106195,162.16393
JVASP-2718,3,F,162.1794,0.078106105,162.17735
JVASP-2718,4,F,162.1798,0.07810629,162.19643
JVASP-2718,5,F,162.1798,0.0781063,162.19643
JVASP-2718,6,Rb,26.114483,0.18915094,26.129782
JVASP-2718,7,Ru,9.607062,0.034702584,9.61154
JVASP-18114,0,Pu,0.0,0.46513444,0.46513444
JVASP-18114,1,Ge,161.5365,0.05063081,161.55835
JVASP-18114,2,Ge,161.5365,0.0506309,161.48738
JVASP-18114,3,Ge,161.5365,0.05063101,161.56377
JVASP-19591,0,Ge,125.172874,7.3309364,119.790184
JVASP-19591,1,Ge,125.1724,7.3309374,119.99273
JVASP-19591,2,Ge,125.1724,7.3309364,119.99273
JVASP-19591,3,Ge,125.172874,7.3309374,119.790184
JVASP-19591,4,Pu,272.19812,13.72363,283.4289
JVASP-19591,5,Pu,272.19812,13.723629,283.4289
JVASP-4322,0,Ge,125.172874,7.33094,119.790184
JVASP-4322,1,Ge,125.1724,7.3309417,119.99272
JVASP-4322,2,Ge,125.1724,7.330935,119.99273
JVASP-4322,3,Ge,125.172874,7.330943,119.790184
JVASP-4322,4,Pu,272.19812,13.72363,283.4289
JVASP-4322,5,Pu,272.19812,13.723629,283.4289
JVASP-55213,0,Pu,466.9985,17.919685,457.75415
JVASP-55213,1,Pu,466.9985,17.919691,458.8911
JVASP-55213,2,Pu,466.9985,17.919695,484.87753
JVASP-55213,3,Ge,0.0,2.9729555,2.9729555
JVASP-68076,0,Hf,38.89953,0.040354896,38.863014
JVASP-68076,1,Hf,115.512215,0.050970312,115.55879
JVASP-68076,2,Be,5.996351,0.4748365,6.467857
JVASP-68076,3,Br,100.104935,0.1331233,99.97423
JVASP-81624,0,Li,0.2765791,0.08290569,0.27402547
JVASP-81624,1,Li,0.2765791,0.08290564,0.27402538
JVASP-81624,2,Cd,44.488102,12.869547,36.81189
JVASP-81624,3,Cd,44.488102,12.869545,36.81189
JVASP-81624,4,Cd,44.488102,12.869547,36.81189
JVASP-81624,5,Cd,44.488102,12.869543,36.81189
JVASP-81624,6,In,77.97218,2.2135768,79.30407
JVASP-81624,7,In,77.97218,2.2135758,79.30407
JVASP-66860,0,Be,1.8746853,0.40453193,1.4721388
JVASP-66860,1,Mo,3.7379212,0.067460634,3.6716292
JVASP-66860,2,Rh,15.157443,0.1721412,15.066385
JVASP-68023,0,Be,0.4343831,0.076034844,0.50895834
JVASP-68023,1,Mo,12.3552265,0.015560772,12.363322
JVASP-68023,2,Rh,64.023125,0.5398502,63.508404
JVASP-68023,3,Rh,33.484524,0.57685167,32.92956
JVASP-16342,0,Ca,48.022247,0.06503964,48.080284
JVASP-16342,1,Ca,48.022247,0.06503963,48.080284
JVASP-16342,2,Si,65.29442,13.345145,52.112804
JVASP-16342,3,Si,65.29442,13.345146,52.112804
JVASP-16342,4,Ni,40.250015,8.620125,31.687925
JVASP-16342,5,Ni,40.250015,8.620125,31.687925
JVASP-16342,6,Ni,40.250015,8.620124,31.687925
JVASP-16342,7,Ni,40.250015,8.620124,31.687925
JVASP-76930,0,Li,3.6074214,0.07908566,3.5980532
JVASP-76930,1,Li,3.6074214,0.07908566,3.5980532
JVASP-76930,2,Mg,48.060413,0.06560489,48.05425
JVASP-76930,3,Ga,473.56732,0.08413999,473.5649
JVASP-81240,0,Li,3.6074214,0.07908566,3.5980532
JVASP-81240,1,Li,3.6074214,0.07908566,3.5980532
JVASP-81240,2,Mg,48.060413,0.06560489,48.05425
JVASP-81240,3,Ga,473.5667,0.08413999,473.56433
JVASP-34250,0,C,4.6359234,0.074252225,4.6086435
JVASP-34250,1,K,54.303467,0.8277459,54.39167
JVASP-34250,2,O,166.77814,0.2656525,166.93095
JVASP-34250,3,K,89.05622,0.31071594,88.75821
JVASP-34250,4,O,181.93611,0.2542536,181.90327
JVASP-34250,5,K,84.08918,0.23136885,84.11326
JVASP-34250,6,O,188.95651,0.18594187,188.90042
JVASP-34250,7,O,188.95808,0.18594523,188.95137
JVASP-34250,8,K,84.09031,0.23136307,84.16757
JVASP-34262,0,K,0.08328266,1.0927188,1.094689
JVASP-34262,1,K,0.08328266,1.0927186,1.1009701
JVASP-34262,2,K,0.08328266,1.0927187,1.0892487
JVASP-34262,3,K,0.08328266,1.0927188,1.0986078
JVASP-34262,4,C,0.0,0.13455936,0.13455936
JVASP-34262,5,O,199.22923,0.48886523,199.20706
JVASP-34262,6,O,199.22923,0.48886523,199.21053
JVASP-34262,7,O,199.22923,0.48886514,199.28775
JVASP-34262,8,O,199.22923,0.4888652,199.21402
JVASP-34258,0,O,190.59602,0.34572017,190.85269
JVASP-34258,1,K,61.59338,0.785594,61.23264
JVASP-34258,2,O,190.59798,0.345751,190.43076
JVASP-34258,3,K,61.622105,0.7854492,60.879173
JVASP-34258,4,C,0.5489778,0.06961376,0.5740591
JVASP-34258,5,K,61.5922,0.7856156,61.92522
JVASP-34258,6,K,61.62047,0.78542423,61.578735
JVASP-34258,7,O,190.61128,0.3454269,190.50925
JVASP-34258,8,O,190.61406,0.34546334,190.62381
JVASP-34229,0,K,59.651936,0.5273928,59.50381
JVASP-34229,1,K,59.677856,0.38281935,59.80289
JVASP-34229,2,O,192.49423,0.38160488,192.49966
JVASP-34229,3,O,192.49432,0.38158703,192.36197
JVASP-34229,4,O,192.50269,0.38164318,192.37653
JVASP-34229,5,K,59.651505,0.5273885,59.47252
JVASP-34229,6,C,0.4140483,1.4266155,1.6918433
JVASP-34229,7,O,192.48415,0.38118565,192.75343
JVASP-34229,8,K,59.62853,0.68429035,58.967934
JVASP-34227,0,K,69.39472,0.083202526,69.424675
JVASP-34227,1,O,184.97668,0.08037611,184.89906
JVASP-34227,2,K,69.395836,0.07230251,69.351
JVASP-34227,3,K,69.401505,0.07230046,69.35628
JVASP-34227,4,K,69.40321,0.08320429,69.48024
JVASP-34227,5,C,0.83189183,0.20898597,0.8767741
JVASP-34227,6,O,184.9863,0.06717424,185.02109
JVASP-34227,7,O,184.97583,0.06717886,185.0037
JVASP-34227,8,O,184.98518,0.080377765,184.99841
JVASP-12161,0,Hg,290.4303,3.271117,289.40826
JVASP-12161,1,Hg,290.4303,3.2711167,289.49847
JVASP-12161,2,Hg,290.4303,3.2711153,289.40826
JVASP-12161,3,Hg,290.4303,3.271118,289.49847
JVASP-12161,4,Hg,290.4303,3.271117,289.40826
JVASP-12161,5,Hg,290.4303,3.2711165,289.49847
JVASP-12161,6,Hg,290.4303,3.2711165,289.40826
JVASP-12161,7,Hg,290.4303,3.2711182,289.49847
JVASP-12161,8,P,10.611008,0.08247763,10.666133
JVASP-12161,9,P,10.611008,0.082477525,10.639397
JVASP-12161,10,P,10.611008,0.08247752,10.666133
JVASP-12161,11,P,10.611008,0.0824776,10.639397
JVASP-12161,12,P,10.611008,0.08247771,10.666134
JVASP-12161,13,P,10.611008,0.08247771,10.639398
JVASP-12161,14,P,10.611008,0.082477614,10.666133
JVASP-12161,15,P,10.611008,0.08247766,10.639397
JVASP-12161,16,Se,474.14053,2.0732336,473.5558
JVASP-12161,17,Se,474.14053,2.073233,473.5353
JVASP-12161,18,Se,474.14053,2.0732336,473.5558
JVASP-12161,19,Se,474.14053,2.0732338,473.5353
JVASP-12161,20,Se,565.6869,6.4487057,561.47284
JVASP-12161,21,Se,565.6869,6.4487057,561.52466
JVASP-12161,22,Se,565.6869,6.448705,561.47284
JVASP-12161,23,Se,565.6869,6.4487057,561.52466
JVASP-12161,24,Se,561.5032,7.3764834,559.2972
JVASP-12161,25,Se,561.5032,7.3764844,559.979
JVASP-12161,26,Se,561.5032,7.3764834,559.2972
JVASP-12161,27,Se,561.5032,7.3764834,559.979
JVASP-12161,28,Se,474.14053,2.0732336,473.5558
JVASP-12161,29,Se,474.14053,2.073234,473.5353
JVASP-12161,30,Se,474.14053,2.0732338,473.5558
JVASP-12161,31,Se,474.14053,2.0732338,473.5353
JVASP-12161,32,Se,565.6869,6.4487042,561.47284
JVASP-12161,33,Se,565.6869,6.4487042,561.52466
JVASP-12161,34,Se,565.6869,6.4487057,561.47284
JVASP-12161,35,Se,565.6869,6.448705,561.52466
JVASP-12161,36,Se,561.5032,7.3764834,559.2972
JVASP-12161,37,Se,561.5032,7.3764844,559.979
JVASP-12161,38,Se,561.5032,7.376483,559.2972
JVASP-12161,39,Se,561.5032,7.3764844,559.979
JVASP-37479,0,Yb,25.91805,3.1299226,29.026194
JVASP-37479,1,Yb,25.91805,3.1299195,29.02619
JVASP-37479,2,Yb,0.11267653,3.254046,3.36582
JVASP-37479,3,U,71.21728,0.7237837,71.93609
JVASP-37669,0,Yb,1.5012075,0.036354017,1.513623
JVASP-37669,1,U,35.064716,0.2221896,34.92509
JVASP-37669,2,U,34.63552,0.22217506,34.85289
JVASP-37669,3,U,35.44392,0.22219715,35.3532
JVASP-53430,0,Sb,109.89535,0.076232895,109.91356
JVASP-53430,1,Rh,47.841667,0.47537398,47.801888
JVASP-53430,2,O,186.85793,0.44532868,186.76953
JVASP-53430,3,O,175.88797,0.50101906,175.65535
JVASP-53430,4,O,175.88797,0.5010192,175.65535
JVASP-53430,5,O,186.85793,0.44532892,186.76953
JVASP-3348,0,Ba,69.65288,1.2024987,70.825195
JVASP-3348,1,Ba,69.65288,1.2024995,70.825195
JVASP-3348,2,Ag,11.938813,0.4275164,11.515553
JVASP-3348,3,Ag,11.938813,0.42751637,11.515553
JVASP-3348,4,Te,78.13056,2.1734948,80.25184
JVASP-3348,5,Te,78.13056,2.1734948,80.25184
JVASP-3348,6,F,3.0847242,0.245337,2.8683536
JVASP-3348,7,F,3.0847242,0.24533701,2.8683536
JVASP-10270,0,B,41.903416,0.06620394,41.856056
JVASP-10270,1,B,41.903416,0.06620392,41.856056
JVASP-10270,2,O,73.57026,0.053551007,73.561935
JVASP-10270,3,O,73.57083,0.053551182,73.56228
JVASP-10270,4,O,73.57117,0.053550895,73.58863
JVASP-10270,5,O,73.57026,0.053550955,73.561935
JVASP-10270,6,O,73.57083,0.053551212,73.56228
JVASP-10270,7,O,73.57117,0.053550895,73.58863
JVASP-10270,8,Sc,22.580809,0.33996588,22.806406
JVASP-10270,9,Sc,22.580809,0.33996576,22.806406
JVASP-18921,0,P,0.0,0.24991354,0.24991354
JVASP-18921,1,Tb,0.011045361,0.6644212,0.6640172
JVASP-17967,0,Sr,22.756538,6.683678,27.638918
JVASP-17967,1,Sr,22.756538,6.6836786,27.63892
JVASP-17967,2,Pb,559.10297,2.8555737,558.5924
JVASP-17967,3,Pb,559.10297,2.8555737,558.5924
JVASP-17986,0,Sr,0.048989795,0.20668979,0.15841722
JVASP-17986,1,Pb,354.14606,0.2573795,354.25302
JVASP-17986,2,Pb,354.14606,0.25737953,354.27698
JVASP-17986,3,Pb,354.58322,0.2578795,354.34473
JVASP-53233,0,Sr,43.685974,0.13817696,43.72337
JVASP-53233,1,Sr,43.685974,0.13817708,43.701275
JVASP-53233,2,Sr,43.685974,0.13817704,43.701275
JVASP-53233,3,Sr,43.685974,0.13817695,43.72337
JVASP-53233,4,Pb,563.7099,0.54227906,564.24164
JVASP-53233,5,Pb,563.7099,0.5422787,564.24164
JVASP-53233,6,Pb,563.7099,0.5422794,564.2434
JVASP-53233,7,Pb,349.84348,0.08827667,349.89816
JVASP-53233,8,Pb,563.7099,0.54227847,564.2434
JVASP-53233,9,Pb,349.84348,0.08827659,349.89816
JVASP-15074,0,Y,71.401405,0.018816695,71.385254
JVASP-15074,1,Co,39.874836,0.23126306,39.646023
JVASP-15074,2,Co,39.874836,0.23126315,39.646023
JVASP-15074,3,Co,58.829575,0.080085635,58.837723
JVASP-15074,4,Co,58.828033,0.08008595,58.847004
JVASP-15074,5,Co,58.829575,0.080085635,58.841015
JVASP-16007,0,Co,8.300892,1.121115,7.440475
JVASP-16007,1,Co,8.300892,1.1211149,7.4404755
JVASP-16007,2,Y,31.30738,0.13094363,31.28887
JVASP-16007,3,Y,31.30738,0.13094358,31.28887
JVASP-41514,0,Y,25.294727,1.3637803,26.657589
JVASP-41514,1,Y,25.294727,1.3639319,26.657742
JVASP-41514,2,Co,3.8875494,0.81819075,3.073666
JVASP-41514,3,Co,3.8875494,0.8181919,3.073665
JVASP-8087,0,Rb,6.2070065,0.013375333,6.216124
JVASP-8087,1,Rb,6.2070065,0.013375334,6.216124
JVASP-8087,2,Cu,217.0207,0.13901445,217.09087
JVASP-8087,3,Cu,217.0207,0.13901445,217.07556
JVASP-8087,4,C,77.287994,0.14038901,77.23995
JVASP-8087,5,C,77.287994,0.14038892,77.20267
JVASP-8087,6,C,77.287994,0.14038894,77.23995
JVASP-8087,7,C,77.287994,0.14038885,77.20267
JVASP-8102,0,Rb,107.648544,0.011089732,107.64374
JVASP-8102,1,Cu,213.12112,0.13364919,212.98994
JVASP-8102,2,C,75.3414,0.054057248,75.288
JVASP-8102,3,C,75.3414,0.05405726,75.288
JVASP-18514,0,Zr,36.310604,0.03952172,36.275112
JVASP-18514,1,Zr,36.31108,0.039526407,36.276016
JVASP-18514,2,Zr,36.310604,0.039521735,36.27511
JVASP-18514,3,Zr,55.437023,0.1673089,55.413082
JVASP-18514,4,Zr,55.439106,0.16730945,55.43372
JVASP-18514,5,Zr,55.437023,0.16730888,55.416958
JVASP-18514,6,Co,74.84783,0.04162517,74.853935
JVASP-18514,7,As,7.4415503,0.089445196,7.5304112
JVASP-18514,8,As,7.4415503,0.089445196,7.5304112
JVASP-49889,0,Ba,0.0,0.020701297,0.020701297
JVASP-49889,1,Ta,0.0,0.48513928,0.48513928
JVASP-49889,2,O,16.012316,0.12210147,16.0921
JVASP-49889,3,O,16.012316,0.12210143,16.051468
JVASP-49889,4,O,16.012316,0.12210144,15.894091
JVASP-15188,0,Ce,6.687107,1.6240079,5.1352906
JVASP-15188,1,Ce,6.687107,1.6240088,5.13529
JVASP-15188,2,Ni,6.629136,0.9512736,5.6851187
JVASP-15188,3,Ni,6.629136,0.95127374,5.6851187
JVASP-15188,4,Ni,6.629136,0.95127416,5.6851187
JVASP-15188,5,Ni,6.629136,0.95127374,5.6851187
JVASP-15188,6,Ge,98.24251,85.07545,13.9495735
JVASP-15188,7,Ge,98.24251,85.07544,13.949581
JVASP-15188,8,Ge,98.24251,85.07545,13.9495735
JVASP-15188,9,Ge,98.24251,85.07544,13.949581
JVASP-15185,0,Sr,57.00534,52.98019,5.4318466
JVASP-15185,1,Sr,57.00534,52.980194,5.4318438
JVASP-15185,2,Fe,12.667128,10.205743,2.7185667
JVASP-15185,3,Fe,12.667128,10.205749,2.7185614
JVASP-15185,4,Fe,12.667128,10.205748,2.7185624
JVASP-15185,5,Fe,12.667128,10.205749,2.7185614
JVASP-15185,6,P,13.227245,30.080286,17.07107
JVASP-15185,7,P,13.227245,30.080286,17.07107
JVASP-15185,8,P,13.227245,30.080286,17.07107
JVASP-15185,9,P,13.227245,30.080286,17.07107
JVASP-77305,0,Al,21.2772,0.077134065,21.224148
JVASP-77305,1,Al,21.2772,0.07713405,21.224148
JVASP-77305,2,Al,21.2772,0.077134036,21.224148
JVASP-77305,3,Al,21.2772,0.07713407,21.224148
JVASP-77305,4,Tc,31.954933,0.15529121,31.959347
JVASP-77305,5,Tc,31.954933,0.15529117,31.959347
JVASP-77305,6,Pd,44.33613,2.2630103,42.094997
JVASP-77305,7,Pd,44.33613,2.2630098,42.094997
JVASP-14741,0,N,0.0,0.011936094,0.011936094
JVASP-14741,1,Ti,0.0058309524,0.021121753,0.022533316
JVASP-16036,0,Ti,73.06978,0.057268262,73.07785
JVASP-16036,1,Ti,73.06978,0.05726829,73.072044
JVASP-16036,2,Ti,73.06978,0.0572683,73.07785
JVASP-16036,3,Ti,73.06978,0.057268262,73.072044
JVASP-16036,4,N,5.7378564,0.06678302,5.7765594
JVASP-16036,5,N,5.7378564,0.06678304,5.7734056
JVASP-14922,0,N,1.6686342,0.08252328,1.7029858
JVASP-14922,1,N,1.6686342,0.08252329,1.7029858
JVASP-14922,2,Ti,88.62651,0.057393115,88.652695
JVASP-14922,3,Ti,88.62266,0.0573929,88.59239
JVASP-14922,4,Ti,88.62266,0.05739282,88.59239
JVASP-14922,5,Ti,88.62651,0.05739323,88.652695
JVASP-37010,0,Ti,0.0,0.072285585,0.072285585
JVASP-37010,1,N,0.0,0.013782578,0.013782578
JVASP-37011,0,Ti,0.0,0.06672167,0.06672167
JVASP-37011,1,Ti,0.0,0.06672161,0.06672161
JVASP-37011,2,Ti,0.0,0.06672167,0.06672167
JVASP-37011,3,Ti,0.0,0.06672164,0.06672164
JVASP-37011,4,N,0.0,0.06973985,0.06973985
JVASP-37011,5,N,0.0,0.06973984,0.06973984
JVASP-37011,6,N,0.0,0.06973983,0.06973983
JVASP-37011,7,N,0.0,0.06973984,0.06973984
JVASP-37594,0,Ti,22.179312,0.12583199,22.29747
JVASP-37594,1,Ti,22.179312,0.12583204,22.29747
JVASP-37594,2,Ti,119.47549,0.11196759,119.37099
JVASP-37594,3,Ti,22.179312,0.12583193,22.29747
JVASP-37594,4,Ti,22.179312,0.12583207,22.29747
JVASP-37594,5,Ti,119.47549,0.1119676,119.37099
JVASP-37594,6,N,23.413855,0.025046945,23.427938
JVASP-37594,7,N,23.413855,0.025046963,23.427938
JVASP-37595,0,Ti,89.0757,0.08259589,89.11114
JVASP-37595,1,Ti,89.0757,0.08259597,89.12182
JVASP-37595,2,Ti,89.0757,0.082595915,88.9942
JVASP-37595,3,N,0.0,0.0674593,0.0674593
JVASP-29974,0,Ag,116.95249,0.10120824,116.90462
JVASP-29974,1,Ag,117.977936,0.114155576,117.93248
JVASP-29974,2,Ag,117.74408,0.11293085,117.695076
JVASP-29974,3,Ag,127.35837,0.046081472,127.343666
JVASP-29974,4,Ag,116.77515,0.101200774,116.73844
JVASP-29974,5,Ag,127.33552,0.045772593,127.33717
JVASP-29974,6,S,48.370277,0.07290117,48.412716
JVASP-29974,7,S,48.46545,0.07304451,48.45833
JVASP-29974,8,I,58.54725,0.07253637,58.54484
JVASP-29974,9,I,57.934277,0.070993066,57.944736
JVASP-51352,0,Ag,125.03242,0.6198244,124.42355
JVASP-51352,1,Ag,124.916756,0.777572,125.2608
JVASP-51352,2,Ag,124.62199,0.7771317,125.04075
JVASP-51352,3,S,37.30705,0.14786479,37.301136
JVASP-51352,4,I,26.15096,0.26256552,26.159811
JVASP-52682,0,Ag,60.354824,0.054705497,60.350624
JVASP-52682,1,Ag,94.60964,0.27677363,94.568146
JVASP-52682,2,Ag,60.354824,0.054705445,60.350624
JVASP-52682,3,Ag,94.60839,0.27676877,94.57887
JVASP-52682,4,S,170.99773,0.5615986,170.76144
JVASP-52682,5,I,649.21967,0.029147828,649.2306
JVASP-53111,0,Ag,142.95511,0.29945529,143.09198
JVASP-53111,1,Ag,142.95746,0.29945636,143.10027
JVASP-53111,2,Ag,142.9534,0.29945326,142.66649
JVASP-53111,3,S,31.095762,0.1375674,31.1112
JVASP-53111,4,I,189.06024,0.19445172,189.04755
JVASP-53421,0,Ag,130.6477,0.5924251,130.0582
JVASP-53421,1,Ag,150.50432,0.51540214,150.80418
JVASP-53421,2,Ag,124.54093,0.19308075,124.560585
JVASP-53421,3,S,64.3888,0.6324087,64.8842
JVASP-53421,4,I,141.87431,0.11549984,141.8044
JVASP-53634,0,Ag,106.20379,0.7093444,105.940895
JVASP-53634,1,Ag,140.04257,0.2873981,140.03673
JVASP-53634,2,Ag,140.04257,0.28739816,140.00363
JVASP-53634,3,Ag,106.20379,0.7093442,105.9896
JVASP-53634,4,Ag,156.5469,0.53098226,156.55614
JVASP-53634,5,Ag,156.5469,0.5309824,156.55583
JVASP-53634,6,S,39.35875,0.18107687,39.382717
JVASP-53634,7,S,39.35875,0.18107685,39.383423
JVASP-53634,8,I,155.21628,0.12927692,155.20877
JVASP-53634,9,I,155.21628,0.12927665,155.2021
JVASP-57806,0,Ag,172.1338,0.07303503,172.174
JVASP-57806,1,Ag,172.13379,0.07303513,172.11305
JVASP-57806,2,Ag,172.13379,0.073034965,172.1144
JVASP-57806,3,S,0.0,0.3856111,0.3856111
JVASP-57806,4,I,0.0,0.16229244,0.16229244
JVASP-8571,0,S,37.317974,0.15661469,37.324368
JVASP-8571,1,Ag,124.77404,0.7376471,125.24861
JVASP-8571,2,Ag,124.77404,0.73764706,125.02726
JVASP-8571,3,Ag,124.77404,0.737647,124.06823
JVASP-8571,4,I,26.121357,0.2800707,26.130825
JVASP-15992,0,Zr,46.587444,0.0711725,46.598576
JVASP-15992,1,Zr,46.587616,0.07117459,46.629
JVASP-15992,2,Zr,46.587616,0.07117453,46.62816
JVASP-15992,3,Cu,64.733894,4.620561,69.33764
JVASP-15992,4,Cu,34.136147,1.0881332,33.064583
JVASP-15992,5,Cu,34.136147,1.0881331,33.078163
JVASP-15992,6,Cu,34.127728,1.0881313,33.114777
JVASP-15992,7,Si,26.701889,0.22361383,26.480932
JVASP-15992,8,Si,26.701889,0.2236138,26.480932
JVASP-7933,0,Zr,1.0843074,0.030501526,1.0762677
JVASP-7933,1,Zr,1.0843074,0.030501574,1.0762676
JVASP-7933,2,Cu,4.9381714,0.691082,5.5862513
JVASP-7933,3,Cu,4.9381714,0.69108206,5.5862513
JVASP-7933,4,Si,48.230453,4.0416307,44.201805
JVASP-7933,5,Si,48.230453,4.0416303,44.201805
JVASP-7933,6,Si,61.24949,0.070969276,61.31134
JVASP-7933,7,Si,61.24949,0.0709693,61.31134
JVASP-77566,0,Be,9.2407,0.09944629,9.297746
JVASP-77566,1,Be,9.2407,0.099446334,9.297746
JVASP-77566,2,Be,9.2407,0.099446386,9.297746
JVASP-77566,3,Be,9.2407,0.09944642,9.297746
JVASP-77566,4,Pd,6.271936,0.03124306,6.272572
JVASP-77566,5,Pd,6.271936,0.031242987,6.272572
JVASP-77566,6,Ru,515.06915,0.010191263,515.0703
JVASP-77566,7,Ru,515.06915,0.0101912655,515.0703
JVASP-81986,0,Be,6.7050996,0.1033908,6.807078
JVASP-81986,1,Be,6.7050996,0.10339078,6.807078
JVASP-81986,2,Be,6.7050996,0.10339076,6.807078
JVASP-81986,3,Be,6.7050996,0.10339085,6.8070784
JVASP-81986,4,Pd,40.818356,56.633514,16.102074
JVASP-81986,5,Pd,40.818356,56.633514,16.102076
JVASP-81986,6,Ru,87.69597,3.8741488,89.65539
JVASP-81986,7,Ru,87.69597,3.8741472,89.65539
JVASP-69231,0,Ba,6.99166,71.784966,78.7747
JVASP-69231,1,Cr,15.811456,4.1098046,11.702264
JVASP-69231,2,Br,78.232254,71.186226,146.43622
JVASP-69231,3,Br,78.232254,71.18622,146.65971
JVASP-38503,0,Na,1.1912686,0.05653006,1.245283
JVASP-38503,1,Na,1.1912686,0.056530073,1.245283
JVASP-38503,2,Al,1.2704687,0.4688775,1.7334254
JVASP-38503,3,Al,1.2704687,0.46887738,1.7334253
JVASP-38503,4,Al,9.8445,0.71110034,10.547069
JVASP-38503,5,Al,1.2704687,0.46887773,1.7334256
JVASP-38503,6,Al,1.2704687,0.4688772,1.7334251
JVASP-38503,7,Al,9.8445,0.7111006,10.547069
JVASP-18371,0,H,0.0,1.0992762,1.0992762
JVASP-18371,1,Cl,0.00244949,0.0740647,0.07457443
JVASP-22676,0,H,24.587673,1.9304123,25.606207
JVASP-22676,1,H,24.587673,1.9304127,25.65939
JVASP-22676,2,Cl,343.10208,0.17947707,343.00668
JVASP-22676,3,Cl,343.10208,0.17947705,343.0003
JVASP-51392,0,H,12.282967,0.16897304,12.32467
JVASP-51392,1,Cl,373.67377,0.13082196,373.56894
JVASP-52594,0,H,29.173424,0.43117645,28.774399
JVASP-52594,1,H,29.173424,0.43117663,28.774399
JVASP-52594,2,Cl,382.3735,0.20215859,382.56497
JVASP-52594,3,Cl,382.3735,0.20215869,382.56497
JVASP-17591,0,Np,353.70142,0.041167807,353.67126
JVASP-17591,1,Sb,329.05713,0.15947364,329.03394
JVASP-17892,0,Sb,0.0,0.019474797,0.019474797
JVASP-17892,1,Np,0.007483315,0.046427406,0.0494298
JVASP-38742,0,Np,38.073643,0.49475428,37.59842
JVASP-38742,1,Np,38.073643,0.49475443,37.59842
JVASP-38742,2,Sb,278.4985,100.57802,286.1049
JVASP-38742,3,Sb,278.49747,100.5775,286.04935
JVASP-38742,4,Sb,278.49747,100.57749,286.297
JVASP-38742,5,Sb,278.4985,100.57801,286.1049
JVASP-38742,6,Sb,278.49747,100.57749,286.04935
JVASP-38742,7,Sb,278.49747,100.57749,286.297
JVASP-79079,0,Np,134.8338,7.135037,127.72139
JVASP-79079,1,Np,134.8338,7.1350408,127.72138
JVASP-79079,2,Sb,154.42317,179.52478,25.388533
JVASP-79079,3,Sb,154.42317,179.52473,25.3885
JVASP-79079,4,Sb,509.3322,117.47793,626.7863
JVASP-79079,5,Sb,154.42317,179.52473,25.3885
JVASP-79079,6,Sb,154.42317,179.52473,25.388498
JVASP-79079,7,Sb,509.3322,117.477936,626.7863
JVASP-10253,0,N,23.388655,0.08244389,23.377563
JVASP-10253,1,F,242.83406,9.606958,249.04298
JVASP-10253,2,F,242.83406,9.606958,249.04298
JVASP-10253,3,F,242.8329,9.60693,238.31953
JVASP-10253,4,F,253.0967,6.98591,252.25768
JVASP-10253,5,F,253.0967,6.9859085,252.25768
JVASP-10253,6,F,242.8329,9.606931,238.31953
JVASP-10253,7,S,173.08652,14.558272,177.88037
JVASP-10253,8,S,173.08652,14.558273,177.88037
JVASP-10253,9,As,8.332651,26.73582,29.130102
JVASP-65605,0,Ba,78.55432,6.7363367,71.85706
JVASP-65605,1,Sr,44.68114,0.5557181,44.128716
JVASP-65605,2,Sr,37.73112,2.646853,35.12796
JVASP-65605,3,Te,103.9441,10.134935,114.05457
JVASP-65645,0,Ba,78.59596,6.7260246,71.90898
JVASP-65645,1,Sr,44.66318,0.55733734,44.109142
JVASP-65645,2,Sr,37.77603,2.6417809,35.177814
JVASP-65645,3,Te,104.02738,10.102805,114.10585
JVASP-65753,0,Ba,78.56494,6.746054,71.85784
JVASP-65753,1,Sr,44.599083,0.5570512,44.04533
JVASP-65753,2,Sr,37.747044,2.6441348,35.1465
JVASP-65753,3,Te,103.99635,10.134314,114.106316
JVASP-37520,0,Sr,32.550045,0.13215391,32.42027
JVASP-37520,1,Al,17.457514,1.1199092,18.574015
JVASP-37520,2,Ge,36.099354,0.12725048,36.225685
JVASP-37520,3,H,5.007982,0.12933198,4.9333
JVASP-15958,0,Zr,63.651493,0.07198057,63.675865
JVASP-15958,1,Zr,63.650055,0.071976945,63.617207
JVASP-15958,2,Zr,63.650055,0.07197678,63.634678
JVASP-15958,3,Mo,48.566093,0.093134046,48.475067
JVASP-15958,4,Mo,48.566093,0.09313405,48.47575
JVASP-15958,5,Mo,48.56619,0.09313391,48.47488
JVASP-15958,6,P,20.687983,0.38964894,20.299026
JVASP-15958,7,P,20.687983,0.38964882,20.299026
JVASP-15958,8,P,10.3735895,0.1208492,10.253642
JVASP-56367,0,K,13.330123,1.0600271,12.27315
JVASP-56367,1,K,13.330123,1.0600272,12.2731495
JVASP-56367,2,K,43.195526,0.9290157,44.121586
JVASP-56367,3,K,13.330123,1.0600271,12.27315
JVASP-56367,4,K,43.195526,0.92901564,44.121586
JVASP-56367,5,K,13.330123,1.0600272,12.2731495
JVASP-56367,6,Bi,75.228325,24.550896,99.719536
JVASP-56367,7,Bi,75.228325,24.550898,99.719536
JVASP-15621,0,Si,31.701427,27.464035,22.521856
JVASP-15621,1,Si,31.701427,27.464033,22.521856
JVASP-15621,2,Ni,4.785731,2.5524962,6.8138227
JVASP-15621,3,Ni,4.785731,2.5524957,6.813822
JVASP-15621,4,Th,24.583904,32.189278,25.063534
JVASP-14887,0,Sb,151.79776,0.103880845,151.80722
JVASP-14887,1,Sb,151.79776,0.10388084,151.80722
JVASP-14887,2,Sb,151.79776,0.10388083,151.85504
JVASP-14887,3,Sb,151.79776,0.103880815,151.85504
JVASP-14887,4,Ru,60.269257,0.7918965,60.04728
JVASP-14887,5,Ru,60.269257,0.7918967,60.04728
JVASP-14887,6,Ru,60.269257,0.7918966,60.05208
JVASP-14887,7,Ru,60.269257,0.7918967,60.05208
JVASP-8457,0,Sb,304.52167,0.3334949,304.69354
JVASP-8457,1,Sb,304.52167,0.33349487,304.69354
JVASP-8457,2,Sb,304.52167,0.33349487,304.656
JVASP-8457,3,Sb,304.52167,0.3334948,304.656
JVASP-8457,4,Ru,175.49556,0.75481546,174.91888
JVASP-8457,5,Ru,175.49556,0.75481546,174.93332
JVASP-14969,0,Rh,42.551716,0.036646742,42.558895
JVASP-14969,1,Ti,7.3721476,0.038484655,7.374606
JVASP-20098,0,Ti,0.0,0.06267304,0.06267304
JVASP-20098,1,Rh,40.67623,0.26561537,40.41921
JVASP-20098,2,Rh,40.67623,0.26561555,40.75319
JVASP-20098,3,Rh,40.67623,0.26561543,40.857597
JVASP-35761,0,Ti,13.246024,0.04991361,13.199617
JVASP-35761,1,Ti,13.246024,0.049913615,13.199617
JVASP-35761,2,Rh,25.487759,0.03334026,25.50638
JVASP-16615,0,Ti,0.0,0.01662579,0.01662579
JVASP-16615,1,Rh,0.0,0.018826887,0.018826887
JVASP-7960,0,Ca,1.7105603,0.02719845,1.7306898
JVASP-7960,1,Ca,1.7105603,0.027198428,1.7306898
JVASP-7960,2,Mn,30.291206,0.03107178,30.271088
JVASP-7960,3,Mn,30.291206,0.031071814,30.271088
JVASP-7960,4,Sn,33.719673,4.5892878,29.141335
JVASP-7960,5,Sn,33.719673,4.5892844,29.141338
JVASP-11231,0,Ca,37.120033,0.11339463,37.207428
JVASP-11231,1,La,249.74239,0.013950485,249.7341
JVASP-11231,2,La,249.74239,0.013950486,249.7341
JVASP-11231,3,Sn,20.087965,0.072999716,20.134995
JVASP-11231,4,O,57.06626,0.41850463,56.977634
JVASP-11231,5,O,57.066483,0.41850522,57.157673
JVASP-11231,6,O,57.066486,0.41850477,57.16365
JVASP-11231,7,O,57.06626,0.4185049,56.977634
JVASP-11231,8,O,57.066486,0.41850504,57.16365
JVASP-11231,9,O,57.066483,0.4185054,57.157673
JVASP-15295,0,Mn,16.398497,8.888331,11.490171
JVASP-15295,1,Mn,16.398497,8.88833,11.490171
JVASP-15295,2,Ge,75.478516,80.29062,58.516476
JVASP-15295,3,Ge,75.478516,80.29063,58.51648
JVASP-15295,4,Tm,75.600655,57.97897,51.00321
JVASP-16634,0,Tm,27.379467,1.3681315,26.714369
JVASP-16634,1,Tm,27.372297,1.3681755,27.069471
JVASP-16634,2,Tm,27.379467,1.3681309,26.950462
JVASP-16634,3,Mn,27.164032,5.6531405,21.88848
JVASP-16634,4,Mn,27.163586,5.6532025,21.861326
JVASP-16634,5,Mn,27.163586,5.653203,22.033545
JVASP-16634,6,Ge,79.52391,1.2614031,78.27655
JVASP-16634,7,Ge,79.52391,1.2614032,78.27655
JVASP-16634,8,Ge,49.86304,27.46816,77.23677
JVASP-18440,0,Ba,46.964756,1.4399973,45.89856
JVASP-18440,1,Ba,46.964756,1.4399968,45.89856
JVASP-18440,2,Li,3.1762028,0.054287486,3.1951818
JVASP-18440,3,Li,3.1762028,0.0542874,3.1951818
JVASP-18440,4,Li,3.1762028,0.054287393,3.2048514
JVASP-18440,5,Li,3.1762028,0.054287393,3.2048514
JVASP-18440,6,Si,21.051296,0.09167927,21.009104
JVASP-18440,7,Si,21.051296,0.09167916,21.009104
JVASP-13842,0,Ba,2.1678002,25.516506,23.354122
JVASP-13842,1,Li,3.7085288,0.29859927,3.4144425
JVASP-13842,2,Si,99.37702,0.23117527,99.60409
JVASP-16212,0,Ba,2.1678002,25.516506,23.354122
JVASP-16212,1,Li,3.7085288,0.29859954,3.4144423
JVASP-16212,2,Si,99.37702,0.23117536,99.60409
JVASP-2295,0,Cu,3.3381438,0.13453004,3.26672
JVASP-2295,1,Cu,3.3381438,0.13453,3.26672
JVASP-2295,2,Ga,0.22394791,0.05295272,0.19441082
JVASP-2295,3,Ga,0.22394791,0.052952707,0.19441083
JVASP-2295,4,Te,352.77917,0.043973356,352.75415
JVASP-2295,5,Te,352.77853,0.04397344,352.80093
JVASP-2295,6,Te,352.77902,0.043973316,352.75787
JVASP-2295,7,Te,352.77887,0.04397341,352.80646
JVASP-35464,0,Ce,58.297867,0.7598644,58.859917
JVASP-35464,1,Ce,58.297867,0.7598642,58.859917
JVASP-35464,2,Fe,34.215836,1.2814589,35.213028
JVASP-35464,3,Fe,34.215836,1.2814587,35.213028
JVASP-35464,4,Si,49.94462,5.5955048,52.403
JVASP-35464,5,Si,49.94462,5.5955048,52.403
JVASP-35464,6,C,40.58169,0.15269598,40.563885
JVASP-21497,0,Li,2.4542608,0.0884728,2.4401217
JVASP-21497,1,Li,2.4542608,0.088472836,2.4401217
JVASP-21497,2,O,46.728752,0.7030969,46.587807
JVASP-21497,3,O,46.728348,0.7030904,46.337444
JVASP-21497,4,O,46.72896,0.7030916,46.674072
JVASP-21497,5,O,46.728745,0.70309174,47.35526
JVASP-21497,6,Si,5.8645897,0.1483092,5.846524
JVASP-21497,7,Ca,18.064217,0.043550983,18.069675
JVASP-28355,0,Ce,87.47398,0.20148014,87.672844
JVASP-28355,1,Se,21.75242,1.1037772,22.832243
JVASP-28355,2,Se,29.604048,0.8544023,30.44191
JVASP-35216,0,Ce,125.13341,0.20618218,125.309654
JVASP-35216,1,Ce,125.13341,0.20618166,125.309654
JVASP-35216,2,Ce,66.884544,0.08782871,66.82971
JVASP-35216,3,Se,25.333893,7.152874,23.170712
JVASP-35216,4,Se,25.333893,7.1528783,23.231535
JVASP-35216,5,Se,25.33373,7.1528716,23.19896
JVASP-35216,6,Se,52.607502,14.467189,61.50368
JVASP-35216,7,Se,52.607502,14.4671955,62.148426
JVASP-35216,8,Se,52.606884,14.467454,61.76425
JVASP-35841,0,Ce,78.668625,0.32490498,78.36025
JVASP-35841,1,Ce,78.668625,0.32490483,78.36025
JVASP-35841,2,Se,70.48815,37.724693,32.81738
JVASP-35841,3,Se,70.48815,37.724686,32.817387
JVASP-35841,4,Se,166.70164,17.369131,149.37329
JVASP-35841,5,Se,166.70164,17.369133,149.37329
JVASP-36217,0,Ce,0.0,0.20988806,0.20988806
JVASP-36217,1,Se,0.0,40.564667,40.564667
JVASP-36433,0,Ce,48.94897,1.2826087,50.22841
JVASP-36433,1,Se,83.09322,86.86376,169.94815
JVASP-36433,2,Se,83.09322,86.863754,169.94814
JVASP-36434,0,Ce,24.398142,0.12374922,24.31738
JVASP-36434,1,Se,193.06143,75.5487,117.52808
JVASP-36434,2,Se,193.06143,75.5487,117.52808
JVASP-14937,0,Se,0.0016329932,0.11710576,0.11742255
JVASP-14937,1,Ce,0.00678233,0.0258693,0.025856724
JVASP-78317,0,Ce,97.26946,0.18144846,97.448006
JVASP-78317,1,Se,9.933563,0.94124144,10.859152
JVASP-78317,2,Se,9.933297,0.94123703,10.861611
JVASP-78415,0,Ce,0.0,0.20930906,0.20930906
JVASP-78415,1,Se,0.0,40.734566,40.734566
JVASP-78732,0,Ce,0.0,0.0287157,0.0287157
JVASP-78732,1,Ce,0.0,0.028715672,0.028715672
JVASP-78732,2,Ce,0.0,0.028715722,0.028715722
JVASP-78732,3,Ce,0.0,0.028715687,0.028715687
JVASP-78732,4,Se,0.0,0.10876226,0.10876226
JVASP-78732,5,Se,0.0,0.108762406,0.108762406
JVASP-78732,6,Se,0.0,0.10876228,0.10876228
JVASP-78732,7,Se,0.0,0.10876234,0.10876234
JVASP-78847,0,Ce,59.939014,0.12742876,60.06325
JVASP-78847,1,Se,156.53586,0.7464256,157.27559
JVASP-78847,2,Se,156.53586,0.7464259,157.27559
JVASP-78848,0,Ce,98.69503,0.18221207,98.87439
JVASP-78848,1,Ce,98.69503,0.1822121,98.87439
JVASP-78848,2,Se,9.250637,0.952373,10.187564
JVASP-78848,3,Se,9.250637,0.9523731,10.187125
JVASP-78848,4,Se,9.250637,0.9523733,10.187564
JVASP-78848,5,Se,9.250637,0.9523731,10.187125
JVASP-78849,0,Ce,128.68527,0.13781388,128.54858
JVASP-78849,1,Ce,128.68527,0.13781379,128.54858
JVASP-78849,2,Se,38.692257,1.0807934,39.76064
JVASP-78849,3,Se,38.692257,1.0807933,39.76064
JVASP-78849,4,Se,38.692257,1.0807934,39.76064
JVASP-78849,5,Se,38.692257,1.0807934,39.76064
JVASP-78850,0,Ce,594.2451,0.16440143,594.29694
JVASP-78850,1,Se,116.00446,0.6431794,115.84475
JVASP-78850,2,Se,116.00446,0.6431794,115.84475
JVASP-78852,0,Ce,147.92714,0.11492798,147.81317
JVASP-78852,1,Ce,147.92673,0.11492695,147.81277
JVASP-78852,2,Ce,147.92673,0.114926875,147.81277
JVASP-78852,3,Se,36.552105,0.63737464,37.18259
JVASP-78852,4,Se,36.552105,0.63737464,37.18259
JVASP-78852,5,Se,36.551285,0.6373694,37.181767
JVASP-78852,6,Se,36.552105,0.63736635,37.18258
JVASP-78852,7,Se,36.552105,0.63736653,37.18258
JVASP-78852,8,Se,36.551285,0.63736916,37.181767
JVASP-35659,0,La,0.0,0.010368655,0.010368655
JVASP-35659,1,Pd,147.42664,0.03306,147.43369
JVASP-35659,2,Pd,147.42662,0.033059992,147.4425
JVASP-35659,3,Pd,147.42664,0.03306001,147.40369
JVASP-35659,4,C,0.0,0.0426765,0.0426765
JVASP-11123,0,O,122.54328,0.9738218,122.98582
JVASP-11123,1,O,122.54243,0.9738221,122.65814
JVASP-11123,2,O,122.54239,0.9738221,122.002266
JVASP-11123,3,O,122.54328,0.9738218,122.98582
JVASP-11123,4,O,122.54239,0.97382206,122.002266
JVASP-11123,5,O,122.54243,0.97382206,122.65814
JVASP-11123,6,Sr,21.12485,8.110709,26.32474
JVASP-11123,7,Te,0.48231938,0.060463775,0.5060369
JVASP-11123,8,Ba,43.901493,0.02399605,43.91401
JVASP-11123,9,Ba,43.901493,0.023996012,43.91401
JVASP-69061,0,Ba,20.92844,0.45333886,21.379074
JVASP-69061,1,Ca,14.17683,0.08600155,14.245199
JVASP-69061,2,Ca,14.17683,0.086001515,14.245197
JVASP-69061,3,Bi,419.46777,26.448196,445.83185
JVASP-77412,0,Li,0.1811537,0.055563413,0.19275711
JVASP-77412,1,Li,0.1811537,0.05556344,0.1927571
JVASP-77412,2,Li,0.1811537,0.05556343,0.19275711
JVASP-77412,3,Li,0.1811537,0.05556343,0.19275711
JVASP-77412,4,Ga,6.1243153,0.066161714,6.1060023
JVASP-77412,5,Ga,6.1243153,0.066161714,6.1060023
JVASP-77412,6,Hg,21.949179,0.27647877,21.955915
JVASP-77412,7,Hg,21.949179,0.27647862,21.955915
JVASP-81653,0,Li,1.1536689,0.05636102,1.2084129
JVASP-81653,1,Li,1.1536689,0.056361023,1.2084129
JVASP-81653,2,Li,1.1536689,0.056361012,1.2084129
JVASP-81653,3,Li,1.1536689,0.05636102,1.2084129
JVASP-81653,4,Ga,48.95308,0.086486414,49.022892
JVASP-81653,5,Ga,48.95308,0.08648644,49.022892
JVASP-81653,6,Hg,122.370605,3.920653,122.46813
JVASP-81653,7,Hg,122.370605,3.9206517,122.468124
JVASP-81846,0,Li,1.3779557,0.053867456,1.4072412
JVASP-81846,1,Li,1.3779557,0.053867403,1.4072412
JVASP-81846,2,Ga,33.55572,0.018803034,33.543793
JVASP-81846,3,Ga,33.55572,0.018803025,33.543793
JVASP-81846,4,Hg,228.5738,0.054928612,228.53786
JVASP-81846,5,Hg,228.5738,0.054928675,228.53786
JVASP-81846,6,Hg,228.5738,0.05492866,228.53786
JVASP-81846,7,Hg,228.5738,0.054928694,228.53786
JVASP-24872,0,K,16.59219,0.08610604,16.663755
JVASP-24872,1,K,16.59219,0.08610606,16.663755
JVASP-24872,2,Mn,4.2856517,0.07529661,4.2403684
JVASP-24872,3,F,32.85395,0.08605562,32.779217
JVASP-24872,4,F,32.85395,0.086055614,32.779217
JVASP-24872,5,F,70.67387,0.03975647,70.68885
JVASP-24872,6,F,70.673676,0.03975648,70.69891
JVASP-22579,0,F,56.624207,0.050165758,56.599087
JVASP-22579,1,F,56.624207,0.05016571,56.599087
JVASP-22579,2,F,56.618637,0.023983873,56.629616
JVASP-22579,3,F,56.618053,0.02398393,56.623447
JVASP-22579,4,F,56.618637,0.02398386,56.629616
JVASP-22579,5,F,56.618053,0.02398391,56.623447
JVASP-22579,6,K,0.015099669,0.030825704,0.03748433
JVASP-22579,7,K,0.015099669,0.030825723,0.037484348
JVASP-22579,8,Mn,0.1101272,0.038896177,0.11205628
JVASP-22579,9,Mn,0.1101272,0.038896155,0.11205627
JVASP-22577,0,F,56.504013,0.014555326,56.508022
JVASP-22577,1,F,56.504013,0.014555309,56.50905
JVASP-22577,2,F,56.504013,0.01455532,56.494976
JVASP-22577,3,K,0.0,0.041634202,0.041634202
JVASP-22577,4,Mn,0.0,0.0114383465,0.0114383465
JVASP-85271,0,La,9.739172,0.095481604,9.833299
JVASP-85271,1,La,9.739172,0.09548159,9.833299
JVASP-85271,2,P,5.597084,0.03717855,5.633503
JVASP-85271,3,I,38.797466,0.05755967,38.85207
JVASP-85271,4,I,38.797466,0.05755977,38.852074
JVASP-39436,0,Nd,159.71815,35.25702,124.46989
JVASP-39436,1,Nd,159.71815,35.25702,124.46989
JVASP-39436,2,Cu,7.4399166,0.19451156,7.251324
JVASP-39436,3,Cu,7.4399166,0.1945115,7.251324
JVASP-39436,4,Te,76.15055,1.5114644,77.62984
JVASP-39436,5,Te,76.15055,1.5114645,77.62984
JVASP-39436,6,O,6.3417287,0.257885,6.486462
JVASP-39436,7,O,6.3417287,0.25788495,6.486462
JVASP-17916,0,Dy,21.482841,0.052862596,21.534973
JVASP-17916,1,In,94.072655,0.033514377,94.10382
JVASP-17916,2,In,235.48741,0.119013935,235.52438
JVASP-17916,3,In,235.48741,0.11901395,235.51527
JVASP-17916,4,In,235.48741,0.11901393,235.52438
JVASP-17916,5,In,235.48741,0.11901391,235.51527
JVASP-17916,6,Rh,5.793043,0.26125616,5.537998
JVASP-86646,0,Dy,38.53984,0.12610449,38.66372
JVASP-86646,1,Dy,38.53984,0.12610453,38.66372
JVASP-86646,2,Dy,38.540096,0.12610745,38.660046
JVASP-86646,3,In,27.40488,0.13480003,27.353796
JVASP-86646,4,In,27.40488,0.13480008,27.353155
JVASP-86646,5,In,27.405176,0.13480213,27.37583
JVASP-86646,6,Rh,46.2035,0.25795084,45.960804
JVASP-86646,7,Rh,128.52104,139.1032,10.643618
JVASP-86646,8,Rh,128.52104,139.10321,10.643627
JVASP-57242,0,Sr,6.3406234,0.33459422,6.6385174
JVASP-57242,1,Sr,6.347609,0.3343225,6.6455975
JVASP-57242,2,Fe,65.19585,0.55529743,65.55545
JVASP-57242,3,Fe,65.19545,0.555293,65.63459
JVASP-57242,4,S,33.49749,0.21154375,33.68584
JVASP-57242,5,S,33.496696,0.21153349,33.685127
JVASP-57242,6,O,39.946438,1.8571029,38.365334
JVASP-57242,7,F,16.060972,12.041826,7.603321
JVASP-57242,8,F,16.061453,12.041828,7.604246
JVASP-14587,0,Hf,0.009591663,0.06821017,0.07182737
JVASP-14590,0,Hf,108.71244,0.04812275,108.668434
JVASP-14590,1,Hf,108.71244,0.04812276,108.668434
JVASP-16086,0,Hf,0.011775682,0.04720973,0.04969619
JVASP-802,0,Hf,108.71203,0.048122823,108.66802
JVASP-802,1,Hf,108.71244,0.048122857,108.668434
JVASP-806,0,Hf,101.19496,0.061893158,101.13673
JVASP-806,1,Hf,101.19496,0.061893135,101.13673
JVASP-84854,0,Hf,106.3103,0.045054544,106.269455
JVASP-84854,1,Hf,106.31071,0.04505455,106.26986
JVASP-84953,0,Hf,101.36968,0.06253595,101.31079
JVASP-84953,1,Hf,101.36968,0.06253593,101.31079
JVASP-892,0,Hf,125.22036,0.03902501,125.18523
JVASP-892,1,Hf,125.22036,0.03902506,125.18523
JVASP-25059,0,Hf,113.160706,2.6965582,115.851845
JVASP-25059,1,Hf,113.160706,2.6965578,115.851845
JVASP-25059,2,Hf,81.394905,0.083575964,81.477844
JVASP-25061,0,Hf,0.0,0.06821022,0.06821022
JVASP-25061,1,Hf,0.0,0.068210244,0.068210244
JVASP-25350,0,Hf,0.0,0.047208223,0.047208223
JVASP-25350,1,Hf,0.0,0.047208227,0.047208227
JVASP-25350,2,Hf,0.0,0.04720824,0.04720824
JVASP-25350,3,Hf,0.0,0.047208216,0.047208216
JVASP-35453,0,Sm,7.5493274,30.612864,38.154316
JVASP-35453,1,Sm,277.54922,28.718674,306.23096
JVASP-35453,2,Al,20.495697,0.10655969,20.581703
JVASP-35453,3,N,23.749435,0.035309985,23.771704
JVASP-35453,4,O,19.461168,0.24675417,19.563566
JVASP-35453,5,O,19.461168,0.24675435,19.446087
JVASP-35453,6,O,17.997217,0.16352901,18.032505
JVASP-5749,0,Dy,103.04008,0.05666932,103.009
JVASP-5749,1,Dy,103.04008,0.056669455,103.022224
JVASP-5749,2,Dy,103.04008,0.056669448,103.021706
JVASP-5749,3,Dy,103.04008,0.05666945,103.02249
JVASP-5749,4,Dy,103.04008,0.056669414,103.009
JVASP-5749,5,Dy,103.04008,0.056669436,103.022224
JVASP-5749,6,Dy,103.04008,0.056669496,103.021706
JVASP-5749,7,Dy,103.04008,0.05666945,103.02249
JVASP-5749,8,Br,66.41094,0.06989277,66.430984
JVASP-5749,9,Br,66.41094,0.0698928,66.44066
JVASP-5749,10,Br,66.41094,0.06989277,66.42297
JVASP-5749,11,Br,66.41094,0.06989277,66.44177
JVASP-5749,12,Br,66.41094,0.06989278,66.430984
JVASP-5749,13,Br,66.41094,0.06989278,66.44066
JVASP-5749,14,Br,66.41094,0.069892816,66.42297
JVASP-5749,15,Br,66.41094,0.069892764,66.44177
JVASP-5749,16,Br,189.60817,0.092511535,189.5933
JVASP-5749,17,Br,189.60817,0.09251163,189.5824
JVASP-5749,18,Br,189.60817,0.0925117,189.59865
JVASP-5749,19,Br,189.60817,0.09251157,189.62163
JVASP-5749,20,Br,189.60817,0.09251152,189.5933
JVASP-5749,21,Br,189.60817,0.09251152,189.5824
JVASP-5749,22,Br,189.60817,0.09251167,189.59865
JVASP-5749,23,Br,189.60817,0.0925116,189.62163
JVASP-33819,0,Dy,164.87883,0.17522295,164.70483
JVASP-33819,1,Dy,164.87883,0.1752229,164.70483
JVASP-33819,2,Br,129.48674,0.10556151,129.5161
JVASP-33819,3,Br,129.48674,0.10556146,129.47453
JVASP-33819,4,Br,129.4866,0.105557136,129.58488
JVASP-33819,5,Br,129.48674,0.10556154,129.5161
JVASP-33819,6,Br,129.48674,0.105561495,129.47453
JVASP-33819,7,Br,129.4866,0.105557196,129.58488
JVASP-15007,0,Mn,21.781494,0.23306665,21.944904
JVASP-15007,1,Mn,21.781494,0.2330668,21.944906
JVASP-15007,2,Mn,21.802687,0.09783064,21.72811
JVASP-15007,3,Mn,21.802687,0.097830206,21.72811
JVASP-15007,4,Mn,54.462963,0.16171646,54.31464
JVASP-15007,5,Mn,54.462963,0.16171649,54.31464
JVASP-15007,6,As,42.15766,0.07174849,42.14174
JVASP-15007,7,As,42.15766,0.0717485,42.14174
JVASP-18184,0,Mn,23.777054,0.52497476,23.930405
JVASP-18184,1,Mn,23.777054,0.52497464,23.930405
JVASP-18184,2,Mn,23.777054,0.5249751,23.89336
JVASP-18184,3,Mn,23.777054,0.52497524,23.89336
JVASP-18184,4,As,110.0644,0.25633907,110.171715
JVASP-18184,5,As,110.0644,0.2563392,110.171715
JVASP-18184,6,As,110.0644,0.2563389,109.914795
JVASP-18184,7,As,110.0644,0.2563389,109.914795
JVASP-18910,0,Mn,54.86367,0.22926989,55.088993
JVASP-18910,1,Mn,54.86367,0.22926985,55.088993
JVASP-18910,2,As,16.834118,0.26602492,16.61152
JVASP-18910,3,As,16.834118,0.26602477,16.61152
JVASP-36315,0,Mn,0.00489898,0.24611774,0.24603729
JVASP-36315,1,As,0.0,1.6164289,1.6164289
JVASP-12965,0,Mn,42.863728,0.1548085,42.728367
JVASP-12965,1,Mn,42.863728,0.15480849,42.728367
JVASP-12965,2,Mn,31.730947,0.15074278,31.726274
JVASP-12965,3,Mn,31.730947,0.15074284,31.726274
JVASP-12965,4,Mn,63.236465,0.09834485,63.160427
JVASP-12965,5,Mn,32.42074,0.119113676,32.509792
JVASP-12965,6,As,34.763836,0.08848794,34.79788
JVASP-12965,7,As,34.763836,0.08848797,34.79788
JVASP-12965,8,As,41.288822,0.10059664,41.35612
JVASP-12965,9,As,41.288822,0.10059669,41.35612
JVASP-14332,0,Mn,21.781445,0.23305912,21.944847
JVASP-14332,1,Mn,21.781445,0.2330591,21.944847
JVASP-14332,2,Mn,21.807108,0.09787902,21.732477
JVASP-14332,3,Mn,21.807108,0.09787896,21.732477
JVASP-14332,4,Mn,54.466293,0.16171819,54.31797
JVASP-14332,5,Mn,54.466293,0.16171817,54.31797
JVASP-14332,6,As,42.161285,0.07174275,42.145374
JVASP-14332,7,As,42.161285,0.07174272,42.145374
JVASP-79503,0,Mn,54.864895,0.2294066,55.090355
JVASP-79503,1,Mn,54.864895,0.22940643,55.090355
JVASP-79503,2,As,16.835344,0.26597372,16.612803
JVASP-79503,3,As,16.835344,0.26597378,16.612803
JVASP-85417,0,Mn,66.90862,0.041906767,66.889114
JVASP-85417,1,Mn,25.435501,0.028823389,25.442839
JVASP-85417,2,Mn,25.435501,0.02882333,25.442839
JVASP-85417,3,Mn,66.90862,0.041906774,66.889114
JVASP-85417,4,As,55.653225,0.16145897,55.521877
JVASP-85417,5,As,55.653225,0.16145897,55.521877
JVASP-3396,0,O,41.70957,0.67055327,41.381058
JVASP-3396,1,O,41.70996,0.6705536,42.28421
JVASP-3396,2,O,41.710056,0.6705536,41.395657
JVASP-3396,3,O,41.711662,0.67055327,41.692463
JVASP-3396,4,K,72.59494,3.2311275,73.42905
JVASP-3396,5,K,72.59494,3.2311268,73.42904
JVASP-3396,6,K,43.06753,1.8262571,42.690575
JVASP-3396,7,Cr,58.10208,10.585315,56.794804
JVASP-22627,0,K,102.5163,0.15240276,102.65218
JVASP-22627,1,Cr,17.598026,0.07385357,17.530003
JVASP-22627,2,O,16.121546,0.05294406,16.17059
JVASP-22627,3,O,16.120743,0.052949168,16.16979
JVASP-77146,0,Cd,82.406555,2.4428842,84.842094
JVASP-77146,1,Cd,82.406555,2.4428837,84.842094
JVASP-77146,2,Hg,167.95293,0.6658262,167.2889
JVASP-77146,3,Hg,167.95293,0.6658263,167.2889
JVASP-77146,4,Pd,38.880272,4.7620897,43.306984
JVASP-77146,5,Pd,38.880272,4.7620893,43.30698
JVASP-77146,6,Pd,38.880272,4.7620907,43.306984
JVASP-77146,7,Pd,38.880272,4.7620893,43.30698
JVASP-30669,0,Y,161.77603,0.04178308,161.76857
JVASP-30669,1,W,372.48114,0.20505328,372.5021
JVASP-30669,2,F,113.787895,0.08519939,113.81984
JVASP-30669,3,F,113.787895,0.08519937,113.81984
JVASP-30669,4,F,101.83792,0.08922848,101.80134
JVASP-30669,5,F,101.83792,0.08922848,101.80134
JVASP-30669,6,F,15.630407,0.06786157,15.630871
JVASP-8383,0,Y,84.03469,0.073177695,84.01525
JVASP-8383,1,W,300.23312,0.13341378,300.26862
JVASP-8383,2,F,100.7041,0.08109399,100.73637
JVASP-8383,3,F,100.7041,0.08109396,100.73637
JVASP-8383,4,F,104.04752,0.09158547,104.01198
JVASP-8383,5,F,104.04752,0.09158547,104.01198
JVASP-8383,6,F,19.322351,0.052569803,19.330017
JVASP-36634,0,Mn,0.0,0.06570094,0.06570094
JVASP-36634,1,Zn,0.0,0.030023556,0.030023556
JVASP-36634,2,O,96.472336,0.12956199,96.589455
JVASP-36634,3,O,96.472336,0.12956199,96.46101
JVASP-36634,4,O,96.472336,0.12956195,96.36668
JVASP-19686,0,Zn,71.11088,0.08704973,71.0309
JVASP-19686,1,Zn,71.11088,0.08704973,71.0309
JVASP-19686,2,Zn,94.47825,0.084236346,94.487915
JVASP-19686,3,Zn,94.47776,0.084236324,94.51887
JVASP-19686,4,Zn,40.590984,0.0874465,40.671764
JVASP-19686,5,Zn,40.590984,0.087446526,40.671764
JVASP-19686,6,Ru,24.422758,0.026005238,24.447643
JVASP-19686,7,Ru,24.422758,0.02600528,24.447643
JVASP-22704,0,Ca,5.478017,0.09868688,5.509336
JVASP-22704,1,Ca,3.3530915,0.110683784,3.3185556
JVASP-22704,2,Ca,3.3530915,0.11068377,3.3007312
JVASP-22704,3,Cd,6.4837503,0.08925312,6.540739
JVASP-22704,4,O,42.719536,0.15284643,42.650463
JVASP-22704,5,O,44.603863,0.1762503,44.683228
JVASP-22704,6,O,44.603863,0.17625025,44.683228
JVASP-22704,7,O,42.719536,0.15284638,42.650463
JVASP-22707,0,Ca,4.674022,0.091434285,4.5906825
JVASP-22707,1,Cd,8.421566,3.0188925,7.754254
JVASP-22707,2,Cd,8.421566,3.0188932,7.7232447
JVASP-22707,3,Cd,9.448437,3.683951,8.161964
JVASP-22707,4,O,43.199448,0.24940225,43.317886
JVASP-22707,5,O,46.57304,0.17289351,46.488575
JVASP-22707,6,O,46.57304,0.1728932,46.488575
JVASP-22707,7,O,43.199448,0.2494022,43.317886
JVASP-52274,0,Ca,0.18044575,0.097219005,0.09873673
JVASP-52274,1,Cd,8.43196,0.4165846,8.8287115
JVASP-52274,2,O,89.44801,0.34683695,89.1119
JVASP-52274,3,O,89.083855,0.2932376,89.37235
JVASP-13740,0,Yb,123.971535,60.720425,63.266766
JVASP-13740,1,Yb,123.971535,60.720425,63.266766
JVASP-13740,2,S,90.64173,0.15007277,90.78716
JVASP-13740,3,O,39.599674,5.65792,33.9693
JVASP-13740,4,O,39.599674,5.6579194,33.9693
JVASP-16802,0,Yb,123.971535,60.720436,63.266754
JVASP-16802,1,Yb,123.971535,60.720425,63.266766
JVASP-16802,2,S,90.64337,0.1500727,90.788795
JVASP-16802,3,O,39.599674,5.657919,33.9693
JVASP-16802,4,O,39.599674,5.65792,33.9693
JVASP-33857,0,Tm,70.86578,0.33314312,71.18871
JVASP-33857,1,Tm,70.86578,0.333153,71.18872
JVASP-33857,2,Mg,11.437536,0.07028979,11.423878
JVASP-33857,3,Mg,11.438643,0.07028798,11.449585
JVASP-33857,4,Mg,11.441083,0.07028915,11.437229
JVASP-33857,5,Mg,11.441083,0.07028966,11.437229
JVASP-33857,6,Mg,11.438643,0.07028902,11.449585
JVASP-33857,7,Mg,11.437536,0.07029004,11.423878
JVASP-37386,0,Tm,118.17196,0.23204322,117.94479
JVASP-37386,1,Mg,9.005551,0.08828413,8.9638195
JVASP-37386,2,Mg,3.8028345,0.041362803,3.7883415
JVASP-37386,3,Mg,3.0394151,0.05139123,2.9995449
JVASP-37386,4,Mg,3.8028345,0.04136282,3.7883415
JVASP-37386,5,Mg,9.005551,0.08828414,8.9638195
JVASP-37574,0,Tm,38.743053,0.20495637,38.89076
JVASP-37574,1,Tm,38.743374,0.20495646,38.91747
JVASP-37574,2,Tm,38.743053,0.20495641,38.906876
JVASP-37574,3,Tm,38.743053,0.20495631,38.906876
JVASP-37574,4,Tm,38.743374,0.20495644,38.91747
JVASP-37574,5,Tm,38.743053,0.20495644,38.89076
JVASP-37574,6,Mg,1.0500156,0.09948892,1.1460364
JVASP-37574,7,Mg,1.0500156,0.09948887,1.1460364
JVASP-37611,0,Tm,31.353628,0.07372701,31.38433
JVASP-37611,1,Mg,19.743113,2.5499616,21.16035
JVASP-37611,2,Mg,19.743113,2.549964,21.16035
JVASP-41479,0,Tm,39.154507,0.14983365,39.23177
JVASP-41479,1,Tm,124.92654,1.5286895,123.406715
JVASP-41479,2,Tm,39.154507,0.14983362,39.23177
JVASP-41479,3,Tm,124.92654,1.5286903,123.406715
JVASP-41479,4,Mg,2.964634,0.1514127,2.8426905
JVASP-41479,5,Mg,2.964634,0.1514127,2.8426905
JVASP-7805,0,Tm,0.0,0.12899563,0.12899563
JVASP-7805,1,Mg,0.0,0.0658082,0.0658082
JVASP-85308,0,La,2.1543934,0.07588028,2.0920882
JVASP-85308,1,La,2.1543934,0.07588025,2.092021
JVASP-85308,2,La,2.1543934,0.07588026,2.092021
JVASP-85308,3,La,2.1543934,0.075880304,2.0920882
JVASP-85308,4,In,88.15224,0.21535748,88.1074
JVASP-85308,5,In,88.15224,0.21535748,88.1074
JVASP-85308,6,Cu,59.294918,68.523056,110.399536
JVASP-85308,7,Cu,59.294918,68.52306,110.33232
JVASP-85308,8,Cu,59.294918,68.52306,110.33232
JVASP-85308,9,Cu,59.294918,68.523056,110.399536
JVASP-15247,0,Ho,66.11346,0.09427521,66.113396
JVASP-15247,1,Ho,66.11021,0.09427497,66.096954
JVASP-15247,2,Ho,66.11346,0.094275214,66.11025
JVASP-15247,3,In,68.16716,0.10671381,68.08113
JVASP-15247,4,In,68.1652,0.10671766,68.10156
JVASP-15247,5,In,68.1652,0.10671768,68.09878
JVASP-15247,6,Au,257.54303,355.2699,97.82954
JVASP-15247,7,Au,257.54303,355.26993,97.829575
JVASP-15247,8,Au,153.3209,42.32315,111.0222
JVASP-16216,0,Al,42.747677,0.11149027,42.63696
JVASP-16216,1,Al,42.747677,0.111490235,42.63696
JVASP-16216,2,Cr,5.7599807,0.055118706,5.8102503
JVASP-16216,3,Cr,5.7599807,0.055118732,5.8102503
JVASP-16216,4,Cr,5.7599807,0.055118743,5.8102503
JVASP-16216,5,Cr,5.7599807,0.05511873,5.8102503
JVASP-16216,6,C,1.4525473,0.021164978,1.4661463
JVASP-16216,7,C,1.4525473,0.021164984,1.4661463
JVASP-2784,0,O,63.890743,0.20927103,64.04609
JVASP-2784,1,As,86.0024,1.3634152,84.895035
JVASP-2784,2,As,86.0024,1.363415,84.895035
JVASP-2784,3,Ba,90.764496,2.5445025,88.7383
JVASP-2784,4,Ba,90.764496,2.5445032,88.7383
JVASP-2784,5,Ba,273.07654,18.951172,281.96933
JVASP-2784,6,Ba,273.07516,18.95119,280.07312
JVASP-38304,0,Rb,0.0,0.023538666,0.023538666
JVASP-38304,1,Ir,0.0,0.099246785,0.099246785
JVASP-38304,2,O,194.21678,0.107130475,194.1143
JVASP-38304,3,O,194.21677,0.107130505,194.24603
JVASP-38304,4,O,194.21677,0.10713047,194.29002
JVASP-8335,0,Zn,21.784945,0.109457605,21.891638
JVASP-8335,1,Cr,240.01186,0.07349059,239.99905
JVASP-8335,2,Cr,240.01186,0.07349058,239.97478
JVASP-8335,3,N,107.360504,0.02534147,107.370155
JVASP-8335,4,N,107.360504,0.025341447,107.34219
JVASP-29713,0,Zr,12.032184,0.09654001,12.100933
JVASP-29713,1,Zr,12.032184,0.09654003,12.100933
JVASP-29713,2,I,211.94603,0.12277811,211.83604
JVASP-29713,3,I,211.94603,0.12277814,211.83604
JVASP-29713,4,N,13.6835785,0.14558999,13.552031
JVASP-29713,5,N,13.6835785,0.14559005,13.552031
JVASP-3600,0,Zr,138.85988,0.027568351,138.83963
JVASP-3600,1,Zr,138.85988,0.027568338,138.83963
JVASP-3600,2,I,199.16876,0.05816611,199.12119
JVASP-3600,3,I,199.16876,0.058166124,199.12119
JVASP-3600,4,N,9.919866,0.09378961,9.833589
JVASP-3600,5,N,9.919866,0.09378957,9.833589
JVASP-17893,0,Na,3.5158343,0.11253779,3.624649
JVASP-17893,1,Na,3.5158343,0.11253779,3.624649
JVASP-17893,2,Mn,42.297787,0.16502592,42.133625
JVASP-17893,3,Mn,42.297787,0.16502592,42.133625
JVASP-17893,4,Sb,43.034267,0.07034508,42.972534
JVASP-17893,5,Sb,43.034267,0.07034505,42.972534
JVASP-80342,0,Be,12.097679,0.59854585,12.066966
JVASP-80342,1,Cd,128.75911,0.2322712,128.69803
JVASP-80342,2,Pt,46.60049,0.09353375,46.564148
JVASP-80342,3,Pt,46.60021,0.09353601,46.56386
JVASP-65740,0,K,7.7158933,0.7592387,6.9617267
JVASP-65740,1,K,12.830592,1.0969844,11.752271
JVASP-65740,2,Ba,47.342606,2.782611,44.622425
JVASP-65740,3,Ti,5.3582706,0.10007753,5.4021034
JVASP-77447,0,Y,226.88643,0.08191274,226.87901
JVASP-77447,1,Y,226.88643,0.08191274,226.87901
JVASP-77447,2,Cu,48.864155,0.14941224,48.82122
JVASP-77447,3,Pt,230.41199,0.20611414,230.35739
JVASP-81735,0,Y,226.88919,0.08189565,226.88179
JVASP-81735,1,Y,226.88919,0.08189565,226.88179
JVASP-81735,2,Cu,48.825897,0.1494839,48.782948
JVASP-81735,3,Pt,230.48932,0.20611328,230.43472
JVASP-22640,0,Ba,53.401325,11.860696,41.58376
JVASP-22640,1,Ba,79.929306,24.347925,104.271774
JVASP-22640,2,Ba,79.929306,24.347916,104.27176
JVASP-22640,3,I,146.61957,14.637004,146.69331
JVASP-22640,4,I,46.4766,0.7083544,45.90336
JVASP-22640,5,I,46.475418,0.7083545,45.913086
JVASP-22640,6,I,146.61829,14.63699,146.40784
JVASP-22640,7,I,146.61829,14.636856,146.75125
JVASP-22640,8,I,46.4766,0.70821184,45.862347
JVASP-18171,0,Dy,36.837875,0.09618323,36.933666
JVASP-18171,1,Dy,36.837875,0.09618323,36.933666
JVASP-18171,2,Cu,4.869589,0.515915,5.3817277
JVASP-18171,3,Cu,4.869589,0.5159151,5.3817277
JVASP-18171,4,Sn,87.95995,0.15428136,88.10707
JVASP-18171,5,Sn,87.95995,0.15428118,88.10707
JVASP-65659,0,Ba,62.679176,0.48889536,62.202267
JVASP-65659,1,Ca,0.43845868,0.6069958,1.0428365
JVASP-65659,2,Ca,0.43845868,0.6069956,1.0428363
JVASP-65659,3,Y,35.030968,0.20601878,35.23613
JVASP-65710,0,Ba,53.89857,1.6956843,52.220673
JVASP-65710,1,Ca,9.45503,0.11731128,9.560983
JVASP-65710,2,Ca,17.496706,0.09475162,17.430262
JVASP-65710,3,Y,25.688616,0.051346876,25.671692
JVASP-69009,0,Ba,62.755127,0.48824763,62.278934
JVASP-69009,1,Ca,0.44948193,0.60649943,1.0533646
JVASP-69009,2,Ca,0.44948193,0.6064992,1.0533644
JVASP-69009,3,Y,34.96647,0.20952436,35.17516
JVASP-30161,0,Nb,265.31097,1.3188696,264.39188
JVASP-30161,1,O,28.657297,0.63124055,28.91517
JVASP-30161,2,F,86.789276,0.041721914,86.797676
JVASP-30161,3,F,86.789246,0.041724548,86.79765
JVASP-52474,0,Nb,284.34235,0.054574654,284.39444
JVASP-52474,1,Nb,167.23123,0.042246513,167.25667
JVASP-52474,2,O,25.629795,0.067202084,25.684668
JVASP-52474,3,O,46.77414,0.07074238,46.84322
JVASP-52474,4,O,14.747309,0.099501945,14.757624
JVASP-52474,5,O,14.747309,0.0995019,14.771719
JVASP-52474,6,F,137.22284,0.13918895,137.29257
JVASP-52474,7,F,120.065094,0.16334327,120.1822
JVASP-52493,0,Nb,178.88396,0.07603218,178.86288
JVASP-52493,1,Nb,178.8856,0.07603212,178.90004
JVASP-52493,2,O,14.937202,0.3453323,15.150535
JVASP-52493,3,O,33.151455,0.37574518,33.251335
JVASP-52493,4,O,14.937431,0.3453326,14.70699
JVASP-52493,5,O,33.15091,0.37574556,33.223206
JVASP-52493,6,F,114.95512,0.13341215,114.9446
JVASP-52493,7,F,114.95715,0.13341218,114.9728
JVASP-8819,0,F,128.348,0.11483133,128.34848
JVASP-8819,1,F,128.348,0.114831254,128.34848
JVASP-8819,2,Nb,321.06738,0.08534797,321.02777
JVASP-8819,3,Nb,321.06912,0.085347995,321.0851
JVASP-8819,4,O,48.210598,0.33721873,48.151108
JVASP-8819,5,O,48.2106,0.3372187,48.20328
JVASP-8819,6,O,48.2106,0.33721867,48.20328
JVASP-8819,7,O,48.210598,0.33721864,48.151108
JVASP-77275,0,Li,1.2508736,0.11693249,1.1869636
JVASP-77275,1,Li,1.2508736,0.116932474,1.1869636
JVASP-77275,2,Cu,42.06266,0.076210596,42.118893
JVASP-77275,3,Cu,42.06266,0.07621058,42.118893
JVASP-77275,4,Au,96.980194,0.17405362,96.85414
JVASP-77275,5,Au,96.980194,0.17405367,96.85414
JVASP-77275,6,Au,96.980194,0.17405374,96.85414
JVASP-77275,7,Au,96.980194,0.1740537,96.85414
JVASP-80266,0,Li,2.0771673,0.115323,2.0156555
JVASP-80266,1,Li,2.0771673,0.115322925,2.0156555
JVASP-80266,2,Li,2.0771673,0.11532293,2.0156555
JVASP-80266,3,Li,2.0771673,0.115322925,2.0156555
JVASP-80266,4,Cu,72.01377,0.07868186,71.95502
JVASP-80266,5,Cu,72.01377,0.078681864,71.95502
JVASP-80266,6,Au,128.62271,0.14201939,128.5179
JVASP-80266,7,Au,128.62271,0.14201945,128.5179
JVASP-81865,0,Li,1.2027003,0.117795825,1.1389256
JVASP-81865,1,Li,1.2027003,0.11779584,1.1389256
JVASP-81865,2,Cu,41.723404,0.07933981,41.78198
JVASP-81865,3,Cu,41.723404,0.0793398,41.78198
JVASP-81865,4,Au,97.4456,0.17299639,97.32026
JVASP-81865,5,Au,97.4456,0.17299643,97.32026
JVASP-81865,6,Au,97.4456,0.1729963,97.32026
JVASP-81865,7,Au,97.4456,0.17299639,97.32026
JVASP-17233,0,Co,29.966448,0.008086969,29.969612
JVASP-17233,1,Co,29.966448,0.0080869505,29.961092
JVASP-17233,2,Co,29.967184,0.008087271,29.968054
JVASP-17233,3,Co,6.841162,0.37336475,7.077163
JVASP-17233,4,Co,6.8398066,0.37336427,7.037824
JVASP-17233,5,Co,6.8398066,0.3733642,7.0561943
JVASP-17233,6,P,15.570182,0.044740405,15.526388
JVASP-17233,7,P,48.416615,0.040353004,48.377453
JVASP-17233,8,P,48.416615,0.040353008,48.377453
JVASP-18186,0,Co,11.60826,0.39932507,11.962754
JVASP-18186,1,Co,11.60826,0.399325,11.962754
JVASP-18186,2,Co,11.60826,0.39932486,11.966999
JVASP-18186,3,Co,11.60826,0.39932492,11.966999
JVASP-18186,4,P,62.17303,0.07695477,62.168934
JVASP-18186,5,P,62.17303,0.07695478,62.168934
JVASP-18186,6,P,62.17303,0.076954804,62.190617
JVASP-18186,7,P,62.17303,0.07695479,62.190617
JVASP-11774,0,O,4.2027254,0.6279105,3.8041737
JVASP-11774,1,O,4.202547,0.6279044,4.4095116
JVASP-11774,2,O,4.2022033,0.6279163,3.8037205
JVASP-11774,3,O,4.202843,0.6279047,4.4097314
JVASP-11774,4,O,5.171571,0.64763206,5.40358
JVASP-11774,5,O,5.1712756,0.6476323,5.403317
JVASP-11774,6,Ca,3.502271,4.757452,5.4393125
JVASP-11774,7,Ba,26.691595,0.22187653,26.656418
JVASP-11774,8,Ba,26.691595,0.22187673,26.656418
JVASP-11774,9,W,7.707689,0.18065336,7.7506127
JVASP-11802,0,O,4.1844516,0.6106664,4.1807766
JVASP-11802,1,O,4.1850333,0.61066836,4.5684733
JVASP-11802,2,O,4.184385,0.61066103,4.5678687
JVASP-11802,3,O,4.184719,0.61066264,4.1810665
JVASP-11802,4,O,4.1927314,0.30275777,4.0984554
JVASP-11802,5,O,4.1927314,0.30275235,4.098457
JVASP-11802,6,Ca,0.616357,22.905245,23.047096
JVASP-11802,7,Ba,42.204475,0.23408042,42.270195
JVASP-11802,8,Ba,42.204475,0.23408039,42.270195
JVASP-11802,9,W,8.549864,7.6139383,9.1833
JVASP-50168,0,K,32.05892,0.20149659,31.86134
JVASP-50168,1,K,32.05892,0.20149629,31.86134
JVASP-50168,2,Rb,17.963741,0.1824463,18.145466
JVASP-50168,3,Rb,17.963741,0.18244635,18.145466
JVASP-50168,4,O,21.098272,0.05062515,21.115776
JVASP-50168,5,O,21.098272,0.050625157,21.115776
JVASP-8568,0,Tb,66.03592,0.08021586,65.99128
JVASP-8568,1,Tb,32.18427,0.11669076,32.185173
JVASP-8568,2,Tb,32.18427,0.11669116,32.160324
JVASP-8568,3,Tb,66.03762,0.080216475,66.03058
JVASP-8568,4,Tb,66.03762,0.08021646,66.05124
JVASP-8568,5,Tb,32.181255,0.11671746,32.07664
JVASP-8568,6,Fe,16.39076,1.4700305,17.854683
JVASP-8568,7,Bi,55.69364,17.9165,37.884785
JVASP-8568,8,Bi,55.69364,17.916506,37.884777
JVASP-41734,0,Ta,0.0,0.07119244,0.07119244
JVASP-41734,1,Tl,0.0,0.019411087,0.019411087
JVASP-41734,2,O,26.403051,0.116158284,26.290964
JVASP-41734,3,O,26.40305,0.11615825,26.438892
JVASP-41734,4,O,26.40305,0.11615825,26.479689
JVASP-35819,0,Tm,418.04214,21.938114,439.9559
JVASP-35819,1,Tm,418.0421,21.938122,406.9779
JVASP-35819,2,Tm,418.0421,21.938116,408.08008
JVASP-35819,3,Al,0.0,0.123691045,0.123691045
JVASP-35819,4,N,0.0,0.01635868,0.01635868
JVASP-5680,0,Hg,710.2386,0.047520965,710.2595
JVASP-5680,1,Hg,710.2386,0.047521062,710.26056
JVASP-5680,2,Hg,710.2386,0.047521062,710.242
JVASP-5680,3,Hg,710.2386,0.047521062,710.24084
JVASP-5680,4,Te,568.2691,0.15997703,568.1941
JVASP-5680,5,Te,568.2691,0.15997703,568.19586
JVASP-5680,6,O,119.606026,0.13294064,119.60763
JVASP-5680,7,O,119.606026,0.13294083,119.60768
JVASP-5680,8,O,119.606026,0.13294075,119.59751
JVASP-5680,9,O,119.606026,0.13294081,119.60029
JVASP-5680,10,O,153.00761,0.27936965,153.04578
JVASP-5680,11,O,153.00761,0.27936953,153.04758
JVASP-21974,0,Rb,56.787746,0.104428105,56.686394
JVASP-21974,1,Rb,56.787746,0.104428105,56.686394
JVASP-21974,2,Th,95.83016,0.1695482,95.9901
JVASP-21974,3,F,56.633205,0.10360667,56.72053
JVASP-21974,4,F,56.62766,0.103603154,56.688816
JVASP-21974,5,F,56.633205,0.103606574,56.696842
JVASP-21974,6,F,37.38914,0.09054412,37.440304
JVASP-21974,7,F,37.387512,0.090534344,37.384754
JVASP-21974,8,F,37.38914,0.09054402,37.453976
JVASP-5179,0,Bi,6.9712477,6.433614,1.2123004
JVASP-5179,1,Bi,6.9712477,6.433613,1.212301
JVASP-5179,2,Pt,93.09531,41.24142,134.334
JVASP-5179,3,Pt,93.09531,41.241394,134.33398
JVASP-18321,0,Bi,6.9712477,6.433614,1.2123005
JVASP-18321,1,Bi,6.9712477,6.433614,1.2123003
JVASP-18321,2,Pt,93.09531,41.24142,134.33401
JVASP-18321,3,Pt,93.09531,41.241425,134.33401
JVASP-60710,0,Bi,58.726925,35.177776,23.760885
JVASP-60710,1,Bi,58.726925,35.17776,23.760899
JVASP-60710,2,Pt,7.5031953,79.6455,72.142395
JVASP-79587,0,Bi,9.458705,0.597738,8.86554
JVASP-79587,1,Bi,9.458705,0.59773797,8.86554
JVASP-79587,2,Pt,201.4546,0.037074212,201.47586
JVASP-79587,3,Pt,201.4546,0.037074193,201.47586
JVASP-84817,0,Bi,44.721558,8.186562,36.63417
JVASP-84817,1,Bi,44.721558,8.186561,36.634174
JVASP-84817,2,Pt,118.79903,21.938698,140.7286
JVASP-84817,3,Pt,118.79903,21.938692,140.72859
JVASP-84916,0,Bi,5.162708,5.0258226,0.9308581
JVASP-84916,1,Bi,5.162708,5.0258207,0.9308583
JVASP-84916,2,Pt,90.57846,47.525406,138.10213
JVASP-84916,3,Pt,90.57846,47.525406,138.10213
JVASP-12137,0,Bi,59.06455,35.17042,24.103888
JVASP-12137,1,Bi,59.06455,35.170418,24.103891
JVASP-12137,2,Pt,7.362758,79.40452,72.041855
JVASP-38852,0,Zr,10.928806,0.11502884,11.041578
JVASP-38852,1,Zr,10.928806,0.11502881,11.041577
JVASP-38852,2,In,4.2547636,0.06024681,4.1958847
JVASP-38852,3,In,4.2547636,0.060246836,4.1958847
JVASP-38852,4,Rh,3.967357,0.08488515,3.885811
JVASP-38852,5,Rh,3.967357,0.084885165,3.885811
JVASP-38852,6,Rh,3.967357,0.08488517,3.8858109
JVASP-38852,7,Rh,3.967357,0.08488517,3.8858109
JVASP-3423,0,K,13.793516,0.13847293,13.81655
JVASP-3423,1,K,13.793516,0.13847287,13.81655
JVASP-3423,2,In,28.999804,0.03088041,28.990622
JVASP-3423,3,In,28.999804,0.030880403,28.990622
JVASP-3423,4,Te,485.1742,0.03470454,485.19525
JVASP-3423,5,Te,485.1732,0.03470414,485.16287
JVASP-3423,6,Te,485.1732,0.034704115,485.16287
JVASP-3423,7,Te,485.1742,0.034704555,485.19525
JVASP-67039,0,Ta,264.36282,0.110031694,264.462
JVASP-67039,1,Be,4.7765055,0.5626701,5.33522
JVASP-67039,2,Be,4.7765055,0.5626706,5.335221
JVASP-67039,3,Tl,165.60265,0.026518505,165.59813
JVASP-74837,0,Ta,229.78296,0.36638314,230.14478
JVASP-74837,1,Be,4.8891983,0.25742385,4.634819
JVASP-74837,2,Tl,361.3324,0.025706524,361.32507
JVASP-36500,0,Ba,405.58405,0.07446672,405.5367
JVASP-36500,1,Ba,405.58405,0.07446673,405.5596
JVASP-36500,2,Ba,405.58405,0.07446672,405.65588
JVASP-36500,3,As,0.0,0.14391705,0.14391705
JVASP-36500,4,N,0.0,0.13163105,0.13163105
JVASP-36511,0,Ba,459.5365,30.708122,476.22296
JVASP-36511,1,Ba,459.5365,30.708122,475.03073
JVASP-36511,2,Ba,459.5365,30.708128,428.8448
JVASP-36511,3,As,0.0,1.6259816,1.6259816
JVASP-36511,4,N,0.0,0.105684526,0.105684526
JVASP-19694,0,V,0.00244949,0.09000055,0.092434615
JVASP-19694,1,Ru,0.026944388,0.059035283,0.085827775
JVASP-39559,0,V,19.89108,0.021092204,19.908503
JVASP-39559,1,V,19.89108,0.021092203,19.908503
JVASP-39559,2,Ru,22.963562,0.04517333,23.006786
JVASP-39559,3,Ru,22.963562,0.04517328,23.006926
JVASP-39559,4,Ru,22.963528,0.045173172,23.006882
JVASP-39559,5,Ru,22.963562,0.045173272,23.006786
JVASP-39559,6,Ru,22.963562,0.045173287,23.006926
JVASP-39559,7,Ru,22.963528,0.045173153,23.006882
JVASP-78781,0,V,0.0,0.09000405,0.09000405
JVASP-78781,1,Ru,0.0,0.059038084,0.059038084
JVASP-15181,0,Al,22.01981,1.1786584,21.206455
JVASP-15181,1,Al,22.01981,1.1786585,21.206455
JVASP-15181,2,Zn,2.9290552,32.47625,30.653015
JVASP-15181,3,Zn,2.9290552,32.476257,30.65302
JVASP-15181,4,Ce,84.37057,0.03698246,84.35205
JVASP-32247,0,F,259.8158,0.24166991,259.8142
JVASP-32247,1,F,259.8158,0.24167009,259.8142
JVASP-32247,2,F,238.10703,8.964921,240.07854
JVASP-32247,3,F,238.10703,8.96492,240.07854
JVASP-32247,4,F,252.16743,0.041036993,252.15346
JVASP-32247,5,F,252.16743,0.041036963,252.15346
JVASP-32247,6,F,241.76625,8.080681,243.80473
JVASP-32247,7,F,241.76625,8.080683,243.80473
JVASP-32247,8,F,236.07895,0.19226526,235.99904
JVASP-32247,9,F,236.07895,0.19226544,235.99904
JVASP-32247,10,F,249.00044,0.09394297,248.99034
JVASP-32247,11,F,249.00044,0.09394295,248.99034
JVASP-32247,12,As,21.509836,0.27481017,21.533073
JVASP-32247,13,As,21.509836,0.2748101,21.533073
JVASP-32247,14,I,1940.1577,0.5470672,1939.664
JVASP-32247,15,I,1940.1577,0.5470667,1939.664
JVASP-32247,16,I,1861.052,0.9681667,1861.253
JVASP-32247,17,I,1861.052,0.9681662,1861.253
JVASP-32247,18,I,1559.105,0.26749808,1559.0024
JVASP-32247,19,I,1559.105,0.267498,1559.0024
JVASP-16042,0,Ta,0.0,0.019893939,0.019893939
JVASP-16042,1,F,123.40038,0.015902322,123.401184
JVASP-16042,2,F,123.40038,0.015902327,123.38632
JVASP-16042,3,F,123.40039,0.01590233,123.413666
JVASP-30603,0,Ta,648.02814,0.116308935,648.06134
JVASP-30603,1,F,158.05934,0.075725906,158.07149
JVASP-30603,2,F,158.05934,0.07572581,158.07149
JVASP-30603,3,F,12.68996,0.10079588,12.660198
JVASP-30603,4,F,12.68996,0.10079586,12.660198
JVASP-30603,5,F,243.31807,0.04113315,243.3382
JVASP-8294,0,Ta,648.055,0.11631081,648.0882
JVASP-8294,1,F,158.05957,0.075723276,158.07172
JVASP-8294,2,F,158.05957,0.07572325,158.07172
JVASP-8294,3,F,12.686841,0.10079697,12.657082
JVASP-8294,4,F,12.686841,0.10079699,12.657082
JVASP-8294,5,F,243.31807,0.04113512,243.3382
JVASP-44687,0,Li,0.4111253,0.009839261,0.41234735
JVASP-44687,1,Li,2.5250018,0.026864555,2.513071
JVASP-44687,2,Cr,34.949207,0.051065255,34.934315
JVASP-44687,3,Cu,57.765755,0.14012253,57.80812
JVASP-44687,4,O,24.765602,0.11477031,24.813707
JVASP-44687,5,O,44.319088,0.114180684,44.422005
JVASP-44687,6,O,24.765602,0.11477031,24.813707
JVASP-44687,7,O,44.319088,0.11418065,44.422005
JVASP-17920,0,Y,104.4095,33.92003,70.62086
JVASP-17920,1,Y,104.4095,33.920033,70.62085
JVASP-17920,2,Ge,76.61024,69.43725,8.053112
JVASP-17920,3,Ge,76.61024,69.437256,8.053104
JVASP-17920,4,Ge,76.61024,69.43725,8.053111
JVASP-17920,5,Ge,76.61024,69.43724,8.05312
JVASP-17920,6,Ru,64.01497,75.84275,12.286476
JVASP-17920,7,Ru,64.01497,75.84275,12.286476
JVASP-17920,8,Ru,64.01497,75.842766,12.2864895
JVASP-17920,9,Ru,64.01497,75.84275,12.286476
JVASP-2487,0,Na,4.467053,0.05270866,4.5152946
JVASP-2487,1,Na,4.467053,0.05270866,4.5152946
JVASP-2487,2,Mg,3.4407165,0.042643897,3.4062388
JVASP-2487,3,Mg,3.4407165,0.042643957,3.4062388
JVASP-2487,4,As,6.1702647,0.05015699,6.2164555
JVASP-2487,5,As,6.1702647,0.0501571,6.2164555
JVASP-15845,0,Ga,30.2743,0.090046324,30.352592
JVASP-15845,1,Ga,30.2743,0.0900464,30.352592
JVASP-14620,0,Ga,29.319046,0.09931553,29.27385
JVASP-14622,0,Ga,53.187965,0.1374051,53.154423
JVASP-14622,1,Ga,53.187965,0.13740511,53.178444
JVASP-14622,2,Ga,53.187965,0.1374052,53.154423
JVASP-14622,3,Ga,53.187965,0.13740507,53.178444
JVASP-14622,4,Ga,53.187965,0.13740508,53.154423
JVASP-14622,5,Ga,53.187965,0.13740508,53.178444
JVASP-14622,6,Ga,53.187965,0.137405,53.154423
JVASP-14622,7,Ga,53.187965,0.13740508,53.178444
JVASP-25101,0,Ga,28.898891,0.10013395,28.95432
JVASP-25101,1,Ga,28.898891,0.100133926,28.95432
JVASP-25101,2,Ga,28.898891,0.10013399,28.95489
JVASP-25101,3,Ga,28.898891,0.10013393,28.95489
JVASP-28346,0,Ga,28.711685,0.09903364,28.766426
JVASP-28346,1,Ga,28.711685,0.099033624,28.766426
JVASP-28346,2,Ga,28.711685,0.09903362,28.767157
JVASP-28346,3,Ga,28.711685,0.099033624,28.767157
JVASP-79655,0,Ga,56.156284,0.018804189,56.166832
JVASP-79655,1,Ga,56.156284,0.018804174,56.166485
JVASP-79655,2,Ga,56.156284,0.018804176,56.166832
JVASP-79655,3,Ga,56.156284,0.018804174,56.166485
JVASP-79655,4,Ga,56.156284,0.018804159,56.166832
JVASP-79655,5,Ga,56.156284,0.01880416,56.166485
JVASP-79655,6,Ga,56.156284,0.018804189,56.166832
JVASP-79655,7,Ga,56.156284,0.018804163,56.166485
JVASP-84794,0,Ga,53.15838,0.11782412,53.140965
JVASP-84794,1,Ga,53.15838,0.117824115,53.157303
JVASP-84794,2,Ga,53.15838,0.11782412,53.140965
JVASP-84794,3,Ga,53.15838,0.1178241,53.157303
JVASP-84794,4,Ga,53.15838,0.117824115,53.140965
JVASP-84794,5,Ga,53.15838,0.11782407,53.157303
JVASP-84794,6,Ga,53.15838,0.11782409,53.140965
JVASP-84794,7,Ga,53.15838,0.11782402,53.157303
JVASP-84994,0,Ga,49.710262,0.015795613,49.711933
JVASP-84994,1,Ga,49.710262,0.015795609,49.71748
JVASP-84994,2,Ga,49.710262,0.015795631,49.711933
JVASP-84994,3,Ga,49.710262,0.015795598,49.71748
JVASP-84994,4,Ga,49.710262,0.015795587,49.711933
JVASP-84994,5,Ga,49.710262,0.015795613,49.71748
JVASP-84994,6,Ga,49.710262,0.015795613,49.711933
JVASP-84994,7,Ga,49.710262,0.015795602,49.71748
JVASP-884,0,Ga,49.313354,0.022286119,49.312283
JVASP-884,1,Ga,49.313354,0.022286128,49.320747
JVASP-884,2,Ga,49.313354,0.022286132,49.312283
JVASP-884,3,Ga,49.313354,0.02228616,49.320747
JVASP-884,4,Ga,49.313354,0.022286145,49.312283
JVASP-884,5,Ga,49.313354,0.022286136,49.320747
JVASP-884,6,Ga,49.313354,0.022286145,49.312283
JVASP-884,7,Ga,49.313354,0.022286128,49.320747
JVASP-885,0,Ga,53.11627,0.13722357,53.082848
JVASP-885,1,Ga,53.11627,0.13722351,53.106907
JVASP-885,2,Ga,53.11627,0.13722351,53.082848
JVASP-885,3,Ga,53.11627,0.1372236,53.106907
JVASP-885,4,Ga,53.11627,0.1372237,53.082848
JVASP-885,5,Ga,53.11627,0.13722357,53.106907
JVASP-885,6,Ga,53.11627,0.13722365,53.082848
JVASP-885,7,Ga,53.11627,0.13722347,53.106907
JVASP-25097,0,Ga,30.563837,0.090039186,30.482042
JVASP-25097,1,Ga,30.563837,0.09003911,30.482042
JVASP-25097,2,Ga,30.563837,0.0900393,30.482042
JVASP-25097,3,Ga,30.563837,0.09003918,30.482042
JVASP-25143,0,Ga,29.246904,0.099315256,29.149948
JVASP-25143,1,Ga,29.246904,0.09931522,29.149948
JVASP-886,0,Ga,56.10382,0.12091922,56.071198
JVASP-886,1,Ga,56.10382,0.120919265,56.047115
JVASP-886,2,Ga,56.10382,0.1209192,56.071198
JVASP-886,3,Ga,56.10382,0.12091908,56.047115
JVASP-886,4,Ga,56.10382,0.12091927,56.071198
JVASP-886,5,Ga,56.10382,0.120919175,56.047115
JVASP-886,6,Ga,56.10382,0.120919205,56.071198
JVASP-886,7,Ga,56.10382,0.12091912,56.047115
JVASP-76705,0,Li,0.6789168,0.037361287,0.6493162
JVASP-76705,1,Li,0.6789168,0.037361346,0.6493162
JVASP-76705,2,In,98.56178,0.0788039,98.6167
JVASP-76705,3,In,98.56178,0.07880391,98.6167
JVASP-76705,4,In,98.56178,0.07880386,98.6167
JVASP-76705,5,In,98.56178,0.078803875,98.6167
JVASP-76705,6,Ag,137.0613,0.1639338,136.89908
JVASP-76705,7,Ag,137.0613,0.1639337,136.89908
JVASP-43126,0,Li,1.6396585,0.005941588,1.638741
JVASP-43126,1,Li,1.7921048,0.008082958,1.7934868
JVASP-43126,2,Co,70.64729,0.06352068,70.61178
JVASP-43126,3,Cu,9.069587,0.0902643,9.117998
JVASP-43126,4,O,141.67964,0.041479133,141.6816
JVASP-43126,5,O,154.58832,0.041512404,154.59294
JVASP-43126,6,O,141.67844,0.041479137,141.68303
JVASP-43126,7,O,154.58904,0.041512433,154.59612
JVASP-45848,0,Li,1.1038251,0.024562329,1.1066141
JVASP-45848,1,Co,56.175724,0.03579093,56.18708
JVASP-45848,2,Co,62.28457,0.08833213,62.339706
JVASP-45848,3,Cu,121.16044,0.03938752,121.12685
JVASP-45848,4,O,58.825493,0.03735539,58.858868
JVASP-45848,5,O,68.3735,0.081642434,68.34399
JVASP-45848,6,O,34.959774,0.045936275,34.95016
JVASP-45848,7,O,48.58809,0.1311434,48.67631
JVASP-45848,8,O,42.50724,0.07668727,42.484528
JVASP-45848,9,O,33.03122,0.122434646,33.080784
JVASP-48629,0,Li,1.3867371,0.19068275,1.5164566
JVASP-48629,1,Co,100.61724,0.106619164,100.695465
JVASP-48629,2,Cu,132.44939,0.14312254,132.4922
JVASP-48629,3,O,65.76541,0.27645287,65.57123
JVASP-48629,4,O,79.13845,0.64266014,79.4494
JVASP-48629,5,O,65.76541,0.27645266,65.57123
JVASP-48629,6,O,79.13845,0.64266014,79.4494
JVASP-1122,0,Se,0.0,0.11418119,0.11418119
JVASP-1122,1,Sr,0.002581989,0.28138065,0.2808397
JVASP-39824,0,Ti,16.209091,0.032185733,16.227186
JVASP-39824,1,Ti,16.209091,0.03218568,16.227186
JVASP-39824,2,Ti,63.25726,0.028655112,63.245983
JVASP-39824,3,Ti,16.209091,0.03218567,16.227186
JVASP-39824,4,Ti,16.209091,0.032185707,16.227186
JVASP-39824,5,Ti,63.25726,0.028655106,63.245983
JVASP-39824,6,Tl,67.071106,0.027105791,67.053
JVASP-39824,7,Tl,67.071106,0.027105788,67.053
JVASP-36474,0,Ca,104.96554,0.24473737,105.10526
JVASP-36474,1,Ca,104.96554,0.24473736,105.06989
JVASP-36474,2,Ca,104.96554,0.24473736,104.721886
JVASP-36474,3,Bi,0.0,25.738104,25.738104
JVASP-36474,4,P,0.0,0.23697644,0.23697644
JVASP-38400,0,Pr,49.87406,4.1634808,52.200283
JVASP-38400,1,Pr,49.87406,4.163481,52.200283
JVASP-38400,2,Tm,61.02311,1.505686,61.43535
JVASP-38400,3,Tm,61.023308,1.5071647,61.456757
JVASP-38400,4,Tm,61.030357,1.5048976,62.289997
JVASP-38400,5,Tm,61.030357,1.5048956,62.289993
JVASP-38400,6,Tm,61.023308,1.507165,61.456757
JVASP-38400,7,Tm,61.02311,1.5056881,61.43535
JVASP-38422,0,Pr,27.188519,0.7096933,26.498173
JVASP-38422,1,Pr,27.188519,0.70969284,26.498177
JVASP-38422,2,Tm,17.935163,16.603642,1.6578572
JVASP-38422,3,Tm,17.935163,16.603647,1.6578526
JVASP-38422,4,Tm,22.670029,5.2971497,27.953436
JVASP-38422,5,Tm,17.935163,16.603645,1.6578534
JVASP-38422,6,Tm,17.935163,16.60365,1.6578517
JVASP-38422,7,Tm,22.670029,5.297145,27.95343
JVASP-17752,0,Na,0.0,0.14627232,0.14627232
JVASP-17752,1,Pb,112.673256,0.66878384,113.040375
JVASP-17752,2,Pb,112.67326,0.6687842,112.03439
JVASP-17752,3,Pb,112.673256,0.6687839,112.94823
JVASP-36571,0,Al,20.057768,0.14726122,20.04393
JVASP-36571,1,Co,11.149964,0.041312292,11.188071
JVASP-36571,2,Co,11.149964,0.041312274,11.188071
JVASP-36571,3,Si,36.361652,0.3310383,36.36329
JVASP-79459,0,Al,19.774813,0.14690188,19.638899
JVASP-79459,1,Al,19.774813,0.14690194,19.638899
JVASP-79459,2,Co,10.794389,0.041233342,10.793714
JVASP-79459,3,Co,10.794389,0.04123333,10.793714
JVASP-79459,4,Co,10.794389,0.041233372,10.793714
JVASP-79459,5,Co,10.794389,0.041233353,10.793714
JVASP-79459,6,Si,38.30802,0.3402083,38.557735
JVASP-79459,7,Si,38.30802,0.34020817,38.557735
JVASP-15840,0,Al,49.72954,1.2498215,50.97362
JVASP-15840,1,Co,7.0618787,0.83997095,7.9008174
JVASP-15840,2,Co,7.0618787,0.8399712,7.900818
JVASP-15840,3,Si,52.508076,0.1747682,52.679176
JVASP-15840,4,Si,52.508076,0.1747682,52.679176
JVASP-85184,0,La,180.31346,0.6304751,179.72815
JVASP-85184,1,Al,7.142712,0.20744854,7.341481
JVASP-85184,2,Al,7.142712,0.20744841,7.341481
JVASP-85184,3,B,24.56838,0.19095454,24.379423
JVASP-85184,4,Ru,117.30872,76.689,74.54637
JVASP-85184,5,Ru,117.30872,76.68901,75.73264
JVASP-14594,0,U,0.022494445,0.038790066,0.029711762
JVASP-1037,0,U,489.45987,0.24323675,489.49197
JVASP-1037,1,U,489.45987,0.24323672,489.49197
JVASP-1037,2,U,489.45987,0.24323663,489.49197
JVASP-1037,3,U,489.45987,0.24323672,489.49197
JVASP-1038,0,U,520.9786,0.2387601,521.0164
JVASP-1038,1,U,520.9786,0.2387602,521.0164
JVASP-14725,0,U,521.1981,0.23876646,521.23596
JVASP-14725,1,U,521.1981,0.2387664,521.23596
JVASP-14725,2,U,521.1981,0.23876643,521.23596
JVASP-14725,3,U,521.1981,0.23876658,521.23596
JVASP-78845,0,U,101.81304,0.18034633,101.63697
JVASP-84870,0,U,482.6913,0.23178715,482.71384
JVASP-84870,1,U,482.6913,0.23178712,482.71384
JVASP-84870,2,U,482.6913,0.23178712,482.71384
JVASP-84870,3,U,482.6913,0.23178732,482.71384
JVASP-84969,0,U,475.10925,0.27332544,475.15973
JVASP-84969,1,U,475.10925,0.27332535,475.15973
JVASP-1039,0,U,515.034,0.16348423,515.0288
JVASP-1039,1,U,515.034,0.16348423,515.0288
JVASP-1039,2,U,515.034,0.16348435,515.0288
JVASP-1039,3,U,515.034,0.16348435,515.0288
JVASP-25057,0,U,0.0,0.03515476,0.03515476
JVASP-25057,1,U,0.0,0.035154723,0.035154723
JVASP-25057,2,U,0.0,0.035154775,0.035154775
JVASP-25057,3,U,0.0,0.035154697,0.035154697
JVASP-25082,0,U,0.0,0.038783826,0.038783826
JVASP-25082,1,U,0.0,0.038783785,0.038783785
JVASP-18855,0,Np,514.9432,0.05453355,514.8909
JVASP-18855,1,Np,514.9432,0.05453343,514.9809
JVASP-18855,2,Np,514.9432,0.05453358,514.9577
JVASP-18855,3,Al,0.0,0.6861891,0.6861891
JVASP-14963,0,Np,0.0,0.020597642,0.020597642
JVASP-14963,1,Al,35.38778,0.0416467,35.34932
JVASP-14963,2,Al,35.387775,0.041646793,35.419323
JVASP-14963,3,Al,35.38778,0.041646745,35.394726
JVASP-38728,0,Np,172.2126,0.055847112,172.1584
JVASP-38728,1,Np,172.2126,0.055847127,172.1584
JVASP-38728,2,Al,14.154128,1.0164608,14.363412
JVASP-38728,3,Al,14.154128,1.0164609,14.324822
JVASP-38728,4,Al,14.154402,1.0164728,14.450687
JVASP-38728,5,Al,14.154128,1.0164609,14.363412
JVASP-38728,6,Al,14.154128,1.0164609,14.324822
JVASP-38728,7,Al,14.154402,1.0164722,14.450687
JVASP-1351,0,S,0.0014142137,0.27347735,0.27344662
JVASP-1351,1,Yb,0.014165686,0.33282098,0.33085358
JVASP-51357,0,Yb,145.2744,0.026845967,145.28546
JVASP-51357,1,Yb,145.2744,0.026845984,145.28546
JVASP-51357,2,Yb,145.27187,0.026844159,145.28648
JVASP-51357,3,Yb,145.27187,0.026844162,145.28648
JVASP-51357,4,S,144.59116,0.031557605,144.5706
JVASP-51357,5,S,434.37112,0.23471104,434.21405
JVASP-51357,6,S,144.58456,0.03162631,144.56631
JVASP-51357,7,S,144.59116,0.03155753,144.5706
JVASP-51357,8,S,434.37112,0.2347109,434.21405
JVASP-51357,9,S,144.58456,0.031626258,144.56631
JVASP-53326,0,Yb,37.3566,0.034771007,37.36254
JVASP-53326,1,Yb,37.3566,0.034771018,37.36254
JVASP-53326,2,S,325.9543,0.14118314,325.9953
JVASP-53326,3,S,325.95355,0.14118272,326.01593
JVASP-53326,4,S,325.9543,0.14118314,325.9953
JVASP-53326,5,S,325.95355,0.1411827,326.01593
JVASP-57642,0,S,102.35168,0.07753995,102.424034
JVASP-57642,1,S,102.35088,0.07753991,102.35977
JVASP-57642,2,S,102.351,0.07754008,102.37645
JVASP-57642,3,S,102.35168,0.07753992,102.424034
JVASP-57642,4,S,102.35088,0.07753991,102.35977
JVASP-57642,5,S,102.351,0.07754009,102.37645
JVASP-57642,6,Yb,56.584442,0.03215069,56.61152
JVASP-57642,7,Yb,56.584442,0.03215068,56.61152
JVASP-57642,8,Yb,56.584442,0.03215067,56.61152
JVASP-57642,9,Yb,56.584442,0.03215067,56.61152
JVASP-35931,0,Li,0.072263405,0.024785371,0.07117896
JVASP-35931,1,Li,0.072263405,0.024785375,0.071178935
JVASP-35931,2,Li,0.2629119,0.062190976,0.32363847
JVASP-35931,3,La,22.864763,0.070577845,22.931376
JVASP-35931,4,Bi,49.905903,0.51828754,50.420967
JVASP-35931,5,Bi,49.905903,0.51828754,50.420967
JVASP-34470,0,Cr,12.79574,0.77344006,12.178333
JVASP-34470,1,Cu,56.39504,0.354259,56.656143
JVASP-34470,2,S,0.82849747,0.9806915,1.7367812
JVASP-34470,3,S,0.6194659,1.812471,1.3347553
JVASP-8103,0,S,4.2319922,0.26228353,4.039006
JVASP-8103,1,S,13.040093,1.532798,14.342211
JVASP-8103,2,Cr,2.7081378,0.58737624,2.1556973
JVASP-8103,3,Cu,45.468872,0.4137733,45.141953
JVASP-18728,0,Pa,0.0,0.4524716,0.4524716
JVASP-18728,1,Ir,24.705555,0.66727394,25.077162
JVASP-18728,2,Ir,24.705553,0.6672741,24.039433
JVASP-18728,3,Ir,24.705555,0.6672742,25.013409
JVASP-67696,0,Be,1.9963427,1.5412048,3.5334527
JVASP-67696,1,Ga,56.053307,0.5394923,55.521538
JVASP-67696,2,Pb,183.88809,0.70373267,184.5667
JVASP-51347,0,Yb,140.10516,0.25195017,140.20366
JVASP-51347,1,Yb,140.10516,0.2519501,140.20366
JVASP-51347,2,H,51.317715,0.20009084,51.42962
JVASP-51347,3,H,51.317715,0.2000909,51.42962
JVASP-51347,4,O,166.07613,0.076247126,166.13792
JVASP-51347,5,O,166.07613,0.076247156,166.13792
JVASP-51347,6,O,148.66812,0.06205971,148.68507
JVASP-51347,7,O,148.66812,0.062059745,148.68507
JVASP-67810,0,Be,3.6399417,0.2815525,3.36016
JVASP-67810,1,Cr,6.9818625,0.40873986,6.577003
JVASP-67810,2,Nb,46.43008,0.122210786,46.31057
JVASP-15768,0,P,147.6045,0.06075151,147.62881
JVASP-15768,1,P,147.6042,0.060751393,147.65503
JVASP-15768,2,Te,11.128644,12.518571,22.84817
JVASP-15768,3,Te,11.128644,12.518572,22.84817
JVASP-15768,4,U,22.155197,1.1218666,23.103355
JVASP-15768,5,U,22.155197,1.1218666,23.103355
JVASP-66980,0,Be,0.6858571,0.07394426,0.75931376
JVASP-66980,1,Be,0.6858571,0.073944405,0.75931394
JVASP-66980,2,Nb,95.50315,0.0643433,95.43979
JVASP-66980,3,Nb,95.50315,0.06434329,95.43979
JVASP-66980,4,In,66.98129,0.052171923,67.032
JVASP-66980,5,In,66.98129,0.052171934,67.032
JVASP-3003,0,Ca,0.4286607,0.098139025,0.3366102
JVASP-3003,1,Zn,20.258913,3.7299452,16.544724
JVASP-3003,2,Zn,20.258913,3.7299435,16.544724
JVASP-3003,3,P,9.259888,0.7925539,8.471676
JVASP-3003,4,P,9.259888,0.79255384,8.471676
JVASP-4912,0,K,11.637483,24.993422,34.531525
JVASP-4912,1,K,11.637483,24.993422,34.50761
JVASP-4912,2,K,11.637483,24.993422,34.40293
JVASP-4912,3,K,11.637483,24.993422,34.35407
JVASP-4912,4,K,12.2519455,32.66085,29.020084
JVASP-4912,5,K,12.2519455,32.660854,29.204273
JVASP-4912,6,K,12.2519455,32.66085,28.957933
JVASP-4912,7,K,12.2519455,32.66085,29.074179
JVASP-4912,8,Se,655.36523,54.86437,652.31323
JVASP-4912,9,Se,655.36523,54.864365,652.0481
JVASP-4912,10,Se,655.36523,54.86437,652.89026
JVASP-4912,11,Se,655.36523,54.86437,653.156
JVASP-4912,12,Se,590.85834,69.53643,549.7128
JVASP-4912,13,Se,590.85834,69.53643,549.7233
JVASP-4912,14,Se,590.85834,69.53644,547.3818
JVASP-4912,15,Se,590.85834,69.53643,547.5488
JVASP-4912,16,Se,801.5065,60.533627,770.79175
JVASP-4912,17,Se,801.5065,60.533627,770.77423
JVASP-4912,18,Se,801.5065,60.53363,770.59753
JVASP-4912,19,Se,801.5065,60.53363,770.5838
JVASP-4912,20,Se,629.86884,71.094406,662.49225
JVASP-4912,21,Se,629.86884,71.094406,662.7614
JVASP-4912,22,Se,629.86884,71.094406,661.2831
JVASP-4912,23,Se,629.86884,71.094406,661.3485
JVASP-4912,24,Se,757.2686,87.616005,810.65656
JVASP-4912,25,Se,757.2686,87.61601,810.9525
JVASP-4912,26,Se,757.2686,87.616005,811.4704
JVASP-4912,27,Se,757.2686,87.616005,811.7268
JVASP-10154,0,K,10.369371,4.571251,12.519035
JVASP-10154,1,K,10.369371,4.57125,12.848517
JVASP-10154,2,K,9.843126,21.576632,17.972143
JVASP-10154,3,K,9.843126,21.576632,18.1585
JVASP-10154,4,Se,734.2464,44.771942,743.792
JVASP-10154,5,Se,734.2464,44.771935,742.9845
JVASP-10154,6,Se,678.6155,72.98129,683.5712
JVASP-10154,7,Se,678.6155,72.98129,684.5269
JVASP-10154,8,Se,678.61487,72.981285,684.67334
JVASP-10154,9,Se,678.61487,72.981285,683.084
JVASP-78434,0,K,0.0,0.07120738,0.07120738
JVASP-78434,1,K,0.0,0.071207374,0.071207374
JVASP-78434,2,K,0.0,0.07120737,0.07120737
JVASP-78434,3,K,0.0,0.07120745,0.07120745
JVASP-78434,4,Se,0.0,0.16908988,0.16908988
JVASP-78434,5,Se,0.0,0.1690899,0.1690899
JVASP-78434,6,Se,0.0,0.16908991,0.16908991
JVASP-78434,7,Se,0.0,0.16908982,0.16908982
JVASP-79161,0,Ba,207.13055,36.158707,195.68752
JVASP-79161,1,Mg,10.213924,0.031391945,10.227229
JVASP-79161,2,Mg,10.293276,0.08002171,10.34431
JVASP-79161,3,Mg,11.489074,0.09225133,11.543646
JVASP-16763,0,P,0.26072207,0.028036432,0.27886453
JVASP-16763,1,Ti,17.233854,1.2662579,18.45624
JVASP-16763,2,Ti,17.233854,1.2662588,18.45624
JVASP-16763,3,Te,140.15536,31.176369,111.1028
JVASP-16763,4,Te,140.15536,31.176369,111.1028
JVASP-80264,0,Mn,21.450094,0.6432451,21.704416
JVASP-80264,1,Mn,21.450094,0.64324474,21.704416
JVASP-80264,2,Ga,86.59759,0.41571358,86.6077
JVASP-80264,3,Ga,86.59759,0.41571364,86.6077
JVASP-80264,4,Pd,48.29579,6.615845,41.734833
JVASP-80264,5,Pd,48.29579,6.6158442,41.734837
JVASP-80264,6,Pd,48.29579,6.6158447,41.734837
JVASP-80264,7,Pd,48.29579,6.6158457,41.734833
JVASP-37802,0,Hf,119.19217,0.019052118,119.17884
JVASP-37802,1,Zr,43.682976,0.1978836,43.490124
JVASP-8351,0,Ca,4.580783,0.08891266,4.6061993
JVASP-8351,1,Mn,2.6512542,0.45894438,2.888414
JVASP-8351,2,F,164.6709,0.090233535,164.69855
JVASP-8351,3,F,164.67102,0.09023347,164.62389
JVASP-8351,4,F,164.67055,0.09023347,164.69006
JVASP-8351,5,F,164.67102,0.09023349,164.62389
JVASP-8351,6,F,164.6709,0.090233505,164.69855
JVASP-8351,7,F,164.67055,0.09023347,164.69006
JVASP-86138,0,Ca,5.9298067,0.04312758,5.9709272
JVASP-86138,1,Ca,5.9298067,0.043127615,5.9709272
JVASP-86138,2,Ag,27.980522,18.196552,9.884724
JVASP-86138,3,Ag,27.980522,18.196548,9.8847275
JVASP-86138,4,Bi,49.01674,110.91778,159.92914
JVASP-86138,5,Bi,49.01674,110.91777,159.92912
JVASP-86740,0,Ca,5.930215,0.043127567,5.9713364
JVASP-86740,1,Ca,5.930215,0.043127593,5.9713364
JVASP-86740,2,Ag,27.980522,18.196613,9.884673
JVASP-86740,3,Ag,27.980522,18.196615,9.884671
JVASP-86740,4,Bi,49.01674,110.917725,159.9291
JVASP-86740,5,Bi,49.01674,110.91772,159.92908
JVASP-38492,0,K,22.009796,6.609864,18.687397
JVASP-38492,1,K,22.009182,6.6098833,19.044708
JVASP-38492,2,K,22.009796,6.6098633,18.72658
JVASP-38492,3,K,22.009796,6.6098638,18.687397
JVASP-38492,4,K,22.009182,6.6098843,19.044708
JVASP-38492,5,K,22.009796,6.609863,18.72658
JVASP-38492,6,Rh,16.706743,8.554729,8.197914
JVASP-38492,7,Rh,16.706743,8.5547285,8.197916
JVASP-79608,0,K,40.430054,1.1118389,39.32181
JVASP-79608,1,K,23.595934,1.9279964,25.521908
JVASP-79608,2,K,23.595934,1.9279965,25.521908
JVASP-79608,3,Rh,25.148096,2.4044898,27.550251
JVASP-12922,0,H,37.289337,0.2192771,37.10266
JVASP-12922,1,H,37.291847,0.21934083,37.345943
JVASP-12922,2,H,48.823208,0.3187921,48.901577
JVASP-12922,3,H,50.284233,0.11157477,50.313194
JVASP-12922,4,O,99.477066,0.09466525,99.46542
JVASP-12922,5,O,99.466774,0.09465786,99.38307
JVASP-12922,6,O,139.31122,0.053831026,139.27306
JVASP-12922,7,O,133.03552,0.11838896,133.06415
JVASP-12922,8,Cd,37.539734,0.06266259,37.572365
JVASP-12922,9,Cd,37.55659,0.062654875,37.572765
JVASP-54670,0,Cd,37.509632,0.0666863,37.535282
JVASP-54670,1,Cd,37.724598,0.029869756,37.724842
JVASP-54670,2,H,50.309925,0.11157784,50.367695
JVASP-54670,3,H,48.836693,0.31874666,48.95102
JVASP-54670,4,H,37.318264,0.20968369,37.233242
JVASP-54670,5,H,37.337986,0.21067996,37.22457
JVASP-54670,6,O,133.02142,0.11438482,133.0854
JVASP-54670,7,O,139.29027,0.046404336,139.25165
JVASP-54670,8,O,99.347984,0.09514548,99.300545
JVASP-54670,9,O,99.42317,0.095387936,99.35692
JVASP-29803,0,Cd,51.992867,0.106767274,52.098423
JVASP-29803,1,H,49.046135,0.505229,48.548943
JVASP-29803,2,H,49.046135,0.50522906,48.548943
JVASP-29803,3,O,132.42064,0.13996468,132.5572
JVASP-29803,4,O,132.42064,0.13996479,132.5572
JVASP-29804,0,Cd,126.802734,43.484177,83.36356
JVASP-29804,1,H,43.902206,0.5961358,43.31801
JVASP-29804,2,H,50.036953,0.079577476,49.957798
JVASP-29804,3,O,118.6692,0.25635293,118.91009
JVASP-29804,4,O,119.557144,0.034758408,119.57682
JVASP-29805,0,Cd,51.883865,0.108297914,51.990917
JVASP-29805,1,H,49.05593,0.5069265,48.556995
JVASP-29805,2,H,49.05593,0.5069266,48.556995
JVASP-29805,3,O,132.46635,0.14035659,132.60332
JVASP-29805,4,O,132.46635,0.14035669,132.60332
JVASP-2817,0,O,90.134834,0.28733686,90.242645
JVASP-2817,1,O,90.13504,0.28733766,90.102425
JVASP-2817,2,O,90.13504,0.28733742,90.102425
JVASP-2817,3,O,90.134834,0.28733674,90.242645
JVASP-2817,4,K,46.62055,0.7066707,47.21777
JVASP-2817,5,K,46.665142,0.33478773,46.581303
JVASP-2817,6,K,46.62055,0.7066708,47.217773
JVASP-2817,7,K,46.665142,0.33478758,46.581303
JVASP-2817,8,Ir,784.9514,0.08570581,784.9316
JVASP-3450,0,Ti,25.562876,0.18755625,25.381758
JVASP-3450,1,Pb,62.052925,0.07556265,62.12783
JVASP-3450,2,O,15.494231,0.41096342,15.13966
JVASP-3450,3,O,15.494231,0.41096333,15.393151
JVASP-3450,4,O,12.014748,0.14734143,11.884467
JVASP-4957,0,Ti,0.082060955,0.023702586,0.06245819
JVASP-4957,1,Pb,0.05587486,0.0650281,0.050477076
JVASP-4957,2,O,4.7071385,0.11017717,4.7803354
JVASP-4957,3,O,4.711617,0.11017761,4.6057143
JVASP-4957,4,O,4.6846504,0.11017516,4.719027
JVASP-16417,0,Sc,24.430492,0.12717418,24.397474
JVASP-16417,1,Sc,24.431597,0.12716982,24.433777
JVASP-16417,2,Sc,24.430492,0.12717429,24.388884
JVASP-16417,3,Sc,25.014643,0.08649666,25.033615
JVASP-16417,4,Sc,25.015759,0.08649517,25.088884
JVASP-16417,5,Sc,25.014643,0.08649663,24.994917
JVASP-16417,6,Fe,28.701488,1.0494764,29.741968
JVASP-16417,7,Sb,3.1843367,0.27307788,3.4568012
JVASP-16417,8,Sb,3.1843367,0.2730779,3.4568012
JVASP-14766,0,Ca,4.5784283,0.059738807,4.627719
JVASP-14766,1,Ca,4.5784283,0.05973879,4.627719
JVASP-14766,2,Ag,55.68404,0.07372574,55.677177
JVASP-14766,3,Ag,55.68404,0.07372574,55.677177
JVASP-15373,0,Sc,21.293095,0.30635923,21.023287
JVASP-15373,1,Sc,21.294344,0.30635798,21.093342
JVASP-15373,2,Ge,16.328896,0.01889749,16.321972
JVASP-15373,3,Ge,16.328896,0.018897606,16.321972
JVASP-15373,4,Tb,32.72573,0.40971303,32.422634
JVASP-15373,5,Tb,32.72573,0.409713,32.422634
JVASP-67783,0,Be,4.4776683,0.28021955,4.1995068
JVASP-67783,1,Ta,13.101504,0.060700223,13.150982
JVASP-67783,2,Zr,134.46883,0.03404515,134.46391
JVASP-14641,0,Ti,0.0,0.04247343,0.04247343
JVASP-14641,1,Os,0.0,0.08632973,0.08632973
JVASP-37556,0,Ti,0.0,0.38555562,0.38555562
JVASP-37556,1,Os,108.38992,1.9939616,107.38417
JVASP-37556,2,Os,108.38992,1.9939616,107.47759
JVASP-37556,3,Os,108.38992,1.9939613,110.337036
JVASP-78299,0,Pt,15.192652,0.23028888,15.0243635
JVASP-78299,1,Pt,15.192652,0.23028891,15.0243635
JVASP-78299,2,Pt,15.192652,0.23028888,15.0243635
JVASP-78299,3,Pt,15.192652,0.23028883,15.0243635
JVASP-78299,4,W,92.57969,0.101788916,92.48692
JVASP-78299,5,W,92.57969,0.10178906,92.48692
JVASP-79858,0,Pt,38.109978,0.14667438,37.967857
JVASP-79858,1,Pt,38.109978,0.1466743,37.967857
JVASP-79858,2,Pt,28.659847,0.15033494,28.805336
JVASP-79858,3,W,50.99593,0.18476292,50.813663
JVASP-17692,0,Ce,51.51685,0.1731413,51.34544
JVASP-17692,1,Ce,51.51685,0.17314132,51.34544
JVASP-17692,2,Ag,4.3511105,0.28469622,4.618254
JVASP-17692,3,Ag,4.3511105,0.2846961,4.618254
JVASP-17692,4,As,191.69951,3.0413785,194.7402
JVASP-17692,5,As,191.69951,3.0413787,194.7402
JVASP-17692,6,As,287.3431,4.1698174,283.17902
JVASP-17692,7,As,287.3431,4.1698174,283.17902
JVASP-14776,0,Co,6.3735723,0.12943046,6.251307
JVASP-14776,1,Co,6.3735723,0.12943055,6.251307
JVASP-25120,0,Co,0.002,0.1304349,0.13181663
JVASP-78763,0,Co,6.3160095,0.12941884,6.1937766
JVASP-78763,1,Co,6.3160095,0.12941886,6.193776
JVASP-84788,0,Co,5.479509,0.1222846,5.365944
JVASP-84788,1,Co,5.479509,0.12228457,5.365944
JVASP-84980,0,Co,5.8391757,0.13399032,5.711693
JVASP-84980,1,Co,5.8391757,0.13399021,5.711693
JVASP-857,0,Co,5.8224373,0.13105682,5.6982884
JVASP-857,1,Co,5.8224373,0.13105679,5.6982884
JVASP-858,0,Co,6.3735723,0.12943047,6.251307
JVASP-858,1,Co,6.3735723,0.12943052,6.251307
JVASP-859,0,Co,7.364392,0.2299212,7.140857
JVASP-859,1,Co,7.364392,0.22992112,7.140857
JVASP-971,0,Pt,0.0,0.1446632,0.1446632
JVASP-971,1,Pt,0.0,0.14466313,0.14466313
JVASP-971,2,Pt,0.0,0.14466314,0.14466314
JVASP-971,3,Pt,0.0,0.14466311,0.14466311
JVASP-973,0,Pt,0.0,0.16407068,0.16407068
JVASP-973,1,Pt,0.0,0.16407068,0.16407068
JVASP-973,2,Pt,0.0,0.16407065,0.16407065
JVASP-973,3,Pt,0.0,0.16407062,0.16407062
JVASP-80420,0,Li,1.3862698,0.09239875,1.4058841
JVASP-80420,1,Ge,63.638565,0.11471355,63.586105
JVASP-80420,2,Pt,176.38313,0.19508314,176.41838
JVASP-80420,3,Pt,176.37428,0.19512619,176.40952
JVASP-22687,0,Sr,52.953068,0.08265437,52.882595
JVASP-22687,1,Sr,52.953068,0.08265431,52.882595
JVASP-22687,2,H,0.31598416,0.7086806,1.0204827
JVASP-22687,3,N,16.671228,0.14934692,16.819374
JVASP-15879,0,Ca,9.279108,0.031183476,9.25244
JVASP-15879,1,Ca,9.280311,0.03118348,9.296781
JVASP-15879,2,Ca,25.537832,0.066939004,25.510714
JVASP-15879,3,Ca,25.537832,0.06693898,25.510714
JVASP-15879,4,As,41.030552,0.15924066,41.03171
JVASP-15879,5,As,41.030552,0.1592406,41.03171
JVASP-20496,0,Ca,21.440979,0.049100596,21.466623
JVASP-20496,1,Ca,21.440979,0.049100567,21.466623
JVASP-20496,2,As,168.73317,3.2527254,168.39986
JVASP-20496,3,As,168.73317,3.2527254,168.39986
JVASP-20496,4,As,352.09747,6.6407423,356.0976
JVASP-20496,5,As,352.09747,6.6407433,356.0976
JVASP-20496,6,As,355.41476,5.4413147,352.02185
JVASP-20496,7,As,355.41476,5.441315,352.02185
JVASP-20231,0,Ca,21.44106,0.049100574,21.466646
JVASP-20231,1,Ca,21.44106,0.049100578,21.466646
JVASP-20231,2,As,168.73299,3.2527263,168.40482
JVASP-20231,3,As,168.73299,3.2527251,168.40482
JVASP-20231,4,As,352.09763,6.6407366,356.09576
JVASP-20231,5,As,352.09763,6.640737,356.09576
JVASP-20231,6,As,355.41406,5.441316,352.01416
JVASP-20231,7,As,355.41406,5.441317,352.01416
JVASP-12553,0,H,29.026169,0.06620398,29.057959
JVASP-12553,1,H,29.026169,0.06620398,29.057959
JVASP-12553,2,C,62.12674,0.07011176,62.084515
JVASP-12553,3,C,62.12674,0.07011171,62.084515
JVASP-12553,4,O,160.48785,1.2743256,160.16603
JVASP-12553,5,O,160.4877,1.2743208,160.05846
JVASP-12553,6,O,160.4877,1.2743208,160.05846
JVASP-12553,7,O,160.48785,1.2743266,160.16603
JVASP-12553,8,Na,5.571363,0.25707594,5.5444617
JVASP-12553,9,Na,5.571363,0.2570759,5.5444617
JVASP-67598,0,Ca,12.5340395,0.11154155,12.63364
JVASP-67598,1,La,83.20672,0.48897633,83.66844
JVASP-67598,2,Be,0.3663177,0.35835648,0.20553945
JVASP-67598,3,Be,0.3663177,0.35835677,0.13155954
JVASP-16246,0,Lu,199.82938,111.10088,89.3704
JVASP-16246,1,Lu,199.82938,111.10088,89.3704
JVASP-16246,2,Si,16.431177,24.990475,9.065633
JVASP-16246,3,Si,16.431177,24.990479,9.065637
JVASP-16246,4,Si,16.431177,24.990479,9.065637
JVASP-16246,5,Si,16.431177,24.990473,9.065633
JVASP-16246,6,Ru,85.274895,59.136494,27.03477
JVASP-16246,7,Ru,85.274895,59.13649,27.034773
JVASP-16246,8,Ru,85.274895,59.136494,27.034767
JVASP-16246,9,Ru,85.274895,59.136494,27.034767
JVASP-21969,0,Rb,17.538347,0.09290949,17.63066
JVASP-21969,1,Rb,17.538347,0.09290947,17.63066
JVASP-21969,2,Zr,59.278877,0.017861785,59.280815
JVASP-21969,3,F,22.41216,0.067018695,22.442545
JVASP-21969,4,F,22.412891,0.06701873,22.41251
JVASP-21969,5,F,22.41216,0.06701868,22.422884
JVASP-21969,6,F,22.41216,0.06701867,22.442545
JVASP-21969,7,F,22.412891,0.067018785,22.41251
JVASP-21969,8,F,22.41216,0.06701869,22.422884
JVASP-1648,0,K,11.957384,1.0225065,11.049977
JVASP-1648,1,Te,7.898522,0.0905761,7.824721
JVASP-1648,2,Te,7.898522,0.0905763,7.8247204
JVASP-1648,3,Er,4.1246943,0.08501542,4.0530434
JVASP-40446,0,Tc,42.28407,0.31030712,42.010242
JVASP-40446,1,Tc,42.284634,0.31030682,42.00849
JVASP-40446,2,Tc,42.28407,0.3103072,42.00762
JVASP-40446,3,Tc,42.28407,0.31030726,42.010242
JVASP-40446,4,Tc,42.284634,0.31030676,42.00849
JVASP-40446,5,Tc,42.28407,0.31030723,42.00762
JVASP-40446,6,Ni,7.3937855,0.03145048,7.366308
JVASP-40446,7,Ni,7.3937855,0.03145054,7.3663077
JVASP-35373,0,In,6.6397505,0.049706347,6.6891065
JVASP-35373,1,P,2.1433036,0.06737743,2.1361406
JVASP-35373,2,Pd,37.1121,0.03401691,37.102753
JVASP-35373,3,Pd,37.1121,0.03401692,37.102753
JVASP-35373,4,Pd,37.1121,0.034016903,37.11641
JVASP-35373,5,Pd,37.1121,0.0340169,37.11641
JVASP-35373,6,Pd,39.940563,0.027761653,39.96739
JVASP-36631,0,Mg,0.0,0.11136907,0.11136907
JVASP-36631,1,Rh,0.0,0.24583772,0.24583772
JVASP-36631,2,O,149.08574,0.07058485,149.035
JVASP-36631,3,O,149.08574,0.07058499,149.15291
JVASP-36631,4,O,149.08574,0.070585,149.06932
JVASP-37244,0,Sc,2.0575714,0.0749269,2.1211815
JVASP-37244,1,Sc,2.0575714,0.07492698,2.1211817
JVASP-37244,2,Sc,53.36295,0.123248674,53.48046
JVASP-37244,3,Sc,2.0575714,0.0749269,2.1211815
JVASP-37244,4,Sc,2.0575714,0.07492698,2.1211817
JVASP-37244,5,Sc,53.36295,0.12324856,53.48046
JVASP-37244,6,Pb,209.67876,0.27118155,209.41963
JVASP-37244,7,Pb,209.67876,0.27118155,209.41963
JVASP-13886,0,Ce,40.84769,0.22018832,41.062805
JVASP-13886,1,Ce,40.84769,0.22018841,41.062805
JVASP-13886,2,S,14.346662,0.0977554,14.257676
JVASP-13886,3,S,14.346662,0.09775537,14.257676
JVASP-35839,0,Ce,143.79892,0.21464355,144.01137
JVASP-35839,1,Ce,143.79892,0.21464355,144.01137
JVASP-35839,2,S,39.798496,0.19847901,39.99685
JVASP-35839,3,S,39.798496,0.19847903,39.99685
JVASP-35839,4,S,41.808704,0.029656082,41.78585
JVASP-35839,5,S,41.808704,0.02965605,41.78585
JVASP-36113,0,Ce,0.0,0.081214294,0.081214294
JVASP-36113,1,S,0.0,0.50102186,0.50102186
JVASP-17753,0,Ce,40.848503,0.22018848,41.063618
JVASP-17753,1,Ce,40.848503,0.22018854,41.063618
JVASP-17753,2,S,14.346662,0.09775378,14.257679
JVASP-17753,3,S,14.346662,0.09775389,14.257678
JVASP-7688,0,Ce,0.0,0.21030433,0.21030433
JVASP-7688,1,Ce,0.0,0.21030407,0.21030407
JVASP-7688,2,Ce,0.0,0.2103043,0.2103043
JVASP-7688,3,Ce,0.0,0.21030425,0.21030425
JVASP-7688,4,S,0.0,0.17315534,0.17315534
JVASP-7688,5,S,0.0,0.17315519,0.17315519
JVASP-7688,6,S,0.0,0.17315535,0.17315535
JVASP-7688,7,S,0.0,0.1731553,0.1731553
JVASP-78403,0,Ce,0.0,0.08137836,0.08137836
JVASP-78403,1,S,0.0,0.5027163,0.5027163
JVASP-78540,0,Ce,0.0,0.21030962,0.21030962
JVASP-78540,1,Ce,0.0,0.21030961,0.21030961
JVASP-78540,2,Ce,0.0,0.21030955,0.21030955
JVASP-78540,3,Ce,0.0,0.21030942,0.21030942
JVASP-78540,4,S,0.0,0.17312798,0.17312798
JVASP-78540,5,S,0.0,0.17312802,0.17312802
JVASP-78540,6,S,0.0,0.17312792,0.17312792
JVASP-78540,7,S,0.0,0.17312798,0.17312798
JVASP-14501,0,Nd,0.0,0.08597889,0.08597889
JVASP-14501,1,Pd,77.33447,0.028588701,77.31406
JVASP-14501,2,Pd,77.33447,0.028588684,77.35131
JVASP-14501,3,Pd,77.33447,0.028588694,77.33806
JVASP-37136,0,Nd,33.027447,0.108330816,32.924126
JVASP-37136,1,Nd,33.027447,0.108330764,32.924126
JVASP-37136,2,Pd,62.606068,6.6650887,68.662445
JVASP-37136,3,Pd,62.606068,6.665089,68.662445
JVASP-78499,0,Nd,283.75705,0.07431822,283.8293
JVASP-78499,1,Nd,283.75705,0.07431825,283.8293
JVASP-78499,2,Pd,178.04361,13.680167,164.43636
JVASP-78499,3,Pd,178.04361,13.680164,164.43636
JVASP-78499,4,Pd,178.04361,13.680167,164.43636
JVASP-78499,5,Pd,178.04361,13.68017,164.43636
JVASP-79045,0,Nd,137.88504,0.08839892,137.85182
JVASP-79045,1,Nd,137.88504,0.08839892,137.85182
JVASP-79045,2,Nd,178.122,0.16640843,177.98534
JVASP-79045,3,Nd,137.88504,0.08839896,137.85182
JVASP-79045,4,Nd,137.88504,0.08839893,137.85182
JVASP-79045,5,Nd,178.122,0.16640845,177.98534
JVASP-79045,6,Pd,73.63901,0.22991998,73.44658
JVASP-79045,7,Pd,73.63901,0.22992012,73.44658
JVASP-67430,0,Be,7.0561633,0.8987352,6.161178
JVASP-67430,1,Tc,55.25314,1.9681153,53.31531
JVASP-67430,2,W,241.21228,0.43644312,240.83203
JVASP-4807,0,Zr,59.915745,1.0746566,58.857994
JVASP-4807,1,Zr,59.915745,1.0746561,58.857994
JVASP-4807,2,Np,633.6242,0.0744174,633.6919
JVASP-16812,0,Zr,59.59282,1.0781215,58.531548
JVASP-16812,1,Zr,59.59282,1.0781214,58.531548
JVASP-16812,2,Np,633.82874,0.073911436,633.8959
JVASP-38903,0,Rb,20.47855,0.1271794,20.546425
JVASP-38903,1,Rb,20.47855,0.12717934,20.537666
JVASP-38903,2,Rb,20.47855,0.12717935,20.35216
JVASP-38903,3,Sm,0.0,0.044680282,0.044680282
JVASP-8326,0,Zn,21.362818,0.8712502,22.229462
JVASP-8326,1,W,678.9037,0.58165747,678.4848
JVASP-8326,2,W,678.9037,0.58166075,678.9212
JVASP-8326,3,N,55.72536,0.08803331,55.73964
JVASP-8326,4,N,55.72536,0.088033326,55.697746
JVASP-81275,0,Sc,146.61461,0.031877004,146.62535
JVASP-81275,1,Zn,113.94781,0.04653327,113.9602
JVASP-81275,2,Zn,113.94781,0.046533264,113.9602
JVASP-81275,3,Cu,4.9001665,0.117204934,4.935271
JVASP-74819,0,Be,0.17391378,0.31494555,0.48813328
JVASP-74819,1,Be,0.17391378,0.31494576,0.48813343
JVASP-74819,2,Ga,33.396343,0.052373495,33.348488
JVASP-74819,3,Ge,27.907036,0.029498305,27.880955
JVASP-4095,0,Be,17.800547,0.22038451,17.62766
JVASP-4095,1,K,34.94142,4.340498,38.58563
JVASP-4095,2,K,34.94142,4.340498,38.58563
JVASP-4095,3,K,0.5437959,3.0145512,2.5827553
JVASP-4095,4,K,0.5437959,3.0145514,2.5827556
JVASP-4095,5,As,50.825943,3.3097186,48.12962
JVASP-4095,6,As,50.825943,3.3097186,48.12962
JVASP-35354,0,Fe,65.9819,0.33979878,65.64499
JVASP-35354,1,Fe,65.9819,0.33979887,65.64499
JVASP-35354,2,Co,0.09308061,0.032733634,0.06748622
JVASP-35354,3,Co,0.09308061,0.032733683,0.06748616
JVASP-35354,4,Sn,91.438225,0.08188969,91.362915
JVASP-35354,5,Sn,91.438225,0.08188967,91.362915
JVASP-2550,0,S,171.89034,1.7193865,171.8161
JVASP-2550,1,S,171.88991,1.7193868,170.77617
JVASP-2550,2,S,171.88995,1.7193865,173.37305
JVASP-2550,3,S,171.88988,1.719387,171.37955
JVASP-2550,4,Ge,12.724762,0.070512205,12.70444
JVASP-2550,5,Ag,136.32979,0.367855,136.31058
JVASP-2550,6,Ag,136.32979,0.36785483,136.31058
JVASP-2550,7,Ba,23.931059,0.13158098,23.935314
JVASP-38438,0,Li,0.2653614,0.062578484,0.32682273
JVASP-38438,1,Li,0.2653614,0.062578484,0.32682273
JVASP-38438,2,Li,0.8426245,0.053575914,0.7909616
JVASP-38438,3,Li,0.2653614,0.06257847,0.3268227
JVASP-38438,4,Li,0.2653614,0.06257846,0.3268227
JVASP-38438,5,Li,0.8426245,0.053575907,0.7909616
JVASP-38438,6,Cu,3.9093857,0.07657691,3.8393595
JVASP-38438,7,Cu,3.9093857,0.076576896,3.8393595
JVASP-41943,0,Li,0.00244949,0.052659795,0.055041242
JVASP-41943,1,Li,0.00244949,0.052659787,0.05504124
JVASP-41943,2,Cu,17.361982,0.14282192,17.49942
JVASP-41943,3,Cu,17.361982,0.1428219,17.49942
JVASP-41943,4,Cu,31.77478,0.14242598,31.637835
JVASP-41943,5,Cu,17.361982,0.14282188,17.49942
JVASP-41943,6,Cu,17.361982,0.14282191,17.49942
JVASP-41943,7,Cu,31.77478,0.14242604,31.637835
JVASP-67124,0,Be,7.561575,0.008419441,7.563938
JVASP-67124,1,Hg,198.9304,0.11569994,199.04373
JVASP-67124,2,Re,310.44424,0.096402146,310.35135
JVASP-14748,0,Mg,0.0,0.008975993,0.008975993
JVASP-14748,1,Pd,0.0,0.012351331,0.012351331
JVASP-14913,0,Mg,0.0,0.023104347,0.023104347
JVASP-14913,1,Pd,36.169167,0.06868209,36.188553
JVASP-14913,2,Pd,36.169167,0.0686821,36.110035
JVASP-14913,3,Pd,36.169167,0.06868209,36.209026
JVASP-38680,0,Mg,0.70669794,0.056255486,0.6513438
JVASP-38680,1,Pd,30.238146,0.060735356,30.188663
JVASP-38680,2,Pd,30.238686,0.060735077,30.220005
JVASP-38680,3,Pd,7.7105856,0.049463972,7.7439218
JVASP-38680,4,Pd,7.7105856,0.049464844,7.7439227
JVASP-38680,5,Pd,30.238686,0.06073616,30.210032
JVASP-28437,0,Nb,140.37291,41.151104,99.23013
JVASP-28437,1,Nb,140.37291,41.151093,99.23014
JVASP-28437,2,Co,38.58069,1.4444109,40.02187
JVASP-28437,3,S,35.447792,15.534441,19.91663
JVASP-28437,4,S,35.447792,15.534439,19.916634
JVASP-28437,5,S,6.3372383,40.0583,33.72303
JVASP-28437,6,S,6.3372383,40.058304,33.723034
JVASP-15135,0,Fe,4.248457,1.3118231,3.3126738
JVASP-15135,1,Fe,4.248457,1.3118237,3.3126736
JVASP-15135,2,Ge,96.08525,100.025635,75.854034
JVASP-15135,3,Ge,96.08525,100.025635,75.854034
JVASP-15135,4,Ho,125.70778,51.79567,95.977455
JVASP-36755,0,Li,3.2064648,0.06421764,3.2158885
JVASP-36755,1,Li,3.2064648,0.06421768,3.2158885
JVASP-36755,2,Au,392.26157,11.613192,400.9658
JVASP-36755,3,Au,392.26035,11.613059,388.91925
JVASP-36755,4,O,196.10638,0.14295582,195.97852
JVASP-36755,5,O,196.10745,0.14295751,196.18973
JVASP-36755,6,O,196.10745,0.1429575,196.18973
JVASP-36755,7,O,196.10638,0.14295585,195.97852
JVASP-36754,0,Li,3.610192,0.22993778,3.7290614
JVASP-36754,1,Li,3.6101596,0.22993837,3.6439753
JVASP-36754,2,Au,459.43445,19.98725,461.2939
JVASP-36754,3,Au,459.43814,19.987207,450.75745
JVASP-36754,4,O,196.55223,0.24358448,196.42116
JVASP-36754,5,O,196.55013,0.24358496,196.72296
JVASP-36754,6,O,196.55164,0.24358456,196.4774
JVASP-36754,7,O,196.55016,0.24358495,196.59608
JVASP-53563,0,Li,3.3423033,0.11851256,3.2645466
JVASP-53563,1,Li,1.6410332,0.019403923,1.6268497
JVASP-53563,2,Li,1.1801152,0.05166071,1.1959325
JVASP-53563,3,Li,1.1801152,0.05166071,1.1959325
JVASP-53563,4,Li,1.6410332,0.019403888,1.6268498
JVASP-53563,5,Au,316.89746,0.14186376,316.862
JVASP-53563,6,O,172.08444,0.08066748,172.13219
JVASP-53563,7,O,167.12474,0.16607079,167.15239
JVASP-53563,8,O,167.12474,0.1660708,167.15239
JVASP-53563,9,O,172.08444,0.08066741,172.13219
JVASP-80199,0,K,31.99448,0.19259834,31.988678
JVASP-80199,1,Tl,75.78631,1.1658823,75.60943
JVASP-80199,2,Tl,75.78631,1.1658814,75.60943
JVASP-80199,3,In,123.45866,0.42204556,123.35868
JVASP-57203,0,Ce,205.02911,10.338838,211.01144
JVASP-57203,1,Ce,205.02728,10.338146,211.00948
JVASP-57203,2,Cr,43.012306,7.5174546,39.802925
JVASP-57203,3,Cr,8.006019,1.0536305,7.0492625
JVASP-57203,4,S,38.982002,0.15078443,39.09253
JVASP-57203,5,S,56.91703,14.517823,44.633434
JVASP-57203,6,S,56.91527,14.5184555,44.631485
JVASP-57203,7,S,38.984592,0.15078825,39.095127
JVASP-57203,8,O,35.41284,1.3033655,35.748753
JVASP-57203,9,O,35.412277,1.303473,35.74816
JVASP-20611,0,Se,0.0,0.29297313,0.29297313
JVASP-20611,1,Th,0.0063245557,0.06520581,0.06538856
JVASP-16287,0,Th,0.0,2.9561021,2.9561021
JVASP-16287,1,Se,0.0,32.49669,32.49669
JVASP-20423,0,Th,0.0,0.06520584,0.06520584
JVASP-20423,1,Th,0.0,0.065205865,0.065205865
JVASP-20423,2,Th,0.0,0.06520584,0.06520584
JVASP-20423,3,Th,0.0,0.06520587,0.06520587
JVASP-20423,4,Se,0.0,0.2929722,0.2929722
JVASP-20423,5,Se,0.0,0.2929722,0.2929722
JVASP-20423,6,Se,0.0,0.29297233,0.29297233
JVASP-20423,7,Se,0.0,0.2929723,0.2929723
JVASP-35519,0,Dy,188.60826,0.010470415,188.609
JVASP-35519,1,Ti,43.482525,0.046685413,43.521816
JVASP-35519,2,Ti,43.482525,0.046685465,43.521816
JVASP-35519,3,Ga,80.97952,0.10814361,80.908005
JVASP-35519,4,Ga,80.97952,0.108143665,80.908005
JVASP-35519,5,Ga,80.97952,0.108143725,80.9084
JVASP-35519,6,Ga,80.97952,0.108143754,80.9084
JVASP-8353,0,Mg,2.0776265,0.05828859,2.0578482
JVASP-8353,1,Co,45.53307,0.14780802,45.446877
JVASP-8353,2,F,226.42947,0.12159043,226.4941
JVASP-8353,3,F,226.43011,0.12159047,226.3724
JVASP-8353,4,F,226.42929,0.12159052,226.42119
JVASP-8353,5,F,226.43011,0.121590465,226.3724
JVASP-8353,6,F,226.42947,0.121590495,226.49411
JVASP-8353,7,F,226.42929,0.12159052,226.42119
JVASP-10879,0,Be,19.541739,0.080111995,19.56763
JVASP-10879,1,Be,19.54294,0.080112904,19.559908
JVASP-10879,2,Be,19.541739,0.08011217,19.56763
JVASP-10879,3,Be,19.54294,0.080112986,19.559908
JVASP-10879,4,N,44.184105,0.13452104,44.226486
JVASP-10879,5,N,44.183716,0.13452093,44.209362
JVASP-10879,6,N,44.183716,0.13452101,44.209362
JVASP-10879,7,N,44.184105,0.13452116,44.226486
JVASP-10879,8,Sr,56.88406,0.29625693,56.814754
JVASP-10879,9,Sr,56.88406,0.2962573,56.814754
JVASP-8828,0,Ge,5.8992267,0.12300221,5.8867793
JVASP-8828,1,Se,363.27228,0.8808904,363.07245
JVASP-8828,2,Se,363.24414,0.88082874,364.03488
JVASP-8828,3,Se,363.26355,0.880885,363.02313
JVASP-8828,4,Se,363.2951,0.88072824,362.88046
JVASP-8828,5,Zn,1.1244786,0.052611288,1.122616
JVASP-8828,6,Zn,1.1255642,0.05261028,1.1237988
JVASP-7765,0,Y,91.29371,63.483852,27.98939
JVASP-7765,1,Y,91.29371,63.483852,27.98939
JVASP-7765,2,O,4.963891,0.1956523,5.1570435
JVASP-7765,3,O,4.963891,0.19565234,5.1570435
JVASP-7765,4,O,22.454472,0.38555703,22.076872
JVASP-82018,0,Sc,16.021566,0.3486831,16.038296
JVASP-82018,1,Sc,16.021566,0.34868303,16.038296
JVASP-82018,2,Sc,16.021566,0.348683,16.038296
JVASP-82018,3,Sc,16.021566,0.34868312,16.038296
JVASP-82018,4,Hg,197.51071,1.046777,196.95308
JVASP-82018,5,Hg,197.51071,1.0467772,196.95308
JVASP-82018,6,Os,346.8193,0.032132417,346.83005
JVASP-82018,7,Os,346.8193,0.032132372,346.83005
JVASP-8719,0,Cu,63.939377,1.8333799,65.33769
JVASP-8719,1,Cu,63.939377,1.8333797,65.33769
JVASP-8719,2,Ga,95.33521,4.621584,91.73227
JVASP-8719,3,Sr,80.97991,0.18658291,81.119835
JVASP-36489,0,Sr,222.3957,1.2350756,223.0609
JVASP-36489,1,Sr,222.3957,1.2350755,222.96921
JVASP-36489,2,Sr,222.39569,1.2350758,221.16212
JVASP-36489,3,Sb,0.0,0.17532401,0.17532401
JVASP-36489,4,P,0.0,0.2716878,0.2716878
JVASP-36454,0,Sr,197.12596,0.80476135,197.57495
JVASP-36454,1,Sr,197.12596,0.8047616,197.47989
JVASP-36454,2,Sr,197.12595,0.8047616,196.3255
JVASP-36454,3,Sb,0.0,0.119444,0.119444
JVASP-36454,4,P,0.0,0.76271063,0.76271063
JVASP-5338,0,S,222.67592,3.2215612,223.52487
JVASP-5338,1,S,222.67592,3.221563,223.52487
JVASP-5338,2,S,236.45325,2.9871862,238.76021
JVASP-5338,3,S,236.45325,2.9871871,238.76022
JVASP-5338,4,Cl,166.77763,0.07199747,166.7382
JVASP-5338,5,Cl,166.77763,0.07195099,166.78471
JVASP-5338,6,Cl,166.77763,0.071997486,166.7382
JVASP-5338,7,Cl,166.77763,0.07195094,166.78471
JVASP-5338,8,Nb,63.31717,0.06600376,63.34515
JVASP-5338,9,Nb,63.31717,0.06600364,63.34515
JVASP-16728,0,Dy,203.81552,167.96068,36.59843
JVASP-16728,1,Dy,203.81552,167.96068,36.59843
JVASP-16728,2,Si,17.317894,12.310138,5.4895453
JVASP-16728,3,Si,17.317894,12.310139,5.4895444
JVASP-16728,4,Si,17.317894,12.310138,5.4895453
JVASP-16728,5,Si,17.317894,12.310138,5.4895453
JVASP-16728,6,Os,230.46188,133.0102,97.96388
JVASP-16728,7,Os,230.46188,133.0102,97.96388
JVASP-16728,8,Os,230.46188,133.0102,97.96388
JVASP-16728,9,Os,230.46188,133.0102,97.96388
JVASP-15979,0,Ge,42.158897,1.422643,41.195198
JVASP-15979,1,Ge,42.158897,1.4226441,41.195198
JVASP-15979,2,Sr,11.734931,0.59764916,12.0459385
JVASP-15979,3,Ag,2.9340203,0.7745607,3.5255363
JVASP-15979,4,Ag,2.9340203,0.7745616,3.5255368
JVASP-49801,0,Ho,97.922035,20.01817,117.93549
JVASP-49801,1,Ho,97.922035,20.018173,117.9355
JVASP-49801,2,B,41.266552,1.746098,42.980835
JVASP-49801,3,B,41.266552,1.7460977,42.980835
JVASP-49801,4,O,74.12203,26.24767,79.72415
JVASP-49801,5,O,74.12172,26.247683,80.60353
JVASP-49801,6,O,74.12203,26.24767,80.193115
JVASP-49801,7,O,74.12203,26.24767,80.193115
JVASP-49801,8,O,74.12172,26.247684,80.60353
JVASP-49801,9,O,74.12203,26.24767,79.72415
JVASP-52228,0,Ho,257.8027,6.8849955,262.76544
JVASP-52228,1,Ho,257.84985,6.8852825,262.97885
JVASP-52228,2,B,41.093155,0.18779695,41.20455
JVASP-52228,3,B,41.09354,0.18775803,41.206306
JVASP-52228,4,O,84.04267,1.4127377,83.33634
JVASP-52228,5,O,84.0473,1.4126986,83.62207
JVASP-52228,6,O,57.857224,1.8101085,59.485966
JVASP-52228,7,O,84.034836,1.4114825,83.40123
JVASP-52228,8,O,84.0354,1.4113284,83.514725
JVASP-52228,9,O,57.860252,1.8099196,59.505367
JVASP-8807,0,Li,0.27471927,0.09683997,0.29955086
JVASP-8807,1,Li,0.27471927,0.09683987,0.2995508
JVASP-8807,2,S,9.465286,0.44575992,9.483223
JVASP-8807,3,S,9.465286,0.44575983,9.457981
JVASP-8807,4,S,9.465286,0.44576,9.457981
JVASP-8807,5,S,9.465286,0.44576004,9.483223
JVASP-8807,6,Sm,22.651657,2.2576618,22.870386
JVASP-8807,7,Sm,22.651657,2.2576618,22.870386
JVASP-11532,0,Zn,152.65317,0.024970958,152.66727
JVASP-11532,1,Zn,152.61636,0.024708742,152.63031
JVASP-11532,2,Zn,171.83841,0.05004391,171.81369
JVASP-11532,3,Zn,171.85715,0.050432585,171.83209
JVASP-11532,4,Ni,163.98802,0.058744177,164.01654
JVASP-11532,5,Ni,163.98996,0.056850865,164.02023
JVASP-11532,6,N,10.816123,0.036186624,10.820991
JVASP-11532,7,N,10.814375,0.03397015,10.820158
JVASP-11532,8,N,35.44106,0.021366257,35.454437
JVASP-11532,9,N,35.439083,0.021421485,35.452415
JVASP-8298,0,Zn,12.2923565,0.07631167,12.363576
JVASP-8298,1,Ni,65.65018,0.09644086,65.56288
JVASP-8298,2,Ni,65.65018,0.09644083,65.562164
JVASP-8298,3,N,73.56291,0.082256705,73.62983
JVASP-8298,4,N,73.56291,0.08225673,73.60094
JVASP-20064,0,Sb,0.0,0.13958217,0.13958217
JVASP-20064,1,La,0.0040824832,0.078522414,0.078472726
JVASP-15908,0,La,93.72075,0.123245545,93.82986
JVASP-15908,1,Sb,322.1561,0.29360196,321.89062
JVASP-86267,0,Eu,46.393337,0.21220519,46.602562
JVASP-86267,1,Eu,46.393337,0.2122052,46.602562
JVASP-86267,2,Cl,62.7147,0.2125888,62.65674
JVASP-86267,3,Cl,62.71532,0.21258672,62.661846
JVASP-86267,4,Cl,62.716057,0.21258755,62.67036
JVASP-86267,5,Cl,62.7147,0.21258876,62.65674
JVASP-86267,6,Cl,62.71532,0.2125867,62.661846
JVASP-86267,7,Cl,62.715855,0.21258755,62.67016
JVASP-86869,0,Eu,46.39456,0.21220377,46.603783
JVASP-86869,1,Eu,46.39456,0.2122038,46.603783
JVASP-86869,2,Cl,62.715645,0.21258642,62.661007
JVASP-86869,3,Cl,62.71491,0.21258771,62.66955
JVASP-86869,4,Cl,62.716637,0.21258557,62.659504
JVASP-86869,5,Cl,62.715645,0.2125864,62.661007
JVASP-86869,6,Cl,62.716057,0.21258771,62.670696
JVASP-86869,7,Cl,62.716637,0.21258552,62.659504
JVASP-14246,0,Nb,19.882507,0.094892144,19.805025
JVASP-14246,1,Nb,19.882507,0.094891995,19.805025
JVASP-14246,2,Nb,19.882507,0.09489204,19.805025
JVASP-14246,3,Nb,19.882507,0.094891936,19.805025
JVASP-14246,4,Sn,312.46304,0.039151296,312.4906
JVASP-14246,5,Sn,312.46304,0.039151315,312.4906
JVASP-14246,6,C,2.3784547,0.014787471,2.3857625
JVASP-14246,7,C,2.3784547,0.014787436,2.3857625
JVASP-15577,0,Nb,19.87761,0.09476329,19.800276
JVASP-15577,1,Nb,19.87761,0.09476341,19.800276
JVASP-15577,2,Nb,19.87761,0.09476326,19.800276
JVASP-15577,3,Nb,19.87761,0.094763435,19.800276
JVASP-15577,4,Sn,312.48752,0.039136242,312.51508
JVASP-15577,5,Sn,312.48752,0.039136257,312.51508
JVASP-15577,6,C,2.379271,0.014788237,2.386581
JVASP-15577,7,C,2.379271,0.014788255,2.386581
JVASP-15100,0,Dy,28.394485,0.29859173,28.666912
JVASP-15100,1,Dy,28.394485,0.2985916,28.666912
JVASP-15100,2,Cu,14.660196,1.2157375,13.467997
JVASP-15100,3,Cu,14.660196,1.215737,13.467998
JVASP-15100,4,Cu,14.660196,1.2157369,13.467998
JVASP-15100,5,Cu,14.660196,1.2157363,13.467998
JVASP-15100,6,Si,13.514652,15.205735,2.9625077
JVASP-15100,7,Si,13.514652,15.205737,2.9625092
JVASP-15100,8,Si,13.514652,15.205735,2.9625075
JVASP-15100,9,Si,13.514652,15.205735,2.9625075
JVASP-86511,0,Dy,39.803394,0.026332201,39.821236
JVASP-86511,1,Dy,39.803394,0.026332207,39.821236
JVASP-86511,2,Cu,82.51759,20.922977,61.615223
JVASP-86511,3,Cu,82.51759,20.922987,61.61521
JVASP-86511,4,Si,2.8401835,0.17152545,3.0094404
JVASP-86511,5,Si,2.8401835,0.17152548,3.0094404
JVASP-38290,0,Rb,0.0,0.013421827,0.013421827
JVASP-38290,1,Sb,0.0,0.037896164,0.037896164
JVASP-38290,2,O,218.86925,0.04644235,218.8292
JVASP-38290,3,O,218.86925,0.04644231,218.87311
JVASP-38290,4,O,218.86925,0.046442296,218.90546
JVASP-36834,0,Sr,116.02842,0.33069444,116.1224
JVASP-36834,1,Sr,116.02796,0.33069444,115.91408
JVASP-36834,2,Ag,211.353,3.9734294,210.88168
JVASP-36834,3,Ag,18.667713,0.8725014,19.03767
JVASP-36834,4,O,178.40974,2.500608,177.10234
JVASP-36834,5,O,178.40974,2.5006084,177.10234
JVASP-36834,6,O,169.40083,0.8660812,169.6258
JVASP-36834,7,O,169.40083,0.8660812,169.6258
JVASP-36841,0,Ag,106.80753,115.08688,164.95827
JVASP-36841,1,O,193.99864,13.583876,187.8175
JVASP-36841,2,O,193.9984,13.583886,201.65898
JVASP-36841,3,Sr,3.4385803,8.9565735,9.351441
JVASP-36833,0,Sr,7.5193305,0.368932,7.744507
JVASP-36833,1,Sr,7.5193305,0.36893147,7.7445064
JVASP-36833,2,Ag,127.97572,1.9313366,126.775375
JVASP-36833,3,Ag,127.97572,1.9313368,126.89874
JVASP-36833,4,O,160.65936,1.239147,161.53372
JVASP-36833,5,O,160.65936,1.2391471,161.53372
JVASP-36833,6,O,195.30008,3.2336042,197.21323
JVASP-36833,7,O,195.30008,3.2336035,197.20544
JVASP-37418,0,Sr,0.0,0.019863985,0.019863985
JVASP-37418,1,Ag,0.0,0.08253441,0.08253441
JVASP-37418,2,O,258.1958,0.14263672,258.24564
JVASP-37418,3,O,258.1958,0.14263672,258.05646
JVASP-37418,4,O,258.1958,0.14263672,258.28537
JVASP-8388,0,Mo,65.20245,2.7542748,64.34889
JVASP-8388,1,W,210.1826,9.913775,207.33472
JVASP-8388,2,O,34.86982,0.39702997,34.926037
JVASP-8388,3,O,33.75113,0.4080889,33.80172
JVASP-8388,4,O,47.26376,0.5151807,47.231144
JVASP-8388,5,O,26.140022,0.38336545,26.109777
JVASP-8388,6,O,42.599785,0.48075897,42.618042
JVASP-8388,7,O,30.491837,0.3583507,30.468603
JVASP-5536,0,O,175.5342,0.38066927,175.74155
JVASP-5536,1,O,175.53366,0.38067088,175.39612
JVASP-5536,2,O,175.53401,0.3806745,175.6834
JVASP-5536,3,O,175.5337,0.3806691,175.45575
JVASP-5536,4,O,175.5342,0.3806692,175.74155
JVASP-5536,5,O,175.53366,0.38067082,175.39612
JVASP-5536,6,O,175.5337,0.3806691,175.45575
JVASP-5536,7,O,175.53401,0.3806746,175.6834
JVASP-5536,8,S,17.27357,0.12685095,17.278206
JVASP-5536,9,S,17.27357,0.12685105,17.278206
JVASP-5536,10,Cu,50.59774,0.14282791,50.47094
JVASP-5536,11,Cu,50.598057,0.14282735,50.482014
JVASP-5536,12,Cu,50.59774,0.14282796,50.47094
JVASP-5536,13,Cu,50.598057,0.14282739,50.482014
JVASP-67601,0,Be,3.6081135,0.54386836,3.0686636
JVASP-67601,1,Ge,74.969086,0.19664042,75.1656
JVASP-67601,2,Mg,7.1745567,0.03045742,7.182819
JVASP-20523,0,La,0.21392211,0.14568205,0.3588982
JVASP-20523,1,Ag,0.063686736,0.16826424,0.10839534
JVASP-14085,0,La,0.21392211,0.14568202,0.3588982
JVASP-14085,1,Ag,0.063686736,0.16826421,0.10839533
JVASP-34216,0,O,93.50675,0.5484728,93.37499
JVASP-34216,1,P,123.38897,0.22236381,123.37437
JVASP-34216,2,Rb,63.07393,0.06298365,63.13282
JVASP-34216,3,O,93.51214,0.59901774,93.807434
JVASP-34216,4,P,123.38796,0.22236218,123.37337
JVASP-34216,5,O,93.50747,0.54841185,93.375725
JVASP-34216,6,Rb,63.073833,0.062978126,63.132725
JVASP-34216,7,O,93.508804,0.5990819,93.80411
JVASP-34216,8,O,184.12987,0.4803875,183.97809
JVASP-34216,9,O,184.12987,0.48038712,184.02472
JVASP-85427,0,Mn,20.939938,0.060393207,20.945082
JVASP-85427,1,Mn,20.93915,0.060392845,20.911125
JVASP-85427,2,Mn,20.93915,0.06039285,20.903143
JVASP-85427,3,Ge,31.347345,0.6595995,32.00389
JVASP-85427,4,Ge,52.949398,0.2599828,53.206356
JVASP-85427,5,Ge,52.949398,0.25998315,53.206356
JVASP-85427,6,Pd,22.826971,0.04108376,22.798225
JVASP-85427,7,Pd,22.827255,0.041084282,22.799526
JVASP-85427,8,Pd,22.827255,0.04108421,22.807747
JVASP-7810,0,Na,3.6227956,0.047796935,3.6701927
JVASP-7810,1,Na,3.6227956,0.04779695,3.6701927
JVASP-7810,2,Na,0.5470545,0.0083229905,0.5464563
JVASP-7810,3,Na,0.54623806,0.008322987,0.54563993
JVASP-7810,4,Se,718.0594,0.110275306,717.9497
JVASP-7810,5,Se,718.0594,0.110275276,717.9497
JVASP-7810,6,Se,718.0594,0.11027531,717.9497
JVASP-7810,7,Se,718.0594,0.11027531,717.9497
JVASP-78429,0,Na,0.0,0.037002873,0.037002873
JVASP-78429,1,Na,0.0,0.037002854,0.037002854
JVASP-78429,2,Na,0.0,0.03700284,0.03700284
JVASP-78429,3,Na,0.0,0.03700276,0.03700276
JVASP-78429,4,Se,0.0,0.09697561,0.09697561
JVASP-78429,5,Se,0.0,0.09697563,0.09697563
JVASP-78429,6,Se,0.0,0.09697559,0.09697559
JVASP-78429,7,Se,0.0,0.09697559,0.09697559
JVASP-15483,0,Sc,29.541664,0.026074149,29.517557
JVASP-15483,1,Co,34.388474,0.02009076,34.3754
JVASP-15483,2,Co,34.387516,0.020090872,34.368847
JVASP-15483,3,Co,34.388474,0.020090777,34.374306
JVASP-15483,4,B,10.643032,0.06640607,10.707755
JVASP-15483,5,B,10.643032,0.066406064,10.707755
JVASP-21913,0,Mg,9.128431,0.081747554,9.048383
JVASP-21913,1,Mg,9.128431,0.0817476,9.048383
JVASP-21913,2,Sc,36.86393,0.052468233,36.867004
JVASP-21913,3,Sc,36.86393,0.05246824,36.872215
JVASP-21913,4,Sc,36.86393,0.05246827,36.867004
JVASP-21913,5,Sc,36.86393,0.05246827,36.872215
JVASP-21913,6,Ga,28.655249,0.16775425,28.75161
JVASP-21913,7,Ga,28.655249,0.16775428,28.75315
JVASP-21913,8,Ga,28.655249,0.16775435,28.75315
JVASP-21913,9,Ga,28.655249,0.16775422,28.75161
JVASP-81667,0,Na,6.6517053,0.059669618,6.6064253
JVASP-81667,1,Cd,58.74235,0.13114004,58.68857
JVASP-81667,2,Pb,260.51532,0.048554506,260.4859
JVASP-81667,3,Pb,260.51532,0.048554514,260.4859
JVASP-50143,0,Bi,139.39801,113.97208,25.515024
JVASP-50143,1,Bi,139.39801,113.97208,25.515026
JVASP-50143,2,Bi,139.39801,113.97208,25.515024
JVASP-50143,3,Bi,139.39801,113.97208,25.515024
JVASP-50143,4,Te,10.473202,2.7570794,13.227185
JVASP-50143,5,Te,10.473202,2.7570798,13.227185
JVASP-50143,6,O,8.680991,0.8694265,9.515714
JVASP-50143,7,O,8.680991,0.8694266,9.515714
JVASP-50143,8,O,8.680991,0.86942655,9.515714
JVASP-50143,9,O,8.680991,0.8694265,9.515714
JVASP-8125,0,Na,0.20167466,0.089490734,0.28952372
JVASP-8125,1,Na,0.20167466,0.089490734,0.28952372
JVASP-8125,2,Cu,4.408265,0.2943661,4.1146054
JVASP-8125,3,Cu,4.408265,0.29436597,4.114606
JVASP-8125,4,Se,58.665283,0.32951868,58.99374
JVASP-8125,5,Se,58.665283,0.32951856,58.99374
JVASP-10197,0,O,99.44723,0.085751824,99.49465
JVASP-10197,1,O,99.44689,0.08575178,99.42435
JVASP-10197,2,O,99.44689,0.08575178,99.42435
JVASP-10197,3,O,99.447685,0.085751824,99.4229
JVASP-10197,4,O,99.44723,0.0857518,99.49465
JVASP-10197,5,O,99.447685,0.08575184,99.4229
JVASP-10197,6,Ca,0.0,0.023100523,0.023100523
JVASP-10197,7,Ca,0.0,0.02310054,0.02310054
JVASP-10197,8,Sn,0.002,0.04257553,0.041993506
JVASP-10197,9,Sn,0.002,0.042575553,0.04199353
JVASP-18521,0,Ca,43.730743,0.15712309,43.79943
JVASP-18521,1,Ca,43.730743,0.15712309,43.818653
JVASP-18521,2,Ca,43.730743,0.15712312,43.57457
JVASP-18521,3,Sn,0.0,0.13775758,0.13775758
JVASP-18521,4,O,0.0,32.92147,32.92147
JVASP-34202,0,Ca,0.00244949,0.04914656,0.048952512
JVASP-34202,1,Sn,0.00244949,0.02980651,0.032161593
JVASP-34202,2,O,37.693974,0.09703311,37.6633
JVASP-34202,3,O,37.693974,0.09703313,37.631824
JVASP-34202,4,O,37.688667,0.09703219,37.78167
JVASP-9584,0,O,87.91454,0.38482407,87.816
JVASP-9584,1,O,87.91422,0.38482404,87.84499
JVASP-9584,2,O,87.91419,0.38482422,87.98438
JVASP-9584,3,O,87.91454,0.38482407,87.816
JVASP-9584,4,O,87.91419,0.38482392,87.98438
JVASP-9584,5,O,87.91422,0.38482407,87.84499
JVASP-9584,6,Ca,11.8821,0.098924614,11.8462
JVASP-9584,7,Ca,11.8821,0.09892455,11.8462
JVASP-9584,8,Sn,39.27443,0.0719284,39.232155
JVASP-9584,9,Sn,39.27443,0.0719284,39.232155
JVASP-10223,0,Al,0.002,0.07364655,0.07280498
JVASP-10223,1,O,12.046543,0.17611198,11.95958
JVASP-10223,2,O,12.046677,0.17610706,12.092552
JVASP-10223,3,O,12.047754,0.17610669,12.092335
JVASP-10223,4,Pr,0.013341664,0.056240514,0.06679903
JVASP-9412,0,O,24.36829,0.25479555,24.426996
JVASP-9412,1,O,24.367579,0.25479582,24.356833
JVASP-9412,2,O,24.36824,0.25479537,24.306362
JVASP-9412,3,O,24.36829,0.25479558,24.426996
JVASP-9412,4,O,24.36824,0.25479558,24.306362
JVASP-9412,5,O,24.367579,0.25479582,24.356833
JVASP-9412,6,Al,1.3917248,0.0585048,1.3659936
JVASP-9412,7,Al,1.3917248,0.058504745,1.3659937
JVASP-9412,8,Pr,67.47817,0.008117721,67.474884
JVASP-9412,9,Pr,67.47817,0.0081177205,67.474884
JVASP-76775,0,Na,9.933564,0.050290108,9.945426
JVASP-76775,1,Na,9.933564,0.050290063,9.945426
JVASP-76775,2,Mg,11.87826,0.05758524,11.90882
JVASP-76775,3,Mg,11.87826,0.05758526,11.90882
JVASP-76775,4,Cd,34.9396,0.0145554235,34.930252
JVASP-76775,5,Cd,34.9396,0.01455545,34.930252
JVASP-76775,6,Cd,34.9396,0.014555449,34.930252
JVASP-76775,7,Cd,34.9396,0.014555437,34.930252
JVASP-77339,0,Na,10.386003,0.018200817,10.370909
JVASP-77339,1,Na,10.386003,0.018200764,10.370909
JVASP-77339,2,Mg,11.129794,0.049688723,11.093415
JVASP-77339,3,Mg,11.129794,0.04968873,11.093415
JVASP-77339,4,Mg,11.129794,0.049688727,11.093415
JVASP-77339,5,Mg,11.129794,0.049688764,11.093415
JVASP-77339,6,Cd,45.911804,0.015902732,45.922256
JVASP-77339,7,Cd,45.911804,0.015902713,45.922256
JVASP-80932,0,Na,9.944059,0.05088216,9.956162
JVASP-80932,1,Na,9.944059,0.05088209,9.956162
JVASP-80932,2,Mg,11.866098,0.057737686,11.896553
JVASP-80932,3,Mg,11.866098,0.057737686,11.896553
JVASP-80932,4,Cd,35.02066,0.014457614,35.01139
JVASP-80932,5,Cd,35.02066,0.014457619,35.01139
JVASP-80932,6,Cd,35.02066,0.0144576,35.01139
JVASP-80932,7,Cd,35.02066,0.014457601,35.01139
JVASP-14730,0,Pr,0.0,0.084682144,0.084682144
JVASP-14730,1,Zn,0.0,0.266047,0.266047
JVASP-7748,0,Pr,9.2255945,0.010722543,9.227613
JVASP-7748,1,Zn,8.943291,0.010569444,8.947416
JVASP-7748,2,Zn,37.256332,0.019374967,37.23889
JVASP-7748,3,Zn,37.256332,0.019374961,37.23889
JVASP-7748,4,Zn,8.942706,0.010569444,8.938238
JVASP-7748,5,Zn,8.942706,0.010569444,8.93858
JVASP-32451,0,H,29.458172,0.026252698,29.47192
JVASP-32451,1,H,26.873888,0.0154503705,26.879908
JVASP-32451,2,H,27.552921,0.014239569,27.553171
JVASP-32451,3,H,31.68412,0.10358659,31.737492
JVASP-32451,4,H,29.456013,0.026252806,29.472595
JVASP-32451,5,H,27.870718,0.20170817,27.83881
JVASP-32451,6,H,27.552921,0.014239491,27.55519
JVASP-32451,7,H,26.873476,0.015450377,26.880314
JVASP-32451,8,H,31.68412,0.10358621,31.733723
JVASP-32451,9,H,27.870718,0.20170769,27.866156
JVASP-32451,10,C,59.9531,0.27730367,60.02581
JVASP-32451,11,C,59.9531,0.2773036,60.035572
JVASP-32451,12,N,6.3752584,0.04869065,6.3871937
JVASP-32451,13,N,6.375295,0.0486909,6.3900604
JVASP-32451,14,O,153.19472,0.063728094,153.2264
JVASP-32451,15,O,153.19472,0.06372581,153.24771
JVASP-32451,16,O,153.68562,0.11498988,153.62996
JVASP-32451,17,O,153.68562,0.11499099,153.63675
JVASP-32419,0,H,29.974113,0.021548891,29.982111
JVASP-32419,1,H,30.56159,0.023674991,30.568176
JVASP-32419,2,H,29.974113,0.021548888,29.982124
JVASP-32419,3,H,29.435457,0.016133184,29.439047
JVASP-32419,4,H,30.56159,0.023675028,30.568151
JVASP-32419,5,H,30.48315,0.012657439,30.485645
JVASP-32419,6,H,30.041302,0.034167256,30.026682
JVASP-32419,7,H,30.041302,0.03416723,30.025085
JVASP-32419,8,H,29.435457,0.0161332,29.442009
JVASP-32419,9,H,30.967085,0.014294639,30.962343
JVASP-32419,10,H,30.48315,0.012657438,30.483103
JVASP-32419,11,H,30.967085,0.014294623,30.963503
JVASP-32419,12,H,31.246883,0.031073058,31.231495
JVASP-32419,13,H,30.56159,0.023675004,30.573366
JVASP-32419,14,H,30.56159,0.023674997,30.573343
JVASP-32419,15,H,30.967085,0.014294616,30.963533
JVASP-32419,16,H,30.041302,0.03416724,30.02689
JVASP-32419,17,H,30.041302,0.034167275,30.02531
JVASP-32419,18,H,31.246883,0.031073008,31.229921
JVASP-32419,19,H,31.246883,0.031073036,31.231756
JVASP-32419,20,H,29.974113,0.021548828,29.986486
JVASP-32419,21,H,30.967085,0.014294616,30.962303
JVASP-32419,22,H,29.974113,0.021548828,29.986437
JVASP-32419,23,H,31.246883,0.031072991,31.230154
JVASP-32419,24,C,55.809734,0.06451745,55.774414
JVASP-32419,25,C,55.809734,0.06451745,55.774387
JVASP-32419,26,C,54.488075,0.070828386,54.418488
JVASP-32419,27,C,56.82103,0.07062496,56.848324
JVASP-32419,28,C,54.488075,0.070828386,54.417423
JVASP-32419,29,C,56.82103,0.070625015,56.85609
JVASP-32419,30,C,55.809734,0.06451745,55.772896
JVASP-32419,31,C,55.809734,0.06451747,55.772957
JVASP-32419,32,C,56.93066,0.06903526,56.973225
JVASP-32419,33,C,56.93066,0.06903526,56.965813
JVASP-32419,34,N,1.988416,0.03488385,2.0196998
JVASP-32419,35,N,32.2785,0.019827083,32.296356
JVASP-32419,36,N,32.2785,0.019827094,32.297127
JVASP-32419,37,N,1.988416,0.034883834,2.0224502
JVASP-32419,38,O,130.13588,0.021513889,130.11626
JVASP-32419,39,O,130.13588,0.021513896,130.11566
JVASP-78958,0,O,13.817603,0.3344142,14.021771
JVASP-78958,1,O,13.817603,0.33441424,14.021771
JVASP-78958,2,Rb,84.26674,0.7550189,83.64572
JVASP-78958,3,La,225.6146,26.93225,202.35237
JVASP-15529,0,Ge,52.029907,53.452274,41.5504
JVASP-15529,1,Ge,52.029907,53.452274,41.5504
JVASP-15529,2,Rh,15.2219925,4.266584,13.13283
JVASP-15529,3,Rh,15.2219925,4.266582,13.132831
JVASP-15529,4,Sm,88.98724,58.281246,64.16147
JVASP-8749,0,Ge,64.05238,2.9669058,65.44892
JVASP-8749,1,Rh,107.44497,80.78784,89.542854
JVASP-8749,2,Rh,107.44608,80.78772,144.15779
JVASP-8749,3,Rh,107.44098,80.78779,89.00826
JVASP-8749,4,Sm,101.19474,1.498656,101.69935
JVASP-8749,5,Sm,101.19474,1.498656,101.69935
JVASP-21053,0,Er,93.87534,0.04457728,93.838486
JVASP-21053,1,Er,93.87534,0.044577304,93.838486
JVASP-21053,2,B,15.709764,0.09090861,15.789444
JVASP-21053,3,B,15.709764,0.090908624,15.789444
JVASP-21053,4,B,5.8605466,0.19736382,5.740721
JVASP-21053,5,B,5.8605466,0.1973639,5.740721
JVASP-21053,6,B,5.3673186,0.23132592,5.203787
JVASP-21053,7,B,5.3673186,0.23132595,5.203787
JVASP-21053,8,Mo,51.468075,1.9403722,52.142414
JVASP-21053,9,Mo,51.468075,1.940372,52.142414
JVASP-16811,0,Pr,52.29158,0.036057733,52.295765
JVASP-16811,1,Pr,52.294323,0.036058627,52.320644
JVASP-16811,2,Pr,52.29158,0.036057755,52.296535
JVASP-16811,3,Zn,16.83185,0.0871768,16.80132
JVASP-16811,4,Zn,16.838888,0.08717469,16.831684
JVASP-16811,5,Zn,16.83185,0.08717692,16.795261
JVASP-16811,6,Ni,2.0331473,1.4410009,0.6195779
JVASP-16811,7,Ni,57.505447,98.9143,41.4152
JVASP-16811,8,Ni,57.505447,98.914314,41.415215
JVASP-62304,0,Er,55.139786,0.029847478,55.1157
JVASP-62304,1,Er,55.139786,0.029847452,55.11505
JVASP-62304,2,Er,55.140114,0.029845731,55.12418
JVASP-62304,3,Al,2.8103125,0.13535602,2.9226577
JVASP-62304,4,Al,2.8103125,0.13535604,2.9247198
JVASP-62304,5,Al,2.8105469,0.13535474,2.9405577
JVASP-62304,6,Ni,71.06215,7.5007377,63.581066
JVASP-62304,7,Ni,71.06215,7.5007343,63.58107
JVASP-62304,8,Ni,11.159879,0.06401257,11.119772
JVASP-16016,0,Pr,51.191887,0.15901683,51.03495
JVASP-16016,1,Pr,51.191887,0.15901686,51.03495
JVASP-16016,2,Cu,92.82954,69.19717,23.646626
JVASP-16016,3,Cu,92.82954,69.197174,23.64662
JVASP-16016,4,Si,5.227211,0.59489286,5.814733
JVASP-16016,5,Si,5.227211,0.5948925,5.814733
JVASP-15302,0,Si,21.16989,10.615632,15.0793295
JVASP-15302,1,Si,21.16989,10.61563,15.07933
JVASP-15302,2,Cu,17.074865,1.0254734,17.935865
JVASP-15302,3,Cu,17.074865,1.0254754,17.935867
JVASP-15302,4,Pr,26.057941,1.0119716,26.47067
JVASP-81014,0,Sr,110.03126,3.0448282,106.992424
JVASP-81014,1,Sr,110.03126,3.0448282,106.992424
JVASP-81014,2,Sr,110.03126,3.0448287,106.992424
JVASP-81014,3,Sr,110.03126,3.044828,106.992424
JVASP-81014,4,Li,1.7338319,0.09467725,1.8235121
JVASP-81014,5,Li,1.7338319,0.09467723,1.8235121
JVASP-81014,6,Ir,105.66395,0.2541393,105.911194
JVASP-81014,7,Ir,105.66395,0.25413945,105.911194
JVASP-65305,0,Be,0.047356803,0.04796412,0.011008799
JVASP-65305,1,Be,0.047356803,0.047964208,0.011008792
JVASP-65305,2,Re,125.7421,0.07245002,125.80042
JVASP-65305,3,Re,125.7421,0.07245012,125.80042
JVASP-65305,4,Tc,72.64533,0.0920822,72.55393
JVASP-65305,5,Tc,72.64533,0.092082076,72.55393
JVASP-67973,0,Be,3.304362,0.07958779,3.3831992
JVASP-67973,1,Cd,65.51894,0.02345804,65.50844
JVASP-67973,2,V,43.512737,0.013575378,43.50274
JVASP-67973,3,V,45.01999,0.011659339,45.013256
JVASP-15980,0,Sr,16.465471,0.08953145,16.550896
JVASP-15980,1,Sr,16.465471,0.08953117,16.550894
JVASP-15980,2,Si,1.0108228,0.29903367,0.7215592
JVASP-15980,3,Si,1.0108228,0.29903367,0.7215592
JVASP-15980,4,Si,1.0108228,0.29903373,0.7215591
JVASP-15980,5,Si,1.0108228,0.2990336,0.7215593
JVASP-15980,6,Ag,12.2899065,0.41131026,11.914824
JVASP-15980,7,Ag,12.2899065,0.41131026,11.914824
JVASP-15980,8,Ag,12.2899065,0.41131037,11.914824
JVASP-15980,9,Ag,12.2899065,0.41130993,11.914824
JVASP-49808,0,Lu,277.5615,0.15281862,277.71292
JVASP-49808,1,Lu,277.5615,0.15281864,277.71292
JVASP-49808,2,Al,4.079217,0.14021097,3.9419024
JVASP-49808,3,Al,4.079217,0.14021099,3.9419024
JVASP-49808,4,O,33.61573,0.13182372,33.584915
JVASP-49808,5,O,33.61573,0.13182357,33.57929
JVASP-49808,6,O,33.61611,0.13182345,33.65433
JVASP-49808,7,O,33.61611,0.13182366,33.65433
JVASP-49808,8,O,33.61573,0.13182361,33.57929
JVASP-49808,9,O,33.61573,0.13182363,33.584915
JVASP-50117,0,Lu,229.1767,83.29069,145.95265
JVASP-50117,1,Lu,229.1767,83.290695,145.95264
JVASP-50117,2,Al,45.783413,0.2261074,46.00773
JVASP-50117,3,Al,45.783413,0.2261074,46.00773
JVASP-50117,4,O,22.22912,0.42360872,22.603262
JVASP-50117,5,O,22.22912,0.42360875,22.603262
JVASP-50117,6,O,92.12653,0.6791502,91.472984
JVASP-50117,7,O,92.12653,0.6791504,91.472984
JVASP-50117,8,O,22.22912,0.42360866,22.603262
JVASP-50117,9,O,22.22912,0.42360872,22.603262
JVASP-16860,0,Cu,8.7660885,0.11117739,8.857945
JVASP-16860,1,Cu,8.7660885,0.11117748,8.857946
JVASP-16860,2,Ge,9.152737,0.020443495,9.152857
JVASP-16860,3,Se,310.3785,0.5781449,310.85968
JVASP-16860,4,Se,310.37796,0.57814854,310.29794
JVASP-16860,5,Se,310.3789,0.5781478,310.25674
JVASP-16860,6,Se,310.37823,0.5781519,310.2849
JVASP-16860,7,Hg,81.320984,0.27605414,81.43314
JVASP-76884,0,Ba,117.30617,0.048798334,117.350914
JVASP-76884,1,Ba,117.30617,0.04879829,117.350914
JVASP-76884,2,Ba,117.30617,0.048798256,117.350914
JVASP-76884,3,Ba,117.30617,0.04879829,117.350914
JVASP-76884,4,Mg,8.055558,0.06421571,7.993033
JVASP-76884,5,Mg,8.055558,0.06421571,7.993033
JVASP-76884,6,Cd,55.915745,0.01894756,55.92638
JVASP-76884,7,Cd,55.915745,0.018947564,55.92638
JVASP-8471,0,U,111.81185,118.8518,10.113666
JVASP-8471,1,U,111.81185,118.8518,10.113667
JVASP-8471,2,Ge,54.824482,55.929203,3.8866622
JVASP-8471,3,Ge,54.824482,55.929207,3.8866637
JVASP-8471,4,Ge,54.824482,55.92921,3.8866653
JVASP-8471,5,Ge,54.824482,55.929207,3.8866637
JVASP-8471,6,Rh,15.8980055,8.918693,6.994287
JVASP-8471,7,Rh,15.8980055,8.918692,6.994288
JVASP-8471,8,Rh,15.8980055,8.918692,6.994288
JVASP-8471,9,Rh,15.8980055,8.918693,6.994287
JVASP-20526,0,Ga,56.55141,0.21598388,56.383404
JVASP-20526,1,Ga,56.55141,0.2159838,56.383404
JVASP-20526,2,Ga,56.550323,0.2159841,56.69075
JVASP-20526,3,Ga,56.550323,0.21598426,56.69075
JVASP-20526,4,Tm,24.652609,0.18023147,24.633204
JVASP-20526,5,Tm,24.652609,0.18023148,24.633204
JVASP-19773,0,Tm,0.0,0.08711862,0.08711862
JVASP-19773,1,Ga,87.914635,0.05820264,87.94811
JVASP-19773,2,Ga,87.914635,0.058202606,87.85804
JVASP-19773,3,Ga,87.914635,0.05820258,87.937775
JVASP-20255,0,Ga,56.551823,0.2159834,56.383816
JVASP-20255,1,Ga,56.551823,0.21598375,56.383816
JVASP-20255,2,Ga,56.550323,0.21598412,56.69075
JVASP-20255,3,Ga,56.550323,0.21598431,56.69075
JVASP-20255,4,Tm,24.65191,0.18023148,24.632507
JVASP-20255,5,Tm,24.65191,0.18023151,24.632507
JVASP-37687,0,Tm,37.704674,0.4740897,37.81999
JVASP-37687,1,Tm,37.702076,0.47407246,37.86684
JVASP-37687,2,Tm,37.704674,0.47409004,37.724476
JVASP-37687,3,Tm,37.704674,0.4740897,37.81999
JVASP-37687,4,Tm,37.702076,0.4740718,37.86684
JVASP-37687,5,Tm,37.704674,0.47409004,37.724476
JVASP-37687,6,Ga,1.5015372,0.19981949,1.692281
JVASP-37687,7,Ga,1.5015372,0.19981945,1.6922808
JVASP-79560,0,Tm,36.11092,0.014256345,36.107624
JVASP-79560,1,Tm,36.11092,0.014256345,36.107624
JVASP-79560,2,Tm,36.11092,0.014256348,36.107624
JVASP-79560,3,Tm,36.11092,0.014256343,36.107624
JVASP-79560,4,Ga,51.82169,0.2062927,51.69603
JVASP-79560,5,Ga,51.82169,0.2062927,51.69603
JVASP-79560,6,Ga,51.82169,0.20629284,51.69603
JVASP-79560,7,Ga,51.82169,0.20629254,51.69603
JVASP-50895,0,Pr,0.0,0.07018024,0.07018024
JVASP-50895,1,Tl,0.0,0.03316478,0.03316478
JVASP-50895,2,O,9.918799,17.599781,14.97803
JVASP-50895,3,O,9.918799,17.599783,15.622451
JVASP-50895,4,O,9.9188,17.599787,27.4955
JVASP-18483,0,P,46.016506,0.17035945,46.08549
JVASP-18483,1,P,46.016506,0.17035948,46.125023
JVASP-18483,2,Rh,39.13305,0.65625703,38.519142
JVASP-18483,3,Rh,41.639534,0.41252774,41.38066
JVASP-18483,4,Rh,41.639534,0.41252777,41.249958
JVASP-80748,0,Na,12.143824,0.03397973,12.127686
JVASP-80748,1,Na,12.143824,0.03397968,12.127686
JVASP-80748,2,Y,73.94116,0.020535875,73.920975
JVASP-80748,3,Y,73.94116,0.020535864,73.920975
JVASP-80748,4,Hg,60.257706,0.019239657,60.27176
JVASP-80748,5,Hg,60.257706,0.019239658,60.27176
JVASP-80748,6,Hg,60.257706,0.019239701,60.27176
JVASP-80748,7,Hg,60.257706,0.01923965,60.27176
JVASP-18870,0,K,3.2431245,0.11080347,3.1338384
JVASP-18870,1,K,3.2431245,0.11080362,3.1338384
JVASP-18870,2,Hg,68.066895,0.04954559,68.0824
JVASP-18870,3,Hg,68.06789,0.049554046,68.0533
JVASP-18870,4,Hg,68.06789,0.049554083,68.04157
JVASP-18870,5,Hg,68.066895,0.049545616,68.0824
JVASP-18870,6,Hg,68.06789,0.049554095,68.04157
JVASP-18870,7,Hg,68.06789,0.04955407,68.0533
JVASP-18870,8,Hg,10.074752,0.09574107,9.98664
JVASP-14385,0,K,3.2333267,0.11101437,3.1238298
JVASP-14385,1,K,3.2333267,0.111014344,3.12383
JVASP-14385,2,Hg,68.07601,0.049455177,68.04974
JVASP-14385,3,Hg,68.07601,0.049455203,68.06147
JVASP-14385,4,Hg,68.076485,0.049456008,68.09201
JVASP-14385,5,Hg,68.07601,0.04945517,68.04974
JVASP-14385,6,Hg,68.076485,0.049456045,68.09201
JVASP-14385,7,Hg,68.07601,0.04945524,68.06147
JVASP-14385,8,Hg,10.035151,0.095686175,9.947103
JVASP-18716,0,K,12.501968,0.306872,12.548818
JVASP-18716,1,K,12.501968,0.30687207,12.548818
JVASP-18716,2,Hg,91.57714,0.18131371,91.63692
JVASP-18716,3,Hg,91.57714,0.18131357,91.63692
JVASP-18716,4,Hg,91.57863,0.18131448,91.625946
JVASP-18716,5,Hg,91.5783,0.1813146,91.62563
JVASP-37786,0,K,3.6309602,0.6831594,2.9517128
JVASP-37786,1,K,3.6309602,0.6831595,2.9517128
JVASP-37786,2,K,12.09803,0.7250421,12.820018
JVASP-37786,3,K,3.6309602,0.6831596,2.9517124
JVASP-37786,4,K,3.6309602,0.68315923,2.9517128
JVASP-37786,5,K,12.09803,0.725042,12.820017
JVASP-37786,6,Hg,15.166424,1.0833809,14.097697
JVASP-37786,7,Hg,15.166424,1.0833807,14.097698
JVASP-16547,0,K,13.445873,0.97453463,13.934641
JVASP-16547,1,K,13.445873,0.9745345,13.93464
JVASP-16547,2,K,14.570852,0.77808034,14.350273
JVASP-16547,3,K,14.570852,0.77808034,14.350273
JVASP-16547,4,Hg,132.68408,0.5655967,132.37083
JVASP-16547,5,Hg,132.68408,0.5655967,132.37083
JVASP-16547,6,Hg,137.89972,1.5194583,138.21956
JVASP-16547,7,Hg,137.89972,1.5194582,138.21956
JVASP-37480,0,Yb,38.667645,0.5897512,39.246178
JVASP-37480,1,Yb,38.667645,0.58975136,39.246178
JVASP-37480,2,Yb,112.19724,1.0971652,111.108665
JVASP-37480,3,Yb,38.667645,0.58975136,39.246178
JVASP-37480,4,Yb,38.667645,0.5897512,39.246178
JVASP-37480,5,Yb,112.19724,1.0971661,111.108665
JVASP-37480,6,Ti,9.239475,0.15563804,9.09002
JVASP-37480,7,Ti,9.239475,0.15563801,9.09002
JVASP-37487,0,Yb,81.13445,0.6518405,81.48044
JVASP-37487,1,Yb,81.13445,0.6518403,81.43356
JVASP-37487,2,Yb,81.13445,0.6518406,80.493385
JVASP-37487,3,Ti,0.0,0.08379976,0.08379976
JVASP-16461,0,Be,3.035116,0.03128116,3.0256743
JVASP-16461,1,Be,3.035116,0.031281266,3.025674
JVASP-16461,2,Ta,191.99246,0.069869,191.9519
JVASP-16461,3,Ta,191.98631,0.06986898,192.02504
JVASP-16461,4,Ta,191.98631,0.06986902,192.02504
JVASP-16461,5,Ta,191.99246,0.069868974,191.9519
JVASP-38031,0,Sc,46.42926,19.225468,27.213486
JVASP-38031,1,Sc,46.42926,19.225466,27.213486
JVASP-38031,2,Cl,62.623653,0.09038694,62.70913
JVASP-38031,3,Cl,62.623653,0.09038701,62.70913
JVASP-38031,4,O,11.903704,0.5643599,11.345071
JVASP-38031,5,O,11.903704,0.5643603,11.345071
JVASP-30500,0,Sc,143.20534,0.14555928,143.33583
JVASP-30500,1,Sc,143.20534,0.14555953,143.33583
JVASP-30500,2,Cl,48.564404,0.044769462,48.571514
JVASP-30500,3,Cl,48.564404,0.044769455,48.571514
JVASP-30500,4,O,51.314358,0.25168478,51.56581
JVASP-30500,5,O,51.314358,0.25168484,51.56581
JVASP-35043,0,Rb,2.2437327,0.6516126,1.6048249
JVASP-35043,1,Rb,2.2437327,0.65161306,1.6048244
JVASP-35043,2,Mn,38.09773,0.043678332,38.131298
JVASP-35043,3,Mn,38.09773,0.043678325,38.131298
JVASP-35043,4,Bi,44.326782,0.67905545,43.650993
JVASP-35043,5,Bi,44.326782,0.6790552,43.650993
JVASP-18724,0,Ho,44.08092,0.04203385,44.069607
JVASP-18724,1,Ho,44.073837,0.042032942,44.06864
JVASP-18724,2,Ho,44.08092,0.042033773,44.07351
JVASP-18724,3,Tl,201.71799,2.9348178,199.58633
JVASP-18724,4,Tl,201.71472,2.9345953,199.54941
JVASP-18724,5,Tl,201.71799,2.9348187,199.71982
JVASP-18724,6,Pd,148.84079,140.39021,8.520448
JVASP-18724,7,Pd,148.84079,140.39021,8.520446
JVASP-18724,8,Pd,35.992805,21.21019,15.009691
JVASP-80625,0,Sr,43.208878,0.196105,43.015484
JVASP-80625,1,Sr,43.208878,0.19610493,43.015484
JVASP-80625,2,Sr,43.208878,0.196105,43.015484
JVASP-80625,3,Sr,43.208878,0.19610493,43.015484
JVASP-80625,4,In,95.795456,0.37358376,95.43709
JVASP-80625,5,In,95.795456,0.37358356,95.43709
JVASP-80625,6,Hg,96.90174,1.8357229,98.31063
JVASP-80625,7,Hg,96.90174,1.8357226,98.31063
JVASP-16161,0,Sc,3.2637267,0.25435966,3.226093
JVASP-16161,1,Sc,3.2655666,0.25437978,3.4486923
JVASP-16161,2,Sc,3.2637267,0.25435954,3.4001393
JVASP-16161,3,Fe,17.005507,1.8485469,18.07113
JVASP-16161,4,Fe,17.007635,1.848548,18.252237
JVASP-16161,5,Fe,17.005507,1.8485469,18.073706
JVASP-16161,6,Ge,60.50852,12.279816,72.71361
JVASP-16161,7,Ge,52.935925,0.2696691,52.676598
JVASP-16161,8,Ge,52.935925,0.26966885,52.6766
JVASP-36606,0,Hg,0.0,0.034848817,0.034848817
JVASP-36606,1,Ru,0.0,0.02580534,0.02580534
JVASP-36606,2,O,87.374115,0.09834237,87.28
JVASP-36606,3,O,87.374115,0.09834242,87.40137
JVASP-36606,4,O,87.374115,0.098342374,87.44107
JVASP-29470,0,Ag,48.05817,0.088274606,48.145626
JVASP-29470,1,Ag,48.05817,0.088274665,48.145626
JVASP-29470,2,Pb,282.65234,0.061087344,282.5914
JVASP-29470,3,Pb,282.65234,0.061087355,282.5914
JVASP-29470,4,Br,132.02505,0.06893508,132.09032
JVASP-29470,5,Br,132.02505,0.068935074,132.09032
JVASP-29470,6,O,10.216822,0.057292942,10.165184
JVASP-29470,7,O,10.216822,0.057292935,10.165184
JVASP-5668,0,Cl,57.229588,0.07360579,57.206104
JVASP-5668,1,Cl,57.230022,0.07360671,57.207714
JVASP-5668,2,Cl,148.17804,0.0468909,148.1453
JVASP-5668,3,Cl,148.17804,0.04689089,148.1453
JVASP-5668,4,Cl,108.19325,0.1209513,108.16547
JVASP-5668,5,Cl,108.19325,0.120951355,108.16547
JVASP-5668,6,Cl,57.230022,0.07360677,57.207714
JVASP-5668,7,Cl,57.229588,0.07360578,57.206104
JVASP-5668,8,Ta,199.36952,14.953486,202.07976
JVASP-5668,9,Ta,199.36952,14.953487,202.07976
JVASP-5728,0,Cl,83.507225,0.21812703,83.55361
JVASP-5728,1,Cl,83.508095,0.21812704,83.50014
JVASP-5728,2,Cl,83.507225,0.21812695,83.55361
JVASP-5728,3,Cl,83.508095,0.21812706,83.50014
JVASP-5728,4,Cl,92.37968,0.067303,92.33222
JVASP-5728,5,Cl,92.37934,0.06730262,92.37652
JVASP-5728,6,Cl,157.50655,0.047264334,157.509
JVASP-5728,7,Cl,157.50655,0.04726432,157.509
JVASP-5728,8,Cl,91.338974,0.06820278,91.30134
JVASP-5728,9,Cl,91.338875,0.06820283,91.33401
JVASP-5728,10,Cl,91.338974,0.06820283,91.30134
JVASP-5728,11,Cl,91.338875,0.06820283,91.33401
JVASP-5728,12,Cl,82.96891,0.21868102,82.951805
JVASP-5728,13,Cl,82.96915,0.21868098,82.99873
JVASP-5728,14,Cl,82.96891,0.21868107,82.951805
JVASP-5728,15,Cl,82.96915,0.21868095,82.99873
JVASP-5728,16,Cl,157.86597,0.046425812,157.86842
JVASP-5728,17,Cl,157.86597,0.046425767,157.86842
JVASP-5728,18,Cl,92.483505,0.07550902,92.43072
JVASP-5728,19,Cl,92.482765,0.07550857,92.483505
JVASP-5728,20,Cl,92.483505,0.075509004,92.43072
JVASP-5728,21,Cl,92.482765,0.07550844,92.483505
JVASP-5728,22,Cl,83.27612,0.11383813,83.30673
JVASP-5728,23,Cl,83.27595,0.11383826,83.28822
JVASP-5728,24,Cl,83.27612,0.1138381,83.30673
JVASP-5728,25,Cl,83.27595,0.11383829,83.28822
JVASP-5728,26,Cl,157.45862,0.04359857,157.46133
JVASP-5728,27,Cl,157.45862,0.043598533,157.46133
JVASP-5728,28,Cl,92.37934,0.06730277,92.37652
JVASP-5728,29,Cl,92.37968,0.067303024,92.33222
JVASP-5728,30,Ta,261.29034,0.098481156,261.3144
JVASP-5728,31,Ta,261.29086,0.09848113,261.31503
JVASP-5728,32,Ta,261.29034,0.098481074,261.3144
JVASP-5728,33,Ta,261.29086,0.098481044,261.31503
JVASP-5728,34,Ta,261.07004,0.08472686,261.0782
JVASP-5728,35,Ta,261.07004,0.08472679,261.0782
JVASP-37521,0,Tb,0.0,0.051453684,0.051453684
JVASP-37521,1,Rb,0.0,0.010493818,0.010493818
JVASP-37521,2,O,34.99586,0.04651562,35.03605
JVASP-37521,3,O,34.99586,0.046515595,34.990673
JVASP-37521,4,O,34.99586,0.046515588,34.960907
JVASP-18490,0,Cu,123.188576,0.032717317,123.20806
JVASP-18490,1,Au,22.06698,0.03946458,22.075388
JVASP-18490,2,F,273.92392,0.11900329,273.99658
JVASP-18490,3,F,292.8212,0.14992774,292.7432
JVASP-18490,4,F,274.5804,0.13300224,274.58313
JVASP-18490,5,F,274.5804,0.13300224,274.58313
JVASP-18490,6,F,292.8212,0.14992777,292.7432
JVASP-17896,0,Ce,12.698971,0.06499788,12.762714
JVASP-17896,1,In,262.64062,0.24832223,262.76724
JVASP-17896,2,In,262.64062,0.24832231,262.6778
JVASP-17896,3,In,108.189064,0.37892205,107.81211
JVASP-17896,4,In,262.64062,0.24832223,262.6778
JVASP-17896,5,In,262.64062,0.2483224,262.76724
JVASP-17896,6,Ir,6.887965,0.41174546,7.28606
JVASP-18029,0,In,82.53293,0.0657234,82.59112
JVASP-18029,1,In,82.53293,0.06572341,82.59112
JVASP-18029,2,In,82.53293,0.06572343,82.597404
JVASP-18029,3,In,82.53293,0.065723464,82.597404
JVASP-18029,4,Ce,201.9207,0.10718738,201.81844
JVASP-18029,5,Ce,201.9207,0.10718735,201.81844
JVASP-18029,6,Ir,208.23782,0.7247636,208.51756
JVASP-18029,7,Ir,208.23782,0.72476375,208.51756
JVASP-36077,0,Pa,418.4263,185.76418,301.34143
JVASP-36077,1,Pa,418.4263,185.76418,301.9188
JVASP-36077,2,Pa,418.42862,185.7649,301.78192
JVASP-36077,3,Pa,418.4263,185.76418,301.34143
JVASP-36077,4,Pa,418.4263,185.76419,301.91876
JVASP-36077,5,Pa,418.42862,185.7649,301.78192
JVASP-36077,6,Mo,98.747505,78.78461,20.010998
JVASP-36077,7,Mo,98.746284,78.78461,20.00978
JVASP-5833,0,As,247.64458,1.5249617,247.13634
JVASP-5833,1,As,247.64458,1.5249615,247.17978
JVASP-5833,2,As,247.64458,1.5249618,247.13634
JVASP-5833,3,As,247.64458,1.5249617,247.17978
JVASP-5833,4,As,203.07822,0.17841136,203.16096
JVASP-5833,5,As,203.07822,0.17841129,203.20024
JVASP-5833,6,As,203.07822,0.17841141,203.16096
JVASP-5833,7,As,203.07822,0.17841141,203.20024
JVASP-5833,8,As,267.09354,0.7705169,266.7389
JVASP-5833,9,As,267.09354,0.77051663,266.72815
JVASP-5833,10,As,267.09354,0.77051646,266.7389
JVASP-5833,11,As,267.09354,0.7705168,266.72815
JVASP-5833,12,As,258.2833,0.37244654,258.42307
JVASP-5833,13,As,258.2833,0.3724465,258.38452
JVASP-5833,14,As,258.2833,0.37244636,258.42307
JVASP-5833,15,As,258.2833,0.37244648,258.38452
JVASP-5833,16,S,220.9895,0.57314855,220.84166
JVASP-5833,17,S,220.9895,0.57314885,220.86958
JVASP-5833,18,S,220.9895,0.57314885,220.84166
JVASP-5833,19,S,220.9895,0.57314885,220.86958
JVASP-5833,20,S,237.11855,31.421064,262.49026
JVASP-5833,21,S,237.11855,31.421051,262.49023
JVASP-5833,22,S,255.24283,2.0520844,255.36285
JVASP-5833,23,S,255.24283,2.0520842,255.35524
JVASP-5833,24,S,255.24283,2.0520844,255.36285
JVASP-5833,25,S,255.24283,2.0520842,255.35524
JVASP-5833,26,S,249.10887,0.5994225,249.3483
JVASP-5833,27,S,249.10887,0.5994224,249.35316
JVASP-5833,28,S,249.10887,0.5994225,249.3483
JVASP-5833,29,S,249.10887,0.59942234,249.35316
JVASP-5833,30,S,232.99269,1.0123161,233.20511
JVASP-5833,31,S,232.99269,1.0123161,233.20511
JVASP-5833,32,S,239.5828,1.2223406,238.67267
JVASP-5833,33,S,239.5828,1.2223408,238.67267
JVASP-14163,0,As,201.39954,0.09671263,201.36597
JVASP-14163,1,As,201.39954,0.09671265,201.37134
JVASP-14163,2,As,201.39954,0.09671262,201.36597
JVASP-14163,3,As,201.39954,0.09671265,201.37134
JVASP-14163,4,As,197.78648,0.089975715,197.75258
JVASP-14163,5,As,197.78648,0.089975715,197.75209
JVASP-14163,6,As,197.78648,0.089975685,197.75258
JVASP-14163,7,As,197.78648,0.08997573,197.75209
JVASP-14163,8,S,234.44722,0.23441133,234.6168
JVASP-14163,9,S,234.44722,0.23441122,234.62029
JVASP-14163,10,S,234.44722,0.23441136,234.6168
JVASP-14163,11,S,234.44722,0.23441118,234.62029
JVASP-14163,12,S,238.43715,0.15124643,238.38623
JVASP-14163,13,S,238.43715,0.15124631,238.38445
JVASP-14163,14,S,238.43715,0.1512464,238.38623
JVASP-14163,15,S,238.43715,0.15124628,238.38445
JVASP-14163,16,S,242.75667,0.12017538,242.74992
JVASP-14163,17,S,242.75667,0.120175295,242.74982
JVASP-14163,18,S,242.75667,0.12017533,242.74992
JVASP-14163,19,S,242.75667,0.120175384,242.74982
JVASP-5362,0,As,200.85376,0.25126457,200.77623
JVASP-5362,1,As,200.85376,0.25126445,200.79245
JVASP-5362,2,As,200.85376,0.25126433,200.81458
JVASP-5362,3,As,200.85376,0.2512645,200.79706
JVASP-5362,4,As,200.85376,0.25126436,200.79706
JVASP-5362,5,As,200.85376,0.25126436,200.81458
JVASP-5362,6,As,200.85376,0.25126442,200.79245
JVASP-5362,7,As,200.85376,0.25126445,200.77623
JVASP-5362,8,As,196.5696,0.54704803,197.10106
JVASP-5362,9,As,196.5696,0.5470481,197.10106
JVASP-5362,10,As,196.5696,0.5470481,197.0902
JVASP-5362,11,As,196.5696,0.5470481,197.0902
JVASP-5362,12,As,211.41824,0.60056716,211.2043
JVASP-5362,13,As,211.41824,0.6005671,211.2043
JVASP-5362,14,As,211.41824,0.6005673,211.24426
JVASP-5362,15,As,211.41824,0.6005673,211.24426
JVASP-5362,16,S,247.36317,0.49351686,247.63882
JVASP-5362,17,S,247.36317,0.49351776,247.63882
JVASP-5362,18,S,247.36317,0.49351755,247.6135
JVASP-5362,19,S,247.36317,0.49351707,247.6135
JVASP-5362,20,S,229.86537,0.5491627,229.94284
JVASP-5362,21,S,229.86537,0.5491627,229.9421
JVASP-5362,22,S,229.86537,0.5491628,229.9847
JVASP-5362,23,S,229.86537,0.5491627,229.95386
JVASP-5362,24,S,229.86537,0.5491627,229.94284
JVASP-5362,25,S,229.86537,0.54916257,229.9421
JVASP-5362,26,S,229.86537,0.5491628,229.9847
JVASP-5362,27,S,229.86537,0.5491627,229.95386
JVASP-15772,0,Al,20.22054,0.23617196,20.210827
JVASP-15772,1,Al,20.22054,0.23617211,20.241768
JVASP-15772,2,Al,20.22054,0.23617214,20.22395
JVASP-15772,3,Al,20.22054,0.23617184,20.211111
JVASP-15772,4,Pd,10.61364,0.12658815,10.622544
JVASP-15772,5,Pd,10.61364,0.12658815,10.606467
JVASP-15772,6,Pd,10.61364,0.12658815,10.615026
JVASP-15772,7,Pd,10.61364,0.12658815,10.613532
JVASP-19854,0,Al,0.0,0.06338331,0.06338331
JVASP-19854,1,Pd,0.0,0.007905441,0.007905441
JVASP-16374,0,Al,50.70811,0.060460977,50.648895
JVASP-16374,1,Al,28.257315,0.029443748,28.284334
JVASP-16374,2,Al,28.257315,0.029443769,28.284334
JVASP-16374,3,Pd,17.914343,0.08624508,17.83129
JVASP-16374,4,Pd,17.914343,0.08624509,17.83129
JVASP-29223,0,O,201.54541,0.642006,201.76198
JVASP-29223,1,O,201.54541,0.64200604,201.70897
JVASP-29223,2,O,201.54541,0.642006,201.76198
JVASP-29223,3,O,201.54541,0.6420059,201.70897
JVASP-29223,4,O,209.49083,1.0606638,209.50618
JVASP-29223,5,O,209.49083,1.0606637,209.55688
JVASP-29223,6,O,209.49083,1.0606637,209.50618
JVASP-29223,7,O,209.49083,1.0606638,209.55688
JVASP-29223,8,O,181.66621,0.646816,181.62917
JVASP-29223,9,O,181.66621,0.6468161,181.5466
JVASP-29223,10,O,181.66621,0.6468161,181.62917
JVASP-29223,11,O,181.66621,0.64681613,181.5466
JVASP-29223,12,O,204.34525,0.9022165,204.22002
JVASP-29223,13,O,204.34525,0.90221673,204.2548
JVASP-29223,14,O,204.34525,0.9022167,204.22002
JVASP-29223,15,O,204.34525,0.9022167,204.2548
JVASP-29223,16,O,181.48274,0.7886613,181.45898
JVASP-29223,17,O,181.48274,0.78866124,181.35881
JVASP-29223,18,O,181.48274,0.7886613,181.45898
JVASP-29223,19,O,181.48274,0.7886613,181.35881
JVASP-29223,20,I,716.77795,1.9768255,716.4942
JVASP-29223,21,I,716.77795,1.9768227,716.36395
JVASP-29223,22,I,716.77795,1.9768254,716.4942
JVASP-29223,23,I,716.77795,1.9768234,716.36395
JVASP-29223,24,I,665.1573,0.13384494,665.1931
JVASP-29223,25,I,665.1573,0.13384484,665.2274
JVASP-29223,26,I,665.1573,0.13384496,665.1931
JVASP-29223,27,I,665.1573,0.13384481,665.2274
JVASP-81812,0,Ca,20.63373,0.14081973,20.665678
JVASP-81812,1,Ca,20.63373,0.14081974,20.665678
JVASP-81812,2,Hg,94.55899,0.34239206,94.40687
JVASP-81812,3,Hg,94.55899,0.34239203,94.40687
JVASP-81812,4,Hg,94.55899,0.34239206,94.40687
JVASP-81812,5,Hg,94.55899,0.342392,94.40687
JVASP-81812,6,Pd,37.68026,0.056840565,37.63764
JVASP-81812,7,Pd,37.68026,0.05684057,37.63764
JVASP-8596,0,Na,0.0,0.0109740235,0.0109740235
JVASP-8596,1,Be,0.0,0.010338075,0.010338075
JVASP-8596,2,H,7.314177,0.20279083,7.3921437
JVASP-8596,3,H,7.314177,0.20279083,7.439648
JVASP-8596,4,H,7.3141766,0.20279084,7.1149664
JVASP-17390,0,Zn,0.0,0.099372864,0.099372864
JVASP-17390,1,Ni,7.898788,0.0397608,7.8730903
JVASP-17390,2,Ni,7.8987875,0.0397608,7.8883185
JVASP-17390,3,Ni,7.898788,0.039760817,7.935122
JVASP-17390,4,C,0.0,0.104768164,0.104768164
JVASP-38369,0,Pu,234.46835,0.17166856,234.45842
JVASP-38369,1,Pu,234.46835,0.17166857,234.45842
JVASP-38369,2,Ni,35.364662,0.15862575,35.34251
JVASP-38369,3,Ni,35.364662,0.1586258,35.34251
JVASP-38369,4,C,38.466934,0.77903783,38.09302
JVASP-38369,5,C,38.466934,0.7790374,38.086296
JVASP-38369,6,C,38.466934,0.77903664,38.09302
JVASP-38369,7,C,38.466934,0.7790373,38.086296
JVASP-2340,0,O,116.72913,0.50929564,117.12539
JVASP-2340,1,O,116.72913,0.5092956,117.12539
JVASP-2340,2,O,192.98721,0.412331,192.88588
JVASP-2340,3,Sr,12.852838,0.044556834,12.887693
JVASP-2340,4,Sr,12.852838,0.044556823,12.887693
JVASP-2340,5,Pd,85.06873,0.18304767,84.98319
JVASP-17844,0,Cu,20.96269,0.113297135,21.017534
JVASP-17844,1,Cu,20.96269,0.113296986,21.017534
JVASP-17844,2,Te,353.40372,1.0150836,352.73737
JVASP-17844,3,Te,353.40372,1.015083,352.73737
JVASP-20477,0,Cu,36.8093,0.03818629,36.78912
JVASP-20477,1,Cu,36.8093,0.03818626,36.78912
JVASP-20477,2,Cu,36.8093,0.038186304,36.78912
JVASP-20477,3,Cu,36.8093,0.038186297,36.78912
JVASP-20477,4,Te,103.07126,0.028847761,103.087166
JVASP-20477,5,Te,103.07126,0.028847754,103.087166
JVASP-13845,0,Cu,36.798683,0.038171697,36.778553
JVASP-13845,1,Cu,36.798683,0.03817165,36.778553
JVASP-13845,2,Cu,36.798683,0.038171664,36.778553
JVASP-13845,3,Cu,36.798683,0.038171694,36.778553
JVASP-13845,4,Te,103.0831,0.0286922,103.09876
JVASP-13845,5,Te,103.0831,0.028692212,103.09876
JVASP-79283,0,Cu,0.34240618,0.16496095,0.49106625
JVASP-79283,1,Cu,0.34240618,0.16496088,0.49106616
JVASP-79283,2,Te,2.9737077,1.743011,4.409639
JVASP-79283,3,Te,2.9737077,1.7430108,4.4096384
JVASP-12070,0,Cu,20.962244,0.11327999,21.017086
JVASP-12070,1,Cu,20.962244,0.113280065,21.017086
JVASP-12070,2,Te,353.38647,1.014941,352.7202
JVASP-12070,3,Te,353.38647,1.0149406,352.7202
JVASP-77052,0,In,21.016623,0.12849672,21.143728
JVASP-77052,1,Cu,29.346111,0.05240307,29.31682
JVASP-77052,2,S,14.899021,0.27249533,14.6414585
JVASP-77052,3,S,72.511024,0.24763623,72.279274
JVASP-8546,0,S,87.92727,0.29199818,87.857025
JVASP-8546,1,S,87.92767,0.29199812,88.106026
JVASP-8546,2,S,87.92651,0.29199794,87.91561
JVASP-8546,3,S,87.92633,0.29199815,87.77323
JVASP-8546,4,Cu,1.4618039,1.4188201,2.5664434
JVASP-8546,5,Cu,1.4618039,1.4188198,2.5664432
JVASP-8546,6,In,2.7990067,0.045985565,2.78072
JVASP-8546,7,In,2.798115,0.0459856,2.779826
JVASP-36475,0,Sr,219.79926,0.9698627,220.34724
JVASP-36475,1,Sr,219.79926,0.9698626,220.2213
JVASP-36475,2,Sr,219.79924,0.9698626,218.83241
JVASP-36475,3,As,0.0,0.5154481,0.5154481
JVASP-36475,4,As,0.0,0.118036084,0.118036084
JVASP-17319,0,As,45.805553,15.2052555,35.0472
JVASP-17319,1,As,45.805553,15.205256,35.047195
JVASP-17319,2,Sr,44.212605,1.3578066,43.161278
JVASP-17319,3,Sr,44.212605,1.357806,43.161278
JVASP-17319,4,Sr,41.79464,0.51610315,41.5766
JVASP-17319,5,Sr,41.79559,0.5161026,41.44538
JVASP-18197,0,Nd,10.133539,0.50096864,9.653442
JVASP-18197,1,Nd,10.133539,0.50096846,9.653442
JVASP-18197,2,Ti,4.3731556,0.8871977,5.257649
JVASP-18197,3,Ti,4.3731556,0.88719684,5.2576485
JVASP-18197,4,Ge,15.317476,1.2897122,16.591724
JVASP-18197,5,Ge,15.317476,1.2897124,16.591726
JVASP-44642,0,Li,1.1360284,0.015137498,1.1410553
JVASP-44642,1,Li,1.7145287,0.046126537,1.6847187
JVASP-44642,2,Mn,62.501236,0.0708598,62.5389
JVASP-44642,3,Sn,69.70184,0.09365822,69.7522
JVASP-44642,4,O,42.10022,0.065280825,42.073776
JVASP-44642,5,O,33.70623,0.08888529,33.693344
JVASP-44642,6,O,42.10022,0.065280765,42.073776
JVASP-44642,7,O,33.70623,0.088885285,33.693344
JVASP-36349,0,Os,0.0,0.14179006,0.14179006
JVASP-36349,1,C,0.0,0.028206391,0.028206391
JVASP-36350,0,Os,0.0,0.16346577,0.16346577
JVASP-36350,1,C,0.0,0.13248278,0.13248278
JVASP-15755,0,Os,47.355984,0.07161355,47.286156
JVASP-15755,1,C,1.2884316,0.13756028,1.4256335
JVASP-35022,0,Os,462.0166,0.008593996,462.01633
JVASP-35022,1,Os,462.0166,0.008593999,462.01633
JVASP-35022,2,C,23.22116,0.36146477,23.573751
JVASP-35022,3,C,23.22116,0.36146495,23.573753
JVASP-35022,4,C,23.22116,0.3614649,23.573753
JVASP-35022,5,C,23.22116,0.361465,23.573753
JVASP-36251,0,Os,458.531,0.009583738,458.52744
JVASP-36251,1,C,19.361582,0.42727786,19.780067
JVASP-36251,2,C,19.361582,0.427278,19.780067
JVASP-36347,0,Os,0.0,0.24343602,0.24343602
JVASP-36347,1,C,0.0,0.045162432,0.045162432
JVASP-37131,0,Os,64.473015,0.022634594,64.45583
JVASP-37131,1,Os,64.473015,0.022634622,64.45583
JVASP-37131,2,C,3.8963218,0.024854176,3.884224
JVASP-37131,3,C,3.8963218,0.02485421,3.884224
JVASP-16603,0,Sm,160.07701,0.014513759,160.06927
JVASP-16603,1,Al,22.041319,0.6194634,21.469528
JVASP-16603,2,Al,22.041319,0.6194632,21.477295
JVASP-16603,3,Al,22.041662,0.61949086,21.436964
JVASP-16603,4,Pd,63.940258,0.13132,63.81033
JVASP-16603,5,Pd,63.940258,0.13131995,63.81033
JVASP-49897,0,Ca,6.9287996,0.086875364,7.013049
JVASP-49897,1,Ca,6.9287996,0.08687537,7.013049
JVASP-49897,2,Ti,21.475538,0.5062083,20.978207
JVASP-49897,3,Ti,21.475538,0.50620836,20.978207
JVASP-49897,4,O,6.1665335,0.4343175,6.357541
JVASP-49897,5,O,6.168928,0.43439886,6.423486
JVASP-49897,6,O,6.1687784,0.43429735,6.2249866
JVASP-49897,7,O,6.1687784,0.43429738,6.2249866
JVASP-49897,8,O,6.168928,0.43439895,6.423486
JVASP-49897,9,O,6.1665335,0.4343175,6.357541
JVASP-8101,0,Ca,0.0,0.027198886,0.027198886
JVASP-8101,1,Ti,0.0,0.106260315,0.106260315
JVASP-8101,2,O,1.0581796,0.13241695,1.1181226
JVASP-8101,3,O,1.0581796,0.13241696,0.9285508
JVASP-8101,4,O,1.0581796,0.13241698,1.1399256
JVASP-9409,0,O,15.212661,0.085914105,15.240795
JVASP-9409,1,O,15.212338,0.08591417,15.18746
JVASP-9409,2,O,15.212338,0.08591415,15.18746
JVASP-9409,3,O,15.212661,0.08591405,15.240795
JVASP-9409,4,O,4.080749,0.07858266,4.044884
JVASP-9409,5,O,4.080749,0.078582615,4.044884
JVASP-9409,6,Ca,46.621906,0.012974996,46.622776
JVASP-9409,7,Ca,46.621906,0.012974982,46.622776
JVASP-9409,8,Ti,3.79583,0.08371904,3.7737412
JVASP-9409,9,Ti,3.79583,0.08371912,3.773741
JVASP-30605,0,Sn,159.78375,0.092573114,159.71346
JVASP-30605,1,Sn,159.75385,0.09255922,159.68358
JVASP-30605,2,F,158.07222,0.1170156,158.04047
JVASP-30605,3,F,158.08641,0.117007524,158.05464
JVASP-30605,4,F,213.83012,0.10188508,213.87085
JVASP-30605,5,F,213.82175,0.10189992,213.84006
JVASP-30605,6,F,213.83527,0.10189605,213.876
JVASP-30605,7,F,213.81654,0.10191388,213.8348
JVASP-30605,8,F,158.05983,0.11694533,158.06334
JVASP-30605,9,F,158.07936,0.11699866,158.08289
JVASP-12193,0,Sn,159.76216,0.092674226,159.69177
JVASP-12193,1,Sn,159.74712,0.09266904,159.67674
JVASP-12193,2,F,158.05637,0.11698251,158.0244
JVASP-12193,3,F,158.07028,0.116980754,158.03831
JVASP-12193,4,F,213.80925,0.10202108,213.85007
JVASP-12193,5,F,213.84119,0.10199915,213.85959
JVASP-12193,6,F,213.8097,0.10203126,213.85051
JVASP-12193,7,F,213.84738,0.10200713,213.86574
JVASP-12193,8,F,158.06686,0.11712521,158.07039
JVASP-12193,9,F,158.08086,0.117144726,158.0844
JVASP-2196,0,F,224.59569,0.0680793,224.55548
JVASP-2196,1,F,224.52567,0.047317453,224.53596
JVASP-2196,2,F,224.52594,0.047317695,224.55249
JVASP-2196,3,F,224.59569,0.068079285,224.55548
JVASP-2196,4,Sn,284.6957,0.043557543,284.6823
JVASP-11274,0,Sn,159.75594,0.092793256,159.73866
JVASP-11274,1,Sn,159.76515,0.09280399,159.74788
JVASP-11274,2,F,158.07045,0.11680339,158.09831
JVASP-11274,3,F,158.06868,0.11680321,158.09656
JVASP-11274,4,F,213.81227,0.101997025,213.82399
JVASP-11274,5,F,213.85753,0.10192767,213.85262
JVASP-11274,6,F,213.81113,0.101996005,213.82283
JVASP-11274,7,F,213.85667,0.10192754,213.85175
JVASP-11274,8,F,158.07565,0.11715708,158.09834
JVASP-11274,9,F,158.07385,0.117150016,158.09654
JVASP-18280,0,Ni,71.24015,27.227957,65.45338
JVASP-18280,1,Ni,71.24015,27.227951,65.45338
JVASP-18280,2,Sn,79.22432,0.09909105,79.254234
JVASP-18280,3,Ce,126.43669,0.08666186,126.42763
JVASP-18280,4,Ce,126.43669,0.08666179,126.42763
JVASP-8507,0,Ni,3.7123816,1.9924132,2.860289
JVASP-8507,1,Ni,3.7123816,1.9924128,2.860289
JVASP-8507,2,Sn,149.46135,12.256796,141.51382
JVASP-8507,3,Sn,149.46135,12.256796,141.51382
JVASP-8507,4,Ce,18.473715,0.040779132,18.455172
JVASP-8522,0,Yb,440.4395,0.27166694,440.59387
JVASP-8522,1,Yb,440.4395,0.27166694,440.5555
JVASP-8522,2,Yb,440.4395,0.271667,440.1692
JVASP-8522,3,Sn,0.0,0.073584415,0.073584415
JVASP-8522,4,C,0.0,0.060513083,0.060513083
JVASP-15488,0,Co,26.121958,2.90861,26.713158
JVASP-15488,1,Co,26.121958,2.90861,26.70074
JVASP-15488,2,Sb,413.92627,0.26418748,413.91174
JVASP-15488,3,Sb,413.92627,0.26418748,413.91608
JVASP-15488,4,S,73.0636,3.5647388,73.354675
JVASP-15488,5,S,73.0636,3.5647388,73.35523
JVASP-29967,0,Bi,12.322285,0.023782823,12.3443985
JVASP-29967,1,Bi,12.322285,0.02378264,12.344398
JVASP-29967,2,Pb,8.959662,0.06200172,9.020654
JVASP-29967,3,Se,50.877884,0.2051549,50.678757
JVASP-29967,4,Se,60.105495,0.14541431,59.964706
JVASP-29967,5,Se,60.105495,0.14541422,59.964706
JVASP-29967,6,Se,50.877884,0.20515493,50.678757
JVASP-29647,0,Bi,7.4011335,0.034869663,7.3676047
JVASP-29647,1,Bi,7.4011335,0.03486965,7.3676047
JVASP-29647,2,Pb,7.407257,0.06319523,7.4682355
JVASP-29647,3,Pb,7.407257,0.0631952,7.4682355
JVASP-29647,4,Se,62.122326,0.07477275,62.04886
JVASP-29647,5,Se,49.66504,0.15969649,49.506035
JVASP-29647,6,Se,49.66504,0.15969646,49.506035
JVASP-29647,7,Se,38.968933,0.1456044,38.82421
JVASP-29647,8,Se,62.122326,0.07477258,62.04886
JVASP-36618,0,Zn,0.0,0.050665334,0.050665334
JVASP-36618,1,Rh,0.0,0.18753366,0.18753366
JVASP-36618,2,O,139.09673,0.0878726,139.01144
JVASP-36618,3,O,139.09673,0.08787263,139.15364
JVASP-36618,4,O,139.09673,0.08787253,139.12514
JVASP-8296,0,Ti,81.99989,0.09404626,82.01029
JVASP-8296,1,Al,14.244408,0.29068622,14.143704
JVASP-8296,2,F,90.70576,0.6513683,90.82478
JVASP-8296,3,F,90.70576,0.65136826,90.82478
JVASP-8296,4,F,117.89444,0.063555256,117.88432
JVASP-8296,5,F,117.89444,0.06355528,117.88432
JVASP-8296,6,F,139.69728,0.016650056,139.69038
JVASP-45233,0,Li,1.1183989,0.010700647,1.1201055
JVASP-45233,1,Li,1.4010825,0.011036801,1.4029205
JVASP-45233,2,Cr,11.186117,0.015602159,11.188972
JVASP-45233,3,Fe,34.313656,0.032589674,34.29431
JVASP-45233,4,O,96.43427,0.036977474,96.43345
JVASP-45233,5,O,88.89678,0.033788633,88.90401
JVASP-45233,6,O,96.433525,0.036977444,96.435974
JVASP-45233,7,O,88.89678,0.033788703,88.90692
JVASP-46432,0,Li,0.4563142,0.00700305,0.4554095
JVASP-46432,1,Li,0.60142,0.006127368,0.59867126
JVASP-46432,2,Cr,15.410851,0.024444003,15.419373
JVASP-46432,3,Fe,50.431698,0.03300124,50.422268
JVASP-46432,4,O,39.742393,0.010595958,39.73589
JVASP-46432,5,O,39.40263,0.05108003,39.43723
JVASP-46432,6,O,39.40263,0.051079974,39.43723
JVASP-46432,7,O,39.742393,0.010595948,39.73589
JVASP-8070,0,Na,15.33054,0.010110181,15.333857
JVASP-8070,1,Na,15.33054,0.010110185,15.333857
JVASP-8070,2,Pd,408.4855,0.033170905,408.51782
JVASP-8070,3,C,75.09401,0.086369194,75.00772
JVASP-8070,4,C,75.09401,0.08636917,75.00772
JVASP-67517,0,Na,7.7330394,0.025991464,7.7080517
JVASP-67517,1,Be,5.9506273,0.4958787,5.460689
JVASP-67517,2,Be,5.9506273,0.4958788,5.4606886
JVASP-67517,3,Bi,494.52094,0.28889233,494.23352
JVASP-67683,0,Be,8.220496,0.9218424,9.137837
JVASP-67683,1,Bi,211.9274,40.675014,171.38156
JVASP-67683,2,Na,15.268486,0.026347315,15.290497
JVASP-68139,0,Be,2.5027263,0.19553466,2.3078105
JVASP-68139,1,Bi,332.66278,18.423851,351.06015
JVASP-68139,2,Na,4.539722,0.052189607,4.5832524
JVASP-68139,3,Na,2.671578,0.068121135,2.7357864
JVASP-10220,0,O,136.15614,0.29858384,136.152
JVASP-10220,1,O,136.15614,0.2985837,136.152
JVASP-10220,2,O,136.15607,0.29858348,135.91573
JVASP-10220,3,O,136.15607,0.29858345,135.91573
JVASP-10220,4,O,158.91151,0.18944027,159.04105
JVASP-10220,5,O,158.91151,0.18944024,159.04105
JVASP-10220,6,Zn,68.091736,0.5984381,68.24677
JVASP-10220,7,Pt,182.67451,0.15266348,182.70839
JVASP-10220,8,Pt,350.66693,0.78028756,350.2366
JVASP-10220,9,Pt,182.67534,0.15266334,182.52328
JVASP-19662,0,Si,10.6368685,0.013741639,10.646332
JVASP-19662,1,Pt,152.25584,0.031479105,152.237
JVASP-19662,2,Pt,152.25584,0.03147907,152.237
JVASP-18942,0,Si,43.358532,0.03014709,43.34774
JVASP-18942,1,Si,43.358532,0.030147098,43.34774
JVASP-18942,2,Si,43.358532,0.030147096,43.36763
JVASP-18942,3,Si,43.358532,0.030147094,43.36763
JVASP-18942,4,Pt,113.47531,0.4573863,113.06769
JVASP-18942,5,Pt,113.47531,0.45738634,113.06769
JVASP-18942,6,Pt,113.47531,0.45738646,113.061
JVASP-18942,7,Pt,113.47531,0.45738646,113.061
JVASP-35269,0,Si,49.660137,0.07195961,49.589428
JVASP-35269,1,Si,49.660137,0.07195962,49.589428
JVASP-35269,2,Si,15.102737,0.056057025,15.047017
JVASP-35269,3,Pt,91.07861,0.88349086,91.29654
JVASP-35269,4,Pt,91.07861,0.88349104,91.31606
JVASP-35269,5,Pt,91.0777,0.8834814,91.61997
JVASP-35269,6,Pt,70.16108,0.27040738,70.25841
JVASP-35269,7,Pt,70.15991,0.27040774,70.369385
JVASP-35269,8,Pt,70.15991,0.27040774,70.36709
JVASP-39090,0,Si,27.462526,0.06710465,27.405794
JVASP-39090,1,Si,27.462526,0.06710462,27.404203
JVASP-39090,2,Si,27.462088,0.06710492,27.41105
JVASP-39090,3,Si,27.462526,0.06710467,27.405794
JVASP-39090,4,Si,27.462526,0.067104615,27.404203
JVASP-39090,5,Si,27.462088,0.06710483,27.41105
JVASP-39090,6,Pt,171.9652,0.2440175,172.20705
JVASP-39090,7,Pt,171.9652,0.24401806,172.20705
JVASP-58256,0,Si,4.480117,0.115335435,4.593957
JVASP-58256,1,Si,4.480117,0.11533542,4.593957
JVASP-58256,2,Si,4.480117,0.11533536,4.593957
JVASP-58256,3,Si,4.480117,0.11533538,4.593957
JVASP-58256,4,Si,41.26982,0.044410277,41.236473
JVASP-58256,5,Si,41.26982,0.044410244,41.236473
JVASP-58256,6,Pt,52.181072,1.244958,50.97569
JVASP-58256,7,Pt,52.181072,1.2449589,50.97569
JVASP-58256,8,Pt,52.181072,1.2449579,50.97569
JVASP-58256,9,Pt,52.181072,1.2449583,50.97569
JVASP-76904,0,Ca,11.28464,0.06289808,11.345426
JVASP-76904,1,Ca,11.28464,0.06289806,11.345426
JVASP-76904,2,Y,43.908802,0.09223218,43.99854
JVASP-76904,3,Y,43.908802,0.09223209,43.99854
JVASP-76904,4,Ag,148.96384,0.042953584,148.95166
JVASP-76904,5,Ag,148.96384,0.04295355,148.95166
JVASP-76904,6,Ag,148.96384,0.042953543,148.95166
JVASP-76904,7,Ag,148.96384,0.04295355,148.95166
JVASP-81186,0,Ca,11.182594,0.063193336,11.243407
JVASP-81186,1,Ca,11.182594,0.0631933,11.243407
JVASP-81186,2,Y,43.670616,0.09161665,43.759853
JVASP-81186,3,Y,43.670616,0.09161661,43.759853
JVASP-81186,4,Ag,148.58038,0.04360969,148.56694
JVASP-81186,5,Ag,148.58038,0.043609694,148.56694
JVASP-81186,6,Ag,148.58038,0.043609686,148.56694
JVASP-81186,7,Ag,148.58038,0.043609705,148.56694
JVASP-66967,0,Mn,24.623495,0.084676355,24.699385
JVASP-66967,1,Be,4.945928,0.12112393,4.8269815
JVASP-66967,2,Tl,263.72678,0.19069524,263.5414
JVASP-67786,0,Be,4.9643016,0.9109182,5.8708334
JVASP-67786,1,Mn,62.24235,1.620269,60.627033
JVASP-67786,2,Tl,44.34801,0.062182136,44.406235
JVASP-12602,0,K,6.9100723,0.41799024,7.0074487
JVASP-12602,1,K,6.9100723,0.41799036,7.0074487
JVASP-12602,2,K,30.208168,0.6572318,30.174109
JVASP-12602,3,K,30.208168,0.65723175,30.174109
JVASP-12602,4,H,51.578594,0.36394846,51.745033
JVASP-12602,5,H,51.578594,0.36394846,51.745033
JVASP-12602,6,Br,28.478708,0.06482949,28.446596
JVASP-12602,7,Br,28.478708,0.064829506,28.446596
JVASP-12602,8,O,169.82079,0.08101404,169.86485
JVASP-12602,9,O,169.82079,0.08101407,169.86485
JVASP-18648,0,Mg,2.889113,0.084972374,2.9123228
JVASP-18648,1,Mg,2.8881261,0.08496961,2.9207911
JVASP-18648,2,Mg,2.889113,0.084972315,2.9123228
JVASP-18648,3,Mg,2.8881261,0.084969565,2.9207911
JVASP-18648,4,Mg,2.889113,0.08497233,2.9324195
JVASP-18648,5,Mg,2.889113,0.08497231,2.9324195
JVASP-18648,6,Cd,11.855531,0.082753494,11.777312
JVASP-18648,7,Cd,11.855531,0.082753554,11.777312
JVASP-18649,0,Mg,3.641172,0.78081685,2.9211125
JVASP-18649,1,Mg,3.641172,0.7808173,2.921112
JVASP-18649,2,Cd,14.065513,0.15606737,14.097579
JVASP-18649,3,Cd,14.065513,0.15606733,14.097579
JVASP-18649,4,Cd,14.063547,0.15606803,14.122589
JVASP-18649,5,Cd,14.065513,0.15606737,14.110074
JVASP-18649,6,Cd,14.063547,0.15606806,14.122589
JVASP-18649,7,Cd,14.065513,0.15606734,14.110074
JVASP-39130,0,Mg,3.74527,5.5372314,9.258943
JVASP-39130,1,Mg,3.74527,5.5372357,9.258946
JVASP-39130,2,Cd,53.938694,0.038527064,53.909546
JVASP-39130,3,Cd,10.399309,0.03431594,10.423305
JVASP-39130,4,Cd,53.938694,0.038527105,53.90893
JVASP-39130,5,Cd,53.93843,0.038523484,53.905983
JVASP-38940,0,Mg,3.1892357,0.040992796,3.1603029
JVASP-38940,1,Mg,3.1892357,0.040992808,3.1883385
JVASP-38940,2,Mg,3.1892357,0.0409928,3.2195804
JVASP-38940,3,Cd,0.0,0.08830464,0.08830464
JVASP-78305,0,Mg,0.0,0.15800105,0.15800105
JVASP-78305,1,Cd,0.0,0.17897658,0.17897658
JVASP-78306,0,Mg,4.025739,0.45815918,3.5999987
JVASP-78306,1,Cd,81.0034,0.05825409,81.05706
JVASP-78313,0,Mg,4.219654,0.12450429,4.3389816
JVASP-78313,1,Cd,2.1114602,0.19890039,2.3095157
JVASP-78802,0,Mg,3.0496178,0.055154566,3.073516
JVASP-78802,1,Mg,3.0496178,0.055154536,3.073516
JVASP-78802,2,Cd,54.256195,0.094524495,54.16462
JVASP-78802,3,Cd,54.256195,0.094524525,54.16462
JVASP-78803,0,Mg,2.251083,0.04676784,2.2782032
JVASP-78803,1,Mg,1.4505147,0.05720988,1.4418783
JVASP-78803,2,Mg,1.4505147,0.057209875,1.4418782
JVASP-78803,3,Cd,66.41669,0.08187194,66.33864
JVASP-78806,0,Mg,4.7409635,0.2471358,4.9674625
JVASP-78806,1,Mg,4.7409635,0.24713592,4.9674625
JVASP-78806,2,Cd,74.96544,0.112153515,74.98158
JVASP-78806,3,Cd,74.96544,0.112153485,74.98158
JVASP-79178,0,Mg,2.931447,0.03949859,2.951968
JVASP-79178,1,Mg,4.1012845,0.04072094,4.075991
JVASP-79178,2,Mg,1.8522853,0.085420065,1.9099256
JVASP-79178,3,Cd,46.484085,0.08779762,46.4956
JVASP-79197,0,Mg,8.106996,0.068629086,8.045343
JVASP-79197,1,Mg,8.106996,0.068629056,8.045343
JVASP-79197,2,Cd,41.151424,0.08763529,41.21894
JVASP-79197,3,Cd,41.151424,0.08763548,41.21894
JVASP-79478,0,Mg,4.512777,0.5009552,4.0166326
JVASP-79478,1,Cd,47.741375,1.7171885,49.451096
JVASP-79478,2,Cd,61.952087,0.0458603,61.91301
JVASP-79478,3,Cd,61.952087,0.04586025,61.91301
JVASP-16479,0,Mg,1.3454843,0.062523656,1.3684452
JVASP-16479,1,Mg,1.3454843,0.06252362,1.3684452
JVASP-16479,2,Cd,17.16065,0.090601996,17.102112
JVASP-16479,3,Cd,17.16065,0.09060194,17.102112
JVASP-7794,0,Dy,0.0,2.055589,2.055589
JVASP-7794,1,Dy,0.0,2.0555904,2.0555904
JVASP-7794,2,Dy,0.0,2.0555892,2.0555892
JVASP-7794,3,Dy,0.0,2.0555894,2.0555894
JVASP-7794,4,N,0.0,0.16373165,0.16373165
JVASP-7794,5,N,0.0,0.16373165,0.16373165
JVASP-7794,6,N,0.0,0.16373162,0.16373162
JVASP-7794,7,N,0.0,0.1637316,0.1637316
JVASP-67568,0,Li,1.3415039,0.0069345403,1.3446114
JVASP-67568,1,Ti,84.36206,0.010453204,84.359055
JVASP-67568,2,Be,6.383717,0.08284736,6.381852
JVASP-67568,3,Be,6.383717,0.082847364,6.390827
JVASP-68039,0,Li,0.47683403,0.019248389,0.48187354
JVASP-68039,1,Ti,10.7998,0.11535059,10.691147
JVASP-68039,2,Ti,6.4544053,0.05902032,6.40201
JVASP-68039,3,Be,0.6025745,0.3693412,0.9703565
JVASP-18032,0,Mn,7.7225595,14.958586,21.346739
JVASP-18032,1,Mn,7.7225595,14.958584,21.346735
JVASP-18032,2,Ge,101.84972,91.07472,74.04964
JVASP-18032,3,Ge,101.84972,91.07472,74.04964
JVASP-18032,4,Th,149.05257,130.9985,107.4303
JVASP-79627,0,N,154.0729,0.07408823,154.004
JVASP-79627,1,N,154.0729,0.07408819,154.004
JVASP-79627,2,F,238.6354,0.10783719,238.7354
JVASP-79627,3,F,238.6354,0.10783714,238.7354
JVASP-67735,0,Be,1.5872693,0.42072397,1.1709018
JVASP-67735,1,Be,11.667736,1.5472507,10.132622
JVASP-67735,2,Bi,507.31137,10.090166,497.28757
JVASP-67735,3,Cl,120.167885,0.1451218,120.29694
JVASP-17913,0,Ta,126.2814,183.41827,57.21505
JVASP-17913,1,Ta,126.28222,183.41827,57.214252
JVASP-17913,2,Pb,542.26685,9.372492,551.57275
JVASP-17913,3,Pb,542.26685,9.372494,551.57275
JVASP-17913,4,S,11.588944,0.25116846,11.341525
JVASP-17913,5,S,11.588944,0.2511685,11.341525
JVASP-17913,6,S,11.588944,0.25116858,11.341525
JVASP-17913,7,S,11.588944,0.25116843,11.341525
JVASP-13787,0,Al,25.757244,1.0969968,26.360563
JVASP-13787,1,Al,25.757244,1.096997,26.360563
JVASP-13787,2,Cl,117.65186,0.24176215,117.68639
JVASP-13787,3,Cl,117.65186,0.24176212,117.68639
JVASP-13787,4,O,22.581558,0.06835734,22.644844
JVASP-13787,5,O,22.581558,0.06835734,22.644844
JVASP-65275,0,Mn,4.9479723,0.18670052,5.133309
JVASP-65275,1,Be,5.976759,0.09003995,5.888704
JVASP-65275,2,Pd,86.35432,0.9392815,85.42166
JVASP-68224,0,Be,0.049866486,0.24010737,0.2896605
JVASP-68224,1,Mn,10.5622,0.12526217,10.685327
JVASP-68224,2,Pd,81.94523,0.14928079,81.798225
JVASP-68224,3,Pd,46.660328,0.14375828,46.519054
JVASP-14955,0,Al,39.766167,0.38437265,40.00262
JVASP-14955,1,Al,7.362251,0.40064406,7.1236887
JVASP-14955,2,Al,7.362251,0.40064412,7.1236887
JVASP-14955,3,V,56.56215,0.012169237,56.56844
JVASP-36199,0,Al,14.622637,0.13705216,14.755471
JVASP-36199,1,Al,14.622637,0.13705215,14.584117
JVASP-36199,2,Al,14.622637,0.13705218,14.529297
JVASP-36199,3,V,0.0,0.014416884,0.014416884
JVASP-19691,0,Al,0.0,0.16485336,0.16485336
JVASP-19691,1,Al,0.0,0.16485336,0.16485336
JVASP-19691,2,V,51.821407,0.080665,51.859303
JVASP-19691,3,V,51.821407,0.08066502,51.859303
JVASP-19691,4,V,51.821404,0.08066505,51.741158
JVASP-19691,5,V,51.821404,0.08066505,51.741158
JVASP-19691,6,V,51.821407,0.08066504,51.86385
JVASP-19691,7,V,51.821407,0.08066505,51.86385
JVASP-67712,0,Be,5.1145353,2.1480682,7.25701
JVASP-67712,1,Mo,58.194977,0.5348433,58.726646
JVASP-67712,2,Tl,28.587996,0.07639892,28.655487
JVASP-85195,0,La,18.897814,0.084887184,18.814463
JVASP-85195,1,La,18.897814,0.084886916,18.814463
JVASP-85195,2,Tl,91.16511,53.81307,37.735058
JVASP-85195,3,Tl,91.16511,53.81306,37.735065
JVASP-85195,4,Zn,60.239075,100.62081,40.401474
JVASP-85195,5,Zn,60.239075,100.62082,40.40148
JVASP-37085,0,Sm,68.663475,3.3751936,70.20645
JVASP-37085,1,Ni,20.906763,0.07488433,20.835659
JVASP-37085,2,C,48.806644,0.19828321,48.741104
JVASP-37085,3,C,48.806644,0.19828317,48.73469
JVASP-78551,0,Sr,12.778988,0.17380153,12.606693
JVASP-78551,1,Mg,12.087008,0.110128805,12.163838
JVASP-78791,0,Sr,56.239277,0.047914375,56.225315
JVASP-78791,1,Mg,11.754527,0.1123729,11.659886
JVASP-78791,2,Mg,12.159084,0.07148206,12.157445
JVASP-78791,3,Mg,8.072956,0.05512337,8.074815
JVASP-8009,0,Sr,0.0,0.059819315,0.059819315
JVASP-8009,1,Mg,0.0,0.33037284,0.33037284
JVASP-80479,0,Sr,10.115577,1.0270896,9.094626
JVASP-80479,1,Sr,1.0475651,0.96546286,2.0109415
JVASP-80479,2,Sr,1.0475651,0.96546274,2.0109415
JVASP-80479,3,Mg,13.937597,0.2476069,13.697377
JVASP-80484,0,Sr,41.85688,0.058958486,41.897846
JVASP-80484,1,Sr,41.85688,0.058958523,41.897846
JVASP-80484,2,Mg,10.3976755,0.06420132,10.395499
JVASP-80484,3,Mg,10.3976755,0.06420131,10.395499
JVASP-80518,0,Sr,1.3132257,0.054419722,1.3063859
JVASP-80518,1,Sr,1.3132257,0.05441975,1.3063859
JVASP-80518,2,Mg,0.51825094,0.34749502,0.5787312
JVASP-80518,3,Mg,0.51825094,0.34749436,0.578731
JVASP-35107,0,Al,0.0,0.102290794,0.102290794
JVASP-35107,1,B,6.362958,0.034042135,6.394617
JVASP-35107,2,B,6.362958,0.034042154,6.350216
JVASP-35107,3,B,6.362958,0.03404217,6.344195
JVASP-35107,4,N,73.751686,0.08502018,73.73915
JVASP-35107,5,N,73.751686,0.08502016,73.75481
JVASP-35107,6,N,73.751686,0.085020185,73.74925
JVASP-35107,7,N,73.751686,0.08502019,73.76372
JVASP-36202,0,Al,25.732706,0.6043909,25.134254
JVASP-36202,1,B,6.270694,0.07898756,6.1925883
JVASP-36202,2,N,70.55219,0.08928723,70.55337
JVASP-36202,3,N,70.55219,0.08928721,70.529144
JVASP-35108,0,Al,23.693098,1.3822817,25.063335
JVASP-35108,1,Al,23.693098,1.3822817,23.163626
JVASP-35108,2,Al,23.693098,1.382282,22.914984
JVASP-35108,3,B,0.0,0.13743857,0.13743857
JVASP-35108,4,N,52.708122,0.079532124,52.719353
JVASP-35108,5,N,52.708122,0.07953215,52.710114
JVASP-35108,6,N,52.708122,0.07953213,52.707752
JVASP-35108,7,N,52.708122,0.0795321,52.6955
JVASP-15769,0,P,0.0,0.15730259,0.15730259
JVASP-15769,1,Tm,0.008,0.5213687,0.5208037
JVASP-14560,0,Yb,0.0,0.18863241,0.18863241
JVASP-14560,1,In,0.0,0.15144607,0.15144607
JVASP-17717,0,Yb,0.0,3.5793505,3.5793505
JVASP-17717,1,In,84.61517,0.48784235,84.96931
JVASP-17717,2,In,84.61517,0.48784253,84.71927
JVASP-17717,3,In,84.61517,0.4878416,84.15912
JVASP-56989,0,Yb,2.3853974,0.007940556,2.3891296
JVASP-56989,1,Yb,2.3853974,0.007940556,2.3891296
JVASP-56989,2,In,46.67748,0.0935159,46.586876
JVASP-56989,3,In,46.67748,0.09351588,46.586876
JVASP-56989,4,In,46.67748,0.09351595,46.586876
JVASP-56989,5,In,46.67748,0.09351589,46.586876
JVASP-15761,0,La,414.33688,1.7730777,413.54694
JVASP-15761,1,La,414.33688,1.7730775,413.365
JVASP-15761,2,La,414.33688,1.7730776,416.1045
JVASP-15761,3,Tl,0.0,0.03050724,0.03050724
JVASP-15761,4,C,0.0,0.013523833,0.013523833
JVASP-11117,0,Se,59.80885,5.107389,56.156075
JVASP-11117,1,Se,59.80885,5.107389,56.156075
JVASP-11117,2,Se,54.49287,1.4981486,54.235073
JVASP-11117,3,Se,54.49287,1.4981487,54.235073
JVASP-11117,4,Se,54.49287,1.4981489,54.308056
JVASP-11117,5,Se,54.49287,1.4981488,54.308056
JVASP-11117,6,Pr,92.70647,0.05435819,92.66441
JVASP-11117,7,Pr,92.70647,0.054358184,92.66441
JVASP-11117,8,Lu,84.45854,0.08258303,84.49251
JVASP-11117,9,Lu,84.45854,0.082583085,84.51925
JVASP-43462,0,Hf,369.61368,0.042661592,369.593
JVASP-43462,1,Hf,231.66023,1.1023667,230.5943
JVASP-43462,2,Hf,231.66023,1.1023675,230.5939
JVASP-43462,3,Hf,369.61368,0.0426616,369.5931
JVASP-43462,4,N,23.314747,0.058177214,23.346594
JVASP-43462,5,N,48.64164,0.06345377,48.621376
JVASP-43462,6,N,48.64164,0.063453734,48.621384
JVASP-43462,7,N,23.314747,0.05817724,23.346544
JVASP-43462,8,O,13.175694,0.8156921,13.930633
JVASP-43462,9,O,13.175694,0.8156922,13.930779
JVASP-17731,0,In,0.0073484695,0.043617148,0.036430687
JVASP-17731,1,Pt,95.012436,0.053827018,95.0659
JVASP-17731,2,Pt,95.00346,0.053825025,94.974976
JVASP-17731,3,Pt,95.00346,0.053825043,94.978516
JVASP-18093,0,La,0.0,0.1371333,0.1371333
JVASP-18093,1,Pb,454.74042,1.5491756,455.5739
JVASP-18093,2,Pb,454.74042,1.5491743,453.20532
JVASP-18093,3,Pb,454.74042,1.5491743,455.44604
JVASP-2838,0,K,15.574836,14.5434,16.430779
JVASP-2838,1,K,15.574836,14.543399,16.430777
JVASP-2838,2,Se,298.09747,72.26894,278.04797
JVASP-2838,3,Se,298.09747,72.26894,278.04797
JVASP-2838,4,Pt,278.4631,25.697401,268.2134
JVASP-36181,0,Cd,36.45943,4.7947683,41.249268
JVASP-36181,1,Cd,36.45943,4.794771,41.24927
JVASP-36181,2,N,2.7434285,0.03915297,2.7223115
JVASP-36181,3,N,2.7434285,0.03915299,2.7223115
JVASP-36184,0,Cd,0.0,0.03373232,0.03373232
JVASP-36184,1,N,0.0,0.04626383,0.04626383
JVASP-36267,0,Cd,0.0,0.87703735,0.87703735
JVASP-36267,1,N,0.0,0.12997973,0.12997973
JVASP-36279,0,Cd,43.49069,0.68866765,44.175682
JVASP-36279,1,N,9.7403965,0.09492049,9.649918
JVASP-36269,0,Cd,0.0,38.952885,38.952885
JVASP-36269,1,N,0.0,0.020211095,0.020211095
JVASP-78362,0,Cd,0.0,38.931946,38.931946
JVASP-78362,1,Cd,0.0,38.93195,38.93195
JVASP-78362,2,Cd,0.0,38.93195,38.93195
JVASP-78362,3,Cd,0.0,38.931953,38.931953
JVASP-78362,4,N,0.0,0.020192377,0.020192377
JVASP-78362,5,N,0.0,0.020192398,0.020192398
JVASP-78362,6,N,0.0,0.020192394,0.020192394
JVASP-78362,7,N,0.0,0.020192392,0.020192392
JVASP-3846,0,B,0.8075469,0.07794924,0.77154505
JVASP-3846,1,P,3.7161002,0.06736812,3.680786
JVASP-3846,2,S,244.69878,0.19230835,244.81514
JVASP-3846,3,S,244.6994,0.19230655,244.80383
JVASP-3846,4,S,244.69847,0.19230826,244.73958
JVASP-3846,5,S,244.69887,0.19230662,244.654
JVASP-36590,0,Cd,0.0,0.010928444,0.010928444
JVASP-36590,1,Ir,0.0,0.05047667,0.05047667
JVASP-36590,2,O,154.16844,0.11695671,154.05504
JVASP-36590,3,O,154.16844,0.11695673,154.20644
JVASP-36590,4,O,154.16844,0.11695673,154.24388
JVASP-67869,0,Be,0.54394484,0.02505181,0.5198016
JVASP-67869,1,Cu,5.050034,0.11639339,4.936153
JVASP-67869,2,Zn,2.59646,0.016177941,2.6027033
JVASP-67869,3,Zn,16.000067,0.016199319,15.993808
JVASP-8309,0,Mg,2.7034202,0.067994304,2.7574887
JVASP-8309,1,Co,45.470436,0.7653393,46.208908
JVASP-8309,2,Co,45.470436,0.7653392,46.165215
JVASP-8309,3,N,84.98057,0.066446066,85.046394
JVASP-8309,4,N,84.98057,0.06644605,85.00961
JVASP-81196,0,Mn,31.713055,0.27698272,31.984203
JVASP-81196,1,Mn,31.713055,0.27698284,31.984203
JVASP-81196,2,Tl,439.81668,0.719933,439.349
JVASP-81196,3,Tl,439.81668,0.7199327,439.349
JVASP-81196,4,Pd,56.81835,0.34010878,57.14144
JVASP-81196,5,Pd,56.81835,0.34010854,57.14144
JVASP-81196,6,Pd,56.81835,0.34010893,57.14144
JVASP-81196,7,Pd,56.81835,0.3401087,57.14144
JVASP-17900,0,Mg,2.4697955,0.059736535,2.4470854
JVASP-17900,1,Fe,60.58818,0.061227962,60.546448
JVASP-17900,2,F,196.33005,0.06160574,196.36076
JVASP-17900,3,F,196.33038,0.06160575,196.3082
JVASP-17900,4,F,196.33037,0.061605845,196.32057
JVASP-17900,5,F,196.33038,0.06160573,196.3082
JVASP-17900,6,F,196.33005,0.061605692,196.36076
JVASP-17900,7,F,196.33037,0.061605833,196.32057
JVASP-79403,0,U,638.51587,0.3920777,638.1331
JVASP-79403,1,U,638.51587,0.3920776,638.1331
JVASP-79403,2,U,654.1917,0.3849355,653.84174
JVASP-79403,3,Pa,617.3122,0.27282423,617.0594
JVASP-8110,0,C,46.774853,0.09004916,46.738354
JVASP-8110,1,Si,51.368984,9.066386,49.23294
JVASP-8110,2,Si,51.368984,9.066384,49.23294
JVASP-8110,3,Fe,40.16263,3.184215,40.33497
JVASP-8110,4,Fe,40.16263,3.1842163,40.33497
JVASP-8110,5,Tb,31.187117,8.593041,31.327194
JVASP-8110,6,Tb,31.187117,8.5930395,31.327194
JVASP-5200,0,Bi,278.80777,8.578358,279.02554
JVASP-5200,1,Bi,278.80777,8.57836,279.02554
JVASP-5200,2,Bi,278.80777,8.57836,279.6558
JVASP-5200,3,Bi,278.80777,8.578362,279.6558
JVASP-5200,4,Se,130.32584,15.260905,126.25677
JVASP-5200,5,Se,130.32584,15.260908,126.173874
JVASP-5200,6,Se,130.32584,15.260908,126.173874
JVASP-5200,7,Se,130.32584,15.260908,126.25677
JVASP-5200,8,I,327.1076,4.8835325,326.70715
JVASP-5200,9,I,327.1076,4.8835316,326.57312
JVASP-5200,10,I,327.1076,4.8835316,326.57312
JVASP-5200,11,I,327.1076,4.8835306,326.70715
JVASP-3825,0,Er,43.820404,0.35556525,44.056694
JVASP-3825,1,Er,43.820404,0.35556516,44.056694
JVASP-3825,2,S,10.875219,0.06740448,10.935996
JVASP-3825,3,S,10.875219,0.06740451,10.935996
JVASP-3825,4,Cl,47.986702,1.3820156,47.625984
JVASP-3825,5,Cl,47.986702,1.3820161,47.625984
JVASP-7714,0,U,0.0,0.037665382,0.037665382
JVASP-7714,1,Rh,85.83176,0.116972394,85.92751
JVASP-7714,2,Rh,85.83176,0.116972506,85.72596
JVASP-7714,3,Rh,85.83176,0.11697246,85.84191
JVASP-38737,0,Pm,61.44941,33.261726,33.650383
JVASP-38737,1,Pm,113.5613,1.9788702,112.13744
JVASP-38737,2,Pm,29.139637,2.0653658,30.609512
JVASP-38737,3,Pm,74.30719,17.245132,57.2406
JVASP-38737,4,Pm,79.86446,8.24036,75.39164
JVASP-38737,5,Mg,9.492169,0.27672344,9.713041
JVASP-38738,0,Pm,14.026594,2.0843723,12.011736
JVASP-38738,1,Pm,14.026594,2.0843735,12.011735
JVASP-38738,2,Pm,14.026594,2.084373,12.011736
JVASP-38738,3,Pm,14.026594,2.0843723,12.011736
JVASP-38738,4,Mg,4.3298817,1.160415,3.1704018
JVASP-38738,5,Mg,4.3298817,1.160415,3.1704018
JVASP-56258,0,Pm,0.0,0.14421377,0.14421377
JVASP-56258,1,Mg,0.0,0.12559715,0.12559715
JVASP-81008,0,Na,12.234373,0.061022915,12.236696
JVASP-81008,1,Na,12.234373,0.061022922,12.236696
JVASP-81008,2,Tl,268.84375,0.016162936,268.85544
JVASP-81008,3,Tl,268.84375,0.016162934,268.85544
JVASP-81008,4,Tl,268.84375,0.01616294,268.85544
JVASP-81008,5,Tl,268.84375,0.016162911,268.85544
JVASP-81008,6,Hg,80.52438,0.09336939,80.53636
JVASP-81008,7,Hg,80.52438,0.09336936,80.53636
JVASP-15280,0,Sm,96.50826,56.68402,40.24172
JVASP-15280,1,Sm,96.50826,56.68402,40.24172
JVASP-15280,2,Si,13.820838,9.919814,4.259511
JVASP-15280,3,Si,13.820838,9.919814,4.259511
JVASP-15280,4,Si,13.820838,9.919814,4.259511
JVASP-15280,5,Si,13.820838,9.919812,4.259512
JVASP-15280,6,Rh,10.836542,6.9669905,3.8986542
JVASP-15280,7,Rh,10.836542,6.9669895,3.8986552
JVASP-15280,8,Rh,10.836542,6.9669886,3.898656
JVASP-15280,9,Rh,10.836542,6.96699,3.8986547
JVASP-86727,0,Sm,98.54216,0.13479418,98.40775
JVASP-86727,1,Si,46.74851,0.055042762,46.801952
JVASP-86727,2,Si,46.74851,0.05504281,46.801952
JVASP-86727,3,Rh,43.250587,0.22194052,43.06355
JVASP-86727,4,Rh,43.250465,0.22193615,43.05926
JVASP-86727,5,Rh,43.24744,0.22193485,43.06253
JVASP-8338,0,Ca,13.458575,2.5387013,15.078725
JVASP-8338,1,Sb,22.236897,0.6009665,22.565329
JVASP-8338,2,F,144.65652,0.12168287,144.6736
JVASP-8338,3,F,144.6579,0.12168286,144.6065
JVASP-8338,4,F,144.65694,0.12168283,144.67953
JVASP-8338,5,F,144.6579,0.1216829,144.6065
JVASP-8338,6,F,144.65652,0.121682845,144.6736
JVASP-8338,7,F,144.65694,0.12168281,144.67953
JVASP-5662,0,Ta,66.01776,0.11489537,66.06555
JVASP-5662,1,Ta,66.01776,0.11489532,66.06555
JVASP-5662,2,Te,585.85565,0.47307035,585.99066
JVASP-5662,3,Te,585.85565,0.47307035,585.99066
JVASP-5662,4,Te,566.1797,5.08963,565.76294
JVASP-5662,5,Te,566.1797,5.0896297,565.76294
JVASP-5662,6,Br,181.23857,0.2928995,181.01341
JVASP-5662,7,Br,181.23857,0.29289994,181.01341
JVASP-5662,8,Br,244.91345,0.15027918,244.92537
JVASP-5662,9,Br,244.91345,0.15027913,244.92537
JVASP-5662,10,Br,232.94725,0.55687034,232.69156
JVASP-5662,11,Br,232.94725,0.5568705,232.69156
JVASP-5662,12,Br,238.45415,0.40836206,238.74532
JVASP-5662,13,Br,238.45415,0.4083621,238.74532
JVASP-5662,14,Br,194.9527,0.35017112,194.84036
JVASP-5662,15,Br,194.9527,0.35017136,194.84036
JVASP-5662,16,Br,195.7507,0.37442154,195.74803
JVASP-5662,17,Br,195.7507,0.37442157,195.74803
JVASP-32309,0,Br,281.05682,0.20287451,281.14496
JVASP-32309,1,Br,281.05682,0.2028747,281.14343
JVASP-32309,2,Br,281.05682,0.20287462,281.14496
JVASP-32309,3,Br,281.05682,0.20287459,281.14343
JVASP-32309,4,Br,175.21191,0.7228177,174.82297
JVASP-32309,5,Br,175.21191,0.7228181,174.82297
JVASP-32309,6,Br,693.46936,0.5133719,693.6425
JVASP-32309,7,Br,693.46936,0.5133721,693.6425
JVASP-32309,8,Br,270.24152,0.18358622,270.09277
JVASP-32309,9,Br,270.24152,0.18358628,270.09277
JVASP-32309,10,Br,181.18141,0.7012885,181.36674
JVASP-32309,11,Br,181.18141,0.70128834,181.40486
JVASP-32309,12,Br,181.18141,0.70128787,181.36674
JVASP-32309,13,Br,181.18141,0.7012884,181.40486
JVASP-32309,14,Br,682.01965,0.17593542,682.011
JVASP-32309,15,Br,682.01965,0.17593534,682.11005
JVASP-32309,16,Br,682.01965,0.17593531,682.011
JVASP-32309,17,Br,682.01965,0.1759354,682.11005
JVASP-32309,18,Te,102.22248,0.068919174,102.22098
JVASP-32309,19,Te,102.22248,0.0689192,102.22098
JVASP-32309,20,Ta,37.76289,0.1802431,37.695114
JVASP-32309,21,Ta,37.76289,0.18024307,37.695114
JVASP-69036,0,Ba,220.71127,23.750797,244.36609
JVASP-69036,1,Mo,66.486496,2.9222286,63.56717
JVASP-69036,2,Os,272.78796,0.10285176,272.87973
JVASP-69036,3,Os,272.78796,0.102851786,272.8557
JVASP-4822,0,S,26.766136,3.0937355,27.384893
JVASP-4822,1,S,26.766405,3.0937383,27.453426
JVASP-4822,2,Fe,3.3400137,3.3725905,6.455016
JVASP-4822,3,Tl,7.895007,0.41629007,8.153346
JVASP-15275,0,S,19.113987,0.116680294,19.167866
JVASP-15275,1,S,19.113987,0.11668035,19.167866
JVASP-15275,2,S,27.238176,0.28260225,27.06771
JVASP-15275,3,S,27.238176,0.28260228,27.06771
JVASP-15275,4,Fe,16.040936,0.040241126,16.029976
JVASP-15275,5,Fe,16.040936,0.040241174,16.029976
JVASP-15275,6,Tl,70.3107,0.037754048,70.311104
JVASP-15275,7,Tl,70.3107,0.03775406,70.311104
JVASP-16729,0,S,25.202763,0.26228407,25.141308
JVASP-16729,1,S,25.202763,0.2622833,25.141308
JVASP-16729,2,Fe,18.514132,0.6789198,17.932013
JVASP-16729,3,Fe,18.514132,0.6789197,17.932013
JVASP-16729,4,Tl,45.40462,0.32261726,45.57816
JVASP-4777,0,Tl,45.666656,0.32263604,45.956524
JVASP-4777,1,Tl,45.666656,0.32263678,45.956528
JVASP-4777,2,Fe,18.479767,0.6789621,17.806812
JVASP-4777,3,Fe,18.479767,0.6789621,17.806812
JVASP-4777,4,Fe,18.479767,0.6789626,17.806812
JVASP-4777,5,Fe,18.479767,0.6789622,17.806812
JVASP-4777,6,S,25.257505,0.26194102,25.057232
JVASP-4777,7,S,25.257505,0.26194155,25.057232
JVASP-4777,8,S,25.257505,0.26194075,25.057234
JVASP-4777,9,S,25.257505,0.2619412,25.057232
JVASP-16844,0,Tl,7.9396124,0.41636974,8.332935
JVASP-16844,1,Tl,7.9396124,0.41636974,8.332935
JVASP-16844,2,Fe,3.1680067,3.3723996,6.5310755
JVASP-16844,3,Fe,3.1680067,3.3724003,6.531076
JVASP-16844,4,S,26.811323,3.0941832,27.62441
JVASP-16844,5,S,26.811323,3.0941832,27.510128
JVASP-16844,6,S,26.811323,3.0941825,27.624409
JVASP-16844,7,S,26.811323,3.0941823,27.510128
JVASP-67665,0,Be,0.06631742,0.25073496,0.31667084
JVASP-67665,1,Hg,156.0521,0.06559124,155.99063
JVASP-67665,2,In,48.041843,0.01610289,48.032875
JVASP-67534,0,Be,3.1598418,0.40492815,2.7592642
JVASP-67534,1,Be,7.4488983,0.54141587,7.9861
JVASP-67534,2,Ge,84.28939,0.24783981,84.052734
JVASP-67534,3,W,155.44298,0.049100805,155.40005
JVASP-39448,0,Ru,0.0,0.06667498,0.06667498
JVASP-39448,1,Pb,0.0,0.047141973,0.047141973
JVASP-39448,2,O,106.422165,0.12013296,106.30572
JVASP-39448,3,O,106.422165,0.12013294,106.46078
JVASP-39448,4,O,106.422165,0.12013299,106.5001
JVASP-17473,0,Ba,0.0,0.02085585,0.02085585
JVASP-17473,1,Mo,0.0,0.048544146,0.048544146
JVASP-17473,2,O,40.132442,0.08579244,40.1505
JVASP-17473,3,O,40.132442,0.08579244,40.052376
JVASP-17473,4,O,40.132442,0.08579242,40.19459
JVASP-81118,0,Ba,166.99292,0.09524873,167.0868
JVASP-81118,1,Ba,166.99292,0.09524863,167.0868
JVASP-81118,2,Ba,166.99292,0.09524873,167.0868
JVASP-81118,3,Ba,166.99292,0.09524878,167.0868
JVASP-81118,4,Ga,13.154639,0.112172104,13.259445
JVASP-81118,5,Ga,13.154639,0.11217201,13.259445
JVASP-81118,6,Hg,5.4673204,0.7038623,6.0988812
JVASP-81118,7,Hg,5.4673204,0.70386237,6.0988812
JVASP-79756,0,Ce,82.09464,0.15274689,82.243225
JVASP-79756,1,Cu,41.504154,0.0723128,41.533962
JVASP-79756,2,N,73.63662,0.102517314,73.613235
JVASP-79756,3,N,73.63662,0.10251731,73.57232
JVASP-8196,0,Sm,152.25865,77.104416,75.31242
JVASP-8196,1,Sm,152.25865,77.104416,75.31242
JVASP-8196,2,Cu,4.211489,0.75056505,3.4681334
JVASP-8196,3,Cu,4.211489,0.75056493,3.4681334
JVASP-8196,4,Se,20.11766,2.5871108,22.681765
JVASP-8196,5,Se,20.11766,2.5871112,22.681765
JVASP-8196,6,O,10.471568,2.0831647,8.40824
JVASP-8196,7,O,10.471568,2.0831652,8.40824
JVASP-36610,0,Zr,0.0,0.019396566,0.019396566
JVASP-36610,1,Hg,0.0,0.024138227,0.024138227
JVASP-36610,2,O,69.04867,0.01561489,69.0524
JVASP-36610,3,O,69.04867,0.015614874,69.05551
JVASP-36610,4,O,69.04867,0.01561488,69.03809
JVASP-67103,0,Mn,60.898396,0.044802308,60.883446
JVASP-67103,1,Mn,60.898396,0.044802316,60.883446
JVASP-67103,2,Be,2.3964176,0.98099315,3.3760364
JVASP-67103,3,Be,2.3964176,0.98099285,3.3760357
JVASP-67103,4,Sb,154.71548,0.19014475,154.52972
JVASP-67103,5,Sb,154.71548,0.19014473,154.52972
JVASP-8802,0,H,31.487719,0.15767355,31.465511
JVASP-8802,1,H,31.487047,0.15767357,31.438877
JVASP-8802,2,H,36.034576,0.25591967,36.070187
JVASP-8802,3,H,36.034576,0.25591928,36.101967
JVASP-8802,4,I,11.071693,0.0108991675,11.063979
JVASP-8802,5,N,6.180131,14.55413,17.151518
JVASP-19921,0,Tb,23.299547,0.01655986,23.313545
JVASP-19921,1,B,7.1565924,0.18933405,6.9718475
JVASP-19921,2,B,7.1565924,0.18933408,6.9718475
JVASP-16834,0,Tb,0.0,0.010659744,0.010659744
JVASP-16834,1,B,19.792696,0.13031416,19.747206
JVASP-16834,2,B,19.792696,0.13031417,19.747206
JVASP-16834,3,B,19.792694,0.13031423,19.91914
JVASP-16834,4,B,19.792694,0.13031413,19.91914
JVASP-16834,5,B,19.792696,0.1303142,19.712404
JVASP-16834,6,B,19.792696,0.13031417,19.712404
JVASP-69103,0,Ba,20.529991,1.9849355,18.579681
JVASP-69103,1,Sr,32.923004,1.0765668,33.123535
JVASP-69103,2,Sr,32.923004,1.0765668,32.906254
JVASP-69103,3,Li,1.060629,0.019050092,1.0641613
JVASP-69239,0,Ba,62.09048,5.491019,67.55246
JVASP-69239,1,Sr,7.6807833,2.6199105,5.067367
JVASP-69239,2,Li,0.5192244,0.047412552,0.5459549
JVASP-69239,3,Li,0.5192244,0.04741247,0.49759212
JVASP-13771,0,Ce,176.43184,0.010534284,176.43175
JVASP-13771,1,Pd,129.86404,15.636746,131.30457
JVASP-13771,2,Pd,95.4162,0.11329069,95.527916
JVASP-13771,3,Pd,95.4162,0.113290705,95.527916
JVASP-13771,4,Pd,129.86404,15.636745,131.74017
JVASP-13771,5,Pd,129.86467,15.637843,131.31274
JVASP-20391,0,Ce,0.0,0.071162455,0.071162455
JVASP-20391,1,Pd,79.36755,0.044054903,79.34481
JVASP-20391,2,Pd,79.36755,0.044054907,79.35461
JVASP-20391,3,Pd,79.36755,0.044054892,79.40327
JVASP-35736,0,Ce,39.858143,0.05628236,39.905098
JVASP-35736,1,Ce,39.858143,0.05628236,39.905098
JVASP-35736,2,Pd,68.12007,3.824728,69.61932
JVASP-35736,3,Pd,68.12007,3.8247252,69.61932
JVASP-18177,0,Ce,176.43184,0.01053419,176.43175
JVASP-18177,1,Pd,129.86455,15.620446,131.30923
JVASP-18177,2,Pd,95.4113,0.11330174,95.52303
JVASP-18177,3,Pd,95.4113,0.113301754,95.52303
JVASP-18177,4,Pd,129.86548,15.619164,131.73856
JVASP-18177,5,Pd,129.86548,15.619169,131.3027
JVASP-78829,0,Ce,299.71057,0.06375634,299.77347
JVASP-78829,1,Ce,299.71057,0.06375637,299.77347
JVASP-78829,2,Pd,184.35432,16.758368,167.69675
JVASP-78829,3,Pd,184.35432,16.758375,167.69675
JVASP-78829,4,Pd,184.35432,16.758375,167.69675
JVASP-78829,5,Pd,184.35432,16.758368,167.69675
JVASP-78965,0,Ce,0.0,0.071669005,0.071669005
JVASP-78965,1,Pd,79.246704,0.043850232,79.23402
JVASP-78965,2,Pd,79.24671,0.04385023,79.28222
JVASP-78965,3,Pd,79.246704,0.043850172,79.22391
JVASP-8013,0,Te,385.90097,3.3130732,386.6605
JVASP-8013,1,Te,385.90097,3.313074,386.6605
JVASP-8013,2,Te,385.90097,3.313073,386.7861
JVASP-8013,3,Te,385.90097,3.313073,386.7861
JVASP-8013,4,Ru,55.197334,0.06797456,55.21507
JVASP-8013,5,Ru,55.197334,0.06797465,55.21718
JVASP-16060,0,Si,2.9181457,7.634638,5.8700566
JVASP-16060,1,Si,2.9181457,7.634638,5.8700566
JVASP-16060,2,Rh,7.4004054,6.367279,6.246853
JVASP-16060,3,Rh,7.4004054,6.367277,6.2468524
JVASP-16060,4,Tm,78.23605,44.82604,58.01826
JVASP-12172,0,Cr,52.972084,0.079473615,53.041286
JVASP-12172,1,P,30.740837,0.048205785,30.749088
JVASP-12172,2,P,30.740837,0.048205834,30.734053
JVASP-12172,3,S,199.95068,0.40719947,199.87749
JVASP-12172,4,S,224.28146,1.4406565,224.3044
JVASP-12172,5,S,188.19737,0.10501634,188.16096
JVASP-12172,6,S,265.44525,0.37345234,265.15234
JVASP-12172,7,S,188.19737,0.10501627,188.21112
JVASP-12172,8,S,224.28146,1.4406561,224.2545
JVASP-12172,9,S,199.95068,0.40719947,199.8783
JVASP-14996,0,Co,0.0979898,0.3511154,0.44864702
JVASP-14996,1,Co,0.0979898,0.35111538,0.44864693
JVASP-14996,2,Sb,113.93312,0.04865898,113.88539
JVASP-14996,3,Sb,113.93312,0.048658986,113.88539
JVASP-3636,0,As,4.0706644,0.020732544,4.083952
JVASP-3636,1,As,4.0706644,0.020732468,4.0839515
JVASP-3636,2,I,663.19666,0.28532204,663.1923
JVASP-3636,3,I,663.19574,0.28532186,663.10724
JVASP-3636,4,I,663.19525,0.28532177,663.27527
JVASP-3636,5,I,663.19666,0.28532207,663.1923
JVASP-3636,6,I,663.19574,0.28532213,663.10724
JVASP-3636,7,I,663.19525,0.2853221,663.27527
JVASP-19885,0,In,0.0,0.010729312,0.010729312
JVASP-19885,1,Rh,0.0,0.010722218,0.010722218
JVASP-14863,0,Zr,0.0,0.020914638,0.020914638
JVASP-14863,1,Ru,0.0,0.009357879,0.009357879
JVASP-36665,0,Zr,0.0,0.09496096,0.09496096
JVASP-36665,1,Ru,35.26204,0.051267155,35.216133
JVASP-36665,2,Ru,35.26204,0.051267166,35.278625
JVASP-36665,3,Ru,35.26204,0.051267087,35.29142
JVASP-38032,0,Sb,104.898575,81.59585,186.4363
JVASP-38032,1,Sb,104.898575,81.59585,186.4363
JVASP-38032,2,Cl,43.520084,0.16040094,43.529095
JVASP-38032,3,Cl,43.520084,0.16040096,43.529095
JVASP-38032,4,O,4.6826077,1.1315322,5.8063326
JVASP-38032,5,O,4.6826077,1.1315318,5.806332
JVASP-37461,0,Sm,48.633392,0.026674358,48.62024
JVASP-37461,1,Sm,48.633392,0.026674349,48.62024
JVASP-37461,2,Mn,18.929289,0.19283013,18.741472
JVASP-37461,3,Mn,18.929289,0.19283013,18.73955
JVASP-37461,4,Mn,18.925865,0.19283287,18.741453
JVASP-37461,5,Mn,18.929289,0.1928302,18.741472
JVASP-37461,6,Mn,18.929289,0.19283016,18.73955
JVASP-37461,7,Mn,18.925865,0.19283284,18.741453
JVASP-17755,0,Mn,51.74057,0.043055132,51.780205
JVASP-17755,1,Mn,51.74057,0.0430552,51.780205
JVASP-17755,2,Co,39.677242,0.7841266,40.458927
JVASP-17755,3,Co,39.677242,0.7841271,40.458927
JVASP-17755,4,Ge,108.99249,0.024944827,109.005295
JVASP-17755,5,Ge,108.99249,0.024944844,109.005295
JVASP-18031,0,Ba,0.0,0.011240509,0.011240509
JVASP-18031,1,Pb,0.0,0.1042477,0.1042477
JVASP-18031,2,O,164.05702,0.0852721,164.07507
JVASP-18031,3,O,164.05702,0.08527209,163.97775
JVASP-18031,4,O,164.05702,0.08527209,164.11826
JVASP-18522,0,Ba,171.68718,25.989267,185.40349
JVASP-18522,1,Ba,171.68718,25.989267,186.66994
JVASP-18522,2,Ba,171.6872,25.989271,145.72467
JVASP-18522,3,Pb,0.0,3.5912797,3.5912797
JVASP-18522,4,O,0.0,0.14382677,0.14382677
JVASP-12308,0,O,158.55934,0.028446257,158.57661
JVASP-12308,1,O,158.55934,0.02844628,158.57661
JVASP-12308,2,O,162.26382,0.31250095,162.07784
JVASP-12308,3,O,162.26382,0.31250098,162.07784
JVASP-12308,4,O,162.27457,0.31186768,162.40302
JVASP-12308,5,O,162.27457,0.31186774,162.40302
JVASP-12308,6,Ba,77.751686,0.14840613,77.72974
JVASP-12308,7,Ba,77.751686,0.14840616,77.72974
JVASP-12308,8,Pb,25.02961,0.110922605,24.949377
JVASP-12308,9,Pb,25.025486,0.11092229,25.051035
JVASP-12352,0,O,158.86882,0.25916404,158.72003
JVASP-12352,1,O,158.86865,0.2591639,158.92236
JVASP-12352,2,O,158.86865,0.25916392,158.92236
JVASP-12352,3,O,158.86882,0.25916377,158.72003
JVASP-12352,4,O,167.71658,0.12085184,167.75528
JVASP-12352,5,O,167.71658,0.1208519,167.75528
JVASP-12352,6,Ba,113.7565,0.14251828,113.79938
JVASP-12352,7,Ba,113.7565,0.14251825,113.79938
JVASP-12352,8,Pb,34.58859,5.623906,33.6344
JVASP-12352,9,Pb,34.58859,5.623904,33.6344
JVASP-12417,0,O,162.26619,0.29228702,162.35785
JVASP-12417,1,O,162.2666,0.2922869,162.10873
JVASP-12417,2,O,162.26619,0.29228708,162.35785
JVASP-12417,3,O,162.2666,0.29228687,162.10873
JVASP-12417,4,O,158.55736,0.09579794,158.5301
JVASP-12417,5,O,158.55736,0.09579795,158.5301
JVASP-12417,6,Ba,77.696045,0.08717388,77.67556
JVASP-12417,7,Ba,77.696045,0.08717379,77.67556
JVASP-12417,8,Pb,24.96256,0.10084692,24.986359
JVASP-12417,9,Pb,24.963516,0.10084692,24.89065
JVASP-57196,0,Ba,0.0,0.18672228,0.18672228
JVASP-57196,1,Pb,0.0,0.1971652,0.1971652
JVASP-57196,2,O,149.12984,53.36965,130.92
JVASP-57196,3,O,149.12984,53.36965,202.4966
JVASP-57196,4,O,149.12984,53.36965,130.84023
JVASP-40555,0,Ac,57.580154,0.36973694,57.94891
JVASP-40555,1,Ac,57.580154,0.36973676,57.94891
JVASP-40555,2,Au,132.74202,84.60191,60.79805
JVASP-40555,3,Au,132.74185,84.6025,60.688843
JVASP-40555,4,Au,132.74185,84.60251,60.610523
JVASP-40555,5,Au,132.74202,84.60191,60.79805
JVASP-40555,6,Au,132.74261,84.6025,60.68938
JVASP-40555,7,Au,132.74261,84.6025,60.611065
JVASP-35072,0,Sm,7.6456738,2.1253526,9.764022
JVASP-35072,1,Sm,7.6456738,2.1253536,9.764023
JVASP-35072,2,Sb,488.5197,144.78978,343.7877
JVASP-35072,3,Sb,488.5197,144.78978,343.7877
JVASP-35072,4,Te,27.057062,47.13709,20.114908
JVASP-35072,5,Te,27.057062,47.13709,20.114904
JVASP-26348,0,Cl,23.029726,0.24558592,23.249775
JVASP-26348,1,Bi,470.60147,244.34387,350.03485
JVASP-26348,2,Bi,470.60117,244.34387,350.03284
JVASP-26348,3,Sr,48.593117,0.09942517,48.639904
JVASP-26348,4,O,81.176315,0.6636539,81.23159
JVASP-26348,5,O,81.17331,0.6636243,81.27011
JVASP-26348,6,O,81.17357,0.66362023,81.27037
JVASP-26348,7,Sr,48.593258,0.09942504,48.640045
JVASP-26348,8,Cl,23.029726,0.24558587,23.249775
JVASP-26348,9,O,81.17606,0.6636496,81.23132
JVASP-39264,0,Fe,49.593594,0.29114306,49.305923
JVASP-39264,1,Re,109.53832,0.021766016,109.54939
JVASP-41398,0,Fe,20.118732,0.03239724,20.097227
JVASP-41398,1,Fe,20.120193,0.0323974,20.11722
JVASP-41398,2,Fe,20.118732,0.032397263,20.100275
JVASP-41398,3,Fe,20.119257,0.032397274,20.097752
JVASP-41398,4,Fe,20.120193,0.03239743,20.11722
JVASP-41398,5,Fe,20.119257,0.03239729,20.1008
JVASP-41398,6,Re,39.771957,0.092474215,39.684925
JVASP-41398,7,Re,39.771957,0.092474185,39.684925
JVASP-4552,0,Al,7.7559013,0.2855114,8.037944
JVASP-4552,1,Sn,110.062515,0.059004284,110.007256
JVASP-14917,0,Al,7.7559013,0.28551129,8.037944
JVASP-14917,1,Sn,110.062515,0.05900432,110.007256
JVASP-18491,0,Sc,0.3506917,1.0729022,0.7244981
JVASP-18491,1,Sc,0.3506917,1.0729029,0.7244987
JVASP-18491,2,N,0.934072,0.17694831,0.7656808
JVASP-18491,3,Cl,29.169748,0.04931741,29.143755
JVASP-18491,4,Cl,29.169748,0.04931745,29.143755
JVASP-5533,0,Sc,0.34170455,1.0715312,0.7320088
JVASP-5533,1,Sc,0.34170455,1.0715309,0.7320086
JVASP-5533,2,N,0.92509055,0.17681552,0.7568711
JVASP-5533,3,Cl,29.190567,0.049314823,29.164564
JVASP-5533,4,Cl,29.190567,0.04931482,29.164564
JVASP-18656,0,Ti,4.4172463,0.1735027,4.25333
JVASP-18656,1,Ti,4.4172463,0.17350277,4.25333
JVASP-18656,2,Cd,43.58867,0.15684803,43.433525
JVASP-18656,3,Cd,43.58867,0.15684803,43.433525
JVASP-18657,0,Ti,3.9732897,0.1689024,3.8178747
JVASP-18657,1,Ti,3.9732897,0.16890225,3.8178747
JVASP-18657,2,Cd,120.46755,0.029743839,120.479095
JVASP-32781,0,Al,37.193653,0.85176444,37.1729
JVASP-32781,1,Al,37.193653,0.8517669,37.265545
JVASP-32781,2,Al,37.193653,0.8517617,37.23832
JVASP-32781,3,Al,37.193653,0.8517619,37.274662
JVASP-32781,4,B,26.977617,0.16898198,27.066282
JVASP-32781,5,B,26.28273,0.08979769,26.26852
JVASP-32781,6,B,26.976986,0.1689813,27.055931
JVASP-32781,7,B,26.977617,0.16898179,27.077652
JVASP-32781,8,B,26.976986,0.16898161,27.070255
JVASP-32781,9,B,26.28273,0.089798026,26.262903
JVASP-32781,10,B,27.846405,0.20304185,27.810564
JVASP-32781,11,B,27.846405,0.20304142,27.80172
JVASP-32781,12,B,27.846405,0.20304139,27.793463
JVASP-32781,13,B,27.846405,0.20304097,27.802025
JVASP-32781,14,B,26.28273,0.089798324,26.25651
JVASP-32781,15,B,26.282894,0.08979988,26.264185
JVASP-32781,16,H,16.194939,0.09749381,16.241179
JVASP-32781,17,H,22.861336,0.031733584,22.873297
JVASP-32781,18,H,16.278389,0.034117516,16.26381
JVASP-32781,19,H,16.20472,0.02357871,16.218687
JVASP-32781,20,H,22.725431,0.058793228,22.757666
JVASP-32781,21,H,16.278389,0.034116257,16.26021
JVASP-32781,22,H,16.450712,0.039548807,16.442265
JVASP-32781,23,H,16.194939,0.097491674,16.211502
JVASP-32781,24,H,16.450712,0.03954947,16.44765
JVASP-32781,25,H,22.457869,0.042581577,22.456875
JVASP-32781,26,H,22.726175,0.058786932,22.75755
JVASP-32781,27,H,22.76928,0.11878975,22.785727
JVASP-32781,28,H,23.242374,0.034296382,23.271284
JVASP-32781,29,H,22.861336,0.03173201,22.875486
JVASP-32781,30,H,22.76646,0.045132868,22.783575
JVASP-32781,31,H,22.769897,0.11878683,22.781618
JVASP-32781,32,H,22.76646,0.045132987,22.77263
JVASP-32781,33,H,22.769897,0.11878327,22.798225
JVASP-32781,34,H,22.457869,0.042581655,22.466541
JVASP-32781,35,H,22.457869,0.042581555,22.461143
JVASP-32781,36,H,22.861336,0.031733707,22.87791
JVASP-32781,37,H,22.725431,0.05879322,22.75182
JVASP-32781,38,H,16.202887,0.02357871,16.209824
JVASP-32781,39,H,22.76646,0.045132812,22.776804
JVASP-32781,40,H,16.450571,0.039548762,16.442228
JVASP-32781,41,H,15.995155,0.009339472,15.994342
JVASP-32781,42,H,15.995155,0.009339668,15.995434
JVASP-32781,43,H,22.76646,0.045131225,22.77857
JVASP-32781,44,H,22.76928,0.118789144,22.800156
JVASP-32781,45,H,23.242374,0.034296483,23.269802
JVASP-32781,46,H,16.278389,0.034116417,16.256586
JVASP-32781,47,H,23.242374,0.03429628,23.27599
JVASP-32781,48,H,23.242374,0.034297053,23.274439
JVASP-32781,49,H,16.202887,0.023577945,16.215914
JVASP-32781,50,H,22.457869,0.042581502,22.451225
JVASP-32781,51,H,22.725431,0.05879355,22.752316
JVASP-32781,52,H,15.995155,0.009339739,15.997033
JVASP-32781,53,H,16.194563,0.0974945,16.238825
JVASP-32781,54,H,16.450571,0.03954899,16.445423
JVASP-32781,55,H,16.194563,0.09749541,16.208996
JVASP-32781,56,H,15.911053,0.048608754,15.945118
JVASP-32781,57,H,15.911053,0.0486087,15.937194
JVASP-32781,58,H,16.202887,0.023578025,16.222849
JVASP-32781,59,H,15.911053,0.048608813,15.943431
JVASP-32781,60,H,16.278389,0.034117714,16.260294
JVASP-32781,61,H,22.861336,0.031733364,22.875055
JVASP-32781,62,H,15.911053,0.048609417,15.93856
JVASP-32781,63,H,15.995155,0.009339858,15.998044
JVASP-67821,0,Y,101.20475,0.104985766,101.30906
JVASP-67821,1,Be,7.9036527,0.22286597,7.977155
JVASP-67821,2,Be,7.9036527,0.22286567,7.925087
JVASP-67821,3,Te,252.93675,0.14121264,252.79654
JVASP-65172,0,Be,5.246814,0.51923597,4.731656
JVASP-65172,1,P,25.700045,0.052650053,25.746016
JVASP-65172,2,Rh,72.43549,0.21116416,72.3744
JVASP-19802,0,Co,56.009624,0.013859128,56.011475
JVASP-19802,1,Co,14.409123,0.12863256,14.536383
JVASP-19802,2,Co,14.409123,0.12863268,14.536383
JVASP-19802,3,Co,56.009624,0.013859126,56.011475
JVASP-19802,4,Ge,93.07816,0.084225394,92.99455
JVASP-19802,5,Ge,93.07816,0.08422534,92.99455
JVASP-13843,0,Co,56.009624,0.013859135,56.011475
JVASP-13843,1,Co,14.409123,0.12863278,14.536383
JVASP-13843,2,Co,14.409123,0.12863262,14.536383
JVASP-13843,3,Co,56.009624,0.013859119,56.011475
JVASP-13843,4,Ge,93.07816,0.084225416,92.99455
JVASP-13843,5,Ge,93.07816,0.08422543,92.99455
JVASP-16312,0,Co,7.9461446,0.12535474,7.943838
JVASP-16312,1,Co,7.9461446,0.12535453,7.9385552
JVASP-16312,2,Co,7.9461446,0.12535468,7.953337
JVASP-16312,3,Co,7.9461446,0.12535457,7.9527926
JVASP-16312,4,Ge,102.44256,0.0671796,102.45482
JVASP-16312,5,Ge,102.44256,0.06717958,102.43065
JVASP-16312,6,Ge,102.44256,0.0671796,102.44322
JVASP-16312,7,Ge,102.44256,0.06717958,102.441635
JVASP-42062,0,Pa,0.0,0.7227347,0.7227347
JVASP-42062,1,Ge,196.7365,0.054384865,196.70569
JVASP-42062,2,Ge,196.7365,0.05438506,196.71603
JVASP-42062,3,Ge,196.7365,0.054385003,196.78778
JVASP-50826,0,B,40.836983,0.1618405,40.756046
JVASP-50826,1,B,40.836983,0.16184066,40.756046
JVASP-50826,2,Sb,355.27225,0.07307433,355.25363
JVASP-50826,3,Sb,355.27225,0.07307437,355.25363
JVASP-50826,4,O,120.70099,0.7888181,121.2405
JVASP-50826,5,O,84.04872,0.27816096,84.06249
JVASP-50826,6,O,109.72803,0.68985254,109.394844
JVASP-50826,7,O,109.72803,0.6898521,109.394844
JVASP-50826,8,O,84.04872,0.27816102,84.06249
JVASP-50826,9,O,120.70099,0.7888183,121.2405
JVASP-28373,0,Au,428.0461,15.849263,425.22427
JVASP-28373,1,Au,428.0461,15.849257,425.20688
JVASP-28373,2,N,77.19091,0.043559577,77.16351
JVASP-28373,3,N,77.19091,0.043559574,77.16351
JVASP-28373,4,N,77.19091,0.043559555,77.16317
JVASP-28373,5,N,77.19091,0.043559514,77.16317
JVASP-36203,0,Au,0.0,14.641096,14.641096
JVASP-36203,1,N,0.0,0.04373463,0.04373463
JVASP-36208,0,Au,0.0,24.021791,24.021791
JVASP-36208,1,N,0.0,0.08134521,0.08134521
JVASP-12185,0,Sb,66.79948,0.08662383,66.780495
JVASP-12185,1,Sb,66.799286,0.08662383,66.83442
JVASP-12185,2,Sb,66.79948,0.08662381,66.78275
JVASP-12185,3,Sb,66.79948,0.08662386,66.780495
JVASP-12185,4,Sb,66.799286,0.086623825,66.83442
JVASP-12185,5,Sb,66.79948,0.08662385,66.78275
JVASP-12185,6,Pb,59.415638,1.5361488,60.942272
JVASP-12185,7,Pb,59.415638,1.5361484,60.942272
JVASP-39375,0,Lu,36.38983,2.1919749,34.440228
JVASP-39375,1,Lu,36.38983,2.1918263,34.440365
JVASP-39375,2,Ge,167.34169,0.57816124,167.6375
JVASP-39375,3,Ge,167.34169,0.5781655,167.6375
JVASP-39375,4,Ge,149.58301,0.078627594,149.58484
JVASP-39375,5,Ge,149.58301,0.07862035,149.58485
JVASP-39093,0,Si,0.34619454,0.07022058,0.27714935
JVASP-39093,1,Si,0.34619454,0.070220545,0.2771494
JVASP-39093,2,Tc,38.85555,0.3106901,39.083557
JVASP-39093,3,Tc,38.85555,0.3106902,39.083622
JVASP-39093,4,Tc,38.85326,0.31068993,39.07263
JVASP-39093,5,Tc,38.85555,0.3106903,39.083557
JVASP-39093,6,Tc,38.85555,0.31069013,39.083622
JVASP-39093,7,Tc,38.85326,0.31068987,39.07263
JVASP-18749,0,Mo,55.05396,0.09883559,55.11922
JVASP-18749,1,U,149.32787,0.102955796,149.40808
JVASP-18749,2,U,149.32787,0.10295576,149.40808
JVASP-67822,0,Be,7.452166,2.2536786,9.697533
JVASP-67822,1,K,84.700905,8.993088,75.71754
JVASP-67822,2,Tc,162.57019,60.408543,102.21436
JVASP-68206,0,K,81.27897,4.4361596,76.85378
JVASP-68206,1,Be,3.6301436,1.6283466,5.252976
JVASP-68206,2,Tc,21.931913,12.562241,9.562487
JVASP-68206,3,Tc,58.346848,0.15442194,58.320633
JVASP-18399,0,H,0.00244949,0.03492009,0.036018413
JVASP-18399,1,Pd,0.0,0.01132774,0.01132774
JVASP-14993,0,As,0.00081649655,0.068422966,0.06885575
JVASP-14993,1,Tb,0.013114877,0.23995693,0.24027765
JVASP-37524,0,Tb,6.471552,0.054559197,6.4700723
JVASP-37524,1,Tb,6.471552,0.05455919,6.4700723
JVASP-37524,2,As,218.31213,6.786342,215.19083
JVASP-37524,3,As,218.31238,6.786415,215.47368
JVASP-37524,4,As,218.31238,6.7864137,215.49626
JVASP-37524,5,As,218.31213,6.7863426,215.19083
JVASP-37524,6,As,218.31238,6.7864137,215.47368
JVASP-37524,7,As,218.31238,6.786415,215.49626
JVASP-76981,0,Sc,55.843086,0.4110752,55.434753
JVASP-76981,1,Sc,55.843086,0.4110752,55.434753
JVASP-76981,2,Sc,55.843086,0.41107526,55.434753
JVASP-76981,3,Sc,55.843086,0.4110752,55.434753
JVASP-76981,4,Ir,317.9043,11.74029,306.3341
JVASP-76981,5,Ir,317.9043,11.740284,306.3341
JVASP-76981,6,Pt,387.28976,74.88126,313.4884
JVASP-76981,7,Pt,387.28976,74.88128,313.4884
JVASP-17330,0,Li,0.29167446,0.42264882,0.3386634
JVASP-17330,1,Li,0.29167446,0.42264876,0.32237086
JVASP-17330,2,Li,0.2932928,0.42264226,0.39719805
JVASP-17330,3,Ho,160.2328,0.23574083,160.28403
JVASP-17330,4,Ho,160.2426,0.23574135,160.30408
JVASP-17330,5,Ho,160.2426,0.23574136,160.30429
JVASP-17330,6,Ge,20.801476,1.1203845,19.690577
JVASP-17330,7,Ge,20.801476,1.1203843,19.690577
JVASP-17330,8,Ge,56.862457,7.7579846,64.57661
JVASP-29753,0,B,37.193054,0.1823339,37.372135
JVASP-29753,1,B,41.208584,0.20052597,41.01192
JVASP-29753,2,B,37.193054,0.18233377,37.372135
JVASP-29753,3,B,41.208584,0.20052591,41.01192
JVASP-29753,4,O,151.43112,0.18998876,151.61874
JVASP-29753,5,O,151.43112,0.18998876,151.61874
JVASP-57876,0,B,16.063179,0.2116515,16.238432
JVASP-57876,1,B,16.063179,0.21165158,16.237473
JVASP-57876,2,B,16.063995,0.21165147,16.104809
JVASP-57876,3,B,16.063995,0.21165153,16.108887
JVASP-57876,4,O,136.68164,0.29803005,136.87244
JVASP-57876,5,O,136.68164,0.29803014,136.87315
JVASP-57876,6,O,164.71017,0.7623153,164.12326
JVASP-57876,7,O,164.71017,0.76231515,164.08125
JVASP-57876,8,O,164.70953,0.76231515,164.75514
JVASP-57876,9,O,164.70953,0.7623153,164.75346
JVASP-29551,0,Hg,471.9254,0.067286864,471.95877
JVASP-29551,1,Hg,471.92535,0.06728408,471.93607
JVASP-29551,2,Hg,471.9254,0.06728256,471.94504
JVASP-29551,3,Hg,471.92554,0.0672883,471.92786
JVASP-29551,4,Hg,471.92535,0.0672885,471.96835
JVASP-29551,5,Hg,471.92554,0.06728395,471.97388
JVASP-29551,6,As,131.32205,0.100570686,131.42116
JVASP-29551,7,As,131.32205,0.10057095,131.42116
JVASP-29551,8,Se,270.72284,0.050238747,270.7398
JVASP-29551,9,Se,99.989395,0.07997025,100.066666
JVASP-29551,10,Se,270.72382,0.050236285,270.74112
JVASP-29551,11,Se,270.72284,0.050236136,270.7184
JVASP-29551,12,Se,270.72382,0.050236247,270.75537
JVASP-29551,13,Se,270.72382,0.050238855,270.74963
JVASP-29551,14,Se,99.989395,0.07997154,100.066666
JVASP-29551,15,Se,270.72382,0.050238904,270.72546
JVASP-29551,16,Br,0.475201,0.087160975,0.39265338
JVASP-29551,17,Br,0.475201,0.087162405,0.39265195
JVASP-18503,0,C,7.666537,0.02565609,7.6859846
JVASP-18503,1,C,7.666537,0.025656084,7.6859846
JVASP-18503,2,Si,11.201589,0.040413197,11.229289
JVASP-18503,3,Si,11.201589,0.04041321,11.229289
JVASP-18503,4,U,607.6185,0.066447996,607.6526
JVASP-18503,5,U,607.6185,0.06644794,607.6526
JVASP-18503,6,U,757.63745,0.0555011,757.5892
JVASP-5587,0,C,7.656204,0.025744874,7.675804
JVASP-5587,1,C,7.656204,0.025744906,7.675804
JVASP-5587,2,Si,11.175821,0.040569626,11.203677
JVASP-5587,3,Si,11.175821,0.040569678,11.203677
JVASP-5587,4,U,607.36066,0.06647834,607.39465
JVASP-5587,5,U,607.36066,0.066478364,607.39465
JVASP-5587,6,U,756.83344,0.05582534,756.7847
JVASP-17641,0,Ca,15.562425,0.054975517,15.603619
JVASP-17641,1,Ca,15.562425,0.054975536,15.603619
JVASP-17641,2,Mn,15.264403,0.048907585,15.241489
JVASP-17641,3,Mn,15.264403,0.048907593,15.241489
JVASP-17641,4,Ge,21.805359,0.34369352,22.140877
JVASP-17641,5,Ge,21.805359,0.3436933,22.140877
JVASP-17516,0,Ca,22.945902,8.762853,18.123331
JVASP-17516,1,Mn,27.023476,9.506704,21.270807
JVASP-17516,2,Mn,27.023476,9.506706,21.270805
JVASP-17516,3,Ge,102.65185,77.851845,73.55897
JVASP-17516,4,Ge,102.65185,77.85184,73.55897
JVASP-25381,0,Ho,17.74656,1.4233164,16.325924
JVASP-25381,1,Ho,10.264596,1.4233141,8.844105
JVASP-25381,2,Ho,17.74656,1.4233165,16.325924
JVASP-25381,3,Ho,10.264596,1.4233186,8.8441
JVASP-15779,0,Ho,0.0076157735,0.23348485,0.23839371
JVASP-16340,0,Ho,0.01113553,1.3786596,1.3698237
JVASP-14624,0,Ho,66.16194,2.5734227,63.60113
JVASP-14624,1,Ho,66.16194,2.5734203,63.601135
JVASP-7666,0,Ho,29.788244,1.8252146,27.967064
JVASP-7666,1,Ho,33.50167,1.5603404,31.94429
JVASP-7666,2,Ho,33.50167,1.5603408,31.94429
JVASP-7666,3,Ho,29.788244,1.8248167,27.967459
JVASP-7666,4,Ho,33.50167,1.559864,31.944765
JVASP-7666,5,Ho,33.50167,1.5603299,31.9443
JVASP-7666,6,Ho,29.788244,1.8248161,27.96746
JVASP-7666,7,Ho,33.50167,1.5603305,31.944298
JVASP-7666,8,Ho,33.50167,1.5598645,31.944763
JVASP-78413,0,Ho,69.89578,2.5640123,67.34421
JVASP-78413,1,Ho,69.89578,2.5640123,67.34421
JVASP-78498,0,Ho,30.110353,1.833471,28.280947
JVASP-78498,1,Ho,32.692116,1.5536094,31.141449
JVASP-78498,2,Ho,32.692116,1.5536093,31.141449
JVASP-78498,3,Ho,30.110353,1.8339968,28.280424
JVASP-78498,4,Ho,32.692116,1.5534974,31.14156
JVASP-78498,5,Ho,32.692116,1.5535084,31.141548
JVASP-78498,6,Ho,30.110353,1.8339962,28.280424
JVASP-78498,7,Ho,32.692116,1.5535092,31.141546
JVASP-78498,8,Ho,32.692116,1.553498,31.14156
JVASP-808,0,Ho,66.16317,2.573584,63.602192
JVASP-808,1,Ho,66.16317,2.573587,63.602192
JVASP-84785,0,Ho,30.121376,1.3918753,28.732153
JVASP-84785,1,Ho,34.2851,1.1407139,33.14739
JVASP-84785,2,Ho,34.2851,1.1407135,33.14739
JVASP-84785,3,Ho,30.121376,1.3923141,28.731714
JVASP-84785,4,Ho,34.2851,1.140624,33.147476
JVASP-84785,5,Ho,34.2851,1.1406348,33.14747
JVASP-84785,6,Ho,30.121376,1.3923148,28.731714
JVASP-84785,7,Ho,34.2851,1.1406338,33.14747
JVASP-84785,8,Ho,34.2851,1.1406231,33.14748
JVASP-84856,0,Ho,66.33831,2.0547771,64.29033
JVASP-84856,1,Ho,66.33831,2.0547774,64.29033
JVASP-84899,0,Ho,30.055647,5.0599036,25.042215
JVASP-84899,1,Ho,33.47432,4.255255,29.254824
JVASP-84899,2,Ho,33.47432,4.2552533,29.254826
JVASP-84899,3,Ho,30.05524,5.05917,25.042538
JVASP-84899,4,Ho,33.47432,4.2543926,29.255672
JVASP-84899,5,Ho,33.47432,4.255233,29.254845
JVASP-84899,6,Ho,30.05524,5.059171,25.042538
JVASP-84899,7,Ho,33.47432,4.2552304,29.254847
JVASP-84899,8,Ho,33.47432,4.254393,29.255672
JVASP-84955,0,Ho,68.39955,5.751041,62.701546
JVASP-84955,1,Ho,68.39955,5.7510433,62.701546
JVASP-25080,0,Ho,0.0,1.3790779,1.3790779
JVASP-25080,1,Ho,0.0,1.379078,1.379078
JVASP-25080,2,Ho,0.0,1.379077,1.379077
JVASP-25080,3,Ho,0.0,1.3790773,1.3790773
JVASP-25125,0,Ho,29.788244,1.825213,27.967064
JVASP-25125,1,Ho,33.50167,1.5603398,31.94429
JVASP-25125,2,Ho,33.50167,1.5598637,31.944765
JVASP-25125,3,Ho,29.788244,1.8248161,27.96746
JVASP-25125,4,Ho,33.50167,1.5598646,31.944763
JVASP-25125,5,Ho,33.50167,1.5603412,31.94429
JVASP-25125,6,Ho,29.788244,1.8248154,27.96746
JVASP-25125,7,Ho,33.50167,1.5603302,31.944298
JVASP-25125,8,Ho,33.50167,1.5603299,31.9443
JVASP-25325,0,Ho,0.0,0.2334867,0.2334867
JVASP-25325,1,Ho,0.0,0.23348676,0.23348676
JVASP-796,0,Ho,68.88577,3.1850517,65.72164
JVASP-796,1,Ho,68.88577,3.1850517,65.72164
JVASP-15214,0,Zr,15.708986,0.06934976,15.640066
JVASP-15214,1,Zr,15.708986,0.06934976,15.640066
JVASP-15214,2,Ni,30.864798,0.12745696,30.986832
JVASP-15214,3,Ni,30.864798,0.127457,30.986832
JVASP-15214,4,Ni,30.864798,0.12745687,30.986832
JVASP-15214,5,Ni,30.864798,0.12745701,30.986832
JVASP-15214,6,Sb,28.693323,0.015775995,28.706007
JVASP-15214,7,Sb,28.693323,0.015776005,28.706007
JVASP-81154,0,Li,1.5097742,0.05496201,1.5340608
JVASP-81154,1,Li,1.5097742,0.05496201,1.5340608
JVASP-81154,2,Si,44.558395,0.22829105,44.756374
JVASP-81154,3,Si,44.558395,0.22829123,44.756374
JVASP-81154,4,Si,44.558395,0.22829098,44.756374
JVASP-81154,5,Si,44.558395,0.22829108,44.756374
JVASP-81154,6,Ir,626.00555,1.5734762,626.472
JVASP-81154,7,Ir,626.00555,1.5734763,626.472
JVASP-18731,0,Ir,77.81223,0.47660577,77.36273
JVASP-18731,1,Ir,77.81223,0.47660553,77.36273
JVASP-18731,2,Ir,77.81201,0.47659856,77.39439
JVASP-18731,3,Ir,77.81223,0.47660577,77.35662
JVASP-18731,4,Ir,77.81201,0.47659838,77.39439
JVASP-18731,5,Ir,77.81223,0.47660547,77.35662
JVASP-18731,6,W,71.35976,0.08706715,71.27644
JVASP-18731,7,W,71.35976,0.08706732,71.27644
JVASP-18730,0,Ir,101.52928,2.5568376,100.961525
JVASP-18730,1,Ir,101.52928,2.5568373,100.961525
JVASP-18730,2,W,156.34857,0.20959108,156.49347
JVASP-18730,3,W,156.34857,0.209591,156.49347
JVASP-17393,0,Sc,18.768091,0.4857515,18.800354
JVASP-17393,1,Sc,18.768091,0.48575145,18.782303
JVASP-17393,2,Sc,18.77156,0.48574537,18.828289
JVASP-17393,3,P,46.950188,0.6185697,46.333977
JVASP-17393,4,P,46.950188,0.6185696,46.333977
JVASP-17393,5,P,16.75002,0.25305045,16.497952
JVASP-17393,6,Ru,27.422098,0.46893743,26.960173
JVASP-17393,7,Ru,27.422733,0.468937,26.971403
JVASP-17393,8,Ru,27.422733,0.4689366,26.974
JVASP-65652,0,Ba,16.87535,27.107876,10.266869
JVASP-65652,1,Na,6.5956597,0.109505415,6.7006598
JVASP-65652,2,Na,6.499313,0.049409706,6.457401
JVASP-65652,3,Tl,100.22169,0.06613899,100.1711
JVASP-65722,0,Ba,16.667934,27.253511,10.608785
JVASP-65722,1,Na,6.526668,0.109320946,6.630629
JVASP-65722,2,Na,6.5157104,0.04928314,6.473849
JVASP-65722,3,Tl,106.119095,0.06607169,106.070015
JVASP-69005,0,Ba,30.550035,14.852876,45.37813
JVASP-69005,1,Na,2.6429994,0.0841394,2.5678248
JVASP-69005,2,Tl,159.58646,2.6085165,159.54826
JVASP-69005,3,Tl,159.58646,2.6085165,159.90918
JVASP-35017,0,Nd,2.364991,0.04471438,2.399755
JVASP-35017,1,Nd,2.364991,0.044714384,2.399755
JVASP-35017,2,Pb,12.22173,80.078926,92.297
JVASP-35017,3,Pb,12.22173,80.07894,92.29702
JVASP-35017,4,Au,220.40387,265.20648,44.942005
JVASP-35017,5,Au,220.40387,265.20648,44.942005
JVASP-65527,0,Ba,127.88786,18.47753,146.3566
JVASP-65527,1,Br,128.4398,0.7849342,127.66173
JVASP-65527,2,P,146.88284,8.546091,138.33978
JVASP-65527,3,P,146.88284,8.546093,138.33978
JVASP-65746,0,Ba,131.7017,18.653912,150.34683
JVASP-65746,1,P,144.07286,8.470102,135.64548
JVASP-65746,2,P,144.07286,8.470102,135.632
JVASP-65746,3,Br,108.36625,0.78507197,107.588196
JVASP-47091,0,Li,1.8069081,0.117973626,1.7225649
JVASP-47091,1,Mn,76.01665,0.801248,76.73638
JVASP-47091,2,P,0.13063945,0.93610203,1.0632634
JVASP-47091,3,O,113.78943,0.9230498,113.87077
JVASP-47091,4,O,113.78897,0.9230606,113.85913
JVASP-47091,5,O,113.79007,0.9230645,113.97062
JVASP-47091,6,O,113.79006,0.92305326,113.81117
JVASP-47105,0,Li,0.49153295,0.15161265,0.41847163
JVASP-47105,1,Mn,41.327793,1.5488329,42.87358
JVASP-47105,2,P,5.2737517,0.9659872,4.3359737
JVASP-47105,3,O,102.53994,1.0262805,102.46794
JVASP-47105,4,O,102.53938,1.0262903,102.515976
JVASP-47105,5,O,102.53938,1.0262948,102.50024
JVASP-47105,6,O,102.53989,1.0262847,102.44733
JVASP-16228,0,B,0.96652365,0.034337588,0.98281693
JVASP-16228,1,B,0.96652365,0.03433756,0.9828169
JVASP-16228,2,V,17.93704,0.103922576,18.007023
JVASP-16228,3,V,17.93704,0.103922576,18.007023
JVASP-19730,0,V,17.219913,0.04048727,17.25972
JVASP-19730,1,B,7.141896,0.04630669,7.0969033
JVASP-19730,2,B,7.141896,0.04630675,7.0969033
JVASP-20390,0,V,28.076052,0.01690604,28.064348
JVASP-20390,1,V,28.076052,0.016906003,28.064348
JVASP-20390,2,V,2.886156,0.040251154,2.8808606
JVASP-20390,3,V,2.886156,0.04025122,2.8789742
JVASP-20390,4,V,2.886156,0.040251173,2.8789742
JVASP-20390,5,V,2.886156,0.040251136,2.8808606
JVASP-20390,6,B,5.1165447,0.010655287,5.1224203
JVASP-20390,7,B,5.1165447,0.010655268,5.1224427
JVASP-20390,8,B,5.1165447,0.010655252,5.1224427
JVASP-20390,9,B,5.1165447,0.010655228,5.12242
JVASP-22390,0,B,4.401403,0.009340526,4.403602
JVASP-22390,1,B,4.401403,0.009340499,4.403602
JVASP-22390,2,B,5.560231,0.05368882,5.6099443
JVASP-22390,3,B,5.560231,0.053688776,5.609944
JVASP-22390,4,B,7.323416,0.053501844,7.353952
JVASP-22390,5,B,7.3230176,0.053501822,7.353558
JVASP-22390,6,V,9.767355,0.09787472,9.846161
JVASP-22390,7,V,9.767355,0.09787469,9.846161
JVASP-22390,8,V,22.134733,0.018107254,22.148619
JVASP-22390,9,V,22.135242,0.018107222,22.149126
JVASP-1174,0,Ga,0.002,0.064082675,0.06410105
JVASP-1174,1,As,0.0,0.91445225,0.91445225
JVASP-78274,0,Ga,6.6421995,0.40874648,7.0444236
JVASP-78274,1,As,127.01829,1.3630885,125.68341
JVASP-78419,0,Ga,5.952905,0.2715085,6.219987
JVASP-78419,1,As,126.528885,1.9200863,124.619286
JVASP-78766,0,Ga,5.560601,0.27198797,5.825678
JVASP-78766,1,As,118.8374,1.9180118,116.93047
JVASP-8185,0,Ga,4.1261654,0.06603694,4.1459155
JVASP-8185,1,Ga,4.1261654,0.06603695,4.1459155
JVASP-8185,2,As,12.1061945,0.936636,13.041126
JVASP-8185,3,As,12.105378,0.9366358,13.04031
JVASP-66911,0,Be,7.110876,0.54174,6.571223
JVASP-66911,1,Re,311.05786,0.13394919,311.17072
JVASP-66911,2,Ni,9.631393,0.04963244,9.634977
JVASP-15359,0,Sr,16.249914,24.100492,8.0421915
JVASP-15359,1,Sr,16.249914,24.100492,8.0421915
JVASP-15359,2,Ni,13.979238,5.8637986,8.1758375
JVASP-15359,3,Ni,13.979238,5.8637986,8.1758375
JVASP-15359,4,Ni,13.979238,5.8637986,8.1758375
JVASP-15359,5,Ni,13.979238,5.8637977,8.175838
JVASP-15359,6,As,146.21086,60.296787,86.162025
JVASP-15359,7,As,146.21086,60.296787,86.162025
JVASP-15359,8,As,146.21086,60.29679,86.16202
JVASP-15359,9,As,146.21086,60.296787,86.162025
JVASP-38220,0,Nd,0.0,19.057182,19.057182
JVASP-38220,1,Y,10.061687,2.641638,8.94072
JVASP-38220,2,Y,10.061687,2.6416378,9.131971
JVASP-38220,3,Y,10.061687,2.6416383,12.701103
JVASP-38227,0,Nd,21.597967,19.494642,2.188017
JVASP-38227,1,Nd,21.597967,19.494642,2.188017
JVASP-38227,2,Y,8.976563,2.7391865,6.2416115
JVASP-38227,3,Y,8.976563,2.7391865,6.241612
JVASP-38227,4,Y,12.691624,2.6821287,15.371399
JVASP-38227,5,Y,8.976563,2.7391856,6.2416124
JVASP-38227,6,Y,8.976563,2.739186,6.241612
JVASP-38227,7,Y,12.691624,2.6821287,15.371399
JVASP-36674,0,Cd,0.0,0.022877118,0.022877118
JVASP-36674,1,Ni,45.528664,0.049344767,45.506107
JVASP-36674,2,Ni,45.528664,0.0493448,45.574444
JVASP-36674,3,Ni,45.528664,0.049344778,45.50549
JVASP-36674,4,N,0.0,0.06282277,0.06282277
